name,state
NODE_0000000,"[0.02293938131160326, 0.025658187134595497, 0.042558625895897866, 0.018370690591823606, 0.04751689021197809, 0.0211192597548634, 0.021789859886559806, 0.01761572860795132, 0.018076777343554205, 0.01812287294978896, 0.017256715697429426, 0.017845377691377753, 0.017822832238951123, 0.022519341951688157, 0.01876278507692473, 0.055555049160852694, 0.020349687650353807, 0.017845377691377753, 0.017845377691377753, 0.02207467098501041, 0.26300893647142654, 0.01953941212726093, 0.019600161091508438, 0.017727477310032342, 0.01585415337722992, 0.017395775406545064, 0.018745315823192072, 0.017240044839489793, 0.018277993809780776, 0.09344760057720211, 0.017517639642372355]"
NC_063383.1,"[0.02297689019669887, 0.025690054342690276, 0.04259132595115292, 0.018405972764390915, 0.04753849652461027, 0.02115435574010505, 0.021822436013384173, 0.017649433305690965, 0.018111453882414454, 0.018157678104850646, 0.017289686483860808, 0.017879553650248178, 0.01785710584582439, 0.022553410311940556, 0.018791178089965426, 0.055571166796932345, 0.020388739877263275, 0.017879553650248167, 0.017879553650248167, 0.022108147600422682, 0.2620192030291009, 0.019577275135008537, 0.019628362528986813, 0.01776141126875708, 0.015885629103478006, 0.01742935559921065, 0.018781681897741015, 0.0172732478558966, 0.018313253297200696, 0.0934832422244853, 0.017551145277191944]"
NODE_0000002,"[2.0723200854362474e-92, 6.479487204719882e-89, 9.678612196457275e-67, 2.430348061015344e-99, 1.940241922106566e-58, 2.634305141225516e-92, 5.278710978759875e-93, 4.1068818519760816e-99, 3.0436056150329456e-99, 4.505673612832519e-99, 7.791547832047165e-99, 3.5259460667217525e-99, 1.241016579253418e-99, 1.0194583690937494e-92, 1.8253340146386083e-93, 6.073074318053996e-48, 2.6948251284493648e-93, 3.5259460667231562e-99, 3.5259460667211523e-99, 4.605662316178206e-93, 0.9999999999999999, 8.852823615695324e-100, 7.042463280074605e-85, 3.791448147284839e-99, 2.8876391403151445e-98, 8.46668845411984e-97, 1.2138613346436177e-99, 9.259341230860151e-97, 2.356170346184287e-99, 2.9463774897796355e-38, 4.319902938225458e-99]"
hMpxV/Peru/LAM-INS-290/2022|EPI_ISL_16999067|2022-11-23,"[0.0, 0.0, 0.0, 0.0, 0.0, 0.0, 0.0, 0.0, 0.0, 0.0, 0.0, 0.0, 0.0, 0.0, 0.0, 0.0, 0.0, 0.0, 0.0, 0.0, 1.0, 0.0, 0.0, 0.0, 0.0, 0.0, 0.0, 0.0, 0.0, 0.0, 0.0]"
hMpxV/Peru/LIM-INS-292/2022|EPI_ISL_16999095|2022-11-25,"[0.0, 0.0, 0.0, 0.0, 0.0, 0.0, 0.0, 0.0, 0.0, 0.0, 0.0, 0.0, 0.0, 0.0, 0.0, 0.0, 0.0, 0.0, 0.0, 0.0, 1.0, 0.0, 0.0, 0.0, 0.0, 0.0, 0.0, 0.0, 0.0, 0.0, 0.0]"
hMpxV/Peru/LIM-INS-349/2022|EPI_ISL_16999091|2022-12-26,"[0.0, 0.0, 0.0, 0.0, 0.0, 0.0, 0.0, 0.0, 0.0, 0.0, 0.0, 0.0, 0.0, 0.0, 0.0, 0.0, 0.0, 0.0, 0.0, 0.0, 1.0, 0.0, 0.0, 0.0, 0.0, 0.0, 0.0, 0.0, 0.0, 0.0, 0.0]"
hMpxV/USA/CA-CDPH-1000169/2023|EPI_ISL_16997397|2023-01-09,"[0.0, 0.0, 0.0, 0.0, 0.0, 0.0, 0.0, 0.0, 0.0, 0.0, 0.0, 0.0, 0.0, 0.0, 0.0, 0.0, 0.0, 0.0, 0.0, 0.0, 0.0, 0.0, 0.0, 0.0, 0.0, 0.0, 0.0, 0.0, 0.0, 1.0, 0.0]"
hMpxV/Peru/LIM-INS-338/2022|EPI_ISL_16999113|2022-12-19,"[0.0, 0.0, 0.0, 0.0, 0.0, 0.0, 0.0, 0.0, 0.0, 0.0, 0.0, 0.0, 0.0, 0.0, 0.0, 0.0, 0.0, 0.0, 0.0, 0.0, 1.0, 0.0, 0.0, 0.0, 0.0, 0.0, 0.0, 0.0, 0.0, 0.0, 0.0]"
hMpxV/Peru/LIM-INS-357/2022|EPI_ISL_16999116|2022-12-26,"[0.0, 0.0, 0.0, 0.0, 0.0, 0.0, 0.0, 0.0, 0.0, 0.0, 0.0, 0.0, 0.0, 0.0, 0.0, 0.0, 0.0, 0.0, 0.0, 0.0, 1.0, 0.0, 0.0, 0.0, 0.0, 0.0, 0.0, 0.0, 0.0, 0.0, 0.0]"
hMpxV/Peru/LIM-INS-342/2022|EPI_ISL_16999121|2022-12-17,"[0.0, 0.0, 0.0, 0.0, 0.0, 0.0, 0.0, 0.0, 0.0, 0.0, 0.0, 0.0, 0.0, 0.0, 0.0, 0.0, 0.0, 0.0, 0.0, 0.0, 0.9999999999999999, 0.0, 0.0, 0.0, 0.0, 0.0, 0.0, 0.0, 0.0, 0.0, 0.0]"
hMpxV/Peru/LIM-INS-345/2022|EPI_ISL_16999118|2022-12-20,"[0.0, 0.0, 0.0, 0.0, 0.0, 0.0, 0.0, 0.0, 0.0, 0.0, 0.0, 0.0, 0.0, 0.0, 0.0, 0.0, 0.0, 0.0, 0.0, 0.0, 1.0, 0.0, 0.0, 0.0, 0.0, 0.0, 0.0, 0.0, 0.0, 0.0, 0.0]"
hMpxV/Peru/LIM-INS-291/2022|EPI_ISL_16999139|2022-11-22,"[0.0, 0.0, 0.0, 0.0, 0.0, 0.0, 0.0, 0.0, 0.0, 0.0, 0.0, 0.0, 0.0, 0.0, 0.0, 0.0, 0.0, 0.0, 0.0, 0.0, 0.9999999999999999, 0.0, 0.0, 0.0, 0.0, 0.0, 0.0, 0.0, 0.0, 0.0, 0.0]"
hMpxV/Peru/LIM-INS-350/2022|EPI_ISL_16999138|2022-12-26,"[0.0, 0.0, 0.0, 0.0, 0.0, 0.0, 0.0, 0.0, 0.0, 0.0, 0.0, 0.0, 0.0, 0.0, 0.0, 0.0, 0.0, 0.0, 0.0, 0.0, 1.0, 0.0, 0.0, 0.0, 0.0, 0.0, 0.0, 0.0, 0.0, 0.0, 0.0]"
hMpxV/Brazil/RJ-FIOCRUZ-29814/2022|EPI_ISL_17614024|2022-11-24,"[0.0, 0.0, 1.0, 0.0, 0.0, 0.0, 0.0, 0.0, 0.0, 0.0, 0.0, 0.0, 0.0, 0.0, 0.0, 0.0, 0.0, 0.0, 0.0, 0.0, 0.0, 0.0, 0.0, 0.0, 0.0, 0.0, 0.0, 0.0, 0.0, 0.0, 0.0]"
hMpxV/USA/IL-RIPHL-052-0034/2023|EPI_ISL_17821096|2023-05-10,"[0.0, 0.0, 0.0, 0.0, 0.0, 0.0, 0.0, 0.0, 0.0, 0.0, 0.0, 0.0, 0.0, 0.0, 0.0, 0.0, 0.0, 0.0, 0.0, 0.0, 0.0, 0.0, 0.0, 0.0, 0.0, 0.0, 0.0, 0.0, 0.0, 1.0, 0.0]"
hMpxV/Peru/LIM-INS-443/2022|EPI_ISL_19343459|2022-12-26,"[0.0, 0.0, 0.0, 0.0, 0.0, 0.0, 0.0, 0.0, 0.0, 0.0, 0.0, 0.0, 0.0, 0.0, 0.0, 0.0, 0.0, 0.0, 0.0, 0.0, 1.0, 0.0, 0.0, 0.0, 0.0, 0.0, 0.0, 0.0, 0.0, 0.0, 0.0]"
hMpxV/Peru/AYA-INS-427/2023|EPI_ISL_19343467|2023-02-19,"[0.0, 0.0, 0.0, 0.0, 0.0, 0.0, 0.0, 0.0, 0.0, 0.0, 0.0, 0.0, 0.0, 0.0, 0.0, 0.0, 0.0, 0.0, 0.0, 0.0, 1.0, 0.0, 0.0, 0.0, 0.0, 0.0, 0.0, 0.0, 0.0, 0.0, 0.0]"
hMpxV/Peru/LIM-INS-375/2023|EPI_ISL_19343480|2023-01-07,"[0.0, 0.0, 0.0, 0.0, 0.0, 0.0, 0.0, 0.0, 0.0, 0.0, 0.0, 0.0, 0.0, 0.0, 0.0, 0.0, 0.0, 0.0, 0.0, 0.0, 1.0, 0.0, 0.0, 0.0, 0.0, 0.0, 0.0, 0.0, 0.0, 0.0, 0.0]"
hMpxV/Peru/LIM-INS-406/2023|EPI_ISL_19343490|2023-02-01,"[0.0, 0.0, 0.0, 0.0, 0.0, 0.0, 0.0, 0.0, 0.0, 0.0, 0.0, 0.0, 0.0, 0.0, 0.0, 0.0, 0.0, 0.0, 0.0, 0.0, 1.0, 0.0, 0.0, 0.0, 0.0, 0.0, 0.0, 0.0, 0.0, 0.0, 0.0]"
hMpxV/Peru/LIM-INS-364/2023|EPI_ISL_19343503|2023-01-19,"[0.0, 0.0, 0.0, 0.0, 0.0, 0.0, 0.0, 0.0, 0.0, 0.0, 0.0, 0.0, 0.0, 0.0, 0.0, 0.0, 0.0, 0.0, 0.0, 0.0, 1.0, 0.0, 0.0, 0.0, 0.0, 0.0, 0.0, 0.0, 0.0, 0.0, 0.0]"
hMpxV/Peru/LIM-INS-433/2023|EPI_ISL_19343501|2023-01-27,"[0.0, 0.0, 0.0, 0.0, 0.0, 0.0, 0.0, 0.0, 0.0, 0.0, 0.0, 0.0, 0.0, 0.0, 0.0, 0.0, 0.0, 0.0, 0.0, 0.0, 1.0, 0.0, 0.0, 0.0, 0.0, 0.0, 0.0, 0.0, 0.0, 0.0, 0.0]"
hMpxV/Peru/CAL-INS-383/2023|EPI_ISL_19343521|2023-01-10,"[0.0, 0.0, 0.0, 0.0, 0.0, 0.0, 0.0, 0.0, 0.0, 0.0, 0.0, 0.0, 0.0, 0.0, 0.0, 0.0, 0.0, 0.0, 0.0, 0.0, 1.0, 0.0, 0.0, 0.0, 0.0, 0.0, 0.0, 0.0, 0.0, 0.0, 0.0]"
hMpxV/Peru/LIM-INS-416/2023|EPI_ISL_19343572|2023-02-07,"[0.0, 0.0, 0.0, 0.0, 0.0, 0.0, 0.0, 0.0, 0.0, 0.0, 0.0, 0.0, 0.0, 0.0, 0.0, 0.0, 0.0, 0.0, 0.0, 0.0, 1.0, 0.0, 0.0, 0.0, 0.0, 0.0, 0.0, 0.0, 0.0, 0.0, 0.0]"
hMpxV/Peru/LIM-INS-436/2023|EPI_ISL_19343568|2023-02-16,"[0.0, 0.0, 0.0, 0.0, 0.0, 0.0, 0.0, 0.0, 0.0, 0.0, 0.0, 0.0, 0.0, 0.0, 0.0, 0.0, 0.0, 0.0, 0.0, 0.0, 1.0, 0.0, 0.0, 0.0, 0.0, 0.0, 0.0, 0.0, 0.0, 0.0, 0.0]"
hMpxV/Peru/AYA-INS-411/2023|EPI_ISL_19343573|2023-01-31,"[0.0, 0.0, 0.0, 0.0, 0.0, 0.0, 0.0, 0.0, 0.0, 0.0, 0.0, 0.0, 0.0, 0.0, 0.0, 0.0, 0.0, 0.0, 0.0, 0.0, 1.0, 0.0, 0.0, 0.0, 0.0, 0.0, 0.0, 0.0, 0.0, 0.0, 0.0]"
hMpxV/Peru/AYA-INS-412/2023|EPI_ISL_19343574|2023-01-31,"[0.0, 0.0, 0.0, 0.0, 0.0, 0.0, 0.0, 0.0, 0.0, 0.0, 0.0, 0.0, 0.0, 0.0, 0.0, 0.0, 0.0, 0.0, 0.0, 0.0, 1.0, 0.0, 0.0, 0.0, 0.0, 0.0, 0.0, 0.0, 0.0, 0.0, 0.0]"
hMpxV/Peru/ARE-INS-420/2023|EPI_ISL_19343594|2023-02-08,"[0.0, 0.0, 0.0, 0.0, 0.0, 0.0, 0.0, 0.0, 0.0, 0.0, 0.0, 0.0, 0.0, 0.0, 0.0, 0.0, 0.0, 0.0, 0.0, 0.0, 1.0, 0.0, 0.0, 0.0, 0.0, 0.0, 0.0, 0.0, 0.0, 0.0, 0.0]"
hMpxV/Peru/ARE-INS-478/2023|EPI_ISL_19343595|2023-01-31,"[0.0, 0.0, 0.0, 0.0, 0.0, 0.0, 0.0, 0.0, 0.0, 0.0, 0.0, 0.0, 0.0, 0.0, 0.0, 0.0, 0.0, 0.0, 0.0, 0.0, 1.0, 0.0, 0.0, 0.0, 0.0, 0.0, 0.0, 0.0, 0.0, 0.0, 0.0]"
hMpxV/Chile/RM-ISP-132423/2022|EPI_ISL_19345334|2022-11-27,"[0.0, 0.0, 0.0, 0.0, 1.0, 0.0, 0.0, 0.0, 0.0, 0.0, 0.0, 0.0, 0.0, 0.0, 0.0, 0.0, 0.0, 0.0, 0.0, 0.0, 0.0, 0.0, 0.0, 0.0, 0.0, 0.0, 0.0, 0.0, 0.0, 0.0, 0.0]"
hMpxV/Mexico/CMX_InDRE_F5592/2022|EPI_ISL_17672227|2022-12-08,"[0.0, 0.0, 0.0, 0.0, 0.0, 0.0, 0.0, 0.0, 0.0, 0.0, 0.0, 0.0, 0.0, 0.0, 0.0, 1.0, 0.0, 0.0, 0.0, 0.0, 0.0, 0.0, 0.0, 0.0, 0.0, 0.0, 0.0, 0.0, 0.0, 0.0, 0.0]"
hMpxV/Mexico/VER_InDRE_F254/2023|EPI_ISL_17672252|2023-01-31,"[0.0, 0.0, 0.0, 0.0, 0.0, 0.0, 0.0, 0.0, 0.0, 0.0, 0.0, 0.0, 0.0, 0.0, 0.0, 1.0, 0.0, 0.0, 0.0, 0.0, 0.0, 0.0, 0.0, 0.0, 0.0, 0.0, 0.0, 0.0, 0.0, 0.0, 0.0]"
hMpxV/Mexico/YUC_InDRE_F217/2023|EPI_ISL_17672250|2023-01-17,"[0.0, 0.0, 0.0, 0.0, 0.0, 0.0, 0.0, 0.0, 0.0, 0.0, 0.0, 0.0, 0.0, 0.0, 0.0, 1.0, 0.0, 0.0, 0.0, 0.0, 0.0, 0.0, 0.0, 0.0, 0.0, 0.0, 0.0, 0.0, 0.0, 0.0, 0.0]"
hMpxV/USA/CA-LACPHL-MA00474/2022|EPI_ISL_17211328|2022-11-18,"[0.0, 0.0, 0.0, 0.0, 0.0, 0.0, 0.0, 0.0, 0.0, 0.0, 0.0, 0.0, 0.0, 0.0, 0.0, 0.0, 0.0, 0.0, 0.0, 0.0, 0.0, 0.0, 0.0, 0.0, 0.0, 0.0, 0.0, 0.0, 0.0, 1.0, 0.0]"
hMpxV/USA/CA-LACPHL-MA00475/2022|EPI_ISL_17211329|2022-11-22,"[0.0, 0.0, 0.0, 0.0, 0.0, 0.0, 0.0, 0.0, 0.0, 0.0, 0.0, 0.0, 0.0, 0.0, 0.0, 0.0, 0.0, 0.0, 0.0, 0.0, 0.0, 0.0, 0.0, 0.0, 0.0, 0.0, 0.0, 0.0, 0.0, 1.0, 0.0]"
hMpxV/USA/CA-LACPHL-MA00479/2022|EPI_ISL_17211333|2022-12-01,"[0.0, 0.0, 0.0, 0.0, 0.0, 0.0, 0.0, 0.0, 0.0, 0.0, 0.0, 0.0, 0.0, 0.0, 0.0, 0.0, 0.0, 0.0, 0.0, 0.0, 0.0, 0.0, 0.0, 0.0, 0.0, 0.0, 0.0, 0.0, 0.0, 1.0, 0.0]"
hMpxV/Mexico/CHH_InDRE_F390/2023|EPI_ISL_17703605|2023-03-10,"[0.0, 0.0, 0.0, 0.0, 0.0, 0.0, 0.0, 0.0, 0.0, 0.0, 0.0, 0.0, 0.0, 0.0, 0.0, 1.0, 0.0, 0.0, 0.0, 0.0, 0.0, 0.0, 0.0, 0.0, 0.0, 0.0, 0.0, 0.0, 0.0, 0.0, 0.0]"
hMpxV/Mexico/CMX_InDRE_F422/2023|EPI_ISL_17703610|2023-03-22,"[0.0, 0.0, 0.0, 0.0, 0.0, 0.0, 0.0, 0.0, 0.0, 0.0, 0.0, 0.0, 0.0, 0.0, 0.0, 1.0, 0.0, 0.0, 0.0, 0.0, 0.0, 0.0, 0.0, 0.0, 0.0, 0.0, 0.0, 0.0, 0.0, 0.0, 0.0]"
NODE_0000334,"[1.1933970861759295e-05, 9.194784305056322e-06, 8.161790122226496e-05, 4.563222742695294e-06, 0.0011960141466980977, 5.905928675855954e-06, 6.700767349157648e-06, 4.483087278749436e-06, 4.530637887290974e-06, 4.5140362585826455e-06, 4.4304089159173725e-06, 4.513260246848689e-06, 4.3071111936399275e-06, 6.61235392843148e-06, 7.2303503520744505e-06, 6.076620126940975e-05, 9.586063664713598e-06, 4.513260246848124e-06, 4.513260246846428e-06, 6.356299783548401e-06, 0.6883192820287537, 4.573074026308069e-06, 1.1481270810367213e-05, 4.497009201845474e-06, 4.536721733632005e-06, 6.506849328305444e-06, 4.039926431932737e-06, 6.401156145261954e-06, 4.340090414048204e-06, 0.3101875874647949, 4.4673552319290364e-06]"
hMpxV/USA/NY-NYCPHL-001178/2022|EPI_ISL_16955305|2022-11-18,"[0.0, 0.0, 0.0, 0.0, 0.0, 0.0, 0.0, 0.0, 0.0, 0.0, 0.0, 0.0, 0.0, 0.0, 0.0, 0.0, 0.0, 0.0, 0.0, 0.0, 0.0, 0.0, 0.0, 0.0, 0.0, 0.0, 0.0, 0.0, 0.0, 0.9999999999999999, 0.0]"
hMpxV/Chile/RM-ISP-7201/2023|EPI_ISL_19345367|2023-01-25,"[0.0, 0.0, 0.0, 0.0, 1.0, 0.0, 0.0, 0.0, 0.0, 0.0, 0.0, 0.0, 0.0, 0.0, 0.0, 0.0, 0.0, 0.0, 0.0, 0.0, 0.0, 0.0, 0.0, 0.0, 0.0, 0.0, 0.0, 0.0, 0.0, 0.0, 0.0]"
NODE_0000348,"[1.931451456893236e-06, 5.9525075911867e-07, 1.2245039075349432e-05, 3.12104074850198e-07, 1.874735031292741e-06, 4.0796091893538283e-07, 4.6438251433941367e-07, 3.1215333671356986e-07, 3.1272373334959924e-07, 3.111508898968641e-07, 3.1109022379904e-07, 3.121152167375791e-07, 2.991477023977005e-07, 4.555967105977032e-07, 7.401221430210769e-07, 1.0041432602829016e-05, 1.226320391561543e-06, 3.121152167375725e-07, 3.12115216737542e-07, 4.385026283706039e-07, 0.0411260739345938, 3.076167391575416e-07, 1.5874170556857924e-06, 3.120698891761619e-07, 4.803794661673827e-07, 6.522414646148453e-07, 2.812403498368126e-07, 6.305007103932287e-07, 2.994714260570496e-07, 0.9588358476009716, 3.120174899342638e-07]"
hMpxV/USA/CA-LACPHL-MA00394/2022|EPI_ISL_16679206|2022-12-23,"[0.0, 0.0, 0.0, 0.0, 0.0, 0.0, 0.0, 0.0, 0.0, 0.0, 0.0, 0.0, 0.0, 0.0, 0.0, 0.0, 0.0, 0.0, 0.0, 0.0, 0.0, 0.0, 0.0, 0.0, 0.0, 0.0, 0.0, 0.0, 0.0, 1.0, 0.0]"
hMpxV/USA/CA-LACPHL-MA00374/2022|EPI_ISL_16679235|2022-11-23,"[0.0, 0.0, 0.0, 0.0, 0.0, 0.0, 0.0, 0.0, 0.0, 0.0, 0.0, 0.0, 0.0, 0.0, 0.0, 0.0, 0.0, 0.0, 0.0, 0.0, 0.0, 0.0, 0.0, 0.0, 0.0, 0.0, 0.0, 0.0, 0.0, 0.9999999999999999, 0.0]"
NODE_0000351,"[3.311305758104839e-09, 8.453063657495739e-10, 1.805427495803773e-08, 5.292117779887463e-10, 2.2937896592004877e-09, 6.453465310328944e-10, 7.009531111743842e-10, 5.292650469113446e-10, 5.295959690234769e-10, 5.276459723545183e-10, 5.283336226147275e-10, 5.296276499623496e-10, 5.054254971038313e-10, 6.817286499419815e-10, 1.1781870815742224e-09, 1.323192385963933e-08, 2.2972249842679404e-09, 5.296276499624743e-10, 5.296276499617287e-10, 6.618332605748054e-10, 2.8056947977895094e-06, 5.203475889438684e-10, 2.5925676086473014e-09, 5.293329688443369e-10, 8.725644696287226e-10, 1.1822422452401039e-09, 4.736188986052282e-10, 1.1397512915809652e-09, 5.074645555413721e-10, 0.999997137318276, 5.288015755183063e-10]"
hMpxV/USA/CA-LACPHL-MA00467/2023|EPI_ISL_16997411|2023-01-26,"[0.0, 0.0, 0.0, 0.0, 0.0, 0.0, 0.0, 0.0, 0.0, 0.0, 0.0, 0.0, 0.0, 0.0, 0.0, 0.0, 0.0, 0.0, 0.0, 0.0, 0.0, 0.0, 0.0, 0.0, 0.0, 0.0, 0.0, 0.0, 0.0, 1.0, 0.0]"
hMpxV/USA/CA-LACPHL-MA00463/2023|EPI_ISL_16997407|2023-01-26,"[0.0, 0.0, 0.0, 0.0, 0.0, 0.0, 0.0, 0.0, 0.0, 0.0, 0.0, 0.0, 0.0, 0.0, 0.0, 0.0, 0.0, 0.0, 0.0, 0.0, 0.0, 0.0, 0.0, 0.0, 0.0, 0.0, 0.0, 0.0, 0.0, 1.0, 0.0]"
NODE_0000433,"[0.00018918880450230952, 0.0003816263406988059, 0.0004074715690835631, 0.00021321663380936473, 0.0008389873644546728, 0.00026907746426547546, 0.000298758572184344, 0.00020529549502499097, 0.00021006500563398707, 0.00020965034373990956, 0.000200689186564242, 0.0002079794166666333, 0.0002796375477684984, 0.8760403670985218, 0.00018817780296414457, 0.0008862457727907598, 0.0396027186335821, 0.0002079794166666325, 0.0002079794166666069, 0.00028245392308837646, 0.0744824905403636, 0.00021908926136208354, 0.0014390159158022028, 0.0002065556320621796, 0.00012174633950655156, 0.00019555433074439752, 0.00018149433720941592, 0.00027677048431101064, 0.0001993404556929575, 0.001146393301761724, 0.00020398359250674484]"
hMpxV/Netherlands/NH-AUMC-0001/2023|EPI_ISL_17502583|2023-01-05,"[0.0, 0.0, 0.0, 0.0, 0.0, 0.0, 0.0, 0.0, 0.0, 0.0, 0.0, 0.0, 0.0, 0.0, 0.0, 0.0, 0.9999999999999999, 0.0, 0.0, 0.0, 0.0, 0.0, 0.0, 0.0, 0.0, 0.0, 0.0, 0.0, 0.0, 0.0, 0.0]"
hMpxV/Ireland/un-NVRL-Z22IRL00794/2022|EPI_ISL_18308395|2022-12-02,"[0.0, 0.0, 0.0, 0.0, 0.0, 0.0, 0.0, 0.0, 0.0, 0.0, 0.0, 0.0, 0.0, 0.9999999999999999, 0.0, 0.0, 0.0, 0.0, 0.0, 0.0, 0.0, 0.0, 0.0, 0.0, 0.0, 0.0, 0.0, 0.0, 0.0, 0.0, 0.0]"
NODE_0000434,"[8.261884070563561e-06, 1.4227672127650373e-05, 3.7083709583665965e-05, 7.83556511640844e-06, 3.364971762940372e-05, 2.6673575888278403e-05, 1.1098739769342537e-05, 7.591746494305639e-06, 7.734762036350526e-06, 7.719945248562776e-06, 7.456074669613939e-06, 7.67648112115363e-06, 7.3694958391645855e-06, 1.1123005796471345e-05, 7.974321510889472e-06, 0.9489864722109687, 8.230343534060984e-06, 7.676481121153926e-06, 7.676481121153823e-06, 1.0673666375825315e-05, 0.05055321141250216, 8.004123867984898e-06, 9.08707561749264e-06, 7.631895080655779e-06, 5.148860092381746e-06, 7.351427435169865e-06, 7.0802065941402115e-06, 7.365715279323683e-06, 7.484145092080875e-06, 0.0001558781321487507, 7.5511262670738106e-06]"
hMpxV/Mexico/HID_InDRE_F5587/2022|EPI_ISL_17703580|2022-12-09,"[0.0, 0.0, 0.0, 0.0, 0.0, 0.0, 0.0, 0.0, 0.0, 0.0, 0.0, 0.0, 0.0, 0.0, 0.0, 1.0, 0.0, 0.0, 0.0, 0.0, 0.0, 0.0, 0.0, 0.0, 0.0, 0.0, 0.0, 0.0, 0.0, 0.0, 0.0]"
hMpxV/Mexico/CMX_InDRE_F420/2023|EPI_ISL_17703609|2023-03-21,"[0.0, 0.0, 0.0, 0.0, 0.0, 0.0, 0.0, 0.0, 0.0, 0.0, 0.0, 0.0, 0.0, 0.0, 0.0, 1.0, 0.0, 0.0, 0.0, 0.0, 0.0, 0.0, 0.0, 0.0, 0.0, 0.0, 0.0, 0.0, 0.0, 0.0, 0.0]"
NODE_0000457,"[5.174108422246326e-09, 1.220257032396614e-08, 4.680283864580753e-08, 5.5915908937154126e-09, 0.9996760116092857, 7.157070925039983e-09, 8.036439406555856e-09, 5.3973445231036244e-09, 5.5173997887264315e-09, 5.488400989932833e-09, 5.280904454304549e-09, 5.461145670402905e-09, 5.156180823927779e-09, 8.031519207911768e-09, 5.171102514209287e-09, 2.523462046942491e-08, 5.731651582507342e-09, 5.461145670403204e-09, 5.461145670403203e-09, 7.59750909289462e-09, 0.00032373985356473785, 5.6960908155201294e-09, 5.987007823934549e-09, 5.427276584655193e-09, 3.139675288847949e-09, 5.136704553028548e-09, 4.809520969173384e-09, 5.163756404923563e-09, 5.244697180469221e-09, 2.261154136645028e-08, 5.366189600950838e-09]"
hMpxV/Chile/RM-ISP-129697/2022|EPI_ISL_19345324|2022-11-18,"[0.0, 0.0, 0.0, 0.0, 1.0, 0.0, 0.0, 0.0, 0.0, 0.0, 0.0, 0.0, 0.0, 0.0, 0.0, 0.0, 0.0, 0.0, 0.0, 0.0, 0.0, 0.0, 0.0, 0.0, 0.0, 0.0, 0.0, 0.0, 0.0, 0.0, 0.0]"
hMpxV/Chile/RM-ISP-129922/2022|EPI_ISL_19345327|2022-11-19,"[0.0, 0.0, 0.0, 0.0, 1.0, 0.0, 0.0, 0.0, 0.0, 0.0, 0.0, 0.0, 0.0, 0.0, 0.0, 0.0, 0.0, 0.0, 0.0, 0.0, 0.0, 0.0, 0.0, 0.0, 0.0, 0.0, 0.0, 0.0, 0.0, 0.0, 0.0]"
NODE_0000464,"[0.0001472538054277564, 0.01718506864057069, 0.000639283262944993, 0.00015490980253756104, 0.1641328409888042, 0.0001975373643853465, 0.00022108185196454918, 0.00014910272704543923, 0.00015251013520369315, 0.00015199658628663157, 0.00014580807929364526, 0.0001511055314661041, 0.00014323640135521142, 0.00022164675105420208, 0.0001458984769088756, 0.0007043811722425136, 0.0001595089010114023, 0.0001511055314660982, 0.00015110553146610006, 0.00021026989724537944, 0.812792323529462, 0.00015857796077344054, 0.00016637485818101773, 0.0001500499973305622, 9.021777234492835e-05, 0.00014211278573657746, 0.00013460188623976786, 0.0001426511329378938, 0.00014573229315003594, 0.0006135672769616073, 0.00014813906820210958]"
hMpxV/Chile/RM-ISP-135494/2022|EPI_ISL_19345347|2022-12-09,"[0.0, 0.0, 0.0, 0.0, 1.0, 0.0, 0.0, 0.0, 0.0, 0.0, 0.0, 0.0, 0.0, 0.0, 0.0, 0.0, 0.0, 0.0, 0.0, 0.0, 0.0, 0.0, 0.0, 0.0, 0.0, 0.0, 0.0, 0.0, 0.0, 0.0, 0.0]"
hMpxV/Belgium/ITM-19012023A/2023|EPI_ISL_17261491|2023-01-19,"[0.0, 1.0, 0.0, 0.0, 0.0, 0.0, 0.0, 0.0, 0.0, 0.0, 0.0, 0.0, 0.0, 0.0, 0.0, 0.0, 0.0, 0.0, 0.0, 0.0, 0.0, 0.0, 0.0, 0.0, 0.0, 0.0, 0.0, 0.0, 0.0, 0.0, 0.0]"
NODE_0000319,"[1.2127852085483987e-10, 1.8646524274571416e-11, 1.0785711541380424e-09, 1.0488893058301218e-11, 6.291039096786247e-11, 1.3437553965919473e-11, 1.500927176309632e-11, 1.0663603082876383e-11, 1.0591373477677774e-11, 1.0521534441988195e-11, 1.071018635229391e-11, 1.0604512758107725e-11, 1.0005359367017193e-11, 1.4500843836170499e-11, 3.089033801087665e-11, 6.407713655051418e-10, 7.271997287571256e-11, 1.0604512758110163e-11, 1.0604512758095218e-11, 1.3829534609055647e-11, 9.36013858839727e-07, 1.0065859819410491e-11, 9.084759184275158e-11, 1.0631391746663997e-11, 2.151175702703681e-11, 3.1223202496171757e-11, 9.113405965394883e-12, 2.979842535482516e-11, 9.965833083491313e-12, 0.9999990615849417, 1.0681999491188263e-11]"
hMpxV/USA/CA-CDPH-1000174/2022|EPI_ISL_16930174|2022-12-23,"[0.0, 0.0, 0.0, 0.0, 0.0, 0.0, 0.0, 0.0, 0.0, 0.0, 0.0, 0.0, 0.0, 0.0, 0.0, 0.0, 0.0, 0.0, 0.0, 0.0, 0.0, 0.0, 0.0, 0.0, 0.0, 0.0, 0.0, 0.0, 0.0, 1.0, 0.0]"
hMpxV/USA/CA-CDPH-1M1000229/2023|EPI_ISL_18460505|2023-03-31,"[0.0, 0.0, 0.0, 0.0, 0.0, 0.0, 0.0, 0.0, 0.0, 0.0, 0.0, 0.0, 0.0, 0.0, 0.0, 0.0, 0.0, 0.0, 0.0, 0.0, 0.0, 0.0, 0.0, 0.0, 0.0, 0.0, 0.0, 0.0, 0.0, 1.0, 0.0]"
hMpxV/USA/CA-CDPH-1MPX1000174/2022|EPI_ISL_17206608|2022-12-23,"[0.0, 0.0, 0.0, 0.0, 0.0, 0.0, 0.0, 0.0, 0.0, 0.0, 0.0, 0.0, 0.0, 0.0, 0.0, 0.0, 0.0, 0.0, 0.0, 0.0, 0.0, 0.0, 0.0, 0.0, 0.0, 0.0, 0.0, 0.0, 0.0, 1.0, 0.0]"
NODE_0000333,"[6.378353412657086e-13, 2.093031100340325e-12, 3.294533813609271e-11, 1.7335174352706605e-13, 8.152085037692109e-11, 4.811930088715752e-13, 7.861680161267983e-13, 1.7089760659577885e-13, 1.7243102178295125e-13, 1.721358404734316e-13, 1.6947851603664974e-13, 1.717670844673768e-13, 1.6635987294271663e-13, 7.643759179314454e-13, 6.140963216477152e-13, 2.635253983219916e-10, 2.1577953692440773e-13, 1.7176708446737083e-13, 1.717670844673696e-13, 7.390819167592169e-13, 0.9999999989229582, 1.736337691188532e-13, 9.54910871526175e-13, 1.7130224616211796e-13, 1.2960179346078817e-13, 1.6861149686523565e-13, 1.6710292491259412e-13, 1.69288964089445e-13, 1.680542992149646e-13, 6.889056220037998e-10, 1.7044798215643755e-13]"
hMpxV/Peru/LIM-INS-340/2022|EPI_ISL_16999084|2022-12-20,"[0.0, 0.0, 0.0, 0.0, 0.0, 0.0, 0.0, 0.0, 0.0, 0.0, 0.0, 0.0, 0.0, 0.0, 0.0, 0.0, 0.0, 0.0, 0.0, 0.0, 0.9999999999999999, 0.0, 0.0, 0.0, 0.0, 0.0, 0.0, 0.0, 0.0, 0.0, 0.0]"
hMpxV/Peru/LIM-INS-335/2022|EPI_ISL_16999124|2022-12-02,"[0.0, 0.0, 0.0, 0.0, 0.0, 0.0, 0.0, 0.0, 0.0, 0.0, 0.0, 0.0, 0.0, 0.0, 0.0, 0.0, 0.0, 0.0, 0.0, 0.0, 1.0, 0.0, 0.0, 0.0, 0.0, 0.0, 0.0, 0.0, 0.0, 0.0, 0.0]"
hMpxV/Peru/LIM-INS-330/2022|EPI_ISL_16999111|2022-11-30,"[0.0, 0.0, 0.0, 0.0, 0.0, 0.0, 0.0, 0.0, 0.0, 0.0, 0.0, 0.0, 0.0, 0.0, 0.0, 0.0, 0.0, 0.0, 0.0, 0.0, 1.0, 0.0, 0.0, 0.0, 0.0, 0.0, 0.0, 0.0, 0.0, 0.0, 0.0]"
NODE_0000347,"[4.125700844953182e-06, 2.5242858676456684e-06, 0.6915008885796365, 1.2558983206968406e-06, 0.2566968111129264, 1.6149628578978776e-06, 2.08430374885281e-06, 1.2388407305195345e-06, 1.2494479983811906e-06, 1.2453211073935588e-06, 1.2251983009385632e-06, 1.2458654870901102e-06, 1.1579628537260476e-06, 1.7908911279698444e-06, 1.1453686384426082e-06, 1.2590582322119728e-05, 1.274410282482042e-06, 1.2458654870901701e-06, 1.2458654870901491e-06, 1.6844140098656997e-06, 0.051688655539560945, 1.227550262930301e-06, 1.4127404991778519e-05, 1.2419204938339978e-06, 7.219435885840216e-07, 1.195428116734618e-06, 1.03450323006969e-06, 1.2102607358976278e-06, 1.166064373164964e-06, 5.053990724233669e-05, 1.2345993677181437e-06]"
hMpxV/Brazil/RJ-FIOCRUZ-29653/2022|EPI_ISL_16871162|2022-12-11,"[0.0, 0.0, 1.0, 0.0, 0.0, 0.0, 0.0, 0.0, 0.0, 0.0, 0.0, 0.0, 0.0, 0.0, 0.0, 0.0, 0.0, 0.0, 0.0, 0.0, 0.0, 0.0, 0.0, 0.0, 0.0, 0.0, 0.0, 0.0, 0.0, 0.0, 0.0]"
hMpxV/Brazil/RJ-FIOCRUZ-29816/2022|EPI_ISL_17614048|2022-12-11,"[0.0, 0.0, 1.0, 0.0, 0.0, 0.0, 0.0, 0.0, 0.0, 0.0, 0.0, 0.0, 0.0, 0.0, 0.0, 0.0, 0.0, 0.0, 0.0, 0.0, 0.0, 0.0, 0.0, 0.0, 0.0, 0.0, 0.0, 0.0, 0.0, 0.0, 0.0]"
hMpxV/Chile/CO-ISP-131666/2022|EPI_ISL_19345331|2022-11-24,"[0.0, 0.0, 0.0, 0.0, 1.0, 0.0, 0.0, 0.0, 0.0, 0.0, 0.0, 0.0, 0.0, 0.0, 0.0, 0.0, 0.0, 0.0, 0.0, 0.0, 0.0, 0.0, 0.0, 0.0, 0.0, 0.0, 0.0, 0.0, 0.0, 0.0, 0.0]"
NODE_0000371,"[0.00030440479256388484, 0.00011517419815347473, 0.1953710851876706, 6.335783483562433e-05, 0.0005977087870149836, 8.116357207887361e-05, 9.704129169896386e-05, 6.280881509280087e-05, 6.322599669333413e-05, 6.309502460923414e-05, 6.235693431308508e-05, 6.299562259172831e-05, 6.0376832749717564e-05, 9.018542464366236e-05, 9.612923686667009e-05, 0.0010892066022947658, 0.00012595720644591887, 6.299562259172849e-05, 6.299562259172732e-05, 8.635413175037768e-05, 0.5334368291938424, 6.294821652086735e-05, 0.0004757682658778345, 6.288780118124179e-05, 6.55656567029445e-05, 8.84908790263697e-05, 5.724261971291075e-05, 8.727777780394857e-05, 6.075508957491272e-05, 0.26692092096030884, 6.269480219674875e-05]"
hMpxV/USA/CA-LACPHL-MA00410/2023|EPI_ISL_16997460|2023-01-03,"[0.0, 0.0, 0.0, 0.0, 0.0, 0.0, 0.0, 0.0, 0.0, 0.0, 0.0, 0.0, 0.0, 0.0, 0.0, 0.0, 0.0, 0.0, 0.0, 0.0, 0.0, 0.0, 0.0, 0.0, 0.0, 0.0, 0.0, 0.0, 0.0, 0.9999999999999999, 0.0]"
NODE_0000372,"[7.967274478663005e-07, 2.362486598421413e-07, 0.9994884241110246, 1.5512890893605936e-07, 1.9453473547645263e-06, 1.8314982528016988e-07, 2.279358049671366e-07, 1.5366235950028637e-07, 1.5466415335039952e-07, 1.5410669501253286e-07, 1.524485701366595e-07, 1.5422909227241e-07, 1.4644039090201e-07, 1.9535860151846755e-07, 1.6053482983241018e-07, 1.4410302759155629e-06, 2.1124756230063755e-07, 1.542290922724198e-07, 1.5422909227239702e-07, 1.8721064748389598e-07, 0.00037275044441201785, 1.5294700997880063e-07, 2.3227874661724344e-06, 1.5390710879812706e-07, 1.2086951030590269e-07, 1.7659319307364e-07, 1.356482075728401e-07, 1.7640648342707108e-07, 1.4732450920746902e-07, 0.0001283217182123637, 1.5331349829387342e-07]"
hMpxV/Brazil/RJ-FIOCRUZ-29820/2022|EPI_ISL_17614032|2022-12-27,"[0.0, 0.0, 1.0, 0.0, 0.0, 0.0, 0.0, 0.0, 0.0, 0.0, 0.0, 0.0, 0.0, 0.0, 0.0, 0.0, 0.0, 0.0, 0.0, 0.0, 0.0, 0.0, 0.0, 0.0, 0.0, 0.0, 0.0, 0.0, 0.0, 0.0, 0.0]"
hMpxV/Brazil/RJ-FIOCRUZ-3014/2023|EPI_ISL_17485343|2023-01-02,"[0.0, 0.0, 1.0, 0.0, 0.0, 0.0, 0.0, 0.0, 0.0, 0.0, 0.0, 0.0, 0.0, 0.0, 0.0, 0.0, 0.0, 0.0, 0.0, 0.0, 0.0, 0.0, 0.0, 0.0, 0.0, 0.0, 0.0, 0.0, 0.0, 0.0, 0.0]"
NODE_0000390,"[1.7465516750612085e-05, 0.9965373016164888, 3.359103462187453e-05, 2.0198090651990453e-05, 7.74572572710201e-05, 2.453327390753483e-05, 2.6428707683490122e-05, 1.939132651532781e-05, 1.9872548992664695e-05, 1.9808739303029268e-05, 1.894945715040841e-05, 1.9664387860665586e-05, 1.8540065553861505e-05, 2.6529768877804652e-05, 1.675980040555954e-05, 6.964329611531513e-05, 2.0980362510144403e-05, 1.9664387860664017e-05, 1.9664387860664396e-05, 2.5086385345193942e-05, 0.002733931641296437, 2.0722870262327797e-05, 1.9209986776159945e-05, 1.9520001295145363e-05, 1.1447020197812433e-05, 1.8594955201937863e-05, 1.742815943692658e-05, 1.866444032556771e-05, 1.8950357969803742e-05, 5.074050490651689e-05, 1.925965060475619e-05]"
hMpxV/Belgium/ITM-02022023G/2023|EPI_ISL_17260709|2023-02-02,"[0.0, 1.0, 0.0, 0.0, 0.0, 0.0, 0.0, 0.0, 0.0, 0.0, 0.0, 0.0, 0.0, 0.0, 0.0, 0.0, 0.0, 0.0, 0.0, 0.0, 0.0, 0.0, 0.0, 0.0, 0.0, 0.0, 0.0, 0.0, 0.0, 0.0, 0.0]"
NODE_0000391,"[1.189939829495928e-09, 0.9999998030735763, 1.6591484386439353e-09, 1.880336154159726e-09, 4.841038334314137e-09, 2.0726684153060036e-09, 2.1457440280890424e-09, 1.7997443128893626e-09, 1.848234473592795e-09, 1.8371259531605748e-09, 1.7530740742685979e-09, 1.8271766560421307e-09, 1.6856391854234066e-09, 2.1435063490920413e-09, 1.1985005797554323e-09, 3.6543285857704583e-09, 1.8566280523375822e-09, 1.8271766560378465e-09, 1.8271766560391311e-09, 1.9967893776450303e-09, 1.415793019780807e-07, 1.9141909307871796e-09, 1.3653505046933589e-09, 1.8125428991332761e-09, 8.912710275844918e-10, 1.6981319933376113e-09, 1.5135871090614388e-09, 1.711603459844614e-09, 1.7233472466959137e-09, 1.88695010316804e-09, 1.7861703243262132e-09]"
hMpxV/Belgium/ITM-02022023A/2023|EPI_ISL_17261959|2023-02-02,"[0.0, 1.0, 0.0, 0.0, 0.0, 0.0, 0.0, 0.0, 0.0, 0.0, 0.0, 0.0, 0.0, 0.0, 0.0, 0.0, 0.0, 0.0, 0.0, 0.0, 0.0, 0.0, 0.0, 0.0, 0.0, 0.0, 0.0, 0.0, 0.0, 0.0, 0.0]"
hMpxV/Belgium/ITM-26012023A/2023|EPI_ISL_17260600|2023-01-26,"[0.0, 1.0, 0.0, 0.0, 0.0, 0.0, 0.0, 0.0, 0.0, 0.0, 0.0, 0.0, 0.0, 0.0, 0.0, 0.0, 0.0, 0.0, 0.0, 0.0, 0.0, 0.0, 0.0, 0.0, 0.0, 0.0, 0.0, 0.0, 0.0, 0.0, 0.0]"
NODE_0000448,"[5.82955669661335e-09, 1.3261071388816186e-08, 9.871362658837014e-08, 2.2808565250946692e-09, 1.8694081231095325e-07, 4.698527898593929e-09, 6.5559880225700734e-09, 2.227545504032615e-09, 2.260366835463624e-09, 2.2602873136920277e-09, 2.2004538028606926e-09, 2.244942222714366e-09, 2.1963680552047128e-09, 6.504873629112048e-09, 5.283170860105069e-09, 4.3114672462152543e-07, 2.7404024943601694e-09, 2.244942222714286e-09, 2.244942222714286e-09, 6.320290582951088e-09, 0.9999982121881773, 2.3315044083641412e-09, 7.207841862179792e-09, 2.2358506393487076e-09, 1.7957546999128435e-09, 2.202827874481285e-09, 2.244549749662918e-09, 2.2018041140199347e-09, 2.231626035145566e-09, 9.749848977081678e-07, 2.219415863229981e-09]"
hMpxV/Peru/LIM-INS-429/2023|EPI_ISL_19343466|2023-01-21,"[0.0, 0.0, 0.0, 0.0, 0.0, 0.0, 0.0, 0.0, 0.0, 0.0, 0.0, 0.0, 0.0, 0.0, 0.0, 0.0, 0.0, 0.0, 0.0, 0.0, 0.9999999999999999, 0.0, 0.0, 0.0, 0.0, 0.0, 0.0, 0.0, 0.0, 0.0, 0.0]"
NODE_0000449,"[5.186839474327276e-11, 1.3007413553105697e-10, 1.0490454391707586e-09, 1.9014840569427573e-11, 2.116202402169495e-09, 4.1655634594292876e-11, 6.09363629642446e-11, 1.8605455815140777e-11, 1.885959838135357e-11, 1.8829796318934177e-11, 1.8371237509017588e-11, 1.8738449782862516e-11, 1.832098294834085e-11, 6.030545387910013e-11, 4.925582774852861e-11, 5.039846703301329e-09, 2.2493131710812223e-11, 1.8738449782860978e-11, 1.8738449782860415e-11, 5.847917066130236e-11, 0.9999999796833234, 1.935542528736733e-11, 6.750652620706995e-11, 1.8668963572760682e-11, 1.4556466356235426e-11, 1.818373545401109e-11, 1.8507029681807394e-11, 1.819973573342151e-11, 1.853130555165024e-11, 1.1256244749144916e-08, 1.8542861627989535e-11]"
hMpxV/Peru/LIM-INS-379/2023|EPI_ISL_19343478|2023-01-23,"[0.0, 0.0, 0.0, 0.0, 0.0, 0.0, 0.0, 0.0, 0.0, 0.0, 0.0, 0.0, 0.0, 0.0, 0.0, 0.0, 0.0, 0.0, 0.0, 0.0, 1.0, 0.0, 0.0, 0.0, 0.0, 0.0, 0.0, 0.0, 0.0, 0.0, 0.0]"
hMpxV/Peru/CAL-INS-367/2023|EPI_ISL_19343513|2023-01-20,"[0.0, 0.0, 0.0, 0.0, 0.0, 0.0, 0.0, 0.0, 0.0, 0.0, 0.0, 0.0, 0.0, 0.0, 0.0, 0.0, 0.0, 0.0, 0.0, 0.0, 1.0, 0.0, 0.0, 0.0, 0.0, 0.0, 0.0, 0.0, 0.0, 0.0, 0.0]"
NODE_0000450,"[0.00042171252566295726, 0.000777438107332901, 0.0012776657967567676, 0.0004444828634230604, 0.0017310608147829696, 0.23503162830396782, 0.0006132854518057565, 0.0004288782211899817, 0.00043818003352199365, 0.00043682212139454796, 0.0004201211642162573, 0.00043420027506884583, 0.00041226289350193514, 0.0006143819446148952, 0.00040966402824696744, 0.3732602725044375, 0.00046254155825964415, 0.0004342002750688637, 0.00043420027506885017, 0.0005843833738882468, 0.3740057968355929, 0.0004542552898522136, 0.00047017198469109897, 0.00043138851785003764, 0.0002664652993937078, 0.00041236014806822464, 0.00038997714517425175, 0.0004137879087406324, 0.00041984372736974504, 0.00324226546628629, 0.00042630514477009113]"
hMpxV/Mexico/VER_InDRE_F158/2023|EPI_ISL_17672246|2023-01-23,"[0.0, 0.0, 0.0, 0.0, 0.0, 0.0, 0.0, 0.0, 0.0, 0.0, 0.0, 0.0, 0.0, 0.0, 0.0, 0.9999999999999999, 0.0, 0.0, 0.0, 0.0, 0.0, 0.0, 0.0, 0.0, 0.0, 0.0, 0.0, 0.0, 0.0, 0.0, 0.0]"
NODE_0000451,"[3.6010709654611837e-07, 7.215460743982744e-07, 6.951343859183284e-07, 4.895539396280455e-07, 1.3415496706631232e-06, 0.9997940776306875, 6.033508400985745e-07, 4.7034778030609893e-07, 4.820226533393741e-07, 4.792790669142019e-07, 4.590659603185304e-07, 4.76804976380626e-07, 4.442782463158899e-07, 6.031825879301512e-07, 3.602967769224666e-07, 0.00011805731050471364, 4.907888413799205e-07, 4.768049763809225e-07, 4.768049763806586e-07, 5.658857846882549e-07, 7.294136906603601e-05, 4.984277064439286e-07, 4.126323837019251e-07, 4.733658907942717e-07, 2.503439287218067e-07, 4.4622759083385813e-07, 4.052332740583806e-07, 4.4920304175886263e-07, 4.5320195107713505e-07, 1.0710836617714064e-06, 4.6716567807584535e-07]"
hMpxV/Dominican_Republic/LNSPDD-270/2022|EPI_ISL_17960865|2022-12-28,"[0.0, 0.0, 0.0, 0.0, 0.0, 1.0, 0.0, 0.0, 0.0, 0.0, 0.0, 0.0, 0.0, 0.0, 0.0, 0.0, 0.0, 0.0, 0.0, 0.0, 0.0, 0.0, 0.0, 0.0, 0.0, 0.0, 0.0, 0.0, 0.0, 0.0, 0.0]"
hMpxV/Dominican_Republic/LNSPDD-271/2023|EPI_ISL_17960866|2023-01-04,"[0.0, 0.0, 0.0, 0.0, 0.0, 0.9999999999999999, 0.0, 0.0, 0.0, 0.0, 0.0, 0.0, 0.0, 0.0, 0.0, 0.0, 0.0, 0.0, 0.0, 0.0, 0.0, 0.0, 0.0, 0.0, 0.0, 0.0, 0.0, 0.0, 0.0, 0.0, 0.0]"
NODE_0000455,"[2.1085330106680232e-13, 6.652886591964594e-13, 1.0180866132096695e-11, 5.880099770642053e-14, 2.4586822653149728e-11, 1.5926326675564655e-13, 2.553175921953744e-13, 5.792554174610473e-14, 5.847030148105357e-14, 5.84048271653037e-14, 5.745283014332626e-14, 5.823487718226202e-14, 5.6418072294639435e-14, 2.4850068228747476e-13, 1.9920430275265584e-13, 7.883966834412763e-11, 7.363363474383275e-14, 5.823487718224775e-14, 5.823487718224443e-14, 2.404603758145996e-13, 0.9999999996749849, 5.899546604964238e-14, 3.092642769963869e-13, 5.806964954239982e-14, 4.444655377648875e-14, 5.741554119132304e-14, 5.691977780501499e-14, 5.761546689317222e-14, 5.709049776491805e-14, 2.0807558552558903e-10, 5.776686745955669e-14]"
hMpxV/Peru/LIM-INS-369/2023|EPI_ISL_19343510|2023-01-04,"[0.0, 0.0, 0.0, 0.0, 0.0, 0.0, 0.0, 0.0, 0.0, 0.0, 0.0, 0.0, 0.0, 0.0, 0.0, 0.0, 0.0, 0.0, 0.0, 0.0, 1.0, 0.0, 0.0, 0.0, 0.0, 0.0, 0.0, 0.0, 0.0, 0.0, 0.0]"
hMpxV/Peru/LIM-INS-386/2023|EPI_ISL_19343504|2023-01-06,"[0.0, 0.0, 0.0, 0.0, 0.0, 0.0, 0.0, 0.0, 0.0, 0.0, 0.0, 0.0, 0.0, 0.0, 0.0, 0.0, 0.0, 0.0, 0.0, 0.0, 1.0, 0.0, 0.0, 0.0, 0.0, 0.0, 0.0, 0.0, 0.0, 0.0, 0.0]"
hMpxV/Peru/CAL-INS-370/2023|EPI_ISL_19343517|2023-01-18,"[0.0, 0.0, 0.0, 0.0, 0.0, 0.0, 0.0, 0.0, 0.0, 0.0, 0.0, 0.0, 0.0, 0.0, 0.0, 0.0, 0.0, 0.0, 0.0, 0.0, 1.0, 0.0, 0.0, 0.0, 0.0, 0.0, 0.0, 0.0, 0.0, 0.0, 0.0]"
NODE_0000456,"[7.569465321570964e-11, 1.6447180933976741e-10, 5.908551855433549e-09, 8.995878851433606e-11, 3.716061362340471e-10, 1.1476315690225542e-10, 1.2888500781953447e-10, 8.857243626207889e-11, 9.021632342459963e-11, 2.9148690521149624e-10, 8.682820641199332e-11, 8.86303803772717e-11, 8.309487301704125e-11, 1.8813429503990242e-09, 7.996814728360835e-11, 3.960875582403785e-10, 2.3441489002169646e-09, 8.863038037727261e-11, 8.863038037728745e-11, 3.0406704654699854e-10, 1.5610848185258698e-07, 8.93471003175243e-11, 0.9999998100844663, 8.857102505495977e-11, 1.872660949812488e-08, 8.414084499741046e-11, 7.49280093084862e-11, 8.521486183203486e-11, 8.357619504963909e-11, 1.7205168571726816e-09, 8.851202904873116e-11]"
hMpxV/Portugal/INSA-PT0596/2022|EPI_ISL_18545153|2022-11-29,"[0.0, 0.0, 0.0, 0.0, 0.0, 0.0, 0.0, 0.0, 0.0, 0.0, 0.0, 0.0, 0.0, 0.0, 0.0, 0.0, 0.0, 0.0, 0.0, 0.0, 0.0, 0.0, 1.0, 0.0, 0.0, 0.0, 0.0, 0.0, 0.0, 0.0, 0.0]"
hMpxV/Portugal/INSA-PT0607/2022|EPI_ISL_18545144|2022-12-07,"[0.0, 0.0, 0.0, 0.0, 0.0, 0.0, 0.0, 0.0, 0.0, 0.0, 0.0, 0.0, 0.0, 0.0, 0.0, 0.0, 0.0, 0.0, 0.0, 0.0, 0.0, 0.0, 1.0, 0.0, 0.0, 0.0, 0.0, 0.0, 0.0, 0.0, 0.0]"
hMpxV/Portugal/INSA-PT0598/2022|EPI_ISL_18544953|2022-11-25,"[0.0, 0.0, 0.0, 0.0, 0.0, 0.0, 0.0, 0.0, 0.0, 0.0, 0.0, 0.0, 0.0, 0.0, 0.0, 0.0, 0.0, 0.0, 0.0, 0.0, 0.0, 0.0, 1.0, 0.0, 0.0, 0.0, 0.0, 0.0, 0.0, 0.0, 0.0]"
NODE_0000325,"[3.215530877822274e-09, 7.755470694548326e-09, 6.027347448378888e-08, 1.2105528239378689e-09, 1.1840873455198264e-07, 2.586801123187322e-09, 3.7122454007606878e-09, 1.1835617857980334e-09, 1.2002290582582462e-09, 1.1991651441203444e-09, 1.1689571344315532e-09, 1.1923676670960843e-09, 1.1660143171530292e-09, 3.6773504511939596e-09, 2.996038729107847e-09, 2.7648779491954326e-07, 1.4422148584007245e-09, 1.1923676670960644e-09, 1.1923676670960642e-09, 3.569062931831146e-09, 0.999998875517159, 1.2343468391561105e-09, 4.098886087899176e-09, 1.1877666428045381e-09, 9.379772617833717e-10, 1.1626675582309816e-09, 1.1840999498730899e-09, 1.1630424402962759e-09, 1.1818255483444918e-09, 6.163224983533781e-07, 1.1794280891118457e-09]"
hMpxV/Peru/LAL-INS-281/2022|EPI_ISL_16999073|2022-12-06,"[0.0, 0.0, 0.0, 0.0, 0.0, 0.0, 0.0, 0.0, 0.0, 0.0, 0.0, 0.0, 0.0, 0.0, 0.0, 0.0, 0.0, 0.0, 0.0, 0.0, 1.0, 0.0, 0.0, 0.0, 0.0, 0.0, 0.0, 0.0, 0.0, 0.0, 0.0]"
NODE_0000326,"[1.5530477803314427e-13, 5.14971192461255e-13, 8.169910539291204e-12, 4.191918083443765e-14, 2.0349542476783115e-11, 1.171252379519761e-13, 1.9234021192675693e-13, 4.1334115231669884e-14, 4.170033552196561e-14, 4.16215752886033e-14, 4.098847292091987e-14, 4.154139669717865e-14, 4.0231419687829923e-14, 1.8696087337158737e-13, 1.5030514997527293e-13, 6.598061554467818e-11, 5.208290183891433e-14, 4.1541396697169375e-14, 4.154139669716678e-14, 1.8073406805156816e-13, 0.9999999997308262, 4.1968455339900913e-14, 2.337960307074116e-13, 4.1430548891934325e-14, 3.1241419768976945e-14, 4.072654762194854e-14, 4.035747141750895e-14, 4.08961739255424e-14, 4.062016103823258e-14, 1.72199075942425e-10, 4.1226685578971785e-14]"
hMpxV/Peru/LAL-INS-348/2022|EPI_ISL_16999070|2022-12-23,"[0.0, 0.0, 0.0, 0.0, 0.0, 0.0, 0.0, 0.0, 0.0, 0.0, 0.0, 0.0, 0.0, 0.0, 0.0, 0.0, 0.0, 0.0, 0.0, 0.0, 1.0, 0.0, 0.0, 0.0, 0.0, 0.0, 0.0, 0.0, 0.0, 0.0, 0.0]"
hMpxV/Peru/LAL-INS-333/2022|EPI_ISL_16999069|2022-12-10,"[0.0, 0.0, 0.0, 0.0, 0.0, 0.0, 0.0, 0.0, 0.0, 0.0, 0.0, 0.0, 0.0, 0.0, 0.0, 0.0, 0.0, 0.0, 0.0, 0.0, 1.0, 0.0, 0.0, 0.0, 0.0, 0.0, 0.0, 0.0, 0.0, 0.0, 0.0]"
hMpxV/Peru/LAL-INS-337/2022|EPI_ISL_16999071|2022-12-19,"[0.0, 0.0, 0.0, 0.0, 0.0, 0.0, 0.0, 0.0, 0.0, 0.0, 0.0, 0.0, 0.0, 0.0, 0.0, 0.0, 0.0, 0.0, 0.0, 0.0, 1.0, 0.0, 0.0, 0.0, 0.0, 0.0, 0.0, 0.0, 0.0, 0.0, 0.0]"
NODE_0000452,"[0.00028306445214447613, 0.0001489738861486871, 0.0011852220760600897, 8.585963180980917e-05, 0.0004011286243799409, 0.00010829734935256758, 0.00011868784186306798, 8.449332905411105e-05, 8.555716092650373e-05, 8.537922882456143e-05, 8.35926312034898e-05, 8.483248005528322e-05, 8.303212597701623e-05, 0.00012031354429315148, 0.00014329028750765448, 0.0011657048806845809, 0.0002032933579289379, 8.483248005528261e-05, 8.483248005528108e-05, 0.00011531888780866388, 0.1395795071676533, 8.746951399751062e-05, 0.00023368639899798335, 8.464880421861193e-05, 0.00010387593215479278, 0.0001281946385444354, 8.208015553115463e-05, 0.00012543673799872762, 8.378577755711388e-05, 0.8546512813597974, 8.432677741588689e-05]"
NODE_0000453,"[0.000478315016074257, 0.00023166610857833046, 0.000771850844240957, 0.00023227876622043304, 0.0002571869124449543, 0.00023257593717454804, 0.00022948515013873521, 0.0002269549023698968, 0.00023052932617054127, 0.0002307638388934864, 0.00022347098443959847, 0.00022860567338364601, 0.0002983636828680133, 0.0003928862267498729, 0.00025578528317815607, 0.0005254590000581244, 0.01791745894932659, 0.00022860567338364358, 0.00022860567338363463, 0.00022230037067626595, 0.001318885444701647, 0.0002383810980383873, 0.000878566705574433, 0.00022772214432194917, 0.0002598781854926143, 0.00034007044576425785, 0.00020811452335902888, 0.00044579861649254675, 0.00022248326544225261, 0.9719908143951841, 0.00022613685587515343]"
hMpxV/USA/WA-UW-288850/2024|EPI_ISL_19131278|2024-04-18,"[0.0, 0.0, 0.0, 0.0, 0.0, 0.0, 0.0, 0.0, 0.0, 0.0, 0.0, 0.0, 0.0, 0.0, 0.0, 0.0, 0.0, 0.0, 0.0, 0.0, 0.0, 0.0, 0.0, 0.0, 0.0, 0.0, 0.0, 0.0, 0.0, 1.0, 0.0]"
hMpxV/Netherlands/un-EMC-NL109/2024|EPI_ISL_19356930|2024-07-02,"[0.0, 0.0, 0.0, 0.0, 0.0, 0.0, 0.0, 0.0, 0.0, 0.0, 0.0, 0.0, 0.0, 0.0, 0.0, 0.0, 1.0, 0.0, 0.0, 0.0, 0.0, 0.0, 0.0, 0.0, 0.0, 0.0, 0.0, 0.0, 0.0, 0.0, 0.0]"
NODE_0000454,"[2.057500405326007e-07, 5.027078077661464e-08, 1.2927978296778678e-06, 2.9629806106788116e-08, 1.4842590557936072e-07, 3.71264974351514e-08, 4.084157808159438e-08, 2.9723427916732666e-08, 2.9733106628551777e-08, 2.959788298016055e-08, 2.967867839716037e-08, 2.9688944478732362e-08, 2.8386567467459708e-08, 4.005188575086556e-08, 6.908755147073369e-08, 9.217370634751347e-07, 1.3668511514848813e-07, 2.968894447873235e-08, 2.968894447872861e-08, 3.8427042424479336e-08, 0.00035245406328374346, 2.9078761790066132e-08, 1.5988481154412275e-07, 2.9700155478773182e-08, 4.974650515574947e-08, 6.779244960146158e-08, 2.6542728192489165e-08, 6.536566691299059e-08, 2.840516082871231e-08, 0.9996438126808398, 2.972204380337149e-08]"
hMpxV/USA/CA-CDPH-1M1000245/2023|EPI_ISL_18458964|2023-01-10,"[0.0, 0.0, 0.0, 0.0, 0.0, 0.0, 0.0, 0.0, 0.0, 0.0, 0.0, 0.0, 0.0, 0.0, 0.0, 0.0, 0.0, 0.0, 0.0, 0.0, 0.0, 0.0, 0.0, 0.0, 0.0, 0.0, 0.0, 0.0, 0.0, 1.0, 0.0]"
hMpxV/USA/CA-LACPHL-MA00478/2023|EPI_ISL_17211332|2023-01-08,"[0.0, 0.0, 0.0, 0.0, 0.0, 0.0, 0.0, 0.0, 0.0, 0.0, 0.0, 0.0, 0.0, 0.0, 0.0, 0.0, 0.0, 0.0, 0.0, 0.0, 0.0, 0.0, 0.0, 0.0, 0.0, 0.0, 0.0, 0.0, 0.0, 0.9999999999999999, 0.0]"
NODE_0000349,"[8.456871213167526e-06, 2.816522298592564e-06, 4.58541919145055e-05, 1.6296900695937357e-06, 8.20810822164185e-06, 2.0578644498144183e-06, 2.2605515871920535e-06, 1.622555008079003e-06, 1.63204985625169e-06, 1.626214863589122e-06, 1.6143533551033861e-06, 1.62333228568857e-06, 1.5671779805986498e-06, 2.252219542583572e-06, 3.3016016206156424e-06, 3.747666932991837e-05, 5.642098699949105e-06, 1.62333228568857e-06, 1.6233322856884316e-06, 2.1563063390576442e-06, 0.0094856966193039, 1.6265224001785816e-06, 6.687563989083353e-06, 1.6225941042370194e-06, 2.396252554496302e-06, 3.132270833665025e-06, 1.513824640216752e-06, 3.032216395209699e-06, 1.5774647012043811e-06, 0.9903560480195427, 1.6216083278787936e-06]"
hMpxV/USA/CA-LACPHL-MA00491/2023|EPI_ISL_18161268|2023-04-10,"[0.0, 0.0, 0.0, 0.0, 0.0, 0.0, 0.0, 0.0, 0.0, 0.0, 0.0, 0.0, 0.0, 0.0, 0.0, 0.0, 0.0, 0.0, 0.0, 0.0, 0.0, 0.0, 0.0, 0.0, 0.0, 0.0, 0.0, 0.0, 0.0, 1.0, 0.0]"
NODE_0000350,"[1.5302877503927069e-12, 9.165808262147038e-14, 2.578835309256418e-11, 5.1434102603378415e-14, 3.832120823402542e-13, 6.683404530642593e-14, 7.443841998790086e-14, 5.360318201302532e-14, 5.270345382798872e-14, 5.215815108790047e-14, 5.434847578288335e-14, 5.277333125088816e-14, 4.903608292551859e-14, 7.177198434145966e-14, 2.1022662529302436e-13, 9.626045400861513e-12, 7.753934287500992e-13, 5.277333125089492e-14, 5.277333125083782e-14, 6.633004125987029e-14, 8.213159922444017e-08, 4.775867973648785e-14, 9.938648868403212e-13, 5.317024058502726e-14, 1.5429906224614918e-13, 2.4550571660068607e-13, 4.319126264500311e-14, 2.300076736633276e-13, 4.837100007232928e-14, 0.9999999178273745, 5.39236230256497e-14]"
hMpxV/USA/CA-LACPHL-MA00398/2023|EPI_ISL_16679240|2023-01-03,"[0.0, 0.0, 0.0, 0.0, 0.0, 0.0, 0.0, 0.0, 0.0, 0.0, 0.0, 0.0, 0.0, 0.0, 0.0, 0.0, 0.0, 0.0, 0.0, 0.0, 0.0, 0.0, 0.0, 0.0, 0.0, 0.0, 0.0, 0.0, 0.0, 1.0, 0.0]"
hMpxV/USA/CA-LACPHL-MA00396/2023|EPI_ISL_16679238|2023-01-03,"[0.0, 0.0, 0.0, 0.0, 0.0, 0.0, 0.0, 0.0, 0.0, 0.0, 0.0, 0.0, 0.0, 0.0, 0.0, 0.0, 0.0, 0.0, 0.0, 0.0, 0.0, 0.0, 0.0, 0.0, 0.0, 0.0, 0.0, 0.0, 0.0, 1.0, 0.0]"
hMpxV/USA/CA-LACPHL-MA00514/2023|EPI_ISL_18161291|2023-05-04,"[0.0, 0.0, 0.0, 0.0, 0.0, 0.0, 0.0, 0.0, 0.0, 0.0, 0.0, 0.0, 0.0, 0.0, 0.0, 0.0, 0.0, 0.0, 0.0, 0.0, 0.0, 0.0, 0.0, 0.0, 0.0, 0.0, 0.0, 0.0, 0.0, 1.0, 0.0]"
hMpxV/USA/CA-LACPHL-MA00512/2023|EPI_ISL_18161289|2023-05-04,"[0.0, 0.0, 0.0, 0.0, 0.0, 0.0, 0.0, 0.0, 0.0, 0.0, 0.0, 0.0, 0.0, 0.0, 0.0, 0.0, 0.0, 0.0, 0.0, 0.0, 0.0, 0.0, 0.0, 0.0, 0.0, 0.0, 0.0, 0.0, 0.0, 1.0, 0.0]"
NODE_0000352,"[5.401284379737348e-12, 3.396317399362827e-13, 7.475220303733306e-11, 2.0107486678698262e-13, 1.2513914452720558e-12, 2.534097010226886e-13, 2.8194242663899805e-13, 2.08939628454003e-13, 2.0471826637560693e-13, 2.0284979250941184e-13, 2.1209010258607021e-13, 2.0653522099037907e-13, 1.8996788483987433e-13, 2.6322371313832154e-13, 8.505036957629379e-13, 3.0249241255605795e-11, 3.02265216796577e-12, 2.0653522099039962e-13, 2.0653522099024687e-13, 2.506168499285016e-13, 1.3203901035042422e-07, 1.8509614766907462e-13, 3.743012444959315e-12, 2.0767316458621476e-13, 6.027449453684045e-13, 9.756674027940519e-13, 1.6282938449591238e-13, 9.161819340692322e-13, 1.8741854215998442e-13, 0.9999998678350438, 2.0977305912037683e-13]"
hMpxV/USA/CA-LACPHL-MA00462/2023|EPI_ISL_16997413|2023-01-30,"[0.0, 0.0, 0.0, 0.0, 0.0, 0.0, 0.0, 0.0, 0.0, 0.0, 0.0, 0.0, 0.0, 0.0, 0.0, 0.0, 0.0, 0.0, 0.0, 0.0, 0.0, 0.0, 0.0, 0.0, 0.0, 0.0, 0.0, 0.0, 0.0, 1.0, 0.0]"
hMpxV/USA/CA-LACPHL-MA00409/2023|EPI_ISL_16997443|2023-01-17,"[0.0, 0.0, 0.0, 0.0, 0.0, 0.0, 0.0, 0.0, 0.0, 0.0, 0.0, 0.0, 0.0, 0.0, 0.0, 0.0, 0.0, 0.0, 0.0, 0.0, 0.0, 0.0, 0.0, 0.0, 0.0, 0.0, 0.0, 0.0, 0.0, 0.9999999999999999, 0.0]"
hMpxV/USA/CA-CDPH-11000300/2023|EPI_ISL_18325003|2023-01-30,"[0.0, 0.0, 0.0, 0.0, 0.0, 0.0, 0.0, 0.0, 0.0, 0.0, 0.0, 0.0, 0.0, 0.0, 0.0, 0.0, 0.0, 0.0, 0.0, 0.0, 0.0, 0.0, 0.0, 0.0, 0.0, 0.0, 0.0, 0.0, 0.0, 1.0, 0.0]"
NODE_0000353,"[1.4908822440868066e-10, 1.5171548447990644e-11, 5.457768451605626e-10, 1.5052522560982124e-11, 2.1112465228195624e-11, 1.5176967767686222e-11, 1.529294352239905e-11, 1.5243259820305606e-11, 1.5155347343840196e-11, 1.5049922684488958e-11, 1.5275790191939068e-11, 1.518737126684019e-11, 1.4358220883922602e-11, 1.4812518081345492e-11, 3.566714704540457e-11, 1.8320908559626582e-10, 1.1461895532159009e-10, 1.5187371266843763e-11, 1.518737126682227e-11, 1.4270895973940856e-11, 6.800292828727807e-09, 1.4523971057701381e-11, 9.791198552052991e-11, 1.5211835375433622e-11, 3.380143540874878e-11, 4.8466879259159114e-11, 1.2876016634041319e-11, 4.600142023934869e-11, 1.428074506775183e-11, 0.9999999916414806, 1.5257511434195642e-11]"
hMpxV/USA/CA-LACPHL-MA00471/2023|EPI_ISL_17211325|2023-02-13,"[0.0, 0.0, 0.0, 0.0, 0.0, 0.0, 0.0, 0.0, 0.0, 0.0, 0.0, 0.0, 0.0, 0.0, 0.0, 0.0, 0.0, 0.0, 0.0, 0.0, 0.0, 0.0, 0.0, 0.0, 0.0, 0.0, 0.0, 0.0, 0.0, 1.0, 0.0]"
hMpxV/USA/CA-LACPHL-MA00470/2023|EPI_ISL_17211324|2023-02-13,"[0.0, 0.0, 0.0, 0.0, 0.0, 0.0, 0.0, 0.0, 0.0, 0.0, 0.0, 0.0, 0.0, 0.0, 0.0, 0.0, 0.0, 0.0, 0.0, 0.0, 0.0, 0.0, 0.0, 0.0, 0.0, 0.0, 0.0, 0.0, 0.0, 1.0, 0.0]"
NODE_0000465,"[2.791974047363355e-06, 4.873683159064352e-06, 1.2796010444431806e-05, 2.621789415832092e-06, 1.1706198059056817e-05, 8.96998173698648e-06, 3.7740097083411004e-06, 2.5409313926212763e-06, 2.588483831961349e-06, 2.582763157171121e-06, 2.495218286366903e-06, 2.568961092209394e-06, 2.466444037735861e-06, 3.781511661573533e-06, 2.7144896916110534e-06, 0.9583594397999469, 2.7456193575345128e-06, 2.568961092209714e-06, 2.56896109220971e-06, 3.6276764495236498e-06, 0.0414833823873178, 2.676810525548292e-06, 3.0926761344496624e-06, 2.554211075149724e-06, 1.7154776522065235e-06, 2.455241047115617e-06, 2.3655148166114752e-06, 2.460489150354821e-06, 2.5028890151982814e-06, 5.4043344590657045e-05, 2.5274910143365327e-06]"
hMpxV/Mexico/TLA_InDRE_F448/2023|EPI_ISL_17703611|2023-03-21,"[0.0, 0.0, 0.0, 0.0, 0.0, 0.0, 0.0, 0.0, 0.0, 0.0, 0.0, 0.0, 0.0, 0.0, 0.0, 1.0, 0.0, 0.0, 0.0, 0.0, 0.0, 0.0, 0.0, 0.0, 0.0, 0.0, 0.0, 0.0, 0.0, 0.0, 0.0]"
NODE_0000466,"[3.2819596187830276e-11, 7.489784645106005e-11, 2.5696378414741664e-10, 4.1005033814120314e-11, 1.7212543605765636e-10, 3.611105438881734e-10, 5.872407260155914e-11, 4.006259425751472e-11, 4.06258186511416e-11, 4.03691435489116e-11, 3.9426867891089544e-11, 4.042128193735409e-11, 3.743735348485877e-11, 5.7469450565253105e-11, 3.5246449644880087e-11, 0.9999895425796032, 4.104775484904497e-11, 4.0421281937358586e-11, 4.0421281937360176e-11, 5.409627913039997e-11, 1.0453850015489908e-05, 4.0541400582888926e-11, 4.275877856110195e-11, 4.0225882382224704e-11, 2.109988295960769e-11, 3.8334832766449764e-11, 3.3378942264960253e-11, 3.877275481044163e-11, 3.784596432177594e-11, 1.7328640462362254e-09, 3.986735763276733e-11]"
hMpxV/Mexico/TAM_InDRE_F5537/2022|EPI_ISL_17672224|2022-11-29,"[0.0, 0.0, 0.0, 0.0, 0.0, 0.0, 0.0, 0.0, 0.0, 0.0, 0.0, 0.0, 0.0, 0.0, 0.0, 1.0, 0.0, 0.0, 0.0, 0.0, 0.0, 0.0, 0.0, 0.0, 0.0, 0.0, 0.0, 0.0, 0.0, 0.0, 0.0]"
hMpxV/Mexico/HID_InDRE_F5581/2022|EPI_ISL_17672226|2022-12-07,"[0.0, 0.0, 0.0, 0.0, 0.0, 0.0, 0.0, 0.0, 0.0, 0.0, 0.0, 0.0, 0.0, 0.0, 0.0, 1.0, 0.0, 0.0, 0.0, 0.0, 0.0, 0.0, 0.0, 0.0, 0.0, 0.0, 0.0, 0.0, 0.0, 0.0, 0.0]"
NODE_0000467,"[2.9595955411465932e-08, 4.613044239861832e-08, 7.258555852710566e-08, 4.70428096816415e-08, 4.232248562940782e-08, 2.402634771470451e-07, 4.58353955511858e-08, 4.548312909767327e-08, 4.641411370739123e-08, 4.621306322773179e-08, 4.455554405598549e-08, 4.6022071984013136e-08, 4.347841756441871e-08, 4.6000968327613894e-08, 2.990463102078114e-08, 0.9999948691151035, 4.5694983714327095e-08, 4.60220719840154e-08, 4.602207198401547e-08, 4.369985671957347e-08, 3.501900596807347e-06, 4.7775527106879374e-08, 3.139812145687672e-08, 4.5736210245683317e-08, 2.685886965277751e-08, 4.3456513352322776e-08, 4.002072451885625e-08, 4.367815357126255e-08, 4.41499817341789e-08, 2.0740507697548463e-07, 4.5218073488716817e-08]"
hMpxV/Mexico/HID_InDRE_F152/2023|EPI_ISL_17672244|2023-01-23,"[0.0, 0.0, 0.0, 0.0, 0.0, 0.0, 0.0, 0.0, 0.0, 0.0, 0.0, 0.0, 0.0, 0.0, 0.0, 1.0, 0.0, 0.0, 0.0, 0.0, 0.0, 0.0, 0.0, 0.0, 0.0, 0.0, 0.0, 0.0, 0.0, 0.0, 0.0]"
NODE_0000468,"[5.238121543992814e-09, 8.304832996140068e-09, 1.3175307020106488e-08, 8.503044732066081e-09, 7.502093560816155e-09, 4.570713710909569e-08, 8.270142905409577e-09, 8.227061197534852e-09, 8.394099537205756e-09, 8.352901597240485e-09, 8.060088233484551e-09, 8.321368134864781e-09, 7.844806184063814e-09, 8.28978170219152e-09, 5.326979833971451e-09, 0.9999990782528771, 8.22575863230123e-09, 8.321368134865589e-09, 8.32136813486589e-09, 7.86449593922568e-09, 6.249861657743825e-07, 8.6188894659994e-09, 5.6089511604220134e-09, 8.271226564891129e-09, 4.770741198028264e-09, 7.84913566626546e-09, 7.19191572846541e-09, 7.894617008336466e-09, 7.965427964734087e-09, 3.8158926466870704e-08, 8.1803686234294e-09]"
hMpxV/Mexico/CHP_InDRE_F5684/2022|EPI_ISL_17672231|2022-12-18,"[0.0, 0.0, 0.0, 0.0, 0.0, 0.0, 0.0, 0.0, 0.0, 0.0, 0.0, 0.0, 0.0, 0.0, 0.0, 1.0, 0.0, 0.0, 0.0, 0.0, 0.0, 0.0, 0.0, 0.0, 0.0, 0.0, 0.0, 0.0, 0.0, 0.0, 0.0]"
hMpxV/Mexico/CHP_InDRE_F108/2023|EPI_ISL_17672239|2023-01-11,"[0.0, 0.0, 0.0, 0.0, 0.0, 0.0, 0.0, 0.0, 0.0, 0.0, 0.0, 0.0, 0.0, 0.0, 0.0, 1.0, 0.0, 0.0, 0.0, 0.0, 0.0, 0.0, 0.0, 0.0, 0.0, 0.0, 0.0, 0.0, 0.0, 0.0, 0.0]"
NODE_0000463,"[4.058273847680522e-24, 5.874891783012554e-23, 2.158385815786118e-21, 1.610389534196326e-23, 0.9999999999999941, 2.0595364160379436e-23, 2.3510328916738538e-23, 1.5670875856478777e-23, 1.5902024957173642e-23, 1.5597231212158375e-23, 1.5288893652260693e-23, 1.5892663641778457e-23, 1.262557811068854e-23, 2.1432981223535466e-23, 6.07123571178266e-24, 4.531184378293637e-23, 1.3718341911453582e-23, 1.589266364177812e-23, 1.5892663641780717e-23, 1.8328451899327468e-23, 5.809304874327687e-15, 1.463799456091797e-23, 9.42456146572997e-24, 1.576505576014176e-23, 2.7318667519978973e-24, 1.4033772544812078e-23, 8.436980986255132e-24, 1.4644910663736767e-23, 1.2740229786547444e-23, 6.990006688700871e-24, 1.5527195843923643e-23]"
hMpxV/Chile/VS-ISP-130350/2022|EPI_ISL_19345328|2022-11-19,"[0.0, 0.0, 0.0, 0.0, 0.9999999999999999, 0.0, 0.0, 0.0, 0.0, 0.0, 0.0, 0.0, 0.0, 0.0, 0.0, 0.0, 0.0, 0.0, 0.0, 0.0, 0.0, 0.0, 0.0, 0.0, 0.0, 0.0, 0.0, 0.0, 0.0, 0.0, 0.0]"
hMpxV/Chile/VS-ISP-132267/2022|EPI_ISL_19345333|2022-11-25,"[0.0, 0.0, 0.0, 0.0, 0.9999999999999999, 0.0, 0.0, 0.0, 0.0, 0.0, 0.0, 0.0, 0.0, 0.0, 0.0, 0.0, 0.0, 0.0, 0.0, 0.0, 0.0, 0.0, 0.0, 0.0, 0.0, 0.0, 0.0, 0.0, 0.0, 0.0, 0.0]"
hMpxV/Chile/VS-ISP-133976/2022|EPI_ISL_19345337|2022-12-02,"[0.0, 0.0, 0.0, 0.0, 1.0, 0.0, 0.0, 0.0, 0.0, 0.0, 0.0, 0.0, 0.0, 0.0, 0.0, 0.0, 0.0, 0.0, 0.0, 0.0, 0.0, 0.0, 0.0, 0.0, 0.0, 0.0, 0.0, 0.0, 0.0, 0.0, 0.0]"
hMpxV/Chile/VS-ISP-135200/2022|EPI_ISL_19345345|2022-12-07,"[0.0, 0.0, 0.0, 0.0, 1.0, 0.0, 0.0, 0.0, 0.0, 0.0, 0.0, 0.0, 0.0, 0.0, 0.0, 0.0, 0.0, 0.0, 0.0, 0.0, 0.0, 0.0, 0.0, 0.0, 0.0, 0.0, 0.0, 0.0, 0.0, 0.0, 0.0]"
hMpxV/Chile/VS-ISP-137085/2022|EPI_ISL_19345351|2022-12-14,"[0.0, 0.0, 0.0, 0.0, 1.0, 0.0, 0.0, 0.0, 0.0, 0.0, 0.0, 0.0, 0.0, 0.0, 0.0, 0.0, 0.0, 0.0, 0.0, 0.0, 0.0, 0.0, 0.0, 0.0, 0.0, 0.0, 0.0, 0.0, 0.0, 0.0, 0.0]"
hMpxV/Chile/VS-ISP-140320/2022|EPI_ISL_19345357|2022-12-26,"[0.0, 0.0, 0.0, 0.0, 1.0, 0.0, 0.0, 0.0, 0.0, 0.0, 0.0, 0.0, 0.0, 0.0, 0.0, 0.0, 0.0, 0.0, 0.0, 0.0, 0.0, 0.0, 0.0, 0.0, 0.0, 0.0, 0.0, 0.0, 0.0, 0.0, 0.0]"
hMpxV/Chile/VS-ISP-141144/2022|EPI_ISL_19345359|2022-12-29,"[0.0, 0.0, 0.0, 0.0, 1.0, 0.0, 0.0, 0.0, 0.0, 0.0, 0.0, 0.0, 0.0, 0.0, 0.0, 0.0, 0.0, 0.0, 0.0, 0.0, 0.0, 0.0, 0.0, 0.0, 0.0, 0.0, 0.0, 0.0, 0.0, 0.0, 0.0]"
hMpxV/Chile/VS-ISP-2855/2023|EPI_ISL_19345363|2023-01-10,"[0.0, 0.0, 0.0, 0.0, 1.0, 0.0, 0.0, 0.0, 0.0, 0.0, 0.0, 0.0, 0.0, 0.0, 0.0, 0.0, 0.0, 0.0, 0.0, 0.0, 0.0, 0.0, 0.0, 0.0, 0.0, 0.0, 0.0, 0.0, 0.0, 0.0, 0.0]"
hMpxV/Chile/VS-ISP-134877/2022|EPI_ISL_19345344|2022-12-06,"[0.0, 0.0, 0.0, 0.0, 1.0, 0.0, 0.0, 0.0, 0.0, 0.0, 0.0, 0.0, 0.0, 0.0, 0.0, 0.0, 0.0, 0.0, 0.0, 0.0, 0.0, 0.0, 0.0, 0.0, 0.0, 0.0, 0.0, 0.0, 0.0, 0.0, 0.0]"
NODE_0000416,"[1.1988971409643935e-06, 2.149861377842839e-06, 5.733703563823964e-06, 1.2054212445079393e-06, 4.900430624788885e-06, 4.698105128243891e-06, 1.6901461344851373e-06, 1.169939140924992e-06, 1.1914672876273172e-06, 1.1876125031606017e-06, 1.1494056782630283e-06, 1.1819529621143432e-06, 1.1282115003200966e-06, 1.6882347358028728e-06, 1.1740952531580718e-06, 0.9908713457815204, 1.254292994686916e-06, 1.1819529621143923e-06, 1.1819529621143947e-06, 1.6145706627109368e-06, 0.009056762335796109, 1.2252708544818062e-06, 1.3485375076157894e-06, 1.1755950369210723e-06, 7.580134201873544e-07, 1.1297172400934184e-06, 1.072798000420967e-06, 1.1338778056184312e-06, 1.1458226367592518e-06, 2.5057921506350082e-05, 1.1640748174021327e-06]"
NODE_0000419,"[1.2109590937606892e-07, 1.9552530265099562e-07, 3.953491698538503e-07, 1.623425360217627e-07, 2.9226790039966515e-07, 7.410791335977776e-07, 1.7743396278793728e-07, 1.570068245725454e-07, 1.6014868435060282e-07, 1.5961912557888476e-07, 1.539239906547694e-07, 1.5887093431003946e-07, 1.508183391654811e-07, 1.7795305742120323e-07, 1.1985858775166064e-07, 0.9997874858884895, 1.6177404795435227e-07, 1.5887093431004806e-07, 1.5887093431004529e-07, 1.696832041679974e-07, 0.00020576789518544133, 1.6521819823616395e-07, 1.3007525108050631e-07, 1.5788490704763077e-07, 9.713352047893161e-08, 1.5083354804085514e-07, 1.4069068085300639e-07, 1.5142910719103975e-07, 1.5317998092453255e-07, 1.471181166581448e-06, 1.5609738533954088e-07]"
hMpxV/Mexico/NLE_InDRE_F410/2023|EPI_ISL_17703606|2023-03-13,"[0.0, 0.0, 0.0, 0.0, 0.0, 0.0, 0.0, 0.0, 0.0, 0.0, 0.0, 0.0, 0.0, 0.0, 0.0, 1.0, 0.0, 0.0, 0.0, 0.0, 0.0, 0.0, 0.0, 0.0, 0.0, 0.0, 0.0, 0.0, 0.0, 0.0, 0.0]"
NODE_0000420,"[5.866286401111496e-10, 9.629974199190597e-10, 1.659047431762849e-09, 9.513619906330786e-10, 9.698428973575464e-10, 5.470110273142247e-09, 9.4385521823862e-10, 9.214392296659576e-10, 9.397621424028423e-10, 9.346690057232185e-10, 9.030209424083148e-10, 9.316020758543971e-10, 8.760650402678334e-10, 9.439383785552413e-10, 6.002817835205667e-10, 0.9999992789515296, 9.194728562999506e-10, 9.316020758545884e-10, 9.316020758545611e-10, 8.943170406540224e-10, 6.858714045665844e-07, 9.617638783551095e-10, 6.396612130268567e-10, 9.261817794051925e-10, 5.247218789715013e-10, 8.784668204984563e-10, 7.998059834699867e-10, 8.842576300692461e-10, 8.893685722995965e-10, 5.4848614302938865e-09, 9.163601570222995e-10]"
hMpxV/Mexico/MEX_InDRE_F75/2023|EPI_ISL_17672238|2023-01-09,"[0.0, 0.0, 0.0, 0.0, 0.0, 0.0, 0.0, 0.0, 0.0, 0.0, 0.0, 0.0, 0.0, 0.0, 0.0, 1.0, 0.0, 0.0, 0.0, 0.0, 0.0, 0.0, 0.0, 0.0, 0.0, 0.0, 0.0, 0.0, 0.0, 0.0, 0.0]"
NODE_0000421,"[4.292514891082041e-11, 6.94088726120307e-11, 1.1097683134901114e-10, 7.142863527099206e-11, 6.146936565190672e-11, 4.048856648970823e-10, 6.931137592554877e-11, 6.917244635140237e-11, 7.056709552153167e-11, 7.016686746769917e-11, 6.77757799847482e-11, 6.992866220642371e-11, 6.57688721343848e-11, 6.93845406884171e-11, 4.397089143286125e-11, 0.9999999905513115, 6.875786221279248e-11, 6.992866220645388e-11, 6.992866220643929e-11, 6.572036321023678e-11, 6.9367869813862014e-09, 7.224612878800817e-11, 4.644425327255733e-11, 6.95252465251909e-11, 3.9254424454714316e-11, 6.587093546644462e-11, 6.003508581093857e-11, 6.630692149772273e-11, 6.677972674780298e-11, 3.251671041145068e-10, 6.879499126067199e-11]"
hMpxV/Mexico/NLE_InDRE_F78/2023|EPI_ISL_17703587|2023-01-09,"[0.0, 0.0, 0.0, 0.0, 0.0, 0.0, 0.0, 0.0, 0.0, 0.0, 0.0, 0.0, 0.0, 0.0, 0.0, 1.0, 0.0, 0.0, 0.0, 0.0, 0.0, 0.0, 0.0, 0.0, 0.0, 0.0, 0.0, 0.0, 0.0, 0.0, 0.0]"
hMpxV/Mexico/NLE_InDRE_F77/2023|EPI_ISL_17703586|2023-01-06,"[0.0, 0.0, 0.0, 0.0, 0.0, 0.0, 0.0, 0.0, 0.0, 0.0, 0.0, 0.0, 0.0, 0.0, 0.0, 1.0, 0.0, 0.0, 0.0, 0.0, 0.0, 0.0, 0.0, 0.0, 0.0, 0.0, 0.0, 0.0, 0.0, 0.0, 0.0]"
NODE_0000417,"[2.5811327475116352e-17, 8.145392514184438e-17, 3.904600140949118e-16, 5.380710981687352e-17, 1.6333575284026905e-16, 1.968248770081448e-15, 6.854410353172664e-17, 5.298857250013514e-17, 5.3379292232022104e-17, 5.288083748365325e-17, 5.22815507087352e-17, 5.345558137124904e-17, 4.689226700890935e-17, 6.487602566667644e-17, 3.176625968837936e-17, 0.9999999997488306, 5.025411451672314e-17, 5.345558137127264e-17, 5.345558137127126e-17, 5.946959862211038e-17, 2.5116074328950687e-10, 5.0856607595766835e-17, 4.1589564476361064e-17, 5.318951718061234e-17, 1.9723384668409397e-17, 5.0330354745885587e-17, 3.731943664599309e-17, 5.152304470214906e-17, 4.713144063957043e-17, 5.332956153954088e-15, 5.268896746668667e-17]"
hMpxV/Mexico/COA_InDRE_F5645/2022|EPI_ISL_17672229|2022-12-14,"[0.0, 0.0, 0.0, 0.0, 0.0, 0.0, 0.0, 0.0, 0.0, 0.0, 0.0, 0.0, 0.0, 0.0, 0.0, 1.0, 0.0, 0.0, 0.0, 0.0, 0.0, 0.0, 0.0, 0.0, 0.0, 0.0, 0.0, 0.0, 0.0, 0.0, 0.0]"
hMpxV/Mexico/NLE_InDRE_F130/2023|EPI_ISL_17672242|2023-01-17,"[0.0, 0.0, 0.0, 0.0, 0.0, 0.0, 0.0, 0.0, 0.0, 0.0, 0.0, 0.0, 0.0, 0.0, 0.0, 1.0, 0.0, 0.0, 0.0, 0.0, 0.0, 0.0, 0.0, 0.0, 0.0, 0.0, 0.0, 0.0, 0.0, 0.0, 0.0]"
hMpxV/Mexico/CMX_InDRE_F378/2023|EPI_ISL_17672259|2023-03-10,"[0.0, 0.0, 0.0, 0.0, 0.0, 0.0, 0.0, 0.0, 0.0, 0.0, 0.0, 0.0, 0.0, 0.0, 0.0, 1.0, 0.0, 0.0, 0.0, 0.0, 0.0, 0.0, 0.0, 0.0, 0.0, 0.0, 0.0, 0.0, 0.0, 0.0, 0.0]"
hMpxV/Mexico/NLE_InDRE_F309/2023|EPI_ISL_17672256|2023-02-17,"[0.0, 0.0, 0.0, 0.0, 0.0, 0.0, 0.0, 0.0, 0.0, 0.0, 0.0, 0.0, 0.0, 0.0, 0.0, 1.0, 0.0, 0.0, 0.0, 0.0, 0.0, 0.0, 0.0, 0.0, 0.0, 0.0, 0.0, 0.0, 0.0, 0.0, 0.0]"
hMpxV/Mexico/NLE_InDRE_F276/2023|EPI_ISL_17703600|2023-02-07,"[0.0, 0.0, 0.0, 0.0, 0.0, 0.0, 0.0, 0.0, 0.0, 0.0, 0.0, 0.0, 0.0, 0.0, 0.0, 1.0, 0.0, 0.0, 0.0, 0.0, 0.0, 0.0, 0.0, 0.0, 0.0, 0.0, 0.0, 0.0, 0.0, 0.0, 0.0]"
NODE_0000418,"[1.2746849558193405e-11, 2.3071585997783536e-11, 4.284352687420906e-11, 2.3414681731519402e-11, 2.119427661037676e-11, 2.0139838831046363e-10, 2.2958942498352894e-11, 2.2731112881427008e-11, 2.3130671490880432e-11, 2.2994408377778305e-11, 2.229730155141036e-11, 2.2985914556052563e-11, 2.1286515608642293e-11, 2.2731254219522237e-11, 1.3599610238920681e-11, 0.9999999914323118, 2.2271771569709935e-11, 2.2985914556072512e-11, 2.2985914556062874e-11, 2.137802634901274e-11, 7.617535074725187e-09, 2.3356487322717225e-11, 1.4835114998039486e-11, 2.2848732020266037e-11, 1.1781549464004809e-11, 2.1642344053480656e-11, 1.8810312273718766e-11, 2.185805614854126e-11, 2.156259203342204e-11, 1.618531593299518e-10, 2.2598198875063735e-11]"
hMpxV/Mexico/NLE_InDRE_F14/2022|EPI_ISL_17703582|2022-12-27,"[0.0, 0.0, 0.0, 0.0, 0.0, 0.0, 0.0, 0.0, 0.0, 0.0, 0.0, 0.0, 0.0, 0.0, 0.0, 1.0, 0.0, 0.0, 0.0, 0.0, 0.0, 0.0, 0.0, 0.0, 0.0, 0.0, 0.0, 0.0, 0.0, 0.0, 0.0]"
hMpxV/Mexico/GUA_InDRE_F244/2023|EPI_ISL_17672251|2023-02-04,"[0.0, 0.0, 0.0, 0.0, 0.0, 0.0, 0.0, 0.0, 0.0, 0.0, 0.0, 0.0, 0.0, 0.0, 0.0, 1.0, 0.0, 0.0, 0.0, 0.0, 0.0, 0.0, 0.0, 0.0, 0.0, 0.0, 0.0, 0.0, 0.0, 0.0, 0.0]"
hMpxV/Mexico/NLE_InDRE_F321/2023|EPI_ISL_17703603|2023-02-21,"[0.0, 0.0, 0.0, 0.0, 0.0, 0.0, 0.0, 0.0, 0.0, 0.0, 0.0, 0.0, 0.0, 0.0, 0.0, 1.0, 0.0, 0.0, 0.0, 0.0, 0.0, 0.0, 0.0, 0.0, 0.0, 0.0, 0.0, 0.0, 0.0, 0.0, 0.0]"
NODE_0000320,"[1.1870123530592948e-07, 6.609185762184174e-08, 3.572906782013567e-05, 1.854045734010921e-08, 7.724397996771462e-07, 3.129430640876842e-08, 4.2304762791964315e-08, 1.850872478679331e-08, 1.8537525920542024e-08, 1.856649210929919e-08, 1.8435674307830847e-08, 1.8536582090670627e-08, 1.7623542074930337e-08, 3.9697026998028716e-08, 4.4229645178555103e-08, 2.268859505544385e-06, 4.198592597059357e-08, 1.8536582090670283e-08, 1.8536582090669098e-08, 3.772571589802452e-08, 0.9946909282450509, 1.8128299267658935e-08, 1.9116508287341346e-07, 1.851828409550127e-08, 2.0540180913624668e-08, 2.722124563434353e-08, 1.649021759620898e-08, 2.6874090438415408e-08, 1.7650857806441164e-08, 0.005269358462758597, 1.8484167364801525e-08]"
hMpxV/Peru/ICA-INS-282/2022|EPI_ISL_16999065|2022-11-29,"[0.0, 0.0, 0.0, 0.0, 0.0, 0.0, 0.0, 0.0, 0.0, 0.0, 0.0, 0.0, 0.0, 0.0, 0.0, 0.0, 0.0, 0.0, 0.0, 0.0, 1.0, 0.0, 0.0, 0.0, 0.0, 0.0, 0.0, 0.0, 0.0, 0.0, 0.0]"
hMpxV/USA/CA-LACPHL-MA00451/2022|EPI_ISL_16997421|2022-11-27,"[0.0, 0.0, 0.0, 0.0, 0.0, 0.0, 0.0, 0.0, 0.0, 0.0, 0.0, 0.0, 0.0, 0.0, 0.0, 0.0, 0.0, 0.0, 0.0, 0.0, 0.0, 0.0, 0.0, 0.0, 0.0, 0.0, 0.0, 0.0, 0.0, 1.0, 0.0]"
NODE_0000321,"[2.1324294357934818e-10, 3.1128081882675265e-11, 0.9999998684011286, 2.0497426518509615e-11, 8.442782082570288e-10, 2.457870465795537e-11, 3.419876628678436e-11, 2.059250496571137e-11, 2.0531202746287087e-11, 2.0582284264683632e-11, 2.0578748777444297e-11, 2.060618782760709e-11, 1.891242201200488e-11, 2.5725002402351082e-11, 1.632287692803618e-11, 2.996394811612432e-10, 2.1237940526735343e-11, 2.060618782760966e-11, 2.060618782760489e-11, 2.4020150307924424e-11, 1.2216963985053982e-07, 1.9375361977196443e-11, 1.930616337900412e-09, 2.0591907705605686e-11, 1.29100402248044e-11, 2.046108321584813e-11, 1.6440694826852545e-11, 2.081025886731094e-11, 1.8946163497590337e-11, 5.630633353579803e-09, 2.056118451186128e-11]"
hMpxV/Brazil/RJ-FIOCRUZ-4196/2023|EPI_ISL_17614042|2023-04-13,"[0.0, 0.0, 0.9999999999999999, 0.0, 0.0, 0.0, 0.0, 0.0, 0.0, 0.0, 0.0, 0.0, 0.0, 0.0, 0.0, 0.0, 0.0, 0.0, 0.0, 0.0, 0.0, 0.0, 0.0, 0.0, 0.0, 0.0, 0.0, 0.0, 0.0, 0.0, 0.0]"
NODE_0000324,"[1.17366006836856e-09, 2.2940359985644654e-10, 0.9999999738430576, 2.3193434336577128e-10, 1.6193210662183568e-09, 2.3066166921609888e-10, 2.817659461000425e-10, 2.2935071593091575e-10, 2.3096478167058145e-10, 2.3053358124182245e-10, 2.2720656971277307e-10, 2.3041806341926217e-10, 2.173312744034281e-10, 2.2841642239131737e-10, 1.5784675097846572e-10, 5.576793150436173e-10, 2.2506435983529012e-10, 2.3041806341933212e-10, 2.3041806341927897e-10, 2.1736963387118875e-10, 6.9786110991502515e-09, 2.2774977656241283e-10, 5.726548591591087e-09, 2.2982068441086167e-10, 1.500429509680291e-10, 2.2257535587864627e-10, 1.9662485946319416e-10, 2.2474008524936748e-10, 2.184561745751068e-10, 4.773299977056558e-09, 2.2870844580877704e-10]"
hMpxV/Brazil/RJ-FIOCRUZ-4195/2023|EPI_ISL_17614039|2023-04-10,"[0.0, 0.0, 1.0, 0.0, 0.0, 0.0, 0.0, 0.0, 0.0, 0.0, 0.0, 0.0, 0.0, 0.0, 0.0, 0.0, 0.0, 0.0, 0.0, 0.0, 0.0, 0.0, 0.0, 0.0, 0.0, 0.0, 0.0, 0.0, 0.0, 0.0, 0.0]"
hMpxV/Brazil/RJ-FIOCRUZ-3018/2023|EPI_ISL_17614041|2023-03-03,"[0.0, 0.0, 0.9999999999999999, 0.0, 0.0, 0.0, 0.0, 0.0, 0.0, 0.0, 0.0, 0.0, 0.0, 0.0, 0.0, 0.0, 0.0, 0.0, 0.0, 0.0, 0.0, 0.0, 0.0, 0.0, 0.0, 0.0, 0.0, 0.0, 0.0, 0.0, 0.0]"
NODE_0000322,"[3.547417387796852e-15, 2.3082612276956383e-16, 0.9999999999997802, 2.3065833692802027e-16, 6.5824297429497355e-15, 2.3148259210299327e-16, 3.304959533965037e-16, 2.3388543984738586e-16, 2.3196037032235845e-16, 2.3056181040709356e-16, 2.341988432258286e-16, 2.3337239363069627e-16, 2.1042535338277435e-16, 2.2294995618351225e-16, 1.3386696094847397e-16, 1.1824547369099909e-15, 2.1094898809502658e-16, 2.3337239363079853e-16, 2.3337239363056424e-16, 2.0853760791777434e-16, 1.075549976231689e-13, 2.126602587364482e-16, 6.079408840980504e-14, 2.3354118561561845e-16, 1.1963670950486799e-16, 2.270585907536783e-16, 1.7201556283522012e-16, 2.325563332649406e-16, 2.089663286878752e-16, 3.474489814226757e-14, 2.3376997682410383e-16]"
hMpxV/Brazil/RJ-FIOCRUZ-4194/2023|EPI_ISL_17614030|2023-04-06,"[0.0, 0.0, 1.0, 0.0, 0.0, 0.0, 0.0, 0.0, 0.0, 0.0, 0.0, 0.0, 0.0, 0.0, 0.0, 0.0, 0.0, 0.0, 0.0, 0.0, 0.0, 0.0, 0.0, 0.0, 0.0, 0.0, 0.0, 0.0, 0.0, 0.0, 0.0]"
hMpxV/Brazil/RJ-FIOCRUZ-3611/2023|EPI_ISL_17536785|2023-04-03,"[0.0, 0.0, 1.0, 0.0, 0.0, 0.0, 0.0, 0.0, 0.0, 0.0, 0.0, 0.0, 0.0, 0.0, 0.0, 0.0, 0.0, 0.0, 0.0, 0.0, 0.0, 0.0, 0.0, 0.0, 0.0, 0.0, 0.0, 0.0, 0.0, 0.0, 0.0]"
hMpxV/Brazil/RJ-FIOCRUZ-3610/2023|EPI_ISL_17536784|2023-03-30,"[0.0, 0.0, 1.0, 0.0, 0.0, 0.0, 0.0, 0.0, 0.0, 0.0, 0.0, 0.0, 0.0, 0.0, 0.0, 0.0, 0.0, 0.0, 0.0, 0.0, 0.0, 0.0, 0.0, 0.0, 0.0, 0.0, 0.0, 0.0, 0.0, 0.0, 0.0]"
hMpxV/Brazil/RJ-FIOCRUZ-3611-1P/2023|EPI_ISL_19205405|2023-04-03,"[0.0, 0.0, 1.0, 0.0, 0.0, 0.0, 0.0, 0.0, 0.0, 0.0, 0.0, 0.0, 0.0, 0.0, 0.0, 0.0, 0.0, 0.0, 0.0, 0.0, 0.0, 0.0, 0.0, 0.0, 0.0, 0.0, 0.0, 0.0, 0.0, 0.0, 0.0]"
NODE_0000323,"[4.007052539054512e-13, 2.7811331374034962e-14, 0.999999999976991, 2.769849570437453e-14, 7.310344265949329e-13, 2.7849763628906796e-14, 3.925812497486937e-14, 2.802736034877541e-14, 2.782447461717373e-14, 2.7777830020414094e-14, 2.8042609387154407e-14, 2.7988591302082606e-14, 2.5309514804987002e-14, 2.715649400717821e-14, 1.6356087197700792e-14, 1.3758612219814298e-13, 2.596748811850553e-14, 2.7988591302087235e-14, 2.7988591302079848e-14, 2.522340142159805e-14, 1.0918898169841389e-11, 2.56539692028729e-14, 6.3320127081709185e-12, 2.7997330687663545e-14, 1.5355082561482155e-14, 2.7285019570805385e-14, 2.082895074773199e-14, 2.7906837390590315e-14, 2.5152302659623086e-14, 3.852248103968317e-12, 2.8004232472669086e-14]"
hMpxV/Brazil/RJ-FIOCRUZ-4239/2023|EPI_ISL_17614033|2023-04-20,"[0.0, 0.0, 1.0, 0.0, 0.0, 0.0, 0.0, 0.0, 0.0, 0.0, 0.0, 0.0, 0.0, 0.0, 0.0, 0.0, 0.0, 0.0, 0.0, 0.0, 0.0, 0.0, 0.0, 0.0, 0.0, 0.0, 0.0, 0.0, 0.0, 0.0, 0.0]"
hMpxV/Brazil/RJ-FIOCRUZ-3608/2023|EPI_ISL_17536782|2023-03-24,"[0.0, 0.0, 1.0, 0.0, 0.0, 0.0, 0.0, 0.0, 0.0, 0.0, 0.0, 0.0, 0.0, 0.0, 0.0, 0.0, 0.0, 0.0, 0.0, 0.0, 0.0, 0.0, 0.0, 0.0, 0.0, 0.0, 0.0, 0.0, 0.0, 0.0, 0.0]"
hMpxV/Brazil/RJ-FIOCRUZ-3609/2023|EPI_ISL_17536783|2023-03-27,"[0.0, 0.0, 0.9999999999999999, 0.0, 0.0, 0.0, 0.0, 0.0, 0.0, 0.0, 0.0, 0.0, 0.0, 0.0, 0.0, 0.0, 0.0, 0.0, 0.0, 0.0, 0.0, 0.0, 0.0, 0.0, 0.0, 0.0, 0.0, 0.0, 0.0, 0.0, 0.0]"
hMpxV/Brazil/RJ-FIOCRUZ-4239-1P/2023|EPI_ISL_19205407|2023-04-20,"[0.0, 0.0, 1.0, 0.0, 0.0, 0.0, 0.0, 0.0, 0.0, 0.0, 0.0, 0.0, 0.0, 0.0, 0.0, 0.0, 0.0, 0.0, 0.0, 0.0, 0.0, 0.0, 0.0, 0.0, 0.0, 0.0, 0.0, 0.0, 0.0, 0.0, 0.0]"
NODE_0000373,"[1.0851492163490928e-06, 1.6030049252646943e-06, 0.00033371415147309783, 7.302320125519507e-07, 0.8632814628607615, 9.426105635637736e-07, 1.1208469579885386e-06, 7.110797013293769e-07, 7.225911714274683e-07, 7.223496140512385e-07, 6.985171242189745e-07, 7.181120680917204e-07, 6.680209466641328e-07, 1.0644456180870375e-06, 6.532571507456908e-07, 4.692425295749459e-06, 7.562215335228325e-07, 7.181120680917119e-07, 7.181120680917305e-07, 9.901769663107035e-07, 0.1363507289209551, 7.275198537228649e-07, 2.030221535118369e-06, 7.143063060046688e-07, 4.140972175589453e-07, 6.80475641635217e-07, 6.0159389297548e-07, 6.869495463839914e-07, 6.759423680512291e-07, 7.540321318405712e-06, 7.073741285352141e-07]"
hMpxV/Chile/RM-ISP-136952/2022|EPI_ISL_19345349|2022-12-14,"[0.0, 0.0, 0.0, 0.0, 1.0, 0.0, 0.0, 0.0, 0.0, 0.0, 0.0, 0.0, 0.0, 0.0, 0.0, 0.0, 0.0, 0.0, 0.0, 0.0, 0.0, 0.0, 0.0, 0.0, 0.0, 0.0, 0.0, 0.0, 0.0, 0.0, 0.0]"
NODE_0000377,"[8.120407966132783e-12, 2.4774292307196027e-11, 3.7586280739167856e-10, 1.07581771007222e-11, 0.9999992686278543, 1.3607961915301111e-11, 1.5245837859338005e-11, 1.0398272046341403e-11, 1.06189657866053e-11, 1.0539505748190682e-11, 1.0169283430250773e-11, 1.052344796666817e-11, 9.667934231310472e-12, 1.5007845428252714e-11, 8.478070050986869e-12, 4.312405584032065e-11, 1.0712216415591784e-11, 1.0523447966668434e-11, 1.0523447966668737e-11, 1.396880779362322e-11, 7.306343856354088e-07, 1.0766757563807226e-11, 1.065389652469547e-11, 1.0455912024599044e-11, 5.008900236704825e-12, 9.808901724604906e-12, 8.561520696937158e-12, 9.918564904144007e-12, 9.82599772348161e-12, 2.9801427404760347e-11, 1.0333426087772952e-11]"
hMpxV/Chile/RM-ISP-130458/2022|EPI_ISL_19345329|2022-11-22,"[0.0, 0.0, 0.0, 0.0, 0.9999999999999999, 0.0, 0.0, 0.0, 0.0, 0.0, 0.0, 0.0, 0.0, 0.0, 0.0, 0.0, 0.0, 0.0, 0.0, 0.0, 0.0, 0.0, 0.0, 0.0, 0.0, 0.0, 0.0, 0.0, 0.0, 0.0, 0.0]"
hMpxV/Chile/BI-ISP-134054/2022|EPI_ISL_19345338|2022-12-02,"[0.0, 0.0, 0.0, 0.0, 1.0, 0.0, 0.0, 0.0, 0.0, 0.0, 0.0, 0.0, 0.0, 0.0, 0.0, 0.0, 0.0, 0.0, 0.0, 0.0, 0.0, 0.0, 0.0, 0.0, 0.0, 0.0, 0.0, 0.0, 0.0, 0.0, 0.0]"
NODE_0000378,"[4.806323510349289e-10, 1.0850076114925387e-09, 2.859504894652885e-09, 8.848414480387702e-10, 0.9999999538530258, 8.649439708577925e-10, 8.498517117189393e-10, 8.480997101482547e-10, 8.70600536693125e-10, 8.647776574767415e-10, 8.261014462124646e-10, 8.60280470514465e-10, 7.989255770613319e-10, 8.537713324997416e-10, 4.908237922104055e-10, 5.325426782801438e-10, 8.461709852376669e-10, 8.602804705144531e-10, 8.602804705144872e-10, 7.983510671099817e-10, 2.1817961244171215e-08, 9.023627889206575e-10, 5.22245309597796e-10, 8.537939717397579e-10, 4.298145998264129e-10, 7.974381282809234e-10, 7.176396686804293e-10, 8.031466892473603e-10, 8.15030410997834e-10, 3.096380598793e-10, 8.421152168559239e-10]"
hMpxV/Chile/BI-ISP-134055/2022|EPI_ISL_19345339|2022-12-02,"[0.0, 0.0, 0.0, 0.0, 1.0, 0.0, 0.0, 0.0, 0.0, 0.0, 0.0, 0.0, 0.0, 0.0, 0.0, 0.0, 0.0, 0.0, 0.0, 0.0, 0.0, 0.0, 0.0, 0.0, 0.0, 0.0, 0.0, 0.0, 0.0, 0.0, 0.0]"
hMpxV/Chile/BI-ISP-134056/2022|EPI_ISL_19345340|2022-12-03,"[0.0, 0.0, 0.0, 0.0, 1.0, 0.0, 0.0, 0.0, 0.0, 0.0, 0.0, 0.0, 0.0, 0.0, 0.0, 0.0, 0.0, 0.0, 0.0, 0.0, 0.0, 0.0, 0.0, 0.0, 0.0, 0.0, 0.0, 0.0, 0.0, 0.0, 0.0]"
NODE_0000374,"[0.0003140085240751578, 0.00016968490624194227, 0.9733811345697398, 0.00015580331330111095, 0.01641231793574484, 0.00015709827359984113, 0.00017171217965713007, 0.00015139406539062077, 0.00015405625490196636, 0.00015491576684307368, 0.00014869015641933795, 0.00015292575925978527, 0.00014624026347973674, 0.00016095129651924966, 0.00011181909569244615, 0.00027119750207499436, 0.00016058695153420803, 0.0001529257592597871, 0.00015292575925978375, 0.00015150343528976828, 0.004443578615198879, 0.0001582056171799409, 0.0006476430558651744, 0.00015211213960588304, 0.00011197743119038849, 0.0001467796854784155, 0.00013729635330620083, 0.00014718272194601503, 0.00014803791674807644, 0.0009246503930180831, 0.00015064430217832077]"
hMpxV/Brazil/RJ-FIOCRUZ-3017/2023|EPI_ISL_17614017|2023-02-15,"[0.0, 0.0, 1.0, 0.0, 0.0, 0.0, 0.0, 0.0, 0.0, 0.0, 0.0, 0.0, 0.0, 0.0, 0.0, 0.0, 0.0, 0.0, 0.0, 0.0, 0.0, 0.0, 0.0, 0.0, 0.0, 0.0, 0.0, 0.0, 0.0, 0.0, 0.0]"
NODE_0000375,"[8.464330048266289e-07, 2.588081698856529e-07, 0.9998298257148414, 2.5777651968714573e-07, 2.0742951396308007e-06, 2.577643299464065e-07, 2.9978628284054957e-07, 2.604148359101476e-07, 2.660695685664241e-07, 3.465202885003175e-07, 2.530613191682133e-07, 2.554935497856137e-07, 2.443371230833018e-07, 5.272605333417276e-07, 1.7278661510634494e-07, 5.053598149374989e-07, 6.106055678455639e-07, 2.5549354978562563e-07, 2.554935497856092e-07, 3.054363056873794e-07, 4.233931182579249e-06, 2.5383934398692997e-07, 0.0001509262807080512, 2.5790738351675076e-07, 8.854622036133124e-07, 2.4691631644996663e-07, 2.1761020362953661e-07, 2.50781978243334e-07, 2.410579822033112e-07, 4.144589536536369e-06, 2.6271225152970615e-07]"
hMpxV/Brazil/RS-CEVS-362/2023|EPI_ISL_18971016|2023-09-14,"[0.0, 0.0, 1.0, 0.0, 0.0, 0.0, 0.0, 0.0, 0.0, 0.0, 0.0, 0.0, 0.0, 0.0, 0.0, 0.0, 0.0, 0.0, 0.0, 0.0, 0.0, 0.0, 0.0, 0.0, 0.0, 0.0, 0.0, 0.0, 0.0, 0.0, 0.0]"
hMpxV/Portugal/INSA-PT0802/2023|EPI_ISL_18702213|2023-11-23,"[0.0, 0.0, 0.0, 0.0, 0.0, 0.0, 0.0, 0.0, 0.0, 0.0, 0.0, 0.0, 0.0, 0.0, 0.0, 0.0, 0.0, 0.0, 0.0, 0.0, 0.0, 0.0, 1.0, 0.0, 0.0, 0.0, 0.0, 0.0, 0.0, 0.0, 0.0]"
NODE_0000376,"[2.390221495636833e-16, 1.066689098856623e-17, 0.999999999999972, 1.051986614676507e-17, 4.961348324131823e-16, 1.0650013724013145e-17, 1.5907217435246132e-17, 1.0752424674575648e-17, 1.0613873762901864e-17, 1.0694907421179163e-17, 1.0797876315935094e-17, 1.0706129948467196e-17, 9.512470799739855e-18, 1.0616072620175525e-17, 5.87640490821635e-18, 7.20938132768595e-17, 1.0149763684470869e-17, 1.0706129948468553e-17, 1.0706129948459877e-17, 9.548200335004109e-18, 1.3884774327964783e-14, 9.507395174058876e-18, 9.687824480518982e-15, 1.072459858025904e-17, 6.104949656580864e-18, 1.0500992720963394e-17, 7.517888849482772e-18, 1.0796894193359847e-17, 9.402675213451324e-18, 3.4773881392546166e-15, 1.0754564533656748e-17]"
hMpxV/Brazil/SP-IAL-3280/2023|EPI_ISL_19446284|2023-10-09,"[0.0, 0.0, 0.9999999999999999, 0.0, 0.0, 0.0, 0.0, 0.0, 0.0, 0.0, 0.0, 0.0, 0.0, 0.0, 0.0, 0.0, 0.0, 0.0, 0.0, 0.0, 0.0, 0.0, 0.0, 0.0, 0.0, 0.0, 0.0, 0.0, 0.0, 0.0, 0.0]"
hMpxV/Brazil/SP-IAL-3281/2023|EPI_ISL_19446285|2023-10-09,"[0.0, 0.0, 0.9999999999999999, 0.0, 0.0, 0.0, 0.0, 0.0, 0.0, 0.0, 0.0, 0.0, 0.0, 0.0, 0.0, 0.0, 0.0, 0.0, 0.0, 0.0, 0.0, 0.0, 0.0, 0.0, 0.0, 0.0, 0.0, 0.0, 0.0, 0.0, 0.0]"
hMpxV/Brazil/SP-IAL-357399029/2023|EPI_ISL_19446287|2023-11-29,"[0.0, 0.0, 1.0, 0.0, 0.0, 0.0, 0.0, 0.0, 0.0, 0.0, 0.0, 0.0, 0.0, 0.0, 0.0, 0.0, 0.0, 0.0, 0.0, 0.0, 0.0, 0.0, 0.0, 0.0, 0.0, 0.0, 0.0, 0.0, 0.0, 0.0, 0.0]"
hMpxV/Brazil/SP-IAL-3284/2023|EPI_ISL_19446288|2023-12-18,"[0.0, 0.0, 1.0, 0.0, 0.0, 0.0, 0.0, 0.0, 0.0, 0.0, 0.0, 0.0, 0.0, 0.0, 0.0, 0.0, 0.0, 0.0, 0.0, 0.0, 0.0, 0.0, 0.0, 0.0, 0.0, 0.0, 0.0, 0.0, 0.0, 0.0, 0.0]"
hMpxV/Brazil/SP-IAL-3282/2023|EPI_ISL_19446286|2023-10-11,"[0.0, 0.0, 1.0, 0.0, 0.0, 0.0, 0.0, 0.0, 0.0, 0.0, 0.0, 0.0, 0.0, 0.0, 0.0, 0.0, 0.0, 0.0, 0.0, 0.0, 0.0, 0.0, 0.0, 0.0, 0.0, 0.0, 0.0, 0.0, 0.0, 0.0, 0.0]"
NODE_0000327,"[1.649606476595609e-32, 3.2555134979392333e-31, 3.427520505814778e-28, 6.56968503147281e-34, 3.285780501710601e-27, 8.475077092915492e-33, 2.9364751033657275e-32, 6.799995099946683e-34, 6.659965936974837e-34, 6.6217859199529974e-34, 6.912779548147108e-34, 6.7418813742853795e-34, 6.164393466096792e-34, 2.5557441876293775e-32, 1.8811018762363723e-32, 7.436807933691341e-26, 1.0745306852843309e-33, 6.741881374283223e-34, 6.741881374282792e-34, 2.4187418055867495e-32, 1.0, 5.9260158156396545e-34, 6.301985073722256e-32, 6.769137441917383e-34, 4.029284311034779e-34, 6.9359599174467265e-34, 5.838790099492839e-34, 7.1141861733003305e-34, 6.120264042954977e-34, 5.140914279544023e-25, 6.816252729290088e-34]"
hMpxV/Peru/LIM-INS-328/2022|EPI_ISL_16999077|2022-11-21,"[0.0, 0.0, 0.0, 0.0, 0.0, 0.0, 0.0, 0.0, 0.0, 0.0, 0.0, 0.0, 0.0, 0.0, 0.0, 0.0, 0.0, 0.0, 0.0, 0.0, 1.0, 0.0, 0.0, 0.0, 0.0, 0.0, 0.0, 0.0, 0.0, 0.0, 0.0]"
hMpxV/Peru/LIM-INS-289/2022|EPI_ISL_16999078|2022-11-24,"[0.0, 0.0, 0.0, 0.0, 0.0, 0.0, 0.0, 0.0, 0.0, 0.0, 0.0, 0.0, 0.0, 0.0, 0.0, 0.0, 0.0, 0.0, 0.0, 0.0, 1.0, 0.0, 0.0, 0.0, 0.0, 0.0, 0.0, 0.0, 0.0, 0.0, 0.0]"
hMpxV/Peru/LIM-INS-355/2022|EPI_ISL_16999081|2022-12-29,"[0.0, 0.0, 0.0, 0.0, 0.0, 0.0, 0.0, 0.0, 0.0, 0.0, 0.0, 0.0, 0.0, 0.0, 0.0, 0.0, 0.0, 0.0, 0.0, 0.0, 1.0, 0.0, 0.0, 0.0, 0.0, 0.0, 0.0, 0.0, 0.0, 0.0, 0.0]"
hMpxV/Peru/LIM-INS-294/2022|EPI_ISL_16999089|2022-11-24,"[0.0, 0.0, 0.0, 0.0, 0.0, 0.0, 0.0, 0.0, 0.0, 0.0, 0.0, 0.0, 0.0, 0.0, 0.0, 0.0, 0.0, 0.0, 0.0, 0.0, 1.0, 0.0, 0.0, 0.0, 0.0, 0.0, 0.0, 0.0, 0.0, 0.0, 0.0]"
hMpxV/Peru/LIM-INS-329/2022|EPI_ISL_16999098|2022-11-28,"[0.0, 0.0, 0.0, 0.0, 0.0, 0.0, 0.0, 0.0, 0.0, 0.0, 0.0, 0.0, 0.0, 0.0, 0.0, 0.0, 0.0, 0.0, 0.0, 0.0, 1.0, 0.0, 0.0, 0.0, 0.0, 0.0, 0.0, 0.0, 0.0, 0.0, 0.0]"
NODE_0000328,"[3.559232605675905e-10, 8.595129088478088e-10, 6.6772125009240144e-09, 1.338947260757611e-10, 1.3120374942540223e-08, 2.8634328079625905e-10, 4.112753776780657e-10, 1.309139853801767e-10, 1.3275645818855947e-10, 1.3262955067465512e-10, 1.2929105143449217e-10, 1.3188516869452043e-10, 1.2897683144087485e-10, 4.074243619553499e-10, 3.3203630086366495e-10, 3.063015807735757e-08, 1.5936280795301508e-10, 1.3188516869451395e-10, 1.3188516869452043e-10, 3.9540067144521294e-10, 0.9999998754429567, 1.365178219714219e-10, 4.5405872103556144e-10, 1.3137774264373945e-10, 1.0364356708199611e-10, 1.285363260046181e-10, 1.3090634565450223e-10, 1.2858196589329103e-10, 1.3069781697279946e-10, 6.82631222744715e-08, 1.3045818016740217e-10]"
hMpxV/Peru/LIM-INS-343/2022|EPI_ISL_16999085|2022-12-19,"[0.0, 0.0, 0.0, 0.0, 0.0, 0.0, 0.0, 0.0, 0.0, 0.0, 0.0, 0.0, 0.0, 0.0, 0.0, 0.0, 0.0, 0.0, 0.0, 0.0, 1.0, 0.0, 0.0, 0.0, 0.0, 0.0, 0.0, 0.0, 0.0, 0.0, 0.0]"
hMpxV/Peru/LIM-INS-293/2022|EPI_ISL_16999083|2022-11-25,"[0.0, 0.0, 0.0, 0.0, 0.0, 0.0, 0.0, 0.0, 0.0, 0.0, 0.0, 0.0, 0.0, 0.0, 0.0, 0.0, 0.0, 0.0, 0.0, 0.0, 0.9999999999999999, 0.0, 0.0, 0.0, 0.0, 0.0, 0.0, 0.0, 0.0, 0.0, 0.0]"
NODE_0000331,"[2.9156319041243097e-12, 9.139058622054082e-12, 1.39590977587613e-10, 8.164491475115039e-13, 3.3614275437181196e-10, 2.2022848262627984e-12, 3.517480925607323e-12, 8.041775975464941e-13, 8.117890933615655e-13, 8.110403635980655e-13, 7.977179220215501e-13, 8.08526302244439e-13, 7.832481907142256e-13, 3.423671187905522e-12, 2.7422462688741e-12, 1.0775404368614837e-09, 1.0249862835324524e-12, 8.085263022444181e-13, 8.085263022444147e-13, 3.3136063134036705e-12, 0.9999999955527131, 8.193918302341296e-13, 4.260605896682809e-12, 8.062039053500913e-13, 6.190424801602763e-13, 7.982942511816433e-13, 7.914030240184917e-13, 8.009788005734571e-13, 7.930535896052851e-13, 2.847993004786238e-09, 8.019489729209943e-13]"
hMpxV/Peru/LIM-INS-344/2022|EPI_ISL_16999102|2022-12-20,"[0.0, 0.0, 0.0, 0.0, 0.0, 0.0, 0.0, 0.0, 0.0, 0.0, 0.0, 0.0, 0.0, 0.0, 0.0, 0.0, 0.0, 0.0, 0.0, 0.0, 1.0, 0.0, 0.0, 0.0, 0.0, 0.0, 0.0, 0.0, 0.0, 0.0, 0.0]"
hMpxV/Peru/LIM-INS-437/2022|EPI_ISL_19343488|2022-11-30,"[0.0, 0.0, 0.0, 0.0, 0.0, 0.0, 0.0, 0.0, 0.0, 0.0, 0.0, 0.0, 0.0, 0.0, 0.0, 0.0, 0.0, 0.0, 0.0, 0.0, 1.0, 0.0, 0.0, 0.0, 0.0, 0.0, 0.0, 0.0, 0.0, 0.0, 0.0]"
hMpxV/Peru/LIM-INS-390/2023|EPI_ISL_19343505|2023-01-06,"[0.0, 0.0, 0.0, 0.0, 0.0, 0.0, 0.0, 0.0, 0.0, 0.0, 0.0, 0.0, 0.0, 0.0, 0.0, 0.0, 0.0, 0.0, 0.0, 0.0, 1.0, 0.0, 0.0, 0.0, 0.0, 0.0, 0.0, 0.0, 0.0, 0.0, 0.0]"
NODE_0000332,"[2.0445263177000576e-11, 6.064716955841291e-11, 8.92227236216797e-10, 5.935492824932312e-12, 2.078228238080575e-09, 1.54671537451983e-11, 2.404494122305193e-11, 5.840088335605618e-12, 5.89885756879627e-12, 5.898788349728604e-12, 5.794830146445955e-12, 5.87386068081211e-12, 5.692022871596692e-12, 2.3435579155874932e-11, 1.8706506196152158e-11, 6.591755171492239e-09, 7.52372369848779e-12, 5.873860680811588e-12, 5.873860680811461e-12, 2.270794626935927e-11, 0.9999999724625203, 5.9710160914620525e-12, 2.9021638145049086e-11, 5.855845069623517e-12, 4.574884347342335e-12, 5.838492228808975e-12, 5.790469038290455e-12, 5.853594712132471e-12, 5.7785843533899125e-12, 1.7655101292052547e-08, 5.822949828478862e-12]"
hMpxV/Peru/LIM-INS-413/2023|EPI_ISL_19343498|2023-02-10,"[0.0, 0.0, 0.0, 0.0, 0.0, 0.0, 0.0, 0.0, 0.0, 0.0, 0.0, 0.0, 0.0, 0.0, 0.0, 0.0, 0.0, 0.0, 0.0, 0.0, 1.0, 0.0, 0.0, 0.0, 0.0, 0.0, 0.0, 0.0, 0.0, 0.0, 0.0]"
hMpxV/Peru/CAL-INS-403/2023|EPI_ISL_19343516|2023-02-02,"[0.0, 0.0, 0.0, 0.0, 0.0, 0.0, 0.0, 0.0, 0.0, 0.0, 0.0, 0.0, 0.0, 0.0, 0.0, 0.0, 0.0, 0.0, 0.0, 0.0, 1.0, 0.0, 0.0, 0.0, 0.0, 0.0, 0.0, 0.0, 0.0, 0.0, 0.0]"
hMpxV/Peru/LIM-INS-376/2023|EPI_ISL_19343540|2023-01-13,"[0.0, 0.0, 0.0, 0.0, 0.0, 0.0, 0.0, 0.0, 0.0, 0.0, 0.0, 0.0, 0.0, 0.0, 0.0, 0.0, 0.0, 0.0, 0.0, 0.0, 1.0, 0.0, 0.0, 0.0, 0.0, 0.0, 0.0, 0.0, 0.0, 0.0, 0.0]"
NODE_0000329,"[4.137693071588543e-10, 9.81808839902675e-10, 7.543568413353049e-09, 1.5744340562247887e-10, 1.4672088562880595e-08, 3.330254718937425e-10, 4.74145189324512e-10, 1.5388541882434023e-10, 1.5608010371741414e-10, 1.5598104753604106e-10, 1.519965627744606e-10, 1.5504670774738644e-10, 1.516371910650669e-10, 4.698876715468471e-10, 3.824655697041608e-10, 3.4148805927017426e-08, 1.88058794910125e-10, 1.5504670774735395e-10, 1.5504670774734405e-10, 4.5619805474558086e-10, 0.9999998603953199, 1.6064990386157766e-10, 5.229508317896918e-10, 1.5443989473670625e-10, 1.225588348410515e-10, 1.514661613262254e-10, 1.542768213987816e-10, 1.5148117274508615e-10, 1.5380545657979682e-10, 7.6423724417381e-08, 1.533409380084122e-10]"
hMpxV/Peru/LIM-INS-332/2022|EPI_ISL_16999097|2022-12-01,"[0.0, 0.0, 0.0, 0.0, 0.0, 0.0, 0.0, 0.0, 0.0, 0.0, 0.0, 0.0, 0.0, 0.0, 0.0, 0.0, 0.0, 0.0, 0.0, 0.0, 1.0, 0.0, 0.0, 0.0, 0.0, 0.0, 0.0, 0.0, 0.0, 0.0, 0.0]"
NODE_0000330,"[5.42915441060257e-12, 1.6946261133090398e-11, 2.5817361108137575e-10, 1.5244449200306845e-12, 6.201932743428937e-10, 4.1012469405157256e-12, 6.536702034619135e-12, 1.5014086022896957e-12, 1.5156862204778967e-12, 1.5144055099112305e-12, 1.48939347037408e-12, 1.509573510308835e-12, 1.4623985441814004e-12, 6.3629495944217745e-12, 5.094967116962924e-12, 1.9867277156393007e-09, 1.915467175218785e-12, 1.509573510308748e-12, 1.509573510308731e-12, 6.158971558388543e-12, 0.9999999917929221, 1.5302169429161678e-12, 7.915891255733152e-12, 1.5052134917933026e-12, 1.1574174181069748e-12, 1.4913182254399665e-12, 1.4784792091205644e-12, 1.496241573401201e-12, 1.4810418221340257e-12, 5.25634815915411e-09, 1.4972274191971757e-12]"
hMpxV/Peru/LIM-INS-402/2023|EPI_ISL_19343500|2023-02-02,"[0.0, 0.0, 0.0, 0.0, 0.0, 0.0, 0.0, 0.0, 0.0, 0.0, 0.0, 0.0, 0.0, 0.0, 0.0, 0.0, 0.0, 0.0, 0.0, 0.0, 1.0, 0.0, 0.0, 0.0, 0.0, 0.0, 0.0, 0.0, 0.0, 0.0, 0.0]"
hMpxV/Peru/LIM-INS-368/2023|EPI_ISL_19343525|2023-01-03,"[0.0, 0.0, 0.0, 0.0, 0.0, 0.0, 0.0, 0.0, 0.0, 0.0, 0.0, 0.0, 0.0, 0.0, 0.0, 0.0, 0.0, 0.0, 0.0, 0.0, 1.0, 0.0, 0.0, 0.0, 0.0, 0.0, 0.0, 0.0, 0.0, 0.0, 0.0]"
hMpxV/Peru/LIM-INS-371/2023|EPI_ISL_19343562|2023-01-06,"[0.0, 0.0, 0.0, 0.0, 0.0, 0.0, 0.0, 0.0, 0.0, 0.0, 0.0, 0.0, 0.0, 0.0, 0.0, 0.0, 0.0, 0.0, 0.0, 0.0, 1.0, 0.0, 0.0, 0.0, 0.0, 0.0, 0.0, 0.0, 0.0, 0.0, 0.0]"
NODE_0000458,"[2.0914337942779516e-07, 4.888789385484461e-07, 1.8611600580637115e-06, 2.2472521477481942e-07, 0.9911889865251003, 2.8753069890805127e-07, 3.227499380778948e-07, 2.1687959043481048e-07, 2.2169810753760683e-07, 2.2058939570595598e-07, 2.1220865599130795e-07, 2.1947311580499202e-07, 2.0736791247670417e-07, 3.226441213540946e-07, 2.0864975359276912e-07, 1.0198868046038796e-06, 2.3055362880082353e-07, 2.1947311580498553e-07, 2.1947311580499414e-07, 3.0538715194235973e-07, 0.00880101910756122, 2.2903919898564914e-07, 2.4137049818126855e-07, 2.1809770554782384e-07, 1.2704050758312365e-07, 2.0650416422902653e-07, 1.9367789405970953e-07, 2.075492007888709e-07, 2.1092382394570562e-07, 9.260762301615401e-07, 2.1561541732570478e-07]"
hMpxV/Chile/TA-ISP-131515/2022|EPI_ISL_19345330|2022-11-21,"[0.0, 0.0, 0.0, 0.0, 1.0, 0.0, 0.0, 0.0, 0.0, 0.0, 0.0, 0.0, 0.0, 0.0, 0.0, 0.0, 0.0, 0.0, 0.0, 0.0, 0.0, 0.0, 0.0, 0.0, 0.0, 0.0, 0.0, 0.0, 0.0, 0.0, 0.0]"
NODE_0000459,"[1.3156848541579581e-23, 1.3934187582391878e-22, 3.2479312337170853e-21, 5.2092662668388015e-23, 0.9999999999999992, 5.937862561691484e-23, 6.419882522925018e-23, 5.043629884765864e-23, 5.132734341455023e-23, 5.0464603930874946e-23, 4.9135987510012356e-23, 5.1217905440805225e-23, 4.1530181098482044e-23, 5.948696356952136e-23, 1.8543004217771388e-23, 9.578918967954216e-23, 4.4361640199612446e-23, 5.121790544080318e-23, 5.1217905440810644e-23, 5.1521916972400265e-23, 6.650985237548363e-16, 4.825870538840192e-23, 2.676239347618418e-23, 5.077623281918316e-23, 1.0136603522035713e-23, 4.5408304026063796e-23, 2.8800754337948037e-23, 4.713097179502174e-23, 4.201087250349126e-23, 1.9185102471244508e-23, 4.9958727186986124e-23]"
hMpxV/Chile/RM-ISP-133151/2022|EPI_ISL_19345336|2022-11-30,"[0.0, 0.0, 0.0, 0.0, 1.0, 0.0, 0.0, 0.0, 0.0, 0.0, 0.0, 0.0, 0.0, 0.0, 0.0, 0.0, 0.0, 0.0, 0.0, 0.0, 0.0, 0.0, 0.0, 0.0, 0.0, 0.0, 0.0, 0.0, 0.0, 0.0, 0.0]"
hMpxV/Chile/RM-ISP-134481/2022|EPI_ISL_19345342|2022-12-06,"[0.0, 0.0, 0.0, 0.0, 1.0, 0.0, 0.0, 0.0, 0.0, 0.0, 0.0, 0.0, 0.0, 0.0, 0.0, 0.0, 0.0, 0.0, 0.0, 0.0, 0.0, 0.0, 0.0, 0.0, 0.0, 0.0, 0.0, 0.0, 0.0, 0.0, 0.0]"
hMpxV/Chile/RM-ISP-134390/2022|EPI_ISL_19345341|2022-11-30,"[0.0, 0.0, 0.0, 0.0, 1.0, 0.0, 0.0, 0.0, 0.0, 0.0, 0.0, 0.0, 0.0, 0.0, 0.0, 0.0, 0.0, 0.0, 0.0, 0.0, 0.0, 0.0, 0.0, 0.0, 0.0, 0.0, 0.0, 0.0, 0.0, 0.0, 0.0]"
hMpxV/Chile/RM-ISP-137742/2022|EPI_ISL_19345352|2022-12-15,"[0.0, 0.0, 0.0, 0.0, 0.9999999999999999, 0.0, 0.0, 0.0, 0.0, 0.0, 0.0, 0.0, 0.0, 0.0, 0.0, 0.0, 0.0, 0.0, 0.0, 0.0, 0.0, 0.0, 0.0, 0.0, 0.0, 0.0, 0.0, 0.0, 0.0, 0.0, 0.0]"
hMpxV/Chile/VS-ISP-7728/2023|EPI_ISL_19345370|2023-01-27,"[0.0, 0.0, 0.0, 0.0, 0.9999999999999999, 0.0, 0.0, 0.0, 0.0, 0.0, 0.0, 0.0, 0.0, 0.0, 0.0, 0.0, 0.0, 0.0, 0.0, 0.0, 0.0, 0.0, 0.0, 0.0, 0.0, 0.0, 0.0, 0.0, 0.0, 0.0, 0.0]"
hMpxV/Chile/RM-ISP-7794/2023|EPI_ISL_19345371|2023-01-30,"[0.0, 0.0, 0.0, 0.0, 1.0, 0.0, 0.0, 0.0, 0.0, 0.0, 0.0, 0.0, 0.0, 0.0, 0.0, 0.0, 0.0, 0.0, 0.0, 0.0, 0.0, 0.0, 0.0, 0.0, 0.0, 0.0, 0.0, 0.0, 0.0, 0.0, 0.0]"
hMpxV/Chile/RM-ISP-8717/2023|EPI_ISL_19345372|2023-02-02,"[0.0, 0.0, 0.0, 0.0, 1.0, 0.0, 0.0, 0.0, 0.0, 0.0, 0.0, 0.0, 0.0, 0.0, 0.0, 0.0, 0.0, 0.0, 0.0, 0.0, 0.0, 0.0, 0.0, 0.0, 0.0, 0.0, 0.0, 0.0, 0.0, 0.0, 0.0]"
NODE_0000460,"[5.8496998730890425e-28, 8.264853117976396e-27, 2.1213364666523544e-25, 4.00858659030809e-27, 1.0, 3.916627584293734e-27, 3.9136157266471946e-27, 3.874923164030802e-27, 3.948834868430991e-27, 3.86535944827872e-27, 3.763315849928409e-27, 3.938424345433379e-27, 3.0724117443343177e-27, 3.5842007119489226e-27, 8.97413895857588e-28, 1.4805862099372051e-27, 3.1800839706822732e-27, 3.9384243454339916e-27, 3.9384243454342154e-27, 3.0258224071133412e-27, 1.0645435172661682e-21, 3.643651195673624e-27, 1.282692667837255e-27, 3.9021170260376806e-27, 5.794242519571643e-28, 3.425119422670436e-27, 1.9715785032801566e-27, 3.5826341423513564e-27, 3.109721831743522e-27, 1.4373942446990379e-28, 3.834931933077651e-27]"
hMpxV/Chile/VS-ISP-131906/2022|EPI_ISL_19345332|2022-11-26,"[0.0, 0.0, 0.0, 0.0, 1.0, 0.0, 0.0, 0.0, 0.0, 0.0, 0.0, 0.0, 0.0, 0.0, 0.0, 0.0, 0.0, 0.0, 0.0, 0.0, 0.0, 0.0, 0.0, 0.0, 0.0, 0.0, 0.0, 0.0, 0.0, 0.0, 0.0]"
hMpxV/Chile/RM-ISP-134774/2022|EPI_ISL_19345343|2022-12-01,"[0.0, 0.0, 0.0, 0.0, 1.0, 0.0, 0.0, 0.0, 0.0, 0.0, 0.0, 0.0, 0.0, 0.0, 0.0, 0.0, 0.0, 0.0, 0.0, 0.0, 0.0, 0.0, 0.0, 0.0, 0.0, 0.0, 0.0, 0.0, 0.0, 0.0, 0.0]"
hMpxV/Chile/RM-ISP-135958/2022|EPI_ISL_19345348|2022-12-04,"[0.0, 0.0, 0.0, 0.0, 1.0, 0.0, 0.0, 0.0, 0.0, 0.0, 0.0, 0.0, 0.0, 0.0, 0.0, 0.0, 0.0, 0.0, 0.0, 0.0, 0.0, 0.0, 0.0, 0.0, 0.0, 0.0, 0.0, 0.0, 0.0, 0.0, 0.0]"
hMpxV/Chile/VS-ISP-138625/2022|EPI_ISL_19345356|2022-12-19,"[0.0, 0.0, 0.0, 0.0, 1.0, 0.0, 0.0, 0.0, 0.0, 0.0, 0.0, 0.0, 0.0, 0.0, 0.0, 0.0, 0.0, 0.0, 0.0, 0.0, 0.0, 0.0, 0.0, 0.0, 0.0, 0.0, 0.0, 0.0, 0.0, 0.0, 0.0]"
hMpxV/Chile/RM-ISP-140628/2022|EPI_ISL_19345358|2022-12-28,"[0.0, 0.0, 0.0, 0.0, 0.9999999999999999, 0.0, 0.0, 0.0, 0.0, 0.0, 0.0, 0.0, 0.0, 0.0, 0.0, 0.0, 0.0, 0.0, 0.0, 0.0, 0.0, 0.0, 0.0, 0.0, 0.0, 0.0, 0.0, 0.0, 0.0, 0.0, 0.0]"
hMpxV/Chile/VS-ISP-1163/2023|EPI_ISL_19345353|2023-01-03,"[0.0, 0.0, 0.0, 0.0, 1.0, 0.0, 0.0, 0.0, 0.0, 0.0, 0.0, 0.0, 0.0, 0.0, 0.0, 0.0, 0.0, 0.0, 0.0, 0.0, 0.0, 0.0, 0.0, 0.0, 0.0, 0.0, 0.0, 0.0, 0.0, 0.0, 0.0]"
hMpxV/Chile/RM-ISP-135491/2022|EPI_ISL_19345346|2022-12-09,"[0.0, 0.0, 0.0, 0.0, 1.0, 0.0, 0.0, 0.0, 0.0, 0.0, 0.0, 0.0, 0.0, 0.0, 0.0, 0.0, 0.0, 0.0, 0.0, 0.0, 0.0, 0.0, 0.0, 0.0, 0.0, 0.0, 0.0, 0.0, 0.0, 0.0, 0.0]"
hMpxV/Chile/VS-ISP-7726/2023|EPI_ISL_19345368|2023-01-27,"[0.0, 0.0, 0.0, 0.0, 0.9999999999999999, 0.0, 0.0, 0.0, 0.0, 0.0, 0.0, 0.0, 0.0, 0.0, 0.0, 0.0, 0.0, 0.0, 0.0, 0.0, 0.0, 0.0, 0.0, 0.0, 0.0, 0.0, 0.0, 0.0, 0.0, 0.0, 0.0]"
NODE_0000461,"[4.567484786864861e-08, 9.869806951034386e-08, 2.5015461934740233e-07, 8.117206598516362e-08, 0.9999961812670147, 7.94533464279788e-08, 7.813834943174671e-08, 7.773562436156761e-08, 7.978372729958803e-08, 7.935012925001072e-08, 7.573080429170083e-08, 7.890514750140835e-08, 7.35746922795396e-08, 7.861771599323866e-08, 4.631694940643181e-08, 5.107359642725825e-08, 7.790178360772799e-08, 7.89051475014081e-08, 7.890514750140955e-08, 7.374066500721459e-08, 1.5863330697811047e-06, 8.298964722155332e-08, 4.904714646863376e-08, 7.828498804013717e-08, 4.084550616402576e-08, 7.321914949522876e-08, 6.651891138510661e-08, 7.366618252023857e-08, 7.50273055156239e-08, 3.180292091171323e-08, 7.716572857784667e-08]"
hMpxV/Chile/VS-ISP-4661/2023|EPI_ISL_19345366|2023-01-17,"[0.0, 0.0, 0.0, 0.0, 1.0, 0.0, 0.0, 0.0, 0.0, 0.0, 0.0, 0.0, 0.0, 0.0, 0.0, 0.0, 0.0, 0.0, 0.0, 0.0, 0.0, 0.0, 0.0, 0.0, 0.0, 0.0, 0.0, 0.0, 0.0, 0.0, 0.0]"
NODE_0000462,"[3.810678657931075e-10, 8.648530676562074e-10, 2.2993271160121434e-09, 7.04114738111442e-10, 0.9999999629908998, 6.882916931509256e-10, 6.763266527148749e-10, 6.748908787969821e-10, 6.927784572657925e-10, 6.881202559468135e-10, 6.573800093450476e-10, 6.845928853404622e-10, 6.354321931802675e-10, 6.792492730198488e-10, 3.8957549085341106e-10, 4.2331714444003315e-10, 6.72959301452696e-10, 6.845928853404611e-10, 6.845928853404834e-10, 6.349664724711742e-10, 1.7632563296122688e-08, 7.178053248314748e-10, 4.1487826661168175e-10, 6.794251538347323e-10, 3.4086954996253853e-10, 6.344589754902792e-10, 5.702107254716915e-10, 6.390732969611123e-10, 6.482223794596248e-10, 2.4504433168800325e-10, 6.70119577091946e-10]"
hMpxV/Chile/VS-ISP-189/2022|EPI_ISL_19345361|2022-12-30,"[0.0, 0.0, 0.0, 0.0, 1.0, 0.0, 0.0, 0.0, 0.0, 0.0, 0.0, 0.0, 0.0, 0.0, 0.0, 0.0, 0.0, 0.0, 0.0, 0.0, 0.0, 0.0, 0.0, 0.0, 0.0, 0.0, 0.0, 0.0, 0.0, 0.0, 0.0]"
hMpxV/Chile/VS-ISP-445/2022|EPI_ISL_19345362|2022-12-31,"[0.0, 0.0, 0.0, 0.0, 0.9999999999999999, 0.0, 0.0, 0.0, 0.0, 0.0, 0.0, 0.0, 0.0, 0.0, 0.0, 0.0, 0.0, 0.0, 0.0, 0.0, 0.0, 0.0, 0.0, 0.0, 0.0, 0.0, 0.0, 0.0, 0.0, 0.0, 0.0]"
NODE_0000422,"[0.0011506273963702081, 0.0016131158951762435, 0.009388223293214424, 0.0008806594317505718, 0.004373658365418602, 0.0011245728584712235, 0.20656860515659087, 0.0008495361382709731, 0.0008691435311863355, 0.0008707726037635777, 0.0008312487090306881, 0.0008593003741957803, 0.000829663599986284, 0.001283962961699773, 0.0009154522334546719, 0.004692728746164229, 0.0009545755719257733, 0.0008593003741957375, 0.0008593003741957607, 0.0012173184092307923, 0.7447594737168545, 0.000909973915926071, 0.0013143652111487006, 0.0008541729279798473, 0.0006226169708016843, 0.0008208969301822854, 0.0008071521713095114, 0.0008207263028434923, 0.0008438036572174763, 0.00641005549024881, 0.0008449966811949815]"
hMpxV/Egypt/MOH-NRC-0023/2022|EPI_ISL_18879931|2022-12-18,"[0.0, 0.0, 0.0, 0.0, 0.0, 0.0, 1.0, 0.0, 0.0, 0.0, 0.0, 0.0, 0.0, 0.0, 0.0, 0.0, 0.0, 0.0, 0.0, 0.0, 0.0, 0.0, 0.0, 0.0, 0.0, 0.0, 0.0, 0.0, 0.0, 0.0, 0.0]"
NODE_0000423,"[5.525964956242362e-10, 6.040733092840676e-11, 0.9999999680746068, 5.587339148663932e-11, 1.0664579212894992e-09, 5.853949116166724e-11, 1.182505480304483e-10, 5.5927695775007134e-11, 5.5882178532264405e-11, 5.6914421311604624e-11, 5.569452247816504e-11, 5.604534782669751e-11, 5.152250371158555e-11, 6.04113990469667e-11, 3.720102479930709e-11, 3.0577508739220693e-10, 6.092404548908591e-11, 5.604534782670348e-11, 5.6045347826691315e-11, 5.439173909733615e-11, 1.5529901744581704e-08, 5.312467907335337e-11, 4.989122146856688e-09, 5.596267137670079e-11, 4.267421589236379e-11, 5.589875443915928e-11, 4.429207073289986e-11, 5.671073168589167e-11, 5.146334608808607e-11, 8.115529687048648e-09, 5.5807409159980824e-11]"
hMpxV/Brazil/RJ-UG_UFRJ_0544/2024|EPI_ISL_19434489|2024-03-06,"[0.0, 0.0, 1.0, 0.0, 0.0, 0.0, 0.0, 0.0, 0.0, 0.0, 0.0, 0.0, 0.0, 0.0, 0.0, 0.0, 0.0, 0.0, 0.0, 0.0, 0.0, 0.0, 0.0, 0.0, 0.0, 0.0, 0.0, 0.0, 0.0, 0.0, 0.0]"
hMpxV/Brazil/RJ-UG_UFRJ_0548/2024|EPI_ISL_19434492|2024-04-15,"[0.0, 0.0, 0.9999999999999999, 0.0, 0.0, 0.0, 0.0, 0.0, 0.0, 0.0, 0.0, 0.0, 0.0, 0.0, 0.0, 0.0, 0.0, 0.0, 0.0, 0.0, 0.0, 0.0, 0.0, 0.0, 0.0, 0.0, 0.0, 0.0, 0.0, 0.0, 0.0]"
NODE_0000424,"[1.7575791709025303e-10, 2.2714286662391104e-11, 0.9999999947626046, 2.270412400685871e-11, 2.710241996295654e-10, 2.275735213334889e-11, 2.929175530006259e-11, 2.2643004946604265e-11, 2.267973721357136e-11, 2.2759613229562615e-11, 2.2511191982518156e-11, 2.2701631571716974e-11, 2.1068383204841584e-11, 2.2721861160325747e-11, 1.4766019702340615e-11, 7.423087176433428e-11, 2.237588175552128e-11, 2.2701631571721666e-11, 2.2701631571716977e-11, 2.118357379496488e-11, 1.758761388938143e-09, 2.1809944425219238e-11, 1.358156835332926e-09, 2.2664755595089463e-11, 1.4800935479798825e-11, 2.2089244760463483e-11, 1.8379734240712224e-11, 2.2401393580239548e-11, 2.1079124874290418e-11, 1.07536372870235e-09, 2.259384745927132e-11]"
hMpxV/Brazil/SC-FIOCRUZ-10555/2024|EPI_ISL_19416191|2024-03-01,"[0.0, 0.0, 0.9999999999999999, 0.0, 0.0, 0.0, 0.0, 0.0, 0.0, 0.0, 0.0, 0.0, 0.0, 0.0, 0.0, 0.0, 0.0, 0.0, 0.0, 0.0, 0.0, 0.0, 0.0, 0.0, 0.0, 0.0, 0.0, 0.0, 0.0, 0.0, 0.0]"
NODE_0000425,"[3.848952931476079e-07, 8.478761854112048e-08, 0.999992331335159, 8.53082199638463e-08, 5.128832865634575e-07, 8.508398868296062e-08, 1.0156333997718123e-07, 8.405524632330692e-08, 8.48089691206822e-08, 8.522911430097084e-08, 8.314173069728506e-08, 8.455335947116955e-08, 8.01854023177851e-08, 8.59439958583354e-08, 5.98243279385917e-08, 1.923989640297508e-07, 8.618503138044013e-08, 8.455335947117126e-08, 8.455335947116509e-08, 8.090808025129106e-08, 1.5018666416014084e-06, 8.44664719894101e-08, 1.6101567394540433e-06, 8.428018801757035e-08, 6.139479233076228e-08, 8.193859886801916e-08, 7.34481000877034e-08, 8.253447685255723e-08, 8.07017312636092e-08, 1.4932361736087077e-06, 8.377823933196871e-08]"
hMpxV/Brazil/RJ-UG_UFRJ_0542/2024|EPI_ISL_19434488|2024-02-08,"[0.0, 0.0, 1.0, 0.0, 0.0, 0.0, 0.0, 0.0, 0.0, 0.0, 0.0, 0.0, 0.0, 0.0, 0.0, 0.0, 0.0, 0.0, 0.0, 0.0, 0.0, 0.0, 0.0, 0.0, 0.0, 0.0, 0.0, 0.0, 0.0, 0.0, 0.0]"
hMpxV/Brazil/RJ-FIOCRUZ-10485/2024|EPI_ISL_19416149|2024-04-07,"[0.0, 0.0, 1.0, 0.0, 0.0, 0.0, 0.0, 0.0, 0.0, 0.0, 0.0, 0.0, 0.0, 0.0, 0.0, 0.0, 0.0, 0.0, 0.0, 0.0, 0.0, 0.0, 0.0, 0.0, 0.0, 0.0, 0.0, 0.0, 0.0, 0.0, 0.0]"
NODE_0000426,"[4.016819344118228e-09, 7.739498876754888e-10, 0.9999999146789003, 7.831209927144626e-10, 5.552361481477387e-09, 7.784937923857779e-10, 9.535584642002533e-10, 7.747190190152984e-10, 7.79987448838538e-10, 7.779441632315979e-10, 7.676219182105487e-10, 7.782177912798638e-10, 7.335325170052572e-10, 7.691575395954086e-10, 5.31017858404094e-10, 1.89304579692573e-09, 7.564243759134355e-10, 7.782177912800153e-10, 7.782177912798729e-10, 7.328356086696625e-10, 1.9661807812380484e-08, 7.682293869557569e-10, 1.9936993554708175e-08, 7.762540141774072e-10, 5.006155439686713e-10, 7.514419283864888e-10, 6.626505182769998e-10, 7.589675325514406e-10, 7.372219566628544e-10, 1.6285084077006892e-08, 7.725897867017534e-10]"
hMpxV/Brazil/RJ-FIOCRUZ-331/2024|EPI_ISL_19408591|2024-01-12,"[0.0, 0.0, 1.0, 0.0, 0.0, 0.0, 0.0, 0.0, 0.0, 0.0, 0.0, 0.0, 0.0, 0.0, 0.0, 0.0, 0.0, 0.0, 0.0, 0.0, 0.0, 0.0, 0.0, 0.0, 0.0, 0.0, 0.0, 0.0, 0.0, 0.0, 0.0]"
hMpxV/Brazil/RJ-FIOCRUZ-14479/2023|EPI_ISL_19012435|2023-12-18,"[0.0, 0.0, 0.9999999999999999, 0.0, 0.0, 0.0, 0.0, 0.0, 0.0, 0.0, 0.0, 0.0, 0.0, 0.0, 0.0, 0.0, 0.0, 0.0, 0.0, 0.0, 0.0, 0.0, 0.0, 0.0, 0.0, 0.0, 0.0, 0.0, 0.0, 0.0, 0.0]"
NODE_0000427,"[6.810635412994011e-08, 2.1485772995461063e-10, 0.999999877549924, 2.1392127614847686e-10, 2.510854817665746e-09, 2.1496587332668606e-10, 2.77064692722778e-10, 2.1508172456339539e-10, 2.147109568851617e-10, 2.1479670305681447e-10, 2.1446150130457538e-10, 2.1498428085208483e-10, 1.9599425765372157e-10, 2.1298487562952643e-10, 1.7125601766390266e-10, 6.770881400814174e-10, 2.0779482495369518e-10, 2.149842808520967e-10, 2.1498428085206966e-10, 1.9653615705340368e-10, 1.998575216792512e-08, 2.015698576454513e-10, 1.211318384202963e-08, 2.1494843143278692e-10, 1.690971800632778e-10, 2.0942357391290085e-10, 1.6711466496450667e-10, 2.133561381213244e-10, 1.9615723994014356e-10, 1.4060938205088962e-08, 2.1485824961298763e-10]"
hMpxV/Brazil/RJ-UG_UFRJ_0545/2024|EPI_ISL_19434490|2024-03-28,"[0.0, 0.0, 1.0, 0.0, 0.0, 0.0, 0.0, 0.0, 0.0, 0.0, 0.0, 0.0, 0.0, 0.0, 0.0, 0.0, 0.0, 0.0, 0.0, 0.0, 0.0, 0.0, 0.0, 0.0, 0.0, 0.0, 0.0, 0.0, 0.0, 0.0, 0.0]"
hMpxV/Brazil/SP-IAL-357523319/2024|EPI_ISL_19359683|2024-02-26,"[0.0, 0.0, 0.9999999999999999, 0.0, 0.0, 0.0, 0.0, 0.0, 0.0, 0.0, 0.0, 0.0, 0.0, 0.0, 0.0, 0.0, 0.0, 0.0, 0.0, 0.0, 0.0, 0.0, 0.0, 0.0, 0.0, 0.0, 0.0, 0.0, 0.0, 0.0, 0.0]"
hMpxV/Brazil/RJ-FIOCRUZ-09214/2024|EPI_ISL_19416144|2024-03-25,"[0.0, 0.0, 1.0, 0.0, 0.0, 0.0, 0.0, 0.0, 0.0, 0.0, 0.0, 0.0, 0.0, 0.0, 0.0, 0.0, 0.0, 0.0, 0.0, 0.0, 0.0, 0.0, 0.0, 0.0, 0.0, 0.0, 0.0, 0.0, 0.0, 0.0, 0.0]"
NODE_0000428,"[0.9999880582107148, 8.072552728276417e-08, 8.941671484400794e-06, 8.193237914131757e-08, 1.2434004679038235e-07, 8.127758461036885e-08, 8.4675114507746e-08, 8.039055942888388e-08, 8.136843139763707e-08, 8.135841698569733e-08, 7.929657342745183e-08, 8.094997860861827e-08, 7.610161655475171e-08, 8.11678449323388e-08, 1.185221353568085e-07, 7.952018102118256e-08, 8.072042152037866e-08, 8.094997860860281e-08, 8.094997860861774e-08, 7.636080245165263e-08, 1.730045245668075e-07, 8.128769122020778e-08, 1.4190375429028206e-07, 8.06434159330775e-08, 1.1389121128762411e-07, 7.760239389909125e-08, 6.897240012310625e-08, 7.82615462679995e-08, 7.681076341870043e-08, 4.970479400990904e-07, 8.008458843762891e-08]"
hMpxV/Australia/VIC-VIDRL-1795/2024|EPI_ISL_19459732|2024-05-22,"[1.0, 0.0, 0.0, 0.0, 0.0, 0.0, 0.0, 0.0, 0.0, 0.0, 0.0, 0.0, 0.0, 0.0, 0.0, 0.0, 0.0, 0.0, 0.0, 0.0, 0.0, 0.0, 0.0, 0.0, 0.0, 0.0, 0.0, 0.0, 0.0, 0.0, 0.0]"
hMpxV/Australia/VIC-VIDRL-40804/2024|EPI_ISL_19459740|2024-05-30,"[1.0, 0.0, 0.0, 0.0, 0.0, 0.0, 0.0, 0.0, 0.0, 0.0, 0.0, 0.0, 0.0, 0.0, 0.0, 0.0, 0.0, 0.0, 0.0, 0.0, 0.0, 0.0, 0.0, 0.0, 0.0, 0.0, 0.0, 0.0, 0.0, 0.0, 0.0]"
NODE_0000429,"[1.0815817590931532e-06, 1.2131776458532393e-07, 0.9991954124511522, 1.2009932411647688e-07, 7.796721973739581e-07, 1.211844503936221e-07, 1.445078218220984e-07, 1.2049575695858267e-07, 1.2034211411196346e-07, 1.2086775847892782e-07, 1.2013782362191473e-07, 1.2052970298325375e-07, 1.1235076647140687e-07, 1.2155011928393668e-07, 1.1893703230700946e-07, 6.436450838072911e-07, 2.357545317400691e-07, 1.205297029832548e-07, 1.2052970298324742e-07, 1.1321519119270917e-07, 1.9317944859281312e-05, 1.1529226500920142e-07, 3.927185921131847e-06, 1.2047414973122171e-07, 1.2286422464201246e-07, 1.733187789115632e-07, 9.858815409795122e-08, 1.7202320480572363e-07, 1.1211134374955297e-07, 0.0007757501317346498, 1.2036560787170788e-07]"
NODE_0000430,"[4.440364725313503e-09, 8.842834449978741e-10, 0.9999998895616099, 8.926783203439298e-10, 5.984489495227049e-09, 8.885957332447605e-10, 1.0787909102964182e-09, 8.822487414048991e-10, 8.887450250864168e-10, 8.883094826479822e-10, 8.737971920591622e-10, 8.865098421404067e-10, 8.37166737340752e-10, 8.836788170241685e-10, 6.176957866252349e-10, 2.153966071172819e-09, 8.910153570685119e-10, 8.86509842140708e-10, 8.865098421398939e-10, 8.389515647018308e-10, 2.1455159952328983e-08, 8.780146221783304e-10, 2.0699203573709567e-08, 8.841328291518105e-10, 5.96649741717772e-10, 8.656708773003893e-10, 7.594681760569925e-10, 8.731024479158643e-10, 8.416648371866502e-10, 3.512129307079432e-08, 8.797230064396854e-10]"
hMpxV/Brazil/RJ-FIOCRUZ-10504/2024|EPI_ISL_19416157|2024-05-15,"[0.0, 0.0, 1.0, 0.0, 0.0, 0.0, 0.0, 0.0, 0.0, 0.0, 0.0, 0.0, 0.0, 0.0, 0.0, 0.0, 0.0, 0.0, 0.0, 0.0, 0.0, 0.0, 0.0, 0.0, 0.0, 0.0, 0.0, 0.0, 0.0, 0.0, 0.0]"
hMpxV/Brazil/RJ-FIOCRUZ-10507/2024|EPI_ISL_19416159|2024-05-22,"[0.0, 0.0, 1.0, 0.0, 0.0, 0.0, 0.0, 0.0, 0.0, 0.0, 0.0, 0.0, 0.0, 0.0, 0.0, 0.0, 0.0, 0.0, 0.0, 0.0, 0.0, 0.0, 0.0, 0.0, 0.0, 0.0, 0.0, 0.0, 0.0, 0.0, 0.0]"
NODE_0000432,"[2.5679386933968315e-09, 4.379901547365276e-10, 0.9999995536719252, 4.4101442908918563e-10, 3.090306864174781e-09, 4.3957518585781577e-10, 5.351912233959611e-10, 4.3734838383775487e-10, 4.3972107706520533e-10, 4.387260772034035e-10, 4.3382812417575465e-10, 4.389801295180003e-10, 4.131526669370601e-10, 4.3469849232337095e-10, 3.2610640690290443e-10, 1.3007216704555476e-09, 5.058155112078511e-10, 4.3898012951815796e-10, 4.3898012951775926e-10, 4.133898982357853e-10, 2.7448338507603774e-08, 4.311936399290694e-10, 1.2349801652669234e-08, 4.380420724827103e-10, 3.0965903346438736e-10, 4.633496928783247e-10, 3.7175037809419957e-10, 4.658278865617415e-10, 4.147615871545427e-10, 3.8922659820437554e-07, 4.362869655333046e-10]"
hMpxV/Brazil/RJ-FIOCRUZ-3526/2024|EPI_ISL_19205399|2024-04-03,"[0.0, 0.0, 1.0, 0.0, 0.0, 0.0, 0.0, 0.0, 0.0, 0.0, 0.0, 0.0, 0.0, 0.0, 0.0, 0.0, 0.0, 0.0, 0.0, 0.0, 0.0, 0.0, 0.0, 0.0, 0.0, 0.0, 0.0, 0.0, 0.0, 0.0, 0.0]"
hMpxV/Brazil/RJ-FIOCRUZ-3528/2024|EPI_ISL_19205401|2024-04-24,"[0.0, 0.0, 1.0, 0.0, 0.0, 0.0, 0.0, 0.0, 0.0, 0.0, 0.0, 0.0, 0.0, 0.0, 0.0, 0.0, 0.0, 0.0, 0.0, 0.0, 0.0, 0.0, 0.0, 0.0, 0.0, 0.0, 0.0, 0.0, 0.0, 0.0, 0.0]"
NODE_0000431,"[8.428230910802976e-08, 6.323340673790732e-09, 6.293686500945107e-05, 6.130909828223308e-09, 1.7571701319226072e-08, 6.284135059523649e-09, 6.774431858335583e-09, 6.25096650680844e-09, 6.204410068966551e-09, 6.160158269476497e-09, 6.276131505227202e-09, 6.208077887660322e-09, 5.813027387364468e-09, 6.1884985602586566e-09, 1.1777016049194263e-08, 8.780118315196704e-08, 3.668076086985086e-08, 6.208077887660052e-09, 6.2080778876582544e-09, 5.818568079859339e-09, 6.497193024612256e-06, 5.835994756567476e-09, 1.0024715655752014e-07, 6.2277008389089044e-09, 1.1339915381906149e-08, 1.72834163468193e-08, 5.138528400747475e-09, 1.6573550728532183e-08, 5.770502507693093e-09, 0.999930066298593, 6.26482531511935e-09]"
hMpxV/USA/CA-LACPHL-MA00622/2024|EPI_ISL_19139151|2024-04-11,"[0.0, 0.0, 0.0, 0.0, 0.0, 0.0, 0.0, 0.0, 0.0, 0.0, 0.0, 0.0, 0.0, 0.0, 0.0, 0.0, 0.0, 0.0, 0.0, 0.0, 0.0, 0.0, 0.0, 0.0, 0.0, 0.0, 0.0, 0.0, 0.0, 1.0, 0.0]"
hMpxV/USA/CA-LACPHL-MA00626/2024|EPI_ISL_19196359|2024-05-17,"[0.0, 0.0, 0.0, 0.0, 0.0, 0.0, 0.0, 0.0, 0.0, 0.0, 0.0, 0.0, 0.0, 0.0, 0.0, 0.0, 0.0, 0.0, 0.0, 0.0, 0.0, 0.0, 0.0, 0.0, 0.0, 0.0, 0.0, 0.0, 0.0, 1.0, 0.0]"
hMpxV/USA/CA-LACPHL-MA00650/2024|EPI_ISL_19319388|2024-07-10,"[0.0, 0.0, 0.0, 0.0, 0.0, 0.0, 0.0, 0.0, 0.0, 0.0, 0.0, 0.0, 0.0, 0.0, 0.0, 0.0, 0.0, 0.0, 0.0, 0.0, 0.0, 0.0, 0.0, 0.0, 0.0, 0.0, 0.0, 0.0, 0.0, 1.0, 0.0]"
NODE_0000435,"[0.00019714495446020736, 0.0003744103056541767, 0.0013005316193185387, 0.0002043908986787758, 0.000854150956722604, 0.0002604962338586369, 0.00029156441055029, 0.0002005520564537606, 0.00020604774134255158, 0.00028662058849738485, 0.0001948278229699478, 0.0001999966922432999, 0.00019161355252360942, 0.0006624212296207678, 0.00019499395515236212, 0.0009312984039427952, 0.0005678895166477222, 0.00019999669224326694, 0.00019999669224327076, 0.6998768191050437, 0.24444614105946996, 0.00020788803097748426, 0.04473106311334094, 0.00020022156384471015, 0.0007650669508925383, 0.0001893181979287822, 0.00017921795405796773, 0.00019088279695051, 0.00019264959107863494, 0.001300957727355417, 0.00020082958593545285]"
NODE_0000447,"[1.5022930104053828e-07, 2.546039585886074e-07, 1.9507457346518976e-06, 2.223859168707972e-07, 3.409498689988331e-07, 2.3198981408013068e-07, 2.3585652645631612e-07, 2.1655785487222805e-07, 2.2201100825460176e-07, 4.78369629663187e-07, 2.1108305564956442e-07, 2.174272002608526e-07, 2.057385890882938e-07, 1.4025554558580505e-06, 1.5120345423926284e-07, 3.2512088304418814e-07, 1.8678735245581355e-06, 2.1742720026085035e-07, 2.17427200260884e-07, 3.227732385715379e-05, 1.1385114762760959e-05, 2.2564792902013153e-07, 0.9999385175432826, 2.1691851589071385e-07, 6.392507659264076e-06, 2.0476722339260126e-07, 1.8842558600820444e-07, 2.0646133757913727e-07, 2.07883889570746e-07, 8.417268973737882e-07, 2.1612288261486e-07]"
hMpxV/Portugal/INSA-PT0615/2022|EPI_ISL_18544967|2022-12-26,"[0.0, 0.0, 0.0, 0.0, 0.0, 0.0, 0.0, 0.0, 0.0, 0.0, 0.0, 0.0, 0.0, 0.0, 0.0, 0.0, 0.0, 0.0, 0.0, 0.0, 0.0, 0.0, 0.9999999999999999, 0.0, 0.0, 0.0, 0.0, 0.0, 0.0, 0.0, 0.0]"
hMpxV/Portugal/INSA-PT0618/2023|EPI_ISL_18544281|2023-01-12,"[0.0, 0.0, 0.0, 0.0, 0.0, 0.0, 0.0, 0.0, 0.0, 0.0, 0.0, 0.0, 0.0, 0.0, 0.0, 0.0, 0.0, 0.0, 0.0, 0.0, 0.0, 0.0, 0.9999999999999999, 0.0, 0.0, 0.0, 0.0, 0.0, 0.0, 0.0, 0.0]"
NODE_0000436,"[4.431884612325309e-13, 1.747644359170581e-12, 1.7137540292040323e-12, 9.969860208230466e-13, 3.5109835600769982e-12, 1.2441037517101978e-12, 1.3898572458488934e-12, 9.755911929065946e-13, 9.978896377173887e-13, 1.265236851677201e-12, 9.470317906423782e-13, 9.79301447171101e-13, 8.479354459161381e-13, 2.5123715674903146e-12, 5.523164973793853e-13, 3.003827562114133e-12, 2.024792212816274e-12, 9.79301447170605e-13, 9.793014471706355e-13, 0.9999999982424462, 1.4483571253965852e-09, 9.545693295449532e-13, 2.736224728463468e-10, 9.767701536660455e-13, 1.4084217238676252e-12, 8.908179640212506e-13, 6.573310031075809e-13, 9.15904854240635e-13, 8.519757012009392e-13, 8.345314680560722e-13, 9.725869989349838e-13]"
hMpxV/Paraguay/601896/2023|EPI_ISL_17988355|2023-02-15,"[0.0, 0.0, 0.0, 0.0, 0.0, 0.0, 0.0, 0.0, 0.0, 0.0, 0.0, 0.0, 0.0, 0.0, 0.0, 0.0, 0.0, 0.0, 0.0, 1.0, 0.0, 0.0, 0.0, 0.0, 0.0, 0.0, 0.0, 0.0, 0.0, 0.0, 0.0]"
hMpxV/Paraguay/742315/2022|EPI_ISL_17988367|2022-11-26,"[0.0, 0.0, 0.0, 0.0, 0.0, 0.0, 0.0, 0.0, 0.0, 0.0, 0.0, 0.0, 0.0, 0.0, 0.0, 0.0, 0.0, 0.0, 0.0, 1.0, 0.0, 0.0, 0.0, 0.0, 0.0, 0.0, 0.0, 0.0, 0.0, 0.0, 0.0]"
NODE_0000446,"[2.055862971724251e-07, 3.6662906438471817e-07, 1.5250763464897939e-07, 3.8147986221792085e-07, 3.1222062513807793e-07, 3.722543039580824e-07, 3.652736830250846e-07, 3.648748098497167e-07, 3.746081811061127e-07, 3.7303448632111693e-07, 3.552252397862013e-07, 3.706526132691123e-07, 3.438815414828059e-07, 3.6874993788325917e-07, 2.1150750635081413e-07, 2.260558956598389e-07, 3.6549053013755327e-07, 3.7065261326909496e-07, 3.706526132690927e-07, 0.9999902711142321, 2.1182719832065736e-07, 3.893602918441724e-07, 5.166985111780801e-07, 3.6758698447287614e-07, 1.8903711086015976e-07, 3.4271068581083915e-07, 3.080157111800909e-07, 3.4505602895843947e-07, 3.506540980237081e-07, 9.455606257997071e-08, 3.6204564573924194e-07]"
hMpxV/Paraguay/595736/2023|EPI_ISL_17988354|2023-02-07,"[0.0, 0.0, 0.0, 0.0, 0.0, 0.0, 0.0, 0.0, 0.0, 0.0, 0.0, 0.0, 0.0, 0.0, 0.0, 0.0, 0.0, 0.0, 0.0, 1.0, 0.0, 0.0, 0.0, 0.0, 0.0, 0.0, 0.0, 0.0, 0.0, 0.0, 0.0]"
hMpxV/Paraguay/585623/2023|EPI_ISL_17988349|2023-01-23,"[0.0, 0.0, 0.0, 0.0, 0.0, 0.0, 0.0, 0.0, 0.0, 0.0, 0.0, 0.0, 0.0, 0.0, 0.0, 0.0, 0.0, 0.0, 0.0, 1.0, 0.0, 0.0, 0.0, 0.0, 0.0, 0.0, 0.0, 0.0, 0.0, 0.0, 0.0]"
NODE_0000444,"[4.23134753684567e-10, 9.268365427813629e-10, 2.941083899189727e-10, 9.670125059610681e-10, 7.67670320152168e-10, 9.423859531039426e-10, 9.262059838544795e-10, 9.256519585623882e-10, 9.494208611499927e-10, 9.439282445909486e-10, 9.005657453734335e-10, 9.408675534316276e-10, 8.493730338934219e-10, 9.237355069158888e-10, 4.6468052510168423e-10, 5.206508245319022e-10, 9.010540336337123e-10, 9.40867553431496e-10, 9.408675534314776e-10, 0.9999999756647845, 6.368618785585332e-10, 9.69865740281413e-10, 1.5634157948731384e-09, 9.3270462225291e-10, 3.9960608543061556e-10, 8.606911299024938e-10, 7.217737280166504e-10, 8.716292434593393e-10, 8.650448507251408e-10, 1.4672254777648526e-10, 9.178820476942203e-10]"
hMpxV/Paraguay/593520/2023|EPI_ISL_17988352|2023-02-02,"[0.0, 0.0, 0.0, 0.0, 0.0, 0.0, 0.0, 0.0, 0.0, 0.0, 0.0, 0.0, 0.0, 0.0, 0.0, 0.0, 0.0, 0.0, 0.0, 1.0, 0.0, 0.0, 0.0, 0.0, 0.0, 0.0, 0.0, 0.0, 0.0, 0.0, 0.0]"
hMpxV/Paraguay/607376/2023|EPI_ISL_17988357|2023-02-18,"[0.0, 0.0, 0.0, 0.0, 0.0, 0.0, 0.0, 0.0, 0.0, 0.0, 0.0, 0.0, 0.0, 0.0, 0.0, 0.0, 0.0, 0.0, 0.0, 1.0, 0.0, 0.0, 0.0, 0.0, 0.0, 0.0, 0.0, 0.0, 0.0, 0.0, 0.0]"
NODE_0000445,"[9.924322579312724e-09, 1.808394248516026e-08, 7.271442670643398e-09, 1.882750199910851e-08, 1.534780034185062e-08, 1.837139630991355e-08, 1.802676590603342e-08, 1.8019207636411383e-08, 1.8502102284892063e-08, 1.8399883915735097e-08, 1.7540888294637253e-08, 1.8295662968076634e-08, 1.6922094930215286e-08, 1.8152324258424766e-08, 1.0237530757500059e-08, 1.1023077265210562e-08, 1.796677891503123e-08, 1.8295662968073054e-08, 1.82956629680732e-08, 0.9999995204027144, 1.0913737573751402e-08, 1.91794112505199e-08, 2.6277705744936325e-08, 1.8148542053348596e-08, 9.037787868607354e-09, 1.6904519257480937e-08, 1.5083726453176854e-08, 1.703340348261627e-08, 1.7260712500704054e-08, 4.370670261873934e-09, 1.78830195000964e-08]"
hMpxV/Paraguay/595642/2023|EPI_ISL_17988353|2023-02-07,"[0.0, 0.0, 0.0, 0.0, 0.0, 0.0, 0.0, 0.0, 0.0, 0.0, 0.0, 0.0, 0.0, 0.0, 0.0, 0.0, 0.0, 0.0, 0.0, 1.0, 0.0, 0.0, 0.0, 0.0, 0.0, 0.0, 0.0, 0.0, 0.0, 0.0, 0.0]"
hMpxV/Paraguay/747046/2023|EPI_ISL_17988377|2023-01-02,"[0.0, 0.0, 0.0, 0.0, 0.0, 0.0, 0.0, 0.0, 0.0, 0.0, 0.0, 0.0, 0.0, 0.0, 0.0, 0.0, 0.0, 0.0, 0.0, 1.0, 0.0, 0.0, 0.0, 0.0, 0.0, 0.0, 0.0, 0.0, 0.0, 0.0, 0.0]"
NODE_0000437,"[5.876578370853477e-12, 1.3496060490301079e-11, 3.969817914172337e-12, 1.40996718522887e-11, 1.1096370926174229e-11, 1.3739941081452283e-11, 1.3503203892337175e-11, 1.351675133965037e-11, 1.3868172878796438e-11, 1.3744241834236673e-11, 1.3147630954267163e-11, 1.3722501971627828e-11, 1.2304961490608227e-11, 1.3389602713910453e-11, 6.486572504108503e-12, 7.393343920613668e-12, 1.3023017655457017e-11, 1.3722501971622444e-11, 1.3722501971622977e-11, 0.9999999996450072, 1.0265485656941046e-11, 1.4082072786329741e-11, 2.4392632140981865e-11, 1.361129373567375e-11, 5.421111965292347e-12, 1.2535933965458776e-11, 1.0347488642822182e-11, 1.2717129334120851e-11, 1.2542106354895612e-11, 1.8442244759288654e-12, 1.3409945858488715e-11]"
NODE_0000442,"[9.287273028270903e-09, 1.690834901885315e-08, 6.8069860777073906e-09, 1.7603228244550137e-08, 1.4352206845498275e-08, 1.717688259779709e-08, 1.6854574763837974e-08, 1.684728439231457e-08, 1.7298789094873157e-08, 1.7203678410876412e-08, 1.640014792481118e-08, 1.7105856995339362e-08, 1.5823725995711286e-08, 1.697332791257124e-08, 9.57862555185567e-09, 1.031130119689696e-08, 1.680107790157084e-08, 1.7105856995335183e-08, 1.7105856995335742e-08, 0.999999551566688, 1.0191165786145446e-08, 1.7933793112062956e-08, 2.4541346101089586e-08, 1.6968266488797586e-08, 8.458759725274865e-09, 1.5805929429453397e-08, 1.410786241415914e-08, 1.5925950781319854e-08, 1.6140362195557002e-08, 4.0949112640685574e-09, 1.6719934906056985e-08]"
hMpxV/Paraguay/591628/2023|EPI_ISL_17988351|2023-01-31,"[0.0, 0.0, 0.0, 0.0, 0.0, 0.0, 0.0, 0.0, 0.0, 0.0, 0.0, 0.0, 0.0, 0.0, 0.0, 0.0, 0.0, 0.0, 0.0, 1.0, 0.0, 0.0, 0.0, 0.0, 0.0, 0.0, 0.0, 0.0, 0.0, 0.0, 0.0]"
hMpxV/Paraguay/745948/2022|EPI_ISL_17988370|2022-12-21,"[0.0, 0.0, 0.0, 0.0, 0.0, 0.0, 0.0, 0.0, 0.0, 0.0, 0.0, 0.0, 0.0, 0.0, 0.0, 0.0, 0.0, 0.0, 0.0, 1.0, 0.0, 0.0, 0.0, 0.0, 0.0, 0.0, 0.0, 0.0, 0.0, 0.0, 0.0]"
NODE_0000443,"[1.0752962080256566e-11, 2.360527547807966e-11, 7.4331501265174e-12, 2.4635161267100636e-11, 1.9538034267033044e-11, 2.4008966760447436e-11, 2.359377564888877e-11, 2.3591361923510438e-11, 2.4201235778210244e-11, 2.403928630930739e-11, 2.2951115908850374e-11, 2.3969194049627062e-11, 2.163149348802336e-11, 2.3505838764833237e-11, 1.1782090926472415e-11, 1.3230212376012422e-11, 2.29300963653288e-11, 2.3969194049595597e-11, 2.396919404960303e-11, 0.9999999993797921, 1.6533996794730892e-11, 2.470348129362344e-11, 4.017556053507965e-11, 2.376612758647948e-11, 1.0059646228928903e-11, 2.1931523110025855e-11, 1.838400236961378e-11, 2.2213803852876078e-11, 2.2037460802963998e-11, 3.666528505630394e-12, 2.33980333132254e-11]"
hMpxV/Paraguay/635677/2023|EPI_ISL_17988361|2023-03-27,"[0.0, 0.0, 0.0, 0.0, 0.0, 0.0, 0.0, 0.0, 0.0, 0.0, 0.0, 0.0, 0.0, 0.0, 0.0, 0.0, 0.0, 0.0, 0.0, 1.0, 0.0, 0.0, 0.0, 0.0, 0.0, 0.0, 0.0, 0.0, 0.0, 0.0, 0.0]"
hMpxV/Paraguay/746338/2022|EPI_ISL_17988372|2022-12-26,"[0.0, 0.0, 0.0, 0.0, 0.0, 0.0, 0.0, 0.0, 0.0, 0.0, 0.0, 0.0, 0.0, 0.0, 0.0, 0.0, 0.0, 0.0, 0.0, 1.0, 0.0, 0.0, 0.0, 0.0, 0.0, 0.0, 0.0, 0.0, 0.0, 0.0, 0.0]"
hMpxV/Paraguay/747004/2023|EPI_ISL_17988374|2023-01-02,"[0.0, 0.0, 0.0, 0.0, 0.0, 0.0, 0.0, 0.0, 0.0, 0.0, 0.0, 0.0, 0.0, 0.0, 0.0, 0.0, 0.0, 0.0, 0.0, 1.0, 0.0, 0.0, 0.0, 0.0, 0.0, 0.0, 0.0, 0.0, 0.0, 0.0, 0.0]"
NODE_0000438,"[1.7525471466656937e-11, 3.808356835985459e-11, 1.2191576197982641e-11, 3.973360212523227e-11, 3.1571500134537444e-11, 3.8723873108283406e-11, 3.8054949501714556e-11, 3.8037292848997513e-11, 3.901771801147453e-11, 3.8784370748027076e-11, 3.700669700408549e-11, 3.865707226605792e-11, 3.4937104809764124e-11, 3.7961367821834517e-11, 1.918375442588804e-11, 2.146076680353291e-11, 3.7054021666161646e-11, 3.865707226603421e-11, 3.865707226603832e-11, 0.999999998999698, 2.60846843780319e-11, 3.987945819046667e-11, 6.385304774878656e-11, 3.832449560218904e-11, 1.6483941776697477e-11, 3.5380502099172775e-11, 2.975792830942168e-11, 3.582256087181395e-11, 3.5586108141476505e-11, 6.109185252539646e-12, 3.772124667494497e-11]"
hMpxV/Paraguay/617799/2023|EPI_ISL_17988359|2023-03-03,"[0.0, 0.0, 0.0, 0.0, 0.0, 0.0, 0.0, 0.0, 0.0, 0.0, 0.0, 0.0, 0.0, 0.0, 0.0, 0.0, 0.0, 0.0, 0.0, 1.0, 0.0, 0.0, 0.0, 0.0, 0.0, 0.0, 0.0, 0.0, 0.0, 0.0, 0.0]"
NODE_0000439,"[4.93166316515926e-08, 8.818035305108929e-08, 3.6514366754993245e-08, 9.176082894438199e-08, 7.505891618472138e-08, 8.954141465745136e-08, 8.786129945225514e-08, 8.777600474935804e-08, 9.012008696945508e-08, 8.972085047804123e-08, 8.545321944650174e-08, 8.915791471424144e-08, 8.268723790838019e-08, 8.86635159999346e-08, 5.074245555750474e-08, 5.428660034643621e-08, 8.786560076480809e-08, 8.915791471422982e-08, 8.915791471422761e-08, 0.9999976601713186, 5.1277739897431914e-08, 9.36343181450838e-08, 1.2479735347264546e-07, 8.842432597350476e-08, 4.525723244876488e-08, 8.243110825581556e-08, 7.402342399936818e-08, 8.300368201003472e-08, 8.43206510568833e-08, 2.2536868275002957e-08, 8.709885061690234e-08]"
hMpxV/Paraguay/590800/2023|EPI_ISL_17988350|2023-01-29,"[0.0, 0.0, 0.0, 0.0, 0.0, 0.0, 0.0, 0.0, 0.0, 0.0, 0.0, 0.0, 0.0, 0.0, 0.0, 0.0, 0.0, 0.0, 0.0, 0.9999999999999999, 0.0, 0.0, 0.0, 0.0, 0.0, 0.0, 0.0, 0.0, 0.0, 0.0, 0.0]"
hMpxV/Paraguay/613691/2023|EPI_ISL_17988358|2023-02-28,"[0.0, 0.0, 0.0, 0.0, 0.0, 0.0, 0.0, 0.0, 0.0, 0.0, 0.0, 0.0, 0.0, 0.0, 0.0, 0.0, 0.0, 0.0, 0.0, 1.0, 0.0, 0.0, 0.0, 0.0, 0.0, 0.0, 0.0, 0.0, 0.0, 0.0, 0.0]"
NODE_0000440,"[7.519930309604068e-10, 1.3955929644506477e-09, 5.452047106228856e-10, 1.453687559329392e-09, 1.1810780314444835e-09, 1.4184285838679291e-09, 1.3918093397243372e-09, 1.3920169596432015e-09, 1.4294672252529144e-09, 1.419964726886553e-09, 1.354954783780831e-09, 1.4127871313748475e-09, 1.3033308136445962e-09, 1.3985120060933637e-09, 7.775154443680795e-10, 8.425272537055741e-10, 1.382612023583254e-09, 1.4127871313743036e-09, 1.4127871313743631e-09, 0.9999999630008485, 8.740574907459239e-10, 1.4784552575312708e-09, 2.080967804246007e-09, 1.4017050221497325e-09, 6.793060585905685e-10, 1.304609511686143e-09, 1.1569675642595743e-09, 1.3154172254048978e-09, 1.3297708426372475e-09, 3.1910855784896277e-10, 1.3817294475873453e-09]"
hMpxV/Paraguay/744881/2022|EPI_ISL_17988369|2022-12-12,"[0.0, 0.0, 0.0, 0.0, 0.0, 0.0, 0.0, 0.0, 0.0, 0.0, 0.0, 0.0, 0.0, 0.0, 0.0, 0.0, 0.0, 0.0, 0.0, 0.9999999999999999, 0.0, 0.0, 0.0, 0.0, 0.0, 0.0, 0.0, 0.0, 0.0, 0.0, 0.0]"
NODE_0000441,"[5.298683603279027e-10, 9.810635779969014e-10, 3.846916561762478e-10, 1.0218351812854822e-09, 8.305779967276046e-10, 9.970553495426115e-10, 9.783455293915377e-10, 9.784165024965154e-10, 1.0047251196298233e-09, 9.981962298297318e-10, 9.523773116223555e-10, 9.930703145416086e-10, 9.164377994413695e-10, 9.833337991134236e-10, 5.477039175020925e-10, 5.930196233113123e-10, 9.723011335258519e-10, 9.930703145403105e-10, 9.930703145406193e-10, 0.9999999739897415, 6.114794345346639e-10, 1.0394627966110426e-09, 1.4579532420885891e-09, 9.852545077075524e-10, 4.791893767684539e-10, 9.17099566507784e-10, 8.139472813403253e-10, 9.246186274600257e-10, 9.349961444296059e-10, 2.2593391105375085e-10, 9.7116353955301e-10]"
hMpxV/Paraguay/747006/2023|EPI_ISL_17988376|2023-01-02,"[0.0, 0.0, 0.0, 0.0, 0.0, 0.0, 0.0, 0.0, 0.0, 0.0, 0.0, 0.0, 0.0, 0.0, 0.0, 0.0, 0.0, 0.0, 0.0, 1.0, 0.0, 0.0, 0.0, 0.0, 0.0, 0.0, 0.0, 0.0, 0.0, 0.0, 0.0]"
hMpxV/Paraguay/747536/2023|EPI_ISL_17988378|2023-01-09,"[0.0, 0.0, 0.0, 0.0, 0.0, 0.0, 0.0, 0.0, 0.0, 0.0, 0.0, 0.0, 0.0, 0.0, 0.0, 0.0, 0.0, 0.0, 0.0, 1.0, 0.0, 0.0, 0.0, 0.0, 0.0, 0.0, 0.0, 0.0, 0.0, 0.0, 0.0]"
NODE_0000335,"[2.5156521301366393e-13, 6.02470234720566e-14, 1.0204150881995718e-09, 3.0164554949270584e-14, 4.0957508615327756e-13, 2.0653905677943698e-11, 5.0751066468929784e-14, 3.1558873253558204e-14, 3.079843859747448e-14, 3.0299553571155717e-14, 3.195372308986833e-14, 3.119267737386087e-14, 2.5922193261797304e-14, 4.281646416376146e-14, 4.957797304331276e-14, 0.9997569532679327, 1.6988857195983221e-13, 3.119267737388306e-14, 3.1192677373881284e-14, 3.7665751239449287e-14, 0.0002344439568455423, 2.5769171925402755e-14, 5.599380696627583e-13, 3.1352992433148886e-14, 2.6573408488418562e-14, 8.571788773768501e-14, 1.820140050697593e-14, 8.464856363786193e-14, 2.5373538211328053e-14, 8.601731916965332e-06, 3.164034569116667e-14]"
hMpxV/USA/CA-LACPHL-MA00405/2023|EPI_ISL_16997468|2023-01-10,"[0.0, 0.0, 0.0, 0.0, 0.0, 0.0, 0.0, 0.0, 0.0, 0.0, 0.0, 0.0, 0.0, 0.0, 0.0, 0.0, 0.0, 0.0, 0.0, 0.0, 0.0, 0.0, 0.0, 0.0, 0.0, 0.0, 0.0, 0.0, 0.0, 1.0, 0.0]"
hMpxV/Mexico/YUC_InDRE_F5465/2022|EPI_ISL_17703578|2022-11-22,"[0.0, 0.0, 0.0, 0.0, 0.0, 0.0, 0.0, 0.0, 0.0, 0.0, 0.0, 0.0, 0.0, 0.0, 0.0, 1.0, 0.0, 0.0, 0.0, 0.0, 0.0, 0.0, 0.0, 0.0, 0.0, 0.0, 0.0, 0.0, 0.0, 0.0, 0.0]"
hMpxV/Dominican_Republic/LNSPDD-6/2023|EPI_ISL_17960864|2023-01-19,"[0.0, 0.0, 0.0, 0.0, 0.0, 1.0, 0.0, 0.0, 0.0, 0.0, 0.0, 0.0, 0.0, 0.0, 0.0, 0.0, 0.0, 0.0, 0.0, 0.0, 0.0, 0.0, 0.0, 0.0, 0.0, 0.0, 0.0, 0.0, 0.0, 0.0, 0.0]"
NODE_0000342,"[1.050623557739905e-07, 1.6180834285294424e-07, 2.539047571349361e-07, 1.6432566241198563e-07, 1.5072458914303405e-07, 8.104809558145649e-07, 1.604241323345154e-07, 1.5879739310930268e-07, 1.6206357877407217e-07, 1.6143062165775252e-07, 1.555498527425778e-07, 1.6072378725299606e-07, 1.520643925128692e-07, 1.6113615977533295e-07, 1.0563900828838436e-07, 0.9999840515606653, 1.6014744206741308e-07, 1.6072378725300443e-07, 1.6072378725300387e-07, 1.532230770701057e-07, 1.0266782870119537e-05, 1.6710630511585545e-07, 1.1074747992790828e-07, 1.597036669918168e-07, 9.501473248337664e-08, 1.5190647876640105e-07, 1.4036672901372937e-07, 1.5260553050098854e-07, 1.5441942321492392e-07, 7.32978308175608e-07, 1.57854127129866e-07]"
hMpxV/Mexico/NLE_InDRE_F250/2023|EPI_ISL_17703595|2023-02-03,"[0.0, 0.0, 0.0, 0.0, 0.0, 0.0, 0.0, 0.0, 0.0, 0.0, 0.0, 0.0, 0.0, 0.0, 0.0, 1.0, 0.0, 0.0, 0.0, 0.0, 0.0, 0.0, 0.0, 0.0, 0.0, 0.0, 0.0, 0.0, 0.0, 0.0, 0.0]"
hMpxV/Mexico/NLE_InDRE_F251/2023|EPI_ISL_17703596|2023-02-01,"[0.0, 0.0, 0.0, 0.0, 0.0, 0.0, 0.0, 0.0, 0.0, 0.0, 0.0, 0.0, 0.0, 0.0, 0.0, 1.0, 0.0, 0.0, 0.0, 0.0, 0.0, 0.0, 0.0, 0.0, 0.0, 0.0, 0.0, 0.0, 0.0, 0.0, 0.0]"
NODE_0000346,"[8.070903271409373e-09, 1.951793893159e-09, 2.6163951822595338e-08, 1.962855215271137e-09, 2.347619514475221e-09, 3.389789715320474e-09, 1.9634424641338283e-09, 1.959133225132686e-09, 1.9624929662261776e-09, 1.9503533656675314e-09, 1.9497141257837503e-09, 1.9622008328664404e-09, 1.8498359800809518e-09, 1.913168132450458e-09, 3.082569019774629e-09, 2.232346843776517e-06, 7.850199665515285e-09, 1.962200832866921e-09, 1.9622008328641607e-09, 1.8408901559969073e-09, 5.106396415527691e-07, 1.9198674647485674e-09, 6.234897538998441e-09, 1.960154858079202e-09, 2.8496622132334813e-09, 4.289720994330511e-09, 1.6604482047996012e-09, 4.147261259066369e-09, 1.8510469745556268e-09, 0.9999971540487673, 1.9563727814705202e-09]"
hMpxV/USA/CA-CDPH-1M1000241/2022|EPI_ISL_18458960|2022-12-14,"[0.0, 0.0, 0.0, 0.0, 0.0, 0.0, 0.0, 0.0, 0.0, 0.0, 0.0, 0.0, 0.0, 0.0, 0.0, 0.0, 0.0, 0.0, 0.0, 0.0, 0.0, 0.0, 0.0, 0.0, 0.0, 0.0, 0.0, 0.0, 0.0, 0.9999999999999999, 0.0]"
hMpxV/USA/CA-CDPH-1M1000240/2022|EPI_ISL_18458959|2022-12-14,"[0.0, 0.0, 0.0, 0.0, 0.0, 0.0, 0.0, 0.0, 0.0, 0.0, 0.0, 0.0, 0.0, 0.0, 0.0, 0.0, 0.0, 0.0, 0.0, 0.0, 0.0, 0.0, 0.0, 0.0, 0.0, 0.0, 0.0, 0.0, 0.0, 0.9999999999999999, 0.0]"
NODE_0000339,"[1.2125225448078473e-09, 2.5469153700313625e-09, 8.187173517792733e-09, 1.4228262178060027e-09, 5.889456127519359e-09, 9.652892708457517e-09, 2.0049883361468882e-09, 1.3873995791883393e-09, 1.4087667128990122e-09, 1.401453261912173e-09, 1.3650747041161967e-09, 1.400314734070234e-09, 1.3082524325902693e-09, 1.9738542039654425e-09, 1.2543152875628329e-09, 0.9998107146924093, 1.4502659525633344e-09, 1.400314734070401e-09, 1.4003147340703766e-09, 1.867227591672915e-09, 0.00018913189523429844, 1.4186215238600718e-09, 1.5041323387600516e-09, 1.3933406581717252e-09, 7.804481108097897e-10, 1.335734087236346e-09, 1.1915888200182901e-09, 1.347703281676951e-09, 1.3256418089881015e-09, 9.320021884003122e-08, 1.3805982823341192e-09]"
hMpxV/Peru/SAM-INS-347/2022|EPI_ISL_16999107|2022-12-22,"[0.0, 0.0, 0.0, 0.0, 0.0, 0.0, 0.0, 0.0, 0.0, 0.0, 0.0, 0.0, 0.0, 0.0, 0.0, 0.0, 0.0, 0.0, 0.0, 0.0, 1.0, 0.0, 0.0, 0.0, 0.0, 0.0, 0.0, 0.0, 0.0, 0.0, 0.0]"
hMpxV/Mexico/CAM_InDRE_F58/2023|EPI_ISL_17672237|2023-01-03,"[0.0, 0.0, 0.0, 0.0, 0.0, 0.0, 0.0, 0.0, 0.0, 0.0, 0.0, 0.0, 0.0, 0.0, 0.0, 1.0, 0.0, 0.0, 0.0, 0.0, 0.0, 0.0, 0.0, 0.0, 0.0, 0.0, 0.0, 0.0, 0.0, 0.0, 0.0]"
NODE_0000340,"[1.1769189133253337e-09, 1.8899405780973927e-09, 3.1764826068099912e-09, 1.8620695348616235e-09, 1.9245413365028572e-09, 9.91992367675146e-09, 1.8490655722433569e-09, 1.8020714027727042e-09, 1.8384897009619766e-09, 1.8294142705723556e-09, 1.7657123362776961e-09, 1.8225085345596044e-09, 1.7188121788566678e-09, 1.8527975844567849e-09, 1.1954545726805041e-09, 0.9999961514838923, 1.806209785710325e-09, 1.8225085345600077e-09, 1.822508534560125e-09, 1.7583337256102035e-09, 3.780907903847764e-06, 1.887310524555614e-09, 1.2669422255841149e-09, 1.8116407823123651e-09, 1.048132087950287e-09, 1.7196483890131533e-09, 1.577742137054514e-09, 1.729592888880577e-09, 1.7451848679776962e-09, 1.0196294504236131e-08, 1.7919521358287747e-09]"
hMpxV/Mexico/CAM_InDRE_F123/2023|EPI_ISL_17703591|2023-01-05,"[0.0, 0.0, 0.0, 0.0, 0.0, 0.0, 0.0, 0.0, 0.0, 0.0, 0.0, 0.0, 0.0, 0.0, 0.0, 1.0, 0.0, 0.0, 0.0, 0.0, 0.0, 0.0, 0.0, 0.0, 0.0, 0.0, 0.0, 0.0, 0.0, 0.0, 0.0]"
hMpxV/Mexico/YUC_InDRE_F5709/2022|EPI_ISL_17672232|2022-12-05,"[0.0, 0.0, 0.0, 0.0, 0.0, 0.0, 0.0, 0.0, 0.0, 0.0, 0.0, 0.0, 0.0, 0.0, 0.0, 0.9999999999999999, 0.0, 0.0, 0.0, 0.0, 0.0, 0.0, 0.0, 0.0, 0.0, 0.0, 0.0, 0.0, 0.0, 0.0, 0.0]"
NODE_0000341,"[4.250593133712245e-15, 9.365189734482818e-15, 2.1434007789062725e-14, 9.42924903924319e-15, 8.652292112758784e-15, 1.5500896369375326e-13, 9.32935993273754e-15, 9.209961841344763e-15, 9.341070718371205e-15, 9.257071561057866e-15, 9.049091826415278e-15, 9.297317023931554e-15, 8.39467016601152e-15, 9.082059116198799e-15, 4.8617567749312785e-15, 0.9999999999243435, 8.7077408503065e-15, 9.297317023940053e-15, 9.297317023936134e-15, 8.427287680621824e-15, 7.511226456931505e-11, 9.191995346768839e-15, 5.56745482300208e-15, 9.248980331027044e-15, 4.001583722269467e-15, 8.710607731572207e-15, 7.050490938288248e-15, 8.855715983507923e-15, 8.481282669066736e-15, 1.5228507843126646e-13, 9.159933687253925e-15]"
hMpxV/Mexico/ROO_InDRE_F5579/2022|EPI_ISL_17703579|2022-12-05,"[0.0, 0.0, 0.0, 0.0, 0.0, 0.0, 0.0, 0.0, 0.0, 0.0, 0.0, 0.0, 0.0, 0.0, 0.0, 1.0, 0.0, 0.0, 0.0, 0.0, 0.0, 0.0, 0.0, 0.0, 0.0, 0.0, 0.0, 0.0, 0.0, 0.0, 0.0]"
hMpxV/Mexico/YUC_InDRE_F45/2022|EPI_ISL_17703585|2022-12-20,"[0.0, 0.0, 0.0, 0.0, 0.0, 0.0, 0.0, 0.0, 0.0, 0.0, 0.0, 0.0, 0.0, 0.0, 0.0, 1.0, 0.0, 0.0, 0.0, 0.0, 0.0, 0.0, 0.0, 0.0, 0.0, 0.0, 0.0, 0.0, 0.0, 0.0, 0.0]"
hMpxV/Mexico/ROO_InDRE_F81/2023|EPI_ISL_17703588|2023-01-01,"[0.0, 0.0, 0.0, 0.0, 0.0, 0.0, 0.0, 0.0, 0.0, 0.0, 0.0, 0.0, 0.0, 0.0, 0.0, 1.0, 0.0, 0.0, 0.0, 0.0, 0.0, 0.0, 0.0, 0.0, 0.0, 0.0, 0.0, 0.0, 0.0, 0.0, 0.0]"
hMpxV/Mexico/ROO_InDRE_F5733/2022|EPI_ISL_17672233|2022-12-19,"[0.0, 0.0, 0.0, 0.0, 0.0, 0.0, 0.0, 0.0, 0.0, 0.0, 0.0, 0.0, 0.0, 0.0, 0.0, 0.9999999999999999, 0.0, 0.0, 0.0, 0.0, 0.0, 0.0, 0.0, 0.0, 0.0, 0.0, 0.0, 0.0, 0.0, 0.0, 0.0]"
NODE_0000343,"[1.5036354658657761e-05, 3.983015459595909e-06, 4.641939722041684e-05, 3.954877711480852e-06, 4.918224261064532e-06, 6.6211817774855494e-06, 3.974997838812418e-06, 3.936166547700158e-06, 3.95435845258287e-06, 3.932789087429433e-06, 3.9111115730340525e-06, 3.942892704488628e-06, 3.7457674554734643e-06, 3.9302053526711635e-06, 5.888576641513704e-06, 0.0018599644134037231, 1.4346457568031483e-05, 3.942892704488694e-06, 3.942892704488485e-06, 3.755761005721628e-06, 0.0007157967866257965, 3.905682559706211e-06, 1.1466246674469686e-05, 3.938476428512121e-06, 5.546889325081163e-06, 8.079657708902376e-06, 3.433917813977681e-06, 7.81946678416872e-06, 3.755779239030989e-06, 0.9972282239248512, 3.9308378603036785e-06]"
hMpxV/USA/un-CDPH-1000191/2023|EPI_ISL_17972012|2023-01-12,"[0.0, 0.0, 0.0, 0.0, 0.0, 0.0, 0.0, 0.0, 0.0, 0.0, 0.0, 0.0, 0.0, 0.0, 0.0, 0.0, 0.0, 0.0, 0.0, 0.0, 0.0, 0.0, 0.0, 0.0, 0.0, 0.0, 0.0, 0.0, 0.0, 1.0, 0.0]"
NODE_0000344,"[3.2761621601047435e-12, 1.7706389395028298e-13, 1.9412796671982623e-11, 1.7221348399920403e-13, 2.8312920154606167e-13, 1.9879524630718916e-13, 1.7894371423587438e-13, 1.775154390446468e-13, 1.7466864857254163e-13, 1.7300576600695455e-13, 1.7930432551847127e-13, 1.7594084755285027e-13, 1.6279707263374012e-13, 1.6915693555549259e-13, 5.397230188745436e-13, 4.087473377783337e-11, 2.3312350590133796e-12, 1.7594084755285065e-13, 1.7594084755276926e-13, 1.6171886996729398e-13, 1.0078644978084427e-09, 1.6061262434970218e-13, 2.0596538714359213e-12, 1.766780851923284e-13, 4.987791602331671e-13, 7.939850205619692e-13, 1.3869956107065117e-13, 7.450331937158646e-13, 1.605555818443209e-13, 0.9999999989180527, 1.7803363019413735e-13]"
hMpxV/USA/un-CDPH-1000194/2023|EPI_ISL_17972015|2023-02-14,"[0.0, 0.0, 0.0, 0.0, 0.0, 0.0, 0.0, 0.0, 0.0, 0.0, 0.0, 0.0, 0.0, 0.0, 0.0, 0.0, 0.0, 0.0, 0.0, 0.0, 0.0, 0.0, 0.0, 0.0, 0.0, 0.0, 0.0, 0.0, 0.0, 1.0, 0.0]"
hMpxV/USA/CA-CDPH-1MPX1000194/2023|EPI_ISL_17206616|2023-02-14,"[0.0, 0.0, 0.0, 0.0, 0.0, 0.0, 0.0, 0.0, 0.0, 0.0, 0.0, 0.0, 0.0, 0.0, 0.0, 0.0, 0.0, 0.0, 0.0, 0.0, 0.0, 0.0, 0.0, 0.0, 0.0, 0.0, 0.0, 0.0, 0.0, 1.0, 0.0]"
NODE_0000345,"[9.020594966237175e-12, 8.62353933919385e-13, 3.360022353759586e-11, 8.608277832731362e-13, 1.1885692554771756e-12, 8.644484818415974e-13, 8.726458972976701e-13, 8.72922886684903e-13, 8.664364549536477e-13, 8.602681274596152e-13, 8.755672514301403e-13, 8.698148651370314e-13, 8.193182719587832e-13, 8.382576550124692e-13, 2.1200138978874726e-12, 1.1051025272815267e-11, 6.962368244134812e-12, 8.698148651372844e-13, 8.698148651358642e-13, 8.115159458780748e-13, 4.522116375275958e-10, 8.265280439674574e-13, 5.945187012600358e-12, 8.711744751984791e-13, 1.989388474185695e-12, 2.8870309898331153e-12, 7.267599359851609e-13, 2.7376002275230815e-12, 8.139292356377514e-13, 0.9999999994541603, 8.736413222413916e-13]"
hMpxV/USA/un-CDPH-1000193/2023|EPI_ISL_17972014|2023-02-14,"[0.0, 0.0, 0.0, 0.0, 0.0, 0.0, 0.0, 0.0, 0.0, 0.0, 0.0, 0.0, 0.0, 0.0, 0.0, 0.0, 0.0, 0.0, 0.0, 0.0, 0.0, 0.0, 0.0, 0.0, 0.0, 0.0, 0.0, 0.0, 0.0, 1.0, 0.0]"
hMpxV/USA/CA-CDPH-1MPX1000193/2023|EPI_ISL_17206615|2023-02-14,"[0.0, 0.0, 0.0, 0.0, 0.0, 0.0, 0.0, 0.0, 0.0, 0.0, 0.0, 0.0, 0.0, 0.0, 0.0, 0.0, 0.0, 0.0, 0.0, 0.0, 0.0, 0.0, 0.0, 0.0, 0.0, 0.0, 0.0, 0.0, 0.0, 1.0, 0.0]"
NODE_0000336,"[2.010692599876099e-11, 2.7016060203748394e-12, 0.9999999961613273, 2.7011747271630403e-12, 3.7412769567197344e-11, 4.649377874234646e-12, 3.5753699163478357e-12, 2.7151483229703496e-12, 2.706295457796237e-12, 2.693988667407488e-12, 2.7073788876238815e-12, 2.716944903932439e-12, 2.455817968912808e-12, 2.6250414702942284e-12, 1.550232751116792e-12, 1.7390936180871775e-09, 2.504717683266109e-12, 2.7169449039328645e-12, 2.7169449039322663e-12, 2.4457567210697935e-12, 1.5478067385235604e-09, 2.5255160530977062e-12, 1.97947501408077e-10, 2.7149630170498024e-12, 1.394241747049395e-12, 2.626647022293397e-12, 2.027729705376717e-12, 2.6838392593726264e-12, 2.4480046422797064e-12, 2.329908695969245e-10, 2.7105358440195075e-12]"
hMpxV/Brazil/RJ-FIOCRUZ-29818/2022|EPI_ISL_17614035|2022-12-23,"[0.0, 0.0, 1.0, 0.0, 0.0, 0.0, 0.0, 0.0, 0.0, 0.0, 0.0, 0.0, 0.0, 0.0, 0.0, 0.0, 0.0, 0.0, 0.0, 0.0, 0.0, 0.0, 0.0, 0.0, 0.0, 0.0, 0.0, 0.0, 0.0, 0.0, 0.0]"
hMpxV/Brazil/RJ-FIOCRUZ-29819/2022|EPI_ISL_17614044|2022-12-27,"[0.0, 0.0, 1.0, 0.0, 0.0, 0.0, 0.0, 0.0, 0.0, 0.0, 0.0, 0.0, 0.0, 0.0, 0.0, 0.0, 0.0, 0.0, 0.0, 0.0, 0.0, 0.0, 0.0, 0.0, 0.0, 0.0, 0.0, 0.0, 0.0, 0.0, 0.0]"
NODE_0000337,"[2.1061390408242448e-10, 3.8963210652091634e-11, 0.9999999954232842, 3.9508840731400106e-11, 2.94249767635661e-10, 3.922940894932754e-11, 4.843885126352784e-11, 3.9136772900504795e-11, 3.9378120616923874e-11, 3.916579553676022e-11, 3.8797660486673456e-11, 3.9293203238236064e-11, 3.696960235734886e-11, 3.845479092137455e-11, 2.649794501225369e-11, 9.844989470192416e-11, 3.756534366861926e-11, 3.9293203238245796e-11, 3.929320323823467e-11, 3.680306435261772e-11, 1.1049667391234602e-09, 3.8646011274024866e-11, 1.1000596328423692e-09, 3.920430491515002e-11, 2.4209021685533936e-11, 3.789382770546299e-11, 3.325603569696484e-11, 3.8307039370758337e-11, 3.71384436385215e-11, 8.638946460278989e-10, 3.9037471687223574e-11]"
hMpxV/Brazil/RJ-FIOCRUZ-29654/2022|EPI_ISL_16871163|2022-12-22,"[0.0, 0.0, 1.0, 0.0, 0.0, 0.0, 0.0, 0.0, 0.0, 0.0, 0.0, 0.0, 0.0, 0.0, 0.0, 0.0, 0.0, 0.0, 0.0, 0.0, 0.0, 0.0, 0.0, 0.0, 0.0, 0.0, 0.0, 0.0, 0.0, 0.0, 0.0]"
hMpxV/Brazil/RJ-FIOCRUZ-29817/2022|EPI_ISL_17614018|2022-12-22,"[0.0, 0.0, 1.0, 0.0, 0.0, 0.0, 0.0, 0.0, 0.0, 0.0, 0.0, 0.0, 0.0, 0.0, 0.0, 0.0, 0.0, 0.0, 0.0, 0.0, 0.0, 0.0, 0.0, 0.0, 0.0, 0.0, 0.0, 0.0, 0.0, 0.0, 0.0]"
NODE_0000338,"[6.200465232938093e-09, 1.2350154868554064e-09, 0.9999998705657943, 1.2476770724087027e-09, 8.494847873783634e-09, 1.2414232108249198e-09, 1.5107637209650351e-09, 1.233008229747151e-09, 1.2420406746714139e-09, 1.2413747250510851e-09, 1.2212044214992968e-09, 1.2390568935344864e-09, 1.1696564399664588e-09, 1.2338842611064273e-09, 8.53374567813062e-10, 2.9662921746348858e-09, 1.2197463936528828e-09, 1.2390568935349171e-09, 1.2390568935338031e-09, 1.171702719507888e-09, 2.8693584627237567e-08, 1.2267996225716378e-09, 2.950354798471819e-08, 1.2356878574630646e-09, 8.236125416996626e-10, 1.197573613530504e-09, 1.0602725809912043e-09, 1.2087245516699887e-09, 1.1759654459070043e-09, 2.4879360878268078e-08, 1.2294278156410179e-09]"
hMpxV/Brazil/RJ-FIOCRUZ-3015/2023|EPI_ISL_17614021|2023-01-26,"[0.0, 0.0, 1.0, 0.0, 0.0, 0.0, 0.0, 0.0, 0.0, 0.0, 0.0, 0.0, 0.0, 0.0, 0.0, 0.0, 0.0, 0.0, 0.0, 0.0, 0.0, 0.0, 0.0, 0.0, 0.0, 0.0, 0.0, 0.0, 0.0, 0.0, 0.0]"
hMpxV/Brazil/RJ-FIOCRUZ-3016/2023|EPI_ISL_17614040|2023-02-08,"[0.0, 0.0, 1.0, 0.0, 0.0, 0.0, 0.0, 0.0, 0.0, 0.0, 0.0, 0.0, 0.0, 0.0, 0.0, 0.0, 0.0, 0.0, 0.0, 0.0, 0.0, 0.0, 0.0, 0.0, 0.0, 0.0, 0.0, 0.0, 0.0, 0.0, 0.0]"
NODE_0000392,"[6.742671096049982e-08, 1.262871807214912e-07, 3.448503042847827e-07, 6.759599097442522e-08, 2.942742821138257e-07, 2.785140953127151e-07, 9.791985932097768e-08, 6.5684982452091e-08, 6.686601759476036e-08, 6.657719756035047e-08, 6.45213763708787e-08, 6.63215368182393e-08, 6.319980569235972e-08, 9.76595682385822e-08, 6.743695418336028e-08, 0.9892835071262652, 6.964880843430158e-08, 6.63215368182481e-08, 6.632153681824659e-08, 9.323373092322678e-08, 0.010712250898574985, 6.851892373297776e-08, 7.762011265219612e-08, 6.598380984189099e-08, 4.1501395223813606e-08, 6.306583086946705e-08, 5.965977679803535e-08, 6.336139403257275e-08, 6.407682087868807e-08, 1.5421538089839196e-06, 6.53718112706589e-08]"
NODE_0000412,"[9.539192880635618e-09, 1.7009890653537505e-08, 4.175965264150108e-08, 1.1155651142670744e-08, 3.3857323759128103e-08, 5.134388570099614e-08, 1.4110354510972239e-08, 1.0821302323278373e-08, 1.1025393058219895e-08, 1.097723521542164e-08, 1.0619736850404627e-08, 1.093435991406931e-08, 1.0378283641482504e-08, 1.4094563801513361e-08, 9.549545668314926e-09, 0.9997831133049212, 1.1249892167813599e-08, 1.0934359914070474e-08, 1.093435991407041e-08, 1.3435074439671815e-08, 0.00021630439821121154, 1.1310051061213441e-08, 1.0738794510849132e-08, 1.0874340120474897e-08, 6.648439176255156e-09, 1.0375151338585991e-08, 9.699005719460603e-09, 1.04269339391954e-08, 1.0530390815520818e-08, 1.771981491466148e-07, 1.0765553665216501e-08]"
hMpxV/Mexico/CMX_InDRE_F5430/2022|EPI_ISL_17703577|2022-11-28,"[0.0, 0.0, 0.0, 0.0, 0.0, 0.0, 0.0, 0.0, 0.0, 0.0, 0.0, 0.0, 0.0, 0.0, 0.0, 1.0, 0.0, 0.0, 0.0, 0.0, 0.0, 0.0, 0.0, 0.0, 0.0, 0.0, 0.0, 0.0, 0.0, 0.0, 0.0]"
NODE_0000413,"[1.6131510682057036e-09, 2.5340830822727607e-09, 4.046593262798178e-09, 2.5670586404453683e-09, 2.374278783115875e-09, 1.3289610757273058e-08, 2.5104231200784936e-09, 2.4826364114463257e-09, 2.533280474136886e-09, 2.5218388292689605e-09, 2.4321512476680423e-09, 2.511686184314033e-09, 2.3714981998535036e-09, 2.518343351963434e-09, 1.6325671458343583e-09, 0.9999995447545186, 2.4919026597752065e-09, 2.5116861843161713e-09, 2.5116861843151374e-09, 2.3915468012639753e-09, 3.655151343180142e-07, 2.6054569473483734e-09, 1.7180726815276336e-09, 2.4962661119064804e-09, 1.4587644796169324e-09, 2.37111243833506e-09, 2.180825240280527e-09, 2.3837095708559125e-09, 2.4080923840133897e-09, 1.1793704737725287e-08, 2.468320209816179e-09]"
hMpxV/Mexico/GRO_InDRE_F5598/2022|EPI_ISL_17672228|2022-12-10,"[0.0, 0.0, 0.0, 0.0, 0.0, 0.0, 0.0, 0.0, 0.0, 0.0, 0.0, 0.0, 0.0, 0.0, 0.0, 1.0, 0.0, 0.0, 0.0, 0.0, 0.0, 0.0, 0.0, 0.0, 0.0, 0.0, 0.0, 0.0, 0.0, 0.0, 0.0]"
NODE_0000414,"[7.220536335634483e-08, 1.1059777386612308e-07, 1.723723091199709e-07, 1.1246191725680816e-07, 1.0266092688302189e-07, 5.467931384803545e-07, 1.0970385633868838e-07, 1.0865275199716165e-07, 1.1089388082817032e-07, 1.10479894595435e-07, 1.0642612107896739e-07, 1.0998449188640391e-07, 1.0412238169545742e-07, 1.1023454700959224e-07, 7.249207933553865e-08, 0.9999901021302813, 1.0968580463795607e-07, 1.0998449188641279e-07, 1.0998449188641373e-07, 1.0486064287972244e-07, 6.0345374514887795e-06, 1.144317719134387e-07, 7.58862438053754e-08, 1.0927972268266866e-07, 6.534103490007286e-08, 1.0396681850238811e-07, 9.621932627315878e-08, 1.0442450187861973e-07, 1.057366976266046e-07, 4.854473850683751e-07, 1.080018994465392e-07]"
hMpxV/Mexico/OAX_InDRE_F180/2023|EPI_ISL_17672249|2023-01-25,"[0.0, 0.0, 0.0, 0.0, 0.0, 0.0, 0.0, 0.0, 0.0, 0.0, 0.0, 0.0, 0.0, 0.0, 0.0, 1.0, 0.0, 0.0, 0.0, 0.0, 0.0, 0.0, 0.0, 0.0, 0.0, 0.0, 0.0, 0.0, 0.0, 0.0, 0.0]"
NODE_0000415,"[5.103988546091642e-09, 7.988911340045244e-09, 1.2574787653146335e-08, 8.163960031675242e-09, 7.273079185571788e-09, 4.2191876623677484e-08, 7.946270651611703e-09, 7.894930925363057e-09, 8.056332595859545e-09, 8.019950730788838e-09, 7.734087030819869e-09, 7.987470075379078e-09, 7.541939545438834e-09, 7.972725683367365e-09, 5.1656281888105636e-09, 0.9999991955645929, 7.920565978095443e-09, 7.987470075380647e-09, 7.987470075380428e-09, 7.571051316594408e-09, 5.215476511212942e-07, 8.287104371289178e-09, 5.4268067742685014e-09, 7.938349696978323e-09, 4.6385452990776e-09, 7.5397843519913e-09, 6.935398929961413e-09, 7.579675254189675e-09, 7.658499936681409e-09, 3.595175052852703e-08, 7.849344608477144e-09]"
hMpxV/Mexico/CMX_InDRE_F411/2023|EPI_ISL_17703607|2023-03-16,"[0.0, 0.0, 0.0, 0.0, 0.0, 0.0, 0.0, 0.0, 0.0, 0.0, 0.0, 0.0, 0.0, 0.0, 0.0, 1.0, 0.0, 0.0, 0.0, 0.0, 0.0, 0.0, 0.0, 0.0, 0.0, 0.0, 0.0, 0.0, 0.0, 0.0, 0.0]"
hMpxV/Mexico/CMX_InDRE_F419/2023|EPI_ISL_17703608|2023-03-21,"[0.0, 0.0, 0.0, 0.0, 0.0, 0.0, 0.0, 0.0, 0.0, 0.0, 0.0, 0.0, 0.0, 0.0, 0.0, 1.0, 0.0, 0.0, 0.0, 0.0, 0.0, 0.0, 0.0, 0.0, 0.0, 0.0, 0.0, 0.0, 0.0, 0.0, 0.0]"
NODE_0000393,"[6.257356121102257e-20, 2.195860826738289e-19, 1.160714411445478e-18, 1.2704473107596015e-19, 4.741793940154704e-19, 5.286111546403633e-18, 1.7698922365746625e-19, 1.256274723191206e-19, 1.2641674262020976e-19, 1.2490570890888722e-19, 1.2405001496560494e-19, 1.2645772452985753e-19, 1.1033978411845337e-19, 1.6664034600923484e-19, 7.928326928791219e-20, 0.9999999999903313, 1.1786723037529706e-19, 1.264577245298979e-19, 1.264577245299077e-19, 1.5212762829170477e-19, 9.668774515335218e-12, 1.1917358521521675e-19, 1.0631353729717467e-19, 1.259668443853335e-19, 4.418325394367222e-20, 1.1844679129961135e-19, 8.69622714627739e-20, 1.2157754850595952e-19, 1.1077930978541405e-19, 1.6767094645095123e-17, 1.2503664321532691e-19]"
hMpxV/Mexico/BCN_InDRE_F5516/2022|EPI_ISL_17672223|2022-11-29,"[0.0, 0.0, 0.0, 0.0, 0.0, 0.0, 0.0, 0.0, 0.0, 0.0, 0.0, 0.0, 0.0, 0.0, 0.0, 1.0, 0.0, 0.0, 0.0, 0.0, 0.0, 0.0, 0.0, 0.0, 0.0, 0.0, 0.0, 0.0, 0.0, 0.0, 0.0]"
NODE_0000408,"[9.384258008411417e-09, 1.4656892367342892e-08, 2.304247084616341e-08, 1.497244868634831e-08, 1.3363849928830988e-08, 7.689031144882739e-08, 1.4575454139663878e-08, 1.4477753038386577e-08, 1.4774036758834044e-08, 1.4708371386255896e-08, 1.418261296902517e-08, 1.4648147237729143e-08, 1.3834725921632078e-08, 1.4626247255501944e-08, 9.4900472237047e-09, 0.9999985438257079, 1.453327420479961e-08, 1.4648147237730688e-08, 1.4648147237730504e-08, 1.3891668888072979e-08, 9.379194785359738e-07, 1.5201933707051466e-08, 9.966106367631111e-09, 1.4557727238929668e-08, 8.52531917018724e-09, 1.3828931777310779e-08, 1.2728439797020374e-08, 1.390090639949968e-08, 1.4048664209599248e-08, 6.575403721930593e-08, 1.4393883031306391e-08]"
hMpxV/Mexico/CHH_InDRE_F5453/2022|EPI_ISL_17672221|2022-11-30,"[0.0, 0.0, 0.0, 0.0, 0.0, 0.0, 0.0, 0.0, 0.0, 0.0, 0.0, 0.0, 0.0, 0.0, 0.0, 1.0, 0.0, 0.0, 0.0, 0.0, 0.0, 0.0, 0.0, 0.0, 0.0, 0.0, 0.0, 0.0, 0.0, 0.0, 0.0]"
hMpxV/Mexico/TAM_InDRE_F153/2023|EPI_ISL_17672245|2023-01-19,"[0.0, 0.0, 0.0, 0.0, 0.0, 0.0, 0.0, 0.0, 0.0, 0.0, 0.0, 0.0, 0.0, 0.0, 0.0, 1.0, 0.0, 0.0, 0.0, 0.0, 0.0, 0.0, 0.0, 0.0, 0.0, 0.0, 0.0, 0.0, 0.0, 0.0, 0.0]"
NODE_0000411,"[4.2584945548408335e-07, 6.449919107750665e-07, 1.0005745880315068e-06, 6.539691346917673e-07, 6.054850262518752e-07, 3.08211110765981e-06, 6.387671757543253e-07, 6.314972134358472e-07, 6.445769922996077e-07, 6.424465093631795e-07, 6.185171253540083e-07, 6.394243710786127e-07, 6.061656430773716e-07, 6.423475977876688e-07, 4.257793963223714e-07, 0.9999454891276147, 6.396102496019031e-07, 6.394243710786327e-07, 6.394243710786322e-07, 6.115886026800136e-07, 3.213246307012416e-05, 6.662490552782292e-07, 4.4489521633576013e-07, 6.352357494501997e-07, 3.8446922682343593e-07, 6.048945397971146e-07, 5.615574925836914e-07, 6.072741314638658e-07, 6.155690186410948e-07, 2.7980761378886783e-06, 6.276379053467309e-07]"
hMpxV/Mexico/NLE_InDRE_F280/2023|EPI_ISL_17703601|2023-02-08,"[0.0, 0.0, 0.0, 0.0, 0.0, 0.0, 0.0, 0.0, 0.0, 0.0, 0.0, 0.0, 0.0, 0.0, 0.0, 0.9999999999999999, 0.0, 0.0, 0.0, 0.0, 0.0, 0.0, 0.0, 0.0, 0.0, 0.0, 0.0, 0.0, 0.0, 0.0, 0.0]"
hMpxV/Mexico/NLE_InDRE_F311/2023|EPI_ISL_17703602|2023-02-15,"[0.0, 0.0, 0.0, 0.0, 0.0, 0.0, 0.0, 0.0, 0.0, 0.0, 0.0, 0.0, 0.0, 0.0, 0.0, 1.0, 0.0, 0.0, 0.0, 0.0, 0.0, 0.0, 0.0, 0.0, 0.0, 0.0, 0.0, 0.0, 0.0, 0.0, 0.0]"
NODE_0000409,"[3.736892539136495e-09, 5.804644656387368e-09, 9.097917580338105e-09, 5.925658996297397e-09, 5.306726761725975e-09, 2.9967579557170976e-08, 5.769955848712175e-09, 5.728694041763515e-09, 5.846283484038867e-09, 5.8212219456084056e-09, 5.611737707501961e-09, 5.796695119004671e-09, 5.4784116364181725e-09, 5.792395243418661e-09, 3.770792192087071e-09, 0.9999994367865125, 5.759057422641778e-09, 5.796695119005524e-09, 5.796695119005377e-09, 5.5036503954094556e-09, 3.586396785528638e-07, 6.020094603466489e-09, 3.956554336360812e-09, 5.760629856994628e-09, 3.3918098984139156e-09, 5.474350286062903e-09, 5.047033786092296e-09, 5.501696961844356e-09, 5.5633759336125394e-09, 2.585126481500506e-08, 5.695293067014724e-09]"
hMpxV/Mexico/DUR_InDRE_F268/2023|EPI_ISL_17672254|2023-02-02,"[0.0, 0.0, 0.0, 0.0, 0.0, 0.0, 0.0, 0.0, 0.0, 0.0, 0.0, 0.0, 0.0, 0.0, 0.0, 0.9999999999999999, 0.0, 0.0, 0.0, 0.0, 0.0, 0.0, 0.0, 0.0, 0.0, 0.0, 0.0, 0.0, 0.0, 0.0, 0.0]"
NODE_0000410,"[1.2195937619545287e-09, 1.9517835768706085e-09, 3.1093760914573024e-09, 2.0030132949190885e-09, 1.747265621359234e-09, 1.105916949531358e-08, 1.946120079086161e-09, 1.9387993621188997e-09, 1.9780099179078732e-09, 1.9676325442132183e-09, 1.8995522058190886e-09, 1.9605749051524935e-09, 1.8461829080501596e-09, 1.9494692103289014e-09, 1.2445974814441564e-09, 0.9999997719215353, 1.9332681845746132e-09, 1.9605749051527974e-09, 1.9605749051526866e-09, 1.8480717663670174e-09, 1.5788750230126623e-07, 2.0281903488005864e-09, 1.3125071819540085e-09, 1.9489799568924204e-09, 1.1129492620515072e-09, 1.8481905094487941e-09, 1.6889341910825773e-09, 1.8596135179569422e-09, 1.874533583352913e-09, 9.065456834067621e-09, 1.927977008163236e-09]"
hMpxV/Mexico/VER_InDRE_F5457/2022|EPI_ISL_17672222|2022-11-29,"[0.0, 0.0, 0.0, 0.0, 0.0, 0.0, 0.0, 0.0, 0.0, 0.0, 0.0, 0.0, 0.0, 0.0, 0.0, 0.9999999999999999, 0.0, 0.0, 0.0, 0.0, 0.0, 0.0, 0.0, 0.0, 0.0, 0.0, 0.0, 0.0, 0.0, 0.0, 0.0]"
hMpxV/Mexico/JAL_InDRE_F5746/2022|EPI_ISL_17672234|2022-12-14,"[0.0, 0.0, 0.0, 0.0, 0.0, 0.0, 0.0, 0.0, 0.0, 0.0, 0.0, 0.0, 0.0, 0.0, 0.0, 1.0, 0.0, 0.0, 0.0, 0.0, 0.0, 0.0, 0.0, 0.0, 0.0, 0.0, 0.0, 0.0, 0.0, 0.0, 0.0]"
NODE_0000405,"[2.3500994938025017e-13, 4.994144451714085e-13, 1.10350498277207e-12, 5.046766417771327e-13, 4.580760831795384e-13, 7.562322789144283e-12, 4.979750013534208e-13, 4.921542117464233e-13, 4.993221234114464e-13, 4.95452138709038e-13, 4.834407868118484e-13, 4.972595313304946e-13, 4.5080096282889917e-13, 4.859881616839252e-13, 2.6582841963321e-13, 0.9999999990049235, 4.689912338022594e-13, 4.972595313306121e-13, 4.972595313306077e-13, 4.5212557438929275e-13, 9.692666242592522e-10, 4.938691694220946e-13, 3.0188193118442006e-13, 4.944598366959846e-13, 2.2150785027157376e-13, 4.665732430138212e-13, 3.8143855075110035e-13, 4.737005675078676e-13, 4.554945670780724e-13, 5.584682823471852e-12, 4.893025262281657e-13]"
hMpxV/Mexico/ROO_InDRE_F162/2023|EPI_ISL_17672247|2023-01-16,"[0.0, 0.0, 0.0, 0.0, 0.0, 0.0, 0.0, 0.0, 0.0, 0.0, 0.0, 0.0, 0.0, 0.0, 0.0, 1.0, 0.0, 0.0, 0.0, 0.0, 0.0, 0.0, 0.0, 0.0, 0.0, 0.0, 0.0, 0.0, 0.0, 0.0, 0.0]"
hMpxV/Mexico/ROO_InDRE_F288/2023|EPI_ISL_17672257|2023-02-02,"[0.0, 0.0, 0.0, 0.0, 0.0, 0.0, 0.0, 0.0, 0.0, 0.0, 0.0, 0.0, 0.0, 0.0, 0.0, 1.0, 0.0, 0.0, 0.0, 0.0, 0.0, 0.0, 0.0, 0.0, 0.0, 0.0, 0.0, 0.0, 0.0, 0.0, 0.0]"
hMpxV/Mexico/CMX_InDRE_F266/2023|EPI_ISL_17672253|2023-02-09,"[0.0, 0.0, 0.0, 0.0, 0.0, 0.0, 0.0, 0.0, 0.0, 0.0, 0.0, 0.0, 0.0, 0.0, 0.0, 0.9999999999999999, 0.0, 0.0, 0.0, 0.0, 0.0, 0.0, 0.0, 0.0, 0.0, 0.0, 0.0, 0.0, 0.0, 0.0, 0.0]"
NODE_0000406,"[2.8829205417040593e-10, 4.623189826923953e-10, 7.362816808027914e-10, 4.749125161614851e-10, 4.123934758568028e-10, 2.6317458871484986e-09, 4.612018368048027e-10, 4.597409585352512e-10, 4.690391256102e-10, 4.665245061200991e-10, 4.5043743704759756e-10, 4.648660780910282e-10, 4.376434515724425e-10, 4.619469078991648e-10, 2.9443350541794214e-10, 0.9999999460071785, 4.580741756597653e-10, 4.6486607809113343e-10, 4.648660780912018e-10, 4.3783990506271006e-10, 3.735407148344394e-08, 4.80780734015939e-10, 3.105631556057723e-10, 4.621358881163465e-10, 2.6323538506633325e-10, 4.3813010653821247e-10, 4.0021145892815104e-10, 4.408805977557915e-10, 4.4437272370215747e-10, 2.143823539527124e-09, 4.5719164161528223e-10]"
hMpxV/Mexico/NLE_InDRE_F163/2023|EPI_ISL_17703592|2023-01-19,"[0.0, 0.0, 0.0, 0.0, 0.0, 0.0, 0.0, 0.0, 0.0, 0.0, 0.0, 0.0, 0.0, 0.0, 0.0, 0.9999999999999999, 0.0, 0.0, 0.0, 0.0, 0.0, 0.0, 0.0, 0.0, 0.0, 0.0, 0.0, 0.0, 0.0, 0.0, 0.0]"
NODE_0000407,"[5.505368351708611e-10, 8.779605650414216e-10, 1.3944405951316076e-09, 9.007634435940873e-10, 7.869593711037965e-10, 4.911414496212989e-09, 8.752319968007073e-10, 8.717761458581338e-10, 8.894509466872611e-10, 8.848575703400451e-10, 8.541066094091306e-10, 8.816117582400852e-10, 8.305487746752956e-10, 8.769902065695757e-10, 5.611048142142014e-10, 0.9999999011897643, 8.699916668791733e-10, 8.816117582403295e-10, 8.816117582402742e-10, 8.315904268459094e-10, 6.733462627665329e-08, 9.124597264048762e-10, 5.91288602089717e-10, 8.763768708838243e-10, 5.021398008339399e-10, 8.312020701883906e-10, 7.604788779356549e-10, 8.36230473007486e-10, 8.433322862078699e-10, 4.042645888171827e-09, 8.668950132874847e-10]"
hMpxV/Mexico/ROO_InDRE_F263/2023|EPI_ISL_17703598|2023-01-30,"[0.0, 0.0, 0.0, 0.0, 0.0, 0.0, 0.0, 0.0, 0.0, 0.0, 0.0, 0.0, 0.0, 0.0, 0.0, 1.0, 0.0, 0.0, 0.0, 0.0, 0.0, 0.0, 0.0, 0.0, 0.0, 0.0, 0.0, 0.0, 0.0, 0.0, 0.0]"
hMpxV/Mexico/ROO_InDRE_F97/2023|EPI_ISL_17703589|2023-01-06,"[0.0, 0.0, 0.0, 0.0, 0.0, 0.0, 0.0, 0.0, 0.0, 0.0, 0.0, 0.0, 0.0, 0.0, 0.0, 1.0, 0.0, 0.0, 0.0, 0.0, 0.0, 0.0, 0.0, 0.0, 0.0, 0.0, 0.0, 0.0, 0.0, 0.0, 0.0]"
NODE_0000394,"[9.467987513012507e-10, 1.5027670991477654e-09, 2.386664706443395e-09, 1.5391267896715022e-09, 1.3557002335337129e-09, 8.318559000921578e-09, 1.4967619073794944e-09, 1.4892368127553785e-09, 1.5194468519825087e-09, 1.5119505244035233e-09, 1.459027940789896e-09, 1.5062835961205633e-09, 1.4197869051086552e-09, 1.5001642372043752e-09, 9.631935502044724e-10, 0.9999998302363491, 1.4886335539448712e-09, 1.5062835961211179e-09, 1.5062835961210643e-09, 1.4230649789618008e-09, 1.1598517972687606e-07, 1.5598684015011029e-09, 1.0144723444473045e-09, 1.4972181200844297e-09, 8.625747328374496e-10, 1.4207606007047632e-09, 1.3012481060588701e-09, 1.429056672146913e-09, 1.4416073164965214e-09, 6.9311373916968745e-09, 1.4807927740930735e-09]"
hMpxV/Mexico/MEX_InDRE_F5758/2022|EPI_ISL_17672235|2022-12-30,"[0.0, 0.0, 0.0, 0.0, 0.0, 0.0, 0.0, 0.0, 0.0, 0.0, 0.0, 0.0, 0.0, 0.0, 0.0, 1.0, 0.0, 0.0, 0.0, 0.0, 0.0, 0.0, 0.0, 0.0, 0.0, 0.0, 0.0, 0.0, 0.0, 0.0, 0.0]"
NODE_0000395,"[1.3031484339031576e-09, 2.045535296077278e-09, 3.228096828602227e-09, 2.0911789158183654e-09, 1.858998996056441e-09, 1.0934388800284456e-08, 2.0351362551160125e-09, 2.02248976570197e-09, 2.0637544292580472e-09, 2.0542875517491425e-09, 1.9813314069191407e-09, 2.0461037514703216e-09, 1.9312357688086217e-09, 2.041423712172031e-09, 1.3201606268584692e-09, 0.9999997849091106, 2.0277162231426124e-09, 2.0461037514709345e-09, 2.046103751470784e-09, 1.938139667036281e-09, 1.4244829227420654e-07, 2.121988875679756e-09, 1.3878004211702804e-09, 2.033563999803194e-09, 1.1848910543150858e-09, 1.9312041947080217e-09, 1.7746570792953626e-09, 1.9416355332644923e-09, 1.9610396839206094e-09, 9.279638312119064e-09, 2.0108438968633423e-09]"
hMpxV/Mexico/JAL_InDRE_F171/2023|EPI_ISL_17703593|2023-01-20,"[0.0, 0.0, 0.0, 0.0, 0.0, 0.0, 0.0, 0.0, 0.0, 0.0, 0.0, 0.0, 0.0, 0.0, 0.0, 1.0, 0.0, 0.0, 0.0, 0.0, 0.0, 0.0, 0.0, 0.0, 0.0, 0.0, 0.0, 0.0, 0.0, 0.0, 0.0]"
NODE_0000396,"[1.626866065001047e-17, 4.173581720598638e-17, 1.112463794603934e-16, 4.2257985101203885e-17, 3.7291279333546563e-17, 1.1954443843907292e-15, 4.1845177864468385e-17, 4.1446146246546507e-17, 4.1915442053468994e-17, 4.1471114433608916e-17, 4.077629430945816e-17, 4.181309039838252e-17, 3.698294731594284e-17, 4.01758348274053e-17, 1.9708820122125517e-17, 0.9999999999993812, 3.8111624496794455e-17, 4.181309039839897e-17, 4.1813090398395015e-17, 3.6891340614563696e-17, 6.161290006902168e-13, 4.044306602537553e-17, 2.3412806005547204e-17, 4.1605626272678646e-17, 1.5721279011344472e-17, 3.9028497725974675e-17, 2.9775763605529375e-17, 3.987822867334258e-17, 3.727157468360168e-17, 7.709494407138942e-16, 4.121967211556781e-17]"
hMpxV/Mexico/PUE_InDRE_F57/2023|EPI_ISL_17672236|2023-01-02,"[0.0, 0.0, 0.0, 0.0, 0.0, 0.0, 0.0, 0.0, 0.0, 0.0, 0.0, 0.0, 0.0, 0.0, 0.0, 1.0, 0.0, 0.0, 0.0, 0.0, 0.0, 0.0, 0.0, 0.0, 0.0, 0.0, 0.0, 0.0, 0.0, 0.0, 0.0]"
NODE_0000397,"[4.2591109059692795e-09, 6.7790816517491076e-09, 1.0758235962430231e-08, 6.9510283896831995e-09, 6.0906902898619225e-09, 3.7684155683800124e-08, 6.755859042865305e-09, 6.726716421628515e-09, 6.8631863508710764e-09, 6.82827781982993e-09, 6.590299728850994e-09, 6.802979300602504e-09, 6.4104727952945154e-09, 6.770316035388419e-09, 4.3379834274032655e-09, 0.9999992485936564, 6.716783976739145e-09, 6.802979300603308e-09, 6.802979300603053e-09, 6.4208832483593775e-09, 5.087139781429896e-07, 7.0428109455904704e-09, 4.569759253045696e-09, 6.762404430468925e-09, 3.883018478555774e-09, 6.414795736628706e-09, 5.872087333238164e-09, 6.4530706546586375e-09, 6.509114713786998e-09, 3.114438543640341e-08, 6.688898854877186e-09]"
hMpxV/Mexico/YUC_InDRE_F5757/2022|EPI_ISL_17703581|2022-12-16,"[0.0, 0.0, 0.0, 0.0, 0.0, 0.0, 0.0, 0.0, 0.0, 0.0, 0.0, 0.0, 0.0, 0.0, 0.0, 0.9999999999999999, 0.0, 0.0, 0.0, 0.0, 0.0, 0.0, 0.0, 0.0, 0.0, 0.0, 0.0, 0.0, 0.0, 0.0, 0.0]"
hMpxV/Mexico/TAB_InDRE_F5681/2022|EPI_ISL_17672230|2022-12-13,"[0.0, 0.0, 0.0, 0.0, 0.0, 0.0, 0.0, 0.0, 0.0, 0.0, 0.0, 0.0, 0.0, 0.0, 0.0, 1.0, 0.0, 0.0, 0.0, 0.0, 0.0, 0.0, 0.0, 0.0, 0.0, 0.0, 0.0, 0.0, 0.0, 0.0, 0.0]"
NODE_0000398,"[1.0436916745929453e-11, 1.884391568905512e-11, 3.4902306498115496e-11, 1.9132509655291984e-11, 1.728476775251349e-11, 1.6314548387285922e-10, 1.8754744220001096e-11, 1.8572972555965564e-11, 1.8900380974409233e-11, 1.8789372960927617e-11, 1.8218205447858525e-11, 1.8781174347743858e-11, 1.7398069493664882e-11, 1.8572913780582667e-11, 1.1123215433623982e-11, 0.9999999931711008, 1.820616335650449e-11, 1.878117434774897e-11, 1.8781174347751458e-11, 1.746965508251904e-11, 6.05493961523064e-09, 1.9090323153037142e-11, 1.2128431259010569e-11, 1.866908285868906e-11, 9.645009677576528e-12, 1.7685078544925008e-11, 1.538520492915242e-11, 1.7859987923764084e-11, 1.762474449204929e-11, 1.3131226296462312e-10, 1.8464476030960972e-11]"
hMpxV/Mexico/CHH_InDRE_F43/2023|EPI_ISL_17703584|2023-01-02,"[0.0, 0.0, 0.0, 0.0, 0.0, 0.0, 0.0, 0.0, 0.0, 0.0, 0.0, 0.0, 0.0, 0.0, 0.0, 1.0, 0.0, 0.0, 0.0, 0.0, 0.0, 0.0, 0.0, 0.0, 0.0, 0.0, 0.0, 0.0, 0.0, 0.0, 0.0]"
hMpxV/Mexico/CAM_InDRE_F5554/2022|EPI_ISL_17672225|2022-11-30,"[0.0, 0.0, 0.0, 0.0, 0.0, 0.0, 0.0, 0.0, 0.0, 0.0, 0.0, 0.0, 0.0, 0.0, 0.0, 1.0, 0.0, 0.0, 0.0, 0.0, 0.0, 0.0, 0.0, 0.0, 0.0, 0.0, 0.0, 0.0, 0.0, 0.0, 0.0]"
hMpxV/Mexico/SLP_InDRE_F293/2023|EPI_ISL_17672255|2023-02-13,"[0.0, 0.0, 0.0, 0.0, 0.0, 0.0, 0.0, 0.0, 0.0, 0.0, 0.0, 0.0, 0.0, 0.0, 0.0, 1.0, 0.0, 0.0, 0.0, 0.0, 0.0, 0.0, 0.0, 0.0, 0.0, 0.0, 0.0, 0.0, 0.0, 0.0, 0.0]"
NODE_0000399,"[1.4047940001959267e-08, 2.212361532815725e-08, 3.495609867544838e-08, 2.2624845613635404e-08, 2.0082201389952676e-08, 1.1914187931131922e-07, 2.2015835495102603e-08, 2.188433731887592e-08, 2.2330134305008767e-08, 2.2225446535226506e-08, 2.1439274304086448e-08, 2.213845162798533e-08, 2.08878327462595e-08, 2.207889594622862e-08, 1.4251760260642735e-08, 0.9999976804569041, 2.192016736971765e-08, 2.2138451627987293e-08, 2.213845162798701e-08, 2.0957155209329638e-08, 1.532849430098732e-06, 2.2950362321358854e-08, 1.498759501686885e-08, 2.2003476852619416e-08, 1.2779615304751434e-08, 2.0890142742544448e-08, 1.9179050767662435e-08, 2.1005584678386318e-08, 2.120954524535799e-08, 1.0054666471442342e-07, 2.1758853488893963e-08]"
hMpxV/Mexico/MEX_InDRE_F98/2023|EPI_ISL_17703590|2023-01-11,"[0.0, 0.0, 0.0, 0.0, 0.0, 0.0, 0.0, 0.0, 0.0, 0.0, 0.0, 0.0, 0.0, 0.0, 0.0, 0.9999999999999999, 0.0, 0.0, 0.0, 0.0, 0.0, 0.0, 0.0, 0.0, 0.0, 0.0, 0.0, 0.0, 0.0, 0.0, 0.0]"
NODE_0000400,"[1.2197045415881192e-09, 1.9537274055312708e-09, 3.1179335335788007e-09, 2.0044263006369555e-09, 1.7505858880070354e-09, 1.1128157941036157e-08, 1.9478477700804833e-09, 1.9402033390321916e-09, 1.979393200322953e-09, 1.9690151080089393e-09, 1.900948221445507e-09, 1.962007135781563e-09, 1.8472816706867093e-09, 1.9510013089058835e-09, 1.24506518106178e-09, 0.9999997653484357, 1.9344930421736746e-09, 1.9620071357819778e-09, 1.962007135781928e-09, 1.8494191838323055e-09, 1.6429122898303714e-07, 2.0293744617426305e-09, 1.3133800021185269e-09, 1.9503963971948534e-09, 1.1130287541473354e-09, 1.8495531109673068e-09, 1.6894727183797394e-09, 1.8610352098202423e-09, 1.875604562689164e-09, 9.123902586797749e-09, 1.9293626068725437e-09]"
hMpxV/Mexico/QUE_InDRE_F144/2023|EPI_ISL_17672243|2023-01-16,"[0.0, 0.0, 0.0, 0.0, 0.0, 0.0, 0.0, 0.0, 0.0, 0.0, 0.0, 0.0, 0.0, 0.0, 0.0, 1.0, 0.0, 0.0, 0.0, 0.0, 0.0, 0.0, 0.0, 0.0, 0.0, 0.0, 0.0, 0.0, 0.0, 0.0, 0.0]"
hMpxV/Mexico/QUE_InDRE_F18/2022|EPI_ISL_17672248|2022-12-30,"[0.0, 0.0, 0.0, 0.0, 0.0, 0.0, 0.0, 0.0, 0.0, 0.0, 0.0, 0.0, 0.0, 0.0, 0.0, 0.9999999999999999, 0.0, 0.0, 0.0, 0.0, 0.0, 0.0, 0.0, 0.0, 0.0, 0.0, 0.0, 0.0, 0.0, 0.0, 0.0]"
NODE_0000401,"[2.6672880328504327e-07, 4.0419244886570807e-07, 6.266538772228263e-07, 4.10097166183895e-07, 3.784730198596527e-07, 1.9336904983552717e-06, 4.0042253691515697e-07, 3.960262713675002e-07, 4.042338684775825e-07, 4.0287414567931704e-07, 3.8788655416107746e-07, 4.009792097867441e-07, 3.8010207477811493e-07, 4.026647029819944e-07, 2.6671242855935055e-07, 0.99996582817732, 4.010010501889231e-07, 4.009792097867639e-07, 4.00979209786761e-07, 3.833551072406643e-07, 2.014551151943828e-05, 4.177762333300631e-07, 2.787051688246906e-07, 3.9836152713080016e-07, 2.408792096394254e-07, 3.79299201307602e-07, 3.5212012613462926e-07, 3.808045074752216e-07, 3.86009581731815e-07, 1.7506887207989102e-06, 3.936147006532296e-07]"
hMpxV/Mexico/NLE_InDRE_F382/2023|EPI_ISL_17703604|2023-03-10,"[0.0, 0.0, 0.0, 0.0, 0.0, 0.0, 0.0, 0.0, 0.0, 0.0, 0.0, 0.0, 0.0, 0.0, 0.0, 1.0, 0.0, 0.0, 0.0, 0.0, 0.0, 0.0, 0.0, 0.0, 0.0, 0.0, 0.0, 0.0, 0.0, 0.0, 0.0]"
NODE_0000402,"[1.183968732214013e-11, 2.1849495101463512e-11, 4.132811247455822e-11, 2.2200356246926283e-11, 1.994597097810317e-11, 2.051864845526981e-10, 2.176483312569463e-11, 2.156750176748198e-11, 2.1940535498056177e-11, 2.1801454429276094e-11, 2.1159130144147628e-11, 2.1803176765688833e-11, 2.014040719990706e-11, 2.15144015144185e-11, 1.2716727876431126e-11, 0.9999999890425724, 2.1041944527791382e-11, 2.180317676569374e-11, 2.180317676569356e-11, 2.0204387986010775e-11, 1.003465537174553e-08, 2.2094603701268404e-11, 1.3933362626928425e-11, 2.1675905892583875e-11, 1.0970779413165056e-11, 2.0513662395437853e-11, 1.7711950839737154e-11, 2.0732999671024166e-11, 2.0397994779416177e-11, 1.6168646065105684e-10, 2.144344815518986e-11]"
hMpxV/Mexico/NLE_InDRE_F472/2023|EPI_ISL_17703612|2023-03-31,"[0.0, 0.0, 0.0, 0.0, 0.0, 0.0, 0.0, 0.0, 0.0, 0.0, 0.0, 0.0, 0.0, 0.0, 0.0, 1.0, 0.0, 0.0, 0.0, 0.0, 0.0, 0.0, 0.0, 0.0, 0.0, 0.0, 0.0, 0.0, 0.0, 0.0, 0.0]"
NODE_0000403,"[1.0250281620470522e-09, 1.6383240637287926e-09, 2.6043714057791344e-09, 1.6817661210288838e-09, 1.465528300231855e-09, 9.22381139881075e-09, 1.633709120285331e-09, 1.627806513434727e-09, 1.6607810790687086e-09, 1.6520655542943796e-09, 1.5948320472361782e-09, 1.646078684798879e-09, 1.5503237627368798e-09, 1.6367433990396445e-09, 1.0455994600713589e-09, 0.9999998137226268, 1.6233975037484891e-09, 1.6460786847991312e-09, 1.6460786847991725e-09, 1.5517388073335191e-09, 1.2746247494363518e-07, 1.7031879353506206e-09, 1.102222596968271e-09, 1.6363502060872086e-09, 9.35339797533763e-10, 1.551715556004689e-09, 1.4188128523444948e-09, 1.5612462454502206e-09, 1.5741785666837513e-09, 7.559051534961078e-09, 1.618730248315148e-09]"
hMpxV/Mexico/JAL_InDRE_F242/2023|EPI_ISL_17703594|2023-01-24,"[0.0, 0.0, 0.0, 0.0, 0.0, 0.0, 0.0, 0.0, 0.0, 0.0, 0.0, 0.0, 0.0, 0.0, 0.0, 1.0, 0.0, 0.0, 0.0, 0.0, 0.0, 0.0, 0.0, 0.0, 0.0, 0.0, 0.0, 0.0, 0.0, 0.0, 0.0]"
hMpxV/Mexico/NLE_InDRE_F264/2023|EPI_ISL_17703599|2023-02-07,"[0.0, 0.0, 0.0, 0.0, 0.0, 0.0, 0.0, 0.0, 0.0, 0.0, 0.0, 0.0, 0.0, 0.0, 0.0, 1.0, 0.0, 0.0, 0.0, 0.0, 0.0, 0.0, 0.0, 0.0, 0.0, 0.0, 0.0, 0.0, 0.0, 0.0, 0.0]"
NODE_0000404,"[1.3829486296141901e-08, 2.1641166617847668e-08, 3.4069807578721796e-08, 2.2108812289672287e-08, 1.972478169351004e-08, 1.1422274621074128e-07, 2.1522565662783175e-08, 2.13797079237354e-08, 2.1816666628964224e-08, 2.1718735372566306e-08, 2.0944113391724546e-08, 2.1630775251218466e-08, 2.0424780499558584e-08, 2.1594301367226024e-08, 1.3996180097044377e-08, 0.9999978226742924, 2.1451655911931885e-08, 2.163077525122057e-08, 2.1630775251220534e-08, 2.0507073022400868e-08, 1.4111133688537325e-06, 2.2442863277975055e-08, 1.4703001982887354e-08, 2.1497525342497315e-08, 1.2566920549077888e-08, 2.041893595810349e-08, 1.8782307309548102e-08, 2.0526637292541585e-08, 2.0740138255359896e-08, 9.743306618567461e-08, 2.1256036363594987e-08]"
hMpxV/Mexico/NLE_InDRE_F252/2023|EPI_ISL_17703597|2023-02-02,"[0.0, 0.0, 0.0, 0.0, 0.0, 0.0, 0.0, 0.0, 0.0, 0.0, 0.0, 0.0, 0.0, 0.0, 0.0, 0.9999999999999999, 0.0, 0.0, 0.0, 0.0, 0.0, 0.0, 0.0, 0.0, 0.0, 0.0, 0.0, 0.0, 0.0, 0.0, 0.0]"
hMpxV/Mexico/VER_InDRE_F379/2023|EPI_ISL_17672260|2023-03-08,"[0.0, 0.0, 0.0, 0.0, 0.0, 0.0, 0.0, 0.0, 0.0, 0.0, 0.0, 0.0, 0.0, 0.0, 0.0, 1.0, 0.0, 0.0, 0.0, 0.0, 0.0, 0.0, 0.0, 0.0, 0.0, 0.0, 0.0, 0.0, 0.0, 0.0, 0.0]"
NODE_0000354,"[1.6989931562383468e-13, 3.0974556583410825e-13, 1.301624299654865e-11, 2.5443194895262773e-14, 1.7538918197364435e-11, 7.084408161185637e-14, 1.1437831209832328e-13, 2.5457316358146174e-14, 2.5460712251975124e-14, 2.5410994524916323e-14, 2.546193581756844e-14, 2.5477896354445604e-14, 2.4242581144078384e-14, 1.0886903053839163e-13, 1.1090671896224148e-13, 9.550335683690235e-11, 5.5860932927291294e-14, 2.547789635444334e-14, 2.5477896354442973e-14, 1.0499312394948606e-13, 0.9999999514877936, 2.4814932225161248e-14, 2.34274632135384e-13, 2.5461941794887964e-14, 2.5202964780451707e-14, 3.4993230821688326e-14, 2.3710120349869834e-14, 3.469902979249774e-14, 2.444199935183488e-14, 4.838442149642908e-08, 2.543091178740839e-14]"
hMpxV/Peru/LIM-INS-424/2023|EPI_ISL_19343529|2023-02-14,"[0.0, 0.0, 0.0, 0.0, 0.0, 0.0, 0.0, 0.0, 0.0, 0.0, 0.0, 0.0, 0.0, 0.0, 0.0, 0.0, 0.0, 0.0, 0.0, 0.0, 1.0, 0.0, 0.0, 0.0, 0.0, 0.0, 0.0, 0.0, 0.0, 0.0, 0.0]"
NODE_0000370,"[6.674572351547951e-26, 9.240892648355286e-25, 3.2938557418116547e-22, 6.325427056270541e-27, 7.718973342004684e-19, 4.7747536966295244e-26, 1.2663608145179006e-25, 6.447038240355842e-27, 6.3734103536372694e-27, 6.333473010497156e-27, 6.498970548771787e-27, 6.423007221692682e-27, 5.829694918749289e-27, 1.1286996239763303e-25, 7.497048436366601e-26, 1.3886169702287564e-20, 9.258913736266812e-27, 6.423007221691068e-27, 6.4230072216908566e-27, 1.059811531716607e-25, 1.0, 5.81510681359906e-27, 2.0327780488524293e-25, 6.432820741956467e-27, 3.4770177251621196e-27, 6.477708580768542e-27, 5.381173538582389e-27, 6.632034352829452e-27, 5.828355003525493e-27, 5.378180433973804e-20, 6.448495750968962e-27]"
hMpxV/Peru/LIM-INS-401/2023|EPI_ISL_19343470|2023-02-01,"[0.0, 0.0, 0.0, 0.0, 0.0, 0.0, 0.0, 0.0, 0.0, 0.0, 0.0, 0.0, 0.0, 0.0, 0.0, 0.0, 0.0, 0.0, 0.0, 0.0, 1.0, 0.0, 0.0, 0.0, 0.0, 0.0, 0.0, 0.0, 0.0, 0.0, 0.0]"
hMpxV/Peru/LIM-INS-388/2023|EPI_ISL_19343483|2023-01-21,"[0.0, 0.0, 0.0, 0.0, 0.0, 0.0, 0.0, 0.0, 0.0, 0.0, 0.0, 0.0, 0.0, 0.0, 0.0, 0.0, 0.0, 0.0, 0.0, 0.0, 1.0, 0.0, 0.0, 0.0, 0.0, 0.0, 0.0, 0.0, 0.0, 0.0, 0.0]"
hMpxV/Peru/LIM-INS-410/2023|EPI_ISL_19343485|2023-02-06,"[0.0, 0.0, 0.0, 0.0, 0.0, 0.0, 0.0, 0.0, 0.0, 0.0, 0.0, 0.0, 0.0, 0.0, 0.0, 0.0, 0.0, 0.0, 0.0, 0.0, 1.0, 0.0, 0.0, 0.0, 0.0, 0.0, 0.0, 0.0, 0.0, 0.0, 0.0]"
hMpxV/Peru/LIM-INS-418/2023|EPI_ISL_19343493|2023-02-09,"[0.0, 0.0, 0.0, 0.0, 0.0, 0.0, 0.0, 0.0, 0.0, 0.0, 0.0, 0.0, 0.0, 0.0, 0.0, 0.0, 0.0, 0.0, 0.0, 0.0, 1.0, 0.0, 0.0, 0.0, 0.0, 0.0, 0.0, 0.0, 0.0, 0.0, 0.0]"
hMpxV/Peru/LIM-INS-439/2023|EPI_ISL_19343533|2023-01-06,"[0.0, 0.0, 0.0, 0.0, 0.0, 0.0, 0.0, 0.0, 0.0, 0.0, 0.0, 0.0, 0.0, 0.0, 0.0, 0.0, 0.0, 0.0, 0.0, 0.0, 1.0, 0.0, 0.0, 0.0, 0.0, 0.0, 0.0, 0.0, 0.0, 0.0, 0.0]"
hMpxV/Peru/LIM-INS-389/2023|EPI_ISL_19343548|2023-01-11,"[0.0, 0.0, 0.0, 0.0, 0.0, 0.0, 0.0, 0.0, 0.0, 0.0, 0.0, 0.0, 0.0, 0.0, 0.0, 0.0, 0.0, 0.0, 0.0, 0.0, 1.0, 0.0, 0.0, 0.0, 0.0, 0.0, 0.0, 0.0, 0.0, 0.0, 0.0]"
hMpxV/Peru/LIM-INS-380/2023|EPI_ISL_19343566|2023-01-11,"[0.0, 0.0, 0.0, 0.0, 0.0, 0.0, 0.0, 0.0, 0.0, 0.0, 0.0, 0.0, 0.0, 0.0, 0.0, 0.0, 0.0, 0.0, 0.0, 0.0, 1.0, 0.0, 0.0, 0.0, 0.0, 0.0, 0.0, 0.0, 0.0, 0.0, 0.0]"
hMpxV/Chile/RM-ISP-3703/2023|EPI_ISL_19345365|2023-01-13,"[0.0, 0.0, 0.0, 0.0, 1.0, 0.0, 0.0, 0.0, 0.0, 0.0, 0.0, 0.0, 0.0, 0.0, 0.0, 0.0, 0.0, 0.0, 0.0, 0.0, 0.0, 0.0, 0.0, 0.0, 0.0, 0.0, 0.0, 0.0, 0.0, 0.0, 0.0]"
NODE_0000367,"[2.1692626981142954e-09, 5.169749140229364e-09, 3.98501678703003e-08, 8.230701034169179e-10, 7.772109616281809e-08, 1.7456989042365661e-09, 2.4906002112807034e-09, 8.045350047809177e-10, 8.159699247935038e-10, 8.154032075949963e-10, 7.946519682934518e-10, 8.10585103367993e-10, 7.92729185389094e-10, 2.467931234280981e-09, 2.009222082989675e-09, 1.810626690188355e-07, 9.8255286388781e-10, 8.105851033679637e-10, 8.105851033679859e-10, 2.3958396773777234e-09, 0.9999992608235313, 8.396778215752241e-10, 2.7478641440781074e-09, 8.074237738902645e-10, 6.399718280021794e-10, 7.91514865174368e-10, 8.061734472016926e-10, 7.916386588353997e-10, 8.03926440937106e-10, 4.048036758593506e-07, 8.016973355595482e-10]"
hMpxV/Peru/LIM-INS-405/2023|EPI_ISL_19343509|2023-02-09,"[0.0, 0.0, 0.0, 0.0, 0.0, 0.0, 0.0, 0.0, 0.0, 0.0, 0.0, 0.0, 0.0, 0.0, 0.0, 0.0, 0.0, 0.0, 0.0, 0.0, 1.0, 0.0, 0.0, 0.0, 0.0, 0.0, 0.0, 0.0, 0.0, 0.0, 0.0]"
NODE_0000368,"[1.508651827216133e-42, 1.1889789718042836e-40, 6.437276038846834e-36, 1.1495752085866798e-44, 1.8791449664376673e-34, 5.3345600994276626e-43, 3.1996049143553246e-42, 1.239389178363315e-44, 1.1834317999193882e-44, 1.180348649243327e-44, 1.2948777480169418e-44, 1.215614383774871e-44, 1.0512656051161445e-44, 2.5165621265527594e-42, 1.6508695666167e-42, 2.7757356911627644e-32, 2.671309280822084e-44, 1.21561438377456e-44, 1.2156143837744909e-44, 2.3517067112908216e-42, 1.0, 9.504565537076075e-45, 1.1842383515920058e-41, 1.2269423581410975e-44, 6.568396230136459e-45, 1.3816653328577722e-44, 9.906622920612854e-45, 1.43929236523768e-44, 1.0475549780021635e-44, 5.615009978273635e-31, 1.2470192313675435e-44]"
hMpxV/Peru/MOQ-INS-459/2023|EPI_ISL_19343464|2023-04-03,"[0.0, 0.0, 0.0, 0.0, 0.0, 0.0, 0.0, 0.0, 0.0, 0.0, 0.0, 0.0, 0.0, 0.0, 0.0, 0.0, 0.0, 0.0, 0.0, 0.0, 1.0, 0.0, 0.0, 0.0, 0.0, 0.0, 0.0, 0.0, 0.0, 0.0, 0.0]"
hMpxV/Peru/MOQ-INS-454/2023|EPI_ISL_19343465|2023-03-24,"[0.0, 0.0, 0.0, 0.0, 0.0, 0.0, 0.0, 0.0, 0.0, 0.0, 0.0, 0.0, 0.0, 0.0, 0.0, 0.0, 0.0, 0.0, 0.0, 0.0, 1.0, 0.0, 0.0, 0.0, 0.0, 0.0, 0.0, 0.0, 0.0, 0.0, 0.0]"
hMpxV/Peru/TAC-INS-426/2023|EPI_ISL_19343472|2023-02-21,"[0.0, 0.0, 0.0, 0.0, 0.0, 0.0, 0.0, 0.0, 0.0, 0.0, 0.0, 0.0, 0.0, 0.0, 0.0, 0.0, 0.0, 0.0, 0.0, 0.0, 1.0, 0.0, 0.0, 0.0, 0.0, 0.0, 0.0, 0.0, 0.0, 0.0, 0.0]"
hMpxV/Peru/LIM-INS-474/2023|EPI_ISL_19343522|2023-03-14,"[0.0, 0.0, 0.0, 0.0, 0.0, 0.0, 0.0, 0.0, 0.0, 0.0, 0.0, 0.0, 0.0, 0.0, 0.0, 0.0, 0.0, 0.0, 0.0, 0.0, 1.0, 0.0, 0.0, 0.0, 0.0, 0.0, 0.0, 0.0, 0.0, 0.0, 0.0]"
hMpxV/Peru/LIM-INS-458/2023|EPI_ISL_19343527|2023-04-04,"[0.0, 0.0, 0.0, 0.0, 0.0, 0.0, 0.0, 0.0, 0.0, 0.0, 0.0, 0.0, 0.0, 0.0, 0.0, 0.0, 0.0, 0.0, 0.0, 0.0, 1.0, 0.0, 0.0, 0.0, 0.0, 0.0, 0.0, 0.0, 0.0, 0.0, 0.0]"
hMpxV/Peru/LIM-INS-448/2023|EPI_ISL_19343544|2023-03-18,"[0.0, 0.0, 0.0, 0.0, 0.0, 0.0, 0.0, 0.0, 0.0, 0.0, 0.0, 0.0, 0.0, 0.0, 0.0, 0.0, 0.0, 0.0, 0.0, 0.0, 0.9999999999999999, 0.0, 0.0, 0.0, 0.0, 0.0, 0.0, 0.0, 0.0, 0.0, 0.0]"
hMpxV/Peru/TAC-INS-468/2023|EPI_ISL_19343577|2023-02-24,"[0.0, 0.0, 0.0, 0.0, 0.0, 0.0, 0.0, 0.0, 0.0, 0.0, 0.0, 0.0, 0.0, 0.0, 0.0, 0.0, 0.0, 0.0, 0.0, 0.0, 1.0, 0.0, 0.0, 0.0, 0.0, 0.0, 0.0, 0.0, 0.0, 0.0, 0.0]"
hMpxV/Peru/TAC-INS-481/2023|EPI_ISL_19343578|2023-02-24,"[0.0, 0.0, 0.0, 0.0, 0.0, 0.0, 0.0, 0.0, 0.0, 0.0, 0.0, 0.0, 0.0, 0.0, 0.0, 0.0, 0.0, 0.0, 0.0, 0.0, 1.0, 0.0, 0.0, 0.0, 0.0, 0.0, 0.0, 0.0, 0.0, 0.0, 0.0]"
hMpxV/Peru/TAC-INS-463/2023|EPI_ISL_19343581|2023-02-20,"[0.0, 0.0, 0.0, 0.0, 0.0, 0.0, 0.0, 0.0, 0.0, 0.0, 0.0, 0.0, 0.0, 0.0, 0.0, 0.0, 0.0, 0.0, 0.0, 0.0, 1.0, 0.0, 0.0, 0.0, 0.0, 0.0, 0.0, 0.0, 0.0, 0.0, 0.0]"
hMpxV/Peru/TAC-INS-423/2023|EPI_ISL_19343582|2023-02-15,"[0.0, 0.0, 0.0, 0.0, 0.0, 0.0, 0.0, 0.0, 0.0, 0.0, 0.0, 0.0, 0.0, 0.0, 0.0, 0.0, 0.0, 0.0, 0.0, 0.0, 1.0, 0.0, 0.0, 0.0, 0.0, 0.0, 0.0, 0.0, 0.0, 0.0, 0.0]"
hMpxV/Peru/TAC-INS-421/2023|EPI_ISL_19343575|2023-02-14,"[0.0, 0.0, 0.0, 0.0, 0.0, 0.0, 0.0, 0.0, 0.0, 0.0, 0.0, 0.0, 0.0, 0.0, 0.0, 0.0, 0.0, 0.0, 0.0, 0.0, 1.0, 0.0, 0.0, 0.0, 0.0, 0.0, 0.0, 0.0, 0.0, 0.0, 0.0]"
hMpxV/Peru/TAC-INS-409/2023|EPI_ISL_19343583|2023-02-02,"[0.0, 0.0, 0.0, 0.0, 0.0, 0.0, 0.0, 0.0, 0.0, 0.0, 0.0, 0.0, 0.0, 0.0, 0.0, 0.0, 0.0, 0.0, 0.0, 0.0, 1.0, 0.0, 0.0, 0.0, 0.0, 0.0, 0.0, 0.0, 0.0, 0.0, 0.0]"
hMpxV/Peru/MDD-INS-475/2023|EPI_ISL_19343586|2023-03-08,"[0.0, 0.0, 0.0, 0.0, 0.0, 0.0, 0.0, 0.0, 0.0, 0.0, 0.0, 0.0, 0.0, 0.0, 0.0, 0.0, 0.0, 0.0, 0.0, 0.0, 1.0, 0.0, 0.0, 0.0, 0.0, 0.0, 0.0, 0.0, 0.0, 0.0, 0.0]"
hMpxV/Peru/CUS-INS-471/2023|EPI_ISL_19343590|2023-03-01,"[0.0, 0.0, 0.0, 0.0, 0.0, 0.0, 0.0, 0.0, 0.0, 0.0, 0.0, 0.0, 0.0, 0.0, 0.0, 0.0, 0.0, 0.0, 0.0, 0.0, 1.0, 0.0, 0.0, 0.0, 0.0, 0.0, 0.0, 0.0, 0.0, 0.0, 0.0]"
NODE_0000369,"[2.4973685357577233e-09, 5.5893440535842366e-09, 4.126863251519669e-08, 9.87310337632964e-10, 7.748299856003611e-08, 2.0133536414251255e-09, 2.785553501443743e-09, 9.639166229134124e-10, 9.782782756395847e-10, 9.785974737134963e-10, 9.523685275225303e-10, 9.71573621999951e-10, 9.505328684451651e-10, 2.7645435923374095e-09, 2.2420256496090056e-09, 1.783230494009256e-07, 1.1913283373290128e-09, 9.715736219997546e-10, 9.715736219996888e-10, 2.6872275929385242e-09, 0.9999992570574742, 1.0099497448865969e-09, 3.0607184636555096e-09, 9.675715160315482e-10, 7.820017848481205e-10, 9.558684828258214e-10, 9.740271754477745e-10, 9.551808675933178e-10, 9.668241361453326e-10, 4.047388934852824e-07, 9.603400382713166e-10]"
hMpxV/Peru/LIM-INS-449/2023|EPI_ISL_19343537|2023-03-22,"[0.0, 0.0, 0.0, 0.0, 0.0, 0.0, 0.0, 0.0, 0.0, 0.0, 0.0, 0.0, 0.0, 0.0, 0.0, 0.0, 0.0, 0.0, 0.0, 0.0, 0.9999999999999999, 0.0, 0.0, 0.0, 0.0, 0.0, 0.0, 0.0, 0.0, 0.0, 0.0]"
hMpxV/Peru/LIM-INS-462/2023|EPI_ISL_19343552|2023-04-21,"[0.0, 0.0, 0.0, 0.0, 0.0, 0.0, 0.0, 0.0, 0.0, 0.0, 0.0, 0.0, 0.0, 0.0, 0.0, 0.0, 0.0, 0.0, 0.0, 0.0, 1.0, 0.0, 0.0, 0.0, 0.0, 0.0, 0.0, 0.0, 0.0, 0.0, 0.0]"
NODE_0000355,"[3.634717305331738e-08, 3.0377122492972904e-08, 5.055983721197806e-07, 7.98213793113283e-09, 2.560870532620322e-07, 1.393413135298288e-08, 1.7951986451430457e-08, 7.916712241978083e-09, 7.963225824608588e-09, 7.942154009091048e-09, 7.868999655323208e-09, 7.940276177560209e-09, 7.649706773560548e-09, 1.7543762436762784e-08, 2.0720527035174187e-08, 1.0702268067722884e-06, 1.850658489396885e-08, 7.940276177560776e-09, 7.940276177555317e-09, 1.6990516042450516e-08, 0.9837139832347672, 7.947994331338044e-09, 3.7693445054949176e-08, 7.926946883577108e-09, 8.961347195647504e-09, 1.1782060781279717e-08, 7.422941239774599e-09, 1.1581165754566977e-08, 7.702879376660744e-09, 0.01628383241582681, 7.902824382160932e-09]"
hMpxV/USA/CA-LACPHL-MA00408/2023|EPI_ISL_16997442|2023-01-11,"[0.0, 0.0, 0.0, 0.0, 0.0, 0.0, 0.0, 0.0, 0.0, 0.0, 0.0, 0.0, 0.0, 0.0, 0.0, 0.0, 0.0, 0.0, 0.0, 0.0, 0.0, 0.0, 0.0, 0.0, 0.0, 0.0, 0.0, 0.0, 0.0, 1.0, 0.0]"
hMpxV/Peru/LIM-INS-377/2023|EPI_ISL_19343474|2023-01-13,"[0.0, 0.0, 0.0, 0.0, 0.0, 0.0, 0.0, 0.0, 0.0, 0.0, 0.0, 0.0, 0.0, 0.0, 0.0, 0.0, 0.0, 0.0, 0.0, 0.0, 1.0, 0.0, 0.0, 0.0, 0.0, 0.0, 0.0, 0.0, 0.0, 0.0, 0.0]"
NODE_0000356,"[1.025152169119559e-05, 1.5870595957017214e-05, 6.743657876022111e-05, 5.439625156248057e-06, 9.348284278033979e-05, 8.55186586639669e-06, 1.0144110266312128e-05, 5.271248611087456e-06, 5.376510887355246e-06, 5.388087948396064e-06, 5.19216973857375e-06, 5.3232063564771064e-06, 5.251835581785871e-06, 1.0255175243146414e-05, 8.364276576783086e-06, 0.00017141827151759883, 6.4907566564986196e-06, 5.32320635647692e-06, 5.323206356477051e-06, 9.999966333572818e-06, 0.9990774084828143, 5.662009101066496e-06, 1.0428265702915513e-05, 5.296213016260007e-06, 4.567879252115474e-06, 5.2917780829265945e-06, 5.467963493893513e-06, 5.265065685146024e-06, 5.370913298478545e-06, 0.00040983831555540227, 5.2480553557869e-06]"
NODE_0000366,"[5.227082737590154e-10, 1.1210801021946337e-09, 7.879069307923458e-09, 2.126916101550163e-10, 1.4272432848888107e-08, 4.223135415961756e-10, 5.74374832241594e-10, 2.0751022603138698e-10, 2.1071346125244559e-10, 2.1079468917320812e-10, 2.0492969029327758e-10, 2.0918454524253047e-10, 2.0485915752326668e-10, 5.7123471344568e-10, 4.636536979876151e-10, 3.233778487478591e-08, 2.561522872050974e-10, 2.091845452424829e-10, 2.0918454524247394e-10, 5.553695012419664e-10, 0.9999998623831194, 2.179429534482423e-10, 6.276921243430544e-10, 2.0830966093429206e-10, 1.6930041462159626e-10, 2.0598562589255242e-10, 2.0998620610776378e-10, 2.0574925298888896e-10, 2.0838403534717465e-10, 7.450157045681268e-08, 2.0673292773903556e-10]"
hMpxV/Peru/LIM-INS-553/2024|EPI_ISL_19449529|2024-07-04,"[0.0, 0.0, 0.0, 0.0, 0.0, 0.0, 0.0, 0.0, 0.0, 0.0, 0.0, 0.0, 0.0, 0.0, 0.0, 0.0, 0.0, 0.0, 0.0, 0.0, 1.0, 0.0, 0.0, 0.0, 0.0, 0.0, 0.0, 0.0, 0.0, 0.0, 0.0]"
hMpxV/Peru/LIM-INS-558/2024|EPI_ISL_19449534|2024-07-02,"[0.0, 0.0, 0.0, 0.0, 0.0, 0.0, 0.0, 0.0, 0.0, 0.0, 0.0, 0.0, 0.0, 0.0, 0.0, 0.0, 0.0, 0.0, 0.0, 0.0, 1.0, 0.0, 0.0, 0.0, 0.0, 0.0, 0.0, 0.0, 0.0, 0.0, 0.0]"
NODE_0000357,"[9.891934240462487e-12, 2.908441346528932e-13, 1.475863673722004e-11, 1.736309815483764e-14, 2.5025042698824752e-11, 5.650187270562319e-14, 9.488618942047483e-14, 1.73791560077344e-14, 1.739410584813026e-14, 1.7352532598091053e-14, 1.7399440285341374e-14, 1.7387834003366613e-14, 1.6297786144701073e-14, 8.922530900939882e-14, 9.043714161981275e-14, 1.1515179993158219e-10, 2.3398680704999158e-14, 1.7387834003365647e-14, 1.7387834003366118e-14, 8.532724185522559e-14, 0.9999999991237111, 1.6771597999110086e-14, 1.2310702401034892e-13, 1.7378228150063594e-14, 1.6727434112590103e-14, 1.7847827851713493e-14, 1.5967181580014272e-14, 1.8043100002784065e-14, 1.6543791984931227e-14, 7.103159015612808e-10, 1.7359956943763406e-14]"
hMpxV/Australia/VIC-VIDRL-2388/2024|EPI_ISL_19459749|2024-04-18,"[1.0, 0.0, 0.0, 0.0, 0.0, 0.0, 0.0, 0.0, 0.0, 0.0, 0.0, 0.0, 0.0, 0.0, 0.0, 0.0, 0.0, 0.0, 0.0, 0.0, 0.0, 0.0, 0.0, 0.0, 0.0, 0.0, 0.0, 0.0, 0.0, 0.0, 0.0]"
hMpxV/Peru/LIM-INS-525/2024|EPI_ISL_19353804|2024-04-05,"[0.0, 0.0, 0.0, 0.0, 0.0, 0.0, 0.0, 0.0, 0.0, 0.0, 0.0, 0.0, 0.0, 0.0, 0.0, 0.0, 0.0, 0.0, 0.0, 0.0, 1.0, 0.0, 0.0, 0.0, 0.0, 0.0, 0.0, 0.0, 0.0, 0.0, 0.0]"
hMpxV/Peru/LIM-INS-532/2024|EPI_ISL_19353819|2024-03-14,"[0.0, 0.0, 0.0, 0.0, 0.0, 0.0, 0.0, 0.0, 0.0, 0.0, 0.0, 0.0, 0.0, 0.0, 0.0, 0.0, 0.0, 0.0, 0.0, 0.0, 1.0, 0.0, 0.0, 0.0, 0.0, 0.0, 0.0, 0.0, 0.0, 0.0, 0.0]"
NODE_0000358,"[3.537317442578806e-10, 9.263802027828366e-10, 1.2263196791285788e-08, 1.1165633683064524e-10, 2.6276462472982637e-08, 2.6894523273047883e-10, 3.9457160344039e-10, 1.09607883537975e-10, 1.1086788287085364e-10, 1.1103314976217818e-10, 1.0876284201407826e-10, 1.1032041438661332e-10, 1.0705614376728107e-10, 3.861185478031762e-10, 3.0670380429359627e-10, 8.070285845989354e-08, 1.433838282700886e-10, 1.103204143866099e-10, 1.1032041438661126e-10, 3.748895625090973e-10, 0.9999996524274128, 1.129238196884054e-10, 4.709428265853237e-10, 1.099411695087231e-10, 8.870044825033944e-11, 1.1087584716970942e-10, 1.1012534767507503e-10, 1.1098551192908736e-10, 1.091511159075081e-10, 2.228524993351824e-07, 1.0925386067896012e-10]"
hMpxV/Peru/LIM-INS-563/2024|EPI_ISL_19449539|2024-06-05,"[0.0, 0.0, 0.0, 0.0, 0.0, 0.0, 0.0, 0.0, 0.0, 0.0, 0.0, 0.0, 0.0, 0.0, 0.0, 0.0, 0.0, 0.0, 0.0, 0.0, 1.0, 0.0, 0.0, 0.0, 0.0, 0.0, 0.0, 0.0, 0.0, 0.0, 0.0]"
hMpxV/Peru/CAL-INS-524/2024|EPI_ISL_19353791|2024-04-06,"[0.0, 0.0, 0.0, 0.0, 0.0, 0.0, 0.0, 0.0, 0.0, 0.0, 0.0, 0.0, 0.0, 0.0, 0.0, 0.0, 0.0, 0.0, 0.0, 0.0, 1.0, 0.0, 0.0, 0.0, 0.0, 0.0, 0.0, 0.0, 0.0, 0.0, 0.0]"
NODE_0000359,"[5.248591743130109e-08, 1.1031299506405755e-07, 7.665564028599719e-07, 2.166390145390361e-08, 1.3759057959075776e-06, 4.2443483448381235e-08, 5.709065034473407e-08, 2.1126353423455302e-08, 2.1457038743472096e-08, 2.147654878513514e-08, 2.0869672392518104e-08, 2.130101960954987e-08, 2.0859224074078114e-08, 5.6792649383919564e-08, 4.598953330167351e-08, 3.106024220823091e-06, 2.623846872427093e-08, 2.1301019609549466e-08, 2.13010196095498e-08, 5.525113117315996e-08, 0.999986725148636, 2.2220231690304582e-08, 6.230734610640486e-08, 2.120973915473115e-08, 1.7385013396913628e-08, 2.1046483394462265e-08, 2.1467033716866297e-08, 2.101540780936453e-08, 2.1251391537054062e-08, 7.159456381383377e-06, 2.104528931703453e-08]"
hMpxV/Peru/LIM-INS-550/2024|EPI_ISL_19449526|2024-07-25,"[0.0, 0.0, 0.0, 0.0, 0.0, 0.0, 0.0, 0.0, 0.0, 0.0, 0.0, 0.0, 0.0, 0.0, 0.0, 0.0, 0.0, 0.0, 0.0, 0.0, 0.9999999999999999, 0.0, 0.0, 0.0, 0.0, 0.0, 0.0, 0.0, 0.0, 0.0, 0.0]"
hMpxV/Peru/LIM-INS-559/2024|EPI_ISL_19449535|2024-08-05,"[0.0, 0.0, 0.0, 0.0, 0.0, 0.0, 0.0, 0.0, 0.0, 0.0, 0.0, 0.0, 0.0, 0.0, 0.0, 0.0, 0.0, 0.0, 0.0, 0.0, 1.0, 0.0, 0.0, 0.0, 0.0, 0.0, 0.0, 0.0, 0.0, 0.0, 0.0]"
NODE_0000360,"[1.2925081158436405e-15, 5.996519568512335e-15, 3.22447691092188e-13, 2.1833785677213607e-16, 1.0758892053061289e-12, 8.640440173477365e-16, 1.6033419997956325e-15, 2.1771720900841333e-16, 2.1809284080873585e-16, 2.1832553862851294e-16, 2.1797741203563877e-16, 2.1820034095327772e-16, 2.0762165703061204e-16, 1.5118380654834517e-15, 1.1614922339458859e-15, 6.334788756482772e-12, 3.1095312824798463e-16, 2.182003409532606e-16, 2.182003409532682e-16, 1.4588872309701386e-15, 0.9999999999679184, 2.1348252127423436e-16, 2.3163878205986537e-15, 2.1790631490350086e-16, 1.646409075664173e-16, 2.2428522007010914e-16, 2.1088905813881814e-16, 2.259974755740726e-16, 2.1104733360943126e-16, 2.4328330121700496e-11, 2.1734669702275845e-16]"
hMpxV/Peru/LIM-INS-562/2024|EPI_ISL_19449538|2024-07-04,"[0.0, 0.0, 0.0, 0.0, 0.0, 0.0, 0.0, 0.0, 0.0, 0.0, 0.0, 0.0, 0.0, 0.0, 0.0, 0.0, 0.0, 0.0, 0.0, 0.0, 0.9999999999999999, 0.0, 0.0, 0.0, 0.0, 0.0, 0.0, 0.0, 0.0, 0.0, 0.0]"
hMpxV/Peru/CAL-INS-521/2024|EPI_ISL_19353792|2024-04-23,"[0.0, 0.0, 0.0, 0.0, 0.0, 0.0, 0.0, 0.0, 0.0, 0.0, 0.0, 0.0, 0.0, 0.0, 0.0, 0.0, 0.0, 0.0, 0.0, 0.0, 1.0, 0.0, 0.0, 0.0, 0.0, 0.0, 0.0, 0.0, 0.0, 0.0, 0.0]"
NODE_0000365,"[5.884895561359128e-10, 1.3694946291279206e-09, 1.0374348712112461e-08, 2.2680742862496073e-10, 1.9934665147880036e-08, 4.739400587703784e-10, 6.684818145433305e-10, 2.2160055458317602e-10, 2.2480882326562e-10, 2.2473099064442938e-10, 2.1889491500880441e-10, 2.2330037064038983e-10, 2.1842290954525722e-10, 6.628294171942754e-10, 5.389352821271101e-10, 4.620840424625115e-08, 2.7169627125879046e-10, 2.23300370640342e-10, 2.2330037064032875e-10, 6.43758134108574e-10, 0.9999998098864423, 2.31618882521008e-10, 7.362626061363485e-10, 2.2241209326628275e-10, 1.7750619203351233e-10, 2.186085232169514e-10, 2.2270087613424656e-10, 2.1857266722021709e-10, 2.2173084988140273e-10, 1.0390313000880603e-07, 2.2080475450888794e-10]"
hMpxV/Peru/LIM-INS-565/2024|EPI_ISL_19449541|2024-06-15,"[0.0, 0.0, 0.0, 0.0, 0.0, 0.0, 0.0, 0.0, 0.0, 0.0, 0.0, 0.0, 0.0, 0.0, 0.0, 0.0, 0.0, 0.0, 0.0, 0.0, 1.0, 0.0, 0.0, 0.0, 0.0, 0.0, 0.0, 0.0, 0.0, 0.0, 0.0]"
hMpxV/Peru/LIM-INS-572/2024|EPI_ISL_19449548|2024-06-06,"[0.0, 0.0, 0.0, 0.0, 0.0, 0.0, 0.0, 0.0, 0.0, 0.0, 0.0, 0.0, 0.0, 0.0, 0.0, 0.0, 0.0, 0.0, 0.0, 0.0, 1.0, 0.0, 0.0, 0.0, 0.0, 0.0, 0.0, 0.0, 0.0, 0.0, 0.0]"
NODE_0000363,"[8.024282699286921e-08, 1.727466064216255e-07, 1.2415566669479728e-06, 3.2541674474409723e-08, 2.276574404575657e-06, 6.476450022370495e-08, 8.79209864489898e-08, 3.174698826983349e-08, 3.223351561975353e-08, 3.22642246902867e-08, 3.137241521934648e-08, 3.200746713450351e-08, 3.132191567584026e-08, 8.73439511215853e-08, 7.066932303135301e-08, 5.199665317836995e-06, 3.952400766285479e-08, 3.200746713450305e-08, 3.200746713450346e-08, 8.496784897639292e-08, 0.99997804640253, 3.334344377033633e-08, 9.63567232054392e-08, 3.187130090519576e-08, 2.60696243835292e-08, 3.1635398700276925e-08, 3.224613502857479e-08, 3.159554637599552e-08, 3.191677461594012e-08, 1.1913457337894019e-05, 3.1625609876608154e-08]"
hMpxV/Peru/LIM-INS-560/2024|EPI_ISL_19449536|2024-07-29,"[0.0, 0.0, 0.0, 0.0, 0.0, 0.0, 0.0, 0.0, 0.0, 0.0, 0.0, 0.0, 0.0, 0.0, 0.0, 0.0, 0.0, 0.0, 0.0, 0.0, 1.0, 0.0, 0.0, 0.0, 0.0, 0.0, 0.0, 0.0, 0.0, 0.0, 0.0]"
NODE_0000364,"[7.49712737806532e-11, 1.8685641370790306e-10, 1.569834774012882e-09, 2.7421771666425423e-11, 3.1880006168553443e-09, 6.002301323697856e-11, 8.738268413806289e-11, 2.683071364403941e-11, 2.7196863369755833e-11, 2.7163019466430078e-11, 2.650166128638765e-11, 2.7023629346142428e-11, 2.6411281255516067e-11, 8.643301278344155e-11, 7.045753803482342e-11, 7.875033725630172e-09, 3.267216227379419e-11, 2.7023629346136573e-11, 2.7023629346134792e-11, 8.383780040631647e-11, 0.9999999679287009, 2.791496454550748e-11, 9.727133709101429e-11, 2.6922745669852793e-11, 2.1105838184883048e-11, 2.6320351487015153e-11, 2.6738792059277075e-11, 2.6339177539096145e-11, 2.6739799994230626e-11, 1.8207107390335976e-08, 2.6739725132682548e-11]"
hMpxV/Peru/LIM-INS-555/2024|EPI_ISL_19449531|2024-06-11,"[0.0, 0.0, 0.0, 0.0, 0.0, 0.0, 0.0, 0.0, 0.0, 0.0, 0.0, 0.0, 0.0, 0.0, 0.0, 0.0, 0.0, 0.0, 0.0, 0.0, 1.0, 0.0, 0.0, 0.0, 0.0, 0.0, 0.0, 0.0, 0.0, 0.0, 0.0]"
hMpxV/Peru/LIM-INS-568/2024|EPI_ISL_19449544|2024-06-21,"[0.0, 0.0, 0.0, 0.0, 0.0, 0.0, 0.0, 0.0, 0.0, 0.0, 0.0, 0.0, 0.0, 0.0, 0.0, 0.0, 0.0, 0.0, 0.0, 0.0, 1.0, 0.0, 0.0, 0.0, 0.0, 0.0, 0.0, 0.0, 0.0, 0.0, 0.0]"
NODE_0000361,"[2.4217236593990466e-09, 5.4241875543060455e-09, 4.006521721865232e-08, 9.569371772993244e-10, 7.525454037822781e-08, 1.9523436748567913e-09, 2.702209060500109e-09, 9.342773918385294e-10, 9.481901012728633e-10, 9.484842088944216e-10, 9.230772721665868e-10, 9.41693292980971e-10, 9.212995322350463e-10, 2.6817922802459546e-09, 2.1750570110445958e-09, 1.732117867796613e-07, 1.154461745311201e-09, 9.416932929807762e-10, 9.416932929807125e-10, 2.6067409803423004e-09, 0.999999278517675, 9.788476717590917e-10, 2.96923231384441e-09, 9.378172253216687e-10, 7.577394410015534e-10, 9.263618423036883e-10, 9.439573710039727e-10, 9.257062902231753e-10, 9.370453076319345e-10, 3.930673985130395e-07, 9.308133348402901e-10]"
hMpxV/Peru/LIM-INS-510/2024|EPI_ISL_19353795|2024-05-21,"[0.0, 0.0, 0.0, 0.0, 0.0, 0.0, 0.0, 0.0, 0.0, 0.0, 0.0, 0.0, 0.0, 0.0, 0.0, 0.0, 0.0, 0.0, 0.0, 0.0, 1.0, 0.0, 0.0, 0.0, 0.0, 0.0, 0.0, 0.0, 0.0, 0.0, 0.0]"
NODE_0000362,"[1.4472460466245945e-12, 4.555302706060908e-12, 6.96165889879636e-11, 4.0422914064383643e-13, 1.679005027540359e-10, 1.0931964623666335e-12, 1.7503347961318248e-12, 3.9819130580366047e-13, 4.0194602726378073e-13, 4.0151651618398254e-13, 3.9495146845243307e-13, 4.003254640378922e-13, 3.878363590992136e-13, 1.703676577643651e-12, 1.3654374994259543e-12, 5.38207800612984e-10, 5.065009097813104e-13, 4.0032546403788126e-13, 4.0032546403788383e-13, 1.6486511609610708e-12, 0.9999999977801217, 4.056090242373159e-13, 2.1199428686849054e-12, 3.991855988503624e-13, 3.058139867465093e-13, 3.948416458365141e-13, 3.91436656551983e-13, 3.9620162817055193e-13, 3.92518367068798e-13, 1.4212907634393753e-09, 3.9709704905040025e-13]"
hMpxV/Peru/LIM-INS-551/2024|EPI_ISL_19449527|2024-07-12,"[0.0, 0.0, 0.0, 0.0, 0.0, 0.0, 0.0, 0.0, 0.0, 0.0, 0.0, 0.0, 0.0, 0.0, 0.0, 0.0, 0.0, 0.0, 0.0, 0.0, 1.0, 0.0, 0.0, 0.0, 0.0, 0.0, 0.0, 0.0, 0.0, 0.0, 0.0]"
hMpxV/Peru/LIM-INS-564/2024|EPI_ISL_19449540|2024-07-11,"[0.0, 0.0, 0.0, 0.0, 0.0, 0.0, 0.0, 0.0, 0.0, 0.0, 0.0, 0.0, 0.0, 0.0, 0.0, 0.0, 0.0, 0.0, 0.0, 0.0, 1.0, 0.0, 0.0, 0.0, 0.0, 0.0, 0.0, 0.0, 0.0, 0.0, 0.0]"
hMpxV/Peru/ICA-INS-574/2024|EPI_ISL_19449550|2024-07-22,"[0.0, 0.0, 0.0, 0.0, 0.0, 0.0, 0.0, 0.0, 0.0, 0.0, 0.0, 0.0, 0.0, 0.0, 0.0, 0.0, 0.0, 0.0, 0.0, 0.0, 1.0, 0.0, 0.0, 0.0, 0.0, 0.0, 0.0, 0.0, 0.0, 0.0, 0.0]"
NODE_0000379,"[8.464572214982546e-06, 2.175147178906829e-06, 3.8919477954065246e-05, 1.5287739569230572e-06, 5.252562890826881e-06, 1.788318295581707e-06, 1.8766060522098758e-06, 1.5242683254269954e-06, 1.5298747952618936e-06, 1.5254666005155259e-06, 1.5194099232858123e-06, 1.5256121886205393e-06, 1.464628293065069e-06, 1.850564780155203e-06, 2.998224500006144e-06, 2.7044958465988408e-05, 6.164560748226162e-06, 1.5256121886205234e-06, 1.5256121886204743e-06, 1.786533342779016e-06, 0.0022619703779287403, 1.5175176158507698e-06, 6.357640573237443e-06, 1.5245920449041898e-06, 2.464919292798724e-06, 3.2530889910900966e-06, 1.3984821069804912e-06, 3.137160163283002e-06, 1.4752499131860156e-06, 0.9976033872255375, 1.5229609484512111e-06]"
hMpxV/USA/CA-CDPH-1M1000243/2023|EPI_ISL_18458962|2023-04-13,"[0.0, 0.0, 0.0, 0.0, 0.0, 0.0, 0.0, 0.0, 0.0, 0.0, 0.0, 0.0, 0.0, 0.0, 0.0, 0.0, 0.0, 0.0, 0.0, 0.0, 0.0, 0.0, 0.0, 0.0, 0.0, 0.0, 0.0, 0.0, 0.0, 1.0, 0.0]"
NODE_0000380,"[9.93729656658079e-09, 1.2026980184108416e-09, 4.4252156940656175e-08, 1.0498149638172467e-09, 2.2634639832240166e-09, 1.1157334519217042e-09, 1.143123496412184e-09, 1.061582043179832e-09, 1.0571491992447047e-09, 1.0504898767373904e-09, 1.063328506243712e-09, 1.0577042879885367e-09, 1.0029485006136066e-09, 1.1138198675384956e-09, 2.4665059844868215e-09, 1.891172556845383e-08, 7.339966267583681e-09, 1.0577042879886604e-09, 1.0577042879878975e-09, 1.068466743665032e-09, 2.8149266096333733e-06, 1.0174580902445798e-09, 6.685461842843067e-09, 1.0593904454679208e-09, 2.2413454171233845e-09, 3.1769979898792073e-09, 9.12831577910487e-10, 3.0219698888711977e-09, 9.998056763581017e-10, 0.9999970646221278, 1.062618969850257e-09]"
hMpxV/USA/CA-CDPH-1M1000244/2023|EPI_ISL_18458963|2023-04-13,"[0.0, 0.0, 0.0, 0.0, 0.0, 0.0, 0.0, 0.0, 0.0, 0.0, 0.0, 0.0, 0.0, 0.0, 0.0, 0.0, 0.0, 0.0, 0.0, 0.0, 0.0, 0.0, 0.0, 0.0, 0.0, 0.0, 0.0, 0.0, 0.0, 1.0, 0.0]"
NODE_0000381,"[5.378843790045814e-15, 6.207558494812097e-17, 1.8649957219467652e-13, 4.1589162910081716e-17, 2.8670011004528553e-16, 5.14939854473739e-17, 5.496215658041199e-17, 4.507883190016555e-17, 4.344693810651865e-17, 4.280464967393097e-17, 4.652318749979106e-17, 4.378748629297451e-17, 3.9295142041632714e-17, 5.147429780543121e-17, 2.8607525815698483e-16, 3.159874789553747e-14, 2.3712001965488833e-15, 4.378748629297914e-17, 4.3787486292947284e-17, 4.626940649656049e-17, 1.0466403759617393e-09, 3.629126585296271e-17, 2.8270690448220746e-15, 4.440938965388944e-17, 2.438112767984481e-16, 4.560888801156826e-16, 3.214844490352974e-17, 4.146846985385382e-16, 3.822506101088852e-17, 0.9999999989531285, 4.5595412572628683e-17]"
hMpxV/USA/CA-CDPH-11000316/2023|EPI_ISL_18323786|2023-07-21,"[0.0, 0.0, 0.0, 0.0, 0.0, 0.0, 0.0, 0.0, 0.0, 0.0, 0.0, 0.0, 0.0, 0.0, 0.0, 0.0, 0.0, 0.0, 0.0, 0.0, 0.0, 0.0, 0.0, 0.0, 0.0, 0.0, 0.0, 0.0, 0.0, 1.0, 0.0]"
hMpxV/Peru/LIM-INS-503/2023|EPI_ISL_19343555|2023-10-30,"[0.0, 0.0, 0.0, 0.0, 0.0, 0.0, 0.0, 0.0, 0.0, 0.0, 0.0, 0.0, 0.0, 0.0, 0.0, 0.0, 0.0, 0.0, 0.0, 0.0, 1.0, 0.0, 0.0, 0.0, 0.0, 0.0, 0.0, 0.0, 0.0, 0.0, 0.0]"
hMpxV/USA/CA-CDPH-11000297/2023|EPI_ISL_18325000|2023-07-06,"[0.0, 0.0, 0.0, 0.0, 0.0, 0.0, 0.0, 0.0, 0.0, 0.0, 0.0, 0.0, 0.0, 0.0, 0.0, 0.0, 0.0, 0.0, 0.0, 0.0, 0.0, 0.0, 0.0, 0.0, 0.0, 0.0, 0.0, 0.0, 0.0, 1.0, 0.0]"
hMpxV/USA/CA-CDPH-1M1000275/2023|EPI_ISL_18443042|2023-05-12,"[0.0, 0.0, 0.0, 0.0, 0.0, 0.0, 0.0, 0.0, 0.0, 0.0, 0.0, 0.0, 0.0, 0.0, 0.0, 0.0, 0.0, 0.0, 0.0, 0.0, 0.0, 0.0, 0.0, 0.0, 0.0, 0.0, 0.0, 0.0, 0.0, 1.0, 0.0]"
NODE_0000388,"[1.1371143888462764e-08, 1.2385502903490484e-09, 4.076526856643348e-08, 1.222383240585329e-09, 1.7347767704033264e-09, 1.2369998942883943e-09, 1.2439794916064487e-09, 1.235984165679417e-09, 1.2309866548299128e-09, 1.2226386348673552e-09, 1.2374136114862187e-09, 1.2314056667285465e-09, 1.1685130573932002e-09, 1.2146239202280545e-09, 2.7792764264219392e-09, 1.3992431961196695e-08, 8.712452431420466e-09, 1.2314056667284981e-09, 1.2314056667282086e-09, 1.1650867405053223e-09, 4.652668009075919e-07, 1.185475107514329e-09, 7.443339283591672e-09, 1.2334087940106305e-09, 2.6602147691387352e-09, 3.765790218019861e-09, 1.0591660730926054e-09, 3.578038931237473e-09, 1.1636104800747928e-09, 0.999999414940188, 1.2372406003798984e-09]"
hMpxV/USA/CA-CDPH-11000305/2023|EPI_ISL_18325008|2023-07-06,"[0.0, 0.0, 0.0, 0.0, 0.0, 0.0, 0.0, 0.0, 0.0, 0.0, 0.0, 0.0, 0.0, 0.0, 0.0, 0.0, 0.0, 0.0, 0.0, 0.0, 0.0, 0.0, 0.0, 0.0, 0.0, 0.0, 0.0, 0.0, 0.0, 1.0, 0.0]"
hMpxV/USA/CA-CDPH-11000304/2023|EPI_ISL_18325007|2023-07-06,"[0.0, 0.0, 0.0, 0.0, 0.0, 0.0, 0.0, 0.0, 0.0, 0.0, 0.0, 0.0, 0.0, 0.0, 0.0, 0.0, 0.0, 0.0, 0.0, 0.0, 0.0, 0.0, 0.0, 0.0, 0.0, 0.0, 0.0, 0.0, 0.0, 1.0, 0.0]"
NODE_0000389,"[3.137683879504821e-10, 3.393919192371285e-11, 1.1266410268416765e-09, 3.3526916035200344e-11, 4.7453355227196205e-11, 3.390833434720929e-11, 3.410652222554147e-11, 3.3904814427472194e-11, 3.37609368520959e-11, 3.3531353323310585e-11, 3.394735897550778e-11, 3.378006108836678e-11, 3.2040247034476694e-11, 3.326540504009711e-11, 7.656467285681435e-11, 3.8582718998096543e-10, 2.4054504324519115e-10, 3.3780061088374705e-11, 3.3780061088327045e-11, 3.193061249707341e-11, 1.2960879240254355e-08, 3.249542259450126e-11, 2.054861655239161e-10, 3.383462734655013e-11, 7.319497526272126e-11, 1.0375720834490261e-10, 2.9000847838223097e-11, 9.857463706347998e-11, 3.190112414059034e-11, 0.9999999837369357, 3.393862852524564e-11]"
hMpxV/USA/CA-CDPH-11000306/2023|EPI_ISL_18325009|2023-07-05,"[0.0, 0.0, 0.0, 0.0, 0.0, 0.0, 0.0, 0.0, 0.0, 0.0, 0.0, 0.0, 0.0, 0.0, 0.0, 0.0, 0.0, 0.0, 0.0, 0.0, 0.0, 0.0, 0.0, 0.0, 0.0, 0.0, 0.0, 0.0, 0.0, 1.0, 0.0]"
hMpxV/USA/CA-CDPH-11000307/2023|EPI_ISL_18325010|2023-07-05,"[0.0, 0.0, 0.0, 0.0, 0.0, 0.0, 0.0, 0.0, 0.0, 0.0, 0.0, 0.0, 0.0, 0.0, 0.0, 0.0, 0.0, 0.0, 0.0, 0.0, 0.0, 0.0, 0.0, 0.0, 0.0, 0.0, 0.0, 0.0, 0.0, 1.0, 0.0]"
NODE_0000382,"[5.52198762095254e-58, 1.341013745029814e-66, 2.4990443175989724e-52, 7.662974335592739e-67, 9.246701821578618e-65, 1.1507855838343981e-66, 1.4205752292438688e-66, 1.2512116843610921e-66, 9.72796291817119e-67, 9.024304383789407e-67, 1.5372885345118053e-66, 1.0591854002088525e-66, 6.577808788218634e-67, 9.265349908881742e-67, 3.5433626635325506e-63, 3.905606864992225e-56, 2.5374005304043973e-59, 1.0591854002089119e-66, 1.0591854002078271e-66, 6.402116272847618e-67, 6.494425993825726e-39, 3.401736530793685e-67, 6.070275485009509e-59, 1.1497136477768451e-66, 2.821303627505313e-63, 3.2863542901759973e-62, 2.2055869630513454e-67, 2.2382708209557778e-62, 5.3208694876955715e-67, 1.0, 1.337480512582439e-66]"
hMpxV/USA/CA-CDPH-1M1000433/2023|EPI_ISL_18781818|2023-10-16,"[0.0, 0.0, 0.0, 0.0, 0.0, 0.0, 0.0, 0.0, 0.0, 0.0, 0.0, 0.0, 0.0, 0.0, 0.0, 0.0, 0.0, 0.0, 0.0, 0.0, 0.0, 0.0, 0.0, 0.0, 0.0, 0.0, 0.0, 0.0, 0.0, 1.0, 0.0]"
hMpxV/USA/CA-CDPH-1M1000420/2023|EPI_ISL_18781849|2023-10-13,"[0.0, 0.0, 0.0, 0.0, 0.0, 0.0, 0.0, 0.0, 0.0, 0.0, 0.0, 0.0, 0.0, 0.0, 0.0, 0.0, 0.0, 0.0, 0.0, 0.0, 0.0, 0.0, 0.0, 0.0, 0.0, 0.0, 0.0, 0.0, 0.0, 1.0, 0.0]"
hMpxV/USA/CA-CDPH-1M1000486/2023|EPI_ISL_19143448|2023-12-05,"[0.0, 0.0, 0.0, 0.0, 0.0, 0.0, 0.0, 0.0, 0.0, 0.0, 0.0, 0.0, 0.0, 0.0, 0.0, 0.0, 0.0, 0.0, 0.0, 0.0, 0.0, 0.0, 0.0, 0.0, 0.0, 0.0, 0.0, 0.0, 0.0, 1.0, 0.0]"
hMpxV/USA/CA-CDPH-1M1000344/2023|EPI_ISL_18452335|2023-09-26,"[0.0, 0.0, 0.0, 0.0, 0.0, 0.0, 0.0, 0.0, 0.0, 0.0, 0.0, 0.0, 0.0, 0.0, 0.0, 0.0, 0.0, 0.0, 0.0, 0.0, 0.0, 0.0, 0.0, 0.0, 0.0, 0.0, 0.0, 0.0, 0.0, 0.9999999999999999, 0.0]"
hMpxV/USA/CA-CDPH-1M1000343/2023|EPI_ISL_18452334|2023-09-26,"[0.0, 0.0, 0.0, 0.0, 0.0, 0.0, 0.0, 0.0, 0.0, 0.0, 0.0, 0.0, 0.0, 0.0, 0.0, 0.0, 0.0, 0.0, 0.0, 0.0, 0.0, 0.0, 0.0, 0.0, 0.0, 0.0, 0.0, 0.0, 0.0, 0.9999999999999999, 0.0]"
hMpxV/USA/CA-CDPH-1M1000381/2023|EPI_ISL_18781793|2023-10-20,"[0.0, 0.0, 0.0, 0.0, 0.0, 0.0, 0.0, 0.0, 0.0, 0.0, 0.0, 0.0, 0.0, 0.0, 0.0, 0.0, 0.0, 0.0, 0.0, 0.0, 0.0, 0.0, 0.0, 0.0, 0.0, 0.0, 0.0, 0.0, 0.0, 0.9999999999999999, 0.0]"
hMpxV/USA/CA-CDPH-1M1000451/2023|EPI_ISL_18959309|2023-12-12,"[0.0, 0.0, 0.0, 0.0, 0.0, 0.0, 0.0, 0.0, 0.0, 0.0, 0.0, 0.0, 0.0, 0.0, 0.0, 0.0, 0.0, 0.0, 0.0, 0.0, 0.0, 0.0, 0.0, 0.0, 0.0, 0.0, 0.0, 0.0, 0.0, 1.0, 0.0]"
hMpxV/USA/CA-CDPH-1M1000453/2023|EPI_ISL_18959311|2023-12-14,"[0.0, 0.0, 0.0, 0.0, 0.0, 0.0, 0.0, 0.0, 0.0, 0.0, 0.0, 0.0, 0.0, 0.0, 0.0, 0.0, 0.0, 0.0, 0.0, 0.0, 0.0, 0.0, 0.0, 0.0, 0.0, 0.0, 0.0, 0.0, 0.0, 1.0, 0.0]"
hMpxV/USA/CA-CDPH-1M1000463/2023|EPI_ISL_18959320|2023-12-25,"[0.0, 0.0, 0.0, 0.0, 0.0, 0.0, 0.0, 0.0, 0.0, 0.0, 0.0, 0.0, 0.0, 0.0, 0.0, 0.0, 0.0, 0.0, 0.0, 0.0, 0.0, 0.0, 0.0, 0.0, 0.0, 0.0, 0.0, 0.0, 0.0, 1.0, 0.0]"
hMpxV/USA/CA-CDPH-1M1000464/2023|EPI_ISL_18959321|2023-12-25,"[0.0, 0.0, 0.0, 0.0, 0.0, 0.0, 0.0, 0.0, 0.0, 0.0, 0.0, 0.0, 0.0, 0.0, 0.0, 0.0, 0.0, 0.0, 0.0, 0.0, 0.0, 0.0, 0.0, 0.0, 0.0, 0.0, 0.0, 0.0, 0.0, 1.0, 0.0]"
hMpxV/USA/CA-LACPHL-MA00612/2023|EPI_ISL_18993203|2023-11-07,"[0.0, 0.0, 0.0, 0.0, 0.0, 0.0, 0.0, 0.0, 0.0, 0.0, 0.0, 0.0, 0.0, 0.0, 0.0, 0.0, 0.0, 0.0, 0.0, 0.0, 0.0, 0.0, 0.0, 0.0, 0.0, 0.0, 0.0, 0.0, 0.0, 1.0, 0.0]"
hMpxV/USA/CA-CDPH-1M1000400/2023|EPI_ISL_18781924|2023-10-25,"[0.0, 0.0, 0.0, 0.0, 0.0, 0.0, 0.0, 0.0, 0.0, 0.0, 0.0, 0.0, 0.0, 0.0, 0.0, 0.0, 0.0, 0.0, 0.0, 0.0, 0.0, 0.0, 0.0, 0.0, 0.0, 0.0, 0.0, 0.0, 0.0, 1.0, 0.0]"
hMpxV/USA/CA-CDPH-1M1000399/2023|EPI_ISL_18781923|2023-10-18,"[0.0, 0.0, 0.0, 0.0, 0.0, 0.0, 0.0, 0.0, 0.0, 0.0, 0.0, 0.0, 0.0, 0.0, 0.0, 0.0, 0.0, 0.0, 0.0, 0.0, 0.0, 0.0, 0.0, 0.0, 0.0, 0.0, 0.0, 0.0, 0.0, 1.0, 0.0]"
hMpxV/USA/CA-CDPH-1M1000398/2023|EPI_ISL_18781922|2023-11-11,"[0.0, 0.0, 0.0, 0.0, 0.0, 0.0, 0.0, 0.0, 0.0, 0.0, 0.0, 0.0, 0.0, 0.0, 0.0, 0.0, 0.0, 0.0, 0.0, 0.0, 0.0, 0.0, 0.0, 0.0, 0.0, 0.0, 0.0, 0.0, 0.0, 1.0, 0.0]"
hMpxV/USA/CA-CDPH-1M1000440/2023|EPI_ISL_18781628|2023-11-09,"[0.0, 0.0, 0.0, 0.0, 0.0, 0.0, 0.0, 0.0, 0.0, 0.0, 0.0, 0.0, 0.0, 0.0, 0.0, 0.0, 0.0, 0.0, 0.0, 0.0, 0.0, 0.0, 0.0, 0.0, 0.0, 0.0, 0.0, 0.0, 0.0, 1.0, 0.0]"
hMpxV/USA/CA-CDPH-1M1000450/2023|EPI_ISL_18781637|2023-10-16,"[0.0, 0.0, 0.0, 0.0, 0.0, 0.0, 0.0, 0.0, 0.0, 0.0, 0.0, 0.0, 0.0, 0.0, 0.0, 0.0, 0.0, 0.0, 0.0, 0.0, 0.0, 0.0, 0.0, 0.0, 0.0, 0.0, 0.0, 0.0, 0.0, 1.0, 0.0]"
hMpxV/USA/CA-CDPH-1M1000531/2023|EPI_ISL_19170460|2023-10-16,"[0.0, 0.0, 0.0, 0.0, 0.0, 0.0, 0.0, 0.0, 0.0, 0.0, 0.0, 0.0, 0.0, 0.0, 0.0, 0.0, 0.0, 0.0, 0.0, 0.0, 0.0, 0.0, 0.0, 0.0, 0.0, 0.0, 0.0, 0.0, 0.0, 1.0, 0.0]"
hMpxV/USA/CA-CDPH-1M1000533/2023|EPI_ISL_19170462|2023-10-06,"[0.0, 0.0, 0.0, 0.0, 0.0, 0.0, 0.0, 0.0, 0.0, 0.0, 0.0, 0.0, 0.0, 0.0, 0.0, 0.0, 0.0, 0.0, 0.0, 0.0, 0.0, 0.0, 0.0, 0.0, 0.0, 0.0, 0.0, 0.0, 0.0, 1.0, 0.0]"
hMpxV/USA/CA-CDPH-1M1000535/2023|EPI_ISL_19170464|2023-10-18,"[0.0, 0.0, 0.0, 0.0, 0.0, 0.0, 0.0, 0.0, 0.0, 0.0, 0.0, 0.0, 0.0, 0.0, 0.0, 0.0, 0.0, 0.0, 0.0, 0.0, 0.0, 0.0, 0.0, 0.0, 0.0, 0.0, 0.0, 0.0, 0.0, 1.0, 0.0]"
hMpxV/USA/CA-CDPH-1M1000536/2023|EPI_ISL_19170465|2023-10-19,"[0.0, 0.0, 0.0, 0.0, 0.0, 0.0, 0.0, 0.0, 0.0, 0.0, 0.0, 0.0, 0.0, 0.0, 0.0, 0.0, 0.0, 0.0, 0.0, 0.0, 0.0, 0.0, 0.0, 0.0, 0.0, 0.0, 0.0, 0.0, 0.0, 1.0, 0.0]"
hMpxV/USA/CA-CDPH-1M1000620/2023|EPI_ISL_19295765|2023-10-10,"[0.0, 0.0, 0.0, 0.0, 0.0, 0.0, 0.0, 0.0, 0.0, 0.0, 0.0, 0.0, 0.0, 0.0, 0.0, 0.0, 0.0, 0.0, 0.0, 0.0, 0.0, 0.0, 0.0, 0.0, 0.0, 0.0, 0.0, 0.0, 0.0, 0.9999999999999999, 0.0]"
hMpxV/USA/CA-CDPH-1M1000622/2023|EPI_ISL_19295767|2023-09-19,"[0.0, 0.0, 0.0, 0.0, 0.0, 0.0, 0.0, 0.0, 0.0, 0.0, 0.0, 0.0, 0.0, 0.0, 0.0, 0.0, 0.0, 0.0, 0.0, 0.0, 0.0, 0.0, 0.0, 0.0, 0.0, 0.0, 0.0, 0.0, 0.0, 1.0, 0.0]"
hMpxV/USA/CA-CDPH-1M1000357/2023|EPI_ISL_18786340|2023-09-12,"[0.0, 0.0, 0.0, 0.0, 0.0, 0.0, 0.0, 0.0, 0.0, 0.0, 0.0, 0.0, 0.0, 0.0, 0.0, 0.0, 0.0, 0.0, 0.0, 0.0, 0.0, 0.0, 0.0, 0.0, 0.0, 0.0, 0.0, 0.0, 0.0, 1.0, 0.0]"
hMpxV/USA/CA-CDPH-1M1000362/2023|EPI_ISL_18786347|2023-09-21,"[0.0, 0.0, 0.0, 0.0, 0.0, 0.0, 0.0, 0.0, 0.0, 0.0, 0.0, 0.0, 0.0, 0.0, 0.0, 0.0, 0.0, 0.0, 0.0, 0.0, 0.0, 0.0, 0.0, 0.0, 0.0, 0.0, 0.0, 0.0, 0.0, 1.0, 0.0]"
hMpxV/USA/IL-RIPHL-050-0110/2023|EPI_ISL_19016746|2023-09-27,"[0.0, 0.0, 0.0, 0.0, 0.0, 0.0, 0.0, 0.0, 0.0, 0.0, 0.0, 0.0, 0.0, 0.0, 0.0, 0.0, 0.0, 0.0, 0.0, 0.0, 0.0, 0.0, 0.0, 0.0, 0.0, 0.0, 0.0, 0.0, 0.0, 0.9999999999999999, 0.0]"
NODE_0000387,"[1.5445987536865333e-09, 1.5793956569280928e-10, 5.648281045526116e-09, 1.565980948188809e-10, 2.2006686467319326e-10, 1.579569590616857e-10, 1.591419395180088e-10, 1.5856679474747757e-10, 1.5767439346294883e-10, 1.565796302787411e-10, 1.588944336810383e-10, 1.5798254680498613e-10, 1.494049606132874e-10, 1.5426105693908309e-10, 3.6993208829793645e-10, 1.899053424768821e-09, 1.1870069496310116e-09, 1.5798254680500598e-10, 1.5798254680488457e-10, 1.4854800548570047e-10, 6.998379721273465e-08, 1.51161603394907e-10, 1.0140557096375603e-09, 1.5823833723043683e-10, 3.5088111861690155e-10, 5.026387592173171e-10, 1.3411577771429324e-10, 4.77101733049307e-10, 1.4861411942191402e-10, 0.9999999138622256, 1.5871723332427509e-10]"
hMpxV/USA/CA-CDPH-1M1000377/2023|EPI_ISL_18781788|2023-09-16,"[0.0, 0.0, 0.0, 0.0, 0.0, 0.0, 0.0, 0.0, 0.0, 0.0, 0.0, 0.0, 0.0, 0.0, 0.0, 0.0, 0.0, 0.0, 0.0, 0.0, 0.0, 0.0, 0.0, 0.0, 0.0, 0.0, 0.0, 0.0, 0.0, 0.9999999999999999, 0.0]"
hMpxV/USA/CA-CDPH-1M1000437/2023|EPI_ISL_18781626|2023-10-11,"[0.0, 0.0, 0.0, 0.0, 0.0, 0.0, 0.0, 0.0, 0.0, 0.0, 0.0, 0.0, 0.0, 0.0, 0.0, 0.0, 0.0, 0.0, 0.0, 0.0, 0.0, 0.0, 0.0, 0.0, 0.0, 0.0, 0.0, 0.0, 0.0, 1.0, 0.0]"
NODE_0000385,"[5.637739734045648e-08, 4.955816777064259e-09, 2.6604565285124056e-07, 4.694895394433671e-09, 8.058628035328494e-09, 4.898239613728077e-09, 4.902921707646124e-09, 4.782626378732262e-09, 4.767989419391327e-09, 4.7290991067778524e-09, 4.79453928592506e-09, 4.739140755342471e-09, 4.521059057230775e-09, 4.918173485524539e-09, 1.0965212123848594e-08, 7.937640968132441e-08, 3.854449517673868e-08, 4.739140755342469e-09, 4.739140755341927e-09, 4.570210316308087e-09, 4.744344450334198e-06, 4.557564921532695e-09, 3.409446250890645e-08, 4.759579318762614e-09, 1.0999897091897329e-08, 1.5562151169703212e-08, 4.1830969479682505e-09, 1.4712146076915919e-08, 4.498628584481571e-09, 0.999994631367681, 4.799554096622477e-09]"
hMpxV/USA/CA-CDPH-1M1000497/2024|EPI_ISL_19143456|2024-01-17,"[0.0, 0.0, 0.0, 0.0, 0.0, 0.0, 0.0, 0.0, 0.0, 0.0, 0.0, 0.0, 0.0, 0.0, 0.0, 0.0, 0.0, 0.0, 0.0, 0.0, 0.0, 0.0, 0.0, 0.0, 0.0, 0.0, 0.0, 0.0, 0.0, 1.0, 0.0]"
hMpxV/USA/CA-CDPH-1M1000482/2024|EPI_ISL_19143475|2024-03-06,"[0.0, 0.0, 0.0, 0.0, 0.0, 0.0, 0.0, 0.0, 0.0, 0.0, 0.0, 0.0, 0.0, 0.0, 0.0, 0.0, 0.0, 0.0, 0.0, 0.0, 0.0, 0.0, 0.0, 0.0, 0.0, 0.0, 0.0, 0.0, 0.0, 0.9999999999999999, 0.0]"
hMpxV/USA/CA-CDPH-1M1000608/2024|EPI_ISL_19295757|2024-06-10,"[0.0, 0.0, 0.0, 0.0, 0.0, 0.0, 0.0, 0.0, 0.0, 0.0, 0.0, 0.0, 0.0, 0.0, 0.0, 0.0, 0.0, 0.0, 0.0, 0.0, 0.0, 0.0, 0.0, 0.0, 0.0, 0.0, 0.0, 0.0, 0.0, 0.9999999999999999, 0.0]"
NODE_0000386,"[1.4496825105813355e-10, 6.2194308403985535e-12, 1.095490573231337e-09, 5.75834473980721e-12, 1.1863319180292574e-11, 6.1028926073623626e-12, 6.1644036093831826e-12, 5.981309924323305e-12, 5.902450872533914e-12, 5.838469055512114e-12, 6.047239840853255e-12, 5.888427886348122e-12, 5.5201875603385435e-12, 6.080891559854002e-12, 1.8416634959130653e-11, 2.4037164212290717e-10, 8.889292079140388e-11, 5.888427886348783e-12, 5.8884278863446235e-12, 5.57704307587448e-12, 6.253940071778746e-08, 5.413589062260621e-12, 8.189020764369697e-11, 5.93281763414081e-12, 1.8295189508956672e-11, 2.8254098469489333e-11, 4.906298326581905e-12, 2.634997482265627e-11, 5.447101651339985e-12, 0.9999999355952305, 6.018232895200116e-12]"
hMpxV/USA/CA-CDPH-1M1000473/2024|EPI_ISL_19143467|2024-02-06,"[0.0, 0.0, 0.0, 0.0, 0.0, 0.0, 0.0, 0.0, 0.0, 0.0, 0.0, 0.0, 0.0, 0.0, 0.0, 0.0, 0.0, 0.0, 0.0, 0.0, 0.0, 0.0, 0.0, 0.0, 0.0, 0.0, 0.0, 0.0, 0.0, 0.9999999999999999, 0.0]"
hMpxV/USA/CA-CDPH-1M1000474/2024|EPI_ISL_19143468|2024-02-09,"[0.0, 0.0, 0.0, 0.0, 0.0, 0.0, 0.0, 0.0, 0.0, 0.0, 0.0, 0.0, 0.0, 0.0, 0.0, 0.0, 0.0, 0.0, 0.0, 0.0, 0.0, 0.0, 0.0, 0.0, 0.0, 0.0, 0.0, 0.0, 0.0, 1.0, 0.0]"
hMpxV/USA/CA-LACPHL-MA00618/2024|EPI_ISL_18993206|2024-02-07,"[0.0, 0.0, 0.0, 0.0, 0.0, 0.0, 0.0, 0.0, 0.0, 0.0, 0.0, 0.0, 0.0, 0.0, 0.0, 0.0, 0.0, 0.0, 0.0, 0.0, 0.0, 0.0, 0.0, 0.0, 0.0, 0.0, 0.0, 0.0, 0.0, 1.0, 0.0]"
hMpxV/USA/CA-CDPH-1M1000394/2023|EPI_ISL_18781918|2023-11-07,"[0.0, 0.0, 0.0, 0.0, 0.0, 0.0, 0.0, 0.0, 0.0, 0.0, 0.0, 0.0, 0.0, 0.0, 0.0, 0.0, 0.0, 0.0, 0.0, 0.0, 0.0, 0.0, 0.0, 0.0, 0.0, 0.0, 0.0, 0.0, 0.0, 1.0, 0.0]"
NODE_0000383,"[7.939036662455694e-10, 4.445743344308284e-11, 4.415809773027401e-09, 4.303165508260657e-11, 7.189340040575395e-11, 4.4161947749873675e-11, 4.476636027887371e-11, 4.430260878500972e-11, 4.370697151419653e-11, 4.329952432434927e-11, 4.469970251584805e-11, 4.387282755821183e-11, 4.095647979603361e-11, 4.300302920881437e-11, 1.3072803397612463e-10, 1.1351094829603741e-09, 5.483649032184939e-10, 4.38728275582118e-11, 4.3872827558207375e-11, 4.0779383323115766e-11, 1.4703899635303942e-07, 4.0504675095074795e-11, 4.86708303117167e-10, 4.407531771617341e-11, 1.2405881712484398e-10, 1.9032643596867972e-10, 3.5715882134867005e-11, 1.785843305932702e-10, 4.046322906442047e-11, 0.9999998440715187, 4.445519330145331e-11]"
hMpxV/USA/CA-CDPH-1M1000488/2023|EPI_ISL_19143450|2023-12-04,"[0.0, 0.0, 0.0, 0.0, 0.0, 0.0, 0.0, 0.0, 0.0, 0.0, 0.0, 0.0, 0.0, 0.0, 0.0, 0.0, 0.0, 0.0, 0.0, 0.0, 0.0, 0.0, 0.0, 0.0, 0.0, 0.0, 0.0, 0.0, 0.0, 0.9999999999999999, 0.0]"
hMpxV/USA/CA-CDPH-1M1000487/2023|EPI_ISL_19143449|2023-12-11,"[0.0, 0.0, 0.0, 0.0, 0.0, 0.0, 0.0, 0.0, 0.0, 0.0, 0.0, 0.0, 0.0, 0.0, 0.0, 0.0, 0.0, 0.0, 0.0, 0.0, 0.0, 0.0, 0.0, 0.0, 0.0, 0.0, 0.0, 0.0, 0.0, 0.9999999999999999, 0.0]"
NODE_0000384,"[1.4459559900426723e-16, 1.577452483062549e-18, 2.1350454702664175e-15, 1.5006449112826406e-18, 3.3212306921303027e-18, 1.5599934851012246e-18, 1.6209978694641859e-18, 1.612860042474585e-18, 1.5494249086206368e-18, 1.525931026080378e-18, 1.6600396955388874e-18, 1.5781072172771924e-18, 1.4028249574382903e-18, 1.4559780204647817e-18, 9.779993715604236e-18, 2.784639438745742e-16, 8.226434571753402e-17, 1.5781072172773382e-18, 1.5781072172760766e-18, 1.3744362617070325e-18, 9.04263962057252e-13, 1.3011784250946564e-18, 7.881533048561765e-17, 1.5948502740743911e-18, 8.73878762770213e-18, 1.6669501185308486e-17, 1.0810951896604159e-18, 1.5179977890488677e-17, 1.3569844087603741e-18, 0.9999999999990928, 1.6257887623449738e-18]"
hMpxV/USA/CA-CDPH-1M1000485/2023|EPI_ISL_19143447|2023-12-15,"[0.0, 0.0, 0.0, 0.0, 0.0, 0.0, 0.0, 0.0, 0.0, 0.0, 0.0, 0.0, 0.0, 0.0, 0.0, 0.0, 0.0, 0.0, 0.0, 0.0, 0.0, 0.0, 0.0, 0.0, 0.0, 0.0, 0.0, 0.0, 0.0, 1.0, 0.0]"
hMpxV/USA/CA-CDPH-1M1000502/2023|EPI_ISL_19143460|2023-12-05,"[0.0, 0.0, 0.0, 0.0, 0.0, 0.0, 0.0, 0.0, 0.0, 0.0, 0.0, 0.0, 0.0, 0.0, 0.0, 0.0, 0.0, 0.0, 0.0, 0.0, 0.0, 0.0, 0.0, 0.0, 0.0, 0.0, 0.0, 0.0, 0.0, 1.0, 0.0]"
hMpxV/USA/CA-CDPH-1M1000454/2023|EPI_ISL_18959312|2023-12-18,"[0.0, 0.0, 0.0, 0.0, 0.0, 0.0, 0.0, 0.0, 0.0, 0.0, 0.0, 0.0, 0.0, 0.0, 0.0, 0.0, 0.0, 0.0, 0.0, 0.0, 0.0, 0.0, 0.0, 0.0, 0.0, 0.0, 0.0, 0.0, 0.0, 1.0, 0.0]"
hMpxV/USA/CA-CDPH-1M1000456/2023|EPI_ISL_18959314|2023-12-18,"[0.0, 0.0, 0.0, 0.0, 0.0, 0.0, 0.0, 0.0, 0.0, 0.0, 0.0, 0.0, 0.0, 0.0, 0.0, 0.0, 0.0, 0.0, 0.0, 0.0, 0.0, 0.0, 0.0, 0.0, 0.0, 0.0, 0.0, 0.0, 0.0, 1.0, 0.0]"
hMpxV/USA/CA-CDPH-1M1000459/2023|EPI_ISL_18959316|2023-12-22,"[0.0, 0.0, 0.0, 0.0, 0.0, 0.0, 0.0, 0.0, 0.0, 0.0, 0.0, 0.0, 0.0, 0.0, 0.0, 0.0, 0.0, 0.0, 0.0, 0.0, 0.0, 0.0, 0.0, 0.0, 0.0, 0.0, 0.0, 0.0, 0.0, 0.9999999999999999, 0.0]"
NODE_0000003,"[0.00012373575325046667, 0.00013739806661387138, 0.000158088805156906, 8.680986501026183e-05, 0.00027956537209088416, 0.00010469670990550121, 0.00011235082571807788, 8.425677120841889e-05, 8.593568920265703e-05, 8.549574673096852e-05, 0.0001450160677225206, 8.500701348148278e-05, 8.472747561274213e-05, 0.00011240611863941964, 0.9714524288074045, 0.0003058465729738624, 9.065706444146957e-05, 8.500701348148829e-05, 8.500701348148586e-05, 0.00010764078739620102, 0.004864273352137663, 0.00017772392137377404, 8.960433992399031e-05, 8.46062657196607e-05, 9.970368909910458e-05, 8.168319771218904e-05, 0.01996858811509043, 8.20942302107733e-05, 0.0002768030845462534, 0.00037895029297090266, 8.389197169190393e-05]"
hMpxV/South_Korea/KDCA-P033/2023|EPI_ISL_18147350|2023-04-25,"[0.0, 0.0, 0.0, 0.0, 0.0, 0.0, 0.0, 0.0, 0.0, 0.0, 0.0, 0.0, 0.0, 0.0, 0.0, 0.0, 0.0, 0.0, 0.0, 0.0, 0.0, 0.0, 0.0, 0.0, 0.0, 0.0, 1.0, 0.0, 0.0, 0.0, 0.0]"
NODE_0000004,"[7.777032161277568e-38, 4.59256430491064e-38, 2.5454190651773084e-40, 7.978718971349317e-38, 5.814991739927235e-38, 3.561919592181657e-38, 4.0926604071126715e-38, 3.239457188392922e-38, 3.1374173562969615e-38, 2.862884362627782e-38, 8.889418204713861e-36, 3.1471938985498745e-38, 1.9249674659167024e-37, 2.8854299417176854e-38, 0.999999994201419, 1.9880269185234596e-38, 1.665183561581485e-38, 3.147193898551156e-38, 3.147193898550146e-38, 2.0810330959077536e-38, 5.131040944179699e-36, 6.122047902477496e-35, 6.25263242535579e-39, 3.1858044696984973e-38, 5.505096505458624e-37, 2.616434400127855e-38, 5.798580932930929e-09, 3.094217368336511e-38, 2.2300702311451477e-28, 2.250489190770143e-40, 3.2578923748840134e-38]"
hMpxV/Japan/TMIPH-0318/2022|EPI_ISL_17008294|2023-01-25,"[0.0, 0.0, 0.0, 0.0, 0.0, 0.0, 0.0, 0.0, 0.0, 0.0, 0.0, 0.0, 0.0, 0.0, 1.0, 0.0, 0.0, 0.0, 0.0, 0.0, 0.0, 0.0, 0.0, 0.0, 0.0, 0.0, 0.0, 0.0, 0.0, 0.0, 0.0]"
hMpxV/Japan/TMIPH-0325/2022|EPI_ISL_17008295|2023-01-30,"[0.0, 0.0, 0.0, 0.0, 0.0, 0.0, 0.0, 0.0, 0.0, 0.0, 0.0, 0.0, 0.0, 0.0, 0.9999999999999999, 0.0, 0.0, 0.0, 0.0, 0.0, 0.0, 0.0, 0.0, 0.0, 0.0, 0.0, 0.0, 0.0, 0.0, 0.0, 0.0]"
hMpxV/Japan/TMIPH-0342/2022|EPI_ISL_17008296|2023-02-09,"[0.0, 0.0, 0.0, 0.0, 0.0, 0.0, 0.0, 0.0, 0.0, 0.0, 0.0, 0.0, 0.0, 0.0, 1.0, 0.0, 0.0, 0.0, 0.0, 0.0, 0.0, 0.0, 0.0, 0.0, 0.0, 0.0, 0.0, 0.0, 0.0, 0.0, 0.0]"
hMpxV/South_Korea/KDCA-P010/2023|EPI_ISL_18147334|2023-04-13,"[0.0, 0.0, 0.0, 0.0, 0.0, 0.0, 0.0, 0.0, 0.0, 0.0, 0.0, 0.0, 0.0, 0.0, 0.0, 0.0, 0.0, 0.0, 0.0, 0.0, 0.0, 0.0, 0.0, 0.0, 0.0, 0.0, 1.0, 0.0, 0.0, 0.0, 0.0]"
hMpxV/South_Korea/KDCA-P012/2023|EPI_ISL_18147342|2023-04-15,"[0.0, 0.0, 0.0, 0.0, 0.0, 0.0, 0.0, 0.0, 0.0, 0.0, 0.0, 0.0, 0.0, 0.0, 0.0, 0.0, 0.0, 0.0, 0.0, 0.0, 0.0, 0.0, 0.0, 0.0, 0.0, 0.0, 1.0, 0.0, 0.0, 0.0, 0.0]"
hMpxV/South_Korea/KDCA-P034/2023|EPI_ISL_18147346|2023-04-25,"[0.0, 0.0, 0.0, 0.0, 0.0, 0.0, 0.0, 0.0, 0.0, 0.0, 0.0, 0.0, 0.0, 0.0, 0.0, 0.0, 0.0, 0.0, 0.0, 0.0, 0.0, 0.0, 0.0, 0.0, 0.0, 0.0, 1.0, 0.0, 0.0, 0.0, 0.0]"
hMpxV/South_Korea/KDCA-P027/2023|EPI_ISL_18147349|2023-04-22,"[0.0, 0.0, 0.0, 0.0, 0.0, 0.0, 0.0, 0.0, 0.0, 0.0, 0.0, 0.0, 0.0, 0.0, 0.0, 0.0, 0.0, 0.0, 0.0, 0.0, 0.0, 0.0, 0.0, 0.0, 0.0, 0.0, 1.0, 0.0, 0.0, 0.0, 0.0]"
hMpxV/South_Korea/KDCA-P024/2023|EPI_ISL_18147351|2023-04-21,"[0.0, 0.0, 0.0, 0.0, 0.0, 0.0, 0.0, 0.0, 0.0, 0.0, 0.0, 0.0, 0.0, 0.0, 0.0, 0.0, 0.0, 0.0, 0.0, 0.0, 0.0, 0.0, 0.0, 0.0, 0.0, 0.0, 1.0, 0.0, 0.0, 0.0, 0.0]"
hMpxV/South_Korea/KDCA-P008/2023|EPI_ISL_18147360|2023-04-11,"[0.0, 0.0, 0.0, 0.0, 0.0, 0.0, 0.0, 0.0, 0.0, 0.0, 0.0, 0.0, 0.0, 0.0, 0.0, 0.0, 0.0, 0.0, 0.0, 0.0, 0.0, 0.0, 0.0, 0.0, 0.0, 0.0, 1.0, 0.0, 0.0, 0.0, 0.0]"
hMpxV/South_Korea/KDCA-P015/2023|EPI_ISL_18147358|2023-04-18,"[0.0, 0.0, 0.0, 0.0, 0.0, 0.0, 0.0, 0.0, 0.0, 0.0, 0.0, 0.0, 0.0, 0.0, 0.0, 0.0, 0.0, 0.0, 0.0, 0.0, 0.0, 0.0, 0.0, 0.0, 0.0, 0.0, 1.0, 0.0, 0.0, 0.0, 0.0]"
hMpxV/South_Korea/KDCA-P009/2023|EPI_ISL_18147359|2023-04-12,"[0.0, 0.0, 0.0, 0.0, 0.0, 0.0, 0.0, 0.0, 0.0, 0.0, 0.0, 0.0, 0.0, 0.0, 0.0, 0.0, 0.0, 0.0, 0.0, 0.0, 0.0, 0.0, 0.0, 0.0, 0.0, 0.0, 1.0, 0.0, 0.0, 0.0, 0.0]"
hMpxV/Thailand/KCMH-296/2023|EPI_ISL_19437778|2023-07-03,"[0.0, 0.0, 0.0, 0.0, 0.0, 0.0, 0.0, 0.0, 0.0, 0.0, 0.0, 0.0, 0.0, 0.0, 0.0, 0.0, 0.0, 0.0, 0.0, 0.0, 0.0, 0.0, 0.0, 0.0, 0.0, 0.0, 0.0, 0.0, 1.0, 0.0, 0.0]"
hMpxV/Japan/FKTMIPH-220304/2023|EPI_ISL_17246657|2023-01-23,"[0.0, 0.0, 0.0, 0.0, 0.0, 0.0, 0.0, 0.0, 0.0, 0.0, 0.0, 0.0, 0.0, 0.0, 0.9999999999999999, 0.0, 0.0, 0.0, 0.0, 0.0, 0.0, 0.0, 0.0, 0.0, 0.0, 0.0, 0.0, 0.0, 0.0, 0.0, 0.0]"
hMpxV/Japan/FKTMIPH-220343/2023|EPI_ISL_17246659|2023-02-13,"[0.0, 0.0, 0.0, 0.0, 0.0, 0.0, 0.0, 0.0, 0.0, 0.0, 0.0, 0.0, 0.0, 0.0, 1.0, 0.0, 0.0, 0.0, 0.0, 0.0, 0.0, 0.0, 0.0, 0.0, 0.0, 0.0, 0.0, 0.0, 0.0, 0.0, 0.0]"
NODE_0000151,"[0.00029758876234410586, 0.0002783579671108669, 0.00014323356912067796, 0.00043347878490571204, 0.0002451395488138838, 0.0002816225216465206, 0.00027705866372321414, 0.00027749903408418405, 0.00028430729540961005, 0.0002818812510135909, 0.0005344432158688194, 0.00028035197244434795, 0.00041416271551582105, 0.00027953492627230784, 0.4285922200034742, 0.00019004797772638913, 0.0002792126471496853, 0.0002803519724443219, 0.0002803519724443107, 0.0002654499413636026, 0.00010806494885749977, 0.0005004371566932673, 0.00018997532616054169, 0.00027882566629585347, 0.00024505061894401585, 0.00026320527171296536, 0.006020039572792161, 0.0002652779995759087, 0.5574953760351046, 0.00016132987063391423, 0.0002761227903532727]"
hMpxV/Japan/TMIPH-0258/2023|EPI_ISL_18352304|2023-09-14,"[0.0, 0.0, 0.0, 0.0, 0.0, 0.0, 0.0, 0.0, 0.0, 0.0, 0.0, 0.0, 0.0, 0.0, 1.0, 0.0, 0.0, 0.0, 0.0, 0.0, 0.0, 0.0, 0.0, 0.0, 0.0, 0.0, 0.0, 0.0, 0.0, 0.0, 0.0]"
hMpxV/Thailand/KCMH-294/2023|EPI_ISL_19437774|2023-07-03,"[0.0, 0.0, 0.0, 0.0, 0.0, 0.0, 0.0, 0.0, 0.0, 0.0, 0.0, 0.0, 0.0, 0.0, 0.0, 0.0, 0.0, 0.0, 0.0, 0.0, 0.0, 0.0, 0.0, 0.0, 0.0, 0.0, 0.0, 0.0, 1.0, 0.0, 0.0]"
NODE_0000152,"[2.121557746058265e-06, 2.644311538388186e-06, 1.1846048065529265e-06, 2.75155875006228e-06, 2.2993799792603486e-06, 2.678635191603871e-06, 2.6386840333807636e-06, 2.644249790731567e-06, 2.7042004454058432e-06, 2.6799332830970616e-06, 3.939335774439008e-06, 2.671410614305743e-06, 2.591585789553489e-06, 2.6409098556588454e-06, 0.005567414753447094, 1.726129723487799e-06, 2.6112074898401652e-06, 2.6714106143059057e-06, 2.67141061430583e-06, 2.48864250309367e-06, 8.644826956695997e-07, 8.198997314748858e-06, 1.7236535238499478e-06, 2.6567495208874275e-06, 3.881858023588122e-06, 2.499921314984771e-06, 0.9943517073590457, 2.524338451520506e-06, 6.532367485085224e-06, 1.0057609884143009e-06, 2.630599644747091e-06]"
hMpxV/South_Korea/KDCA-P026/2023|EPI_ISL_18147347|2023-04-22,"[0.0, 0.0, 0.0, 0.0, 0.0, 0.0, 0.0, 0.0, 0.0, 0.0, 0.0, 0.0, 0.0, 0.0, 0.0, 0.0, 0.0, 0.0, 0.0, 0.0, 0.0, 0.0, 0.0, 0.0, 0.0, 0.0, 1.0, 0.0, 0.0, 0.0, 0.0]"
hMpxV/South_Korea/KDCA-P017/2023|EPI_ISL_18147363|2023-04-18,"[0.0, 0.0, 0.0, 0.0, 0.0, 0.0, 0.0, 0.0, 0.0, 0.0, 0.0, 0.0, 0.0, 0.0, 0.0, 0.0, 0.0, 0.0, 0.0, 0.0, 0.0, 0.0, 0.0, 0.0, 0.0, 0.0, 1.0, 0.0, 0.0, 0.0, 0.0]"
NODE_0000143,"[3.886450252381877e-10, 1.7368987094475168e-10, 7.19463706512338e-11, 1.805693704257848e-10, 1.5303252810061323e-10, 1.7545245884189823e-10, 1.7399391767085665e-10, 1.7457253608823286e-10, 1.7721682410499513e-10, 1.7526184883971868e-10, 1.1438202787385056e-09, 1.7561574592335207e-10, 1.8842877476371535e-10, 1.7137581039151666e-10, 0.9999996024850845, 1.1583736034667366e-10, 1.6716268507405258e-10, 1.75615745923364e-10, 1.7561574592336122e-10, 1.6151722424066898e-10, 1.7756847788378834e-10, 7.414316237847922e-10, 1.1501909023333298e-10, 1.7502491743530602e-10, 2.7387733326870044e-10, 1.6587340604166796e-10, 3.810630221903808e-07, 1.683567573437487e-10, 9.984072355931839e-09, 1.5732892219866906e-10, 1.7397027924657306e-10]"
hMpxV/Japan/TMIPH-0162/2023|EPI_ISL_17837266|2023-06-02,"[0.0, 0.0, 0.0, 0.0, 0.0, 0.0, 0.0, 0.0, 0.0, 0.0, 0.0, 0.0, 0.0, 0.0, 1.0, 0.0, 0.0, 0.0, 0.0, 0.0, 0.0, 0.0, 0.0, 0.0, 0.0, 0.0, 0.0, 0.0, 0.0, 0.0, 0.0]"
hMpxV/Japan/TMIPH-220512/2023|EPI_ISL_17445516|2023-03-28,"[0.0, 0.0, 0.0, 0.0, 0.0, 0.0, 0.0, 0.0, 0.0, 0.0, 0.0, 0.0, 0.0, 0.0, 0.9999999999999999, 0.0, 0.0, 0.0, 0.0, 0.0, 0.0, 0.0, 0.0, 0.0, 0.0, 0.0, 0.0, 0.0, 0.0, 0.0, 0.0]"
hMpxV/Japan/TMIPH-0012/2023|EPI_ISL_17592666|2023-04-04,"[0.0, 0.0, 0.0, 0.0, 0.0, 0.0, 0.0, 0.0, 0.0, 0.0, 0.0, 0.0, 0.0, 0.0, 1.0, 0.0, 0.0, 0.0, 0.0, 0.0, 0.0, 0.0, 0.0, 0.0, 0.0, 0.0, 0.0, 0.0, 0.0, 0.0, 0.0]"
NODE_0000147,"[0.9999815697556702, 5.257039908071318e-07, 1.2108588435495607e-06, 5.422135272265624e-07, 4.7300451130804764e-07, 5.309081405355578e-07, 5.246753302728006e-07, 5.252292730504208e-07, 5.344780031547835e-07, 5.31204081683509e-07, 5.502827801889599e-07, 5.295830269714294e-07, 5.095528939488898e-07, 5.260554626498683e-07, 1.5839428616509532e-06, 3.794448852766601e-07, 5.230851622584447e-07, 5.295830269714099e-07, 5.295830269714098e-07, 5.03440535816741e-07, 3.673487556342694e-07, 5.781202857833306e-07, 3.7853945297455023e-07, 5.272580335867555e-07, 7.675119246397068e-07, 5.036157886843168e-07, 7.291753380583733e-07, 5.068299805914937e-07, 6.046688694504471e-07, 1.381291429359712e-06, 5.230551065396869e-07]"
hMpxV/Australia/VIC-VIDRL-2389/2024|EPI_ISL_19459797|2024-04-18,"[1.0, 0.0, 0.0, 0.0, 0.0, 0.0, 0.0, 0.0, 0.0, 0.0, 0.0, 0.0, 0.0, 0.0, 0.0, 0.0, 0.0, 0.0, 0.0, 0.0, 0.0, 0.0, 0.0, 0.0, 0.0, 0.0, 0.0, 0.0, 0.0, 0.0, 0.0]"
NODE_0000148,"[0.9999999947949711, 1.3689098182557422e-10, 5.118887765657528e-10, 1.4040314332841605e-10, 1.2192804780166535e-10, 1.382233598669976e-10, 1.3730226252638526e-10, 1.3760423649957357e-10, 1.3924819302835737e-10, 1.3809152854485184e-10, 1.4015440672814936e-10, 1.3844297528611744e-10, 1.2939275837317538e-10, 1.3508919016860252e-10, 4.1249516309351055e-10, 9.410185562349793e-11, 1.318082811672803e-10, 1.3844297528609143e-10, 1.3844297528611692e-10, 1.27908739311324e-10, 1.365193500583709e-10, 1.419181468181748e-10, 9.33152962914599e-11, 1.3797521233678398e-10, 2.515328580182424e-10, 1.3160225278062593e-10, 1.451390767133114e-10, 1.332287038669274e-10, 1.4164392363738796e-10, 5.671765281546646e-10, 1.3711764445121836e-10]"
hMpxV/Australia/VIC-VIDRL-2390/2024|EPI_ISL_19459734|2024-04-18,"[1.0, 0.0, 0.0, 0.0, 0.0, 0.0, 0.0, 0.0, 0.0, 0.0, 0.0, 0.0, 0.0, 0.0, 0.0, 0.0, 0.0, 0.0, 0.0, 0.0, 0.0, 0.0, 0.0, 0.0, 0.0, 0.0, 0.0, 0.0, 0.0, 0.0, 0.0]"
hMpxV/Australia/VIC-VIDRL-40803/2024|EPI_ISL_19459753|2024-04-24,"[1.0, 0.0, 0.0, 0.0, 0.0, 0.0, 0.0, 0.0, 0.0, 0.0, 0.0, 0.0, 0.0, 0.0, 0.0, 0.0, 0.0, 0.0, 0.0, 0.0, 0.0, 0.0, 0.0, 0.0, 0.0, 0.0, 0.0, 0.0, 0.0, 0.0, 0.0]"
NODE_0000149,"[6.309259107970158e-07, 3.4594667204935465e-07, 1.773267251575877e-07, 3.5951375191741474e-07, 3.087494446566554e-07, 3.4946831883899514e-07, 3.4520075966890837e-07, 3.458241767616762e-07, 3.5240252216575757e-07, 3.4952432463678374e-07, 1.3771891123081705e-06, 3.485902534836394e-07, 3.683165134205677e-07, 3.454875463963339e-07, 0.9998743958348215, 2.4314553243683797e-07, 3.426110440219016e-07, 3.485902534836481e-07, 3.4859025348364363e-07, 3.290525675454755e-07, 2.6190521691710015e-07, 1.0400176881526982e-06, 2.4232494037344903e-07, 3.470922841062588e-07, 4.6864983354479585e-07, 3.300793594037919e-07, 0.00010726856253939533, 3.3292652608305624e-07, 7.022113181973313e-06, 3.296095991888081e-07, 3.4442832626871235e-07]"
hMpxV/Japan/OIPH-001/2023|EPI_ISL_17518107|2023-03-17,"[0.0, 0.0, 0.0, 0.0, 0.0, 0.0, 0.0, 0.0, 0.0, 0.0, 0.0, 0.0, 0.0, 0.0, 1.0, 0.0, 0.0, 0.0, 0.0, 0.0, 0.0, 0.0, 0.0, 0.0, 0.0, 0.0, 0.0, 0.0, 0.0, 0.0, 0.0]"
NODE_0000150,"[2.3993159248661834e-08, 1.2598660530860989e-08, 6.24851925578346e-09, 1.3035633211884688e-08, 1.1219489843522077e-08, 1.2731584101881617e-08, 1.2582581882663342e-08, 1.2603290259227193e-08, 1.282988965764492e-08, 1.2732251614602062e-08, 5.4541220948685354e-08, 1.2706598483532424e-08, 1.34096912325767e-08, 1.256462374427915e-08, 0.9999944998472696, 8.777950240993963e-09, 1.2427274096840925e-08, 1.2706598483533688e-08, 1.2706598483533063e-08, 1.1948002434787798e-08, 1.0365940444699918e-08, 3.995445111013831e-08, 8.728903788589612e-09, 1.2650689275133234e-08, 1.757376231848427e-08, 1.2032188026968012e-08, 4.784885613505949e-06, 1.2134882252630928e-08, 2.9480248295767585e-07, 1.210979456882004e-08, 1.2550404476727123e-08]"
hMpxV/Japan/TMIPH-0129/2023|EPI_ISL_17762485|2023-05-17,"[0.0, 0.0, 0.0, 0.0, 0.0, 0.0, 0.0, 0.0, 0.0, 0.0, 0.0, 0.0, 0.0, 0.0, 1.0, 0.0, 0.0, 0.0, 0.0, 0.0, 0.0, 0.0, 0.0, 0.0, 0.0, 0.0, 0.0, 0.0, 0.0, 0.0, 0.0]"
hMpxV/Japan/TMIPH-0112/2023|EPI_ISL_17959215|2023-05-11,"[0.0, 0.0, 0.0, 0.0, 0.0, 0.0, 0.0, 0.0, 0.0, 0.0, 0.0, 0.0, 0.0, 0.0, 0.9999999999999999, 0.0, 0.0, 0.0, 0.0, 0.0, 0.0, 0.0, 0.0, 0.0, 0.0, 0.0, 0.0, 0.0, 0.0, 0.0, 0.0]"
NODE_0000153,"[1.1949177120837017e-10, 1.868850141632616e-10, 6.252188355288649e-11, 1.9486230115269257e-10, 1.5825917661801762e-10, 1.8957555941791401e-10, 1.872359305334195e-10, 1.8790162545392182e-10, 1.9175318533613465e-10, 1.8943674272685724e-10, 2.777518969142228e-10, 1.8969847409698808e-10, 1.7870092098803284e-10, 1.843239628274645e-10, 2.592025341542865e-06, 1.112078937577273e-10, 1.7893402878878717e-10, 1.8969847409727172e-10, 1.8969847409715948e-10, 1.7080716485387667e-10, 5.315870336736764e-11, 8.463470198063608e-10, 1.1038603207567008e-10, 1.8870292757415498e-10, 3.354675231669748e-10, 1.759866602598071e-10, 0.9999974020766103, 1.7893384228909244e-10, 4.4228865645648125e-10, 4.111650785188843e-11, 1.8691580537826924e-10]"
hMpxV/South_Korea/KDCA-P007/2023|EPI_ISL_18147345|2023-04-10,"[0.0, 0.0, 0.0, 0.0, 0.0, 0.0, 0.0, 0.0, 0.0, 0.0, 0.0, 0.0, 0.0, 0.0, 0.0, 0.0, 0.0, 0.0, 0.0, 0.0, 0.0, 0.0, 0.0, 0.0, 0.0, 0.0, 1.0, 0.0, 0.0, 0.0, 0.0]"
hMpxV/South_Korea/KDCA-P018/2023|EPI_ISL_18147348|2023-04-18,"[0.0, 0.0, 0.0, 0.0, 0.0, 0.0, 0.0, 0.0, 0.0, 0.0, 0.0, 0.0, 0.0, 0.0, 0.0, 0.0, 0.0, 0.0, 0.0, 0.0, 0.0, 0.0, 0.0, 0.0, 0.0, 0.0, 1.0, 0.0, 0.0, 0.0, 0.0]"
hMpxV/South_Korea/NMC-P003/2023|EPI_ISL_18744050|2023-05-03,"[0.0, 0.0, 0.0, 0.0, 0.0, 0.0, 0.0, 0.0, 0.0, 0.0, 0.0, 0.0, 0.0, 0.0, 0.0, 0.0, 0.0, 0.0, 0.0, 0.0, 0.0, 0.0, 0.0, 0.0, 0.0, 0.0, 1.0, 0.0, 0.0, 0.0, 0.0]"
NODE_0000138,"[1.0047560220028583e-11, 4.364597165235091e-12, 1.768925509787987e-12, 4.525669905854332e-12, 3.840218206011713e-12, 4.40981262366394e-12, 4.374699288236678e-12, 4.388868186532577e-12, 4.452443910202573e-12, 4.404647456994104e-12, 3.041170948295471e-11, 4.415507704142618e-12, 4.735159888155562e-12, 4.3023041168793485e-12, 0.9999999884373453, 2.8944347876256448e-12, 4.189201387063793e-12, 4.415507704143917e-12, 4.415507704143078e-12, 4.050517391575477e-12, 4.707520194152732e-12, 1.9314354248110003e-11, 2.8698816025575908e-12, 4.4004282515900446e-12, 7.015645352186928e-12, 4.170554195274503e-12, 1.1120246112720973e-08, 4.233035461557812e-12, 2.769432815829683e-10, 3.973285430678997e-12, 4.37334231471644e-12]"
hMpxV/Japan/TMIPH-220531/2023|EPI_ISL_17445518|2023-03-31,"[0.0, 0.0, 0.0, 0.0, 0.0, 0.0, 0.0, 0.0, 0.0, 0.0, 0.0, 0.0, 0.0, 0.0, 1.0, 0.0, 0.0, 0.0, 0.0, 0.0, 0.0, 0.0, 0.0, 0.0, 0.0, 0.0, 0.0, 0.0, 0.0, 0.0, 0.0]"
hMpxV/Japan/TMIPH-0113/2023|EPI_ISL_17959216|2023-05-12,"[0.0, 0.0, 0.0, 0.0, 0.0, 0.0, 0.0, 0.0, 0.0, 0.0, 0.0, 0.0, 0.0, 0.0, 1.0, 0.0, 0.0, 0.0, 0.0, 0.0, 0.0, 0.0, 0.0, 0.0, 0.0, 0.0, 0.0, 0.0, 0.0, 0.0, 0.0]"
NODE_0000139,"[5.964552320659661e-10, 2.97379289623227e-10, 1.4182526106398582e-10, 3.061577826329512e-10, 2.641674074478661e-10, 3.006376687053308e-10, 2.9730558888639826e-10, 2.9774134397643734e-10, 3.0273108366243e-10, 3.0061002874504204e-10, 1.4239952731753361e-09, 3.002425215032194e-10, 3.1647928018180517e-10, 2.96075308450048e-10, 0.999999838271169, 2.05097303557797e-10, 2.9192088233852583e-10, 3.002425215032993e-10, 3.0024252150325456e-10, 2.810135056035598e-10, 2.6997919954053807e-10, 1.0054397299402635e-09, 2.0340911590936988e-10, 2.9888919032495697e-10, 4.2945983304552464e-10, 2.843156996605816e-10, 1.4328620371252501e-07, 2.8672643337176346e-10, 8.25882855318811e-09, 2.888195395363841e-10, 2.9644013102464333e-10]"
hMpxV/Japan/TMIPH-0037/2023|EPI_ISL_17665625|2023-04-18,"[0.0, 0.0, 0.0, 0.0, 0.0, 0.0, 0.0, 0.0, 0.0, 0.0, 0.0, 0.0, 0.0, 0.0, 1.0, 0.0, 0.0, 0.0, 0.0, 0.0, 0.0, 0.0, 0.0, 0.0, 0.0, 0.0, 0.0, 0.0, 0.0, 0.0, 0.0]"
hMpxV/Japan/TMIPH-0007/2023|EPI_ISL_17592665|2023-04-03,"[0.0, 0.0, 0.0, 0.0, 0.0, 0.0, 0.0, 0.0, 0.0, 0.0, 0.0, 0.0, 0.0, 0.0, 1.0, 0.0, 0.0, 0.0, 0.0, 0.0, 0.0, 0.0, 0.0, 0.0, 0.0, 0.0, 0.0, 0.0, 0.0, 0.0, 0.0]"
NODE_0000144,"[1.5799669228509054e-08, 8.486229117399264e-09, 4.283147722550802e-09, 8.799800653984026e-09, 7.565856352105033e-09, 8.574196094421123e-09, 8.4715078421973e-09, 8.486102918566187e-09, 8.643269811419893e-09, 8.575175452476987e-09, 3.513927740096903e-08, 8.554884620815604e-09, 9.033103296642825e-09, 8.469634345970275e-09, 0.9999966549517159, 5.939908168909685e-09, 8.388762862257212e-09, 8.554884620817422e-09, 8.554884620816055e-09, 8.060784691779487e-09, 6.6864374195511805e-09, 2.6156320016840192e-08, 5.9135528810967e-09, 8.517655454559285e-09, 1.1656138833920443e-08, 8.100796759350843e-09, 2.8809451941788413e-06, 8.170101947498857e-09, 1.8394669878631518e-07, 8.123151386673776e-09, 8.451156469253603e-09]"
hMpxV/Japan/TMIPH-230002/2023|EPI_ISL_17445519|2023-03-31,"[0.0, 0.0, 0.0, 0.0, 0.0, 0.0, 0.0, 0.0, 0.0, 0.0, 0.0, 0.0, 0.0, 0.0, 1.0, 0.0, 0.0, 0.0, 0.0, 0.0, 0.0, 0.0, 0.0, 0.0, 0.0, 0.0, 0.0, 0.0, 0.0, 0.0, 0.0]"
NODE_0000145,"[2.4131465144716698e-09, 1.2312337680126485e-09, 5.97430905619447e-10, 1.2706879318287755e-09, 1.095006290891443e-09, 1.244467062697626e-09, 1.2303473202212225e-09, 1.2322653178243807e-09, 1.2536069529962546e-09, 1.2444162258492038e-09, 5.642197672140008e-09, 1.2424689776580957e-09, 1.310622811696902e-09, 1.2266955266470065e-09, 0.9999993903344406, 8.530863763722826e-10, 1.2111504039560744e-09, 1.2424689776583641e-09, 1.2424689776581613e-09, 1.1652505203590608e-09, 1.0689766263949722e-09, 4.048507300587523e-09, 8.470731741951293e-10, 1.236944833331962e-09, 1.7508448409365012e-09, 1.1765275833883115e-09, 5.362055909898611e-07, 1.1865981336163999e-09, 3.177893448946044e-08, 1.1895497198526612e-09, 1.2269930445915218e-09]"
hMpxV/Japan/TMIPH-0072/2023|EPI_ISL_17692268|2023-04-28,"[0.0, 0.0, 0.0, 0.0, 0.0, 0.0, 0.0, 0.0, 0.0, 0.0, 0.0, 0.0, 0.0, 0.0, 1.0, 0.0, 0.0, 0.0, 0.0, 0.0, 0.0, 0.0, 0.0, 0.0, 0.0, 0.0, 0.0, 0.0, 0.0, 0.0, 0.0]"
NODE_0000146,"[2.805488966250568e-09, 1.4370946053699406e-09, 6.994398631324813e-10, 1.4837085205587465e-09, 1.2783394716196708e-09, 1.4524952403219722e-09, 1.4359457731446565e-09, 1.4382035446988079e-09, 1.4632468293885541e-09, 1.452451921535308e-09, 6.5345602142818456e-09, 1.4500901522737218e-09, 1.5297705966644667e-09, 1.4319848122533427e-09, 0.9999993010843852, 9.965114158718995e-10, 1.4141817056114548e-09, 1.4500901522740512e-09, 1.4500901522738123e-09, 1.3604564591017015e-09, 1.238324653044951e-09, 4.702017622102379e-09, 9.89687831887104e-10, 1.4436547721345886e-09, 2.0381111485322318e-09, 1.373128223582814e-09, 6.137625029634723e-07, 1.3848858525962725e-09, 3.659967164972202e-08, 1.3874102137584802e-09, 1.4320693719237612e-09]"
hMpxV/Japan/TMIPH-0174/2023|EPI_ISL_17837267|2023-06-12,"[0.0, 0.0, 0.0, 0.0, 0.0, 0.0, 0.0, 0.0, 0.0, 0.0, 0.0, 0.0, 0.0, 0.0, 1.0, 0.0, 0.0, 0.0, 0.0, 0.0, 0.0, 0.0, 0.0, 0.0, 0.0, 0.0, 0.0, 0.0, 0.0, 0.0, 0.0]"
hMpxV/Japan/TMIPH-0109/2023|EPI_ISL_17959214|2023-05-11,"[0.0, 0.0, 0.0, 0.0, 0.0, 0.0, 0.0, 0.0, 0.0, 0.0, 0.0, 0.0, 0.0, 0.0, 1.0, 0.0, 0.0, 0.0, 0.0, 0.0, 0.0, 0.0, 0.0, 0.0, 0.0, 0.0, 0.0, 0.0, 0.0, 0.0, 0.0]"
NODE_0000140,"[1.4812440882828295e-09, 7.621579294639748e-10, 3.562905932624082e-10, 7.949552795857923e-10, 6.753429001396062e-10, 7.698092371502357e-10, 7.616521466840998e-10, 7.6383652810895e-10, 7.774152816373402e-10, 7.696631912977518e-10, 3.6428473921527676e-09, 7.691256501345388e-10, 8.23384594900349e-10, 7.572069046670553e-10, 0.9999993860436819, 5.225532338236691e-10, 7.459362965849377e-10, 7.691256501347156e-10, 7.691256501345832e-10, 7.181071024910749e-10, 6.259639191527914e-10, 2.807665973512687e-09, 5.215408966383176e-10, 7.66214293201946e-10, 1.0871786364451213e-09, 7.269231563056935e-10, 5.647284565550036e-07, 7.392681969300003e-10, 2.3068850285893894e-08, 6.934528161303813e-10, 7.610238256722472e-10]"
hMpxV/Japan/TMIPH-0047/2023|EPI_ISL_17665626|2023-04-19,"[0.0, 0.0, 0.0, 0.0, 0.0, 0.0, 0.0, 0.0, 0.0, 0.0, 0.0, 0.0, 0.0, 0.0, 1.0, 0.0, 0.0, 0.0, 0.0, 0.0, 0.0, 0.0, 0.0, 0.0, 0.0, 0.0, 0.0, 0.0, 0.0, 0.0, 0.0]"
hMpxV/Japan/TMIPH-0019/2023|EPI_ISL_17592670|2023-04-11,"[0.0, 0.0, 0.0, 0.0, 0.0, 0.0, 0.0, 0.0, 0.0, 0.0, 0.0, 0.0, 0.0, 0.0, 0.9999999999999999, 0.0, 0.0, 0.0, 0.0, 0.0, 0.0, 0.0, 0.0, 0.0, 0.0, 0.0, 0.0, 0.0, 0.0, 0.0, 0.0]"
NODE_0000141,"[0.000705579341110257, 0.0005959461713661325, 0.00035694026726194536, 0.0006211866752990447, 0.0005303619775475198, 0.0006025202521604287, 0.0005922535420975236, 0.0005918589078381543, 0.0006061017058690371, 0.0006038569964197568, 0.0011078532777487522, 0.0005994155292751608, 0.0007385868582389477, 0.0006021795517107935, 0.9605670631065361, 0.0004253765170889126, 0.0006099988163630921, 0.0005994155292751676, 0.0005994155292751652, 0.0005779357008792195, 0.000255601796387582, 0.009129448534533426, 0.0004262160751125618, 0.0005954536839288145, 0.0005863406655977925, 0.000565025575638318, 0.011983567659083032, 0.0006850754225449151, 0.002487616384893742, 0.00046346336753268626, 0.000588344581386088]"
hMpxV/Japan/NCGHM-001/2024|EPI_ISL_19293742|2024-03-03,"[0.0, 0.0, 0.0, 0.0, 0.0, 0.0, 0.0, 0.0, 0.0, 0.0, 0.0, 0.0, 0.0, 0.0, 1.0, 0.0, 0.0, 0.0, 0.0, 0.0, 0.0, 0.0, 0.0, 0.0, 0.0, 0.0, 0.0, 0.0, 0.0, 0.0, 0.0]"
NODE_0000142,"[5.190009478666863e-09, 7.602256856356715e-09, 3.3047051956544137e-09, 7.98315667992202e-09, 6.504383028779323e-09, 7.717165269848532e-09, 7.5712114485274e-09, 7.58210677936846e-09, 7.792966339530712e-09, 7.724917215972239e-09, 9.220194287500012e-09, 7.681415887997478e-09, 1.65032848248364e-08, 7.628874199234508e-09, 9.479496517267493e-08, 4.76881676535838e-09, 7.694703947501302e-09, 7.681415888022975e-09, 7.681415888012356e-09, 7.147725606194211e-09, 1.8463398859019082e-09, 0.9999996469456182, 4.744131070785305e-09, 7.628354548038366e-09, 4.5156851027897885e-09, 7.121868561590359e-09, 4.8913178485642456e-08, 1.5944568145076285e-08, 1.2557241224656016e-08, 2.4737363091457794e-09, 7.533588137461937e-09]"
hMpxV/Philippines/RITM-028/2024|EPI_ISL_19456608|2024-09-12,"[0.0, 0.0, 0.0, 0.0, 0.0, 0.0, 0.0, 0.0, 0.0, 0.0, 0.0, 0.0, 0.0, 0.0, 0.0, 0.0, 0.0, 0.0, 0.0, 0.0, 0.0, 1.0, 0.0, 0.0, 0.0, 0.0, 0.0, 0.0, 0.0, 0.0, 0.0]"
hMpxV/Philippines/RITM-029/2024|EPI_ISL_19456609|2024-09-12,"[0.0, 0.0, 0.0, 0.0, 0.0, 0.0, 0.0, 0.0, 0.0, 0.0, 0.0, 0.0, 0.0, 0.0, 0.0, 0.0, 0.0, 0.0, 0.0, 0.0, 0.0, 1.0, 0.0, 0.0, 0.0, 0.0, 0.0, 0.0, 0.0, 0.0, 0.0]"
NODE_0000124,"[2.921895114730669e-14, 6.613167701338986e-14, 1.189787220889976e-14, 6.988566040795457e-14, 5.2675817130964546e-14, 6.724885586356867e-14, 6.677175465046629e-14, 6.720999682135342e-14, 6.834975542291767e-14, 6.705614341756335e-14, 1.145575605888746e-13, 6.77965143965576e-14, 8.301230295730023e-14, 6.349800264594559e-14, 3.421102362728275e-08, 3.209297298552555e-14, 5.976559830901527e-14, 6.779651439664932e-14, 6.779651439661168e-14, 5.681754918297587e-14, 1.44536716535355e-14, 1.5879248394869202e-11, 3.158747779283163e-14, 6.745270601923999e-14, 1.2938172741287768e-13, 6.155582643305414e-14, 0.9999999657712423, 8.602343392456623e-14, 2.12868604402877e-13, 5.16194669030723e-15, 6.682569024189224e-14]"
hMpxV/South_Korea/KDCA-P011/2023|EPI_ISL_18147340|2023-04-14,"[0.0, 0.0, 0.0, 0.0, 0.0, 0.0, 0.0, 0.0, 0.0, 0.0, 0.0, 0.0, 0.0, 0.0, 0.0, 0.0, 0.0, 0.0, 0.0, 0.0, 0.0, 0.0, 0.0, 0.0, 0.0, 0.0, 1.0, 0.0, 0.0, 0.0, 0.0]"
hMpxV/South_Korea/KDCA-P028/2023|EPI_ISL_18147336|2023-04-22,"[0.0, 0.0, 0.0, 0.0, 0.0, 0.0, 0.0, 0.0, 0.0, 0.0, 0.0, 0.0, 0.0, 0.0, 0.0, 0.0, 0.0, 0.0, 0.0, 0.0, 0.0, 0.0, 0.0, 0.0, 0.0, 0.0, 1.0, 0.0, 0.0, 0.0, 0.0]"
hMpxV/South_Korea/KDCA-P021/2023|EPI_ISL_18147343|2023-04-21,"[0.0, 0.0, 0.0, 0.0, 0.0, 0.0, 0.0, 0.0, 0.0, 0.0, 0.0, 0.0, 0.0, 0.0, 0.0, 0.0, 0.0, 0.0, 0.0, 0.0, 0.0, 0.0, 0.0, 0.0, 0.0, 0.0, 0.9999999999999999, 0.0, 0.0, 0.0, 0.0]"
hMpxV/South_Korea/KDCA-P032/2023|EPI_ISL_18147337|2023-04-25,"[0.0, 0.0, 0.0, 0.0, 0.0, 0.0, 0.0, 0.0, 0.0, 0.0, 0.0, 0.0, 0.0, 0.0, 0.0, 0.0, 0.0, 0.0, 0.0, 0.0, 0.0, 0.0, 0.0, 0.0, 0.0, 0.0, 1.0, 0.0, 0.0, 0.0, 0.0]"
hMpxV/Japan/TMIPH-230367/2024|EPI_ISL_19151800|2024-01-31,"[0.0, 0.0, 0.0, 0.0, 0.0, 0.0, 0.0, 0.0, 0.0, 0.0, 0.0, 0.0, 0.0, 0.0, 1.0, 0.0, 0.0, 0.0, 0.0, 0.0, 0.0, 0.0, 0.0, 0.0, 0.0, 0.0, 0.0, 0.0, 0.0, 0.0, 0.0]"
hMpxV/Philippines/RITM-006/2023|EPI_ISL_19409300|2023-07-07,"[0.0, 0.0, 0.0, 0.0, 0.0, 0.0, 0.0, 0.0, 0.0, 0.0, 0.0, 0.0, 0.0, 0.0, 0.0, 0.0, 0.0, 0.0, 0.0, 0.0, 0.0, 1.0, 0.0, 0.0, 0.0, 0.0, 0.0, 0.0, 0.0, 0.0, 0.0]"
NODE_0000118,"[1.271460832995174e-06, 1.7771509798890458e-06, 7.665627198747594e-07, 4.437257906098336e-06, 1.5169962785794784e-06, 1.8016735706564053e-06, 1.7708120457507262e-06, 1.769705881726054e-06, 1.8141602182281935e-06, 1.8047220586694777e-06, 2.3426925170799128e-06, 1.7970500332648162e-06, 3.901834017654189e-06, 1.777754907880424e-06, 0.00020070694535553505, 1.114809825608043e-06, 1.765934293460327e-06, 1.7970500332641077e-06, 1.7970500332638883e-06, 1.6723183753318666e-06, 4.583995021254945e-07, 2.4103122231569052e-06, 1.1082162130115716e-06, 1.7825251401621704e-06, 1.1408116051008668e-06, 1.665189297890672e-06, 7.553577683359246e-06, 1.6792557282936874e-06, 0.9997424419162436, 5.995083744875302e-07, 1.7563461041032268e-06]"
hMpxV/Thailand/KCMH-462/2023|EPI_ISL_19437780|2023-12-22,"[0.0, 0.0, 0.0, 0.0, 0.0, 0.0, 0.0, 0.0, 0.0, 0.0, 0.0, 0.0, 0.0, 0.0, 0.0, 0.0, 0.0, 0.0, 0.0, 0.0, 0.0, 0.0, 0.0, 0.0, 0.0, 0.0, 0.0, 0.0, 1.0, 0.0, 0.0]"
NODE_0000123,"[4.5855938802731056e-10, 8.045254588914856e-10, 2.666242777498133e-10, 2.9398082606119082e-09, 6.681513593315181e-10, 8.173838949818765e-10, 8.040774495734938e-10, 8.045856103231794e-10, 8.24597001517409e-10, 8.179587972238441e-10, 1.0222071973112586e-09, 8.170113273130147e-10, 2.4885427087352533e-09, 7.97576101669441e-10, 1.9694277056925866e-07, 4.6000831870910603e-10, 7.809666517728625e-10, 8.170113273115623e-10, 8.170113273110878e-10, 7.37762869151884e-10, 1.7340529602869699e-10, 1.0418436477979093e-09, 4.545747467119686e-10, 8.103268801857527e-10, 4.1632576671163687e-10, 7.495416689926006e-10, 2.7861139136582843e-09, 7.59907132661264e-10, 0.999999776959574, 1.6299940530788166e-10, 7.982478385460726e-10]"
hMpxV/Thailand/KCMH-295/2023|EPI_ISL_19437772|2023-07-03,"[0.0, 0.0, 0.0, 0.0, 0.0, 0.0, 0.0, 0.0, 0.0, 0.0, 0.0, 0.0, 0.0, 0.0, 0.0, 0.0, 0.0, 0.0, 0.0, 0.0, 0.0, 0.0, 0.0, 0.0, 0.0, 0.0, 0.0, 0.0, 1.0, 0.0, 0.0]"
hMpxV/Thailand/KCMH-283/2023|EPI_ISL_19437779|2023-06-28,"[0.0, 0.0, 0.0, 0.0, 0.0, 0.0, 0.0, 0.0, 0.0, 0.0, 0.0, 0.0, 0.0, 0.0, 0.0, 0.0, 0.0, 0.0, 0.0, 0.0, 0.0, 0.0, 0.0, 0.0, 0.0, 0.0, 0.0, 0.0, 0.9999999999999999, 0.0, 0.0]"
NODE_0000121,"[6.563066059069498e-08, 1.4053931667639887e-07, 4.4675981571318475e-08, 9.281172107199163e-05, 1.1561590074950802e-07, 1.4307374808349975e-07, 1.4042421495090166e-07, 1.404487242713792e-07, 1.4424011666586276e-07, 1.431875341927744e-07, 1.3820934410367767e-07, 1.4284957226504026e-07, 3.501784365071305e-07, 1.3969780756697773e-07, 1.3461742850730554e-06, 7.812103184057144e-08, 1.368605199514682e-07, 1.4284957226499804e-07, 1.4284957226498176e-07, 1.2858146034538148e-07, 2.4816605907853532e-08, 1.4989111454919223e-07, 7.686268872073426e-08, 1.4156359023186834e-07, 6.03831698751998e-08, 1.3048308370271963e-07, 1.2373135846461233e-07, 1.3204821847037292e-07, 0.9999023622747423, 2.2780780697673093e-08, 1.3923577516673224e-07]"
hMpxV/Thailand/KCMH-455/2023|EPI_ISL_19437773|2023-12-01,"[0.0, 0.0, 0.0, 0.0, 0.0, 0.0, 0.0, 0.0, 0.0, 0.0, 0.0, 0.0, 0.0, 0.0, 0.0, 0.0, 0.0, 0.0, 0.0, 0.0, 0.0, 0.0, 0.0, 0.0, 0.0, 0.0, 0.0, 0.0, 1.0, 0.0, 0.0]"
hMpxV/Cambodia/NPHL1211017/2023|EPI_ISL_18697752|2023-12-11,"[0.0, 0.0, 0.0, 0.9999999999999999, 0.0, 0.0, 0.0, 0.0, 0.0, 0.0, 0.0, 0.0, 0.0, 0.0, 0.0, 0.0, 0.0, 0.0, 0.0, 0.0, 0.0, 0.0, 0.0, 0.0, 0.0, 0.0, 0.0, 0.0, 0.0, 0.0, 0.0]"
NODE_0000122,"[1.9568818774167368e-08, 3.65358000314087e-08, 1.4044947408612943e-08, 1.438711416690884e-06, 3.0772417575777525e-08, 3.714864771712342e-08, 3.6441117270892766e-08, 3.645115957902711e-08, 3.743991737255303e-08, 3.718482276035075e-08, 3.56859753317833e-08, 3.701572208036594e-08, 1.0463605996309335e-07, 3.655517014461167e-08, 5.427672667167346e-07, 2.182128478210219e-08, 3.6159474026665516e-08, 3.7015722080357595e-08, 3.701572208035501e-08, 3.400356319829426e-08, 7.338530671020035e-09, 3.897545799281463e-08, 2.1541268084286717e-08, 3.671474206645517e-08, 1.765290706530193e-08, 3.412698578523008e-08, 3.19779659035192e-08, 3.4415208518074296e-08, 0.9999970858613311, 8.248978764699235e-09, 3.617159836455705e-08]"
hMpxV/Thailand/KCMH-459/2023|EPI_ISL_19437775|2023-12-12,"[0.0, 0.0, 0.0, 0.0, 0.0, 0.0, 0.0, 0.0, 0.0, 0.0, 0.0, 0.0, 0.0, 0.0, 0.0, 0.0, 0.0, 0.0, 0.0, 0.0, 0.0, 0.0, 0.0, 0.0, 0.0, 0.0, 0.0, 0.0, 1.0, 0.0, 0.0]"
hMpxV/Thailand/KCMH-465/2023|EPI_ISL_19437776|2023-12-28,"[0.0, 0.0, 0.0, 0.0, 0.0, 0.0, 0.0, 0.0, 0.0, 0.0, 0.0, 0.0, 0.0, 0.0, 0.0, 0.0, 0.0, 0.0, 0.0, 0.0, 0.0, 0.0, 0.0, 0.0, 0.0, 0.0, 0.0, 0.0, 1.0, 0.0, 0.0]"
NODE_0000113,"[0.00044652963012493306, 0.000563512856815042, 0.00026182146941820507, 0.0008769340213215712, 0.0004873486246399152, 0.0005712609530301588, 0.0005612159161280264, 0.0005637482435236742, 0.0005792903687626165, 0.0005720260033440461, 0.0007859980821918563, 0.0005688921392792786, 0.042640011846391525, 0.0005677717654352893, 0.0365926047057037, 0.00036536117784887406, 0.0007869724511638045, 0.0005688921392792113, 0.0005688921392791823, 0.0005333479270504122, 0.00016370776838344473, 0.001130660982404459, 0.0003753347244213642, 0.0005661081270075534, 0.0005780284540908848, 0.0005300935095618838, 0.002601932500309624, 0.0005360873133959797, 0.9032697304802071, 0.00022463269516875034, 0.0005612509843176358]"
hMpxV/Thailand/KCMH-026/2023|EPI_ISL_19437777|2023-05-12,"[0.0, 0.0, 0.0, 0.0, 0.0, 0.0, 0.0, 0.0, 0.0, 0.0, 0.0, 0.0, 0.0, 0.0, 0.0, 0.0, 0.0, 0.0, 0.0, 0.0, 0.0, 0.0, 0.0, 0.0, 0.0, 0.0, 0.0, 0.0, 1.0, 0.0, 0.0]"
NODE_0000114,"[1.0220515988840512e-05, 1.9634335430342822e-05, 5.101536656402746e-06, 2.826200044750646e-05, 1.5694297371185076e-05, 1.9958590335795463e-05, 1.9722473127042114e-05, 3.484868743835811e-05, 4.322563210574462e-05, 2.0336557533591526e-05, 2.5336832127366747e-05, 2.0081253045268295e-05, 0.9950230023428114, 2.6643782692541854e-05, 8.900330864801208e-05, 1.0067117442877868e-05, 0.0002663064552782452, 2.0081253045267936e-05, 2.008125304526756e-05, 1.768676718018271e-05, 3.383970135798309e-06, 0.0006957763797923282, 9.029439771659939e-05, 2.7579462068521332e-05, 0.0014376211922894335, 1.8221725326023443e-05, 3.6214037863499014e-05, 2.75342476264101e-05, 0.0018825131670910837, 3.5483261355955616e-06, 4.201810220311641e-05]"
hMpxV/Indonesia/JK-NIHRD-MP010/2023|EPI_ISL_18436041|2023-10-20,"[0.0, 0.0, 0.0, 0.0, 0.0, 0.0, 0.0, 0.0, 0.0, 0.0, 0.0, 0.0, 1.0, 0.0, 0.0, 0.0, 0.0, 0.0, 0.0, 0.0, 0.0, 0.0, 0.0, 0.0, 0.0, 0.0, 0.0, 0.0, 0.0, 0.0, 0.0]"
hMpxV/Indonesia/JK-NIHRD-MP005/2023|EPI_ISL_18436040|2023-10-12,"[0.0, 0.0, 0.0, 0.0, 0.0, 0.0, 0.0, 0.0, 0.0, 0.0, 0.0, 0.0, 1.0, 0.0, 0.0, 0.0, 0.0, 0.0, 0.0, 0.0, 0.0, 0.0, 0.0, 0.0, 0.0, 0.0, 0.0, 0.0, 0.0, 0.0, 0.0]"
hMpxV/Netherlands/un-EMC-NL105/2024|EPI_ISL_19002300|2024-03-07,"[0.0, 0.0, 0.0, 0.0, 0.0, 0.0, 0.0, 0.0, 0.0, 0.0, 0.0, 0.0, 0.0, 0.0, 0.0, 0.0, 1.0, 0.0, 0.0, 0.0, 0.0, 0.0, 0.0, 0.0, 0.0, 0.0, 0.0, 0.0, 0.0, 0.0, 0.0]"
hMpxV/China/SZ-CDC/Strain146,"[0.0, 0.0, 0.0, 0.0, 0.0, 0.0, 0.0, 0.0, 0.0, 0.0, 0.0, 0.0, 0.0, 0.0, 0.0, 0.0, 0.0, 0.0, 0.0, 0.0, 0.0, 0.0, 0.0, 0.0, 1.0, 0.0, 0.0, 0.0, 0.0, 0.0, 0.0]"
NODE_0000117,"[7.869244860700582e-08, 1.4092975636898359e-07, 5.751142921479406e-08, 1.4750710668071918e-07, 1.1895159891641427e-07, 1.432548478004306e-07, 1.4041856439613602e-07, 1.408930589113143e-07, 1.4508438871316943e-07, 1.4350169781292036e-07, 1.3676182159834042e-07, 1.426776981927274e-07, 4.614108014249667e-06, 1.4216983031718107e-07, 1.857029721904619e-07, 8.52901494814936e-08, 1.7921459477856165e-07, 1.4267769819297543e-07, 1.4267769819287027e-07, 1.3202837686766655e-07, 2.8579713062547215e-08, 0.9999914519788458, 8.711214043257496e-08, 1.4172234752644902e-07, 8.964546696740189e-08, 1.3155165881320646e-07, 2.661120347400527e-07, 2.931024989939265e-07, 1.7373825833147782e-07, 3.6382967089441976e-08, 1.4002031693286143e-07]"
hMpxV/Philippines/RITM-007/2023|EPI_ISL_19420626|2023-12-05,"[0.0, 0.0, 0.0, 0.0, 0.0, 0.0, 0.0, 0.0, 0.0, 0.0, 0.0, 0.0, 0.0, 0.0, 0.0, 0.0, 0.0, 0.0, 0.0, 0.0, 0.0, 1.0, 0.0, 0.0, 0.0, 0.0, 0.0, 0.0, 0.0, 0.0, 0.0]"
hMpxV/Philippines/RITM-008/2023|EPI_ISL_19420632|2023-12-12,"[0.0, 0.0, 0.0, 0.0, 0.0, 0.0, 0.0, 0.0, 0.0, 0.0, 0.0, 0.0, 0.0, 0.0, 0.0, 0.0, 0.0, 0.0, 0.0, 0.0, 0.0, 1.0, 0.0, 0.0, 0.0, 0.0, 0.0, 0.0, 0.0, 0.0, 0.0]"
NODE_0000116,"[1.6002958592693916e-12, 4.082535947143193e-12, 1.0280297282695118e-12, 4.362297310433275e-12, 3.2799298613629313e-12, 4.160466551451502e-12, 4.09210254882597e-12, 4.2124764058853325e-12, 4.375729167879836e-12, 4.166131295414675e-12, 4.029261736799109e-12, 4.166574761649929e-12, 0.9999999998139851, 4.091787305812375e-12, 2.4155039809770934e-12, 2.097901062351328e-12, 2.3640921261009298e-11, 4.166574761647848e-12, 4.166574761644934e-12, 3.6526248452873556e-12, 6.322387411797188e-13, 2.9278744640273725e-11, 2.4703242915688513e-12, 4.188543125191426e-12, 1.3475287322122383e-11, 3.775329260678123e-12, 3.137084604035134e-12, 3.916594920043279e-12, 3.2685120931438553e-11, 4.3642998056260315e-13, 4.23141739527683e-12]"
hMpxV/Indonesia/JK-NIHRD-MP044/2023|EPI_ISL_18467805|2023-10-25,"[0.0, 0.0, 0.0, 0.0, 0.0, 0.0, 0.0, 0.0, 0.0, 0.0, 0.0, 0.0, 1.0, 0.0, 0.0, 0.0, 0.0, 0.0, 0.0, 0.0, 0.0, 0.0, 0.0, 0.0, 0.0, 0.0, 0.0, 0.0, 0.0, 0.0, 0.0]"
hMpxV/Indonesia/JK-NIHRD-MP088/2023|EPI_ISL_18467807|2023-10-30,"[0.0, 0.0, 0.0, 0.0, 0.0, 0.0, 0.0, 0.0, 0.0, 0.0, 0.0, 0.0, 1.0, 0.0, 0.0, 0.0, 0.0, 0.0, 0.0, 0.0, 0.0, 0.0, 0.0, 0.0, 0.0, 0.0, 0.0, 0.0, 0.0, 0.0, 0.0]"
hMpxV/Indonesia/JK-Biokes-MP302/2023|EPI_ISL_19159111|2023-12-12,"[0.0, 0.0, 0.0, 0.0, 0.0, 0.0, 0.0, 0.0, 0.0, 0.0, 0.0, 0.0, 1.0, 0.0, 0.0, 0.0, 0.0, 0.0, 0.0, 0.0, 0.0, 0.0, 0.0, 0.0, 0.0, 0.0, 0.0, 0.0, 0.0, 0.0, 0.0]"
hMpxV/Indonesia/JB-Biokes-MP294/2023|EPI_ISL_19159109|2023-12-07,"[0.0, 0.0, 0.0, 0.0, 0.0, 0.0, 0.0, 0.0, 0.0, 0.0, 0.0, 0.0, 1.0, 0.0, 0.0, 0.0, 0.0, 0.0, 0.0, 0.0, 0.0, 0.0, 0.0, 0.0, 0.0, 0.0, 0.0, 0.0, 0.0, 0.0, 0.0]"
NODE_0000125,"[1.5614525045107395e-13, 3.6244631630983e-13, 6.703245454181956e-14, 3.798615146458137e-13, 2.8900792980549684e-13, 3.6829740673164063e-13, 3.660481599563186e-13, 3.704147917891304e-13, 3.7722559863134196e-13, 3.675087243341559e-13, 5.933879643061035e-13, 3.7172389665424787e-13, 3.3600232304350395e-13, 3.478523196868712e-13, 4.632517153485472e-07, 1.7739374999546796e-13, 3.2371056666377645e-13, 3.717238966544007e-13, 3.717238966543368e-13, 3.1268835346940396e-13, 7.928795618491291e-14, 3.6334323636626156e-12, 1.825254288882384e-13, 3.708037738010822e-13, 9.43048151320888e-13, 3.3772455584990364e-13, 0.9999995367346332, 3.5055445091796363e-13, 1.0453889485725488e-12, 2.916469573854378e-14, 3.6925520254272224e-13]"
hMpxV/South_Korea/KDCA-P02/2023|EPI_ISL_18542113|2023-06-01,"[0.0, 0.0, 0.0, 0.0, 0.0, 0.0, 0.0, 0.0, 0.0, 0.0, 0.0, 0.0, 0.0, 0.0, 0.0, 0.0, 0.0, 0.0, 0.0, 0.0, 0.0, 0.0, 0.0, 0.0, 0.0, 0.0, 1.0, 0.0, 0.0, 0.0, 0.0]"
hMpxV/South_Korea/KDCA-P19/2023|EPI_ISL_18542119|2023-07-12,"[0.0, 0.0, 0.0, 0.0, 0.0, 0.0, 0.0, 0.0, 0.0, 0.0, 0.0, 0.0, 0.0, 0.0, 0.0, 0.0, 0.0, 0.0, 0.0, 0.0, 0.0, 0.0, 0.0, 0.0, 0.0, 0.0, 1.0, 0.0, 0.0, 0.0, 0.0]"
hMpxV/South_Korea/KDCA-P11/2023|EPI_ISL_18540495|2023-07-05,"[0.0, 0.0, 0.0, 0.0, 0.0, 0.0, 0.0, 0.0, 0.0, 0.0, 0.0, 0.0, 0.0, 0.0, 0.0, 0.0, 0.0, 0.0, 0.0, 0.0, 0.0, 0.0, 0.0, 0.0, 0.0, 0.0, 1.0, 0.0, 0.0, 0.0, 0.0]"
NODE_0000137,"[3.2165363267082733e-08, 5.3040300002065086e-08, 2.3475629844028686e-08, 5.5000828821598773e-08, 4.571594066337583e-08, 5.3779053032397285e-08, 5.2906582604045715e-08, 5.30764210617434e-08, 5.439265424009149e-08, 5.384360206402391e-08, 5.4258285913414446e-08, 5.363185322339937e-08, 5.0534965087329905e-08, 5.306854234037739e-08, 9.70946933359245e-06, 3.395503412116094e-08, 5.2473808995808675e-08, 5.36318532234754e-08, 5.3631853223445706e-08, 4.9968210417371106e-08, 1.2961578885168797e-08, 1.5826949240383652e-07, 3.43760363032979e-08, 5.3332247223201937e-08, 7.76463683301001e-08, 4.9978611495812164e-08, 0.9999887943674618, 5.0487504851296067e-08, 5.816735908527086e-08, 1.559216578164717e-08, 5.2801057889822305e-08]"
hMpxV/South_Korea/KDCA-P10/2023|EPI_ISL_18542116|2023-09-15,"[0.0, 0.0, 0.0, 0.0, 0.0, 0.0, 0.0, 0.0, 0.0, 0.0, 0.0, 0.0, 0.0, 0.0, 0.0, 0.0, 0.0, 0.0, 0.0, 0.0, 0.0, 0.0, 0.0, 0.0, 0.0, 0.0, 1.0, 0.0, 0.0, 0.0, 0.0]"
hMpxV/South_Korea/KDCA-P09/2023|EPI_ISL_18542104|2023-07-05,"[0.0, 0.0, 0.0, 0.0, 0.0, 0.0, 0.0, 0.0, 0.0, 0.0, 0.0, 0.0, 0.0, 0.0, 0.0, 0.0, 0.0, 0.0, 0.0, 0.0, 0.0, 0.0, 0.0, 0.0, 0.0, 0.0, 1.0, 0.0, 0.0, 0.0, 0.0]"
NODE_0000132,"[1.2441761966004546e-07, 2.115628307344287e-07, 9.053556966891856e-08, 2.1938134144988844e-07, 1.8190827166457267e-07, 2.1456881008361048e-07, 2.1113216453493707e-07, 2.1173768311597117e-07, 2.1688682296492905e-07, 2.1477110573128134e-07, 2.1472913960940973e-07, 2.1402674619846969e-07, 2.0063144688136777e-07, 2.1140200693570057e-07, 4.593714448747655e-05, 1.3409767825364376e-07, 2.0868171024655617e-07, 2.1402674619849984e-07, 2.1402674619848774e-07, 1.9859732577824885e-07, 5.0902238021439964e-08, 6.585955254914831e-07, 1.3508716443831444e-07, 2.127913548053906e-07, 3.182934040146472e-07, 1.9931619762714138e-07, 0.9999480849701426, 2.0137516173161252e-07, 2.2583952110043833e-07, 5.7970639838801876e-08, 2.1059239674497246e-07]"
hMpxV/South_Korea/KDCA-P22/2023|EPI_ISL_18540494|2023-08-03,"[0.0, 0.0, 0.0, 0.0, 0.0, 0.0, 0.0, 0.0, 0.0, 0.0, 0.0, 0.0, 0.0, 0.0, 0.0, 0.0, 0.0, 0.0, 0.0, 0.0, 0.0, 0.0, 0.0, 0.0, 0.0, 0.0, 0.9999999999999999, 0.0, 0.0, 0.0, 0.0]"
NODE_0000133,"[3.731790388862691e-10, 7.095479570555439e-10, 2.6693925961391937e-10, 7.361401445477861e-10, 6.038572502734554e-10, 7.202815450253527e-10, 7.094259461647827e-10, 7.109674502166297e-10, 7.271130505898697e-10, 7.203783816322568e-10, 7.070715838312513e-10, 7.192403591937992e-10, 6.625781876922357e-10, 7.053384920674276e-10, 4.135022893191747e-07, 4.3235581178869654e-10, 6.913612695896728e-10, 7.192403591941281e-10, 7.192403591940083e-10, 6.570480293790395e-10, 1.6083560990673e-10, 2.623661037827169e-09, 4.2908452008435594e-10, 7.147604567630336e-10, 1.181756008415211e-09, 6.677705447554158e-10, 0.9999995661921808, 6.756420497140678e-10, 7.040342046002892e-10, 1.499908278405839e-10, 7.066901831588351e-10]"
hMpxV/South_Korea/KDCA-P15/2023|EPI_ISL_18542109|2023-07-05,"[0.0, 0.0, 0.0, 0.0, 0.0, 0.0, 0.0, 0.0, 0.0, 0.0, 0.0, 0.0, 0.0, 0.0, 0.0, 0.0, 0.0, 0.0, 0.0, 0.0, 0.0, 0.0, 0.0, 0.0, 0.0, 0.0, 1.0, 0.0, 0.0, 0.0, 0.0]"
NODE_0000134,"[6.51343070957848e-11, 1.2176689577886728e-10, 4.729724974832829e-11, 1.2629458062168182e-10, 1.0401673793609043e-10, 1.236020766227432e-10, 1.2168795779621645e-10, 1.2186458518001767e-10, 1.2463694364687049e-10, 1.2362453613676515e-10, 1.1976470599075667e-10, 1.233511860920401e-10, 1.1380758455405219e-10, 1.2125074078476078e-10, 4.218720368071754e-08, 7.504882238136066e-11, 1.1916559100498356e-10, 1.233511860921305e-10, 1.2335118609208916e-10, 1.1313218877754608e-10, 2.7912756712593672e-11, 4.2643827099064843e-10, 7.417425020569317e-11, 1.2255036456887344e-10, 1.9842573019640203e-10, 1.1467693859977454e-10, 0.9999999543556702, 1.1585371755557506e-10, 1.1694383377606477e-10, 2.6897304664429874e-11, 1.2110390894349165e-10]"
hMpxV/South_Korea/KDCA-P14/2023|EPI_ISL_18542105|2023-07-05,"[0.0, 0.0, 0.0, 0.0, 0.0, 0.0, 0.0, 0.0, 0.0, 0.0, 0.0, 0.0, 0.0, 0.0, 0.0, 0.0, 0.0, 0.0, 0.0, 0.0, 0.0, 0.0, 0.0, 0.0, 0.0, 0.0, 1.0, 0.0, 0.0, 0.0, 0.0]"
NODE_0000135,"[3.604398076923204e-14, 8.372707219911106e-14, 2.430836435753963e-14, 8.698754445037786e-14, 6.965299768428788e-14, 8.510544775168216e-14, 8.4010640584817e-14, 8.426497628052828e-14, 8.599890504490193e-14, 8.501957362903057e-14, 8.316584523584616e-14, 8.522256390649742e-14, 7.64231094249474e-14, 8.233138569136122e-14, 2.1090338491566733e-10, 4.7054402771488486e-14, 7.942984524568618e-14, 8.522256390658364e-14, 8.5222563906551e-14, 7.555422627332705e-14, 1.6880675944259377e-14, 4.289545749259198e-13, 4.6291941618174025e-14, 8.469495796623123e-14, 1.6670153569024998e-13, 7.854705564795312e-14, 0.9999999997865963, 7.991093488172974e-14, 7.905521412644218e-14, 1.083205183774604e-14, 8.373709861083609e-14]"
hMpxV/South_Korea/KDCA-P17/2023|EPI_ISL_18542114|2023-07-12,"[0.0, 0.0, 0.0, 0.0, 0.0, 0.0, 0.0, 0.0, 0.0, 0.0, 0.0, 0.0, 0.0, 0.0, 0.0, 0.0, 0.0, 0.0, 0.0, 0.0, 0.0, 0.0, 0.0, 0.0, 0.0, 0.0, 1.0, 0.0, 0.0, 0.0, 0.0]"
hMpxV/South_Korea/KDCA-P08/2023|EPI_ISL_18542108|2023-07-05,"[0.0, 0.0, 0.0, 0.0, 0.0, 0.0, 0.0, 0.0, 0.0, 0.0, 0.0, 0.0, 0.0, 0.0, 0.0, 0.0, 0.0, 0.0, 0.0, 0.0, 0.0, 0.0, 0.0, 0.0, 0.0, 0.0, 1.0, 0.0, 0.0, 0.0, 0.0]"
NODE_0000136,"[4.840162414317016e-10, 8.525466314884694e-10, 3.5235790923926836e-10, 8.841559254087219e-10, 7.313878745795337e-10, 8.649332041101656e-10, 8.51233852973856e-10, 8.531732242649762e-10, 8.734104282215501e-10, 8.655079585436406e-10, 8.541697889637412e-10, 8.628835395195568e-10, 8.041108107756091e-10, 8.508692610479466e-10, 2.147729870885299e-07, 5.350353476048907e-10, 8.386655737074732e-10, 8.628835395207167e-10, 8.628835395201924e-10, 7.973407903126628e-10, 2.0146226915747333e-10, 2.7659796815047555e-09, 5.348381591516791e-10, 8.576499369460514e-10, 1.3201957046597893e-09, 8.031142360079491e-10, 0.9999997611153648, 8.113152649640905e-10, 8.71590934026217e-10, 2.156644936077746e-10, 8.482720706638449e-10]"
hMpxV/South_Korea/KDCA-P13/2023|EPI_ISL_18542112|2023-07-05,"[0.0, 0.0, 0.0, 0.0, 0.0, 0.0, 0.0, 0.0, 0.0, 0.0, 0.0, 0.0, 0.0, 0.0, 0.0, 0.0, 0.0, 0.0, 0.0, 0.0, 0.0, 0.0, 0.0, 0.0, 0.0, 0.0, 0.9999999999999999, 0.0, 0.0, 0.0, 0.0]"
hMpxV/South_Korea/KDCA-P18/2023|EPI_ISL_18541180|2023-09-15,"[0.0, 0.0, 0.0, 0.0, 0.0, 0.0, 0.0, 0.0, 0.0, 0.0, 0.0, 0.0, 0.0, 0.0, 0.0, 0.0, 0.0, 0.0, 0.0, 0.0, 0.0, 0.0, 0.0, 0.0, 0.0, 0.0, 1.0, 0.0, 0.0, 0.0, 0.0]"
NODE_0000126,"[7.037810744899979e-10, 1.2494636371158357e-09, 5.114723074663063e-10, 1.2958143096645827e-09, 1.0710347402354698e-09, 1.2676990665401447e-09, 1.247716856157443e-09, 1.2505325456705956e-09, 1.2800596650751271e-09, 1.2684653536181035e-09, 1.2509107646461104e-09, 1.2648084148888972e-09, 1.1771954634912505e-09, 1.2464948686436119e-09, 3.775789282084012e-07, 7.817735114359709e-10, 1.2279223430660691e-09, 1.2648084148901756e-09, 1.264808414889725e-09, 1.1673539102236578e-09, 2.9401234396437143e-10, 4.1096651210169546e-09, 7.808733113095533e-10, 1.2571101320976076e-09, 1.9498146819076237e-09, 1.1769116431630666e-09, 0.9999995870448739, 1.18910011343396e-09, 1.2729061999772564e-09, 3.103797029938487e-10, 1.2433089846313856e-09]"
NODE_0000131,"[3.083165467509546e-08, 5.09083208533281e-08, 2.2501753442963823e-08, 5.279017166985025e-08, 4.387445229846022e-08, 5.161800297690302e-08, 5.078095873210366e-08, 5.0942914631009404e-08, 5.220510423401181e-08, 5.167939939928012e-08, 5.205369432974278e-08, 5.1477052182724464e-08, 4.849369230291657e-08, 5.093298430278432e-08, 9.374647468657889e-06, 3.257758906368922e-08, 5.035916719007051e-08, 5.1477052182797494e-08, 5.147705218276889e-08, 4.7952846781301936e-08, 1.2432270846907848e-08, 1.5215407289801326e-07, 3.297254548705608e-08, 5.1188942698010335e-08, 7.460850995964337e-08, 4.7969490888231546e-08, 0.9999891892906106, 4.8457803089729274e-08, 5.574570426908027e-08, 1.4920711090430494e-08, 5.067800598425664e-08]"
hMpxV/South_Korea/KDCA-P04/2023|EPI_ISL_18542110|2023-09-15,"[0.0, 0.0, 0.0, 0.0, 0.0, 0.0, 0.0, 0.0, 0.0, 0.0, 0.0, 0.0, 0.0, 0.0, 0.0, 0.0, 0.0, 0.0, 0.0, 0.0, 0.0, 0.0, 0.0, 0.0, 0.0, 0.0, 1.0, 0.0, 0.0, 0.0, 0.0]"
hMpxV/South_Korea/KDCA-P03/2023|EPI_ISL_18541890|2023-06-23,"[0.0, 0.0, 0.0, 0.0, 0.0, 0.0, 0.0, 0.0, 0.0, 0.0, 0.0, 0.0, 0.0, 0.0, 0.0, 0.0, 0.0, 0.0, 0.0, 0.0, 0.0, 0.0, 0.0, 0.0, 0.0, 0.0, 1.0, 0.0, 0.0, 0.0, 0.0]"
NODE_0000127,"[2.92198905279615e-10, 5.211740560691267e-10, 2.1209044084171468e-10, 5.405278596047259e-10, 4.464928322128237e-10, 5.287970523529791e-10, 5.204915708463198e-10, 5.216810840984893e-10, 5.339726569456822e-10, 5.291023262592193e-10, 5.21802040335461e-10, 5.276297407820025e-10, 4.907635012105345e-10, 5.197942312135584e-10, 1.6154305993913654e-07, 3.2545050833705e-10, 5.118470778916632e-10, 5.2762974078279e-10, 5.276297407825303e-10, 4.866143071455979e-10, 1.2229266333081428e-10, 1.730354451202163e-09, 3.2502124847001455e-10, 5.244204106646811e-10, 8.17127027482465e-10, 4.908705594036792e-10, 0.9999998236878697, 4.960268310525273e-10, 5.304842706394223e-10, 1.2811718621815352e-10, 5.186659934291032e-10]"
hMpxV/South_Korea/KDCA-P05/2023|EPI_ISL_18542117|2023-06-23,"[0.0, 0.0, 0.0, 0.0, 0.0, 0.0, 0.0, 0.0, 0.0, 0.0, 0.0, 0.0, 0.0, 0.0, 0.0, 0.0, 0.0, 0.0, 0.0, 0.0, 0.0, 0.0, 0.0, 0.0, 0.0, 0.0, 1.0, 0.0, 0.0, 0.0, 0.0]"
NODE_0000128,"[4.186053614495987e-16, 1.0608549340296859e-15, 2.0375665058622958e-16, 1.1039215855785383e-15, 8.436085628168747e-16, 1.0787848790615853e-15, 1.072601219189917e-15, 1.6794005838197695e-15, 2.000112717837511e-15, 1.0952475698879564e-15, 1.3656046164498982e-15, 1.0893017809115503e-15, 1.1988923193049311e-15, 1.0703321390914306e-15, 5.490106380155761e-11, 5.133672219709721e-16, 1.0122913772355648e-15, 1.0893017809139924e-15, 1.089301780913143e-15, 9.233046050464178e-16, 1.84042034027645e-16, 8.61756945248271e-15, 2.1575850456329774e-15, 1.3908502539035692e-15, 6.59653309095081e-14, 9.901807392431516e-16, 0.9999999999449952, 1.0253430626676916e-15, 1.1923103757953076e-15, 7.596989279721281e-17, 1.964758035390272e-15]"
hMpxV/South_Korea/KDCA-P022/2023|EPI_ISL_18147353|2023-04-21,"[0.0, 0.0, 0.0, 0.0, 0.0, 0.0, 0.0, 0.0, 0.0, 0.0, 0.0, 0.0, 0.0, 0.0, 0.0, 0.0, 0.0, 0.0, 0.0, 0.0, 0.0, 0.0, 0.0, 0.0, 0.0, 0.0, 1.0, 0.0, 0.0, 0.0, 0.0]"
hMpxV/South_Korea/KDCA-P06/2023|EPI_ISL_18542111|2023-07-05,"[0.0, 0.0, 0.0, 0.0, 0.0, 0.0, 0.0, 0.0, 0.0, 0.0, 0.0, 0.0, 0.0, 0.0, 0.0, 0.0, 0.0, 0.0, 0.0, 0.0, 0.0, 0.0, 0.0, 0.0, 0.0, 0.0, 1.0, 0.0, 0.0, 0.0, 0.0]"
hMpxV/South_Korea/KDCA-P01/2023|EPI_ISL_18542106|2023-05-03,"[0.0, 0.0, 0.0, 0.0, 0.0, 0.0, 0.0, 0.0, 0.0, 0.0, 0.0, 0.0, 0.0, 0.0, 0.0, 0.0, 0.0, 0.0, 0.0, 0.0, 0.0, 0.0, 0.0, 0.0, 0.0, 0.0, 1.0, 0.0, 0.0, 0.0, 0.0]"
hMpxV/South_Korea/KDCA-P07/2023|EPI_ISL_18540666|2023-07-05,"[0.0, 0.0, 0.0, 0.0, 0.0, 0.0, 0.0, 0.0, 0.0, 0.0, 0.0, 0.0, 0.0, 0.0, 0.0, 0.0, 0.0, 0.0, 0.0, 0.0, 0.0, 0.0, 0.0, 0.0, 0.0, 0.0, 1.0, 0.0, 0.0, 0.0, 0.0]"
NODE_0000130,"[2.393081437668062e-10, 4.0667676556169053e-10, 1.7528705103032954e-10, 4.2178472266465553e-10, 3.499968043384714e-10, 4.1245503930020533e-10, 4.058038247635957e-10, 4.0682542932918107e-10, 4.166856859302846e-10, 4.1285495594770034e-10, 4.099818424807733e-10, 4.113484587007007e-10, 3.856049782603393e-10, 4.0656768416816303e-10, 8.1449821513968e-08, 2.584608327241406e-10, 4.0165034049911165e-10, 4.1134845870185935e-10, 4.113484587014085e-10, 3.8203533702469956e-10, 9.78669918660858e-11, 1.24958626935785e-09, 2.594839979483056e-10, 4.0891555251449087e-10, 6.091120709917585e-10, 3.8320505351351064e-10, 0.9999999070871988, 3.869627101285496e-10, 4.254687912007221e-10, 1.1178728142773909e-10, 4.045660899687863e-10]"
hMpxV/South_Korea/KDCA-P24/2023|EPI_ISL_18542115|2023-08-28,"[0.0, 0.0, 0.0, 0.0, 0.0, 0.0, 0.0, 0.0, 0.0, 0.0, 0.0, 0.0, 0.0, 0.0, 0.0, 0.0, 0.0, 0.0, 0.0, 0.0, 0.0, 0.0, 0.0, 0.0, 0.0, 0.0, 1.0, 0.0, 0.0, 0.0, 0.0]"
hMpxV/South_Korea/KDCA-P23/2023|EPI_ISL_18542118|2023-08-28,"[0.0, 0.0, 0.0, 0.0, 0.0, 0.0, 0.0, 0.0, 0.0, 0.0, 0.0, 0.0, 0.0, 0.0, 0.0, 0.0, 0.0, 0.0, 0.0, 0.0, 0.0, 0.0, 0.0, 0.0, 0.0, 0.0, 1.0, 0.0, 0.0, 0.0, 0.0]"
NODE_0000129,"[2.5718380302492972e-06, 1.8071736042277271e-06, 9.460586020740983e-07, 1.8569840487018817e-06, 1.6083232364682982e-06, 1.8262082063995754e-06, 1.8052704621689946e-06, 6.899502339143062e-06, 1.0867403999480492e-05, 1.8369579397268442e-06, 3.17860317007562e-06, 1.8238405000210009e-06, 3.773240972258147e-06, 1.8316822753465158e-06, 1.070655113837541e-05, 1.2637295755698953e-06, 1.82141201101956e-06, 1.8238405000210009e-06, 1.8238405000210062e-06, 1.7257077994602395e-06, 5.420446897346013e-07, 2.45267725825942e-06, 6.461972224110306e-05, 3.968116492421795e-06, 0.9997747752796324, 1.7279684761499414e-06, 7.444057818753206e-05, 1.7427550607200897e-06, 1.8989444348929887e-06, 1.4054863860059238e-06, 1.0628258230201329e-05]"
hMpxV/China/SZ-CDC/Strain143,"[0.0, 0.0, 0.0, 0.0, 0.0, 0.0, 0.0, 0.0, 0.0, 0.0, 0.0, 0.0, 0.0, 0.0, 0.0, 0.0, 0.0, 0.0, 0.0, 0.0, 0.0, 0.0, 0.0, 0.0, 1.0, 0.0, 0.0, 0.0, 0.0, 0.0, 0.0]"
hMpxV/China/SZ-CDC/Strain162,"[0.0, 0.0, 0.0, 0.0, 0.0, 0.0, 0.0, 0.0, 0.0, 0.0, 0.0, 0.0, 0.0, 0.0, 0.0, 0.0, 0.0, 0.0, 0.0, 0.0, 0.0, 0.0, 0.0, 0.0, 1.0, 0.0, 0.0, 0.0, 0.0, 0.0, 0.0]"
NODE_0000005,"[9.065338618169414e-18, 2.8294480624310527e-18, 4.572734365633284e-19, 3.0572823821762455e-18, 2.331529985106167e-18, 2.8533505710659052e-18, 2.874370902707207e-18, 2.9797903944351446e-18, 3.0258091794731436e-18, 2.8373118345682074e-18, 1.300918628073869e-16, 2.8974478947996176e-18, 3.314093993078466e-18, 2.6516786138244912e-18, 0.9999999993856346, 1.4681827917324026e-18, 2.415161363507647e-18, 2.8974478948002893e-18, 2.897447894799796e-18, 2.37800049982336e-18, 4.867207641356226e-18, 5.112979199894713e-17, 1.653452831714459e-18, 2.9371413045519447e-18, 1.531998318843209e-17, 2.6823538340872276e-18, 6.143602363284505e-10, 2.821999651507941e-18, 5.007582925916564e-15, 1.1846300670760222e-18, 3.014058874288858e-18]"
hMpxV/Japan/TMIPH-220323/2023|EPI_ISL_17445514|2023-01-30,"[0.0, 0.0, 0.0, 0.0, 0.0, 0.0, 0.0, 0.0, 0.0, 0.0, 0.0, 0.0, 0.0, 0.0, 1.0, 0.0, 0.0, 0.0, 0.0, 0.0, 0.0, 0.0, 0.0, 0.0, 0.0, 0.0, 0.0, 0.0, 0.0, 0.0, 0.0]"
hMpxV/South_Korea/KDCA-P005/2023|EPI_ISL_18147355|2023-03-13,"[0.0, 0.0, 0.0, 0.0, 0.0, 0.0, 0.0, 0.0, 0.0, 0.0, 0.0, 0.0, 0.0, 0.0, 0.0, 0.0, 0.0, 0.0, 0.0, 0.0, 0.0, 0.0, 0.0, 0.0, 0.0, 0.0, 1.0, 0.0, 0.0, 0.0, 0.0]"
hMpxV/Japan/TMIPH-0085/2023|EPI_ISL_18075507|2023-05-01,"[0.0, 0.0, 0.0, 0.0, 0.0, 0.0, 0.0, 0.0, 0.0, 0.0, 0.0, 0.0, 0.0, 0.0, 1.0, 0.0, 0.0, 0.0, 0.0, 0.0, 0.0, 0.0, 0.0, 0.0, 0.0, 0.0, 0.0, 0.0, 0.0, 0.0, 0.0]"
hMpxV/Japan/TMIPH-0223/2023|EPI_ISL_18075508|2023-07-07,"[0.0, 0.0, 0.0, 0.0, 0.0, 0.0, 0.0, 0.0, 0.0, 0.0, 0.0, 0.0, 0.0, 0.0, 1.0, 0.0, 0.0, 0.0, 0.0, 0.0, 0.0, 0.0, 0.0, 0.0, 0.0, 0.0, 0.0, 0.0, 0.0, 0.0, 0.0]"
hMpxV/Japan/TMIPH-0204/2023|EPI_ISL_18055899|2023-06-26,"[0.0, 0.0, 0.0, 0.0, 0.0, 0.0, 0.0, 0.0, 0.0, 0.0, 0.0, 0.0, 0.0, 0.0, 1.0, 0.0, 0.0, 0.0, 0.0, 0.0, 0.0, 0.0, 0.0, 0.0, 0.0, 0.0, 0.0, 0.0, 0.0, 0.0, 0.0]"
NODE_0000112,"[2.927587022725608e-09, 1.4847588120891952e-09, 6.84357793598465e-10, 1.5536118972140066e-09, 1.3156334927926738e-09, 1.4992071994990455e-09, 1.4838951787200212e-09, 1.4887856574703041e-09, 1.5152737943313086e-09, 1.4985530239819498e-09, 7.4137194915243776e-09, 1.4981067699072542e-09, 1.603335606989387e-09, 1.4732008736174033e-09, 0.9999984793114565, 1.0160295660609217e-09, 1.4493398589113183e-09, 1.4981067699075754e-09, 1.4981067699073398e-09, 1.3959362219685513e-09, 1.223847372751385e-09, 5.284447070409542e-09, 1.0145123907825438e-09, 1.4929129633002252e-09, 2.1434148835776177e-09, 1.4156450881639465e-09, 1.4190520746336352e-06, 1.4346988537625314e-09, 5.050543732448492e-08, 1.3402672029709092e-09, 1.4837399066152318e-09]"
hMpxV/Japan/TMIPH-0267/2023|EPI_ISL_18557816|2023-09-22,"[0.0, 0.0, 0.0, 0.0, 0.0, 0.0, 0.0, 0.0, 0.0, 0.0, 0.0, 0.0, 0.0, 0.0, 1.0, 0.0, 0.0, 0.0, 0.0, 0.0, 0.0, 0.0, 0.0, 0.0, 0.0, 0.0, 0.0, 0.0, 0.0, 0.0, 0.0]"
hMpxV/Japan/TMIPH-0304/2023|EPI_ISL_18557818|2023-10-25,"[0.0, 0.0, 0.0, 0.0, 0.0, 0.0, 0.0, 0.0, 0.0, 0.0, 0.0, 0.0, 0.0, 0.0, 1.0, 0.0, 0.0, 0.0, 0.0, 0.0, 0.0, 0.0, 0.0, 0.0, 0.0, 0.0, 0.0, 0.0, 0.0, 0.0, 0.0]"
hMpxV/Japan/TMIPH-0336/2023|EPI_ISL_18739594|2023-11-29,"[0.0, 0.0, 0.0, 0.0, 0.0, 0.0, 0.0, 0.0, 0.0, 0.0, 0.0, 0.0, 0.0, 0.0, 1.0, 0.0, 0.0, 0.0, 0.0, 0.0, 0.0, 0.0, 0.0, 0.0, 0.0, 0.0, 0.0, 0.0, 0.0, 0.0, 0.0]"
NODE_0000107,"[4.317659052316844e-12, 1.6465734425912996e-12, 5.703636542868638e-13, 1.720981312113058e-12, 1.4355683229300718e-12, 1.6625242884261746e-12, 1.6543488850284416e-12, 1.6626870772119884e-12, 1.6833096089631512e-12, 1.6588053011356057e-12, 1.644516510453927e-11, 1.6688465468670043e-12, 1.821198561816809e-12, 1.6073194665777338e-12, 0.9999999787201144, 1.0516426328273269e-12, 1.5463113384952987e-12, 1.6688465468673704e-12, 1.6688465468670824e-12, 1.5014608341292265e-12, 2.079200330889165e-12, 9.44646240795855e-12, 1.0428198954266013e-12, 1.6650058235266556e-12, 2.930814389386163e-12, 1.5722178683318337e-12, 2.0977401527916843e-08, 1.60609583645721e-12, 2.320879678064161e-10, 1.4028121288726997e-12, 1.6582423317400725e-12]"
hMpxV/Japan/TMIPH-0029/2023|EPI_ISL_17665624|2023-04-17,"[0.0, 0.0, 0.0, 0.0, 0.0, 0.0, 0.0, 0.0, 0.0, 0.0, 0.0, 0.0, 0.0, 0.0, 0.9999999999999999, 0.0, 0.0, 0.0, 0.0, 0.0, 0.0, 0.0, 0.0, 0.0, 0.0, 0.0, 0.0, 0.0, 0.0, 0.0, 0.0]"
hMpxV/Japan/TMIPH-0176/2023|EPI_ISL_17837268|2023-06-09,"[0.0, 0.0, 0.0, 0.0, 0.0, 0.0, 0.0, 0.0, 0.0, 0.0, 0.0, 0.0, 0.0, 0.0, 1.0, 0.0, 0.0, 0.0, 0.0, 0.0, 0.0, 0.0, 0.0, 0.0, 0.0, 0.0, 0.0, 0.0, 0.0, 0.0, 0.0]"
hMpxV/Japan/TMIPH-0171/2023|EPI_ISL_18352302|2023-06-06,"[0.0, 0.0, 0.0, 0.0, 0.0, 0.0, 0.0, 0.0, 0.0, 0.0, 0.0, 0.0, 0.0, 0.0, 1.0, 0.0, 0.0, 0.0, 0.0, 0.0, 0.0, 0.0, 0.0, 0.0, 0.0, 0.0, 0.0, 0.0, 0.0, 0.0, 0.0]"
hMpxV/Japan/TMIPH-0117/2023|EPI_ISL_17817239|2023-05-15,"[0.0, 0.0, 0.0, 0.0, 0.0, 0.0, 0.0, 0.0, 0.0, 0.0, 0.0, 0.0, 0.0, 0.0, 1.0, 0.0, 0.0, 0.0, 0.0, 0.0, 0.0, 0.0, 0.0, 0.0, 0.0, 0.0, 0.0, 0.0, 0.0, 0.0, 0.0]"
NODE_0000108,"[5.334732407968002e-11, 2.3137156922072973e-11, 9.364314604969016e-12, 2.3991334359368895e-11, 2.035704522863252e-11, 2.3376609386399498e-11, 2.319118053721154e-11, 2.326632574131385e-11, 2.360276624947215e-11, 2.3348850361637135e-11, 1.6179188250255733e-10, 2.3407191911852426e-11, 2.510454951359658e-11, 2.2804811879007494e-11, 0.9999999386675189, 1.5340061658646885e-11, 2.220272593381401e-11, 2.340719191185765e-11, 2.340719191185371e-11, 2.1468580350483795e-11, 2.501724822367965e-11, 1.0263039532127044e-10, 1.5208426482531598e-11, 2.332740385689856e-11, 3.7231680413223585e-11, 2.2108478538616225e-11, 5.897784606023082e-08, 2.244053760934366e-11, 1.4765099914789872e-09, 2.1059966763618154e-11, 2.3184139673749097e-11]"
hMpxV/Japan/TMIPH-0055/2023|EPI_ISL_17665627|2023-04-21,"[0.0, 0.0, 0.0, 0.0, 0.0, 0.0, 0.0, 0.0, 0.0, 0.0, 0.0, 0.0, 0.0, 0.0, 1.0, 0.0, 0.0, 0.0, 0.0, 0.0, 0.0, 0.0, 0.0, 0.0, 0.0, 0.0, 0.0, 0.0, 0.0, 0.0, 0.0]"
hMpxV/Japan/TMIPH-0017/2023|EPI_ISL_17592667|2023-04-06,"[0.0, 0.0, 0.0, 0.0, 0.0, 0.0, 0.0, 0.0, 0.0, 0.0, 0.0, 0.0, 0.0, 0.0, 0.9999999999999999, 0.0, 0.0, 0.0, 0.0, 0.0, 0.0, 0.0, 0.0, 0.0, 0.0, 0.0, 0.0, 0.0, 0.0, 0.0, 0.0]"
NODE_0000109,"[2.100490279743973e-22, 3.743327943322802e-23, 6.1065819447579795e-24, 3.866994850481126e-23, 3.118544335371775e-23, 3.782986429895806e-23, 3.8162970144570926e-23, 3.851387816413192e-23, 3.8420215559459075e-23, 3.7585828235151836e-23, 2.271716428280977e-21, 3.843955633827175e-23, 4.383562403777969e-23, 3.505837185589295e-23, 0.9999999999999996, 1.9843193081286243e-23, 3.1803433740400996e-23, 3.843955633828321e-23, 3.843955633827489e-23, 3.155709167405405e-23, 1.5331809780023625e-22, 7.421718786091774e-22, 1.9313570631616285e-23, 3.8450358676186517e-23, 1.1609591333598095e-22, 3.5940904386387065e-23, 3.524958084221356e-16, 3.7420577296262325e-23, 1.9999729055591397e-19, 2.807313833676754e-23, 3.8462925222588486e-23]"
hMpxV/Japan/TMIPH-0206/2023|EPI_ISL_18055900|2023-06-26,"[0.0, 0.0, 0.0, 0.0, 0.0, 0.0, 0.0, 0.0, 0.0, 0.0, 0.0, 0.0, 0.0, 0.0, 1.0, 0.0, 0.0, 0.0, 0.0, 0.0, 0.0, 0.0, 0.0, 0.0, 0.0, 0.0, 0.0, 0.0, 0.0, 0.0, 0.0]"
hMpxV/Japan/Osaka-OMU001-A3/2023|EPI_ISL_19022858|2023-05-08,"[0.0, 0.0, 0.0, 0.0, 0.0, 0.0, 0.0, 0.0, 0.0, 0.0, 0.0, 0.0, 0.0, 0.0, 1.0, 0.0, 0.0, 0.0, 0.0, 0.0, 0.0, 0.0, 0.0, 0.0, 0.0, 0.0, 0.0, 0.0, 0.0, 0.0, 0.0]"
hMpxV/Japan/Osaka-OMU001-C5/2023|EPI_ISL_19022860|2023-05-08,"[0.0, 0.0, 0.0, 0.0, 0.0, 0.0, 0.0, 0.0, 0.0, 0.0, 0.0, 0.0, 0.0, 0.0, 1.0, 0.0, 0.0, 0.0, 0.0, 0.0, 0.0, 0.0, 0.0, 0.0, 0.0, 0.0, 0.0, 0.0, 0.0, 0.0, 0.0]"
hMpxV/Japan/TMIPH-0138/2023|EPI_ISL_17817240|2023-05-19,"[0.0, 0.0, 0.0, 0.0, 0.0, 0.0, 0.0, 0.0, 0.0, 0.0, 0.0, 0.0, 0.0, 0.0, 1.0, 0.0, 0.0, 0.0, 0.0, 0.0, 0.0, 0.0, 0.0, 0.0, 0.0, 0.0, 0.0, 0.0, 0.0, 0.0, 0.0]"
hMpxV/Japan/Osaka-OMU001-A4/2023|EPI_ISL_19022859|2023-05-08,"[0.0, 0.0, 0.0, 0.0, 0.0, 0.0, 0.0, 0.0, 0.0, 0.0, 0.0, 0.0, 0.0, 0.0, 1.0, 0.0, 0.0, 0.0, 0.0, 0.0, 0.0, 0.0, 0.0, 0.0, 0.0, 0.0, 0.0, 0.0, 0.0, 0.0, 0.0]"
hMpxV/Japan/TMIPH-0087/2023|EPI_ISL_18097375|2023-05-02,"[0.0, 0.0, 0.0, 0.0, 0.0, 0.0, 0.0, 0.0, 0.0, 0.0, 0.0, 0.0, 0.0, 0.0, 1.0, 0.0, 0.0, 0.0, 0.0, 0.0, 0.0, 0.0, 0.0, 0.0, 0.0, 0.0, 0.0, 0.0, 0.0, 0.0, 0.0]"
hMpxV/Japan/Osaka-OMU001-D3/2023|EPI_ISL_19022862|2023-05-08,"[0.0, 0.0, 0.0, 0.0, 0.0, 0.0, 0.0, 0.0, 0.0, 0.0, 0.0, 0.0, 0.0, 0.0, 1.0, 0.0, 0.0, 0.0, 0.0, 0.0, 0.0, 0.0, 0.0, 0.0, 0.0, 0.0, 0.0, 0.0, 0.0, 0.0, 0.0]"
NODE_0000006,"[1.384379283709862e-05, 8.677637714329359e-06, 4.432705292701208e-06, 8.996327813126489e-06, 7.687013087443399e-06, 8.772812256348312e-06, 8.661654320724627e-06, 1.3540253775808176e-05, 1.624840932032633e-05, 8.83087610794181e-06, 0.0007505955837149271, 8.7534920117434e-06, 1.1347127737528727e-05, 8.825523766563665e-06, 0.9976855715726329, 5.981131261094738e-06, 8.801190456068208e-06, 8.75349201174367e-06, 8.75349201174372e-06, 8.26949490643404e-06, 4.6014377351009476e-06, 1.8191040643695873e-05, 2.6937041817420342e-05, 1.1175169966244928e-05, 0.0007642039258357876, 8.266051226173994e-06, 0.0004675586901384663, 8.333349679272911e-06, 6.23201637406113e-05, 7.178975596863892e-06, 1.5890570584010916e-05]"
hMpxV/Japan/TMIPH-0076/2023|EPI_ISL_17692269|2023-04-28,"[0.0, 0.0, 0.0, 0.0, 0.0, 0.0, 0.0, 0.0, 0.0, 0.0, 0.0, 0.0, 0.0, 0.0, 1.0, 0.0, 0.0, 0.0, 0.0, 0.0, 0.0, 0.0, 0.0, 0.0, 0.0, 0.0, 0.0, 0.0, 0.0, 0.0, 0.0]"
NODE_0000007,"[0.0008275310883248857, 0.0006457092906897314, 0.00030510642160086433, 0.000668588469222708, 0.0005665495584539772, 0.000653642234851048, 0.0006446269312082423, 0.0012652493816402864, 0.001607840586752811, 0.0006553938433749414, 0.31057491456422337, 0.0006520689530796773, 0.0009396218722294804, 0.0006492234628511199, 0.20385543559097133, 0.0004322585493483095, 0.0006439086890475853, 0.0006520689530796097, 0.0006520689530797161, 0.0006108617129258326, 0.00023719963241956163, 0.0009710399329357381, 0.0030911324839563398, 0.0009609527032161129, 0.45575971526614983, 0.0006131909475178683, 0.006486426972852626, 0.000618061150002616, 0.0017866469447963289, 0.0004061362647002937, 0.0015668285944970648]"
NODE_0000104,"[4.555639269192504e-05, 3.658460744145858e-05, 1.72337415966812e-05, 3.810161703970995e-05, 3.202175327739465e-05, 3.7029568051947725e-05, 3.651398321323872e-05, 6.442300036177352e-05, 7.99419415224597e-05, 3.722559664986099e-05, 0.9166555435637396, 3.693763986177506e-05, 5.002222264649543e-05, 3.705933524963946e-05, 0.07429920401174302, 2.4310623281769403e-05, 3.686966931510877e-05, 3.693763986166192e-05, 3.693763986183911e-05, 3.460157559901025e-05, 1.3705515431277776e-05, 6.0056203875068834e-05, 0.0001405482704920305, 5.081397233816885e-05, 0.006967273583375488, 3.468071166711906e-05, 0.0007842641035775607, 3.501103235504383e-05, 0.00014101865122664186, 2.165259311177111e-05, 7.791923954335063e-05]"
hMpxV/China/HZCDC-0001/2023|EPI_ISL_17809521|2023-06-15,"[0.0, 0.0, 0.0, 0.0, 0.0, 0.0, 0.0, 0.0, 0.0, 0.0, 1.0, 0.0, 0.0, 0.0, 0.0, 0.0, 0.0, 0.0, 0.0, 0.0, 0.0, 0.0, 0.0, 0.0, 0.0, 0.0, 0.0, 0.0, 0.0, 0.0, 0.0]"
NODE_0000105,"[2.523996773954218e-05, 2.0432128730961614e-05, 1.0639031969734986e-05, 2.1295770741823173e-05, 1.8011613251067987e-05, 2.067185671164297e-05, 2.0346884031988422e-05, 2.052811283729193e-05, 2.1084712133949968e-05, 2.0702272657520743e-05, 0.0016466477331655207, 2.059054271693246e-05, 2.102162445061694e-05, 2.053278923041241e-05, 0.9969666333230345, 1.4020626413160219e-05, 2.0478411360860112e-05, 2.0590542716932455e-05, 2.05905427169325e-05, 1.953013398801574e-05, 9.554020186316726e-06, 4.118287790502122e-05, 1.4697911207802248e-05, 2.0554154618667262e-05, 3.273929049947477e-05, 1.9355808659306072e-05, 0.0007108902819320946, 1.9471988743752214e-05, 0.00012751896184170746, 1.3947234345720267e-05, 2.049884946091892e-05]"
hMpxV/Japan/TMIPH-0353/2024|EPI_ISL_19001887|2024-01-25,"[0.0, 0.0, 0.0, 0.0, 0.0, 0.0, 0.0, 0.0, 0.0, 0.0, 0.0, 0.0, 0.0, 0.0, 1.0, 0.0, 0.0, 0.0, 0.0, 0.0, 0.0, 0.0, 0.0, 0.0, 0.0, 0.0, 0.0, 0.0, 0.0, 0.0, 0.0]"
NODE_0000106,"[7.48068715258567e-09, 4.85923454732692e-09, 2.038700271293941e-09, 5.059161008879218e-09, 4.229107789911842e-09, 4.916436012740123e-09, 4.858796362396346e-09, 4.90777676936147e-09, 5.019637015494579e-09, 4.917424315993962e-09, 6.312356754268437e-07, 4.914437762071251e-09, 5.0939794368541165e-09, 4.823677166542411e-09, 0.9999978749199233, 3.1629900988592014e-09, 4.7300846992043926e-09, 4.91443776207222e-09, 4.9144377620716075e-09, 4.539691843545878e-09, 3.154748144186754e-09, 1.4107468753962422e-08, 3.296022726129914e-09, 4.9095347929947434e-09, 8.995823729454485e-09, 4.6092835214901195e-09, 1.2671759302969251e-06, 4.66518101509764e-09, 8.945260587825588e-08, 3.194280885229148e-09, 4.902823691291285e-09]"
hMpxV/Japan/TMIPH-0255/2024|EPI_ISL_18352303|2023-09-11,"[0.0, 0.0, 0.0, 0.0, 0.0, 0.0, 0.0, 0.0, 0.0, 0.0, 0.0, 0.0, 0.0, 0.0, 0.9999999999999999, 0.0, 0.0, 0.0, 0.0, 0.0, 0.0, 0.0, 0.0, 0.0, 0.0, 0.0, 0.0, 0.0, 0.0, 0.0, 0.0]"
hMpxV/Japan/TMIPH-0264/2023|EPI_ISL_18352306|2023-09-19,"[0.0, 0.0, 0.0, 0.0, 0.0, 0.0, 0.0, 0.0, 0.0, 0.0, 0.0, 0.0, 0.0, 0.0, 1.0, 0.0, 0.0, 0.0, 0.0, 0.0, 0.0, 0.0, 0.0, 0.0, 0.0, 0.0, 0.0, 0.0, 0.0, 0.0, 0.0]"
NODE_0000008,"[2.947836659837184e-38, 1.3896274905872077e-38, 1.8163174970007645e-38, 1.417462746890807e-38, 8.944950165996236e-39, 1.4144385480889792e-38, 1.5124338258172815e-38, 1.1893041285223543e-29, 1.5986729129312635e-27, 8.536257815078666e-38, 7.857760208448384e-35, 1.51952211097986e-38, 1.154585735813661e-36, 8.838026903191489e-37, 5.155079868019342e-36, 2.4696201458725122e-39, 1.6281237620953518e-36, 1.5195221109803368e-38, 1.519522110979856e-38, 3.187162128477732e-38, 7.58774185030379e-39, 1.182372090971715e-38, 9.561874672110388e-18, 4.5745525700636573e-36, 1.0, 1.305313522666727e-38, 1.810386697330103e-36, 1.552586821444563e-38, 1.8580598181718025e-38, 1.1541658996445338e-39, 3.334703026653076e-29]"
hMpxV/China/SZ-CDC/Strain008,"[0.0, 0.0, 0.0, 0.0, 0.0, 0.0, 0.0, 0.0, 0.0, 0.0, 0.0, 0.0, 0.0, 0.0, 0.0, 0.0, 0.0, 0.0, 0.0, 0.0, 0.0, 0.0, 0.0, 0.0, 1.0, 0.0, 0.0, 0.0, 0.0, 0.0, 0.0]"
hMpxV/China/SZ-CDC/Strain009,"[0.0, 0.0, 0.0, 0.0, 0.0, 0.0, 0.0, 0.0, 0.0, 0.0, 0.0, 0.0, 0.0, 0.0, 0.0, 0.0, 0.0, 0.0, 0.0, 0.0, 0.0, 0.0, 0.0, 0.0, 1.0, 0.0, 0.0, 0.0, 0.0, 0.0, 0.0]"
hMpxV/China/SZ-CDC/Strain024,"[0.0, 0.0, 0.0, 0.0, 0.0, 0.0, 0.0, 0.0, 0.0, 0.0, 0.0, 0.0, 0.0, 0.0, 0.0, 0.0, 0.0, 0.0, 0.0, 0.0, 0.0, 0.0, 0.0, 0.0, 0.9999999999999999, 0.0, 0.0, 0.0, 0.0, 0.0, 0.0]"
hMpxV/China/SZ-CDC/Strain045,"[0.0, 0.0, 0.0, 0.0, 0.0, 0.0, 0.0, 0.0, 0.0, 0.0, 0.0, 0.0, 0.0, 0.0, 0.0, 0.0, 0.0, 0.0, 0.0, 0.0, 0.0, 0.0, 0.0, 0.0, 1.0, 0.0, 0.0, 0.0, 0.0, 0.0, 0.0]"
hMpxV/China/SZ-CDC/Strain066,"[0.0, 0.0, 0.0, 0.0, 0.0, 0.0, 0.0, 0.0, 0.0, 0.0, 0.0, 0.0, 0.0, 0.0, 0.0, 0.0, 0.0, 0.0, 0.0, 0.0, 0.0, 0.0, 0.0, 0.0, 1.0, 0.0, 0.0, 0.0, 0.0, 0.0, 0.0]"
hMpxV/China/SZ-CDC/Strain079,"[0.0, 0.0, 0.0, 0.0, 0.0, 0.0, 0.0, 0.0, 0.0, 0.0, 0.0, 0.0, 0.0, 0.0, 0.0, 0.0, 0.0, 0.0, 0.0, 0.0, 0.0, 0.0, 0.0, 0.0, 1.0, 0.0, 0.0, 0.0, 0.0, 0.0, 0.0]"
hMpxV/China/YN-CDC-0002/2023|EPI_ISL_18059183|2023-06-28,"[0.0, 0.0, 0.0, 0.0, 0.0, 0.0, 0.0, 0.0, 0.0, 0.0, 0.0, 0.0, 0.0, 0.0, 0.0, 0.0, 0.0, 0.0, 0.0, 0.0, 0.0, 0.0, 0.0, 0.0, 0.0, 0.0, 0.0, 0.0, 0.0, 0.0, 1.0]"
hMpxV/China/YN-CDC-0003/2023|EPI_ISL_18059184|2023-07-03,"[0.0, 0.0, 0.0, 0.0, 0.0, 0.0, 0.0, 0.0, 0.0, 0.0, 0.0, 0.0, 0.0, 0.0, 0.0, 0.0, 0.0, 0.0, 0.0, 0.0, 0.0, 0.0, 0.0, 0.0, 0.0, 0.0, 0.0, 0.0, 0.0, 0.0, 1.0]"
hMpxV/Portugal/INSA-PT0791/2023|EPI_ISL_18702242|2023-11-08,"[0.0, 0.0, 0.0, 0.0, 0.0, 0.0, 0.0, 0.0, 0.0, 0.0, 0.0, 0.0, 0.0, 0.0, 0.0, 0.0, 0.0, 0.0, 0.0, 0.0, 0.0, 0.0, 1.0, 0.0, 0.0, 0.0, 0.0, 0.0, 0.0, 0.0, 0.0]"
hMpxV/Portugal/INSA-PT0778/2023|EPI_ISL_18702243|2023-10-27,"[0.0, 0.0, 0.0, 0.0, 0.0, 0.0, 0.0, 0.0, 0.0, 0.0, 0.0, 0.0, 0.0, 0.0, 0.0, 0.0, 0.0, 0.0, 0.0, 0.0, 0.0, 0.0, 1.0, 0.0, 0.0, 0.0, 0.0, 0.0, 0.0, 0.0, 0.0]"
hMpxV/Portugal/INSA-PT0645/2023|EPI_ISL_18076380|2023-07-07,"[0.0, 0.0, 0.0, 0.0, 0.0, 0.0, 0.0, 0.0, 0.0, 0.0, 0.0, 0.0, 0.0, 0.0, 0.0, 0.0, 0.0, 0.0, 0.0, 0.0, 0.0, 0.0, 1.0, 0.0, 0.0, 0.0, 0.0, 0.0, 0.0, 0.0, 0.0]"
hMpxV/China/FS-GCDC_M108/2023|EPI_ISL_19058866|2023-06-22,"[0.0, 0.0, 0.0, 0.0, 0.0, 0.0, 0.0, 1.0, 0.0, 0.0, 0.0, 0.0, 0.0, 0.0, 0.0, 0.0, 0.0, 0.0, 0.0, 0.0, 0.0, 0.0, 0.0, 0.0, 0.0, 0.0, 0.0, 0.0, 0.0, 0.0, 0.0]"
hMpxV/China/GZ-GCDC_M008/2023|EPI_ISL_19058868|2023-06-08,"[0.0, 0.0, 0.0, 0.0, 0.0, 0.0, 0.0, 0.0, 1.0, 0.0, 0.0, 0.0, 0.0, 0.0, 0.0, 0.0, 0.0, 0.0, 0.0, 0.0, 0.0, 0.0, 0.0, 0.0, 0.0, 0.0, 0.0, 0.0, 0.0, 0.0, 0.0]"
hMpxV/China/FS-GCDC_M028/2023|EPI_ISL_19058872|2023-06-13,"[0.0, 0.0, 0.0, 0.0, 0.0, 0.0, 0.0, 1.0, 0.0, 0.0, 0.0, 0.0, 0.0, 0.0, 0.0, 0.0, 0.0, 0.0, 0.0, 0.0, 0.0, 0.0, 0.0, 0.0, 0.0, 0.0, 0.0, 0.0, 0.0, 0.0, 0.0]"
hMpxV/China/GZ-GCDC_M050/2023|EPI_ISL_19058873|2023-06-16,"[0.0, 0.0, 0.0, 0.0, 0.0, 0.0, 0.0, 0.0, 1.0, 0.0, 0.0, 0.0, 0.0, 0.0, 0.0, 0.0, 0.0, 0.0, 0.0, 0.0, 0.0, 0.0, 0.0, 0.0, 0.0, 0.0, 0.0, 0.0, 0.0, 0.0, 0.0]"
hMpxV/Portugal/INSA-PT0686/2023|EPI_ISL_18553842|2023-07-13,"[0.0, 0.0, 0.0, 0.0, 0.0, 0.0, 0.0, 0.0, 0.0, 0.0, 0.0, 0.0, 0.0, 0.0, 0.0, 0.0, 0.0, 0.0, 0.0, 0.0, 0.0, 0.0, 1.0, 0.0, 0.0, 0.0, 0.0, 0.0, 0.0, 0.0, 0.0]"
hMpxV/Portugal/INSA-PT0671/2023|EPI_ISL_18228634|2023-08-02,"[0.0, 0.0, 0.0, 0.0, 0.0, 0.0, 0.0, 0.0, 0.0, 0.0, 0.0, 0.0, 0.0, 0.0, 0.0, 0.0, 0.0, 0.0, 0.0, 0.0, 0.0, 0.0, 1.0, 0.0, 0.0, 0.0, 0.0, 0.0, 0.0, 0.0, 0.0]"
hMpxV/China/SZ-CDC/Strain185,"[0.0, 0.0, 0.0, 0.0, 0.0, 0.0, 0.0, 0.0, 0.0, 0.0, 0.0, 0.0, 0.0, 0.0, 0.0, 0.0, 0.0, 0.0, 0.0, 0.0, 0.0, 0.0, 0.0, 0.0, 1.0, 0.0, 0.0, 0.0, 0.0, 0.0, 0.0]"
hMpxV/China/SZ-CDC/Strain167,"[0.0, 0.0, 0.0, 0.0, 0.0, 0.0, 0.0, 0.0, 0.0, 0.0, 0.0, 0.0, 0.0, 0.0, 0.0, 0.0, 0.0, 0.0, 0.0, 0.0, 0.0, 0.0, 0.0, 0.0, 1.0, 0.0, 0.0, 0.0, 0.0, 0.0, 0.0]"
NODE_0000091,"[3.96454421843587e-06, 2.3441378867341808e-06, 1.5488886588736095e-06, 2.4038663206776134e-06, 2.1132668469808205e-06, 2.366820502656454e-06, 2.338827803161925e-06, 1.116624578926604e-05, 1.940110487026201e-05, 2.4466514475517386e-06, 4.305386826937212e-06, 2.3611814719215585e-06, 5.4603833318138285e-06, 2.5815761940172856e-06, 3.306530092195526e-06, 1.7096712156407446e-06, 2.6579520655344993e-06, 2.3611814719215966e-06, 2.3611814719215695e-06, 2.307376315691302e-06, 7.674085480212938e-07, 2.4566059407157287e-06, 0.00021036423289939846, 5.776887059521269e-06, 0.9996676633803364, 2.2490797364481693e-06, 5.104240297589583e-06, 2.2586626394698646e-06, 2.3090058845560886e-06, 2.4748541289939595e-06, 1.9068867726589852e-05]"
hMpxV/China/SZ-CDC/Strain063,"[0.0, 0.0, 0.0, 0.0, 0.0, 0.0, 0.0, 0.0, 0.0, 0.0, 0.0, 0.0, 0.0, 0.0, 0.0, 0.0, 0.0, 0.0, 0.0, 0.0, 0.0, 0.0, 0.0, 0.0, 1.0, 0.0, 0.0, 0.0, 0.0, 0.0, 0.0]"
hMpxV/China/SZ-CDC/Strain183,"[0.0, 0.0, 0.0, 0.0, 0.0, 0.0, 0.0, 0.0, 0.0, 0.0, 0.0, 0.0, 0.0, 0.0, 0.0, 0.0, 0.0, 0.0, 0.0, 0.0, 0.0, 0.0, 0.0, 0.0, 1.0, 0.0, 0.0, 0.0, 0.0, 0.0, 0.0]"
NODE_0000009,"[5.937342882097698e-11, 2.8571205527788967e-11, 1.4235179846039699e-11, 2.921194432406324e-11, 2.5673024255246315e-11, 2.884260890865914e-11, 2.861259403974396e-11, 2.2958305153278794e-10, 4.570980974678291e-10, 2.8888568683525167e-11, 6.694866905417268e-11, 2.8853154850936307e-11, 9.129782757754349e-11, 2.851540304723754e-11, 4.839882732607514e-11, 2.0289825345558757e-11, 2.806837025413674e-11, 2.8853154850938346e-11, 2.8853154850935228e-11, 2.70409710461441e-11, 9.077197833729532e-12, 2.9000679000094775e-11, 9.044550573223866e-09, 9.709110100264259e-11, 0.9999999888484838, 2.7522882830541068e-11, 8.261412108082513e-11, 2.7769938544683222e-11, 2.7410332517029323e-11, 3.027275761681205e-11, 4.4899763661457974e-10]"
hMpxV/China/SZ-CDC/Strain004,"[0.0, 0.0, 0.0, 0.0, 0.0, 0.0, 0.0, 0.0, 0.0, 0.0, 0.0, 0.0, 0.0, 0.0, 0.0, 0.0, 0.0, 0.0, 0.0, 0.0, 0.0, 0.0, 0.0, 0.0, 1.0, 0.0, 0.0, 0.0, 0.0, 0.0, 0.0]"
NODE_0000010,"[1.5694762782109376e-09, 7.890390778653198e-10, 4.2101849197847846e-10, 8.072578778919254e-10, 7.092299214150513e-10, 7.965717495291376e-10, 7.895661128591918e-10, 5.689995071196295e-09, 1.1010634166759098e-08, 8.047563127383831e-10, 1.7568773446011977e-09, 7.964164244299976e-10, 2.3597349920730004e-09, 8.08808303792558e-10, 1.2861445689244623e-09, 5.631443266425483e-10, 8.058854267068281e-10, 7.964164244299704e-10, 7.964164244300376e-10, 7.539874417933914e-10, 2.5263862929399754e-10, 8.066507213645167e-10, 1.8794504859733242e-07, 2.5080782043219444e-09, 0.9999997582890011, 7.594231371909186e-10, 2.1493406862522183e-09, 7.654152330420713e-10, 7.615106936768901e-10, 8.348771767047371e-10, 1.0816638962114551e-08]"
hMpxV/China/SZ-CDC/Strain001,"[0.0, 0.0, 0.0, 0.0, 0.0, 0.0, 0.0, 0.0, 0.0, 0.0, 0.0, 0.0, 0.0, 0.0, 0.0, 0.0, 0.0, 0.0, 0.0, 0.0, 0.0, 0.0, 0.0, 0.0, 1.0, 0.0, 0.0, 0.0, 0.0, 0.0, 0.0]"
hMpxV/China/SZ-CDC/Strain043,"[0.0, 0.0, 0.0, 0.0, 0.0, 0.0, 0.0, 0.0, 0.0, 0.0, 0.0, 0.0, 0.0, 0.0, 0.0, 0.0, 0.0, 0.0, 0.0, 0.0, 0.0, 0.0, 0.0, 0.0, 1.0, 0.0, 0.0, 0.0, 0.0, 0.0, 0.0]"
NODE_0000102,"[1.5333373771710422e-09, 2.0881848117573227e-09, 3.1652966449745744e-08, 2.1471218936272803e-09, 1.8464278298947595e-09, 2.111673695083708e-09, 2.0909213700803347e-09, 3.336910078391175e-09, 4.0258194582794306e-09, 6.737063971921601e-09, 2.4613960566394775e-09, 2.110819749039582e-09, 2.545496127095331e-09, 2.9618369403544806e-08, 1.5483957656163873e-09, 1.393288845045435e-09, 5.077394628984405e-08, 2.1108197490396324e-09, 2.110819749039599e-09, 4.837212823933172e-09, 2.301643460847575e-09, 2.1491406108614415e-09, 0.9999889703415118, 2.732514964078152e-09, 1.0848164275520033e-05, 1.989895163339611e-09, 2.2444286005578724e-09, 2.0214016870113294e-09, 1.9956781135334955e-09, 5.028464086120598e-09, 3.950054300794968e-09]"
hMpxV/Portugal/INSA-PT0773/2023|EPI_ISL_18702208|2023-10-17,"[0.0, 0.0, 0.0, 0.0, 0.0, 0.0, 0.0, 0.0, 0.0, 0.0, 0.0, 0.0, 0.0, 0.0, 0.0, 0.0, 0.0, 0.0, 0.0, 0.0, 0.0, 0.0, 1.0, 0.0, 0.0, 0.0, 0.0, 0.0, 0.0, 0.0, 0.0]"
hMpxV/Portugal/INSA-PT0780/2023|EPI_ISL_18702234|2023-10-29,"[0.0, 0.0, 0.0, 0.0, 0.0, 0.0, 0.0, 0.0, 0.0, 0.0, 0.0, 0.0, 0.0, 0.0, 0.0, 0.0, 0.0, 0.0, 0.0, 0.0, 0.0, 0.0, 0.9999999999999999, 0.0, 0.0, 0.0, 0.0, 0.0, 0.0, 0.0, 0.0]"
NODE_0000103,"[1.860616754056358e-14, 3.5112757208073086e-14, 1.6863155316085332e-12, 3.615813951378025e-14, 3.0609994717499326e-14, 3.5551542126188043e-14, 3.52039205975309e-14, 3.604576428795135e-14, 3.705556941587993e-14, 1.7480605274978656e-13, 3.490688215114018e-14, 3.5560489125698834e-14, 3.316405553172523e-14, 1.2904910738442852e-12, 2.0264390141245878e-14, 2.250805585258299e-14, 2.6593177735383666e-12, 3.5560489125698954e-14, 3.556048912570539e-14, 1.1327506610789415e-13, 6.249011172822122e-14, 3.5796455511176954e-14, 0.9999999998405369, 3.579075184023405e-14, 1.5264097197800645e-10, 3.3390553575238715e-14, 2.8814045925378684e-14, 3.391808962469737e-14, 3.310818501238622e-14, 1.1636868603948493e-13, 3.627421577355815e-14]"
hMpxV/Portugal/INSA-PT0757/2023|EPI_ISL_18702211|2023-10-04,"[0.0, 0.0, 0.0, 0.0, 0.0, 0.0, 0.0, 0.0, 0.0, 0.0, 0.0, 0.0, 0.0, 0.0, 0.0, 0.0, 0.0, 0.0, 0.0, 0.0, 0.0, 0.0, 1.0, 0.0, 0.0, 0.0, 0.0, 0.0, 0.0, 0.0, 0.0]"
hMpxV/Portugal/INSA-PT0750/2023|EPI_ISL_18702235|2023-10-02,"[0.0, 0.0, 0.0, 0.0, 0.0, 0.0, 0.0, 0.0, 0.0, 0.0, 0.0, 0.0, 0.0, 0.0, 0.0, 0.0, 0.0, 0.0, 0.0, 0.0, 0.0, 0.0, 1.0, 0.0, 0.0, 0.0, 0.0, 0.0, 0.0, 0.0, 0.0]"
hMpxV/Portugal/INSA-PT0775/2023|EPI_ISL_18702253|2023-10-19,"[0.0, 0.0, 0.0, 0.0, 0.0, 0.0, 0.0, 0.0, 0.0, 0.0, 0.0, 0.0, 0.0, 0.0, 0.0, 0.0, 0.0, 0.0, 0.0, 0.0, 0.0, 0.0, 0.9999999999999999, 0.0, 0.0, 0.0, 0.0, 0.0, 0.0, 0.0, 0.0]"
NODE_0000055,"[1.1801100676697024e-19, 2.4156884452555727e-20, 4.2078948934126854e-21, 2.446817128994853e-20, 1.9839499621074163e-20, 2.4388045615492376e-20, 2.483210970022019e-20, 6.1433394784668254e-18, 3.8163308056750986e-17, 2.599542201474096e-20, 2.351531478294528e-19, 2.4982678106541173e-20, 4.756950503600542e-19, 2.738226171304723e-20, 9.8225571164429e-20, 1.2105737076306661e-20, 2.6152501583643356e-20, 2.498267810646999e-20, 2.4982678106532344e-20, 2.0776083077593952e-20, 5.933099345843295e-21, 2.136315833852477e-20, 1.763923791475018e-13, 6.052512307479671e-19, 0.9999999999993918, 2.3454560111661072e-20, 3.1788728908711427e-19, 2.4568887619952174e-20, 2.0561812884485872e-20, 1.3021525641580117e-20, 4.31599226925759e-13]"
hMpxV/China/SZ-CDC/Strain156,"[0.0, 0.0, 0.0, 0.0, 0.0, 0.0, 0.0, 0.0, 0.0, 0.0, 0.0, 0.0, 0.0, 0.0, 0.0, 0.0, 0.0, 0.0, 0.0, 0.0, 0.0, 0.0, 0.0, 0.0, 0.9999999999999999, 0.0, 0.0, 0.0, 0.0, 0.0, 0.0]"
hMpxV/China/SZ-CDC/Strain182,"[0.0, 0.0, 0.0, 0.0, 0.0, 0.0, 0.0, 0.0, 0.0, 0.0, 0.0, 0.0, 0.0, 0.0, 0.0, 0.0, 0.0, 0.0, 0.0, 0.0, 0.0, 0.0, 0.0, 0.0, 1.0, 0.0, 0.0, 0.0, 0.0, 0.0, 0.0]"
hMpxV/China/SZ-CDC/Strain195,"[0.0, 0.0, 0.0, 0.0, 0.0, 0.0, 0.0, 0.0, 0.0, 0.0, 0.0, 0.0, 0.0, 0.0, 0.0, 0.0, 0.0, 0.0, 0.0, 0.0, 0.0, 0.0, 0.0, 0.0, 1.0, 0.0, 0.0, 0.0, 0.0, 0.0, 0.0]"
hMpxV/China/YN-CDC-0001/2023|EPI_ISL_18059182|2023-06-27,"[0.0, 0.0, 0.0, 0.0, 0.0, 0.0, 0.0, 0.0, 0.0, 0.0, 0.0, 0.0, 0.0, 0.0, 0.0, 0.0, 0.0, 0.0, 0.0, 0.0, 0.0, 0.0, 0.0, 0.0, 0.0, 0.0, 0.0, 0.0, 0.0, 0.0, 1.0]"
hMpxV/China/SZ-CDC/Strain080,"[0.0, 0.0, 0.0, 0.0, 0.0, 0.0, 0.0, 0.0, 0.0, 0.0, 0.0, 0.0, 0.0, 0.0, 0.0, 0.0, 0.0, 0.0, 0.0, 0.0, 0.0, 0.0, 0.0, 0.0, 1.0, 0.0, 0.0, 0.0, 0.0, 0.0, 0.0]"
hMpxV/China/SZ-CDC/Strain164,"[0.0, 0.0, 0.0, 0.0, 0.0, 0.0, 0.0, 0.0, 0.0, 0.0, 0.0, 0.0, 0.0, 0.0, 0.0, 0.0, 0.0, 0.0, 0.0, 0.0, 0.0, 0.0, 0.0, 0.0, 0.9999999999999999, 0.0, 0.0, 0.0, 0.0, 0.0, 0.0]"
hMpxV/China/SZ-CDC/Strain053,"[0.0, 0.0, 0.0, 0.0, 0.0, 0.0, 0.0, 0.0, 0.0, 0.0, 0.0, 0.0, 0.0, 0.0, 0.0, 0.0, 0.0, 0.0, 0.0, 0.0, 0.0, 0.0, 0.0, 0.0, 0.9999999999999999, 0.0, 0.0, 0.0, 0.0, 0.0, 0.0]"
hMpxV/China/SZ-CDC/Strain044,"[0.0, 0.0, 0.0, 0.0, 0.0, 0.0, 0.0, 0.0, 0.0, 0.0, 0.0, 0.0, 0.0, 0.0, 0.0, 0.0, 0.0, 0.0, 0.0, 0.0, 0.0, 0.0, 0.0, 0.0, 1.0, 0.0, 0.0, 0.0, 0.0, 0.0, 0.0]"
NODE_0000061,"[3.695686784861022e-10, 1.5389873852390618e-10, 7.172998116740018e-11, 1.5707249735742156e-10, 1.3700014120028482e-10, 1.553084563535865e-10, 1.546183845638207e-10, 2.0186756431016125e-09, 4.751803826933215e-09, 1.5838971270499262e-10, 4.3887791256025633e-10, 1.5584877308572325e-10, 6.344661670039768e-10, 1.608634668600498e-10, 3.004886962409621e-10, 1.0539817154791868e-10, 1.5966535650615015e-10, 1.5584877308572072e-10, 1.5584877308572493e-10, 1.4521074911996902e-10, 4.8675184012433034e-11, 1.5387146963409954e-10, 2.1151648862860493e-07, 6.916283423367511e-10, 0.9999997711941456, 1.4853398721166842e-10, 5.536661556115117e-10, 1.5051782799263897e-10, 1.46044542323606e-10, 1.5934660173468638e-10, 4.696498678889317e-09]"
hMpxV/China/SZ-CDC/Strain128,"[0.0, 0.0, 0.0, 0.0, 0.0, 0.0, 0.0, 0.0, 0.0, 0.0, 0.0, 0.0, 0.0, 0.0, 0.0, 0.0, 0.0, 0.0, 0.0, 0.0, 0.0, 0.0, 0.0, 0.0, 1.0, 0.0, 0.0, 0.0, 0.0, 0.0, 0.0]"
hMpxV/China/SZ-CDC/Strain140,"[0.0, 0.0, 0.0, 0.0, 0.0, 0.0, 0.0, 0.0, 0.0, 0.0, 0.0, 0.0, 0.0, 0.0, 0.0, 0.0, 0.0, 0.0, 0.0, 0.0, 0.0, 0.0, 0.0, 0.0, 1.0, 0.0, 0.0, 0.0, 0.0, 0.0, 0.0]"
hMpxV/China/SZ-CDC/Strain184,"[0.0, 0.0, 0.0, 0.0, 0.0, 0.0, 0.0, 0.0, 0.0, 0.0, 0.0, 0.0, 0.0, 0.0, 0.0, 0.0, 0.0, 0.0, 0.0, 0.0, 0.0, 0.0, 0.0, 0.0, 0.9999999999999999, 0.0, 0.0, 0.0, 0.0, 0.0, 0.0]"
NODE_0000093,"[8.04462294911621e-07, 4.589704010653412e-07, 2.8579930396952793e-07, 4.704107766092216e-07, 4.1372611229185353e-07, 4.633961591653856e-07, 4.5821746873192986e-07, 2.373939765293528e-06, 4.2011947007134156e-06, 4.7517120737162636e-07, 8.781081525687787e-07, 4.6249203346282894e-07, 1.127040996495505e-06, 4.931328631436198e-07, 6.678207090996954e-07, 3.335059521980258e-07, 5.022378497613808e-07, 4.624920334628239e-07, 4.6249203346282343e-07, 4.479497146733337e-07, 1.4922947738403608e-07, 4.780857332573064e-07, 4.8946632341238794e-05, 1.1920724375813632e-06, 0.9999259963839207, 4.406846295935577e-07, 1.04847219908433e-06, 4.429424475902897e-07, 4.497961567573876e-07, 4.854019512836165e-07, 4.127738176852638e-06]"
NODE_0000094,"[1.1873692550085494e-08, 6.350232313844562e-09, 3.727103535407571e-09, 6.502823688206465e-09, 5.710700689872217e-09, 6.4110405062624355e-09, 6.347774622346559e-09, 3.971420126961965e-08, 7.456492763136661e-08, 6.562197875712624e-09, 1.3176913329511028e-08, 6.405165997573937e-09, 1.7333623590898612e-08, 6.772894626868561e-09, 9.809004119817178e-09, 4.562150787820001e-09, 6.86053210816731e-09, 6.405165997572681e-09, 6.405165997573966e-09, 6.153544422708165e-09, 2.0549017137212345e-09, 6.557576456622032e-09, 1.1684210885855113e-06, 1.843342821014826e-08, 0.9999984385054885, 6.104035519106071e-09, 1.5919435515808758e-08, 6.1445403102936775e-09, 6.18042520933378e-09, 6.700564527623545e-09, 7.33296598484078e-08]"
hMpxV/China/SZ-CDC/Strain078,"[0.0, 0.0, 0.0, 0.0, 0.0, 0.0, 0.0, 0.0, 0.0, 0.0, 0.0, 0.0, 0.0, 0.0, 0.0, 0.0, 0.0, 0.0, 0.0, 0.0, 0.0, 0.0, 0.0, 0.0, 1.0, 0.0, 0.0, 0.0, 0.0, 0.0, 0.0]"
hMpxV/China/SZ-CDC/Strain116,"[0.0, 0.0, 0.0, 0.0, 0.0, 0.0, 0.0, 0.0, 0.0, 0.0, 0.0, 0.0, 0.0, 0.0, 0.0, 0.0, 0.0, 0.0, 0.0, 0.0, 0.0, 0.0, 0.0, 0.0, 1.0, 0.0, 0.0, 0.0, 0.0, 0.0, 0.0]"
NODE_0000095,"[5.883338474860494e-11, 2.4635759345918262e-11, 1.2809771892417384e-11, 2.5154193734560587e-11, 2.1812046433701176e-11, 2.48546393568654e-11, 2.4761665093038065e-11, 3.5268932953990675e-10, 8.860717850335464e-10, 2.6253823773001568e-11, 7.103165293376591e-11, 2.496627604965534e-11, 1.0296151420415466e-10, 2.843786134693742e-11, 4.824039166918487e-11, 1.6635015372044176e-11, 2.9112948803189227e-11, 2.4966276049656668e-11, 2.496627604965605e-11, 2.3758363311345957e-11, 7.88734691226058e-12, 2.481357284078743e-11, 6.197525371618011e-08, 1.1445697960841577e-10, 0.9999999349573029, 2.3751562738322993e-11, 8.88792141188222e-11, 2.4101735287690744e-11, 2.3552905068226334e-11, 2.490705921963757e-11, 8.82140296537699e-10]"
hMpxV/China/SZ-CDC/Strain188,"[0.0, 0.0, 0.0, 0.0, 0.0, 0.0, 0.0, 0.0, 0.0, 0.0, 0.0, 0.0, 0.0, 0.0, 0.0, 0.0, 0.0, 0.0, 0.0, 0.0, 0.0, 0.0, 0.0, 0.0, 1.0, 0.0, 0.0, 0.0, 0.0, 0.0, 0.0]"
hMpxV/China/SZ-CDC/Strain107,"[0.0, 0.0, 0.0, 0.0, 0.0, 0.0, 0.0, 0.0, 0.0, 0.0, 0.0, 0.0, 0.0, 0.0, 0.0, 0.0, 0.0, 0.0, 0.0, 0.0, 0.0, 0.0, 0.0, 0.0, 1.0, 0.0, 0.0, 0.0, 0.0, 0.0, 0.0]"
NODE_0000099,"[7.411833649980527e-06, 1.4540334520201905e-08, 1.34433769860449e-08, 1.4846930544347326e-08, 1.294780854012059e-08, 1.4673438514202778e-08, 1.4604452584142875e-08, 8.901092285177e-08, 1.6424048914792075e-07, 1.497337739726798e-08, 3.017075594655778e-08, 1.4720443694092542e-08, 3.8356161630262503e-08, 1.5219877023657733e-08, 2.9257311943232234e-08, 9.953911606582931e-09, 1.5116731117385743e-08, 1.472044369409261e-08, 1.4720443694094056e-08, 1.3727641869924119e-08, 6.6394838050400134e-09, 1.4577315149359065e-08, 2.2326119621113433e-06, 4.179170096175081e-08, 0.9999894816258383, 1.4019117649617156e-08, 3.364769742075624e-08, 1.4204549523989532e-08, 1.3821044461005972e-08, 2.356575933167381e-08, 1.624170279040291e-07]"
hMpxV/China/SZ-CDC/Strain117,"[0.0, 0.0, 0.0, 0.0, 0.0, 0.0, 0.0, 0.0, 0.0, 0.0, 0.0, 0.0, 0.0, 0.0, 0.0, 0.0, 0.0, 0.0, 0.0, 0.0, 0.0, 0.0, 0.0, 0.0, 0.9999999999999999, 0.0, 0.0, 0.0, 0.0, 0.0, 0.0]"
hMpxV/China/SZ-CDC/Strain190,"[0.0, 0.0, 0.0, 0.0, 0.0, 0.0, 0.0, 0.0, 0.0, 0.0, 0.0, 0.0, 0.0, 0.0, 0.0, 0.0, 0.0, 0.0, 0.0, 0.0, 0.0, 0.0, 0.0, 0.0, 1.0, 0.0, 0.0, 0.0, 0.0, 0.0, 0.0]"
hMpxV/Australia/VIC-VIDRL-6948/2024|EPI_ISL_19459747|2024-05-06,"[1.0, 0.0, 0.0, 0.0, 0.0, 0.0, 0.0, 0.0, 0.0, 0.0, 0.0, 0.0, 0.0, 0.0, 0.0, 0.0, 0.0, 0.0, 0.0, 0.0, 0.0, 0.0, 0.0, 0.0, 0.0, 0.0, 0.0, 0.0, 0.0, 0.0, 0.0]"
NODE_0000097,"[2.049931641002372e-09, 8.566274485910485e-10, 4.949372932124121e-10, 8.74827318929308e-10, 7.534558681392482e-10, 8.640497036813564e-10, 8.616043485973515e-10, 1.4032520258537165e-08, 3.796548500614222e-08, 9.455258021663358e-10, 2.5508014875975016e-09, 8.689708614371812e-10, 3.7328759165445655e-09, 1.0932152192105883e-09, 1.7097036188018343e-09, 5.685990194996347e-10, 1.1573458902055695e-09, 8.689708614371949e-10, 8.6897086143718e-10, 8.433955394603222e-10, 2.778439980149377e-10, 8.677718826610055e-10, 4.018183751864727e-06, 4.233736910952787e-09, 0.9999958579311234, 8.252863152156603e-10, 3.178279123544358e-09, 8.384537557061115e-10, 8.24082450533934e-10, 8.451454456578226e-10, 3.803271086657566e-08]"
hMpxV/China/SZ-CDC/Strain098,"[0.0, 0.0, 0.0, 0.0, 0.0, 0.0, 0.0, 0.0, 0.0, 0.0, 0.0, 0.0, 0.0, 0.0, 0.0, 0.0, 0.0, 0.0, 0.0, 0.0, 0.0, 0.0, 0.0, 0.0, 1.0, 0.0, 0.0, 0.0, 0.0, 0.0, 0.0]"
hMpxV/China/SZ-CDC/Strain110,"[0.0, 0.0, 0.0, 0.0, 0.0, 0.0, 0.0, 0.0, 0.0, 0.0, 0.0, 0.0, 0.0, 0.0, 0.0, 0.0, 0.0, 0.0, 0.0, 0.0, 0.0, 0.0, 0.0, 0.0, 0.9999999999999999, 0.0, 0.0, 0.0, 0.0, 0.0, 0.0]"
hMpxV/China/SZ-CDC/Strain114,"[0.0, 0.0, 0.0, 0.0, 0.0, 0.0, 0.0, 0.0, 0.0, 0.0, 0.0, 0.0, 0.0, 0.0, 0.0, 0.0, 0.0, 0.0, 0.0, 0.0, 0.0, 0.0, 0.0, 0.0, 0.9999999999999999, 0.0, 0.0, 0.0, 0.0, 0.0, 0.0]"
hMpxV/China/SZ-CDC/Strain120,"[0.0, 0.0, 0.0, 0.0, 0.0, 0.0, 0.0, 0.0, 0.0, 0.0, 0.0, 0.0, 0.0, 0.0, 0.0, 0.0, 0.0, 0.0, 0.0, 0.0, 0.0, 0.0, 0.0, 0.0, 1.0, 0.0, 0.0, 0.0, 0.0, 0.0, 0.0]"
hMpxV/China/SZ-CDC/Strain092,"[0.0, 0.0, 0.0, 0.0, 0.0, 0.0, 0.0, 0.0, 0.0, 0.0, 0.0, 0.0, 0.0, 0.0, 0.0, 0.0, 0.0, 0.0, 0.0, 0.0, 0.0, 0.0, 0.0, 0.0, 1.0, 0.0, 0.0, 0.0, 0.0, 0.0, 0.0]"
NODE_0000063,"[1.1572422466211913e-21, 2.0415612056298245e-22, 6.966385287147805e-22, 2.016013036900724e-22, 1.9328220484486776e-22, 2.0467472950838049e-22, 2.092390132723187e-22, 3.371762336065454e-20, 1.822341377113445e-19, 4.1071141333565045e-22, 1.6617991060568857e-21, 2.0730719670636073e-22, 3.1430984077669577e-21, 1.0416386340156245e-21, 7.859517497157028e-22, 1.6671513791127156e-22, 1.709348126415684e-21, 2.0730719670631884e-22, 2.0730719670636226e-22, 2.8704621983342504e-22, 3.9683974806637183e-22, 1.736243052757886e-22, 4.302340669766912e-12, 3.9466979974713376e-21, 0.9999999999956977, 2.2700592241186016e-22, 2.0819238350607342e-21, 2.385176082605686e-22, 1.6963654389008885e-22, 3.362427179054545e-21, 1.8690606472323514e-19]"
hMpxV/China/SZ-CDC/Strain018,"[0.0, 0.0, 0.0, 0.0, 0.0, 0.0, 0.0, 0.0, 0.0, 0.0, 0.0, 0.0, 0.0, 0.0, 0.0, 0.0, 0.0, 0.0, 0.0, 0.0, 0.0, 0.0, 0.0, 0.0, 1.0, 0.0, 0.0, 0.0, 0.0, 0.0, 0.0]"
hMpxV/China/SZ-CDC/Strain027,"[0.0, 0.0, 0.0, 0.0, 0.0, 0.0, 0.0, 0.0, 0.0, 0.0, 0.0, 0.0, 0.0, 0.0, 0.0, 0.0, 0.0, 0.0, 0.0, 0.0, 0.0, 0.0, 0.0, 0.0, 1.0, 0.0, 0.0, 0.0, 0.0, 0.0, 0.0]"
hMpxV/China/SZ-CDC/Strain035,"[0.0, 0.0, 0.0, 0.0, 0.0, 0.0, 0.0, 0.0, 0.0, 0.0, 0.0, 0.0, 0.0, 0.0, 0.0, 0.0, 0.0, 0.0, 0.0, 0.0, 0.0, 0.0, 0.0, 0.0, 1.0, 0.0, 0.0, 0.0, 0.0, 0.0, 0.0]"
hMpxV/China/SZ-CDC/Strain148,"[0.0, 0.0, 0.0, 0.0, 0.0, 0.0, 0.0, 0.0, 0.0, 0.0, 0.0, 0.0, 0.0, 0.0, 0.0, 0.0, 0.0, 0.0, 0.0, 0.0, 0.0, 0.0, 0.0, 0.0, 1.0, 0.0, 0.0, 0.0, 0.0, 0.0, 0.0]"
hMpxV/China/SZ-CDC/Strain169,"[0.0, 0.0, 0.0, 0.0, 0.0, 0.0, 0.0, 0.0, 0.0, 0.0, 0.0, 0.0, 0.0, 0.0, 0.0, 0.0, 0.0, 0.0, 0.0, 0.0, 0.0, 0.0, 0.0, 0.0, 1.0, 0.0, 0.0, 0.0, 0.0, 0.0, 0.0]"
hMpxV/China/SZ-CDC/Strain179,"[0.0, 0.0, 0.0, 0.0, 0.0, 0.0, 0.0, 0.0, 0.0, 0.0, 0.0, 0.0, 0.0, 0.0, 0.0, 0.0, 0.0, 0.0, 0.0, 0.0, 0.0, 0.0, 0.0, 0.0, 1.0, 0.0, 0.0, 0.0, 0.0, 0.0, 0.0]"
hMpxV/China/SZ-CDC/Strain127,"[0.0, 0.0, 0.0, 0.0, 0.0, 0.0, 0.0, 0.0, 0.0, 0.0, 0.0, 0.0, 0.0, 0.0, 0.0, 0.0, 0.0, 0.0, 0.0, 0.0, 0.0, 0.0, 0.0, 0.0, 1.0, 0.0, 0.0, 0.0, 0.0, 0.0, 0.0]"
NODE_0000089,"[4.234255991467826e-10, 5.565186865793931e-10, 7.916057830364005e-09, 5.719423002854786e-10, 4.929221151924824e-10, 5.626918751415201e-10, 5.574471250948784e-10, 9.557726987484298e-10, 1.1767106392087748e-09, 1.7599178885253747e-09, 6.773795091374026e-10, 5.625940563681544e-10, 7.089847720724567e-10, 7.574637412526713e-09, 4.2488089722756646e-10, 3.714608725811713e-10, 1.2861337114277854e-08, 5.62594056368157e-10, 5.625940563682425e-10, 1.267288316131408e-09, 6.000451041835015e-10, 5.709489187209443e-10, 0.9999952297102703, 7.604651457092121e-10, 4.723105060529409e-06, 5.305843007077118e-10, 6.226875605967e-10, 5.396481764687838e-10, 5.305022220736301e-10, 1.3282504816047613e-09, 1.1543791607327355e-09]"
hMpxV/Portugal/INSA-PT0756/2023|EPI_ISL_18702225|2023-10-06,"[0.0, 0.0, 0.0, 0.0, 0.0, 0.0, 0.0, 0.0, 0.0, 0.0, 0.0, 0.0, 0.0, 0.0, 0.0, 0.0, 0.0, 0.0, 0.0, 0.0, 0.0, 0.0, 1.0, 0.0, 0.0, 0.0, 0.0, 0.0, 0.0, 0.0, 0.0]"
hMpxV/Portugal/INSA-PT0785/2023|EPI_ISL_18702257|2023-10-31,"[0.0, 0.0, 0.0, 0.0, 0.0, 0.0, 0.0, 0.0, 0.0, 0.0, 0.0, 0.0, 0.0, 0.0, 0.0, 0.0, 0.0, 0.0, 0.0, 0.0, 0.0, 0.0, 1.0, 0.0, 0.0, 0.0, 0.0, 0.0, 0.0, 0.0, 0.0]"
hMpxV/Portugal/INSA-PT0733/2023|EPI_ISL_18553811|2023-09-19,"[0.0, 0.0, 0.0, 0.0, 0.0, 0.0, 0.0, 0.0, 0.0, 0.0, 0.0, 0.0, 0.0, 0.0, 0.0, 0.0, 0.0, 0.0, 0.0, 0.0, 0.0, 0.0, 0.9999999999999999, 0.0, 0.0, 0.0, 0.0, 0.0, 0.0, 0.0, 0.0]"
NODE_0000064,"[0.0051507907204740196, 0.0020909311658626646, 0.005355146218953965, 0.0021068288179987463, 0.0022075655832324245, 0.002099318788594002, 0.0020777044597648977, 0.004401698721254852, 0.00591486392768351, 0.0021648588088046604, 0.0027164012944138716, 0.002076960020868162, 0.0030156253467623737, 0.002342599779672095, 0.0029549366651616953, 0.0035910351532518294, 0.00433382544501705, 0.002076960020868165, 0.0020769600208681554, 0.002069617571377518, 0.006017495437009504, 0.0021616065782256114, 0.03631947730077193, 0.0031658848758751726, 0.6517164959101649, 0.0027831050143157852, 0.0028756549410265315, 0.0027402333756743617, 0.002051221826654315, 0.22349477946103188, 0.0058494167483653685]"
NODE_0000069,"[6.581850886046768e-07, 1.1917956066905071e-07, 1.2039728495126401e-06, 1.1967670911837312e-07, 1.431013846303883e-07, 1.196180250758618e-07, 1.1982491013027048e-07, 2.0883072140966025e-07, 2.56118294652138e-07, 1.220500183057673e-07, 1.478228941841507e-07, 1.1972857532633704e-07, 1.537502593932971e-07, 1.2598488637343765e-07, 2.388135637259786e-07, 5.685534389406545e-07, 5.107112974039568e-07, 1.1972857532635088e-07, 1.1972857532626586e-07, 1.148342525100666e-07, 5.001348146378805e-06, 1.1776380675667962e-07, 2.3617921637445145e-06, 1.6390288394627456e-07, 1.0984748629394607e-05, 2.571429954446515e-07, 1.3893088506010739e-07, 2.4878597740211164e-07, 1.1409982295175659e-07, 0.9999750648297059, 2.564411023983276e-07]"
hMpxV/USA/WA-UW-11099/2024|EPI_ISL_19109197|2024-02-01,"[0.0, 0.0, 0.0, 0.0, 0.0, 0.0, 0.0, 0.0, 0.0, 0.0, 0.0, 0.0, 0.0, 0.0, 0.0, 0.0, 0.0, 0.0, 0.0, 0.0, 0.0, 0.0, 0.0, 0.0, 0.0, 0.0, 0.0, 0.0, 0.0, 1.0, 0.0]"
hMpxV/USA/CA-UW-301960/2024|EPI_ISL_19053766|2024-02-14,"[0.0, 0.0, 0.0, 0.0, 0.0, 0.0, 0.0, 0.0, 0.0, 0.0, 0.0, 0.0, 0.0, 0.0, 0.0, 0.0, 0.0, 0.0, 0.0, 0.0, 0.0, 0.0, 0.0, 0.0, 0.0, 0.0, 0.0, 0.0, 0.0, 1.0, 0.0]"
NODE_0000065,"[1.1598559664721073e-05, 5.153128368385295e-06, 6.689537635566898e-06, 5.17411506910708e-06, 5.218843402988863e-06, 5.178140205317255e-06, 5.112207349869077e-06, 1.910464481812235e-05, 3.042157354197264e-05, 5.238051371421533e-06, 8.542905498829278e-06, 5.098865899581678e-06, 1.0410195977496643e-05, 5.53225681351019e-06, 7.508895943656653e-06, 6.11292443017539e-06, 7.332913111730314e-06, 5.098865899581515e-06, 5.098865899581512e-06, 4.992215501929356e-06, 6.126011447070107e-06, 5.257318216127299e-06, 0.0002976872877113923, 1.0935437678690541e-05, 0.9993875977177816, 5.723906748939533e-06, 9.826987914835626e-06, 5.696209225837862e-06, 4.975721150002988e-06, 7.160444276861474e-05, 2.995125295324691e-05]"
hMpxV/China/SZ-CDC/Strain103,"[0.0, 0.0, 0.0, 0.0, 0.0, 0.0, 0.0, 0.0, 0.0, 0.0, 0.0, 0.0, 0.0, 0.0, 0.0, 0.0, 0.0, 0.0, 0.0, 0.0, 0.0, 0.0, 0.0, 0.0, 1.0, 0.0, 0.0, 0.0, 0.0, 0.0, 0.0]"
NODE_0000066,"[5.0033766428994555e-09, 1.8761086154240738e-09, 1.850738511878057e-09, 1.8846401065678557e-09, 1.8512483751333544e-09, 1.8859743042084943e-09, 1.8707121719337427e-09, 1.3600149409865261e-08, 2.6838366432245177e-08, 1.912373375259243e-09, 4.129684645662937e-09, 1.867614677212688e-09, 5.485185282448458e-09, 2.0000194860772257e-09, 3.307405737627881e-09, 2.000103757295272e-09, 2.5107596876191908e-09, 1.867614677212546e-09, 1.8676146772125437e-09, 1.7844007558953505e-09, 1.9163909315429285e-09, 1.8710006772320593e-09, 7.710171032205769e-07, 5.895974126804155e-09, 0.9999990753000619, 2.043096851707003e-09, 4.94960396634286e-09, 2.047762220048166e-09, 1.7791989576955171e-09, 2.1235729240803422e-08, 2.654998677241416e-08]"
hMpxV/China/SZ-CDC/Strain118,"[0.0, 0.0, 0.0, 0.0, 0.0, 0.0, 0.0, 0.0, 0.0, 0.0, 0.0, 0.0, 0.0, 0.0, 0.0, 0.0, 0.0, 0.0, 0.0, 0.0, 0.0, 0.0, 0.0, 0.0, 1.0, 0.0, 0.0, 0.0, 0.0, 0.0, 0.0]"
NODE_0000067,"[1.9145033587666337e-10, 7.565399260612967e-11, 4.029996878415442e-11, 7.702369381273167e-11, 6.82104056075432e-11, 7.629843215711492e-11, 7.596935786089072e-11, 1.025355395106998e-09, 2.4967802470061664e-09, 7.845607126135539e-11, 2.1571434403380638e-10, 7.64680413720418e-11, 3.1184837776074964e-10, 8.13302023548371e-11, 1.4964657900628046e-10, 5.523690330644733e-11, 8.452385472009847e-11, 7.646804137203386e-11, 7.646804137202956e-11, 7.171224652173821e-11, 3.146929662909159e-11, 7.553282863337335e-11, 1.8370219493404594e-07, 3.421573793913667e-10, 0.9999998072903294, 7.437627717870115e-11, 2.7087957744143047e-10, 7.531207278250208e-11, 7.175411343368544e-11, 1.8418412940830643e-10, 2.476895285274453e-09]"
hMpxV/China/SZ-CDC/Strain093,"[0.0, 0.0, 0.0, 0.0, 0.0, 0.0, 0.0, 0.0, 0.0, 0.0, 0.0, 0.0, 0.0, 0.0, 0.0, 0.0, 0.0, 0.0, 0.0, 0.0, 0.0, 0.0, 0.0, 0.0, 1.0, 0.0, 0.0, 0.0, 0.0, 0.0, 0.0]"
hMpxV/China/SZ-CDC/Strain100,"[0.0, 0.0, 0.0, 0.0, 0.0, 0.0, 0.0, 0.0, 0.0, 0.0, 0.0, 0.0, 0.0, 0.0, 0.0, 0.0, 0.0, 0.0, 0.0, 0.0, 0.0, 0.0, 0.0, 0.0, 1.0, 0.0, 0.0, 0.0, 0.0, 0.0, 0.0]"
hMpxV/China/SZ-CDC/Strain102,"[0.0, 0.0, 0.0, 0.0, 0.0, 0.0, 0.0, 0.0, 0.0, 0.0, 0.0, 0.0, 0.0, 0.0, 0.0, 0.0, 0.0, 0.0, 0.0, 0.0, 0.0, 0.0, 0.0, 0.0, 1.0, 0.0, 0.0, 0.0, 0.0, 0.0, 0.0]"
NODE_0000071,"[7.48798071477438e-06, 4.888014765759621e-06, 0.00077440040025828, 4.9914038533305195e-06, 7.181351319475747e-06, 4.930230382545324e-06, 5.099193240829178e-06, 9.174440114705557e-06, 1.1512451404254648e-05, 8.15015835875119e-06, 6.203696719014104e-06, 4.911804862363391e-06, 6.696023131431545e-06, 1.6053296194311872e-05, 4.355450216128754e-06, 4.625430383192208e-06, 2.6857597194498362e-05, 4.911804862363402e-06, 4.91180486236343e-06, 6.873157719033173e-06, 7.608517938787742e-06, 5.018059129895448e-06, 0.9893248147647927, 7.0581521197357575e-06, 0.009684411760763276, 4.682805347538045e-06, 6.1250885120723255e-06, 4.723188163987461e-06, 4.707856484657231e-06, 1.534486048439322e-05, 1.1289255705572286e-05]"
NODE_0000088,"[5.931031515773942e-10, 6.988609893875658e-10, 1.420791295178262e-07, 7.182914695523317e-10, 8.833349862742783e-10, 7.071362386010835e-10, 7.280782336837585e-10, 1.2762364245255443e-09, 1.585488424332183e-09, 1.725453458187428e-09, 8.78380923333816e-10, 7.099268154873692e-10, 1.6086651351494886e-09, 1.4962411998931773e-08, 4.45622981774546e-10, 5.104377463658965e-10, 8.300465413891974e-06, 7.099268154873702e-10, 7.09926815487474e-10, 1.254211752774076e-09, 1.2014267666207103e-09, 7.032156168523749e-10, 0.9999864211340924, 9.940436871722224e-10, 5.094814062945328e-06, 6.627372610425826e-10, 7.139820683871177e-10, 1.1993509726424396e-09, 6.378429969057514e-10, 3.131029017952155e-09, 1.558178240505361e-09]"
hMpxV/Netherlands/un-EMC-NL090/2023|EPI_ISL_18659846|2023-11-07,"[0.0, 0.0, 0.0, 0.0, 0.0, 0.0, 0.0, 0.0, 0.0, 0.0, 0.0, 0.0, 0.0, 0.0, 0.0, 0.0, 1.0, 0.0, 0.0, 0.0, 0.0, 0.0, 0.0, 0.0, 0.0, 0.0, 0.0, 0.0, 0.0, 0.0, 0.0]"
hMpxV/Netherlands/un-EMC-NL089/2023|EPI_ISL_18659829|2023-10-15,"[0.0, 0.0, 0.0, 0.0, 0.0, 0.0, 0.0, 0.0, 0.0, 0.0, 0.0, 0.0, 0.0, 0.0, 0.0, 0.0, 1.0, 0.0, 0.0, 0.0, 0.0, 0.0, 0.0, 0.0, 0.0, 0.0, 0.0, 0.0, 0.0, 0.0, 0.0]"
hMpxV/Portugal/INSA-PT0713/2023|EPI_ISL_18553850|2023-08-21,"[0.0, 0.0, 0.0, 0.0, 0.0, 0.0, 0.0, 0.0, 0.0, 0.0, 0.0, 0.0, 0.0, 0.0, 0.0, 0.0, 0.0, 0.0, 0.0, 0.0, 0.0, 0.0, 0.9999999999999999, 0.0, 0.0, 0.0, 0.0, 0.0, 0.0, 0.0, 0.0]"
hMpxV/Portugal/INSA-PT0666/2023|EPI_ISL_18228630|2023-08-01,"[0.0, 0.0, 0.0, 0.0, 0.0, 0.0, 0.0, 0.0, 0.0, 0.0, 0.0, 0.0, 0.0, 0.0, 0.0, 0.0, 0.0, 0.0, 0.0, 0.0, 0.0, 0.0, 1.0, 0.0, 0.0, 0.0, 0.0, 0.0, 0.0, 0.0, 0.0]"
NODE_0000072,"[2.580638383030791e-06, 1.1522111310947167e-06, 0.09105046814607172, 1.1501127990181955e-06, 3.838278322685157e-06, 1.1543058121384514e-06, 1.2854087504902317e-06, 1.2462058789991433e-06, 1.31544598217645e-06, 2.344661451007496e-06, 1.1554172853005515e-06, 1.1396540008596756e-06, 1.115236102160831e-06, 6.065148131968441e-06, 7.509663614304899e-07, 1.7913198919759026e-06, 8.689278029871635e-06, 1.1396540008596741e-06, 1.1396540008596758e-06, 1.8686045264432048e-06, 1.2483429498375374e-05, 1.127203452998487e-06, 0.9087851178175944, 1.1931200971985685e-06, 8.602607868429933e-05, 1.1036929025146394e-06, 9.741050340240201e-07, 1.1210285365759658e-06, 1.0631691723397792e-06, 1.7101925682580154e-05, 1.2980824305682692e-06]"
hMpxV/Brazil/RS-CEVS-378/2023|EPI_ISL_18971017|2023-11-08,"[0.0, 0.0, 1.0, 0.0, 0.0, 0.0, 0.0, 0.0, 0.0, 0.0, 0.0, 0.0, 0.0, 0.0, 0.0, 0.0, 0.0, 0.0, 0.0, 0.0, 0.0, 0.0, 0.0, 0.0, 0.0, 0.0, 0.0, 0.0, 0.0, 0.0, 0.0]"
hMpxV/Brazil/RJ-FIOCRUZ-10491/2024|EPI_ISL_19416152|2024-04-18,"[0.0, 0.0, 1.0, 0.0, 0.0, 0.0, 0.0, 0.0, 0.0, 0.0, 0.0, 0.0, 0.0, 0.0, 0.0, 0.0, 0.0, 0.0, 0.0, 0.0, 0.0, 0.0, 0.0, 0.0, 0.0, 0.0, 0.0, 0.0, 0.0, 0.0, 0.0]"
hMpxV/Portugal/INSA-PT0734/2023|EPI_ISL_18553812|2023-09-19,"[0.0, 0.0, 0.0, 0.0, 0.0, 0.0, 0.0, 0.0, 0.0, 0.0, 0.0, 0.0, 0.0, 0.0, 0.0, 0.0, 0.0, 0.0, 0.0, 0.0, 0.0, 0.0, 1.0, 0.0, 0.0, 0.0, 0.0, 0.0, 0.0, 0.0, 0.0]"
NODE_0000073,"[2.867722911607085e-24, 2.930699391780689e-26, 1.0, 2.819879880297694e-26, 9.488224312456943e-24, 2.9054317465856997e-26, 5.368809045070679e-26, 3.090777366466705e-26, 3.030462896567966e-26, 3.416189382110769e-26, 3.081530989916592e-26, 2.948254089806261e-26, 2.498764356239547e-26, 4.2643572667400634e-26, 1.2389626371225542e-26, 5.604198394012471e-25, 4.2308825029842946e-26, 2.948254089808528e-26, 2.9482540898027e-26, 2.754387776070907e-26, 2.651729535235742e-21, 2.316876772936899e-26, 4.206820446396863e-21, 3.0184151539077393e-26, 3.402509564014182e-26, 2.931138358159768e-26, 1.6629428455063986e-26, 3.104715230353551e-26, 2.3633433429675685e-26, 1.8300588377424923e-22, 3.1508948750902386e-26]"
hMpxV/Brazil/SP-IAL-357640019/2024|EPI_ISL_19359696|2024-04-03,"[0.0, 0.0, 1.0, 0.0, 0.0, 0.0, 0.0, 0.0, 0.0, 0.0, 0.0, 0.0, 0.0, 0.0, 0.0, 0.0, 0.0, 0.0, 0.0, 0.0, 0.0, 0.0, 0.0, 0.0, 0.0, 0.0, 0.0, 0.0, 0.0, 0.0, 0.0]"
hMpxV/Brazil/RJ-FIOCRUZ-09216/2024|EPI_ISL_19416146|2024-03-31,"[0.0, 0.0, 1.0, 0.0, 0.0, 0.0, 0.0, 0.0, 0.0, 0.0, 0.0, 0.0, 0.0, 0.0, 0.0, 0.0, 0.0, 0.0, 0.0, 0.0, 0.0, 0.0, 0.0, 0.0, 0.0, 0.0, 0.0, 0.0, 0.0, 0.0, 0.0]"
hMpxV/Brazil/RJ-FIOCRUZ-09217/2024|EPI_ISL_19416147|2024-03-29,"[0.0, 0.0, 1.0, 0.0, 0.0, 0.0, 0.0, 0.0, 0.0, 0.0, 0.0, 0.0, 0.0, 0.0, 0.0, 0.0, 0.0, 0.0, 0.0, 0.0, 0.0, 0.0, 0.0, 0.0, 0.0, 0.0, 0.0, 0.0, 0.0, 0.0, 0.0]"
hMpxV/Brazil/RJ-FIOCRUZ-10495/2024|EPI_ISL_19416154|2024-05-02,"[0.0, 0.0, 1.0, 0.0, 0.0, 0.0, 0.0, 0.0, 0.0, 0.0, 0.0, 0.0, 0.0, 0.0, 0.0, 0.0, 0.0, 0.0, 0.0, 0.0, 0.0, 0.0, 0.0, 0.0, 0.0, 0.0, 0.0, 0.0, 0.0, 0.0, 0.0]"
hMpxV/Brazil/RJ-FIOCRUZ-10490/2024|EPI_ISL_19416151|2024-04-10,"[0.0, 0.0, 0.9999999999999999, 0.0, 0.0, 0.0, 0.0, 0.0, 0.0, 0.0, 0.0, 0.0, 0.0, 0.0, 0.0, 0.0, 0.0, 0.0, 0.0, 0.0, 0.0, 0.0, 0.0, 0.0, 0.0, 0.0, 0.0, 0.0, 0.0, 0.0, 0.0]"
hMpxV/Brazil/RJ-FIOCRUZ-10505/2024|EPI_ISL_19416158|2024-05-16,"[0.0, 0.0, 1.0, 0.0, 0.0, 0.0, 0.0, 0.0, 0.0, 0.0, 0.0, 0.0, 0.0, 0.0, 0.0, 0.0, 0.0, 0.0, 0.0, 0.0, 0.0, 0.0, 0.0, 0.0, 0.0, 0.0, 0.0, 0.0, 0.0, 0.0, 0.0]"
hMpxV/Brazil/RJ-FIOCRUZ-09215/2024|EPI_ISL_19416145|2024-03-29,"[0.0, 0.0, 1.0, 0.0, 0.0, 0.0, 0.0, 0.0, 0.0, 0.0, 0.0, 0.0, 0.0, 0.0, 0.0, 0.0, 0.0, 0.0, 0.0, 0.0, 0.0, 0.0, 0.0, 0.0, 0.0, 0.0, 0.0, 0.0, 0.0, 0.0, 0.0]"
NODE_0000074,"[1.0314559678798073e-23, 2.893128784880063e-26, 1.0, 2.626809573229049e-26, 4.4541144187504007e-23, 2.8133104021616085e-26, 5.903263924677234e-26, 2.8395859637789415e-26, 2.703810062139008e-26, 2.820793294157831e-26, 2.919894172901215e-26, 2.7905595277047206e-26, 2.2256353522456196e-26, 2.943675418711376e-26, 1.0957793342715236e-26, 1.4423229051990702e-24, 2.8155614708159584e-26, 2.7905595277056395e-26, 2.790559527703516e-26, 2.3190827406093712e-26, 6.004799749031701e-20, 2.0517089209357112e-26, 5.413331923064114e-21, 2.8125983138214616e-26, 1.5916434629764886e-26, 2.884447132003658e-26, 1.38056223341194e-26, 3.0507869630749456e-26, 2.132724865520607e-26, 2.2732058479899535e-21, 2.851258490668314e-26]"
hMpxV/Brazil/RJ-UG_UFRJ_0568/2024|EPI_ISL_19434513|2024-08-15,"[0.0, 0.0, 1.0, 0.0, 0.0, 0.0, 0.0, 0.0, 0.0, 0.0, 0.0, 0.0, 0.0, 0.0, 0.0, 0.0, 0.0, 0.0, 0.0, 0.0, 0.0, 0.0, 0.0, 0.0, 0.0, 0.0, 0.0, 0.0, 0.0, 0.0, 0.0]"
hMpxV/Brazil/SP-IAL-357886830/2024|EPI_ISL_19372757|2024-08-06,"[0.0, 0.0, 1.0, 0.0, 0.0, 0.0, 0.0, 0.0, 0.0, 0.0, 0.0, 0.0, 0.0, 0.0, 0.0, 0.0, 0.0, 0.0, 0.0, 0.0, 0.0, 0.0, 0.0, 0.0, 0.0, 0.0, 0.0, 0.0, 0.0, 0.0, 0.0]"
hMpxV/Brazil/SP-IAL-357903632/2024|EPI_ISL_19372770|2024-08-19,"[0.0, 0.0, 1.0, 0.0, 0.0, 0.0, 0.0, 0.0, 0.0, 0.0, 0.0, 0.0, 0.0, 0.0, 0.0, 0.0, 0.0, 0.0, 0.0, 0.0, 0.0, 0.0, 0.0, 0.0, 0.0, 0.0, 0.0, 0.0, 0.0, 0.0, 0.0]"
hMpxV/Brazil/RJ-FIOCRUZ-10527/2024|EPI_ISL_19416172|2024-08-16,"[0.0, 0.0, 1.0, 0.0, 0.0, 0.0, 0.0, 0.0, 0.0, 0.0, 0.0, 0.0, 0.0, 0.0, 0.0, 0.0, 0.0, 0.0, 0.0, 0.0, 0.0, 0.0, 0.0, 0.0, 0.0, 0.0, 0.0, 0.0, 0.0, 0.0, 0.0]"
hMpxV/Brazil/PR-FIOCRUZ-10548/2024|EPI_ISL_19416185|2024-07-19,"[0.0, 0.0, 0.9999999999999999, 0.0, 0.0, 0.0, 0.0, 0.0, 0.0, 0.0, 0.0, 0.0, 0.0, 0.0, 0.0, 0.0, 0.0, 0.0, 0.0, 0.0, 0.0, 0.0, 0.0, 0.0, 0.0, 0.0, 0.0, 0.0, 0.0, 0.0, 0.0]"
hMpxV/Brazil/PR-FIOCRUZ-10549/2024|EPI_ISL_19416186|2024-07-20,"[0.0, 0.0, 1.0, 0.0, 0.0, 0.0, 0.0, 0.0, 0.0, 0.0, 0.0, 0.0, 0.0, 0.0, 0.0, 0.0, 0.0, 0.0, 0.0, 0.0, 0.0, 0.0, 0.0, 0.0, 0.0, 0.0, 0.0, 0.0, 0.0, 0.0, 0.0]"
hMpxV/Brazil/SP-IAL-357981172/2024|EPI_ISL_19524888|2024-10-04,"[0.0, 0.0, 1.0, 0.0, 0.0, 0.0, 0.0, 0.0, 0.0, 0.0, 0.0, 0.0, 0.0, 0.0, 0.0, 0.0, 0.0, 0.0, 0.0, 0.0, 0.0, 0.0, 0.0, 0.0, 0.0, 0.0, 0.0, 0.0, 0.0, 0.0, 0.0]"
hMpxV/Brazil/SP-IAL-357914556/2024|EPI_ISL_19446289|2024-08-26,"[0.0, 0.0, 1.0, 0.0, 0.0, 0.0, 0.0, 0.0, 0.0, 0.0, 0.0, 0.0, 0.0, 0.0, 0.0, 0.0, 0.0, 0.0, 0.0, 0.0, 0.0, 0.0, 0.0, 0.0, 0.0, 0.0, 0.0, 0.0, 0.0, 0.0, 0.0]"
NODE_0000077,"[1.8619108508767023e-07, 3.9184874622136054e-08, 0.9999962169243699, 3.950342284061425e-08, 2.51210789250051e-07, 3.935435485364524e-08, 4.7393472028390345e-08, 3.8976839139383815e-08, 3.9297519277430416e-08, 3.938846259086308e-08, 3.857593316734598e-08, 3.9188796728489914e-08, 3.708714749921329e-08, 3.944859738072362e-08, 2.738432517873414e-08, 9.121235742044713e-08, 3.929385087778401e-08, 3.918879672849119e-08, 3.918879672848801e-08, 3.729277229265078e-08, 7.846505913545629e-07, 3.898963438391447e-08, 8.255512493573259e-07, 3.907178007282576e-08, 2.7289566373144138e-08, 3.792943132619558e-08, 3.381052177328153e-08, 3.82409528261472e-08, 3.7308060096267205e-08, 7.33015858718397e-07, 3.8855790167778506e-08]"
hMpxV/Brazil/RJ-UG_UFRJ_0572/2024|EPI_ISL_19434500|2024-08-27,"[0.0, 0.0, 1.0, 0.0, 0.0, 0.0, 0.0, 0.0, 0.0, 0.0, 0.0, 0.0, 0.0, 0.0, 0.0, 0.0, 0.0, 0.0, 0.0, 0.0, 0.0, 0.0, 0.0, 0.0, 0.0, 0.0, 0.0, 0.0, 0.0, 0.0, 0.0]"
hMpxV/Brazil/SP-IAL-357899716/2024|EPI_ISL_19372765|2024-08-15,"[0.0, 0.0, 0.9999999999999999, 0.0, 0.0, 0.0, 0.0, 0.0, 0.0, 0.0, 0.0, 0.0, 0.0, 0.0, 0.0, 0.0, 0.0, 0.0, 0.0, 0.0, 0.0, 0.0, 0.0, 0.0, 0.0, 0.0, 0.0, 0.0, 0.0, 0.0, 0.0]"
NODE_0000078,"[4.588267922134282e-08, 1.0151823772702951e-08, 0.9999990913360693, 1.023486634114974e-08, 6.091705520373632e-08, 1.0197706772563262e-08, 1.2179119431606456e-08, 1.0088595280158189e-08, 1.0180681029593403e-08, 1.0207371404810615e-08, 9.977561655383346e-09, 1.014436237831084e-08, 9.623273554684132e-09, 1.0245999313588365e-08, 7.156109747060587e-09, 2.2872196242905965e-08, 1.0238266380282452e-08, 1.0144362378311607e-08, 1.0144362378309836e-08, 9.684586793946819e-09, 1.7665522187723684e-07, 1.0133315428457182e-08, 1.9017896708462845e-07, 1.0113640790659311e-08, 7.162448041084004e-09, 9.82258898594921e-09, 8.81703963556766e-09, 9.89606516339105e-09, 9.684218751221331e-09, 1.758720943502696e-07, 1.0057351385403251e-08]"
hMpxV/Brazil/SP-IAL-357981364/2024|EPI_ISL_19524870|2024-10-07,"[0.0, 0.0, 1.0, 0.0, 0.0, 0.0, 0.0, 0.0, 0.0, 0.0, 0.0, 0.0, 0.0, 0.0, 0.0, 0.0, 0.0, 0.0, 0.0, 0.0, 0.0, 0.0, 0.0, 0.0, 0.0, 0.0, 0.0, 0.0, 0.0, 0.0, 0.0]"
hMpxV/Brazil/SP-IAL-357985080/2024|EPI_ISL_19524871|2024-10-09,"[0.0, 0.0, 1.0, 0.0, 0.0, 0.0, 0.0, 0.0, 0.0, 0.0, 0.0, 0.0, 0.0, 0.0, 0.0, 0.0, 0.0, 0.0, 0.0, 0.0, 0.0, 0.0, 0.0, 0.0, 0.0, 0.0, 0.0, 0.0, 0.0, 0.0, 0.0]"
NODE_0000075,"[1.5015946493021117e-09, 1.8514052547441003e-10, 0.999999954268896, 1.8532930525283778e-10, 2.3434125815826093e-09, 1.8558845012795024e-10, 2.4085791928909857e-10, 1.85061334455191e-10, 1.852049103853496e-10, 1.8550716816936681e-10, 1.8411155678162888e-10, 1.8548071491009146e-10, 1.7173945675642378e-10, 1.8416922579662325e-10, 1.1920367223447278e-10, 6.214718111185158e-10, 1.8031638407498773e-10, 1.8548071491009715e-10, 1.8548071491008484e-10, 1.722121569277215e-10, 1.5555360318390157e-08, 1.7744408756409427e-10, 1.2256645308965964e-08, 1.8520962624043287e-10, 1.1701945309131315e-10, 1.8027544571759577e-10, 1.4906545380776437e-10, 1.8298728896577903e-10, 1.7175254891122632e-10, 9.183302027671429e-09, 1.846791829398128e-10]"
hMpxV/Brazil/RJ-UG_UFRJ_0552/2024|EPI_ISL_19434496|2024-08-15,"[0.0, 0.0, 1.0, 0.0, 0.0, 0.0, 0.0, 0.0, 0.0, 0.0, 0.0, 0.0, 0.0, 0.0, 0.0, 0.0, 0.0, 0.0, 0.0, 0.0, 0.0, 0.0, 0.0, 0.0, 0.0, 0.0, 0.0, 0.0, 0.0, 0.0, 0.0]"
hMpxV/Brazil/RJ-UG_UFRJ_0553/2024|EPI_ISL_19434497|2024-08-19,"[0.0, 0.0, 1.0, 0.0, 0.0, 0.0, 0.0, 0.0, 0.0, 0.0, 0.0, 0.0, 0.0, 0.0, 0.0, 0.0, 0.0, 0.0, 0.0, 0.0, 0.0, 0.0, 0.0, 0.0, 0.0, 0.0, 0.0, 0.0, 0.0, 0.0, 0.0]"
hMpxV/Brazil/RJ-UG_UFRJ_0551/2024|EPI_ISL_19434495|2024-08-09,"[0.0, 0.0, 1.0, 0.0, 0.0, 0.0, 0.0, 0.0, 0.0, 0.0, 0.0, 0.0, 0.0, 0.0, 0.0, 0.0, 0.0, 0.0, 0.0, 0.0, 0.0, 0.0, 0.0, 0.0, 0.0, 0.0, 0.0, 0.0, 0.0, 0.0, 0.0]"
NODE_0000076,"[2.0777321640206883e-13, 2.447556055567756e-14, 0.9999999999934192, 2.4573912467451945e-14, 3.27936882615608e-13, 2.4568194625428947e-14, 3.218430660770123e-14, 2.4578926737498385e-14, 2.458142886425795e-14, 2.452700566075836e-14, 2.4465725870020813e-14, 2.4616944098294736e-14, 2.2747943849311123e-14, 2.412563752034318e-14, 1.5596563056940786e-14, 8.409869453522444e-14, 2.341642234881371e-14, 2.4616944098314123e-14, 2.4616944098286523e-14, 2.270085450579954e-14, 2.318436071594317e-12, 2.3450223602889842e-14, 1.7941331620726408e-12, 2.4589904819784017e-14, 1.4658135414309674e-14, 2.3887196077298908e-14, 1.9650626760403604e-14, 2.4272427614752938e-14, 2.2736689811022626e-14, 1.2842537382769882e-12, 2.453567234261445e-14]"
hMpxV/Brazil/SP-IAL-357798278/2024|EPI_ISL_19359678|2024-06-04,"[0.0, 0.0, 1.0, 0.0, 0.0, 0.0, 0.0, 0.0, 0.0, 0.0, 0.0, 0.0, 0.0, 0.0, 0.0, 0.0, 0.0, 0.0, 0.0, 0.0, 0.0, 0.0, 0.0, 0.0, 0.0, 0.0, 0.0, 0.0, 0.0, 0.0, 0.0]"
hMpxV/Brazil/SP-IAL-357802143/2024|EPI_ISL_19359679|2024-06-06,"[0.0, 0.0, 1.0, 0.0, 0.0, 0.0, 0.0, 0.0, 0.0, 0.0, 0.0, 0.0, 0.0, 0.0, 0.0, 0.0, 0.0, 0.0, 0.0, 0.0, 0.0, 0.0, 0.0, 0.0, 0.0, 0.0, 0.0, 0.0, 0.0, 0.0, 0.0]"
hMpxV/Brazil/SP-IAL-357896065/2024|EPI_ISL_19359682|2024-08-13,"[0.0, 0.0, 1.0, 0.0, 0.0, 0.0, 0.0, 0.0, 0.0, 0.0, 0.0, 0.0, 0.0, 0.0, 0.0, 0.0, 0.0, 0.0, 0.0, 0.0, 0.0, 0.0, 0.0, 0.0, 0.0, 0.0, 0.0, 0.0, 0.0, 0.0, 0.0]"
NODE_0000079,"[5.076682462073854e-19, 5.035449354550829e-21, 0.9999999999999996, 4.7183563355751255e-21, 1.5622729494213821e-18, 4.944022503582718e-21, 8.830089756424398e-21, 4.966075487251282e-21, 4.807752288087474e-21, 4.953927885286019e-21, 5.050589022565931e-21, 4.913406005068855e-21, 4.118849566718893e-21, 5.097019478683144e-21, 2.278953573971449e-21, 1.0221373008233171e-19, 4.923298726923416e-21, 4.91340600507033e-21, 4.913406005068023e-21, 4.243025329171264e-21, 3.5802568267194403e-16, 3.9453469948277026e-21, 6.644359475540217e-17, 4.9363429884538965e-21, 2.9410637573109622e-21, 4.977884496290316e-21, 2.8585628456663137e-21, 5.1923886693482315e-21, 4.0038152305524944e-21, 3.401996800773507e-17, 4.975784237844204e-21]"
hMpxV/Brazil/SP-IAL-357904928/2024|EPI_ISL_19372767|2024-08-19,"[0.0, 0.0, 0.9999999999999999, 0.0, 0.0, 0.0, 0.0, 0.0, 0.0, 0.0, 0.0, 0.0, 0.0, 0.0, 0.0, 0.0, 0.0, 0.0, 0.0, 0.0, 0.0, 0.0, 0.0, 0.0, 0.0, 0.0, 0.0, 0.0, 0.0, 0.0, 0.0]"
hMpxV/Brazil/SP-IAL-357911339/2024|EPI_ISL_19372775|2024-08-23,"[0.0, 0.0, 1.0, 0.0, 0.0, 0.0, 0.0, 0.0, 0.0, 0.0, 0.0, 0.0, 0.0, 0.0, 0.0, 0.0, 0.0, 0.0, 0.0, 0.0, 0.0, 0.0, 0.0, 0.0, 0.0, 0.0, 0.0, 0.0, 0.0, 0.0, 0.0]"
hMpxV/Brazil/SP-IAL-357979688/2024|EPI_ISL_19524878|2024-10-06,"[0.0, 0.0, 1.0, 0.0, 0.0, 0.0, 0.0, 0.0, 0.0, 0.0, 0.0, 0.0, 0.0, 0.0, 0.0, 0.0, 0.0, 0.0, 0.0, 0.0, 0.0, 0.0, 0.0, 0.0, 0.0, 0.0, 0.0, 0.0, 0.0, 0.0, 0.0]"
hMpxV/Brazil/BA-LACEN-293860175/2024|EPI_ISL_19361755|2024-08-07,"[0.0, 0.0, 1.0, 0.0, 0.0, 0.0, 0.0, 0.0, 0.0, 0.0, 0.0, 0.0, 0.0, 0.0, 0.0, 0.0, 0.0, 0.0, 0.0, 0.0, 0.0, 0.0, 0.0, 0.0, 0.0, 0.0, 0.0, 0.0, 0.0, 0.0, 0.0]"
NODE_0000084,"[6.732138389394809e-09, 1.3718220988002955e-09, 0.9999998611322829, 1.3849401805324886e-09, 9.163002170126984e-09, 1.3785857865326497e-09, 1.6705856139866623e-09, 1.367823064736158e-09, 1.3783700958209707e-09, 1.3789465903831575e-09, 1.3543089777495774e-09, 1.3747756315063712e-09, 1.29914905239757e-09, 1.3743166070920886e-09, 9.52214049624638e-10, 3.2511405597641146e-09, 1.3623552526939407e-09, 1.3747756315068332e-09, 1.3747756315055904e-09, 1.303129930383953e-09, 2.995495855209926e-08, 1.3638639941713594e-09, 3.109953456957744e-08, 1.370915391272063e-09, 9.288353421056666e-10, 1.3294194728691887e-09, 1.1804215958706513e-09, 1.3412265869468164e-09, 1.3064375357048675e-09, 2.6781182907196538e-08, 1.363765812389495e-09]"
hMpxV/Brazil/SP-IAL-357899878/2024|EPI_ISL_19372763|2024-08-15,"[0.0, 0.0, 1.0, 0.0, 0.0, 0.0, 0.0, 0.0, 0.0, 0.0, 0.0, 0.0, 0.0, 0.0, 0.0, 0.0, 0.0, 0.0, 0.0, 0.0, 0.0, 0.0, 0.0, 0.0, 0.0, 0.0, 0.0, 0.0, 0.0, 0.0, 0.0]"
hMpxV/Brazil/SP-IAL-357911479/2024|EPI_ISL_19372776|2024-08-24,"[0.0, 0.0, 1.0, 0.0, 0.0, 0.0, 0.0, 0.0, 0.0, 0.0, 0.0, 0.0, 0.0, 0.0, 0.0, 0.0, 0.0, 0.0, 0.0, 0.0, 0.0, 0.0, 0.0, 0.0, 0.0, 0.0, 0.0, 0.0, 0.0, 0.0, 0.0]"
NODE_0000087,"[6.995254745144581e-09, 1.4556238404512243e-09, 0.9999998572520659, 1.4688369414698825e-09, 9.462357144249226e-09, 1.4625613568437772e-09, 1.765614653470718e-09, 1.4499202698509272e-09, 1.461621952894499e-09, 1.4632676293579693e-09, 1.4351791566196807e-09, 1.4574847029185753e-09, 1.3786592297783658e-09, 1.4614586750746016e-09, 1.014478019630938e-09, 3.4065919532966275e-09, 1.452047816616658e-09, 1.4574847029190702e-09, 1.4574847029177329e-09, 1.3842816301013666e-09, 3.001043060565022e-08, 1.4484976582822549e-09, 3.144006510810364e-08, 1.4532945530330232e-09, 9.9751021717841e-10, 1.4099642343048357e-09, 1.2553533677114189e-09, 1.4219577055629565e-09, 1.3866547619512542e-09, 2.7588439950384443e-08, 1.445556682203365e-09]"
hMpxV/Brazil/SP-IAL-357921858/2024|EPI_ISL_19446293|2024-09-01,"[0.0, 0.0, 1.0, 0.0, 0.0, 0.0, 0.0, 0.0, 0.0, 0.0, 0.0, 0.0, 0.0, 0.0, 0.0, 0.0, 0.0, 0.0, 0.0, 0.0, 0.0, 0.0, 0.0, 0.0, 0.0, 0.0, 0.0, 0.0, 0.0, 0.0, 0.0]"
hMpxV/Brazil/SP-IAL-357933783/2024|EPI_ISL_19446300|2024-09-08,"[0.0, 0.0, 1.0, 0.0, 0.0, 0.0, 0.0, 0.0, 0.0, 0.0, 0.0, 0.0, 0.0, 0.0, 0.0, 0.0, 0.0, 0.0, 0.0, 0.0, 0.0, 0.0, 0.0, 0.0, 0.0, 0.0, 0.0, 0.0, 0.0, 0.0, 0.0]"
NODE_0000082,"[8.943876065189558e-12, 1.136165073184291e-12, 0.9999999997351232, 1.1366839215651527e-12, 1.3833542458792189e-11, 1.1387327400247266e-12, 1.4699074699112124e-12, 1.134238893072832e-12, 1.135710798625013e-12, 1.138531006693063e-12, 1.1279366125020722e-12, 1.1369827201326102e-12, 1.054245975711688e-12, 1.1334003500419948e-12, 7.35706137773658e-13, 3.7451586417341184e-12, 1.113019481189008e-12, 1.1369827201333643e-12, 1.1369827201321298e-12, 1.0584861901122494e-12, 8.793900139362462e-11, 1.0904640359233514e-12, 7.018747494794979e-11, 1.135233581019486e-12, 7.28870019411674e-13, 1.1056745018679296e-12, 9.178665308854773e-13, 1.1217301509342028e-12, 1.0545899093471746e-12, 5.401763494565529e-11, 1.1318479604451336e-12]"
hMpxV/Brazil/SP-IAL-357821026/2024|EPI_ISL_19359691|2024-06-18,"[0.0, 0.0, 1.0, 0.0, 0.0, 0.0, 0.0, 0.0, 0.0, 0.0, 0.0, 0.0, 0.0, 0.0, 0.0, 0.0, 0.0, 0.0, 0.0, 0.0, 0.0, 0.0, 0.0, 0.0, 0.0, 0.0, 0.0, 0.0, 0.0, 0.0, 0.0]"
hMpxV/Brazil/SP-IAL-357909129/2024|EPI_ISL_19372769|2024-08-19,"[0.0, 0.0, 0.9999999999999999, 0.0, 0.0, 0.0, 0.0, 0.0, 0.0, 0.0, 0.0, 0.0, 0.0, 0.0, 0.0, 0.0, 0.0, 0.0, 0.0, 0.0, 0.0, 0.0, 0.0, 0.0, 0.0, 0.0, 0.0, 0.0, 0.0, 0.0, 0.0]"
NODE_0000083,"[1.5137970097314e-08, 3.136841528834545e-09, 0.999999690134508, 3.1640384917438413e-09, 2.051388426431757e-08, 3.1510857404659105e-09, 3.805849599678956e-09, 3.123221870901562e-09, 3.148119098104413e-09, 3.1530786643003295e-09, 3.0917284504823823e-09, 3.139770950891765e-09, 2.969275063272889e-09, 3.1515740700772453e-09, 2.185307083375398e-09, 7.367336109290924e-09, 3.1328322053841584e-09, 3.139770950892827e-09, 3.139770950890017e-09, 2.9827819295321893e-09, 6.550868137638748e-08, 3.119591051297127e-09, 6.847455126705238e-08, 3.1306146221842036e-09, 2.159587416737046e-09, 3.0377588512482942e-09, 2.702626777308575e-09, 3.063624382994815e-09, 2.9865012960015388e-09, 5.993403414569401e-08, 3.113683581915485e-09]"
hMpxV/Brazil/SP-IAL-357899889/2024|EPI_ISL_19372764|2024-08-15,"[0.0, 0.0, 1.0, 0.0, 0.0, 0.0, 0.0, 0.0, 0.0, 0.0, 0.0, 0.0, 0.0, 0.0, 0.0, 0.0, 0.0, 0.0, 0.0, 0.0, 0.0, 0.0, 0.0, 0.0, 0.0, 0.0, 0.0, 0.0, 0.0, 0.0, 0.0]"
hMpxV/Brazil/SP-IAL-357929674/2024|EPI_ISL_19446297|2024-09-04,"[0.0, 0.0, 1.0, 0.0, 0.0, 0.0, 0.0, 0.0, 0.0, 0.0, 0.0, 0.0, 0.0, 0.0, 0.0, 0.0, 0.0, 0.0, 0.0, 0.0, 0.0, 0.0, 0.0, 0.0, 0.0, 0.0, 0.0, 0.0, 0.0, 0.0, 0.0]"
NODE_0000085,"[2.7640857124802165e-17, 7.236783932039797e-19, 0.9999999999999941, 7.0869682340511565e-19, 6.5649673157945e-17, 7.212095428800292e-19, 1.160218589148046e-18, 7.326567065894805e-19, 7.177807755115063e-19, 7.183355627868169e-19, 7.397564734445283e-19, 7.275491775631628e-19, 6.325481520586406e-19, 6.975935915856947e-19, 3.680699944098371e-19, 7.042251031180874e-18, 6.518046576092048e-19, 7.275491775632677e-19, 7.275491775629982e-19, 6.302111003194029e-19, 3.8627625649597515e-15, 6.216228179718084e-19, 1.3092385659881443e-15, 7.2974279062388e-19, 3.4992743507113353e-19, 7.166983549753025e-19, 4.764879448964636e-19, 7.416982356432456e-19, 6.21841072527245e-19, 6.183607701652243e-16, 7.333994049039682e-19]"
hMpxV/Brazil/SP-IAL-357980969/2024|EPI_ISL_19524874|2024-09-30,"[0.0, 0.0, 1.0, 0.0, 0.0, 0.0, 0.0, 0.0, 0.0, 0.0, 0.0, 0.0, 0.0, 0.0, 0.0, 0.0, 0.0, 0.0, 0.0, 0.0, 0.0, 0.0, 0.0, 0.0, 0.0, 0.0, 0.0, 0.0, 0.0, 0.0, 0.0]"
hMpxV/Brazil/SP-IAL-357928627/2024|EPI_ISL_19446296|2024-09-04,"[0.0, 0.0, 1.0, 0.0, 0.0, 0.0, 0.0, 0.0, 0.0, 0.0, 0.0, 0.0, 0.0, 0.0, 0.0, 0.0, 0.0, 0.0, 0.0, 0.0, 0.0, 0.0, 0.0, 0.0, 0.0, 0.0, 0.0, 0.0, 0.0, 0.0, 0.0]"
hMpxV/Brazil/SP-IAL-357934564/2024|EPI_ISL_19446301|2024-09-09,"[0.0, 0.0, 1.0, 0.0, 0.0, 0.0, 0.0, 0.0, 0.0, 0.0, 0.0, 0.0, 0.0, 0.0, 0.0, 0.0, 0.0, 0.0, 0.0, 0.0, 0.0, 0.0, 0.0, 0.0, 0.0, 0.0, 0.0, 0.0, 0.0, 0.0, 0.0]"
hMpxV/Brazil/SP-IAL-357941922/2024|EPI_ISL_19446305|2024-09-11,"[0.0, 0.0, 1.0, 0.0, 0.0, 0.0, 0.0, 0.0, 0.0, 0.0, 0.0, 0.0, 0.0, 0.0, 0.0, 0.0, 0.0, 0.0, 0.0, 0.0, 0.0, 0.0, 0.0, 0.0, 0.0, 0.0, 0.0, 0.0, 0.0, 0.0, 0.0]"
hMpxV/Brazil/SP-IAL-357944650/2024|EPI_ISL_19446308|2024-09-15,"[0.0, 0.0, 1.0, 0.0, 0.0, 0.0, 0.0, 0.0, 0.0, 0.0, 0.0, 0.0, 0.0, 0.0, 0.0, 0.0, 0.0, 0.0, 0.0, 0.0, 0.0, 0.0, 0.0, 0.0, 0.0, 0.0, 0.0, 0.0, 0.0, 0.0, 0.0]"
NODE_0000086,"[4.147682896004969e-08, 8.235021393294517e-09, 0.9999991327656025, 8.32061411613162e-09, 5.6874074432849864e-08, 8.278231194375515e-09, 1.0080540127602976e-08, 8.22358468544288e-09, 8.283400671799663e-09, 8.277418793655953e-09, 8.145195460099882e-09, 8.263644115915914e-09, 7.799654347389805e-09, 8.2235084404619e-09, 5.686431311098616e-09, 1.981401141512429e-08, 8.125429983459572e-09, 8.263644115916337e-09, 8.263644115915553e-09, 7.81139801804671e-09, 1.9297595334414484e-07, 8.179561781971677e-09, 1.9816343099934024e-07, 8.241317552348285e-09, 5.476812747997731e-09, 7.986271142761967e-09, 7.067898234003671e-09, 8.0611627727874e-09, 7.841461482283863e-09, 1.66594436965124e-07, 8.199815067465954e-09]"
hMpxV/Brazil/SP-IAL-357996884/2024|EPI_ISL_19524880|2024-10-18,"[0.0, 0.0, 1.0, 0.0, 0.0, 0.0, 0.0, 0.0, 0.0, 0.0, 0.0, 0.0, 0.0, 0.0, 0.0, 0.0, 0.0, 0.0, 0.0, 0.0, 0.0, 0.0, 0.0, 0.0, 0.0, 0.0, 0.0, 0.0, 0.0, 0.0, 0.0]"
hMpxV/Brazil/SP-IAL-357994370/2024|EPI_ISL_19524885|2024-10-16,"[0.0, 0.0, 1.0, 0.0, 0.0, 0.0, 0.0, 0.0, 0.0, 0.0, 0.0, 0.0, 0.0, 0.0, 0.0, 0.0, 0.0, 0.0, 0.0, 0.0, 0.0, 0.0, 0.0, 0.0, 0.0, 0.0, 0.0, 0.0, 0.0, 0.0, 0.0]"
NODE_0000080,"[6.300429714144554e-19, 1.308222427720119e-20, 0.99999999999998, 7.737635689746436e-21, 4.833282506360185e-18, 9.771195315392404e-21, 1.8222513781957308e-20, 8.129819224227708e-21, 7.88323543337664e-21, 7.926154016792121e-21, 8.279809149469212e-21, 8.040540816966213e-21, 6.80218628255163e-21, 1.0195935146777071e-20, 4.943706420138031e-21, 5.456634906367323e-19, 7.585245683743468e-21, 8.04054081696802e-21, 8.040540816965139e-21, 9.022480645558727e-21, 1.980403191426998e-14, 6.52715690899798e-21, 5.578836161076372e-17, 8.080447290707216e-21, 3.719933125425039e-21, 8.105062463516705e-21, 4.914434095225348e-21, 8.451877141895927e-21, 6.657423128643504e-21, 9.926998777927622e-17, 8.148721327031674e-21]"
hMpxV/Brazil/RJ-UG_UFRJ_0554/2024|EPI_ISL_19434498|2024-08-21,"[0.0, 0.0, 1.0, 0.0, 0.0, 0.0, 0.0, 0.0, 0.0, 0.0, 0.0, 0.0, 0.0, 0.0, 0.0, 0.0, 0.0, 0.0, 0.0, 0.0, 0.0, 0.0, 0.0, 0.0, 0.0, 0.0, 0.0, 0.0, 0.0, 0.0, 0.0]"
hMpxV/Brazil/SP-IAL-357897410/2024|EPI_ISL_19372760|2024-08-13,"[0.0, 0.0, 1.0, 0.0, 0.0, 0.0, 0.0, 0.0, 0.0, 0.0, 0.0, 0.0, 0.0, 0.0, 0.0, 0.0, 0.0, 0.0, 0.0, 0.0, 0.0, 0.0, 0.0, 0.0, 0.0, 0.0, 0.0, 0.0, 0.0, 0.0, 0.0]"
hMpxV/Brazil/SP-IAL-357901450/2024|EPI_ISL_19372766|2024-08-18,"[0.0, 0.0, 1.0, 0.0, 0.0, 0.0, 0.0, 0.0, 0.0, 0.0, 0.0, 0.0, 0.0, 0.0, 0.0, 0.0, 0.0, 0.0, 0.0, 0.0, 0.0, 0.0, 0.0, 0.0, 0.0, 0.0, 0.0, 0.0, 0.0, 0.0, 0.0]"
hMpxV/Peru/LIM-INS-579/2024|EPI_ISL_19564180|2024-10-07,"[0.0, 0.0, 0.0, 0.0, 0.0, 0.0, 0.0, 0.0, 0.0, 0.0, 0.0, 0.0, 0.0, 0.0, 0.0, 0.0, 0.0, 0.0, 0.0, 0.0, 1.0, 0.0, 0.0, 0.0, 0.0, 0.0, 0.0, 0.0, 0.0, 0.0, 0.0]"
hMpxV/Brazil/SP-IAL-357981061/2024|EPI_ISL_19524872|2024-10-06,"[0.0, 0.0, 0.9999999999999999, 0.0, 0.0, 0.0, 0.0, 0.0, 0.0, 0.0, 0.0, 0.0, 0.0, 0.0, 0.0, 0.0, 0.0, 0.0, 0.0, 0.0, 0.0, 0.0, 0.0, 0.0, 0.0, 0.0, 0.0, 0.0, 0.0, 0.0, 0.0]"
hMpxV/Brazil/SP-IAL-357938508/2024|EPI_ISL_19446303|2024-09-10,"[0.0, 0.0, 1.0, 0.0, 0.0, 0.0, 0.0, 0.0, 0.0, 0.0, 0.0, 0.0, 0.0, 0.0, 0.0, 0.0, 0.0, 0.0, 0.0, 0.0, 0.0, 0.0, 0.0, 0.0, 0.0, 0.0, 0.0, 0.0, 0.0, 0.0, 0.0]"
hMpxV/Brazil/SP-IAL-357949045/2024|EPI_ISL_19446312|2024-09-17,"[0.0, 0.0, 1.0, 0.0, 0.0, 0.0, 0.0, 0.0, 0.0, 0.0, 0.0, 0.0, 0.0, 0.0, 0.0, 0.0, 0.0, 0.0, 0.0, 0.0, 0.0, 0.0, 0.0, 0.0, 0.0, 0.0, 0.0, 0.0, 0.0, 0.0, 0.0]"
NODE_0000081,"[4.8734559022896365e-12, 5.418476964219848e-13, 0.9999999998367171, 5.450009559740533e-13, 7.820165504070044e-12, 5.442690914021849e-13, 7.207278577470877e-13, 5.459602439614144e-13, 5.454906337957495e-13, 5.429308493947798e-13, 5.438690769374994e-13, 5.46554381349932e-13, 5.037040007339939e-13, 5.303483066453508e-13, 3.413018886654799e-13, 1.9256778155221147e-12, 5.110877147768224e-13, 5.46554381350036e-13, 5.465543813499174e-13, 5.009550707965484e-13, 6.005049990195199e-11, 5.180533047579566e-13, 4.535119204625192e-11, 5.460803428896649e-13, 3.1200707955003967e-13, 5.296580680589832e-13, 4.3253784194260234e-13, 5.387852085656745e-13, 5.031795106570999e-13, 3.0779393856448635e-11, 5.45088835666931e-13]"
hMpxV/Brazil/SP-IAL-357890330/2024|EPI_ISL_19372759|2024-08-07,"[0.0, 0.0, 0.9999999999999999, 0.0, 0.0, 0.0, 0.0, 0.0, 0.0, 0.0, 0.0, 0.0, 0.0, 0.0, 0.0, 0.0, 0.0, 0.0, 0.0, 0.0, 0.0, 0.0, 0.0, 0.0, 0.0, 0.0, 0.0, 0.0, 0.0, 0.0, 0.0]"
hMpxV/Brazil/SP-IAL-357903502/2024|EPI_ISL_19372771|2024-08-19,"[0.0, 0.0, 0.9999999999999999, 0.0, 0.0, 0.0, 0.0, 0.0, 0.0, 0.0, 0.0, 0.0, 0.0, 0.0, 0.0, 0.0, 0.0, 0.0, 0.0, 0.0, 0.0, 0.0, 0.0, 0.0, 0.0, 0.0, 0.0, 0.0, 0.0, 0.0, 0.0]"
hMpxV/Brazil/SP-IAL-357909240/2024|EPI_ISL_19372773|2024-08-21,"[0.0, 0.0, 1.0, 0.0, 0.0, 0.0, 0.0, 0.0, 0.0, 0.0, 0.0, 0.0, 0.0, 0.0, 0.0, 0.0, 0.0, 0.0, 0.0, 0.0, 0.0, 0.0, 0.0, 0.0, 0.0, 0.0, 0.0, 0.0, 0.0, 0.0, 0.0]"
NODE_0000015,"[5.983027638790501e-23, 3.515635528350521e-23, 6.8396690404953875e-22, 3.5619386008280404e-23, 2.818812776565255e-23, 3.5507061423324244e-23, 3.651901136831582e-23, 3.473935456395425e-21, 1.7308756376981876e-16, 2.128579976458692e-22, 2.3007212899061377e-22, 3.665056418297365e-23, 3.750667702096718e-22, 2.1527653232221913e-21, 6.586949061089493e-23, 1.4841473826534878e-23, 4.5590184698547965e-21, 3.6650564183039863e-23, 3.665056418296609e-23, 1.0885475698332104e-22, 5.208475259081442e-23, 2.960161537291732e-23, 6.837467036751415e-07, 1.1401652021184295e-21, 0.9999993162532962, 3.3835761907176863e-23, 2.141095371565276e-22, 3.672487856915978e-23, 2.808462595791209e-23, 6.392452021307217e-23, 1.6577629114876416e-20]"
hMpxV/China/SZ-CDC/Strain069,"[0.0, 0.0, 0.0, 0.0, 0.0, 0.0, 0.0, 0.0, 0.0, 0.0, 0.0, 0.0, 0.0, 0.0, 0.0, 0.0, 0.0, 0.0, 0.0, 0.0, 0.0, 0.0, 0.0, 0.0, 1.0, 0.0, 0.0, 0.0, 0.0, 0.0, 0.0]"
hMpxV/China/SZ-CDC/Strain153,"[0.0, 0.0, 0.0, 0.0, 0.0, 0.0, 0.0, 0.0, 0.0, 0.0, 0.0, 0.0, 0.0, 0.0, 0.0, 0.0, 0.0, 0.0, 0.0, 0.0, 0.0, 0.0, 0.0, 0.0, 1.0, 0.0, 0.0, 0.0, 0.0, 0.0, 0.0]"
hMpxV/China/SZ-CDC/Strain163,"[0.0, 0.0, 0.0, 0.0, 0.0, 0.0, 0.0, 0.0, 0.0, 0.0, 0.0, 0.0, 0.0, 0.0, 0.0, 0.0, 0.0, 0.0, 0.0, 0.0, 0.0, 0.0, 0.0, 0.0, 0.9999999999999999, 0.0, 0.0, 0.0, 0.0, 0.0, 0.0]"
hMpxV/China/SZ-CDC/Strain178,"[0.0, 0.0, 0.0, 0.0, 0.0, 0.0, 0.0, 0.0, 0.0, 0.0, 0.0, 0.0, 0.0, 0.0, 0.0, 0.0, 0.0, 0.0, 0.0, 0.0, 0.0, 0.0, 0.0, 0.0, 1.0, 0.0, 0.0, 0.0, 0.0, 0.0, 0.0]"
hMpxV/Portugal/INSA-PT0629/2023|EPI_ISL_18044983|2023-06-20,"[0.0, 0.0, 0.0, 0.0, 0.0, 0.0, 0.0, 0.0, 0.0, 0.0, 0.0, 0.0, 0.0, 0.0, 0.0, 0.0, 0.0, 0.0, 0.0, 0.0, 0.0, 0.0, 0.9999999999999999, 0.0, 0.0, 0.0, 0.0, 0.0, 0.0, 0.0, 0.0]"
hMpxV/China/GZ-GCDC_M011/2023|EPI_ISL_19058867|2023-06-07,"[0.0, 0.0, 0.0, 0.0, 0.0, 0.0, 0.0, 0.0, 0.9999999999999999, 0.0, 0.0, 0.0, 0.0, 0.0, 0.0, 0.0, 0.0, 0.0, 0.0, 0.0, 0.0, 0.0, 0.0, 0.0, 0.0, 0.0, 0.0, 0.0, 0.0, 0.0, 0.0]"
hMpxV/Portugal/INSA-PT0691/2023|EPI_ISL_18553837|2023-07-15,"[0.0, 0.0, 0.0, 0.0, 0.0, 0.0, 0.0, 0.0, 0.0, 0.0, 0.0, 0.0, 0.0, 0.0, 0.0, 0.0, 0.0, 0.0, 0.0, 0.0, 0.0, 0.0, 1.0, 0.0, 0.0, 0.0, 0.0, 0.0, 0.0, 0.0, 0.0]"
hMpxV/Portugal/INSA-PT0660/2023|EPI_ISL_18228621|2023-07-26,"[0.0, 0.0, 0.0, 0.0, 0.0, 0.0, 0.0, 0.0, 0.0, 0.0, 0.0, 0.0, 0.0, 0.0, 0.0, 0.0, 0.0, 0.0, 0.0, 0.0, 0.0, 0.0, 1.0, 0.0, 0.0, 0.0, 0.0, 0.0, 0.0, 0.0, 0.0]"
hMpxV/China/SZ-CDC/Strain076,"[0.0, 0.0, 0.0, 0.0, 0.0, 0.0, 0.0, 0.0, 0.0, 0.0, 0.0, 0.0, 0.0, 0.0, 0.0, 0.0, 0.0, 0.0, 0.0, 0.0, 0.0, 0.0, 0.0, 0.0, 1.0, 0.0, 0.0, 0.0, 0.0, 0.0, 0.0]"
NODE_0000032,"[4.256254472652147e-09, 2.1604473490491326e-09, 1.1748676162075083e-09, 2.2106653181250446e-09, 1.9417869628532047e-09, 2.1810996393328837e-09, 2.1615273389477475e-09, 1.525371988448372e-08, 2.9384350103625623e-08, 2.209489408030809e-09, 4.758780820530735e-09, 2.1804293884146307e-09, 6.371935632264521e-09, 2.2331810568446374e-09, 3.4925673622649755e-09, 1.5432341420766873e-09, 2.233617012605338e-09, 2.1804293884141658e-09, 2.18042938841462e-09, 2.069961785103319e-09, 6.93339844122166e-10, 2.212511485023472e-09, 4.924959735623251e-07, 6.773778962869791e-09, 0.999999362418887, 2.078930178642093e-09, 5.810722554816443e-09, 2.0947889119304355e-09, 2.0881440061530374e-09, 2.2846062241496195e-09, 2.8869542962335614e-08]"
hMpxV/China/SZ-CDC/Strain015,"[0.0, 0.0, 0.0, 0.0, 0.0, 0.0, 0.0, 0.0, 0.0, 0.0, 0.0, 0.0, 0.0, 0.0, 0.0, 0.0, 0.0, 0.0, 0.0, 0.0, 0.0, 0.0, 0.0, 0.0, 1.0, 0.0, 0.0, 0.0, 0.0, 0.0, 0.0]"
hMpxV/China/SZ-CDC/Strain061,"[0.0, 0.0, 0.0, 0.0, 0.0, 0.0, 0.0, 0.0, 0.0, 0.0, 0.0, 0.0, 0.0, 0.0, 0.0, 0.0, 0.0, 0.0, 0.0, 0.0, 0.0, 0.0, 0.0, 0.0, 1.0, 0.0, 0.0, 0.0, 0.0, 0.0, 0.0]"
NODE_0000016,"[1.148820155205359e-12, 6.19993136455027e-13, 2.1976656213506607e-13, 6.358567160681881e-13, 5.369093900464206e-13, 6.271746272440774e-13, 6.239670451206117e-13, 7.084181922318159e-12, 1.2464140902735463e-10, 6.321960341620343e-13, 1.6600066885417383e-12, 6.300324406015791e-13, 2.3004824426604976e-12, 6.235355732575209e-13, 9.893453780654386e-13, 3.8857221819764585e-13, 6.051600800491885e-13, 6.300324406036478e-13, 6.300324406018797e-13, 5.682757102540725e-13, 1.634096489573365e-13, 6.15630129945976e-13, 1.7385973087424059e-09, 9.886775970837628e-09, 0.9999999882080631, 5.935376869690456e-13, 1.9260956217306825e-12, 6.040322948030001e-13, 5.762323188496415e-13, 3.878304637012236e-13, 1.590107044764885e-11]"
hMpxV/China/SZ-CDC/Strain029,"[0.0, 0.0, 0.0, 0.0, 0.0, 0.0, 0.0, 0.0, 0.0, 0.0, 0.0, 0.0, 0.0, 0.0, 0.0, 0.0, 0.0, 0.0, 0.0, 0.0, 0.0, 0.0, 0.0, 0.0, 1.0, 0.0, 0.0, 0.0, 0.0, 0.0, 0.0]"
NODE_0000028,"[6.345202136933237e-08, 4.843154220438389e-08, 2.1974784188832056e-08, 4.9895184156605225e-08, 4.249440568072179e-08, 4.902983533952917e-08, 4.841979265721984e-08, 1.91713377352058e-07, 3.2582022062222248e-06, 4.9097679227588456e-08, 8.415112645784544e-08, 4.896027452382043e-08, 1.0200288463425613e-07, 4.8421307025758724e-08, 5.584184708425505e-08, 3.226172845336305e-08, 4.777525105511524e-08, 4.89602745239395e-08, 4.896027452382147e-08, 4.55762617621031e-08, 1.2949524586811686e-08, 5.0039871514813985e-08, 1.756522055557956e-06, 0.0007190926275807137, 0.999274144083423, 4.611296422635996e-08, 9.172904534591222e-08, 4.651081600770625e-08, 4.637437942288889e-08, 3.01147277037014e-08, 2.973135536036734e-07]"
hMpxV/China/SZ-CDC/Strain005,"[0.0, 0.0, 0.0, 0.0, 0.0, 0.0, 0.0, 0.0, 0.0, 0.0, 0.0, 0.0, 0.0, 0.0, 0.0, 0.0, 0.0, 0.0, 0.0, 0.0, 0.0, 0.0, 0.0, 0.0, 1.0, 0.0, 0.0, 0.0, 0.0, 0.0, 0.0]"
NODE_0000029,"[2.7068309310536755e-07, 3.7712032935208614e-07, 1.2687375222381004e-07, 3.926393815068045e-07, 3.1572658811471674e-07, 3.834623387137874e-07, 3.7724386842598733e-07, 7.55409672750989e-07, 0.002339742013046941, 3.8349963902216635e-07, 4.91355005444695e-07, 3.829411195215605e-07, 5.210458892036435e-07, 3.7445813554669597e-07, 2.678144278925172e-07, 2.1865291394089118e-07, 3.6594908698326325e-07, 3.8294111952223054e-07, 3.829411195216679e-07, 3.456525535225637e-07, 7.461024774455029e-08, 3.9294688132790096e-07, 1.6208837010424443e-06, 0.9895213550126979, 0.008127149928924235, 3.5301584659013144e-07, 4.478364486536575e-07, 3.5750613046455323e-07, 3.5399633799505277e-07, 9.7949799411799e-08, 9.378899033454994e-07]"
hMpxV/China/SZ-GCDC_M026/2023|EPI_ISL_19058864|2023-06-12,"[0.0, 0.0, 0.0, 0.0, 0.0, 0.0, 0.0, 0.0, 0.0, 0.0, 0.0, 0.0, 0.0, 0.0, 0.0, 0.0, 0.0, 0.0, 0.0, 0.0, 0.0, 0.0, 0.0, 1.0, 0.0, 0.0, 0.0, 0.0, 0.0, 0.0, 0.0]"
NODE_0000030,"[3.5466726837188746e-07, 4.923476740033483e-07, 1.7273701357552007e-07, 5.125493674103219e-07, 4.1362243030741276e-07, 5.00551075481381e-07, 4.922027269471816e-07, 9.469192326572587e-07, 0.003617968628274672, 5.007200697719625e-07, 6.2841280444351e-07, 4.996054856562093e-07, 6.646821685845977e-07, 4.898891666088796e-07, 3.491762478064276e-07, 2.8902660472165355e-07, 4.801202965283688e-07, 4.996054856568243e-07, 4.996054856562356e-07, 4.531780420226658e-07, 9.91263006549158e-08, 5.147353721244895e-07, 1.995642926856636e-06, 0.9900754856999385, 0.0062914291988475516, 4.610394589593664e-07, 5.757219626635845e-07, 4.6643579625493996e-07, 4.6395141079040467e-07, 1.3415474405188998e-07, 1.1660463205728743e-06]"
hMpxV/China/SZ-GCDC_M024/2023|EPI_ISL_19058869|2023-06-11,"[0.0, 0.0, 0.0, 0.0, 0.0, 0.0, 0.0, 0.0, 0.0, 0.0, 0.0, 0.0, 0.0, 0.0, 0.0, 0.0, 0.0, 0.0, 0.0, 0.0, 0.0, 0.0, 0.0, 0.9999999999999999, 0.0, 0.0, 0.0, 0.0, 0.0, 0.0, 0.0]"
hMpxV/China/GZ-GCDC_M021/2023|EPI_ISL_19058870|2023-06-11,"[0.0, 0.0, 0.0, 0.0, 0.0, 0.0, 0.0, 0.0, 1.0, 0.0, 0.0, 0.0, 0.0, 0.0, 0.0, 0.0, 0.0, 0.0, 0.0, 0.0, 0.0, 0.0, 0.0, 0.0, 0.0, 0.0, 0.0, 0.0, 0.0, 0.0, 0.0]"
NODE_0000017,"[7.802510051064158e-33, 4.198127771841456e-34, 4.333719425676136e-35, 4.173427161454042e-34, 3.3681169230977256e-34, 4.218555660412345e-34, 4.4053747183948655e-34, 3.6545851254494336e-30, 7.253606553596646e-29, 4.745299416470044e-34, 1.7611027044738304e-32, 4.405690805777412e-34, 5.655735864103423e-32, 5.338623065787971e-34, 5.826371334219683e-33, 1.8376387263710988e-34, 5.022351539367429e-34, 4.4056908057764865e-34, 4.405690805777237e-34, 3.440111251970194e-34, 1.1554896583241713e-34, 3.2909736194950827e-34, 1.1838381386129542e-22, 8.17513565480216e-32, 1.0, 4.175857106493941e-34, 3.0991840217035124e-32, 4.491412602787478e-34, 3.3120568341982364e-34, 3.436620660366159e-34, 7.665444465523409e-29]"
hMpxV/China/SZ-CDC/Strain016,"[0.0, 0.0, 0.0, 0.0, 0.0, 0.0, 0.0, 0.0, 0.0, 0.0, 0.0, 0.0, 0.0, 0.0, 0.0, 0.0, 0.0, 0.0, 0.0, 0.0, 0.0, 0.0, 0.0, 0.0, 1.0, 0.0, 0.0, 0.0, 0.0, 0.0, 0.0]"
hMpxV/China/SZ-CDC/Strain031,"[0.0, 0.0, 0.0, 0.0, 0.0, 0.0, 0.0, 0.0, 0.0, 0.0, 0.0, 0.0, 0.0, 0.0, 0.0, 0.0, 0.0, 0.0, 0.0, 0.0, 0.0, 0.0, 0.0, 0.0, 1.0, 0.0, 0.0, 0.0, 0.0, 0.0, 0.0]"
hMpxV/China/SZ-CDC/Strain036,"[0.0, 0.0, 0.0, 0.0, 0.0, 0.0, 0.0, 0.0, 0.0, 0.0, 0.0, 0.0, 0.0, 0.0, 0.0, 0.0, 0.0, 0.0, 0.0, 0.0, 0.0, 0.0, 0.0, 0.0, 0.9999999999999999, 0.0, 0.0, 0.0, 0.0, 0.0, 0.0]"
hMpxV/China/SZ-CDC/Strain037,"[0.0, 0.0, 0.0, 0.0, 0.0, 0.0, 0.0, 0.0, 0.0, 0.0, 0.0, 0.0, 0.0, 0.0, 0.0, 0.0, 0.0, 0.0, 0.0, 0.0, 0.0, 0.0, 0.0, 0.0, 0.9999999999999999, 0.0, 0.0, 0.0, 0.0, 0.0, 0.0]"
hMpxV/China/SZ-CDC/Strain041,"[0.0, 0.0, 0.0, 0.0, 0.0, 0.0, 0.0, 0.0, 0.0, 0.0, 0.0, 0.0, 0.0, 0.0, 0.0, 0.0, 0.0, 0.0, 0.0, 0.0, 0.0, 0.0, 0.0, 0.0, 0.9999999999999999, 0.0, 0.0, 0.0, 0.0, 0.0, 0.0]"
hMpxV/China/SZ-CDC/Strain052,"[0.0, 0.0, 0.0, 0.0, 0.0, 0.0, 0.0, 0.0, 0.0, 0.0, 0.0, 0.0, 0.0, 0.0, 0.0, 0.0, 0.0, 0.0, 0.0, 0.0, 0.0, 0.0, 0.0, 0.0, 1.0, 0.0, 0.0, 0.0, 0.0, 0.0, 0.0]"
hMpxV/China/SZ-CDC/Strain064,"[0.0, 0.0, 0.0, 0.0, 0.0, 0.0, 0.0, 0.0, 0.0, 0.0, 0.0, 0.0, 0.0, 0.0, 0.0, 0.0, 0.0, 0.0, 0.0, 0.0, 0.0, 0.0, 0.0, 0.0, 1.0, 0.0, 0.0, 0.0, 0.0, 0.0, 0.0]"
hMpxV/China/SZ-CDC/Strain129,"[0.0, 0.0, 0.0, 0.0, 0.0, 0.0, 0.0, 0.0, 0.0, 0.0, 0.0, 0.0, 0.0, 0.0, 0.0, 0.0, 0.0, 0.0, 0.0, 0.0, 0.0, 0.0, 0.0, 0.0, 0.9999999999999999, 0.0, 0.0, 0.0, 0.0, 0.0, 0.0]"
hMpxV/China/SZ-CDC/Strain131,"[0.0, 0.0, 0.0, 0.0, 0.0, 0.0, 0.0, 0.0, 0.0, 0.0, 0.0, 0.0, 0.0, 0.0, 0.0, 0.0, 0.0, 0.0, 0.0, 0.0, 0.0, 0.0, 0.0, 0.0, 1.0, 0.0, 0.0, 0.0, 0.0, 0.0, 0.0]"
hMpxV/China/SZ-CDC/Strain173,"[0.0, 0.0, 0.0, 0.0, 0.0, 0.0, 0.0, 0.0, 0.0, 0.0, 0.0, 0.0, 0.0, 0.0, 0.0, 0.0, 0.0, 0.0, 0.0, 0.0, 0.0, 0.0, 0.0, 0.0, 1.0, 0.0, 0.0, 0.0, 0.0, 0.0, 0.0]"
NODE_0000027,"[5.815355005279519e-08, 3.06157975775051e-08, 1.747181501949348e-08, 3.1343926130820065e-08, 2.753374525157406e-08, 3.090924262643965e-08, 3.061111167081254e-08, 1.9724401002188733e-07, 3.7132169247311853e-07, 3.1484629708177094e-08, 6.459756507468826e-08, 3.08849323643271e-08, 8.539286551488266e-08, 3.218755425422651e-08, 4.791677742075398e-08, 2.1972221165107494e-08, 3.24339729611459e-08, 3.088493236432715e-08, 3.088493236432731e-08, 2.9535539043217873e-08, 9.875066515245882e-09, 3.1530797202509727e-08, 5.662001215931506e-06, 9.071032724413087e-08, 0.9999924081365185, 2.94395385516726e-08, 7.831419854461046e-08, 2.964067444850903e-08, 2.9729354931594554e-08, 3.2350459065713087e-08, 3.6489103574411244e-07]"
hMpxV/China/SZ-CDC/Strain081,"[0.0, 0.0, 0.0, 0.0, 0.0, 0.0, 0.0, 0.0, 0.0, 0.0, 0.0, 0.0, 0.0, 0.0, 0.0, 0.0, 0.0, 0.0, 0.0, 0.0, 0.0, 0.0, 0.0, 0.0, 1.0, 0.0, 0.0, 0.0, 0.0, 0.0, 0.0]"
hMpxV/China/SZ-CDC/Strain192,"[0.0, 0.0, 0.0, 0.0, 0.0, 0.0, 0.0, 0.0, 0.0, 0.0, 0.0, 0.0, 0.0, 0.0, 0.0, 0.0, 0.0, 0.0, 0.0, 0.0, 0.0, 0.0, 0.0, 0.0, 1.0, 0.0, 0.0, 0.0, 0.0, 0.0, 0.0]"
NODE_0000018,"[5.232596953906955e-11, 2.5835538972211803e-11, 1.3387691491081534e-11, 2.6424728009845614e-11, 2.3220699424755957e-11, 2.6081691464731138e-11, 2.586109133933016e-11, 1.9433346786859523e-10, 3.796550444156001e-10, 2.6247365440634505e-11, 5.873240397084375e-11, 2.6082468955650623e-11, 7.936577941914325e-11, 2.6168698454228707e-11, 4.27822005080852e-11, 1.8404092311240715e-11, 2.5936615744415622e-11, 2.608246895563788e-11, 2.6082468955640936e-11, 2.4584983711149647e-11, 8.247987245167238e-12, 2.6331881564255188e-11, 6.715730330131361e-09, 8.435217379548427e-11, 0.999999991470545, 2.4875308140772002e-11, 7.210927986204432e-11, 2.5082430697002126e-11, 2.4870930403145475e-11, 2.7357137922230723e-11, 3.729020932687899e-10]"
hMpxV/China/SZ-CDC/Strain028,"[0.0, 0.0, 0.0, 0.0, 0.0, 0.0, 0.0, 0.0, 0.0, 0.0, 0.0, 0.0, 0.0, 0.0, 0.0, 0.0, 0.0, 0.0, 0.0, 0.0, 0.0, 0.0, 0.0, 0.0, 1.0, 0.0, 0.0, 0.0, 0.0, 0.0, 0.0]"
hMpxV/China/SZ-CDC/Strain002,"[0.0, 0.0, 0.0, 0.0, 0.0, 0.0, 0.0, 0.0, 0.0, 0.0, 0.0, 0.0, 0.0, 0.0, 0.0, 0.0, 0.0, 0.0, 0.0, 0.0, 0.0, 0.0, 0.0, 0.0, 1.0, 0.0, 0.0, 0.0, 0.0, 0.0, 0.0]"
NODE_0000026,"[2.5360556998488368e-06, 1.4205958815090359e-06, 9.925661015302494e-07, 1.4561368444035787e-06, 1.2704090788063837e-06, 1.433932879309984e-06, 1.4196738533602044e-06, 8.875711744562463e-06, 1.7340779165037073e-05, 1.5320919297663947e-06, 2.8574781350959897e-06, 1.4333217305844955e-06, 3.72376658617449e-06, 1.714779177056702e-06, 2.1325999570237943e-06, 1.010369440460929e-06, 1.8147775264798856e-06, 1.4333217305845029e-06, 1.4333217305844955e-06, 1.4191095601172519e-06, 4.6902161205915506e-07, 1.4874589331114475e-06, 0.00035943777786651425, 4.035050461785267e-06, 0.9995511549456219, 1.363109856246162e-06, 3.4017846863738773e-06, 1.372256216025809e-06, 1.4005793831703689e-06, 1.4615795502965882e-06, 1.7165637060139632e-05]"
hMpxV/China/SZ-CDC/Strain073,"[0.0, 0.0, 0.0, 0.0, 0.0, 0.0, 0.0, 0.0, 0.0, 0.0, 0.0, 0.0, 0.0, 0.0, 0.0, 0.0, 0.0, 0.0, 0.0, 0.0, 0.0, 0.0, 0.0, 0.0, 1.0, 0.0, 0.0, 0.0, 0.0, 0.0, 0.0]"
hMpxV/China/SZ-CDC/Strain074,"[0.0, 0.0, 0.0, 0.0, 0.0, 0.0, 0.0, 0.0, 0.0, 0.0, 0.0, 0.0, 0.0, 0.0, 0.0, 0.0, 0.0, 0.0, 0.0, 0.0, 0.0, 0.0, 0.0, 0.0, 0.9999999999999999, 0.0, 0.0, 0.0, 0.0, 0.0, 0.0]"
hMpxV/China/SZ-CDC/Strain145,"[0.0, 0.0, 0.0, 0.0, 0.0, 0.0, 0.0, 0.0, 0.0, 0.0, 0.0, 0.0, 0.0, 0.0, 0.0, 0.0, 0.0, 0.0, 0.0, 0.0, 0.0, 0.0, 0.0, 0.0, 1.0, 0.0, 0.0, 0.0, 0.0, 0.0, 0.0]"
NODE_0000020,"[1.0221597910094796e-06, 5.518295502291969e-07, 3.3151641866772356e-07, 5.651794714063293e-07, 4.961410370846873e-07, 5.571368322946704e-07, 5.515046944146837e-07, 3.371042091562521e-06, 6.281164189477799e-06, 5.718335087709776e-07, 1.1322456527459243e-06, 5.565403125612023e-07, 1.4849028022874626e-06, 5.938311145638427e-07, 8.453148684484086e-07, 3.968393814454059e-07, 6.046733315368876e-07, 5.565403125612052e-07, 5.565403125612034e-07, 5.362441327503449e-07, 1.7911874892507556e-07, 5.709735334655759e-07, 9.227752984965311e-05, 1.5785670022153342e-06, 0.9998741064177561, 5.303380302083387e-07, 1.3657853147432704e-06, 5.335956463713936e-07, 5.37977070234117e-07, 5.820503059168826e-07, 6.174466936067491e-06]"
hMpxV/China/SZ-CDC/Strain130,"[0.0, 0.0, 0.0, 0.0, 0.0, 0.0, 0.0, 0.0, 0.0, 0.0, 0.0, 0.0, 0.0, 0.0, 0.0, 0.0, 0.0, 0.0, 0.0, 0.0, 0.0, 0.0, 0.0, 0.0, 1.0, 0.0, 0.0, 0.0, 0.0, 0.0, 0.0]"
NODE_0000023,"[1.0317777401532711e-08, 5.267444506609664e-09, 2.906718031168927e-09, 5.390378701164186e-09, 4.733774061401229e-09, 5.317814405638533e-09, 5.269636611123209e-09, 3.687172318792686e-08, 7.106696429501565e-08, 5.4014164752741755e-09, 1.1536015690093778e-08, 5.31593620182283e-09, 1.5422861585786378e-08, 5.488192594195871e-09, 8.47527475417202e-09, 3.763400186740592e-09, 5.506074718771796e-09, 5.315936201822538e-09, 5.315936201823143e-09, 5.058252986868279e-09, 1.694007174435443e-09, 5.400090368553232e-09, 1.2185868026904657e-06, 1.6404675138671456e-08, 0.9999984294245842, 5.068001748398094e-09, 1.4068756586484276e-08, 5.1061313558026365e-09, 5.095732226397972e-09, 5.568463887370308e-09, 6.984122590613533e-08]"
hMpxV/China/SZ-CDC/Strain150,"[0.0, 0.0, 0.0, 0.0, 0.0, 0.0, 0.0, 0.0, 0.0, 0.0, 0.0, 0.0, 0.0, 0.0, 0.0, 0.0, 0.0, 0.0, 0.0, 0.0, 0.0, 0.0, 0.0, 0.0, 1.0, 0.0, 0.0, 0.0, 0.0, 0.0, 0.0]"
hMpxV/China/SZ-CDC/Strain196,"[0.0, 0.0, 0.0, 0.0, 0.0, 0.0, 0.0, 0.0, 0.0, 0.0, 0.0, 0.0, 0.0, 0.0, 0.0, 0.0, 0.0, 0.0, 0.0, 0.0, 0.0, 0.0, 0.0, 0.0, 0.9999999999999999, 0.0, 0.0, 0.0, 0.0, 0.0, 0.0]"
NODE_0000034,"[7.911742263106263e-36, 5.479413617486742e-35, 1.513323179789017e-29, 5.584887106312356e-35, 4.362679939030075e-35, 5.543935825152744e-35, 5.711811186626075e-35, 1.1010309981803937e-34, 1.3951677703097786e-34, 8.680001559182277e-33, 7.344306410784249e-35, 5.722973954025993e-35, 6.895772093917566e-35, 6.830530180533362e-30, 1.4621891043472597e-35, 2.0762041324011752e-35, 1.758904469232209e-28, 5.722973954026165e-35, 5.722973954026971e-35, 2.1087776565881687e-33, 3.327811689485743e-33, 4.543330224613804e-35, 1.0, 8.209091468427333e-35, 6.053047014577848e-23, 5.189413983754853e-35, 3.2680844434321265e-35, 6.370735157123309e-35, 4.156382216211941e-35, 2.0734059222957257e-33, 1.416616390338855e-34]"
hMpxV/Portugal/INSA-PT0769/2023|EPI_ISL_18702222|2023-10-12,"[0.0, 0.0, 0.0, 0.0, 0.0, 0.0, 0.0, 0.0, 0.0, 0.0, 0.0, 0.0, 0.0, 0.0, 0.0, 0.0, 0.0, 0.0, 0.0, 0.0, 0.0, 0.0, 1.0, 0.0, 0.0, 0.0, 0.0, 0.0, 0.0, 0.0, 0.0]"
hMpxV/Portugal/INSA-PT0774/2023|EPI_ISL_18702226|2023-10-18,"[0.0, 0.0, 0.0, 0.0, 0.0, 0.0, 0.0, 0.0, 0.0, 0.0, 0.0, 0.0, 0.0, 0.0, 0.0, 0.0, 0.0, 0.0, 0.0, 0.0, 0.0, 0.0, 1.0, 0.0, 0.0, 0.0, 0.0, 0.0, 0.0, 0.0, 0.0]"
hMpxV/Portugal/INSA-PT0748/2023|EPI_ISL_18702230|2023-09-29,"[0.0, 0.0, 0.0, 0.0, 0.0, 0.0, 0.0, 0.0, 0.0, 0.0, 0.0, 0.0, 0.0, 0.0, 0.0, 0.0, 0.0, 0.0, 0.0, 0.0, 0.0, 0.0, 1.0, 0.0, 0.0, 0.0, 0.0, 0.0, 0.0, 0.0, 0.0]"
hMpxV/Portugal/INSA-PT0738/2023|EPI_ISL_18702236|2023-09-22,"[0.0, 0.0, 0.0, 0.0, 0.0, 0.0, 0.0, 0.0, 0.0, 0.0, 0.0, 0.0, 0.0, 0.0, 0.0, 0.0, 0.0, 0.0, 0.0, 0.0, 0.0, 0.0, 0.9999999999999999, 0.0, 0.0, 0.0, 0.0, 0.0, 0.0, 0.0, 0.0]"
hMpxV/Portugal/INSA-PT0759/2023|EPI_ISL_18702238|2023-10-10,"[0.0, 0.0, 0.0, 0.0, 0.0, 0.0, 0.0, 0.0, 0.0, 0.0, 0.0, 0.0, 0.0, 0.0, 0.0, 0.0, 0.0, 0.0, 0.0, 0.0, 0.0, 0.0, 1.0, 0.0, 0.0, 0.0, 0.0, 0.0, 0.0, 0.0, 0.0]"
hMpxV/Portugal/INSA-PT0784/2023|EPI_ISL_18702240|2023-11-01,"[0.0, 0.0, 0.0, 0.0, 0.0, 0.0, 0.0, 0.0, 0.0, 0.0, 0.0, 0.0, 0.0, 0.0, 0.0, 0.0, 0.0, 0.0, 0.0, 0.0, 0.0, 0.0, 1.0, 0.0, 0.0, 0.0, 0.0, 0.0, 0.0, 0.0, 0.0]"
hMpxV/Portugal/INSA-PT0754/2023|EPI_ISL_18702244|2023-10-04,"[0.0, 0.0, 0.0, 0.0, 0.0, 0.0, 0.0, 0.0, 0.0, 0.0, 0.0, 0.0, 0.0, 0.0, 0.0, 0.0, 0.0, 0.0, 0.0, 0.0, 0.0, 0.0, 1.0, 0.0, 0.0, 0.0, 0.0, 0.0, 0.0, 0.0, 0.0]"
hMpxV/Portugal/INSA-PT0752/2023|EPI_ISL_18702247|2023-10-03,"[0.0, 0.0, 0.0, 0.0, 0.0, 0.0, 0.0, 0.0, 0.0, 0.0, 0.0, 0.0, 0.0, 0.0, 0.0, 0.0, 0.0, 0.0, 0.0, 0.0, 0.0, 0.0, 0.9999999999999999, 0.0, 0.0, 0.0, 0.0, 0.0, 0.0, 0.0, 0.0]"
hMpxV/Portugal/INSA-PT0776/2023|EPI_ISL_18702249|2023-10-20,"[0.0, 0.0, 0.0, 0.0, 0.0, 0.0, 0.0, 0.0, 0.0, 0.0, 0.0, 0.0, 0.0, 0.0, 0.0, 0.0, 0.0, 0.0, 0.0, 0.0, 0.0, 0.0, 1.0, 0.0, 0.0, 0.0, 0.0, 0.0, 0.0, 0.0, 0.0]"
hMpxV/Portugal/INSA-PT0736/2023|EPI_ISL_18702255|2023-09-19,"[0.0, 0.0, 0.0, 0.0, 0.0, 0.0, 0.0, 0.0, 0.0, 0.0, 0.0, 0.0, 0.0, 0.0, 0.0, 0.0, 0.0, 0.0, 0.0, 0.0, 0.0, 0.0, 1.0, 0.0, 0.0, 0.0, 0.0, 0.0, 0.0, 0.0, 0.0]"
hMpxV/Portugal/INSA-PT0727/2023|EPI_ISL_18553826|2023-09-12,"[0.0, 0.0, 0.0, 0.0, 0.0, 0.0, 0.0, 0.0, 0.0, 0.0, 0.0, 0.0, 0.0, 0.0, 0.0, 0.0, 0.0, 0.0, 0.0, 0.0, 0.0, 0.0, 0.9999999999999999, 0.0, 0.0, 0.0, 0.0, 0.0, 0.0, 0.0, 0.0]"
hMpxV/Portugal/INSA-PT0724/2023|EPI_ISL_18553813|2023-09-08,"[0.0, 0.0, 0.0, 0.0, 0.0, 0.0, 0.0, 0.0, 0.0, 0.0, 0.0, 0.0, 0.0, 0.0, 0.0, 0.0, 0.0, 0.0, 0.0, 0.0, 0.0, 0.0, 1.0, 0.0, 0.0, 0.0, 0.0, 0.0, 0.0, 0.0, 0.0]"
hMpxV/Netherlands/un-EMC-NL110/2024|EPI_ISL_19470168|2024-08-07,"[0.0, 0.0, 0.0, 0.0, 0.0, 0.0, 0.0, 0.0, 0.0, 0.0, 0.0, 0.0, 0.0, 0.0, 0.0, 0.0, 1.0, 0.0, 0.0, 0.0, 0.0, 0.0, 0.0, 0.0, 0.0, 0.0, 0.0, 0.0, 0.0, 0.0, 0.0]"
NODE_0000042,"[9.426590735245041e-12, 1.6332697626737747e-11, 5.638841004527441e-10, 1.6800410860278956e-11, 1.454392690910859e-11, 1.6516437314042803e-11, 1.6355410126011346e-11, 1.7064766191757655e-11, 1.7737325524975696e-11, 6.894996965740042e-11, 1.6280201551241145e-11, 1.6499116144651938e-11, 1.5815851071234002e-11, 4.357821949752187e-10, 9.921425695684478e-12, 1.0884116456179235e-11, 8.476534539693377e-10, 1.6499116144651857e-11, 1.64991161446544e-11, 4.6579090515438593e-11, 2.4220233031839177e-11, 1.6761163293001003e-11, 0.9999999838036887, 1.677873202753268e-11, 1.3820878756457928e-08, 1.553090349455303e-11, 1.382675444556438e-11, 1.5868827890192954e-11, 1.5489123215320795e-11, 4.958998236289091e-11, 1.7341367721504892e-11]"
hMpxV/Portugal/INSA-PT0814/2024|EPI_ISL_18993959|2024-01-15,"[0.0, 0.0, 0.0, 0.0, 0.0, 0.0, 0.0, 0.0, 0.0, 0.0, 0.0, 0.0, 0.0, 0.0, 0.0, 0.0, 0.0, 0.0, 0.0, 0.0, 0.0, 0.0, 1.0, 0.0, 0.0, 0.0, 0.0, 0.0, 0.0, 0.0, 0.0]"
hMpxV/Portugal/INSA-PT0807/2023|EPI_ISL_18993961|2023-12-27,"[0.0, 0.0, 0.0, 0.0, 0.0, 0.0, 0.0, 0.0, 0.0, 0.0, 0.0, 0.0, 0.0, 0.0, 0.0, 0.0, 0.0, 0.0, 0.0, 0.0, 0.0, 0.0, 0.9999999999999999, 0.0, 0.0, 0.0, 0.0, 0.0, 0.0, 0.0, 0.0]"
hMpxV/Portugal/INSA-PT0809/2023|EPI_ISL_18993967|2023-12-21,"[0.0, 0.0, 0.0, 0.0, 0.0, 0.0, 0.0, 0.0, 0.0, 0.0, 0.0, 0.0, 0.0, 0.0, 0.0, 0.0, 0.0, 0.0, 0.0, 0.0, 0.0, 0.0, 1.0, 0.0, 0.0, 0.0, 0.0, 0.0, 0.0, 0.0, 0.0]"
NODE_0000036,"[4.077908851243464e-28, 1.873260468245778e-27, 2.1573945021227e-23, 1.9196631666854224e-27, 1.5427516512994432e-27, 1.8977306584960496e-27, 1.919084314238562e-27, 2.085018350678972e-27, 2.1660206284239128e-27, 8.142383422923255e-26, 1.964216734842572e-27, 1.9307107039712462e-27, 1.6658264738851632e-27, 9.592220680309723e-24, 6.150822308609596e-28, 8.866204294883206e-28, 5.115936472760516e-23, 1.930710703971287e-27, 1.9307107039716555e-27, 2.906151499107662e-26, 3.144195411022526e-26, 1.6959829009328416e-27, 0.9999999999999999, 2.005299926499639e-27, 9.022337417743846e-20, 1.7759041178798065e-27, 1.0997344435863548e-27, 1.8951891750463694e-27, 1.561768879367001e-27, 2.809250376172556e-26, 2.160319130759651e-27]"
hMpxV/Portugal/INSA-PT0739/2023|EPI_ISL_18702212|2023-09-24,"[0.0, 0.0, 0.0, 0.0, 0.0, 0.0, 0.0, 0.0, 0.0, 0.0, 0.0, 0.0, 0.0, 0.0, 0.0, 0.0, 0.0, 0.0, 0.0, 0.0, 0.0, 0.0, 1.0, 0.0, 0.0, 0.0, 0.0, 0.0, 0.0, 0.0, 0.0]"
hMpxV/Portugal/INSA-PT0793/2023|EPI_ISL_18702221|2023-11-07,"[0.0, 0.0, 0.0, 0.0, 0.0, 0.0, 0.0, 0.0, 0.0, 0.0, 0.0, 0.0, 0.0, 0.0, 0.0, 0.0, 0.0, 0.0, 0.0, 0.0, 0.0, 0.0, 1.0, 0.0, 0.0, 0.0, 0.0, 0.0, 0.0, 0.0, 0.0]"
hMpxV/Portugal/INSA-PT0744/2023|EPI_ISL_18702231|2023-09-26,"[0.0, 0.0, 0.0, 0.0, 0.0, 0.0, 0.0, 0.0, 0.0, 0.0, 0.0, 0.0, 0.0, 0.0, 0.0, 0.0, 0.0, 0.0, 0.0, 0.0, 0.0, 0.0, 1.0, 0.0, 0.0, 0.0, 0.0, 0.0, 0.0, 0.0, 0.0]"
hMpxV/Portugal/INSA-PT0740/2023|EPI_ISL_18702250|2023-09-22,"[0.0, 0.0, 0.0, 0.0, 0.0, 0.0, 0.0, 0.0, 0.0, 0.0, 0.0, 0.0, 0.0, 0.0, 0.0, 0.0, 0.0, 0.0, 0.0, 0.0, 0.0, 0.0, 1.0, 0.0, 0.0, 0.0, 0.0, 0.0, 0.0, 0.0, 0.0]"
hMpxV/Portugal/INSA-PT0771/2023|EPI_ISL_18702256|2023-10-12,"[0.0, 0.0, 0.0, 0.0, 0.0, 0.0, 0.0, 0.0, 0.0, 0.0, 0.0, 0.0, 0.0, 0.0, 0.0, 0.0, 0.0, 0.0, 0.0, 0.0, 0.0, 0.0, 1.0, 0.0, 0.0, 0.0, 0.0, 0.0, 0.0, 0.0, 0.0]"
NODE_0000038,"[1.5830405349679388e-09, 2.439150495726545e-09, 3.8450700208915325e-08, 2.5117615803242672e-09, 2.1791529307321705e-09, 2.4671710989137913e-09, 2.4348748667058474e-09, 2.490628249907793e-09, 2.570825340519891e-09, 7.63473714277805e-09, 2.4045760044668278e-09, 2.458780081624456e-09, 2.3630842591040807e-09, 3.232188671418648e-08, 1.5965557112323645e-09, 1.6883752096805715e-09, 5.4843912396077844e-08, 2.4587800816244636e-09, 2.4587800816248483e-09, 5.606964783375965e-09, 2.6609839749043073e-09, 2.5464683454763086e-09, 0.9999993508348272, 2.47406693927354e-09, 4.5087235061990955e-07, 2.3204392615006768e-09, 2.1555126549807603e-09, 2.3485477330457764e-09, 2.3553628039992202e-09, 5.961299860628059e-09, 2.5064027950431243e-09]"
hMpxV/Portugal/INSA-PT0800/2023|EPI_ISL_18702209|2023-11-18,"[0.0, 0.0, 0.0, 0.0, 0.0, 0.0, 0.0, 0.0, 0.0, 0.0, 0.0, 0.0, 0.0, 0.0, 0.0, 0.0, 0.0, 0.0, 0.0, 0.0, 0.0, 0.0, 0.9999999999999999, 0.0, 0.0, 0.0, 0.0, 0.0, 0.0, 0.0, 0.0]"
hMpxV/Portugal/INSA-PT0787/2023|EPI_ISL_18702223|2023-11-02,"[0.0, 0.0, 0.0, 0.0, 0.0, 0.0, 0.0, 0.0, 0.0, 0.0, 0.0, 0.0, 0.0, 0.0, 0.0, 0.0, 0.0, 0.0, 0.0, 0.0, 0.0, 0.0, 1.0, 0.0, 0.0, 0.0, 0.0, 0.0, 0.0, 0.0, 0.0]"
NODE_0000041,"[5.683053379642598e-10, 8.92857256165567e-10, 1.5024570520101006e-08, 9.196979829692298e-10, 7.937566384302129e-10, 9.033855015797486e-10, 8.914942735591115e-10, 9.047638473396704e-10, 9.299350083186346e-10, 2.89171327249008e-09, 8.785659242984706e-10, 9.00543746565776e-10, 8.586601293612459e-10, 1.2605016594207201e-08, 5.775274871357833e-10, 6.128021674130166e-10, 2.161687801539503e-08, 9.005437465657749e-10, 9.005437465659167e-10, 2.106113577468896e-09, 1.012186873000836e-09, 9.309956897288795e-10, 0.9999997410510041, 9.023807173902573e-10, 1.8294589416178344e-07, 8.494167269113277e-10, 7.827350114624336e-10, 8.58375614312319e-10, 8.612925850460721e-10, 2.2212187718814566e-09, 9.068252350157883e-10]"
hMpxV/Portugal/INSA-PT0767/2023|EPI_ISL_18702237|2023-10-13,"[0.0, 0.0, 0.0, 0.0, 0.0, 0.0, 0.0, 0.0, 0.0, 0.0, 0.0, 0.0, 0.0, 0.0, 0.0, 0.0, 0.0, 0.0, 0.0, 0.0, 0.0, 0.0, 1.0, 0.0, 0.0, 0.0, 0.0, 0.0, 0.0, 0.0, 0.0]"
hMpxV/Portugal/INSA-PT0781/2023|EPI_ISL_18702251|2023-10-26,"[0.0, 0.0, 0.0, 0.0, 0.0, 0.0, 0.0, 0.0, 0.0, 0.0, 0.0, 0.0, 0.0, 0.0, 0.0, 0.0, 0.0, 0.0, 0.0, 0.0, 0.0, 0.0, 1.0, 0.0, 0.0, 0.0, 0.0, 0.0, 0.0, 0.0, 0.0]"
NODE_0000037,"[8.735038849683418e-10, 9.481460970193482e-10, 3.7546633732065164e-07, 9.653478983788058e-10, 1.3275093968790109e-09, 9.557970388630347e-10, 9.842994071087751e-10, 9.618151620119804e-10, 9.869853155117393e-10, 2.9978784115918307e-09, 9.329871137115533e-10, 9.502865436249405e-10, 8.984826417857789e-10, 1.296612867354319e-08, 5.892381365871087e-10, 8.486692867007316e-10, 2.2151875239592377e-08, 9.502865436249494e-10, 9.502865436250908e-10, 2.1714871476537037e-09, 2.7104776744130343e-09, 9.600891979069724e-10, 0.9999993718080019, 9.557245267037516e-10, 1.8439732462041496e-07, 9.035099853543227e-10, 7.942487799481368e-10, 9.172619268143561e-10, 8.936551464905503e-10, 4.8151396081904035e-09, 9.672190792126702e-10]"
hMpxV/Brazil/SP-IAL-357531200/2024|EPI_ISL_19359677|2024-02-27,"[0.0, 0.0, 1.0, 0.0, 0.0, 0.0, 0.0, 0.0, 0.0, 0.0, 0.0, 0.0, 0.0, 0.0, 0.0, 0.0, 0.0, 0.0, 0.0, 0.0, 0.0, 0.0, 0.0, 0.0, 0.0, 0.0, 0.0, 0.0, 0.0, 0.0, 0.0]"
hMpxV/Portugal/INSA-PT0772/2023|EPI_ISL_18702224|2023-10-12,"[0.0, 0.0, 0.0, 0.0, 0.0, 0.0, 0.0, 0.0, 0.0, 0.0, 0.0, 0.0, 0.0, 0.0, 0.0, 0.0, 0.0, 0.0, 0.0, 0.0, 0.0, 0.0, 1.0, 0.0, 0.0, 0.0, 0.0, 0.0, 0.0, 0.0, 0.0]"
hMpxV/Portugal/INSA-PT0794/2023|EPI_ISL_18702227|2023-11-09,"[0.0, 0.0, 0.0, 0.0, 0.0, 0.0, 0.0, 0.0, 0.0, 0.0, 0.0, 0.0, 0.0, 0.0, 0.0, 0.0, 0.0, 0.0, 0.0, 0.0, 0.0, 0.0, 1.0, 0.0, 0.0, 0.0, 0.0, 0.0, 0.0, 0.0, 0.0]"
NODE_0000039,"[3.2081365301043433e-18, 7.821247852361698e-18, 2.0091932369764358e-15, 8.036319695983324e-18, 6.762989805652906e-18, 7.915330999069833e-18, 7.8938151407915e-18, 8.313983590468469e-18, 8.620957637110677e-18, 7.431152220185537e-17, 7.923018193926111e-18, 7.957449925239788e-18, 7.328162389242642e-18, 1.2886247012406013e-15, 3.83089952925557e-18, 4.618466876080856e-18, 3.552107105278934e-15, 7.957449925239892e-18, 7.957449925242289e-18, 4.022895979697214e-17, 2.7009461287948624e-17, 7.686752717709305e-18, 0.999999999999706, 8.131145168678304e-18, 2.86887389835652e-13, 7.429515237892256e-18, 5.822584774758619e-18, 7.69711511733643e-18, 7.095796404718919e-18, 4.1216416659195715e-17, 8.48637201761256e-18]"
hMpxV/Portugal/INSA-PT0770/2023|EPI_ISL_18702219|2023-10-12,"[0.0, 0.0, 0.0, 0.0, 0.0, 0.0, 0.0, 0.0, 0.0, 0.0, 0.0, 0.0, 0.0, 0.0, 0.0, 0.0, 0.0, 0.0, 0.0, 0.0, 0.0, 0.0, 1.0, 0.0, 0.0, 0.0, 0.0, 0.0, 0.0, 0.0, 0.0]"
hMpxV/Portugal/INSA-PT0783/2023|EPI_ISL_18702229|2023-10-29,"[0.0, 0.0, 0.0, 0.0, 0.0, 0.0, 0.0, 0.0, 0.0, 0.0, 0.0, 0.0, 0.0, 0.0, 0.0, 0.0, 0.0, 0.0, 0.0, 0.0, 0.0, 0.0, 1.0, 0.0, 0.0, 0.0, 0.0, 0.0, 0.0, 0.0, 0.0]"
hMpxV/Portugal/INSA-PT0768/2023|EPI_ISL_18702248|2023-10-12,"[0.0, 0.0, 0.0, 0.0, 0.0, 0.0, 0.0, 0.0, 0.0, 0.0, 0.0, 0.0, 0.0, 0.0, 0.0, 0.0, 0.0, 0.0, 0.0, 0.0, 0.0, 0.0, 1.0, 0.0, 0.0, 0.0, 0.0, 0.0, 0.0, 0.0, 0.0]"
hMpxV/Portugal/INSA-PT0806/2023|EPI_ISL_18993964|2023-11-30,"[0.0, 0.0, 0.0, 0.0, 0.0, 0.0, 0.0, 0.0, 0.0, 0.0, 0.0, 0.0, 0.0, 0.0, 0.0, 0.0, 0.0, 0.0, 0.0, 0.0, 0.0, 0.0, 1.0, 0.0, 0.0, 0.0, 0.0, 0.0, 0.0, 0.0, 0.0]"
NODE_0000040,"[7.056677666259887e-10, 1.097144682874527e-09, 1.7800329971291784e-08, 1.1299636332516744e-09, 9.778838793904999e-10, 1.1099111169953384e-09, 1.095330385495926e-09, 1.1160691765040333e-09, 1.1495790892983957e-09, 3.487089956338147e-09, 1.0805789436299475e-09, 1.1062624778505982e-09, 1.0591418504482557e-09, 1.4951184400713783e-08, 7.142146974931359e-10, 7.564349256057386e-10, 2.5486818028733866e-08, 1.1062624778505914e-09, 1.1062624778507668e-09, 2.551522411233768e-09, 1.2178871042570144e-09, 1.1448119978345986e-09, 0.9999996968668031, 1.1108698797200171e-09, 2.1212423606649882e-07, 1.04376097125676e-09, 9.659481113113847e-10, 1.055583055341756e-09, 1.0589965126150921e-09, 2.7025682680414035e-09, 1.1208823969600855e-09]"
hMpxV/Portugal/INSA-PT0803/2023|EPI_ISL_18702217|2023-11-28,"[0.0, 0.0, 0.0, 0.0, 0.0, 0.0, 0.0, 0.0, 0.0, 0.0, 0.0, 0.0, 0.0, 0.0, 0.0, 0.0, 0.0, 0.0, 0.0, 0.0, 0.0, 0.0, 0.9999999999999999, 0.0, 0.0, 0.0, 0.0, 0.0, 0.0, 0.0, 0.0]"
hMpxV/Portugal/INSA-PT0799/2023|EPI_ISL_18702252|2023-11-20,"[0.0, 0.0, 0.0, 0.0, 0.0, 0.0, 0.0, 0.0, 0.0, 0.0, 0.0, 0.0, 0.0, 0.0, 0.0, 0.0, 0.0, 0.0, 0.0, 0.0, 0.0, 0.0, 1.0, 0.0, 0.0, 0.0, 0.0, 0.0, 0.0, 0.0, 0.0]"
NODE_0000043,"[8.527995161189199e-07, 8.981919592365353e-07, 4.463120152922028e-06, 9.228419962990803e-07, 8.05677895215744e-07, 9.078213240884928e-07, 8.972298571351252e-07, 1.7610351601002896e-06, 2.2443986877383803e-06, 1.9065887263449462e-06, 1.1610734274393158e-06, 9.055877855264805e-07, 1.2687247596059796e-06, 4.937222092882653e-06, 8.001511204296625e-07, 6.304043382679986e-07, 6.987135880316568e-06, 9.055877855264655e-07, 9.055877855264852e-07, 1.524176716193062e-06, 6.405669953386631e-07, 9.319625513150215e-07, 0.9911133899362404, 1.3330216344543496e-06, 0.008840428110189587, 8.577716125893453e-07, 1.15731763034835e-06, 8.674353912967134e-07, 8.678118163994424e-07, 1.647159645854641e-06, 2.1935493250589174e-06]"
hMpxV/Portugal/INSA-PT0702/2023|EPI_ISL_18553847|2023-08-08,"[0.0, 0.0, 0.0, 0.0, 0.0, 0.0, 0.0, 0.0, 0.0, 0.0, 0.0, 0.0, 0.0, 0.0, 0.0, 0.0, 0.0, 0.0, 0.0, 0.0, 0.0, 0.0, 1.0, 0.0, 0.0, 0.0, 0.0, 0.0, 0.0, 0.0, 0.0]"
NODE_0000044,"[3.358229382040554e-35, 1.8642763532665065e-34, 5.097480356817038e-29, 1.8638249811657256e-34, 1.6262365144629328e-34, 1.8783574344979401e-34, 1.947409523687969e-34, 4.163124375363817e-34, 5.406906499376027e-34, 3.9180934029823396e-31, 2.6198741330902875e-34, 1.928825654360197e-34, 2.1529047286628985e-34, 2.0758292390465577e-26, 4.874873059201354e-35, 1.158068627481299e-34, 5.385378254206461e-28, 1.928825654360228e-34, 1.9288256543604236e-34, 5.872497002780872e-33, 6.581879050871286e-32, 1.4307979338340463e-34, 1.0, 2.9627917600532705e-34, 6.797097745008212e-22, 2.2299258035539677e-34, 9.90375274319496e-35, 2.5142731190876736e-34, 1.300981125278987e-34, 7.257132777724542e-32, 5.52025275090075e-34]"
hMpxV/Portugal/INSA-PT0633/2023|EPI_ISL_18044987|2023-06-25,"[0.0, 0.0, 0.0, 0.0, 0.0, 0.0, 0.0, 0.0, 0.0, 0.0, 0.0, 0.0, 0.0, 0.0, 0.0, 0.0, 0.0, 0.0, 0.0, 0.0, 0.0, 0.0, 1.0, 0.0, 0.0, 0.0, 0.0, 0.0, 0.0, 0.0, 0.0]"
hMpxV/Germany/BY-IMB-2541/2023|EPI_ISL_18627266|2023-11-22,"[0.0, 0.0, 0.0, 0.0, 0.0, 0.0, 0.0, 0.0, 0.0, 1.0, 0.0, 0.0, 0.0, 0.0, 0.0, 0.0, 0.0, 0.0, 0.0, 0.0, 0.0, 0.0, 0.0, 0.0, 0.0, 0.0, 0.0, 0.0, 0.0, 0.0, 0.0]"
hMpxV/Portugal/INSA-PT0646/2023|EPI_ISL_18076389|2023-07-07,"[0.0, 0.0, 0.0, 0.0, 0.0, 0.0, 0.0, 0.0, 0.0, 0.0, 0.0, 0.0, 0.0, 0.0, 0.0, 0.0, 0.0, 0.0, 0.0, 0.0, 0.0, 0.0, 1.0, 0.0, 0.0, 0.0, 0.0, 0.0, 0.0, 0.0, 0.0]"
hMpxV/Portugal/INSA-PT0685/2023|EPI_ISL_18553816|2023-07-13,"[0.0, 0.0, 0.0, 0.0, 0.0, 0.0, 0.0, 0.0, 0.0, 0.0, 0.0, 0.0, 0.0, 0.0, 0.0, 0.0, 0.0, 0.0, 0.0, 0.0, 0.0, 0.0, 1.0, 0.0, 0.0, 0.0, 0.0, 0.0, 0.0, 0.0, 0.0]"
hMpxV/Portugal/INSA-PT0689/2023|EPI_ISL_18553822|2023-07-17,"[0.0, 0.0, 0.0, 0.0, 0.0, 0.0, 0.0, 0.0, 0.0, 0.0, 0.0, 0.0, 0.0, 0.0, 0.0, 0.0, 0.0, 0.0, 0.0, 0.0, 0.0, 0.0, 0.9999999999999999, 0.0, 0.0, 0.0, 0.0, 0.0, 0.0, 0.0, 0.0]"
hMpxV/Portugal/INSA-PT0716/2023|EPI_ISL_18553820|2023-08-31,"[0.0, 0.0, 0.0, 0.0, 0.0, 0.0, 0.0, 0.0, 0.0, 0.0, 0.0, 0.0, 0.0, 0.0, 0.0, 0.0, 0.0, 0.0, 0.0, 0.0, 0.0, 0.0, 1.0, 0.0, 0.0, 0.0, 0.0, 0.0, 0.0, 0.0, 0.0]"
hMpxV/Portugal/INSA-PT0701/2023|EPI_ISL_18553829|2023-08-07,"[0.0, 0.0, 0.0, 0.0, 0.0, 0.0, 0.0, 0.0, 0.0, 0.0, 0.0, 0.0, 0.0, 0.0, 0.0, 0.0, 0.0, 0.0, 0.0, 0.0, 0.0, 0.0, 0.9999999999999999, 0.0, 0.0, 0.0, 0.0, 0.0, 0.0, 0.0, 0.0]"
hMpxV/Portugal/INSA-PT0694/2023|EPI_ISL_18553835|2023-07-18,"[0.0, 0.0, 0.0, 0.0, 0.0, 0.0, 0.0, 0.0, 0.0, 0.0, 0.0, 0.0, 0.0, 0.0, 0.0, 0.0, 0.0, 0.0, 0.0, 0.0, 0.0, 0.0, 1.0, 0.0, 0.0, 0.0, 0.0, 0.0, 0.0, 0.0, 0.0]"
hMpxV/Portugal/INSA-PT0656/2023|EPI_ISL_18228645|2023-07-21,"[0.0, 0.0, 0.0, 0.0, 0.0, 0.0, 0.0, 0.0, 0.0, 0.0, 0.0, 0.0, 0.0, 0.0, 0.0, 0.0, 0.0, 0.0, 0.0, 0.0, 0.0, 0.0, 1.0, 0.0, 0.0, 0.0, 0.0, 0.0, 0.0, 0.0, 0.0]"
hMpxV/Portugal/INSA-PT0653/2023|EPI_ISL_18228631|2023-07-21,"[0.0, 0.0, 0.0, 0.0, 0.0, 0.0, 0.0, 0.0, 0.0, 0.0, 0.0, 0.0, 0.0, 0.0, 0.0, 0.0, 0.0, 0.0, 0.0, 0.0, 0.0, 0.0, 1.0, 0.0, 0.0, 0.0, 0.0, 0.0, 0.0, 0.0, 0.0]"
hMpxV/Portugal/INSA-PT0655/2023|EPI_ISL_18228637|2023-07-21,"[0.0, 0.0, 0.0, 0.0, 0.0, 0.0, 0.0, 0.0, 0.0, 0.0, 0.0, 0.0, 0.0, 0.0, 0.0, 0.0, 0.0, 0.0, 0.0, 0.0, 0.0, 0.0, 1.0, 0.0, 0.0, 0.0, 0.0, 0.0, 0.0, 0.0, 0.0]"
hMpxV/Portugal/INSA-PT0661/2023|EPI_ISL_18228640|2023-07-26,"[0.0, 0.0, 0.0, 0.0, 0.0, 0.0, 0.0, 0.0, 0.0, 0.0, 0.0, 0.0, 0.0, 0.0, 0.0, 0.0, 0.0, 0.0, 0.0, 0.0, 0.0, 0.0, 1.0, 0.0, 0.0, 0.0, 0.0, 0.0, 0.0, 0.0, 0.0]"
NODE_0000052,"[0.00017467906302735974, 0.000249072199208105, 0.0003206106203002832, 0.0002579582433120804, 0.0002212643180919311, 0.0002521981240301081, 0.0002476702869859598, 0.00025484888087444767, 0.0002655175211053045, 0.0003268995259459217, 0.00024328552772415817, 0.00025067417956589557, 0.00027446341348344157, 0.9729694330287734, 0.00016837759062681982, 0.00017213071560464373, 0.004148180638280134, 0.00025067417956590234, 0.0002506741795658808, 0.00029201850259205907, 0.00013050750991157545, 0.00026856941478959066, 0.0156233854386612, 0.00025274942138138934, 0.0007044647252074332, 0.00023514557870141928, 0.0002273077809653904, 0.0002651948816270781, 0.00024363373142958171, 0.00020147306711763464, 0.0002569377115437724]"
hMpxV/Ireland/D-NVRL-Z22IRL00925/2023|EPI_ISL_18634756|2023-10-18,"[0.0, 0.0, 0.0, 0.0, 0.0, 0.0, 0.0, 0.0, 0.0, 0.0, 0.0, 0.0, 0.0, 1.0, 0.0, 0.0, 0.0, 0.0, 0.0, 0.0, 0.0, 0.0, 0.0, 0.0, 0.0, 0.0, 0.0, 0.0, 0.0, 0.0, 0.0]"
hMpxV/Netherlands/un-EMC-NL106/2024|EPI_ISL_19356931|2024-08-13,"[0.0, 0.0, 0.0, 0.0, 0.0, 0.0, 0.0, 0.0, 0.0, 0.0, 0.0, 0.0, 0.0, 0.0, 0.0, 0.0, 1.0, 0.0, 0.0, 0.0, 0.0, 0.0, 0.0, 0.0, 0.0, 0.0, 0.0, 0.0, 0.0, 0.0, 0.0]"
NODE_0000051,"[8.584220327201718e-13, 1.5144389457851353e-12, 5.584763646485784e-11, 1.5581692792564564e-12, 1.3428022127744064e-12, 1.5318618721614475e-12, 1.5168957543641057e-12, 1.5724977105651172e-12, 1.6287348000078586e-12, 6.609289571540946e-12, 1.5073923100142742e-12, 1.5306414703388171e-12, 1.4573218647256718e-12, 4.305715758235084e-11, 9.09841507830486e-13, 1.001413559482049e-12, 8.467994721562413e-11, 1.530641470338826e-12, 1.5306414703391487e-12, 4.42818473831654e-12, 2.330066257266098e-12, 1.5521836664798107e-12, 0.9999999983412244, 1.5512478221030926e-12, 1.425837710547303e-09, 1.4400942124361823e-12, 1.2726923855281059e-12, 1.4696488011147715e-12, 1.4346109771553314e-12, 4.680656099713214e-12, 1.5927035191379003e-12]"
hMpxV/Portugal/INSA-PT0764/2023|EPI_ISL_18702215|2023-10-13,"[0.0, 0.0, 0.0, 0.0, 0.0, 0.0, 0.0, 0.0, 0.0, 0.0, 0.0, 0.0, 0.0, 0.0, 0.0, 0.0, 0.0, 0.0, 0.0, 0.0, 0.0, 0.0, 1.0, 0.0, 0.0, 0.0, 0.0, 0.0, 0.0, 0.0, 0.0]"
hMpxV/Portugal/INSA-PT0747/2023|EPI_ISL_18702218|2023-09-26,"[0.0, 0.0, 0.0, 0.0, 0.0, 0.0, 0.0, 0.0, 0.0, 0.0, 0.0, 0.0, 0.0, 0.0, 0.0, 0.0, 0.0, 0.0, 0.0, 0.0, 0.0, 0.0, 1.0, 0.0, 0.0, 0.0, 0.0, 0.0, 0.0, 0.0, 0.0]"
hMpxV/Portugal/INSA-PT0741/2023|EPI_ISL_18702246|2023-09-25,"[0.0, 0.0, 0.0, 0.0, 0.0, 0.0, 0.0, 0.0, 0.0, 0.0, 0.0, 0.0, 0.0, 0.0, 0.0, 0.0, 0.0, 0.0, 0.0, 0.0, 0.0, 0.0, 0.9999999999999999, 0.0, 0.0, 0.0, 0.0, 0.0, 0.0, 0.0, 0.0]"
NODE_0000053,"[6.733362436939201e-10, 1.4596889789246865e-09, 1.3019989206094255e-09, 1.522380099322816e-09, 1.2187291408668062e-09, 1.4847081740293656e-09, 1.4603295759692705e-09, 1.4880144169449837e-09, 1.5401948816589217e-09, 2.0742046840778597e-09, 1.4306412772807325e-09, 1.4821538376427377e-09, 1.3573359534434773e-09, 0.9999988599564775, 7.297629573147395e-10, 8.250310111193324e-10, 2.592978716485197e-08, 1.4821538376427733e-09, 1.4821538376424652e-09, 1.7255462920823673e-09, 1.2382869708964136e-09, 1.524218584416739e-09, 1.0743498893070995e-06, 1.4844070389479984e-09, 3.6332916105007746e-09, 1.359125969373032e-09, 1.1448637359866694e-09, 1.3860887212250754e-09, 1.3615631652348915e-09, 4.0339511229190836e-10, 1.4902410741493272e-09]"
hMpxV/Ireland/un-NVRL-Z22IRL00908/2023|EPI_ISL_18308397|2023-08-18,"[0.0, 0.0, 0.0, 0.0, 0.0, 0.0, 0.0, 0.0, 0.0, 0.0, 0.0, 0.0, 0.0, 1.0, 0.0, 0.0, 0.0, 0.0, 0.0, 0.0, 0.0, 0.0, 0.0, 0.0, 0.0, 0.0, 0.0, 0.0, 0.0, 0.0, 0.0]"
hMpxV/Ireland/un-NVRL-Z22IRL00910/2023|EPI_ISL_18308399|2023-08-28,"[0.0, 0.0, 0.0, 0.0, 0.0, 0.0, 0.0, 0.0, 0.0, 0.0, 0.0, 0.0, 0.0, 0.9999999999999999, 0.0, 0.0, 0.0, 0.0, 0.0, 0.0, 0.0, 0.0, 0.0, 0.0, 0.0, 0.0, 0.0, 0.0, 0.0, 0.0, 0.0]"
NODE_0000054,"[4.873403337961728e-10, 9.294184392057696e-10, 3.526874189057041e-10, 9.70423174021337e-10, 7.798189169191657e-10, 9.455585234591814e-10, 9.267321897183535e-10, 9.270843100164269e-10, 9.53614698632491e-10, 9.497828840155752e-10, 9.009743387314452e-10, 9.414934435772166e-10, 8.663305611349949e-10, 0.9999999553444641, 5.037498922342546e-10, 5.477831147915073e-10, 6.732005691304976e-09, 9.414934435772017e-10, 9.414934435769323e-10, 8.656171150726672e-10, 5.647225502722203e-10, 9.886558486245524e-10, 1.574192557486025e-08, 9.337993762378595e-10, 4.531615613772948e-10, 8.658211709648781e-10, 7.64141742605642e-10, 8.746050826054427e-10, 8.838390097251589e-10, 2.0150096947272057e-10, 9.19961318709219e-10]"
hMpxV/Ireland/un-NVRL-G23IRL50393/2023|EPI_ISL_18308396|2023-08-16,"[0.0, 0.0, 0.0, 0.0, 0.0, 0.0, 0.0, 0.0, 0.0, 0.0, 0.0, 0.0, 0.0, 1.0, 0.0, 0.0, 0.0, 0.0, 0.0, 0.0, 0.0, 0.0, 0.0, 0.0, 0.0, 0.0, 0.0, 0.0, 0.0, 0.0, 0.0]"
hMpxV/Ireland/un-NVRL-Z22IRL00909/2023|EPI_ISL_18308398|2023-08-31,"[0.0, 0.0, 0.0, 0.0, 0.0, 0.0, 0.0, 0.0, 0.0, 0.0, 0.0, 0.0, 0.0, 0.9999999999999999, 0.0, 0.0, 0.0, 0.0, 0.0, 0.0, 0.0, 0.0, 0.0, 0.0, 0.0, 0.0, 0.0, 0.0, 0.0, 0.0, 0.0]"
NODE_0000049,"[1.0092763031719131e-08, 1.5647514184036185e-08, 2.523541504699428e-07, 1.611457162440115e-08, 1.3959499278063226e-08, 1.5828580715080352e-08, 1.562136776444692e-08, 1.5946133470751023e-08, 1.6441491457329105e-08, 4.954587461411928e-08, 1.541872484365903e-08, 1.5776156734958526e-08, 1.5130924728074774e-08, 2.1856949985522073e-07, 1.0203103666927713e-08, 1.0802315091221533e-08, 3.8825044321492896e-07, 1.577615673495802e-08, 1.5776156734958483e-08, 3.6280892182836566e-08, 1.728927001698853e-08, 1.6328492509627402e-08, 0.9999956710851375, 1.5856609751501156e-08, 3.0025511698355807e-06, 1.4885851456151635e-08, 1.3793262477093702e-08, 1.5062998010896427e-08, 1.5103724500721557e-08, 3.847660648490944e-08, 1.60305569386097e-08]"
hMpxV/Portugal/INSA-PT0703/2023|EPI_ISL_18553833|2023-08-10,"[0.0, 0.0, 0.0, 0.0, 0.0, 0.0, 0.0, 0.0, 0.0, 0.0, 0.0, 0.0, 0.0, 0.0, 0.0, 0.0, 0.0, 0.0, 0.0, 0.0, 0.0, 0.0, 1.0, 0.0, 0.0, 0.0, 0.0, 0.0, 0.0, 0.0, 0.0]"
NODE_0000050,"[3.836256944990887e-11, 8.926363383894045e-11, 1.0084828450612525e-09, 9.249001179846678e-11, 7.502504431085396e-11, 9.056858276708249e-11, 8.962942087916946e-11, 9.082859743362515e-11, 9.309469915698392e-11, 2.992770772485136e-10, 8.819120084258949e-11, 9.076746255308895e-11, 1.1692068475985716e-10, 8.407512467004078e-08, 4.427082821692069e-11, 5.11798311947301e-11, 3.002727108895733e-07, 9.076746255308548e-11, 9.076746255309603e-11, 2.053790602970803e-10, 1.052952153552907e-10, 9.135960890176563e-11, 0.9999995949883758, 9.075071154921222e-11, 1.7014062288716602e-08, 8.386412268474029e-11, 6.760632522405214e-11, 1.2017708929178516e-10, 8.228320450972653e-11, 1.7232798938974397e-10, 9.079565827663384e-11]"
hMpxV/Netherlands/un-EMC-NL088/2023|EPI_ISL_18659828|2023-08-29,"[0.0, 0.0, 0.0, 0.0, 0.0, 0.0, 0.0, 0.0, 0.0, 0.0, 0.0, 0.0, 0.0, 0.0, 0.0, 0.0, 1.0, 0.0, 0.0, 0.0, 0.0, 0.0, 0.0, 0.0, 0.0, 0.0, 0.0, 0.0, 0.0, 0.0, 0.0]"
hMpxV/Ireland/D-NVRL-Z22IRL00922/2023|EPI_ISL_18634755|2023-10-09,"[0.0, 0.0, 0.0, 0.0, 0.0, 0.0, 0.0, 0.0, 0.0, 0.0, 0.0, 0.0, 0.0, 1.0, 0.0, 0.0, 0.0, 0.0, 0.0, 0.0, 0.0, 0.0, 0.0, 0.0, 0.0, 0.0, 0.0, 0.0, 0.0, 0.0, 0.0]"
hMpxV/Portugal/INSA-PT0708/2023|EPI_ISL_18553824|2023-08-10,"[0.0, 0.0, 0.0, 0.0, 0.0, 0.0, 0.0, 0.0, 0.0, 0.0, 0.0, 0.0, 0.0, 0.0, 0.0, 0.0, 0.0, 0.0, 0.0, 0.0, 0.0, 0.0, 1.0, 0.0, 0.0, 0.0, 0.0, 0.0, 0.0, 0.0, 0.0]"
hMpxV/Portugal/INSA-PT0652/2023|EPI_ISL_18228633|2023-07-19,"[0.0, 0.0, 0.0, 0.0, 0.0, 0.0, 0.0, 0.0, 0.0, 0.0, 0.0, 0.0, 0.0, 0.0, 0.0, 0.0, 0.0, 0.0, 0.0, 0.0, 0.0, 0.0, 1.0, 0.0, 0.0, 0.0, 0.0, 0.0, 0.0, 0.0, 0.0]"
NODE_0000045,"[5.301772831662367e-06, 1.2778977388148695e-06, 0.0004731424329715353, 1.2581394311039793e-06, 2.4463677950374674e-06, 1.275890285620414e-06, 1.3302146922535973e-06, 1.296663387487315e-06, 1.3195544229625423e-06, 1.6312893980682722e-06, 1.2623136657514454e-06, 1.258407027870778e-06, 1.6440403352782412e-06, 4.125388846280536e-06, 1.4952235106994095e-06, 5.954675183523542e-06, 0.0004006747950608363, 1.258407027870718e-06, 1.2584070278703933e-06, 1.4282419843966124e-06, 9.559811247647853e-05, 1.2248707816731164e-06, 0.00043800449540545063, 1.2772896543727766e-06, 6.681613896565919e-06, 2.3530260573912997e-06, 1.02003073129993e-06, 3.1631951237082443e-06, 1.1617873742857849e-06, 0.9985375611329073, 1.314322966485458e-06]"
hMpxV/USA/CA-CDPH-1M1000432/2023|EPI_ISL_18781817|2023-10-14,"[0.0, 0.0, 0.0, 0.0, 0.0, 0.0, 0.0, 0.0, 0.0, 0.0, 0.0, 0.0, 0.0, 0.0, 0.0, 0.0, 0.0, 0.0, 0.0, 0.0, 0.0, 0.0, 0.0, 0.0, 0.0, 0.0, 0.0, 0.0, 0.0, 0.9999999999999999, 0.0]"
hMpxV/USA/IL-RIPHL-004-0142/2024|EPI_ISL_19158946|2024-02-07,"[0.0, 0.0, 0.0, 0.0, 0.0, 0.0, 0.0, 0.0, 0.0, 0.0, 0.0, 0.0, 0.0, 0.0, 0.0, 0.0, 0.0, 0.0, 0.0, 0.0, 0.0, 0.0, 0.0, 0.0, 0.0, 0.0, 0.0, 0.0, 0.0, 1.0, 0.0]"
NODE_0000046,"[4.585210004041225e-09, 5.253575494628193e-10, 0.9999995357895374, 5.180758155587484e-10, 4.4136119972733e-09, 5.249468075994807e-10, 6.467165834189515e-10, 5.201080198896323e-10, 5.20479810815226e-10, 5.177356878595102e-10, 5.182663871627844e-10, 5.193699467208175e-10, 4.850955621539296e-10, 5.19243749608555e-10, 4.2726844010248405e-10, 2.483131632131434e-09, 7.754762614104217e-10, 5.193699467208503e-10, 5.193699467207226e-10, 4.85827478646991e-10, 7.85774111859439e-08, 4.981218611198908e-10, 2.1700516452509248e-08, 5.195785756203678e-10, 4.0469319208097613e-10, 6.456272182342902e-10, 4.2940652088942975e-10, 6.460125918906617e-10, 4.846301390907418e-10, 3.397598303324481e-07, 5.199728342663162e-10]"
hMpxV/Brazil/SP-IAL-357514864/2024|EPI_ISL_19359676|2024-02-22,"[0.0, 0.0, 0.9999999999999999, 0.0, 0.0, 0.0, 0.0, 0.0, 0.0, 0.0, 0.0, 0.0, 0.0, 0.0, 0.0, 0.0, 0.0, 0.0, 0.0, 0.0, 0.0, 0.0, 0.0, 0.0, 0.0, 0.0, 0.0, 0.0, 0.0, 0.0, 0.0]"
hMpxV/Brazil/SP-IAL-357496487/2024|EPI_ISL_19359675|2024-02-16,"[0.0, 0.0, 1.0, 0.0, 0.0, 0.0, 0.0, 0.0, 0.0, 0.0, 0.0, 0.0, 0.0, 0.0, 0.0, 0.0, 0.0, 0.0, 0.0, 0.0, 0.0, 0.0, 0.0, 0.0, 0.0, 0.0, 0.0, 0.0, 0.0, 0.0, 0.0]"
hMpxV/Brazil/SP-IAL-357531658/2024|EPI_ISL_19359684|2024-02-28,"[0.0, 0.0, 1.0, 0.0, 0.0, 0.0, 0.0, 0.0, 0.0, 0.0, 0.0, 0.0, 0.0, 0.0, 0.0, 0.0, 0.0, 0.0, 0.0, 0.0, 0.0, 0.0, 0.0, 0.0, 0.0, 0.0, 0.0, 0.0, 0.0, 0.0, 0.0]"
NODE_0000047,"[4.06366811087473e-07, 3.352093545132042e-07, 4.906389261218866e-07, 3.405368487507514e-07, 3.3719711698169715e-07, 3.380584682509902e-07, 3.334377556068e-07, 3.3128322216340766e-07, 3.3771002960715636e-07, 3.3540877026927537e-07, 3.24896847600426e-07, 3.3411594950503683e-07, 6.949631281980192e-07, 1.2642595577516444e-06, 2.6986758163081633e-07, 4.773814217302235e-07, 0.9999470690000547, 3.341159495049926e-07, 3.341159495049937e-07, 3.120967381213224e-07, 7.014428211580789e-07, 3.477092578852478e-07, 3.4232461419926045e-06, 3.325584731617455e-07, 2.4608761838109594e-07, 4.3039640622246646e-07, 2.8066375276622217e-07, 9.179164147706998e-07, 3.15947276715483e-07, 3.767357714339891e-05, 3.297942119699935e-07]"
hMpxV/Netherlands/un-EMC-NL092/2023|EPI_ISL_18746884|2023-12-18,"[0.0, 0.0, 0.0, 0.0, 0.0, 0.0, 0.0, 0.0, 0.0, 0.0, 0.0, 0.0, 0.0, 0.0, 0.0, 0.0, 0.9999999999999999, 0.0, 0.0, 0.0, 0.0, 0.0, 0.0, 0.0, 0.0, 0.0, 0.0, 0.0, 0.0, 0.0, 0.0]"
NODE_0000048,"[7.490291289572944e-12, 1.1447286611768692e-11, 6.728269384042857e-12, 1.1856809980734237e-11, 1.0088028733041565e-11, 1.1621035281554266e-11, 1.1424961579133593e-11, 1.1413459997167758e-11, 1.1694906996239701e-11, 1.1597923476146971e-11, 1.1127942086513994e-11, 1.1560414632617049e-11, 3.5107547326934543e-11, 8.33155768117103e-11, 6.66240613482321e-12, 9.192065072969252e-12, 0.9999999989198128, 1.1560414632603045e-11, 1.1560414632604631e-11, 1.0519963299031015e-11, 8.365163181740328e-12, 1.218093125837505e-11, 2.1649912016930824e-10, 1.1480805274568222e-11, 5.77529842787008e-12, 1.1896437068169249e-11, 9.166686685613429e-12, 3.765272564911206e-11, 1.0746571800499024e-11, 4.4911614613645076e-10, 1.1337725082646405e-11]"
hMpxV/Netherlands/un-EMC-NL093/2023|EPI_ISL_18746885|2023-12-19,"[0.0, 0.0, 0.0, 0.0, 0.0, 0.0, 0.0, 0.0, 0.0, 0.0, 0.0, 0.0, 0.0, 0.0, 0.0, 0.0, 1.0, 0.0, 0.0, 0.0, 0.0, 0.0, 0.0, 0.0, 0.0, 0.0, 0.0, 0.0, 0.0, 0.0, 0.0]"
hMpxV/Netherlands/un-EMC-NL098/2023|EPI_ISL_19356927|2023-12-19,"[0.0, 0.0, 0.0, 0.0, 0.0, 0.0, 0.0, 0.0, 0.0, 0.0, 0.0, 0.0, 0.0, 0.0, 0.0, 0.0, 1.0, 0.0, 0.0, 0.0, 0.0, 0.0, 0.0, 0.0, 0.0, 0.0, 0.0, 0.0, 0.0, 0.0, 0.0]"
NODE_0000154,"[4.091076721685247e-06, 1.0996947606370006e-06, 2.821034979859687e-05, 6.10437344842877e-07, 3.5643383640445304e-06, 7.898187033193331e-07, 8.719198825865127e-07, 6.121630649249729e-07, 6.147749983167663e-07, 6.11676646893795e-07, 6.101943355177281e-07, 6.101413382989058e-07, 5.883334548005503e-07, 8.751118561002595e-07, 1.3410459671303448e-06, 2.0429849605875524e-05, 2.4930117147401925e-06, 6.101413382989011e-07, 6.101413382988645e-07, 8.247708348701753e-07, 0.011104638211668221, 6.054476044696048e-07, 3.0838831543404076e-06, 6.110215737903712e-07, 9.744094191130822e-07, 1.2942034837751873e-06, 5.668065098196362e-07, 1.2473967119298157e-06, 5.904818603175365e-07, 0.9888157063203329, 6.128256116029784e-07]"
hMpxV/USA/NE-UNMC-375/2022|EPI_ISL_17269839|2022-12-28,"[0.0, 0.0, 0.0, 0.0, 0.0, 0.0, 0.0, 0.0, 0.0, 0.0, 0.0, 0.0, 0.0, 0.0, 0.0, 0.0, 0.0, 0.0, 0.0, 0.0, 0.0, 0.0, 0.0, 0.0, 0.0, 0.0, 0.0, 0.0, 0.0, 1.0, 0.0]"
hMpxV/USA/CA-CDPH-1M1000501/2023|EPI_ISL_19143459|2023-11-28,"[0.0, 0.0, 0.0, 0.0, 0.0, 0.0, 0.0, 0.0, 0.0, 0.0, 0.0, 0.0, 0.0, 0.0, 0.0, 0.0, 0.0, 0.0, 0.0, 0.0, 0.0, 0.0, 0.0, 0.0, 0.0, 0.0, 0.0, 0.0, 0.0, 0.9999999999999999, 0.0]"
NODE_0000155,"[3.3890481715400906e-10, 1.70866635748828e-11, 2.4447514243462956e-09, 1.5387730613094708e-11, 3.424935086092582e-11, 1.6430522397431523e-11, 1.6686672831556932e-11, 1.592379072239487e-11, 1.5727457833582014e-11, 1.5566780919754434e-11, 1.6078321506928734e-11, 1.570591739879508e-11, 1.4727131209383465e-11, 1.635596443446372e-11, 4.7543458784236966e-11, 6.078157602721513e-10, 2.1137638362136974e-10, 1.5705917398795016e-11, 1.5705917398792034e-11, 1.5151776092117604e-11, 2.0390272070716672e-07, 1.4508145901066951e-11, 1.9628590904399547e-10, 1.5810039126234177e-11, 4.610274966025076e-11, 7.039988662817666e-11, 1.3067985015666203e-11, 6.585678679478954e-11, 1.4547698495883685e-11, 0.9999997917378098, 1.6008561472839558e-11]"
hMpxV/USA/CT-DPH-1197699001/2023|EPI_ISL_18719999|2023-12-26,"[0.0, 0.0, 0.0, 0.0, 0.0, 0.0, 0.0, 0.0, 0.0, 0.0, 0.0, 0.0, 0.0, 0.0, 0.0, 0.0, 0.0, 0.0, 0.0, 0.0, 0.0, 0.0, 0.0, 0.0, 0.0, 0.0, 0.0, 0.0, 0.0, 1.0, 0.0]"
NODE_0000314,"[2.467801656841213e-14, 4.859818578019221e-16, 2.9102802729313433e-13, 4.510447921954162e-16, 1.0205657608200017e-15, 4.779002791910763e-16, 4.887492377499657e-16, 4.780168703609952e-16, 4.653755826254386e-16, 4.590448361301033e-16, 4.879109874060825e-16, 4.682492139351909e-16, 4.27777467670153e-16, 4.631386676364052e-16, 2.096422999874044e-15, 4.6178781250006805e-14, 1.3947211475642274e-14, 4.682492139352407e-16, 4.682492139347772e-16, 4.269176774166069e-16, 5.949639182990923e-11, 4.067848171753615e-16, 1.327680555567653e-14, 4.729542194210886e-16, 2.0042914399992626e-15, 3.446745017901912e-15, 3.5505526039910106e-16, 3.170172847020336e-15, 4.175998634841933e-16, 0.9999999999400941, 4.818275015168418e-16]"
hMpxV/USA/CA-LACPHL-MA00526/2023|EPI_ISL_18161303|2023-06-09,"[0.0, 0.0, 0.0, 0.0, 0.0, 0.0, 0.0, 0.0, 0.0, 0.0, 0.0, 0.0, 0.0, 0.0, 0.0, 0.0, 0.0, 0.0, 0.0, 0.0, 0.0, 0.0, 0.0, 0.0, 0.0, 0.0, 0.0, 0.0, 0.0, 1.0, 0.0]"
hMpxV/USA/CA-LACPHL-MA00494/2023|EPI_ISL_18161271|2023-04-30,"[0.0, 0.0, 0.0, 0.0, 0.0, 0.0, 0.0, 0.0, 0.0, 0.0, 0.0, 0.0, 0.0, 0.0, 0.0, 0.0, 0.0, 0.0, 0.0, 0.0, 0.0, 0.0, 0.0, 0.0, 0.0, 0.0, 0.0, 0.0, 0.0, 1.0, 0.0]"
hMpxV/USA/CA-LACPHL-MA00492/2023|EPI_ISL_18161269|2023-03-30,"[0.0, 0.0, 0.0, 0.0, 0.0, 0.0, 0.0, 0.0, 0.0, 0.0, 0.0, 0.0, 0.0, 0.0, 0.0, 0.0, 0.0, 0.0, 0.0, 0.0, 0.0, 0.0, 0.0, 0.0, 0.0, 0.0, 0.0, 0.0, 0.0, 1.0, 0.0]"
hMpxV/USA/CA-LACPHL-MA00499/2023|EPI_ISL_18161276|2023-04-30,"[0.0, 0.0, 0.0, 0.0, 0.0, 0.0, 0.0, 0.0, 0.0, 0.0, 0.0, 0.0, 0.0, 0.0, 0.0, 0.0, 0.0, 0.0, 0.0, 0.0, 0.0, 0.0, 0.0, 0.0, 0.0, 0.0, 0.0, 0.0, 0.0, 1.0, 0.0]"
NODE_0000315,"[6.713214980727678e-07, 7.532345351491179e-08, 2.843863886608927e-06, 7.137183605877371e-08, 1.1891181619592356e-07, 7.458447881389715e-08, 7.420949872865126e-08, 7.225305777091043e-08, 7.23698975285209e-08, 7.182839401023662e-08, 7.218405726672771e-08, 7.168296930676713e-08, 6.89935322040108e-08, 7.549493766770297e-08, 1.4632647308412798e-07, 9.163506970948988e-07, 4.6192741459811437e-07, 7.168296930676647e-08, 7.16829693067629e-08, 6.996710624411395e-08, 3.575134136672741e-05, 7.025631545248787e-08, 4.06255781801696e-07, 7.195058134789457e-08, 1.4953227893280239e-07, 2.0339326877667415e-07, 6.520253191078153e-08, 1.9315125056723553e-07, 6.886332154613067e-08, 0.9999567752424582, 7.247990131613593e-08]"
NODE_0000317,"[4.897104542445867e-07, 6.992624319034507e-08, 1.6554666807927025e-06, 6.831159228583328e-08, 9.772244032027201e-08, 6.971631890644939e-08, 6.956294632435843e-08, 6.860291031609474e-08, 6.875368087668844e-08, 6.83357677921933e-08, 6.839922743499329e-08, 6.839313733844954e-08, 6.572006575579086e-08, 6.954203185627841e-08, 1.3210681871349803e-07, 6.028557208580118e-07, 3.6984165884666625e-07, 6.839313733844987e-08, 6.839313733844296e-08, 6.606838917243156e-08, 1.5725051517867828e-05, 6.747577708114073e-08, 3.160635172738772e-07, 6.848363975424273e-08, 1.305129714161875e-07, 1.7576367447161036e-07, 6.15241584099835e-08, 1.6779859981996175e-07, 6.570868192416846e-08, 0.9999788471279839, 6.86671184278621e-08]"
hMpxV/USA/WA-UW-440651/2023|EPI_ISL_19524788|2023-11-29,"[0.0, 0.0, 0.0, 0.0, 0.0, 0.0, 0.0, 0.0, 0.0, 0.0, 0.0, 0.0, 0.0, 0.0, 0.0, 0.0, 0.0, 0.0, 0.0, 0.0, 0.0, 0.0, 0.0, 0.0, 0.0, 0.0, 0.0, 0.0, 0.0, 1.0, 0.0]"
hMpxV/USA/WA-UW-246476/2024|EPI_ISL_19336733|2024-07-16,"[0.0, 0.0, 0.0, 0.0, 0.0, 0.0, 0.0, 0.0, 0.0, 0.0, 0.0, 0.0, 0.0, 0.0, 0.0, 0.0, 0.0, 0.0, 0.0, 0.0, 0.0, 0.0, 0.0, 0.0, 0.0, 0.0, 0.0, 0.0, 0.0, 1.0, 0.0]"
NODE_0000318,"[1.613827638547539e-09, 2.2674965312032618e-10, 5.1572084532125e-09, 2.2328968084044407e-10, 3.0987766501696574e-10, 2.267046227092049e-10, 2.2651539172950009e-10, 2.2434824259772227e-10, 2.2457988357267906e-10, 2.2321130595191407e-10, 2.2380984269200873e-10, 2.2375034213600954e-10, 2.144301643048892e-10, 2.249054033142793e-10, 4.4213737205391583e-10, 1.929994040683727e-09, 1.243292712105908e-09, 2.2375034213606196e-10, 2.2375034213574714e-10, 2.147208462611248e-10, 3.993605412027927e-08, 2.1983978918090444e-10, 1.0563152128697407e-09, 2.240024595177147e-10, 4.3274794995457325e-10, 5.874316612520913e-10, 1.9919729090886283e-10, 5.607003714265402e-10, 2.1425856397936364e-10, 0.9999999425240905, 2.2450826693700068e-10]"
hMpxV/USA/CA-CDPH-1M1000656/2024|EPI_ISL_19367821|2024-06-11,"[0.0, 0.0, 0.0, 0.0, 0.0, 0.0, 0.0, 0.0, 0.0, 0.0, 0.0, 0.0, 0.0, 0.0, 0.0, 0.0, 0.0, 0.0, 0.0, 0.0, 0.0, 0.0, 0.0, 0.0, 0.0, 0.0, 0.0, 0.0, 0.0, 1.0, 0.0]"
hMpxV/USA/CA-CDPH-1M1000639/2024|EPI_ISL_19295782|2024-06-11,"[0.0, 0.0, 0.0, 0.0, 0.0, 0.0, 0.0, 0.0, 0.0, 0.0, 0.0, 0.0, 0.0, 0.0, 0.0, 0.0, 0.0, 0.0, 0.0, 0.0, 0.0, 0.0, 0.0, 0.0, 0.0, 0.0, 0.0, 0.0, 0.0, 1.0, 0.0]"
NODE_0000316,"[3.734463721454099e-09, 2.217124101420101e-10, 2.0492427141058385e-08, 2.1317477573866642e-10, 3.627388272501064e-10, 2.1971652747275878e-10, 2.2234322753784213e-10, 2.1919687422606853e-10, 2.166008570088476e-10, 2.146147944512499e-10, 2.209758663687277e-10, 2.1703874336800651e-10, 2.0334005465719857e-10, 2.153581849975759e-10, 6.242717420221577e-10, 5.367689486020834e-09, 2.56750535414754e-09, 2.1703874336800465e-10, 2.1703874336799103e-10, 2.0320887027017618e-10, 6.403936300551203e-07, 2.0161237638475936e-10, 2.2806243445415394e-09, 2.1805498434419752e-10, 5.982178061601159e-10, 9.07274899268792e-10, 1.7924919826103663e-10, 8.520301777409991e-10, 2.0112295637736838e-10, 0.9999993177777482, 2.1998007161785718e-10]"
hMpxV/USA/CA-CDPH-1M1000498/2024|EPI_ISL_19143457|2024-01-26,"[0.0, 0.0, 0.0, 0.0, 0.0, 0.0, 0.0, 0.0, 0.0, 0.0, 0.0, 0.0, 0.0, 0.0, 0.0, 0.0, 0.0, 0.0, 0.0, 0.0, 0.0, 0.0, 0.0, 0.0, 0.0, 0.0, 0.0, 0.0, 0.0, 1.0, 0.0]"
hMpxV/USA/WA-UW-279946/2024|EPI_ISL_19524786|2024-01-17,"[0.0, 0.0, 0.0, 0.0, 0.0, 0.0, 0.0, 0.0, 0.0, 0.0, 0.0, 0.0, 0.0, 0.0, 0.0, 0.0, 0.0, 0.0, 0.0, 0.0, 0.0, 0.0, 0.0, 0.0, 0.0, 0.0, 0.0, 0.0, 0.0, 0.9999999999999999, 0.0]"
hMpxV/USA/IL-RIPHL-050-0163/2024|EPI_ISL_19031635|2024-03-04,"[0.0, 0.0, 0.0, 0.0, 0.0, 0.0, 0.0, 0.0, 0.0, 0.0, 0.0, 0.0, 0.0, 0.0, 0.0, 0.0, 0.0, 0.0, 0.0, 0.0, 0.0, 0.0, 0.0, 0.0, 0.0, 0.0, 0.0, 0.0, 0.0, 1.0, 0.0]"
NODE_0000299,"[9.498577024956188e-07, 1.1504471263125944e-07, 3.3053436438688203e-06, 1.123979140059816e-07, 1.6367554162136295e-07, 1.1451045783878062e-07, 1.1479966593382722e-07, 1.1338522829631664e-07, 1.1324680348071393e-07, 1.1251010940654874e-07, 1.1334419022776688e-07, 1.129462211578868e-07, 1.0784250487993655e-07, 1.1366087663028082e-07, 2.3935626565314557e-07, 1.1747574502871948e-06, 7.230161009441124e-07, 1.1294622115788573e-07, 1.1294622115788325e-07, 1.0815038761597153e-07, 3.3083425121210365e-05, 1.0991355182413205e-07, 6.180802841235624e-07, 1.1313845282931817e-07, 2.329475942426477e-07, 3.231031239730467e-07, 9.956153381234131e-08, 3.074863808226009e-07, 1.076055162851997e-07, 0.9999567574789059, 1.135213156570438e-07]"
hMpxV/USA/CA-LACPHL-MA00520/2023|EPI_ISL_18161297|2023-05-23,"[0.0, 0.0, 0.0, 0.0, 0.0, 0.0, 0.0, 0.0, 0.0, 0.0, 0.0, 0.0, 0.0, 0.0, 0.0, 0.0, 0.0, 0.0, 0.0, 0.0, 0.0, 0.0, 0.0, 0.0, 0.0, 0.0, 0.0, 0.0, 0.0, 1.0, 0.0]"
NODE_0000300,"[4.9624131010852344e-17, 3.4662663228923173e-19, 1.06841715858199e-15, 3.171192725084693e-19, 8.667092680166209e-19, 3.3877554595914597e-19, 3.525594033479237e-19, 3.4535803338260176e-19, 3.3054314822560125e-19, 3.24883935838168e-19, 3.571031385251744e-19, 3.357928490419202e-19, 2.973474293078132e-19, 3.2028107005256976e-19, 2.4126952132283443e-18, 1.1209077871342678e-16, 2.5117392751963828e-17, 3.3579284904195783e-19, 3.357928490417274e-19, 2.942539031992783e-19, 1.007579966443027e-12, 2.7143036468213535e-19, 2.5031052304098284e-17, 3.404085183951725e-19, 2.210669203385309e-18, 4.381919721517961e-18, 2.286714246100254e-19, 3.95393426414681e-18, 2.8651864143940437e-19, 0.9999999999989911, 3.490884873669655e-19]"
hMpxV/USA/CA-LACPHL-MA00536/2023|EPI_ISL_18161312|2023-06-28,"[0.0, 0.0, 0.0, 0.0, 0.0, 0.0, 0.0, 0.0, 0.0, 0.0, 0.0, 0.0, 0.0, 0.0, 0.0, 0.0, 0.0, 0.0, 0.0, 0.0, 0.0, 0.0, 0.0, 0.0, 0.0, 0.0, 0.0, 0.0, 0.0, 1.0, 0.0]"
hMpxV/USA/CA-LACPHL-MA00556/2023|EPI_ISL_18285971|2023-07-31,"[0.0, 0.0, 0.0, 0.0, 0.0, 0.0, 0.0, 0.0, 0.0, 0.0, 0.0, 0.0, 0.0, 0.0, 0.0, 0.0, 0.0, 0.0, 0.0, 0.0, 0.0, 0.0, 0.0, 0.0, 0.0, 0.0, 0.0, 0.0, 0.0, 1.0, 0.0]"
hMpxV/USA/CA-LACPHL-MA00557/2023|EPI_ISL_18285972|2023-06-29,"[0.0, 0.0, 0.0, 0.0, 0.0, 0.0, 0.0, 0.0, 0.0, 0.0, 0.0, 0.0, 0.0, 0.0, 0.0, 0.0, 0.0, 0.0, 0.0, 0.0, 0.0, 0.0, 0.0, 0.0, 0.0, 0.0, 0.0, 0.0, 0.0, 0.9999999999999999, 0.0]"
NODE_0000313,"[1.0815875081529928e-10, 3.674845020680827e-12, 8.889392868779162e-10, 3.439985423537771e-12, 6.992940537207106e-12, 3.614705738385978e-12, 3.675498073668229e-12, 3.592821177185103e-12, 3.526221104611604e-12, 3.4859045798807087e-12, 3.644604069323466e-12, 3.5359591298621984e-12, 3.2777393947096826e-12, 3.5453627069540372e-12, 1.2614981274553823e-11, 1.8065944360267262e-10, 6.672339448046612e-11, 3.5359591298621015e-12, 3.535959129861638e-12, 3.285904583691633e-12, 7.002743506853897e-08, 3.182710309977163e-12, 6.15630837889532e-11, 3.563141037981324e-12, 1.2171125862968504e-11, 1.960701991982336e-11, 2.825475903037016e-12, 1.8214689109964664e-11, 3.2224408081602824e-12, 0.9999999285311403, 3.614795672790838e-12]"
hMpxV/USA/CA-CDPH-1M1000409/2023|EPI_ISL_18781837|2023-09-19,"[0.0, 0.0, 0.0, 0.0, 0.0, 0.0, 0.0, 0.0, 0.0, 0.0, 0.0, 0.0, 0.0, 0.0, 0.0, 0.0, 0.0, 0.0, 0.0, 0.0, 0.0, 0.0, 0.0, 0.0, 0.0, 0.0, 0.0, 0.0, 0.0, 1.0, 0.0]"
hMpxV/USA/CA-CDPH-1M1000352/2023|EPI_ISL_18452343|2023-10-04,"[0.0, 0.0, 0.0, 0.0, 0.0, 0.0, 0.0, 0.0, 0.0, 0.0, 0.0, 0.0, 0.0, 0.0, 0.0, 0.0, 0.0, 0.0, 0.0, 0.0, 0.0, 0.0, 0.0, 0.0, 0.0, 0.0, 0.0, 0.0, 0.0, 1.0, 0.0]"
hMpxV/USA/CA-CDPH-1M1000345/2023|EPI_ISL_18452336|2023-09-26,"[0.0, 0.0, 0.0, 0.0, 0.0, 0.0, 0.0, 0.0, 0.0, 0.0, 0.0, 0.0, 0.0, 0.0, 0.0, 0.0, 0.0, 0.0, 0.0, 0.0, 0.0, 0.0, 0.0, 0.0, 0.0, 0.0, 0.0, 0.0, 0.0, 1.0, 0.0]"
hMpxV/USA/CA-LACPHL-MA00552/2023|EPI_ISL_18285966|2023-07-27,"[0.0, 0.0, 0.0, 0.0, 0.0, 0.0, 0.0, 0.0, 0.0, 0.0, 0.0, 0.0, 0.0, 0.0, 0.0, 0.0, 0.0, 0.0, 0.0, 0.0, 0.0, 0.0, 0.0, 0.0, 0.0, 0.0, 0.0, 0.0, 0.0, 1.0, 0.0]"
NODE_0000307,"[3.603135948595255e-08, 3.832694142841365e-09, 1.3042656289297184e-07, 3.785956722155585e-09, 5.370800617524248e-09, 3.828380868589518e-09, 3.8525661042878856e-09, 3.830199991693562e-09, 3.812687555599237e-09, 3.786607163431903e-09, 3.835913188718559e-09, 3.8158568496194315e-09, 3.617033788467628e-09, 3.7537828101668185e-09, 8.726349622782967e-09, 4.439416536619452e-08, 2.7616377199442657e-08, 3.81585684961936e-09, 3.815856849618954e-09, 3.6040094146953885e-09, 1.5499460676591739e-06, 3.6659198853080403e-09, 2.3599571456396584e-08, 3.822138972416978e-09, 8.328763957395018e-09, 1.1840189294284924e-08, 3.2691191053507126e-09, 1.1245360273883795e-08, 3.6005743538923354e-09, 0.999998071295185, 3.834092403693971e-09]"
hMpxV/USA/CA-NLACPHL-MA00561/2023|EPI_ISL_18386999|2023-08-09,"[0.0, 0.0, 0.0, 0.0, 0.0, 0.0, 0.0, 0.0, 0.0, 0.0, 0.0, 0.0, 0.0, 0.0, 0.0, 0.0, 0.0, 0.0, 0.0, 0.0, 0.0, 0.0, 0.0, 0.0, 0.0, 0.0, 0.0, 0.0, 0.0, 1.0, 0.0]"
NODE_0000308,"[4.88417342859143e-09, 4.803176862028714e-10, 1.821616245073594e-08, 4.772960777236247e-10, 6.681824356049864e-10, 4.806926213246056e-10, 4.847728889117522e-10, 4.836995526939472e-10, 4.805587468456695e-10, 4.771740060852872e-10, 4.84942425097432e-10, 4.819050486563777e-10, 4.549003711669018e-10, 4.680818330131287e-10, 1.1520503373340612e-09, 6.020473184856112e-09, 3.75224150357558e-09, 4.81905048656365e-10, 4.819050486563e-10, 4.5164559454170064e-10, 2.481236676606222e-07, 4.595442017454246e-10, 3.20762648861947e-09, 4.826922563017899e-10, 1.0875960611978314e-09, 1.5685248311933448e-09, 4.061832703745722e-10, 1.4878989012151526e-09, 4.5220923142061494e-10, 0.9999997008768285, 4.841484426698657e-10]"
hMpxV/USA/CA-LACPHL-MA00590/2023|EPI_ISL_18993207|2023-08-10,"[0.0, 0.0, 0.0, 0.0, 0.0, 0.0, 0.0, 0.0, 0.0, 0.0, 0.0, 0.0, 0.0, 0.0, 0.0, 0.0, 0.0, 0.0, 0.0, 0.0, 0.0, 0.0, 0.0, 0.0, 0.0, 0.0, 0.0, 0.0, 0.0, 1.0, 0.0]"
NODE_0000309,"[5.034381449434042e-22, 7.803229579076224e-25, 2.758598187813819e-20, 6.94984567985315e-25, 2.5682150209738598e-24, 7.571097352753908e-25, 8.046054103138134e-25, 7.878212586134975e-25, 7.366595714460702e-25, 7.20019844649475e-25, 8.294498040305414e-25, 7.567987756830732e-25, 6.426448144244808e-25, 6.938973154383667e-25, 1.0484721816515048e-23, 1.5331323048896144e-21, 2.086669857254236e-22, 7.567987756831845e-25, 7.567987756822737e-25, 6.29430776233847e-25, 2.7730036105989746e-16, 5.532846560675237e-25, 2.2444418270261304e-22, 7.71794711052039e-25, 9.217248949216085e-24, 2.2168883556924194e-23, 4.4569926669068e-25, 1.945371862099605e-23, 6.077015580820657e-25, 0.9999999999999997, 8.000757260137214e-25]"
hMpxV/USA/CA-CDPH-1M1000408/2023|EPI_ISL_18781836|2023-09-29,"[0.0, 0.0, 0.0, 0.0, 0.0, 0.0, 0.0, 0.0, 0.0, 0.0, 0.0, 0.0, 0.0, 0.0, 0.0, 0.0, 0.0, 0.0, 0.0, 0.0, 0.0, 0.0, 0.0, 0.0, 0.0, 0.0, 0.0, 0.0, 0.0, 1.0, 0.0]"
hMpxV/USA/CA-LACPHL-MA00589/2023|EPI_ISL_18993199|2023-09-08,"[0.0, 0.0, 0.0, 0.0, 0.0, 0.0, 0.0, 0.0, 0.0, 0.0, 0.0, 0.0, 0.0, 0.0, 0.0, 0.0, 0.0, 0.0, 0.0, 0.0, 0.0, 0.0, 0.0, 0.0, 0.0, 0.0, 0.0, 0.0, 0.0, 0.9999999999999999, 0.0]"
hMpxV/USA/CA-CDPH-1M1000335/2023|EPI_ISL_18399143|2023-08-18,"[0.0, 0.0, 0.0, 0.0, 0.0, 0.0, 0.0, 0.0, 0.0, 0.0, 0.0, 0.0, 0.0, 0.0, 0.0, 0.0, 0.0, 0.0, 0.0, 0.0, 0.0, 0.0, 0.0, 0.0, 0.0, 0.0, 0.0, 0.0, 0.0, 1.0, 0.0]"
hMpxV/USA/CA-CDPH-1M1000358/2023|EPI_ISL_18786341|2023-09-18,"[0.0, 0.0, 0.0, 0.0, 0.0, 0.0, 0.0, 0.0, 0.0, 0.0, 0.0, 0.0, 0.0, 0.0, 0.0, 0.0, 0.0, 0.0, 0.0, 0.0, 0.0, 0.0, 0.0, 0.0, 0.0, 0.0, 0.0, 0.0, 0.0, 1.0, 0.0]"
hMpxV/USA/CA-CDPH-1M1000359/2023|EPI_ISL_18786342|2023-09-18,"[0.0, 0.0, 0.0, 0.0, 0.0, 0.0, 0.0, 0.0, 0.0, 0.0, 0.0, 0.0, 0.0, 0.0, 0.0, 0.0, 0.0, 0.0, 0.0, 0.0, 0.0, 0.0, 0.0, 0.0, 0.0, 0.0, 0.0, 0.0, 0.0, 1.0, 0.0]"
hMpxV/USA/CA-CDPH-1M1000366/2023|EPI_ISL_18786351|2023-09-21,"[0.0, 0.0, 0.0, 0.0, 0.0, 0.0, 0.0, 0.0, 0.0, 0.0, 0.0, 0.0, 0.0, 0.0, 0.0, 0.0, 0.0, 0.0, 0.0, 0.0, 0.0, 0.0, 0.0, 0.0, 0.0, 0.0, 0.0, 0.0, 0.0, 0.9999999999999999, 0.0]"
NODE_0000310,"[3.368362111136383e-15, 1.4942588993900554e-16, 2.0091768771867626e-14, 1.474751299439708e-16, 2.3533872131467444e-16, 1.493573924353172e-16, 1.5243112379788417e-16, 1.52620597060711e-16, 1.4966469483063008e-16, 1.481794784466691e-16, 1.5450327372546716e-16, 1.511707323757718e-16, 1.3929969524722222e-16, 1.4230884845108958e-16, 5.163762205765994e-16, 4.784496894238811e-15, 2.355518884919374e-15, 1.5117073237581923e-16, 1.511707323755211e-16, 1.3711479727275434e-16, 9.000334178370009e-13, 1.363818799670626e-16, 2.0893343283074267e-15, 1.5185511468693198e-16, 4.733040864113489e-16, 7.588842533078005e-16, 1.1696027419921182e-16, 7.095018610122146e-16, 1.3704207972497454e-16, 0.999999999999062, 1.5309767764402913e-16]"
hMpxV/USA/CA-LACPHL-MA00593/2023|EPI_ISL_18993210|2023-08-18,"[0.0, 0.0, 0.0, 0.0, 0.0, 0.0, 0.0, 0.0, 0.0, 0.0, 0.0, 0.0, 0.0, 0.0, 0.0, 0.0, 0.0, 0.0, 0.0, 0.0, 0.0, 0.0, 0.0, 0.0, 0.0, 0.0, 0.0, 0.0, 0.0, 1.0, 0.0]"
hMpxV/USA/CA-CDPH-1M1000334/2023|EPI_ISL_18399142|2023-08-18,"[0.0, 0.0, 0.0, 0.0, 0.0, 0.0, 0.0, 0.0, 0.0, 0.0, 0.0, 0.0, 0.0, 0.0, 0.0, 0.0, 0.0, 0.0, 0.0, 0.0, 0.0, 0.0, 0.0, 0.0, 0.0, 0.0, 0.0, 0.0, 0.0, 1.0, 0.0]"
hMpxV/USA/CA-CDPH-1M1000337/2023|EPI_ISL_18399145|2023-08-21,"[0.0, 0.0, 0.0, 0.0, 0.0, 0.0, 0.0, 0.0, 0.0, 0.0, 0.0, 0.0, 0.0, 0.0, 0.0, 0.0, 0.0, 0.0, 0.0, 0.0, 0.0, 0.0, 0.0, 0.0, 0.0, 0.0, 0.0, 0.0, 0.0, 1.0, 0.0]"
NODE_0000311,"[2.1801121292667013e-08, 2.319116146601845e-09, 7.880904961300365e-08, 2.2916471503118743e-09, 3.246575847516234e-09, 2.3168617931058255e-09, 2.3315361694228816e-09, 2.3184192749220173e-09, 2.3077486027862446e-09, 2.2919610544884544e-09, 2.3218902902157866e-09, 2.309782722183545e-09, 2.1892502763398346e-09, 2.271149749572038e-09, 5.283957739059966e-09, 2.683998521402692e-08, 1.6716552269237273e-08, 2.3097827221836025e-09, 2.3097827221832617e-09, 2.181016139444327e-09, 9.29834334232478e-07, 2.2187919927004952e-09, 1.4283085330457565e-08, 2.3135639510451915e-09, 5.0419492778995374e-09, 7.168404265412938e-09, 1.9780453476468333e-09, 6.808353798403516e-09, 2.179235652391269e-09, 0.999998841086298, 2.3207513387212467e-09]"
hMpxV/USA/CA-CDPH-1M1000370/2023|EPI_ISL_18786357|2023-09-29,"[0.0, 0.0, 0.0, 0.0, 0.0, 0.0, 0.0, 0.0, 0.0, 0.0, 0.0, 0.0, 0.0, 0.0, 0.0, 0.0, 0.0, 0.0, 0.0, 0.0, 0.0, 0.0, 0.0, 0.0, 0.0, 0.0, 0.0, 0.0, 0.0, 1.0, 0.0]"
NODE_0000312,"[5.95214316839955e-10, 5.835557360527105e-11, 2.216181202522197e-09, 5.803430125318522e-11, 8.103125630648189e-11, 5.841857479154558e-11, 5.892221862088874e-11, 5.881698492284179e-11, 5.842732107762575e-11, 5.801529604835533e-11, 5.897158215426507e-11, 5.860070207949132e-11, 5.529973796474809e-11, 5.6848624003535057e-11, 1.4044416308395163e-10, 7.325867780261264e-10, 4.5772392800040443e-10, 5.860070207949856e-11, 5.860070207945292e-11, 5.4882286421495526e-11, 2.991821240187588e-08, 5.5854308989878003e-11, 3.9117723792344956e-10, 5.869551342404625e-11, 1.324668356583377e-10, 1.9119706248515168e-10, 4.9329000108843214e-11, 1.8136311036277831e-10, 5.49675127250068e-11, 0.9999999638738903, 5.887037947263338e-11]"
hMpxV/USA/CA-CDPH-1M1000449/2023|EPI_ISL_18781636|2023-10-10,"[0.0, 0.0, 0.0, 0.0, 0.0, 0.0, 0.0, 0.0, 0.0, 0.0, 0.0, 0.0, 0.0, 0.0, 0.0, 0.0, 0.0, 0.0, 0.0, 0.0, 0.0, 0.0, 0.0, 0.0, 0.0, 0.0, 0.0, 0.0, 0.0, 1.0, 0.0]"
hMpxV/USA/CA-CDPH-1M1000371/2023|EPI_ISL_18786358|2023-09-29,"[0.0, 0.0, 0.0, 0.0, 0.0, 0.0, 0.0, 0.0, 0.0, 0.0, 0.0, 0.0, 0.0, 0.0, 0.0, 0.0, 0.0, 0.0, 0.0, 0.0, 0.0, 0.0, 0.0, 0.0, 0.0, 0.0, 0.0, 0.0, 0.0, 1.0, 0.0]"
NODE_0000301,"[2.9455712421466062e-08, 3.4470716862886263e-09, 1.0345367879933081e-07, 3.3797202409826374e-09, 4.875762103039843e-09, 3.435265614013407e-09, 3.4474028377017553e-09, 3.4119398100673096e-09, 3.404596414593038e-09, 3.3821422902524904e-09, 3.412378399613898e-09, 3.3989638523891545e-09, 3.2387170677548115e-09, 3.3972384934155047e-09, 7.352433643308624e-09, 3.635584819215839e-08, 2.2472519241910417e-08, 3.39896385238953e-09, 3.3989638523871266e-09, 3.241508105309804e-09, 1.0796110362976353e-06, 3.295977457322606e-09, 1.920594268520216e-08, 3.4046430330188374e-09, 7.11607188467091e-09, 9.935994441951031e-09, 2.9716467236336763e-09, 9.450926295033769e-09, 3.229450135958925e-09, 0.999998607001678, 3.415806278319123e-09]"
hMpxV/USA/CA-CDPH-11000324/2023|EPI_ISL_18323794|2023-08-21,"[0.0, 0.0, 0.0, 0.0, 0.0, 0.0, 0.0, 0.0, 0.0, 0.0, 0.0, 0.0, 0.0, 0.0, 0.0, 0.0, 0.0, 0.0, 0.0, 0.0, 0.0, 0.0, 0.0, 0.0, 0.0, 0.0, 0.0, 0.0, 0.0, 1.0, 0.0]"
NODE_0000302,"[2.0473443446011777e-28, 3.841155895624083e-32, 4.3495991253314265e-26, 3.255464423512201e-32, 1.9249235940951864e-31, 3.676875993977693e-32, 4.0152474296668314e-32, 3.9057261437733836e-32, 3.539333317443942e-32, 3.431863982213804e-32, 4.2159763802965557e-32, 3.684726426832848e-32, 2.9605692051677935e-32, 3.253359063254621e-32, 1.2557767681039974e-30, 9.769140063004714e-28, 6.248126536896484e-29, 3.684726426833218e-32, 3.684726426829734e-32, 2.872302748816812e-32, 1.2686430935100237e-20, 2.3494719018436716e-32, 7.536149397585855e-29, 3.791424941237919e-32, 1.0584438345565104e-30, 3.310981761455248e-30, 1.795776929901095e-32, 2.793124773495876e-30, 2.7283576342442926e-32, 1.0, 3.9949075007445876e-32]"
hMpxV/USA/CA-CDPH-1M1000422/2023|EPI_ISL_18781806|2023-10-13,"[0.0, 0.0, 0.0, 0.0, 0.0, 0.0, 0.0, 0.0, 0.0, 0.0, 0.0, 0.0, 0.0, 0.0, 0.0, 0.0, 0.0, 0.0, 0.0, 0.0, 0.0, 0.0, 0.0, 0.0, 0.0, 0.0, 0.0, 0.0, 0.0, 1.0, 0.0]"
hMpxV/USA/CA-CDPH-1M1000428/2023|EPI_ISL_18781812|2023-09-28,"[0.0, 0.0, 0.0, 0.0, 0.0, 0.0, 0.0, 0.0, 0.0, 0.0, 0.0, 0.0, 0.0, 0.0, 0.0, 0.0, 0.0, 0.0, 0.0, 0.0, 0.0, 0.0, 0.0, 0.0, 0.0, 0.0, 0.0, 0.0, 0.0, 0.9999999999999999, 0.0]"
hMpxV/USA/CA-CDPH-1M1000427/2023|EPI_ISL_18781811|2023-10-03,"[0.0, 0.0, 0.0, 0.0, 0.0, 0.0, 0.0, 0.0, 0.0, 0.0, 0.0, 0.0, 0.0, 0.0, 0.0, 0.0, 0.0, 0.0, 0.0, 0.0, 0.0, 0.0, 0.0, 0.0, 0.0, 0.0, 0.0, 0.0, 0.0, 1.0, 0.0]"
hMpxV/USA/CA-CDPH-1M1000342/2023|EPI_ISL_18452333|2023-09-25,"[0.0, 0.0, 0.0, 0.0, 0.0, 0.0, 0.0, 0.0, 0.0, 0.0, 0.0, 0.0, 0.0, 0.0, 0.0, 0.0, 0.0, 0.0, 0.0, 0.0, 0.0, 0.0, 0.0, 0.0, 0.0, 0.0, 0.0, 0.0, 0.0, 1.0, 0.0]"
hMpxV/USA/CA-CDPH-1M1000401/2023|EPI_ISL_18781925|2023-11-06,"[0.0, 0.0, 0.0, 0.0, 0.0, 0.0, 0.0, 0.0, 0.0, 0.0, 0.0, 0.0, 0.0, 0.0, 0.0, 0.0, 0.0, 0.0, 0.0, 0.0, 0.0, 0.0, 0.0, 0.0, 0.0, 0.0, 0.0, 0.0, 0.0, 0.9999999999999999, 0.0]"
hMpxV/USA/CA-CDPH-1M1000444/2023|EPI_ISL_18781631|2023-11-09,"[0.0, 0.0, 0.0, 0.0, 0.0, 0.0, 0.0, 0.0, 0.0, 0.0, 0.0, 0.0, 0.0, 0.0, 0.0, 0.0, 0.0, 0.0, 0.0, 0.0, 0.0, 0.0, 0.0, 0.0, 0.0, 0.0, 0.0, 0.0, 0.0, 0.9999999999999999, 0.0]"
hMpxV/USA/CA-CDPH-1M1000551/2023|EPI_ISL_19170480|2023-11-03,"[0.0, 0.0, 0.0, 0.0, 0.0, 0.0, 0.0, 0.0, 0.0, 0.0, 0.0, 0.0, 0.0, 0.0, 0.0, 0.0, 0.0, 0.0, 0.0, 0.0, 0.0, 0.0, 0.0, 0.0, 0.0, 0.0, 0.0, 0.0, 0.0, 1.0, 0.0]"
hMpxV/USA/CA-CDPH-1M1000619/2023|EPI_ISL_19295764|2023-10-10,"[0.0, 0.0, 0.0, 0.0, 0.0, 0.0, 0.0, 0.0, 0.0, 0.0, 0.0, 0.0, 0.0, 0.0, 0.0, 0.0, 0.0, 0.0, 0.0, 0.0, 0.0, 0.0, 0.0, 0.0, 0.0, 0.0, 0.0, 0.0, 0.0, 1.0, 0.0]"
hMpxV/USA/CA-CDPH-1M1000365/2023|EPI_ISL_18786350|2023-09-22,"[0.0, 0.0, 0.0, 0.0, 0.0, 0.0, 0.0, 0.0, 0.0, 0.0, 0.0, 0.0, 0.0, 0.0, 0.0, 0.0, 0.0, 0.0, 0.0, 0.0, 0.0, 0.0, 0.0, 0.0, 0.0, 0.0, 0.0, 0.0, 0.0, 1.0, 0.0]"
NODE_0000306,"[1.0167613877561197e-08, 1.1581008725549513e-09, 3.5924981644865753e-08, 1.1395237125353108e-09, 1.6270926732422754e-09, 1.1556414112893635e-09, 1.1606599194875995e-09, 1.151029238236363e-09, 1.1476459377752156e-09, 1.1399949285372007e-09, 1.1516215135390345e-09, 1.146767662415977e-09, 1.0907598777509471e-09, 1.1389166160667046e-09, 2.5222645021029455e-09, 1.2513226438305148e-08, 7.775712080046098e-09, 1.1467676624161061e-09, 1.1467676624152608e-09, 1.0896226787498662e-09, 3.865565508703971e-07, 1.1087200621482558e-09, 6.6427184947537144e-09, 1.148630619529734e-09, 2.4292896515785595e-09, 3.4104033726879102e-09, 9.953010549601958e-10, 3.242688516425149e-09, 1.0870154708262913e-09, 0.9999995057317259, 1.1522450942571149e-09]"
hMpxV/USA/CA-CDPH-1M1000483/2023|EPI_ISL_19143445|2023-12-08,"[0.0, 0.0, 0.0, 0.0, 0.0, 0.0, 0.0, 0.0, 0.0, 0.0, 0.0, 0.0, 0.0, 0.0, 0.0, 0.0, 0.0, 0.0, 0.0, 0.0, 0.0, 0.0, 0.0, 0.0, 0.0, 0.0, 0.0, 0.0, 0.0, 1.0, 0.0]"
hMpxV/USA/CA-CDPH-1M1000499/2023|EPI_ISL_19143476|2023-11-29,"[0.0, 0.0, 0.0, 0.0, 0.0, 0.0, 0.0, 0.0, 0.0, 0.0, 0.0, 0.0, 0.0, 0.0, 0.0, 0.0, 0.0, 0.0, 0.0, 0.0, 0.0, 0.0, 0.0, 0.0, 0.0, 0.0, 0.0, 0.0, 0.0, 0.9999999999999999, 0.0]"
NODE_0000303,"[1.368408854517307e-08, 1.37850514460221e-09, 5.0270765282223816e-08, 1.3683200792956648e-09, 1.918294771479052e-09, 1.3791091000980128e-09, 1.3900683948430143e-09, 1.3859883919872189e-09, 1.3776655342917877e-09, 1.3680478634518049e-09, 1.389151142879358e-09, 1.3808915050403554e-09, 1.3048572819605054e-09, 1.3450942993771676e-09, 3.2619013104666253e-09, 1.6819696259586197e-08, 1.0524018000141826e-08, 1.3808915050403525e-09, 1.38089150504018e-09, 1.2964967216921453e-09, 6.349962749080919e-07, 1.319348410375013e-09, 8.99040176461474e-09, 1.3831232080690458e-09, 3.087158135535001e-09, 4.434876749035708e-09, 1.1686149449403325e-09, 4.208569116775738e-09, 1.2976098397622788e-09, 0.9999992221220009, 1.3872793950926303e-09]"
hMpxV/USA/CA-CDPH-1M1000426/2023|EPI_ISL_18781810|2023-10-11,"[0.0, 0.0, 0.0, 0.0, 0.0, 0.0, 0.0, 0.0, 0.0, 0.0, 0.0, 0.0, 0.0, 0.0, 0.0, 0.0, 0.0, 0.0, 0.0, 0.0, 0.0, 0.0, 0.0, 0.0, 0.0, 0.0, 0.0, 0.0, 0.0, 1.0, 0.0]"
NODE_0000304,"[1.5768410426015426e-18, 9.571536104408717e-21, 3.535786708698621e-17, 8.875097797824597e-21, 2.3442012208478333e-20, 9.397363982881576e-21, 9.819373713699912e-21, 9.694944141900561e-21, 9.244691962415675e-21, 9.0830653629805e-21, 1.0044697148004336e-20, 9.428445634614334e-21, 8.281592111840663e-21, 8.759608745002845e-21, 7.360375831131166e-20, 3.537845262589258e-18, 8.048420776489452e-19, 9.428445634615271e-21, 9.428445634606806e-21, 8.132804322864632e-21, 4.017050621038201e-14, 7.514168437955665e-21, 8.014104786382766e-19, 9.557132889036196e-21, 6.597840955410284e-20, 1.3434226078561792e-19, 6.218015055079276e-21, 1.2096357666253497e-19, 7.959150741049879e-21, 0.9999999999999598, 9.797339118957747e-21]"
hMpxV/USA/CA-CDPH-1M1000419/2023|EPI_ISL_18781848|2023-10-11,"[0.0, 0.0, 0.0, 0.0, 0.0, 0.0, 0.0, 0.0, 0.0, 0.0, 0.0, 0.0, 0.0, 0.0, 0.0, 0.0, 0.0, 0.0, 0.0, 0.0, 0.0, 0.0, 0.0, 0.0, 0.0, 0.0, 0.0, 0.0, 0.0, 1.0, 0.0]"
hMpxV/USA/CA-CDPH-1M1000356/2023|EPI_ISL_18452347|2023-10-03,"[0.0, 0.0, 0.0, 0.0, 0.0, 0.0, 0.0, 0.0, 0.0, 0.0, 0.0, 0.0, 0.0, 0.0, 0.0, 0.0, 0.0, 0.0, 0.0, 0.0, 0.0, 0.0, 0.0, 0.0, 0.0, 0.0, 0.0, 0.0, 0.0, 1.0, 0.0]"
hMpxV/USA/CA-CDPH-1M1000465/2023|EPI_ISL_18959322|2023-12-12,"[0.0, 0.0, 0.0, 0.0, 0.0, 0.0, 0.0, 0.0, 0.0, 0.0, 0.0, 0.0, 0.0, 0.0, 0.0, 0.0, 0.0, 0.0, 0.0, 0.0, 0.0, 0.0, 0.0, 0.0, 0.0, 0.0, 0.0, 0.0, 0.0, 1.0, 0.0]"
hMpxV/USA/CA-CDPH-1M1000438/2023|EPI_ISL_18781627|2023-11-02,"[0.0, 0.0, 0.0, 0.0, 0.0, 0.0, 0.0, 0.0, 0.0, 0.0, 0.0, 0.0, 0.0, 0.0, 0.0, 0.0, 0.0, 0.0, 0.0, 0.0, 0.0, 0.0, 0.0, 0.0, 0.0, 0.0, 0.0, 0.0, 0.0, 1.0, 0.0]"
hMpxV/USA/CA-CDPH-1M1000421/2023|EPI_ISL_19170459|2023-10-06,"[0.0, 0.0, 0.0, 0.0, 0.0, 0.0, 0.0, 0.0, 0.0, 0.0, 0.0, 0.0, 0.0, 0.0, 0.0, 0.0, 0.0, 0.0, 0.0, 0.0, 0.0, 0.0, 0.0, 0.0, 0.0, 0.0, 0.0, 0.0, 0.0, 1.0, 0.0]"
NODE_0000305,"[2.7587362453468662e-09, 1.8507072861149704e-10, 1.1100202725726158e-08, 1.777577135117165e-10, 3.0007255776079877e-10, 1.8296907191308854e-10, 1.8445664870465325e-10, 1.8099124996030006e-10, 1.7948939342343228e-10, 1.773190405018573e-10, 2.409463180770012e-10, 1.7889500277044023e-10, 1.7202378176249297e-10, 1.8057351651564947e-10, 6.788951652100281e-09, 3.447417046680851e-09, 1.680301388863007e-09, 1.7889500277046088e-10, 1.7889500277033378e-10, 1.6773488700231955e-10, 3.2140672775912184e-07, 2.0868945648719038e-10, 1.4714852579077265e-09, 1.7988342470849458e-10, 4.838266688579842e-10, 6.50774183481535e-10, 6.033869785234804e-10, 6.169418701210733e-10, 3.207107160222204e-10, 0.9999996452340881, 1.8178646669536717e-10]"
hMpxV/USA/CA-CDPH-1M1000475/2024|EPI_ISL_19143469|2024-02-10,"[0.0, 0.0, 0.0, 0.0, 0.0, 0.0, 0.0, 0.0, 0.0, 0.0, 0.0, 0.0, 0.0, 0.0, 0.0, 0.0, 0.0, 0.0, 0.0, 0.0, 0.0, 0.0, 0.0, 0.0, 0.0, 0.0, 0.0, 0.0, 0.0, 1.0, 0.0]"
hMpxV/USA/CA-CDPH-1M1000479/2024|EPI_ISL_19143473|2024-02-13,"[0.0, 0.0, 0.0, 0.0, 0.0, 0.0, 0.0, 0.0, 0.0, 0.0, 0.0, 0.0, 0.0, 0.0, 0.0, 0.0, 0.0, 0.0, 0.0, 0.0, 0.0, 0.0, 0.0, 0.0, 0.0, 0.0, 0.0, 0.0, 0.0, 1.0, 0.0]"
hMpxV/Japan/TMIPH-0002/2024|EPI_ISL_19151801|2024-04-06,"[0.0, 0.0, 0.0, 0.0, 0.0, 0.0, 0.0, 0.0, 0.0, 0.0, 0.0, 0.0, 0.0, 0.0, 1.0, 0.0, 0.0, 0.0, 0.0, 0.0, 0.0, 0.0, 0.0, 0.0, 0.0, 0.0, 0.0, 0.0, 0.0, 0.0, 0.0]"
hMpxV/USA/IL-RIPHL-050-0134/2023|EPI_ISL_19016764|2023-10-31,"[0.0, 0.0, 0.0, 0.0, 0.0, 0.0, 0.0, 0.0, 0.0, 0.0, 0.0, 0.0, 0.0, 0.0, 0.0, 0.0, 0.0, 0.0, 0.0, 0.0, 0.0, 0.0, 0.0, 0.0, 0.0, 0.0, 0.0, 0.0, 0.0, 0.9999999999999999, 0.0]"
NODE_0000156,"[8.210825153462734e-08, 8.889790753309411e-09, 2.955451652850185e-07, 8.764861737174304e-09, 1.2497358262985452e-08, 8.873785613770587e-09, 8.925451142102714e-09, 8.864016679058531e-09, 8.827659975399292e-09, 8.767685634873619e-09, 8.875081177688726e-09, 8.830482972628756e-09, 8.379147112905322e-09, 8.717740502476818e-09, 1.998656501267328e-08, 1.0125062442026187e-07, 6.287141595139973e-08, 8.830482972628637e-09, 8.83048297262776e-09, 8.3577056513203e-09, 3.41480052133041e-06, 8.498761809026538e-09, 5.3730592696507254e-08, 8.845172650228933e-09, 1.9129456139339536e-08, 2.7103102383107054e-08, 7.597419702182403e-09, 2.5748183646098745e-08, 8.34388011233249e-09, 0.9999957203358126, 8.873341695331202e-09]"
hMpxV/USA/IL-RIPHL-050-0058/2023|EPI_ISL_17821100|2023-05-17,"[0.0, 0.0, 0.0, 0.0, 0.0, 0.0, 0.0, 0.0, 0.0, 0.0, 0.0, 0.0, 0.0, 0.0, 0.0, 0.0, 0.0, 0.0, 0.0, 0.0, 0.0, 0.0, 0.0, 0.0, 0.0, 0.0, 0.0, 0.0, 0.0, 0.9999999999999999, 0.0]"
NODE_0000157,"[7.849242900127955e-52, 1.8400232032315487e-59, 1.066844030611236e-46, 1.0718962082360994e-59, 9.037805040859149e-58, 1.6031168814506892e-59, 1.8909690217342547e-59, 1.6503477443730007e-59, 1.3352204149679688e-59, 1.2476137917291677e-59, 1.9681985194372837e-59, 1.4169724081326269e-59, 9.479427021709596e-60, 1.3761650452910829e-59, 1.5966598003776656e-56, 3.8536055973566327e-50, 4.337767750394911e-53, 1.4169724081327272e-59, 1.4169724081314175e-59, 9.43316989174232e-60, 8.702081275409388e-35, 5.405103387410565e-60, 9.440815348615212e-53, 1.5275300234809743e-59, 1.4420627523040442e-56, 1.2072174691613868e-55, 3.7990435577433434e-60, 1.0091864786268465e-55, 7.884358831491679e-60, 1.0, 1.755146243575024e-59]"
hMpxV/USA/CA-CDPH-1M1000346/2023|EPI_ISL_18452337|2023-09-30,"[0.0, 0.0, 0.0, 0.0, 0.0, 0.0, 0.0, 0.0, 0.0, 0.0, 0.0, 0.0, 0.0, 0.0, 0.0, 0.0, 0.0, 0.0, 0.0, 0.0, 0.0, 0.0, 0.0, 0.0, 0.0, 0.0, 0.0, 0.0, 0.0, 1.0, 0.0]"
hMpxV/USA/IL-RIPHL-050-0057/2023|EPI_ISL_17821099|2023-05-18,"[0.0, 0.0, 0.0, 0.0, 0.0, 0.0, 0.0, 0.0, 0.0, 0.0, 0.0, 0.0, 0.0, 0.0, 0.0, 0.0, 0.0, 0.0, 0.0, 0.0, 0.0, 0.0, 0.0, 0.0, 0.0, 0.0, 0.0, 0.0, 0.0, 0.9999999999999999, 0.0]"
hMpxV/USA/IL-RIPHL-052-0038/2023|EPI_ISL_17821097|2023-05-11,"[0.0, 0.0, 0.0, 0.0, 0.0, 0.0, 0.0, 0.0, 0.0, 0.0, 0.0, 0.0, 0.0, 0.0, 0.0, 0.0, 0.0, 0.0, 0.0, 0.0, 0.0, 0.0, 0.0, 0.0, 0.0, 0.0, 0.0, 0.0, 0.0, 1.0, 0.0]"
hMpxV/USA/CA-LACPHL-MA00529/2023|EPI_ISL_18161306|2023-07-03,"[0.0, 0.0, 0.0, 0.0, 0.0, 0.0, 0.0, 0.0, 0.0, 0.0, 0.0, 0.0, 0.0, 0.0, 0.0, 0.0, 0.0, 0.0, 0.0, 0.0, 0.0, 0.0, 0.0, 0.0, 0.0, 0.0, 0.0, 0.0, 0.0, 0.9999999999999999, 0.0]"
hMpxV/USA/CA-LACPHL-MA00544/2023|EPI_ISL_18161320|2023-06-28,"[0.0, 0.0, 0.0, 0.0, 0.0, 0.0, 0.0, 0.0, 0.0, 0.0, 0.0, 0.0, 0.0, 0.0, 0.0, 0.0, 0.0, 0.0, 0.0, 0.0, 0.0, 0.0, 0.0, 0.0, 0.0, 0.0, 0.0, 0.0, 0.0, 1.0, 0.0]"
hMpxV/USA/CA-LACPHL-MA00527/2023|EPI_ISL_18161304|2023-06-07,"[0.0, 0.0, 0.0, 0.0, 0.0, 0.0, 0.0, 0.0, 0.0, 0.0, 0.0, 0.0, 0.0, 0.0, 0.0, 0.0, 0.0, 0.0, 0.0, 0.0, 0.0, 0.0, 0.0, 0.0, 0.0, 0.0, 0.0, 0.0, 0.0, 0.9999999999999999, 0.0]"
hMpxV/USA/IL-RIPHL-050-0059/2023|EPI_ISL_17821101|2023-05-23,"[0.0, 0.0, 0.0, 0.0, 0.0, 0.0, 0.0, 0.0, 0.0, 0.0, 0.0, 0.0, 0.0, 0.0, 0.0, 0.0, 0.0, 0.0, 0.0, 0.0, 0.0, 0.0, 0.0, 0.0, 0.0, 0.0, 0.0, 0.0, 0.0, 1.0, 0.0]"
hMpxV/USA/IL-RIPHL-04-0075/2023|EPI_ISL_18137802|2023-06-22,"[0.0, 0.0, 0.0, 0.0, 0.0, 0.0, 0.0, 0.0, 0.0, 0.0, 0.0, 0.0, 0.0, 0.0, 0.0, 0.0, 0.0, 0.0, 0.0, 0.0, 0.0, 0.0, 0.0, 0.0, 0.0, 0.0, 0.0, 0.0, 0.0, 0.9999999999999999, 0.0]"
hMpxV/USA/IL-RIPHL-04-0019/2023|EPI_ISL_18137814|2023-04-20,"[0.0, 0.0, 0.0, 0.0, 0.0, 0.0, 0.0, 0.0, 0.0, 0.0, 0.0, 0.0, 0.0, 0.0, 0.0, 0.0, 0.0, 0.0, 0.0, 0.0, 0.0, 0.0, 0.0, 0.0, 0.0, 0.0, 0.0, 0.0, 0.0, 1.0, 0.0]"
hMpxV/USA/IL-RIPHL-052-0079/2023|EPI_ISL_18137805|2023-07-02,"[0.0, 0.0, 0.0, 0.0, 0.0, 0.0, 0.0, 0.0, 0.0, 0.0, 0.0, 0.0, 0.0, 0.0, 0.0, 0.0, 0.0, 0.0, 0.0, 0.0, 0.0, 0.0, 0.0, 0.0, 0.0, 0.0, 0.0, 0.0, 0.0, 1.0, 0.0]"
hMpxV/USA/IL-RIPHL-04-0022/2023|EPI_ISL_18137816|2023-05-04,"[0.0, 0.0, 0.0, 0.0, 0.0, 0.0, 0.0, 0.0, 0.0, 0.0, 0.0, 0.0, 0.0, 0.0, 0.0, 0.0, 0.0, 0.0, 0.0, 0.0, 0.0, 0.0, 0.0, 0.0, 0.0, 0.0, 0.0, 0.0, 0.0, 0.9999999999999999, 0.0]"
hMpxV/USA/IL-RIPHL-050-0087/2023|EPI_ISL_18137812|2023-07-12,"[0.0, 0.0, 0.0, 0.0, 0.0, 0.0, 0.0, 0.0, 0.0, 0.0, 0.0, 0.0, 0.0, 0.0, 0.0, 0.0, 0.0, 0.0, 0.0, 0.0, 0.0, 0.0, 0.0, 0.0, 0.0, 0.0, 0.0, 0.0, 0.0, 1.0, 0.0]"
hMpxV/USA/IL-RIPHL-04-0023/2023|EPI_ISL_18137817|2023-05-07,"[0.0, 0.0, 0.0, 0.0, 0.0, 0.0, 0.0, 0.0, 0.0, 0.0, 0.0, 0.0, 0.0, 0.0, 0.0, 0.0, 0.0, 0.0, 0.0, 0.0, 0.0, 0.0, 0.0, 0.0, 0.0, 0.0, 0.0, 0.0, 0.0, 0.9999999999999999, 0.0]"
hMpxV/USA/IL-RIPHL-04-0045/2023|EPI_ISL_18137819|2023-05-16,"[0.0, 0.0, 0.0, 0.0, 0.0, 0.0, 0.0, 0.0, 0.0, 0.0, 0.0, 0.0, 0.0, 0.0, 0.0, 0.0, 0.0, 0.0, 0.0, 0.0, 0.0, 0.0, 0.0, 0.0, 0.0, 0.0, 0.0, 0.0, 0.0, 1.0, 0.0]"
hMpxV/USA/IL-RIPHL-04-0044/2023|EPI_ISL_18137818|2023-05-10,"[0.0, 0.0, 0.0, 0.0, 0.0, 0.0, 0.0, 0.0, 0.0, 0.0, 0.0, 0.0, 0.0, 0.0, 0.0, 0.0, 0.0, 0.0, 0.0, 0.0, 0.0, 0.0, 0.0, 0.0, 0.0, 0.0, 0.0, 0.0, 0.0, 1.0, 0.0]"
hMpxV/USA/IL-RIPHL-04-0020/2023|EPI_ISL_18137815|2023-04-27,"[0.0, 0.0, 0.0, 0.0, 0.0, 0.0, 0.0, 0.0, 0.0, 0.0, 0.0, 0.0, 0.0, 0.0, 0.0, 0.0, 0.0, 0.0, 0.0, 0.0, 0.0, 0.0, 0.0, 0.0, 0.0, 0.0, 0.0, 0.0, 0.0, 0.9999999999999999, 0.0]"
hMpxV/USA/CA-LACPHL-MA00502/2023|EPI_ISL_18161279|2023-05-02,"[0.0, 0.0, 0.0, 0.0, 0.0, 0.0, 0.0, 0.0, 0.0, 0.0, 0.0, 0.0, 0.0, 0.0, 0.0, 0.0, 0.0, 0.0, 0.0, 0.0, 0.0, 0.0, 0.0, 0.0, 0.0, 0.0, 0.0, 0.0, 0.0, 1.0, 0.0]"
hMpxV/USA/IL-RIPHL-050-0095/2023|EPI_ISL_18285985|2023-08-03,"[0.0, 0.0, 0.0, 0.0, 0.0, 0.0, 0.0, 0.0, 0.0, 0.0, 0.0, 0.0, 0.0, 0.0, 0.0, 0.0, 0.0, 0.0, 0.0, 0.0, 0.0, 0.0, 0.0, 0.0, 0.0, 0.0, 0.0, 0.0, 0.0, 1.0, 0.0]"
hMpxV/USA/IL-RIPHL-0061/2023|EPI_ISL_17979001|2023-05-31,"[0.0, 0.0, 0.0, 0.0, 0.0, 0.0, 0.0, 0.0, 0.0, 0.0, 0.0, 0.0, 0.0, 0.0, 0.0, 0.0, 0.0, 0.0, 0.0, 0.0, 0.0, 0.0, 0.0, 0.0, 0.0, 0.0, 0.0, 0.0, 0.0, 1.0, 0.0]"
hMpxV/USA/IL-RIPHL-0060/2023|EPI_ISL_17979000|2023-05-31,"[0.0, 0.0, 0.0, 0.0, 0.0, 0.0, 0.0, 0.0, 0.0, 0.0, 0.0, 0.0, 0.0, 0.0, 0.0, 0.0, 0.0, 0.0, 0.0, 0.0, 0.0, 0.0, 0.0, 0.0, 0.0, 0.0, 0.0, 0.0, 0.0, 1.0, 0.0]"
hMpxV/USA/CA-CDPH-1M1000616/2023|EPI_ISL_19295761|2023-10-12,"[0.0, 0.0, 0.0, 0.0, 0.0, 0.0, 0.0, 0.0, 0.0, 0.0, 0.0, 0.0, 0.0, 0.0, 0.0, 0.0, 0.0, 0.0, 0.0, 0.0, 0.0, 0.0, 0.0, 0.0, 0.0, 0.0, 0.0, 0.0, 0.0, 1.0, 0.0]"
NODE_0000297,"[1.1942434698071293e-08, 1.3011672647903561e-09, 4.289787050287114e-08, 1.2823768803996834e-09, 1.8297768446473718e-09, 1.298694075306995e-09, 1.306009282393153e-09, 1.2966969124223016e-09, 1.2915796953011245e-09, 1.2828252429617623e-09, 1.2981970477496243e-09, 1.2917922859304486e-09, 1.2261711905998561e-09, 1.2764904077945057e-09, 2.913088741359102e-09, 1.4726574149112391e-08, 9.141948469723363e-09, 1.2917922859306004e-09, 1.2917922859296744e-09, 1.2233401749171917e-09, 4.913044139575975e-07, 1.2440126658609328e-09, 7.812756973600859e-09, 1.293940594370535e-09, 2.7906470912787556e-09, 3.949187528829129e-09, 1.1127984286319778e-09, 3.752143302494443e-09, 1.22114024417587e-09, 0.9999993828102728, 1.298067987376273e-09]"
hMpxV/USA/IL-RIPHL-052-0039/2023|EPI_ISL_17821098|2023-05-15,"[0.0, 0.0, 0.0, 0.0, 0.0, 0.0, 0.0, 0.0, 0.0, 0.0, 0.0, 0.0, 0.0, 0.0, 0.0, 0.0, 0.0, 0.0, 0.0, 0.0, 0.0, 0.0, 0.0, 0.0, 0.0, 0.0, 0.0, 0.0, 0.0, 1.0, 0.0]"
hMpxV/USA/IL-RIPHL-0068/2023|EPI_ISL_17979002|2023-06-14,"[0.0, 0.0, 0.0, 0.0, 0.0, 0.0, 0.0, 0.0, 0.0, 0.0, 0.0, 0.0, 0.0, 0.0, 0.0, 0.0, 0.0, 0.0, 0.0, 0.0, 0.0, 0.0, 0.0, 0.0, 0.0, 0.0, 0.0, 0.0, 0.0, 1.0, 0.0]"
NODE_0000298,"[3.507825215295801e-10, 2.7021373606706805e-11, 1.6433124007653984e-09, 2.629899395846579e-11, 4.137499310882195e-11, 2.694557330324296e-11, 2.712882222269759e-11, 2.685304063834172e-11, 2.6637918027902626e-11, 2.6414584668996966e-11, 2.6978284950181263e-11, 2.664650458665606e-11, 2.5125740484965865e-11, 2.6422296390036224e-11, 6.812135371469715e-11, 4.736635452303431e-10, 2.477181835906744e-10, 2.6646504586658987e-11, 2.664650458663845e-11, 2.506482720004272e-11, 3.241304203873352e-08, 2.516757346394765e-11, 2.1734603702182825e-10, 2.6743426421703213e-11, 6.577058683308836e-11, 9.624240044065563e-11, 2.2420121812284425e-11, 9.084704793145289e-11, 2.491674928928776e-11, 0.9999999637947745, 2.6925441359992715e-11]"
hMpxV/USA/IL-RIPHL-050-0158/2024|EPI_ISL_19031633|2024-02-19,"[0.0, 0.0, 0.0, 0.0, 0.0, 0.0, 0.0, 0.0, 0.0, 0.0, 0.0, 0.0, 0.0, 0.0, 0.0, 0.0, 0.0, 0.0, 0.0, 0.0, 0.0, 0.0, 0.0, 0.0, 0.0, 0.0, 0.0, 0.0, 0.0, 1.0, 0.0]"
hMpxV/USA/IL-RIPHL-050-0165/2024|EPI_ISL_19031637|2024-03-01,"[0.0, 0.0, 0.0, 0.0, 0.0, 0.0, 0.0, 0.0, 0.0, 0.0, 0.0, 0.0, 0.0, 0.0, 0.0, 0.0, 0.0, 0.0, 0.0, 0.0, 0.0, 0.0, 0.0, 0.0, 0.0, 0.0, 0.0, 0.0, 0.0, 1.0, 0.0]"
hMpxV/USA/IL-RIPHL-050-0164/2024|EPI_ISL_19031636|2024-03-01,"[0.0, 0.0, 0.0, 0.0, 0.0, 0.0, 0.0, 0.0, 0.0, 0.0, 0.0, 0.0, 0.0, 0.0, 0.0, 0.0, 0.0, 0.0, 0.0, 0.0, 0.0, 0.0, 0.0, 0.0, 0.0, 0.0, 0.0, 0.0, 0.0, 1.0, 0.0]"
NODE_0000273,"[8.381020799718986e-11, 4.3902516993859e-12, 9.587621831119558e-09, 4.187446575806078e-12, 1.0652307534678915e-11, 4.351472755322723e-12, 4.5647895709601635e-12, 4.445610178177582e-12, 4.441185047032751e-12, 4.951335179640289e-12, 4.401992781808952e-12, 4.276992006579649e-12, 4.025931760421011e-12, 6.408689278077599e-12, 1.0468138576636324e-11, 1.1194758452915318e-10, 6.813096774332687e-11, 4.276992006580074e-12, 4.276992006576914e-12, 4.455029086527933e-12, 2.369388651433879e-08, 3.897818037555107e-12, 6.862454502746564e-10, 4.360783188420849e-12, 2.8790181616195236e-11, 1.6174501552042254e-11, 3.3923157667608928e-12, 1.5424228137318258e-11, 3.8850047843571204e-12, 0.9999999656033348, 4.522435872882495e-12]"
hMpxV/USA/IL-RIPHL-050-0155/2024|EPI_ISL_19031631|2024-02-29,"[0.0, 0.0, 0.0, 0.0, 0.0, 0.0, 0.0, 0.0, 0.0, 0.0, 0.0, 0.0, 0.0, 0.0, 0.0, 0.0, 0.0, 0.0, 0.0, 0.0, 0.0, 0.0, 0.0, 0.0, 0.0, 0.0, 0.0, 0.0, 0.0, 1.0, 0.0]"
hMpxV/USA/IL-RIPHL-004-0159/2024|EPI_ISL_19158948|2024-03-08,"[0.0, 0.0, 0.0, 0.0, 0.0, 0.0, 0.0, 0.0, 0.0, 0.0, 0.0, 0.0, 0.0, 0.0, 0.0, 0.0, 0.0, 0.0, 0.0, 0.0, 0.0, 0.0, 0.0, 0.0, 0.0, 0.0, 0.0, 0.0, 0.0, 1.0, 0.0]"
hMpxV/USA/IL-RIPHL-050-0153/2024|EPI_ISL_19016819|2024-02-19,"[0.0, 0.0, 0.0, 0.0, 0.0, 0.0, 0.0, 0.0, 0.0, 0.0, 0.0, 0.0, 0.0, 0.0, 0.0, 0.0, 0.0, 0.0, 0.0, 0.0, 0.0, 0.0, 0.0, 0.0, 0.0, 0.0, 0.0, 0.0, 0.0, 1.0, 0.0]"
NODE_0000274,"[0.0002124610603660639, 7.54230355499349e-05, 0.0013607798583648554, 7.468281460497777e-05, 9.032413401411062e-05, 7.549271402072681e-05, 7.485574756529552e-05, 7.412102219464448e-05, 7.497241908413666e-05, 0.00011056495321767058, 7.329946741985219e-05, 7.406847031432825e-05, 7.114186380485386e-05, 0.00018611431455133452, 9.35471067461676e-05, 0.00024719265100100075, 0.000613001646757151, 7.40684703143269e-05, 7.406847031432635e-05, 9.755295627371227e-05, 0.00185678490690506, 7.483949724710896e-05, 0.18888406366198357, 7.407571574871615e-05, 0.0006613380015942152, 0.00012845577813986746, 6.691704879045002e-05, 0.00012512385561581812, 7.147775289818525e-05, 0.8041550671527438, 7.41234518536816e-05]"
hMpxV/Portugal/INSA-PT0828/2024|EPI_ISL_19366742|2024-08-13,"[0.0, 0.0, 0.0, 0.0, 0.0, 0.0, 0.0, 0.0, 0.0, 0.0, 0.0, 0.0, 0.0, 0.0, 0.0, 0.0, 0.0, 0.0, 0.0, 0.0, 0.0, 0.0, 1.0, 0.0, 0.0, 0.0, 0.0, 0.0, 0.0, 0.0, 0.0]"
hMpxV/USA/IL-RIPHL-050-0201/2024|EPI_ISL_19474703|2024-08-23,"[0.0, 0.0, 0.0, 0.0, 0.0, 0.0, 0.0, 0.0, 0.0, 0.0, 0.0, 0.0, 0.0, 0.0, 0.0, 0.0, 0.0, 0.0, 0.0, 0.0, 0.0, 0.0, 0.0, 0.0, 0.0, 0.0, 0.0, 0.0, 0.0, 1.0, 0.0]"
NODE_0000275,"[2.5104485371413717e-05, 5.462437969136399e-06, 0.9987369622807692, 5.409295609925502e-06, 2.166202491951161e-05, 5.463913347849266e-06, 6.174242762897344e-06, 5.3490103729918865e-06, 5.4026296113348665e-06, 5.398157096060526e-06, 5.295181708192244e-06, 5.363589813254493e-06, 5.140662332498531e-06, 5.520625063837849e-06, 4.733032397879791e-06, 1.635753759093078e-05, 7.895317798816332e-06, 5.363589813254547e-06, 5.363589813254353e-06, 5.192554808031182e-06, 0.00014349615473531894, 5.398287561081685e-06, 6.010888500283236e-05, 5.35492895897301e-06, 4.761850259650439e-06, 6.432171999388173e-06, 4.831028234886156e-06, 6.390073077434974e-06, 5.17469132608368e-06, 0.0008640977790241191, 5.3399908499104095e-06]"
hMpxV/Brazil/PR-FIOCRUZ-10550/2024|EPI_ISL_19416187|2024-08-05,"[0.0, 0.0, 1.0, 0.0, 0.0, 0.0, 0.0, 0.0, 0.0, 0.0, 0.0, 0.0, 0.0, 0.0, 0.0, 0.0, 0.0, 0.0, 0.0, 0.0, 0.0, 0.0, 0.0, 0.0, 0.0, 0.0, 0.0, 0.0, 0.0, 0.0, 0.0]"
NODE_0000276,"[6.366967181176608e-08, 1.212422160720136e-08, 0.9999981580626571, 1.2172595187493849e-08, 8.246085496555492e-08, 1.2158455213381392e-08, 1.4733995115716891e-08, 1.2043044046685177e-08, 1.212773144958462e-08, 1.2129061519078202e-08, 1.1932339697933046e-08, 1.2095338226733804e-08, 1.1420080392953303e-08, 1.212872674040569e-08, 8.611387400912955e-09, 3.192341474751448e-08, 1.2752467594666626e-08, 1.2095338226734493e-08, 1.2095338226733126e-08, 1.1473288459562006e-08, 3.783727004245143e-07, 1.196224683280561e-08, 2.9007640717955897e-07, 1.2065797767381418e-08, 8.405981876133897e-09, 1.2110750271866815e-08, 1.0359506303611745e-08, 1.2198453521088275e-08, 1.1477319151611086e-08, 7.127497310067177e-07, 1.2011097908620592e-08]"
hMpxV/Brazil/SP-IAL-357924058/2024|EPI_ISL_19446294|2024-09-02,"[0.0, 0.0, 1.0, 0.0, 0.0, 0.0, 0.0, 0.0, 0.0, 0.0, 0.0, 0.0, 0.0, 0.0, 0.0, 0.0, 0.0, 0.0, 0.0, 0.0, 0.0, 0.0, 0.0, 0.0, 0.0, 0.0, 0.0, 0.0, 0.0, 0.0, 0.0]"
hMpxV/Brazil/SP-IAL-357947559/2024|EPI_ISL_19446310|2024-09-16,"[0.0, 0.0, 0.9999999999999999, 0.0, 0.0, 0.0, 0.0, 0.0, 0.0, 0.0, 0.0, 0.0, 0.0, 0.0, 0.0, 0.0, 0.0, 0.0, 0.0, 0.0, 0.0, 0.0, 0.0, 0.0, 0.0, 0.0, 0.0, 0.0, 0.0, 0.0, 0.0]"
NODE_0000292,"[0.0001058630582631116, 4.11588445259435e-05, 0.00019218027794322344, 4.1181551735874935e-05, 4.733021957667862e-05, 4.136150999187753e-05, 4.0866526142398155e-05, 4.045047131369511e-05, 4.101112032521029e-05, 4.085324129962328e-05, 3.990707586547362e-05, 4.065124319232625e-05, 4.04830934239883e-05, 4.412542216496494e-05, 4.9040085037531675e-05, 0.00011870747593632496, 0.00037241539013976, 4.0651243192325945e-05, 4.065124319232391e-05, 3.914584841395891e-05, 0.0004440949498480807, 6.35933419158479e-05, 9.025078565411742e-05, 4.053971845276225e-05, 4.7547634129118285e-05, 6.730742317791797e-05, 3.6792229665920406e-05, 0.0034669916835399772, 3.9292364017228845e-05, 0.9942052109610365, 4.034396688594288e-05]"
hMpxV/USA/CA-CDPH-1M1000492/2023|EPI_ISL_19143454|2023-12-28,"[0.0, 0.0, 0.0, 0.0, 0.0, 0.0, 0.0, 0.0, 0.0, 0.0, 0.0, 0.0, 0.0, 0.0, 0.0, 0.0, 0.0, 0.0, 0.0, 0.0, 0.0, 0.0, 0.0, 0.0, 0.0, 0.0, 0.0, 0.0, 0.0, 0.9999999999999999, 0.0]"
NODE_0000293,"[0.0008060195775549397, 0.0006211326840415212, 0.0010037886847116529, 0.0006312296490099488, 0.000627487851724961, 0.0006260207489552794, 0.0006173130440591782, 0.0006127597466824515, 0.0006246642495297978, 0.0006242223411396994, 0.0006011410651512369, 0.0006188796300154689, 0.0008256729321625366, 0.0010471532651274147, 0.0005520111047858672, 0.0009179308371795574, 0.05314631342506444, 0.0006188796300154364, 0.0006188796300156773, 0.0005845709130433346, 0.001319555610187337, 0.0031067013223467672, 0.0016810699993615517, 0.0006155682749407284, 0.000514287867650224, 0.0008047401885662619, 0.000556037771204279, 0.8711129125750179, 0.0005908843568294423, 0.05276252070088688, 0.000609650323038117]"
NODE_0000296,"[3.7508034111645e-09, 6.336057415269269e-09, 2.9538330819132696e-09, 6.589532128740292e-09, 5.440646231738472e-09, 6.436416338297945e-09, 6.3123660012961264e-09, 6.305445533957394e-09, 6.4757473045571134e-09, 6.436402542393254e-09, 6.137682766649858e-09, 6.402347138805695e-09, 1.33949440156428e-08, 2.4281546766823575e-08, 3.6840897642683186e-09, 4.196993480501193e-09, 0.9999993134056671, 6.40234713879825e-09, 6.402347138799334e-09, 5.9159120720916275e-09, 2.1377471831346318e-09, 9.715377431059036e-09, 3.652269913422697e-08, 6.350739801125038e-09, 3.227295829972673e-09, 6.072360340442615e-09, 5.307609899450513e-09, 4.4103885363668275e-07, 6.043617821043116e-09, 3.0064829122350203e-08, 6.2577427062359976e-09]"
hMpxV/Netherlands/un-EMC-NL108/2024|EPI_ISL_19356929|2024-05-15,"[0.0, 0.0, 0.0, 0.0, 0.0, 0.0, 0.0, 0.0, 0.0, 0.0, 0.0, 0.0, 0.0, 0.0, 0.0, 0.0, 0.9999999999999999, 0.0, 0.0, 0.0, 0.0, 0.0, 0.0, 0.0, 0.0, 0.0, 0.0, 0.0, 0.0, 0.0, 0.0]"
hMpxV/Netherlands/un-EMC-NL107/2024|EPI_ISL_19356928|2024-05-15,"[0.0, 0.0, 0.0, 0.0, 0.0, 0.0, 0.0, 0.0, 0.0, 0.0, 0.0, 0.0, 0.0, 0.0, 0.0, 0.0, 0.9999999999999999, 0.0, 0.0, 0.0, 0.0, 0.0, 0.0, 0.0, 0.0, 0.0, 0.0, 0.0, 0.0, 0.0, 0.0]"
NODE_0000294,"[0.0001605493109643249, 0.0001416162749010807, 0.0001904306375624095, 0.0001443646832085459, 0.00013957346217278945, 0.0001428733750100369, 0.00014091213416980914, 0.00013985579803968035, 0.000142579109049558, 0.00014250553780913646, 0.0001373368677074591, 0.0001414849034322199, 0.00021831629987589774, 0.00023112174116020855, 0.00013791622974200794, 0.0001915756084597195, 0.010419855243469472, 0.00014148490343220303, 0.0001414849034323223, 0.00013180622092589083, 0.00025553159485461693, 0.0027273433525058757, 0.00033618179780990653, 0.00014060328441357464, 0.00010644729157291637, 0.00017920039177633703, 0.00014673065537193792, 0.9744185126773512, 0.00013435077126928576, 0.00803843811528042, 0.00013901682326890037]"
hMpxV/Spain/GA-CHUAC-01/2024|EPI_ISL_19416107|2024-02-27,"[0.0, 0.0, 0.0, 0.0, 0.0, 0.0, 0.0, 0.0, 0.0, 0.0, 0.0, 0.0, 0.0, 0.0, 0.0, 0.0, 0.0, 0.0, 0.0, 0.0, 0.0, 0.0, 0.0, 0.0, 0.0, 0.0, 0.0, 1.0, 0.0, 0.0, 0.0]"
NODE_0000295,"[7.568627311880269e-12, 2.0675815065121782e-11, 4.8351484909015775e-12, 2.174113873119254e-11, 1.6393042811211457e-11, 2.1101876488477255e-11, 2.0727645112398765e-11, 2.074518987127748e-11, 2.130669305491784e-11, 2.1099572384998245e-11, 2.01675515440952e-11, 2.1127114586901686e-11, 8.644559598671041e-11, 2.056775225102802e-11, 4.0455811816457625e-11, 1.0291137507663922e-11, 2.7610774576044775e-11, 2.1127114586938034e-11, 2.1127114586923044e-11, 1.8309687990859154e-11, 3.1187043458103178e-12, 0.9999999981383496, 1.0217286649296247e-11, 2.092037525648865e-11, 7.070205307548993e-12, 1.9087048495588938e-11, 6.917203706688023e-11, 1.2262984555727209e-09, 1.8981519478643476e-11, 2.8155533911385494e-12, 2.0544786174286187e-11]"
hMpxV/Philippines/RITM-010/2024|EPI_ISL_19420633|2024-08-08,"[0.0, 0.0, 0.0, 0.0, 0.0, 0.0, 0.0, 0.0, 0.0, 0.0, 0.0, 0.0, 0.0, 0.0, 0.0, 0.0, 0.0, 0.0, 0.0, 0.0, 0.0, 1.0, 0.0, 0.0, 0.0, 0.0, 0.0, 0.0, 0.0, 0.0, 0.0]"
hMpxV/Philippines/RITM-020/2024|EPI_ISL_19456606|2024-09-03,"[0.0, 0.0, 0.0, 0.0, 0.0, 0.0, 0.0, 0.0, 0.0, 0.0, 0.0, 0.0, 0.0, 0.0, 0.0, 0.0, 0.0, 0.0, 0.0, 0.0, 0.0, 1.0, 0.0, 0.0, 0.0, 0.0, 0.0, 0.0, 0.0, 0.0, 0.0]"
hMpxV/Philippines/RITM-024/2024|EPI_ISL_19456607|2024-09-07,"[0.0, 0.0, 0.0, 0.0, 0.0, 0.0, 0.0, 0.0, 0.0, 0.0, 0.0, 0.0, 0.0, 0.0, 0.0, 0.0, 0.0, 0.0, 0.0, 0.0, 0.0, 1.0, 0.0, 0.0, 0.0, 0.0, 0.0, 0.0, 0.0, 0.0, 0.0]"
hMpxV/Philippines/RITM-011/2024|EPI_ISL_19456511|2024-08-22,"[0.0, 0.0, 0.0, 0.0, 0.0, 0.0, 0.0, 0.0, 0.0, 0.0, 0.0, 0.0, 0.0, 0.0, 0.0, 0.0, 0.0, 0.0, 0.0, 0.0, 0.0, 1.0, 0.0, 0.0, 0.0, 0.0, 0.0, 0.0, 0.0, 0.0, 0.0]"
NODE_0000277,"[9.186052338379327e-06, 1.7131165671796034e-06, 2.621930097911364e-05, 1.6658779035796615e-06, 2.342608587133077e-06, 1.7071222086107904e-06, 1.693138733941087e-06, 1.6625531226543405e-06, 1.6749320202430666e-06, 1.6660280881929124e-06, 1.6520063781909467e-06, 1.6590408528667702e-06, 1.6109864486804754e-06, 1.7254220711281997e-06, 2.8082600342801912e-06, 1.0809803902058853e-05, 7.060661356275069e-06, 1.6590408528667524e-06, 1.6590408528667109e-06, 1.6280961568401738e-06, 0.00013571449086207635, 1.671435123384658e-06, 5.977378446121927e-06, 1.6604557039019266e-06, 2.837402298852705e-06, 3.6666245207519643e-06, 1.5517052984598526e-06, 3.516476694327881e-06, 1.6168830564086048e-06, 0.9997583203582425, 1.6637002979359775e-06]"
NODE_0000278,"[1.3476986962720593e-06, 6.344653632344505e-10, 7.182939018467452e-08, 6.008245702357301e-10, 1.041410664488781e-09, 6.263813353203548e-10, 6.336649435837706e-10, 6.210105080517363e-10, 6.134636796464288e-10, 6.059530227726548e-10, 6.265550285465892e-10, 6.131034538984105e-10, 5.666542009517378e-10, 6.147140944341028e-10, 2.0407002269635215e-09, 1.2254255861103176e-08, 5.86207228387109e-09, 6.1310345389841e-10, 6.131034538983044e-10, 5.678676639375216e-10, 1.648081327678499e-06, 5.612107183104768e-10, 5.13643643362475e-09, 6.168285008396079e-10, 1.9291956727734757e-09, 2.279071927811303e-09, 4.918243697410137e-10, 2.1605240394432906e-09, 5.607389857369697e-10, 0.9999968882815097, 6.239415928318397e-10]"
hMpxV/USA/CA-LACPHL-MA00633/2024|EPI_ISL_19204035|2024-05-30,"[0.0, 0.0, 0.0, 0.0, 0.0, 0.0, 0.0, 0.0, 0.0, 0.0, 0.0, 0.0, 0.0, 0.0, 0.0, 0.0, 0.0, 0.0, 0.0, 0.0, 0.0, 0.0, 0.0, 0.0, 0.0, 0.0, 0.0, 0.0, 0.0, 1.0, 0.0]"
hMpxV/USA/CA-CDPH-1M1000635/2024|EPI_ISL_19295778|2024-06-21,"[0.0, 0.0, 0.0, 0.0, 0.0, 0.0, 0.0, 0.0, 0.0, 0.0, 0.0, 0.0, 0.0, 0.0, 0.0, 0.0, 0.0, 0.0, 0.0, 0.0, 0.0, 0.0, 0.0, 0.0, 0.0, 0.0, 0.0, 0.0, 0.0, 1.0, 0.0]"
NODE_0000280,"[5.30052393298017e-08, 1.4016759995442866e-09, 4.410960181825899e-08, 1.3774109402026067e-09, 1.969878078975382e-09, 1.3983791906126385e-09, 1.4032957540136116e-09, 1.390429904328495e-09, 1.3872314004999897e-09, 1.3780272612663596e-09, 1.3905572676736406e-09, 1.3853184682030818e-09, 1.3191709985470025e-09, 1.380242409257828e-09, 3.008180473259085e-09, 1.4849392725669365e-08, 9.144419833057066e-09, 1.3853184682031548e-09, 1.3853184682026498e-09, 1.318998919677394e-09, 5.91660132149132e-07, 1.342551186534562e-09, 7.817135443593894e-09, 1.3875533314426404e-09, 2.906310188186112e-09, 4.0457082076550106e-09, 1.207376157237729e-09, 3.848747387982326e-09, 1.3151736844066415e-09, 0.9999992376893148, 1.3919098338599613e-09]"
hMpxV/USA/CA-LACPHL-MA00621/2024|EPI_ISL_19093415|2024-04-11,"[0.0, 0.0, 0.0, 0.0, 0.0, 0.0, 0.0, 0.0, 0.0, 0.0, 0.0, 0.0, 0.0, 0.0, 0.0, 0.0, 0.0, 0.0, 0.0, 0.0, 0.0, 0.0, 0.0, 0.0, 0.0, 0.0, 0.0, 0.0, 0.0, 1.0, 0.0]"
NODE_0000281,"[4.755678488969424e-12, 1.3406505163857492e-13, 4.126772288946029e-11, 1.2755130075187852e-13, 2.493621393230946e-13, 1.3255737724144493e-13, 1.3553083725248403e-13, 1.337694714933333e-13, 1.3064973686137227e-13, 1.2909362974345165e-13, 1.3606177601082404e-13, 1.3168089797082018e-13, 1.2077862437867463e-13, 1.277113655614452e-13, 5.246017226712009e-13, 7.889345136116833e-12, 2.965652500403091e-12, 1.316808979708144e-13, 1.3168089797079695e-13, 1.1993861999838778e-13, 4.115795037297337e-09, 1.1633177428500907e-13, 2.7340632934498876e-12, 1.326804213651303e-13, 4.918700055233156e-13, 8.211789944432779e-13, 1.0094096766689659e-13, 7.606818708010271e-13, 1.1833494806834159e-13, 0.9999999958193193, 1.345497367284387e-13]"
hMpxV/USA/CA-LACPHL-MA00655/2024|EPI_ISL_19347729|2024-07-22,"[0.0, 0.0, 0.0, 0.0, 0.0, 0.0, 0.0, 0.0, 0.0, 0.0, 0.0, 0.0, 0.0, 0.0, 0.0, 0.0, 0.0, 0.0, 0.0, 0.0, 0.0, 0.0, 0.0, 0.0, 0.0, 0.0, 0.0, 0.0, 0.0, 1.0, 0.0]"
hMpxV/USA/CA-LACPHL-MA00657/2024|EPI_ISL_19347733|2024-07-25,"[0.0, 0.0, 0.0, 0.0, 0.0, 0.0, 0.0, 0.0, 0.0, 0.0, 0.0, 0.0, 0.0, 0.0, 0.0, 0.0, 0.0, 0.0, 0.0, 0.0, 0.0, 0.0, 0.0, 0.0, 0.0, 0.0, 0.0, 0.0, 0.0, 1.0, 0.0]"
hMpxV/USA/CA-LACPHL-MA00660/2024|EPI_ISL_19364552|2024-08-06,"[0.0, 0.0, 0.0, 0.0, 0.0, 0.0, 0.0, 0.0, 0.0, 0.0, 0.0, 0.0, 0.0, 0.0, 0.0, 0.0, 0.0, 0.0, 0.0, 0.0, 0.0, 0.0, 0.0, 0.0, 0.0, 0.0, 0.0, 0.0, 0.0, 1.0, 0.0]"
NODE_0000282,"[4.050260572966108e-10, 3.971984973251309e-11, 1.4985689237147522e-09, 3.953997825109656e-11, 5.500478206659112e-11, 3.9777430263693696e-11, 4.0124883898177486e-11, 4.007363788551644e-11, 3.980371811193808e-11, 3.952302546111567e-11, 4.0180449463900767e-11, 3.992863689669808e-11, 3.766886845435099e-11, 3.868172908953728e-11, 9.584536679111931e-11, 4.969789842733878e-10, 3.120633535879561e-10, 3.992863689670325e-11, 3.992863689667024e-11, 3.736757018673362e-11, 1.956080805737595e-08, 3.804262979230978e-11, 2.665293036986943e-10, 3.999209764907107e-11, 9.031521160237161e-11, 1.304201672325387e-10, 3.3570528776689005e-11, 1.2371600256605458e-10, 3.7439911247416826e-11, 0.9999999762233227, 4.010875497088474e-11]"
hMpxV/USA/CA-CDPH-1M1000654/2024|EPI_ISL_19367819|2024-07-16,"[0.0, 0.0, 0.0, 0.0, 0.0, 0.0, 0.0, 0.0, 0.0, 0.0, 0.0, 0.0, 0.0, 0.0, 0.0, 0.0, 0.0, 0.0, 0.0, 0.0, 0.0, 0.0, 0.0, 0.0, 0.0, 0.0, 0.0, 0.0, 0.0, 0.9999999999999999, 0.0]"
hMpxV/USA/CA-CDPH-1M1000660/2024|EPI_ISL_19367825|2024-07-25,"[0.0, 0.0, 0.0, 0.0, 0.0, 0.0, 0.0, 0.0, 0.0, 0.0, 0.0, 0.0, 0.0, 0.0, 0.0, 0.0, 0.0, 0.0, 0.0, 0.0, 0.0, 0.0, 0.0, 0.0, 0.0, 0.0, 0.0, 0.0, 0.0, 1.0, 0.0]"
NODE_0000279,"[1.0, 4.840641470582119e-22, 3.484232191144959e-20, 4.806504167735125e-22, 4.796217334557348e-22, 4.85430357018907e-22, 4.9689659434422665e-22, 4.996812700051622e-22, 4.902323080742494e-22, 4.787246683469253e-22, 5.041622884944512e-22, 4.942829970752531e-22, 4.105622833202985e-22, 4.4415811510952575e-22, 3.895783284808891e-21, 6.457842588860048e-22, 7.44282545133112e-22, 4.942829970750358e-22, 4.942829970752184e-22, 3.9904370071703304e-22, 1.8135654576222822e-20, 4.1208349763267047e-22, 5.117553274977021e-22, 4.966387244384824e-22, 2.8667190855579503e-21, 6.80021657626893e-22, 2.9165312871563746e-22, 6.970118299564013e-22, 4.058890772356815e-22, 2.0738608165889093e-18, 5.008536678389322e-22]"
hMpxV/Australia/VIC-VIDRL-4940/2024|EPI_ISL_19459796|2024-06-03,"[1.0, 0.0, 0.0, 0.0, 0.0, 0.0, 0.0, 0.0, 0.0, 0.0, 0.0, 0.0, 0.0, 0.0, 0.0, 0.0, 0.0, 0.0, 0.0, 0.0, 0.0, 0.0, 0.0, 0.0, 0.0, 0.0, 0.0, 0.0, 0.0, 0.0, 0.0]"
hMpxV/Australia/VIC-VIDRL-6554/2024|EPI_ISL_19459726|2024-06-07,"[1.0, 0.0, 0.0, 0.0, 0.0, 0.0, 0.0, 0.0, 0.0, 0.0, 0.0, 0.0, 0.0, 0.0, 0.0, 0.0, 0.0, 0.0, 0.0, 0.0, 0.0, 0.0, 0.0, 0.0, 0.0, 0.0, 0.0, 0.0, 0.0, 0.0, 0.0]"
hMpxV/Australia/VIC-VIDRL-8012/2024|EPI_ISL_19459738|2024-05-08,"[1.0, 0.0, 0.0, 0.0, 0.0, 0.0, 0.0, 0.0, 0.0, 0.0, 0.0, 0.0, 0.0, 0.0, 0.0, 0.0, 0.0, 0.0, 0.0, 0.0, 0.0, 0.0, 0.0, 0.0, 0.0, 0.0, 0.0, 0.0, 0.0, 0.0, 0.0]"
hMpxV/Australia/VIC-VIDRL-3531/2024|EPI_ISL_19459735|2024-05-28,"[1.0, 0.0, 0.0, 0.0, 0.0, 0.0, 0.0, 0.0, 0.0, 0.0, 0.0, 0.0, 0.0, 0.0, 0.0, 0.0, 0.0, 0.0, 0.0, 0.0, 0.0, 0.0, 0.0, 0.0, 0.0, 0.0, 0.0, 0.0, 0.0, 0.0, 0.0]"
hMpxV/Australia/VIC-VIDRL-7518/2024|EPI_ISL_19459756|2024-05-07,"[0.9999999999999999, 0.0, 0.0, 0.0, 0.0, 0.0, 0.0, 0.0, 0.0, 0.0, 0.0, 0.0, 0.0, 0.0, 0.0, 0.0, 0.0, 0.0, 0.0, 0.0, 0.0, 0.0, 0.0, 0.0, 0.0, 0.0, 0.0, 0.0, 0.0, 0.0, 0.0]"
hMpxV/Australia/VIC-VIDRL-7519/2024|EPI_ISL_19459767|2024-05-07,"[0.9999999999999999, 0.0, 0.0, 0.0, 0.0, 0.0, 0.0, 0.0, 0.0, 0.0, 0.0, 0.0, 0.0, 0.0, 0.0, 0.0, 0.0, 0.0, 0.0, 0.0, 0.0, 0.0, 0.0, 0.0, 0.0, 0.0, 0.0, 0.0, 0.0, 0.0, 0.0]"
hMpxV/Australia/VIC-VIDRL-4069/2024|EPI_ISL_19459793|2024-05-27,"[1.0, 0.0, 0.0, 0.0, 0.0, 0.0, 0.0, 0.0, 0.0, 0.0, 0.0, 0.0, 0.0, 0.0, 0.0, 0.0, 0.0, 0.0, 0.0, 0.0, 0.0, 0.0, 0.0, 0.0, 0.0, 0.0, 0.0, 0.0, 0.0, 0.0, 0.0]"
NODE_0000283,"[4.8778268585249244e-12, 8.927427340957979e-14, 8.043790901800829e-11, 7.723213351367952e-14, 2.3386247934304233e-13, 8.637686567054479e-14, 8.70415854669267e-14, 8.227821476446111e-14, 8.067741000335669e-14, 7.945983519622933e-14, 8.382944868847084e-14, 7.997826933555792e-14, 7.449359488635484e-14, 8.774968049544292e-14, 3.2228758783089265e-13, 1.107954712878969e-11, 2.2890490176254967e-12, 7.997826933555689e-14, 7.99782693355475e-14, 7.643505429769911e-14, 2.051554886837003e-08, 7.09152089074763e-14, 2.2970589996310033e-12, 8.109198353716446e-14, 3.4067126813973047e-13, 5.586416811143002e-13, 6.559906010871403e-14, 5.122124956236758e-13, 7.28860561216239e-14, 0.9999999793799835, 8.324738264336381e-14]"
hMpxV/USA/IL-RIPHL-004-0197/2024|EPI_ISL_19533457|2024-07-12,"[0.0, 0.0, 0.0, 0.0, 0.0, 0.0, 0.0, 0.0, 0.0, 0.0, 0.0, 0.0, 0.0, 0.0, 0.0, 0.0, 0.0, 0.0, 0.0, 0.0, 0.0, 0.0, 0.0, 0.0, 0.0, 0.0, 0.0, 0.0, 0.0, 1.0, 0.0]"
hMpxV/USA/CA-LACPHL-MA00675/2024|EPI_ISL_19437166|2024-08-31,"[0.0, 0.0, 0.0, 0.0, 0.0, 0.0, 0.0, 0.0, 0.0, 0.0, 0.0, 0.0, 0.0, 0.0, 0.0, 0.0, 0.0, 0.0, 0.0, 0.0, 0.0, 0.0, 0.0, 0.0, 0.0, 0.0, 0.0, 0.0, 0.0, 1.0, 0.0]"
hMpxV/USA/CA-LACPHL-MA00645/2024|EPI_ISL_19273374|2024-06-23,"[0.0, 0.0, 0.0, 0.0, 0.0, 0.0, 0.0, 0.0, 0.0, 0.0, 0.0, 0.0, 0.0, 0.0, 0.0, 0.0, 0.0, 0.0, 0.0, 0.0, 0.0, 0.0, 0.0, 0.0, 0.0, 0.0, 0.0, 0.0, 0.0, 1.0, 0.0]"
NODE_0000289,"[2.0288119140134015e-06, 3.249940258005393e-07, 6.331268158994216e-06, 3.146703664550997e-07, 4.583416313748244e-07, 3.2310686979390705e-07, 3.214133902813839e-07, 3.1530996601902676e-07, 3.1688222524414294e-07, 3.1504893658765665e-07, 3.1393875440336603e-07, 3.1428923483097714e-07, 3.0387689695288396e-07, 3.2586699647301914e-07, 5.708145561075548e-07, 2.4679499285529435e-06, 1.5393531571683311e-06, 3.142892348309642e-07, 3.1428923483090916e-07, 3.0703651150379415e-07, 4.248107625783999e-05, 3.1338428751053117e-07, 1.311716609290126e-06, 3.147278696596939e-07, 5.733855242411757e-07, 7.57063011017896e-07, 2.899537603683691e-07, 7.239367597124017e-07, 3.044711415678672e-07, 0.9999347930674832, 3.156653053157393e-07]"
hMpxV/USA/CA-LACPHL-MA00691/2024|EPI_ISL_19468223|2024-09-13,"[0.0, 0.0, 0.0, 0.0, 0.0, 0.0, 0.0, 0.0, 0.0, 0.0, 0.0, 0.0, 0.0, 0.0, 0.0, 0.0, 0.0, 0.0, 0.0, 0.0, 0.0, 0.0, 0.0, 0.0, 0.0, 0.0, 0.0, 0.0, 0.0, 1.0, 0.0]"
hMpxV/USA/CA-CDPH-1M1000603/2024|EPI_ISL_19295752|2024-05-29,"[0.0, 0.0, 0.0, 0.0, 0.0, 0.0, 0.0, 0.0, 0.0, 0.0, 0.0, 0.0, 0.0, 0.0, 0.0, 0.0, 0.0, 0.0, 0.0, 0.0, 0.0, 0.0, 0.0, 0.0, 0.0, 0.0, 0.0, 0.0, 0.0, 1.0, 0.0]"
NODE_0000290,"[5.379724561729036e-07, 7.041343743343894e-08, 1.8187731221644434e-06, 6.859084512056106e-08, 1.000540345315714e-07, 7.005369539288982e-08, 7.007494397876889e-08, 6.906571812818765e-08, 6.910328099962518e-08, 6.866732391485233e-08, 6.89636402002114e-08, 6.880786475519662e-08, 6.593607746554513e-08, 6.986410088540944e-08, 1.3961152907178353e-07, 6.630637897710508e-07, 4.0883211617455754e-07, 6.880786475519642e-08, 6.880786475518867e-08, 6.627451602256698e-08, 1.6325534597711213e-05, 6.742383121297318e-08, 3.4926519786398213e-07, 6.892037350395247e-08, 1.3714911133794413e-07, 1.8759628604848804e-07, 6.145831260443657e-08, 1.7876411255968145e-07, 6.586893688882259e-08, 0.9999778571324774, 6.914854117986895e-08]"
hMpxV/USA/IL-RIPHL-004-0160/2024|EPI_ISL_19158949|2024-03-07,"[0.0, 0.0, 0.0, 0.0, 0.0, 0.0, 0.0, 0.0, 0.0, 0.0, 0.0, 0.0, 0.0, 0.0, 0.0, 0.0, 0.0, 0.0, 0.0, 0.0, 0.0, 0.0, 0.0, 0.0, 0.0, 0.0, 0.0, 0.0, 0.0, 1.0, 0.0]"
NODE_0000291,"[6.441128080282285e-08, 8.209987437722395e-09, 2.196162726065473e-07, 8.012938141977e-09, 1.1640407318647448e-08, 8.172699601147556e-09, 8.181532916152424e-09, 8.073238998208344e-09, 8.0722184421262e-09, 8.020747047188819e-09, 8.064372743069549e-09, 8.04317959119726e-09, 7.696444519039121e-09, 8.131818207099201e-09, 1.65737359308637e-08, 7.937041762859385e-08, 4.90089912047722e-08, 8.043179591198169e-09, 8.043179591192466e-09, 7.72685432800272e-09, 2.041718049277578e-06, 7.861116211030964e-09, 4.186893578516931e-08, 8.056299209530817e-09, 1.621906906929788e-08, 2.2295615895101233e-08, 7.144313253712225e-09, 2.1237049876571543e-08, 7.685021489377387e-09, 0.9999972647183505, 8.0826826938119e-09]"
hMpxV/USA/CA-CDPH-1M1000650/2024|EPI_ISL_19367815|2024-07-10,"[0.0, 0.0, 0.0, 0.0, 0.0, 0.0, 0.0, 0.0, 0.0, 0.0, 0.0, 0.0, 0.0, 0.0, 0.0, 0.0, 0.0, 0.0, 0.0, 0.0, 0.0, 0.0, 0.0, 0.0, 0.0, 0.0, 0.0, 0.0, 0.0, 1.0, 0.0]"
hMpxV/USA/CA-LACPHL-MA00632/2024|EPI_ISL_19204034|2024-05-30,"[0.0, 0.0, 0.0, 0.0, 0.0, 0.0, 0.0, 0.0, 0.0, 0.0, 0.0, 0.0, 0.0, 0.0, 0.0, 0.0, 0.0, 0.0, 0.0, 0.0, 0.0, 0.0, 0.0, 0.0, 0.0, 0.0, 0.0, 0.0, 0.0, 0.9999999999999999, 0.0]"
NODE_0000284,"[3.272119518090304e-10, 2.57231571966826e-11, 1.593613957595845e-09, 2.4623957633300542e-11, 4.1177729292131514e-11, 2.5511482060956623e-11, 2.5620408103783754e-11, 2.514554312159744e-11, 2.4994101919553194e-11, 2.4783063468907236e-11, 2.5248627194985834e-11, 2.492121433779081e-11, 2.3620572504835028e-11, 2.532912744056534e-11, 6.162415305767601e-11, 4.583843389726328e-10, 2.252710461333626e-10, 2.4921214337794864e-11, 2.492121433777246e-11, 2.3735289178664354e-11, 3.2813501329212055e-08, 2.3695899527150088e-11, 1.9913818373201233e-10, 2.502675451230713e-11, 6.074123370244224e-11, 8.780301292255488e-11, 2.1439696108368542e-11, 8.286698321505901e-11, 2.3454101755330877e-11, 0.999999963580721, 2.5229728337468336e-11]"
hMpxV/USA/WA-UW-247031/2024|EPI_ISL_19524787|2024-01-16,"[0.0, 0.0, 0.0, 0.0, 0.0, 0.0, 0.0, 0.0, 0.0, 0.0, 0.0, 0.0, 0.0, 0.0, 0.0, 0.0, 0.0, 0.0, 0.0, 0.0, 0.0, 0.0, 0.0, 0.0, 0.0, 0.0, 0.0, 0.0, 0.0, 0.9999999999999999, 0.0]"
NODE_0000285,"[4.925520767721392e-09, 6.219944568094027e-10, 1.6644142011260018e-08, 6.113540080507531e-10, 8.656288466541448e-10, 6.209848287772276e-10, 6.219565737853857e-10, 6.159502747703504e-10, 6.154387326612661e-10, 6.115006254969708e-10, 6.153641667570917e-10, 6.139041227697064e-10, 5.863358898667766e-10, 6.146381968447426e-10, 1.2778914686727483e-09, 5.999937432242192e-09, 3.770409321234903e-09, 6.139041227697757e-10, 6.139041227692519e-10, 5.8677519063534e-10, 1.5338347706630926e-07, 5.985538690709023e-10, 3.2149139119348386e-09, 6.147896348473166e-10, 1.2430036192989429e-09, 1.714789966075711e-09, 5.405087266300584e-10, 1.6334715386643992e-09, 5.851356902409691e-10, 0.999999793807283, 6.165377350042475e-10]"
hMpxV/USA/WA-UW-490338/2024|EPI_ISL_19243973|2024-05-30,"[0.0, 0.0, 0.0, 0.0, 0.0, 0.0, 0.0, 0.0, 0.0, 0.0, 0.0, 0.0, 0.0, 0.0, 0.0, 0.0, 0.0, 0.0, 0.0, 0.0, 0.0, 0.0, 0.0, 0.0, 0.0, 0.0, 0.0, 0.0, 0.0, 1.0, 0.0]"
hMpxV/USA/WA-UW-429625/2024|EPI_ISL_19243972|2024-05-28,"[0.0, 0.0, 0.0, 0.0, 0.0, 0.0, 0.0, 0.0, 0.0, 0.0, 0.0, 0.0, 0.0, 0.0, 0.0, 0.0, 0.0, 0.0, 0.0, 0.0, 0.0, 0.0, 0.0, 0.0, 0.0, 0.0, 0.0, 0.0, 0.0, 1.0, 0.0]"
NODE_0000286,"[1.4191719428592094e-06, 1.992071495025354e-07, 4.641947222527932e-06, 1.9414957587661356e-07, 2.8029538264019297e-07, 1.9834259456683733e-07, 1.9805615235116454e-07, 1.951444248175561e-07, 1.955082932653821e-07, 1.9431181197711903e-07, 1.9466463766234804e-07, 1.9448572995299686e-07, 1.868308865892786e-07, 1.9820954934994158e-07, 3.807113879678521e-07, 1.7321296273755893e-06, 1.0808393852122854e-06, 1.9448572995299469e-07, 1.944857299529842e-07, 1.879202373542366e-07, 3.766629787661577e-05, 1.9159651866572622e-07, 9.21691393165904e-07, 1.947704114995839e-07, 3.7598898545427017e-07, 5.085301152019358e-07, 1.7515211215269179e-07, 4.852171243374592e-07, 1.868019448190884e-07, 0.999946837701176, 1.9535489033519242e-07]"
hMpxV/USA/WA-UW-185727/2024|EPI_ISL_19336734|2024-07-11,"[0.0, 0.0, 0.0, 0.0, 0.0, 0.0, 0.0, 0.0, 0.0, 0.0, 0.0, 0.0, 0.0, 0.0, 0.0, 0.0, 0.0, 0.0, 0.0, 0.0, 0.0, 0.0, 0.0, 0.0, 0.0, 0.0, 0.0, 0.0, 0.0, 0.9999999999999999, 0.0]"
NODE_0000287,"[4.4088603446883425e-09, 2.1609431640946103e-10, 2.216440496732503e-08, 2.052565931472726e-10, 3.672597188284244e-10, 2.133721105287324e-10, 2.1551273732426838e-10, 2.1117086067900605e-10, 2.0891388811844888e-10, 2.0696194325105466e-10, 2.12812662001284e-10, 2.088696021912162e-10, 1.9628242894138305e-10, 2.1071784145682064e-10, 5.911378703514675e-10, 5.55336874599248e-09, 2.4612202583674803e-09, 2.088696021912124e-10, 2.088696021911828e-10, 1.9716949519511198e-10, 8.533536390583951e-07, 1.9470927302373208e-10, 2.208377260310586e-09, 2.099580397604078e-10, 5.748436875320798e-10, 8.650511349367722e-10, 1.7464493171836367e-10, 8.119517479604757e-10, 1.9423005007894914e-10, 0.999999102733432, 2.1203742047173977e-10]"
hMpxV/USA/WA-UW-012709/2024|EPI_ISL_19420219|2024-09-02,"[0.0, 0.0, 0.0, 0.0, 0.0, 0.0, 0.0, 0.0, 0.0, 0.0, 0.0, 0.0, 0.0, 0.0, 0.0, 0.0, 0.0, 0.0, 0.0, 0.0, 0.0, 0.0, 0.0, 0.0, 0.0, 0.0, 0.0, 0.0, 0.0, 1.0, 0.0]"
hMpxV/USA/WA-UW-026851/2024|EPI_ISL_19420221|2024-08-30,"[0.0, 0.0, 0.0, 0.0, 0.0, 0.0, 0.0, 0.0, 0.0, 0.0, 0.0, 0.0, 0.0, 0.0, 0.0, 0.0, 0.0, 0.0, 0.0, 0.0, 0.0, 0.0, 0.0, 0.0, 0.0, 0.0, 0.0, 0.0, 0.0, 1.0, 0.0]"
NODE_0000288,"[3.984745141164611e-07, 1.6376368354167965e-09, 6.811475673845493e-08, 1.6052162783540025e-09, 2.296106124806224e-09, 1.6323948327584906e-09, 1.6450385120042776e-09, 1.6332886833280745e-09, 1.6249239838266773e-09, 1.6069526401992228e-09, 1.637928179074478e-09, 1.6219657274986633e-09, 1.5202180865360785e-09, 1.595842243646862e-09, 4.17302190641096e-09, 1.669647079973668e-08, 1.0406145734963822e-08, 1.6219657274986128e-09, 1.621965727498031e-09, 1.514057776793071e-09, 6.547268386646091e-07, 1.5376656760791934e-09, 8.944294099601592e-09, 1.6271604428784468e-09, 3.933707553248536e-09, 4.7277480342093696e-09, 1.368019497411781e-09, 4.5170566300020185e-09, 1.5172733842482516e-09, 0.999998792782701, 1.6371244724789735e-09]"
hMpxV/Australia/QLD-MX000147/2024|EPI_ISL_19539788|2024-10-14,"[1.0, 0.0, 0.0, 0.0, 0.0, 0.0, 0.0, 0.0, 0.0, 0.0, 0.0, 0.0, 0.0, 0.0, 0.0, 0.0, 0.0, 0.0, 0.0, 0.0, 0.0, 0.0, 0.0, 0.0, 0.0, 0.0, 0.0, 0.0, 0.0, 0.0, 0.0]"
hMpxV/USA/CA-LACPHL-MA00644/2024|EPI_ISL_19273376|2024-06-20,"[0.0, 0.0, 0.0, 0.0, 0.0, 0.0, 0.0, 0.0, 0.0, 0.0, 0.0, 0.0, 0.0, 0.0, 0.0, 0.0, 0.0, 0.0, 0.0, 0.0, 0.0, 0.0, 0.0, 0.0, 0.0, 0.0, 0.0, 0.0, 0.0, 1.0, 0.0]"
hMpxV/USA/un-UW-276161/2024|EPI_ISL_19502000|2024-09-18,"[0.0, 0.0, 0.0, 0.0, 0.0, 0.0, 0.0, 0.0, 0.0, 0.0, 0.0, 0.0, 0.0, 0.0, 0.0, 0.0, 0.0, 0.0, 0.0, 0.0, 0.0, 0.0, 0.0, 0.0, 0.0, 0.0, 0.0, 0.0, 0.0, 1.0, 0.0]"
NODE_0000253,"[1.5500555488312982e-12, 4.09076936471233e-14, 1.3806355191583605e-11, 3.898409805300293e-14, 7.635241252613639e-14, 4.044883014973382e-14, 4.1433056896154576e-14, 4.09501412556798e-14, 3.9937658851826486e-14, 3.945532809741332e-14, 4.16914294755345e-14, 4.0303769716551434e-14, 3.68605917625289e-14, 3.8837025786610683e-14, 1.665107898937307e-13, 2.5830037685176577e-12, 9.672525025865029e-13, 4.0303769716548695e-14, 4.0303769716533384e-14, 3.654743089143321e-14, 1.5132987208336655e-09, 3.540484144743258e-14, 8.924485410784815e-13, 4.0613060418024255e-14, 1.549875421731358e-13, 2.6177235545600663e-13, 3.057959399563443e-14, 2.422090980229597e-13, 3.608051488829675e-14, 0.9999999984652596, 4.1190214526778636e-14]"
hMpxV/USA/IL-RIPHL-04-0074/2023|EPI_ISL_18137801|2023-06-22,"[0.0, 0.0, 0.0, 0.0, 0.0, 0.0, 0.0, 0.0, 0.0, 0.0, 0.0, 0.0, 0.0, 0.0, 0.0, 0.0, 0.0, 0.0, 0.0, 0.0, 0.0, 0.0, 0.0, 0.0, 0.0, 0.0, 0.0, 0.0, 0.0, 1.0, 0.0]"
hMpxV/USA/IL-RIPHL-04-0076/2023|EPI_ISL_18137803|2023-06-27,"[0.0, 0.0, 0.0, 0.0, 0.0, 0.0, 0.0, 0.0, 0.0, 0.0, 0.0, 0.0, 0.0, 0.0, 0.0, 0.0, 0.0, 0.0, 0.0, 0.0, 0.0, 0.0, 0.0, 0.0, 0.0, 0.0, 0.0, 0.0, 0.0, 0.9999999999999999, 0.0]"
hMpxV/USA/IL-RIPHL-04-0067/2023|EPI_ISL_18137820|2023-06-08,"[0.0, 0.0, 0.0, 0.0, 0.0, 0.0, 0.0, 0.0, 0.0, 0.0, 0.0, 0.0, 0.0, 0.0, 0.0, 0.0, 0.0, 0.0, 0.0, 0.0, 0.0, 0.0, 0.0, 0.0, 0.0, 0.0, 0.0, 0.0, 0.0, 0.9999999999999999, 0.0]"
NODE_0000254,"[2.8958889690845167e-12, 6.432970982780625e-14, 9.120271718964823e-11, 5.914494013511956e-14, 1.4864941328922786e-13, 6.303599391377241e-14, 6.479513317252475e-14, 6.247560597611522e-14, 6.101134365567064e-14, 6.031248573067707e-14, 6.364375366067532e-14, 6.122184338646876e-14, 5.6224581957115496e-14, 6.198147440722184e-14, 2.469604308440121e-13, 5.256315513645398e-12, 1.5512015833102658e-12, 6.122184338646367e-14, 6.122184338645324e-14, 5.6527737353004114e-14, 5.063022522733956e-09, 5.377926330800807e-14, 1.7080044068741392e-12, 6.182416192229372e-14, 2.4339657218692347e-13, 4.0458218028270636e-13, 4.743742128260029e-14, 3.7349968237384835e-13, 5.5005914529746516e-14, 0.9999999948318081, 6.29690923440932e-14]"
hMpxV/USA/IL-RIPHL-04-0089/2023|EPI_ISL_18137808|2023-07-21,"[0.0, 0.0, 0.0, 0.0, 0.0, 0.0, 0.0, 0.0, 0.0, 0.0, 0.0, 0.0, 0.0, 0.0, 0.0, 0.0, 0.0, 0.0, 0.0, 0.0, 0.0, 0.0, 0.0, 0.0, 0.0, 0.0, 0.0, 0.0, 0.0, 1.0, 0.0]"
NODE_0000272,"[7.135815948354611e-13, 3.819558595487794e-14, 4.011603610347953e-12, 3.7179198087940925e-14, 6.11267149952864e-14, 3.801975220173962e-14, 3.859116746490342e-14, 3.8313379478361934e-14, 3.774954933091725e-14, 3.7393125821695844e-14, 3.8681602717201135e-14, 3.794725382876253e-14, 3.532249295448441e-14, 3.681780003596528e-14, 1.162191744797739e-13, 1.0160102576964263e-12, 4.946878121865324e-13, 3.794725382877057e-14, 3.7947253828715226e-14, 3.5062963123308774e-14, 1.407346399377428e-10, 3.486367617152791e-14, 4.388155573321464e-13, 3.811985362174432e-14, 1.0942737906684769e-13, 1.6938486347980123e-13, 3.052882589477767e-14, 1.5883318856720058e-13, 3.486445411366142e-14, 0.9999999998512735, 3.8440849477726146e-14]"
hMpxV/USA/CA-CDPH-1M1000595/2023|EPI_ISL_19295744|2023-09-26,"[0.0, 0.0, 0.0, 0.0, 0.0, 0.0, 0.0, 0.0, 0.0, 0.0, 0.0, 0.0, 0.0, 0.0, 0.0, 0.0, 0.0, 0.0, 0.0, 0.0, 0.0, 0.0, 0.0, 0.0, 0.0, 0.0, 0.0, 0.0, 0.0, 1.0, 0.0]"
hMpxV/USA/CA-CDPH-1M1000363/2023|EPI_ISL_18786348|2023-09-22,"[0.0, 0.0, 0.0, 0.0, 0.0, 0.0, 0.0, 0.0, 0.0, 0.0, 0.0, 0.0, 0.0, 0.0, 0.0, 0.0, 0.0, 0.0, 0.0, 0.0, 0.0, 0.0, 0.0, 0.0, 0.0, 0.0, 0.0, 0.0, 0.0, 0.9999999999999999, 0.0]"
hMpxV/USA/CA-CDPH-1M1000364/2023|EPI_ISL_18786349|2023-09-22,"[0.0, 0.0, 0.0, 0.0, 0.0, 0.0, 0.0, 0.0, 0.0, 0.0, 0.0, 0.0, 0.0, 0.0, 0.0, 0.0, 0.0, 0.0, 0.0, 0.0, 0.0, 0.0, 0.0, 0.0, 0.0, 0.0, 0.0, 0.0, 0.0, 0.9999999999999999, 0.0]"
NODE_0000269,"[2.3068853071830974e-07, 1.1620822769415607e-08, 0.03452410248398441, 1.1192097164555315e-08, 6.222737252385322e-08, 1.1540613476851529e-08, 1.335175393151752e-08, 1.1509589047784682e-08, 1.1368921470327872e-08, 1.128367691234779e-08, 1.1593974843254498e-08, 1.1401710280539501e-08, 1.0497829904247918e-08, 1.1300042343005169e-08, 1.8624089256376482e-08, 1.9987425038551965e-07, 5.772452509404376e-08, 1.1401710280539655e-08, 1.1401710280537703e-08, 1.0495108054995677e-08, 3.312363488504516e-05, 1.0415304251994564e-08, 5.015124200884443e-07, 1.1451810939310614e-08, 1.783692747650616e-08, 2.94946065621529e-08, 8.940754873410417e-09, 2.854090640908406e-08, 1.0377615898508362e-08, 0.9654414146675814, 1.1544873756923798e-08]"
hMpxV/Brazil/SC-FIOCRUZ-10552/2024|EPI_ISL_19416189|2024-01-09,"[0.0, 0.0, 1.0, 0.0, 0.0, 0.0, 0.0, 0.0, 0.0, 0.0, 0.0, 0.0, 0.0, 0.0, 0.0, 0.0, 0.0, 0.0, 0.0, 0.0, 0.0, 0.0, 0.0, 0.0, 0.0, 0.0, 0.0, 0.0, 0.0, 0.0, 0.0]"
hMpxV/Brazil/SC-FIOCRUZ-10553/2024|EPI_ISL_19416190|2024-01-09,"[0.0, 0.0, 1.0, 0.0, 0.0, 0.0, 0.0, 0.0, 0.0, 0.0, 0.0, 0.0, 0.0, 0.0, 0.0, 0.0, 0.0, 0.0, 0.0, 0.0, 0.0, 0.0, 0.0, 0.0, 0.0, 0.0, 0.0, 0.0, 0.0, 0.0, 0.0]"
hMpxV/USA/IL-RIPHL-004-0125/2024|EPI_ISL_19158945|2024-01-23,"[0.0, 0.0, 0.0, 0.0, 0.0, 0.0, 0.0, 0.0, 0.0, 0.0, 0.0, 0.0, 0.0, 0.0, 0.0, 0.0, 0.0, 0.0, 0.0, 0.0, 0.0, 0.0, 0.0, 0.0, 0.0, 0.0, 0.0, 0.0, 0.0, 1.0, 0.0]"
NODE_0000270,"[8.478884024162125e-13, 1.805085524656978e-14, 1.1042581613388036e-08, 1.6772595977677644e-14, 6.817059745823543e-14, 1.7735231993891884e-14, 1.942454864831142e-14, 1.7700729194135798e-14, 1.727284196146142e-14, 1.7041265850546296e-14, 1.8029283798475573e-14, 1.7365597090491655e-14, 1.5799921741477724e-14, 1.721996242556888e-14, 5.446370377589545e-14, 1.1906346915939695e-12, 2.940613503109006e-13, 1.736559709049458e-14, 1.7365597090481526e-14, 1.579408776272164e-14, 1.7434865355018996e-09, 1.512212864905379e-14, 9.004789883369765e-13, 1.752605165896475e-14, 5.1341142003390406e-14, 9.218606656748412e-14, 1.3069844113816206e-14, 8.634150319806061e-14, 1.545813189776919e-14, 0.9999999872100243, 1.782867721363533e-14]"
hMpxV/USA/CA-CDPH-1M1000468/2024|EPI_ISL_19143462|2024-02-05,"[0.0, 0.0, 0.0, 0.0, 0.0, 0.0, 0.0, 0.0, 0.0, 0.0, 0.0, 0.0, 0.0, 0.0, 0.0, 0.0, 0.0, 0.0, 0.0, 0.0, 0.0, 0.0, 0.0, 0.0, 0.0, 0.0, 0.0, 0.0, 0.0, 0.9999999999999999, 0.0]"
hMpxV/USA/CA-CDPH-1M1000477/2024|EPI_ISL_19143471|2024-02-16,"[0.0, 0.0, 0.0, 0.0, 0.0, 0.0, 0.0, 0.0, 0.0, 0.0, 0.0, 0.0, 0.0, 0.0, 0.0, 0.0, 0.0, 0.0, 0.0, 0.0, 0.0, 0.0, 0.0, 0.0, 0.0, 0.0, 0.0, 0.0, 0.0, 0.9999999999999999, 0.0]"
hMpxV/USA/CA-CDPH-1M1000461/2023|EPI_ISL_18959318|2023-12-27,"[0.0, 0.0, 0.0, 0.0, 0.0, 0.0, 0.0, 0.0, 0.0, 0.0, 0.0, 0.0, 0.0, 0.0, 0.0, 0.0, 0.0, 0.0, 0.0, 0.0, 0.0, 0.0, 0.0, 0.0, 0.0, 0.0, 0.0, 0.0, 0.0, 1.0, 0.0]"
hMpxV/USA/CA-LACPHL-MA00627/2024|EPI_ISL_19196357|2024-05-20,"[0.0, 0.0, 0.0, 0.0, 0.0, 0.0, 0.0, 0.0, 0.0, 0.0, 0.0, 0.0, 0.0, 0.0, 0.0, 0.0, 0.0, 0.0, 0.0, 0.0, 0.0, 0.0, 0.0, 0.0, 0.0, 0.0, 0.0, 0.0, 0.0, 0.9999999999999999, 0.0]"
NODE_0000271,"[5.2737958576723095e-09, 5.663594633824056e-10, 1.9005932418569023e-08, 5.592514477552141e-10, 7.935315843050433e-10, 5.656863693011617e-10, 5.691127890339933e-10, 5.656647316456632e-10, 5.631960264074053e-10, 5.593568389808849e-10, 5.664349951781962e-10, 5.635550894184894e-10, 5.344208715858711e-10, 5.54985834922584e-10, 1.2821255054469868e-09, 6.4935051059020225e-09, 4.0420638283971075e-09, 5.635550894185511e-10, 5.635550894181341e-10, 5.326408509257757e-10, 2.2126435469527149e-07, 5.418526457989518e-10, 3.4536586847399697e-09, 5.644786347798489e-10, 1.2250818913764426e-09, 1.73866269682612e-09, 4.83575882796306e-10, 1.651580876077423e-09, 5.320649215149844e-10, 0.9999997232597194, 5.662398587060921e-10]"
hMpxV/USA/CA-CDPH-1M1000476/2024|EPI_ISL_19143470|2024-02-15,"[0.0, 0.0, 0.0, 0.0, 0.0, 0.0, 0.0, 0.0, 0.0, 0.0, 0.0, 0.0, 0.0, 0.0, 0.0, 0.0, 0.0, 0.0, 0.0, 0.0, 0.0, 0.0, 0.0, 0.0, 0.0, 0.0, 0.0, 0.0, 0.0, 1.0, 0.0]"
hMpxV/USA/CA-CDPH-1M1000471/2024|EPI_ISL_19143465|2024-02-07,"[0.0, 0.0, 0.0, 0.0, 0.0, 0.0, 0.0, 0.0, 0.0, 0.0, 0.0, 0.0, 0.0, 0.0, 0.0, 0.0, 0.0, 0.0, 0.0, 0.0, 0.0, 0.0, 0.0, 0.0, 0.0, 0.0, 0.0, 0.0, 0.0, 1.0, 0.0]"
NODE_0000255,"[1.6628200661704296e-07, 1.9996293714009182e-08, 5.769941435100632e-07, 1.9606814251828042e-08, 2.8185485767749555e-08, 1.993401417829643e-08, 1.9989492855854563e-08, 1.9780161767317136e-08, 1.974824048375318e-08, 1.961935370470484e-08, 1.9774971081775344e-08, 1.9707243613628003e-08, 1.87974747220511e-08, 1.9730895240915625e-08, 4.201619082169392e-08, 2.0459568692818883e-07, 1.2690439850912445e-07, 1.970724361362729e-08, 1.9707243613624833e-08, 1.8819625413699718e-08, 5.7758044031216736e-06, 1.9151461359624625e-08, 1.0839861050794593e-07, 1.9739078538383807e-08, 4.0766751529420004e-08, 5.666061862205523e-08, 1.7288917119543795e-08, 5.392132975569097e-08, 1.8750146156891793e-08, 0.9999924498198303, 1.9801872483022616e-08]"
NODE_0000257,"[1.4019582138815533e-11, 6.587485315593138e-13, 8.25807538167979e-11, 6.457993132389529e-13, 1.0500108238531625e-12, 6.568698865475645e-13, 6.692459181110355e-13, 6.675049968575411e-13, 6.556396653868091e-13, 6.492326627829014e-13, 6.751749400783515e-13, 6.610624652647397e-13, 6.113443177274878e-13, 6.300469318603436e-13, 2.1803789140332377e-12, 2.001943693887988e-11, 9.757052555691806e-12, 6.610624652647186e-13, 6.610624652645711e-13, 6.039819643267585e-13, 3.4911499905115935e-09, 6.000682644682007e-13, 8.661286068731965e-12, 6.641017354512055e-13, 2.01807664429551e-12, 3.199152658855112e-12, 5.189274969416164e-13, 2.9934766064174166e-12, 6.021320040376112e-13, 0.9999999963502092, 6.696798748401202e-13]"
hMpxV/USA/CA-CDPH-1M1000430/2023|EPI_ISL_18781815|2023-10-16,"[0.0, 0.0, 0.0, 0.0, 0.0, 0.0, 0.0, 0.0, 0.0, 0.0, 0.0, 0.0, 0.0, 0.0, 0.0, 0.0, 0.0, 0.0, 0.0, 0.0, 0.0, 0.0, 0.0, 0.0, 0.0, 0.0, 0.0, 0.0, 0.0, 1.0, 0.0]"
hMpxV/USA/CA-CDPH-1M1000435/2023|EPI_ISL_18781820|2023-10-12,"[0.0, 0.0, 0.0, 0.0, 0.0, 0.0, 0.0, 0.0, 0.0, 0.0, 0.0, 0.0, 0.0, 0.0, 0.0, 0.0, 0.0, 0.0, 0.0, 0.0, 0.0, 0.0, 0.0, 0.0, 0.0, 0.0, 0.0, 0.0, 0.0, 1.0, 0.0]"
NODE_0000258,"[4.4076441142984e-11, 4.235014585959977e-12, 1.6396252756071292e-10, 4.225129954757408e-12, 5.842818581650512e-12, 4.244444284097651e-12, 4.284063575465255e-12, 4.2840315343641235e-12, 4.2527942395806615e-12, 4.222574765664764e-12, 4.2966992084253685e-12, 4.268725847809814e-12, 4.0221555622648345e-12, 4.118211758505406e-12, 1.037272413403647e-11, 5.401127755356384e-11, 3.4007379249772834e-11, 4.268725847810435e-12, 4.268725847805978e-12, 3.985098247562034e-12, 2.193398650959975e-09, 4.0584491837786876e-12, 2.9040339511070177e-11, 4.275422041657145e-12, 9.74173429908332e-12, 1.412346505181304e-11, 3.5711464727000665e-12, 1.3393429859011575e-11, 3.996103210259298e-12, 0.9999999973488642, 4.287604444683545e-12]"
hMpxV/USA/CA-CDPH-1M1000434/2023|EPI_ISL_18781819|2023-10-12,"[0.0, 0.0, 0.0, 0.0, 0.0, 0.0, 0.0, 0.0, 0.0, 0.0, 0.0, 0.0, 0.0, 0.0, 0.0, 0.0, 0.0, 0.0, 0.0, 0.0, 0.0, 0.0, 0.0, 0.0, 0.0, 0.0, 0.0, 0.0, 0.0, 1.0, 0.0]"
hMpxV/USA/CA-CDPH-1M1000617/2023|EPI_ISL_19295762|2023-10-13,"[0.0, 0.0, 0.0, 0.0, 0.0, 0.0, 0.0, 0.0, 0.0, 0.0, 0.0, 0.0, 0.0, 0.0, 0.0, 0.0, 0.0, 0.0, 0.0, 0.0, 0.0, 0.0, 0.0, 0.0, 0.0, 0.0, 0.0, 0.0, 0.0, 0.9999999999999999, 0.0]"
NODE_0000256,"[1.6485554625762907e-17, 9.72423518100358e-20, 3.9425787338721294e-16, 8.937588379378019e-20, 2.4505880573922903e-19, 9.515930908540694e-20, 9.938103033706747e-20, 9.770008485469324e-20, 9.320807552342768e-20, 9.156909999520731e-20, 1.0122969091502949e-19, 9.494493587811402e-20, 8.352742442147304e-20, 8.917741241296803e-20, 7.402122202961378e-19, 3.81395686263878e-17, 8.25225241683728e-18, 9.49449358781234e-20, 9.494493587804489e-20, 8.232324732386041e-20, 5.573735621875855e-13, 7.576690763602852e-20, 8.269358741543094e-18, 9.627497247537008e-20, 6.686518961526642e-19, 1.3604673209546779e-18, 6.308937724731542e-20, 1.2240665963587287e-18, 8.029501759096327e-20, 0.9999999999994421, 9.876722932192182e-20]"
hMpxV/USA/NV-SNPHL-783216/2023|EPI_ISL_18567806|2023-10-18,"[0.0, 0.0, 0.0, 0.0, 0.0, 0.0, 0.0, 0.0, 0.0, 0.0, 0.0, 0.0, 0.0, 0.0, 0.0, 0.0, 0.0, 0.0, 0.0, 0.0, 0.0, 0.0, 0.0, 0.0, 0.0, 0.0, 0.0, 0.0, 0.0, 1.0, 0.0]"
hMpxV/USA/NV-SNPHL-784061/2023|EPI_ISL_18567807|2023-10-25,"[0.0, 0.0, 0.0, 0.0, 0.0, 0.0, 0.0, 0.0, 0.0, 0.0, 0.0, 0.0, 0.0, 0.0, 0.0, 0.0, 0.0, 0.0, 0.0, 0.0, 0.0, 0.0, 0.0, 0.0, 0.0, 0.0, 0.0, 0.0, 0.0, 0.9999999999999999, 0.0]"
hMpxV/USA/CA-CDPH-1M1000431/2023|EPI_ISL_18781816|2023-10-13,"[0.0, 0.0, 0.0, 0.0, 0.0, 0.0, 0.0, 0.0, 0.0, 0.0, 0.0, 0.0, 0.0, 0.0, 0.0, 0.0, 0.0, 0.0, 0.0, 0.0, 0.0, 0.0, 0.0, 0.0, 0.0, 0.0, 0.0, 0.0, 0.0, 1.0, 0.0]"
hMpxV/USA/CA-CDPH-1M1000380/2023|EPI_ISL_18781792|2023-09-27,"[0.0, 0.0, 0.0, 0.0, 0.0, 0.0, 0.0, 0.0, 0.0, 0.0, 0.0, 0.0, 0.0, 0.0, 0.0, 0.0, 0.0, 0.0, 0.0, 0.0, 0.0, 0.0, 0.0, 0.0, 0.0, 0.0, 0.0, 0.0, 0.0, 1.0, 0.0]"
hMpxV/USA/CA-CDPH-1M1000404/2023|EPI_ISL_18781929|2023-11-09,"[0.0, 0.0, 0.0, 0.0, 0.0, 0.0, 0.0, 0.0, 0.0, 0.0, 0.0, 0.0, 0.0, 0.0, 0.0, 0.0, 0.0, 0.0, 0.0, 0.0, 0.0, 0.0, 0.0, 0.0, 0.0, 0.0, 0.0, 0.0, 0.0, 1.0, 0.0]"
hMpxV/USA/CA-CDPH-1M1000403/2023|EPI_ISL_18781928|2023-11-09,"[0.0, 0.0, 0.0, 0.0, 0.0, 0.0, 0.0, 0.0, 0.0, 0.0, 0.0, 0.0, 0.0, 0.0, 0.0, 0.0, 0.0, 0.0, 0.0, 0.0, 0.0, 0.0, 0.0, 0.0, 0.0, 0.0, 0.0, 0.0, 0.0, 1.0, 0.0]"
NODE_0000259,"[8.268439837546604e-12, 4.3326400596271054e-13, 4.7033227687617795e-11, 4.2113774977055166e-13, 6.980034319840339e-13, 4.308905856811623e-13, 4.376220789242802e-13, 4.3423774082375295e-13, 4.2770473065322674e-13, 4.2364467092204883e-13, 4.38547272172172e-13, 4.3001549419214277e-13, 4.000582711172067e-13, 4.173830432177177e-13, 1.331087818139931e-12, 1.1826414825778676e-11, 5.725450535084842e-12, 4.3001549419222986e-13, 4.3001549419188403e-13, 3.97260516676043e-13, 1.7171265405468708e-09, 3.9452039465568194e-13, 5.082587703877487e-12, 4.320055667813255e-13, 1.2518540629129373e-12, 1.9442401501659203e-12, 3.45520360407808e-13, 1.822336817156442e-12, 3.9479827729439673e-13, 0.9999999981899353, 4.357119979950033e-13]"
hMpxV/USA/IL-RIPHL-04-0078/2023|EPI_ISL_18137807|2023-07-03,"[0.0, 0.0, 0.0, 0.0, 0.0, 0.0, 0.0, 0.0, 0.0, 0.0, 0.0, 0.0, 0.0, 0.0, 0.0, 0.0, 0.0, 0.0, 0.0, 0.0, 0.0, 0.0, 0.0, 0.0, 0.0, 0.0, 0.0, 0.0, 0.0, 1.0, 0.0]"
hMpxV/USA/IL-RIPHL-050-0094/2023|EPI_ISL_18168623|2023-07-26,"[0.0, 0.0, 0.0, 0.0, 0.0, 0.0, 0.0, 0.0, 0.0, 0.0, 0.0, 0.0, 0.0, 0.0, 0.0, 0.0, 0.0, 0.0, 0.0, 0.0, 0.0, 0.0, 0.0, 0.0, 0.0, 0.0, 0.0, 0.0, 0.0, 1.0, 0.0]"
NODE_0000260,"[5.129259467527133e-32, 5.677175824963148e-37, 1.05210807333171e-28, 3.938230059431232e-37, 7.392357949511328e-36, 5.132891508361154e-37, 5.683834667966183e-37, 5.128451044991089e-37, 4.520215951216827e-37, 4.329065627875706e-37, 5.703961739406098e-37, 4.664823771384931e-37, 3.6156832311032375e-37, 4.768727128119908e-37, 4.2846255717674886e-35, 6.102036518349904e-31, 7.963463895245905e-33, 4.664823771385259e-37, 4.664823771381858e-37, 3.6615204173024353e-37, 4.138910013003586e-21, 2.588469544677987e-37, 1.2080396883278192e-32, 4.886971119175355e-37, 4.0495023640827085e-35, 1.6507390794515259e-34, 2.0765607994579726e-37, 1.3156467530040435e-34, 3.24243387315076e-37, 1.0, 5.3287497867079225e-37]"
hMpxV/USA/CA-CDPH-1M1000423/2023|EPI_ISL_18781807|2023-10-17,"[0.0, 0.0, 0.0, 0.0, 0.0, 0.0, 0.0, 0.0, 0.0, 0.0, 0.0, 0.0, 0.0, 0.0, 0.0, 0.0, 0.0, 0.0, 0.0, 0.0, 0.0, 0.0, 0.0, 0.0, 0.0, 0.0, 0.0, 0.0, 0.0, 0.9999999999999999, 0.0]"
hMpxV/USA/CA-CDPH-1M1000350/2023|EPI_ISL_18452341|2023-10-02,"[0.0, 0.0, 0.0, 0.0, 0.0, 0.0, 0.0, 0.0, 0.0, 0.0, 0.0, 0.0, 0.0, 0.0, 0.0, 0.0, 0.0, 0.0, 0.0, 0.0, 0.0, 0.0, 0.0, 0.0, 0.0, 0.0, 0.0, 0.0, 0.0, 1.0, 0.0]"
hMpxV/USA/CA-CDPH-1M1000402/2023|EPI_ISL_18781926|2023-11-07,"[0.0, 0.0, 0.0, 0.0, 0.0, 0.0, 0.0, 0.0, 0.0, 0.0, 0.0, 0.0, 0.0, 0.0, 0.0, 0.0, 0.0, 0.0, 0.0, 0.0, 0.0, 0.0, 0.0, 0.0, 0.0, 0.0, 0.0, 0.0, 0.0, 1.0, 0.0]"
hMpxV/USA/CA-CDPH-1M1000336/2023|EPI_ISL_18399144|2023-08-20,"[0.0, 0.0, 0.0, 0.0, 0.0, 0.0, 0.0, 0.0, 0.0, 0.0, 0.0, 0.0, 0.0, 0.0, 0.0, 0.0, 0.0, 0.0, 0.0, 0.0, 0.0, 0.0, 0.0, 0.0, 0.0, 0.0, 0.0, 0.0, 0.0, 1.0, 0.0]"
hMpxV/USA/CA-CDPH-1M1000442/2023|EPI_ISL_18781629|2023-10-30,"[0.0, 0.0, 0.0, 0.0, 0.0, 0.0, 0.0, 0.0, 0.0, 0.0, 0.0, 0.0, 0.0, 0.0, 0.0, 0.0, 0.0, 0.0, 0.0, 0.0, 0.0, 0.0, 0.0, 0.0, 0.0, 0.0, 0.0, 0.0, 0.0, 1.0, 0.0]"
hMpxV/USA/CA-CDPH-1M1000542/2023|EPI_ISL_19170471|2023-10-25,"[0.0, 0.0, 0.0, 0.0, 0.0, 0.0, 0.0, 0.0, 0.0, 0.0, 0.0, 0.0, 0.0, 0.0, 0.0, 0.0, 0.0, 0.0, 0.0, 0.0, 0.0, 0.0, 0.0, 0.0, 0.0, 0.0, 0.0, 0.0, 0.0, 1.0, 0.0]"
hMpxV/USA/CA-CDPH-1M1000544/2023|EPI_ISL_19170473|2023-10-27,"[0.0, 0.0, 0.0, 0.0, 0.0, 0.0, 0.0, 0.0, 0.0, 0.0, 0.0, 0.0, 0.0, 0.0, 0.0, 0.0, 0.0, 0.0, 0.0, 0.0, 0.0, 0.0, 0.0, 0.0, 0.0, 0.0, 0.0, 0.0, 0.0, 1.0, 0.0]"
hMpxV/USA/CA-CDPH-1M1000540/2023|EPI_ISL_19170469|2023-11-01,"[0.0, 0.0, 0.0, 0.0, 0.0, 0.0, 0.0, 0.0, 0.0, 0.0, 0.0, 0.0, 0.0, 0.0, 0.0, 0.0, 0.0, 0.0, 0.0, 0.0, 0.0, 0.0, 0.0, 0.0, 0.0, 0.0, 0.0, 0.0, 0.0, 1.0, 0.0]"
hMpxV/USA/CA-CDPH-1M1000546/2023|EPI_ISL_19170475|2023-10-29,"[0.0, 0.0, 0.0, 0.0, 0.0, 0.0, 0.0, 0.0, 0.0, 0.0, 0.0, 0.0, 0.0, 0.0, 0.0, 0.0, 0.0, 0.0, 0.0, 0.0, 0.0, 0.0, 0.0, 0.0, 0.0, 0.0, 0.0, 0.0, 0.0, 1.0, 0.0]"
hMpxV/USA/CA-CDPH-1M1000541/2023|EPI_ISL_19170470|2023-10-25,"[0.0, 0.0, 0.0, 0.0, 0.0, 0.0, 0.0, 0.0, 0.0, 0.0, 0.0, 0.0, 0.0, 0.0, 0.0, 0.0, 0.0, 0.0, 0.0, 0.0, 0.0, 0.0, 0.0, 0.0, 0.0, 0.0, 0.0, 0.0, 0.0, 1.0, 0.0]"
hMpxV/USA/CA-CDPH-1M1000549/2023|EPI_ISL_19170478|2023-10-30,"[0.0, 0.0, 0.0, 0.0, 0.0, 0.0, 0.0, 0.0, 0.0, 0.0, 0.0, 0.0, 0.0, 0.0, 0.0, 0.0, 0.0, 0.0, 0.0, 0.0, 0.0, 0.0, 0.0, 0.0, 0.0, 0.0, 0.0, 0.0, 0.0, 1.0, 0.0]"
hMpxV/USA/CA-CDPH-1M1000615/2023|EPI_ISL_19295760|2023-09-23,"[0.0, 0.0, 0.0, 0.0, 0.0, 0.0, 0.0, 0.0, 0.0, 0.0, 0.0, 0.0, 0.0, 0.0, 0.0, 0.0, 0.0, 0.0, 0.0, 0.0, 0.0, 0.0, 0.0, 0.0, 0.0, 0.0, 0.0, 0.0, 0.0, 1.0, 0.0]"
hMpxV/USA/IL-RIPHL-050-0112/2023|EPI_ISL_19016768|2023-10-04,"[0.0, 0.0, 0.0, 0.0, 0.0, 0.0, 0.0, 0.0, 0.0, 0.0, 0.0, 0.0, 0.0, 0.0, 0.0, 0.0, 0.0, 0.0, 0.0, 0.0, 0.0, 0.0, 0.0, 0.0, 0.0, 0.0, 0.0, 0.0, 0.0, 1.0, 0.0]"
NODE_0000267,"[7.052055338223655e-08, 7.965943064217925e-09, 2.5013541858267295e-07, 7.836657009650777e-09, 1.1209603146013281e-08, 7.947568982057056e-09, 7.983958482640391e-09, 7.917482044764213e-09, 7.892982773349875e-09, 7.84020343276402e-09, 7.922514069302083e-09, 7.887821382561911e-09, 7.50044877737627e-09, 7.83139664113027e-09, 1.7425256127559126e-08, 8.689007508024234e-08, 5.3921819806498037e-08, 7.887821382561762e-09, 7.887821382560844e-09, 7.492486177842872e-09, 2.7269715016834156e-06, 7.621327620762266e-09, 4.607375195301821e-08, 7.900798539174917e-09, 1.677125884972022e-08, 2.3577401544545993e-08, 6.840009072170032e-09, 2.2414402106502876e-08, 7.473996206441972e-09, 0.9999965265317552, 7.925965514644733e-09]"
hMpxV/USA/CA-CDPH-1M1000391/2023|EPI_ISL_18781915|2023-10-20,"[0.0, 0.0, 0.0, 0.0, 0.0, 0.0, 0.0, 0.0, 0.0, 0.0, 0.0, 0.0, 0.0, 0.0, 0.0, 0.0, 0.0, 0.0, 0.0, 0.0, 0.0, 0.0, 0.0, 0.0, 0.0, 0.0, 0.0, 0.0, 0.0, 1.0, 0.0]"
hMpxV/USA/CA-CDPH-1M1000543/2023|EPI_ISL_19170472|2023-10-29,"[0.0, 0.0, 0.0, 0.0, 0.0, 0.0, 0.0, 0.0, 0.0, 0.0, 0.0, 0.0, 0.0, 0.0, 0.0, 0.0, 0.0, 0.0, 0.0, 0.0, 0.0, 0.0, 0.0, 0.0, 0.0, 0.0, 0.0, 0.0, 0.0, 1.0, 0.0]"
NODE_0000268,"[2.161842827120277e-09, 2.4095301507880086e-10, 7.68509814329688e-09, 2.3758526554626987e-10, 3.374216931555875e-10, 2.406126247079886e-10, 2.418096281567783e-10, 2.4009770340228337e-10, 2.3925355644634773e-10, 2.376449277364718e-10, 2.402955546285494e-10, 2.392170626877994e-10, 2.2724606900791797e-10, 2.366028707570373e-10, 5.329485778194733e-10, 2.6578190073435386e-09, 1.6554607968549096e-09, 2.392170626878274e-10, 2.392170626876269e-10, 2.2673823885135278e-10, 8.494116441083098e-08, 2.3077052239145588e-10, 1.4140716962202768e-09, 2.396019719437951e-10, 5.115666567985147e-10, 7.211636105913097e-10, 2.0657836568379465e-10, 6.854746428128641e-10, 2.2637291353193202e-10, 0.9999998922258114, 2.4034226704872085e-10]"
hMpxV/USA/CA-CDPH-1M1000443/2023|EPI_ISL_18781630|2023-10-27,"[0.0, 0.0, 0.0, 0.0, 0.0, 0.0, 0.0, 0.0, 0.0, 0.0, 0.0, 0.0, 0.0, 0.0, 0.0, 0.0, 0.0, 0.0, 0.0, 0.0, 0.0, 0.0, 0.0, 0.0, 0.0, 0.0, 0.0, 0.0, 0.0, 1.0, 0.0]"
hMpxV/USA/CA-CDPH-1M1000547/2023|EPI_ISL_19170476|2023-10-25,"[0.0, 0.0, 0.0, 0.0, 0.0, 0.0, 0.0, 0.0, 0.0, 0.0, 0.0, 0.0, 0.0, 0.0, 0.0, 0.0, 0.0, 0.0, 0.0, 0.0, 0.0, 0.0, 0.0, 0.0, 0.0, 0.0, 0.0, 0.0, 0.0, 1.0, 0.0]"
NODE_0000261,"[5.4945032672551595e-11, 2.914860582840371e-12, 3.107010355491202e-10, 2.8345389248519803e-12, 4.682866204036825e-12, 2.8998987480315515e-12, 2.9441590139773237e-12, 2.921746691808564e-12, 2.878435201458071e-12, 2.851197198289677e-12, 2.9502016420388667e-12, 2.8935562647693715e-12, 2.6930420503889465e-12, 2.809309641341553e-12, 8.898795289903447e-12, 7.843765939659715e-11, 3.805779984509165e-11, 2.8935562647693804e-12, 2.893556264768738e-12, 2.6741042299600033e-12, 1.1113986099284494e-08, 2.6571409823496786e-12, 3.377414054770128e-11, 2.9068444301562545e-12, 8.377002643008244e-12, 1.2983667569951956e-11, 2.3276661000251144e-12, 1.2172502833735652e-11, 2.657984610828901e-12, 0.9999999882694499, 2.931585110020694e-12]"
hMpxV/USA/CA-CDPH-1M1000539/2023|EPI_ISL_19170468|2023-11-02,"[0.0, 0.0, 0.0, 0.0, 0.0, 0.0, 0.0, 0.0, 0.0, 0.0, 0.0, 0.0, 0.0, 0.0, 0.0, 0.0, 0.0, 0.0, 0.0, 0.0, 0.0, 0.0, 0.0, 0.0, 0.0, 0.0, 0.0, 0.0, 0.0, 0.9999999999999999, 0.0]"
hMpxV/USA/CA-CDPH-1M1000557/2023|EPI_ISL_19170486|2023-11-02,"[0.0, 0.0, 0.0, 0.0, 0.0, 0.0, 0.0, 0.0, 0.0, 0.0, 0.0, 0.0, 0.0, 0.0, 0.0, 0.0, 0.0, 0.0, 0.0, 0.0, 0.0, 0.0, 0.0, 0.0, 0.0, 0.0, 0.0, 0.0, 0.0, 0.9999999999999999, 0.0]"
NODE_0000262,"[5.2663182456435e-10, 5.260045821788617e-11, 1.9400141247596034e-09, 5.226248587736572e-11, 7.307037531660182e-11, 5.2642032457091594e-11, 5.30731807767097e-11, 5.294660334171792e-11, 5.261632393048911e-11, 5.224781427485748e-11, 5.307361560697742e-11, 5.2753143859962546e-11, 4.982230543099866e-11, 5.129206273425838e-11, 1.25240340226295e-10, 6.470473283794207e-10, 4.0521132793661975e-10, 5.2753143859972486e-11, 5.275314385992437e-11, 4.947693307805023e-11, 2.48812718100814e-08, 5.035727896023455e-11, 3.461526217032843e-10, 5.283784031224709e-11, 1.18364178658604e-10, 1.703150950121211e-10, 4.4547304618283224e-11, 1.6160431855843239e-10, 4.9537002431172953e-11, 0.9999999696244891, 5.299486609305425e-11]"
hMpxV/USA/CA-CDPH-1M1000554/2023|EPI_ISL_19170483|2023-10-30,"[0.0, 0.0, 0.0, 0.0, 0.0, 0.0, 0.0, 0.0, 0.0, 0.0, 0.0, 0.0, 0.0, 0.0, 0.0, 0.0, 0.0, 0.0, 0.0, 0.0, 0.0, 0.0, 0.0, 0.0, 0.0, 0.0, 0.0, 0.0, 0.0, 1.0, 0.0]"
NODE_0000263,"[4.7317710619704816e-08, 5.058386873951924e-09, 1.7093899070168343e-07, 4.993066962183249e-09, 7.099023345350985e-09, 5.05120560747722e-09, 5.082497269146221e-09, 5.050964324203449e-09, 5.028564813483509e-09, 4.994235611056566e-09, 5.058188731231053e-09, 5.031939408771822e-09, 4.77127893929556e-09, 4.956185279039948e-09, 1.1474890942152275e-08, 5.8318289116723585e-08, 3.625890232248079e-08, 5.0319394087716165e-09, 5.031939408770931e-09, 4.755893668174539e-09, 2.005808838876931e-06, 4.836726274317601e-09, 3.098531297912633e-08, 5.040273018235257e-09, 1.0961362395735887e-08, 1.5568096080794342e-08, 4.316888501278672e-09, 1.4786962710318931e-08, 4.7500767727721995e-09, 0.9999974965851928, 5.05617618464697e-09]"
hMpxV/USA/CA-CDPH-1M1000500/2023|EPI_ISL_19143458|2023-11-19,"[0.0, 0.0, 0.0, 0.0, 0.0, 0.0, 0.0, 0.0, 0.0, 0.0, 0.0, 0.0, 0.0, 0.0, 0.0, 0.0, 0.0, 0.0, 0.0, 0.0, 0.0, 0.0, 0.0, 0.0, 0.0, 0.0, 0.0, 0.0, 0.0, 1.0, 0.0]"
hMpxV/USA/CA-CDPH-1M1000466/2023|EPI_ISL_18959323|2023-12-14,"[0.0, 0.0, 0.0, 0.0, 0.0, 0.0, 0.0, 0.0, 0.0, 0.0, 0.0, 0.0, 0.0, 0.0, 0.0, 0.0, 0.0, 0.0, 0.0, 0.0, 0.0, 0.0, 0.0, 0.0, 0.0, 0.0, 0.0, 0.0, 0.0, 1.0, 0.0]"
NODE_0000264,"[5.300464052146623e-07, 7.023028602109512e-08, 1.7801779699575645e-06, 6.845116790385863e-08, 9.94903762448395e-08, 6.989557113900536e-08, 6.989621587631963e-08, 6.890246808539132e-08, 6.895342550535059e-08, 6.852065603143256e-08, 6.878883706259925e-08, 6.865153429695717e-08, 6.58079469613009e-08, 6.970738234801394e-08, 1.3846933495318723e-07, 6.516733679645863e-07, 4.031213039371091e-07, 6.865153429695808e-08, 6.86515342969518e-08, 6.613991728946055e-08, 1.5660764593539404e-05, 6.732586744159811e-08, 3.442339550967741e-07, 6.87607989572931e-08, 1.3610794797614907e-07, 1.8582870446420746e-07, 6.13748477427961e-08, 1.7712268043329965e-07, 6.574878203027699e-08, 0.9999785995219839, 6.898260298239392e-08]"
hMpxV/USA/CA-LACPHL-MA00614/2023|EPI_ISL_18993204|2023-12-05,"[0.0, 0.0, 0.0, 0.0, 0.0, 0.0, 0.0, 0.0, 0.0, 0.0, 0.0, 0.0, 0.0, 0.0, 0.0, 0.0, 0.0, 0.0, 0.0, 0.0, 0.0, 0.0, 0.0, 0.0, 0.0, 0.0, 0.0, 0.0, 0.0, 1.0, 0.0]"
NODE_0000265,"[1.9192781137577323e-08, 1.5928817812112687e-09, 9.247106264507264e-08, 1.5133101992611965e-09, 2.587638336075694e-09, 1.5753510928411084e-09, 1.5795019412677578e-09, 1.5436523145102628e-09, 1.536833192854581e-09, 1.5240768177772866e-09, 1.5487749455221048e-09, 1.5295338958264716e-09, 1.4550158244784177e-09, 1.5753515076284174e-09, 3.6567137480537547e-09, 2.7069319169270133e-08, 1.3143774215431489e-08, 1.5295338958264166e-09, 1.5295338958260446e-09, 1.467964002564127e-09, 1.7893034370307463e-06, 1.4631749547577156e-09, 1.1630733396474099e-08, 1.5361715467474708e-09, 3.6408680904333298e-09, 5.205347790923056e-09, 1.3358015863806068e-09, 4.916367692166024e-09, 1.4464544793430552e-09, 0.9999979983499606, 1.5490782650222814e-09]"
hMpxV/USA/CA-CDPH-1M1000496/2024|EPI_ISL_19143455|2024-01-13,"[0.0, 0.0, 0.0, 0.0, 0.0, 0.0, 0.0, 0.0, 0.0, 0.0, 0.0, 0.0, 0.0, 0.0, 0.0, 0.0, 0.0, 0.0, 0.0, 0.0, 0.0, 0.0, 0.0, 0.0, 0.0, 0.0, 0.0, 0.0, 0.0, 1.0, 0.0]"
hMpxV/USA/WA-UW-251694/2024|EPI_ISL_19131279|2024-04-16,"[0.0, 0.0, 0.0, 0.0, 0.0, 0.0, 0.0, 0.0, 0.0, 0.0, 0.0, 0.0, 0.0, 0.0, 0.0, 0.0, 0.0, 0.0, 0.0, 0.0, 0.0, 0.0, 0.0, 0.0, 0.0, 0.0, 0.0, 0.0, 0.0, 1.0, 0.0]"
NODE_0000266,"[7.748578948191552e-10, 5.038563865957924e-11, 4.035607816283443e-09, 4.868885101633166e-11, 8.039298201963753e-11, 5.0079073607250017e-11, 5.05669444099284e-11, 4.994160168984062e-11, 4.941992864486921e-11, 4.897875638684499e-11, 5.0283264129300114e-11, 4.948535522689069e-11, 4.647063148032288e-11, 4.9073062921158155e-11, 1.3625351363644626e-10, 1.0908015907244204e-09, 5.363775825341923e-10, 4.948535522689171e-11, 4.948535522688273e-11, 4.639264909717567e-11, 1.072406348788207e-07, 4.624352884722911e-11, 4.746600004917221e-10, 4.9700189592716726e-11, 1.3109983675687923e-10, 1.9616389824763134e-10, 4.112823206091628e-11, 1.845538568986753e-10, 4.600376628990081e-11, 0.9999998841966781, 5.0105735864424525e-11]"
hMpxV/USA/CA-LACPHL-MA00647/2024|EPI_ISL_19273375|2024-06-26,"[0.0, 0.0, 0.0, 0.0, 0.0, 0.0, 0.0, 0.0, 0.0, 0.0, 0.0, 0.0, 0.0, 0.0, 0.0, 0.0, 0.0, 0.0, 0.0, 0.0, 0.0, 0.0, 0.0, 0.0, 0.0, 0.0, 0.0, 0.0, 0.0, 1.0, 0.0]"
hMpxV/USA/CA-CDPH-1M1000640/2024|EPI_ISL_19295783|2024-06-26,"[0.0, 0.0, 0.0, 0.0, 0.0, 0.0, 0.0, 0.0, 0.0, 0.0, 0.0, 0.0, 0.0, 0.0, 0.0, 0.0, 0.0, 0.0, 0.0, 0.0, 0.0, 0.0, 0.0, 0.0, 0.0, 0.0, 0.0, 0.0, 0.0, 1.0, 0.0]"
hMpxV/USA/WA-UW-190625/2024|EPI_ISL_19336732|2024-07-12,"[0.0, 0.0, 0.0, 0.0, 0.0, 0.0, 0.0, 0.0, 0.0, 0.0, 0.0, 0.0, 0.0, 0.0, 0.0, 0.0, 0.0, 0.0, 0.0, 0.0, 0.0, 0.0, 0.0, 0.0, 0.0, 0.0, 0.0, 0.0, 0.0, 1.0, 0.0]"
NODE_0000158,"[3.592383484235394e-07, 4.806255910492098e-08, 1.1928684186653343e-06, 4.7006271277953744e-08, 6.735885860136917e-08, 4.7905704826544065e-08, 4.790180522718269e-08, 4.729899234443915e-08, 4.733028074554353e-08, 4.703463371069854e-08, 4.7215209990191045e-08, 4.713944246579172e-08, 4.516824914264503e-08, 4.7677458336407755e-08, 9.487494974571244e-08, 4.382966451658794e-07, 2.741953918659279e-07, 4.71394424657917e-08, 4.7139442465786784e-08, 4.533400885300953e-08, 1.0213367694774983e-05, 4.6224460917934904e-08, 2.3382656970063603e-07, 4.720847226560511e-08, 9.307424902792038e-08, 1.270132020859249e-07, 4.2035224918354145e-08, 1.2109780007616105e-07, 4.512340539538998e-08, 0.9999858974949474, 4.73478599632722e-08]"
NODE_0000252,"[1.831432619746345e-11, 8.819994897989652e-13, 1.0718184548251584e-10, 8.625033345804987e-13, 1.4115963528789305e-12, 8.787399251322489e-13, 8.946438513056092e-13, 8.910185098352111e-13, 8.757627469616891e-13, 8.672600790281237e-13, 9.00937946102062e-13, 8.823760557766796e-13, 8.172054595386775e-13, 8.450369690624982e-13, 2.867761397679627e-12, 2.61926229259342e-11, 1.2723661979456708e-11, 8.823760557766515e-13, 8.823760557764109e-13, 8.085018983805271e-13, 4.3908731279914465e-09, 8.029913012597313e-13, 1.1297324323955499e-11, 8.864523347262178e-13, 2.66485293104572e-12, 4.204240027278958e-12, 6.966862430349999e-13, 3.9353993534099285e-12, 8.05268146484242e-13, 0.9999999954020773, 8.939638204768731e-13]"
hMpxV/USA/CA-CDPH-1M1000424/2023|EPI_ISL_18781808|2023-10-09,"[0.0, 0.0, 0.0, 0.0, 0.0, 0.0, 0.0, 0.0, 0.0, 0.0, 0.0, 0.0, 0.0, 0.0, 0.0, 0.0, 0.0, 0.0, 0.0, 0.0, 0.0, 0.0, 0.0, 0.0, 0.0, 0.0, 0.0, 0.0, 0.0, 1.0, 0.0]"
hMpxV/USA/CA-CDPH-1M1000425/2023|EPI_ISL_18781809|2023-09-26,"[0.0, 0.0, 0.0, 0.0, 0.0, 0.0, 0.0, 0.0, 0.0, 0.0, 0.0, 0.0, 0.0, 0.0, 0.0, 0.0, 0.0, 0.0, 0.0, 0.0, 0.0, 0.0, 0.0, 0.0, 0.0, 0.0, 0.0, 0.0, 0.0, 1.0, 0.0]"
hMpxV/USA/CA-CDPH-1M1000411/2023|EPI_ISL_18781840|2023-09-27,"[0.0, 0.0, 0.0, 0.0, 0.0, 0.0, 0.0, 0.0, 0.0, 0.0, 0.0, 0.0, 0.0, 0.0, 0.0, 0.0, 0.0, 0.0, 0.0, 0.0, 0.0, 0.0, 0.0, 0.0, 0.0, 0.0, 0.0, 0.0, 0.0, 1.0, 0.0]"
NODE_0000159,"[2.5579758725859892e-23, 5.362234089732502e-28, 9.000619310303981e-22, 4.151167667981356e-28, 3.3342066606361896e-27, 5.021646116368938e-28, 5.35888128065843e-28, 4.949444438408214e-28, 4.568176516665387e-28, 4.420258093587642e-28, 5.293943810394697e-28, 4.639619640800732e-28, 3.8130551721140487e-28, 4.7763109271717745e-28, 1.0659140027578658e-26, 8.456982071232116e-24, 3.943450652542482e-25, 4.639619640801259e-28, 4.63961964079721e-28, 3.8562798370275585e-28, 8.721087023132458e-17, 3.1144485073892866e-28, 5.194660445904049e-25, 4.788662901588805e-28, 1.0253016597486936e-26, 2.336915069568918e-25, 2.550407652504725e-28, 2.2516736037120043e-26, 3.5574798532703817e-28, 1.0, 5.079287543281074e-28]"
hMpxV/USA/CA-LACPHL-MA00582/2024|EPI_ISL_18952716|2024-01-22,"[0.0, 0.0, 0.0, 0.0, 0.0, 0.0, 0.0, 0.0, 0.0, 0.0, 0.0, 0.0, 0.0, 0.0, 0.0, 0.0, 0.0, 0.0, 0.0, 0.0, 0.0, 0.0, 0.0, 0.0, 0.0, 0.0, 0.0, 0.0, 0.0, 1.0, 0.0]"
hMpxV/USA/CA-CDPH-1M1000491/2023|EPI_ISL_19143453|2023-12-12,"[0.0, 0.0, 0.0, 0.0, 0.0, 0.0, 0.0, 0.0, 0.0, 0.0, 0.0, 0.0, 0.0, 0.0, 0.0, 0.0, 0.0, 0.0, 0.0, 0.0, 0.0, 0.0, 0.0, 0.0, 0.0, 0.0, 0.0, 0.0, 0.0, 1.0, 0.0]"
hMpxV/USA/CA-CDPH-1M1000489/2023|EPI_ISL_19143451|2023-12-06,"[0.0, 0.0, 0.0, 0.0, 0.0, 0.0, 0.0, 0.0, 0.0, 0.0, 0.0, 0.0, 0.0, 0.0, 0.0, 0.0, 0.0, 0.0, 0.0, 0.0, 0.0, 0.0, 0.0, 0.0, 0.0, 0.0, 0.0, 0.0, 0.0, 1.0, 0.0]"
hMpxV/USA/CA-CDPH-1M1000376/2023|EPI_ISL_18781787|2023-09-08,"[0.0, 0.0, 0.0, 0.0, 0.0, 0.0, 0.0, 0.0, 0.0, 0.0, 0.0, 0.0, 0.0, 0.0, 0.0, 0.0, 0.0, 0.0, 0.0, 0.0, 0.0, 0.0, 0.0, 0.0, 0.0, 0.0, 0.0, 0.0, 0.0, 1.0, 0.0]"
hMpxV/USA/CA-CDPH-1M1000462/2023|EPI_ISL_18959319|2023-12-27,"[0.0, 0.0, 0.0, 0.0, 0.0, 0.0, 0.0, 0.0, 0.0, 0.0, 0.0, 0.0, 0.0, 0.0, 0.0, 0.0, 0.0, 0.0, 0.0, 0.0, 0.0, 0.0, 0.0, 0.0, 0.0, 0.0, 0.0, 0.0, 0.0, 1.0, 0.0]"
hMpxV/USA/CA-LACPHL-MA00605/2023|EPI_ISL_18993201|2023-10-19,"[0.0, 0.0, 0.0, 0.0, 0.0, 0.0, 0.0, 0.0, 0.0, 0.0, 0.0, 0.0, 0.0, 0.0, 0.0, 0.0, 0.0, 0.0, 0.0, 0.0, 0.0, 0.0, 0.0, 0.0, 0.0, 0.0, 0.0, 0.0, 0.0, 1.0, 0.0]"
hMpxV/USA/IL-RIPHL-004-0161/2024|EPI_ISL_19158950|2024-03-04,"[0.0, 0.0, 0.0, 0.0, 0.0, 0.0, 0.0, 0.0, 0.0, 0.0, 0.0, 0.0, 0.0, 0.0, 0.0, 0.0, 0.0, 0.0, 0.0, 0.0, 0.0, 0.0, 0.0, 0.0, 0.0, 0.0, 0.0, 0.0, 0.0, 1.0, 0.0]"
hMpxV/USA/CA-LACPHL-MA00610/2023|EPI_ISL_18993198|2023-11-29,"[0.0, 0.0, 0.0, 0.0, 0.0, 0.0, 0.0, 0.0, 0.0, 0.0, 0.0, 0.0, 0.0, 0.0, 0.0, 0.0, 0.0, 0.0, 0.0, 0.0, 0.0, 0.0, 0.0, 0.0, 0.0, 0.0, 0.0, 0.0, 0.0, 1.0, 0.0]"
hMpxV/USA/CA-LACPHL-MA00601/2023|EPI_ISL_18993188|2023-10-23,"[0.0, 0.0, 0.0, 0.0, 0.0, 0.0, 0.0, 0.0, 0.0, 0.0, 0.0, 0.0, 0.0, 0.0, 0.0, 0.0, 0.0, 0.0, 0.0, 0.0, 0.0, 0.0, 0.0, 0.0, 0.0, 0.0, 0.0, 0.0, 0.0, 0.9999999999999999, 0.0]"
hMpxV/USA/CA-CDPH-1M1000550/2023|EPI_ISL_19170479|2023-10-27,"[0.0, 0.0, 0.0, 0.0, 0.0, 0.0, 0.0, 0.0, 0.0, 0.0, 0.0, 0.0, 0.0, 0.0, 0.0, 0.0, 0.0, 0.0, 0.0, 0.0, 0.0, 0.0, 0.0, 0.0, 0.0, 0.0, 0.0, 0.0, 0.0, 0.9999999999999999, 0.0]"
NODE_0000244,"[2.624683130341319e-12, 1.2405259507803728e-13, 1.5393379019504124e-11, 1.216149279748163e-13, 1.9758730250934137e-13, 1.2370554450469408e-13, 1.2601825417834055e-13, 1.2568632093047517e-13, 1.2346571730792958e-13, 1.2226098392359618e-13, 1.271216796567587e-13, 1.2447552708300293e-13, 1.151392537288543e-13, 1.1868625701323033e-13, 4.0939157545737144e-13, 3.742909350063139e-12, 1.827621779026346e-12, 1.2447552708301752e-13, 1.2447552708291425e-13, 1.1375864899856566e-13, 6.385657860008331e-10, 1.1304010138643937e-13, 1.621896546512687e-12, 1.2504665380428307e-13, 3.7911974743404587e-13, 6.004574953880011e-13, 9.779406444724925e-14, 5.619096316905442e-13, 1.1341368918686562e-13, 0.999999999331785, 1.260952825955452e-13]"
hMpxV/USA/CA-CDPH-1M1000374/2023|EPI_ISL_18781786|2023-09-19,"[0.0, 0.0, 0.0, 0.0, 0.0, 0.0, 0.0, 0.0, 0.0, 0.0, 0.0, 0.0, 0.0, 0.0, 0.0, 0.0, 0.0, 0.0, 0.0, 0.0, 0.0, 0.0, 0.0, 0.0, 0.0, 0.0, 0.0, 0.0, 0.0, 1.0, 0.0]"
hMpxV/USA/CA-CDPH-1M1000379/2023|EPI_ISL_18781791|2023-10-04,"[0.0, 0.0, 0.0, 0.0, 0.0, 0.0, 0.0, 0.0, 0.0, 0.0, 0.0, 0.0, 0.0, 0.0, 0.0, 0.0, 0.0, 0.0, 0.0, 0.0, 0.0, 0.0, 0.0, 0.0, 0.0, 0.0, 0.0, 0.0, 0.0, 1.0, 0.0]"
hMpxV/USA/CA-CDPH-1M1000623/2023|EPI_ISL_19295768|2023-09-22,"[0.0, 0.0, 0.0, 0.0, 0.0, 0.0, 0.0, 0.0, 0.0, 0.0, 0.0, 0.0, 0.0, 0.0, 0.0, 0.0, 0.0, 0.0, 0.0, 0.0, 0.0, 0.0, 0.0, 0.0, 0.0, 0.0, 0.0, 0.0, 0.0, 1.0, 0.0]"
NODE_0000245,"[9.510911652594677e-10, 7.479433582454582e-11, 4.523041381940922e-09, 7.213970060079474e-11, 1.1721200962983035e-10, 7.435749893438381e-11, 7.475303550532294e-11, 7.3646038250156e-11, 7.314665913817343e-11, 7.253359753732043e-11, 7.395867054062819e-11, 7.303539609737408e-11, 6.908027687162068e-11, 7.343583576627201e-11, 1.8264832922045562e-10, 1.3071334240650957e-09, 6.632869337936785e-10, 7.30353960973821e-11, 7.303539609732839e-11, 6.919672274766952e-11, 8.95518235222387e-08, 6.92777373687527e-11, 5.84026341557521e-10, 7.33222795143809e-11, 1.7835960710840502e-10, 2.589669205357454e-10, 6.226730984033598e-11, 2.4447002567343425e-10, 6.856203789642662e-11, 0.9999999000704938, 7.38687516148954e-11]"
hMpxV/USA/CA-CDPH-1M1000601/2024|EPI_ISL_19295750|2024-05-19,"[0.0, 0.0, 0.0, 0.0, 0.0, 0.0, 0.0, 0.0, 0.0, 0.0, 0.0, 0.0, 0.0, 0.0, 0.0, 0.0, 0.0, 0.0, 0.0, 0.0, 0.0, 0.0, 0.0, 0.0, 0.0, 0.0, 0.0, 0.0, 0.0, 1.0, 0.0]"
hMpxV/USA/CA-CDPH-1M1000605/2024|EPI_ISL_19295754|2024-05-28,"[0.0, 0.0, 0.0, 0.0, 0.0, 0.0, 0.0, 0.0, 0.0, 0.0, 0.0, 0.0, 0.0, 0.0, 0.0, 0.0, 0.0, 0.0, 0.0, 0.0, 0.0, 0.0, 0.0, 0.0, 0.0, 0.0, 0.0, 0.0, 0.0, 1.0, 0.0]"
NODE_0000246,"[1.4347436954975437e-09, 8.445687950840172e-11, 7.89171539187825e-09, 8.122512790056212e-11, 1.3822192044785503e-10, 8.370067190187635e-11, 8.471917042393542e-11, 8.353768199870489e-11, 8.253407871763066e-11, 8.177544545792083e-11, 8.422627363021729e-11, 8.271236236858685e-11, 7.746639014256978e-11, 8.201515082966101e-11, 2.389998424674825e-10, 2.0620392596099356e-09, 9.866603882535215e-10, 8.271236236858611e-11, 8.271236236857113e-11, 7.739768099900865e-11, 2.482857009080461e-07, 7.678078018736618e-11, 8.763758282624089e-10, 8.310097487283366e-11, 2.288528127383997e-10, 3.476001324556685e-10, 6.823771550351661e-11, 3.2638324228009603e-10, 7.661373199832653e-11, 0.9999997356429448, 8.383700804625144e-11]"
hMpxV/USA/CA-LACPHL-MA00659/2024|EPI_ISL_19347730|2024-07-05,"[0.0, 0.0, 0.0, 0.0, 0.0, 0.0, 0.0, 0.0, 0.0, 0.0, 0.0, 0.0, 0.0, 0.0, 0.0, 0.0, 0.0, 0.0, 0.0, 0.0, 0.0, 0.0, 0.0, 0.0, 0.0, 0.0, 0.0, 0.0, 0.0, 0.9999999999999999, 0.0]"
hMpxV/USA/WA-UW-902910/2024|EPI_ISL_19370101|2024-08-10,"[0.0, 0.0, 0.0, 0.0, 0.0, 0.0, 0.0, 0.0, 0.0, 0.0, 0.0, 0.0, 0.0, 0.0, 0.0, 0.0, 0.0, 0.0, 0.0, 0.0, 0.0, 0.0, 0.0, 0.0, 0.0, 0.0, 0.0, 0.0, 0.0, 1.0, 0.0]"
hMpxV/USA/WA-UW-500470/2024|EPI_ISL_19370102|2024-08-10,"[0.0, 0.0, 0.0, 0.0, 0.0, 0.0, 0.0, 0.0, 0.0, 0.0, 0.0, 0.0, 0.0, 0.0, 0.0, 0.0, 0.0, 0.0, 0.0, 0.0, 0.0, 0.0, 0.0, 0.0, 0.0, 0.0, 0.0, 0.0, 0.0, 1.0, 0.0]"
NODE_0000247,"[2.2454860148939385e-05, 2.2664474340694624e-05, 2.3907377134363964e-05, 2.299806860216701e-05, 2.227339010950194e-05, 2.2880963416646798e-05, 2.2397173504527652e-05, 2.2174131080044346e-05, 2.2739197256528142e-05, 2.262469499460061e-05, 2.1659190066896955e-05, 2.2411705715541756e-05, 2.1295803251582428e-05, 2.3003369051629476e-05, 1.6566733084598356e-05, 2.4549520389300494e-05, 3.0120222266852923e-05, 2.241170571554142e-05, 2.2411705715543535e-05, 2.1448112792301993e-05, 1.972612623562817e-05, 2.3690192679994717e-05, 2.027980635257654e-05, 2.2284618930001806e-05, 1.555662757586218e-05, 0.9991214358001731, 2.000440579488721e-05, 2.4539486147545268e-05, 2.1681034307251028e-05, 0.0002357501841581707, 2.205931900705386e-05]"
NODE_0000248,"[1.7761676346960786e-07, 2.3883297562372194e-07, 1.6535984662139657e-07, 2.451729746822378e-07, 2.196677848786686e-07, 2.419343037522826e-07, 2.3698095425960653e-07, 2.3541827761867702e-07, 2.415918690931621e-07, 2.401935592038374e-07, 2.294510569018513e-07, 2.385897681287307e-07, 2.2196916711055775e-07, 2.4043004789623937e-07, 1.4982266357734186e-07, 2.0572690559723952e-07, 2.846596149909905e-07, 2.385897681287378e-07, 2.385897681287785e-07, 2.2253988614625447e-07, 1.3258798803202095e-07, 2.5022982882526875e-07, 1.7764879257341512e-07, 2.3689266510063615e-07, 1.3486543111123714e-07, 0.9999922231048327, 2.0011266687711447e-07, 2.4594008172906944e-07, 2.2607582952137883e-07, 1.4255585000137808e-06, 2.338454275445716e-07]"
hMpxV/South_Africa/NICD-SVPL_360/2024|EPI_ISL_19542508|2024-06-28,"[0.0, 0.0, 0.0, 0.0, 0.0, 0.0, 0.0, 0.0, 0.0, 0.0, 0.0, 0.0, 0.0, 0.0, 0.0, 0.0, 0.0, 0.0, 0.0, 0.0, 0.0, 0.0, 0.0, 0.0, 0.0, 1.0, 0.0, 0.0, 0.0, 0.0, 0.0]"
NODE_0000249,"[1.7337920515987086e-09, 3.0734586344888442e-09, 1.2915830588044554e-09, 3.2025360917140147e-09, 2.6150792019415474e-09, 3.124570869487526e-09, 3.0612103949770096e-09, 3.0592124546138937e-09, 3.145855598390108e-09, 3.125473224595672e-09, 2.9746638998919505e-09, 3.1073003290068293e-09, 2.8741520471213357e-09, 3.084742219402621e-09, 1.7389116421132434e-09, 1.9245969605353313e-09, 3.123839992071353e-09, 3.1073003290070617e-09, 3.107300329010066e-09, 2.8702798359668897e-09, 7.189077645715852e-10, 3.2741058014534757e-09, 1.8675965341114058e-09, 3.0817166224120295e-09, 1.5213084871715887e-09, 0.9999999188475586, 2.56666419716734e-09, 2.9196568075884243e-09, 2.9349409057643567e-09, 3.886025739089137e-09, 3.0356595198067865e-09]"
hMpxV/South_Africa/NICD-SVPL_231/2024|EPI_ISL_19542510|2024-06-10,"[0.0, 0.0, 0.0, 0.0, 0.0, 0.0, 0.0, 0.0, 0.0, 0.0, 0.0, 0.0, 0.0, 0.0, 0.0, 0.0, 0.0, 0.0, 0.0, 0.0, 0.0, 0.0, 0.0, 0.0, 0.0, 1.0, 0.0, 0.0, 0.0, 0.0, 0.0]"
hMpxV/South_Africa/NICD-SVPL_164/2024|EPI_ISL_19542512|2024-05-10,"[0.0, 0.0, 0.0, 0.0, 0.0, 0.0, 0.0, 0.0, 0.0, 0.0, 0.0, 0.0, 0.0, 0.0, 0.0, 0.0, 0.0, 0.0, 0.0, 0.0, 0.0, 0.0, 0.0, 0.0, 0.0, 1.0, 0.0, 0.0, 0.0, 0.0, 0.0]"
NODE_0000250,"[1.0334997900888068e-07, 1.596506037416284e-07, 8.650926017548196e-08, 1.6526264271846813e-07, 1.4077438164097524e-07, 1.6204361924986176e-07, 1.5871763672065874e-07, 1.5819525088694032e-07, 1.6254187309339535e-07, 1.615784318846205e-07, 1.5398512396405622e-07, 1.6053391490860857e-07, 1.4916832198339263e-07, 1.6058028400135096e-07, 9.536340678331187e-08, 1.1625979514299806e-07, 1.7400474871661668e-07, 1.605339149086059e-07, 1.6053391490862927e-07, 1.4925775199450487e-07, 5.842709156627899e-08, 1.690591243897327e-07, 1.0669112832907271e-07, 1.5928847941366313e-07, 8.481238757561333e-08, 0.9999953862208822, 1.3425537525806952e-07, 1.5685904374575564e-07, 1.521556914127262e-07, 4.963375651227537e-07, 1.5704837457574079e-07]"
hMpxV/South_Africa/NICD-SVPL_193/2024|EPI_ISL_19542511|2024-06-06,"[0.0, 0.0, 0.0, 0.0, 0.0, 0.0, 0.0, 0.0, 0.0, 0.0, 0.0, 0.0, 0.0, 0.0, 0.0, 0.0, 0.0, 0.0, 0.0, 0.0, 0.0, 0.0, 0.0, 0.0, 0.0, 1.0, 0.0, 0.0, 0.0, 0.0, 0.0]"
NODE_0000251,"[4.429127950134596e-10, 8.069341789549057e-10, 3.2046404058459966e-10, 8.421083870886388e-10, 6.813352274718437e-10, 8.207251589718047e-10, 8.040220484213459e-10, 8.042538076509742e-10, 8.273639471824153e-10, 8.215805839377722e-10, 7.818163607782152e-10, 8.167719840887688e-10, 7.5534878259321e-10, 8.099170783750918e-10, 4.513646917179602e-10, 4.8674520849485e-10, 8.052270431561733e-10, 8.167719840887084e-10, 8.16771984089456e-10, 7.540016202715219e-10, 1.6404314383120135e-10, 8.613531654847943e-10, 4.802324448192142e-10, 8.10108874680752e-10, 3.93443215757768e-10, 0.9999999791655604, 6.748585954019834e-10, 7.594365699563777e-10, 7.71797391369089e-10, 6.545984104837939e-10, 7.981308648506945e-10]"
hMpxV/South_Africa/NICD-SVPL_189/2024|EPI_ISL_19542513|2024-06-01,"[0.0, 0.0, 0.0, 0.0, 0.0, 0.0, 0.0, 0.0, 0.0, 0.0, 0.0, 0.0, 0.0, 0.0, 0.0, 0.0, 0.0, 0.0, 0.0, 0.0, 0.0, 0.0, 0.0, 0.0, 0.0, 1.0, 0.0, 0.0, 0.0, 0.0, 0.0]"
hMpxV/South_Africa/NICD-SVPL_180/2024|EPI_ISL_19542514|2024-05-31,"[0.0, 0.0, 0.0, 0.0, 0.0, 0.0, 0.0, 0.0, 0.0, 0.0, 0.0, 0.0, 0.0, 0.0, 0.0, 0.0, 0.0, 0.0, 0.0, 0.0, 0.0, 0.0, 0.0, 0.0, 0.0, 1.0, 0.0, 0.0, 0.0, 0.0, 0.0]"
NODE_0000160,"[0.27128677554684655, 2.204635505908714e-05, 0.03707707447840707, 2.155619345755181e-05, 5.038549786160623e-05, 2.19750832335295e-05, 2.3390967667676936e-05, 2.1697859274903766e-05, 2.1701278925767616e-05, 2.158913636398295e-05, 2.164249791470235e-05, 2.1636777678845292e-05, 2.0234842713373557e-05, 2.183005953375568e-05, 3.831676718154563e-05, 0.00010764018064390068, 6.096582430501975e-05, 2.163677767884428e-05, 2.163677767884411e-05, 2.0325418096437814e-05, 0.0022386605474930695, 2.0788209569145598e-05, 0.00014397844720288885, 2.1660324243680732e-05, 3.6978343046528796e-05, 3.8711151841744015e-05, 1.8005493545420286e-05, 3.7935558665508625e-05, 2.0209329319319613e-05, 0.6884773073947916, 2.1706879758113326e-05]"
hMpxV/Australia/VIC-VIDRL-7136/2024|EPI_ISL_19459786|2024-01-24,"[1.0, 0.0, 0.0, 0.0, 0.0, 0.0, 0.0, 0.0, 0.0, 0.0, 0.0, 0.0, 0.0, 0.0, 0.0, 0.0, 0.0, 0.0, 0.0, 0.0, 0.0, 0.0, 0.0, 0.0, 0.0, 0.0, 0.0, 0.0, 0.0, 0.0, 0.0]"
hMpxV/USA/CA-LACPHL-MA00616/2024|EPI_ISL_18993192|2024-02-12,"[0.0, 0.0, 0.0, 0.0, 0.0, 0.0, 0.0, 0.0, 0.0, 0.0, 0.0, 0.0, 0.0, 0.0, 0.0, 0.0, 0.0, 0.0, 0.0, 0.0, 0.0, 0.0, 0.0, 0.0, 0.0, 0.0, 0.0, 0.0, 0.0, 1.0, 0.0]"
NODE_0000161,"[0.0002013443810833152, 1.6433614325883598e-08, 0.999761799729202, 1.6258650717396204e-08, 1.0241854161077705e-07, 1.6408511973237006e-08, 1.968701214301776e-08, 1.638570434002798e-08, 1.635520754161401e-08, 1.6329804400844596e-08, 1.6349347266653643e-08, 1.63534929230577e-08, 1.494075591276474e-08, 1.626188344759268e-08, 1.895433413044973e-08, 6.11062106753459e-08, 2.3503764938919492e-08, 1.6353492923059202e-08, 1.6353492923056658e-08, 1.4992347457188823e-08, 2.1615476786079117e-06, 1.5349848942260252e-08, 4.0727641522710276e-07, 1.6363061905588856e-08, 1.8616925912798074e-08, 1.9770434381372727e-08, 1.2832514378435017e-08, 1.9883135792985367e-08, 1.4952533813873697e-08, 3.3717470133648614e-05, 1.638086257920318e-08]"
NODE_0000242,"[1.4753820629387622e-07, 1.577726197290726e-08, 0.9999982879815225, 1.5932780357983083e-08, 1.0655933509293764e-07, 1.5856223142688346e-08, 1.9245787454340076e-08, 1.5741116967950665e-08, 1.5858997040194922e-08, 1.5857734148272125e-08, 1.5588550815335115e-08, 1.581974404583008e-08, 1.4938931128975623e-08, 1.578228703178744e-08, 1.0988228625949723e-08, 3.7579568053817334e-08, 1.5637553133466003e-08, 1.581974404583058e-08, 1.5819744045829392e-08, 1.4974815633610232e-08, 3.569554492787638e-07, 1.567610718682608e-08, 3.6590471001141546e-07, 1.577601494020612e-08, 1.0659691442889048e-08, 1.53011740986301e-08, 1.3555391130178808e-08, 1.544040208991398e-08, 1.5021662251448032e-08, 3.307164016401025e-07, 1.5694864245472033e-08]"
hMpxV/Brazil/SC-FIOCRUZ-10557/2024|EPI_ISL_19416193|2024-04-17,"[0.0, 0.0, 0.9999999999999999, 0.0, 0.0, 0.0, 0.0, 0.0, 0.0, 0.0, 0.0, 0.0, 0.0, 0.0, 0.0, 0.0, 0.0, 0.0, 0.0, 0.0, 0.0, 0.0, 0.0, 0.0, 0.0, 0.0, 0.0, 0.0, 0.0, 0.0, 0.0]"
NODE_0000243,"[5.2908245242398016e-14, 3.539142209587682e-15, 0.999999999996917, 3.526928630431742e-15, 9.550704226423767e-14, 3.545030036276203e-15, 5.014322002113227e-15, 3.570842561519116e-15, 3.5440119813494355e-15, 3.534787943331565e-15, 3.5735394622891586e-15, 3.565137250541192e-15, 3.221258195151294e-15, 3.4476016475616408e-15, 2.0738195792891077e-15, 1.771546092337146e-14, 3.2889137518077337e-15, 3.5651372505425406e-15, 3.565137250539136e-15, 3.2064702948637832e-15, 1.4806881706536388e-12, 3.2624974733619648e-15, 8.469214071031675e-13, 3.566635049999521e-15, 1.9264149886318615e-15, 3.4743427731390762e-15, 2.646034639896523e-15, 3.554803802536796e-15, 3.2005546081322088e-15, 5.078968201429042e-13, 3.56820459250422e-15]"
hMpxV/Brazil/SC-FIOCRUZ-10556/2024|EPI_ISL_19416192|2024-04-15,"[0.0, 0.0, 1.0, 0.0, 0.0, 0.0, 0.0, 0.0, 0.0, 0.0, 0.0, 0.0, 0.0, 0.0, 0.0, 0.0, 0.0, 0.0, 0.0, 0.0, 0.0, 0.0, 0.0, 0.0, 0.0, 0.0, 0.0, 0.0, 0.0, 0.0, 0.0]"
hMpxV/Brazil/SC-FIOCRUZ-10558/2024|EPI_ISL_19416194|2024-04-22,"[0.0, 0.0, 1.0, 0.0, 0.0, 0.0, 0.0, 0.0, 0.0, 0.0, 0.0, 0.0, 0.0, 0.0, 0.0, 0.0, 0.0, 0.0, 0.0, 0.0, 0.0, 0.0, 0.0, 0.0, 0.0, 0.0, 0.0, 0.0, 0.0, 0.0, 0.0]"
hMpxV/Brazil/SC-FIOCRUZ-10559/2024|EPI_ISL_19416195|2024-05-16,"[0.0, 0.0, 1.0, 0.0, 0.0, 0.0, 0.0, 0.0, 0.0, 0.0, 0.0, 0.0, 0.0, 0.0, 0.0, 0.0, 0.0, 0.0, 0.0, 0.0, 0.0, 0.0, 0.0, 0.0, 0.0, 0.0, 0.0, 0.0, 0.0, 0.0, 0.0]"
hMpxV/Brazil/SC-FIOCRUZ-10560/2024|EPI_ISL_19416196|2024-05-17,"[0.0, 0.0, 1.0, 0.0, 0.0, 0.0, 0.0, 0.0, 0.0, 0.0, 0.0, 0.0, 0.0, 0.0, 0.0, 0.0, 0.0, 0.0, 0.0, 0.0, 0.0, 0.0, 0.0, 0.0, 0.0, 0.0, 0.0, 0.0, 0.0, 0.0, 0.0]"
NODE_0000206,"[6.157306960633994e-07, 1.2885872746781033e-07, 0.999989157253205, 1.2950702332605096e-07, 7.241021955583592e-07, 1.292612509169617e-07, 1.527424823662615e-07, 1.2743283257443885e-07, 1.2869717638952738e-07, 1.2954718880490458e-07, 1.2595224753378567e-07, 1.282292255355099e-07, 1.2191730860020588e-07, 1.3131112978456908e-07, 9.202252635193593e-08, 2.8249625401794673e-07, 1.3246246599986612e-07, 1.282292255355146e-07, 1.282292255355008e-07, 1.233148713816055e-07, 1.9601143739616763e-06, 1.286962294816524e-07, 2.1477468879302625e-06, 1.2779433250228985e-07, 9.625128381413331e-08, 1.2439935241316158e-07, 1.123108140092252e-07, 1.2518328318111852e-07, 1.2276592821592726e-07, 2.1104400937831817e-06, 1.2700016185140156e-07]"
hMpxV/Brazil/RJ-FIOCRUZ-10510/2024|EPI_ISL_19416160|2024-06-11,"[0.0, 0.0, 1.0, 0.0, 0.0, 0.0, 0.0, 0.0, 0.0, 0.0, 0.0, 0.0, 0.0, 0.0, 0.0, 0.0, 0.0, 0.0, 0.0, 0.0, 0.0, 0.0, 0.0, 0.0, 0.0, 0.0, 0.0, 0.0, 0.0, 0.0, 0.0]"
NODE_0000207,"[4.3766033519044985e-13, 2.8732564300430014e-14, 0.9999993679757029, 1.463032287447148e-14, 3.1676505604563167e-12, 1.9455297263041618e-14, 3.285935452070651e-14, 1.5038321178021074e-14, 1.4779297736897768e-14, 1.486848775479907e-14, 1.5154782596380874e-14, 1.495980325691867e-14, 1.3201724635588217e-14, 2.1710751407627405e-14, 1.214294880413818e-14, 6.764595938713819e-13, 1.4773751044555542e-14, 1.4959803256916173e-14, 1.495980325691434e-14, 1.9567810098387106e-14, 6.319711693063692e-07, 1.3047352814176924e-14, 1.2332901010214724e-11, 1.4992224564081675e-14, 8.245739405321575e-15, 1.4781733365076542e-14, 1.0380845073626556e-14, 1.523056894011761e-14, 1.3012015667814222e-14, 3.6126587965330887e-11, 1.504483765193199e-14]"
hMpxV/Peru/LIM-INS-549/2024|EPI_ISL_19449525|2024-07-31,"[0.0, 0.0, 0.0, 0.0, 0.0, 0.0, 0.0, 0.0, 0.0, 0.0, 0.0, 0.0, 0.0, 0.0, 0.0, 0.0, 0.0, 0.0, 0.0, 0.0, 0.9999999999999999, 0.0, 0.0, 0.0, 0.0, 0.0, 0.0, 0.0, 0.0, 0.0, 0.0]"
hMpxV/Brazil/RJ-UG_UFRJ_0567/2024|EPI_ISL_19434508|2024-09-02,"[0.0, 0.0, 0.9999999999999999, 0.0, 0.0, 0.0, 0.0, 0.0, 0.0, 0.0, 0.0, 0.0, 0.0, 0.0, 0.0, 0.0, 0.0, 0.0, 0.0, 0.0, 0.0, 0.0, 0.0, 0.0, 0.0, 0.0, 0.0, 0.0, 0.0, 0.0, 0.0]"
hMpxV/Brazil/RJ-FIOCRUZ-10535/2024|EPI_ISL_19416177|2024-08-20,"[0.0, 0.0, 0.9999999999999999, 0.0, 0.0, 0.0, 0.0, 0.0, 0.0, 0.0, 0.0, 0.0, 0.0, 0.0, 0.0, 0.0, 0.0, 0.0, 0.0, 0.0, 0.0, 0.0, 0.0, 0.0, 0.0, 0.0, 0.0, 0.0, 0.0, 0.0, 0.0]"
hMpxV/Brazil/RJ-FIOCRUZ-10537/2024|EPI_ISL_19416179|2024-08-26,"[0.0, 0.0, 1.0, 0.0, 0.0, 0.0, 0.0, 0.0, 0.0, 0.0, 0.0, 0.0, 0.0, 0.0, 0.0, 0.0, 0.0, 0.0, 0.0, 0.0, 0.0, 0.0, 0.0, 0.0, 0.0, 0.0, 0.0, 0.0, 0.0, 0.0, 0.0]"
hMpxV/Brazil/RJ-FIOCRUZ-10544/2024|EPI_ISL_19416183|2024-08-31,"[0.0, 0.0, 1.0, 0.0, 0.0, 0.0, 0.0, 0.0, 0.0, 0.0, 0.0, 0.0, 0.0, 0.0, 0.0, 0.0, 0.0, 0.0, 0.0, 0.0, 0.0, 0.0, 0.0, 0.0, 0.0, 0.0, 0.0, 0.0, 0.0, 0.0, 0.0]"
hMpxV/Brazil/RJ-FIOCRUZ-10566/2024|EPI_ISL_19416202|2024-09-04,"[0.0, 0.0, 1.0, 0.0, 0.0, 0.0, 0.0, 0.0, 0.0, 0.0, 0.0, 0.0, 0.0, 0.0, 0.0, 0.0, 0.0, 0.0, 0.0, 0.0, 0.0, 0.0, 0.0, 0.0, 0.0, 0.0, 0.0, 0.0, 0.0, 0.0, 0.0]"
NODE_0000208,"[9.691885306641546e-11, 8.518927614055122e-15, 0.9999999997668902, 8.171152858028964e-15, 3.0411692145976393e-13, 8.42582985618799e-15, 1.1827253234765887e-14, 8.334136948475052e-15, 8.242287131799335e-15, 8.446337631433087e-15, 8.350116664627142e-15, 8.304276150541334e-15, 7.386245743001019e-15, 8.800486688392877e-15, 6.042380305149479e-15, 6.033556110463467e-14, 9.641157536212231e-15, 8.304276150542618e-15, 8.304276150540837e-15, 7.614950047841724e-15, 2.6438318146358985e-11, 7.429007579599003e-15, 3.4483535440802795e-12, 8.314770906374898e-15, 7.567117530248145e-15, 8.682504063791246e-15, 5.875497164334179e-15, 8.875440465675063e-15, 7.299402531329805e-15, 1.05742761018569e-10, 8.333067235416411e-15]"
hMpxV/Brazil/RJ-UG_UFRJ_0564/2024|EPI_ISL_19434506|2024-06-26,"[0.0, 0.0, 0.9999999999999999, 0.0, 0.0, 0.0, 0.0, 0.0, 0.0, 0.0, 0.0, 0.0, 0.0, 0.0, 0.0, 0.0, 0.0, 0.0, 0.0, 0.0, 0.0, 0.0, 0.0, 0.0, 0.0, 0.0, 0.0, 0.0, 0.0, 0.0, 0.0]"
hMpxV/Brazil/RJ-UG_UFRJ_0571/2024|EPI_ISL_19434509|2024-08-16,"[0.0, 0.0, 1.0, 0.0, 0.0, 0.0, 0.0, 0.0, 0.0, 0.0, 0.0, 0.0, 0.0, 0.0, 0.0, 0.0, 0.0, 0.0, 0.0, 0.0, 0.0, 0.0, 0.0, 0.0, 0.0, 0.0, 0.0, 0.0, 0.0, 0.0, 0.0]"
hMpxV/Brazil/RJ-FIOCRUZ-10511/2024|EPI_ISL_19416161|2024-06-14,"[0.0, 0.0, 1.0, 0.0, 0.0, 0.0, 0.0, 0.0, 0.0, 0.0, 0.0, 0.0, 0.0, 0.0, 0.0, 0.0, 0.0, 0.0, 0.0, 0.0, 0.0, 0.0, 0.0, 0.0, 0.0, 0.0, 0.0, 0.0, 0.0, 0.0, 0.0]"
NODE_0000239,"[1.3482999638154885e-09, 1.9443926747864486e-10, 0.9999999641186648, 1.9369367657319554e-10, 2.0119518544811236e-09, 1.9454315755718283e-10, 2.4522670046696406e-10, 1.9259200462733564e-10, 1.932426675679997e-10, 1.948757822118696e-10, 1.912024654917421e-10, 1.932748613361581e-10, 1.8025575150900142e-10, 1.9716129232583946e-10, 1.291675148550949e-10, 5.956209469556021e-10, 1.9683029635223943e-10, 1.932748613362229e-10, 1.932748613360511e-10, 1.8243252684686656e-10, 1.0673647589572616e-08, 1.8742666343302873e-10, 8.986628029427422e-09, 1.9286824552259244e-10, 1.369035324790002e-10, 1.885065456859537e-10, 1.5899614289699823e-10, 1.9077909905952897e-10, 1.8054224786264243e-10, 7.771571422001685e-09, 1.921054951030129e-10]"
hMpxV/Brazil/RJ-FIOCRUZ-10513/2024|EPI_ISL_19416163|2024-06-20,"[0.0, 0.0, 1.0, 0.0, 0.0, 0.0, 0.0, 0.0, 0.0, 0.0, 0.0, 0.0, 0.0, 0.0, 0.0, 0.0, 0.0, 0.0, 0.0, 0.0, 0.0, 0.0, 0.0, 0.0, 0.0, 0.0, 0.0, 0.0, 0.0, 0.0, 0.0]"
hMpxV/Brazil/RJ-FIOCRUZ-10523/2024|EPI_ISL_19416168|2024-08-08,"[0.0, 0.0, 1.0, 0.0, 0.0, 0.0, 0.0, 0.0, 0.0, 0.0, 0.0, 0.0, 0.0, 0.0, 0.0, 0.0, 0.0, 0.0, 0.0, 0.0, 0.0, 0.0, 0.0, 0.0, 0.0, 0.0, 0.0, 0.0, 0.0, 0.0, 0.0]"
NODE_0000240,"[2.024549586442853e-07, 4.246107240218413e-08, 0.9999958682521067, 4.2788028084585486e-08, 2.7362106879048846e-07, 4.263561823735031e-08, 5.135504707154425e-08, 4.221610240512877e-08, 4.256084420400882e-08, 4.267877875369823e-08, 4.178393790597929e-08, 4.2448580705239874e-08, 4.0166365757149746e-08, 4.278115470681333e-08, 2.9670682952313153e-08, 9.913787726256809e-08, 4.2640469777770055e-08, 4.244858070524177e-08, 4.2448580705236525e-08, 4.040954992502759e-08, 8.633589939295831e-07, 4.222729141759508e-08, 9.041015729992148e-07, 4.2320338996865895e-08, 2.9716566895276183e-08, 4.109147215483325e-08, 3.660935652808912e-08, 4.142834665687372e-08, 4.040570098719318e-08, 8.016974976720225e-07, 4.2083456082776904e-08]"
hMpxV/Brazil/SP-IAL-357942002/2024|EPI_ISL_19446307|2024-09-12,"[0.0, 0.0, 1.0, 0.0, 0.0, 0.0, 0.0, 0.0, 0.0, 0.0, 0.0, 0.0, 0.0, 0.0, 0.0, 0.0, 0.0, 0.0, 0.0, 0.0, 0.0, 0.0, 0.0, 0.0, 0.0, 0.0, 0.0, 0.0, 0.0, 0.0, 0.0]"
NODE_0000241,"[8.311074961434055e-09, 1.489634565680606e-09, 0.9999998100088148, 1.5057429848310208e-09, 1.1766086232585262e-08, 1.497870568625454e-09, 1.8509087336442475e-09, 1.4916546845721435e-09, 1.5005100403578563e-09, 1.496663686658779e-09, 1.4788789832436963e-09, 1.4978414804357902e-09, 1.4082815065035133e-09, 1.478825232014233e-09, 1.0125514520800057e-09, 3.823902274426197e-09, 1.4517953927163435e-09, 1.49784148043589e-09, 1.4978414804357315e-09, 1.4067696884450991e-09, 4.8738534583084115e-08, 1.4719784657778984e-09, 4.610721103115821e-08, 1.4943267234948817e-09, 9.543920571697409e-10, 1.4471401129848274e-09, 1.265143645977944e-09, 1.4627738478461744e-09, 1.4144125188604137e-09, 3.668286135084044e-08, 1.48773546341302e-09]"
hMpxV/Brazil/RJ-UG_UFRJ_0563/2024|EPI_ISL_19434510|2024-08-21,"[0.0, 0.0, 1.0, 0.0, 0.0, 0.0, 0.0, 0.0, 0.0, 0.0, 0.0, 0.0, 0.0, 0.0, 0.0, 0.0, 0.0, 0.0, 0.0, 0.0, 0.0, 0.0, 0.0, 0.0, 0.0, 0.0, 0.0, 0.0, 0.0, 0.0, 0.0]"
hMpxV/Brazil/BA-LACEN-293858477/2024|EPI_ISL_19361754|2024-08-12,"[0.0, 0.0, 0.9999999999999999, 0.0, 0.0, 0.0, 0.0, 0.0, 0.0, 0.0, 0.0, 0.0, 0.0, 0.0, 0.0, 0.0, 0.0, 0.0, 0.0, 0.0, 0.0, 0.0, 0.0, 0.0, 0.0, 0.0, 0.0, 0.0, 0.0, 0.0, 0.0]"
NODE_0000209,"[6.486953294288588e-46, 1.625710238224261e-50, 0.9999999999999999, 1.417259482478028e-50, 1.0155780732288014e-44, 1.5670516245072517e-50, 6.501771605494944e-50, 1.7072968653098242e-50, 1.5209867466051572e-50, 1.5442139267405573e-50, 1.8407200289368674e-50, 1.62933990742224e-50, 1.0692264371644885e-50, 1.4169024587269023e-50, 2.921583757682516e-51, 1.9504715945224902e-47, 1.1131402784096257e-50, 1.6293399074230744e-50, 1.6293399074209899e-50, 1.058376840647404e-50, 1.0666278236382767e-38, 8.423147439119439e-51, 7.9120987923427e-41, 1.665802340349787e-50, 2.9466321372760876e-51, 1.7230016894081225e-50, 4.2792637778599907e-51, 1.9400930085662105e-50, 9.73352432528184e-51, 5.663612525880051e-42, 1.7313196058565043e-50]"
hMpxV/Brazil/RJ-UG_UFRJ_0555/2024|EPI_ISL_19434499|2024-08-26,"[0.0, 0.0, 1.0, 0.0, 0.0, 0.0, 0.0, 0.0, 0.0, 0.0, 0.0, 0.0, 0.0, 0.0, 0.0, 0.0, 0.0, 0.0, 0.0, 0.0, 0.0, 0.0, 0.0, 0.0, 0.0, 0.0, 0.0, 0.0, 0.0, 0.0, 0.0]"
hMpxV/Brazil/RJ-UG_UFRJ_0557/2024|EPI_ISL_19434501|2024-08-22,"[0.0, 0.0, 0.9999999999999999, 0.0, 0.0, 0.0, 0.0, 0.0, 0.0, 0.0, 0.0, 0.0, 0.0, 0.0, 0.0, 0.0, 0.0, 0.0, 0.0, 0.0, 0.0, 0.0, 0.0, 0.0, 0.0, 0.0, 0.0, 0.0, 0.0, 0.0, 0.0]"
hMpxV/Brazil/RJ-UG_UFRJ_0561/2024|EPI_ISL_19434511|2024-07-30,"[0.0, 0.0, 1.0, 0.0, 0.0, 0.0, 0.0, 0.0, 0.0, 0.0, 0.0, 0.0, 0.0, 0.0, 0.0, 0.0, 0.0, 0.0, 0.0, 0.0, 0.0, 0.0, 0.0, 0.0, 0.0, 0.0, 0.0, 0.0, 0.0, 0.0, 0.0]"
hMpxV/Brazil/RJ-UG_UFRJ_0556/2024|EPI_ISL_19434505|2024-08-29,"[0.0, 0.0, 1.0, 0.0, 0.0, 0.0, 0.0, 0.0, 0.0, 0.0, 0.0, 0.0, 0.0, 0.0, 0.0, 0.0, 0.0, 0.0, 0.0, 0.0, 0.0, 0.0, 0.0, 0.0, 0.0, 0.0, 0.0, 0.0, 0.0, 0.0, 0.0]"
hMpxV/Brazil/RJ-UG_UFRJ_0566/2024|EPI_ISL_19434507|2024-08-27,"[0.0, 0.0, 1.0, 0.0, 0.0, 0.0, 0.0, 0.0, 0.0, 0.0, 0.0, 0.0, 0.0, 0.0, 0.0, 0.0, 0.0, 0.0, 0.0, 0.0, 0.0, 0.0, 0.0, 0.0, 0.0, 0.0, 0.0, 0.0, 0.0, 0.0, 0.0]"
hMpxV/Brazil/RJ-UG_UFRJ_0570/2024|EPI_ISL_19434514|2024-09-02,"[0.0, 0.0, 1.0, 0.0, 0.0, 0.0, 0.0, 0.0, 0.0, 0.0, 0.0, 0.0, 0.0, 0.0, 0.0, 0.0, 0.0, 0.0, 0.0, 0.0, 0.0, 0.0, 0.0, 0.0, 0.0, 0.0, 0.0, 0.0, 0.0, 0.0, 0.0]"
hMpxV/Brazil/RJ-FIOCRUZ-10517/2024|EPI_ISL_19416164|2024-07-23,"[0.0, 0.0, 1.0, 0.0, 0.0, 0.0, 0.0, 0.0, 0.0, 0.0, 0.0, 0.0, 0.0, 0.0, 0.0, 0.0, 0.0, 0.0, 0.0, 0.0, 0.0, 0.0, 0.0, 0.0, 0.0, 0.0, 0.0, 0.0, 0.0, 0.0, 0.0]"
hMpxV/Brazil/RJ-FIOCRUZ-10522/2024|EPI_ISL_19416167|2024-08-08,"[0.0, 0.0, 1.0, 0.0, 0.0, 0.0, 0.0, 0.0, 0.0, 0.0, 0.0, 0.0, 0.0, 0.0, 0.0, 0.0, 0.0, 0.0, 0.0, 0.0, 0.0, 0.0, 0.0, 0.0, 0.0, 0.0, 0.0, 0.0, 0.0, 0.0, 0.0]"
hMpxV/Brazil/RJ-FIOCRUZ-10524/2024|EPI_ISL_19416169|2024-08-10,"[0.0, 0.0, 1.0, 0.0, 0.0, 0.0, 0.0, 0.0, 0.0, 0.0, 0.0, 0.0, 0.0, 0.0, 0.0, 0.0, 0.0, 0.0, 0.0, 0.0, 0.0, 0.0, 0.0, 0.0, 0.0, 0.0, 0.0, 0.0, 0.0, 0.0, 0.0]"
hMpxV/Brazil/RJ-FIOCRUZ-10526/2024|EPI_ISL_19416171|2024-08-15,"[0.0, 0.0, 1.0, 0.0, 0.0, 0.0, 0.0, 0.0, 0.0, 0.0, 0.0, 0.0, 0.0, 0.0, 0.0, 0.0, 0.0, 0.0, 0.0, 0.0, 0.0, 0.0, 0.0, 0.0, 0.0, 0.0, 0.0, 0.0, 0.0, 0.0, 0.0]"
hMpxV/Brazil/RJ-FIOCRUZ-10528/2024|EPI_ISL_19416173|2024-08-19,"[0.0, 0.0, 1.0, 0.0, 0.0, 0.0, 0.0, 0.0, 0.0, 0.0, 0.0, 0.0, 0.0, 0.0, 0.0, 0.0, 0.0, 0.0, 0.0, 0.0, 0.0, 0.0, 0.0, 0.0, 0.0, 0.0, 0.0, 0.0, 0.0, 0.0, 0.0]"
hMpxV/Brazil/RJ-FIOCRUZ-10529/2024|EPI_ISL_19416174|2024-08-19,"[0.0, 0.0, 1.0, 0.0, 0.0, 0.0, 0.0, 0.0, 0.0, 0.0, 0.0, 0.0, 0.0, 0.0, 0.0, 0.0, 0.0, 0.0, 0.0, 0.0, 0.0, 0.0, 0.0, 0.0, 0.0, 0.0, 0.0, 0.0, 0.0, 0.0, 0.0]"
hMpxV/Brazil/RJ-FIOCRUZ-10536/2024|EPI_ISL_19416178|2024-08-23,"[0.0, 0.0, 1.0, 0.0, 0.0, 0.0, 0.0, 0.0, 0.0, 0.0, 0.0, 0.0, 0.0, 0.0, 0.0, 0.0, 0.0, 0.0, 0.0, 0.0, 0.0, 0.0, 0.0, 0.0, 0.0, 0.0, 0.0, 0.0, 0.0, 0.0, 0.0]"
hMpxV/Brazil/RJ-FIOCRUZ-10534/2024|EPI_ISL_19416176|2024-08-20,"[0.0, 0.0, 1.0, 0.0, 0.0, 0.0, 0.0, 0.0, 0.0, 0.0, 0.0, 0.0, 0.0, 0.0, 0.0, 0.0, 0.0, 0.0, 0.0, 0.0, 0.0, 0.0, 0.0, 0.0, 0.0, 0.0, 0.0, 0.0, 0.0, 0.0, 0.0]"
hMpxV/Brazil/RJ-FIOCRUZ-10541/2024|EPI_ISL_19416181|2024-08-29,"[0.0, 0.0, 1.0, 0.0, 0.0, 0.0, 0.0, 0.0, 0.0, 0.0, 0.0, 0.0, 0.0, 0.0, 0.0, 0.0, 0.0, 0.0, 0.0, 0.0, 0.0, 0.0, 0.0, 0.0, 0.0, 0.0, 0.0, 0.0, 0.0, 0.0, 0.0]"
hMpxV/Brazil/RJ-FIOCRUZ-10542/2024|EPI_ISL_19416182|2024-08-31,"[0.0, 0.0, 1.0, 0.0, 0.0, 0.0, 0.0, 0.0, 0.0, 0.0, 0.0, 0.0, 0.0, 0.0, 0.0, 0.0, 0.0, 0.0, 0.0, 0.0, 0.0, 0.0, 0.0, 0.0, 0.0, 0.0, 0.0, 0.0, 0.0, 0.0, 0.0]"
NODE_0000211,"[2.0891251251684846e-09, 4.055962874504225e-10, 0.999999955812544, 4.102525119851089e-10, 2.881853642243411e-09, 4.079130567378403e-10, 4.989049834733895e-10, 4.0575404469151524e-10, 4.0856152695330404e-10, 4.0768816642278784e-10, 4.0199923020046214e-10, 4.076232860884489e-10, 3.8434779782365776e-10, 4.0357652572552807e-10, 2.787347679797941e-10, 9.879558489055326e-10, 3.973672646740124e-10, 4.076232860885911e-10, 4.07623286088212e-10, 3.842218728583805e-10, 1.0091139849437653e-08, 4.0266446641765597e-10, 1.0267970074030276e-08, 4.0657611628872234e-10, 2.6420878870274417e-10, 3.936848240496625e-10, 3.4747965521955854e-10, 3.975641298059546e-10, 3.8631315734977127e-10, 8.448508314313188e-09, 4.04624112965368e-10]"
hMpxV/Brazil/RJ-UG_UFRJ_0562/2024|EPI_ISL_19434502|2024-08-26,"[0.0, 0.0, 1.0, 0.0, 0.0, 0.0, 0.0, 0.0, 0.0, 0.0, 0.0, 0.0, 0.0, 0.0, 0.0, 0.0, 0.0, 0.0, 0.0, 0.0, 0.0, 0.0, 0.0, 0.0, 0.0, 0.0, 0.0, 0.0, 0.0, 0.0, 0.0]"
hMpxV/Brazil/SC-FIOCRUZ-10562/2024|EPI_ISL_19416198|2024-08-20,"[0.0, 0.0, 1.0, 0.0, 0.0, 0.0, 0.0, 0.0, 0.0, 0.0, 0.0, 0.0, 0.0, 0.0, 0.0, 0.0, 0.0, 0.0, 0.0, 0.0, 0.0, 0.0, 0.0, 0.0, 0.0, 0.0, 0.0, 0.0, 0.0, 0.0, 0.0]"
NODE_0000212,"[2.3614173919490198e-08, 4.95456861944936e-09, 0.999999519253607, 4.994010222363559e-09, 3.189782788296049e-08, 4.975521889572706e-09, 5.994379005750446e-09, 4.927528122181342e-09, 4.967756828680091e-09, 4.980126018636788e-09, 4.877101344999422e-09, 4.954471329745323e-09, 4.688034579738214e-09, 4.988978368309449e-09, 3.4611407444511125e-09, 1.1559936489263164e-08, 4.9699831535470965e-09, 4.954471329746992e-09, 4.954471329742602e-09, 4.714829253156048e-09, 1.0011129127364821e-07, 4.928242584066674e-09, 1.0516671933922458e-07, 4.939601815753184e-09, 3.4554967473223623e-09, 4.795445670764165e-09, 4.272591805303938e-09, 4.834940685825703e-09, 4.715911750480785e-09, 9.318470368628415e-08, 4.912137060150091e-09]"
hMpxV/Brazil/RJ-UG_UFRJ_0559/2024|EPI_ISL_19434503|2024-08-26,"[0.0, 0.0, 1.0, 0.0, 0.0, 0.0, 0.0, 0.0, 0.0, 0.0, 0.0, 0.0, 0.0, 0.0, 0.0, 0.0, 0.0, 0.0, 0.0, 0.0, 0.0, 0.0, 0.0, 0.0, 0.0, 0.0, 0.0, 0.0, 0.0, 0.0, 0.0]"
hMpxV/Brazil/SP-IAL-357991445/2024|EPI_ISL_19524879|2024-10-15,"[0.0, 0.0, 0.9999999999999999, 0.0, 0.0, 0.0, 0.0, 0.0, 0.0, 0.0, 0.0, 0.0, 0.0, 0.0, 0.0, 0.0, 0.0, 0.0, 0.0, 0.0, 0.0, 0.0, 0.0, 0.0, 0.0, 0.0, 0.0, 0.0, 0.0, 0.0, 0.0]"
NODE_0000213,"[7.90112729357883e-09, 1.5177606164370488e-09, 0.9999998319240704, 1.5359045068052234e-09, 1.0930737110916962e-08, 1.5267309422402768e-09, 1.8711470435353486e-09, 1.5195535696289582e-09, 1.529807288348043e-09, 1.525586203145879e-09, 1.505697239472594e-09, 1.5263784526356321e-09, 1.4385261793717521e-09, 1.507769745067195e-09, 1.0407072093059202e-09, 3.7188933744530264e-09, 1.4822223451350431e-09, 1.5263784526357436e-09, 1.526378452635536e-09, 1.4368851110100673e-09, 3.885384096754322e-08, 1.5063805823898576e-09, 3.936229449974856e-08, 1.5225458049861533e-09, 9.796360745642517e-10, 1.4737502238375179e-09, 1.2991036540158995e-09, 1.4885975938787808e-09, 1.4457196111756999e-09, 3.206047889074509e-08, 1.5153906436762823e-09]"
hMpxV/Brazil/RJ-UG_UFRJ_0565/2024|EPI_ISL_19434512|2024-08-15,"[0.0, 0.0, 1.0, 0.0, 0.0, 0.0, 0.0, 0.0, 0.0, 0.0, 0.0, 0.0, 0.0, 0.0, 0.0, 0.0, 0.0, 0.0, 0.0, 0.0, 0.0, 0.0, 0.0, 0.0, 0.0, 0.0, 0.0, 0.0, 0.0, 0.0, 0.0]"
hMpxV/Brazil/RJ-FIOCRUZ-10532/2024|EPI_ISL_19416175|2024-08-17,"[0.0, 0.0, 1.0, 0.0, 0.0, 0.0, 0.0, 0.0, 0.0, 0.0, 0.0, 0.0, 0.0, 0.0, 0.0, 0.0, 0.0, 0.0, 0.0, 0.0, 0.0, 0.0, 0.0, 0.0, 0.0, 0.0, 0.0, 0.0, 0.0, 0.0, 0.0]"
NODE_0000210,"[1.3098151786957091e-15, 8.541536538866292e-17, 0.999999999999919, 8.533421382628793e-17, 2.429397322963096e-15, 8.564906213620365e-17, 1.222241004623523e-16, 8.652010702598077e-17, 8.580972613015223e-17, 8.531629865812799e-17, 8.663484546901078e-17, 8.633475117826589e-17, 7.785259471329553e-17, 8.255142019507947e-17, 4.9567152821718263e-17, 4.3713004486170317e-16, 7.815194661156538e-17, 8.633475117834976e-17, 8.633475117824203e-17, 7.71799784734957e-17, 3.956510775373527e-14, 7.868810242156879e-17, 2.239358510960328e-14, 8.639495323842818e-17, 4.444280093944774e-17, 8.400865803501252e-17, 6.365644255716633e-17, 8.603756394013014e-17, 7.731519232859266e-17, 1.2826071158006097e-14, 8.647538609475319e-17]"
hMpxV/Brazil/RJ-UG_UFRJ_0550/2024|EPI_ISL_19434494|2024-07-22,"[0.0, 0.0, 1.0, 0.0, 0.0, 0.0, 0.0, 0.0, 0.0, 0.0, 0.0, 0.0, 0.0, 0.0, 0.0, 0.0, 0.0, 0.0, 0.0, 0.0, 0.0, 0.0, 0.0, 0.0, 0.0, 0.0, 0.0, 0.0, 0.0, 0.0, 0.0]"
hMpxV/Brazil/RJ-FIOCRUZ-10521/2024|EPI_ISL_19416166|2024-08-07,"[0.0, 0.0, 1.0, 0.0, 0.0, 0.0, 0.0, 0.0, 0.0, 0.0, 0.0, 0.0, 0.0, 0.0, 0.0, 0.0, 0.0, 0.0, 0.0, 0.0, 0.0, 0.0, 0.0, 0.0, 0.0, 0.0, 0.0, 0.0, 0.0, 0.0, 0.0]"
hMpxV/Brazil/RJ-FIOCRUZ-10520/2024|EPI_ISL_19416165|2024-08-05,"[0.0, 0.0, 1.0, 0.0, 0.0, 0.0, 0.0, 0.0, 0.0, 0.0, 0.0, 0.0, 0.0, 0.0, 0.0, 0.0, 0.0, 0.0, 0.0, 0.0, 0.0, 0.0, 0.0, 0.0, 0.0, 0.0, 0.0, 0.0, 0.0, 0.0, 0.0]"
hMpxV/Brazil/PR-FIOCRUZ-10551/2024|EPI_ISL_19416188|2024-08-05,"[0.0, 0.0, 1.0, 0.0, 0.0, 0.0, 0.0, 0.0, 0.0, 0.0, 0.0, 0.0, 0.0, 0.0, 0.0, 0.0, 0.0, 0.0, 0.0, 0.0, 0.0, 0.0, 0.0, 0.0, 0.0, 0.0, 0.0, 0.0, 0.0, 0.0, 0.0]"
NODE_0000214,"[7.30887391647254e-11, 1.0396326491792801e-11, 0.999999998035392, 1.0381276192440134e-11, 1.0921326081458861e-10, 1.0414003659953586e-11, 1.3172334039949759e-11, 1.0330792437524234e-11, 1.0364594882140306e-11, 1.0421940168853534e-11, 1.0256983944934586e-11, 1.0362035139192648e-11, 9.659875591473147e-12, 1.0478843345135763e-11, 6.878544181997008e-12, 3.195178571000181e-11, 1.0406134071110635e-11, 1.0362035139197948e-11, 1.0362035139187527e-11, 9.7431842158433e-12, 5.936637470993756e-10, 1.0034119156536447e-11, 4.954252457007067e-10, 1.034297860907456e-11, 7.065314097915557e-12, 1.009536567724572e-11, 8.508931564871102e-12, 1.0222129510120176e-11, 9.67267308866606e-12, 4.2102574515766984e-10, 1.0307198345688141e-11]"
hMpxV/Brazil/SP-IAL-357711946/2024|EPI_ISL_19359688|2024-04-29,"[0.0, 0.0, 1.0, 0.0, 0.0, 0.0, 0.0, 0.0, 0.0, 0.0, 0.0, 0.0, 0.0, 0.0, 0.0, 0.0, 0.0, 0.0, 0.0, 0.0, 0.0, 0.0, 0.0, 0.0, 0.0, 0.0, 0.0, 0.0, 0.0, 0.0, 0.0]"
NODE_0000229,"[1.0114290182625709e-06, 2.3830642919580896e-07, 0.9999804443029728, 2.3980570488621855e-07, 1.3189837497630552e-06, 2.3920350833838134e-07, 2.823938223537666e-07, 2.3597248258156548e-07, 2.383702648268606e-07, 2.396339118156712e-07, 2.331844772902431e-07, 2.3740212720255626e-07, 2.2585647703217875e-07, 2.4233539614495255e-07, 1.700944284728189e-07, 5.17406870182652e-07, 2.440231110978597e-07, 2.3740212720256158e-07, 2.3740212720255182e-07, 2.2812318303751783e-07, 3.502396222567449e-06, 2.3843245752060897e-07, 3.869291924391513e-06, 2.366204756578489e-07, 1.7563420124728368e-07, 2.3017380904815274e-07, 2.082689668825717e-07, 2.3162381267063856e-07, 2.2742895693110715e-07, 3.7833009521219743e-06, 2.351960314431988e-07]"
hMpxV/Brazil/SP-IAL-357897281/2024|EPI_ISL_19359695|2024-08-14,"[0.0, 0.0, 0.9999999999999999, 0.0, 0.0, 0.0, 0.0, 0.0, 0.0, 0.0, 0.0, 0.0, 0.0, 0.0, 0.0, 0.0, 0.0, 0.0, 0.0, 0.0, 0.0, 0.0, 0.0, 0.0, 0.0, 0.0, 0.0, 0.0, 0.0, 0.0, 0.0]"
NODE_0000230,"[2.8002609904574933e-08, 5.236045779937172e-09, 0.9999993855379917, 5.288210897579161e-09, 3.9095082864015984e-08, 5.263021013560109e-09, 6.461180018889597e-09, 5.233568058639087e-09, 5.267657639566072e-09, 5.261127849762917e-09, 5.186434078807579e-09, 5.2568894168159266e-09, 4.950623835607552e-09, 5.217811447168681e-09, 3.583746421032423e-09, 1.311199391792808e-08, 5.142609140880232e-09, 5.256889416816193e-09, 5.2568894168157214e-09, 4.9543130783310276e-09, 1.4800203041150328e-07, 5.181929394877525e-09, 1.4504575579580995e-07, 5.243749149370635e-09, 3.4307592028730915e-09, 5.081838302867412e-09, 4.463531938110538e-09, 5.133410479311786e-09, 4.974067672294136e-09, 1.1965900625696232e-07, 5.219225424050723e-09]"
hMpxV/Brazil/SP-IAL-357913268/2024|EPI_ISL_19372777|2024-08-25,"[0.0, 0.0, 0.9999999999999999, 0.0, 0.0, 0.0, 0.0, 0.0, 0.0, 0.0, 0.0, 0.0, 0.0, 0.0, 0.0, 0.0, 0.0, 0.0, 0.0, 0.0, 0.0, 0.0, 0.0, 0.0, 0.0, 0.0, 0.0, 0.0, 0.0, 0.0, 0.0]"
NODE_0000231,"[9.049000814818404e-09, 1.7234341743135009e-09, 0.9999998055459287, 1.7439971781804055e-09, 1.2557231380338086e-08, 1.7336074444873927e-09, 2.1270499355872877e-09, 1.7257301213462988e-09, 1.7371987532098435e-09, 1.7322400652489164e-09, 1.710120838434494e-09, 1.733391439518711e-09, 1.6331429393379448e-09, 1.7114879708140252e-09, 1.1803575020728853e-09, 4.24574116106977e-09, 1.681795643458393e-09, 1.7333914395188989e-09, 1.7333914395186842e-09, 1.631059197046808e-09, 4.569634379211238e-08, 1.709756796995515e-09, 4.5794909603492044e-08, 1.7290830070171443e-09, 1.1098550321138515e-09, 1.673627859742036e-09, 1.4738986399386093e-09, 1.6906646191488793e-09, 1.6411855838581775e-09, 3.7090342588481864e-08, 1.7210342091712158e-09]"
NODE_0000238,"[5.794369353727852e-08, 1.13248837094385e-08, 0.9999987781271208, 1.1448858074327806e-08, 7.980765200436385e-08, 1.1386752125051701e-08, 1.3907106741707222e-08, 1.1320326030035133e-08, 1.1399698453236991e-08, 1.13829391334008e-08, 1.1214778124953803e-08, 1.1373904728342782e-08, 1.0727484998246825e-08, 1.128581411697023e-08, 7.795116420469961e-09, 2.749613214170974e-08, 1.112823444088524e-08, 1.1373904728343378e-08, 1.137390472834257e-08, 1.0732820149392534e-08, 2.7697658556492734e-07, 1.1242693800002938e-08, 2.825290861838651e-07, 1.134396491587059e-08, 7.445948683898707e-09, 1.0987953949809889e-08, 9.705267875510406e-09, 1.1094368217471687e-08, 1.0783326622410164e-08, 2.3405149773867248e-07, 1.1288181455683691e-08]"
hMpxV/Brazil/SP-IAL-357929242/2024|EPI_ISL_19446298|2024-09-05,"[0.0, 0.0, 1.0, 0.0, 0.0, 0.0, 0.0, 0.0, 0.0, 0.0, 0.0, 0.0, 0.0, 0.0, 0.0, 0.0, 0.0, 0.0, 0.0, 0.0, 0.0, 0.0, 0.0, 0.0, 0.0, 0.0, 0.0, 0.0, 0.0, 0.0, 0.0]"
hMpxV/Brazil/SP-IAL-357939968/2024|EPI_ISL_19446306|2024-09-11,"[0.0, 0.0, 1.0, 0.0, 0.0, 0.0, 0.0, 0.0, 0.0, 0.0, 0.0, 0.0, 0.0, 0.0, 0.0, 0.0, 0.0, 0.0, 0.0, 0.0, 0.0, 0.0, 0.0, 0.0, 0.0, 0.0, 0.0, 0.0, 0.0, 0.0, 0.0]"
NODE_0000232,"[1.0471842647786986e-10, 1.2552852285171256e-11, 0.9999999967157971, 1.2580384522838785e-11, 1.647212927908234e-10, 1.2589760763142672e-11, 1.6423951702998623e-11, 1.2572851653012419e-11, 1.2577404375482893e-11, 1.2577677266307633e-11, 1.251237861502833e-11, 1.2597293740566558e-11, 1.165005766023933e-11, 1.2436238346867775e-11, 8.036686845555107e-12, 4.2802306564295425e-11, 1.2127552380295765e-11, 1.2597293740568909e-11, 1.2597293740565573e-11, 1.1657959372272172e-11, 1.1455698979660969e-09, 1.2022647809844536e-11, 8.883355172478732e-10, 1.2580921757278764e-11, 7.746346447086074e-12, 1.2235317770688767e-11, 1.008401034390902e-11, 1.2426266292291219e-11, 1.1647384082391477e-11, 6.486762940799799e-10, 1.2548520761351744e-11]"
hMpxV/Brazil/SP-IAL-357977766/2024|EPI_ISL_19524881|2024-10-03,"[0.0, 0.0, 1.0, 0.0, 0.0, 0.0, 0.0, 0.0, 0.0, 0.0, 0.0, 0.0, 0.0, 0.0, 0.0, 0.0, 0.0, 0.0, 0.0, 0.0, 0.0, 0.0, 0.0, 0.0, 0.0, 0.0, 0.0, 0.0, 0.0, 0.0, 0.0]"
hMpxV/Brazil/SP-IAL-357934958/2024|EPI_ISL_19446302|2024-09-09,"[0.0, 0.0, 1.0, 0.0, 0.0, 0.0, 0.0, 0.0, 0.0, 0.0, 0.0, 0.0, 0.0, 0.0, 0.0, 0.0, 0.0, 0.0, 0.0, 0.0, 0.0, 0.0, 0.0, 0.0, 0.0, 0.0, 0.0, 0.0, 0.0, 0.0, 0.0]"
NODE_0000233,"[6.442206592084924e-10, 1.2065482095299004e-10, 0.9999999860833189, 1.2224636409602273e-10, 8.973782052102369e-10, 1.2143330888137243e-10, 1.4955215629329223e-10, 1.2104162701932079e-10, 1.2181194229343192e-10, 1.212787914461271e-10, 1.1997401792051594e-10, 1.2154760597376843e-10, 1.144253406918252e-10, 1.1937572120982102e-10, 8.229304231498732e-11, 2.997425372528981e-10, 1.1689174244418638e-10, 1.2154760597379806e-10, 1.2154760597375683e-10, 1.1405723482137073e-10, 3.3171469517827737e-09, 1.1968794321152266e-10, 3.3185489135232685e-09, 1.212613955019635e-10, 7.605690153935272e-11, 1.172728598251136e-10, 1.0307057796317567e-10, 1.1851679817776222e-10, 1.1496513990927231e-10, 2.6384080155675106e-09, 1.2072529738294836e-10]"
hMpxV/Brazil/SP-IAL-357912456/2024|EPI_ISL_19372779|2024-08-26,"[0.0, 0.0, 1.0, 0.0, 0.0, 0.0, 0.0, 0.0, 0.0, 0.0, 0.0, 0.0, 0.0, 0.0, 0.0, 0.0, 0.0, 0.0, 0.0, 0.0, 0.0, 0.0, 0.0, 0.0, 0.0, 0.0, 0.0, 0.0, 0.0, 0.0, 0.0]"
NODE_0000234,"[2.9930731562185154e-10, 5.5345964199000085e-11, 0.9999999934595085, 5.609414305876753e-11, 4.1857641208206644e-10, 5.5711497386365355e-11, 6.875234771259029e-11, 5.5559906723955164e-11, 5.5904066029389963e-11, 5.563105294866574e-11, 5.5076917267579896e-11, 5.5785399792065764e-11, 5.249075330574551e-11, 5.4686176320997806e-11, 3.7665944719030317e-11, 1.3851521777151878e-10, 5.347674728625809e-11, 5.578539979208743e-11, 5.578539979206604e-11, 5.228731620366918e-11, 1.5890934676946494e-09, 5.487914385694181e-11, 1.5728646992671388e-09, 5.5657419747449553e-11, 3.4610174652106434e-11, 5.3813400861391585e-11, 4.722891510361348e-11, 5.439571075635936e-11, 5.273156767385089e-11, 1.2373615242204429e-09, 5.541736834053677e-11]"
NODE_0000235,"[1.6976886755682373e-09, 3.1952158053407227e-10, 0.9999999634688356, 3.2367291117604183e-10, 2.361443469187822e-09, 3.215544370159217e-10, 3.956697569105492e-10, 3.204367783939126e-10, 3.224980000828092e-10, 3.2117399550938475e-10, 3.1759373999838503e-10, 3.217943716832248e-10, 3.0299864965675683e-10, 3.1634994833658744e-10, 2.1813657090488162e-10, 7.916341789357149e-10, 3.099737161156062e-10, 3.21794371683294e-10, 3.217943716832245e-10, 3.021291853346511e-10, 8.646390512624451e-09, 3.169979901474106e-10, 8.68165587940473e-09, 3.210275386670507e-10, 2.0223257093637689e-10, 3.1051162478898136e-10, 2.7305718989243517e-10, 3.137760455431884e-10, 3.0444415780807054e-10, 6.933620397328008e-09, 3.195920049848426e-10]"
hMpxV/Brazil/SP-IAL-357905818/2024|EPI_ISL_19372772|2024-08-20,"[0.0, 0.0, 0.9999999999999999, 0.0, 0.0, 0.0, 0.0, 0.0, 0.0, 0.0, 0.0, 0.0, 0.0, 0.0, 0.0, 0.0, 0.0, 0.0, 0.0, 0.0, 0.0, 0.0, 0.0, 0.0, 0.0, 0.0, 0.0, 0.0, 0.0, 0.0, 0.0]"
hMpxV/Brazil/SP-IAL-357920310/2024|EPI_ISL_19446291|2024-08-29,"[0.0, 0.0, 1.0, 0.0, 0.0, 0.0, 0.0, 0.0, 0.0, 0.0, 0.0, 0.0, 0.0, 0.0, 0.0, 0.0, 0.0, 0.0, 0.0, 0.0, 0.0, 0.0, 0.0, 0.0, 0.0, 0.0, 0.0, 0.0, 0.0, 0.0, 0.0]"
NODE_0000236,"[9.824070182541103e-09, 1.8712198755071226e-09, 0.9999997898110414, 1.894081090414372e-09, 1.3624650762532458e-08, 1.8824828722664026e-09, 2.310635962225874e-09, 1.8743610234494463e-09, 1.886768852388372e-09, 1.8808365213870695e-09, 1.8574551321443362e-09, 1.882625415970119e-09, 1.773624078364093e-09, 1.8569924805200014e-09, 1.2809777649431505e-09, 4.607620199598229e-09, 1.8236459589926237e-09, 1.8826254159702213e-09, 1.8826254159699876e-09, 1.7707057268372662e-09, 4.9120773531917425e-08, 1.8566534292671235e-09, 4.951863056215589e-08, 1.8779756691740644e-09, 1.2006219994710546e-09, 1.8174073335278311e-09, 1.600403333611286e-09, 1.836003783717019e-09, 1.782338622442617e-09, 4.004085994718771e-08, 1.869285508637021e-09]"
hMpxV/Brazil/SP-IAL-357914012/2024|EPI_ISL_19372780|2024-08-26,"[0.0, 0.0, 1.0, 0.0, 0.0, 0.0, 0.0, 0.0, 0.0, 0.0, 0.0, 0.0, 0.0, 0.0, 0.0, 0.0, 0.0, 0.0, 0.0, 0.0, 0.0, 0.0, 0.0, 0.0, 0.0, 0.0, 0.0, 0.0, 0.0, 0.0, 0.0]"
NODE_0000237,"[8.485637790972915e-08, 1.7181017290464077e-08, 0.9999982426496741, 1.734364340872511e-08, 1.1574860192260091e-07, 1.726439191559067e-08, 2.0942738219350346e-08, 1.713095289297129e-08, 1.726092506518973e-08, 1.7269380429069317e-08, 1.696343503985964e-08, 1.7218252732658945e-08, 1.6265915011352304e-08, 1.7210194269615744e-08, 1.1913431655840241e-08, 4.0895205334858646e-08, 1.705650510725055e-08, 1.7218252732659587e-08, 1.7218252732658585e-08, 1.6316057536672618e-08, 3.8217872257709606e-07, 1.707308282669075e-08, 3.9553515070398855e-07, 1.716978970282015e-08, 1.1631666087399807e-08, 1.664970600171282e-08, 1.4769943067736533e-08, 1.679894744750663e-08, 1.635656889852787e-08, 3.38833306504353e-07, 1.7079911043208543e-08]"
hMpxV/Brazil/SP-IAL-357999368/2024|EPI_ISL_19524887|2024-10-21,"[0.0, 0.0, 1.0, 0.0, 0.0, 0.0, 0.0, 0.0, 0.0, 0.0, 0.0, 0.0, 0.0, 0.0, 0.0, 0.0, 0.0, 0.0, 0.0, 0.0, 0.0, 0.0, 0.0, 0.0, 0.0, 0.0, 0.0, 0.0, 0.0, 0.0, 0.0]"
hMpxV/Brazil/SP-IAL-357937870/2024|EPI_ISL_19446304|2024-09-10,"[0.0, 0.0, 1.0, 0.0, 0.0, 0.0, 0.0, 0.0, 0.0, 0.0, 0.0, 0.0, 0.0, 0.0, 0.0, 0.0, 0.0, 0.0, 0.0, 0.0, 0.0, 0.0, 0.0, 0.0, 0.0, 0.0, 0.0, 0.0, 0.0, 0.0, 0.0]"
NODE_0000215,"[2.2788897717547525e-10, 4.477745854362393e-11, 0.9999999951923112, 4.5269082503639084e-11, 3.134105002870521e-10, 4.5025139409199784e-11, 5.492937896556403e-11, 4.475672946274356e-11, 4.507669804086214e-11, 4.500912322695826e-11, 4.4334162808197046e-11, 4.4967505031667855e-11, 4.2426337430406075e-11, 4.4634606485739586e-11, 3.085586730424683e-11, 1.0832030147747072e-10, 4.402728895607361e-11, 4.4967505031704465e-11, 4.4967505031672974e-11, 4.244951326951296e-11, 1.0889174732143948e-09, 4.447232600555209e-11, 1.1067127500527262e-09, 4.484965559870579e-11, 2.945273362180101e-11, 4.344580016914128e-11, 3.840978494949785e-11, 4.386258605136891e-11, 4.2648316826808103e-11, 9.221931662150529e-10, 4.463048521114512e-11]"
hMpxV/Brazil/SP-IAL-357536254/2024|EPI_ISL_19359685|2024-02-29,"[0.0, 0.0, 1.0, 0.0, 0.0, 0.0, 0.0, 0.0, 0.0, 0.0, 0.0, 0.0, 0.0, 0.0, 0.0, 0.0, 0.0, 0.0, 0.0, 0.0, 0.0, 0.0, 0.0, 0.0, 0.0, 0.0, 0.0, 0.0, 0.0, 0.0, 0.0]"
NODE_0000216,"[2.1165027983004004e-12, 1.7924996487375534e-13, 0.9999999999036209, 1.773646775776413e-13, 3.648749830741058e-12, 1.7904113123189415e-13, 2.4315312489394444e-13, 1.784883857149144e-13, 1.7778014515381088e-13, 1.7908947325439733e-13, 1.781121938829762e-13, 1.785421637464785e-13, 1.629409944739982e-13, 1.7948137881204372e-13, 1.0972355058129409e-13, 7.900253563378384e-13, 1.760338142062953e-13, 1.785421637465439e-13, 1.7854216374637138e-13, 1.643809892847194e-13, 4.095114678081544e-11, 1.6650703517778913e-13, 2.5861018454915634e-11, 1.7844601568469088e-13, 1.1400735955480319e-13, 1.7485329463891754e-13, 1.368702568234927e-13, 1.7816146332636588e-13, 1.622433378038702e-13, 1.890199135966324e-11, 1.7823077652913384e-13]"
hMpxV/Brazil/SP-IAL-357827872/2024|EPI_ISL_19359680|2024-06-21,"[0.0, 0.0, 1.0, 0.0, 0.0, 0.0, 0.0, 0.0, 0.0, 0.0, 0.0, 0.0, 0.0, 0.0, 0.0, 0.0, 0.0, 0.0, 0.0, 0.0, 0.0, 0.0, 0.0, 0.0, 0.0, 0.0, 0.0, 0.0, 0.0, 0.0, 0.0]"
hMpxV/Brazil/SP-IAL-357683862/2024|EPI_ISL_19359686|2024-04-18,"[0.0, 0.0, 1.0, 0.0, 0.0, 0.0, 0.0, 0.0, 0.0, 0.0, 0.0, 0.0, 0.0, 0.0, 0.0, 0.0, 0.0, 0.0, 0.0, 0.0, 0.0, 0.0, 0.0, 0.0, 0.0, 0.0, 0.0, 0.0, 0.0, 0.0, 0.0]"
hMpxV/Brazil/SP-IAL-357670600/2024|EPI_ISL_19359697|2024-04-14,"[0.0, 0.0, 1.0, 0.0, 0.0, 0.0, 0.0, 0.0, 0.0, 0.0, 0.0, 0.0, 0.0, 0.0, 0.0, 0.0, 0.0, 0.0, 0.0, 0.0, 0.0, 0.0, 0.0, 0.0, 0.0, 0.0, 0.0, 0.0, 0.0, 0.0, 0.0]"
NODE_0000217,"[2.2497010895567847e-11, 1.814803631274724e-12, 0.9999999989170125, 1.7984200186272525e-12, 3.932937570462366e-11, 1.8137309357722805e-12, 2.485604977331948e-12, 1.8121956170924183e-12, 1.8035443743260638e-12, 1.8130189550930961e-12, 1.8095602853014405e-12, 1.8120341650970249e-12, 1.6499827540654239e-12, 1.8063951294865344e-12, 1.1001718891307523e-12, 8.228850175818443e-12, 1.7610679480295378e-12, 1.8120341650971378e-12, 1.8120341650969364e-12, 1.659803932364224e-12, 4.737458071797505e-10, 1.6827913850784245e-12, 2.929005574893048e-10, 1.8114154979689978e-12, 1.1167631139728768e-12, 1.772662132532486e-12, 1.379078773655405e-12, 1.807852117739716e-12, 1.6421557109464705e-12, 2.046991482183339e-10, 1.8098344414648983e-12]"
hMpxV/Brazil/SP-IAL-357889812/2024|EPI_ISL_19359693|2024-08-07,"[0.0, 0.0, 1.0, 0.0, 0.0, 0.0, 0.0, 0.0, 0.0, 0.0, 0.0, 0.0, 0.0, 0.0, 0.0, 0.0, 0.0, 0.0, 0.0, 0.0, 0.0, 0.0, 0.0, 0.0, 0.0, 0.0, 0.0, 0.0, 0.0, 0.0, 0.0]"
hMpxV/Brazil/SP-IAL-357895451/2024|EPI_ISL_19359694|2024-08-12,"[0.0, 0.0, 0.9999999999999999, 0.0, 0.0, 0.0, 0.0, 0.0, 0.0, 0.0, 0.0, 0.0, 0.0, 0.0, 0.0, 0.0, 0.0, 0.0, 0.0, 0.0, 0.0, 0.0, 0.0, 0.0, 0.0, 0.0, 0.0, 0.0, 0.0, 0.0, 0.0]"
hMpxV/Brazil/SP-IAL-357945993/2024|EPI_ISL_19446309|2024-09-16,"[0.0, 0.0, 1.0, 0.0, 0.0, 0.0, 0.0, 0.0, 0.0, 0.0, 0.0, 0.0, 0.0, 0.0, 0.0, 0.0, 0.0, 0.0, 0.0, 0.0, 0.0, 0.0, 0.0, 0.0, 0.0, 0.0, 0.0, 0.0, 0.0, 0.0, 0.0]"
NODE_0000218,"[4.302429697536977e-09, 8.21001788547376e-10, 0.9999999079210836, 8.30933477189985e-10, 5.9646612090479e-09, 8.259088179094653e-10, 1.0132760791909573e-09, 8.222246087850335e-10, 8.277003347981662e-10, 8.252238526634599e-10, 8.147812235999327e-10, 8.258696933748441e-10, 7.781381055086111e-10, 8.15083795044617e-10, 5.623240453063185e-10, 2.019512216606656e-09, 8.007622044817526e-10, 8.258696933749795e-10, 8.25869693374806e-10, 7.770116286252433e-10, 2.1513002578246136e-08, 8.146504961258953e-10, 2.1662920238252654e-08, 8.238198516155004e-10, 5.279173366313833e-10, 7.973274319356837e-10, 7.023161749365947e-10, 8.054451343523269e-10, 7.819781763939001e-10, 1.7550966176730402e-08, 8.199905368083655e-10]"
hMpxV/Brazil/SP-IAL-357907042/2024|EPI_ISL_19372774|2024-08-21,"[0.0, 0.0, 1.0, 0.0, 0.0, 0.0, 0.0, 0.0, 0.0, 0.0, 0.0, 0.0, 0.0, 0.0, 0.0, 0.0, 0.0, 0.0, 0.0, 0.0, 0.0, 0.0, 0.0, 0.0, 0.0, 0.0, 0.0, 0.0, 0.0, 0.0, 0.0]"
NODE_0000219,"[1.2439787876081587e-09, 2.346131399734759e-10, 0.9999999728674288, 2.3732169926496595e-10, 1.7328205548020184e-09, 2.3597011480702844e-10, 2.8970979014600546e-10, 2.3486370724945814e-10, 2.3640790778730066e-10, 2.3579734099094014e-10, 2.3274774719876982e-10, 2.3589986534436506e-10, 2.222067323593187e-10, 2.331104872009023e-10, 1.605812997901566e-10, 5.818576840083593e-10, 2.2916174199155218e-10, 2.3589986534443625e-10, 2.3589986534437587e-10, 2.219953535093896e-10, 6.513460479991897e-09, 2.3259535721092742e-10, 6.421557389675493e-09, 2.3531637064115853e-10, 1.514021698247998e-10, 2.278270995044248e-10, 2.0044182075762467e-10, 2.3015589956565185e-10, 2.2328263322919308e-10, 5.191461790227545e-09, 2.3422649997143724e-10]"
hMpxV/Brazil/SP-IAL-357921794/2024|EPI_ISL_19446292|2024-08-31,"[0.0, 0.0, 1.0, 0.0, 0.0, 0.0, 0.0, 0.0, 0.0, 0.0, 0.0, 0.0, 0.0, 0.0, 0.0, 0.0, 0.0, 0.0, 0.0, 0.0, 0.0, 0.0, 0.0, 0.0, 0.0, 0.0, 0.0, 0.0, 0.0, 0.0, 0.0]"
NODE_0000220,"[3.1892109431260554e-09, 6.489323176292201e-10, 0.9999999339653941, 6.552420679330375e-10, 4.342885746332611e-09, 6.522036679078296e-10, 7.904002077354171e-10, 6.471913787163822e-10, 6.521980214839402e-10, 6.523176320216978e-10, 6.40778454008706e-10, 6.504378690135144e-10, 6.146784924715403e-10, 6.498686421152271e-10, 4.5038434755462694e-10, 1.5385785549468623e-09, 6.44021147745152e-10, 6.504378690137397e-10, 6.504378690135622e-10, 6.164122001099482e-10, 1.4338472327221294e-08, 6.45257320606717e-10, 1.4802531531751367e-08, 6.486330486711193e-10, 4.3811854432589124e-10, 6.289702047787523e-10, 5.585103723679659e-10, 6.345719990258235e-10, 6.181057838483215e-10, 1.2739524450147885e-08, 6.452929225406245e-10]"
hMpxV/Brazil/SP-IAL-357988309/2024|EPI_ISL_19524873|2024-10-11,"[0.0, 0.0, 1.0, 0.0, 0.0, 0.0, 0.0, 0.0, 0.0, 0.0, 0.0, 0.0, 0.0, 0.0, 0.0, 0.0, 0.0, 0.0, 0.0, 0.0, 0.0, 0.0, 0.0, 0.0, 0.0, 0.0, 0.0, 0.0, 0.0, 0.0, 0.0]"
NODE_0000221,"[1.9811576241988204e-11, 2.5075363991631505e-12, 0.9999999994080112, 2.508437944256618e-12, 3.0685718171882996e-11, 2.5131687464018685e-12, 3.244697773329917e-12, 2.5031813939883985e-12, 2.506407124795362e-12, 2.5127125553450868e-12, 2.4892643129072167e-12, 2.5091631550973163e-12, 2.3264483458927537e-12, 2.5017180479032107e-12, 1.623345872678577e-12, 8.28522970364632e-12, 2.4569879657618515e-12, 2.5091631550984416e-12, 2.509163155096073e-12, 2.3359415366306428e-12, 1.9797773870800637e-10, 2.406240000828418e-12, 1.567537538495928e-10, 2.505338587481892e-12, 1.6088988059831854e-12, 2.4403019787771154e-12, 2.025216848529256e-12, 2.475779820096379e-12, 2.327123729236738e-12, 1.206305738707722e-10, 2.4979370489504206e-12]"
hMpxV/Brazil/SP-IAL-358000513/2024|EPI_ISL_19524877|2024-10-22,"[0.0, 0.0, 1.0, 0.0, 0.0, 0.0, 0.0, 0.0, 0.0, 0.0, 0.0, 0.0, 0.0, 0.0, 0.0, 0.0, 0.0, 0.0, 0.0, 0.0, 0.0, 0.0, 0.0, 0.0, 0.0, 0.0, 0.0, 0.0, 0.0, 0.0, 0.0]"
hMpxV/Brazil/SP-IAL-357949071/2024|EPI_ISL_19446311|2024-09-17,"[0.0, 0.0, 1.0, 0.0, 0.0, 0.0, 0.0, 0.0, 0.0, 0.0, 0.0, 0.0, 0.0, 0.0, 0.0, 0.0, 0.0, 0.0, 0.0, 0.0, 0.0, 0.0, 0.0, 0.0, 0.0, 0.0, 0.0, 0.0, 0.0, 0.0, 0.0]"
NODE_0000222,"[1.3636267876365106e-11, 2.4883125523686004e-12, 0.9999999996991762, 2.5236782621044653e-12, 1.9139274917613857e-11, 2.505520665199141e-12, 3.099841645815714e-12, 2.500710417321299e-12, 2.5157165193028413e-12, 2.5011719705822108e-12, 2.4793457336336398e-12, 2.5104256455132146e-12, 2.360830240531257e-12, 2.4532153922237967e-12, 1.688732147557841e-12, 6.271884036291739e-12, 2.393844713836868e-12, 2.5104256455151347e-12, 2.510425645513162e-12, 2.348983255728727e-12, 7.434774669499303e-11, 2.466783597411644e-12, 7.29850269425768e-11, 2.504885181988654e-12, 1.5358764598678102e-12, 2.4207468882283285e-12, 2.121366727964722e-12, 2.4476237670785277e-12, 2.3713035555217665e-12, 5.6689439220333534e-11, 2.4944738569880587e-12]"
NODE_0000226,"[2.1498745469267307e-09, 4.0395453807374057e-10, 0.9999999535624161, 4.091163554132356e-10, 2.9931254505503723e-09, 4.064865502531749e-10, 5.001726615790236e-10, 4.050227808263707e-10, 4.0762441965827905e-10, 4.06028900585637e-10, 4.014306103327372e-10, 4.06744248738865e-10, 3.8297649807242963e-10, 4.0010569968235044e-10, 2.7578958434389884e-10, 1.0022595076696354e-09, 3.92174299625605e-10, 4.0674424873893983e-10, 4.067442487388936e-10, 3.8196877763851466e-10, 1.1047240469135814e-08, 4.0067485084237123e-10, 1.1044764776335954e-08, 4.057720254906019e-10, 2.562337548031117e-10, 3.925272648683513e-10, 3.451181558913118e-10, 3.966491115577817e-10, 3.848009739277737e-10, 8.821506829817209e-09, 4.039520694835294e-10]"
NODE_0000227,"[1.4866825250916445e-08, 2.871695395331537e-09, 0.9999996845957859, 2.905108355180668e-09, 2.05383556232782e-08, 2.8882664644559057e-09, 3.5358612139701804e-09, 2.8736448640443815e-09, 2.893284975032872e-09, 2.886477200279973e-09, 2.8472458063792193e-09, 2.88676681988548e-09, 2.721296386387375e-09, 2.8556526454647124e-09, 1.971514596804883e-09, 7.0156880916652475e-09, 2.809980952231559e-09, 2.886766819885611e-09, 2.886766819885374e-09, 2.71960439754893e-09, 7.247280586094436e-08, 2.850405391664169e-09, 7.356616090965998e-08, 2.8794095459210268e-09, 1.8643842991867105e-09, 2.78774306045645e-09, 2.4589860059780032e-09, 2.815479453788479e-09, 2.7350803267382854e-09, 6.024727258609647e-08, 2.865683954979309e-09]"
hMpxV/Brazil/SP-IAL-357899649/2024|EPI_ISL_19372762|2024-08-15,"[0.0, 0.0, 0.9999999999999999, 0.0, 0.0, 0.0, 0.0, 0.0, 0.0, 0.0, 0.0, 0.0, 0.0, 0.0, 0.0, 0.0, 0.0, 0.0, 0.0, 0.0, 0.0, 0.0, 0.0, 0.0, 0.0, 0.0, 0.0, 0.0, 0.0, 0.0, 0.0]"
hMpxV/Brazil/SP-IAL-357928626/2024|EPI_ISL_19446295|2024-09-04,"[0.0, 0.0, 1.0, 0.0, 0.0, 0.0, 0.0, 0.0, 0.0, 0.0, 0.0, 0.0, 0.0, 0.0, 0.0, 0.0, 0.0, 0.0, 0.0, 0.0, 0.0, 0.0, 0.0, 0.0, 0.0, 0.0, 0.0, 0.0, 0.0, 0.0, 0.0]"
NODE_0000228,"[7.950788793251576e-08, 1.5595999251548482e-08, 0.9999983264668121, 1.5763538766032546e-08, 1.0940609118252436e-07, 1.5679790248547993e-08, 1.9136511556809563e-08, 1.558466806495081e-08, 1.569480220053311e-08, 1.5675870187030155e-08, 1.5438689935055023e-08, 1.565920468115654e-08, 1.4771606986438899e-08, 1.555224631120605e-08, 1.0743565516308353e-08, 3.7793065233550506e-08, 1.5344656258533086e-08, 1.565920468115696e-08, 1.5659204681156517e-08, 1.4783912331650581e-08, 3.777754931317183e-07, 1.5483677341633373e-08, 3.859179452165926e-07, 1.561759348950121e-08, 1.0293090082496573e-08, 1.5129592551974072e-08, 1.3369067634940335e-08, 1.5274892562473666e-08, 1.484912971198409e-08, 3.2083209517607504e-07, 1.5540095073291017e-08]"
hMpxV/Brazil/SP-IAL-357917433/2024|EPI_ISL_19446290|2024-08-28,"[0.0, 0.0, 1.0, 0.0, 0.0, 0.0, 0.0, 0.0, 0.0, 0.0, 0.0, 0.0, 0.0, 0.0, 0.0, 0.0, 0.0, 0.0, 0.0, 0.0, 0.0, 0.0, 0.0, 0.0, 0.0, 0.0, 0.0, 0.0, 0.0, 0.0, 0.0]"
hMpxV/Brazil/SP-IAL-357930578/2024|EPI_ISL_19446299|2024-09-05,"[0.0, 0.0, 1.0, 0.0, 0.0, 0.0, 0.0, 0.0, 0.0, 0.0, 0.0, 0.0, 0.0, 0.0, 0.0, 0.0, 0.0, 0.0, 0.0, 0.0, 0.0, 0.0, 0.0, 0.0, 0.0, 0.0, 0.0, 0.0, 0.0, 0.0, 0.0]"
NODE_0000223,"[9.898007413023847e-12, 1.1758113028776678e-12, 0.9999999996865436, 1.1789188514689035e-12, 1.5606272383968317e-11, 1.1795312702919124e-12, 1.5412370888205118e-12, 1.1785636202322667e-12, 1.178856406055673e-12, 1.1781552261126787e-12, 1.1729931399002457e-12, 1.1806983898826593e-12, 1.0915358349353488e-12, 1.1632055337431517e-12, 7.514350860479055e-13, 4.028862815441271e-12, 1.1327739093340048e-12, 1.1806983898831099e-12, 1.1806983898825363e-12, 1.0914392347095605e-12, 1.1020839042190996e-10, 1.1259953923998185e-12, 8.497447926907317e-11, 1.1792425337775457e-12, 7.192002919141968e-13, 1.1465217766503514e-12, 9.440077746339559e-13, 1.1646269922604872e-12, 1.0911630341703673e-12, 6.163673640606375e-11, 1.1763495741151464e-12]"
hMpxV/Brazil/SP-IAL-357914860/2024|EPI_ISL_19372778|2024-08-26,"[0.0, 0.0, 0.9999999999999999, 0.0, 0.0, 0.0, 0.0, 0.0, 0.0, 0.0, 0.0, 0.0, 0.0, 0.0, 0.0, 0.0, 0.0, 0.0, 0.0, 0.0, 0.0, 0.0, 0.0, 0.0, 0.0, 0.0, 0.0, 0.0, 0.0, 0.0, 0.0]"
hMpxV/Brazil/SP-IAL-357979151/2024|EPI_ISL_19524875|2024-10-04,"[0.0, 0.0, 0.9999999999999999, 0.0, 0.0, 0.0, 0.0, 0.0, 0.0, 0.0, 0.0, 0.0, 0.0, 0.0, 0.0, 0.0, 0.0, 0.0, 0.0, 0.0, 0.0, 0.0, 0.0, 0.0, 0.0, 0.0, 0.0, 0.0, 0.0, 0.0, 0.0]"
NODE_0000224,"[8.525313222746046e-10, 1.7156451239402383e-10, 0.9999999822538006, 1.7329043128873225e-10, 1.164507215803896e-09, 1.7245228628427535e-10, 2.0942123289014397e-10, 1.7121318506450222e-10, 1.7250637535582755e-10, 1.7245625635691595e-10, 1.695412771332397e-10, 1.7205608030503646e-10, 1.6251421777441198e-10, 1.7158328431612276e-10, 1.1881310532402524e-10, 4.094269962403879e-10, 1.6980938095881776e-10, 1.7205608030510157e-10, 1.720560803050086e-10, 1.628675275374995e-10, 3.9012777815322115e-09, 1.705223884645826e-10, 4.010996524145605e-09, 1.715866776289459e-10, 1.1495691881712762e-10, 1.66338514312981e-10, 1.4749691238525082e-10, 1.678547484400191e-10, 1.6340244471753652e-10, 3.4203829285305316e-09, 1.707167493327102e-10]"
hMpxV/Brazil/SP-IAL-357982862/2024|EPI_ISL_19524882|2024-10-08,"[0.0, 0.0, 0.9999999999999999, 0.0, 0.0, 0.0, 0.0, 0.0, 0.0, 0.0, 0.0, 0.0, 0.0, 0.0, 0.0, 0.0, 0.0, 0.0, 0.0, 0.0, 0.0, 0.0, 0.0, 0.0, 0.0, 0.0, 0.0, 0.0, 0.0, 0.0, 0.0]"
NODE_0000225,"[4.818897928205541e-10, 9.663336531121543e-11, 0.9999999899300923, 9.76000804813953e-11, 6.5904725767486e-10, 9.713195592847488e-11, 1.1799924994187053e-10, 9.643620435132183e-11, 9.716104925072226e-11, 9.713381992479261e-11, 9.549682294068011e-11, 9.690923257269456e-11, 9.152482910841571e-11, 9.664170188444393e-11, 6.689293722891569e-11, 2.311447722202135e-10, 9.563754322403833e-11, 9.69092325727575e-11, 9.690923257265338e-11, 9.17243015377945e-11, 2.2283497127238324e-09, 9.602650933707496e-11, 2.281154698829212e-09, 9.664567659280007e-11, 6.472513214860986e-11, 9.369238470706492e-11, 8.304689466921468e-11, 9.454957605079787e-11, 9.202210983240645e-11, 1.9427143212038303e-09, 9.615718154781804e-11]"
hMpxV/Brazil/SP-IAL-357888132/2024|EPI_ISL_19372758|2024-08-07,"[0.0, 0.0, 1.0, 0.0, 0.0, 0.0, 0.0, 0.0, 0.0, 0.0, 0.0, 0.0, 0.0, 0.0, 0.0, 0.0, 0.0, 0.0, 0.0, 0.0, 0.0, 0.0, 0.0, 0.0, 0.0, 0.0, 0.0, 0.0, 0.0, 0.0, 0.0]"
hMpxV/Brazil/SP-IAL-357985711/2024|EPI_ISL_19524886|2024-10-09,"[0.0, 0.0, 1.0, 0.0, 0.0, 0.0, 0.0, 0.0, 0.0, 0.0, 0.0, 0.0, 0.0, 0.0, 0.0, 0.0, 0.0, 0.0, 0.0, 0.0, 0.0, 0.0, 0.0, 0.0, 0.0, 0.0, 0.0, 0.0, 0.0, 0.0, 0.0]"
NODE_0000164,"[0.999999999998413, 2.6654747509265493e-15, 1.4244364559161582e-12, 2.682523662023401e-15, 4.059327113220462e-15, 2.68094238601373e-15, 2.8477297182901123e-15, 2.7103812669524736e-15, 2.6977694441530227e-15, 2.6705965939089394e-15, 2.7036309573253718e-15, 2.7069106586930132e-15, 2.3579561345918454e-15, 2.5580766366741874e-15, 8.968158572859747e-15, 2.268044239788091e-15, 2.393645403861769e-15, 2.706910658692826e-15, 2.7069106586929777e-15, 2.3281230671552756e-15, 1.715693203402373e-14, 2.443750803855383e-15, 4.120866805716389e-15, 2.7071572875403507e-15, 7.511496792995784e-15, 2.5874602854689904e-15, 1.8340007765248138e-15, 2.665608035168117e-15, 2.3522388231669562e-15, 6.175805943296912e-14, 2.70693615634618e-15]"
hMpxV/Australia/VIC-VIDRL-2984/2024|EPI_ISL_19459723|2024-05-27,"[1.0, 0.0, 0.0, 0.0, 0.0, 0.0, 0.0, 0.0, 0.0, 0.0, 0.0, 0.0, 0.0, 0.0, 0.0, 0.0, 0.0, 0.0, 0.0, 0.0, 0.0, 0.0, 0.0, 0.0, 0.0, 0.0, 0.0, 0.0, 0.0, 0.0, 0.0]"
hMpxV/Australia/VIC-VIDRL-0369/2024|EPI_ISL_19459704|2024-05-16,"[1.0, 0.0, 0.0, 0.0, 0.0, 0.0, 0.0, 0.0, 0.0, 0.0, 0.0, 0.0, 0.0, 0.0, 0.0, 0.0, 0.0, 0.0, 0.0, 0.0, 0.0, 0.0, 0.0, 0.0, 0.0, 0.0, 0.0, 0.0, 0.0, 0.0, 0.0]"
NODE_0000205,"[1.0, 2.798361011380838e-26, 7.089366584471326e-25, 2.8298228133789534e-26, 2.3715609287062942e-26, 2.8232886453403005e-26, 2.866535285143942e-26, 2.8893847319074987e-26, 2.856213212816938e-26, 2.802869853275045e-26, 2.8931750153046655e-26, 2.8789228688075737e-26, 2.4132037630786724e-26, 2.5993515256374136e-26, 1.8553476255877017e-25, 1.5407826058025173e-26, 2.3334375937230956e-26, 2.8789228688058914e-26, 2.878922868807001e-26, 2.3489210948521727e-26, 1.2054862300979672e-25, 2.4799187050690641e-26, 1.4894089884238688e-26, 2.8822838385606823e-26, 1.3574545872354369e-25, 2.7253507505930807e-26, 1.7217243819905558e-26, 2.8383212998104434e-26, 2.3912378550927794e-26, 7.003392289018868e-25, 2.8870809591865795e-26]"
hMpxV/Australia/VIC-VIDRL-9624/2024|EPI_ISL_19459799|2024-05-15,"[1.0, 0.0, 0.0, 0.0, 0.0, 0.0, 0.0, 0.0, 0.0, 0.0, 0.0, 0.0, 0.0, 0.0, 0.0, 0.0, 0.0, 0.0, 0.0, 0.0, 0.0, 0.0, 0.0, 0.0, 0.0, 0.0, 0.0, 0.0, 0.0, 0.0, 0.0]"
hMpxV/Australia/VIC-VIDRL-0994/2024|EPI_ISL_19459725|2024-05-20,"[1.0, 0.0, 0.0, 0.0, 0.0, 0.0, 0.0, 0.0, 0.0, 0.0, 0.0, 0.0, 0.0, 0.0, 0.0, 0.0, 0.0, 0.0, 0.0, 0.0, 0.0, 0.0, 0.0, 0.0, 0.0, 0.0, 0.0, 0.0, 0.0, 0.0, 0.0]"
hMpxV/Australia/VIC-VIDRL-9625/2024|EPI_ISL_19459739|2024-05-15,"[1.0, 0.0, 0.0, 0.0, 0.0, 0.0, 0.0, 0.0, 0.0, 0.0, 0.0, 0.0, 0.0, 0.0, 0.0, 0.0, 0.0, 0.0, 0.0, 0.0, 0.0, 0.0, 0.0, 0.0, 0.0, 0.0, 0.0, 0.0, 0.0, 0.0, 0.0]"
hMpxV/Australia/VIC-VIDRL-9373/2024|EPI_ISL_19459741|2024-05-14,"[0.9999999999999999, 0.0, 0.0, 0.0, 0.0, 0.0, 0.0, 0.0, 0.0, 0.0, 0.0, 0.0, 0.0, 0.0, 0.0, 0.0, 0.0, 0.0, 0.0, 0.0, 0.0, 0.0, 0.0, 0.0, 0.0, 0.0, 0.0, 0.0, 0.0, 0.0, 0.0]"
hMpxV/Australia/VIC-VIDRL-9428/2024|EPI_ISL_19459746|2024-05-14,"[0.9999999999999999, 0.0, 0.0, 0.0, 0.0, 0.0, 0.0, 0.0, 0.0, 0.0, 0.0, 0.0, 0.0, 0.0, 0.0, 0.0, 0.0, 0.0, 0.0, 0.0, 0.0, 0.0, 0.0, 0.0, 0.0, 0.0, 0.0, 0.0, 0.0, 0.0, 0.0]"
hMpxV/Australia/VIC-VIDRL-9623/2024|EPI_ISL_19459703|2024-05-15,"[1.0, 0.0, 0.0, 0.0, 0.0, 0.0, 0.0, 0.0, 0.0, 0.0, 0.0, 0.0, 0.0, 0.0, 0.0, 0.0, 0.0, 0.0, 0.0, 0.0, 0.0, 0.0, 0.0, 0.0, 0.0, 0.0, 0.0, 0.0, 0.0, 0.0, 0.0]"
NODE_0000185,"[1.0, 1.9007992444023048e-77, 2.149210465468455e-71, 1.7683989466908712e-77, 1.4335509439017586e-77, 1.8746585558757734e-77, 2.1734807724063835e-77, 2.30211513708878e-77, 2.042155743808681e-77, 1.7910180026775418e-77, 2.5158656198252033e-77, 2.1026453669466282e-77, 1.0221974771067202e-77, 1.2501464363499103e-77, 5.032383051537732e-74, 4.123472746602618e-78, 7.719941162601621e-78, 2.102645366945433e-77, 2.102645366946347e-77, 8.822665332205135e-78, 2.058247621481552e-73, 8.481344835341202e-78, 4.44503475801348e-78, 2.1950077518554546e-77, 1.5050298047107056e-74, 2.0121184760868306e-77, 3.181436920597663e-78, 2.4272541567823224e-77, 9.912419380284823e-78, 1.4651568437169584e-71, 2.3745280066899912e-77]"
hMpxV/Australia/QLD-MX000018/2024|EPI_ISL_19539667|2024-05-22,"[1.0, 0.0, 0.0, 0.0, 0.0, 0.0, 0.0, 0.0, 0.0, 0.0, 0.0, 0.0, 0.0, 0.0, 0.0, 0.0, 0.0, 0.0, 0.0, 0.0, 0.0, 0.0, 0.0, 0.0, 0.0, 0.0, 0.0, 0.0, 0.0, 0.0, 0.0]"
hMpxV/Australia/QLD-MX000016/2024|EPI_ISL_19539666|2024-05-21,"[1.0, 0.0, 0.0, 0.0, 0.0, 0.0, 0.0, 0.0, 0.0, 0.0, 0.0, 0.0, 0.0, 0.0, 0.0, 0.0, 0.0, 0.0, 0.0, 0.0, 0.0, 0.0, 0.0, 0.0, 0.0, 0.0, 0.0, 0.0, 0.0, 0.0, 0.0]"
hMpxV/Australia/QLD-MX000019/2024|EPI_ISL_19539668|2024-05-22,"[1.0, 0.0, 0.0, 0.0, 0.0, 0.0, 0.0, 0.0, 0.0, 0.0, 0.0, 0.0, 0.0, 0.0, 0.0, 0.0, 0.0, 0.0, 0.0, 0.0, 0.0, 0.0, 0.0, 0.0, 0.0, 0.0, 0.0, 0.0, 0.0, 0.0, 0.0]"
hMpxV/Australia/QLD-MX000020/2024|EPI_ISL_19539670|2024-05-23,"[1.0, 0.0, 0.0, 0.0, 0.0, 0.0, 0.0, 0.0, 0.0, 0.0, 0.0, 0.0, 0.0, 0.0, 0.0, 0.0, 0.0, 0.0, 0.0, 0.0, 0.0, 0.0, 0.0, 0.0, 0.0, 0.0, 0.0, 0.0, 0.0, 0.0, 0.0]"
hMpxV/Australia/QLD-MX000014/2024|EPI_ISL_19539665|2024-05-21,"[1.0, 0.0, 0.0, 0.0, 0.0, 0.0, 0.0, 0.0, 0.0, 0.0, 0.0, 0.0, 0.0, 0.0, 0.0, 0.0, 0.0, 0.0, 0.0, 0.0, 0.0, 0.0, 0.0, 0.0, 0.0, 0.0, 0.0, 0.0, 0.0, 0.0, 0.0]"
hMpxV/Australia/QLD-MX000021/2024|EPI_ISL_19539671|2024-05-23,"[1.0, 0.0, 0.0, 0.0, 0.0, 0.0, 0.0, 0.0, 0.0, 0.0, 0.0, 0.0, 0.0, 0.0, 0.0, 0.0, 0.0, 0.0, 0.0, 0.0, 0.0, 0.0, 0.0, 0.0, 0.0, 0.0, 0.0, 0.0, 0.0, 0.0, 0.0]"
hMpxV/Australia/QLD-MX000028/2024|EPI_ISL_19539678|2024-06-17,"[1.0, 0.0, 0.0, 0.0, 0.0, 0.0, 0.0, 0.0, 0.0, 0.0, 0.0, 0.0, 0.0, 0.0, 0.0, 0.0, 0.0, 0.0, 0.0, 0.0, 0.0, 0.0, 0.0, 0.0, 0.0, 0.0, 0.0, 0.0, 0.0, 0.0, 0.0]"
hMpxV/Australia/QLD-MX000031/2024|EPI_ISL_19539681|2024-06-21,"[1.0, 0.0, 0.0, 0.0, 0.0, 0.0, 0.0, 0.0, 0.0, 0.0, 0.0, 0.0, 0.0, 0.0, 0.0, 0.0, 0.0, 0.0, 0.0, 0.0, 0.0, 0.0, 0.0, 0.0, 0.0, 0.0, 0.0, 0.0, 0.0, 0.0, 0.0]"
hMpxV/Australia/QLD-MX000027/2024|EPI_ISL_19539677|2024-05-29,"[1.0, 0.0, 0.0, 0.0, 0.0, 0.0, 0.0, 0.0, 0.0, 0.0, 0.0, 0.0, 0.0, 0.0, 0.0, 0.0, 0.0, 0.0, 0.0, 0.0, 0.0, 0.0, 0.0, 0.0, 0.0, 0.0, 0.0, 0.0, 0.0, 0.0, 0.0]"
hMpxV/Australia/QLD-MX000026/2024|EPI_ISL_19539676|2024-05-27,"[1.0, 0.0, 0.0, 0.0, 0.0, 0.0, 0.0, 0.0, 0.0, 0.0, 0.0, 0.0, 0.0, 0.0, 0.0, 0.0, 0.0, 0.0, 0.0, 0.0, 0.0, 0.0, 0.0, 0.0, 0.0, 0.0, 0.0, 0.0, 0.0, 0.0, 0.0]"
hMpxV/Australia/VIC-VIDRL-0241/2024|EPI_ISL_19459729|2024-05-16,"[0.9999999999999999, 0.0, 0.0, 0.0, 0.0, 0.0, 0.0, 0.0, 0.0, 0.0, 0.0, 0.0, 0.0, 0.0, 0.0, 0.0, 0.0, 0.0, 0.0, 0.0, 0.0, 0.0, 0.0, 0.0, 0.0, 0.0, 0.0, 0.0, 0.0, 0.0, 0.0]"
hMpxV/Australia/VIC-VIDRL-3765/2024|EPI_ISL_19459727|2024-05-29,"[1.0, 0.0, 0.0, 0.0, 0.0, 0.0, 0.0, 0.0, 0.0, 0.0, 0.0, 0.0, 0.0, 0.0, 0.0, 0.0, 0.0, 0.0, 0.0, 0.0, 0.0, 0.0, 0.0, 0.0, 0.0, 0.0, 0.0, 0.0, 0.0, 0.0, 0.0]"
hMpxV/Australia/VIC-VIDRL-0239/2024|EPI_ISL_19459737|2024-05-16,"[0.9999999999999999, 0.0, 0.0, 0.0, 0.0, 0.0, 0.0, 0.0, 0.0, 0.0, 0.0, 0.0, 0.0, 0.0, 0.0, 0.0, 0.0, 0.0, 0.0, 0.0, 0.0, 0.0, 0.0, 0.0, 0.0, 0.0, 0.0, 0.0, 0.0, 0.0, 0.0]"
hMpxV/Australia/VIC-VIDRL-3002/2024|EPI_ISL_19459791|2024-05-25,"[0.9999999999999999, 0.0, 0.0, 0.0, 0.0, 0.0, 0.0, 0.0, 0.0, 0.0, 0.0, 0.0, 0.0, 0.0, 0.0, 0.0, 0.0, 0.0, 0.0, 0.0, 0.0, 0.0, 0.0, 0.0, 0.0, 0.0, 0.0, 0.0, 0.0, 0.0, 0.0]"
hMpxV/Australia/QLD-MX000012/2024|EPI_ISL_19539663|2024-05-17,"[1.0, 0.0, 0.0, 0.0, 0.0, 0.0, 0.0, 0.0, 0.0, 0.0, 0.0, 0.0, 0.0, 0.0, 0.0, 0.0, 0.0, 0.0, 0.0, 0.0, 0.0, 0.0, 0.0, 0.0, 0.0, 0.0, 0.0, 0.0, 0.0, 0.0, 0.0]"
hMpxV/Australia/QLD-MX000048/2024|EPI_ISL_19539696|2024-08-29,"[1.0, 0.0, 0.0, 0.0, 0.0, 0.0, 0.0, 0.0, 0.0, 0.0, 0.0, 0.0, 0.0, 0.0, 0.0, 0.0, 0.0, 0.0, 0.0, 0.0, 0.0, 0.0, 0.0, 0.0, 0.0, 0.0, 0.0, 0.0, 0.0, 0.0, 0.0]"
hMpxV/Australia/QLD-MX000150/2024|EPI_ISL_19539791|2024-10-14,"[0.9999999999999999, 0.0, 0.0, 0.0, 0.0, 0.0, 0.0, 0.0, 0.0, 0.0, 0.0, 0.0, 0.0, 0.0, 0.0, 0.0, 0.0, 0.0, 0.0, 0.0, 0.0, 0.0, 0.0, 0.0, 0.0, 0.0, 0.0, 0.0, 0.0, 0.0, 0.0]"
hMpxV/Australia/QLD-MX000062/2024|EPI_ISL_19539710|2024-09-04,"[1.0, 0.0, 0.0, 0.0, 0.0, 0.0, 0.0, 0.0, 0.0, 0.0, 0.0, 0.0, 0.0, 0.0, 0.0, 0.0, 0.0, 0.0, 0.0, 0.0, 0.0, 0.0, 0.0, 0.0, 0.0, 0.0, 0.0, 0.0, 0.0, 0.0, 0.0]"
hMpxV/Australia/QLD-MX000077/2024|EPI_ISL_19539725|2024-09-11,"[1.0, 0.0, 0.0, 0.0, 0.0, 0.0, 0.0, 0.0, 0.0, 0.0, 0.0, 0.0, 0.0, 0.0, 0.0, 0.0, 0.0, 0.0, 0.0, 0.0, 0.0, 0.0, 0.0, 0.0, 0.0, 0.0, 0.0, 0.0, 0.0, 0.0, 0.0]"
hMpxV/Australia/QLD-MX000063/2024|EPI_ISL_19539711|2024-09-07,"[1.0, 0.0, 0.0, 0.0, 0.0, 0.0, 0.0, 0.0, 0.0, 0.0, 0.0, 0.0, 0.0, 0.0, 0.0, 0.0, 0.0, 0.0, 0.0, 0.0, 0.0, 0.0, 0.0, 0.0, 0.0, 0.0, 0.0, 0.0, 0.0, 0.0, 0.0]"
hMpxV/Australia/QLD-MX000083/2024|EPI_ISL_19539731|2024-09-15,"[1.0, 0.0, 0.0, 0.0, 0.0, 0.0, 0.0, 0.0, 0.0, 0.0, 0.0, 0.0, 0.0, 0.0, 0.0, 0.0, 0.0, 0.0, 0.0, 0.0, 0.0, 0.0, 0.0, 0.0, 0.0, 0.0, 0.0, 0.0, 0.0, 0.0, 0.0]"
hMpxV/Australia/QLD-MX000091/2024|EPI_ISL_19539740|2024-09-17,"[0.9999999999999999, 0.0, 0.0, 0.0, 0.0, 0.0, 0.0, 0.0, 0.0, 0.0, 0.0, 0.0, 0.0, 0.0, 0.0, 0.0, 0.0, 0.0, 0.0, 0.0, 0.0, 0.0, 0.0, 0.0, 0.0, 0.0, 0.0, 0.0, 0.0, 0.0, 0.0]"
hMpxV/Australia/QLD-MX000102/2024|EPI_ISL_19539749|2024-09-19,"[0.9999999999999999, 0.0, 0.0, 0.0, 0.0, 0.0, 0.0, 0.0, 0.0, 0.0, 0.0, 0.0, 0.0, 0.0, 0.0, 0.0, 0.0, 0.0, 0.0, 0.0, 0.0, 0.0, 0.0, 0.0, 0.0, 0.0, 0.0, 0.0, 0.0, 0.0, 0.0]"
hMpxV/Australia/QLD-MX000105/2024|EPI_ISL_19539752|2024-09-24,"[1.0, 0.0, 0.0, 0.0, 0.0, 0.0, 0.0, 0.0, 0.0, 0.0, 0.0, 0.0, 0.0, 0.0, 0.0, 0.0, 0.0, 0.0, 0.0, 0.0, 0.0, 0.0, 0.0, 0.0, 0.0, 0.0, 0.0, 0.0, 0.0, 0.0, 0.0]"
NODE_0000186,"[0.9999999994805898, 1.4092649043506714e-11, 5.3774272034764174e-11, 1.4416247022041391e-11, 1.2571438383612234e-11, 1.4232212711716937e-11, 1.4132359566567349e-11, 1.4157034416438316e-11, 1.4326585365916033e-11, 1.4219447957960744e-11, 1.3964903393148408e-11, 1.4249902523283741e-11, 1.3272540203725456e-11, 1.3923353531962315e-11, 2.92069459067103e-11, 9.734380698348817e-12, 1.3602072202417121e-11, 1.4249902523278526e-11, 1.424990252328376e-11, 1.3193734572835682e-11, 1.405446747833167e-11, 1.421363107629526e-11, 9.637593727062434e-12, 1.4198490440508028e-11, 2.5709617258565983e-11, 1.3553569510668052e-11, 1.1834439474429742e-11, 1.3704884400863957e-11, 1.3401316250409399e-11, 5.942801643690766e-11, 1.4104253466904705e-11]"
hMpxV/Australia/QLD-MX000023/2024|EPI_ISL_19539673|2024-05-28,"[1.0, 0.0, 0.0, 0.0, 0.0, 0.0, 0.0, 0.0, 0.0, 0.0, 0.0, 0.0, 0.0, 0.0, 0.0, 0.0, 0.0, 0.0, 0.0, 0.0, 0.0, 0.0, 0.0, 0.0, 0.0, 0.0, 0.0, 0.0, 0.0, 0.0, 0.0]"
hMpxV/Australia/QLD-MX000024/2024|EPI_ISL_19539674|2024-05-28,"[1.0, 0.0, 0.0, 0.0, 0.0, 0.0, 0.0, 0.0, 0.0, 0.0, 0.0, 0.0, 0.0, 0.0, 0.0, 0.0, 0.0, 0.0, 0.0, 0.0, 0.0, 0.0, 0.0, 0.0, 0.0, 0.0, 0.0, 0.0, 0.0, 0.0, 0.0]"
NODE_0000190,"[0.9999999974268045, 7.075114351465518e-11, 2.5708100322150247e-10, 7.236731640052202e-11, 6.344381902594491e-11, 7.14252446558667e-11, 7.089520185722058e-11, 7.103158597718836e-11, 7.196569399370275e-11, 7.136887838850902e-11, 7.004544313914464e-11, 7.146817515494853e-11, 6.682467855535891e-11, 7.001505545496719e-11, 1.404566454601414e-10, 4.954687085274901e-11, 6.870747917744589e-11, 7.14681751549224e-11, 7.146817515494856e-11, 6.646161796064203e-11, 6.725542365315817e-11, 7.166991223083721e-11, 4.937139525390712e-11, 7.122543491318775e-11, 1.246411322838192e-10, 6.803993873286677e-11, 6.053013674898213e-11, 6.87164761315814e-11, 6.763803514488528e-11, 2.8652961875742196e-10, 7.078594071818308e-11]"
hMpxV/Australia/VIC-VIDRL-4022/2024|EPI_ISL_19459715|2024-07-08,"[1.0, 0.0, 0.0, 0.0, 0.0, 0.0, 0.0, 0.0, 0.0, 0.0, 0.0, 0.0, 0.0, 0.0, 0.0, 0.0, 0.0, 0.0, 0.0, 0.0, 0.0, 0.0, 0.0, 0.0, 0.0, 0.0, 0.0, 0.0, 0.0, 0.0, 0.0]"
hMpxV/Australia/VIC-VIDRL-4178/2024|EPI_ISL_19459784|2024-07-08,"[1.0, 0.0, 0.0, 0.0, 0.0, 0.0, 0.0, 0.0, 0.0, 0.0, 0.0, 0.0, 0.0, 0.0, 0.0, 0.0, 0.0, 0.0, 0.0, 0.0, 0.0, 0.0, 0.0, 0.0, 0.0, 0.0, 0.0, 0.0, 0.0, 0.0, 0.0]"
NODE_0000198,"[0.9999996839988053, 8.904850217459562e-09, 2.9414540647836617e-08, 9.109105591603403e-09, 8.044420327244124e-09, 8.986221653578521e-09, 8.910924143396504e-09, 8.928558290390534e-09, 9.062604793194897e-09, 8.981488203619269e-09, 8.798406667498101e-09, 8.980990518935309e-09, 8.454343671883247e-09, 8.84188351772779e-09, 1.639161344734743e-08, 6.369373943758928e-09, 8.739941379081493e-09, 8.980990518934751e-09, 8.98099051893531e-09, 8.417304884281174e-09, 7.770118755893152e-09, 9.091162487144003e-09, 6.390510267086904e-09, 8.951895719574881e-09, 1.4748265832471236e-08, 8.561693960190523e-09, 7.829862362558247e-09, 8.629122034028463e-09, 8.584024267548512e-09, 3.324606603510642e-08, 8.899919916428293e-09]"
hMpxV/Australia/QLD-MX000131/2024|EPI_ISL_19539775|2024-10-02,"[0.9999999999999999, 0.0, 0.0, 0.0, 0.0, 0.0, 0.0, 0.0, 0.0, 0.0, 0.0, 0.0, 0.0, 0.0, 0.0, 0.0, 0.0, 0.0, 0.0, 0.0, 0.0, 0.0, 0.0, 0.0, 0.0, 0.0, 0.0, 0.0, 0.0, 0.0, 0.0]"
hMpxV/Australia/QLD-MX000133/2024|EPI_ISL_19539777|2024-10-02,"[0.9999999999999999, 0.0, 0.0, 0.0, 0.0, 0.0, 0.0, 0.0, 0.0, 0.0, 0.0, 0.0, 0.0, 0.0, 0.0, 0.0, 0.0, 0.0, 0.0, 0.0, 0.0, 0.0, 0.0, 0.0, 0.0, 0.0, 0.0, 0.0, 0.0, 0.0, 0.0]"
NODE_0000196,"[0.999997499929729, 7.048745963229835e-08, 2.323381062500181e-07, 7.209818470048024e-08, 6.373458503579723e-08, 7.112443615538326e-08, 7.053022262111276e-08, 7.067543795565705e-08, 7.174763483126249e-08, 7.108635868480772e-08, 6.964577941412392e-08, 7.10799002562593e-08, 6.693620042795255e-08, 6.999054951166481e-08, 1.2924437832172565e-07, 5.051804865160077e-08, 6.922264274730675e-08, 7.107990025625827e-08, 7.107990025625868e-08, 6.664326631856133e-08, 6.125894146571512e-08, 7.198791033048276e-08, 5.07726292702653e-08, 7.085477351665371e-08, 1.163826714214121e-07, 6.77723550567722e-08, 6.216624125916761e-08, 6.829737861380824e-08, 6.799777342226511e-08, 2.6286219867288794e-07, 7.04544056785387e-08]"
hMpxV/Australia/QLD-MX000106/2024|EPI_ISL_19539753|2024-09-24,"[1.0, 0.0, 0.0, 0.0, 0.0, 0.0, 0.0, 0.0, 0.0, 0.0, 0.0, 0.0, 0.0, 0.0, 0.0, 0.0, 0.0, 0.0, 0.0, 0.0, 0.0, 0.0, 0.0, 0.0, 0.0, 0.0, 0.0, 0.0, 0.0, 0.0, 0.0]"
NODE_0000197,"[0.9999999987804474, 3.302354039917951e-11, 1.2691858490222882e-10, 3.378030070590723e-11, 2.9455981698303076e-11, 3.335027924329499e-11, 3.311881576781816e-11, 3.317747165198589e-11, 3.357249076392121e-11, 3.331963083735477e-11, 3.2728869531101516e-11, 3.3393619274796995e-11, 3.1092996498898584e-11, 3.262031769998559e-11, 6.870572988207562e-11, 2.279690429394331e-11, 3.186013292746285e-11, 3.339361927478869e-11, 3.339361927479486e-11, 3.090625537119213e-11, 3.31038819287449e-11, 3.3293379792104046e-11, 2.2569989698241146e-11, 3.3273852535503034e-11, 6.044163234764539e-11, 3.17618750580254e-11, 2.7707602799166076e-11, 3.211939028244652e-11, 3.1393614418103106e-11, 1.4022400635476216e-10, 3.305428306863169e-11]"
hMpxV/Australia/QLD-MX000120/2024|EPI_ISL_19539764|2024-10-01,"[1.0, 0.0, 0.0, 0.0, 0.0, 0.0, 0.0, 0.0, 0.0, 0.0, 0.0, 0.0, 0.0, 0.0, 0.0, 0.0, 0.0, 0.0, 0.0, 0.0, 0.0, 0.0, 0.0, 0.0, 0.0, 0.0, 0.0, 0.0, 0.0, 0.0, 0.0]"
hMpxV/Australia/QLD-MX000119/2024|EPI_ISL_19539763|2024-09-30,"[0.9999999999999999, 0.0, 0.0, 0.0, 0.0, 0.0, 0.0, 0.0, 0.0, 0.0, 0.0, 0.0, 0.0, 0.0, 0.0, 0.0, 0.0, 0.0, 0.0, 0.0, 0.0, 0.0, 0.0, 0.0, 0.0, 0.0, 0.0, 0.0, 0.0, 0.0, 0.0]"
NODE_0000201,"[0.9999999999998324, 3.4342620319153767e-15, 2.896302285238603e-14, 3.4925860417053707e-15, 3.0283001354795197e-15, 3.4634915747060806e-15, 3.4727174780908046e-15, 3.490675592521496e-15, 3.5027922168615436e-15, 3.450710791350429e-15, 3.4654938159646384e-15, 3.492787416316461e-15, 3.1218511526394523e-15, 3.3072935930793733e-15, 1.1200746709373802e-14, 2.2008962633635544e-15, 3.137225308004894e-15, 3.4927874163156794e-15, 3.492787416316312e-15, 3.075895019730419e-15, 6.16417792200635e-15, 3.2895801287058816e-15, 2.1868141069261023e-15, 3.490096275421465e-15, 9.204604771192228e-15, 3.3227299622131125e-15, 2.5977815052533465e-15, 3.3977400263714748e-15, 3.1424082398680836e-15, 3.101224063640982e-14, 3.48493608673694e-15]"
hMpxV/Australia/QLD-MX000140/2024|EPI_ISL_19539784|2024-09-30,"[1.0, 0.0, 0.0, 0.0, 0.0, 0.0, 0.0, 0.0, 0.0, 0.0, 0.0, 0.0, 0.0, 0.0, 0.0, 0.0, 0.0, 0.0, 0.0, 0.0, 0.0, 0.0, 0.0, 0.0, 0.0, 0.0, 0.0, 0.0, 0.0, 0.0, 0.0]"
hMpxV/Australia/QLD-MX000141/2024|EPI_ISL_19539785|2024-09-30,"[1.0, 0.0, 0.0, 0.0, 0.0, 0.0, 0.0, 0.0, 0.0, 0.0, 0.0, 0.0, 0.0, 0.0, 0.0, 0.0, 0.0, 0.0, 0.0, 0.0, 0.0, 0.0, 0.0, 0.0, 0.0, 0.0, 0.0, 0.0, 0.0, 0.0, 0.0]"
hMpxV/Australia/QLD-MX000107/2024|EPI_ISL_19539754|2024-09-25,"[0.9999999999999999, 0.0, 0.0, 0.0, 0.0, 0.0, 0.0, 0.0, 0.0, 0.0, 0.0, 0.0, 0.0, 0.0, 0.0, 0.0, 0.0, 0.0, 0.0, 0.0, 0.0, 0.0, 0.0, 0.0, 0.0, 0.0, 0.0, 0.0, 0.0, 0.0, 0.0]"
hMpxV/Australia/QLD-MX000117/2024|EPI_ISL_19539761|2024-09-30,"[1.0, 0.0, 0.0, 0.0, 0.0, 0.0, 0.0, 0.0, 0.0, 0.0, 0.0, 0.0, 0.0, 0.0, 0.0, 0.0, 0.0, 0.0, 0.0, 0.0, 0.0, 0.0, 0.0, 0.0, 0.0, 0.0, 0.0, 0.0, 0.0, 0.0, 0.0]"
NODE_0000191,"[0.9999945539486517, 1.5362339815707417e-07, 5.053319058802646e-07, 1.5712748929766218e-07, 1.389788369909317e-07, 1.5500335517820434e-07, 1.5370872613037976e-07, 1.540313579797346e-07, 1.5638307022680082e-07, 1.549201240544829e-07, 1.5178682582057408e-07, 1.5490104937297604e-07, 1.4590734832760522e-07, 1.5254725961573854e-07, 2.809200583193416e-07, 1.1023349522140034e-07, 1.5092679630363504e-07, 1.549010493729755e-07, 1.5490104937297495e-07, 1.452707290126685e-07, 1.3312775464979779e-07, 1.5693381624095018e-07, 1.1089112757541392e-07, 1.5441621843013982e-07, 2.5310281859884696e-07, 1.4770686668678242e-07, 1.3572934453438323e-07, 1.4883860976310237e-07, 1.482637055022356e-07, 5.720810385139771e-07, 1.5355612314460528e-07]"
hMpxV/Australia/QLD-MX000109/2024|EPI_ISL_19539756|2024-09-24,"[1.0, 0.0, 0.0, 0.0, 0.0, 0.0, 0.0, 0.0, 0.0, 0.0, 0.0, 0.0, 0.0, 0.0, 0.0, 0.0, 0.0, 0.0, 0.0, 0.0, 0.0, 0.0, 0.0, 0.0, 0.0, 0.0, 0.0, 0.0, 0.0, 0.0, 0.0]"
NODE_0000192,"[0.9999999999206188, 1.852734568753715e-12, 1.1292710132969011e-11, 1.8895149874519405e-12, 1.635071607571626e-12, 1.870257412699855e-12, 1.8675107285969703e-12, 1.8739447694657177e-12, 1.885962097190874e-12, 1.865595563600868e-12, 1.8554240895387212e-12, 1.8808934668181523e-12, 1.7078873667699261e-12, 1.8028327793741013e-12, 5.085790808441433e-12, 1.2148267167774264e-12, 1.7267887102207477e-12, 1.880893466818073e-12, 1.8808934668181195e-12, 1.6889253064372602e-12, 2.639482400078119e-12, 1.8108581983746018e-12, 1.1992914840728064e-12, 1.8766257046953173e-12, 4.283331289108822e-12, 1.7875965896669614e-12, 1.4486301104413025e-12, 1.8203695074367063e-12, 1.7181527262430173e-12, 1.2169876108127993e-11, 1.868630279360784e-12]"
hMpxV/Australia/QLD-MX000135/2024|EPI_ISL_19539779|2024-10-02,"[0.9999999999999999, 0.0, 0.0, 0.0, 0.0, 0.0, 0.0, 0.0, 0.0, 0.0, 0.0, 0.0, 0.0, 0.0, 0.0, 0.0, 0.0, 0.0, 0.0, 0.0, 0.0, 0.0, 0.0, 0.0, 0.0, 0.0, 0.0, 0.0, 0.0, 0.0, 0.0]"
hMpxV/Australia/QLD-MX000134/2024|EPI_ISL_19539778|2024-10-02,"[0.9999999999999999, 0.0, 0.0, 0.0, 0.0, 0.0, 0.0, 0.0, 0.0, 0.0, 0.0, 0.0, 0.0, 0.0, 0.0, 0.0, 0.0, 0.0, 0.0, 0.0, 0.0, 0.0, 0.0, 0.0, 0.0, 0.0, 0.0, 0.0, 0.0, 0.0, 0.0]"
NODE_0000193,"[0.9999999934039391, 1.786907059941199e-10, 6.856121974662869e-10, 1.8279756410447234e-10, 1.592989801630811e-10, 1.80469292502834e-10, 1.7921061985721763e-10, 1.7951873948091574e-10, 1.8164330989032753e-10, 1.8030549056902154e-10, 1.7708832718010307e-10, 1.8070686303456588e-10, 1.6823640764962542e-10, 1.765127784981134e-10, 3.72197425265997e-10, 1.232229456134783e-10, 1.7234711453752883e-10, 1.807068630345546e-10, 1.807068630345546e-10, 1.6722826068699426e-10, 1.7920222982280134e-10, 1.8013383704775692e-10, 1.21892190143874e-10, 1.8004956319821212e-10, 3.2731896936063134e-10, 1.718564811745916e-10, 1.4971204187592624e-10, 1.7379989247717038e-10, 1.6981562749857573e-10, 7.56936104045112e-10, 1.788428742726234e-10]"
hMpxV/Australia/QLD-MX000122/2024|EPI_ISL_19539766|2024-10-02,"[1.0, 0.0, 0.0, 0.0, 0.0, 0.0, 0.0, 0.0, 0.0, 0.0, 0.0, 0.0, 0.0, 0.0, 0.0, 0.0, 0.0, 0.0, 0.0, 0.0, 0.0, 0.0, 0.0, 0.0, 0.0, 0.0, 0.0, 0.0, 0.0, 0.0, 0.0]"
hMpxV/Australia/QLD-MX000132/2024|EPI_ISL_19539776|2024-10-02,"[1.0, 0.0, 0.0, 0.0, 0.0, 0.0, 0.0, 0.0, 0.0, 0.0, 0.0, 0.0, 0.0, 0.0, 0.0, 0.0, 0.0, 0.0, 0.0, 0.0, 0.0, 0.0, 0.0, 0.0, 0.0, 0.0, 0.0, 0.0, 0.0, 0.0, 0.0]"
NODE_0000199,"[0.9999999850833677, 3.7050376481212767e-10, 1.8899832961285374e-09, 3.7781468283003993e-10, 3.3227645176405713e-10, 3.7362168948466196e-10, 3.7247028803374346e-10, 3.7389458313512637e-10, 3.7771749128469437e-10, 3.7285259955499406e-10, 3.69751276716424e-10, 3.749116620430619e-10, 3.4494165042392976e-10, 3.626805195216596e-10, 8.779577809301389e-10, 2.538723404964417e-10, 3.5251421210961785e-10, 3.7491166204304714e-10, 3.7491166204304725e-10, 3.41752610771111e-10, 4.4695006591600076e-10, 3.6760749584170114e-10, 2.55263367170932e-10, 3.7425608592939526e-10, 7.598081096456771e-10, 3.573412611569331e-10, 3.072952228102681e-10, 3.6242031275105777e-10, 3.495609125206987e-10, 2.093686916349807e-09, 3.7310231360452853e-10]"
hMpxV/Australia/QLD-MX000139/2024|EPI_ISL_19539783|2024-09-30,"[0.9999999999999999, 0.0, 0.0, 0.0, 0.0, 0.0, 0.0, 0.0, 0.0, 0.0, 0.0, 0.0, 0.0, 0.0, 0.0, 0.0, 0.0, 0.0, 0.0, 0.0, 0.0, 0.0, 0.0, 0.0, 0.0, 0.0, 0.0, 0.0, 0.0, 0.0, 0.0]"
hMpxV/Australia/QLD-MX000156/2024|EPI_ISL_19539797|2024-10-14,"[1.0, 0.0, 0.0, 0.0, 0.0, 0.0, 0.0, 0.0, 0.0, 0.0, 0.0, 0.0, 0.0, 0.0, 0.0, 0.0, 0.0, 0.0, 0.0, 0.0, 0.0, 0.0, 0.0, 0.0, 0.0, 0.0, 0.0, 0.0, 0.0, 0.0, 0.0]"
NODE_0000200,"[0.9999999999598346, 9.413085010690297e-13, 5.673099196574103e-12, 9.60062784749611e-13, 8.30896792533057e-13, 9.502209313461984e-13, 9.487072934875022e-13, 9.519403363487581e-13, 9.581620146284064e-13, 9.478866377987558e-13, 9.424533398844632e-13, 9.555329360631713e-13, 8.681307475511321e-13, 9.162602640690176e-13, 2.5674079919389524e-12, 6.178949592409285e-13, 8.779812108582372e-13, 9.555329360631236e-13, 9.555329360631474e-13, 8.585904653328467e-13, 1.3298654899879405e-12, 9.2067366478392e-13, 6.100453063055592e-13, 9.53334918849541e-13, 2.1645001449769966e-12, 9.081427067024377e-13, 7.37167294669666e-13, 9.246473683019145e-13, 8.734188199585059e-13, 6.116725141261483e-12, 9.492207002055886e-13]"
hMpxV/Australia/QLD-MX000097/2024|EPI_ISL_19539745|2024-09-17,"[1.0, 0.0, 0.0, 0.0, 0.0, 0.0, 0.0, 0.0, 0.0, 0.0, 0.0, 0.0, 0.0, 0.0, 0.0, 0.0, 0.0, 0.0, 0.0, 0.0, 0.0, 0.0, 0.0, 0.0, 0.0, 0.0, 0.0, 0.0, 0.0, 0.0, 0.0]"
hMpxV/Australia/QLD-MX000103/2024|EPI_ISL_19539750|2024-09-24,"[0.9999999999999999, 0.0, 0.0, 0.0, 0.0, 0.0, 0.0, 0.0, 0.0, 0.0, 0.0, 0.0, 0.0, 0.0, 0.0, 0.0, 0.0, 0.0, 0.0, 0.0, 0.0, 0.0, 0.0, 0.0, 0.0, 0.0, 0.0, 0.0, 0.0, 0.0, 0.0]"
hMpxV/Australia/QLD-MX000118/2024|EPI_ISL_19539762|2024-09-30,"[0.9999999999999999, 0.0, 0.0, 0.0, 0.0, 0.0, 0.0, 0.0, 0.0, 0.0, 0.0, 0.0, 0.0, 0.0, 0.0, 0.0, 0.0, 0.0, 0.0, 0.0, 0.0, 0.0, 0.0, 0.0, 0.0, 0.0, 0.0, 0.0, 0.0, 0.0, 0.0]"
NODE_0000202,"[0.9999978310060196, 6.093793229412182e-08, 2.037094172031756e-07, 6.232670614755843e-08, 5.506194684944144e-08, 6.148911170826322e-08, 6.098558938400316e-08, 6.111322546126996e-08, 6.202734969320446e-08, 6.145335658785535e-08, 6.022988672458163e-08, 6.146072282993102e-08, 5.782688540103019e-08, 6.047676291870104e-08, 1.1284974902761272e-07, 4.357340334863309e-08, 5.976238667822026e-08, 6.146072282993004e-08, 6.146072282993004e-08, 5.756428052528478e-08, 5.357245496075967e-08, 6.216965959517483e-08, 4.37842457884852e-08, 6.126691980267062e-08, 1.014417211823926e-07, 5.8593402794756313e-08, 5.359594267538146e-08, 5.9062544796264033e-08, 5.873077327536279e-08, 2.3008387947638385e-07, 6.092227779485752e-08]"
NODE_0000204,"[0.9999999993572232, 1.7443512386119772e-11, 6.651161822881518e-11, 1.7843448802584122e-11, 1.5567011236157516e-11, 1.7615578516214288e-11, 1.74920503925846e-11, 1.752310575881741e-11, 1.7734177703037108e-11, 1.759974319983412e-11, 1.728526839124481e-11, 1.7636997401302246e-11, 1.6430204093953258e-11, 1.723461816160983e-11, 3.6085467593831355e-11, 1.2059941525025325e-11, 1.684156743227043e-11, 1.763699740129573e-11, 1.7636997401302197e-11, 1.6332798309239132e-11, 1.7367381430382704e-11, 1.7596364677961034e-11, 1.1947236629142908e-11, 1.757389150911763e-11, 3.177698306041796e-11, 1.6776532995905968e-11, 1.46665065156608e-11, 1.696280306040108e-11, 1.6593010852667763e-11, 7.354675696681937e-11, 1.7458339631745862e-11]"
hMpxV/Australia/QLD-MX000096/2024|EPI_ISL_19539744|2024-09-17,"[1.0, 0.0, 0.0, 0.0, 0.0, 0.0, 0.0, 0.0, 0.0, 0.0, 0.0, 0.0, 0.0, 0.0, 0.0, 0.0, 0.0, 0.0, 0.0, 0.0, 0.0, 0.0, 0.0, 0.0, 0.0, 0.0, 0.0, 0.0, 0.0, 0.0, 0.0]"
hMpxV/Australia/QLD-MX000098/2024|EPI_ISL_19539746|2024-09-17,"[1.0, 0.0, 0.0, 0.0, 0.0, 0.0, 0.0, 0.0, 0.0, 0.0, 0.0, 0.0, 0.0, 0.0, 0.0, 0.0, 0.0, 0.0, 0.0, 0.0, 0.0, 0.0, 0.0, 0.0, 0.0, 0.0, 0.0, 0.0, 0.0, 0.0, 0.0]"
NODE_0000203,"[1.0, 1.720070965403865e-18, 2.721163418962186e-17, 1.743317155737363e-18, 1.4858423580222705e-18, 1.734708117555159e-18, 1.751910197358427e-18, 1.7640798109847096e-18, 1.7557253881358387e-18, 1.7247648112792418e-18, 1.759951953909264e-18, 1.760306215807156e-18, 1.5180811992217698e-18, 1.6228066072197855e-18, 8.348751864150945e-18, 1.0154984815016251e-18, 1.4936229012900759e-18, 1.760306215806888e-18, 1.7603062158070377e-18, 1.485417493290489e-18, 5.056638614261323e-18, 1.577444465745733e-18, 9.972209711510768e-19, 1.7611794655156588e-18, 6.42969890898367e-18, 1.6705216927150343e-18, 1.1645856812253304e-18, 1.7256555313749264e-18, 1.5162024994521767e-18, 2.788301537235665e-17, 1.762349357719638e-18]"
hMpxV/Australia/QLD-MX000065/2024|EPI_ISL_19539713|2024-09-06,"[0.9999999999999999, 0.0, 0.0, 0.0, 0.0, 0.0, 0.0, 0.0, 0.0, 0.0, 0.0, 0.0, 0.0, 0.0, 0.0, 0.0, 0.0, 0.0, 0.0, 0.0, 0.0, 0.0, 0.0, 0.0, 0.0, 0.0, 0.0, 0.0, 0.0, 0.0, 0.0]"
hMpxV/Australia/QLD-MX000067/2024|EPI_ISL_19539715|2024-09-09,"[1.0, 0.0, 0.0, 0.0, 0.0, 0.0, 0.0, 0.0, 0.0, 0.0, 0.0, 0.0, 0.0, 0.0, 0.0, 0.0, 0.0, 0.0, 0.0, 0.0, 0.0, 0.0, 0.0, 0.0, 0.0, 0.0, 0.0, 0.0, 0.0, 0.0, 0.0]"
hMpxV/Australia/QLD-MX000080/2024|EPI_ISL_19539728|2024-09-13,"[0.9999999999999999, 0.0, 0.0, 0.0, 0.0, 0.0, 0.0, 0.0, 0.0, 0.0, 0.0, 0.0, 0.0, 0.0, 0.0, 0.0, 0.0, 0.0, 0.0, 0.0, 0.0, 0.0, 0.0, 0.0, 0.0, 0.0, 0.0, 0.0, 0.0, 0.0, 0.0]"
hMpxV/Australia/QLD-MX000104/2024|EPI_ISL_19539751|2024-09-23,"[1.0, 0.0, 0.0, 0.0, 0.0, 0.0, 0.0, 0.0, 0.0, 0.0, 0.0, 0.0, 0.0, 0.0, 0.0, 0.0, 0.0, 0.0, 0.0, 0.0, 0.0, 0.0, 0.0, 0.0, 0.0, 0.0, 0.0, 0.0, 0.0, 0.0, 0.0]"
hMpxV/Australia/QLD-MX000110/2024|EPI_ISL_19539757|2024-09-25,"[1.0, 0.0, 0.0, 0.0, 0.0, 0.0, 0.0, 0.0, 0.0, 0.0, 0.0, 0.0, 0.0, 0.0, 0.0, 0.0, 0.0, 0.0, 0.0, 0.0, 0.0, 0.0, 0.0, 0.0, 0.0, 0.0, 0.0, 0.0, 0.0, 0.0, 0.0]"
NODE_0000194,"[1.0, 3.760823921533305e-23, 1.8470121334039247e-21, 3.7788445003963854e-23, 3.2009456087490795e-23, 3.784409501258846e-23, 3.87607811114044e-23, 3.9230035498610943e-23, 3.858474149890394e-23, 3.7474602573178885e-23, 3.950382765497359e-23, 3.8799685026197384e-23, 3.155236584450459e-23, 3.4194099003824826e-23, 3.4780817840234076e-22, 2.00104821013052e-23, 3.019625583636511e-23, 3.879968502619408e-23, 3.8799685026196567e-23, 3.048025314848291e-23, 2.550665450917309e-22, 3.2038686333576173e-23, 1.9836474871143776e-23, 3.898466526821823e-23, 2.4305627606279305e-22, 3.684155971192479e-23, 2.2050770787543137e-23, 3.866835976095759e-23, 3.1409884402909445e-23, 1.8112891432295092e-21, 3.9316910014076837e-23]"
hMpxV/Australia/QLD-MX000121/2024|EPI_ISL_19539765|2024-10-02,"[1.0, 0.0, 0.0, 0.0, 0.0, 0.0, 0.0, 0.0, 0.0, 0.0, 0.0, 0.0, 0.0, 0.0, 0.0, 0.0, 0.0, 0.0, 0.0, 0.0, 0.0, 0.0, 0.0, 0.0, 0.0, 0.0, 0.0, 0.0, 0.0, 0.0, 0.0]"
hMpxV/Australia/QLD-MX000129/2024|EPI_ISL_19539773|2024-10-02,"[1.0, 0.0, 0.0, 0.0, 0.0, 0.0, 0.0, 0.0, 0.0, 0.0, 0.0, 0.0, 0.0, 0.0, 0.0, 0.0, 0.0, 0.0, 0.0, 0.0, 0.0, 0.0, 0.0, 0.0, 0.0, 0.0, 0.0, 0.0, 0.0, 0.0, 0.0]"
hMpxV/Australia/QLD-MX000130/2024|EPI_ISL_19539774|2024-10-02,"[1.0, 0.0, 0.0, 0.0, 0.0, 0.0, 0.0, 0.0, 0.0, 0.0, 0.0, 0.0, 0.0, 0.0, 0.0, 0.0, 0.0, 0.0, 0.0, 0.0, 0.0, 0.0, 0.0, 0.0, 0.0, 0.0, 0.0, 0.0, 0.0, 0.0, 0.0]"
hMpxV/Australia/QLD-MX000148/2024|EPI_ISL_19539789|2024-10-15,"[1.0, 0.0, 0.0, 0.0, 0.0, 0.0, 0.0, 0.0, 0.0, 0.0, 0.0, 0.0, 0.0, 0.0, 0.0, 0.0, 0.0, 0.0, 0.0, 0.0, 0.0, 0.0, 0.0, 0.0, 0.0, 0.0, 0.0, 0.0, 0.0, 0.0, 0.0]"
hMpxV/Australia/QLD-MX000149/2024|EPI_ISL_19539790|2024-10-15,"[1.0, 0.0, 0.0, 0.0, 0.0, 0.0, 0.0, 0.0, 0.0, 0.0, 0.0, 0.0, 0.0, 0.0, 0.0, 0.0, 0.0, 0.0, 0.0, 0.0, 0.0, 0.0, 0.0, 0.0, 0.0, 0.0, 0.0, 0.0, 0.0, 0.0, 0.0]"
hMpxV/Australia/QLD-MX000157/2024|EPI_ISL_19539798|2024-10-15,"[1.0, 0.0, 0.0, 0.0, 0.0, 0.0, 0.0, 0.0, 0.0, 0.0, 0.0, 0.0, 0.0, 0.0, 0.0, 0.0, 0.0, 0.0, 0.0, 0.0, 0.0, 0.0, 0.0, 0.0, 0.0, 0.0, 0.0, 0.0, 0.0, 0.0, 0.0]"
hMpxV/Australia/QLD-MX000158/2024|EPI_ISL_19539799|2024-10-17,"[0.9999999999999999, 0.0, 0.0, 0.0, 0.0, 0.0, 0.0, 0.0, 0.0, 0.0, 0.0, 0.0, 0.0, 0.0, 0.0, 0.0, 0.0, 0.0, 0.0, 0.0, 0.0, 0.0, 0.0, 0.0, 0.0, 0.0, 0.0, 0.0, 0.0, 0.0, 0.0]"
NODE_0000195,"[0.9999999991702586, 2.250201699466158e-11, 8.60072331076271e-11, 2.3018829088691127e-11, 2.006913149406837e-11, 2.272520092085693e-11, 2.2566068991114776e-11, 2.2605280954719542e-11, 2.287499428759214e-11, 2.2704742174000418e-11, 2.2298746850818717e-11, 2.2753970247067333e-11, 2.119039791885869e-11, 2.2230469631841607e-11, 4.670729114283804e-11, 1.553529003986075e-11, 2.1713871909863687e-11, 2.2753970247063094e-11, 2.2753970247067333e-11, 2.1064218849562932e-11, 2.2480484191172217e-11, 2.2691582594612466e-11, 1.537668017454925e-11, 2.2671672793445773e-11, 4.110240901154373e-11, 2.1641350644289586e-11, 1.888283928216359e-11, 2.18839254850309e-11, 2.1393897142717543e-11, 9.501996066354588e-11, 2.252075000100303e-11]"
hMpxV/Australia/QLD-MX000125/2024|EPI_ISL_19539769|2024-10-03,"[1.0, 0.0, 0.0, 0.0, 0.0, 0.0, 0.0, 0.0, 0.0, 0.0, 0.0, 0.0, 0.0, 0.0, 0.0, 0.0, 0.0, 0.0, 0.0, 0.0, 0.0, 0.0, 0.0, 0.0, 0.0, 0.0, 0.0, 0.0, 0.0, 0.0, 0.0]"
hMpxV/Australia/QLD-MX000108/2024|EPI_ISL_19539755|2024-09-23,"[1.0, 0.0, 0.0, 0.0, 0.0, 0.0, 0.0, 0.0, 0.0, 0.0, 0.0, 0.0, 0.0, 0.0, 0.0, 0.0, 0.0, 0.0, 0.0, 0.0, 0.0, 0.0, 0.0, 0.0, 0.0, 0.0, 0.0, 0.0, 0.0, 0.0, 0.0]"
NODE_0000187,"[0.9999999999159296, 1.9971885415522765e-12, 1.1594884496561758e-11, 2.0367717512152546e-12, 1.7699986200662503e-12, 2.0155014606783795e-12, 2.011699780733023e-12, 2.0188543149185647e-12, 2.033849749883701e-12, 2.010704747478234e-12, 1.9982755629812286e-12, 2.0258012860544405e-12, 1.8458883441618244e-12, 1.9463546305706255e-12, 5.272633002600638e-12, 1.3248238950201678e-12, 1.8713924601441302e-12, 2.02580128605403e-12, 2.0258012860543977e-12, 1.8262820388080073e-12, 2.720243021392746e-12, 1.959812162639357e-12, 1.3148125279179252e-12, 2.02148479247036e-12, 4.472537205664301e-12, 1.926708347932735e-12, 1.5867263562432666e-12, 1.9599328690913485e-12, 1.8606850590801787e-12, 1.2581554869885609e-11, 2.0135210811148167e-12]"
hMpxV/Australia/VIC-VIDRL-6937/2024|EPI_ISL_19459780|2024-06-11,"[1.0, 0.0, 0.0, 0.0, 0.0, 0.0, 0.0, 0.0, 0.0, 0.0, 0.0, 0.0, 0.0, 0.0, 0.0, 0.0, 0.0, 0.0, 0.0, 0.0, 0.0, 0.0, 0.0, 0.0, 0.0, 0.0, 0.0, 0.0, 0.0, 0.0, 0.0]"
hMpxV/Australia/VIC-VIDRL-6445/2024|EPI_ISL_19459705|2024-06-07,"[1.0, 0.0, 0.0, 0.0, 0.0, 0.0, 0.0, 0.0, 0.0, 0.0, 0.0, 0.0, 0.0, 0.0, 0.0, 0.0, 0.0, 0.0, 0.0, 0.0, 0.0, 0.0, 0.0, 0.0, 0.0, 0.0, 0.0, 0.0, 0.0, 0.0, 0.0]"
NODE_0000188,"[1.0, 4.4375793282556626e-24, 3.9795482691284326e-22, 4.42895260944594e-24, 3.8237188132529986e-24, 4.450855358793028e-24, 4.5967941646078905e-24, 4.6733290414250985e-24, 4.5809800854916406e-24, 4.396633788018362e-24, 4.7309683803941276e-24, 4.5842481298312115e-24, 3.6356101014433314e-24, 3.9569020285044266e-24, 5.402118442442561e-23, 2.3280093290460724e-24, 3.459565109808648e-24, 4.584248129830327e-24, 4.5842481298311755e-24, 3.487636946017057e-24, 4.447161437110075e-23, 3.655026804831976e-24, 2.392328052262428e-24, 4.624566884012079e-24, 3.6464091432346634e-23, 4.372521519568193e-24, 2.549059729661664e-24, 4.617483651927962e-24, 3.6502060329712196e-24, 3.921198168269768e-22, 4.700107875745415e-24]"
hMpxV/Australia/VIC-VIDRL-3955/2024|EPI_ISL_19459711|2024-07-07,"[0.9999999999999999, 0.0, 0.0, 0.0, 0.0, 0.0, 0.0, 0.0, 0.0, 0.0, 0.0, 0.0, 0.0, 0.0, 0.0, 0.0, 0.0, 0.0, 0.0, 0.0, 0.0, 0.0, 0.0, 0.0, 0.0, 0.0, 0.0, 0.0, 0.0, 0.0, 0.0]"
hMpxV/Australia/QLD-MX000038/2024|EPI_ISL_19539687|2024-07-30,"[1.0, 0.0, 0.0, 0.0, 0.0, 0.0, 0.0, 0.0, 0.0, 0.0, 0.0, 0.0, 0.0, 0.0, 0.0, 0.0, 0.0, 0.0, 0.0, 0.0, 0.0, 0.0, 0.0, 0.0, 0.0, 0.0, 0.0, 0.0, 0.0, 0.0, 0.0]"
hMpxV/Australia/QLD-MX000040/2024|EPI_ISL_19539689|2024-07-30,"[1.0, 0.0, 0.0, 0.0, 0.0, 0.0, 0.0, 0.0, 0.0, 0.0, 0.0, 0.0, 0.0, 0.0, 0.0, 0.0, 0.0, 0.0, 0.0, 0.0, 0.0, 0.0, 0.0, 0.0, 0.0, 0.0, 0.0, 0.0, 0.0, 0.0, 0.0]"
hMpxV/Australia/QLD-MX000138/2024|EPI_ISL_19539782|2024-09-12,"[0.9999999999999999, 0.0, 0.0, 0.0, 0.0, 0.0, 0.0, 0.0, 0.0, 0.0, 0.0, 0.0, 0.0, 0.0, 0.0, 0.0, 0.0, 0.0, 0.0, 0.0, 0.0, 0.0, 0.0, 0.0, 0.0, 0.0, 0.0, 0.0, 0.0, 0.0, 0.0]"
hMpxV/Australia/QLD-MX000066/2024|EPI_ISL_19539714|2024-09-05,"[1.0, 0.0, 0.0, 0.0, 0.0, 0.0, 0.0, 0.0, 0.0, 0.0, 0.0, 0.0, 0.0, 0.0, 0.0, 0.0, 0.0, 0.0, 0.0, 0.0, 0.0, 0.0, 0.0, 0.0, 0.0, 0.0, 0.0, 0.0, 0.0, 0.0, 0.0]"
hMpxV/Australia/QLD-MX000079/2024|EPI_ISL_19539726|2024-09-12,"[0.9999999999999999, 0.0, 0.0, 0.0, 0.0, 0.0, 0.0, 0.0, 0.0, 0.0, 0.0, 0.0, 0.0, 0.0, 0.0, 0.0, 0.0, 0.0, 0.0, 0.0, 0.0, 0.0, 0.0, 0.0, 0.0, 0.0, 0.0, 0.0, 0.0, 0.0, 0.0]"
hMpxV/Australia/QLD-MX000082/2024|EPI_ISL_19539730|2024-09-15,"[1.0, 0.0, 0.0, 0.0, 0.0, 0.0, 0.0, 0.0, 0.0, 0.0, 0.0, 0.0, 0.0, 0.0, 0.0, 0.0, 0.0, 0.0, 0.0, 0.0, 0.0, 0.0, 0.0, 0.0, 0.0, 0.0, 0.0, 0.0, 0.0, 0.0, 0.0]"
hMpxV/Australia/QLD-MX000081/2024|EPI_ISL_19539729|2024-09-12,"[0.9999999999999999, 0.0, 0.0, 0.0, 0.0, 0.0, 0.0, 0.0, 0.0, 0.0, 0.0, 0.0, 0.0, 0.0, 0.0, 0.0, 0.0, 0.0, 0.0, 0.0, 0.0, 0.0, 0.0, 0.0, 0.0, 0.0, 0.0, 0.0, 0.0, 0.0, 0.0]"
hMpxV/Australia/QLD-MX000094/2024|EPI_ISL_19539742|2024-09-19,"[1.0, 0.0, 0.0, 0.0, 0.0, 0.0, 0.0, 0.0, 0.0, 0.0, 0.0, 0.0, 0.0, 0.0, 0.0, 0.0, 0.0, 0.0, 0.0, 0.0, 0.0, 0.0, 0.0, 0.0, 0.0, 0.0, 0.0, 0.0, 0.0, 0.0, 0.0]"
NODE_0000189,"[0.9999997647290743, 6.5345686248582325e-09, 2.2848082290033498e-08, 6.682961142139374e-09, 5.885660948698352e-09, 6.594621501484186e-09, 6.543731027133385e-09, 6.557470804574448e-09, 6.650102483693311e-09, 6.589925325352842e-09, 6.464904590642025e-09, 6.595219735159025e-09, 6.186080187993171e-09, 6.474646979181317e-09, 1.2529840761902529e-08, 4.628964903961125e-09, 6.377285565846378e-09, 6.595219735157803e-09, 6.595219735159011e-09, 6.154861882034128e-09, 5.976440734376781e-09, 6.64262363110319e-09, 4.639570161685575e-09, 6.57411907875447e-09, 1.119206426862392e-08, 6.283854244396069e-09, 5.679378740877539e-09, 6.340090691291796e-09, 6.274688302808725e-09, 2.5642320095309135e-08, 6.536407425615164e-09]"
hMpxV/Australia/QLD-MX000056/2024|EPI_ISL_19539704|2024-09-01,"[1.0, 0.0, 0.0, 0.0, 0.0, 0.0, 0.0, 0.0, 0.0, 0.0, 0.0, 0.0, 0.0, 0.0, 0.0, 0.0, 0.0, 0.0, 0.0, 0.0, 0.0, 0.0, 0.0, 0.0, 0.0, 0.0, 0.0, 0.0, 0.0, 0.0, 0.0]"
hMpxV/Australia/QLD-MX000116/2024|EPI_ISL_19539760|2024-09-30,"[1.0, 0.0, 0.0, 0.0, 0.0, 0.0, 0.0, 0.0, 0.0, 0.0, 0.0, 0.0, 0.0, 0.0, 0.0, 0.0, 0.0, 0.0, 0.0, 0.0, 0.0, 0.0, 0.0, 0.0, 0.0, 0.0, 0.0, 0.0, 0.0, 0.0, 0.0]"
NODE_0000165,"[0.9999999999999999, 2.897807731265463e-71, 1.5775756137696599e-65, 2.7337588702928965e-71, 2.03245612071747e-71, 2.8838687601303626e-71, 3.3043227216517663e-71, 3.4661243854631e-71, 3.0634107855692276e-71, 2.765166620367086e-71, 3.761803807276474e-71, 3.22724459449334e-71, 1.5895798473270107e-71, 1.9442436459065756e-71, 6.759132928794364e-68, 5.692020454593851e-72, 1.171867851293308e-71, 3.227244594492606e-71, 3.22724459449334e-71, 1.3835180428249817e-71, 2.2519268914494363e-67, 1.326135923736081e-71, 5.515604884648511e-72, 3.3369013969282183e-71, 1.9949221978152283e-68, 3.0302167690660998e-71, 4.3397252964176774e-72, 3.653111704992659e-71, 1.4873245017546033e-71, 9.638412263266322e-66, 3.543295090519218e-71]"
hMpxV/Australia/QLD-MX000033/2024|EPI_ISL_19539683|2024-06-24,"[1.0, 0.0, 0.0, 0.0, 0.0, 0.0, 0.0, 0.0, 0.0, 0.0, 0.0, 0.0, 0.0, 0.0, 0.0, 0.0, 0.0, 0.0, 0.0, 0.0, 0.0, 0.0, 0.0, 0.0, 0.0, 0.0, 0.0, 0.0, 0.0, 0.0, 0.0]"
hMpxV/Australia/QLD-MX000037/2024|EPI_ISL_19539686|2024-07-29,"[1.0, 0.0, 0.0, 0.0, 0.0, 0.0, 0.0, 0.0, 0.0, 0.0, 0.0, 0.0, 0.0, 0.0, 0.0, 0.0, 0.0, 0.0, 0.0, 0.0, 0.0, 0.0, 0.0, 0.0, 0.0, 0.0, 0.0, 0.0, 0.0, 0.0, 0.0]"
hMpxV/Australia/VIC-VIDRL-9145/2024|EPI_ISL_19459712|2024-06-18,"[0.9999999999999999, 0.0, 0.0, 0.0, 0.0, 0.0, 0.0, 0.0, 0.0, 0.0, 0.0, 0.0, 0.0, 0.0, 0.0, 0.0, 0.0, 0.0, 0.0, 0.0, 0.0, 0.0, 0.0, 0.0, 0.0, 0.0, 0.0, 0.0, 0.0, 0.0, 0.0]"
hMpxV/Australia/VIC-VIDRL-6180/2024|EPI_ISL_19459716|2024-06-06,"[1.0, 0.0, 0.0, 0.0, 0.0, 0.0, 0.0, 0.0, 0.0, 0.0, 0.0, 0.0, 0.0, 0.0, 0.0, 0.0, 0.0, 0.0, 0.0, 0.0, 0.0, 0.0, 0.0, 0.0, 0.0, 0.0, 0.0, 0.0, 0.0, 0.0, 0.0]"
hMpxV/Australia/VIC-VIDRL-8561/2024|EPI_ISL_19459719|2024-06-17,"[0.9999999999999999, 0.0, 0.0, 0.0, 0.0, 0.0, 0.0, 0.0, 0.0, 0.0, 0.0, 0.0, 0.0, 0.0, 0.0, 0.0, 0.0, 0.0, 0.0, 0.0, 0.0, 0.0, 0.0, 0.0, 0.0, 0.0, 0.0, 0.0, 0.0, 0.0, 0.0]"
hMpxV/Australia/VIC-VIDRL-8119/2024|EPI_ISL_19459721|2024-06-14,"[1.0, 0.0, 0.0, 0.0, 0.0, 0.0, 0.0, 0.0, 0.0, 0.0, 0.0, 0.0, 0.0, 0.0, 0.0, 0.0, 0.0, 0.0, 0.0, 0.0, 0.0, 0.0, 0.0, 0.0, 0.0, 0.0, 0.0, 0.0, 0.0, 0.0, 0.0]"
hMpxV/Australia/VIC-VIDRL-0967/2024|EPI_ISL_19459728|2024-06-25,"[1.0, 0.0, 0.0, 0.0, 0.0, 0.0, 0.0, 0.0, 0.0, 0.0, 0.0, 0.0, 0.0, 0.0, 0.0, 0.0, 0.0, 0.0, 0.0, 0.0, 0.0, 0.0, 0.0, 0.0, 0.0, 0.0, 0.0, 0.0, 0.0, 0.0, 0.0]"
hMpxV/Australia/VIC-VIDRL-0493/2024|EPI_ISL_19459731|2024-06-24,"[1.0, 0.0, 0.0, 0.0, 0.0, 0.0, 0.0, 0.0, 0.0, 0.0, 0.0, 0.0, 0.0, 0.0, 0.0, 0.0, 0.0, 0.0, 0.0, 0.0, 0.0, 0.0, 0.0, 0.0, 0.0, 0.0, 0.0, 0.0, 0.0, 0.0, 0.0]"
hMpxV/Australia/VIC-VIDRL-8843/2024|EPI_ISL_19459744|2024-06-17,"[0.9999999999999999, 0.0, 0.0, 0.0, 0.0, 0.0, 0.0, 0.0, 0.0, 0.0, 0.0, 0.0, 0.0, 0.0, 0.0, 0.0, 0.0, 0.0, 0.0, 0.0, 0.0, 0.0, 0.0, 0.0, 0.0, 0.0, 0.0, 0.0, 0.0, 0.0, 0.0]"
hMpxV/Australia/VIC-VIDRL-8126/2024|EPI_ISL_19459743|2024-06-14,"[1.0, 0.0, 0.0, 0.0, 0.0, 0.0, 0.0, 0.0, 0.0, 0.0, 0.0, 0.0, 0.0, 0.0, 0.0, 0.0, 0.0, 0.0, 0.0, 0.0, 0.0, 0.0, 0.0, 0.0, 0.0, 0.0, 0.0, 0.0, 0.0, 0.0, 0.0]"
hMpxV/Australia/VIC-VIDRL-8844/2024|EPI_ISL_19459750|2024-06-17,"[0.9999999999999999, 0.0, 0.0, 0.0, 0.0, 0.0, 0.0, 0.0, 0.0, 0.0, 0.0, 0.0, 0.0, 0.0, 0.0, 0.0, 0.0, 0.0, 0.0, 0.0, 0.0, 0.0, 0.0, 0.0, 0.0, 0.0, 0.0, 0.0, 0.0, 0.0, 0.0]"
hMpxV/Australia/VIC-VIDRL-5416/2024|EPI_ISL_19459762|2024-06-03,"[1.0, 0.0, 0.0, 0.0, 0.0, 0.0, 0.0, 0.0, 0.0, 0.0, 0.0, 0.0, 0.0, 0.0, 0.0, 0.0, 0.0, 0.0, 0.0, 0.0, 0.0, 0.0, 0.0, 0.0, 0.0, 0.0, 0.0, 0.0, 0.0, 0.0, 0.0]"
hMpxV/Australia/VIC-VIDRL-8778/2024|EPI_ISL_19459766|2024-06-17,"[0.9999999999999999, 0.0, 0.0, 0.0, 0.0, 0.0, 0.0, 0.0, 0.0, 0.0, 0.0, 0.0, 0.0, 0.0, 0.0, 0.0, 0.0, 0.0, 0.0, 0.0, 0.0, 0.0, 0.0, 0.0, 0.0, 0.0, 0.0, 0.0, 0.0, 0.0, 0.0]"
hMpxV/Australia/VIC-VIDRL-9661/2024|EPI_ISL_19459771|2024-06-20,"[1.0, 0.0, 0.0, 0.0, 0.0, 0.0, 0.0, 0.0, 0.0, 0.0, 0.0, 0.0, 0.0, 0.0, 0.0, 0.0, 0.0, 0.0, 0.0, 0.0, 0.0, 0.0, 0.0, 0.0, 0.0, 0.0, 0.0, 0.0, 0.0, 0.0, 0.0]"
hMpxV/Australia/VIC-VIDRL-4120/2024|EPI_ISL_19459773|2024-07-08,"[1.0, 0.0, 0.0, 0.0, 0.0, 0.0, 0.0, 0.0, 0.0, 0.0, 0.0, 0.0, 0.0, 0.0, 0.0, 0.0, 0.0, 0.0, 0.0, 0.0, 0.0, 0.0, 0.0, 0.0, 0.0, 0.0, 0.0, 0.0, 0.0, 0.0, 0.0]"
hMpxV/Australia/VIC-VIDRL-9874/2024|EPI_ISL_19459776|2024-06-20,"[1.0, 0.0, 0.0, 0.0, 0.0, 0.0, 0.0, 0.0, 0.0, 0.0, 0.0, 0.0, 0.0, 0.0, 0.0, 0.0, 0.0, 0.0, 0.0, 0.0, 0.0, 0.0, 0.0, 0.0, 0.0, 0.0, 0.0, 0.0, 0.0, 0.0, 0.0]"
hMpxV/Australia/VIC-VIDRL-6919/2024|EPI_ISL_19459775|2024-07-17,"[1.0, 0.0, 0.0, 0.0, 0.0, 0.0, 0.0, 0.0, 0.0, 0.0, 0.0, 0.0, 0.0, 0.0, 0.0, 0.0, 0.0, 0.0, 0.0, 0.0, 0.0, 0.0, 0.0, 0.0, 0.0, 0.0, 0.0, 0.0, 0.0, 0.0, 0.0]"
hMpxV/Australia/VIC-VIDRL-8557/2024|EPI_ISL_19459781|2024-06-17,"[0.9999999999999999, 0.0, 0.0, 0.0, 0.0, 0.0, 0.0, 0.0, 0.0, 0.0, 0.0, 0.0, 0.0, 0.0, 0.0, 0.0, 0.0, 0.0, 0.0, 0.0, 0.0, 0.0, 0.0, 0.0, 0.0, 0.0, 0.0, 0.0, 0.0, 0.0, 0.0]"
hMpxV/Australia/VIC-VIDRL-4827/2024|EPI_ISL_19459787|2024-07-08,"[1.0, 0.0, 0.0, 0.0, 0.0, 0.0, 0.0, 0.0, 0.0, 0.0, 0.0, 0.0, 0.0, 0.0, 0.0, 0.0, 0.0, 0.0, 0.0, 0.0, 0.0, 0.0, 0.0, 0.0, 0.0, 0.0, 0.0, 0.0, 0.0, 0.0, 0.0]"
hMpxV/Australia/VIC-VIDRL-8608/2024|EPI_ISL_19459790|2024-06-17,"[0.9999999999999999, 0.0, 0.0, 0.0, 0.0, 0.0, 0.0, 0.0, 0.0, 0.0, 0.0, 0.0, 0.0, 0.0, 0.0, 0.0, 0.0, 0.0, 0.0, 0.0, 0.0, 0.0, 0.0, 0.0, 0.0, 0.0, 0.0, 0.0, 0.0, 0.0, 0.0]"
hMpxV/Australia/VIC-VIDRL-8550/2024|EPI_ISL_19459707|2024-07-24,"[1.0, 0.0, 0.0, 0.0, 0.0, 0.0, 0.0, 0.0, 0.0, 0.0, 0.0, 0.0, 0.0, 0.0, 0.0, 0.0, 0.0, 0.0, 0.0, 0.0, 0.0, 0.0, 0.0, 0.0, 0.0, 0.0, 0.0, 0.0, 0.0, 0.0, 0.0]"
hMpxV/Australia/VIC-VIDRL-8845/2024|EPI_ISL_19459706|2024-06-17,"[0.9999999999999999, 0.0, 0.0, 0.0, 0.0, 0.0, 0.0, 0.0, 0.0, 0.0, 0.0, 0.0, 0.0, 0.0, 0.0, 0.0, 0.0, 0.0, 0.0, 0.0, 0.0, 0.0, 0.0, 0.0, 0.0, 0.0, 0.0, 0.0, 0.0, 0.0, 0.0]"
hMpxV/Australia/VIC-VIDRL-9037/2024|EPI_ISL_19459801|2024-06-18,"[0.9999999999999999, 0.0, 0.0, 0.0, 0.0, 0.0, 0.0, 0.0, 0.0, 0.0, 0.0, 0.0, 0.0, 0.0, 0.0, 0.0, 0.0, 0.0, 0.0, 0.0, 0.0, 0.0, 0.0, 0.0, 0.0, 0.0, 0.0, 0.0, 0.0, 0.0, 0.0]"
hMpxV/Australia/VIC-VIDRL-9660/2024|EPI_ISL_19459802|2024-06-20,"[1.0, 0.0, 0.0, 0.0, 0.0, 0.0, 0.0, 0.0, 0.0, 0.0, 0.0, 0.0, 0.0, 0.0, 0.0, 0.0, 0.0, 0.0, 0.0, 0.0, 0.0, 0.0, 0.0, 0.0, 0.0, 0.0, 0.0, 0.0, 0.0, 0.0, 0.0]"
NODE_0000184,"[0.9999999983201525, 4.594501432994903e-11, 1.7025340258396813e-10, 4.6995948844878393e-11, 4.1119440169271975e-11, 4.638886238294035e-11, 4.605257630123824e-11, 4.613858848938289e-11, 4.672461111559742e-11, 4.635010551750748e-11, 4.5504035640025436e-11, 4.64285577508195e-11, 4.334627874901311e-11, 4.5436746288793815e-11, 9.276218384989692e-11, 3.200753747148793e-11, 4.451114387385093e-11, 4.642855775080251e-11, 4.64285577508195e-11, 4.3101825495069e-11, 4.450583717659067e-11, 4.646196069194233e-11, 3.182193701312575e-11, 4.6267534747105966e-11, 8.205793890639265e-11, 4.41857751617146e-11, 3.903373120098533e-11, 4.4646087604090924e-11, 4.383467583626322e-11, 1.8913324760815496e-10, 4.597469218488345e-11]"
hMpxV/Australia/VIC-VIDRL-3577/2024|EPI_ISL_19459774|2024-07-04,"[1.0, 0.0, 0.0, 0.0, 0.0, 0.0, 0.0, 0.0, 0.0, 0.0, 0.0, 0.0, 0.0, 0.0, 0.0, 0.0, 0.0, 0.0, 0.0, 0.0, 0.0, 0.0, 0.0, 0.0, 0.0, 0.0, 0.0, 0.0, 0.0, 0.0, 0.0]"
hMpxV/Australia/VIC-VIDRL-3576/2024|EPI_ISL_19459778|2024-07-04,"[1.0, 0.0, 0.0, 0.0, 0.0, 0.0, 0.0, 0.0, 0.0, 0.0, 0.0, 0.0, 0.0, 0.0, 0.0, 0.0, 0.0, 0.0, 0.0, 0.0, 0.0, 0.0, 0.0, 0.0, 0.0, 0.0, 0.0, 0.0, 0.0, 0.0, 0.0]"
NODE_0000181,"[0.99999999994131, 1.3841058481940528e-12, 8.199324410667689e-12, 1.411620039209058e-12, 1.2239196932689938e-12, 1.3970263528367592e-12, 1.394618080578259e-12, 1.399462774369575e-12, 1.40916514133861e-12, 1.3936421042614367e-12, 1.3853741353033346e-12, 1.4045394421153135e-12, 1.2777281330227682e-12, 1.3479815761398837e-12, 3.720387772956767e-12, 9.127934010337336e-13, 1.293608226148144e-12, 1.4045394421150475e-12, 1.4045394421153149e-12, 1.2638951959185585e-12, 1.9233134289078175e-12, 1.3557391481885134e-12, 9.033224445755225e-13, 1.4014129750474069e-12, 3.1451653224856247e-12, 1.3352971517154209e-12, 1.090928321657594e-12, 1.3590126497251727e-12, 1.2866075669322192e-12, 8.865359093984586e-12, 1.395597782523309e-12]"
hMpxV/Australia/QLD-MX000034/2024|EPI_ISL_19539684|2024-06-27,"[1.0, 0.0, 0.0, 0.0, 0.0, 0.0, 0.0, 0.0, 0.0, 0.0, 0.0, 0.0, 0.0, 0.0, 0.0, 0.0, 0.0, 0.0, 0.0, 0.0, 0.0, 0.0, 0.0, 0.0, 0.0, 0.0, 0.0, 0.0, 0.0, 0.0, 0.0]"
hMpxV/Australia/VIC-VIDRL-8603/2024|EPI_ISL_19459759|2024-06-17,"[1.0, 0.0, 0.0, 0.0, 0.0, 0.0, 0.0, 0.0, 0.0, 0.0, 0.0, 0.0, 0.0, 0.0, 0.0, 0.0, 0.0, 0.0, 0.0, 0.0, 0.0, 0.0, 0.0, 0.0, 0.0, 0.0, 0.0, 0.0, 0.0, 0.0, 0.0]"
hMpxV/Australia/VIC-VIDRL-1781/2024|EPI_ISL_19459789|2024-06-27,"[1.0, 0.0, 0.0, 0.0, 0.0, 0.0, 0.0, 0.0, 0.0, 0.0, 0.0, 0.0, 0.0, 0.0, 0.0, 0.0, 0.0, 0.0, 0.0, 0.0, 0.0, 0.0, 0.0, 0.0, 0.0, 0.0, 0.0, 0.0, 0.0, 0.0, 0.0]"
NODE_0000182,"[0.9999999996306849, 8.82115725111814e-12, 5.0443357255177504e-11, 8.995426707606857e-12, 7.832029408427532e-12, 8.900768106971773e-12, 8.882991238196529e-12, 8.915286259697712e-12, 8.98503015167525e-12, 8.879835920133498e-12, 8.823619420736929e-12, 8.94444437668612e-12, 8.16034295092001e-12, 8.600771541485973e-12, 2.2966622005688205e-11, 5.8790120408393156e-12, 8.281943584095223e-12, 8.944444376684435e-12, 8.944444376686086e-12, 8.074878082576136e-12, 1.18307677322551e-11, 8.668168038134792e-12, 5.849211064406231e-12, 8.926155151652408e-12, 1.9532875164845446e-11, 8.509712494240502e-12, 7.053973355814169e-12, 8.653022728289602e-12, 8.233086792366197e-12, 5.4889033374802775e-11, 8.892680195527325e-12]"
hMpxV/Australia/VIC-VIDRL-7288/2024|EPI_ISL_19459713|2024-07-18,"[0.9999999999999999, 0.0, 0.0, 0.0, 0.0, 0.0, 0.0, 0.0, 0.0, 0.0, 0.0, 0.0, 0.0, 0.0, 0.0, 0.0, 0.0, 0.0, 0.0, 0.0, 0.0, 0.0, 0.0, 0.0, 0.0, 0.0, 0.0, 0.0, 0.0, 0.0, 0.0]"
hMpxV/Australia/VIC-VIDRL-0686/2024|EPI_ISL_19459736|2024-06-20,"[1.0, 0.0, 0.0, 0.0, 0.0, 0.0, 0.0, 0.0, 0.0, 0.0, 0.0, 0.0, 0.0, 0.0, 0.0, 0.0, 0.0, 0.0, 0.0, 0.0, 0.0, 0.0, 0.0, 0.0, 0.0, 0.0, 0.0, 0.0, 0.0, 0.0, 0.0]"
hMpxV/Australia/VIC-VIDRL-4354/2024|EPI_ISL_19459779|2024-07-08,"[0.9999999999999999, 0.0, 0.0, 0.0, 0.0, 0.0, 0.0, 0.0, 0.0, 0.0, 0.0, 0.0, 0.0, 0.0, 0.0, 0.0, 0.0, 0.0, 0.0, 0.0, 0.0, 0.0, 0.0, 0.0, 0.0, 0.0, 0.0, 0.0, 0.0, 0.0, 0.0]"
NODE_0000183,"[0.9999999999788899, 4.999015512111918e-13, 2.9278629972855326e-12, 5.098407334607144e-13, 4.4247115944266003e-13, 5.045408789792737e-13, 5.036145678792853e-13, 5.053708401841924e-13, 5.089919965030434e-13, 5.033343056148495e-13, 5.002416232755909e-13, 5.07180818212762e-13, 4.61772814734345e-13, 4.870517435689153e-13, 1.3312275511166253e-12, 3.305603542020094e-13, 4.678345231336768e-13, 5.07180818212695e-13, 5.071808182126952e-13, 4.568312163414883e-13, 6.87416849616281e-13, 4.90124595323093e-13, 3.274247681055438e-13, 5.060647772513957e-13, 1.1273509736964314e-12, 4.82263066156839e-13, 3.9537754662591264e-13, 4.907033173173502e-13, 4.651728707804236e-13, 3.1713262215558544e-12, 5.039937207062644e-13]"
hMpxV/Australia/VIC-VIDRL-5972/2024|EPI_ISL_19459718|2024-07-12,"[1.0, 0.0, 0.0, 0.0, 0.0, 0.0, 0.0, 0.0, 0.0, 0.0, 0.0, 0.0, 0.0, 0.0, 0.0, 0.0, 0.0, 0.0, 0.0, 0.0, 0.0, 0.0, 0.0, 0.0, 0.0, 0.0, 0.0, 0.0, 0.0, 0.0, 0.0]"
hMpxV/Australia/VIC-VIDRL-6170/2024|EPI_ISL_19459761|2024-07-15,"[1.0, 0.0, 0.0, 0.0, 0.0, 0.0, 0.0, 0.0, 0.0, 0.0, 0.0, 0.0, 0.0, 0.0, 0.0, 0.0, 0.0, 0.0, 0.0, 0.0, 0.0, 0.0, 0.0, 0.0, 0.0, 0.0, 0.0, 0.0, 0.0, 0.0, 0.0]"
hMpxV/Australia/VIC-VIDRL-5973/2024|EPI_ISL_19459765|2024-07-12,"[1.0, 0.0, 0.0, 0.0, 0.0, 0.0, 0.0, 0.0, 0.0, 0.0, 0.0, 0.0, 0.0, 0.0, 0.0, 0.0, 0.0, 0.0, 0.0, 0.0, 0.0, 0.0, 0.0, 0.0, 0.0, 0.0, 0.0, 0.0, 0.0, 0.0, 0.0]"
NODE_0000166,"[0.9999999999999999, 6.3286804804268385e-27, 5.133645579086441e-25, 6.339041329594764e-27, 5.316709511103907e-27, 6.3659655950782955e-27, 6.559272855316988e-27, 6.650262257869481e-27, 6.500990823068976e-27, 6.293044849582007e-27, 6.72368339958474e-27, 6.558642121327118e-27, 5.18727286234915e-27, 5.659484048826557e-27, 7.960802980926559e-26, 3.1745414896009494e-27, 4.8877250689403634e-27, 6.558642121325096e-27, 6.558642121326933e-27, 4.982872598690807e-27, 6.314626398752096e-26, 5.21006903210049e-27, 3.1349244134092836e-27, 6.598701005855223e-27, 5.296951808507765e-26, 6.219989730182319e-27, 3.427046733719597e-27, 6.579393054606155e-27, 5.14088222029257e-27, 4.883022006885636e-25, 6.670717855974864e-27]"
hMpxV/Australia/VIC-VIDRL-3747/2024|EPI_ISL_19459795|2024-05-29,"[0.9999999999999999, 0.0, 0.0, 0.0, 0.0, 0.0, 0.0, 0.0, 0.0, 0.0, 0.0, 0.0, 0.0, 0.0, 0.0, 0.0, 0.0, 0.0, 0.0, 0.0, 0.0, 0.0, 0.0, 0.0, 0.0, 0.0, 0.0, 0.0, 0.0, 0.0, 0.0]"
hMpxV/Australia/VIC-VIDRL-0139/2024|EPI_ISL_19459717|2024-06-20,"[1.0, 0.0, 0.0, 0.0, 0.0, 0.0, 0.0, 0.0, 0.0, 0.0, 0.0, 0.0, 0.0, 0.0, 0.0, 0.0, 0.0, 0.0, 0.0, 0.0, 0.0, 0.0, 0.0, 0.0, 0.0, 0.0, 0.0, 0.0, 0.0, 0.0, 0.0]"
hMpxV/Australia/VIC-VIDRL-3575/2024|EPI_ISL_19459710|2024-07-04,"[1.0, 0.0, 0.0, 0.0, 0.0, 0.0, 0.0, 0.0, 0.0, 0.0, 0.0, 0.0, 0.0, 0.0, 0.0, 0.0, 0.0, 0.0, 0.0, 0.0, 0.0, 0.0, 0.0, 0.0, 0.0, 0.0, 0.0, 0.0, 0.0, 0.0, 0.0]"
hMpxV/Australia/VIC-VIDRL-0350/2024|EPI_ISL_19459745|2024-06-21,"[1.0, 0.0, 0.0, 0.0, 0.0, 0.0, 0.0, 0.0, 0.0, 0.0, 0.0, 0.0, 0.0, 0.0, 0.0, 0.0, 0.0, 0.0, 0.0, 0.0, 0.0, 0.0, 0.0, 0.0, 0.0, 0.0, 0.0, 0.0, 0.0, 0.0, 0.0]"
hMpxV/Australia/VIC-VIDRL-8558/2024|EPI_ISL_19459758|2024-06-17,"[0.9999999999999999, 0.0, 0.0, 0.0, 0.0, 0.0, 0.0, 0.0, 0.0, 0.0, 0.0, 0.0, 0.0, 0.0, 0.0, 0.0, 0.0, 0.0, 0.0, 0.0, 0.0, 0.0, 0.0, 0.0, 0.0, 0.0, 0.0, 0.0, 0.0, 0.0, 0.0]"
NODE_0000175,"[0.9999999628156072, 1.019526398679314e-09, 3.743613686367034e-09, 1.0428034535344915e-09, 9.134838191219336e-10, 1.0292822995705238e-09, 1.021754436287694e-09, 1.0237151069652364e-09, 1.036968252111046e-09, 1.0284390678225846e-09, 1.0095824051998065e-09, 1.0300367899610787e-09, 9.623940981467799e-10, 1.0085370051235873e-09, 2.0410387863896093e-09, 7.123146259490163e-10, 9.88903069576754e-10, 1.0300367899608808e-09, 1.0300367899610717e-09, 9.570522336540628e-10, 9.78351695674064e-10, 1.0318739294165693e-09, 7.093107526727082e-10, 1.0265209062420008e-09, 1.8084159578487312e-09, 9.804787422484461e-10, 8.696693844092994e-10, 9.904526470380222e-10, 9.737806285481395e-10, 4.165871839087471e-09, 1.0201474565620847e-09]"
hMpxV/Australia/QLD-MX000036/2024|EPI_ISL_19539685|2024-07-12,"[1.0, 0.0, 0.0, 0.0, 0.0, 0.0, 0.0, 0.0, 0.0, 0.0, 0.0, 0.0, 0.0, 0.0, 0.0, 0.0, 0.0, 0.0, 0.0, 0.0, 0.0, 0.0, 0.0, 0.0, 0.0, 0.0, 0.0, 0.0, 0.0, 0.0, 0.0]"
hMpxV/Australia/VIC-VIDRL-3563/2024|EPI_ISL_19459754|2024-07-04,"[0.9999999999999999, 0.0, 0.0, 0.0, 0.0, 0.0, 0.0, 0.0, 0.0, 0.0, 0.0, 0.0, 0.0, 0.0, 0.0, 0.0, 0.0, 0.0, 0.0, 0.0, 0.0, 0.0, 0.0, 0.0, 0.0, 0.0, 0.0, 0.0, 0.0, 0.0, 0.0]"
NODE_0000176,"[0.9999999661973098, 9.235282334650483e-10, 3.435844287379716e-09, 9.446376302454447e-10, 8.26355522840259e-10, 9.324527658293617e-10, 9.257370993347925e-10, 9.274741846038125e-10, 9.391965366529217e-10, 9.316609047120703e-10, 9.147491186865934e-10, 9.332956874014594e-10, 8.711136191353225e-10, 9.131712480886836e-10, 1.870044780952571e-09, 6.429364331358462e-10, 8.943386296605867e-10, 9.332956874012869e-10, 9.332956874014594e-10, 8.661594894398208e-10, 8.975726522229178e-10, 9.336340833329466e-10, 6.391931888812369e-10, 9.300612587548132e-10, 1.653373283886967e-09, 8.881747840349014e-10, 7.839939064828043e-10, 8.974956044255673e-10, 8.808696489918267e-10, 3.814854908239884e-09, 9.241793343591389e-10]"
hMpxV/Australia/VIC-VIDRL-7987/2024|EPI_ISL_19459724|2024-06-13,"[1.0, 0.0, 0.0, 0.0, 0.0, 0.0, 0.0, 0.0, 0.0, 0.0, 0.0, 0.0, 0.0, 0.0, 0.0, 0.0, 0.0, 0.0, 0.0, 0.0, 0.0, 0.0, 0.0, 0.0, 0.0, 0.0, 0.0, 0.0, 0.0, 0.0, 0.0]"
NODE_0000177,"[0.9999999494517487, 1.3842286179580653e-09, 5.106072480785899e-09, 1.4158281417584305e-09, 1.239791093823832e-09, 1.397502424686614e-09, 1.3873451329324903e-09, 1.3900017060287823e-09, 1.407869181805808e-09, 1.396339721210251e-09, 1.3708585830983264e-09, 1.3986076522057791e-09, 1.3063297536657806e-09, 1.3690842163702001e-09, 2.7814501896449666e-09, 9.661084916553325e-10, 1.341946448257987e-09, 1.398607652205518e-09, 1.3986076522057733e-09, 1.2990126345315396e-09, 1.3338741576763611e-09, 1.4004600127394571e-09, 9.617134133330836e-10, 1.3938210650046262e-09, 2.4627489014459486e-09, 1.331224669258867e-09, 1.179178359754049e-09, 1.3449020940936788e-09, 1.32157775438957e-09, 5.678020170104084e-09, 1.3851388086681868e-09]"
hMpxV/Australia/VIC-VIDRL-2252/2024|EPI_ISL_19459720|2024-07-01,"[1.0, 0.0, 0.0, 0.0, 0.0, 0.0, 0.0, 0.0, 0.0, 0.0, 0.0, 0.0, 0.0, 0.0, 0.0, 0.0, 0.0, 0.0, 0.0, 0.0, 0.0, 0.0, 0.0, 0.0, 0.0, 0.0, 0.0, 0.0, 0.0, 0.0, 0.0]"
hMpxV/Australia/VIC-VIDRL-8879/2024|EPI_ISL_19459800|2024-07-23,"[1.0, 0.0, 0.0, 0.0, 0.0, 0.0, 0.0, 0.0, 0.0, 0.0, 0.0, 0.0, 0.0, 0.0, 0.0, 0.0, 0.0, 0.0, 0.0, 0.0, 0.0, 0.0, 0.0, 0.0, 0.0, 0.0, 0.0, 0.0, 0.0, 0.0, 0.0]"
NODE_0000178,"[0.9999973575155613, 7.322593622975843e-08, 2.5830021045163114e-07, 7.488895021138986e-08, 6.590297982049462e-08, 7.390232933100491e-08, 7.33381961737431e-08, 7.349111167863084e-08, 7.451553213109644e-08, 7.384799760663944e-08, 7.245824349020164e-08, 7.391734089117806e-08, 6.928659004046137e-08, 7.253208081352385e-08, 1.4143848837536532e-07, 5.176066978333538e-08, 7.138948470811901e-08, 7.39173408911771e-08, 7.391734089117755e-08, 6.89303019544955e-08, 6.752290347331553e-08, 7.438121149545099e-08, 5.183827794791131e-08, 7.367913765803725e-08, 1.2616598924544646e-07, 7.041756996352277e-08, 6.346448835233087e-08, 7.106201577610027e-08, 7.025505553802297e-08, 2.894839892120734e-07, 7.325267473844198e-08]"
NODE_0000179,"[0.9999999949994279, 1.35070687319471e-10, 5.238577462835908e-10, 1.3815444588527264e-10, 1.2050044548636665e-10, 1.3640115581481213e-10, 1.3546816843342072e-10, 1.3571578587134592e-10, 1.3732691562741708e-10, 1.3627173177816148e-10, 1.3388943095203614e-10, 1.3658583002600498e-10, 1.2714002461741573e-10, 1.3339016752463198e-10, 2.8208524066907284e-10, 9.323497039544444e-11, 1.3026895059440403e-10, 1.3658583002597908e-10, 1.365858300260043e-10, 1.2636613844784673e-10, 1.3615400114840033e-10, 1.3612243406939708e-10, 9.235637974768993e-11, 1.3610278404004826e-10, 2.4800983237679024e-10, 1.2991899549572055e-10, 1.133201807736158e-10, 1.3139053940332686e-10, 1.2838540488395252e-10, 5.786942130141149e-10, 1.352179498493575e-10]"
hMpxV/Australia/VIC-VIDRL-9574/2024|EPI_ISL_19459764|2024-07-26,"[1.0, 0.0, 0.0, 0.0, 0.0, 0.0, 0.0, 0.0, 0.0, 0.0, 0.0, 0.0, 0.0, 0.0, 0.0, 0.0, 0.0, 0.0, 0.0, 0.0, 0.0, 0.0, 0.0, 0.0, 0.0, 0.0, 0.0, 0.0, 0.0, 0.0, 0.0]"
hMpxV/Australia/QLD-MX000041/2024|EPI_ISL_19539690|2024-08-01,"[0.9999999999999999, 0.0, 0.0, 0.0, 0.0, 0.0, 0.0, 0.0, 0.0, 0.0, 0.0, 0.0, 0.0, 0.0, 0.0, 0.0, 0.0, 0.0, 0.0, 0.0, 0.0, 0.0, 0.0, 0.0, 0.0, 0.0, 0.0, 0.0, 0.0, 0.0, 0.0]"
NODE_0000180,"[0.9999999829090599, 4.657285348999886e-10, 1.7493582670816683e-09, 4.763817425520039e-10, 4.163431608387524e-10, 4.702604066269663e-10, 4.669094763606672e-10, 4.677711954100753e-10, 4.735833246334941e-10, 4.698514414424054e-10, 4.6138052314401895e-10, 4.707397661265594e-10, 4.3906449005312973e-10, 4.6037021435227447e-10, 9.50580132931402e-10, 3.234319975823989e-10, 4.505158154196426e-10, 4.707397661264686e-10, 4.707397661265556e-10, 4.3652670180130037e-10, 4.56774724960815e-10, 4.704480646933197e-10, 3.211592456830657e-10, 4.690917604311681e-10, 8.392006325743311e-10, 4.4791037399759045e-10, 3.940155643233367e-10, 4.5271049681187737e-10, 4.437857958831734e-10, 1.939479304907906e-09, 4.660875347812692e-10]"
hMpxV/Australia/QLD-MX000043/2024|EPI_ISL_19539692|2024-08-08,"[0.9999999999999999, 0.0, 0.0, 0.0, 0.0, 0.0, 0.0, 0.0, 0.0, 0.0, 0.0, 0.0, 0.0, 0.0, 0.0, 0.0, 0.0, 0.0, 0.0, 0.0, 0.0, 0.0, 0.0, 0.0, 0.0, 0.0, 0.0, 0.0, 0.0, 0.0, 0.0]"
hMpxV/Australia/QLD-MX000044/2024|EPI_ISL_19539693|2024-08-15,"[1.0, 0.0, 0.0, 0.0, 0.0, 0.0, 0.0, 0.0, 0.0, 0.0, 0.0, 0.0, 0.0, 0.0, 0.0, 0.0, 0.0, 0.0, 0.0, 0.0, 0.0, 0.0, 0.0, 0.0, 0.0, 0.0, 0.0, 0.0, 0.0, 0.0, 0.0]"
NODE_0000167,"[1.0, 1.1685481114946875e-22, 7.300859547838283e-21, 1.1699371170984657e-22, 1.0079193716400996e-22, 1.1733141280933625e-22, 1.2061988284924874e-22, 1.2239016225288752e-22, 1.203596717248814e-22, 1.160576543245232e-22, 1.235263610330026e-22, 1.204732536067658e-22, 9.723289042763953e-23, 1.0542270169711173e-22, 1.1732185557011154e-21, 6.288723697546897e-23, 9.318547400406473e-23, 1.2047325360674255e-22, 1.204732536067658e-22, 9.365847415131165e-23, 9.061562637461926e-22, 9.842937099774277e-23, 6.4076258544464e-23, 1.213300368532573e-22, 8.1426765463567615e-22, 1.1479935985179193e-22, 6.955561568245918e-23, 1.20670947393444e-22, 9.754350141742648e-23, 7.257076269478208e-21, 1.2292631288288547e-22]"
hMpxV/Australia/VIC-VIDRL-6081/2024|EPI_ISL_19459768|2024-07-15,"[1.0, 0.0, 0.0, 0.0, 0.0, 0.0, 0.0, 0.0, 0.0, 0.0, 0.0, 0.0, 0.0, 0.0, 0.0, 0.0, 0.0, 0.0, 0.0, 0.0, 0.0, 0.0, 0.0, 0.0, 0.0, 0.0, 0.0, 0.0, 0.0, 0.0, 0.0]"
hMpxV/Australia/VIC-VIDRL-8559/2024|EPI_ISL_19459772|2024-06-17,"[0.9999999999999999, 0.0, 0.0, 0.0, 0.0, 0.0, 0.0, 0.0, 0.0, 0.0, 0.0, 0.0, 0.0, 0.0, 0.0, 0.0, 0.0, 0.0, 0.0, 0.0, 0.0, 0.0, 0.0, 0.0, 0.0, 0.0, 0.0, 0.0, 0.0, 0.0, 0.0]"
hMpxV/Australia/QLD-MX000042/2024|EPI_ISL_19539691|2024-08-06,"[0.9999999999999999, 0.0, 0.0, 0.0, 0.0, 0.0, 0.0, 0.0, 0.0, 0.0, 0.0, 0.0, 0.0, 0.0, 0.0, 0.0, 0.0, 0.0, 0.0, 0.0, 0.0, 0.0, 0.0, 0.0, 0.0, 0.0, 0.0, 0.0, 0.0, 0.0, 0.0]"
hMpxV/Australia/QLD-MX000050/2024|EPI_ISL_19539699|2024-08-29,"[1.0, 0.0, 0.0, 0.0, 0.0, 0.0, 0.0, 0.0, 0.0, 0.0, 0.0, 0.0, 0.0, 0.0, 0.0, 0.0, 0.0, 0.0, 0.0, 0.0, 0.0, 0.0, 0.0, 0.0, 0.0, 0.0, 0.0, 0.0, 0.0, 0.0, 0.0]"
hMpxV/Australia/VIC-VIDRL-7894/2024|EPI_ISL_19459708|2024-07-22,"[0.9999999999999999, 0.0, 0.0, 0.0, 0.0, 0.0, 0.0, 0.0, 0.0, 0.0, 0.0, 0.0, 0.0, 0.0, 0.0, 0.0, 0.0, 0.0, 0.0, 0.0, 0.0, 0.0, 0.0, 0.0, 0.0, 0.0, 0.0, 0.0, 0.0, 0.0, 0.0]"
NODE_0000172,"[0.9999989012354261, 3.0490413495022445e-08, 1.0698000653212586e-07, 3.1183400486917846e-08, 2.744999513007744e-08, 3.077177622435327e-08, 3.053501923265033e-08, 3.059845501810826e-08, 3.102771436203002e-08, 3.074968380541434e-08, 3.0167107996918987e-08, 3.077602769843294e-08, 2.8858148724373603e-08, 3.020754822852701e-08, 5.86583978774358e-08, 2.157386384346943e-08, 2.974240819600602e-08, 3.0776027698432004e-08, 3.0776027698432884e-08, 2.871155151404522e-08, 2.7988225218322105e-08, 3.09843631100007e-08, 2.1609269245310633e-08, 3.067684552748082e-08, 5.236245253962899e-08, 2.9320650090024507e-08, 2.6457353147454083e-08, 2.9585874317606763e-08, 2.9264861131413555e-08, 1.1998179916881092e-07, 3.0499306664091055e-08]"
hMpxV/Australia/QLD-MX000055/2024|EPI_ISL_19539703|2024-08-19,"[1.0, 0.0, 0.0, 0.0, 0.0, 0.0, 0.0, 0.0, 0.0, 0.0, 0.0, 0.0, 0.0, 0.0, 0.0, 0.0, 0.0, 0.0, 0.0, 0.0, 0.0, 0.0, 0.0, 0.0, 0.0, 0.0, 0.0, 0.0, 0.0, 0.0, 0.0]"
hMpxV/Australia/QLD-MX000074/2024|EPI_ISL_19539722|2024-09-05,"[1.0, 0.0, 0.0, 0.0, 0.0, 0.0, 0.0, 0.0, 0.0, 0.0, 0.0, 0.0, 0.0, 0.0, 0.0, 0.0, 0.0, 0.0, 0.0, 0.0, 0.0, 0.0, 0.0, 0.0, 0.0, 0.0, 0.0, 0.0, 0.0, 0.0, 0.0]"
NODE_0000170,"[0.9999999998229959, 4.248697279793305e-12, 2.3957159980898224e-11, 4.332950512335611e-12, 3.774566040719645e-12, 4.2870697168364185e-12, 4.277752005968308e-12, 4.2931065124498724e-12, 4.3275372934869515e-12, 4.277204888612604e-12, 4.248443405714225e-12, 4.307388475509223e-12, 3.933175502507511e-12, 4.1448303755302474e-12, 1.0953351677099929e-11, 2.837626614383611e-12, 3.994483654855862e-12, 4.307388475508855e-12, 4.307388475509054e-12, 3.8926532432784675e-12, 5.634280253149462e-12, 4.179364521959328e-12, 2.822754434886128e-12, 4.298483029240862e-12, 9.332126222194071e-12, 4.098525518629609e-12, 3.405454929761759e-12, 4.166499105046598e-12, 3.968848192015155e-12, 2.6113064513012668e-11, 4.282162522999099e-12]"
hMpxV/Australia/QLD-MX000052/2024|EPI_ISL_19539700|2024-08-28,"[0.9999999999999999, 0.0, 0.0, 0.0, 0.0, 0.0, 0.0, 0.0, 0.0, 0.0, 0.0, 0.0, 0.0, 0.0, 0.0, 0.0, 0.0, 0.0, 0.0, 0.0, 0.0, 0.0, 0.0, 0.0, 0.0, 0.0, 0.0, 0.0, 0.0, 0.0, 0.0]"
hMpxV/Australia/QLD-MX000054/2024|EPI_ISL_19539702|2024-08-29,"[1.0, 0.0, 0.0, 0.0, 0.0, 0.0, 0.0, 0.0, 0.0, 0.0, 0.0, 0.0, 0.0, 0.0, 0.0, 0.0, 0.0, 0.0, 0.0, 0.0, 0.0, 0.0, 0.0, 0.0, 0.0, 0.0, 0.0, 0.0, 0.0, 0.0, 0.0]"
NODE_0000171,"[0.9999999996811926, 8.636484737832256e-12, 3.313952157911984e-11, 8.834995862985455e-12, 7.699060628721038e-12, 8.722470098940087e-12, 8.661631968954683e-12, 8.676506757051791e-12, 8.77915452915018e-12, 8.71455507893619e-12, 8.559039120998686e-12, 8.733963478593652e-12, 8.131154474986415e-12, 8.531213843582046e-12, 1.7991000248222306e-11, 5.9552960520851244e-12, 8.329755507770403e-12, 8.733963478590416e-12, 8.733963478593652e-12, 8.082426698967358e-12, 8.662216663507435e-12, 8.706144377434286e-12, 5.890697860831831e-12, 8.7021791115662e-12, 1.582136151766058e-11, 8.306171722641748e-12, 7.2352798454625716e-12, 8.400130206986143e-12, 8.207369358534048e-12, 3.658610345217515e-11, 8.643823220998352e-12]"
hMpxV/Australia/QLD-MX000061/2024|EPI_ISL_19539709|2024-09-03,"[0.9999999999999999, 0.0, 0.0, 0.0, 0.0, 0.0, 0.0, 0.0, 0.0, 0.0, 0.0, 0.0, 0.0, 0.0, 0.0, 0.0, 0.0, 0.0, 0.0, 0.0, 0.0, 0.0, 0.0, 0.0, 0.0, 0.0, 0.0, 0.0, 0.0, 0.0, 0.0]"
hMpxV/Australia/QLD-MX000060/2024|EPI_ISL_19539708|2024-09-03,"[0.9999999999999999, 0.0, 0.0, 0.0, 0.0, 0.0, 0.0, 0.0, 0.0, 0.0, 0.0, 0.0, 0.0, 0.0, 0.0, 0.0, 0.0, 0.0, 0.0, 0.0, 0.0, 0.0, 0.0, 0.0, 0.0, 0.0, 0.0, 0.0, 0.0, 0.0, 0.0]"
NODE_0000173,"[1.0, 3.1902027526515314e-27, 1.1737536011444617e-25, 3.216115569509523e-27, 2.6971612781504917e-27, 3.215476355098834e-27, 3.280146661809095e-27, 3.3125344147623796e-27, 3.262972313506079e-27, 3.1878654357482052e-27, 3.327143003523943e-27, 3.289552227227162e-27, 2.706863307675719e-27, 2.9277533753535786e-27, 2.592384338188524e-26, 1.7061880686465197e-27, 2.596664989034929e-27, 3.2895522272251046e-27, 3.289552227226952e-27, 2.6236701887649954e-27, 1.7973183494168232e-26, 2.7615284610479183e-27, 1.660431005496474e-27, 3.298687224398637e-27, 1.84087258906444e-26, 3.1162671793660385e-27, 1.8849814301069615e-27, 3.261494529440139e-27, 2.6826350377867754e-27, 1.146918187526223e-25, 3.314080107499025e-27]"
hMpxV/Australia/QLD-MX000064/2024|EPI_ISL_19539712|2024-09-05,"[0.9999999999999999, 0.0, 0.0, 0.0, 0.0, 0.0, 0.0, 0.0, 0.0, 0.0, 0.0, 0.0, 0.0, 0.0, 0.0, 0.0, 0.0, 0.0, 0.0, 0.0, 0.0, 0.0, 0.0, 0.0, 0.0, 0.0, 0.0, 0.0, 0.0, 0.0, 0.0]"
hMpxV/Australia/QLD-MX000070/2024|EPI_ISL_19539718|2024-09-08,"[1.0, 0.0, 0.0, 0.0, 0.0, 0.0, 0.0, 0.0, 0.0, 0.0, 0.0, 0.0, 0.0, 0.0, 0.0, 0.0, 0.0, 0.0, 0.0, 0.0, 0.0, 0.0, 0.0, 0.0, 0.0, 0.0, 0.0, 0.0, 0.0, 0.0, 0.0]"
hMpxV/Australia/QLD-MX000069/2024|EPI_ISL_19539717|2024-09-09,"[1.0, 0.0, 0.0, 0.0, 0.0, 0.0, 0.0, 0.0, 0.0, 0.0, 0.0, 0.0, 0.0, 0.0, 0.0, 0.0, 0.0, 0.0, 0.0, 0.0, 0.0, 0.0, 0.0, 0.0, 0.0, 0.0, 0.0, 0.0, 0.0, 0.0, 0.0]"
hMpxV/Australia/QLD-MX000073/2024|EPI_ISL_19539721|2024-09-05,"[0.9999999999999999, 0.0, 0.0, 0.0, 0.0, 0.0, 0.0, 0.0, 0.0, 0.0, 0.0, 0.0, 0.0, 0.0, 0.0, 0.0, 0.0, 0.0, 0.0, 0.0, 0.0, 0.0, 0.0, 0.0, 0.0, 0.0, 0.0, 0.0, 0.0, 0.0, 0.0]"
hMpxV/Australia/QLD-MX000075/2024|EPI_ISL_19539723|2024-09-05,"[0.9999999999999999, 0.0, 0.0, 0.0, 0.0, 0.0, 0.0, 0.0, 0.0, 0.0, 0.0, 0.0, 0.0, 0.0, 0.0, 0.0, 0.0, 0.0, 0.0, 0.0, 0.0, 0.0, 0.0, 0.0, 0.0, 0.0, 0.0, 0.0, 0.0, 0.0, 0.0]"
hMpxV/Australia/QLD-MX000087/2024|EPI_ISL_19539735|2024-09-09,"[1.0, 0.0, 0.0, 0.0, 0.0, 0.0, 0.0, 0.0, 0.0, 0.0, 0.0, 0.0, 0.0, 0.0, 0.0, 0.0, 0.0, 0.0, 0.0, 0.0, 0.0, 0.0, 0.0, 0.0, 0.0, 0.0, 0.0, 0.0, 0.0, 0.0, 0.0]"
NODE_0000174,"[0.999999999830626, 4.582873275754013e-12, 1.7660466988797634e-11, 4.68829831063505e-12, 4.08329476314e-12, 4.628692293674181e-12, 4.596549767587785e-12, 4.604336988581811e-12, 4.6582868580044545e-12, 4.624456079876916e-12, 4.5421145158500234e-12, 4.635056849134352e-12, 4.313607654515314e-12, 4.526400946470501e-12, 9.584512609551028e-12, 3.15588587729281e-12, 4.417622527439664e-12, 4.6350568491326155e-12, 4.635056849134311e-12, 4.287576831896023e-12, 4.616705791013603e-12, 4.6180075027529e-12, 3.119386625685533e-12, 4.618073328719525e-12, 8.422363237436022e-12, 4.4076171898257214e-12, 3.832182592563884e-12, 4.45797868725341e-12, 4.352923119240881e-12, 1.948169482484701e-11, 4.5868514593029025e-12]"
hMpxV/Australia/QLD-MX000086/2024|EPI_ISL_19539734|2024-09-09,"[1.0, 0.0, 0.0, 0.0, 0.0, 0.0, 0.0, 0.0, 0.0, 0.0, 0.0, 0.0, 0.0, 0.0, 0.0, 0.0, 0.0, 0.0, 0.0, 0.0, 0.0, 0.0, 0.0, 0.0, 0.0, 0.0, 0.0, 0.0, 0.0, 0.0, 0.0]"
hMpxV/Australia/QLD-MX000088/2024|EPI_ISL_19539736|2024-09-09,"[1.0, 0.0, 0.0, 0.0, 0.0, 0.0, 0.0, 0.0, 0.0, 0.0, 0.0, 0.0, 0.0, 0.0, 0.0, 0.0, 0.0, 0.0, 0.0, 0.0, 0.0, 0.0, 0.0, 0.0, 0.0, 0.0, 0.0, 0.0, 0.0, 0.0, 0.0]"
NODE_0000168,"[0.9999999999999999, 4.140532331734595e-32, 5.898500081952538e-30, 4.136724444566355e-32, 3.398344760015946e-32, 4.167221476939248e-32, 4.320676288435444e-32, 4.3855507408342504e-32, 4.25241507607273e-32, 4.1122084315903057e-32, 4.453028931815969e-32, 4.318164149835414e-32, 3.302008465316598e-32, 3.6354641669250947e-32, 7.557477657766982e-31, 1.9099544113609707e-32, 3.047345189428929e-32, 4.3181641498339985e-32, 4.3181641498348004e-32, 3.152395065736575e-32, 6.51962921798884e-31, 3.2732683735623007e-32, 1.8490900692234207e-32, 4.3476741201670224e-32, 4.728005468005953e-31, 4.0826374912217014e-32, 1.9986235611387983e-32, 4.360604048280972e-32, 3.2408001489054684e-32, 5.367193929417357e-30, 4.399678114161296e-32]"
hMpxV/Australia/VIC-VIDRL-9071/2024|EPI_ISL_19459798|2024-07-25,"[1.0, 0.0, 0.0, 0.0, 0.0, 0.0, 0.0, 0.0, 0.0, 0.0, 0.0, 0.0, 0.0, 0.0, 0.0, 0.0, 0.0, 0.0, 0.0, 0.0, 0.0, 0.0, 0.0, 0.0, 0.0, 0.0, 0.0, 0.0, 0.0, 0.0, 0.0]"
hMpxV/Australia/VIC-VIDRL-5661/2024|EPI_ISL_19459714|2024-07-12,"[0.9999999999999999, 0.0, 0.0, 0.0, 0.0, 0.0, 0.0, 0.0, 0.0, 0.0, 0.0, 0.0, 0.0, 0.0, 0.0, 0.0, 0.0, 0.0, 0.0, 0.0, 0.0, 0.0, 0.0, 0.0, 0.0, 0.0, 0.0, 0.0, 0.0, 0.0, 0.0]"
hMpxV/Australia/VIC-VIDRL-5843/2024|EPI_ISL_19459730|2024-07-13,"[1.0, 0.0, 0.0, 0.0, 0.0, 0.0, 0.0, 0.0, 0.0, 0.0, 0.0, 0.0, 0.0, 0.0, 0.0, 0.0, 0.0, 0.0, 0.0, 0.0, 0.0, 0.0, 0.0, 0.0, 0.0, 0.0, 0.0, 0.0, 0.0, 0.0, 0.0]"
hMpxV/Australia/VIC-VIDRL-9070/2024|EPI_ISL_19459742|2024-07-25,"[1.0, 0.0, 0.0, 0.0, 0.0, 0.0, 0.0, 0.0, 0.0, 0.0, 0.0, 0.0, 0.0, 0.0, 0.0, 0.0, 0.0, 0.0, 0.0, 0.0, 0.0, 0.0, 0.0, 0.0, 0.0, 0.0, 0.0, 0.0, 0.0, 0.0, 0.0]"
hMpxV/Australia/VIC-VIDRL-8988/2024|EPI_ISL_19459752|2024-07-25,"[1.0, 0.0, 0.0, 0.0, 0.0, 0.0, 0.0, 0.0, 0.0, 0.0, 0.0, 0.0, 0.0, 0.0, 0.0, 0.0, 0.0, 0.0, 0.0, 0.0, 0.0, 0.0, 0.0, 0.0, 0.0, 0.0, 0.0, 0.0, 0.0, 0.0, 0.0]"
hMpxV/Australia/VIC-VIDRL-6721/2024|EPI_ISL_19459770|2024-07-16,"[1.0, 0.0, 0.0, 0.0, 0.0, 0.0, 0.0, 0.0, 0.0, 0.0, 0.0, 0.0, 0.0, 0.0, 0.0, 0.0, 0.0, 0.0, 0.0, 0.0, 0.0, 0.0, 0.0, 0.0, 0.0, 0.0, 0.0, 0.0, 0.0, 0.0, 0.0]"
hMpxV/Australia/VIC-VIDRL-7979/2024|EPI_ISL_19459782|2024-07-22,"[1.0, 0.0, 0.0, 0.0, 0.0, 0.0, 0.0, 0.0, 0.0, 0.0, 0.0, 0.0, 0.0, 0.0, 0.0, 0.0, 0.0, 0.0, 0.0, 0.0, 0.0, 0.0, 0.0, 0.0, 0.0, 0.0, 0.0, 0.0, 0.0, 0.0, 0.0]"
hMpxV/Australia/VIC-VIDRL-6355/2024|EPI_ISL_19459788|2024-07-16,"[1.0, 0.0, 0.0, 0.0, 0.0, 0.0, 0.0, 0.0, 0.0, 0.0, 0.0, 0.0, 0.0, 0.0, 0.0, 0.0, 0.0, 0.0, 0.0, 0.0, 0.0, 0.0, 0.0, 0.0, 0.0, 0.0, 0.0, 0.0, 0.0, 0.0, 0.0]"
hMpxV/Australia/VIC-VIDRL-6920/2024|EPI_ISL_19459709|2024-07-17,"[1.0, 0.0, 0.0, 0.0, 0.0, 0.0, 0.0, 0.0, 0.0, 0.0, 0.0, 0.0, 0.0, 0.0, 0.0, 0.0, 0.0, 0.0, 0.0, 0.0, 0.0, 0.0, 0.0, 0.0, 0.0, 0.0, 0.0, 0.0, 0.0, 0.0, 0.0]"
NODE_0000169,"[1.0, 2.6118766470594087e-26, 2.997939624071772e-24, 2.6075870480381045e-26, 2.197438282850566e-26, 2.6238142626903964e-26, 2.7158582355205464e-26, 2.7593230763809714e-26, 2.690014476274688e-26, 2.59030639565158e-26, 2.798049762690327e-26, 2.7110751355769426e-26, 2.1098881545701997e-26, 2.3094224690735443e-26, 3.9234886871793774e-25, 1.2847539905480129e-26, 1.9763880954186765e-26, 2.7110751355764036e-26, 2.711075135576905e-26, 2.0186991102455264e-26, 3.311732850426862e-25, 2.1057309961359338e-26, 1.2848703278722422e-26, 2.7326086292348365e-26, 2.546463170180927e-25, 2.5746491496511072e-26, 1.3768993626879878e-26, 2.734805827806611e-26, 2.095485242760762e-26, 2.835949244634955e-24, 2.7720231110723586e-26]"
hMpxV/Australia/QLD-MX000123/2024|EPI_ISL_19539767|2024-10-06,"[1.0, 0.0, 0.0, 0.0, 0.0, 0.0, 0.0, 0.0, 0.0, 0.0, 0.0, 0.0, 0.0, 0.0, 0.0, 0.0, 0.0, 0.0, 0.0, 0.0, 0.0, 0.0, 0.0, 0.0, 0.0, 0.0, 0.0, 0.0, 0.0, 0.0, 0.0]"
hMpxV/Australia/QLD-MX000127/2024|EPI_ISL_19539771|2024-10-08,"[1.0, 0.0, 0.0, 0.0, 0.0, 0.0, 0.0, 0.0, 0.0, 0.0, 0.0, 0.0, 0.0, 0.0, 0.0, 0.0, 0.0, 0.0, 0.0, 0.0, 0.0, 0.0, 0.0, 0.0, 0.0, 0.0, 0.0, 0.0, 0.0, 0.0, 0.0]"
hMpxV/Australia/QLD-MX000124/2024|EPI_ISL_19539768|2024-10-03,"[1.0, 0.0, 0.0, 0.0, 0.0, 0.0, 0.0, 0.0, 0.0, 0.0, 0.0, 0.0, 0.0, 0.0, 0.0, 0.0, 0.0, 0.0, 0.0, 0.0, 0.0, 0.0, 0.0, 0.0, 0.0, 0.0, 0.0, 0.0, 0.0, 0.0, 0.0]"
hMpxV/Australia/QLD-MX000126/2024|EPI_ISL_19539770|2024-10-07,"[1.0, 0.0, 0.0, 0.0, 0.0, 0.0, 0.0, 0.0, 0.0, 0.0, 0.0, 0.0, 0.0, 0.0, 0.0, 0.0, 0.0, 0.0, 0.0, 0.0, 0.0, 0.0, 0.0, 0.0, 0.0, 0.0, 0.0, 0.0, 0.0, 0.0, 0.0]"
hMpxV/Australia/QLD-MX000137/2024|EPI_ISL_19539781|2024-10-06,"[1.0, 0.0, 0.0, 0.0, 0.0, 0.0, 0.0, 0.0, 0.0, 0.0, 0.0, 0.0, 0.0, 0.0, 0.0, 0.0, 0.0, 0.0, 0.0, 0.0, 0.0, 0.0, 0.0, 0.0, 0.0, 0.0, 0.0, 0.0, 0.0, 0.0, 0.0]"
hMpxV/Australia/QLD-MX000146/2024|EPI_ISL_19539787|2024-10-12,"[1.0, 0.0, 0.0, 0.0, 0.0, 0.0, 0.0, 0.0, 0.0, 0.0, 0.0, 0.0, 0.0, 0.0, 0.0, 0.0, 0.0, 0.0, 0.0, 0.0, 0.0, 0.0, 0.0, 0.0, 0.0, 0.0, 0.0, 0.0, 0.0, 0.0, 0.0]"
hMpxV/Australia/QLD-MX000154/2024|EPI_ISL_19539795|2024-10-12,"[1.0, 0.0, 0.0, 0.0, 0.0, 0.0, 0.0, 0.0, 0.0, 0.0, 0.0, 0.0, 0.0, 0.0, 0.0, 0.0, 0.0, 0.0, 0.0, 0.0, 0.0, 0.0, 0.0, 0.0, 0.0, 0.0, 0.0, 0.0, 0.0, 0.0, 0.0]"
hMpxV/Australia/QLD-MX000151/2024|EPI_ISL_19539792|2024-10-15,"[1.0, 0.0, 0.0, 0.0, 0.0, 0.0, 0.0, 0.0, 0.0, 0.0, 0.0, 0.0, 0.0, 0.0, 0.0, 0.0, 0.0, 0.0, 0.0, 0.0, 0.0, 0.0, 0.0, 0.0, 0.0, 0.0, 0.0, 0.0, 0.0, 0.0, 0.0]"
hMpxV/Australia/QLD-MX000152/2024|EPI_ISL_19539793|2024-10-08,"[1.0, 0.0, 0.0, 0.0, 0.0, 0.0, 0.0, 0.0, 0.0, 0.0, 0.0, 0.0, 0.0, 0.0, 0.0, 0.0, 0.0, 0.0, 0.0, 0.0, 0.0, 0.0, 0.0, 0.0, 0.0, 0.0, 0.0, 0.0, 0.0, 0.0, 0.0]"
hMpxV/Australia/QLD-MX000085/2024|EPI_ISL_19539733|2024-09-09,"[0.9999999999999999, 0.0, 0.0, 0.0, 0.0, 0.0, 0.0, 0.0, 0.0, 0.0, 0.0, 0.0, 0.0, 0.0, 0.0, 0.0, 0.0, 0.0, 0.0, 0.0, 0.0, 0.0, 0.0, 0.0, 0.0, 0.0, 0.0, 0.0, 0.0, 0.0, 0.0]"
