name,state
NODE_0000000,"[0.02320414664714663, 0.02600397188839357, 0.04287681820057884, 0.018705447823316276, 0.047952688576024964, 0.021476690338387405, 0.022124890819530126, 0.01783887868000426, 0.018265580111971307, 0.018456585411383807, 0.01760150853396728, 0.01817060311729262, 0.017384443238369622, 0.02287702471797967, 0.01788231178506301, 0.05603161332690728, 0.02074569984672964, 0.01817060311729259, 0.01817060311729259, 0.022420299197378472, 0.2553892335614532, 0.019872610275349686, 0.01953783910455597, 0.017836360825804844, 0.017160861665547013, 0.017725765639195867, 0.018865098850650183, 0.017566234195717602, 0.017830376749302847, 0.09415925413887125, 0.01769595649854144]"
NC_063383.1,"[0.02324148277451321, 0.026035639454153776, 0.0429081505526822, 0.018741053204986327, 0.047972490227420866, 0.021511950276462802, 0.022157500861030115, 0.017872687337598975, 0.01830028250902715, 0.01849171380567934, 0.01763483621579348, 0.018205089184072407, 0.017417463211793605, 0.022911166290517912, 0.017908866669946913, 0.05604523144380594, 0.020785127307300286, 0.018205089184072366, 0.01820508918407237, 0.02245383517639429, 0.2544086399309293, 0.01991077858806577, 0.019565452500770013, 0.017870163495682993, 0.01719494961156804, 0.01775966804580525, 0.01890132321191021, 0.017599752595913027, 0.017864331152758088, 0.09419072005597075, 0.017729475939302217]"
NODE_0000002,"[3.9377614574889375e-92, 2.1299707961302534e-88, 2.6443151190128826e-66, 9.150108630030954e-99, 5.1205532608583704e-58, 9.305978018014439e-92, 1.8545970390897226e-92, 1.652638415783586e-98, 1.2630257350267723e-98, 1.687989068715798e-98, 2.7958969336170204e-98, 1.3248799037852659e-98, 6.8758336608472534e-99, 3.5349118837789765e-92, 9.170618981060314e-93, 1.2738648777753486e-47, 9.421103212221298e-93, 1.3248799037838355e-98, 1.324879903783233e-98, 1.6096603948080305e-92, 1.0, 3.36717361560373e-99, 2.7567490068428656e-84, 1.6582687286690587e-98, 1.2009656773519481e-97, 3.1152407016578857e-96, 5.0519877348375904e-99, 3.4181948556289366e-96, 1.4121027643163231e-98, 5.247096390978223e-38, 1.7913462493793893e-98]"
hMpxV/Peru/LAM-INS-290/2022|EPI_ISL_16999067|2022-11-23,"[0.0, 0.0, 0.0, 0.0, 0.0, 0.0, 0.0, 0.0, 0.0, 0.0, 0.0, 0.0, 0.0, 0.0, 0.0, 0.0, 0.0, 0.0, 0.0, 0.0, 1.0, 0.0, 0.0, 0.0, 0.0, 0.0, 0.0, 0.0, 0.0, 0.0, 0.0]"
hMpxV/Peru/LIM-INS-292/2022|EPI_ISL_16999095|2022-11-25,"[0.0, 0.0, 0.0, 0.0, 0.0, 0.0, 0.0, 0.0, 0.0, 0.0, 0.0, 0.0, 0.0, 0.0, 0.0, 0.0, 0.0, 0.0, 0.0, 0.0, 0.9999999999999999, 0.0, 0.0, 0.0, 0.0, 0.0, 0.0, 0.0, 0.0, 0.0, 0.0]"
hMpxV/Peru/LIM-INS-349/2022|EPI_ISL_16999091|2022-12-26,"[0.0, 0.0, 0.0, 0.0, 0.0, 0.0, 0.0, 0.0, 0.0, 0.0, 0.0, 0.0, 0.0, 0.0, 0.0, 0.0, 0.0, 0.0, 0.0, 0.0, 0.9999999999999999, 0.0, 0.0, 0.0, 0.0, 0.0, 0.0, 0.0, 0.0, 0.0, 0.0]"
hMpxV/USA/CA-CDPH-1000169/2023|EPI_ISL_16997397|2023-01-09,"[0.0, 0.0, 0.0, 0.0, 0.0, 0.0, 0.0, 0.0, 0.0, 0.0, 0.0, 0.0, 0.0, 0.0, 0.0, 0.0, 0.0, 0.0, 0.0, 0.0, 0.0, 0.0, 0.0, 0.0, 0.0, 0.0, 0.0, 0.0, 0.0, 1.0, 0.0]"
hMpxV/Peru/LIM-INS-338/2022|EPI_ISL_16999113|2022-12-19,"[0.0, 0.0, 0.0, 0.0, 0.0, 0.0, 0.0, 0.0, 0.0, 0.0, 0.0, 0.0, 0.0, 0.0, 0.0, 0.0, 0.0, 0.0, 0.0, 0.0, 0.9999999999999999, 0.0, 0.0, 0.0, 0.0, 0.0, 0.0, 0.0, 0.0, 0.0, 0.0]"
hMpxV/Peru/LIM-INS-357/2022|EPI_ISL_16999116|2022-12-26,"[0.0, 0.0, 0.0, 0.0, 0.0, 0.0, 0.0, 0.0, 0.0, 0.0, 0.0, 0.0, 0.0, 0.0, 0.0, 0.0, 0.0, 0.0, 0.0, 0.0, 0.9999999999999999, 0.0, 0.0, 0.0, 0.0, 0.0, 0.0, 0.0, 0.0, 0.0, 0.0]"
hMpxV/Peru/LIM-INS-342/2022|EPI_ISL_16999121|2022-12-17,"[0.0, 0.0, 0.0, 0.0, 0.0, 0.0, 0.0, 0.0, 0.0, 0.0, 0.0, 0.0, 0.0, 0.0, 0.0, 0.0, 0.0, 0.0, 0.0, 0.0, 1.0, 0.0, 0.0, 0.0, 0.0, 0.0, 0.0, 0.0, 0.0, 0.0, 0.0]"
hMpxV/Peru/LIM-INS-345/2022|EPI_ISL_16999118|2022-12-20,"[0.0, 0.0, 0.0, 0.0, 0.0, 0.0, 0.0, 0.0, 0.0, 0.0, 0.0, 0.0, 0.0, 0.0, 0.0, 0.0, 0.0, 0.0, 0.0, 0.0, 1.0, 0.0, 0.0, 0.0, 0.0, 0.0, 0.0, 0.0, 0.0, 0.0, 0.0]"
hMpxV/Peru/LIM-INS-291/2022|EPI_ISL_16999139|2022-11-22,"[0.0, 0.0, 0.0, 0.0, 0.0, 0.0, 0.0, 0.0, 0.0, 0.0, 0.0, 0.0, 0.0, 0.0, 0.0, 0.0, 0.0, 0.0, 0.0, 0.0, 0.9999999999999999, 0.0, 0.0, 0.0, 0.0, 0.0, 0.0, 0.0, 0.0, 0.0, 0.0]"
hMpxV/Peru/LIM-INS-350/2022|EPI_ISL_16999138|2022-12-26,"[0.0, 0.0, 0.0, 0.0, 0.0, 0.0, 0.0, 0.0, 0.0, 0.0, 0.0, 0.0, 0.0, 0.0, 0.0, 0.0, 0.0, 0.0, 0.0, 0.0, 0.9999999999999999, 0.0, 0.0, 0.0, 0.0, 0.0, 0.0, 0.0, 0.0, 0.0, 0.0]"
hMpxV/Brazil/RJ-FIOCRUZ-29814/2022|EPI_ISL_17614024|2022-11-24,"[0.0, 0.0, 1.0, 0.0, 0.0, 0.0, 0.0, 0.0, 0.0, 0.0, 0.0, 0.0, 0.0, 0.0, 0.0, 0.0, 0.0, 0.0, 0.0, 0.0, 0.0, 0.0, 0.0, 0.0, 0.0, 0.0, 0.0, 0.0, 0.0, 0.0, 0.0]"
hMpxV/USA/IL-RIPHL-052-0034/2023|EPI_ISL_17821096|2023-05-10,"[0.0, 0.0, 0.0, 0.0, 0.0, 0.0, 0.0, 0.0, 0.0, 0.0, 0.0, 0.0, 0.0, 0.0, 0.0, 0.0, 0.0, 0.0, 0.0, 0.0, 0.0, 0.0, 0.0, 0.0, 0.0, 0.0, 0.0, 0.0, 0.0, 1.0, 0.0]"
hMpxV/Peru/LIM-INS-443/2022|EPI_ISL_19343459|2022-12-26,"[0.0, 0.0, 0.0, 0.0, 0.0, 0.0, 0.0, 0.0, 0.0, 0.0, 0.0, 0.0, 0.0, 0.0, 0.0, 0.0, 0.0, 0.0, 0.0, 0.0, 0.9999999999999999, 0.0, 0.0, 0.0, 0.0, 0.0, 0.0, 0.0, 0.0, 0.0, 0.0]"
hMpxV/Peru/AYA-INS-427/2023|EPI_ISL_19343467|2023-02-19,"[0.0, 0.0, 0.0, 0.0, 0.0, 0.0, 0.0, 0.0, 0.0, 0.0, 0.0, 0.0, 0.0, 0.0, 0.0, 0.0, 0.0, 0.0, 0.0, 0.0, 1.0, 0.0, 0.0, 0.0, 0.0, 0.0, 0.0, 0.0, 0.0, 0.0, 0.0]"
hMpxV/Peru/LIM-INS-375/2023|EPI_ISL_19343480|2023-01-07,"[0.0, 0.0, 0.0, 0.0, 0.0, 0.0, 0.0, 0.0, 0.0, 0.0, 0.0, 0.0, 0.0, 0.0, 0.0, 0.0, 0.0, 0.0, 0.0, 0.0, 1.0, 0.0, 0.0, 0.0, 0.0, 0.0, 0.0, 0.0, 0.0, 0.0, 0.0]"
hMpxV/Peru/LIM-INS-406/2023|EPI_ISL_19343490|2023-02-01,"[0.0, 0.0, 0.0, 0.0, 0.0, 0.0, 0.0, 0.0, 0.0, 0.0, 0.0, 0.0, 0.0, 0.0, 0.0, 0.0, 0.0, 0.0, 0.0, 0.0, 0.9999999999999999, 0.0, 0.0, 0.0, 0.0, 0.0, 0.0, 0.0, 0.0, 0.0, 0.0]"
hMpxV/Peru/LIM-INS-364/2023|EPI_ISL_19343503|2023-01-19,"[0.0, 0.0, 0.0, 0.0, 0.0, 0.0, 0.0, 0.0, 0.0, 0.0, 0.0, 0.0, 0.0, 0.0, 0.0, 0.0, 0.0, 0.0, 0.0, 0.0, 1.0, 0.0, 0.0, 0.0, 0.0, 0.0, 0.0, 0.0, 0.0, 0.0, 0.0]"
hMpxV/Peru/LIM-INS-433/2023|EPI_ISL_19343501|2023-01-27,"[0.0, 0.0, 0.0, 0.0, 0.0, 0.0, 0.0, 0.0, 0.0, 0.0, 0.0, 0.0, 0.0, 0.0, 0.0, 0.0, 0.0, 0.0, 0.0, 0.0, 1.0, 0.0, 0.0, 0.0, 0.0, 0.0, 0.0, 0.0, 0.0, 0.0, 0.0]"
hMpxV/Peru/CAL-INS-383/2023|EPI_ISL_19343521|2023-01-10,"[0.0, 0.0, 0.0, 0.0, 0.0, 0.0, 0.0, 0.0, 0.0, 0.0, 0.0, 0.0, 0.0, 0.0, 0.0, 0.0, 0.0, 0.0, 0.0, 0.0, 1.0, 0.0, 0.0, 0.0, 0.0, 0.0, 0.0, 0.0, 0.0, 0.0, 0.0]"
hMpxV/Peru/LIM-INS-416/2023|EPI_ISL_19343572|2023-02-07,"[0.0, 0.0, 0.0, 0.0, 0.0, 0.0, 0.0, 0.0, 0.0, 0.0, 0.0, 0.0, 0.0, 0.0, 0.0, 0.0, 0.0, 0.0, 0.0, 0.0, 1.0, 0.0, 0.0, 0.0, 0.0, 0.0, 0.0, 0.0, 0.0, 0.0, 0.0]"
hMpxV/Peru/LIM-INS-436/2023|EPI_ISL_19343568|2023-02-16,"[0.0, 0.0, 0.0, 0.0, 0.0, 0.0, 0.0, 0.0, 0.0, 0.0, 0.0, 0.0, 0.0, 0.0, 0.0, 0.0, 0.0, 0.0, 0.0, 0.0, 1.0, 0.0, 0.0, 0.0, 0.0, 0.0, 0.0, 0.0, 0.0, 0.0, 0.0]"
hMpxV/Peru/AYA-INS-411/2023|EPI_ISL_19343573|2023-01-31,"[0.0, 0.0, 0.0, 0.0, 0.0, 0.0, 0.0, 0.0, 0.0, 0.0, 0.0, 0.0, 0.0, 0.0, 0.0, 0.0, 0.0, 0.0, 0.0, 0.0, 1.0, 0.0, 0.0, 0.0, 0.0, 0.0, 0.0, 0.0, 0.0, 0.0, 0.0]"
hMpxV/Peru/AYA-INS-412/2023|EPI_ISL_19343574|2023-01-31,"[0.0, 0.0, 0.0, 0.0, 0.0, 0.0, 0.0, 0.0, 0.0, 0.0, 0.0, 0.0, 0.0, 0.0, 0.0, 0.0, 0.0, 0.0, 0.0, 0.0, 1.0, 0.0, 0.0, 0.0, 0.0, 0.0, 0.0, 0.0, 0.0, 0.0, 0.0]"
hMpxV/Peru/ARE-INS-420/2023|EPI_ISL_19343594|2023-02-08,"[0.0, 0.0, 0.0, 0.0, 0.0, 0.0, 0.0, 0.0, 0.0, 0.0, 0.0, 0.0, 0.0, 0.0, 0.0, 0.0, 0.0, 0.0, 0.0, 0.0, 1.0, 0.0, 0.0, 0.0, 0.0, 0.0, 0.0, 0.0, 0.0, 0.0, 0.0]"
hMpxV/Peru/ARE-INS-478/2023|EPI_ISL_19343595|2023-01-31,"[0.0, 0.0, 0.0, 0.0, 0.0, 0.0, 0.0, 0.0, 0.0, 0.0, 0.0, 0.0, 0.0, 0.0, 0.0, 0.0, 0.0, 0.0, 0.0, 0.0, 1.0, 0.0, 0.0, 0.0, 0.0, 0.0, 0.0, 0.0, 0.0, 0.0, 0.0]"
hMpxV/Chile/RM-ISP-132423/2022|EPI_ISL_19345334|2022-11-27,"[0.0, 0.0, 0.0, 0.0, 1.0, 0.0, 0.0, 0.0, 0.0, 0.0, 0.0, 0.0, 0.0, 0.0, 0.0, 0.0, 0.0, 0.0, 0.0, 0.0, 0.0, 0.0, 0.0, 0.0, 0.0, 0.0, 0.0, 0.0, 0.0, 0.0, 0.0]"
hMpxV/Mexico/CMX_InDRE_F5592/2022|EPI_ISL_17672227|2022-12-08,"[0.0, 0.0, 0.0, 0.0, 0.0, 0.0, 0.0, 0.0, 0.0, 0.0, 0.0, 0.0, 0.0, 0.0, 0.0, 1.0, 0.0, 0.0, 0.0, 0.0, 0.0, 0.0, 0.0, 0.0, 0.0, 0.0, 0.0, 0.0, 0.0, 0.0, 0.0]"
hMpxV/Mexico/VER_InDRE_F254/2023|EPI_ISL_17672252|2023-01-31,"[0.0, 0.0, 0.0, 0.0, 0.0, 0.0, 0.0, 0.0, 0.0, 0.0, 0.0, 0.0, 0.0, 0.0, 0.0, 1.0, 0.0, 0.0, 0.0, 0.0, 0.0, 0.0, 0.0, 0.0, 0.0, 0.0, 0.0, 0.0, 0.0, 0.0, 0.0]"
hMpxV/Mexico/YUC_InDRE_F217/2023|EPI_ISL_17672250|2023-01-17,"[0.0, 0.0, 0.0, 0.0, 0.0, 0.0, 0.0, 0.0, 0.0, 0.0, 0.0, 0.0, 0.0, 0.0, 0.0, 1.0, 0.0, 0.0, 0.0, 0.0, 0.0, 0.0, 0.0, 0.0, 0.0, 0.0, 0.0, 0.0, 0.0, 0.0, 0.0]"
hMpxV/USA/CA-LACPHL-MA00474/2022|EPI_ISL_17211328|2022-11-18,"[0.0, 0.0, 0.0, 0.0, 0.0, 0.0, 0.0, 0.0, 0.0, 0.0, 0.0, 0.0, 0.0, 0.0, 0.0, 0.0, 0.0, 0.0, 0.0, 0.0, 0.0, 0.0, 0.0, 0.0, 0.0, 0.0, 0.0, 0.0, 0.0, 1.0, 0.0]"
hMpxV/USA/CA-LACPHL-MA00475/2022|EPI_ISL_17211329|2022-11-22,"[0.0, 0.0, 0.0, 0.0, 0.0, 0.0, 0.0, 0.0, 0.0, 0.0, 0.0, 0.0, 0.0, 0.0, 0.0, 0.0, 0.0, 0.0, 0.0, 0.0, 0.0, 0.0, 0.0, 0.0, 0.0, 0.0, 0.0, 0.0, 0.0, 1.0, 0.0]"
hMpxV/USA/CA-LACPHL-MA00479/2022|EPI_ISL_17211333|2022-12-01,"[0.0, 0.0, 0.0, 0.0, 0.0, 0.0, 0.0, 0.0, 0.0, 0.0, 0.0, 0.0, 0.0, 0.0, 0.0, 0.0, 0.0, 0.0, 0.0, 0.0, 0.0, 0.0, 0.0, 0.0, 0.0, 0.0, 0.0, 0.0, 0.0, 1.0, 0.0]"
hMpxV/Mexico/CHH_InDRE_F390/2023|EPI_ISL_17703605|2023-03-10,"[0.0, 0.0, 0.0, 0.0, 0.0, 0.0, 0.0, 0.0, 0.0, 0.0, 0.0, 0.0, 0.0, 0.0, 0.0, 1.0, 0.0, 0.0, 0.0, 0.0, 0.0, 0.0, 0.0, 0.0, 0.0, 0.0, 0.0, 0.0, 0.0, 0.0, 0.0]"
hMpxV/Mexico/CMX_InDRE_F422/2023|EPI_ISL_17703610|2023-03-22,"[0.0, 0.0, 0.0, 0.0, 0.0, 0.0, 0.0, 0.0, 0.0, 0.0, 0.0, 0.0, 0.0, 0.0, 0.0, 1.0, 0.0, 0.0, 0.0, 0.0, 0.0, 0.0, 0.0, 0.0, 0.0, 0.0, 0.0, 0.0, 0.0, 0.0, 0.0]"
NODE_0000334,"[1.222036649972434e-05, 9.478949139088482e-06, 8.394915573483644e-05, 4.7043439849803766e-06, 0.0011948301603410822, 6.090990476046776e-06, 6.9112523947441296e-06, 4.6113508834733265e-06, 4.656066146217908e-06, 4.654096146325177e-06, 4.573275894363514e-06, 4.653201558258056e-06, 4.337182825273384e-06, 6.819007431633853e-06, 7.140171484576599e-06, 6.27709470649736e-05, 9.883664737842887e-06, 4.653201558254535e-06, 4.653201558251981e-06, 6.554609314508112e-06, 0.6866596868652548, 4.711347785218518e-06, 1.1731384993502485e-05, 4.611583191679438e-06, 4.692378676991619e-06, 6.709920520298659e-06, 4.143042706176979e-06, 6.601900934049548e-06, 4.387428668143301e-06, 0.31183998872511004, 4.590226984728409e-06]"
hMpxV/USA/NY-NYCPHL-001178/2022|EPI_ISL_16955305|2022-11-18,"[0.0, 0.0, 0.0, 0.0, 0.0, 0.0, 0.0, 0.0, 0.0, 0.0, 0.0, 0.0, 0.0, 0.0, 0.0, 0.0, 0.0, 0.0, 0.0, 0.0, 0.0, 0.0, 0.0, 0.0, 0.0, 0.0, 0.0, 0.0, 0.0, 1.0, 0.0]"
hMpxV/Chile/RM-ISP-7201/2023|EPI_ISL_19345367|2023-01-25,"[0.0, 0.0, 0.0, 0.0, 1.0, 0.0, 0.0, 0.0, 0.0, 0.0, 0.0, 0.0, 0.0, 0.0, 0.0, 0.0, 0.0, 0.0, 0.0, 0.0, 0.0, 0.0, 0.0, 0.0, 0.0, 0.0, 0.0, 0.0, 0.0, 0.0, 0.0]"
NODE_0000348,"[2.020313158746098e-06, 6.296284343584636e-07, 1.292122305530771e-05, 3.3015281767159927e-07, 1.9855034650436714e-06, 4.316659699451052e-07, 4.913830422209054e-07, 3.3013590834734147e-07, 3.30745784699899e-07, 3.291408068161111e-07, 3.291970891364267e-07, 3.3016830591296635e-07, 3.14267978727308e-07, 4.81981486093261e-07, 7.633343203467391e-07, 1.0601754231384e-05, 1.2943261268227315e-06, 3.301683059128839e-07, 3.3016830591284644e-07, 4.6385257174908536e-07, 0.04211592578687465, 3.2534350946552936e-07, 1.6703339147425973e-06, 3.3016112516619776e-07, 5.014428784109703e-07, 6.891858370135128e-07, 2.970808142102944e-07, 6.66416063832046e-07, 3.158225779597983e-07, 0.9578439093703797, 3.299448597431784e-07]"
hMpxV/USA/CA-LACPHL-MA00394/2022|EPI_ISL_16679206|2022-12-23,"[0.0, 0.0, 0.0, 0.0, 0.0, 0.0, 0.0, 0.0, 0.0, 0.0, 0.0, 0.0, 0.0, 0.0, 0.0, 0.0, 0.0, 0.0, 0.0, 0.0, 0.0, 0.0, 0.0, 0.0, 0.0, 0.0, 0.0, 0.0, 0.0, 1.0, 0.0]"
hMpxV/USA/CA-LACPHL-MA00374/2022|EPI_ISL_16679235|2022-11-23,"[0.0, 0.0, 0.0, 0.0, 0.0, 0.0, 0.0, 0.0, 0.0, 0.0, 0.0, 0.0, 0.0, 0.0, 0.0, 0.0, 0.0, 0.0, 0.0, 0.0, 0.0, 0.0, 0.0, 0.0, 0.0, 0.0, 0.0, 0.0, 0.0, 1.0, 0.0]"
NODE_0000351,"[3.473395879685468e-09, 8.949940666612489e-10, 1.908263565934853e-08, 5.623464885734625e-10, 2.422412292717249e-09, 6.85011600222174e-10, 7.43341745146182e-10, 5.623901765084861e-10, 5.62783111766014e-10, 5.60672078133887e-10, 5.615973910002326e-10, 5.628111169476194e-10, 5.335315351667239e-10, 7.226899869614311e-10, 1.2187033511093515e-09, 1.3951928976565782e-08, 2.4402680030439846e-09, 5.628111169458168e-10, 5.628111169447895e-10, 7.016196397394963e-10, 2.865151814877393e-06, 5.527806650134975e-10, 2.7395420956733004e-09, 5.624407723805278e-10, 9.19260481844157e-10, 1.256569952938722e-09, 5.023986275052271e-10, 1.2117211828457818e-09, 5.377649292033086e-10, 0.9999970746350935, 5.618577389671096e-10]"
hMpxV/USA/CA-LACPHL-MA00467/2023|EPI_ISL_16997411|2023-01-26,"[0.0, 0.0, 0.0, 0.0, 0.0, 0.0, 0.0, 0.0, 0.0, 0.0, 0.0, 0.0, 0.0, 0.0, 0.0, 0.0, 0.0, 0.0, 0.0, 0.0, 0.0, 0.0, 0.0, 0.0, 0.0, 0.0, 0.0, 0.0, 0.0, 1.0, 0.0]"
hMpxV/USA/CA-LACPHL-MA00463/2023|EPI_ISL_16997407|2023-01-26,"[0.0, 0.0, 0.0, 0.0, 0.0, 0.0, 0.0, 0.0, 0.0, 0.0, 0.0, 0.0, 0.0, 0.0, 0.0, 0.0, 0.0, 0.0, 0.0, 0.0, 0.0, 0.0, 0.0, 0.0, 0.0, 0.0, 0.0, 0.0, 0.0, 1.0, 0.0]"
NODE_0000433,"[0.00019338268572600186, 0.0003921609376406647, 0.0004176772758727535, 0.0002191992471145939, 0.0008630197211668347, 0.00027670062564432796, 0.0003071186586229771, 0.00021003793586553315, 0.00021449411377307337, 0.00021557515530210155, 0.00020677151648402093, 0.00021382986837085465, 0.00027388801081947733, 0.8759546347694542, 0.00018039247052719338, 0.000911754477537641, 0.039569012751082766, 0.0002138298683708899, 0.00021382986837093548, 0.00029032554228154163, 0.07440266201728862, 0.00022494878463696848, 0.001449200986953, 0.00021004360524485302, 0.00012722976218099822, 0.00020115239705973013, 0.00018461747237004714, 0.0002845258831121175, 0.00019686386863694813, 0.0011728860690123019, 0.0002082336534761422]"
hMpxV/Netherlands/NH-AUMC-0001/2023|EPI_ISL_17502583|2023-01-05,"[0.0, 0.0, 0.0, 0.0, 0.0, 0.0, 0.0, 0.0, 0.0, 0.0, 0.0, 0.0, 0.0, 0.0, 0.0, 0.0, 1.0, 0.0, 0.0, 0.0, 0.0, 0.0, 0.0, 0.0, 0.0, 0.0, 0.0, 0.0, 0.0, 0.0, 0.0]"
hMpxV/Ireland/un-NVRL-Z22IRL00794/2022|EPI_ISL_18308395|2022-12-02,"[0.0, 0.0, 0.0, 0.0, 0.0, 0.0, 0.0, 0.0, 0.0, 0.0, 0.0, 0.0, 0.0, 1.0, 0.0, 0.0, 0.0, 0.0, 0.0, 0.0, 0.0, 0.0, 0.0, 0.0, 0.0, 0.0, 0.0, 0.0, 0.0, 0.0, 0.0]"
NODE_0000434,"[8.774342274242253e-06, 1.51798465027247e-05, 3.938408195148766e-05, 8.36359496770962e-06, 3.595784089679353e-05, 2.8393230143681626e-05, 1.1845911194973393e-05, 8.069812374233657e-06, 8.208203862561111e-06, 8.241343395913394e-06, 7.97231688583992e-06, 8.19406628870105e-06, 7.583474004105762e-06, 1.1872993267216435e-05, 8.023761776133478e-06, 0.9477420765569258, 8.792699818774577e-06, 8.194066288700752e-06, 8.194066288701092e-06, 1.1391367974327175e-05, 0.05176935894264604, 8.535338985034801e-06, 9.55016741034105e-06, 8.06965430516333e-06, 5.611327982892794e-06, 7.850873072680012e-06, 7.491935598279099e-06, 7.86630656518255e-06, 7.727784985487061e-06, 0.00016521275439122254, 8.011336975098192e-06]"
hMpxV/Mexico/HID_InDRE_F5587/2022|EPI_ISL_17703580|2022-12-09,"[0.0, 0.0, 0.0, 0.0, 0.0, 0.0, 0.0, 0.0, 0.0, 0.0, 0.0, 0.0, 0.0, 0.0, 0.0, 1.0, 0.0, 0.0, 0.0, 0.0, 0.0, 0.0, 0.0, 0.0, 0.0, 0.0, 0.0, 0.0, 0.0, 0.0, 0.0]"
hMpxV/Mexico/CMX_InDRE_F420/2023|EPI_ISL_17703609|2023-03-21,"[0.0, 0.0, 0.0, 0.0, 0.0, 0.0, 0.0, 0.0, 0.0, 0.0, 0.0, 0.0, 0.0, 0.0, 0.0, 1.0, 0.0, 0.0, 0.0, 0.0, 0.0, 0.0, 0.0, 0.0, 0.0, 0.0, 0.0, 0.0, 0.0, 0.0, 0.0]"
NODE_0000457,"[5.4304790829594046e-09, 1.2884372186681169e-08, 4.928467262534541e-08, 5.90085175370002e-09, 0.9996670409597896, 7.556898570030588e-09, 8.484878074643677e-09, 5.670514426013853e-09, 5.786075285016367e-09, 5.792980762680035e-09, 5.5847393043636926e-09, 5.763706514599117e-09, 5.215948830099915e-09, 8.48004067604879e-09, 5.102311026505646e-09, 2.6672791029150145e-08, 6.052242993400959e-09, 5.763706514603644e-09, 5.763706514600786e-09, 8.01900957707811e-09, 0.00033269796916468103, 6.003631713313946e-09, 6.216314429850048e-09, 5.67068009477338e-09, 3.340334164315009e-09, 5.423196082071081e-09, 5.023640509338452e-09, 5.452189744341292e-09, 5.329400548136607e-09, 2.3775528145589792e-08, 5.626204603389031e-09]"
hMpxV/Chile/RM-ISP-129697/2022|EPI_ISL_19345324|2022-11-18,"[0.0, 0.0, 0.0, 0.0, 1.0, 0.0, 0.0, 0.0, 0.0, 0.0, 0.0, 0.0, 0.0, 0.0, 0.0, 0.0, 0.0, 0.0, 0.0, 0.0, 0.0, 0.0, 0.0, 0.0, 0.0, 0.0, 0.0, 0.0, 0.0, 0.0, 0.0]"
hMpxV/Chile/RM-ISP-129922/2022|EPI_ISL_19345327|2022-11-19,"[0.0, 0.0, 0.0, 0.0, 1.0, 0.0, 0.0, 0.0, 0.0, 0.0, 0.0, 0.0, 0.0, 0.0, 0.0, 0.0, 0.0, 0.0, 0.0, 0.0, 0.0, 0.0, 0.0, 0.0, 0.0, 0.0, 0.0, 0.0, 0.0, 0.0, 0.0]"
NODE_0000464,"[0.00015116998143742253, 0.017198295591533647, 0.0006579865224494133, 0.0001597349271200056, 0.16464821726847229, 0.00020378837921260643, 0.000228047186308114, 0.0001529977072944322, 0.00015618026889143672, 0.00015676214432689526, 0.00015067660724658207, 0.00015582399131699613, 0.00014133196313390246, 0.00022866930958493858, 0.00014063294664127282, 0.0007280923542666804, 0.00016461377328113816, 0.00015582399131699426, 0.00015582399131699453, 0.00021688290301317097, 0.8121085900482601, 0.0001633249170965493, 0.0001686841760870424, 0.0001529990788316154, 9.472501336604728e-05, 0.0001466151009048265, 0.00013736878311253688, 0.00014717428459442303, 0.00014439718624182046, 0.0006329015502260237, 0.00015166805311365156]"
hMpxV/Chile/RM-ISP-135494/2022|EPI_ISL_19345347|2022-12-09,"[0.0, 0.0, 0.0, 0.0, 1.0, 0.0, 0.0, 0.0, 0.0, 0.0, 0.0, 0.0, 0.0, 0.0, 0.0, 0.0, 0.0, 0.0, 0.0, 0.0, 0.0, 0.0, 0.0, 0.0, 0.0, 0.0, 0.0, 0.0, 0.0, 0.0, 0.0]"
hMpxV/Belgium/ITM-19012023A/2023|EPI_ISL_17261491|2023-01-19,"[0.0, 1.0, 0.0, 0.0, 0.0, 0.0, 0.0, 0.0, 0.0, 0.0, 0.0, 0.0, 0.0, 0.0, 0.0, 0.0, 0.0, 0.0, 0.0, 0.0, 0.0, 0.0, 0.0, 0.0, 0.0, 0.0, 0.0, 0.0, 0.0, 0.0, 0.0]"
NODE_0000319,"[1.3046864043346645e-10, 2.043236795062954e-11, 1.1742858328440398e-09, 1.1517976274686007e-11, 6.886802613852466e-11, 1.4747674811299054e-11, 1.646385759176763e-11, 1.1727857785036185e-11, 1.1658379451495513e-11, 1.1551837709787714e-11, 1.1754955910538243e-11, 1.164383824819144e-11, 1.1057466291929748e-11, 1.590002679477862e-11, 3.34450053082338e-11, 6.969383247954631e-10, 7.946548789561913e-11, 1.164383824815405e-11, 1.1643838248132798e-11, 1.5163644105710376e-11, 9.807945615336747e-07, 1.1056334617599406e-11, 9.929702569803125e-11, 1.1729433160493347e-11, 2.2839078137921206e-11, 3.419602656704119e-11, 1.0025432696268625e-11, 3.265044822608494e-11, 1.1071434961551739e-11, 0.9999990165904383, 1.1755904604999994e-11]"
hMpxV/USA/CA-CDPH-1000174/2022|EPI_ISL_16930174|2022-12-23,"[0.0, 0.0, 0.0, 0.0, 0.0, 0.0, 0.0, 0.0, 0.0, 0.0, 0.0, 0.0, 0.0, 0.0, 0.0, 0.0, 0.0, 0.0, 0.0, 0.0, 0.0, 0.0, 0.0, 0.0, 0.0, 0.0, 0.0, 0.0, 0.0, 0.9999999999999999, 0.0]"
hMpxV/USA/CA-CDPH-1M1000229/2023|EPI_ISL_18460505|2023-03-31,"[0.0, 0.0, 0.0, 0.0, 0.0, 0.0, 0.0, 0.0, 0.0, 0.0, 0.0, 0.0, 0.0, 0.0, 0.0, 0.0, 0.0, 0.0, 0.0, 0.0, 0.0, 0.0, 0.0, 0.0, 0.0, 0.0, 0.0, 0.0, 0.0, 1.0, 0.0]"
hMpxV/USA/CA-CDPH-1MPX1000174/2022|EPI_ISL_17206608|2022-12-23,"[0.0, 0.0, 0.0, 0.0, 0.0, 0.0, 0.0, 0.0, 0.0, 0.0, 0.0, 0.0, 0.0, 0.0, 0.0, 0.0, 0.0, 0.0, 0.0, 0.0, 0.0, 0.0, 0.0, 0.0, 0.0, 0.0, 0.0, 0.0, 0.0, 0.9999999999999999, 0.0]"
NODE_0000333,"[7.175398920672723e-13, 2.364243619910438e-12, 3.703468593209699e-11, 1.9630402128851694e-13, 9.216142587749361e-11, 5.449024388017932e-13, 8.898565052481346e-13, 1.9316586038879608e-13, 1.9476076900129775e-13, 1.949417930995699e-13, 1.92077260761882e-13, 1.945224550609557e-13, 1.8486187160876833e-13, 8.645640686710509e-13, 6.689833532217964e-13, 2.9740622236045684e-10, 2.4442226418080816e-13, 1.9452245506093887e-13, 1.9452245506093662e-13, 8.363518524528262e-13, 0.9999999987887281, 1.964978465191888e-13, 1.0698633007822297e-12, 1.931694960698298e-13, 1.4769546556198455e-13, 1.9102795669255847e-13, 1.883158427856488e-13, 1.9181339171308428e-13, 1.8728435311020799e-13, 7.732408003951396e-10, 1.924826864631994e-13]"
hMpxV/Peru/LIM-INS-340/2022|EPI_ISL_16999084|2022-12-20,"[0.0, 0.0, 0.0, 0.0, 0.0, 0.0, 0.0, 0.0, 0.0, 0.0, 0.0, 0.0, 0.0, 0.0, 0.0, 0.0, 0.0, 0.0, 0.0, 0.0, 0.9999999999999999, 0.0, 0.0, 0.0, 0.0, 0.0, 0.0, 0.0, 0.0, 0.0, 0.0]"
hMpxV/Peru/LIM-INS-335/2022|EPI_ISL_16999124|2022-12-02,"[0.0, 0.0, 0.0, 0.0, 0.0, 0.0, 0.0, 0.0, 0.0, 0.0, 0.0, 0.0, 0.0, 0.0, 0.0, 0.0, 0.0, 0.0, 0.0, 0.0, 1.0, 0.0, 0.0, 0.0, 0.0, 0.0, 0.0, 0.0, 0.0, 0.0, 0.0]"
hMpxV/Peru/LIM-INS-330/2022|EPI_ISL_16999111|2022-11-30,"[0.0, 0.0, 0.0, 0.0, 0.0, 0.0, 0.0, 0.0, 0.0, 0.0, 0.0, 0.0, 0.0, 0.0, 0.0, 0.0, 0.0, 0.0, 0.0, 0.0, 1.0, 0.0, 0.0, 0.0, 0.0, 0.0, 0.0, 0.0, 0.0, 0.0, 0.0]"
NODE_0000347,"[3.169722873234154e-06, 2.645499154273307e-06, 0.6857596714580514, 1.3164414473902415e-06, 0.2616746126894704, 1.6931310719041552e-06, 2.1871948432126705e-06, 1.2978080683443152e-06, 1.3088950937766512e-06, 1.305451236771193e-06, 1.286310245742918e-06, 1.305961474691442e-06, 1.1879664856745397e-06, 1.8772123488042556e-06, 1.1481036270715023e-06, 1.3185381715104995e-05, 1.3363373581598156e-06, 1.3059614746925776e-06, 1.3059614746919377e-06, 1.7652336722084608e-06, 0.05244767133076112, 1.286020352918709e-06, 1.4690836779722485e-05, 1.2979516816308804e-06, 1.3114625781778732e-06, 1.2533402737678131e-06, 1.08007567162576e-06, 1.268993923955643e-06, 1.2027199497057368e-06, 5.2731520058671116e-05, 1.293026781131999e-06]"
hMpxV/Brazil/RJ-FIOCRUZ-29653/2022|EPI_ISL_16871162|2022-12-11,"[0.0, 0.0, 1.0, 0.0, 0.0, 0.0, 0.0, 0.0, 0.0, 0.0, 0.0, 0.0, 0.0, 0.0, 0.0, 0.0, 0.0, 0.0, 0.0, 0.0, 0.0, 0.0, 0.0, 0.0, 0.0, 0.0, 0.0, 0.0, 0.0, 0.0, 0.0]"
hMpxV/Brazil/RJ-FIOCRUZ-29816/2022|EPI_ISL_17614048|2022-12-11,"[0.0, 0.0, 1.0, 0.0, 0.0, 0.0, 0.0, 0.0, 0.0, 0.0, 0.0, 0.0, 0.0, 0.0, 0.0, 0.0, 0.0, 0.0, 0.0, 0.0, 0.0, 0.0, 0.0, 0.0, 0.0, 0.0, 0.0, 0.0, 0.0, 0.0, 0.0]"
hMpxV/Chile/CO-ISP-131666/2022|EPI_ISL_19345331|2022-11-24,"[0.0, 0.0, 0.0, 0.0, 1.0, 0.0, 0.0, 0.0, 0.0, 0.0, 0.0, 0.0, 0.0, 0.0, 0.0, 0.0, 0.0, 0.0, 0.0, 0.0, 0.0, 0.0, 0.0, 0.0, 0.0, 0.0, 0.0, 0.0, 0.0, 0.0, 0.0]"
NODE_0000371,"[0.00026819667273140883, 0.0001190579358152403, 0.19598240444792375, 6.55538610601735e-05, 0.0006180313925511165, 8.397590876503638e-05, 0.00010041965813916715, 6.493850728491708e-05, 6.536277756678294e-05, 6.528441791963578e-05, 6.457427620063683e-05, 6.517765834393047e-05, 6.155567844491321e-05, 9.328094897333365e-05, 9.603149882478756e-05, 0.0011235169544208665, 0.0001301688376799153, 6.517765834393268e-05, 6.517765834393146e-05, 8.930395370660671e-05, 0.5322112785577267, 6.51091313284186e-05, 0.00048809427439133746, 6.494126259291521e-05, 8.968538364561135e-05, 9.149364126842161e-05, 5.904479490243273e-05, 9.025435843849143e-05, 6.215702170670484e-05, 0.2674259517024535, 6.479916850522225e-05]"
hMpxV/USA/CA-LACPHL-MA00410/2023|EPI_ISL_16997460|2023-01-03,"[0.0, 0.0, 0.0, 0.0, 0.0, 0.0, 0.0, 0.0, 0.0, 0.0, 0.0, 0.0, 0.0, 0.0, 0.0, 0.0, 0.0, 0.0, 0.0, 0.0, 0.0, 0.0, 0.0, 0.0, 0.0, 0.0, 0.0, 0.0, 0.0, 1.0, 0.0]"
NODE_0000372,"[6.103495817919515e-07, 2.488745002045687e-07, 0.9994768936201042, 1.6359636425197068e-07, 2.0505126259111542e-06, 1.9312793291137873e-07, 2.405638591436443e-07, 1.6193792206335014e-07, 1.6297185286421075e-07, 1.625274131617119e-07, 1.609431045615895e-07, 1.6265262397535564e-07, 1.5196793298815874e-07, 2.0591380794967448e-07, 1.6321203030516662e-07, 1.5170733360520814e-06, 2.2273267665828457e-07, 1.626526239754608e-07, 1.626526239754369e-07, 1.9729979106526652e-07, 0.0003803003341248965, 1.6122897997418148e-07, 2.4369840310531428e-06, 1.6195014878771687e-07, 2.325505032340962e-07, 1.8624204030912154e-07, 1.4258752430955036e-07, 1.8606590696301637e-07, 1.5351566714511606e-07, 0.00013188184287151987, 1.615154936687898e-07]"
hMpxV/Brazil/RJ-FIOCRUZ-29820/2022|EPI_ISL_17614032|2022-12-27,"[0.0, 0.0, 1.0, 0.0, 0.0, 0.0, 0.0, 0.0, 0.0, 0.0, 0.0, 0.0, 0.0, 0.0, 0.0, 0.0, 0.0, 0.0, 0.0, 0.0, 0.0, 0.0, 0.0, 0.0, 0.0, 0.0, 0.0, 0.0, 0.0, 0.0, 0.0]"
hMpxV/Brazil/RJ-FIOCRUZ-3014/2023|EPI_ISL_17485343|2023-01-02,"[0.0, 0.0, 0.9999999999999999, 0.0, 0.0, 0.0, 0.0, 0.0, 0.0, 0.0, 0.0, 0.0, 0.0, 0.0, 0.0, 0.0, 0.0, 0.0, 0.0, 0.0, 0.0, 0.0, 0.0, 0.0, 0.0, 0.0, 0.0, 0.0, 0.0, 0.0, 0.0]"
NODE_0000390,"[1.8358769656096792e-05, 0.9964464841357946, 3.537066301132474e-05, 2.139852712059457e-05, 8.180238097488773e-05, 2.59800938329681e-05, 2.7959988926641224e-05, 2.0435718720721406e-05, 2.089815126736606e-05, 2.0989994532131777e-05, 2.011894657194334e-05, 2.0833911168279504e-05, 1.8733465783144515e-05, 2.8074724114176267e-05, 1.6490271751896532e-05, 7.354160906619257e-05, 2.2251624496320746e-05, 2.0833911168279714e-05, 2.083391116827862e-05, 2.6539660111807983e-05, 0.0027866941125565432, 2.1927165586720962e-05, 1.9946856375702267e-05, 2.0435807673949616e-05, 1.2394420715926193e-05, 1.9713267859953716e-05, 1.825290359952713e-05, 1.9787153501797653e-05, 1.9232896308442737e-05, 5.343667062927994e-05, 2.0248285954478415e-05]"
hMpxV/Belgium/ITM-02022023G/2023|EPI_ISL_17260709|2023-02-02,"[0.0, 1.0, 0.0, 0.0, 0.0, 0.0, 0.0, 0.0, 0.0, 0.0, 0.0, 0.0, 0.0, 0.0, 0.0, 0.0, 0.0, 0.0, 0.0, 0.0, 0.0, 0.0, 0.0, 0.0, 0.0, 0.0, 0.0, 0.0, 0.0, 0.0, 0.0]"
NODE_0000391,"[1.28025741724156e-09, 0.9999997926133468, 1.7892736541386672e-09, 2.040754090680662e-09, 5.241514655580119e-09, 2.2493802330187422e-09, 2.3269215463408534e-09, 1.942358860709338e-09, 1.990133923842809e-09, 1.994255139914931e-09, 1.9073980529197776e-09, 1.9831697235931045e-09, 1.7356504537787402e-09, 2.3252244280331755e-09, 1.199668496020888e-09, 3.952869255619095e-09, 2.0170095943553097e-09, 1.9831697235950203e-09, 1.983169723590876e-09, 2.1650631572473745e-09, 1.477710154102857e-07, 2.07457198720778e-09, 1.45163611788267e-09, 1.942456184412898e-09, 9.75757668390687e-10, 1.8440753573981296e-09, 1.622335763027058e-09, 1.8587787148289509e-09, 1.7851060535897244e-09, 2.0308835331499473e-09, 1.9227943832570177e-09]"
hMpxV/Belgium/ITM-02022023A/2023|EPI_ISL_17261959|2023-02-02,"[0.0, 1.0, 0.0, 0.0, 0.0, 0.0, 0.0, 0.0, 0.0, 0.0, 0.0, 0.0, 0.0, 0.0, 0.0, 0.0, 0.0, 0.0, 0.0, 0.0, 0.0, 0.0, 0.0, 0.0, 0.0, 0.0, 0.0, 0.0, 0.0, 0.0, 0.0]"
hMpxV/Belgium/ITM-26012023A/2023|EPI_ISL_17260600|2023-01-26,"[0.0, 1.0, 0.0, 0.0, 0.0, 0.0, 0.0, 0.0, 0.0, 0.0, 0.0, 0.0, 0.0, 0.0, 0.0, 0.0, 0.0, 0.0, 0.0, 0.0, 0.0, 0.0, 0.0, 0.0, 0.0, 0.0, 0.0, 0.0, 0.0, 0.0, 0.0]"
NODE_0000448,"[6.391791081172137e-09, 1.4590248325080877e-08, 1.0804484285435213e-07, 2.5186852581195874e-09, 2.0548945848921427e-07, 5.185460641771586e-09, 7.228277713144411e-09, 2.4521996666913858e-09, 2.4853026356203267e-09, 2.4962523487501535e-09, 2.4325789121802626e-09, 2.4791215695569015e-09, 2.360552608590487e-09, 7.1696724426244206e-09, 5.5578488801026376e-09, 4.733133944996197e-07, 3.0283070740671286e-09, 2.479121569556799e-09, 2.479121569556827e-09, 6.9679495168136565e-09, 0.9999980415775479, 2.572529808253484e-09, 7.843591661854271e-09, 2.4521093925934074e-09, 2.0353013114843562e-09, 2.4340379425077547e-09, 2.4607513974400334e-09, 2.4330080941296897e-09, 2.4031491120667743e-09, 1.066198055084669e-06, 2.4397303678179542e-09]"
hMpxV/Peru/LIM-INS-429/2023|EPI_ISL_19343466|2023-01-21,"[0.0, 0.0, 0.0, 0.0, 0.0, 0.0, 0.0, 0.0, 0.0, 0.0, 0.0, 0.0, 0.0, 0.0, 0.0, 0.0, 0.0, 0.0, 0.0, 0.0, 1.0, 0.0, 0.0, 0.0, 0.0, 0.0, 0.0, 0.0, 0.0, 0.0, 0.0]"
NODE_0000449,"[5.648877443648434e-11, 1.420784040555748e-10, 1.142766843388421e-09, 2.0775967909875303e-11, 2.317863182861149e-09, 4.554342840784984e-11, 6.662685371194374e-11, 2.0272782955322468e-11, 2.0526826488731353e-11, 2.0576501515896368e-11, 2.0097524553859384e-11, 2.0475792893720314e-11, 1.9519636724833378e-11, 6.590831283777184e-11, 5.151804584003013e-11, 5.518181709228057e-09, 2.45873878864155e-11, 2.047579289371897e-11, 2.047579289371766e-11, 6.392940775546671e-11, 0.9999999778152888, 2.1131076284025136e-11, 7.294951014453035e-11, 2.0272468081080784e-11, 1.6169458491830504e-11, 1.987706744130831e-11, 2.009405071594034e-11, 1.9895978243694632e-11, 1.9786083691163195e-11, 1.2275668360730314e-08, 2.0178227075577282e-11]"
hMpxV/Peru/LIM-INS-379/2023|EPI_ISL_19343478|2023-01-23,"[0.0, 0.0, 0.0, 0.0, 0.0, 0.0, 0.0, 0.0, 0.0, 0.0, 0.0, 0.0, 0.0, 0.0, 0.0, 0.0, 0.0, 0.0, 0.0, 0.0, 1.0, 0.0, 0.0, 0.0, 0.0, 0.0, 0.0, 0.0, 0.0, 0.0, 0.0]"
hMpxV/Peru/CAL-INS-367/2023|EPI_ISL_19343513|2023-01-20,"[0.0, 0.0, 0.0, 0.0, 0.0, 0.0, 0.0, 0.0, 0.0, 0.0, 0.0, 0.0, 0.0, 0.0, 0.0, 0.0, 0.0, 0.0, 0.0, 0.0, 0.9999999999999999, 0.0, 0.0, 0.0, 0.0, 0.0, 0.0, 0.0, 0.0, 0.0, 0.0]"
NODE_0000450,"[0.00043294575013459583, 0.000802332275619612, 0.0013134456240818475, 0.00045917960795808426, 0.0017881293714786704, 0.23601975561300564, 0.0006332658595557213, 0.0004410089874664864, 0.00044973039905017156, 0.0004513404791166464, 0.00043486440525341126, 0.00044857736307636305, 0.00040845683095358336, 0.000634496510386973, 0.00039606293810701354, 0.3731049323797255, 0.0004782890450179246, 0.0004485773630763556, 0.00044857736307637585, 0.0006033675919276529, 0.3726968067788355, 0.0004687501104609143, 0.00047735122905247983, 0.0004410096116110588, 0.00028041477661615196, 0.00042624049383282575, 0.00039885018110282893, 0.0004277279585866673, 0.000417668223069101, 0.003330412247734176, 0.00043743263102963607]"
hMpxV/Mexico/VER_InDRE_F158/2023|EPI_ISL_17672246|2023-01-23,"[0.0, 0.0, 0.0, 0.0, 0.0, 0.0, 0.0, 0.0, 0.0, 0.0, 0.0, 0.0, 0.0, 0.0, 0.0, 1.0, 0.0, 0.0, 0.0, 0.0, 0.0, 0.0, 0.0, 0.0, 0.0, 0.0, 0.0, 0.0, 0.0, 0.0, 0.0]"
NODE_0000451,"[3.7690960944113033e-07, 7.602148760898258e-07, 7.296665195109568e-07, 5.161769742217353e-07, 1.4140061423941805e-06, 0.9997887602037645, 6.359583694050929e-07, 4.933975715015588e-07, 5.04590830122656e-07, 5.054386579711629e-07, 4.851583673240712e-07, 5.027678908978655e-07, 4.464594179582465e-07, 6.35913275277024e-07, 3.525676424215413e-07, 0.00012116570820273052, 5.179579954543882e-07, 5.027678908978784e-07, 5.027678908980957e-07, 5.96346430621785e-07, 7.44461193736551e-05, 5.248363796003854e-07, 4.270634333419803e-07, 4.934169717952906e-07, 2.6631526876900094e-07, 4.707626368703255e-07, 4.2241026124621673e-07, 4.7392628308063195e-07, 4.57871903924846e-07, 1.1233835115881472e-06, 4.889156566264951e-07]"
hMpxV/Dominican_Republic/LNSPDD-270/2022|EPI_ISL_17960865|2022-12-28,"[0.0, 0.0, 0.0, 0.0, 0.0, 1.0, 0.0, 0.0, 0.0, 0.0, 0.0, 0.0, 0.0, 0.0, 0.0, 0.0, 0.0, 0.0, 0.0, 0.0, 0.0, 0.0, 0.0, 0.0, 0.0, 0.0, 0.0, 0.0, 0.0, 0.0, 0.0]"
hMpxV/Dominican_Republic/LNSPDD-271/2023|EPI_ISL_17960866|2023-01-04,"[0.0, 0.0, 0.0, 0.0, 0.0, 1.0, 0.0, 0.0, 0.0, 0.0, 0.0, 0.0, 0.0, 0.0, 0.0, 0.0, 0.0, 0.0, 0.0, 0.0, 0.0, 0.0, 0.0, 0.0, 0.0, 0.0, 0.0, 0.0, 0.0, 0.0, 0.0]"
NODE_0000455,"[2.379654111833747e-13, 7.541019733786901e-13, 1.1474243072286626e-11, 6.69025032671744e-14, 2.7856602623922504e-11, 1.8112233291870014e-13, 2.9011566135458563e-13, 6.577536066964808e-14, 6.634417672804484e-14, 6.645617278849194e-14, 6.54196265391043e-14, 6.626150460329253e-14, 6.294363503020452e-14, 2.8217884711773324e-13, 2.1763292820644044e-13, 8.914859675025317e-11, 8.381099374385075e-14, 6.626150460327969e-14, 6.626150460327577e-14, 2.731759922227106e-13, 0.9999999996337133, 6.708065885255771e-14, 3.476600982428321e-13, 6.577603604975741e-14, 5.107688598960523e-14, 6.53611964097847e-14, 6.442623804104604e-14, 6.559418753767425e-14, 6.387278104275535e-14, 2.3403818531993767e-10, 6.553219727861672e-14]"
hMpxV/Peru/LIM-INS-369/2023|EPI_ISL_19343510|2023-01-04,"[0.0, 0.0, 0.0, 0.0, 0.0, 0.0, 0.0, 0.0, 0.0, 0.0, 0.0, 0.0, 0.0, 0.0, 0.0, 0.0, 0.0, 0.0, 0.0, 0.0, 1.0, 0.0, 0.0, 0.0, 0.0, 0.0, 0.0, 0.0, 0.0, 0.0, 0.0]"
hMpxV/Peru/LIM-INS-386/2023|EPI_ISL_19343504|2023-01-06,"[0.0, 0.0, 0.0, 0.0, 0.0, 0.0, 0.0, 0.0, 0.0, 0.0, 0.0, 0.0, 0.0, 0.0, 0.0, 0.0, 0.0, 0.0, 0.0, 0.0, 1.0, 0.0, 0.0, 0.0, 0.0, 0.0, 0.0, 0.0, 0.0, 0.0, 0.0]"
hMpxV/Peru/CAL-INS-370/2023|EPI_ISL_19343517|2023-01-18,"[0.0, 0.0, 0.0, 0.0, 0.0, 0.0, 0.0, 0.0, 0.0, 0.0, 0.0, 0.0, 0.0, 0.0, 0.0, 0.0, 0.0, 0.0, 0.0, 0.0, 0.9999999999999999, 0.0, 0.0, 0.0, 0.0, 0.0, 0.0, 0.0, 0.0, 0.0, 0.0]"
NODE_0000456,"[7.977347674474296e-11, 1.711862791968606e-10, 6.233116100757231e-09, 9.364288888919698e-11, 3.8767729179496887e-10, 1.195021219566027e-10, 1.3418442257865472e-10, 9.19677648495822e-11, 9.358012259489502e-11, 3.0330450435006283e-10, 9.049897118665111e-11, 9.226779539140777e-11, 8.427186915770896e-11, 1.9573318946913973e-09, 7.986990892788525e-11, 4.1442871710309554e-10, 2.440353272400439e-09, 9.226779539149885e-11, 9.226779539153524e-11, 3.1670606445500407e-10, 1.592383400921528e-07, 9.298487681898383e-11, 0.999999805593609, 9.197609377858219e-11, 1.936249769633239e-08, 8.766883465752324e-11, 7.772102693863573e-11, 8.8778388050019e-11, 8.52104857893899e-11, 1.821216095441792e-09, 9.179809370051695e-11]"
hMpxV/Portugal/INSA-PT0596/2022|EPI_ISL_18545153|2022-11-29,"[0.0, 0.0, 0.0, 0.0, 0.0, 0.0, 0.0, 0.0, 0.0, 0.0, 0.0, 0.0, 0.0, 0.0, 0.0, 0.0, 0.0, 0.0, 0.0, 0.0, 0.0, 0.0, 1.0, 0.0, 0.0, 0.0, 0.0, 0.0, 0.0, 0.0, 0.0]"
hMpxV/Portugal/INSA-PT0607/2022|EPI_ISL_18545144|2022-12-07,"[0.0, 0.0, 0.0, 0.0, 0.0, 0.0, 0.0, 0.0, 0.0, 0.0, 0.0, 0.0, 0.0, 0.0, 0.0, 0.0, 0.0, 0.0, 0.0, 0.0, 0.0, 0.0, 1.0, 0.0, 0.0, 0.0, 0.0, 0.0, 0.0, 0.0, 0.0]"
hMpxV/Portugal/INSA-PT0598/2022|EPI_ISL_18544953|2022-11-25,"[0.0, 0.0, 0.0, 0.0, 0.0, 0.0, 0.0, 0.0, 0.0, 0.0, 0.0, 0.0, 0.0, 0.0, 0.0, 0.0, 0.0, 0.0, 0.0, 0.0, 0.0, 0.0, 0.9999999999999999, 0.0, 0.0, 0.0, 0.0, 0.0, 0.0, 0.0, 0.0]"
NODE_0000325,"[3.508271370984498e-09, 8.487684231169047e-09, 6.570964718280198e-08, 1.3272346431042167e-09, 1.2972216187027606e-07, 2.83641086776389e-09, 4.068740164154727e-09, 1.2938773061894822e-09, 1.3105776095534124e-09, 1.3149149753286437e-09, 1.2831328880464266e-09, 1.3073837687605846e-09, 1.2455918124335414e-09, 4.02893470137901e-09, 3.137832919971032e-09, 3.026244526128792e-07, 1.582185915663847e-09, 1.3073837687605566e-09, 1.3073837687605506e-09, 3.911323554279775e-09, 0.9999987723394846, 1.3522337885383426e-09, 4.437477029337844e-09, 1.2938460138231343e-09, 1.0500059592438936e-09, 1.2754382489161264e-09, 1.2895857951607575e-09, 1.2759229161379318e-09, 1.2651130245951986e-09, 6.718181675957657e-07, 1.287598948446766e-09]"
hMpxV/Peru/LAL-INS-281/2022|EPI_ISL_16999073|2022-12-06,"[0.0, 0.0, 0.0, 0.0, 0.0, 0.0, 0.0, 0.0, 0.0, 0.0, 0.0, 0.0, 0.0, 0.0, 0.0, 0.0, 0.0, 0.0, 0.0, 0.0, 1.0, 0.0, 0.0, 0.0, 0.0, 0.0, 0.0, 0.0, 0.0, 0.0, 0.0]"
NODE_0000326,"[1.745873983992143e-13, 5.812491845441636e-13, 9.17909644441876e-12, 4.7415260598093326e-14, 2.2996185797319557e-11, 1.3249876910747588e-13, 2.1751396623771202e-13, 4.666851836148846e-14, 4.704913191770092e-14, 4.7082268238437325e-14, 4.640171072361788e-14, 4.699132186900089e-14, 4.466402011651307e-14, 2.1127498181881475e-13, 1.6363966258157272e-13, 7.443929815084053e-11, 5.892701412583407e-14, 4.699132186899373e-14, 4.6991321868990246e-14, 2.0433571973856572e-13, 0.9999999996973884, 4.7440721866629307e-14, 2.6174547312398333e-13, 4.666950578419139e-14, 3.552415363872843e-14, 4.608744815816293e-14, 4.5433386703317754e-14, 4.62838745799623e-14, 4.5226740805683326e-14, 1.9321182325398418e-10, 4.650565263485532e-14]"
hMpxV/Peru/LAL-INS-348/2022|EPI_ISL_16999070|2022-12-23,"[0.0, 0.0, 0.0, 0.0, 0.0, 0.0, 0.0, 0.0, 0.0, 0.0, 0.0, 0.0, 0.0, 0.0, 0.0, 0.0, 0.0, 0.0, 0.0, 0.0, 0.9999999999999999, 0.0, 0.0, 0.0, 0.0, 0.0, 0.0, 0.0, 0.0, 0.0, 0.0]"
hMpxV/Peru/LAL-INS-333/2022|EPI_ISL_16999069|2022-12-10,"[0.0, 0.0, 0.0, 0.0, 0.0, 0.0, 0.0, 0.0, 0.0, 0.0, 0.0, 0.0, 0.0, 0.0, 0.0, 0.0, 0.0, 0.0, 0.0, 0.0, 1.0, 0.0, 0.0, 0.0, 0.0, 0.0, 0.0, 0.0, 0.0, 0.0, 0.0]"
hMpxV/Peru/LAL-INS-337/2022|EPI_ISL_16999071|2022-12-19,"[0.0, 0.0, 0.0, 0.0, 0.0, 0.0, 0.0, 0.0, 0.0, 0.0, 0.0, 0.0, 0.0, 0.0, 0.0, 0.0, 0.0, 0.0, 0.0, 0.0, 1.0, 0.0, 0.0, 0.0, 0.0, 0.0, 0.0, 0.0, 0.0, 0.0, 0.0]"
NODE_0000452,"[0.000299425230714736, 0.00015995446318642177, 0.001254394813158211, 9.239737676950109e-05, 0.0004298535953242059, 0.0001164687161379568, 0.00012755949858103146, 9.068627716671266e-05, 9.174660059111144e-05, 9.187133128273283e-05, 9.001340374983647e-05, 9.128150870357416e-05, 8.742068336341312e-05, 0.00012925152829132043, 0.00014763754308435957, 0.0012404005948911058, 0.00021736472575051223, 9.128150870356972e-05, 9.1281508703568e-05, 0.0001239448748684956, 0.1418757197496029, 9.408406560243684e-05, 0.0002471351442344256, 9.068402352832463e-05, 0.0001138126142556228, 0.00013761220773444419, 8.782126821471107e-05, 0.00013467088619425007, 8.844291134308477e-05, 0.8519753800541419, 9.040129212552179e-05]"
NODE_0000453,"[0.0005053349275495586, 0.00024788545697761497, 0.0008172797391610294, 0.000248715414213486, 0.0002745446918736522, 0.0002489539018362313, 0.00024561459545814276, 0.0002421934847415146, 0.0002457017981266315, 0.00024708475704192585, 0.00023957843983797816, 0.00024476627753847077, 0.00030879158984042785, 0.00041950307228745884, 0.0002603192838063639, 0.0005579278332595369, 0.018510125659509772, 0.00024476627753844366, 0.0002447662775384282, 0.00023795337879901627, 0.001378580469252651, 0.0002550631108412036, 0.0009197271982569566, 0.00024219384435135937, 0.00028328708537894937, 0.0003634456439638474, 0.00022129972867526495, 0.0004758370327916645, 0.00023209383854035673, 0.9707957103838484, 0.00024095480716378184]"
hMpxV/USA/WA-UW-288850/2024|EPI_ISL_19131278|2024-04-18,"[0.0, 0.0, 0.0, 0.0, 0.0, 0.0, 0.0, 0.0, 0.0, 0.0, 0.0, 0.0, 0.0, 0.0, 0.0, 0.0, 0.0, 0.0, 0.0, 0.0, 0.0, 0.0, 0.0, 0.0, 0.0, 0.0, 0.0, 0.0, 0.0, 1.0, 0.0]"
hMpxV/Netherlands/un-EMC-NL109/2024|EPI_ISL_19356930|2024-07-02,"[0.0, 0.0, 0.0, 0.0, 0.0, 0.0, 0.0, 0.0, 0.0, 0.0, 0.0, 0.0, 0.0, 0.0, 0.0, 0.0, 1.0, 0.0, 0.0, 0.0, 0.0, 0.0, 0.0, 0.0, 0.0, 0.0, 0.0, 0.0, 0.0, 0.0, 0.0]"
NODE_0000454,"[2.2186757029802247e-07, 5.50709935933337e-08, 1.4031285066464742e-06, 3.255532640101588e-08, 1.6220956842716773e-07, 4.0754940330372996e-08, 4.4800076446287567e-08, 3.2658363726076735e-08, 3.267504441924812e-08, 3.25157764073583e-08, 3.261062526350824e-08, 3.2618350397530966e-08, 3.10376734367008e-08, 4.3906809084760204e-08, 7.398929991426739e-08, 1.0016353390762927e-06, 1.4943652969478582e-07, 3.2618350397522694e-08, 3.2618350397518465e-08, 4.214033450023259e-08, 0.00036747247320372564, 3.1946592897838914e-08, 1.7412588923737558e-07, 3.266122083238984e-08, 5.395124417231032e-08, 7.435077153182673e-08, 2.9129754467558797e-08, 7.171011791422021e-08, 3.11898619834788e-08, 0.9996284649573723, 3.2656142181609095e-08]"
hMpxV/USA/CA-CDPH-1M1000245/2023|EPI_ISL_18458964|2023-01-10,"[0.0, 0.0, 0.0, 0.0, 0.0, 0.0, 0.0, 0.0, 0.0, 0.0, 0.0, 0.0, 0.0, 0.0, 0.0, 0.0, 0.0, 0.0, 0.0, 0.0, 0.0, 0.0, 0.0, 0.0, 0.0, 0.0, 0.0, 0.0, 0.0, 1.0, 0.0]"
hMpxV/USA/CA-LACPHL-MA00478/2023|EPI_ISL_17211332|2023-01-08,"[0.0, 0.0, 0.0, 0.0, 0.0, 0.0, 0.0, 0.0, 0.0, 0.0, 0.0, 0.0, 0.0, 0.0, 0.0, 0.0, 0.0, 0.0, 0.0, 0.0, 0.0, 0.0, 0.0, 0.0, 0.0, 0.0, 0.0, 0.0, 0.0, 1.0, 0.0]"
NODE_0000349,"[8.889550269114853e-06, 3.0051561903881437e-06, 4.852653169716375e-05, 1.7427078371424049e-06, 8.75104875271329e-06, 2.199527891508061e-06, 2.414300685350431e-06, 1.7329963022446143e-06, 1.7426387602323956e-06, 1.7388813677053513e-06, 1.7266155129983055e-06, 1.7357068331560701e-06, 1.65631022491998e-06, 2.405494764789735e-06, 3.414093781968679e-06, 3.9718861594481506e-05, 6.00790163290336e-06, 1.7357068331557483e-06, 1.7357068331556113e-06, 2.302724461755583e-06, 0.009667920098846932, 1.739020308226419e-06, 7.062923705098593e-06, 1.7330278609607262e-06, 2.5646742033038086e-06, 3.3411139604912917e-06, 1.6137563630816647e-06, 3.2353787394638243e-06, 1.6728148065936371e-06, 0.9901642036730656, 1.7310559132513186e-06]"
hMpxV/USA/CA-LACPHL-MA00491/2023|EPI_ISL_18161268|2023-04-10,"[0.0, 0.0, 0.0, 0.0, 0.0, 0.0, 0.0, 0.0, 0.0, 0.0, 0.0, 0.0, 0.0, 0.0, 0.0, 0.0, 0.0, 0.0, 0.0, 0.0, 0.0, 0.0, 0.0, 0.0, 0.0, 0.0, 0.0, 0.0, 0.0, 1.0, 0.0]"
NODE_0000350,"[1.7376423257969348e-12, 1.078652609567865e-13, 2.98152481182144e-11, 6.065364758040028e-14, 4.5042738797489026e-13, 7.877597542873407e-14, 8.768266169080176e-14, 6.344187218899187e-14, 6.250082892108389e-14, 6.147922876641181e-14, 6.39631643048716e-14, 6.22094665690859e-14, 5.930986500730921e-14, 8.451800766342542e-14, 2.4852781329853954e-13, 1.113633143509092e-11, 9.026475712397423e-13, 6.2209466568971e-14, 6.220946656889856e-14, 7.809754594909447e-14, 8.988241887924387e-08, 5.6380955862552435e-14, 1.1639464296071289e-12, 6.345297239817688e-14, 1.7032288561379114e-13, 2.873062267302615e-13, 5.12660239681378e-14, 2.6937836607769087e-13, 5.892397401859302e-14, 0.9999999100701106, 6.392908968748346e-14]"
hMpxV/USA/CA-LACPHL-MA00398/2023|EPI_ISL_16679240|2023-01-03,"[0.0, 0.0, 0.0, 0.0, 0.0, 0.0, 0.0, 0.0, 0.0, 0.0, 0.0, 0.0, 0.0, 0.0, 0.0, 0.0, 0.0, 0.0, 0.0, 0.0, 0.0, 0.0, 0.0, 0.0, 0.0, 0.0, 0.0, 0.0, 0.0, 1.0, 0.0]"
hMpxV/USA/CA-LACPHL-MA00396/2023|EPI_ISL_16679238|2023-01-03,"[0.0, 0.0, 0.0, 0.0, 0.0, 0.0, 0.0, 0.0, 0.0, 0.0, 0.0, 0.0, 0.0, 0.0, 0.0, 0.0, 0.0, 0.0, 0.0, 0.0, 0.0, 0.0, 0.0, 0.0, 0.0, 0.0, 0.0, 0.0, 0.0, 1.0, 0.0]"
hMpxV/USA/CA-LACPHL-MA00514/2023|EPI_ISL_18161291|2023-05-04,"[0.0, 0.0, 0.0, 0.0, 0.0, 0.0, 0.0, 0.0, 0.0, 0.0, 0.0, 0.0, 0.0, 0.0, 0.0, 0.0, 0.0, 0.0, 0.0, 0.0, 0.0, 0.0, 0.0, 0.0, 0.0, 0.0, 0.0, 0.0, 0.0, 1.0, 0.0]"
hMpxV/USA/CA-LACPHL-MA00512/2023|EPI_ISL_18161289|2023-05-04,"[0.0, 0.0, 0.0, 0.0, 0.0, 0.0, 0.0, 0.0, 0.0, 0.0, 0.0, 0.0, 0.0, 0.0, 0.0, 0.0, 0.0, 0.0, 0.0, 0.0, 0.0, 0.0, 0.0, 0.0, 0.0, 0.0, 0.0, 0.0, 0.0, 1.0, 0.0]"
NODE_0000352,"[5.9444611674019835e-12, 3.816631482993367e-13, 8.36992661123135e-11, 2.2672194618327373e-13, 1.4030755822971466e-12, 2.854132888040797e-13, 3.1733006987633657e-13, 2.366417772623022e-13, 2.323384739419171e-13, 2.286637163166093e-13, 2.388417476116279e-13, 2.3286389538297283e-13, 2.1971802145636953e-13, 2.960523277689643e-13, 9.642725315031697e-13, 3.3695105100626666e-11, 3.3927235511388392e-12, 2.3286389538257347e-13, 2.3286389538235194e-13, 2.818727341304021e-13, 1.4200520030797183e-07, 2.0885514217542988e-13, 4.236011994672083e-12, 2.367022664859953e-13, 6.350593919381782e-13, 1.0977368496727601e-12, 1.8485709431331686e-13, 1.0314077745058578e-12, 2.1832599256042416e-13, 0.9999998578539699, 2.380472936793547e-13]"
hMpxV/USA/CA-LACPHL-MA00462/2023|EPI_ISL_16997413|2023-01-30,"[0.0, 0.0, 0.0, 0.0, 0.0, 0.0, 0.0, 0.0, 0.0, 0.0, 0.0, 0.0, 0.0, 0.0, 0.0, 0.0, 0.0, 0.0, 0.0, 0.0, 0.0, 0.0, 0.0, 0.0, 0.0, 0.0, 0.0, 0.0, 0.0, 1.0, 0.0]"
hMpxV/USA/CA-LACPHL-MA00409/2023|EPI_ISL_16997443|2023-01-17,"[0.0, 0.0, 0.0, 0.0, 0.0, 0.0, 0.0, 0.0, 0.0, 0.0, 0.0, 0.0, 0.0, 0.0, 0.0, 0.0, 0.0, 0.0, 0.0, 0.0, 0.0, 0.0, 0.0, 0.0, 0.0, 0.0, 0.0, 0.0, 0.0, 0.9999999999999999, 0.0]"
hMpxV/USA/CA-CDPH-11000300/2023|EPI_ISL_18325003|2023-01-30,"[0.0, 0.0, 0.0, 0.0, 0.0, 0.0, 0.0, 0.0, 0.0, 0.0, 0.0, 0.0, 0.0, 0.0, 0.0, 0.0, 0.0, 0.0, 0.0, 0.0, 0.0, 0.0, 0.0, 0.0, 0.0, 0.0, 0.0, 0.0, 0.0, 1.0, 0.0]"
NODE_0000353,"[1.5959010972441624e-10, 1.6460975723493673e-11, 5.92279635644258e-10, 1.633070040780285e-11, 2.2920024426889623e-11, 1.6466346048426403e-11, 1.659412051555729e-11, 1.6561998182236263e-11, 1.647813948320865e-11, 1.6326711438423924e-11, 1.6572838218817578e-11, 1.6477539422690894e-11, 1.5639298760866844e-11, 1.6067799334092235e-11, 3.8175268297418534e-11, 1.9835817408629225e-10, 1.2405742539430019e-10, 1.647753942263774e-11, 1.6477539422607637e-11, 1.5477621776257074e-11, 7.372313246363364e-09, 1.5758326440304394e-11, 1.0624501993002669e-10, 1.65644690479572e-11, 3.55108324712326e-11, 5.25281813985833e-11, 1.3990644723548169e-11, 4.987656726760505e-11, 1.5631023954959193e-11, 0.9999999909412045, 1.658738592847176e-11]"
hMpxV/USA/CA-LACPHL-MA00471/2023|EPI_ISL_17211325|2023-02-13,"[0.0, 0.0, 0.0, 0.0, 0.0, 0.0, 0.0, 0.0, 0.0, 0.0, 0.0, 0.0, 0.0, 0.0, 0.0, 0.0, 0.0, 0.0, 0.0, 0.0, 0.0, 0.0, 0.0, 0.0, 0.0, 0.0, 0.0, 0.0, 0.0, 1.0, 0.0]"
hMpxV/USA/CA-LACPHL-MA00470/2023|EPI_ISL_17211324|2023-02-13,"[0.0, 0.0, 0.0, 0.0, 0.0, 0.0, 0.0, 0.0, 0.0, 0.0, 0.0, 0.0, 0.0, 0.0, 0.0, 0.0, 0.0, 0.0, 0.0, 0.0, 0.0, 0.0, 0.0, 0.0, 0.0, 0.0, 0.0, 0.0, 0.0, 1.0, 0.0]"
NODE_0000465,"[2.9655965600741677e-06, 5.199938126008028e-06, 1.3593173601344182e-05, 2.797141305203694e-06, 1.2513156490796177e-05, 9.545295606862323e-06, 4.0275715262538325e-06, 2.699823762037303e-06, 2.74584404273929e-06, 2.755901188711807e-06, 2.6667830911188648e-06, 2.740896122778413e-06, 2.537622406243772e-06, 4.0359218563814785e-06, 2.7320824588866535e-06, 0.9573096238534574, 2.9315895764775965e-06, 2.7408961227777833e-06, 2.740896122778372e-06, 3.871062096454246e-06, 0.04252355347138476, 2.8531108094128896e-06, 3.250603583886283e-06, 2.699779377509881e-06, 1.8654187364678533e-06, 2.6206926641935363e-06, 2.5022386497458814e-06, 2.6263683197833076e-06, 2.5839505655031646e-06, 5.729882817810815e-05, 2.680492209130363e-06]"
hMpxV/Mexico/TLA_InDRE_F448/2023|EPI_ISL_17703611|2023-03-21,"[0.0, 0.0, 0.0, 0.0, 0.0, 0.0, 0.0, 0.0, 0.0, 0.0, 0.0, 0.0, 0.0, 0.0, 0.0, 0.9999999999999999, 0.0, 0.0, 0.0, 0.0, 0.0, 0.0, 0.0, 0.0, 0.0, 0.0, 0.0, 0.0, 0.0, 0.0, 0.0]"
NODE_0000466,"[3.662006121619244e-11, 8.42877784157702e-11, 2.8768486038705903e-10, 4.614417584433951e-11, 1.940010414135043e-10, 4.0644397671885414e-10, 6.610596192135654e-11, 4.494889126750469e-11, 4.552634963026934e-11, 4.543241808571409e-11, 4.4443394727519855e-11, 4.549086121938089e-11, 4.07839670493458e-11, 6.467759276452722e-11, 3.741712948331992e-11, 0.9999886507098771, 4.620049174220241e-11, 4.549086121937185e-11, 4.549086121938175e-11, 6.086216621417569e-11, 1.134529803150966e-05, 4.557652965624613e-11, 4.746465300420992e-11, 4.4953129599250104e-11, 2.339962171287435e-11, 4.3152928090945385e-11, 3.727881229013136e-11, 4.365148155205702e-11, 4.1483298492927305e-11, 1.9324118689360296e-09, 4.4666184325789227e-11]"
hMpxV/Mexico/TAM_InDRE_F5537/2022|EPI_ISL_17672224|2022-11-29,"[0.0, 0.0, 0.0, 0.0, 0.0, 0.0, 0.0, 0.0, 0.0, 0.0, 0.0, 0.0, 0.0, 0.0, 0.0, 1.0, 0.0, 0.0, 0.0, 0.0, 0.0, 0.0, 0.0, 0.0, 0.0, 0.0, 0.0, 0.0, 0.0, 0.0, 0.0]"
hMpxV/Mexico/HID_InDRE_F5581/2022|EPI_ISL_17672226|2022-12-07,"[0.0, 0.0, 0.0, 0.0, 0.0, 0.0, 0.0, 0.0, 0.0, 0.0, 0.0, 0.0, 0.0, 0.0, 0.0, 1.0, 0.0, 0.0, 0.0, 0.0, 0.0, 0.0, 0.0, 0.0, 0.0, 0.0, 0.0, 0.0, 0.0, 0.0, 0.0]"
NODE_0000467,"[3.2184339897687375e-08, 5.047766596308945e-08, 7.909576679847236e-08, 5.1440845990254384e-08, 4.6400982755649376e-08, 2.6248522535723054e-07, 5.014096054569427e-08, 4.951956566626552e-08, 5.0444186001803014e-08, 5.054113424504684e-08, 4.8820164631430004e-08, 5.032787143641016e-08, 4.5654357096601266e-08, 5.0332247416349105e-08, 3.0636090215536804e-08, 0.9999944016750042, 5.000030361361284e-08, 5.032787143640787e-08, 5.0327871436412425e-08, 4.779192659466357e-08, 3.826317310244423e-06, 5.218297397752365e-08, 3.3788456372399284e-08, 4.952061288539343e-08, 2.9650999158101464e-08, 4.753921447303029e-08, 4.334336667809929e-08, 4.7784438213620115e-08, 4.657188139269648e-08, 2.2554410955040365e-07, 4.913225578816292e-08]"
hMpxV/Mexico/HID_InDRE_F152/2023|EPI_ISL_17672244|2023-01-23,"[0.0, 0.0, 0.0, 0.0, 0.0, 0.0, 0.0, 0.0, 0.0, 0.0, 0.0, 0.0, 0.0, 0.0, 0.0, 0.9999999999999999, 0.0, 0.0, 0.0, 0.0, 0.0, 0.0, 0.0, 0.0, 0.0, 0.0, 0.0, 0.0, 0.0, 0.0, 0.0]"
NODE_0000468,"[5.682300125141524e-09, 9.068027918902562e-09, 1.432743087195324e-08, 9.279047461327247e-09, 8.204096161153012e-09, 4.988666643459237e-08, 9.028176126924881e-09, 8.940105112270738e-09, 9.105986000277431e-09, 9.116582148384658e-09, 8.813586908858854e-09, 9.081496864629749e-09, 8.223624444838482e-09, 9.051050936494824e-09, 5.445223094112119e-09, 0.9999989960151613, 8.981432942170607e-09, 9.081496864628362e-09, 9.081496864629934e-09, 8.582403415221864e-09, 6.817693207189345e-07, 9.394470908792425e-09, 6.024256739668297e-09, 8.940395804449125e-09, 5.238002427447646e-09, 8.568925035890912e-09, 7.772826010364985e-09, 8.619232099584043e-09, 8.389509859275836e-09, 4.1415644463543814e-08, 8.872024248147787e-09]"
hMpxV/Mexico/CHP_InDRE_F5684/2022|EPI_ISL_17672231|2022-12-18,"[0.0, 0.0, 0.0, 0.0, 0.0, 0.0, 0.0, 0.0, 0.0, 0.0, 0.0, 0.0, 0.0, 0.0, 0.0, 1.0, 0.0, 0.0, 0.0, 0.0, 0.0, 0.0, 0.0, 0.0, 0.0, 0.0, 0.0, 0.0, 0.0, 0.0, 0.0]"
hMpxV/Mexico/CHP_InDRE_F108/2023|EPI_ISL_17672239|2023-01-11,"[0.0, 0.0, 0.0, 0.0, 0.0, 0.0, 0.0, 0.0, 0.0, 0.0, 0.0, 0.0, 0.0, 0.0, 0.0, 1.0, 0.0, 0.0, 0.0, 0.0, 0.0, 0.0, 0.0, 0.0, 0.0, 0.0, 0.0, 0.0, 0.0, 0.0, 0.0]"
NODE_0000463,"[5.175353466268198e-24, 7.660464389274106e-23, 2.7854955061932847e-21, 2.0988455795551377e-23, 0.9999999999999928, 2.685543600056244e-23, 3.066085506511841e-23, 2.035223008983056e-23, 2.0623884741233712e-23, 2.0328494614854013e-23, 1.9982550296374558e-23, 2.0714845958119554e-23, 1.563060607081723e-23, 2.7936645988048444e-23, 7.216216039934059e-24, 5.91501468201634e-23, 1.7867884452994758e-23, 2.0714845958128693e-23, 2.0714845958118534e-23, 2.387387145147714e-23, 7.20074270005848e-15, 1.9051538167840836e-23, 1.2068339836121995e-23, 2.036110412241479e-23, 3.224667810110822e-24, 1.8288964580383936e-23, 1.0888181362278583e-23, 1.909024670244121e-23, 1.6047124387118652e-23, 9.031429631523463e-24, 2.0131553749559082e-23]"
hMpxV/Chile/VS-ISP-130350/2022|EPI_ISL_19345328|2022-11-19,"[0.0, 0.0, 0.0, 0.0, 1.0, 0.0, 0.0, 0.0, 0.0, 0.0, 0.0, 0.0, 0.0, 0.0, 0.0, 0.0, 0.0, 0.0, 0.0, 0.0, 0.0, 0.0, 0.0, 0.0, 0.0, 0.0, 0.0, 0.0, 0.0, 0.0, 0.0]"
hMpxV/Chile/VS-ISP-132267/2022|EPI_ISL_19345333|2022-11-25,"[0.0, 0.0, 0.0, 0.0, 1.0, 0.0, 0.0, 0.0, 0.0, 0.0, 0.0, 0.0, 0.0, 0.0, 0.0, 0.0, 0.0, 0.0, 0.0, 0.0, 0.0, 0.0, 0.0, 0.0, 0.0, 0.0, 0.0, 0.0, 0.0, 0.0, 0.0]"
hMpxV/Chile/VS-ISP-133976/2022|EPI_ISL_19345337|2022-12-02,"[0.0, 0.0, 0.0, 0.0, 1.0, 0.0, 0.0, 0.0, 0.0, 0.0, 0.0, 0.0, 0.0, 0.0, 0.0, 0.0, 0.0, 0.0, 0.0, 0.0, 0.0, 0.0, 0.0, 0.0, 0.0, 0.0, 0.0, 0.0, 0.0, 0.0, 0.0]"
hMpxV/Chile/VS-ISP-135200/2022|EPI_ISL_19345345|2022-12-07,"[0.0, 0.0, 0.0, 0.0, 0.9999999999999999, 0.0, 0.0, 0.0, 0.0, 0.0, 0.0, 0.0, 0.0, 0.0, 0.0, 0.0, 0.0, 0.0, 0.0, 0.0, 0.0, 0.0, 0.0, 0.0, 0.0, 0.0, 0.0, 0.0, 0.0, 0.0, 0.0]"
hMpxV/Chile/VS-ISP-137085/2022|EPI_ISL_19345351|2022-12-14,"[0.0, 0.0, 0.0, 0.0, 1.0, 0.0, 0.0, 0.0, 0.0, 0.0, 0.0, 0.0, 0.0, 0.0, 0.0, 0.0, 0.0, 0.0, 0.0, 0.0, 0.0, 0.0, 0.0, 0.0, 0.0, 0.0, 0.0, 0.0, 0.0, 0.0, 0.0]"
hMpxV/Chile/VS-ISP-140320/2022|EPI_ISL_19345357|2022-12-26,"[0.0, 0.0, 0.0, 0.0, 1.0, 0.0, 0.0, 0.0, 0.0, 0.0, 0.0, 0.0, 0.0, 0.0, 0.0, 0.0, 0.0, 0.0, 0.0, 0.0, 0.0, 0.0, 0.0, 0.0, 0.0, 0.0, 0.0, 0.0, 0.0, 0.0, 0.0]"
hMpxV/Chile/VS-ISP-141144/2022|EPI_ISL_19345359|2022-12-29,"[0.0, 0.0, 0.0, 0.0, 1.0, 0.0, 0.0, 0.0, 0.0, 0.0, 0.0, 0.0, 0.0, 0.0, 0.0, 0.0, 0.0, 0.0, 0.0, 0.0, 0.0, 0.0, 0.0, 0.0, 0.0, 0.0, 0.0, 0.0, 0.0, 0.0, 0.0]"
hMpxV/Chile/VS-ISP-2855/2023|EPI_ISL_19345363|2023-01-10,"[0.0, 0.0, 0.0, 0.0, 1.0, 0.0, 0.0, 0.0, 0.0, 0.0, 0.0, 0.0, 0.0, 0.0, 0.0, 0.0, 0.0, 0.0, 0.0, 0.0, 0.0, 0.0, 0.0, 0.0, 0.0, 0.0, 0.0, 0.0, 0.0, 0.0, 0.0]"
hMpxV/Chile/VS-ISP-134877/2022|EPI_ISL_19345344|2022-12-06,"[0.0, 0.0, 0.0, 0.0, 1.0, 0.0, 0.0, 0.0, 0.0, 0.0, 0.0, 0.0, 0.0, 0.0, 0.0, 0.0, 0.0, 0.0, 0.0, 0.0, 0.0, 0.0, 0.0, 0.0, 0.0, 0.0, 0.0, 0.0, 0.0, 0.0, 0.0]"
NODE_0000416,"[1.2648007697634959e-06, 2.2804657749005965e-06, 6.0558541706475434e-06, 1.2796004149331214e-06, 5.20318487219369e-06, 4.986402766891258e-06, 1.7937289287285775e-06, 1.2371626561050963e-06, 1.2579733977303324e-06, 1.2608725483500777e-06, 1.222241569615119e-06, 1.254768553136149e-06, 1.1555316447031549e-06, 1.7916950508567738e-06, 1.1741981591771388e-06, 0.9906255049968594, 1.3323524569128987e-06, 1.2547685531360797e-06, 1.2547685531361745e-06, 1.7130965738988014e-06, 0.009298594473526886, 1.2993123279460989e-06, 1.4096198482989732e-06, 1.237173937650313e-06, 8.152126086355154e-07, 1.199832024638929e-06, 1.1288214203139999e-06, 1.2043263765343135e-06, 1.1780358545345545e-06, 2.6425962052285386e-05, 1.2287657479110936e-06]"
NODE_0000419,"[1.3197799945872156e-07, 2.1429554218798587e-07, 4.311616580348926e-07, 1.7794747562237657e-07, 3.2059154799775186e-07, 8.107266598130485e-07, 1.9449666716481528e-07, 1.713503749478526e-07, 1.7447277198146096e-07, 1.7498743432245725e-07, 1.6904641409426014e-07, 1.7414989782086088e-07, 1.5889384864760822e-07, 1.9510086152163046e-07, 1.2332790540174903e-07, 0.999775945359988, 1.7746530892767132e-07, 1.7414989782085193e-07, 1.7414989782086487e-07, 1.8596709507947452e-07, 0.0002167031863192588, 1.809070734581017e-07, 1.4029239884729916e-07, 1.7135113135843735e-07, 1.0803403653107867e-07, 1.654094465177393e-07, 1.527776417542519e-07, 1.6606892208628765e-07, 1.6206495935199518e-07, 1.600272495652477e-06, 1.7001632843787032e-07]"
hMpxV/Mexico/NLE_InDRE_F410/2023|EPI_ISL_17703606|2023-03-13,"[0.0, 0.0, 0.0, 0.0, 0.0, 0.0, 0.0, 0.0, 0.0, 0.0, 0.0, 0.0, 0.0, 0.0, 0.0, 0.9999999999999999, 0.0, 0.0, 0.0, 0.0, 0.0, 0.0, 0.0, 0.0, 0.0, 0.0, 0.0, 0.0, 0.0, 0.0, 0.0]"
NODE_0000420,"[6.372552421884844e-10, 1.0538361393157586e-09, 1.8112398084815477e-09, 1.0396443071757627e-09, 1.0654659867376112e-09, 5.987209341128078e-09, 1.0323157043981856e-09, 1.0028844108524501e-09, 1.0211305960381022e-09, 1.0215576350556596e-09, 9.88827284799707e-10, 1.0181499021478644e-09, 9.202654398864611e-10, 1.0324766388222915e-09, 6.149739891448632e-10, 0.9999992187491865, 1.005328674358106e-09, 1.0181499021475987e-09, 1.0181499021479593e-09, 9.776974248649314e-10, 7.429503204078532e-07, 1.0497313393491632e-09, 6.886522257212848e-10, 1.0029286595728106e-09, 5.74822022478178e-10, 9.603888951103002e-10, 8.656477097047278e-10, 9.668138824915563e-10, 9.388137957228757e-10, 5.9906551083554595e-09, 9.954808582051046e-10]"
hMpxV/Mexico/MEX_InDRE_F75/2023|EPI_ISL_17672238|2023-01-09,"[0.0, 0.0, 0.0, 0.0, 0.0, 0.0, 0.0, 0.0, 0.0, 0.0, 0.0, 0.0, 0.0, 0.0, 0.0, 1.0, 0.0, 0.0, 0.0, 0.0, 0.0, 0.0, 0.0, 0.0, 0.0, 0.0, 0.0, 0.0, 0.0, 0.0, 0.0]"
NODE_0000421,"[4.640521955633991e-11, 7.555008196340161e-11, 1.203107650852223e-10, 7.771374367461355e-11, 6.697329323011275e-11, 4.4107215775833647e-10, 7.543317645801739e-11, 7.495542817648578e-11, 7.634045603581913e-11, 7.635274744672374e-11, 7.389001761386302e-11, 7.608911463067215e-11, 6.877093928549687e-11, 7.552108052754276e-11, 4.48038317871211e-11, 0.9999999896933359, 7.4838841842817e-11, 7.608911463062152e-11, 7.608911463068559e-11, 7.149443205484346e-11, 7.58698385846097e-09, 7.850782620527352e-11, 4.974278842323094e-11, 7.495891842722551e-11, 4.278273713079412e-11, 7.169454132745342e-11, 6.468701858197587e-11, 7.217618289758526e-11, 7.016832583421616e-11, 3.518618293532251e-10, 7.440646186336065e-11]"
hMpxV/Mexico/NLE_InDRE_F78/2023|EPI_ISL_17703587|2023-01-09,"[0.0, 0.0, 0.0, 0.0, 0.0, 0.0, 0.0, 0.0, 0.0, 0.0, 0.0, 0.0, 0.0, 0.0, 0.0, 1.0, 0.0, 0.0, 0.0, 0.0, 0.0, 0.0, 0.0, 0.0, 0.0, 0.0, 0.0, 0.0, 0.0, 0.0, 0.0]"
hMpxV/Mexico/NLE_InDRE_F77/2023|EPI_ISL_17703586|2023-01-06,"[0.0, 0.0, 0.0, 0.0, 0.0, 0.0, 0.0, 0.0, 0.0, 0.0, 0.0, 0.0, 0.0, 0.0, 0.0, 1.0, 0.0, 0.0, 0.0, 0.0, 0.0, 0.0, 0.0, 0.0, 0.0, 0.0, 0.0, 0.0, 0.0, 0.0, 0.0]"
NODE_0000417,"[3.182087843573305e-17, 1.0176266288102469e-16, 4.832416719782049e-16, 6.721357469400905e-17, 2.0453818611795923e-16, 2.4435662410274798e-15, 8.564708432905926e-17, 6.604350059886407e-17, 6.647737396035268e-17, 6.605405782547883e-17, 6.541163457419927e-17, 6.677438317648957e-17, 5.685251829644534e-17, 8.103378835231244e-17, 3.740654483175849e-17, 0.9999999997048787, 6.27763061123818e-17, 6.677438317647057e-17, 6.677438317650367e-17, 7.425511200181201e-17, 2.951099166464231e-10, 6.3482505587883e-17, 5.128594826379708e-17, 6.605730318075573e-17, 2.344874581431791e-17, 6.287804067510748e-17, 4.636274944146778e-17, 6.437706340612867e-17, 5.773923118728066e-17, 6.527340496696019e-15, 6.559853639781502e-17]"
hMpxV/Mexico/COA_InDRE_F5645/2022|EPI_ISL_17672229|2022-12-14,"[0.0, 0.0, 0.0, 0.0, 0.0, 0.0, 0.0, 0.0, 0.0, 0.0, 0.0, 0.0, 0.0, 0.0, 0.0, 1.0, 0.0, 0.0, 0.0, 0.0, 0.0, 0.0, 0.0, 0.0, 0.0, 0.0, 0.0, 0.0, 0.0, 0.0, 0.0]"
hMpxV/Mexico/NLE_InDRE_F130/2023|EPI_ISL_17672242|2023-01-17,"[0.0, 0.0, 0.0, 0.0, 0.0, 0.0, 0.0, 0.0, 0.0, 0.0, 0.0, 0.0, 0.0, 0.0, 0.0, 1.0, 0.0, 0.0, 0.0, 0.0, 0.0, 0.0, 0.0, 0.0, 0.0, 0.0, 0.0, 0.0, 0.0, 0.0, 0.0]"
hMpxV/Mexico/CMX_InDRE_F378/2023|EPI_ISL_17672259|2023-03-10,"[0.0, 0.0, 0.0, 0.0, 0.0, 0.0, 0.0, 0.0, 0.0, 0.0, 0.0, 0.0, 0.0, 0.0, 0.0, 1.0, 0.0, 0.0, 0.0, 0.0, 0.0, 0.0, 0.0, 0.0, 0.0, 0.0, 0.0, 0.0, 0.0, 0.0, 0.0]"
hMpxV/Mexico/NLE_InDRE_F309/2023|EPI_ISL_17672256|2023-02-17,"[0.0, 0.0, 0.0, 0.0, 0.0, 0.0, 0.0, 0.0, 0.0, 0.0, 0.0, 0.0, 0.0, 0.0, 0.0, 1.0, 0.0, 0.0, 0.0, 0.0, 0.0, 0.0, 0.0, 0.0, 0.0, 0.0, 0.0, 0.0, 0.0, 0.0, 0.0]"
hMpxV/Mexico/NLE_InDRE_F276/2023|EPI_ISL_17703600|2023-02-07,"[0.0, 0.0, 0.0, 0.0, 0.0, 0.0, 0.0, 0.0, 0.0, 0.0, 0.0, 0.0, 0.0, 0.0, 0.0, 1.0, 0.0, 0.0, 0.0, 0.0, 0.0, 0.0, 0.0, 0.0, 0.0, 0.0, 0.0, 0.0, 0.0, 0.0, 0.0]"
NODE_0000418,"[1.4290387385175623e-11, 2.607596077418674e-11, 4.816086410799439e-11, 2.6445549205188945e-11, 2.4001679059284682e-11, 2.2701650960239723e-10, 2.5941716434338986e-11, 2.5574308974212135e-11, 2.59836569827398e-11, 2.597366247109258e-11, 2.523314432997748e-11, 2.5962627585136907e-11, 2.3132604771663293e-11, 2.5686704203838206e-11, 1.4396338713711135e-11, 0.9999999904131476, 2.5166517447977844e-11, 2.5962627585110282e-11, 2.5962627585139993e-11, 2.4145737252037302e-11, 8.519763054180979e-09, 2.63520180115594e-11, 1.6499414707868377e-11, 2.5576148522173446e-11, 1.3223172285609884e-11, 2.4451845672035052e-11, 2.1059832393866662e-11, 2.469758653011512e-11, 2.35765020623093e-11, 1.811607016037672e-10, 2.5378998921167078e-11]"
hMpxV/Mexico/NLE_InDRE_F14/2022|EPI_ISL_17703582|2022-12-27,"[0.0, 0.0, 0.0, 0.0, 0.0, 0.0, 0.0, 0.0, 0.0, 0.0, 0.0, 0.0, 0.0, 0.0, 0.0, 1.0, 0.0, 0.0, 0.0, 0.0, 0.0, 0.0, 0.0, 0.0, 0.0, 0.0, 0.0, 0.0, 0.0, 0.0, 0.0]"
hMpxV/Mexico/GUA_InDRE_F244/2023|EPI_ISL_17672251|2023-02-04,"[0.0, 0.0, 0.0, 0.0, 0.0, 0.0, 0.0, 0.0, 0.0, 0.0, 0.0, 0.0, 0.0, 0.0, 0.0, 0.9999999999999999, 0.0, 0.0, 0.0, 0.0, 0.0, 0.0, 0.0, 0.0, 0.0, 0.0, 0.0, 0.0, 0.0, 0.0, 0.0]"
hMpxV/Mexico/NLE_InDRE_F321/2023|EPI_ISL_17703603|2023-02-21,"[0.0, 0.0, 0.0, 0.0, 0.0, 0.0, 0.0, 0.0, 0.0, 0.0, 0.0, 0.0, 0.0, 0.0, 0.0, 1.0, 0.0, 0.0, 0.0, 0.0, 0.0, 0.0, 0.0, 0.0, 0.0, 0.0, 0.0, 0.0, 0.0, 0.0, 0.0]"
NODE_0000320,"[1.1145177756204549e-07, 7.073613757908284e-08, 3.688885117127513e-05, 1.9859694040096947e-08, 8.246829183157198e-07, 3.352569841490968e-08, 4.531685276613629e-08, 1.985438386399784e-08, 1.990318200100684e-08, 1.9887317108354754e-08, 1.9767908290021284e-08, 1.985495462542768e-08, 1.8747097411049426e-08, 4.250931280913045e-08, 4.618742593092966e-08, 2.4227482780218646e-06, 4.4973001760197405e-08, 1.9854954625423906e-08, 1.9854954625422493e-08, 4.040394553113463e-08, 0.9945090218384863, 1.9416206631104485e-08, 2.032379202110421e-07, 1.9855912901823678e-08, 2.596952626626213e-08, 2.9158755792755355e-08, 1.7659588026125687e-08, 2.8791416251497568e-08, 1.8843256754413743e-08, 0.0054498464162237425, 1.984174040047149e-08]"
hMpxV/Peru/ICA-INS-282/2022|EPI_ISL_16999065|2022-11-29,"[0.0, 0.0, 0.0, 0.0, 0.0, 0.0, 0.0, 0.0, 0.0, 0.0, 0.0, 0.0, 0.0, 0.0, 0.0, 0.0, 0.0, 0.0, 0.0, 0.0, 1.0, 0.0, 0.0, 0.0, 0.0, 0.0, 0.0, 0.0, 0.0, 0.0, 0.0]"
hMpxV/USA/CA-LACPHL-MA00451/2022|EPI_ISL_16997421|2022-11-27,"[0.0, 0.0, 0.0, 0.0, 0.0, 0.0, 0.0, 0.0, 0.0, 0.0, 0.0, 0.0, 0.0, 0.0, 0.0, 0.0, 0.0, 0.0, 0.0, 0.0, 0.0, 0.0, 0.0, 0.0, 0.0, 0.0, 0.0, 0.0, 0.0, 0.9999999999999999, 0.0]"
NODE_0000321,"[1.3026646420951545e-10, 3.486683602478042e-11, 0.9999998596338961, 2.3062091470247258e-11, 9.396702148190753e-10, 2.7613839887495694e-11, 3.844647063116262e-11, 2.324423146884991e-11, 2.3218402282096383e-11, 2.315627668390886e-11, 2.3179724599511405e-11, 2.3181727076553698e-11, 2.120898842533425e-11, 2.8867912715684075e-11, 1.7865082574805093e-11, 3.329570011176141e-10, 2.390765699395015e-11, 2.3181727076574338e-11, 2.318172707657131e-11, 2.6951013614823282e-11, 1.2995835698453276e-07, 2.180353972135093e-11, 2.1615397080760905e-09, 2.324774310958819e-11, 4.2171707364375785e-11, 2.3024493214545484e-11, 1.8524603489265502e-11, 2.3418189821312774e-11, 2.1366199765718504e-11, 6.241377800835206e-09, 2.324525322235118e-11]"
hMpxV/Brazil/RJ-FIOCRUZ-4196/2023|EPI_ISL_17614042|2023-04-13,"[0.0, 0.0, 1.0, 0.0, 0.0, 0.0, 0.0, 0.0, 0.0, 0.0, 0.0, 0.0, 0.0, 0.0, 0.0, 0.0, 0.0, 0.0, 0.0, 0.0, 0.0, 0.0, 0.0, 0.0, 0.0, 0.0, 0.0, 0.0, 0.0, 0.0, 0.0]"
NODE_0000324,"[7.984335388989235e-10, 2.483167878123276e-10, 0.9999999719780875, 2.509954912248023e-10, 1.753905217315011e-09, 2.496615585089999e-10, 3.0546990337068815e-10, 2.4819043750696986e-10, 2.4999628265736356e-10, 2.4949752328078327e-10, 2.462537614934882e-10, 2.493585384401204e-10, 2.3115604844394003e-10, 2.4725827973938193e-10, 1.6445690727401715e-10, 6.037397415432988e-10, 2.4366515794294853e-10, 2.493585384407584e-10, 2.493585384406834e-10, 2.3523987218745447e-10, 7.553051498394381e-09, 2.463784115508375e-10, 6.168582504062955e-09, 2.4821156484428295e-10, 3.859021563905601e-10, 2.4091574629615014e-10, 2.1220027352621994e-10, 2.432682458579056e-10, 2.3333793832691654e-10, 5.168256404026388e-09, 2.474954422229649e-10]"
hMpxV/Brazil/RJ-FIOCRUZ-4195/2023|EPI_ISL_17614039|2023-04-10,"[0.0, 0.0, 1.0, 0.0, 0.0, 0.0, 0.0, 0.0, 0.0, 0.0, 0.0, 0.0, 0.0, 0.0, 0.0, 0.0, 0.0, 0.0, 0.0, 0.0, 0.0, 0.0, 0.0, 0.0, 0.0, 0.0, 0.0, 0.0, 0.0, 0.0, 0.0]"
hMpxV/Brazil/RJ-FIOCRUZ-3018/2023|EPI_ISL_17614041|2023-03-03,"[0.0, 0.0, 1.0, 0.0, 0.0, 0.0, 0.0, 0.0, 0.0, 0.0, 0.0, 0.0, 0.0, 0.0, 0.0, 0.0, 0.0, 0.0, 0.0, 0.0, 0.0, 0.0, 0.0, 0.0, 0.0, 0.0, 0.0, 0.0, 0.0, 0.0, 0.0]"
NODE_0000322,"[1.8460151864526223e-15, 2.6263737402144176e-16, 0.9999999999997519, 2.6246179495815606e-16, 7.49406909476342e-15, 2.633777885314167e-16, 3.771737527542138e-16, 2.6710993340734306e-16, 2.654106853761966e-16, 2.623338878625262e-16, 2.6673146848110713e-16, 2.655512766346902e-16, 2.401563357411161e-16, 2.53626552840172e-16, 1.4949731771581004e-16, 1.343042436272662e-15, 2.3992991086991977e-16, 2.6555127663565966e-16, 2.6555127663555657e-16, 2.371954478905221e-16, 1.2191242280581772e-13, 2.42038888422293e-16, 6.955595276030643e-14, 2.6717853500086134e-16, 5.704213487087225e-16, 2.5832688237492415e-16, 1.963938465744252e-16, 2.646109315335342e-16, 2.4031153524857074e-16, 3.9487716850946264e-14, 2.6741960190093606e-16]"
hMpxV/Brazil/RJ-FIOCRUZ-4194/2023|EPI_ISL_17614030|2023-04-06,"[0.0, 0.0, 0.9999999999999999, 0.0, 0.0, 0.0, 0.0, 0.0, 0.0, 0.0, 0.0, 0.0, 0.0, 0.0, 0.0, 0.0, 0.0, 0.0, 0.0, 0.0, 0.0, 0.0, 0.0, 0.0, 0.0, 0.0, 0.0, 0.0, 0.0, 0.0, 0.0]"
hMpxV/Brazil/RJ-FIOCRUZ-3611/2023|EPI_ISL_17536785|2023-04-03,"[0.0, 0.0, 1.0, 0.0, 0.0, 0.0, 0.0, 0.0, 0.0, 0.0, 0.0, 0.0, 0.0, 0.0, 0.0, 0.0, 0.0, 0.0, 0.0, 0.0, 0.0, 0.0, 0.0, 0.0, 0.0, 0.0, 0.0, 0.0, 0.0, 0.0, 0.0]"
hMpxV/Brazil/RJ-FIOCRUZ-3610/2023|EPI_ISL_17536784|2023-03-30,"[0.0, 0.0, 1.0, 0.0, 0.0, 0.0, 0.0, 0.0, 0.0, 0.0, 0.0, 0.0, 0.0, 0.0, 0.0, 0.0, 0.0, 0.0, 0.0, 0.0, 0.0, 0.0, 0.0, 0.0, 0.0, 0.0, 0.0, 0.0, 0.0, 0.0, 0.0]"
hMpxV/Brazil/RJ-FIOCRUZ-3611-1P/2023|EPI_ISL_19205405|2023-04-03,"[0.0, 0.0, 1.0, 0.0, 0.0, 0.0, 0.0, 0.0, 0.0, 0.0, 0.0, 0.0, 0.0, 0.0, 0.0, 0.0, 0.0, 0.0, 0.0, 0.0, 0.0, 0.0, 0.0, 0.0, 0.0, 0.0, 0.0, 0.0, 0.0, 0.0, 0.0]"
NODE_0000323,"[2.1247051069792438e-13, 3.177030540136818e-14, 0.9999999999740011, 3.164051957610491e-14, 8.341003586986001e-13, 3.181206774321494e-14, 4.496223533170267e-14, 3.2153838932677005e-14, 3.199353931003085e-14, 3.1729605682060084e-14, 3.207270005277357e-14, 3.19703273094348e-14, 2.8977693212837284e-14, 3.1020698331134535e-14, 1.832852144491018e-14, 1.5679860147867508e-13, 2.9664387622046045e-14, 3.197032730946912e-14, 3.197032730946304e-14, 2.880568321821934e-14, 1.2375175273926818e-11, 2.9313923048369275e-14, 7.255072718365202e-12, 3.216118909667714e-14, 6.900774561645698e-14, 3.1164193056902145e-14, 2.3881998505556343e-14, 3.18768574337897e-14, 2.899816131113374e-14, 4.385944343974701e-12, 3.2191775515816445e-14]"
hMpxV/Brazil/RJ-FIOCRUZ-4239/2023|EPI_ISL_17614033|2023-04-20,"[0.0, 0.0, 1.0, 0.0, 0.0, 0.0, 0.0, 0.0, 0.0, 0.0, 0.0, 0.0, 0.0, 0.0, 0.0, 0.0, 0.0, 0.0, 0.0, 0.0, 0.0, 0.0, 0.0, 0.0, 0.0, 0.0, 0.0, 0.0, 0.0, 0.0, 0.0]"
hMpxV/Brazil/RJ-FIOCRUZ-3608/2023|EPI_ISL_17536782|2023-03-24,"[0.0, 0.0, 1.0, 0.0, 0.0, 0.0, 0.0, 0.0, 0.0, 0.0, 0.0, 0.0, 0.0, 0.0, 0.0, 0.0, 0.0, 0.0, 0.0, 0.0, 0.0, 0.0, 0.0, 0.0, 0.0, 0.0, 0.0, 0.0, 0.0, 0.0, 0.0]"
hMpxV/Brazil/RJ-FIOCRUZ-3609/2023|EPI_ISL_17536783|2023-03-27,"[0.0, 0.0, 1.0, 0.0, 0.0, 0.0, 0.0, 0.0, 0.0, 0.0, 0.0, 0.0, 0.0, 0.0, 0.0, 0.0, 0.0, 0.0, 0.0, 0.0, 0.0, 0.0, 0.0, 0.0, 0.0, 0.0, 0.0, 0.0, 0.0, 0.0, 0.0]"
hMpxV/Brazil/RJ-FIOCRUZ-4239-1P/2023|EPI_ISL_19205407|2023-04-20,"[0.0, 0.0, 1.0, 0.0, 0.0, 0.0, 0.0, 0.0, 0.0, 0.0, 0.0, 0.0, 0.0, 0.0, 0.0, 0.0, 0.0, 0.0, 0.0, 0.0, 0.0, 0.0, 0.0, 0.0, 0.0, 0.0, 0.0, 0.0, 0.0, 0.0, 0.0]"
NODE_0000373,"[9.99114844708887e-07, 1.6960254307438612e-06, 0.0003403969836021392, 7.722987609360733e-07, 0.8607289589361147, 9.973904615928525e-07, 1.1860383100614887e-06, 7.506608968895534e-07, 7.624273230581175e-07, 7.640559024541235e-07, 7.404289326477778e-07, 7.594739693226181e-07, 6.832719118962896e-07, 1.1264479998141101e-06, 6.521594670722937e-07, 4.964382246822231e-06, 8.004698442689593e-07, 7.594739693226313e-07, 7.594739693226045e-07, 1.0474974205324323e-06, 0.13889480842468427, 7.68814416298447e-07, 2.114489536465323e-06, 7.507078690046333e-07, 5.335524176523378e-07, 7.198928069162605e-07, 6.320408001682732e-07, 7.267764167371755e-07, 6.948284693787817e-07, 7.927295133756583e-06, 7.461660712780601e-07]"
hMpxV/Chile/RM-ISP-136952/2022|EPI_ISL_19345349|2022-12-14,"[0.0, 0.0, 0.0, 0.0, 1.0, 0.0, 0.0, 0.0, 0.0, 0.0, 0.0, 0.0, 0.0, 0.0, 0.0, 0.0, 0.0, 0.0, 0.0, 0.0, 0.0, 0.0, 0.0, 0.0, 0.0, 0.0, 0.0, 0.0, 0.0, 0.0, 0.0]"
NODE_0000377,"[8.880368133233138e-12, 2.74513060598701e-11, 4.0859899880838316e-10, 1.1916654476358773e-11, 0.9999992135211108, 1.5079378764900237e-11, 1.6892653489385094e-11, 1.1469011618938263e-11, 1.1692195756763342e-11, 1.1676207089461544e-11, 1.1289416216726803e-11, 1.1657661125932253e-11, 1.0250222801447278e-11, 1.6627890182815858e-11, 8.742115483104316e-12, 4.780732023910169e-11, 1.1870586693821855e-11, 1.1657661125941186e-11, 1.165766112593554e-11, 1.5469983809998158e-11, 7.856717486599966e-07, 1.1910756940382608e-11, 1.1608787565588473e-11, 1.1470083552065326e-11, 5.529549533237307e-12, 1.0869180785191952e-11, 9.385930220204121e-12, 1.0991942602108098e-11, 1.0485572214534748e-11, 3.2826564658068795e-11, 1.1375035926839986e-11]"
hMpxV/Chile/RM-ISP-130458/2022|EPI_ISL_19345329|2022-11-22,"[0.0, 0.0, 0.0, 0.0, 1.0, 0.0, 0.0, 0.0, 0.0, 0.0, 0.0, 0.0, 0.0, 0.0, 0.0, 0.0, 0.0, 0.0, 0.0, 0.0, 0.0, 0.0, 0.0, 0.0, 0.0, 0.0, 0.0, 0.0, 0.0, 0.0, 0.0]"
hMpxV/Chile/BI-ISP-134054/2022|EPI_ISL_19345338|2022-12-02,"[0.0, 0.0, 0.0, 0.0, 1.0, 0.0, 0.0, 0.0, 0.0, 0.0, 0.0, 0.0, 0.0, 0.0, 0.0, 0.0, 0.0, 0.0, 0.0, 0.0, 0.0, 0.0, 0.0, 0.0, 0.0, 0.0, 0.0, 0.0, 0.0, 0.0, 0.0]"
NODE_0000378,"[5.185173673827377e-10, 1.1794179227455953e-09, 3.0998980835690045e-09, 9.609912097844618e-10, 0.999999949978673, 9.39818041811079e-10, 9.232853378323326e-10, 9.161600534398251e-10, 9.383980046784276e-10, 9.39389370811825e-10, 8.994743021284771e-10, 9.343966041146445e-10, 8.245909727861987e-10, 9.278129516739242e-10, 4.926454467539735e-10, 5.795941446786083e-10, 9.196670794488854e-10, 9.343966041147888e-10, 9.343966041147317e-10, 8.670359772347374e-10, 2.3772651577669368e-08, 9.785929388361588e-10, 5.565699712661671e-10, 9.162033597771125e-10, 4.696567869228827e-10, 8.664616372070224e-10, 7.699082522528064e-10, 8.72729980729245e-10, 8.459402977442806e-10, 3.352600770516247e-10, 9.074660720857169e-10]"
hMpxV/Chile/BI-ISP-134055/2022|EPI_ISL_19345339|2022-12-02,"[0.0, 0.0, 0.0, 0.0, 1.0, 0.0, 0.0, 0.0, 0.0, 0.0, 0.0, 0.0, 0.0, 0.0, 0.0, 0.0, 0.0, 0.0, 0.0, 0.0, 0.0, 0.0, 0.0, 0.0, 0.0, 0.0, 0.0, 0.0, 0.0, 0.0, 0.0]"
hMpxV/Chile/BI-ISP-134056/2022|EPI_ISL_19345340|2022-12-03,"[0.0, 0.0, 0.0, 0.0, 1.0, 0.0, 0.0, 0.0, 0.0, 0.0, 0.0, 0.0, 0.0, 0.0, 0.0, 0.0, 0.0, 0.0, 0.0, 0.0, 0.0, 0.0, 0.0, 0.0, 0.0, 0.0, 0.0, 0.0, 0.0, 0.0, 0.0]"
NODE_0000374,"[0.0002646823853932194, 0.00018227862735933984, 0.9722873271663793, 0.00016726364585168438, 0.016934884582260844, 0.0001687486312196016, 0.00018446016704389128, 0.00016230855050119043, 0.00016513147002891575, 0.00016631631118678845, 0.00016001735178536048, 0.00016415699238397298, 0.00015208806817645874, 0.0001729366521290896, 0.00011397804027905225, 0.0002918314990102376, 0.00017259695183407958, 0.0001641569923839858, 0.000164156992383983, 0.00016276394370748522, 0.004635217437742332, 0.0001697588785632629, 0.0006829550894061362, 0.00016230515752838954, 0.00017957404282319104, 0.00015762820856366432, 0.00014658400894740996, 0.00015805202270063136, 0.00015435991344364672, 0.000990054242603019, 0.00016142597637978874]"
hMpxV/Brazil/RJ-FIOCRUZ-3017/2023|EPI_ISL_17614017|2023-02-15,"[0.0, 0.0, 1.0, 0.0, 0.0, 0.0, 0.0, 0.0, 0.0, 0.0, 0.0, 0.0, 0.0, 0.0, 0.0, 0.0, 0.0, 0.0, 0.0, 0.0, 0.0, 0.0, 0.0, 0.0, 0.0, 0.0, 0.0, 0.0, 0.0, 0.0, 0.0]"
NODE_0000375,"[6.430076176948515e-07, 2.8447699148244266e-07, 0.9998182163362843, 2.833487964128736e-07, 2.222357763145607e-06, 2.8336229469609716e-07, 3.2975553856297417e-07, 2.8667479787268814e-07, 2.932288783308534e-07, 3.7994043670796045e-07, 2.7860346549924364e-07, 2.8079187390034735e-07, 2.668283239213031e-07, 5.769682156857227e-07, 1.8743019507243516e-07, 5.548864870099584e-07, 6.680865114305978e-07, 2.8079187390042216e-07, 2.807918739004116e-07, 3.35211586820871e-07, 4.560396496110026e-06, 2.790665269498648e-07, 0.00016026377873535502, 2.8670413870175173e-07, 1.8068531815433832e-06, 2.7147932331320443e-07, 2.391726293231535e-07, 2.757392251769494e-07, 2.6428740440431503e-07, 4.53019094998307e-06, 2.8945158277639777e-07]"
hMpxV/Brazil/RS-CEVS-362/2023|EPI_ISL_18971016|2023-09-14,"[0.0, 0.0, 1.0, 0.0, 0.0, 0.0, 0.0, 0.0, 0.0, 0.0, 0.0, 0.0, 0.0, 0.0, 0.0, 0.0, 0.0, 0.0, 0.0, 0.0, 0.0, 0.0, 0.0, 0.0, 0.0, 0.0, 0.0, 0.0, 0.0, 0.0, 0.0]"
hMpxV/Portugal/INSA-PT0802/2023|EPI_ISL_18702213|2023-11-23,"[0.0, 0.0, 0.0, 0.0, 0.0, 0.0, 0.0, 0.0, 0.0, 0.0, 0.0, 0.0, 0.0, 0.0, 0.0, 0.0, 0.0, 0.0, 0.0, 0.0, 0.0, 0.0, 1.0, 0.0, 0.0, 0.0, 0.0, 0.0, 0.0, 0.0, 0.0]"
NODE_0000376,"[1.1456520462528748e-16, 1.258801508030195e-17, 0.9999999999999674, 1.2415232914789988e-17, 5.830643303138753e-16, 1.256718342929527e-17, 1.8823107881387976e-17, 1.2777476585061096e-17, 1.2657757264944358e-17, 1.2622466247879353e-17, 1.276008162784248e-17, 1.2633413451461499e-17, 1.1355904792106684e-17, 1.2534013807213741e-17, 6.866264569083004e-18, 8.470318353686907e-17, 1.1987267825270978e-17, 1.2633413451504195e-17, 1.2633413451495513e-17, 1.1266288357213289e-17, 1.6135023364033046e-14, 1.1228151800246126e-17, 1.1526890525811491e-14, 1.2781029523254552e-17, 3.415777919829102e-17, 1.2389329358554922e-17, 8.93604799819101e-18, 1.2739433720046405e-17, 1.1311771839253157e-17, 4.073603544650452e-15, 1.282174350427205e-17]"
hMpxV/Brazil/SP-IAL-3280/2023|EPI_ISL_19446284|2023-10-09,"[0.0, 0.0, 0.9999999999999999, 0.0, 0.0, 0.0, 0.0, 0.0, 0.0, 0.0, 0.0, 0.0, 0.0, 0.0, 0.0, 0.0, 0.0, 0.0, 0.0, 0.0, 0.0, 0.0, 0.0, 0.0, 0.0, 0.0, 0.0, 0.0, 0.0, 0.0, 0.0]"
hMpxV/Brazil/SP-IAL-3281/2023|EPI_ISL_19446285|2023-10-09,"[0.0, 0.0, 0.9999999999999999, 0.0, 0.0, 0.0, 0.0, 0.0, 0.0, 0.0, 0.0, 0.0, 0.0, 0.0, 0.0, 0.0, 0.0, 0.0, 0.0, 0.0, 0.0, 0.0, 0.0, 0.0, 0.0, 0.0, 0.0, 0.0, 0.0, 0.0, 0.0]"
hMpxV/Brazil/SP-IAL-357399029/2023|EPI_ISL_19446287|2023-11-29,"[0.0, 0.0, 1.0, 0.0, 0.0, 0.0, 0.0, 0.0, 0.0, 0.0, 0.0, 0.0, 0.0, 0.0, 0.0, 0.0, 0.0, 0.0, 0.0, 0.0, 0.0, 0.0, 0.0, 0.0, 0.0, 0.0, 0.0, 0.0, 0.0, 0.0, 0.0]"
hMpxV/Brazil/SP-IAL-3284/2023|EPI_ISL_19446288|2023-12-18,"[0.0, 0.0, 1.0, 0.0, 0.0, 0.0, 0.0, 0.0, 0.0, 0.0, 0.0, 0.0, 0.0, 0.0, 0.0, 0.0, 0.0, 0.0, 0.0, 0.0, 0.0, 0.0, 0.0, 0.0, 0.0, 0.0, 0.0, 0.0, 0.0, 0.0, 0.0]"
hMpxV/Brazil/SP-IAL-3282/2023|EPI_ISL_19446286|2023-10-11,"[0.0, 0.0, 1.0, 0.0, 0.0, 0.0, 0.0, 0.0, 0.0, 0.0, 0.0, 0.0, 0.0, 0.0, 0.0, 0.0, 0.0, 0.0, 0.0, 0.0, 0.0, 0.0, 0.0, 0.0, 0.0, 0.0, 0.0, 0.0, 0.0, 0.0, 0.0]"
NODE_0000327,"[2.2395355891269007e-32, 4.4668043508308264e-31, 4.648314951403152e-28, 9.090424130588618e-34, 4.500363664966366e-27, 1.17122867955143e-32, 4.0532572039869225e-32, 9.449059796395277e-34, 9.272338922362352e-34, 9.160323073150076e-34, 9.552699080756898e-34, 9.329035331129465e-34, 8.725915029185454e-34, 3.5182576849804075e-32, 2.605124128464206e-32, 1.0117498008090524e-25, 1.4848199349114008e-33, 9.329035331127012e-34, 9.329035331126282e-34, 3.335445317346531e-32, 1.0, 8.20264778014789e-34, 8.713358949876808e-32, 9.451562113537609e-34, 5.173422158538112e-34, 9.59885353971936e-34, 8.125661877595358e-34, 9.84837275192677e-34, 8.72964421355474e-34, 6.901691957868538e-25, 9.488299245428385e-34]"
hMpxV/Peru/LIM-INS-328/2022|EPI_ISL_16999077|2022-11-21,"[0.0, 0.0, 0.0, 0.0, 0.0, 0.0, 0.0, 0.0, 0.0, 0.0, 0.0, 0.0, 0.0, 0.0, 0.0, 0.0, 0.0, 0.0, 0.0, 0.0, 0.9999999999999999, 0.0, 0.0, 0.0, 0.0, 0.0, 0.0, 0.0, 0.0, 0.0, 0.0]"
hMpxV/Peru/LIM-INS-289/2022|EPI_ISL_16999078|2022-11-24,"[0.0, 0.0, 0.0, 0.0, 0.0, 0.0, 0.0, 0.0, 0.0, 0.0, 0.0, 0.0, 0.0, 0.0, 0.0, 0.0, 0.0, 0.0, 0.0, 0.0, 1.0, 0.0, 0.0, 0.0, 0.0, 0.0, 0.0, 0.0, 0.0, 0.0, 0.0]"
hMpxV/Peru/LIM-INS-355/2022|EPI_ISL_16999081|2022-12-29,"[0.0, 0.0, 0.0, 0.0, 0.0, 0.0, 0.0, 0.0, 0.0, 0.0, 0.0, 0.0, 0.0, 0.0, 0.0, 0.0, 0.0, 0.0, 0.0, 0.0, 1.0, 0.0, 0.0, 0.0, 0.0, 0.0, 0.0, 0.0, 0.0, 0.0, 0.0]"
hMpxV/Peru/LIM-INS-294/2022|EPI_ISL_16999089|2022-11-24,"[0.0, 0.0, 0.0, 0.0, 0.0, 0.0, 0.0, 0.0, 0.0, 0.0, 0.0, 0.0, 0.0, 0.0, 0.0, 0.0, 0.0, 0.0, 0.0, 0.0, 1.0, 0.0, 0.0, 0.0, 0.0, 0.0, 0.0, 0.0, 0.0, 0.0, 0.0]"
hMpxV/Peru/LIM-INS-329/2022|EPI_ISL_16999098|2022-11-28,"[0.0, 0.0, 0.0, 0.0, 0.0, 0.0, 0.0, 0.0, 0.0, 0.0, 0.0, 0.0, 0.0, 0.0, 0.0, 0.0, 0.0, 0.0, 0.0, 0.0, 1.0, 0.0, 0.0, 0.0, 0.0, 0.0, 0.0, 0.0, 0.0, 0.0, 0.0]"
NODE_0000328,"[3.883520724617187e-10, 9.406962784643181e-10, 7.279591991635949e-09, 1.4679391138752327e-10, 1.4374294961365184e-08, 3.1396906751183554e-10, 4.507819214288345e-10, 1.4311112150164953e-10, 1.4495761659488222e-10, 1.4542508085882817e-10, 1.419139075205851e-10, 1.4460059622967596e-10, 1.3777915637127696e-10, 4.463886787167548e-10, 3.4778184149733033e-10, 3.352609700895544e-08, 1.7481427506384646e-10, 1.446005962296627e-10, 1.4460059622966357e-10, 4.333283828219198e-10, 0.9999998640127784, 1.4954941437144734e-10, 4.91592491212687e-10, 1.43107723765899e-10, 1.1596858339746418e-10, 1.4099424808378013e-10, 1.4256496178671213e-10, 1.410526079892081e-10, 1.3990800085340148e-10, 7.441018558904021e-08, 1.4241888931570194e-10]"
hMpxV/Peru/LIM-INS-343/2022|EPI_ISL_16999085|2022-12-19,"[0.0, 0.0, 0.0, 0.0, 0.0, 0.0, 0.0, 0.0, 0.0, 0.0, 0.0, 0.0, 0.0, 0.0, 0.0, 0.0, 0.0, 0.0, 0.0, 0.0, 1.0, 0.0, 0.0, 0.0, 0.0, 0.0, 0.0, 0.0, 0.0, 0.0, 0.0]"
hMpxV/Peru/LIM-INS-293/2022|EPI_ISL_16999083|2022-11-25,"[0.0, 0.0, 0.0, 0.0, 0.0, 0.0, 0.0, 0.0, 0.0, 0.0, 0.0, 0.0, 0.0, 0.0, 0.0, 0.0, 0.0, 0.0, 0.0, 0.0, 1.0, 0.0, 0.0, 0.0, 0.0, 0.0, 0.0, 0.0, 0.0, 0.0, 0.0]"
NODE_0000331,"[3.2911322028573795e-12, 1.0361804224171193e-11, 1.5735755551423376e-10, 9.294621875929037e-13, 3.809072524080105e-10, 2.5056913447732884e-12, 3.99822811939429e-12, 9.136403499304711e-13, 9.215864899378183e-13, 9.233662852391932e-13, 9.088306606051031e-13, 9.204815070026616e-13, 8.741936880888676e-13, 3.888978860168216e-12, 2.9962283145830446e-12, 1.218632384253308e-09, 1.1674167272123887e-12, 9.20481507002612e-13, 9.20481507002605e-13, 3.765717438218636e-12, 0.999999994987056, 9.322121704369827e-13, 4.7906442639075685e-12, 9.136480979673676e-13, 7.126249428994751e-13, 9.093226319679356e-13, 8.962028734909465e-13, 9.124523604538643e-13, 8.876230577717e-13, 3.2039741537459285e-09, 9.10220840775528e-13]"
hMpxV/Peru/LIM-INS-344/2022|EPI_ISL_16999102|2022-12-20,"[0.0, 0.0, 0.0, 0.0, 0.0, 0.0, 0.0, 0.0, 0.0, 0.0, 0.0, 0.0, 0.0, 0.0, 0.0, 0.0, 0.0, 0.0, 0.0, 0.0, 1.0, 0.0, 0.0, 0.0, 0.0, 0.0, 0.0, 0.0, 0.0, 0.0, 0.0]"
hMpxV/Peru/LIM-INS-437/2022|EPI_ISL_19343488|2022-11-30,"[0.0, 0.0, 0.0, 0.0, 0.0, 0.0, 0.0, 0.0, 0.0, 0.0, 0.0, 0.0, 0.0, 0.0, 0.0, 0.0, 0.0, 0.0, 0.0, 0.0, 1.0, 0.0, 0.0, 0.0, 0.0, 0.0, 0.0, 0.0, 0.0, 0.0, 0.0]"
hMpxV/Peru/LIM-INS-390/2023|EPI_ISL_19343505|2023-01-06,"[0.0, 0.0, 0.0, 0.0, 0.0, 0.0, 0.0, 0.0, 0.0, 0.0, 0.0, 0.0, 0.0, 0.0, 0.0, 0.0, 0.0, 0.0, 0.0, 0.0, 1.0, 0.0, 0.0, 0.0, 0.0, 0.0, 0.0, 0.0, 0.0, 0.0, 0.0]"
NODE_0000332,"[2.317661484901335e-11, 6.908026495092622e-11, 1.0092844552628744e-09, 6.801036401801963e-12, 2.3618465017119208e-09, 1.770063904827213e-11, 2.7474227878524337e-11, 6.676870242390298e-12, 6.7385294150703576e-12, 6.7593565949822025e-12, 6.644413435035841e-12, 6.7305099344427386e-12, 6.387413212549429e-12, 2.676164208822855e-11, 2.051576903031561e-11, 7.474301664909496e-09, 8.626503659081516e-12, 6.730509934442415e-12, 6.730509934441987e-12, 2.5942620090603703e-11, 0.9999999688721596, 6.837300835112953e-12, 3.277816063505614e-11, 6.676844783248606e-12, 5.330220436464307e-12, 6.694492532838806e-12, 6.596389715725543e-12, 6.712224054056219e-12, 6.502090645828932e-12, 1.9918152324074947e-08, 6.650276046459058e-12]"
hMpxV/Peru/LIM-INS-413/2023|EPI_ISL_19343498|2023-02-10,"[0.0, 0.0, 0.0, 0.0, 0.0, 0.0, 0.0, 0.0, 0.0, 0.0, 0.0, 0.0, 0.0, 0.0, 0.0, 0.0, 0.0, 0.0, 0.0, 0.0, 1.0, 0.0, 0.0, 0.0, 0.0, 0.0, 0.0, 0.0, 0.0, 0.0, 0.0]"
hMpxV/Peru/CAL-INS-403/2023|EPI_ISL_19343516|2023-02-02,"[0.0, 0.0, 0.0, 0.0, 0.0, 0.0, 0.0, 0.0, 0.0, 0.0, 0.0, 0.0, 0.0, 0.0, 0.0, 0.0, 0.0, 0.0, 0.0, 0.0, 1.0, 0.0, 0.0, 0.0, 0.0, 0.0, 0.0, 0.0, 0.0, 0.0, 0.0]"
hMpxV/Peru/LIM-INS-376/2023|EPI_ISL_19343540|2023-01-13,"[0.0, 0.0, 0.0, 0.0, 0.0, 0.0, 0.0, 0.0, 0.0, 0.0, 0.0, 0.0, 0.0, 0.0, 0.0, 0.0, 0.0, 0.0, 0.0, 0.0, 0.9999999999999999, 0.0, 0.0, 0.0, 0.0, 0.0, 0.0, 0.0, 0.0, 0.0, 0.0]"
NODE_0000329,"[4.5202863302048117e-10, 1.0760195110437785e-09, 8.232616690623685e-09, 1.7295555572714973e-10, 1.6088157144247175e-08, 3.6580147284491055e-10, 5.205031144900129e-10, 1.6854715243327753e-10, 1.7074998555935508e-10, 1.7137009506615817e-10, 1.6716437783297652e-10, 1.7033268820042255e-10, 1.622516967578992e-10, 5.156398866286671e-10, 4.010317420479543e-10, 3.740645608240149e-08, 2.0672079866065294e-10, 1.703326882003978e-10, 1.7033268820038693e-10, 5.007473245893792e-10, 0.9999998474502102, 1.7633578259110832e-10, 5.669245346347761e-10, 1.685424717269078e-10, 1.3767477313240503e-10, 1.6648546676359497e-10, 1.6832223050835457e-10, 1.665107720061673e-10, 1.6490929027151526e-10, 8.33766070564712e-08, 1.677179546413786e-10]"
hMpxV/Peru/LIM-INS-332/2022|EPI_ISL_16999097|2022-12-01,"[0.0, 0.0, 0.0, 0.0, 0.0, 0.0, 0.0, 0.0, 0.0, 0.0, 0.0, 0.0, 0.0, 0.0, 0.0, 0.0, 0.0, 0.0, 0.0, 0.0, 1.0, 0.0, 0.0, 0.0, 0.0, 0.0, 0.0, 0.0, 0.0, 0.0, 0.0]"
NODE_0000330,"[6.130160599024912e-12, 1.9219788027718754e-11, 2.9110421271313e-10, 1.7362818486583999e-12, 7.029282600563336e-10, 4.668232532096094e-12, 7.432845522061926e-12, 1.7065585948625538e-12, 1.7214685212157966e-12, 1.7249611353386651e-12, 1.6976417919005316e-12, 1.7194125142131673e-12, 1.6328383734688422e-12, 7.2304367928371715e-12, 5.568255379340915e-12, 2.2472828746861327e-09, 2.1827144235341445e-12, 1.7194125142130705e-12, 1.7194125142130354e-12, 7.001923506892592e-12, 0.9999999907471864, 1.741734064185074e-12, 8.903430632664135e-12, 1.7065714137307115e-12, 1.3336410867863515e-12, 1.6995579999401562e-12, 1.674986402837804e-12, 1.7053005877506539e-12, 1.65828640965244e-12, 5.914562045547299e-09, 1.700137645087997e-12]"
hMpxV/Peru/LIM-INS-402/2023|EPI_ISL_19343500|2023-02-02,"[0.0, 0.0, 0.0, 0.0, 0.0, 0.0, 0.0, 0.0, 0.0, 0.0, 0.0, 0.0, 0.0, 0.0, 0.0, 0.0, 0.0, 0.0, 0.0, 0.0, 1.0, 0.0, 0.0, 0.0, 0.0, 0.0, 0.0, 0.0, 0.0, 0.0, 0.0]"
hMpxV/Peru/LIM-INS-368/2023|EPI_ISL_19343525|2023-01-03,"[0.0, 0.0, 0.0, 0.0, 0.0, 0.0, 0.0, 0.0, 0.0, 0.0, 0.0, 0.0, 0.0, 0.0, 0.0, 0.0, 0.0, 0.0, 0.0, 0.0, 1.0, 0.0, 0.0, 0.0, 0.0, 0.0, 0.0, 0.0, 0.0, 0.0, 0.0]"
hMpxV/Peru/LIM-INS-371/2023|EPI_ISL_19343562|2023-01-06,"[0.0, 0.0, 0.0, 0.0, 0.0, 0.0, 0.0, 0.0, 0.0, 0.0, 0.0, 0.0, 0.0, 0.0, 0.0, 0.0, 0.0, 0.0, 0.0, 0.0, 1.0, 0.0, 0.0, 0.0, 0.0, 0.0, 0.0, 0.0, 0.0, 0.0, 0.0]"
NODE_0000458,"[2.1959295255371177e-07, 5.163705393574661e-07, 1.960187252397108e-06, 2.3725032426764486e-07, 0.9909494235555479, 3.037142507399159e-07, 3.4089269820609913e-07, 2.2794079446664827e-07, 2.3257693232955905e-07, 2.329254391876216e-07, 2.2450815273811304e-07, 2.3172562472533285e-07, 2.0984827640281868e-07, 3.407986648627725e-07, 2.059888116206082e-07, 1.0786418763475897e-06, 2.435536103233618e-07, 2.3172562472534563e-07, 2.3172562472533078e-07, 3.22463127818835e-07, 0.009040073486382895, 2.415057469158309e-07, 2.50709227764192e-07, 2.2794680581709748e-07, 1.354019119520845e-07, 2.1811122658332336e-07, 2.0238680806839692e-07, 2.1923117292986525e-07, 2.1439759264309302e-07, 9.74693641868767e-07, 2.2614335689715028e-07]"
hMpxV/Chile/TA-ISP-131515/2022|EPI_ISL_19345330|2022-11-21,"[0.0, 0.0, 0.0, 0.0, 1.0, 0.0, 0.0, 0.0, 0.0, 0.0, 0.0, 0.0, 0.0, 0.0, 0.0, 0.0, 0.0, 0.0, 0.0, 0.0, 0.0, 0.0, 0.0, 0.0, 0.0, 0.0, 0.0, 0.0, 0.0, 0.0, 0.0]"
NODE_0000459,"[1.6837940587230606e-23, 1.8193792334735023e-22, 4.1969871124701464e-21, 6.800972809802899e-23, 0.9999999999999992, 7.755156871603778e-23, 8.384667475931601e-23, 6.55725817614252e-23, 6.662023200744976e-23, 6.588797942802555e-23, 6.433621254549919e-23, 6.687241937973534e-23, 5.136649110771871e-23, 7.766823365820307e-23, 2.208114670714319e-23, 1.2522603732163011e-22, 5.789963793422841e-23, 6.68724193797531e-23, 6.687241937973667e-23, 6.722323714702534e-23, 8.238041706449683e-16, 6.291570952806234e-23, 3.4299930319902715e-23, 6.55969751946134e-23, 1.2225473481946146e-23, 5.928514397781367e-23, 3.720191562772721e-23, 6.15467297673985e-23, 5.2782734398633956e-23, 2.4866786875071515e-23, 6.482382000810261e-23]"
hMpxV/Chile/RM-ISP-133151/2022|EPI_ISL_19345336|2022-11-30,"[0.0, 0.0, 0.0, 0.0, 1.0, 0.0, 0.0, 0.0, 0.0, 0.0, 0.0, 0.0, 0.0, 0.0, 0.0, 0.0, 0.0, 0.0, 0.0, 0.0, 0.0, 0.0, 0.0, 0.0, 0.0, 0.0, 0.0, 0.0, 0.0, 0.0, 0.0]"
hMpxV/Chile/RM-ISP-134481/2022|EPI_ISL_19345342|2022-12-06,"[0.0, 0.0, 0.0, 0.0, 0.9999999999999999, 0.0, 0.0, 0.0, 0.0, 0.0, 0.0, 0.0, 0.0, 0.0, 0.0, 0.0, 0.0, 0.0, 0.0, 0.0, 0.0, 0.0, 0.0, 0.0, 0.0, 0.0, 0.0, 0.0, 0.0, 0.0, 0.0]"
hMpxV/Chile/RM-ISP-134390/2022|EPI_ISL_19345341|2022-11-30,"[0.0, 0.0, 0.0, 0.0, 1.0, 0.0, 0.0, 0.0, 0.0, 0.0, 0.0, 0.0, 0.0, 0.0, 0.0, 0.0, 0.0, 0.0, 0.0, 0.0, 0.0, 0.0, 0.0, 0.0, 0.0, 0.0, 0.0, 0.0, 0.0, 0.0, 0.0]"
hMpxV/Chile/RM-ISP-137742/2022|EPI_ISL_19345352|2022-12-15,"[0.0, 0.0, 0.0, 0.0, 0.9999999999999999, 0.0, 0.0, 0.0, 0.0, 0.0, 0.0, 0.0, 0.0, 0.0, 0.0, 0.0, 0.0, 0.0, 0.0, 0.0, 0.0, 0.0, 0.0, 0.0, 0.0, 0.0, 0.0, 0.0, 0.0, 0.0, 0.0]"
hMpxV/Chile/VS-ISP-7728/2023|EPI_ISL_19345370|2023-01-27,"[0.0, 0.0, 0.0, 0.0, 1.0, 0.0, 0.0, 0.0, 0.0, 0.0, 0.0, 0.0, 0.0, 0.0, 0.0, 0.0, 0.0, 0.0, 0.0, 0.0, 0.0, 0.0, 0.0, 0.0, 0.0, 0.0, 0.0, 0.0, 0.0, 0.0, 0.0]"
hMpxV/Chile/RM-ISP-7794/2023|EPI_ISL_19345371|2023-01-30,"[0.0, 0.0, 0.0, 0.0, 1.0, 0.0, 0.0, 0.0, 0.0, 0.0, 0.0, 0.0, 0.0, 0.0, 0.0, 0.0, 0.0, 0.0, 0.0, 0.0, 0.0, 0.0, 0.0, 0.0, 0.0, 0.0, 0.0, 0.0, 0.0, 0.0, 0.0]"
hMpxV/Chile/RM-ISP-8717/2023|EPI_ISL_19345372|2023-02-02,"[0.0, 0.0, 0.0, 0.0, 1.0, 0.0, 0.0, 0.0, 0.0, 0.0, 0.0, 0.0, 0.0, 0.0, 0.0, 0.0, 0.0, 0.0, 0.0, 0.0, 0.0, 0.0, 0.0, 0.0, 0.0, 0.0, 0.0, 0.0, 0.0, 0.0, 0.0]"
NODE_0000460,"[7.658147486170485e-28, 1.1081965992095639e-26, 2.816241197887322e-25, 5.3699365138194516e-27, 0.9999999999999999, 5.2490167412574234e-27, 5.245320218789863e-27, 5.168331927236707e-27, 5.257819212513846e-27, 5.178277954658211e-27, 5.057807900783518e-27, 5.276385883017184e-27, 3.876304131524613e-27, 4.80231229384864e-27, 1.083255085098943e-27, 1.9865950333964733e-27, 4.257728433468374e-27, 5.2763858830236015e-27, 5.276385883018654e-27, 4.050121950333516e-27, 1.399402001942157e-21, 4.873168354882325e-27, 1.683831627897336e-27, 5.170710987960085e-27, 6.993923645730455e-28, 4.587968715207641e-27, 2.6099067923413498e-27, 4.800219701277187e-27, 3.996562322202255e-27, 1.9072928660411205e-28, 5.104491470198918e-27]"
hMpxV/Chile/VS-ISP-131906/2022|EPI_ISL_19345332|2022-11-26,"[0.0, 0.0, 0.0, 0.0, 1.0, 0.0, 0.0, 0.0, 0.0, 0.0, 0.0, 0.0, 0.0, 0.0, 0.0, 0.0, 0.0, 0.0, 0.0, 0.0, 0.0, 0.0, 0.0, 0.0, 0.0, 0.0, 0.0, 0.0, 0.0, 0.0, 0.0]"
hMpxV/Chile/RM-ISP-134774/2022|EPI_ISL_19345343|2022-12-01,"[0.0, 0.0, 0.0, 0.0, 1.0, 0.0, 0.0, 0.0, 0.0, 0.0, 0.0, 0.0, 0.0, 0.0, 0.0, 0.0, 0.0, 0.0, 0.0, 0.0, 0.0, 0.0, 0.0, 0.0, 0.0, 0.0, 0.0, 0.0, 0.0, 0.0, 0.0]"
hMpxV/Chile/RM-ISP-135958/2022|EPI_ISL_19345348|2022-12-04,"[0.0, 0.0, 0.0, 0.0, 1.0, 0.0, 0.0, 0.0, 0.0, 0.0, 0.0, 0.0, 0.0, 0.0, 0.0, 0.0, 0.0, 0.0, 0.0, 0.0, 0.0, 0.0, 0.0, 0.0, 0.0, 0.0, 0.0, 0.0, 0.0, 0.0, 0.0]"
hMpxV/Chile/VS-ISP-138625/2022|EPI_ISL_19345356|2022-12-19,"[0.0, 0.0, 0.0, 0.0, 1.0, 0.0, 0.0, 0.0, 0.0, 0.0, 0.0, 0.0, 0.0, 0.0, 0.0, 0.0, 0.0, 0.0, 0.0, 0.0, 0.0, 0.0, 0.0, 0.0, 0.0, 0.0, 0.0, 0.0, 0.0, 0.0, 0.0]"
hMpxV/Chile/RM-ISP-140628/2022|EPI_ISL_19345358|2022-12-28,"[0.0, 0.0, 0.0, 0.0, 0.9999999999999999, 0.0, 0.0, 0.0, 0.0, 0.0, 0.0, 0.0, 0.0, 0.0, 0.0, 0.0, 0.0, 0.0, 0.0, 0.0, 0.0, 0.0, 0.0, 0.0, 0.0, 0.0, 0.0, 0.0, 0.0, 0.0, 0.0]"
hMpxV/Chile/VS-ISP-1163/2023|EPI_ISL_19345353|2023-01-03,"[0.0, 0.0, 0.0, 0.0, 0.9999999999999999, 0.0, 0.0, 0.0, 0.0, 0.0, 0.0, 0.0, 0.0, 0.0, 0.0, 0.0, 0.0, 0.0, 0.0, 0.0, 0.0, 0.0, 0.0, 0.0, 0.0, 0.0, 0.0, 0.0, 0.0, 0.0, 0.0]"
hMpxV/Chile/RM-ISP-135491/2022|EPI_ISL_19345346|2022-12-09,"[0.0, 0.0, 0.0, 0.0, 0.9999999999999999, 0.0, 0.0, 0.0, 0.0, 0.0, 0.0, 0.0, 0.0, 0.0, 0.0, 0.0, 0.0, 0.0, 0.0, 0.0, 0.0, 0.0, 0.0, 0.0, 0.0, 0.0, 0.0, 0.0, 0.0, 0.0, 0.0]"
hMpxV/Chile/VS-ISP-7726/2023|EPI_ISL_19345368|2023-01-27,"[0.0, 0.0, 0.0, 0.0, 1.0, 0.0, 0.0, 0.0, 0.0, 0.0, 0.0, 0.0, 0.0, 0.0, 0.0, 0.0, 0.0, 0.0, 0.0, 0.0, 0.0, 0.0, 0.0, 0.0, 0.0, 0.0, 0.0, 0.0, 0.0, 0.0, 0.0]"
NODE_0000461,"[4.9449533027177386e-08, 1.0762468098223102e-07, 2.7180680005571935e-07, 8.844974816838147e-08, 0.9999958577394185, 8.661999003719686e-08, 8.517624929902731e-08, 8.423913907100109e-08, 8.626280085152533e-08, 8.648230710745113e-08, 8.272974470377447e-08, 8.598611563380791e-08, 7.618406724497038e-08, 8.572790889150047e-08, 4.669550086487775e-08, 5.583568736842218e-08, 8.495690256768554e-08, 8.598611563380919e-08, 8.5986115633808e-08, 8.036464674698535e-08, 1.7257074414149426e-06, 9.030408493805707e-08, 5.244799219976603e-08, 8.424189035698878e-08, 4.5079806469507426e-08, 7.982174599261103e-08, 7.161319393545033e-08, 8.03128461920424e-08, 7.810283528763981e-08, 3.4653808262947964e-08, 8.34108826032162e-08]"
hMpxV/Chile/VS-ISP-4661/2023|EPI_ISL_19345366|2023-01-17,"[0.0, 0.0, 0.0, 0.0, 0.9999999999999999, 0.0, 0.0, 0.0, 0.0, 0.0, 0.0, 0.0, 0.0, 0.0, 0.0, 0.0, 0.0, 0.0, 0.0, 0.0, 0.0, 0.0, 0.0, 0.0, 0.0, 0.0, 0.0, 0.0, 0.0, 0.0, 0.0]"
NODE_0000462,"[4.1134429625835285e-10, 9.408442948195971e-10, 2.4951136938103928e-09, 7.652729075347166e-10, 0.9999999598399757, 7.484243775237611e-10, 7.353099353087939e-10, 7.295884853482415e-10, 7.472786050516304e-10, 7.480381049596249e-10, 7.162950367019351e-10, 7.441198686048867e-10, 6.562979201204944e-10, 7.386942825164757e-10, 3.9125498366927913e-10, 4.6105555509530476e-10, 7.319334213635819e-10, 7.441198686050297e-10, 7.441198686049318e-10, 6.900917230465754e-10, 1.9238706627186816e-08, 7.790083120433095e-10, 4.4245048458995126e-10, 7.296238743688849e-10, 3.726078228691502e-10, 6.89877583951351e-10, 6.121658608443887e-10, 6.949497279306249e-10, 6.732964374852989e-10, 2.6548478067593776e-10, 7.226553989440972e-10]"
hMpxV/Chile/VS-ISP-189/2022|EPI_ISL_19345361|2022-12-30,"[0.0, 0.0, 0.0, 0.0, 1.0, 0.0, 0.0, 0.0, 0.0, 0.0, 0.0, 0.0, 0.0, 0.0, 0.0, 0.0, 0.0, 0.0, 0.0, 0.0, 0.0, 0.0, 0.0, 0.0, 0.0, 0.0, 0.0, 0.0, 0.0, 0.0, 0.0]"
hMpxV/Chile/VS-ISP-445/2022|EPI_ISL_19345362|2022-12-31,"[0.0, 0.0, 0.0, 0.0, 1.0, 0.0, 0.0, 0.0, 0.0, 0.0, 0.0, 0.0, 0.0, 0.0, 0.0, 0.0, 0.0, 0.0, 0.0, 0.0, 0.0, 0.0, 0.0, 0.0, 0.0, 0.0, 0.0, 0.0, 0.0, 0.0, 0.0]"
NODE_0000422,"[0.0011360225486018105, 0.0016758617897373368, 0.009260612056592349, 0.0009152572159963241, 0.004521910359460118, 0.0011690006083079753, 0.2087648442229038, 0.0008798700981276293, 0.000899095088828621, 0.0009049777544791288, 0.0008659000419569085, 0.0008929981506190423, 0.0008289154269912061, 0.0013343528994850572, 0.0008950677464709311, 0.004866100647242899, 0.0009926345784557703, 0.0008929981506190182, 0.0008929981506190452, 0.001265223667627085, 0.7414585125388012, 0.0009449488541008534, 0.001334695102598568, 0.0008798331133269576, 0.0006900305934285333, 0.0008534215460795527, 0.000831773165950233, 0.0008532266331195764, 0.0008450357107656213, 0.006580013355573243, 0.0008738681831335363]"
hMpxV/Egypt/MOH-NRC-0023/2022|EPI_ISL_18879931|2022-12-18,"[0.0, 0.0, 0.0, 0.0, 0.0, 0.0, 1.0, 0.0, 0.0, 0.0, 0.0, 0.0, 0.0, 0.0, 0.0, 0.0, 0.0, 0.0, 0.0, 0.0, 0.0, 0.0, 0.0, 0.0, 0.0, 0.0, 0.0, 0.0, 0.0, 0.0, 0.0]"
NODE_0000423,"[3.3842537762282275e-10, 7.15944539487353e-11, 0.9999999642869696, 6.640939217289397e-11, 1.238528897383393e-09, 6.949227927973171e-11, 1.3729386055205732e-10, 6.692716196976586e-11, 6.713490422714737e-11, 6.763434911390419e-11, 6.636490709980358e-11, 6.6587334388359e-11, 6.109372607380985e-11, 7.173000242758842e-11, 4.3169647626277455e-11, 3.55576707603475e-10, 7.248352019948336e-11, 6.658733438842614e-11, 6.658733438841486e-11, 6.456574359750238e-11, 1.6946809532576033e-08, 6.319109961227839e-11, 5.837189419126563e-09, 6.69320626941545e-11, 1.3975730436501222e-10, 6.641569908780581e-11, 5.289705685579227e-11, 6.737380984118844e-11, 6.124311147074675e-11, 9.28601846100952e-09, 6.701589000547642e-11]"
hMpxV/Brazil/RJ-UG_UFRJ_0544/2024|EPI_ISL_19434489|2024-03-06,"[0.0, 0.0, 1.0, 0.0, 0.0, 0.0, 0.0, 0.0, 0.0, 0.0, 0.0, 0.0, 0.0, 0.0, 0.0, 0.0, 0.0, 0.0, 0.0, 0.0, 0.0, 0.0, 0.0, 0.0, 0.0, 0.0, 0.0, 0.0, 0.0, 0.0, 0.0]"
hMpxV/Brazil/RJ-UG_UFRJ_0548/2024|EPI_ISL_19434492|2024-04-15,"[0.0, 0.0, 0.9999999999999999, 0.0, 0.0, 0.0, 0.0, 0.0, 0.0, 0.0, 0.0, 0.0, 0.0, 0.0, 0.0, 0.0, 0.0, 0.0, 0.0, 0.0, 0.0, 0.0, 0.0, 0.0, 0.0, 0.0, 0.0, 0.0, 0.0, 0.0, 0.0]"
NODE_0000424,"[1.0899271991157264e-10, 2.544471690799584e-11, 0.9999999942210411, 2.5428232557346826e-11, 3.027949683021293e-10, 2.5490599213078036e-11, 3.286383116124106e-11, 2.5432153415211643e-11, 2.5516755985714256e-11, 2.5490635296139305e-11, 2.5257177254864225e-11, 2.5423131446200315e-11, 2.339051300191792e-11, 2.5456510423155852e-11, 1.6057392776419997e-11, 8.298715997238108e-11, 2.507848114079205e-11, 2.5423131446234497e-11, 2.54231314462271e-11, 2.372593058263251e-11, 1.951556352589883e-09, 2.4428205001182543e-11, 1.5159280309839647e-09, 2.543514757099853e-11, 4.6354913148461264e-11, 2.4740913955552698e-11, 2.0601813053789634e-11, 2.509095943414324e-11, 2.3511981660149115e-11, 1.200220606921726e-09, 2.5412870208129207e-11]"
hMpxV/Brazil/SC-FIOCRUZ-10555/2024|EPI_ISL_19416191|2024-03-01,"[0.0, 0.0, 0.9999999999999999, 0.0, 0.0, 0.0, 0.0, 0.0, 0.0, 0.0, 0.0, 0.0, 0.0, 0.0, 0.0, 0.0, 0.0, 0.0, 0.0, 0.0, 0.0, 0.0, 0.0, 0.0, 0.0, 0.0, 0.0, 0.0, 0.0, 0.0, 0.0]"
NODE_0000425,"[2.714008282116413e-07, 9.247205751234301e-08, 0.9999917544583184, 9.300855797459386e-08, 5.578338560760824e-07, 9.278509292825074e-08, 1.1086209656303483e-07, 9.172583459582835e-08, 9.262461430337718e-08, 9.293011621952178e-08, 9.08307265295295e-08, 9.217858161883397e-08, 8.580476810862794e-08, 9.375603456745483e-08, 6.273495075250554e-08, 2.0959373188200066e-07, 9.406784504752093e-08, 9.217858161887476e-08, 9.21785816188669e-08, 8.823130637731206e-08, 1.6234125462902278e-06, 9.206841045306458e-08, 1.7391969979643527e-06, 9.172929695478488e-08, 1.428839321633017e-07, 8.93547251560835e-08, 7.989757681446236e-08, 9.000313287993437e-08, 8.662733907948316e-08, 1.6216969449679772e-06, 9.147261649900693e-08]"
hMpxV/Brazil/RJ-UG_UFRJ_0542/2024|EPI_ISL_19434488|2024-02-08,"[0.0, 0.0, 1.0, 0.0, 0.0, 0.0, 0.0, 0.0, 0.0, 0.0, 0.0, 0.0, 0.0, 0.0, 0.0, 0.0, 0.0, 0.0, 0.0, 0.0, 0.0, 0.0, 0.0, 0.0, 0.0, 0.0, 0.0, 0.0, 0.0, 0.0, 0.0]"
hMpxV/Brazil/RJ-FIOCRUZ-10485/2024|EPI_ISL_19416149|2024-04-07,"[0.0, 0.0, 1.0, 0.0, 0.0, 0.0, 0.0, 0.0, 0.0, 0.0, 0.0, 0.0, 0.0, 0.0, 0.0, 0.0, 0.0, 0.0, 0.0, 0.0, 0.0, 0.0, 0.0, 0.0, 0.0, 0.0, 0.0, 0.0, 0.0, 0.0, 0.0]"
NODE_0000426,"[2.7208843338947086e-09, 8.369479337197455e-10, 0.999999908742941, 8.466788979391241e-10, 6.009568083081297e-09, 8.418136539812899e-10, 1.0328657746637282e-09, 8.374768135009569e-10, 8.433171809335345e-10, 8.411423034254408e-10, 8.311380089550985e-10, 8.41399840417751e-10, 7.795854169243456e-10, 8.317880180616399e-10, 5.527928033784201e-10, 2.0475013467302963e-09, 8.18108492642004e-10, 8.413998404186952e-10, 8.413998404185283e-10, 7.923112352633623e-10, 2.1247723346503726e-08, 8.302695150044907e-10, 2.146416106033153e-08, 8.375526957714807e-10, 1.3023913166367709e-09, 8.125896697065558e-10, 7.144287882038235e-10, 8.207641808674199e-10, 7.869301251201233e-10, 1.7617002880094806e-08, 8.351255694384489e-10]"
hMpxV/Brazil/RJ-FIOCRUZ-331/2024|EPI_ISL_19408591|2024-01-12,"[0.0, 0.0, 1.0, 0.0, 0.0, 0.0, 0.0, 0.0, 0.0, 0.0, 0.0, 0.0, 0.0, 0.0, 0.0, 0.0, 0.0, 0.0, 0.0, 0.0, 0.0, 0.0, 0.0, 0.0, 0.0, 0.0, 0.0, 0.0, 0.0, 0.0, 0.0]"
hMpxV/Brazil/RJ-FIOCRUZ-14479/2023|EPI_ISL_19012435|2023-12-18,"[0.0, 0.0, 1.0, 0.0, 0.0, 0.0, 0.0, 0.0, 0.0, 0.0, 0.0, 0.0, 0.0, 0.0, 0.0, 0.0, 0.0, 0.0, 0.0, 0.0, 0.0, 0.0, 0.0, 0.0, 0.0, 0.0, 0.0, 0.0, 0.0, 0.0, 0.0]"
NODE_0000427,"[4.65897114081298e-08, 2.730816413406039e-10, 0.9999998844204406, 2.7185780657433106e-10, 3.1760825256712654e-09, 2.7318645260006934e-10, 3.526120218833065e-10, 2.749413449122636e-10, 2.753413106249698e-10, 2.729666574929191e-10, 2.731151497959111e-10, 2.7316803871294027e-10, 2.487861902804382e-10, 2.707692222373214e-10, 2.122375211304999e-10, 8.581090722775914e-10, 2.643088906256204e-10, 2.73168038713077e-10, 2.731680387130536e-10, 2.497803723408108e-10, 2.4972704398377442e-08, 2.5623729908953895e-10, 1.5499668374218332e-08, 2.7498536721918913e-10, 6.951190110165343e-10, 2.661344551341077e-10, 2.130758344752763e-10, 2.7113075882544313e-10, 2.501918607797826e-10, 1.764847131208887e-08, 2.754492789301748e-10]"
hMpxV/Brazil/RJ-UG_UFRJ_0545/2024|EPI_ISL_19434490|2024-03-28,"[0.0, 0.0, 0.9999999999999999, 0.0, 0.0, 0.0, 0.0, 0.0, 0.0, 0.0, 0.0, 0.0, 0.0, 0.0, 0.0, 0.0, 0.0, 0.0, 0.0, 0.0, 0.0, 0.0, 0.0, 0.0, 0.0, 0.0, 0.0, 0.0, 0.0, 0.0, 0.0]"
hMpxV/Brazil/SP-IAL-357523319/2024|EPI_ISL_19359683|2024-02-26,"[0.0, 0.0, 1.0, 0.0, 0.0, 0.0, 0.0, 0.0, 0.0, 0.0, 0.0, 0.0, 0.0, 0.0, 0.0, 0.0, 0.0, 0.0, 0.0, 0.0, 0.0, 0.0, 0.0, 0.0, 0.0, 0.0, 0.0, 0.0, 0.0, 0.0, 0.0]"
hMpxV/Brazil/RJ-FIOCRUZ-09214/2024|EPI_ISL_19416144|2024-03-25,"[0.0, 0.0, 1.0, 0.0, 0.0, 0.0, 0.0, 0.0, 0.0, 0.0, 0.0, 0.0, 0.0, 0.0, 0.0, 0.0, 0.0, 0.0, 0.0, 0.0, 0.0, 0.0, 0.0, 0.0, 0.0, 0.0, 0.0, 0.0, 0.0, 0.0, 0.0]"
NODE_0000428,"[0.9999887704029248, 9.630745319110295e-08, 7.538973493927572e-06, 9.77082538598473e-08, 1.480438019829077e-07, 9.695541405174832e-08, 1.0100694258655315e-07, 9.585856577762543e-08, 9.704011395200996e-08, 9.70371186788122e-08, 9.478142851106711e-08, 9.65430106799292e-08, 8.85679244824147e-08, 9.684130418767134e-08, 1.3487781516365578e-07, 9.489757697044807e-08, 9.633269063605416e-08, 9.654301067993944e-08, 9.654301067993826e-08, 9.108425935083343e-08, 2.0573845477322553e-07, 9.6875016397985e-08, 1.6822021354612188e-07, 9.586414603067496e-08, 2.6634980659964367e-07, 9.259162498243562e-08, 8.191766506230546e-08, 9.338055866094054e-08, 8.974512651031422e-08, 5.874786238617472e-07, 9.549264954809094e-08]"
hMpxV/Australia/VIC-VIDRL-1795/2024|EPI_ISL_19459732|2024-05-22,"[1.0, 0.0, 0.0, 0.0, 0.0, 0.0, 0.0, 0.0, 0.0, 0.0, 0.0, 0.0, 0.0, 0.0, 0.0, 0.0, 0.0, 0.0, 0.0, 0.0, 0.0, 0.0, 0.0, 0.0, 0.0, 0.0, 0.0, 0.0, 0.0, 0.0, 0.0]"
hMpxV/Australia/VIC-VIDRL-40804/2024|EPI_ISL_19459740|2024-05-30,"[1.0, 0.0, 0.0, 0.0, 0.0, 0.0, 0.0, 0.0, 0.0, 0.0, 0.0, 0.0, 0.0, 0.0, 0.0, 0.0, 0.0, 0.0, 0.0, 0.0, 0.0, 0.0, 0.0, 0.0, 0.0, 0.0, 0.0, 0.0, 0.0, 0.0, 0.0]"
NODE_0000429,"[7.737760407445824e-07, 1.328727589277341e-07, 0.9991487484873561, 1.3151062402822182e-07, 8.501029426374553e-07, 1.3271237848770953e-07, 1.5837775863317405e-07, 1.324147268642616e-07, 1.3251453502009493e-07, 1.3234534724298718e-07, 1.3174302145075971e-07, 1.319633628415196e-07, 1.2268085664300925e-07, 1.3314311469254613e-07, 1.273456636847856e-07, 7.022428682548269e-07, 2.580729383909007e-07, 1.3196336284153773e-07, 1.3196336284153048e-07, 1.239751820108221e-07, 2.0841317364677787e-05, 1.262807531729392e-07, 4.274596558284678e-06, 1.324296454327623e-07, 2.659878863079047e-07, 1.8967698889992096e-07, 1.0820143463665547e-07, 1.8828175964445778e-07, 1.2295822315257038e-07, 0.000820297557208396, 1.3250397498948546e-07]"
NODE_0000430,"[3.058627637671938e-09, 9.594054168917228e-10, 0.9999998814039489, 9.682420320423543e-10, 6.490295696094661e-09, 9.640030476224984e-10, 1.172016642705499e-09, 9.570869960531217e-10, 9.644775821016278e-10, 9.635759790753655e-10, 9.492960696411156e-10, 9.615498557790268e-10, 8.923364924276468e-10, 9.588268924622635e-10, 6.452209745068143e-10, 2.3374695451340084e-09, 9.674070504897415e-10, 9.61549855781987e-10, 9.61549855781747e-10, 9.100384171258293e-10, 2.3232895889507755e-08, 9.520204943310692e-10, 2.2319815507974143e-08, 9.571590681742923e-10, 1.4927816367420813e-09, 9.393607871028733e-10, 8.216074260755876e-10, 9.474403053337295e-10, 9.007336037973118e-10, 3.803480639768787e-08, 9.544538346871704e-10]"
hMpxV/Brazil/RJ-FIOCRUZ-10504/2024|EPI_ISL_19416157|2024-05-15,"[0.0, 0.0, 1.0, 0.0, 0.0, 0.0, 0.0, 0.0, 0.0, 0.0, 0.0, 0.0, 0.0, 0.0, 0.0, 0.0, 0.0, 0.0, 0.0, 0.0, 0.0, 0.0, 0.0, 0.0, 0.0, 0.0, 0.0, 0.0, 0.0, 0.0, 0.0]"
hMpxV/Brazil/RJ-FIOCRUZ-10507/2024|EPI_ISL_19416159|2024-05-22,"[0.0, 0.0, 1.0, 0.0, 0.0, 0.0, 0.0, 0.0, 0.0, 0.0, 0.0, 0.0, 0.0, 0.0, 0.0, 0.0, 0.0, 0.0, 0.0, 0.0, 0.0, 0.0, 0.0, 0.0, 0.0, 0.0, 0.0, 0.0, 0.0, 0.0, 0.0]"
NODE_0000432,"[1.7756228394024246e-09, 4.76706826402559e-10, 0.9999995161454933, 4.798097214339708e-10, 3.3643096031861924e-09, 4.783617468496398e-10, 5.832723467212838e-10, 4.759734247967605e-10, 4.787031196221864e-10, 4.773719441882972e-10, 4.726910392774213e-10, 4.776263720567723e-10, 4.428700036293611e-10, 4.73123549287401e-10, 3.434565884536938e-10, 1.421975896926037e-09, 5.526548410883775e-10, 4.776263720582325e-10, 4.776263720581084e-10, 4.497801121091171e-10, 3.013103867507523e-08, 4.689375726205922e-10, 1.3430385925353338e-08, 4.760202662043895e-10, 7.740433091949582e-10, 5.052883954148223e-10, 4.03521081479662e-10, 5.079747113990512e-10, 4.4656062481676595e-10, 4.2205629151728964e-07, 4.748819322455628e-10]"
hMpxV/Brazil/RJ-FIOCRUZ-3526/2024|EPI_ISL_19205399|2024-04-03,"[0.0, 0.0, 1.0, 0.0, 0.0, 0.0, 0.0, 0.0, 0.0, 0.0, 0.0, 0.0, 0.0, 0.0, 0.0, 0.0, 0.0, 0.0, 0.0, 0.0, 0.0, 0.0, 0.0, 0.0, 0.0, 0.0, 0.0, 0.0, 0.0, 0.0, 0.0]"
hMpxV/Brazil/RJ-FIOCRUZ-3528/2024|EPI_ISL_19205401|2024-04-24,"[0.0, 0.0, 0.9999999999999999, 0.0, 0.0, 0.0, 0.0, 0.0, 0.0, 0.0, 0.0, 0.0, 0.0, 0.0, 0.0, 0.0, 0.0, 0.0, 0.0, 0.0, 0.0, 0.0, 0.0, 0.0, 0.0, 0.0, 0.0, 0.0, 0.0, 0.0, 0.0]"
NODE_0000431,"[7.766731680019041e-08, 6.932796153698208e-09, 6.673613570473684e-05, 6.72023004461131e-09, 1.927671663036059e-08, 6.88911591403522e-09, 7.430633560795265e-09, 6.867014653238682e-09, 6.824421850522951e-09, 6.751019109246858e-09, 6.87656164835213e-09, 6.8036865546874574e-09, 6.423840907505501e-09, 6.784519359423897e-09, 1.2751005819019893e-08, 9.555339416745879e-08, 3.9943098468450215e-08, 6.803686554682733e-09, 6.8036865546800715e-09, 6.376730126430169e-09, 7.007601462111808e-06, 6.400052433320421e-09, 1.0950056403482052e-07, 6.868015210849653e-09, 1.5871907651389693e-08, 1.886988171146078e-08, 5.649264276273311e-09, 1.8103435633960588e-08, 6.41379092483214e-09, 0.9999257212171909, 6.889255495591873e-09]"
hMpxV/USA/CA-LACPHL-MA00622/2024|EPI_ISL_19139151|2024-04-11,"[0.0, 0.0, 0.0, 0.0, 0.0, 0.0, 0.0, 0.0, 0.0, 0.0, 0.0, 0.0, 0.0, 0.0, 0.0, 0.0, 0.0, 0.0, 0.0, 0.0, 0.0, 0.0, 0.0, 0.0, 0.0, 0.0, 0.0, 0.0, 0.0, 1.0, 0.0]"
hMpxV/USA/CA-LACPHL-MA00626/2024|EPI_ISL_19196359|2024-05-17,"[0.0, 0.0, 0.0, 0.0, 0.0, 0.0, 0.0, 0.0, 0.0, 0.0, 0.0, 0.0, 0.0, 0.0, 0.0, 0.0, 0.0, 0.0, 0.0, 0.0, 0.0, 0.0, 0.0, 0.0, 0.0, 0.0, 0.0, 0.0, 0.0, 1.0, 0.0]"
hMpxV/USA/CA-LACPHL-MA00650/2024|EPI_ISL_19319388|2024-07-10,"[0.0, 0.0, 0.0, 0.0, 0.0, 0.0, 0.0, 0.0, 0.0, 0.0, 0.0, 0.0, 0.0, 0.0, 0.0, 0.0, 0.0, 0.0, 0.0, 0.0, 0.0, 0.0, 0.0, 0.0, 0.0, 0.0, 0.0, 0.0, 0.0, 1.0, 0.0]"
NODE_0000435,"[0.00020339932327124074, 0.00038440697538425433, 0.0013375588399148139, 0.0002098532735928422, 0.0008786092823621579, 0.00026756318229858894, 0.0002994253376909786, 0.00020517875309343208, 0.0002105015059005597, 0.0002939780683168495, 0.0002003671360052163, 0.00020535463651348616, 0.0001906831826985373, 0.0006788972530254766, 0.0001912410245580825, 0.0009590066878709074, 0.000582144016521565, 0.00020535463651353986, 0.00020535463651350937, 0.6996534720812926, 0.24452520291629218, 0.00021326688920816054, 0.044596277810306645, 0.00020518603193115043, 0.0007872399003187458, 0.00019450587436205897, 0.0001825861911434295, 0.0001961244760212192, 0.000192473180839761, 0.001339655474961736, 0.00020513142127637923]"
NODE_0000447,"[1.570371662765868e-07, 2.639396056343224e-07, 2.0373205712437224e-06, 2.3060055487730046e-07, 3.537209242486256e-07, 2.406167323266547e-07, 2.44544838804229e-07, 2.2366106854028292e-07, 2.2892087554733716e-07, 4.958367645799238e-07, 2.1927075834243485e-07, 2.2547404049040877e-07, 2.0574100705951824e-07, 1.4533498123566263e-06, 1.4873784043462996e-07, 3.3792194870874605e-07, 1.9370003273631373e-06, 2.2547404049061685e-07, 2.2547404049069525e-07, 3.2562944829587856e-05, 1.1481490598909698e-05, 2.3383155997359615e-07, 0.9999374199826098, 2.2366976290368918e-07, 6.6903127566901745e-06, 2.1251297036518909e-07, 1.9399393289692727e-07, 2.1425476435063477e-07, 2.0883020336418859e-07, 8.807258573859287e-07, 2.2280723592225476e-07]"
hMpxV/Portugal/INSA-PT0615/2022|EPI_ISL_18544967|2022-12-26,"[0.0, 0.0, 0.0, 0.0, 0.0, 0.0, 0.0, 0.0, 0.0, 0.0, 0.0, 0.0, 0.0, 0.0, 0.0, 0.0, 0.0, 0.0, 0.0, 0.0, 0.0, 0.0, 1.0, 0.0, 0.0, 0.0, 0.0, 0.0, 0.0, 0.0, 0.0]"
hMpxV/Portugal/INSA-PT0618/2023|EPI_ISL_18544281|2023-01-12,"[0.0, 0.0, 0.0, 0.0, 0.0, 0.0, 0.0, 0.0, 0.0, 0.0, 0.0, 0.0, 0.0, 0.0, 0.0, 0.0, 0.0, 0.0, 0.0, 0.0, 0.0, 0.0, 1.0, 0.0, 0.0, 0.0, 0.0, 0.0, 0.0, 0.0, 0.0]"
NODE_0000436,"[5.082387051495149e-13, 2.0127076463485235e-12, 1.977241427576387e-12, 1.1483581591957886e-12, 4.0487465971326715e-12, 1.4334133243119573e-12, 1.6010655926295165e-12, 1.1195678827681321e-12, 1.1434912376266135e-12, 1.4560868107221616e-12, 1.0933257771293882e-12, 1.128047790557272e-12, 9.368295715498665e-13, 2.8887080956625167e-12, 5.948049208657393e-13, 3.4651243074104503e-12, 2.32795909970424e-12, 1.1280477905580524e-12, 1.1280477905575935e-12, 0.9999999980404911, 1.6146706375598862e-09, 1.0984953905426088e-12, 3.040889927324162e-10, 1.1198510674171678e-12, 1.5307257675721003e-12, 1.0264974419802471e-12, 7.5100636253138e-13, 1.055502828353412e-12, 9.519207484189374e-13, 9.614662149906664e-13, 1.11421869197143e-12]"
hMpxV/Paraguay/601896/2023|EPI_ISL_17988355|2023-02-15,"[0.0, 0.0, 0.0, 0.0, 0.0, 0.0, 0.0, 0.0, 0.0, 0.0, 0.0, 0.0, 0.0, 0.0, 0.0, 0.0, 0.0, 0.0, 0.0, 1.0, 0.0, 0.0, 0.0, 0.0, 0.0, 0.0, 0.0, 0.0, 0.0, 0.0, 0.0]"
hMpxV/Paraguay/742315/2022|EPI_ISL_17988367|2022-11-26,"[0.0, 0.0, 0.0, 0.0, 0.0, 0.0, 0.0, 0.0, 0.0, 0.0, 0.0, 0.0, 0.0, 0.0, 0.0, 0.0, 0.0, 0.0, 0.0, 1.0, 0.0, 0.0, 0.0, 0.0, 0.0, 0.0, 0.0, 0.0, 0.0, 0.0, 0.0]"
NODE_0000446,"[2.2238597814685454e-07, 3.9870210523003223e-07, 1.6570645290320954e-07, 4.146274436279978e-07, 3.4000085499284263e-07, 4.047801521026647e-07, 3.971147805210157e-07, 3.943242881301476e-07, 4.0389586488185944e-07, 4.055404061072412e-07, 3.871018723605443e-07, 4.028866880926856e-07, 3.5468803848603067e-07, 4.0109016809686973e-07, 2.1250146688873376e-07, 2.464074350232712e-07, 3.976448377491213e-07, 4.028866880927176e-07, 4.0288668809269334e-07, 0.9999895041822987, 2.3059563456980786e-07, 4.226356883935852e-07, 5.494468151426083e-07, 3.943398327054375e-07, 2.0797798678963285e-07, 3.7268435641789593e-07, 3.308320297717655e-07, 3.7523704591618116e-07, 3.637287445997502e-07, 1.0291769205184991e-07, 3.9024966554398054e-07]"
hMpxV/Paraguay/595736/2023|EPI_ISL_17988354|2023-02-07,"[0.0, 0.0, 0.0, 0.0, 0.0, 0.0, 0.0, 0.0, 0.0, 0.0, 0.0, 0.0, 0.0, 0.0, 0.0, 0.0, 0.0, 0.0, 0.0, 1.0, 0.0, 0.0, 0.0, 0.0, 0.0, 0.0, 0.0, 0.0, 0.0, 0.0, 0.0]"
hMpxV/Paraguay/585623/2023|EPI_ISL_17988349|2023-01-23,"[0.0, 0.0, 0.0, 0.0, 0.0, 0.0, 0.0, 0.0, 0.0, 0.0, 0.0, 0.0, 0.0, 0.0, 0.0, 0.0, 0.0, 0.0, 0.0, 1.0, 0.0, 0.0, 0.0, 0.0, 0.0, 0.0, 0.0, 0.0, 0.0, 0.0, 0.0]"
NODE_0000444,"[4.708619961557914e-10, 1.0387902517210212e-09, 3.293246301541687e-10, 1.0832613900501832e-09, 8.614598895138217e-10, 1.0561135464204606e-09, 1.037792435251181e-09, 1.0311145347144916e-09, 1.0551588948557052e-09, 1.0576218520655243e-09, 1.0116045649127807e-09, 1.0540429337139543e-09, 9.012655206872483e-10, 1.035476209765824e-09, 4.791839309246906e-10, 5.847066185685118e-10, 1.0102099030594172e-09, 1.0540429337142091e-09, 1.0540429337140271e-09, 0.9999999729576117, 7.135401588374936e-10, 1.0850136035245629e-09, 1.7111533174676738e-09, 1.031219700162384e-09, 4.456310363038869e-10, 9.64592702765126e-10, 7.990428475761798e-10, 9.76875581647909e-10, 9.249692957261027e-10, 1.6444551634218576e-10, 1.0198298038179534e-09]"
hMpxV/Paraguay/593520/2023|EPI_ISL_17988352|2023-02-02,"[0.0, 0.0, 0.0, 0.0, 0.0, 0.0, 0.0, 0.0, 0.0, 0.0, 0.0, 0.0, 0.0, 0.0, 0.0, 0.0, 0.0, 0.0, 0.0, 1.0, 0.0, 0.0, 0.0, 0.0, 0.0, 0.0, 0.0, 0.0, 0.0, 0.0, 0.0]"
hMpxV/Paraguay/607376/2023|EPI_ISL_17988357|2023-02-18,"[0.0, 0.0, 0.0, 0.0, 0.0, 0.0, 0.0, 0.0, 0.0, 0.0, 0.0, 0.0, 0.0, 0.0, 0.0, 0.0, 0.0, 0.0, 0.0, 1.0, 0.0, 0.0, 0.0, 0.0, 0.0, 0.0, 0.0, 0.0, 0.0, 0.0, 0.0]"
NODE_0000445,"[1.0709095384056028e-08, 1.9632105653439233e-08, 7.881070703900106e-09, 2.042852446883293e-08, 1.6683092941396263e-08, 1.9942532671246613e-08, 1.9564726720147454e-08, 1.9442496824110795e-08, 1.9917756392456852e-08, 1.9968970724974595e-08, 1.908238535378537e-08, 1.9852945227394572e-08, 1.7424955386076656e-08, 1.970973981172717e-08, 1.0260233252893871e-08, 1.199117850126808e-08, 1.951270977807193e-08, 1.9852945227399764e-08, 1.985294522739666e-08, 0.9999994834988294, 1.1871688778586116e-08, 2.0782017499015236e-08, 2.7927696441457197e-08, 1.9443468692092752e-08, 9.885420224208667e-09, 1.835140377635735e-08, 1.6171284176991645e-08, 1.8491809724083686e-08, 1.7878442080726344e-08, 4.7411657294180365e-09, 1.9246363404378455e-08]"
hMpxV/Paraguay/595642/2023|EPI_ISL_17988353|2023-02-07,"[0.0, 0.0, 0.0, 0.0, 0.0, 0.0, 0.0, 0.0, 0.0, 0.0, 0.0, 0.0, 0.0, 0.0, 0.0, 0.0, 0.0, 0.0, 0.0, 0.9999999999999999, 0.0, 0.0, 0.0, 0.0, 0.0, 0.0, 0.0, 0.0, 0.0, 0.0, 0.0]"
hMpxV/Paraguay/747046/2023|EPI_ISL_17988377|2023-01-02,"[0.0, 0.0, 0.0, 0.0, 0.0, 0.0, 0.0, 0.0, 0.0, 0.0, 0.0, 0.0, 0.0, 0.0, 0.0, 0.0, 0.0, 0.0, 0.0, 1.0, 0.0, 0.0, 0.0, 0.0, 0.0, 0.0, 0.0, 0.0, 0.0, 0.0, 0.0]"
NODE_0000437,"[6.486889727130797e-12, 1.502714892313307e-11, 4.40926399463008e-12, 1.569155467006137e-11, 1.2368317614439904e-11, 1.5297678953576384e-11, 1.503132010780193e-11, 1.496246082863348e-11, 1.5317901052523702e-11, 1.5299058286941662e-11, 1.467235386025572e-11, 1.527303484229436e-11, 1.297412642563231e-11, 1.4910154353741535e-11, 6.634774298990718e-12, 8.243714020892896e-12, 1.4503743665211736e-11, 1.5273034842303522e-11, 1.5273034842298168e-11, 0.9999999996080613, 1.144969039011015e-11, 1.5649772739253905e-11, 2.6591762257766437e-11, 1.496435815906632e-11, 5.9513445461048244e-12, 1.3957351166861455e-11, 1.1378017828390383e-11, 1.41600298946929e-11, 1.3332257722634664e-11, 2.0465766632668316e-12, 1.4807845227555075e-11]"
NODE_0000442,"[1.0020672517032182e-08, 1.8353030519020086e-08, 7.377007849202485e-09, 1.9097169095482543e-08, 1.559860324623761e-08, 1.864296750146659e-08, 1.8289681986027723e-08, 1.8175134402692038e-08, 1.8619419332950577e-08, 1.8667861650707215e-08, 1.783860731126035e-08, 1.8558967266511463e-08, 1.6291585679916035e-08, 1.8426795289310966e-08, 9.598864659470207e-09, 1.1215455993486839e-08, 1.824402292864167e-08, 1.8558967266518242e-08, 1.8558967266514603e-08, 0.9999995171335591, 1.1083380468356139e-08, 1.9429386041540397e-08, 2.6076743349667575e-08, 1.8176036926252992e-08, 9.252090274001424e-09, 1.7156157168104536e-08, 1.5122999374003512e-08, 1.7286859774794698e-08, 1.6715414911446234e-08, 4.4418390114224545e-09, 1.799175181948606e-08]"
hMpxV/Paraguay/591628/2023|EPI_ISL_17988351|2023-01-31,"[0.0, 0.0, 0.0, 0.0, 0.0, 0.0, 0.0, 0.0, 0.0, 0.0, 0.0, 0.0, 0.0, 0.0, 0.0, 0.0, 0.0, 0.0, 0.0, 1.0, 0.0, 0.0, 0.0, 0.0, 0.0, 0.0, 0.0, 0.0, 0.0, 0.0, 0.0]"
hMpxV/Paraguay/745948/2022|EPI_ISL_17988370|2022-12-21,"[0.0, 0.0, 0.0, 0.0, 0.0, 0.0, 0.0, 0.0, 0.0, 0.0, 0.0, 0.0, 0.0, 0.0, 0.0, 0.0, 0.0, 0.0, 0.0, 1.0, 0.0, 0.0, 0.0, 0.0, 0.0, 0.0, 0.0, 0.0, 0.0, 0.0, 0.0]"
NODE_0000443,"[1.1939455991411917e-11, 2.6400652351676525e-11, 8.303893650622681e-12, 2.7538489542912773e-11, 2.187823078935431e-11, 2.684982574932319e-11, 2.638058031092201e-11, 2.6225975727993766e-11, 2.6843043487130337e-11, 2.6877889212569583e-11, 2.572651947704243e-11, 2.6795901255606528e-11, 2.2909841367098688e-11, 2.6293142844447547e-11, 1.212337195387892e-11, 1.4825408726838332e-11, 2.565352782772607e-11, 2.6795901255641774e-11, 2.6795901255628e-11, 0.9999999993122075, 1.849857037479564e-11, 2.757799845470982e-11, 4.3912426434374794e-11, 2.6228716943751003e-11, 1.1172561568778078e-11, 2.4527609707360458e-11, 2.0309669653245773e-11, 2.4844059215072868e-11, 2.3520023140144345e-11, 4.098142487025819e-12, 2.5945192771910254e-11]"
hMpxV/Paraguay/635677/2023|EPI_ISL_17988361|2023-03-27,"[0.0, 0.0, 0.0, 0.0, 0.0, 0.0, 0.0, 0.0, 0.0, 0.0, 0.0, 0.0, 0.0, 0.0, 0.0, 0.0, 0.0, 0.0, 0.0, 1.0, 0.0, 0.0, 0.0, 0.0, 0.0, 0.0, 0.0, 0.0, 0.0, 0.0, 0.0]"
hMpxV/Paraguay/746338/2022|EPI_ISL_17988372|2022-12-26,"[0.0, 0.0, 0.0, 0.0, 0.0, 0.0, 0.0, 0.0, 0.0, 0.0, 0.0, 0.0, 0.0, 0.0, 0.0, 0.0, 0.0, 0.0, 0.0, 1.0, 0.0, 0.0, 0.0, 0.0, 0.0, 0.0, 0.0, 0.0, 0.0, 0.0, 0.0]"
hMpxV/Paraguay/747004/2023|EPI_ISL_17988374|2023-01-02,"[0.0, 0.0, 0.0, 0.0, 0.0, 0.0, 0.0, 0.0, 0.0, 0.0, 0.0, 0.0, 0.0, 0.0, 0.0, 0.0, 0.0, 0.0, 0.0, 1.0, 0.0, 0.0, 0.0, 0.0, 0.0, 0.0, 0.0, 0.0, 0.0, 0.0, 0.0]"
NODE_0000438,"[1.9495479202420952e-11, 4.2659253170492115e-11, 1.3645195224438435e-11, 4.44846741880531e-11, 3.5408870167441755e-11, 4.3372430113453606e-11, 4.261528627484116e-11, 4.234771399755161e-11, 4.333977383924784e-11, 4.34308868067526e-11, 4.154562722896292e-11, 4.3282293755498094e-11, 3.7056691780115854e-11, 4.252880607740869e-11, 1.977649470545434e-11, 2.408840811460791e-11, 4.151963565277806e-11, 4.328229375553336e-11, 4.3282293755514424e-11, 0.9999999988890014, 2.9216009640440305e-11, 4.4589171780273466e-11, 6.985992618377513e-11, 4.235190999378554e-11, 1.8372548039816925e-11, 3.9629544250677135e-11, 3.2926923763041594e-11, 4.0125561736023355e-11, 3.8032773216602874e-11, 6.843811043479459e-12, 4.1888368399052515e-11]"
hMpxV/Paraguay/617799/2023|EPI_ISL_17988359|2023-03-03,"[0.0, 0.0, 0.0, 0.0, 0.0, 0.0, 0.0, 0.0, 0.0, 0.0, 0.0, 0.0, 0.0, 0.0, 0.0, 0.0, 0.0, 0.0, 0.0, 1.0, 0.0, 0.0, 0.0, 0.0, 0.0, 0.0, 0.0, 0.0, 0.0, 0.0, 0.0]"
NODE_0000439,"[5.333184920498107e-08, 9.58766274107105e-08, 3.966256772117996e-08, 9.97158310014367e-08, 8.172099577653032e-08, 9.73473409642672e-08, 9.550270321100874e-08, 9.48450443297904e-08, 9.715086255363954e-08, 9.752102932520194e-08, 9.310446530130717e-08, 9.689394570436452e-08, 8.52721984976341e-08, 9.642096376531841e-08, 5.096678414069917e-08, 5.916024603007316e-08, 9.557704975023236e-08, 9.689394570438711e-08, 9.689394570437263e-08, 0.999997476192524, 5.5821050435632165e-08, 1.0161720336847406e-07, 1.3270949170063152e-07, 9.48489048352116e-08, 4.974862859553467e-08, 8.962413464680338e-08, 7.949096405672686e-08, 9.024747691112717e-08, 8.745304489570204e-08, 2.451859639460186e-08, 9.386958405732414e-08]"
hMpxV/Paraguay/590800/2023|EPI_ISL_17988350|2023-01-29,"[0.0, 0.0, 0.0, 0.0, 0.0, 0.0, 0.0, 0.0, 0.0, 0.0, 0.0, 0.0, 0.0, 0.0, 0.0, 0.0, 0.0, 0.0, 0.0, 1.0, 0.0, 0.0, 0.0, 0.0, 0.0, 0.0, 0.0, 0.0, 0.0, 0.0, 0.0]"
hMpxV/Paraguay/613691/2023|EPI_ISL_17988358|2023-02-28,"[0.0, 0.0, 0.0, 0.0, 0.0, 0.0, 0.0, 0.0, 0.0, 0.0, 0.0, 0.0, 0.0, 0.0, 0.0, 0.0, 0.0, 0.0, 0.0, 1.0, 0.0, 0.0, 0.0, 0.0, 0.0, 0.0, 0.0, 0.0, 0.0, 0.0, 0.0]"
NODE_0000440,"[8.094571499612021e-10, 1.5121855906085809e-09, 5.894484102737506e-10, 1.5743168010274326e-09, 1.28130532760022e-09, 1.5368209887142765e-09, 1.5076929911823561e-09, 1.4992663020561874e-09, 1.5361334621167153e-09, 1.5381314222982449e-09, 1.4712406239791997e-09, 1.5301451532083923e-09, 1.3395898090501298e-09, 1.5155779595134888e-09, 7.772889180069611e-10, 9.145743389199497e-10, 1.4986659671907352e-09, 1.5301451532093837e-09, 1.5301451532088671e-09, 0.9999999602299261, 9.496672235682232e-10, 1.5989065258762086e-09, 2.2094614276910195e-09, 1.4993549918853652e-09, 7.39094085563717e-10, 1.4135817055899498e-09, 1.2379323655162107e-09, 1.425351963778198e-09, 1.3750718901240533e-09, 3.4506392785863544e-10, 1.4844560594253569e-09]"
hMpxV/Paraguay/744881/2022|EPI_ISL_17988369|2022-12-12,"[0.0, 0.0, 0.0, 0.0, 0.0, 0.0, 0.0, 0.0, 0.0, 0.0, 0.0, 0.0, 0.0, 0.0, 0.0, 0.0, 0.0, 0.0, 0.0, 1.0, 0.0, 0.0, 0.0, 0.0, 0.0, 0.0, 0.0, 0.0, 0.0, 0.0, 0.0]"
NODE_0000441,"[5.705045700087203e-10, 1.0632124038913064e-09, 4.1601928430737494e-10, 1.1068220220580378e-09, 9.012299593819539e-10, 1.080465392719542e-09, 1.0599888036118267e-09, 1.053970226400088e-09, 1.079866322259382e-09, 1.081453879786628e-09, 1.034293093854355e-09, 1.0757501902736952e-09, 9.420913264834672e-10, 1.0658380910486943e-09, 5.476858934799523e-10, 6.438661318348351e-10, 1.054106902917953e-09, 1.0757501902751008e-09, 1.0757501902745571e-09, 0.999999972036857, 6.644176605592126e-10, 1.1243511369863888e-09, 1.5480436111180873e-09, 1.0540313728232822e-09, 5.216996183607931e-10, 9.93878415381104e-10, 8.710723662218194e-10, 1.002066675317341e-09, 9.669883818210332e-10, 2.443998281032196e-10, 1.0435289895081285e-09]"
hMpxV/Paraguay/747006/2023|EPI_ISL_17988376|2023-01-02,"[0.0, 0.0, 0.0, 0.0, 0.0, 0.0, 0.0, 0.0, 0.0, 0.0, 0.0, 0.0, 0.0, 0.0, 0.0, 0.0, 0.0, 0.0, 0.0, 1.0, 0.0, 0.0, 0.0, 0.0, 0.0, 0.0, 0.0, 0.0, 0.0, 0.0, 0.0]"
hMpxV/Paraguay/747536/2023|EPI_ISL_17988378|2023-01-09,"[0.0, 0.0, 0.0, 0.0, 0.0, 0.0, 0.0, 0.0, 0.0, 0.0, 0.0, 0.0, 0.0, 0.0, 0.0, 0.0, 0.0, 0.0, 0.0, 0.9999999999999999, 0.0, 0.0, 0.0, 0.0, 0.0, 0.0, 0.0, 0.0, 0.0, 0.0, 0.0]"
NODE_0000335,"[2.400339351008743e-13, 6.883511433031024e-14, 1.1213473564019172e-09, 3.446405358152366e-14, 4.683120834466215e-13, 2.2869532485818143e-11, 5.802992401353191e-14, 3.626010371775655e-14, 3.548464299388411e-14, 3.460463502838561e-14, 3.648040073831145e-14, 3.5631704456271725e-14, 3.025863329906971e-14, 4.8900934802336714e-14, 5.6184636955127615e-14, 0.9997399254275801, 1.9255569547798765e-13, 3.563170445624346e-14, 3.56317044562746e-14, 4.300075686921641e-14, 0.0002512357701460242, 2.946876967388714e-14, 6.399176143001105e-13, 3.627705474541436e-14, 3.441797547611237e-14, 9.748660563834632e-14, 2.0968727856355393e-14, 9.633312352473354e-14, 3.006099297134808e-14, 8.83765554530125e-06, 3.644469325866043e-14]"
hMpxV/USA/CA-LACPHL-MA00405/2023|EPI_ISL_16997468|2023-01-10,"[0.0, 0.0, 0.0, 0.0, 0.0, 0.0, 0.0, 0.0, 0.0, 0.0, 0.0, 0.0, 0.0, 0.0, 0.0, 0.0, 0.0, 0.0, 0.0, 0.0, 0.0, 0.0, 0.0, 0.0, 0.0, 0.0, 0.0, 0.0, 0.0, 1.0, 0.0]"
hMpxV/Mexico/YUC_InDRE_F5465/2022|EPI_ISL_17703578|2022-11-22,"[0.0, 0.0, 0.0, 0.0, 0.0, 0.0, 0.0, 0.0, 0.0, 0.0, 0.0, 0.0, 0.0, 0.0, 0.0, 1.0, 0.0, 0.0, 0.0, 0.0, 0.0, 0.0, 0.0, 0.0, 0.0, 0.0, 0.0, 0.0, 0.0, 0.0, 0.0]"
hMpxV/Dominican_Republic/LNSPDD-6/2023|EPI_ISL_17960864|2023-01-19,"[0.0, 0.0, 0.0, 0.0, 0.0, 1.0, 0.0, 0.0, 0.0, 0.0, 0.0, 0.0, 0.0, 0.0, 0.0, 0.0, 0.0, 0.0, 0.0, 0.0, 0.0, 0.0, 0.0, 0.0, 0.0, 0.0, 0.0, 0.0, 0.0, 0.0, 0.0]"
NODE_0000342,"[1.1447335935443529e-07, 1.7736799154561868e-07, 2.7716424862834527e-07, 1.7998640262835957e-07, 1.6560209451642942e-07, 8.862601197305186e-07, 1.757927950442791e-07, 1.7316023013611418e-07, 1.7640461765578467e-07, 1.768419257838419e-07, 1.7072034723104822e-07, 1.7605060483368406e-07, 1.5989900090537279e-07, 1.7661378824522959e-07, 1.0841862882710798e-07, 0.9999826323110159, 1.7554181169848296e-07, 1.7605060483367716e-07, 1.760506048336856e-07, 1.6786514837200248e-07, 1.1177829771433121e-05, 1.8282988562229815e-07, 1.193696333040091e-07, 1.73162480963524e-07, 1.0532792311314032e-07, 1.664555912375582e-07, 1.5227724163166196e-07, 1.6722908549288613e-07, 1.631032533876244e-07, 7.980601538798306e-07, 1.717796394405974e-07]"
hMpxV/Mexico/NLE_InDRE_F250/2023|EPI_ISL_17703595|2023-02-03,"[0.0, 0.0, 0.0, 0.0, 0.0, 0.0, 0.0, 0.0, 0.0, 0.0, 0.0, 0.0, 0.0, 0.0, 0.0, 1.0, 0.0, 0.0, 0.0, 0.0, 0.0, 0.0, 0.0, 0.0, 0.0, 0.0, 0.0, 0.0, 0.0, 0.0, 0.0]"
hMpxV/Mexico/NLE_InDRE_F251/2023|EPI_ISL_17703596|2023-02-01,"[0.0, 0.0, 0.0, 0.0, 0.0, 0.0, 0.0, 0.0, 0.0, 0.0, 0.0, 0.0, 0.0, 0.0, 0.0, 1.0, 0.0, 0.0, 0.0, 0.0, 0.0, 0.0, 0.0, 0.0, 0.0, 0.0, 0.0, 0.0, 0.0, 0.0, 0.0]"
NODE_0000346,"[8.441207941294702e-09, 2.0614161277060867e-09, 2.7639694493423565e-08, 2.072772358783093e-09, 2.481367706260541e-09, 3.578321513778865e-09, 2.073806399357456e-09, 2.068436935701452e-09, 2.071910871511509e-09, 2.059589209825417e-09, 2.060393875419549e-09, 2.0722544880529906e-09, 1.9344980643602877e-09, 2.020137195892218e-09, 3.1618893916721714e-09, 2.286867891346765e-06, 8.285623027225597e-09, 2.072254488046351e-09, 2.0722544880425806e-09, 1.9434437655315816e-09, 5.396112329332373e-07, 2.0266380225621868e-09, 6.560826612828107e-09, 2.068695256535982e-09, 2.947463514916268e-09, 4.530259918879476e-09, 1.7501720484546535e-09, 4.381056722894699e-09, 1.9452605348633712e-09, 0.9999970650740487, 2.065181932023816e-09]"
hMpxV/USA/CA-CDPH-1M1000241/2022|EPI_ISL_18458960|2022-12-14,"[0.0, 0.0, 0.0, 0.0, 0.0, 0.0, 0.0, 0.0, 0.0, 0.0, 0.0, 0.0, 0.0, 0.0, 0.0, 0.0, 0.0, 0.0, 0.0, 0.0, 0.0, 0.0, 0.0, 0.0, 0.0, 0.0, 0.0, 0.0, 0.0, 1.0, 0.0]"
hMpxV/USA/CA-CDPH-1M1000240/2022|EPI_ISL_18458959|2022-12-14,"[0.0, 0.0, 0.0, 0.0, 0.0, 0.0, 0.0, 0.0, 0.0, 0.0, 0.0, 0.0, 0.0, 0.0, 0.0, 0.0, 0.0, 0.0, 0.0, 0.0, 0.0, 0.0, 0.0, 0.0, 0.0, 0.0, 0.0, 0.0, 0.0, 1.0, 0.0]"
NODE_0000339,"[1.317169703883233e-09, 2.7881985044348696e-09, 8.918176125698312e-09, 1.5585048257384207e-09, 6.459543049044957e-09, 1.0567126159273582e-08, 2.1958683011313387e-09, 1.5147405177534247e-09, 1.5360736130999468e-09, 1.5352449051752215e-09, 1.4977191791339817e-09, 1.53394341387974e-09, 1.3857976464798917e-09, 2.1614419484046715e-09, 1.2950586439333418e-09, 0.9997982844143516, 1.5892125430726876e-09, 1.533943413879449e-09, 1.5339434138797073e-09, 2.044115983584654e-09, 0.00020155009179063203, 1.5523534338366739e-09, 1.6238518495543518e-09, 1.5148438026936862e-09, 8.505547147213646e-10, 1.4636993972513936e-09, 1.2948327462697807e-09, 1.476962796373929e-09, 1.4118817399592847e-09, 9.983405379205654e-08, 1.5050016560911574e-09]"
hMpxV/Peru/SAM-INS-347/2022|EPI_ISL_16999107|2022-12-22,"[0.0, 0.0, 0.0, 0.0, 0.0, 0.0, 0.0, 0.0, 0.0, 0.0, 0.0, 0.0, 0.0, 0.0, 0.0, 0.0, 0.0, 0.0, 0.0, 0.0, 1.0, 0.0, 0.0, 0.0, 0.0, 0.0, 0.0, 0.0, 0.0, 0.0, 0.0]"
hMpxV/Mexico/CAM_InDRE_F58/2023|EPI_ISL_17672237|2023-01-03,"[0.0, 0.0, 0.0, 0.0, 0.0, 0.0, 0.0, 0.0, 0.0, 0.0, 0.0, 0.0, 0.0, 0.0, 0.0, 0.9999999999999999, 0.0, 0.0, 0.0, 0.0, 0.0, 0.0, 0.0, 0.0, 0.0, 0.0, 0.0, 0.0, 0.0, 0.0, 0.0]"
NODE_0000340,"[1.2791393979120427e-09, 2.068116952510979e-09, 3.467979113371288e-09, 2.0339233587666183e-09, 2.116886790047531e-09, 1.0833548313601304e-08, 2.021854916976417e-09, 1.9601942979707628e-09, 1.996405666606596e-09, 1.998565692830316e-09, 1.932597202749485e-09, 1.9908763647112907e-09, 1.8040493344660767e-09, 2.0262063435496624e-09, 1.2248000369229809e-09, 0.999995789556691, 1.974180918219422e-09, 1.9908763647109697e-09, 1.9908763647114793e-09, 1.9219940711595067e-09, 4.136879577331975e-06, 2.0590947339297117e-09, 1.3636866366788245e-09, 1.960258958688225e-09, 1.1518161136402034e-09, 1.879151186915876e-09, 1.7069980630422827e-09, 1.8901600817405985e-09, 1.8403180652553238e-09, 1.1133755512550016e-08, 1.9454208311027503e-09]"
hMpxV/Mexico/CAM_InDRE_F123/2023|EPI_ISL_17703591|2023-01-05,"[0.0, 0.0, 0.0, 0.0, 0.0, 0.0, 0.0, 0.0, 0.0, 0.0, 0.0, 0.0, 0.0, 0.0, 0.0, 1.0, 0.0, 0.0, 0.0, 0.0, 0.0, 0.0, 0.0, 0.0, 0.0, 0.0, 0.0, 0.0, 0.0, 0.0, 0.0]"
hMpxV/Mexico/YUC_InDRE_F5709/2022|EPI_ISL_17672232|2022-12-05,"[0.0, 0.0, 0.0, 0.0, 0.0, 0.0, 0.0, 0.0, 0.0, 0.0, 0.0, 0.0, 0.0, 0.0, 0.0, 1.0, 0.0, 0.0, 0.0, 0.0, 0.0, 0.0, 0.0, 0.0, 0.0, 0.0, 0.0, 0.0, 0.0, 0.0, 0.0]"
NODE_0000341,"[4.8809146119222535e-15, 1.0871810242487511e-14, 2.4742061140670142e-14, 1.0935257983443782e-14, 1.0072634820164192e-14, 1.796641782055244e-13, 1.0826273492719513e-14, 1.064865800988119e-14, 1.0787313822985606e-14, 1.0736322720303801e-14, 1.0514429682944726e-14, 1.0783111936448497e-14, 9.396137841802344e-15, 1.0537765787445706e-14, 5.2877121238546415e-15, 0.9999999999122685, 1.0098761958610748e-14, 1.0783111936437057e-14, 1.0783111936449808e-14, 9.772485546507941e-15, 8.710522611454449e-11, 1.0648719824772933e-14, 6.3671569535392715e-15, 1.0650291088071969e-14, 4.498639566077543e-15, 1.0103903813926683e-14, 8.111902886355412e-15, 1.027378990998345e-14, 9.569610592235908e-15, 1.735687540494624e-13, 1.0575534534478016e-14]"
hMpxV/Mexico/ROO_InDRE_F5579/2022|EPI_ISL_17703579|2022-12-05,"[0.0, 0.0, 0.0, 0.0, 0.0, 0.0, 0.0, 0.0, 0.0, 0.0, 0.0, 0.0, 0.0, 0.0, 0.0, 1.0, 0.0, 0.0, 0.0, 0.0, 0.0, 0.0, 0.0, 0.0, 0.0, 0.0, 0.0, 0.0, 0.0, 0.0, 0.0]"
hMpxV/Mexico/YUC_InDRE_F45/2022|EPI_ISL_17703585|2022-12-20,"[0.0, 0.0, 0.0, 0.0, 0.0, 0.0, 0.0, 0.0, 0.0, 0.0, 0.0, 0.0, 0.0, 0.0, 0.0, 1.0, 0.0, 0.0, 0.0, 0.0, 0.0, 0.0, 0.0, 0.0, 0.0, 0.0, 0.0, 0.0, 0.0, 0.0, 0.0]"
hMpxV/Mexico/ROO_InDRE_F81/2023|EPI_ISL_17703588|2023-01-01,"[0.0, 0.0, 0.0, 0.0, 0.0, 0.0, 0.0, 0.0, 0.0, 0.0, 0.0, 0.0, 0.0, 0.0, 0.0, 1.0, 0.0, 0.0, 0.0, 0.0, 0.0, 0.0, 0.0, 0.0, 0.0, 0.0, 0.0, 0.0, 0.0, 0.0, 0.0]"
hMpxV/Mexico/ROO_InDRE_F5733/2022|EPI_ISL_17672233|2022-12-19,"[0.0, 0.0, 0.0, 0.0, 0.0, 0.0, 0.0, 0.0, 0.0, 0.0, 0.0, 0.0, 0.0, 0.0, 0.0, 0.9999999999999999, 0.0, 0.0, 0.0, 0.0, 0.0, 0.0, 0.0, 0.0, 0.0, 0.0, 0.0, 0.0, 0.0, 0.0, 0.0]"
NODE_0000343,"[1.5751701259347976e-05, 4.225310368615476e-06, 4.9077378613739886e-05, 4.193473649685316e-06, 5.2257965001468844e-06, 7.013919033759359e-06, 4.21610181722252e-06, 4.169678941728545e-06, 4.187840208298177e-06, 4.170014156503866e-06, 4.149561391822849e-06, 4.18066851952447e-06, 3.921489028174379e-06, 4.168898843629389e-06, 6.041402414654206e-06, 0.0019062917641920571, 1.517521551989666e-05, 4.180668519524027e-06, 4.180668519523862e-06, 3.982478222177756e-06, 0.0007530985987038122, 4.14022600865981e-06, 1.2065554479465098e-05, 4.169982540762966e-06, 5.810929650225471e-06, 8.555407695037254e-06, 3.6315599835791553e-06, 8.282289953430413e-06, 3.949761181438921e-06, 0.9971336295484641, 4.162111619393057e-06]"
hMpxV/USA/un-CDPH-1000191/2023|EPI_ISL_17972012|2023-01-12,"[0.0, 0.0, 0.0, 0.0, 0.0, 0.0, 0.0, 0.0, 0.0, 0.0, 0.0, 0.0, 0.0, 0.0, 0.0, 0.0, 0.0, 0.0, 0.0, 0.0, 0.0, 0.0, 0.0, 0.0, 0.0, 0.0, 0.0, 0.0, 0.0, 1.0, 0.0]"
NODE_0000344,"[3.5933483954562805e-12, 1.9781210434219023e-13, 2.1687235695890116e-11, 1.9238180600125566e-13, 3.16519660344865e-13, 2.2192097717254443e-13, 1.999384110767971e-13, 1.9903093306396974e-13, 1.9616197359722295e-13, 1.9323158550200597e-13, 2.0017048060346174e-13, 1.9654802311777856e-13, 1.853120306392822e-13, 1.8889199547840748e-13, 6.041496695299523e-13, 4.41574516633856e-11, 2.5946227305634945e-12, 1.965480231175583e-13, 1.965480231174574e-13, 1.8056529927785236e-13, 1.1194750667462033e-09, 1.7950818924939657e-13, 2.313629387604423e-12, 1.9907892580272737e-13, 5.236422188115663e-13, 8.855006268191085e-13, 1.558065142815299e-13, 8.31364442295284e-13, 1.8398051717560389e-13, 0.999999998799354, 1.9992488444799504e-13]"
hMpxV/USA/un-CDPH-1000194/2023|EPI_ISL_17972015|2023-02-14,"[0.0, 0.0, 0.0, 0.0, 0.0, 0.0, 0.0, 0.0, 0.0, 0.0, 0.0, 0.0, 0.0, 0.0, 0.0, 0.0, 0.0, 0.0, 0.0, 0.0, 0.0, 0.0, 0.0, 0.0, 0.0, 0.0, 0.0, 0.0, 0.0, 1.0, 0.0]"
hMpxV/USA/CA-CDPH-1MPX1000194/2023|EPI_ISL_17206616|2023-02-14,"[0.0, 0.0, 0.0, 0.0, 0.0, 0.0, 0.0, 0.0, 0.0, 0.0, 0.0, 0.0, 0.0, 0.0, 0.0, 0.0, 0.0, 0.0, 0.0, 0.0, 0.0, 0.0, 0.0, 0.0, 0.0, 0.0, 0.0, 0.0, 0.0, 1.0, 0.0]"
NODE_0000345,"[9.648539508099566e-12, 9.332201287043085e-13, 3.6445714130156096e-11, 9.316546573619065e-13, 1.2864998499982054e-12, 9.355127255505512e-13, 9.445409630156474e-13, 9.465065169660838e-13, 9.402472582883935e-13, 9.309915733052725e-13, 9.47674011659745e-13, 9.414666052850404e-13, 8.916980164705977e-13, 9.068559747860192e-13, 2.2690003359207708e-12, 1.1948001226930997e-11, 7.526468679801224e-12, 9.414666052816632e-13, 9.41466605279814e-13, 8.778717462920098e-13, 4.908170173395399e-10, 8.945513410239274e-13, 6.450991934043984e-12, 9.466724309815688e-13, 2.0774118901364443e-12, 3.1240839215091787e-12, 7.881230815296209e-13, 2.9635645811818476e-12, 8.90312758098035e-13, 0.999999999407964, 9.479961851680183e-13]"
hMpxV/USA/un-CDPH-1000193/2023|EPI_ISL_17972014|2023-02-14,"[0.0, 0.0, 0.0, 0.0, 0.0, 0.0, 0.0, 0.0, 0.0, 0.0, 0.0, 0.0, 0.0, 0.0, 0.0, 0.0, 0.0, 0.0, 0.0, 0.0, 0.0, 0.0, 0.0, 0.0, 0.0, 0.0, 0.0, 0.0, 0.0, 1.0, 0.0]"
hMpxV/USA/CA-CDPH-1MPX1000193/2023|EPI_ISL_17206615|2023-02-14,"[0.0, 0.0, 0.0, 0.0, 0.0, 0.0, 0.0, 0.0, 0.0, 0.0, 0.0, 0.0, 0.0, 0.0, 0.0, 0.0, 0.0, 0.0, 0.0, 0.0, 0.0, 0.0, 0.0, 0.0, 0.0, 0.0, 0.0, 0.0, 0.0, 1.0, 0.0]"
NODE_0000336,"[1.2015244194758784e-11, 3.0048804727575565e-12, 0.9999999958131767, 3.0039647627693527e-12, 4.161995077054498e-11, 5.167564558345284e-12, 3.985333309088674e-12, 3.027106588092101e-12, 3.0214663557558676e-12, 2.995864523855355e-12, 3.014588828272773e-12, 3.0214707456714467e-12, 2.7168957852245342e-12, 2.919229956313538e-12, 1.6762943138233623e-12, 1.8726091307027477e-09, 2.785179153780154e-12, 3.0214707456745426e-12, 3.021470745674084e-12, 2.7191607699612385e-12, 1.708775541748718e-09, 2.8086701674071784e-12, 2.2021901666732474e-10, 3.0277690565850467e-12, 4.726681306988278e-12, 2.920892466155909e-12, 2.257861118518272e-12, 2.9847794497867827e-12, 2.7282254113838617e-12, 2.580023596538309e-10, 3.025441745150905e-12]"
hMpxV/Brazil/RJ-FIOCRUZ-29818/2022|EPI_ISL_17614035|2022-12-23,"[0.0, 0.0, 1.0, 0.0, 0.0, 0.0, 0.0, 0.0, 0.0, 0.0, 0.0, 0.0, 0.0, 0.0, 0.0, 0.0, 0.0, 0.0, 0.0, 0.0, 0.0, 0.0, 0.0, 0.0, 0.0, 0.0, 0.0, 0.0, 0.0, 0.0, 0.0]"
hMpxV/Brazil/RJ-FIOCRUZ-29819/2022|EPI_ISL_17614044|2022-12-27,"[0.0, 0.0, 0.9999999999999999, 0.0, 0.0, 0.0, 0.0, 0.0, 0.0, 0.0, 0.0, 0.0, 0.0, 0.0, 0.0, 0.0, 0.0, 0.0, 0.0, 0.0, 0.0, 0.0, 0.0, 0.0, 0.0, 0.0, 0.0, 0.0, 0.0, 0.0, 0.0]"
NODE_0000337,"[1.4098879202588258e-10, 4.2028953776321974e-11, 0.9999999951112493, 4.261049254578955e-11, 3.180385455755691e-10, 4.2314898292883003e-11, 5.2349904693987934e-11, 4.2186315891890316e-11, 4.244337691965383e-11, 4.224298157701043e-11, 4.189638017929676e-11, 4.238048262014288e-11, 3.921157428360411e-11, 4.147782075924722e-11, 2.7524847580172926e-11, 1.062801232848723e-10, 4.0516497667689495e-11, 4.23804826202166e-11, 4.238048262020111e-11, 3.968861760607683e-11, 1.1942564966912278e-09, 4.166258462612827e-11, 1.183219815509045e-09, 4.219089388144348e-11, 6.538910898594036e-11, 4.087620768742769e-11, 3.575852919445644e-11, 4.1324667124454576e-11, 3.957952877195085e-11, 9.33484170986561e-10, 4.206733302821542e-11]"
hMpxV/Brazil/RJ-FIOCRUZ-29654/2022|EPI_ISL_16871163|2022-12-22,"[0.0, 0.0, 1.0, 0.0, 0.0, 0.0, 0.0, 0.0, 0.0, 0.0, 0.0, 0.0, 0.0, 0.0, 0.0, 0.0, 0.0, 0.0, 0.0, 0.0, 0.0, 0.0, 0.0, 0.0, 0.0, 0.0, 0.0, 0.0, 0.0, 0.0, 0.0]"
hMpxV/Brazil/RJ-FIOCRUZ-29817/2022|EPI_ISL_17614018|2022-12-22,"[0.0, 0.0, 1.0, 0.0, 0.0, 0.0, 0.0, 0.0, 0.0, 0.0, 0.0, 0.0, 0.0, 0.0, 0.0, 0.0, 0.0, 0.0, 0.0, 0.0, 0.0, 0.0, 0.0, 0.0, 0.0, 0.0, 0.0, 0.0, 0.0, 0.0, 0.0]"
NODE_0000338,"[4.241302781004369e-09, 1.3382959991620137e-09, 0.9999998614025781, 1.3516676033585818e-09, 9.204834220137603e-09, 1.3451385501619991e-09, 1.6394430006888272e-09, 1.33598347786375e-09, 1.3462471899684686e-09, 1.344946283942408e-09, 1.3251294414616262e-09, 1.3423283972724476e-09, 1.2451435126443788e-09, 1.3371936158068275e-09, 8.899434097599449e-10, 3.213883693003422e-09, 1.3221722482957772e-09, 1.3423283972764857e-09, 1.3423283972761687e-09, 1.2694434194807178e-09, 3.100626985523347e-08, 1.328600793309839e-09, 3.1786753652870076e-08, 1.3360859500574531e-09, 2.081035237879947e-09, 1.2976568063036354e-09, 1.1456182470110754e-09, 1.309776500581912e-09, 1.2569184970282846e-09, 2.6938705810543048e-08, 1.3322471810184379e-09]"
hMpxV/Brazil/RJ-FIOCRUZ-3015/2023|EPI_ISL_17614021|2023-01-26,"[0.0, 0.0, 0.9999999999999999, 0.0, 0.0, 0.0, 0.0, 0.0, 0.0, 0.0, 0.0, 0.0, 0.0, 0.0, 0.0, 0.0, 0.0, 0.0, 0.0, 0.0, 0.0, 0.0, 0.0, 0.0, 0.0, 0.0, 0.0, 0.0, 0.0, 0.0, 0.0]"
hMpxV/Brazil/RJ-FIOCRUZ-3016/2023|EPI_ISL_17614040|2023-02-08,"[0.0, 0.0, 0.9999999999999999, 0.0, 0.0, 0.0, 0.0, 0.0, 0.0, 0.0, 0.0, 0.0, 0.0, 0.0, 0.0, 0.0, 0.0, 0.0, 0.0, 0.0, 0.0, 0.0, 0.0, 0.0, 0.0, 0.0, 0.0, 0.0, 0.0, 0.0, 0.0]"
NODE_0000392,"[7.091837858346419e-08, 1.3355087956833967e-07, 3.633309539880851e-07, 7.146626944810423e-08, 3.116433155336385e-07, 2.947570387098754e-07, 1.0357623046191092e-07, 6.91951469007402e-08, 7.033554166954698e-08, 7.039948149433778e-08, 6.833687065518432e-08, 7.012540793402659e-08, 6.452942857219549e-08, 1.0329395975729458e-07, 6.727070416520323e-08, 0.9889771275923213, 7.366614244468227e-08, 7.01254079340067e-08, 7.012540793402022e-08, 9.858642965311042e-08, 0.011018406950670198, 7.236439409328211e-08, 8.091398714454404e-08, 6.919691321709271e-08, 4.4168523969840827e-08, 6.670304733362947e-08, 6.253946565937337e-08, 6.702160536781404e-08, 6.568373778880714e-08, 1.622883357258731e-06, 6.874898146503321e-08]"
NODE_0000412,"[1.0332030638710674e-08, 1.8528835087218285e-08, 4.5306196793719177e-08, 1.2150333349994722e-08, 3.693125903766959e-08, 5.594401445908046e-08, 1.537314440826056e-08, 1.1740594027343466e-08, 1.1943203560059182e-08, 1.1957762423778507e-08, 1.1588185267710284e-08, 1.1910283399192471e-08, 1.0893671296298472e-08, 1.5356134727831428e-08, 9.791864370177567e-09, 0.9997708560179966, 1.2259119272131833e-08, 1.1910283399191624e-08, 1.1910283399192632e-08, 1.4632835817193803e-08, 0.00022851280260549, 1.2304968892834445e-08, 1.152396763002706e-08, 1.1740899258963992e-08, 7.29571814890861e-09, 1.130491737734351e-08, 1.046953841402014e-08, 1.1362237243859332e-08, 1.1100150312283702e-08, 1.9195787804937658e-07, 1.1659087509173033e-08]"
hMpxV/Mexico/CMX_InDRE_F5430/2022|EPI_ISL_17703577|2022-11-28,"[0.0, 0.0, 0.0, 0.0, 0.0, 0.0, 0.0, 0.0, 0.0, 0.0, 0.0, 0.0, 0.0, 0.0, 0.0, 1.0, 0.0, 0.0, 0.0, 0.0, 0.0, 0.0, 0.0, 0.0, 0.0, 0.0, 0.0, 0.0, 0.0, 0.0, 0.0]"
NODE_0000413,"[1.7532547184873152e-09, 2.771699368935987e-09, 4.408969533693785e-09, 2.805445416444245e-09, 2.6031148141477684e-09, 1.4514162051953805e-08, 2.744901829075818e-09, 2.70154726082227e-09, 2.751851255385368e-09, 2.7564443016655594e-09, 2.663415473149739e-09, 2.74511931330536e-09, 2.4891925950252115e-09, 2.754068920094071e-09, 1.6718264446882933e-09, 0.9999995053629855, 2.725077414095474e-09, 2.745119313302553e-09, 2.7451193133056575e-09, 2.6141614071309657e-09, 3.970628883911782e-07, 2.8441596025898927e-09, 1.848216989534535e-09, 2.701614268274176e-09, 1.6077701739808984e-09, 2.592389845828243e-09, 2.3605551549619782e-09, 2.60632717406173e-09, 2.539274748907747e-09, 1.2828689144616761e-08, 2.680638220267947e-09]"
hMpxV/Mexico/GRO_InDRE_F5598/2022|EPI_ISL_17672228|2022-12-10,"[0.0, 0.0, 0.0, 0.0, 0.0, 0.0, 0.0, 0.0, 0.0, 0.0, 0.0, 0.0, 0.0, 0.0, 0.0, 1.0, 0.0, 0.0, 0.0, 0.0, 0.0, 0.0, 0.0, 0.0, 0.0, 0.0, 0.0, 0.0, 0.0, 0.0, 0.0]"
NODE_0000414,"[7.872922617448553e-08, 1.213054889672399e-07, 1.8824434010721057e-07, 1.2326115569490643e-07, 1.1284139429304571e-07, 5.981497603745336e-07, 1.2028829941857276e-07, 1.1855331746767924e-07, 1.2077967241285132e-07, 1.2110685221585207e-07, 1.1688275110050692e-07, 1.2055170089261073e-07, 1.0954466214569843e-07, 1.208998036620008e-07, 7.44450054614086e-08, 0.9999892252171225, 1.203115735230658e-07, 1.20551700892602e-07, 1.2055170089261407e-07, 1.1495500294297864e-07, 6.563359345542328e-06, 1.2528289705255836e-07, 8.183874357776913e-08, 1.1855444156354465e-07, 7.255283127350908e-08, 1.1399987996661019e-07, 1.0445264590445839e-07, 1.1450627321102434e-07, 1.117371399982495e-07, 5.289451537090932e-07, 1.176001171723642e-07]"
hMpxV/Mexico/OAX_InDRE_F180/2023|EPI_ISL_17672249|2023-01-25,"[0.0, 0.0, 0.0, 0.0, 0.0, 0.0, 0.0, 0.0, 0.0, 0.0, 0.0, 0.0, 0.0, 0.0, 0.0, 0.9999999999999999, 0.0, 0.0, 0.0, 0.0, 0.0, 0.0, 0.0, 0.0, 0.0, 0.0, 0.0, 0.0, 0.0, 0.0, 0.0]"
NODE_0000415,"[5.546005291640741e-09, 8.735377473095725e-09, 1.3691792243844221e-08, 8.921394538114991e-09, 7.965743900439191e-09, 4.60758033477503e-08, 8.686697118813242e-09, 8.590331213517762e-09, 8.750648518077818e-09, 8.765350597242112e-09, 8.468842760875896e-09, 8.729122066083506e-09, 7.915089096423213e-09, 8.717283156621418e-09, 5.288074631331194e-09, 0.999999124670707, 8.660862479743448e-09, 8.729122066081733e-09, 8.729122066084029e-09, 8.274118212777606e-09, 5.678085613928621e-07, 9.045624451634002e-09, 5.836201652412617e-09, 8.590540647945062e-09, 5.111998756415863e-09, 8.242724568447973e-09, 7.506195887565084e-09, 8.286858566918946e-09, 8.074504043174909e-09, 3.9061549405245405e-08, 8.523752624668407e-09]"
hMpxV/Mexico/CMX_InDRE_F411/2023|EPI_ISL_17703607|2023-03-16,"[0.0, 0.0, 0.0, 0.0, 0.0, 0.0, 0.0, 0.0, 0.0, 0.0, 0.0, 0.0, 0.0, 0.0, 0.0, 1.0, 0.0, 0.0, 0.0, 0.0, 0.0, 0.0, 0.0, 0.0, 0.0, 0.0, 0.0, 0.0, 0.0, 0.0, 0.0]"
hMpxV/Mexico/CMX_InDRE_F419/2023|EPI_ISL_17703608|2023-03-21,"[0.0, 0.0, 0.0, 0.0, 0.0, 0.0, 0.0, 0.0, 0.0, 0.0, 0.0, 0.0, 0.0, 0.0, 0.0, 1.0, 0.0, 0.0, 0.0, 0.0, 0.0, 0.0, 0.0, 0.0, 0.0, 0.0, 0.0, 0.0, 0.0, 0.0, 0.0]"
NODE_0000393,"[7.622999507397821e-20, 2.7132567647390343e-19, 1.4225069389736713e-18, 1.5692814638544382e-19, 5.868941581491491e-19, 6.52489438654761e-18, 2.187416029894387e-19, 1.5494560743101997e-19, 1.5583545213147158e-19, 1.5428172865771913e-19, 1.534695097064568e-19, 1.562149716639433e-19, 1.326704746656492e-19, 2.05825856676978e-19, 9.245197424079967e-20, 0.999999999988523, 1.4550631905632332e-19, 1.5621497166388342e-19, 1.5621497166395726e-19, 1.878193369239381e-19, 1.1477090808726997e-11, 1.4707766782333087e-19, 1.2981779735102587e-19, 1.5498565780407008e-19, 5.1142699630132496e-20, 1.4630881153914835e-19, 1.0684301623552369e-19, 1.5021008903367845e-19, 1.3463635553664016e-19, 2.0356424113642764e-17, 1.5409619055700809e-19]"
hMpxV/Mexico/BCN_InDRE_F5516/2022|EPI_ISL_17672223|2022-11-29,"[0.0, 0.0, 0.0, 0.0, 0.0, 0.0, 0.0, 0.0, 0.0, 0.0, 0.0, 0.0, 0.0, 0.0, 0.0, 1.0, 0.0, 0.0, 0.0, 0.0, 0.0, 0.0, 0.0, 0.0, 0.0, 0.0, 0.0, 0.0, 0.0, 0.0, 0.0]"
NODE_0000408,"[1.020007289375577e-08, 1.6030687274997296e-08, 2.509556111120506e-08, 1.6365835023349647e-08, 1.464093398587948e-08, 8.397961587750035e-08, 1.593777641685217e-08, 1.5756838551097094e-08, 1.6051138238243485e-08, 1.6079612648464133e-08, 1.5534046274280518e-08, 1.601241051834911e-08, 1.4522343590642545e-08, 1.5996459415708458e-08, 9.717678973810898e-09, 0.9999984155403304, 1.589598302860415e-08, 1.6012410518348108e-08, 1.601241051835009e-08, 1.5185814428572233e-08, 1.0209442157157206e-06, 1.6597779052636295e-08, 1.0720542560130313e-08, 1.5757200463219026e-08, 9.40190254760712e-09, 1.512218950019504e-08, 1.3779667507353199e-08, 1.520182333180086e-08, 1.4814701653351852e-08, 7.145770495049049e-08, 1.5634312969624962e-08]"
hMpxV/Mexico/CHH_InDRE_F5453/2022|EPI_ISL_17672221|2022-11-30,"[0.0, 0.0, 0.0, 0.0, 0.0, 0.0, 0.0, 0.0, 0.0, 0.0, 0.0, 0.0, 0.0, 0.0, 0.0, 0.9999999999999999, 0.0, 0.0, 0.0, 0.0, 0.0, 0.0, 0.0, 0.0, 0.0, 0.0, 0.0, 0.0, 0.0, 0.0, 0.0]"
hMpxV/Mexico/TAM_InDRE_F153/2023|EPI_ISL_17672245|2023-01-19,"[0.0, 0.0, 0.0, 0.0, 0.0, 0.0, 0.0, 0.0, 0.0, 0.0, 0.0, 0.0, 0.0, 0.0, 0.0, 0.9999999999999999, 0.0, 0.0, 0.0, 0.0, 0.0, 0.0, 0.0, 0.0, 0.0, 0.0, 0.0, 0.0, 0.0, 0.0, 0.0]"
NODE_0000411,"[4.6514048552991806e-07, 7.085499082539349e-07, 1.0943849167849232e-06, 7.178378109367545e-07, 6.667896479940977e-07, 3.374416646949955e-06, 7.01466975547835e-07, 6.900016661853044e-07, 7.029934990343079e-07, 7.052938327638574e-07, 6.803010365005937e-07, 7.01899328616121e-07, 6.385138980088958e-07, 7.055918005020226e-07, 4.3795213375165766e-07, 0.9999406411240286, 7.026769830739748e-07, 7.018993286161132e-07, 7.018993286161265e-07, 6.715202963961823e-07, 3.49295065833828e-05, 7.305354139744759e-07, 4.804620411525674e-07, 6.900027664361374e-07, 4.286001696940854e-07, 6.642667401391717e-07, 6.105361193079432e-07, 6.668977341727923e-07, 6.512421681933426e-07, 3.0533545842592576e-06, 6.843421265876423e-07]"
hMpxV/Mexico/NLE_InDRE_F280/2023|EPI_ISL_17703601|2023-02-08,"[0.0, 0.0, 0.0, 0.0, 0.0, 0.0, 0.0, 0.0, 0.0, 0.0, 0.0, 0.0, 0.0, 0.0, 0.0, 0.9999999999999999, 0.0, 0.0, 0.0, 0.0, 0.0, 0.0, 0.0, 0.0, 0.0, 0.0, 0.0, 0.0, 0.0, 0.0, 0.0]"
hMpxV/Mexico/NLE_InDRE_F311/2023|EPI_ISL_17703602|2023-02-15,"[0.0, 0.0, 0.0, 0.0, 0.0, 0.0, 0.0, 0.0, 0.0, 0.0, 0.0, 0.0, 0.0, 0.0, 0.0, 0.9999999999999999, 0.0, 0.0, 0.0, 0.0, 0.0, 0.0, 0.0, 0.0, 0.0, 0.0, 0.0, 0.0, 0.0, 0.0, 0.0]"
NODE_0000409,"[4.066817648931902e-09, 6.356125785231019e-09, 9.919649178433025e-09, 6.484711382757447e-09, 5.8205765164749996e-09, 3.2761044653281366e-08, 6.316616971733564e-09, 6.241915860847098e-09, 6.358807972301336e-09, 6.371384713530978e-09, 6.1536776058221445e-09, 6.343978406162613e-09, 5.7568553321409796e-09, 6.342497047146518e-09, 3.865797436732381e-09, 0.9999993867013652, 6.3065853036330384e-09, 6.343978406161252e-09, 6.343978406163062e-09, 6.023493931293869e-09, 3.9061178254867897e-07, 6.5806149600728695e-09, 4.260875695083533e-09, 6.242037016848099e-09, 3.748296131086077e-09, 5.993340617877227e-09, 5.470262926065854e-09, 6.023623849907135e-09, 5.872736691013867e-09, 2.8123509356082983e-08, 6.193062108165028e-09]"
hMpxV/Mexico/DUR_InDRE_F268/2023|EPI_ISL_17672254|2023-02-02,"[0.0, 0.0, 0.0, 0.0, 0.0, 0.0, 0.0, 0.0, 0.0, 0.0, 0.0, 0.0, 0.0, 0.0, 0.0, 1.0, 0.0, 0.0, 0.0, 0.0, 0.0, 0.0, 0.0, 0.0, 0.0, 0.0, 0.0, 0.0, 0.0, 0.0, 0.0]"
NODE_0000410,"[1.3212132232457452e-09, 2.1285996863413755e-09, 3.377355075807838e-09, 2.183338163639282e-09, 1.9079781144151807e-09, 1.2063725662807586e-08, 2.1220356850941174e-09, 2.1046161445680866e-09, 2.143559923306437e-09, 2.14509896671712e-09, 2.074786003067949e-09, 2.1372634922425612e-09, 1.9335552186104597e-09, 2.125973557208223e-09, 1.270657780842399e-09, 0.9999997515933557, 2.1083433800112045e-09, 2.1372634922422477e-09, 2.1372634922427296e-09, 2.0143502456146096e-09, 1.7227412002079673e-07, 2.208149929710926e-09, 1.4081875888587744e-09, 2.1046980477353153e-09, 1.21814244861743e-09, 2.0153733153129388e-09, 1.8232443767588335e-09, 2.028005277302269e-09, 1.972667960792973e-09, 9.828224338572563e-09, 2.0888536867423903e-09]"
hMpxV/Mexico/VER_InDRE_F5457/2022|EPI_ISL_17672222|2022-11-29,"[0.0, 0.0, 0.0, 0.0, 0.0, 0.0, 0.0, 0.0, 0.0, 0.0, 0.0, 0.0, 0.0, 0.0, 0.0, 1.0, 0.0, 0.0, 0.0, 0.0, 0.0, 0.0, 0.0, 0.0, 0.0, 0.0, 0.0, 0.0, 0.0, 0.0, 0.0]"
hMpxV/Mexico/JAL_InDRE_F5746/2022|EPI_ISL_17672234|2022-12-14,"[0.0, 0.0, 0.0, 0.0, 0.0, 0.0, 0.0, 0.0, 0.0, 0.0, 0.0, 0.0, 0.0, 0.0, 0.0, 1.0, 0.0, 0.0, 0.0, 0.0, 0.0, 0.0, 0.0, 0.0, 0.0, 0.0, 0.0, 0.0, 0.0, 0.0, 0.0]"
NODE_0000405,"[2.7122562870560556e-13, 5.823008211561983e-13, 1.2783314312473647e-12, 5.880086811926448e-13, 5.352336100658295e-13, 8.790226228540291e-12, 5.804670210324561e-13, 5.715157752975563e-13, 5.790836509022511e-13, 5.77297919077401e-13, 5.643403424820424e-13, 5.793946953105486e-13, 5.064799920367141e-13, 5.664643772013984e-13, 2.9040505199222885e-13, 0.9999999988547688, 5.465506961520517e-13, 5.793946953103478e-13, 5.793946953105685e-13, 5.267198247965787e-13, 1.1153444349514474e-09, 5.748423350855442e-13, 3.465985293407173e-13, 5.715897284414077e-13, 2.5197957272605536e-13, 5.437394091117063e-13, 4.409151075900011e-13, 5.52109672481332e-13, 5.157427950015632e-13, 6.429056805340394e-12, 5.673139874453677e-13]"
hMpxV/Mexico/ROO_InDRE_F162/2023|EPI_ISL_17672247|2023-01-16,"[0.0, 0.0, 0.0, 0.0, 0.0, 0.0, 0.0, 0.0, 0.0, 0.0, 0.0, 0.0, 0.0, 0.0, 0.0, 0.9999999999999999, 0.0, 0.0, 0.0, 0.0, 0.0, 0.0, 0.0, 0.0, 0.0, 0.0, 0.0, 0.0, 0.0, 0.0, 0.0]"
hMpxV/Mexico/ROO_InDRE_F288/2023|EPI_ISL_17672257|2023-02-02,"[0.0, 0.0, 0.0, 0.0, 0.0, 0.0, 0.0, 0.0, 0.0, 0.0, 0.0, 0.0, 0.0, 0.0, 0.0, 1.0, 0.0, 0.0, 0.0, 0.0, 0.0, 0.0, 0.0, 0.0, 0.0, 0.0, 0.0, 0.0, 0.0, 0.0, 0.0]"
hMpxV/Mexico/CMX_InDRE_F266/2023|EPI_ISL_17672253|2023-02-09,"[0.0, 0.0, 0.0, 0.0, 0.0, 0.0, 0.0, 0.0, 0.0, 0.0, 0.0, 0.0, 0.0, 0.0, 0.0, 0.9999999999999999, 0.0, 0.0, 0.0, 0.0, 0.0, 0.0, 0.0, 0.0, 0.0, 0.0, 0.0, 0.0, 0.0, 0.0, 0.0]"
NODE_0000406,"[3.1206227314026126e-10, 5.037958456602083e-10, 7.990674808030168e-10, 5.172666184190046e-10, 4.499100559817215e-10, 2.868703763496143e-09, 5.024943396984344e-10, 4.986862519396723e-10, 5.079191500603825e-10, 5.082084483415414e-10, 4.9160943006007e-10, 5.063690436621052e-10, 4.580312264730316e-10, 5.033720204027567e-10, 3.0036044840533994e-10, 0.9999999412382559, 4.991611506292652e-10, 5.063690436619337e-10, 5.063690436621789e-10, 4.768540878181325e-10, 4.072880956697167e-08, 5.230329129259752e-10, 3.329556288551444e-10, 4.987066120363502e-10, 2.8772634491246036e-10, 4.773908267973184e-10, 4.317031232543255e-10, 4.80430585272368e-10, 4.673114998403936e-10, 2.3220921746485666e-09, 4.949749933421384e-10]"
hMpxV/Mexico/NLE_InDRE_F163/2023|EPI_ISL_17703592|2023-01-19,"[0.0, 0.0, 0.0, 0.0, 0.0, 0.0, 0.0, 0.0, 0.0, 0.0, 0.0, 0.0, 0.0, 0.0, 0.0, 1.0, 0.0, 0.0, 0.0, 0.0, 0.0, 0.0, 0.0, 0.0, 0.0, 0.0, 0.0, 0.0, 0.0, 0.0, 0.0]"
NODE_0000407,"[5.964095553993684e-10, 9.574020627576648e-10, 1.514367205128461e-09, 9.817597950932604e-10, 8.59264790914454e-10, 5.355381459727785e-09, 9.542502018048958e-10, 9.46222114726063e-10, 9.63772115594368e-10, 9.64571069529075e-10, 9.32805228335435e-10, 9.609663568166034e-10, 8.69718929898845e-10, 9.563059898636115e-10, 5.728159205597873e-10, 0.999999892488906, 9.487026775627868e-10, 9.609663568163474e-10, 9.609663568167569e-10, 9.063356932091643e-10, 7.33773048845061e-08, 9.933328203376535e-10, 6.343234737123315e-10, 9.462571720536818e-10, 5.4986576582914e-10, 9.063032734290203e-10, 8.208847351407956e-10, 9.118616030966763e-10, 8.873142841682e-10, 4.381550961671958e-09, 9.391114722901167e-10]"
hMpxV/Mexico/ROO_InDRE_F263/2023|EPI_ISL_17703598|2023-01-30,"[0.0, 0.0, 0.0, 0.0, 0.0, 0.0, 0.0, 0.0, 0.0, 0.0, 0.0, 0.0, 0.0, 0.0, 0.0, 1.0, 0.0, 0.0, 0.0, 0.0, 0.0, 0.0, 0.0, 0.0, 0.0, 0.0, 0.0, 0.0, 0.0, 0.0, 0.0]"
hMpxV/Mexico/ROO_InDRE_F97/2023|EPI_ISL_17703589|2023-01-06,"[0.0, 0.0, 0.0, 0.0, 0.0, 0.0, 0.0, 0.0, 0.0, 0.0, 0.0, 0.0, 0.0, 0.0, 0.0, 1.0, 0.0, 0.0, 0.0, 0.0, 0.0, 0.0, 0.0, 0.0, 0.0, 0.0, 0.0, 0.0, 0.0, 0.0, 0.0]"
NODE_0000394,"[1.0274523585389651e-09, 1.6415461602959074e-09, 2.596479824695038e-09, 1.680320676227268e-09, 1.4830423518884347e-09, 9.084878839260322e-09, 1.6346477089415768e-09, 1.6190286510890829e-09, 1.6490444631469637e-09, 1.6509008571462164e-09, 1.5961218605371526e-09, 1.644594660218386e-09, 1.4890225874370134e-09, 1.6386142718273497e-09, 9.849577175569608e-10, 0.9999998149512443, 1.6260758001375748e-09, 1.6445946602178993e-09, 1.6445946602185077e-09, 1.5536135768720206e-09, 1.2663032680011204e-07, 1.7009647766401459e-09, 1.0900434256692426e-09, 1.6190820459910086e-09, 9.472349107236734e-10, 1.5517214120447538e-09, 1.4069460713500308e-09, 1.5609043158266948e-09, 1.5190649699138294e-09, 7.52622154865995e-09, 1.6067139895665912e-09]"
hMpxV/Mexico/MEX_InDRE_F5758/2022|EPI_ISL_17672235|2022-12-30,"[0.0, 0.0, 0.0, 0.0, 0.0, 0.0, 0.0, 0.0, 0.0, 0.0, 0.0, 0.0, 0.0, 0.0, 0.0, 0.9999999999999999, 0.0, 0.0, 0.0, 0.0, 0.0, 0.0, 0.0, 0.0, 0.0, 0.0, 0.0, 0.0, 0.0, 0.0, 0.0]"
NODE_0000395,"[1.416417294149468e-09, 2.237545289180531e-09, 3.516416412676637e-09, 2.2861286616316353e-09, 2.036700223934784e-09, 1.1949925655225346e-08, 2.2256657452533983e-09, 2.2015802605876226e-09, 2.2425916814416636e-09, 2.2461370880098303e-09, 2.1704545823840543e-09, 2.2370091362154826e-09, 2.0277184822546007e-09, 2.232944657678479e-09, 1.3519336808713667e-09, 0.9999997655943533, 2.2180934978167205e-09, 2.2370091362147212e-09, 2.237009136215651e-09, 2.118936668731007e-09, 1.5539963738520074e-07, 2.3171388659485614e-09, 1.4931007913764665e-09, 2.2016371528681443e-09, 1.3056598271147792e-09, 2.1121104444956736e-09, 1.921464340801046e-09, 2.123662027387374e-09, 2.068567016731381e-09, 1.0087881844314055e-08, 2.1845700061894997e-09]"
hMpxV/Mexico/JAL_InDRE_F171/2023|EPI_ISL_17703593|2023-01-20,"[0.0, 0.0, 0.0, 0.0, 0.0, 0.0, 0.0, 0.0, 0.0, 0.0, 0.0, 0.0, 0.0, 0.0, 0.0, 1.0, 0.0, 0.0, 0.0, 0.0, 0.0, 0.0, 0.0, 0.0, 0.0, 0.0, 0.0, 0.0, 0.0, 0.0, 0.0]"
NODE_0000396,"[1.9258653975555202e-17, 5.0045223543282585e-17, 1.3241413221612287e-16, 5.0640273178043625e-17, 4.4787202352973424e-17, 1.4311435625171678e-15, 5.016742109680342e-17, 4.954120484337522e-17, 5.0053078498756764e-17, 4.9698475754452323e-17, 4.895507663619825e-17, 5.0110614137844046e-17, 4.2857206488925056e-17, 4.815321537914605e-17, 2.214814301850984e-17, 0.9999999999992653, 4.5661321002267164e-17, 5.01106141378246e-17, 5.011061413785286e-17, 4.418985448316598e-17, 7.315371026661489e-13, 4.8416550800700935e-17, 2.7673820828901418e-17, 4.9551393456658745e-17, 1.79661276216971e-17, 4.677525233132475e-17, 3.542785388817061e-17, 4.7802337679925256e-17, 4.3609661716951305e-17, 9.103443920164233e-16, 4.920960199768844e-17]"
hMpxV/Mexico/PUE_InDRE_F57/2023|EPI_ISL_17672236|2023-01-02,"[0.0, 0.0, 0.0, 0.0, 0.0, 0.0, 0.0, 0.0, 0.0, 0.0, 0.0, 0.0, 0.0, 0.0, 0.0, 1.0, 0.0, 0.0, 0.0, 0.0, 0.0, 0.0, 0.0, 0.0, 0.0, 0.0, 0.0, 0.0, 0.0, 0.0, 0.0]"
NODE_0000397,"[4.6148066084340475e-09, 7.393504193925154e-09, 1.1685046071934501e-08, 7.576951133617685e-09, 6.65180798702764e-09, 4.108964820748426e-08, 7.366731165673296e-09, 7.301867219056846e-09, 7.437344432880058e-09, 7.444282266368371e-09, 7.198376866229573e-09, 7.416175173057815e-09, 6.713258681619265e-09, 7.383609646515661e-09, 4.429177056729269e-09, 0.9999991826557679, 7.32545241013904e-09, 7.4161751730570305e-09, 7.416175173057947e-09, 6.998965412165595e-09, 5.541300098087281e-07, 7.667970313889904e-09, 4.902850939395005e-09, 7.302127986935822e-09, 4.2545779373352215e-09, 6.995223123116004e-09, 6.339307517408455e-09, 7.0375259518569205e-09, 6.8489469916193306e-09, 3.375956656318188e-08, 7.246770067328852e-09]"
hMpxV/Mexico/YUC_InDRE_F5757/2022|EPI_ISL_17703581|2022-12-16,"[0.0, 0.0, 0.0, 0.0, 0.0, 0.0, 0.0, 0.0, 0.0, 0.0, 0.0, 0.0, 0.0, 0.0, 0.0, 0.9999999999999999, 0.0, 0.0, 0.0, 0.0, 0.0, 0.0, 0.0, 0.0, 0.0, 0.0, 0.0, 0.0, 0.0, 0.0, 0.0]"
hMpxV/Mexico/TAB_InDRE_F5681/2022|EPI_ISL_17672230|2022-12-13,"[0.0, 0.0, 0.0, 0.0, 0.0, 0.0, 0.0, 0.0, 0.0, 0.0, 0.0, 0.0, 0.0, 0.0, 0.0, 1.0, 0.0, 0.0, 0.0, 0.0, 0.0, 0.0, 0.0, 0.0, 0.0, 0.0, 0.0, 0.0, 0.0, 0.0, 0.0]"
NODE_0000398,"[1.1707495498374644e-11, 2.1309032103498004e-11, 3.925237483319604e-11, 2.162133192654968e-11, 1.9581899125823008e-11, 1.839802045235414e-10, 2.1202887764377087e-11, 2.0907880082025908e-11, 2.124358975874082e-11, 2.1235857940843903e-11, 2.0628679609942176e-11, 2.1225391993847802e-11, 1.8917328649312146e-11, 2.0999248434945978e-11, 1.1781269009990294e-11, 0.999999992357692, 2.058413198562044e-11, 2.1225391993843146e-11, 2.1225391993851014e-11, 1.9742236693161468e-11, 6.772667790871434e-09, 2.155094302302582e-11, 1.3496655706710123e-11, 2.0909359502946505e-11, 1.083273678825411e-11, 1.9992199515286165e-11, 1.723477056597606e-11, 2.0191577376739093e-11, 1.9280964925382992e-11, 1.4703109811553693e-10, 2.0748324033800666e-11]"
hMpxV/Mexico/CHH_InDRE_F43/2023|EPI_ISL_17703584|2023-01-02,"[0.0, 0.0, 0.0, 0.0, 0.0, 0.0, 0.0, 0.0, 0.0, 0.0, 0.0, 0.0, 0.0, 0.0, 0.0, 1.0, 0.0, 0.0, 0.0, 0.0, 0.0, 0.0, 0.0, 0.0, 0.0, 0.0, 0.0, 0.0, 0.0, 0.0, 0.0]"
hMpxV/Mexico/CAM_InDRE_F5554/2022|EPI_ISL_17672225|2022-11-30,"[0.0, 0.0, 0.0, 0.0, 0.0, 0.0, 0.0, 0.0, 0.0, 0.0, 0.0, 0.0, 0.0, 0.0, 0.0, 1.0, 0.0, 0.0, 0.0, 0.0, 0.0, 0.0, 0.0, 0.0, 0.0, 0.0, 0.0, 0.0, 0.0, 0.0, 0.0]"
hMpxV/Mexico/SLP_InDRE_F293/2023|EPI_ISL_17672255|2023-02-13,"[0.0, 0.0, 0.0, 0.0, 0.0, 0.0, 0.0, 0.0, 0.0, 0.0, 0.0, 0.0, 0.0, 0.0, 0.0, 1.0, 0.0, 0.0, 0.0, 0.0, 0.0, 0.0, 0.0, 0.0, 0.0, 0.0, 0.0, 0.0, 0.0, 0.0, 0.0]"
NODE_0000399,"[1.5248526402025095e-08, 2.4168182435565706e-08, 3.8028182003294396e-08, 2.4700772640831208e-08, 2.1974186010191238e-08, 1.3003522299907025e-07, 2.4044814617326656e-08, 2.3790549245181816e-08, 2.4233123834091917e-08, 2.4268393494862302e-08, 2.3454066821613688e-08, 2.4171487788967067e-08, 2.1903215053162865e-08, 2.4117956063580266e-08, 1.457554378341875e-08, 0.9999974761007734, 2.3945743610983922e-08, 2.4171487788964433e-08, 2.4171487788967547e-08, 2.2881411731234593e-08, 1.6694263076083887e-06, 2.5027271041928865e-08, 1.6103722099911653e-08, 2.3791221443463016e-08, 1.4056527243129379e-08, 2.2816246010770143e-08, 2.0737935705522745e-08, 2.2943903801587733e-08, 2.234438372060728e-08, 1.0915987625778098e-07, 2.3607477573095793e-08]"
hMpxV/Mexico/MEX_InDRE_F98/2023|EPI_ISL_17703590|2023-01-11,"[0.0, 0.0, 0.0, 0.0, 0.0, 0.0, 0.0, 0.0, 0.0, 0.0, 0.0, 0.0, 0.0, 0.0, 0.0, 1.0, 0.0, 0.0, 0.0, 0.0, 0.0, 0.0, 0.0, 0.0, 0.0, 0.0, 0.0, 0.0, 0.0, 0.0, 0.0]"
NODE_0000400,"[1.3217701365146493e-09, 2.1315339052158084e-09, 3.3881076854162966e-09, 2.185686794889239e-09, 1.9124115530930902e-09, 1.2145454682093512e-08, 2.1247212905993013e-09, 2.106923382856812e-09, 2.145856152695806e-09, 2.1473991996846188e-09, 2.077080806929716e-09, 2.1396171768615832e-09, 1.9354294113329266e-09, 2.1284388824939385e-09, 1.2715927915500618e-09, 0.9999997441556006, 2.1104514505822304e-09, 2.1396171768612776e-09, 2.1396171768616506e-09, 2.0165674427831815e-09, 1.7949583688646114e-07, 2.2102491092131683e-09, 1.409635303187054e-09, 2.107005756430222e-09, 1.2186053277695837e-09, 2.017605180540929e-09, 1.8244881825524522e-09, 2.0303086443760724e-09, 1.9745544344887333e-09, 9.89670077563197e-09, 2.091132831513398e-09]"
hMpxV/Mexico/QUE_InDRE_F144/2023|EPI_ISL_17672243|2023-01-16,"[0.0, 0.0, 0.0, 0.0, 0.0, 0.0, 0.0, 0.0, 0.0, 0.0, 0.0, 0.0, 0.0, 0.0, 0.0, 1.0, 0.0, 0.0, 0.0, 0.0, 0.0, 0.0, 0.0, 0.0, 0.0, 0.0, 0.0, 0.0, 0.0, 0.0, 0.0]"
hMpxV/Mexico/QUE_InDRE_F18/2022|EPI_ISL_17672248|2022-12-30,"[0.0, 0.0, 0.0, 0.0, 0.0, 0.0, 0.0, 0.0, 0.0, 0.0, 0.0, 0.0, 0.0, 0.0, 0.0, 0.9999999999999999, 0.0, 0.0, 0.0, 0.0, 0.0, 0.0, 0.0, 0.0, 0.0, 0.0, 0.0, 0.0, 0.0, 0.0, 0.0]"
NODE_0000401,"[2.9134432872758107e-07, 4.4403250274582173e-07, 6.854052472691635e-07, 4.5017355331838617e-07, 4.167517719233588e-07, 2.1172879282220657e-06, 4.397443603534312e-07, 4.32746073229075e-07, 4.409019802040345e-07, 4.4231020036591985e-07, 4.26656880348645e-07, 4.401820472053248e-07, 4.0042198030774413e-07, 4.4232655827339457e-07, 2.7434462303179004e-07, 0.9999627856282818, 4.405591438005313e-07, 4.401820472053144e-07, 4.4018204720532664e-07, 4.2093581462089963e-07, 2.1901995119821068e-05, 4.581112998648861e-07, 3.010066516325865e-07, 4.3274704256013677e-07, 2.6845634414457167e-07, 4.1655099122012354e-07, 3.828501339137881e-07, 4.1821611323244154e-07, 4.084159666454874e-07, 1.910324096371332e-06, 4.2920887037348853e-07]"
hMpxV/Mexico/NLE_InDRE_F382/2023|EPI_ISL_17703604|2023-03-10,"[0.0, 0.0, 0.0, 0.0, 0.0, 0.0, 0.0, 0.0, 0.0, 0.0, 0.0, 0.0, 0.0, 0.0, 0.0, 1.0, 0.0, 0.0, 0.0, 0.0, 0.0, 0.0, 0.0, 0.0, 0.0, 0.0, 0.0, 0.0, 0.0, 0.0, 0.0]"
NODE_0000402,"[1.3291088454809937e-11, 2.474225047627174e-11, 4.6566050172311016e-11, 2.512212653896265e-11, 2.2630298452846183e-11, 2.3213964201049584e-10, 2.464010368558176e-11, 2.4314685012901437e-11, 2.4697986259937488e-11, 2.4673306456986485e-11, 2.3991227763365057e-11, 2.4674327762334477e-11, 2.1936378686086047e-11, 2.4357205289689465e-11, 1.3485035662869538e-11, 0.9999999876381429, 2.381987834440475e-11, 2.4674327762328506e-11, 2.467432776233453e-11, 2.2862091903277646e-11, 1.1322874013342836e-08, 2.497478319766982e-11, 1.5527652934373603e-11, 2.431667044458712e-11, 1.2296129318698531e-11, 2.3220911540651544e-11, 1.986656762589745e-11, 2.3471623862030802e-11, 2.235729746616423e-11, 1.815268104028376e-10, 2.413247907596254e-11]"
hMpxV/Mexico/NLE_InDRE_F472/2023|EPI_ISL_17703612|2023-03-31,"[0.0, 0.0, 0.0, 0.0, 0.0, 0.0, 0.0, 0.0, 0.0, 0.0, 0.0, 0.0, 0.0, 0.0, 0.0, 0.9999999999999999, 0.0, 0.0, 0.0, 0.0, 0.0, 0.0, 0.0, 0.0, 0.0, 0.0, 0.0, 0.0, 0.0, 0.0, 0.0]"
NODE_0000403,"[1.1099228569611412e-09, 1.7857948135518292e-09, 2.8271582689416753e-09, 1.8322177533413206e-09, 1.599419458170178e-09, 1.0054495441945302e-08, 1.780446453695507e-09, 1.7661023274928854e-09, 1.7988404351212026e-09, 1.8001357713900809e-09, 1.7410486601231706e-09, 1.79349114126358e-09, 1.6228399955604836e-09, 1.784003128943667e-09, 1.0669571006710783e-09, 0.9999997973478343, 1.7695002797346842e-09, 1.793491141263361e-09, 1.7934911412638049e-09, 1.6904780676747291e-09, 1.3889578921564123e-07, 1.8533554893724506e-09, 1.1819709946606607e-09, 1.766170595306882e-09, 1.023328608554539e-09, 1.6912005092763027e-09, 1.5308609157725737e-09, 1.7017328835064311e-09, 1.6556931458828e-09, 8.189343767246297e-09, 1.7528850939731495e-09]"
hMpxV/Mexico/JAL_InDRE_F242/2023|EPI_ISL_17703594|2023-01-24,"[0.0, 0.0, 0.0, 0.0, 0.0, 0.0, 0.0, 0.0, 0.0, 0.0, 0.0, 0.0, 0.0, 0.0, 0.0, 1.0, 0.0, 0.0, 0.0, 0.0, 0.0, 0.0, 0.0, 0.0, 0.0, 0.0, 0.0, 0.0, 0.0, 0.0, 0.0]"
hMpxV/Mexico/NLE_InDRE_F264/2023|EPI_ISL_17703599|2023-02-07,"[0.0, 0.0, 0.0, 0.0, 0.0, 0.0, 0.0, 0.0, 0.0, 0.0, 0.0, 0.0, 0.0, 0.0, 0.0, 1.0, 0.0, 0.0, 0.0, 0.0, 0.0, 0.0, 0.0, 0.0, 0.0, 0.0, 0.0, 0.0, 0.0, 0.0, 0.0]"
NODE_0000404,"[1.5026236998848192e-08, 2.3661762564661713e-08, 3.7094212263745555e-08, 2.415812103127246e-08, 2.1603245222361303e-08, 1.2472514033019822e-07, 2.3526347314675585e-08, 2.3260877854573264e-08, 2.3694787740943036e-08, 2.3735470066447307e-08, 2.2932035260600355e-08, 2.3637358066678877e-08, 2.1433291592481823e-08, 2.3609305082225744e-08, 1.432702463694188e-08, 0.999997630992014, 2.34549294805854e-08, 2.3637358066677067e-08, 2.363735806667971e-08, 2.2409876349904818e-08, 1.536135549613575e-06, 2.4495178695920217e-08, 1.5810808761922806e-08, 2.326143872571653e-08, 1.3850722210049462e-08, 2.2320866454447293e-08, 2.032660411044492e-08, 2.2439998441091336e-08, 2.186464447168758e-08, 1.0585715593766462e-07, 2.3080280651748567e-08]"
hMpxV/Mexico/NLE_InDRE_F252/2023|EPI_ISL_17703597|2023-02-02,"[0.0, 0.0, 0.0, 0.0, 0.0, 0.0, 0.0, 0.0, 0.0, 0.0, 0.0, 0.0, 0.0, 0.0, 0.0, 1.0, 0.0, 0.0, 0.0, 0.0, 0.0, 0.0, 0.0, 0.0, 0.0, 0.0, 0.0, 0.0, 0.0, 0.0, 0.0]"
hMpxV/Mexico/VER_InDRE_F379/2023|EPI_ISL_17672260|2023-03-08,"[0.0, 0.0, 0.0, 0.0, 0.0, 0.0, 0.0, 0.0, 0.0, 0.0, 0.0, 0.0, 0.0, 0.0, 0.0, 1.0, 0.0, 0.0, 0.0, 0.0, 0.0, 0.0, 0.0, 0.0, 0.0, 0.0, 0.0, 0.0, 0.0, 0.0, 0.0]"
NODE_0000354,"[2.0325564453553148e-13, 3.714543427666752e-13, 1.555278408020638e-11, 3.0850854642595024e-14, 2.084095349667828e-11, 8.562990308265817e-14, 1.3790479411786693e-13, 3.0866155135010183e-14, 3.08715868089885e-14, 3.081088765941214e-14, 3.087688044059874e-14, 3.089423188845334e-14, 2.920317659170623e-14, 1.3113514869235775e-13, 1.3053756964206373e-13, 1.1348572938366428e-10, 6.791521829370384e-14, 3.089423188844987e-14, 3.0894231888448344e-14, 1.265370801112367e-13, 0.9999999433527398, 3.007774917133647e-14, 2.8165198718862694e-13, 3.086860261655177e-14, 3.031572893664642e-14, 4.253153218692884e-14, 2.868122298644163e-14, 4.2178459277710186e-14, 2.9565496261083504e-14, 5.649530355975293e-08, 3.0830642209302226e-14]"
hMpxV/Peru/LIM-INS-424/2023|EPI_ISL_19343529|2023-02-14,"[0.0, 0.0, 0.0, 0.0, 0.0, 0.0, 0.0, 0.0, 0.0, 0.0, 0.0, 0.0, 0.0, 0.0, 0.0, 0.0, 0.0, 0.0, 0.0, 0.0, 1.0, 0.0, 0.0, 0.0, 0.0, 0.0, 0.0, 0.0, 0.0, 0.0, 0.0]"
NODE_0000370,"[8.519703979491444e-26, 1.1928327231840981e-24, 4.2061705777200895e-22, 8.228646377475035e-27, 9.663379143861876e-19, 6.203010117364963e-26, 1.64286014147796e-25, 8.405862914854519e-27, 8.318985408502262e-27, 8.237753268538232e-27, 8.449741060919619e-27, 8.355829956881846e-27, 7.63582007155079e-27, 1.4611946886018912e-25, 9.574355456985697e-26, 1.778307189008295e-20, 1.2035049448115257e-26, 8.355829956880405e-27, 8.355829956879693e-27, 1.3737055041098667e-25, 0.9999999999999999, 7.56453704350407e-27, 2.6290851653511042e-25, 8.407875822424585e-27, 4.252003907164865e-27, 8.429324100965851e-27, 7.012996739588576e-27, 8.632302445892181e-27, 7.694947310362788e-27, 6.820010870937612e-20, 8.41528049539316e-27]"
hMpxV/Peru/LIM-INS-401/2023|EPI_ISL_19343470|2023-02-01,"[0.0, 0.0, 0.0, 0.0, 0.0, 0.0, 0.0, 0.0, 0.0, 0.0, 0.0, 0.0, 0.0, 0.0, 0.0, 0.0, 0.0, 0.0, 0.0, 0.0, 1.0, 0.0, 0.0, 0.0, 0.0, 0.0, 0.0, 0.0, 0.0, 0.0, 0.0]"
hMpxV/Peru/LIM-INS-388/2023|EPI_ISL_19343483|2023-01-21,"[0.0, 0.0, 0.0, 0.0, 0.0, 0.0, 0.0, 0.0, 0.0, 0.0, 0.0, 0.0, 0.0, 0.0, 0.0, 0.0, 0.0, 0.0, 0.0, 0.0, 0.9999999999999999, 0.0, 0.0, 0.0, 0.0, 0.0, 0.0, 0.0, 0.0, 0.0, 0.0]"
hMpxV/Peru/LIM-INS-410/2023|EPI_ISL_19343485|2023-02-06,"[0.0, 0.0, 0.0, 0.0, 0.0, 0.0, 0.0, 0.0, 0.0, 0.0, 0.0, 0.0, 0.0, 0.0, 0.0, 0.0, 0.0, 0.0, 0.0, 0.0, 1.0, 0.0, 0.0, 0.0, 0.0, 0.0, 0.0, 0.0, 0.0, 0.0, 0.0]"
hMpxV/Peru/LIM-INS-418/2023|EPI_ISL_19343493|2023-02-09,"[0.0, 0.0, 0.0, 0.0, 0.0, 0.0, 0.0, 0.0, 0.0, 0.0, 0.0, 0.0, 0.0, 0.0, 0.0, 0.0, 0.0, 0.0, 0.0, 0.0, 1.0, 0.0, 0.0, 0.0, 0.0, 0.0, 0.0, 0.0, 0.0, 0.0, 0.0]"
hMpxV/Peru/LIM-INS-439/2023|EPI_ISL_19343533|2023-01-06,"[0.0, 0.0, 0.0, 0.0, 0.0, 0.0, 0.0, 0.0, 0.0, 0.0, 0.0, 0.0, 0.0, 0.0, 0.0, 0.0, 0.0, 0.0, 0.0, 0.0, 0.9999999999999999, 0.0, 0.0, 0.0, 0.0, 0.0, 0.0, 0.0, 0.0, 0.0, 0.0]"
hMpxV/Peru/LIM-INS-389/2023|EPI_ISL_19343548|2023-01-11,"[0.0, 0.0, 0.0, 0.0, 0.0, 0.0, 0.0, 0.0, 0.0, 0.0, 0.0, 0.0, 0.0, 0.0, 0.0, 0.0, 0.0, 0.0, 0.0, 0.0, 1.0, 0.0, 0.0, 0.0, 0.0, 0.0, 0.0, 0.0, 0.0, 0.0, 0.0]"
hMpxV/Peru/LIM-INS-380/2023|EPI_ISL_19343566|2023-01-11,"[0.0, 0.0, 0.0, 0.0, 0.0, 0.0, 0.0, 0.0, 0.0, 0.0, 0.0, 0.0, 0.0, 0.0, 0.0, 0.0, 0.0, 0.0, 0.0, 0.0, 1.0, 0.0, 0.0, 0.0, 0.0, 0.0, 0.0, 0.0, 0.0, 0.0, 0.0]"
hMpxV/Chile/RM-ISP-3703/2023|EPI_ISL_19345365|2023-01-13,"[0.0, 0.0, 0.0, 0.0, 1.0, 0.0, 0.0, 0.0, 0.0, 0.0, 0.0, 0.0, 0.0, 0.0, 0.0, 0.0, 0.0, 0.0, 0.0, 0.0, 0.0, 0.0, 0.0, 0.0, 0.0, 0.0, 0.0, 0.0, 0.0, 0.0, 0.0]"
NODE_0000367,"[2.36896010286565e-09, 5.6635637849903845e-09, 4.3477273368609585e-08, 9.036792962981984e-10, 8.520100822254386e-08, 1.91657683776174e-09, 2.7328936440941496e-09, 8.80729323293734e-10, 8.922008646278771e-10, 8.953720838511022e-10, 8.734871558996631e-10, 8.900254419682666e-10, 8.478332402805543e-10, 2.7070095888778006e-09, 2.1060479249917736e-09, 1.9829121631958895e-07, 1.079473283921059e-09, 8.900254419682304e-10, 8.900254419682091e-10, 2.6286199477996453e-09, 0.9999991924807838, 9.211710658145207e-10, 2.9777684035263823e-09, 8.807056846069099e-10, 7.182563583794566e-10, 8.695320490833276e-10, 8.791318180144571e-10, 8.697149990939443e-10, 8.615806811993821e-10, 4.4152892302330206e-07, 8.764109721906933e-10]"
hMpxV/Peru/LIM-INS-405/2023|EPI_ISL_19343509|2023-02-09,"[0.0, 0.0, 0.0, 0.0, 0.0, 0.0, 0.0, 0.0, 0.0, 0.0, 0.0, 0.0, 0.0, 0.0, 0.0, 0.0, 0.0, 0.0, 0.0, 0.0, 1.0, 0.0, 0.0, 0.0, 0.0, 0.0, 0.0, 0.0, 0.0, 0.0, 0.0]"
NODE_0000368,"[2.5479924109472822e-42, 2.0488940323990534e-40, 1.080237789877096e-35, 2.0381959971332345e-44, 3.185232026017964e-34, 9.386737873899375e-43, 5.5931016519470725e-42, 2.2169121295888996e-44, 2.125529050930542e-44, 2.0914425906593429e-44, 2.286538463206675e-44, 2.1548314428176416e-44, 1.9717964098470168e-44, 4.3806431444786615e-42, 2.9847252576739096e-42, 4.6408680609440894e-32, 4.729887226887339e-44, 2.1548314428172443e-44, 2.1548314428170932e-44, 4.1057282386514314e-42, 1.0, 1.6873380966426035e-44, 2.086605820880825e-41, 2.2178388612206304e-44, 1.040742515662829e-44, 2.451646151812846e-44, 1.778135288663918e-44, 2.5548111087288635e-44, 1.9878104182875633e-44, 9.208275596567461e-31, 2.2391081106057756e-44]"
hMpxV/Peru/MOQ-INS-459/2023|EPI_ISL_19343464|2023-04-03,"[0.0, 0.0, 0.0, 0.0, 0.0, 0.0, 0.0, 0.0, 0.0, 0.0, 0.0, 0.0, 0.0, 0.0, 0.0, 0.0, 0.0, 0.0, 0.0, 0.0, 1.0, 0.0, 0.0, 0.0, 0.0, 0.0, 0.0, 0.0, 0.0, 0.0, 0.0]"
hMpxV/Peru/MOQ-INS-454/2023|EPI_ISL_19343465|2023-03-24,"[0.0, 0.0, 0.0, 0.0, 0.0, 0.0, 0.0, 0.0, 0.0, 0.0, 0.0, 0.0, 0.0, 0.0, 0.0, 0.0, 0.0, 0.0, 0.0, 0.0, 1.0, 0.0, 0.0, 0.0, 0.0, 0.0, 0.0, 0.0, 0.0, 0.0, 0.0]"
hMpxV/Peru/TAC-INS-426/2023|EPI_ISL_19343472|2023-02-21,"[0.0, 0.0, 0.0, 0.0, 0.0, 0.0, 0.0, 0.0, 0.0, 0.0, 0.0, 0.0, 0.0, 0.0, 0.0, 0.0, 0.0, 0.0, 0.0, 0.0, 1.0, 0.0, 0.0, 0.0, 0.0, 0.0, 0.0, 0.0, 0.0, 0.0, 0.0]"
hMpxV/Peru/LIM-INS-474/2023|EPI_ISL_19343522|2023-03-14,"[0.0, 0.0, 0.0, 0.0, 0.0, 0.0, 0.0, 0.0, 0.0, 0.0, 0.0, 0.0, 0.0, 0.0, 0.0, 0.0, 0.0, 0.0, 0.0, 0.0, 1.0, 0.0, 0.0, 0.0, 0.0, 0.0, 0.0, 0.0, 0.0, 0.0, 0.0]"
hMpxV/Peru/LIM-INS-458/2023|EPI_ISL_19343527|2023-04-04,"[0.0, 0.0, 0.0, 0.0, 0.0, 0.0, 0.0, 0.0, 0.0, 0.0, 0.0, 0.0, 0.0, 0.0, 0.0, 0.0, 0.0, 0.0, 0.0, 0.0, 1.0, 0.0, 0.0, 0.0, 0.0, 0.0, 0.0, 0.0, 0.0, 0.0, 0.0]"
hMpxV/Peru/LIM-INS-448/2023|EPI_ISL_19343544|2023-03-18,"[0.0, 0.0, 0.0, 0.0, 0.0, 0.0, 0.0, 0.0, 0.0, 0.0, 0.0, 0.0, 0.0, 0.0, 0.0, 0.0, 0.0, 0.0, 0.0, 0.0, 1.0, 0.0, 0.0, 0.0, 0.0, 0.0, 0.0, 0.0, 0.0, 0.0, 0.0]"
hMpxV/Peru/TAC-INS-468/2023|EPI_ISL_19343577|2023-02-24,"[0.0, 0.0, 0.0, 0.0, 0.0, 0.0, 0.0, 0.0, 0.0, 0.0, 0.0, 0.0, 0.0, 0.0, 0.0, 0.0, 0.0, 0.0, 0.0, 0.0, 0.9999999999999999, 0.0, 0.0, 0.0, 0.0, 0.0, 0.0, 0.0, 0.0, 0.0, 0.0]"
hMpxV/Peru/TAC-INS-481/2023|EPI_ISL_19343578|2023-02-24,"[0.0, 0.0, 0.0, 0.0, 0.0, 0.0, 0.0, 0.0, 0.0, 0.0, 0.0, 0.0, 0.0, 0.0, 0.0, 0.0, 0.0, 0.0, 0.0, 0.0, 0.9999999999999999, 0.0, 0.0, 0.0, 0.0, 0.0, 0.0, 0.0, 0.0, 0.0, 0.0]"
hMpxV/Peru/TAC-INS-463/2023|EPI_ISL_19343581|2023-02-20,"[0.0, 0.0, 0.0, 0.0, 0.0, 0.0, 0.0, 0.0, 0.0, 0.0, 0.0, 0.0, 0.0, 0.0, 0.0, 0.0, 0.0, 0.0, 0.0, 0.0, 1.0, 0.0, 0.0, 0.0, 0.0, 0.0, 0.0, 0.0, 0.0, 0.0, 0.0]"
hMpxV/Peru/TAC-INS-423/2023|EPI_ISL_19343582|2023-02-15,"[0.0, 0.0, 0.0, 0.0, 0.0, 0.0, 0.0, 0.0, 0.0, 0.0, 0.0, 0.0, 0.0, 0.0, 0.0, 0.0, 0.0, 0.0, 0.0, 0.0, 1.0, 0.0, 0.0, 0.0, 0.0, 0.0, 0.0, 0.0, 0.0, 0.0, 0.0]"
hMpxV/Peru/TAC-INS-421/2023|EPI_ISL_19343575|2023-02-14,"[0.0, 0.0, 0.0, 0.0, 0.0, 0.0, 0.0, 0.0, 0.0, 0.0, 0.0, 0.0, 0.0, 0.0, 0.0, 0.0, 0.0, 0.0, 0.0, 0.0, 1.0, 0.0, 0.0, 0.0, 0.0, 0.0, 0.0, 0.0, 0.0, 0.0, 0.0]"
hMpxV/Peru/TAC-INS-409/2023|EPI_ISL_19343583|2023-02-02,"[0.0, 0.0, 0.0, 0.0, 0.0, 0.0, 0.0, 0.0, 0.0, 0.0, 0.0, 0.0, 0.0, 0.0, 0.0, 0.0, 0.0, 0.0, 0.0, 0.0, 0.9999999999999999, 0.0, 0.0, 0.0, 0.0, 0.0, 0.0, 0.0, 0.0, 0.0, 0.0]"
hMpxV/Peru/MDD-INS-475/2023|EPI_ISL_19343586|2023-03-08,"[0.0, 0.0, 0.0, 0.0, 0.0, 0.0, 0.0, 0.0, 0.0, 0.0, 0.0, 0.0, 0.0, 0.0, 0.0, 0.0, 0.0, 0.0, 0.0, 0.0, 0.9999999999999999, 0.0, 0.0, 0.0, 0.0, 0.0, 0.0, 0.0, 0.0, 0.0, 0.0]"
hMpxV/Peru/CUS-INS-471/2023|EPI_ISL_19343590|2023-03-01,"[0.0, 0.0, 0.0, 0.0, 0.0, 0.0, 0.0, 0.0, 0.0, 0.0, 0.0, 0.0, 0.0, 0.0, 0.0, 0.0, 0.0, 0.0, 0.0, 0.0, 1.0, 0.0, 0.0, 0.0, 0.0, 0.0, 0.0, 0.0, 0.0, 0.0, 0.0]"
NODE_0000369,"[2.7406268890577464e-09, 6.155838446534359e-09, 4.520446538773082e-08, 1.0920709680154722e-09, 8.522377400115595e-08, 2.2251886723577633e-09, 3.074885115720784e-09, 1.062821184985136e-09, 1.0773206933717523e-09, 1.0825535091075824e-09, 1.054549328713885e-09, 1.0746951183922723e-09, 1.0229283086421345e-09, 3.05077821327699e-09, 2.360237519359923e-09, 1.95874476799309e-07, 1.3188348776754969e-09, 1.0746951183921243e-09, 1.0746951183920525e-09, 2.9661949777946045e-09, 0.9999991856123617, 1.1162059376004869e-09, 3.3338667362195606e-09, 1.062777830707244e-09, 8.897014519436042e-10, 1.0580207251195748e-09, 1.0694330855819713e-09, 1.0572966969385905e-09, 1.0424802490867467e-09, 4.4288890216005853e-07, 1.0573231544662951e-09]"
hMpxV/Peru/LIM-INS-449/2023|EPI_ISL_19343537|2023-03-22,"[0.0, 0.0, 0.0, 0.0, 0.0, 0.0, 0.0, 0.0, 0.0, 0.0, 0.0, 0.0, 0.0, 0.0, 0.0, 0.0, 0.0, 0.0, 0.0, 0.0, 1.0, 0.0, 0.0, 0.0, 0.0, 0.0, 0.0, 0.0, 0.0, 0.0, 0.0]"
hMpxV/Peru/LIM-INS-462/2023|EPI_ISL_19343552|2023-04-21,"[0.0, 0.0, 0.0, 0.0, 0.0, 0.0, 0.0, 0.0, 0.0, 0.0, 0.0, 0.0, 0.0, 0.0, 0.0, 0.0, 0.0, 0.0, 0.0, 0.0, 1.0, 0.0, 0.0, 0.0, 0.0, 0.0, 0.0, 0.0, 0.0, 0.0, 0.0]"
NODE_0000355,"[4.012584162110799e-08, 3.38215508977009e-08, 5.567953926544351e-07, 8.924758351900595e-09, 2.828346598817852e-07, 1.5558195677389866e-08, 2.003727904455045e-08, 8.841840067758547e-09, 8.890739115173452e-09, 8.87968520180053e-09, 8.803186158633837e-09, 8.878086754441055e-09, 8.435984415097866e-09, 1.957442270378652e-08, 2.2391269711759646e-08, 1.174869151725005e-06, 2.0668879126561114e-08, 8.878086754426333e-09, 8.878086754418225e-09, 1.8960630876894182e-08, 0.9827129017283758, 8.882816885074668e-09, 4.172512075346137e-08, 8.842201026688338e-09, 1.0023461229765462e-08, 1.317090403057709e-08, 8.268580076119486e-09, 1.294861488596062e-08, 8.52084287309478e-09, 0.01728469201979513, 8.8215599949545e-09]"
hMpxV/USA/CA-LACPHL-MA00408/2023|EPI_ISL_16997442|2023-01-11,"[0.0, 0.0, 0.0, 0.0, 0.0, 0.0, 0.0, 0.0, 0.0, 0.0, 0.0, 0.0, 0.0, 0.0, 0.0, 0.0, 0.0, 0.0, 0.0, 0.0, 0.0, 0.0, 0.0, 0.0, 0.0, 0.0, 0.0, 0.0, 0.0, 1.0, 0.0]"
hMpxV/Peru/LIM-INS-377/2023|EPI_ISL_19343474|2023-01-13,"[0.0, 0.0, 0.0, 0.0, 0.0, 0.0, 0.0, 0.0, 0.0, 0.0, 0.0, 0.0, 0.0, 0.0, 0.0, 0.0, 0.0, 0.0, 0.0, 0.0, 1.0, 0.0, 0.0, 0.0, 0.0, 0.0, 0.0, 0.0, 0.0, 0.0, 0.0]"
NODE_0000356,"[1.151996061010045e-05, 1.7934322821979355e-05, 7.500995031673368e-05, 6.199064479126078e-06, 0.00010428696161113153, 9.718383626843189e-06, 1.1507471219258068e-05, 5.981859528370082e-06, 6.091579438557914e-06, 6.140541323704015e-06, 5.923667185885331e-06, 6.06601677475001e-06, 5.784140413779372e-06, 1.1635954726852117e-05, 8.985102312334523e-06, 0.00019001904743439575, 7.39571116805213e-06, 6.066016774749944e-06, 6.066016774749904e-06, 1.1346662181664354e-05, 0.9989759003446996, 6.44685221293716e-06, 1.16269249362455e-05, 5.981260228619966e-06, 5.449464034587031e-06, 6.03163935474429e-06, 6.170654271985031e-06, 6.00114624770748e-06, 5.9209383190866745e-06, 0.00045084804697082226, 5.944298000761251e-06]"
NODE_0000366,"[5.77681389301384e-10, 1.2435186138016192e-09, 8.677589924546657e-09, 2.3713493538962383e-10, 1.577429667879325e-08, 4.70314775869504e-10, 6.388295172997612e-10, 2.3060735853683115e-10, 2.3387247603429573e-10, 2.3504214510074593e-10, 2.2872719719649882e-10, 2.3322883160706887e-10, 2.2208896900319204e-10, 6.352000570546139e-10, 4.914888271515738e-10, 3.567013046588254e-08, 2.8574538350502173e-10, 2.3322883160703707e-10, 2.3322883160701407e-10, 6.176885747114964e-10, 0.9999998484528393, 2.427928955155712e-10, 6.885922017858808e-10, 2.3059640273365157e-10, 1.9431913890944705e-10, 2.2978623886575517e-10, 2.3233394664115465e-10, 2.295298858731905e-10, 2.263164132332889e-10, 8.187385023431599e-08, 2.2939980736886812e-10]"
hMpxV/Peru/LIM-INS-553/2024|EPI_ISL_19449529|2024-07-04,"[0.0, 0.0, 0.0, 0.0, 0.0, 0.0, 0.0, 0.0, 0.0, 0.0, 0.0, 0.0, 0.0, 0.0, 0.0, 0.0, 0.0, 0.0, 0.0, 0.0, 1.0, 0.0, 0.0, 0.0, 0.0, 0.0, 0.0, 0.0, 0.0, 0.0, 0.0]"
hMpxV/Peru/LIM-INS-558/2024|EPI_ISL_19449534|2024-07-02,"[0.0, 0.0, 0.0, 0.0, 0.0, 0.0, 0.0, 0.0, 0.0, 0.0, 0.0, 0.0, 0.0, 0.0, 0.0, 0.0, 0.0, 0.0, 0.0, 0.0, 1.0, 0.0, 0.0, 0.0, 0.0, 0.0, 0.0, 0.0, 0.0, 0.0, 0.0]"
NODE_0000357,"[1.1952520831087048e-11, 3.643292545143524e-13, 1.5677081811158754e-11, 2.2055159063203968e-14, 3.0832300005275074e-11, 7.145574928373266e-14, 1.1964342205113615e-13, 2.2093136348802953e-14, 2.2126515395130386e-14, 2.2038105381526837e-14, 2.210223769786227e-14, 2.208428442017724e-14, 2.055391710773572e-14, 1.1241661219298053e-13, 1.1061701298622845e-13, 1.4064259099393182e-10, 2.9696676034022935e-14, 2.2084284420175582e-14, 2.2084284420174052e-14, 1.0758224124800568e-13, 0.9999999989453413, 2.1298941734709753e-14, 1.5480329021341442e-13, 2.209482757459734e-14, 2.6170685885463335e-14, 2.267504992060902e-14, 2.0226144790145328e-14, 2.2925119965207146e-14, 2.0955321973855824e-14, 8.541082714701914e-10, 2.207704116907609e-14]"
hMpxV/Australia/VIC-VIDRL-2388/2024|EPI_ISL_19459749|2024-04-18,"[1.0, 0.0, 0.0, 0.0, 0.0, 0.0, 0.0, 0.0, 0.0, 0.0, 0.0, 0.0, 0.0, 0.0, 0.0, 0.0, 0.0, 0.0, 0.0, 0.0, 0.0, 0.0, 0.0, 0.0, 0.0, 0.0, 0.0, 0.0, 0.0, 0.0, 0.0]"
hMpxV/Peru/LIM-INS-525/2024|EPI_ISL_19353804|2024-04-05,"[0.0, 0.0, 0.0, 0.0, 0.0, 0.0, 0.0, 0.0, 0.0, 0.0, 0.0, 0.0, 0.0, 0.0, 0.0, 0.0, 0.0, 0.0, 0.0, 0.0, 0.9999999999999999, 0.0, 0.0, 0.0, 0.0, 0.0, 0.0, 0.0, 0.0, 0.0, 0.0]"
hMpxV/Peru/LIM-INS-532/2024|EPI_ISL_19353819|2024-03-14,"[0.0, 0.0, 0.0, 0.0, 0.0, 0.0, 0.0, 0.0, 0.0, 0.0, 0.0, 0.0, 0.0, 0.0, 0.0, 0.0, 0.0, 0.0, 0.0, 0.0, 1.0, 0.0, 0.0, 0.0, 0.0, 0.0, 0.0, 0.0, 0.0, 0.0, 0.0]"
NODE_0000358,"[4.058228203977173e-10, 1.0686568635403287e-09, 1.4003879543151836e-08, 1.3003265221321203e-10, 3.0105141555905234e-08, 3.1241018747202715e-10, 4.5717501265988e-10, 1.2731466250138316e-10, 1.286578679147069e-10, 1.2931000102483626e-10, 1.2673534059436245e-10, 1.2847170811668132e-10, 1.2182837185144865e-10, 4.47185083876202e-10, 3.400992361449084e-10, 9.216000541001328e-08, 1.6709475384616918e-10, 1.2847170811667597e-10, 1.2847170811667447e-10, 4.343578578964321e-10, 0.9999996040978584, 1.314219851052221e-10, 5.385242063071728e-10, 1.2731093121746622e-10, 1.0604472640908773e-10, 1.292185932329505e-10, 1.2736873847000685e-10, 1.2935067901763284e-10, 1.2451193916430395e-10, 2.5331051645859587e-07, 1.2675109712146706e-10]"
hMpxV/Peru/LIM-INS-563/2024|EPI_ISL_19449539|2024-06-05,"[0.0, 0.0, 0.0, 0.0, 0.0, 0.0, 0.0, 0.0, 0.0, 0.0, 0.0, 0.0, 0.0, 0.0, 0.0, 0.0, 0.0, 0.0, 0.0, 0.0, 1.0, 0.0, 0.0, 0.0, 0.0, 0.0, 0.0, 0.0, 0.0, 0.0, 0.0]"
hMpxV/Peru/CAL-INS-524/2024|EPI_ISL_19353791|2024-04-06,"[0.0, 0.0, 0.0, 0.0, 0.0, 0.0, 0.0, 0.0, 0.0, 0.0, 0.0, 0.0, 0.0, 0.0, 0.0, 0.0, 0.0, 0.0, 0.0, 0.0, 1.0, 0.0, 0.0, 0.0, 0.0, 0.0, 0.0, 0.0, 0.0, 0.0, 0.0]"
NODE_0000359,"[5.799401076877153e-08, 1.2236543387478763e-07, 8.441410723953357e-07, 2.4172568845094395e-08, 1.5203532480157357e-06, 4.729228975348794e-08, 6.351142124609402e-08, 2.349401171373085e-08, 2.38309666129932e-08, 2.396574195346473e-08, 2.3310408054624307e-08, 2.3767773206548397e-08, 2.2620251079864577e-08, 6.316701244027246e-08, 4.87264384001455e-08, 3.425395928820831e-06, 2.9298174733172437e-08, 2.3767773206547855e-08, 2.3767773206547676e-08, 6.146573080680881e-08, 0.9999853829059876, 2.4773075049015365e-08, 6.834503487729587e-08, 2.3492768851602822e-08, 2.0030940000453417e-08, 2.3498965008682564e-08, 2.376434143783015e-08, 2.3464819514568433e-08, 2.3086431938095293e-08, 7.866861685828313e-06, 2.3367920930808697e-08]"
hMpxV/Peru/LIM-INS-550/2024|EPI_ISL_19449526|2024-07-25,"[0.0, 0.0, 0.0, 0.0, 0.0, 0.0, 0.0, 0.0, 0.0, 0.0, 0.0, 0.0, 0.0, 0.0, 0.0, 0.0, 0.0, 0.0, 0.0, 0.0, 1.0, 0.0, 0.0, 0.0, 0.0, 0.0, 0.0, 0.0, 0.0, 0.0, 0.0]"
hMpxV/Peru/LIM-INS-559/2024|EPI_ISL_19449535|2024-08-05,"[0.0, 0.0, 0.0, 0.0, 0.0, 0.0, 0.0, 0.0, 0.0, 0.0, 0.0, 0.0, 0.0, 0.0, 0.0, 0.0, 0.0, 0.0, 0.0, 0.0, 1.0, 0.0, 0.0, 0.0, 0.0, 0.0, 0.0, 0.0, 0.0, 0.0, 0.0]"
NODE_0000360,"[1.5785712083549956e-15, 7.382316079329036e-15, 3.920657917582593e-13, 2.722924219599981e-16, 1.314063022670673e-12, 1.0738309967361548e-15, 1.985859804993333e-15, 2.713228915878807e-16, 2.717634555345993e-16, 2.7225541071456564e-16, 2.71780638948105e-16, 2.721012660982377e-16, 2.563808997889938e-16, 1.8704899291607626e-15, 1.394537037653714e-15, 7.699991259616037e-12, 3.880125873074703e-16, 2.7210126609821374e-16, 2.72101266098185e-16, 1.8065085611487883e-15, 0.9999999999612047, 2.6614816909649865e-16, 2.8414334306029744e-15, 2.7133507331943694e-16, 2.0624092716742453e-16, 2.799494498285181e-16, 2.620233260140508e-16, 2.821099145679933e-16, 2.616531037299526e-16, 2.936388988350425e-11, 2.707603773894118e-16]"
hMpxV/Peru/LIM-INS-562/2024|EPI_ISL_19449538|2024-07-04,"[0.0, 0.0, 0.0, 0.0, 0.0, 0.0, 0.0, 0.0, 0.0, 0.0, 0.0, 0.0, 0.0, 0.0, 0.0, 0.0, 0.0, 0.0, 0.0, 0.0, 1.0, 0.0, 0.0, 0.0, 0.0, 0.0, 0.0, 0.0, 0.0, 0.0, 0.0]"
hMpxV/Peru/CAL-INS-521/2024|EPI_ISL_19353792|2024-04-23,"[0.0, 0.0, 0.0, 0.0, 0.0, 0.0, 0.0, 0.0, 0.0, 0.0, 0.0, 0.0, 0.0, 0.0, 0.0, 0.0, 0.0, 0.0, 0.0, 0.0, 1.0, 0.0, 0.0, 0.0, 0.0, 0.0, 0.0, 0.0, 0.0, 0.0, 0.0]"
NODE_0000365,"[6.439439518999383e-10, 1.5035145842642859e-09, 1.1336674379466177e-08, 2.4974300032914916e-10, 2.188253551776599e-08, 5.216980374783469e-10, 7.352685227482069e-10, 2.4327211348373016e-10, 2.46499198625436e-10, 2.474857982463241e-10, 2.4130221455699213e-10, 2.458933595396648e-10, 2.341795401368562e-10, 7.288012176904082e-10, 5.659155288925145e-10, 5.066570247925248e-08, 2.993761264542581e-10, 2.458933595396301e-10, 2.4589335953961277e-10, 7.0801204404614e-10, 0.9999997920300664, 2.5483504993144513e-10, 7.995210852122185e-10, 2.4326433110131757e-10, 2.0022424359611022e-10, 2.408601321698469e-10, 2.435061677131146e-10, 2.408320674908704e-10, 2.3820412620532435e-10, 1.1347502600349944e-07, 2.420562442245541e-10]"
hMpxV/Peru/LIM-INS-565/2024|EPI_ISL_19449541|2024-06-15,"[0.0, 0.0, 0.0, 0.0, 0.0, 0.0, 0.0, 0.0, 0.0, 0.0, 0.0, 0.0, 0.0, 0.0, 0.0, 0.0, 0.0, 0.0, 0.0, 0.0, 1.0, 0.0, 0.0, 0.0, 0.0, 0.0, 0.0, 0.0, 0.0, 0.0, 0.0]"
hMpxV/Peru/LIM-INS-572/2024|EPI_ISL_19449548|2024-06-06,"[0.0, 0.0, 0.0, 0.0, 0.0, 0.0, 0.0, 0.0, 0.0, 0.0, 0.0, 0.0, 0.0, 0.0, 0.0, 0.0, 0.0, 0.0, 0.0, 0.0, 1.0, 0.0, 0.0, 0.0, 0.0, 0.0, 0.0, 0.0, 0.0, 0.0, 0.0]"
NODE_0000363,"[8.832916173426611e-08, 1.9088898239006979e-07, 1.363365725006859e-06, 3.6161132044754916e-08, 2.509269953511062e-06, 7.187637700220338e-08, 9.741699595387488e-08, 3.516160613757957e-08, 3.565477687105737e-08, 3.5856511519117536e-08, 3.489731060468517e-08, 3.556782112042596e-08, 3.3838071053907375e-08, 9.675303776809454e-08, 7.459775725278541e-08, 5.72217157287209e-06, 4.3961791649405135e-08, 3.556782112042504e-08, 3.556782112042528e-08, 9.41436490444011e-08, 0.9999758832169161, 3.702186322795993e-08, 1.0529403269065848e-07, 3.515986955358717e-08, 2.9911420977817505e-08, 3.518069938751712e-08, 3.5555223342886505e-08, 3.513720403821553e-08, 3.4545094376947164e-08, 1.3062955930901607e-05, 3.497386951758739e-08]"
hMpxV/Peru/LIM-INS-560/2024|EPI_ISL_19449536|2024-07-29,"[0.0, 0.0, 0.0, 0.0, 0.0, 0.0, 0.0, 0.0, 0.0, 0.0, 0.0, 0.0, 0.0, 0.0, 0.0, 0.0, 0.0, 0.0, 0.0, 0.0, 1.0, 0.0, 0.0, 0.0, 0.0, 0.0, 0.0, 0.0, 0.0, 0.0, 0.0]"
NODE_0000364,"[8.192662275676318e-11, 2.0489841399160883e-10, 1.7188335427318878e-09, 3.008103964903548e-11, 3.5104329173721556e-09, 6.589042430605868e-11, 9.590979405114151e-11, 2.935123072345702e-11, 2.971837091908701e-11, 2.9801197445939275e-11, 2.910678299006361e-11, 2.964682554695307e-11, 2.8248718300849944e-11, 9.482338599188288e-11, 7.3955064804684e-11, 8.676306368069658e-09, 3.586734263288381e-11, 2.964682554694838e-11, 2.9646825546946276e-11, 9.200146948000965e-11, 0.9999999647532296, 3.059687390626789e-11, 1.0552434699193648e-10, 2.93506978464574e-11, 2.357902671951725e-11, 2.8890586663459105e-11, 2.91440802129724e-11, 2.8913192628347697e-11, 2.8661946465727533e-11, 1.999680314921209e-08, 2.9213292047976135e-11]"
hMpxV/Peru/LIM-INS-555/2024|EPI_ISL_19449531|2024-06-11,"[0.0, 0.0, 0.0, 0.0, 0.0, 0.0, 0.0, 0.0, 0.0, 0.0, 0.0, 0.0, 0.0, 0.0, 0.0, 0.0, 0.0, 0.0, 0.0, 0.0, 1.0, 0.0, 0.0, 0.0, 0.0, 0.0, 0.0, 0.0, 0.0, 0.0, 0.0]"
hMpxV/Peru/LIM-INS-568/2024|EPI_ISL_19449544|2024-06-21,"[0.0, 0.0, 0.0, 0.0, 0.0, 0.0, 0.0, 0.0, 0.0, 0.0, 0.0, 0.0, 0.0, 0.0, 0.0, 0.0, 0.0, 0.0, 0.0, 0.0, 0.9999999999999999, 0.0, 0.0, 0.0, 0.0, 0.0, 0.0, 0.0, 0.0, 0.0, 0.0]"
NODE_0000361,"[2.6574953896221823e-09, 5.9736385353334574e-09, 4.388458214767738e-08, 1.0583899456095305e-09, 8.277007774879115e-08, 2.157608871589575e-09, 2.982706560253654e-09, 1.0300611878847232e-09, 1.0441066882912731e-09, 1.0491571187378391e-09, 1.0220347103040339e-09, 1.0415601037170317e-09, 9.914047307665333e-10, 2.9592811077196094e-09, 2.28965445517431e-09, 1.902546208847869e-07, 1.277913462618569e-09, 1.0415601037168868e-09, 1.0415601037168229e-09, 2.8771798237618162e-09, 0.99999920916316, 1.0817448008544839e-09, 3.234060108441054e-09, 1.0300193595477096e-09, 8.619457922632682e-10, 1.0252755895536734e-09, 1.0363431417487823e-09, 1.024586265355134e-09, 1.0103072418143192e-09, 4.301032273934172e-07, 1.0247367081456147e-09]"
hMpxV/Peru/LIM-INS-510/2024|EPI_ISL_19353795|2024-05-21,"[0.0, 0.0, 0.0, 0.0, 0.0, 0.0, 0.0, 0.0, 0.0, 0.0, 0.0, 0.0, 0.0, 0.0, 0.0, 0.0, 0.0, 0.0, 0.0, 0.0, 1.0, 0.0, 0.0, 0.0, 0.0, 0.0, 0.0, 0.0, 0.0, 0.0, 0.0]"
NODE_0000362,"[1.6335850246621182e-12, 5.1643123966292095e-12, 7.847113176806991e-11, 4.600446138030918e-13, 1.902505680565292e-10, 1.243526420984705e-12, 1.9892897961209254e-12, 4.5226733023623667e-13, 4.561883240331381e-13, 4.569877230577333e-13, 4.4983482339165854e-13, 4.556227312185631e-13, 4.327871598658352e-13, 1.9349577027270545e-12, 1.491945689119364e-12, 6.086451556919591e-10, 5.766694699030751e-13, 4.556227312185202e-13, 4.556227312185123e-13, 1.873334089183465e-12, 0.999999997497954, 4.613184428111431e-13, 2.383528734921946e-12, 4.5227171280488323e-13, 3.51636039765255e-13, 4.4960594060606286e-13, 4.431640706441256e-13, 4.511912522745102e-13, 4.392410369735304e-13, 1.5988137342492312e-09, 4.5058957351577445e-13]"
hMpxV/Peru/LIM-INS-551/2024|EPI_ISL_19449527|2024-07-12,"[0.0, 0.0, 0.0, 0.0, 0.0, 0.0, 0.0, 0.0, 0.0, 0.0, 0.0, 0.0, 0.0, 0.0, 0.0, 0.0, 0.0, 0.0, 0.0, 0.0, 0.9999999999999999, 0.0, 0.0, 0.0, 0.0, 0.0, 0.0, 0.0, 0.0, 0.0, 0.0]"
hMpxV/Peru/LIM-INS-564/2024|EPI_ISL_19449540|2024-07-11,"[0.0, 0.0, 0.0, 0.0, 0.0, 0.0, 0.0, 0.0, 0.0, 0.0, 0.0, 0.0, 0.0, 0.0, 0.0, 0.0, 0.0, 0.0, 0.0, 0.0, 1.0, 0.0, 0.0, 0.0, 0.0, 0.0, 0.0, 0.0, 0.0, 0.0, 0.0]"
hMpxV/Peru/ICA-INS-574/2024|EPI_ISL_19449550|2024-07-22,"[0.0, 0.0, 0.0, 0.0, 0.0, 0.0, 0.0, 0.0, 0.0, 0.0, 0.0, 0.0, 0.0, 0.0, 0.0, 0.0, 0.0, 0.0, 0.0, 0.0, 1.0, 0.0, 0.0, 0.0, 0.0, 0.0, 0.0, 0.0, 0.0, 0.0, 0.0]"
NODE_0000379,"[8.917184406699007e-06, 2.3192562750722543e-06, 4.122160351076624e-05, 1.6382859721654941e-06, 5.572387288593524e-06, 1.913408798461182e-06, 2.005152890691918e-06, 1.63226468875335e-06, 1.6380463928034573e-06, 1.6346583899812124e-06, 1.628561606607035e-06, 1.6347960662865236e-06, 1.554041233123404e-06, 1.9773755324637396e-06, 3.1103557929347276e-06, 2.8563977325098835e-05, 6.592565929952724e-06, 1.6347960662864084e-06, 1.6347960662863843e-06, 1.9086274126742066e-06, 0.0022949042472853692, 1.6258887988211834e-06, 6.741604315287592e-06, 1.6323332143216235e-06, 2.6420746715016627e-06, 3.4827384390230134e-06, 1.4943342035947771e-06, 3.35950261759085e-06, 1.570753084408842e-06, 0.9975621840806297, 1.630301094734686e-06]"
hMpxV/USA/CA-CDPH-1M1000243/2023|EPI_ISL_18458962|2023-04-13,"[0.0, 0.0, 0.0, 0.0, 0.0, 0.0, 0.0, 0.0, 0.0, 0.0, 0.0, 0.0, 0.0, 0.0, 0.0, 0.0, 0.0, 0.0, 0.0, 0.0, 0.0, 0.0, 0.0, 0.0, 0.0, 0.0, 0.0, 0.0, 0.0, 1.0, 0.0]"
NODE_0000380,"[1.0655156145731445e-08, 1.308889922222506e-09, 4.8059515653766924e-08, 1.143753506249764e-09, 2.459753622085932e-09, 1.215394958456236e-09, 1.244838182295671e-09, 1.1578343366745789e-09, 1.1536775760306277e-09, 1.1443980077764843e-09, 1.1583565871058514e-09, 1.1523231052466139e-09, 1.095147245186956e-09, 1.2127334418909304e-09, 2.643162314681126e-09, 2.0473690864894922e-08, 7.972177252833725e-09, 1.1523231052446985e-09, 1.1523231052436323e-09, 1.1630576402183496e-09, 2.939526339172725e-06, 1.1085936192177196e-09, 7.266065590560376e-09, 1.1579746223026574e-09, 2.3767566520354373e-09, 3.4559041745669223e-09, 9.953877890049035e-10, 3.2886059803588477e-09, 1.0968758357731806e-09, 0.9999969298495086, 1.1594813509307865e-09]"
hMpxV/USA/CA-CDPH-1M1000244/2023|EPI_ISL_18458963|2023-04-13,"[0.0, 0.0, 0.0, 0.0, 0.0, 0.0, 0.0, 0.0, 0.0, 0.0, 0.0, 0.0, 0.0, 0.0, 0.0, 0.0, 0.0, 0.0, 0.0, 0.0, 0.0, 0.0, 0.0, 0.0, 0.0, 0.0, 0.0, 0.0, 0.0, 1.0, 0.0]"
NODE_0000381,"[6.46284706739102e-15, 7.860627425108969e-17, 2.2950865193333443e-13, 5.2959010670413177e-17, 3.60420581653987e-16, 6.544189200622462e-17, 6.975610880054393e-17, 5.784750567022861e-17, 5.59758095492819e-17, 5.44630157082985e-17, 5.899940758479071e-17, 5.572089806049534e-17, 5.298294983556214e-17, 6.532721791615869e-17, 3.752928929078819e-16, 3.869440372895626e-14, 2.958497487213672e-15, 5.572089806040265e-17, 5.572089806035157e-17, 5.869384125653377e-17, 1.1931911183937055e-09, 4.6321917132490597e-17, 3.581901697726868e-15, 5.786446540110804e-17, 2.756393444060425e-16, 5.736814694391811e-16, 4.153418957434423e-17, 5.22193094711343e-16, 5.207179101577577e-17, 0.9999999988065246, 5.87213536576807e-17]"
hMpxV/USA/CA-CDPH-11000316/2023|EPI_ISL_18323786|2023-07-21,"[0.0, 0.0, 0.0, 0.0, 0.0, 0.0, 0.0, 0.0, 0.0, 0.0, 0.0, 0.0, 0.0, 0.0, 0.0, 0.0, 0.0, 0.0, 0.0, 0.0, 0.0, 0.0, 0.0, 0.0, 0.0, 0.0, 0.0, 0.0, 0.0, 1.0, 0.0]"
hMpxV/Peru/LIM-INS-503/2023|EPI_ISL_19343555|2023-10-30,"[0.0, 0.0, 0.0, 0.0, 0.0, 0.0, 0.0, 0.0, 0.0, 0.0, 0.0, 0.0, 0.0, 0.0, 0.0, 0.0, 0.0, 0.0, 0.0, 0.0, 1.0, 0.0, 0.0, 0.0, 0.0, 0.0, 0.0, 0.0, 0.0, 0.0, 0.0]"
hMpxV/USA/CA-CDPH-11000297/2023|EPI_ISL_18325000|2023-07-06,"[0.0, 0.0, 0.0, 0.0, 0.0, 0.0, 0.0, 0.0, 0.0, 0.0, 0.0, 0.0, 0.0, 0.0, 0.0, 0.0, 0.0, 0.0, 0.0, 0.0, 0.0, 0.0, 0.0, 0.0, 0.0, 0.0, 0.0, 0.0, 0.0, 1.0, 0.0]"
hMpxV/USA/CA-CDPH-1M1000275/2023|EPI_ISL_18443042|2023-05-12,"[0.0, 0.0, 0.0, 0.0, 0.0, 0.0, 0.0, 0.0, 0.0, 0.0, 0.0, 0.0, 0.0, 0.0, 0.0, 0.0, 0.0, 0.0, 0.0, 0.0, 0.0, 0.0, 0.0, 0.0, 0.0, 0.0, 0.0, 0.0, 0.0, 1.0, 0.0]"
NODE_0000388,"[1.2184074370188749e-08, 1.3475898260618195e-09, 4.426355795761883e-08, 1.3297691678415742e-09, 1.8889700807845604e-09, 1.3458209555583476e-09, 1.353503914526436e-09, 1.3460068525642967e-09, 1.341352063093813e-09, 1.3299319325545292e-09, 1.3460247450382404e-09, 1.3395532804024864e-09, 1.273987093383931e-09, 1.3213617374685723e-09, 2.9752485011857816e-09, 1.5172625283233576e-08, 9.443861125181769e-09, 1.3395532804017103e-09, 1.339553280401358e-09, 1.2671603633383425e-09, 5.037873600234659e-07, 1.289749507069029e-09, 8.078492937541813e-09, 1.3461735301040175e-09, 2.8129883889332367e-09, 4.088844094656098e-09, 1.1533727086842195e-09, 3.886625130656792e-09, 1.2746236599242785e-09, 0.9999993663842963, 1.3479678946056897e-09]"
hMpxV/USA/CA-CDPH-11000305/2023|EPI_ISL_18325008|2023-07-06,"[0.0, 0.0, 0.0, 0.0, 0.0, 0.0, 0.0, 0.0, 0.0, 0.0, 0.0, 0.0, 0.0, 0.0, 0.0, 0.0, 0.0, 0.0, 0.0, 0.0, 0.0, 0.0, 0.0, 0.0, 0.0, 0.0, 0.0, 0.0, 0.0, 0.9999999999999999, 0.0]"
hMpxV/USA/CA-CDPH-11000304/2023|EPI_ISL_18325007|2023-07-06,"[0.0, 0.0, 0.0, 0.0, 0.0, 0.0, 0.0, 0.0, 0.0, 0.0, 0.0, 0.0, 0.0, 0.0, 0.0, 0.0, 0.0, 0.0, 0.0, 0.0, 0.0, 0.0, 0.0, 0.0, 0.0, 0.0, 0.0, 0.0, 0.0, 0.9999999999999999, 0.0]"
NODE_0000389,"[3.361783765324249e-10, 3.6916337690853705e-11, 1.223266891688832e-09, 3.64627192538417e-11, 5.165188616358481e-11, 3.688100133773942e-11, 3.7099221636284384e-11, 3.69150104775522e-11, 3.6780461128363415e-11, 3.646440192986485e-11, 3.69177896766745e-11, 3.673746478519796e-11, 3.49296089505946e-11, 3.6177597593733474e-11, 8.196481176268294e-11, 4.183037974143292e-10, 2.607094887039135e-10, 3.673746478507992e-11, 3.673746478501289e-11, 3.471814422236566e-11, 1.4035757097461928e-08, 3.5344203525392555e-11, 2.230263419819443e-10, 3.691970794277188e-11, 7.734577749109385e-11, 1.1264134140309198e-10, 3.1573662826062905e-11, 1.0706002148575084e-10, 3.494255222253445e-11, 0.9999999823858707, 3.696876626147923e-11]"
hMpxV/USA/CA-CDPH-11000306/2023|EPI_ISL_18325009|2023-07-05,"[0.0, 0.0, 0.0, 0.0, 0.0, 0.0, 0.0, 0.0, 0.0, 0.0, 0.0, 0.0, 0.0, 0.0, 0.0, 0.0, 0.0, 0.0, 0.0, 0.0, 0.0, 0.0, 0.0, 0.0, 0.0, 0.0, 0.0, 0.0, 0.0, 1.0, 0.0]"
hMpxV/USA/CA-CDPH-11000307/2023|EPI_ISL_18325010|2023-07-05,"[0.0, 0.0, 0.0, 0.0, 0.0, 0.0, 0.0, 0.0, 0.0, 0.0, 0.0, 0.0, 0.0, 0.0, 0.0, 0.0, 0.0, 0.0, 0.0, 0.0, 0.0, 0.0, 0.0, 0.0, 0.0, 0.0, 0.0, 0.0, 0.0, 1.0, 0.0]"
NODE_0000382,"[1.1685455897056356e-57, 3.4870661815985905e-66, 6.007696801491748e-52, 1.9947656531539164e-66, 2.3974289892823984e-64, 2.990794197834974e-66, 3.6958149532858985e-66, 3.434939299374281e-66, 2.7376737947748385e-66, 2.3401837753042575e-66, 3.91284985519972e-66, 2.7503754001661695e-66, 2.5418319194997014e-66, 2.403979599376184e-66, 1.3262461349189973e-62, 9.182424134413782e-56, 6.0746253964548475e-59, 2.750375400159904e-66, 2.7503754001568613e-66, 1.659386563584388e-66, 1.3664533824388568e-38, 8.976545731171477e-67, 1.692011880257096e-58, 3.4413829998154476e-66, 3.5125573881359686e-63, 8.13681774776284e-62, 6.37150327181384e-67, 5.569421217116593e-62, 2.1502397960062394e-66, 0.9999999999999999, 3.762060637113528e-66]"
hMpxV/USA/CA-CDPH-1M1000433/2023|EPI_ISL_18781818|2023-10-16,"[0.0, 0.0, 0.0, 0.0, 0.0, 0.0, 0.0, 0.0, 0.0, 0.0, 0.0, 0.0, 0.0, 0.0, 0.0, 0.0, 0.0, 0.0, 0.0, 0.0, 0.0, 0.0, 0.0, 0.0, 0.0, 0.0, 0.0, 0.0, 0.0, 1.0, 0.0]"
hMpxV/USA/CA-CDPH-1M1000420/2023|EPI_ISL_18781849|2023-10-13,"[0.0, 0.0, 0.0, 0.0, 0.0, 0.0, 0.0, 0.0, 0.0, 0.0, 0.0, 0.0, 0.0, 0.0, 0.0, 0.0, 0.0, 0.0, 0.0, 0.0, 0.0, 0.0, 0.0, 0.0, 0.0, 0.0, 0.0, 0.0, 0.0, 1.0, 0.0]"
hMpxV/USA/CA-CDPH-1M1000486/2023|EPI_ISL_19143448|2023-12-05,"[0.0, 0.0, 0.0, 0.0, 0.0, 0.0, 0.0, 0.0, 0.0, 0.0, 0.0, 0.0, 0.0, 0.0, 0.0, 0.0, 0.0, 0.0, 0.0, 0.0, 0.0, 0.0, 0.0, 0.0, 0.0, 0.0, 0.0, 0.0, 0.0, 1.0, 0.0]"
hMpxV/USA/CA-CDPH-1M1000344/2023|EPI_ISL_18452335|2023-09-26,"[0.0, 0.0, 0.0, 0.0, 0.0, 0.0, 0.0, 0.0, 0.0, 0.0, 0.0, 0.0, 0.0, 0.0, 0.0, 0.0, 0.0, 0.0, 0.0, 0.0, 0.0, 0.0, 0.0, 0.0, 0.0, 0.0, 0.0, 0.0, 0.0, 1.0, 0.0]"
hMpxV/USA/CA-CDPH-1M1000343/2023|EPI_ISL_18452334|2023-09-26,"[0.0, 0.0, 0.0, 0.0, 0.0, 0.0, 0.0, 0.0, 0.0, 0.0, 0.0, 0.0, 0.0, 0.0, 0.0, 0.0, 0.0, 0.0, 0.0, 0.0, 0.0, 0.0, 0.0, 0.0, 0.0, 0.0, 0.0, 0.0, 0.0, 1.0, 0.0]"
hMpxV/USA/CA-CDPH-1M1000381/2023|EPI_ISL_18781793|2023-10-20,"[0.0, 0.0, 0.0, 0.0, 0.0, 0.0, 0.0, 0.0, 0.0, 0.0, 0.0, 0.0, 0.0, 0.0, 0.0, 0.0, 0.0, 0.0, 0.0, 0.0, 0.0, 0.0, 0.0, 0.0, 0.0, 0.0, 0.0, 0.0, 0.0, 1.0, 0.0]"
hMpxV/USA/CA-CDPH-1M1000451/2023|EPI_ISL_18959309|2023-12-12,"[0.0, 0.0, 0.0, 0.0, 0.0, 0.0, 0.0, 0.0, 0.0, 0.0, 0.0, 0.0, 0.0, 0.0, 0.0, 0.0, 0.0, 0.0, 0.0, 0.0, 0.0, 0.0, 0.0, 0.0, 0.0, 0.0, 0.0, 0.0, 0.0, 0.9999999999999999, 0.0]"
hMpxV/USA/CA-CDPH-1M1000453/2023|EPI_ISL_18959311|2023-12-14,"[0.0, 0.0, 0.0, 0.0, 0.0, 0.0, 0.0, 0.0, 0.0, 0.0, 0.0, 0.0, 0.0, 0.0, 0.0, 0.0, 0.0, 0.0, 0.0, 0.0, 0.0, 0.0, 0.0, 0.0, 0.0, 0.0, 0.0, 0.0, 0.0, 0.9999999999999999, 0.0]"
hMpxV/USA/CA-CDPH-1M1000463/2023|EPI_ISL_18959320|2023-12-25,"[0.0, 0.0, 0.0, 0.0, 0.0, 0.0, 0.0, 0.0, 0.0, 0.0, 0.0, 0.0, 0.0, 0.0, 0.0, 0.0, 0.0, 0.0, 0.0, 0.0, 0.0, 0.0, 0.0, 0.0, 0.0, 0.0, 0.0, 0.0, 0.0, 1.0, 0.0]"
hMpxV/USA/CA-CDPH-1M1000464/2023|EPI_ISL_18959321|2023-12-25,"[0.0, 0.0, 0.0, 0.0, 0.0, 0.0, 0.0, 0.0, 0.0, 0.0, 0.0, 0.0, 0.0, 0.0, 0.0, 0.0, 0.0, 0.0, 0.0, 0.0, 0.0, 0.0, 0.0, 0.0, 0.0, 0.0, 0.0, 0.0, 0.0, 1.0, 0.0]"
hMpxV/USA/CA-LACPHL-MA00612/2023|EPI_ISL_18993203|2023-11-07,"[0.0, 0.0, 0.0, 0.0, 0.0, 0.0, 0.0, 0.0, 0.0, 0.0, 0.0, 0.0, 0.0, 0.0, 0.0, 0.0, 0.0, 0.0, 0.0, 0.0, 0.0, 0.0, 0.0, 0.0, 0.0, 0.0, 0.0, 0.0, 0.0, 1.0, 0.0]"
hMpxV/USA/CA-CDPH-1M1000400/2023|EPI_ISL_18781924|2023-10-25,"[0.0, 0.0, 0.0, 0.0, 0.0, 0.0, 0.0, 0.0, 0.0, 0.0, 0.0, 0.0, 0.0, 0.0, 0.0, 0.0, 0.0, 0.0, 0.0, 0.0, 0.0, 0.0, 0.0, 0.0, 0.0, 0.0, 0.0, 0.0, 0.0, 1.0, 0.0]"
hMpxV/USA/CA-CDPH-1M1000399/2023|EPI_ISL_18781923|2023-10-18,"[0.0, 0.0, 0.0, 0.0, 0.0, 0.0, 0.0, 0.0, 0.0, 0.0, 0.0, 0.0, 0.0, 0.0, 0.0, 0.0, 0.0, 0.0, 0.0, 0.0, 0.0, 0.0, 0.0, 0.0, 0.0, 0.0, 0.0, 0.0, 0.0, 1.0, 0.0]"
hMpxV/USA/CA-CDPH-1M1000398/2023|EPI_ISL_18781922|2023-11-11,"[0.0, 0.0, 0.0, 0.0, 0.0, 0.0, 0.0, 0.0, 0.0, 0.0, 0.0, 0.0, 0.0, 0.0, 0.0, 0.0, 0.0, 0.0, 0.0, 0.0, 0.0, 0.0, 0.0, 0.0, 0.0, 0.0, 0.0, 0.0, 0.0, 1.0, 0.0]"
hMpxV/USA/CA-CDPH-1M1000440/2023|EPI_ISL_18781628|2023-11-09,"[0.0, 0.0, 0.0, 0.0, 0.0, 0.0, 0.0, 0.0, 0.0, 0.0, 0.0, 0.0, 0.0, 0.0, 0.0, 0.0, 0.0, 0.0, 0.0, 0.0, 0.0, 0.0, 0.0, 0.0, 0.0, 0.0, 0.0, 0.0, 0.0, 1.0, 0.0]"
hMpxV/USA/CA-CDPH-1M1000450/2023|EPI_ISL_18781637|2023-10-16,"[0.0, 0.0, 0.0, 0.0, 0.0, 0.0, 0.0, 0.0, 0.0, 0.0, 0.0, 0.0, 0.0, 0.0, 0.0, 0.0, 0.0, 0.0, 0.0, 0.0, 0.0, 0.0, 0.0, 0.0, 0.0, 0.0, 0.0, 0.0, 0.0, 1.0, 0.0]"
hMpxV/USA/CA-CDPH-1M1000531/2023|EPI_ISL_19170460|2023-10-16,"[0.0, 0.0, 0.0, 0.0, 0.0, 0.0, 0.0, 0.0, 0.0, 0.0, 0.0, 0.0, 0.0, 0.0, 0.0, 0.0, 0.0, 0.0, 0.0, 0.0, 0.0, 0.0, 0.0, 0.0, 0.0, 0.0, 0.0, 0.0, 0.0, 1.0, 0.0]"
hMpxV/USA/CA-CDPH-1M1000533/2023|EPI_ISL_19170462|2023-10-06,"[0.0, 0.0, 0.0, 0.0, 0.0, 0.0, 0.0, 0.0, 0.0, 0.0, 0.0, 0.0, 0.0, 0.0, 0.0, 0.0, 0.0, 0.0, 0.0, 0.0, 0.0, 0.0, 0.0, 0.0, 0.0, 0.0, 0.0, 0.0, 0.0, 1.0, 0.0]"
hMpxV/USA/CA-CDPH-1M1000535/2023|EPI_ISL_19170464|2023-10-18,"[0.0, 0.0, 0.0, 0.0, 0.0, 0.0, 0.0, 0.0, 0.0, 0.0, 0.0, 0.0, 0.0, 0.0, 0.0, 0.0, 0.0, 0.0, 0.0, 0.0, 0.0, 0.0, 0.0, 0.0, 0.0, 0.0, 0.0, 0.0, 0.0, 1.0, 0.0]"
hMpxV/USA/CA-CDPH-1M1000536/2023|EPI_ISL_19170465|2023-10-19,"[0.0, 0.0, 0.0, 0.0, 0.0, 0.0, 0.0, 0.0, 0.0, 0.0, 0.0, 0.0, 0.0, 0.0, 0.0, 0.0, 0.0, 0.0, 0.0, 0.0, 0.0, 0.0, 0.0, 0.0, 0.0, 0.0, 0.0, 0.0, 0.0, 1.0, 0.0]"
hMpxV/USA/CA-CDPH-1M1000620/2023|EPI_ISL_19295765|2023-10-10,"[0.0, 0.0, 0.0, 0.0, 0.0, 0.0, 0.0, 0.0, 0.0, 0.0, 0.0, 0.0, 0.0, 0.0, 0.0, 0.0, 0.0, 0.0, 0.0, 0.0, 0.0, 0.0, 0.0, 0.0, 0.0, 0.0, 0.0, 0.0, 0.0, 1.0, 0.0]"
hMpxV/USA/CA-CDPH-1M1000622/2023|EPI_ISL_19295767|2023-09-19,"[0.0, 0.0, 0.0, 0.0, 0.0, 0.0, 0.0, 0.0, 0.0, 0.0, 0.0, 0.0, 0.0, 0.0, 0.0, 0.0, 0.0, 0.0, 0.0, 0.0, 0.0, 0.0, 0.0, 0.0, 0.0, 0.0, 0.0, 0.0, 0.0, 1.0, 0.0]"
hMpxV/USA/CA-CDPH-1M1000357/2023|EPI_ISL_18786340|2023-09-12,"[0.0, 0.0, 0.0, 0.0, 0.0, 0.0, 0.0, 0.0, 0.0, 0.0, 0.0, 0.0, 0.0, 0.0, 0.0, 0.0, 0.0, 0.0, 0.0, 0.0, 0.0, 0.0, 0.0, 0.0, 0.0, 0.0, 0.0, 0.0, 0.0, 1.0, 0.0]"
hMpxV/USA/CA-CDPH-1M1000362/2023|EPI_ISL_18786347|2023-09-21,"[0.0, 0.0, 0.0, 0.0, 0.0, 0.0, 0.0, 0.0, 0.0, 0.0, 0.0, 0.0, 0.0, 0.0, 0.0, 0.0, 0.0, 0.0, 0.0, 0.0, 0.0, 0.0, 0.0, 0.0, 0.0, 0.0, 0.0, 0.0, 0.0, 1.0, 0.0]"
hMpxV/USA/IL-RIPHL-050-0110/2023|EPI_ISL_19016746|2023-09-27,"[0.0, 0.0, 0.0, 0.0, 0.0, 0.0, 0.0, 0.0, 0.0, 0.0, 0.0, 0.0, 0.0, 0.0, 0.0, 0.0, 0.0, 0.0, 0.0, 0.0, 0.0, 0.0, 0.0, 0.0, 0.0, 0.0, 0.0, 0.0, 0.0, 1.0, 0.0]"
NODE_0000387,"[1.653473224992293e-09, 1.713976104174088e-10, 6.129739585395132e-09, 1.6992612794059806e-10, 2.3897108774060723e-10, 1.7140952367051288e-10, 1.727150138417733e-10, 1.7231013953869463e-10, 1.7146006337751064e-10, 1.698939144345649e-10, 1.7241558371669472e-10, 1.7143309909698683e-10, 1.6274381763263228e-10, 1.6736950075418682e-10, 3.959406019867546e-10, 2.056306737051021e-09, 1.2848510671694874e-09, 1.7143309909667853e-10, 1.714330990965191e-10, 1.6114088282629933e-10, 7.586368279007563e-08, 1.6403892308360515e-10, 1.1003386032481932e-09, 1.72335431330873e-10, 3.6879978475875777e-10, 5.448131134205744e-10, 1.4574681724965257e-10, 5.173458403339636e-10, 1.6267245853989833e-10, 0.9999999066512881, 1.7257442362808721e-10]"
hMpxV/USA/CA-CDPH-1M1000377/2023|EPI_ISL_18781788|2023-09-16,"[0.0, 0.0, 0.0, 0.0, 0.0, 0.0, 0.0, 0.0, 0.0, 0.0, 0.0, 0.0, 0.0, 0.0, 0.0, 0.0, 0.0, 0.0, 0.0, 0.0, 0.0, 0.0, 0.0, 0.0, 0.0, 0.0, 0.0, 0.0, 0.0, 1.0, 0.0]"
hMpxV/USA/CA-CDPH-1M1000437/2023|EPI_ISL_18781626|2023-10-11,"[0.0, 0.0, 0.0, 0.0, 0.0, 0.0, 0.0, 0.0, 0.0, 0.0, 0.0, 0.0, 0.0, 0.0, 0.0, 0.0, 0.0, 0.0, 0.0, 0.0, 0.0, 0.0, 0.0, 0.0, 0.0, 0.0, 0.0, 0.0, 0.0, 1.0, 0.0]"
NODE_0000385,"[6.24575874235914e-08, 5.670620995257286e-09, 2.987954656388867e-07, 5.3707316560038955e-09, 9.224511533377326e-09, 5.604456394762815e-09, 5.608846478098544e-09, 5.4748482537567845e-09, 5.462244440435355e-09, 5.407994239229027e-09, 5.478515226731821e-09, 5.419205979527576e-09, 5.201777231140106e-09, 5.628030011704222e-09, 1.2329903435093702e-08, 8.947895939383121e-08, 4.3515550986582015e-08, 5.4192059795262234e-09, 5.4192059795254624e-09, 5.227861042342754e-09, 5.227929607606826e-06, 5.217130374019153e-09, 3.8458666598973644e-08, 5.4751590427898765e-09, 1.2192240161979912e-08, 1.765688888807375e-08, 4.792608374673378e-09, 1.670342920603007e-08, 5.2022351913868145e-09, 0.9999940686800799, 5.496432283407367e-09]"
hMpxV/USA/CA-CDPH-1M1000497/2024|EPI_ISL_19143456|2024-01-17,"[0.0, 0.0, 0.0, 0.0, 0.0, 0.0, 0.0, 0.0, 0.0, 0.0, 0.0, 0.0, 0.0, 0.0, 0.0, 0.0, 0.0, 0.0, 0.0, 0.0, 0.0, 0.0, 0.0, 0.0, 0.0, 0.0, 0.0, 0.0, 0.0, 1.0, 0.0]"
hMpxV/USA/CA-CDPH-1M1000482/2024|EPI_ISL_19143475|2024-03-06,"[0.0, 0.0, 0.0, 0.0, 0.0, 0.0, 0.0, 0.0, 0.0, 0.0, 0.0, 0.0, 0.0, 0.0, 0.0, 0.0, 0.0, 0.0, 0.0, 0.0, 0.0, 0.0, 0.0, 0.0, 0.0, 0.0, 0.0, 0.0, 0.0, 1.0, 0.0]"
hMpxV/USA/CA-CDPH-1M1000608/2024|EPI_ISL_19295757|2024-06-10,"[0.0, 0.0, 0.0, 0.0, 0.0, 0.0, 0.0, 0.0, 0.0, 0.0, 0.0, 0.0, 0.0, 0.0, 0.0, 0.0, 0.0, 0.0, 0.0, 0.0, 0.0, 0.0, 0.0, 0.0, 0.0, 0.0, 0.0, 0.0, 0.0, 1.0, 0.0]"
NODE_0000386,"[1.643552920819787e-10, 7.330043557423107e-12, 1.2658299975285555e-09, 6.783930744751277e-12, 1.3994064580454117e-11, 7.191610445805196e-12, 7.263177428846265e-12, 7.066632934439026e-12, 6.985616516341145e-12, 6.875174998618353e-12, 7.109947601802961e-12, 6.933851400257495e-12, 6.6468063466891134e-12, 7.167101431992243e-12, 2.1665524095650228e-11, 2.783713304435232e-10, 1.0308455147520705e-10, 6.933851400246203e-12, 6.93385140023991e-12, 6.569692935385241e-12, 7.067162765330855e-08, 6.385599443954322e-12, 9.549892208200778e-11, 7.067530165500366e-12, 2.028722838617983e-11, 3.296076101039211e-11, 5.81381725125046e-12, 3.0764684575990626e-11, 6.602904314863057e-12, 0.9999999271707788, 7.120070634580702e-12]"
hMpxV/USA/CA-CDPH-1M1000473/2024|EPI_ISL_19143467|2024-02-06,"[0.0, 0.0, 0.0, 0.0, 0.0, 0.0, 0.0, 0.0, 0.0, 0.0, 0.0, 0.0, 0.0, 0.0, 0.0, 0.0, 0.0, 0.0, 0.0, 0.0, 0.0, 0.0, 0.0, 0.0, 0.0, 0.0, 0.0, 0.0, 0.0, 1.0, 0.0]"
hMpxV/USA/CA-CDPH-1M1000474/2024|EPI_ISL_19143468|2024-02-09,"[0.0, 0.0, 0.0, 0.0, 0.0, 0.0, 0.0, 0.0, 0.0, 0.0, 0.0, 0.0, 0.0, 0.0, 0.0, 0.0, 0.0, 0.0, 0.0, 0.0, 0.0, 0.0, 0.0, 0.0, 0.0, 0.0, 0.0, 0.0, 0.0, 1.0, 0.0]"
hMpxV/USA/CA-LACPHL-MA00618/2024|EPI_ISL_18993206|2024-02-07,"[0.0, 0.0, 0.0, 0.0, 0.0, 0.0, 0.0, 0.0, 0.0, 0.0, 0.0, 0.0, 0.0, 0.0, 0.0, 0.0, 0.0, 0.0, 0.0, 0.0, 0.0, 0.0, 0.0, 0.0, 0.0, 0.0, 0.0, 0.0, 0.0, 1.0, 0.0]"
hMpxV/USA/CA-CDPH-1M1000394/2023|EPI_ISL_18781918|2023-11-07,"[0.0, 0.0, 0.0, 0.0, 0.0, 0.0, 0.0, 0.0, 0.0, 0.0, 0.0, 0.0, 0.0, 0.0, 0.0, 0.0, 0.0, 0.0, 0.0, 0.0, 0.0, 0.0, 0.0, 0.0, 0.0, 0.0, 0.0, 0.0, 0.0, 0.9999999999999999, 0.0]"
NODE_0000383,"[8.721971320823197e-10, 4.993167098052155e-11, 4.93743879507328e-09, 4.832455725410266e-11, 8.079768805996615e-11, 4.959587735378728e-11, 5.0280285571294064e-11, 4.99049677809001e-11, 4.9308210933968204e-11, 4.8614618081603536e-11, 5.015309776385681e-11, 4.9264048449506175e-11, 4.6786974751978875e-11, 4.8286816497064055e-11, 1.4657903402514024e-10, 1.2662771125357574e-09, 6.119199715162981e-10, 4.9264048449494556e-11, 4.926404844949079e-11, 4.5777678512297407e-11, 1.632146188813154e-07, 4.55139752558132e-11, 5.46985104486802e-10, 4.991459905109988e-11, 1.3181933205680308e-10, 2.1298283541525574e-10, 4.030689739585314e-11, 1.9996048125521312e-10, 4.651194782444592e-11, 0.9999998268612749, 5.0144573411871235e-11]"
hMpxV/USA/CA-CDPH-1M1000488/2023|EPI_ISL_19143450|2023-12-04,"[0.0, 0.0, 0.0, 0.0, 0.0, 0.0, 0.0, 0.0, 0.0, 0.0, 0.0, 0.0, 0.0, 0.0, 0.0, 0.0, 0.0, 0.0, 0.0, 0.0, 0.0, 0.0, 0.0, 0.0, 0.0, 0.0, 0.0, 0.0, 0.0, 1.0, 0.0]"
hMpxV/USA/CA-CDPH-1M1000487/2023|EPI_ISL_19143449|2023-12-11,"[0.0, 0.0, 0.0, 0.0, 0.0, 0.0, 0.0, 0.0, 0.0, 0.0, 0.0, 0.0, 0.0, 0.0, 0.0, 0.0, 0.0, 0.0, 0.0, 0.0, 0.0, 0.0, 0.0, 0.0, 0.0, 0.0, 0.0, 0.0, 0.0, 1.0, 0.0]"
NODE_0000384,"[1.6622265121733022e-16, 1.8642073007346154e-18, 2.5248544246082418e-15, 1.7740937414141855e-18, 3.923797159431723e-18, 1.8435479920685262e-18, 1.9164553512748613e-18, 1.923671520354784e-18, 1.8551885308025903e-18, 1.8032303902389178e-18, 1.9580930051559605e-18, 1.8656180651231267e-18, 1.7515858499816324e-18, 1.7193913012653827e-18, 1.2017306516023499e-17, 3.265213606816951e-16, 9.6619770727529e-17, 1.865618065119591e-18, 1.8656180651177263e-18, 1.6230351926975147e-18, 1.0606483190326546e-12, 1.5405294248437839e-18, 9.485368769690258e-17, 1.924518524658357e-18, 9.107173847477461e-18, 1.964654466488971e-17, 1.2974961269127038e-18, 1.7906546746881868e-17, 1.7114588435327768e-18, 0.9999999999989362, 1.9466045566724017e-18]"
hMpxV/USA/CA-CDPH-1M1000485/2023|EPI_ISL_19143447|2023-12-15,"[0.0, 0.0, 0.0, 0.0, 0.0, 0.0, 0.0, 0.0, 0.0, 0.0, 0.0, 0.0, 0.0, 0.0, 0.0, 0.0, 0.0, 0.0, 0.0, 0.0, 0.0, 0.0, 0.0, 0.0, 0.0, 0.0, 0.0, 0.0, 0.0, 0.9999999999999999, 0.0]"
hMpxV/USA/CA-CDPH-1M1000502/2023|EPI_ISL_19143460|2023-12-05,"[0.0, 0.0, 0.0, 0.0, 0.0, 0.0, 0.0, 0.0, 0.0, 0.0, 0.0, 0.0, 0.0, 0.0, 0.0, 0.0, 0.0, 0.0, 0.0, 0.0, 0.0, 0.0, 0.0, 0.0, 0.0, 0.0, 0.0, 0.0, 0.0, 1.0, 0.0]"
hMpxV/USA/CA-CDPH-1M1000454/2023|EPI_ISL_18959312|2023-12-18,"[0.0, 0.0, 0.0, 0.0, 0.0, 0.0, 0.0, 0.0, 0.0, 0.0, 0.0, 0.0, 0.0, 0.0, 0.0, 0.0, 0.0, 0.0, 0.0, 0.0, 0.0, 0.0, 0.0, 0.0, 0.0, 0.0, 0.0, 0.0, 0.0, 1.0, 0.0]"
hMpxV/USA/CA-CDPH-1M1000456/2023|EPI_ISL_18959314|2023-12-18,"[0.0, 0.0, 0.0, 0.0, 0.0, 0.0, 0.0, 0.0, 0.0, 0.0, 0.0, 0.0, 0.0, 0.0, 0.0, 0.0, 0.0, 0.0, 0.0, 0.0, 0.0, 0.0, 0.0, 0.0, 0.0, 0.0, 0.0, 0.0, 0.0, 1.0, 0.0]"
hMpxV/USA/CA-CDPH-1M1000459/2023|EPI_ISL_18959316|2023-12-22,"[0.0, 0.0, 0.0, 0.0, 0.0, 0.0, 0.0, 0.0, 0.0, 0.0, 0.0, 0.0, 0.0, 0.0, 0.0, 0.0, 0.0, 0.0, 0.0, 0.0, 0.0, 0.0, 0.0, 0.0, 0.0, 0.0, 0.0, 0.0, 0.0, 1.0, 0.0]"
NODE_0000003,"[0.00012799216247064117, 0.00014076590717063372, 0.00016460569039309216, 8.916984947034869e-05, 0.0002866606262378287, 0.00010749074250610623, 0.0001152327044383762, 8.625018179490817e-05, 8.78307824815148e-05, 8.785801963167107e-05, 0.00014442900378892573, 8.733270511293273e-05, 8.417069768655537e-05, 0.0001153861178081346, 0.9711345878870692, 0.0003152194750347822, 9.337014874324767e-05, 8.733270511292853e-05, 8.733270511293262e-05, 0.00011061903784563296, 0.004884580133751444, 0.00018213898617828398, 9.146807732571357e-05, 8.624949468654557e-05, 0.00019055111149123683, 8.405394166533084e-05, 0.0200844853043235, 8.445070762541317e-05, 0.0002745172700960697, 0.00039812898068680117, 8.573884225938267e-05]"
hMpxV/South_Korea/KDCA-P033/2023|EPI_ISL_18147350|2023-04-25,"[0.0, 0.0, 0.0, 0.0, 0.0, 0.0, 0.0, 0.0, 0.0, 0.0, 0.0, 0.0, 0.0, 0.0, 0.0, 0.0, 0.0, 0.0, 0.0, 0.0, 0.0, 0.0, 0.0, 0.0, 0.0, 0.0, 1.0, 0.0, 0.0, 0.0, 0.0]"
NODE_0000004,"[6.443109332199304e-38, 2.967275776828369e-38, 2.1928060698390792e-40, 5.082972329873669e-38, 3.8332854034808245e-38, 2.3009022169964332e-38, 2.648523596281221e-38, 2.758980593720804e-38, 2.984293532445073e-38, 1.8840974765494095e-38, 4.387368006040183e-36, 2.0374095775014978e-38, 1.5903503324776796e-37, 1.9621393000850103e-38, 0.9999999965349186, 1.3713766164603396e-38, 1.1558882301134075e-38, 2.037409577500215e-38, 2.0374095775017813e-38, 1.3802476681225448e-38, 3.710688727960075e-36, 3.8259759317357983e-35, 1.2548584256421173e-38, 2.7676257469049494e-38, 1.2646295553154927e-33, 1.7113296637108573e-38, 3.4650814801458747e-09, 2.0223593929320373e-38, 1.6021515998639278e-28, 1.984090554069617e-40, 3.1185204043775647e-38]"
hMpxV/China/SZ-CDC/Strain157,"[0.0, 0.0, 0.0, 0.0, 0.0, 0.0, 0.0, 0.0, 0.0, 0.0, 0.0, 0.0, 0.0, 0.0, 0.0, 0.0, 0.0, 0.0, 0.0, 0.0, 0.0, 0.0, 0.0, 0.0, 1.0, 0.0, 0.0, 0.0, 0.0, 0.0, 0.0]"
hMpxV/Japan/TMIPH-0318/2022|EPI_ISL_17008294|2023-01-25,"[0.0, 0.0, 0.0, 0.0, 0.0, 0.0, 0.0, 0.0, 0.0, 0.0, 0.0, 0.0, 0.0, 0.0, 1.0, 0.0, 0.0, 0.0, 0.0, 0.0, 0.0, 0.0, 0.0, 0.0, 0.0, 0.0, 0.0, 0.0, 0.0, 0.0, 0.0]"
hMpxV/Japan/TMIPH-0325/2022|EPI_ISL_17008295|2023-01-30,"[0.0, 0.0, 0.0, 0.0, 0.0, 0.0, 0.0, 0.0, 0.0, 0.0, 0.0, 0.0, 0.0, 0.0, 1.0, 0.0, 0.0, 0.0, 0.0, 0.0, 0.0, 0.0, 0.0, 0.0, 0.0, 0.0, 0.0, 0.0, 0.0, 0.0, 0.0]"
hMpxV/Japan/TMIPH-0342/2022|EPI_ISL_17008296|2023-02-09,"[0.0, 0.0, 0.0, 0.0, 0.0, 0.0, 0.0, 0.0, 0.0, 0.0, 0.0, 0.0, 0.0, 0.0, 1.0, 0.0, 0.0, 0.0, 0.0, 0.0, 0.0, 0.0, 0.0, 0.0, 0.0, 0.0, 0.0, 0.0, 0.0, 0.0, 0.0]"
hMpxV/South_Korea/KDCA-P010/2023|EPI_ISL_18147334|2023-04-13,"[0.0, 0.0, 0.0, 0.0, 0.0, 0.0, 0.0, 0.0, 0.0, 0.0, 0.0, 0.0, 0.0, 0.0, 0.0, 0.0, 0.0, 0.0, 0.0, 0.0, 0.0, 0.0, 0.0, 0.0, 0.0, 0.0, 1.0, 0.0, 0.0, 0.0, 0.0]"
hMpxV/South_Korea/KDCA-P012/2023|EPI_ISL_18147342|2023-04-15,"[0.0, 0.0, 0.0, 0.0, 0.0, 0.0, 0.0, 0.0, 0.0, 0.0, 0.0, 0.0, 0.0, 0.0, 0.0, 0.0, 0.0, 0.0, 0.0, 0.0, 0.0, 0.0, 0.0, 0.0, 0.0, 0.0, 1.0, 0.0, 0.0, 0.0, 0.0]"
hMpxV/South_Korea/KDCA-P034/2023|EPI_ISL_18147346|2023-04-25,"[0.0, 0.0, 0.0, 0.0, 0.0, 0.0, 0.0, 0.0, 0.0, 0.0, 0.0, 0.0, 0.0, 0.0, 0.0, 0.0, 0.0, 0.0, 0.0, 0.0, 0.0, 0.0, 0.0, 0.0, 0.0, 0.0, 1.0, 0.0, 0.0, 0.0, 0.0]"
hMpxV/South_Korea/KDCA-P027/2023|EPI_ISL_18147349|2023-04-22,"[0.0, 0.0, 0.0, 0.0, 0.0, 0.0, 0.0, 0.0, 0.0, 0.0, 0.0, 0.0, 0.0, 0.0, 0.0, 0.0, 0.0, 0.0, 0.0, 0.0, 0.0, 0.0, 0.0, 0.0, 0.0, 0.0, 1.0, 0.0, 0.0, 0.0, 0.0]"
hMpxV/South_Korea/KDCA-P024/2023|EPI_ISL_18147351|2023-04-21,"[0.0, 0.0, 0.0, 0.0, 0.0, 0.0, 0.0, 0.0, 0.0, 0.0, 0.0, 0.0, 0.0, 0.0, 0.0, 0.0, 0.0, 0.0, 0.0, 0.0, 0.0, 0.0, 0.0, 0.0, 0.0, 0.0, 1.0, 0.0, 0.0, 0.0, 0.0]"
hMpxV/South_Korea/KDCA-P008/2023|EPI_ISL_18147360|2023-04-11,"[0.0, 0.0, 0.0, 0.0, 0.0, 0.0, 0.0, 0.0, 0.0, 0.0, 0.0, 0.0, 0.0, 0.0, 0.0, 0.0, 0.0, 0.0, 0.0, 0.0, 0.0, 0.0, 0.0, 0.0, 0.0, 0.0, 1.0, 0.0, 0.0, 0.0, 0.0]"
hMpxV/South_Korea/KDCA-P015/2023|EPI_ISL_18147358|2023-04-18,"[0.0, 0.0, 0.0, 0.0, 0.0, 0.0, 0.0, 0.0, 0.0, 0.0, 0.0, 0.0, 0.0, 0.0, 0.0, 0.0, 0.0, 0.0, 0.0, 0.0, 0.0, 0.0, 0.0, 0.0, 0.0, 0.0, 1.0, 0.0, 0.0, 0.0, 0.0]"
hMpxV/South_Korea/KDCA-P009/2023|EPI_ISL_18147359|2023-04-12,"[0.0, 0.0, 0.0, 0.0, 0.0, 0.0, 0.0, 0.0, 0.0, 0.0, 0.0, 0.0, 0.0, 0.0, 0.0, 0.0, 0.0, 0.0, 0.0, 0.0, 0.0, 0.0, 0.0, 0.0, 0.0, 0.0, 1.0, 0.0, 0.0, 0.0, 0.0]"
hMpxV/Thailand/KCMH-296/2023|EPI_ISL_19437778|2023-07-03,"[0.0, 0.0, 0.0, 0.0, 0.0, 0.0, 0.0, 0.0, 0.0, 0.0, 0.0, 0.0, 0.0, 0.0, 0.0, 0.0, 0.0, 0.0, 0.0, 0.0, 0.0, 0.0, 0.0, 0.0, 0.0, 0.0, 0.0, 0.0, 1.0, 0.0, 0.0]"
hMpxV/Japan/FKTMIPH-220304/2023|EPI_ISL_17246657|2023-01-23,"[0.0, 0.0, 0.0, 0.0, 0.0, 0.0, 0.0, 0.0, 0.0, 0.0, 0.0, 0.0, 0.0, 0.0, 1.0, 0.0, 0.0, 0.0, 0.0, 0.0, 0.0, 0.0, 0.0, 0.0, 0.0, 0.0, 0.0, 0.0, 0.0, 0.0, 0.0]"
hMpxV/Japan/FKTMIPH-220343/2023|EPI_ISL_17246659|2023-02-13,"[0.0, 0.0, 0.0, 0.0, 0.0, 0.0, 0.0, 0.0, 0.0, 0.0, 0.0, 0.0, 0.0, 0.0, 1.0, 0.0, 0.0, 0.0, 0.0, 0.0, 0.0, 0.0, 0.0, 0.0, 0.0, 0.0, 0.0, 0.0, 0.0, 0.0, 0.0]"
NODE_0000151,"[0.00031571019446128244, 0.00028892523702488674, 0.00015427084602907535, 0.0004490041818426427, 0.000255954818776786, 0.00029219493384781463, 0.00028742044264042056, 0.00028946531353503206, 0.00029747663656591274, 0.00029248926748442615, 0.0005290803699507626, 0.0002906957156906061, 0.0004152437197499415, 0.00029070695140231165, 0.42920863518587926, 0.0002004931292762209, 0.0002910567000118883, 0.0002906957156906202, 0.00029069571569062476, 0.0002764005322953364, 0.00011470558910746572, 0.000514696073907901, 0.00020921626702592074, 0.0002894689214753269, 0.0007908631499213038, 0.00027354428181905607, 0.006082554765592913, 0.0002755271974190831, 0.5559775545947624, 0.00017630675591247122, 0.00028894679521025]"
hMpxV/Japan/TMIPH-0258/2023|EPI_ISL_18352304|2023-09-14,"[0.0, 0.0, 0.0, 0.0, 0.0, 0.0, 0.0, 0.0, 0.0, 0.0, 0.0, 0.0, 0.0, 0.0, 0.9999999999999999, 0.0, 0.0, 0.0, 0.0, 0.0, 0.0, 0.0, 0.0, 0.0, 0.0, 0.0, 0.0, 0.0, 0.0, 0.0, 0.0]"
hMpxV/Thailand/KCMH-294/2023|EPI_ISL_19437774|2023-07-03,"[0.0, 0.0, 0.0, 0.0, 0.0, 0.0, 0.0, 0.0, 0.0, 0.0, 0.0, 0.0, 0.0, 0.0, 0.0, 0.0, 0.0, 0.0, 0.0, 0.0, 0.0, 0.0, 0.0, 0.0, 0.0, 0.0, 0.0, 0.0, 1.0, 0.0, 0.0]"
NODE_0000152,"[2.235999529873374e-06, 2.7615566117146677e-06, 1.2613984932592872e-06, 2.8706646014820847e-06, 2.4100764117226e-06, 2.796683684040036e-06, 2.754629120735423e-06, 2.7590671248998786e-06, 2.822118553450545e-06, 2.7977847648120623e-06, 4.003631413552912e-06, 2.7879124817717032e-06, 2.607581347856846e-06, 2.760377539781926e-06, 0.005567087657724654, 1.82010782950598e-06, 2.7326961812670912e-06, 2.7879124817716283e-06, 2.7879124817716935e-06, 2.602995946311512e-06, 9.163125174318251e-07, 8.520790737876446e-06, 1.8311000514791286e-06, 2.759190866516596e-06, 6.379244146632213e-06, 2.6125982571916998e-06, 0.994346550883727, 2.6373405974960813e-06, 6.518765813954349e-06, 1.0798582653490734e-06, 2.7451506947346855e-06]"
hMpxV/South_Korea/KDCA-P026/2023|EPI_ISL_18147347|2023-04-22,"[0.0, 0.0, 0.0, 0.0, 0.0, 0.0, 0.0, 0.0, 0.0, 0.0, 0.0, 0.0, 0.0, 0.0, 0.0, 0.0, 0.0, 0.0, 0.0, 0.0, 0.0, 0.0, 0.0, 0.0, 0.0, 0.0, 0.9999999999999999, 0.0, 0.0, 0.0, 0.0]"
hMpxV/South_Korea/KDCA-P017/2023|EPI_ISL_18147363|2023-04-18,"[0.0, 0.0, 0.0, 0.0, 0.0, 0.0, 0.0, 0.0, 0.0, 0.0, 0.0, 0.0, 0.0, 0.0, 0.0, 0.0, 0.0, 0.0, 0.0, 0.0, 0.0, 0.0, 0.0, 0.0, 0.0, 0.0, 1.0, 0.0, 0.0, 0.0, 0.0]"
NODE_0000143,"[3.7064110013001047e-10, 1.599643624914527e-10, 7.018101567024012e-11, 1.6596823723568225e-10, 1.421396840718044e-10, 1.6147845809039892e-10, 1.6016172655494957e-10, 1.615999914400442e-10, 1.6449412562933702e-10, 1.6131233663087593e-10, 9.41894370165373e-10, 1.615512128692021e-10, 1.703596400856722e-10, 1.5809627964830118e-10, 0.999999635604729, 1.0938672468769497e-10, 1.546105608242877e-10, 1.6155121286918557e-10, 1.6155121286920715e-10, 1.4947686142744295e-10, 1.7108894215566404e-10, 6.781807058865701e-10, 1.1309234749153292e-10, 1.6161502088710346e-10, 1.910726543185535e-09, 1.5311762815560747e-10, 3.4799633006104606e-07, 1.5527265115548825e-10, 8.850300349693662e-09, 1.5756166451177742e-10, 1.6156606924262618e-10]"
hMpxV/Japan/TMIPH-0162/2023|EPI_ISL_17837266|2023-06-02,"[0.0, 0.0, 0.0, 0.0, 0.0, 0.0, 0.0, 0.0, 0.0, 0.0, 0.0, 0.0, 0.0, 0.0, 1.0, 0.0, 0.0, 0.0, 0.0, 0.0, 0.0, 0.0, 0.0, 0.0, 0.0, 0.0, 0.0, 0.0, 0.0, 0.0, 0.0]"
hMpxV/Japan/TMIPH-220512/2023|EPI_ISL_17445516|2023-03-28,"[0.0, 0.0, 0.0, 0.0, 0.0, 0.0, 0.0, 0.0, 0.0, 0.0, 0.0, 0.0, 0.0, 0.0, 1.0, 0.0, 0.0, 0.0, 0.0, 0.0, 0.0, 0.0, 0.0, 0.0, 0.0, 0.0, 0.0, 0.0, 0.0, 0.0, 0.0]"
hMpxV/Japan/TMIPH-0012/2023|EPI_ISL_17592666|2023-04-04,"[0.0, 0.0, 0.0, 0.0, 0.0, 0.0, 0.0, 0.0, 0.0, 0.0, 0.0, 0.0, 0.0, 0.0, 1.0, 0.0, 0.0, 0.0, 0.0, 0.0, 0.0, 0.0, 0.0, 0.0, 0.0, 0.0, 0.0, 0.0, 0.0, 0.0, 0.0]"
NODE_0000147,"[0.999980648966528, 5.505100059759077e-07, 9.311989510205097e-07, 5.672382296796197e-07, 4.962357159361328e-07, 5.559088023778951e-07, 5.493464169586289e-07, 5.498371372578007e-07, 5.596221747975886e-07, 5.562571884601537e-07, 5.725312636050078e-07, 5.543795393364372e-07, 5.17509274429e-07, 5.513409115954599e-07, 1.5149580205029877e-06, 3.9885969924253664e-07, 5.485341623182992e-07, 5.543795393364479e-07, 5.543795393364482e-07, 5.273330450921685e-07, 3.8717024675089755e-07, 6.021899248154144e-07, 3.996680526356443e-07, 5.498676448285287e-07, 1.4010421189962163e-06, 5.275586915780179e-07, 7.405318976680001e-07, 5.308864242228236e-07, 6.069015470321189e-07, 1.4472403396154395e-06, 5.47616966286215e-07]"
hMpxV/Australia/VIC-VIDRL-2389/2024|EPI_ISL_19459797|2024-04-18,"[1.0, 0.0, 0.0, 0.0, 0.0, 0.0, 0.0, 0.0, 0.0, 0.0, 0.0, 0.0, 0.0, 0.0, 0.0, 0.0, 0.0, 0.0, 0.0, 0.0, 0.0, 0.0, 0.0, 0.0, 0.0, 0.0, 0.0, 0.0, 0.0, 0.0, 0.0]"
NODE_0000148,"[0.9999999943586185, 1.4707106794989908e-10, 3.4472548244222944e-10, 1.5074655510918138e-10, 1.3117401034517807e-10, 1.4848888316907802e-10, 1.4750276199964983e-10, 1.478204837913435e-10, 1.4960834391516367e-10, 1.4834695303924197e-10, 1.5020127096932202e-10, 1.4870849865003453e-10, 1.3560083229004725e-10, 1.451753662765319e-10, 4.1186740955458323e-10, 1.0137970739958192e-10, 1.4166756899985628e-10, 1.4870849865004903e-10, 1.487084986500497e-10, 1.3741325666285644e-10, 1.475894236436195e-10, 1.5196949813664142e-10, 1.0095810215846981e-10, 1.4783858762739348e-10, 5.694361487016454e-10, 1.414354293009066e-10, 1.5292901092298544e-10, 1.4318723374220753e-10, 1.4800379187297246e-10, 6.058078542608695e-10, 1.4731107833704422e-10]"
hMpxV/Australia/VIC-VIDRL-2390/2024|EPI_ISL_19459734|2024-04-18,"[1.0, 0.0, 0.0, 0.0, 0.0, 0.0, 0.0, 0.0, 0.0, 0.0, 0.0, 0.0, 0.0, 0.0, 0.0, 0.0, 0.0, 0.0, 0.0, 0.0, 0.0, 0.0, 0.0, 0.0, 0.0, 0.0, 0.0, 0.0, 0.0, 0.0, 0.0]"
hMpxV/Australia/VIC-VIDRL-40803/2024|EPI_ISL_19459753|2024-04-24,"[1.0, 0.0, 0.0, 0.0, 0.0, 0.0, 0.0, 0.0, 0.0, 0.0, 0.0, 0.0, 0.0, 0.0, 0.0, 0.0, 0.0, 0.0, 0.0, 0.0, 0.0, 0.0, 0.0, 0.0, 0.0, 0.0, 0.0, 0.0, 0.0, 0.0, 0.0]"
NODE_0000149,"[6.206927323468232e-07, 3.3160574341884557e-07, 1.773939128724786e-07, 3.4403737074964056e-07, 2.979598274699474e-07, 3.3480457706516927e-07, 3.3073602300007563e-07, 3.3252871301621927e-07, 3.395036319236308e-07, 3.348494558990811e-07, 1.214626847370169e-06, 3.3380216353532657e-07, 3.442717290907772e-07, 3.3160406260321086e-07, 0.9998794519843769, 2.3763417710458088e-07, 3.2952845619573864e-07, 3.3380216353531847e-07, 3.3380216353532953e-07, 3.165394456466062e-07, 2.5968195421839776e-07, 9.907244164763639e-07, 2.44343960528559e-07, 3.3253743765379853e-07, 2.0365884866792896e-06, 3.169398388120278e-07, 0.00010170708453429738, 3.194632627776147e-07, 6.452584238101758e-06, 3.364142072676862e-07, 3.3193008987582364e-07]"
hMpxV/Japan/OIPH-001/2023|EPI_ISL_17518107|2023-03-17,"[0.0, 0.0, 0.0, 0.0, 0.0, 0.0, 0.0, 0.0, 0.0, 0.0, 0.0, 0.0, 0.0, 0.0, 1.0, 0.0, 0.0, 0.0, 0.0, 0.0, 0.0, 0.0, 0.0, 0.0, 0.0, 0.0, 0.0, 0.0, 0.0, 0.0, 0.0]"
NODE_0000150,"[2.3351684829882507e-08, 1.193715713534749e-08, 6.184017648163104e-09, 1.2331377548875908e-08, 1.0704262022700579e-08, 1.205650344754289e-08, 1.1916514322918643e-08, 1.194704151731975e-08, 1.2168341984242808e-08, 1.2056737827649097e-08, 4.746951501685258e-08, 1.2027425194149837e-08, 1.2371193495497018e-08, 1.1919752558044312e-08, 0.9999947601300521, 8.486006254920515e-09, 1.181327984647251e-08, 1.2027425194149367e-08, 1.202742519414974e-08, 1.1363096025858693e-08, 1.0202153824781016e-08, 3.7695365854600024e-08, 8.559516684991294e-09, 1.1947532644348961e-08, 8.243063816002237e-08, 1.1421300246239831e-08, 4.508480196999689e-06, 1.1510678344880082e-08, 2.6929964599471885e-07, 1.2256534644444147e-08, 1.1907627284948349e-08]"
hMpxV/Japan/TMIPH-0129/2023|EPI_ISL_17762485|2023-05-17,"[0.0, 0.0, 0.0, 0.0, 0.0, 0.0, 0.0, 0.0, 0.0, 0.0, 0.0, 0.0, 0.0, 0.0, 0.9999999999999999, 0.0, 0.0, 0.0, 0.0, 0.0, 0.0, 0.0, 0.0, 0.0, 0.0, 0.0, 0.0, 0.0, 0.0, 0.0, 0.0]"
hMpxV/Japan/TMIPH-0112/2023|EPI_ISL_17959215|2023-05-11,"[0.0, 0.0, 0.0, 0.0, 0.0, 0.0, 0.0, 0.0, 0.0, 0.0, 0.0, 0.0, 0.0, 0.0, 0.9999999999999999, 0.0, 0.0, 0.0, 0.0, 0.0, 0.0, 0.0, 0.0, 0.0, 0.0, 0.0, 0.0, 0.0, 0.0, 0.0, 0.0]"
NODE_0000153,"[1.2772294443914946e-10, 1.9791607838510644e-10, 6.769100744578438e-11, 2.0615544228272938e-10, 1.6823282756784257e-10, 2.007115571369826e-10, 1.9821101725521158e-10, 1.9895480385528894e-10, 2.0313089558126218e-10, 2.0055265661290268e-10, 2.8625550181852847e-10, 2.0075726801761345e-10, 1.8252350880276642e-10, 1.9538307366222432e-10, 2.62356612947141e-06, 1.1898329494456826e-10, 1.8991754661822483e-10, 2.007572680174839e-10, 2.007572680175649e-10, 1.8120573485796023e-10, 5.721075553791996e-11, 8.919687245064992e-10, 1.1925718039226617e-10, 1.9897921872658438e-10, 5.423691936758066e-10, 1.8651680111068194e-10, 0.9999973700305634, 1.895777626392783e-10, 4.487238634359965e-10, 4.4888353678501313e-11, 1.9799564641063445e-10]"
hMpxV/South_Korea/KDCA-P007/2023|EPI_ISL_18147345|2023-04-10,"[0.0, 0.0, 0.0, 0.0, 0.0, 0.0, 0.0, 0.0, 0.0, 0.0, 0.0, 0.0, 0.0, 0.0, 0.0, 0.0, 0.0, 0.0, 0.0, 0.0, 0.0, 0.0, 0.0, 0.0, 0.0, 0.0, 0.9999999999999999, 0.0, 0.0, 0.0, 0.0]"
hMpxV/South_Korea/KDCA-P018/2023|EPI_ISL_18147348|2023-04-18,"[0.0, 0.0, 0.0, 0.0, 0.0, 0.0, 0.0, 0.0, 0.0, 0.0, 0.0, 0.0, 0.0, 0.0, 0.0, 0.0, 0.0, 0.0, 0.0, 0.0, 0.0, 0.0, 0.0, 0.0, 0.0, 0.0, 1.0, 0.0, 0.0, 0.0, 0.0]"
hMpxV/South_Korea/NMC-P003/2023|EPI_ISL_18744050|2023-05-03,"[0.0, 0.0, 0.0, 0.0, 0.0, 0.0, 0.0, 0.0, 0.0, 0.0, 0.0, 0.0, 0.0, 0.0, 0.0, 0.0, 0.0, 0.0, 0.0, 0.0, 0.0, 0.0, 0.0, 0.0, 0.0, 0.0, 1.0, 0.0, 0.0, 0.0, 0.0]"
NODE_0000138,"[9.510903632821586e-12, 3.987517010989833e-12, 1.7127857622401572e-12, 4.126601852511584e-12, 3.5387326395706368e-12, 4.026043868057904e-12, 3.9947112180815506e-12, 4.024038341190726e-12, 4.090212970959168e-12, 4.021506638224298e-12, 2.480804216163305e-11, 4.029386634192215e-12, 4.243566689592118e-12, 3.936872003110607e-12, 0.9999999894556615, 2.712691818020979e-12, 3.843178458329566e-12, 4.0293866341899315e-12, 4.029386634192592e-12, 3.7189675032307595e-12, 4.5110042773341895e-12, 1.7545715702278177e-11, 2.7741534474478528e-12, 4.024445770353551e-12, 5.1536672911954575e-11, 3.819289496892573e-12, 1.0105492389133088e-08, 3.872978697355624e-12, 2.4440175781436175e-10, 3.95566671714888e-12, 4.0197641780271254e-12]"
hMpxV/Japan/TMIPH-220531/2023|EPI_ISL_17445518|2023-03-31,"[0.0, 0.0, 0.0, 0.0, 0.0, 0.0, 0.0, 0.0, 0.0, 0.0, 0.0, 0.0, 0.0, 0.0, 1.0, 0.0, 0.0, 0.0, 0.0, 0.0, 0.0, 0.0, 0.0, 0.0, 0.0, 0.0, 0.0, 0.0, 0.0, 0.0, 0.0]"
hMpxV/Japan/TMIPH-0113/2023|EPI_ISL_17959216|2023-05-12,"[0.0, 0.0, 0.0, 0.0, 0.0, 0.0, 0.0, 0.0, 0.0, 0.0, 0.0, 0.0, 0.0, 0.0, 1.0, 0.0, 0.0, 0.0, 0.0, 0.0, 0.0, 0.0, 0.0, 0.0, 0.0, 0.0, 0.0, 0.0, 0.0, 0.0, 0.0]"
NODE_0000139,"[5.727951570276118e-10, 2.7773429837596043e-10, 1.3849522613214224e-10, 2.8549861465821334e-10, 2.4848034619961485e-10, 2.8061660281206683e-10, 2.7754345728708485e-10, 2.773757736848173e-10, 2.817444631362376e-10, 2.8057522430437063e-10, 1.2190867941581463e-09, 2.8013196577034225e-10, 2.8734426405579725e-10, 2.7682463999004687e-10, 0.9999998472467349, 1.9560670645862908e-10, 2.734685297289646e-10, 2.801319657702899e-10, 2.8013196577035554e-10, 2.634840696138555e-10, 2.6318179261488974e-10, 9.37179371999358e-10, 1.9318135157005517e-10, 2.773914683470851e-10, 2.207854274628303e-09, 2.660543303317383e-10, 1.3400925170167566e-07, 2.6810856619846103e-10, 7.488756962926363e-09, 2.8923302627046704e-10, 2.7600252546203523e-10]"
hMpxV/Japan/TMIPH-0037/2023|EPI_ISL_17665625|2023-04-18,"[0.0, 0.0, 0.0, 0.0, 0.0, 0.0, 0.0, 0.0, 0.0, 0.0, 0.0, 0.0, 0.0, 0.0, 0.9999999999999999, 0.0, 0.0, 0.0, 0.0, 0.0, 0.0, 0.0, 0.0, 0.0, 0.0, 0.0, 0.0, 0.0, 0.0, 0.0, 0.0]"
hMpxV/Japan/TMIPH-0007/2023|EPI_ISL_17592665|2023-04-03,"[0.0, 0.0, 0.0, 0.0, 0.0, 0.0, 0.0, 0.0, 0.0, 0.0, 0.0, 0.0, 0.0, 0.0, 0.9999999999999999, 0.0, 0.0, 0.0, 0.0, 0.0, 0.0, 0.0, 0.0, 0.0, 0.0, 0.0, 0.0, 0.0, 0.0, 0.0, 0.0]"
NODE_0000144,"[1.5466890468902564e-08, 8.091286999118776e-09, 4.263632529918716e-09, 8.376546233062855e-09, 7.263236317228147e-09, 8.170776802003249e-09, 8.07353344491076e-09, 8.105615027417182e-09, 8.26578834187587e-09, 8.171494110053771e-09, 3.080524299103257e-08, 8.14856988246552e-09, 8.391976736070148e-09, 8.085923238423405e-09, 0.9999968000037947, 5.776341936526798e-09, 8.025174482175644e-09, 8.148569882461552e-09, 8.148569882466397e-09, 7.713765470165768e-09, 6.607959265906223e-09, 2.4808125245631706e-08, 5.881864561317512e-09, 8.105888735525494e-09, 5.2502027870737874e-08, 7.737483348689277e-09, 2.7241263086767806e-06, 7.798368830575509e-09, 1.6859104322458446e-07, 8.259333416021281e-09, 8.08486711502716e-09]"
hMpxV/Japan/TMIPH-230002/2023|EPI_ISL_17445519|2023-03-31,"[0.0, 0.0, 0.0, 0.0, 0.0, 0.0, 0.0, 0.0, 0.0, 0.0, 0.0, 0.0, 0.0, 0.0, 0.9999999999999999, 0.0, 0.0, 0.0, 0.0, 0.0, 0.0, 0.0, 0.0, 0.0, 0.0, 0.0, 0.0, 0.0, 0.0, 0.0, 0.0]"
NODE_0000145,"[2.330265898056759e-09, 1.1567668002430287e-09, 5.866443232621573e-10, 1.1919844075177431e-09, 1.0360530002684878e-09, 1.1685407764272332e-09, 1.1554163919282918e-09, 1.1565861006296725e-09, 1.1763714405719296e-09, 1.1684280041364255e-09, 4.86296104754745e-09, 1.1661614895085772e-09, 1.1981391289399472e-09, 1.1538233597621214e-09, 0.9999994221332262, 8.181757362984004e-10, 1.1414426849861923e-09, 1.1661614895079988e-09, 1.166161489508712e-09, 1.0989855677490656e-09, 1.0459011861609396e-09, 3.792122064333227e-09, 8.169255656893986e-10, 1.1566417529832351e-09, 8.648196019094707e-09, 1.107469368569789e-09, 5.030368299095434e-07, 1.116137382545356e-09, 2.8899288519262274e-08, 1.1963488128950424e-09, 1.1518439651780362e-09]"
hMpxV/Japan/TMIPH-0072/2023|EPI_ISL_17692268|2023-04-28,"[0.0, 0.0, 0.0, 0.0, 0.0, 0.0, 0.0, 0.0, 0.0, 0.0, 0.0, 0.0, 0.0, 0.0, 0.9999999999999999, 0.0, 0.0, 0.0, 0.0, 0.0, 0.0, 0.0, 0.0, 0.0, 0.0, 0.0, 0.0, 0.0, 0.0, 0.0, 0.0]"
NODE_0000146,"[2.71187598140681e-09, 1.3516524078269001e-09, 6.875060597015453e-10, 1.393323882370511e-09, 1.2108189196436213e-09, 1.3653701192581308e-09, 1.3499656829760904e-09, 1.351659213091401e-09, 1.3750693452371677e-09, 1.3652554224702045e-09, 5.6391919218445025e-09, 1.3625176347547743e-09, 1.400175007911287e-09, 1.3484019490098324e-09, 0.9999993370692685, 9.567126992653333e-10, 1.3342658153141113e-09, 1.3625176347541037e-09, 1.3625176347549178e-09, 1.284473341487507e-09, 1.2124650212679655e-09, 4.408299256196725e-09, 9.567986697911918e-10, 1.3517225900835193e-09, 9.995957614297091e-09, 1.2939297821819421e-09, 5.761491585772589e-07, 1.3040662564896677e-09, 3.330232137739609e-08, 1.396453585073008e-09, 1.3462883710121104e-09]"
hMpxV/Japan/TMIPH-0174/2023|EPI_ISL_17837267|2023-06-12,"[0.0, 0.0, 0.0, 0.0, 0.0, 0.0, 0.0, 0.0, 0.0, 0.0, 0.0, 0.0, 0.0, 0.0, 1.0, 0.0, 0.0, 0.0, 0.0, 0.0, 0.0, 0.0, 0.0, 0.0, 0.0, 0.0, 0.0, 0.0, 0.0, 0.0, 0.0]"
hMpxV/Japan/TMIPH-0109/2023|EPI_ISL_17959214|2023-05-11,"[0.0, 0.0, 0.0, 0.0, 0.0, 0.0, 0.0, 0.0, 0.0, 0.0, 0.0, 0.0, 0.0, 0.0, 1.0, 0.0, 0.0, 0.0, 0.0, 0.0, 0.0, 0.0, 0.0, 0.0, 0.0, 0.0, 0.0, 0.0, 0.0, 0.0, 0.0]"
NODE_0000140,"[1.4953640366770832e-09, 7.465089238472631e-10, 3.6731483001620546e-10, 7.769085212148513e-10, 6.66503750208313e-10, 7.535843155874895e-10, 7.456463979451257e-10, 7.521252967445285e-10, 7.676713428462233e-10, 7.536240117376262e-10, 3.237929193339168e-09, 7.525251851996724e-10, 7.887116104761257e-10, 7.433377911607328e-10, 0.99999941182328, 5.231626500809198e-10, 7.342120626625347e-10, 7.52525185199307e-10, 7.525251851997633e-10, 7.064396956560751e-10, 6.368678430140976e-10, 2.713576458664961e-09, 5.424506561734829e-10, 7.52185505749507e-10, 5.746902758340977e-09, 7.134208211272084e-10, 5.366105077786421e-07, 7.247818772033158e-10, 2.1437273310979964e-08, 7.303259261178866e-10, 7.518071133547313e-10]"
hMpxV/Japan/TMIPH-0047/2023|EPI_ISL_17665626|2023-04-19,"[0.0, 0.0, 0.0, 0.0, 0.0, 0.0, 0.0, 0.0, 0.0, 0.0, 0.0, 0.0, 0.0, 0.0, 1.0, 0.0, 0.0, 0.0, 0.0, 0.0, 0.0, 0.0, 0.0, 0.0, 0.0, 0.0, 0.0, 0.0, 0.0, 0.0, 0.0]"
hMpxV/Japan/TMIPH-0019/2023|EPI_ISL_17592670|2023-04-11,"[0.0, 0.0, 0.0, 0.0, 0.0, 0.0, 0.0, 0.0, 0.0, 0.0, 0.0, 0.0, 0.0, 0.0, 1.0, 0.0, 0.0, 0.0, 0.0, 0.0, 0.0, 0.0, 0.0, 0.0, 0.0, 0.0, 0.0, 0.0, 0.0, 0.0, 0.0]"
NODE_0000141,"[0.0007571523985487262, 0.0006305613414011876, 0.0003872887683352903, 0.0006562468135946284, 0.0005636592883102396, 0.0006373304791941691, 0.0006263941043111793, 0.0006261310888665006, 0.0006414877380502531, 0.000638816860488606, 0.0011243303406118055, 0.0006337262280803459, 0.0007481081223139209, 0.000638214702571812, 0.9586324682260929, 0.0004554636605544341, 0.0006474676197618769, 0.0006337262280803364, 0.0006337262280803461, 0.0006128257027920045, 0.00027565329327815843, 0.009255093254773205, 0.0004610000456042498, 0.0006261195555795174, 0.0012769658671822725, 0.0005984069388454688, 0.012245910050728783, 0.0007230495415411827, 0.002481265007052092, 0.0005086854201023358, 0.0006227250852721227]"
hMpxV/Japan/NCGHM-001/2024|EPI_ISL_19293742|2024-03-03,"[0.0, 0.0, 0.0, 0.0, 0.0, 0.0, 0.0, 0.0, 0.0, 0.0, 0.0, 0.0, 0.0, 0.0, 1.0, 0.0, 0.0, 0.0, 0.0, 0.0, 0.0, 0.0, 0.0, 0.0, 0.0, 0.0, 0.0, 0.0, 0.0, 0.0, 0.0]"
NODE_0000142,"[5.494608617223026e-09, 8.039937362250148e-09, 3.528547420479579e-09, 8.432925058590307e-09, 6.896149575658603e-09, 8.160385616654496e-09, 8.004345253748917e-09, 8.01605737905404e-09, 8.243106650531146e-09, 8.1685500523185e-09, 9.579909332636578e-09, 8.118693292592849e-09, 1.658655836091067e-08, 8.077372052954329e-09, 9.183800909177862e-08, 5.071566645608868e-09, 8.155424393263184e-09, 8.11869329255886e-09, 8.118693292538046e-09, 7.563798196980386e-09, 1.9638111161875557e-09, 0.9999996369623103, 5.096732563938102e-09, 8.01646478507063e-09, 6.108657702875901e-09, 7.534391193998641e-09, 5.014508590764012e-08, 1.6865568293858425e-08, 1.2480351538504264e-08, 2.6456646441579095e-09, 7.96763067076706e-09]"
hMpxV/Philippines/RITM-028/2024|EPI_ISL_19456608|2024-09-12,"[0.0, 0.0, 0.0, 0.0, 0.0, 0.0, 0.0, 0.0, 0.0, 0.0, 0.0, 0.0, 0.0, 0.0, 0.0, 0.0, 0.0, 0.0, 0.0, 0.0, 0.0, 1.0, 0.0, 0.0, 0.0, 0.0, 0.0, 0.0, 0.0, 0.0, 0.0]"
hMpxV/Philippines/RITM-029/2024|EPI_ISL_19456609|2024-09-12,"[0.0, 0.0, 0.0, 0.0, 0.0, 0.0, 0.0, 0.0, 0.0, 0.0, 0.0, 0.0, 0.0, 0.0, 0.0, 0.0, 0.0, 0.0, 0.0, 0.0, 0.0, 1.0, 0.0, 0.0, 0.0, 0.0, 0.0, 0.0, 0.0, 0.0, 0.0]"
NODE_0000124,"[3.255525420213672e-14, 7.273200946059068e-14, 1.3550877097620614e-14, 7.673639565818908e-14, 5.820581810126174e-14, 7.393723000742933e-14, 7.340307297499276e-14, 7.432270936599485e-14, 7.582136457961601e-14, 7.374438245743337e-14, 1.2079407548382678e-13, 7.450596555684544e-14, 8.800545876954976e-14, 6.997375824638029e-14, 3.480073281197708e-08, 3.5769748918912227e-14, 6.598761549249212e-14, 7.450596555682141e-14, 7.45059655568375e-14, 6.266104153474436e-14, 1.619824650593047e-14, 1.679710065456498e-11, 3.652484154917706e-14, 7.43448201621714e-14, 2.4139906392132316e-13, 6.777026314826659e-14, 0.9999999651803463, 9.45030609051208e-14, 2.2137643519881196e-13, 5.928533950771307e-15, 7.413202111696616e-14]"
hMpxV/South_Korea/KDCA-P011/2023|EPI_ISL_18147340|2023-04-14,"[0.0, 0.0, 0.0, 0.0, 0.0, 0.0, 0.0, 0.0, 0.0, 0.0, 0.0, 0.0, 0.0, 0.0, 0.0, 0.0, 0.0, 0.0, 0.0, 0.0, 0.0, 0.0, 0.0, 0.0, 0.0, 0.0, 0.9999999999999999, 0.0, 0.0, 0.0, 0.0]"
hMpxV/South_Korea/KDCA-P028/2023|EPI_ISL_18147336|2023-04-22,"[0.0, 0.0, 0.0, 0.0, 0.0, 0.0, 0.0, 0.0, 0.0, 0.0, 0.0, 0.0, 0.0, 0.0, 0.0, 0.0, 0.0, 0.0, 0.0, 0.0, 0.0, 0.0, 0.0, 0.0, 0.0, 0.0, 0.9999999999999999, 0.0, 0.0, 0.0, 0.0]"
hMpxV/South_Korea/KDCA-P021/2023|EPI_ISL_18147343|2023-04-21,"[0.0, 0.0, 0.0, 0.0, 0.0, 0.0, 0.0, 0.0, 0.0, 0.0, 0.0, 0.0, 0.0, 0.0, 0.0, 0.0, 0.0, 0.0, 0.0, 0.0, 0.0, 0.0, 0.0, 0.0, 0.0, 0.0, 1.0, 0.0, 0.0, 0.0, 0.0]"
hMpxV/South_Korea/KDCA-P032/2023|EPI_ISL_18147337|2023-04-25,"[0.0, 0.0, 0.0, 0.0, 0.0, 0.0, 0.0, 0.0, 0.0, 0.0, 0.0, 0.0, 0.0, 0.0, 0.0, 0.0, 0.0, 0.0, 0.0, 0.0, 0.0, 0.0, 0.0, 0.0, 0.0, 0.0, 1.0, 0.0, 0.0, 0.0, 0.0]"
hMpxV/Japan/TMIPH-230367/2024|EPI_ISL_19151800|2024-01-31,"[0.0, 0.0, 0.0, 0.0, 0.0, 0.0, 0.0, 0.0, 0.0, 0.0, 0.0, 0.0, 0.0, 0.0, 0.9999999999999999, 0.0, 0.0, 0.0, 0.0, 0.0, 0.0, 0.0, 0.0, 0.0, 0.0, 0.0, 0.0, 0.0, 0.0, 0.0, 0.0]"
hMpxV/Philippines/RITM-006/2023|EPI_ISL_19409300|2023-07-07,"[0.0, 0.0, 0.0, 0.0, 0.0, 0.0, 0.0, 0.0, 0.0, 0.0, 0.0, 0.0, 0.0, 0.0, 0.0, 0.0, 0.0, 0.0, 0.0, 0.0, 0.0, 1.0, 0.0, 0.0, 0.0, 0.0, 0.0, 0.0, 0.0, 0.0, 0.0]"
NODE_0000118,"[1.4616022614178674e-06, 1.3394937720156175e-06, 6.658459284248583e-07, 3.3053246200574368e-06, 1.1409325352840916e-06, 1.3568076285526873e-06, 1.3396556612043582e-06, 2.420558078826217e-06, 3.021173916445527e-06, 1.3709528117834474e-06, 2.1684423053247146e-06, 1.3576571719911447e-06, 4.944326025228582e-06, 1.365031103070725e-06, 0.0002694919329932596, 8.206470796838288e-07, 1.356219107870903e-06, 1.357657171991437e-06, 1.3576571719914922e-06, 1.2476035634793193e-06, 3.526319418215707e-07, 1.7723850807381058e-06, 5.0536489813731425e-06, 2.422794615167215e-06, 0.0002457628835580864, 1.260701111564745e-06, 7.408102910869894e-06, 1.2776503027389257e-06, 0.9994283900863025, 4.653699610055546e-07, 2.9442243262616515e-06]"
hMpxV/Thailand/KCMH-462/2023|EPI_ISL_19437780|2023-12-22,"[0.0, 0.0, 0.0, 0.0, 0.0, 0.0, 0.0, 0.0, 0.0, 0.0, 0.0, 0.0, 0.0, 0.0, 0.0, 0.0, 0.0, 0.0, 0.0, 0.0, 0.0, 0.0, 0.0, 0.0, 0.0, 0.0, 0.0, 0.0, 1.0, 0.0, 0.0]"
NODE_0000123,"[5.507125357790693e-10, 6.702352166580355e-10, 2.615203340064493e-10, 2.358903403941438e-09, 5.589412376679889e-10, 6.80359527610872e-10, 6.713980594081629e-10, 1.0972021917582461e-09, 1.3365966726309701e-09, 6.855816390935442e-10, 9.904196925454757e-10, 6.812714181024835e-10, 3.090503931079152e-09, 6.757912089829279e-10, 2.585782680050214e-07, 3.8322483757764133e-10, 6.638134051669107e-10, 6.812714181030855e-10, 6.812714181032065e-10, 6.1267556450143e-10, 1.499310612987659e-10, 8.385092441408437e-10, 1.886278950479037e-09, 1.0981609401386534e-09, 1.0625319479757526e-07, 6.274285510726874e-10, 2.7663313948694047e-09, 6.377844720820736e-10, 0.9999996083802669, 1.5062047655036967e-10, 1.301531457045822e-09]"
hMpxV/Thailand/KCMH-295/2023|EPI_ISL_19437772|2023-07-03,"[0.0, 0.0, 0.0, 0.0, 0.0, 0.0, 0.0, 0.0, 0.0, 0.0, 0.0, 0.0, 0.0, 0.0, 0.0, 0.0, 0.0, 0.0, 0.0, 0.0, 0.0, 0.0, 0.0, 0.0, 0.0, 0.0, 0.0, 0.0, 1.0, 0.0, 0.0]"
hMpxV/Thailand/KCMH-283/2023|EPI_ISL_19437779|2023-06-28,"[0.0, 0.0, 0.0, 0.0, 0.0, 0.0, 0.0, 0.0, 0.0, 0.0, 0.0, 0.0, 0.0, 0.0, 0.0, 0.0, 0.0, 0.0, 0.0, 0.0, 0.0, 0.0, 0.0, 0.0, 0.0, 0.0, 0.0, 0.0, 1.0, 0.0, 0.0]"
NODE_0000120,"[1.1920817932275957e-07, 5.423966962303288e-08, 4.754599007751306e-08, 7.922819773436692e-08, 4.796439751360371e-08, 5.4850600315678616e-08, 5.424332876823048e-08, 2.1524175375794262e-07, 3.412206500583303e-07, 5.4890078029019364e-08, 9.101158082860992e-08, 5.4802337716085473e-08, 2.7693031318308485e-07, 5.407531797744742e-08, 5.150053897401472e-07, 3.691806156051871e-08, 5.3711533149934286e-08, 5.4802337716082793e-08, 5.480233771609566e-08, 5.113710450925011e-08, 1.533405412498361e-08, 5.636055345432063e-08, 2.0182455133396812e-06, 2.153644679230876e-07, 0.9999856225653849, 5.181066208791415e-08, 1.0764486446369224e-07, 5.224973481157508e-08, 9.17853131315424e-06, 3.617766291900852e-08, 3.338866293368763e-07]"
hMpxV/China/SZ-CDC/Strain142,"[0.0, 0.0, 0.0, 0.0, 0.0, 0.0, 0.0, 0.0, 0.0, 0.0, 0.0, 0.0, 0.0, 0.0, 0.0, 0.0, 0.0, 0.0, 0.0, 0.0, 0.0, 0.0, 0.0, 0.0, 1.0, 0.0, 0.0, 0.0, 0.0, 0.0, 0.0]"
hMpxV/China/SZ-CDC/Strain158,"[0.0, 0.0, 0.0, 0.0, 0.0, 0.0, 0.0, 0.0, 0.0, 0.0, 0.0, 0.0, 0.0, 0.0, 0.0, 0.0, 0.0, 0.0, 0.0, 0.0, 0.0, 0.0, 0.0, 0.0, 1.0, 0.0, 0.0, 0.0, 0.0, 0.0, 0.0]"
NODE_0000121,"[6.795621420691816e-08, 1.4220006499723059e-07, 4.6806429096576913e-08, 9.085994068796575e-05, 1.1765586670759484e-07, 1.4470820059910337e-07, 1.419941159749071e-07, 1.4186874204083697e-07, 1.4569514876439987e-07, 1.4482638498143497e-07, 1.4018140179390858e-07, 1.4438368815328735e-07, 3.330043905312015e-07, 1.4160916353579047e-07, 1.2590348043743333e-06, 8.029996025967174e-08, 1.390264147329924e-07, 1.4438368815330779e-07, 1.4438368815331215e-07, 1.3053300147716659e-07, 2.580879101629254e-08, 1.514705165627629e-07, 7.964407770604974e-08, 1.4188334133231916e-07, 1.7619300102812104e-07, 1.321777706684186e-07, 1.2451842885378927e-07, 1.3366861291350897e-07, 0.9999042591661137, 2.4335999691918504e-08, 1.406412898588322e-07]"
hMpxV/Thailand/KCMH-455/2023|EPI_ISL_19437773|2023-12-01,"[0.0, 0.0, 0.0, 0.0, 0.0, 0.0, 0.0, 0.0, 0.0, 0.0, 0.0, 0.0, 0.0, 0.0, 0.0, 0.0, 0.0, 0.0, 0.0, 0.0, 0.0, 0.0, 0.0, 0.0, 0.0, 0.0, 0.0, 0.0, 0.9999999999999999, 0.0, 0.0]"
hMpxV/Cambodia/NPHL1211017/2023|EPI_ISL_18697752|2023-12-11,"[0.0, 0.0, 0.0, 1.0, 0.0, 0.0, 0.0, 0.0, 0.0, 0.0, 0.0, 0.0, 0.0, 0.0, 0.0, 0.0, 0.0, 0.0, 0.0, 0.0, 0.0, 0.0, 0.0, 0.0, 0.0, 0.0, 0.0, 0.0, 0.0, 0.0, 0.0]"
NODE_0000122,"[1.9772778944793016e-08, 3.60797491074247e-08, 1.4365306975619694e-08, 1.3855669034376886e-06, 3.0571307548459867e-08, 3.666964409472032e-08, 3.5962721412839196e-08, 3.582004525176928e-08, 3.673501787431467e-08, 3.6701490660692193e-08, 3.530708921096508e-08, 3.651332646800182e-08, 9.748387908363463e-08, 3.6153193559360704e-08, 5.011209520005834e-07, 2.1912441572077284e-08, 3.584010666574266e-08, 3.651332646800643e-08, 3.6513326468007384e-08, 3.3697633122010994e-08, 7.460405211002053e-09, 3.8456370448807556e-08, 2.1428356056318492e-08, 3.582193177498226e-08, 5.679914658124144e-08, 3.374235820250199e-08, 3.1463943618973404e-08, 3.400086577097355e-08, 0.999997157416447, 8.620423232712743e-09, 3.5489512074040585e-08]"
hMpxV/Thailand/KCMH-459/2023|EPI_ISL_19437775|2023-12-12,"[0.0, 0.0, 0.0, 0.0, 0.0, 0.0, 0.0, 0.0, 0.0, 0.0, 0.0, 0.0, 0.0, 0.0, 0.0, 0.0, 0.0, 0.0, 0.0, 0.0, 0.0, 0.0, 0.0, 0.0, 0.0, 0.0, 0.0, 0.0, 0.9999999999999999, 0.0, 0.0]"
hMpxV/Thailand/KCMH-465/2023|EPI_ISL_19437776|2023-12-28,"[0.0, 0.0, 0.0, 0.0, 0.0, 0.0, 0.0, 0.0, 0.0, 0.0, 0.0, 0.0, 0.0, 0.0, 0.0, 0.0, 0.0, 0.0, 0.0, 0.0, 0.0, 0.0, 0.0, 0.0, 0.0, 0.0, 0.0, 0.0, 1.0, 0.0, 0.0]"
NODE_0000113,"[0.00048042008052431265, 0.0005806405389145918, 0.0002830641188938337, 0.000901832196549929, 0.0005054765353325988, 0.0005883444699773485, 0.0005779612260385775, 0.0005921613499239464, 0.0006145572562847081, 0.0005893253700221794, 0.0007959880516887218, 0.0005855456293842987, 0.0416749444221866, 0.0005863950181808728, 0.037205839135090894, 0.00038328677223980866, 0.0008019475079175504, 0.000585545629384337, 0.0005855456293843445, 0.0005515630485111632, 0.00017392244003109332, 0.0011311623691873357, 0.00045020856826987073, 0.0005922089738875019, 0.003152646337259843, 0.0005470463480381267, 0.0026740944017672632, 0.0005525607879388947, 0.9004127101328845, 0.000247376140731381, 0.0005956795135737641]"
hMpxV/Thailand/KCMH-026/2023|EPI_ISL_19437777|2023-05-12,"[0.0, 0.0, 0.0, 0.0, 0.0, 0.0, 0.0, 0.0, 0.0, 0.0, 0.0, 0.0, 0.0, 0.0, 0.0, 0.0, 0.0, 0.0, 0.0, 0.0, 0.0, 0.0, 0.0, 0.0, 0.0, 0.0, 0.0, 0.0, 1.0, 0.0, 0.0]"
NODE_0000114,"[9.20728834148857e-06, 1.097108988152576e-05, 4.085658288611485e-06, 1.576772877094134e-05, 8.789523972011431e-06, 1.1141714582008656e-05, 1.1047759029245272e-05, 2.825403751333073e-05, 4.020744704044164e-05, 1.1546163843001792e-05, 1.595343509687843e-05, 1.1235632888611744e-05, 0.9679955917670472, 1.5481997994532487e-05, 0.00011272338284984113, 5.569633087146087e-06, 0.00014924784336839303, 1.1235632888611967e-05, 1.1235632888611923e-05, 9.904684198930968e-06, 1.9777750868941254e-06, 0.00036987463494542395, 0.0001763594367656434, 2.8332711139383304e-05, 0.02913784225036694, 1.0214459140549483e-05, 2.4714493693397677e-05, 1.5401099020310215e-05, 0.0017047242495842605, 2.0412461116359203e-06, 3.931959057429567e-05]"
hMpxV/China/SZ-CDC/Strain072,"[0.0, 0.0, 0.0, 0.0, 0.0, 0.0, 0.0, 0.0, 0.0, 0.0, 0.0, 0.0, 0.0, 0.0, 0.0, 0.0, 0.0, 0.0, 0.0, 0.0, 0.0, 0.0, 0.0, 0.0, 0.9999999999999999, 0.0, 0.0, 0.0, 0.0, 0.0, 0.0]"
hMpxV/Indonesia/JK-NIHRD-MP010/2023|EPI_ISL_18436041|2023-10-20,"[0.0, 0.0, 0.0, 0.0, 0.0, 0.0, 0.0, 0.0, 0.0, 0.0, 0.0, 0.0, 1.0, 0.0, 0.0, 0.0, 0.0, 0.0, 0.0, 0.0, 0.0, 0.0, 0.0, 0.0, 0.0, 0.0, 0.0, 0.0, 0.0, 0.0, 0.0]"
hMpxV/Indonesia/JK-NIHRD-MP005/2023|EPI_ISL_18436040|2023-10-12,"[0.0, 0.0, 0.0, 0.0, 0.0, 0.0, 0.0, 0.0, 0.0, 0.0, 0.0, 0.0, 1.0, 0.0, 0.0, 0.0, 0.0, 0.0, 0.0, 0.0, 0.0, 0.0, 0.0, 0.0, 0.0, 0.0, 0.0, 0.0, 0.0, 0.0, 0.0]"
hMpxV/Netherlands/un-EMC-NL105/2024|EPI_ISL_19002300|2024-03-07,"[0.0, 0.0, 0.0, 0.0, 0.0, 0.0, 0.0, 0.0, 0.0, 0.0, 0.0, 0.0, 0.0, 0.0, 0.0, 0.0, 1.0, 0.0, 0.0, 0.0, 0.0, 0.0, 0.0, 0.0, 0.0, 0.0, 0.0, 0.0, 0.0, 0.0, 0.0]"
hMpxV/China/SZ-CDC/Strain146,"[0.0, 0.0, 0.0, 0.0, 0.0, 0.0, 0.0, 0.0, 0.0, 0.0, 0.0, 0.0, 0.0, 0.0, 0.0, 0.0, 0.0, 0.0, 0.0, 0.0, 0.0, 0.0, 0.0, 0.0, 1.0, 0.0, 0.0, 0.0, 0.0, 0.0, 0.0]"
NODE_0000117,"[8.563882930905604e-08, 1.5016851542485663e-07, 6.257168795306439e-08, 1.5699914683579384e-07, 1.2716421678593453e-07, 1.526146092800883e-07, 1.4957327229805522e-07, 1.518571093250452e-07, 1.5730733029594582e-07, 1.5295096150868373e-07, 1.4687135885387908e-07, 1.5192801273332597e-07, 4.485166185635587e-06, 1.5184394956398388e-07, 1.8804940229028168e-07, 9.155874745981959e-08, 1.8902786721918352e-07, 1.5192801273299327e-07, 1.5192801273278906e-07, 1.4085745377124764e-07, 3.091647545102043e-08, 0.9999912629259039, 1.0070918834734026e-07, 1.5187836882213792e-07, 1.54513032922102e-07, 1.4026007304981656e-07, 2.835787852989221e-07, 3.1233693120614457e-07, 1.7524432811643392e-07, 3.978992460675585e-08, 1.518423060365508e-07]"
hMpxV/Philippines/RITM-007/2023|EPI_ISL_19420626|2023-12-05,"[0.0, 0.0, 0.0, 0.0, 0.0, 0.0, 0.0, 0.0, 0.0, 0.0, 0.0, 0.0, 0.0, 0.0, 0.0, 0.0, 0.0, 0.0, 0.0, 0.0, 0.0, 1.0, 0.0, 0.0, 0.0, 0.0, 0.0, 0.0, 0.0, 0.0, 0.0]"
hMpxV/Philippines/RITM-008/2023|EPI_ISL_19420632|2023-12-12,"[0.0, 0.0, 0.0, 0.0, 0.0, 0.0, 0.0, 0.0, 0.0, 0.0, 0.0, 0.0, 0.0, 0.0, 0.0, 0.0, 0.0, 0.0, 0.0, 0.0, 0.0, 1.0, 0.0, 0.0, 0.0, 0.0, 0.0, 0.0, 0.0, 0.0, 0.0]"
NODE_0000116,"[2.5638870067694246e-12, 5.364660084848731e-12, 1.5905884985598446e-12, 5.679999860024847e-12, 4.3729294649650945e-12, 5.461018314051425e-12, 5.3745984182981036e-12, 6.390290219888837e-12, 7.054612798280472e-12, 5.4948245221609004e-12, 5.576277316500116e-12, 5.465507666203476e-12, 0.9999999995193476, 5.441738872708651e-12, 3.641362363199998e-12, 2.8653655164268665e-12, 2.8149870790210787e-11, 5.465507666205955e-12, 5.465507666204512e-12, 4.848978474149902e-12, 9.074584467183032e-13, 3.194458016869607e-11, 6.2221543254137795e-12, 6.395505548958906e-12, 2.6080145051710174e-10, 4.982846984633972e-12, 4.490027161803731e-12, 5.127242476663777e-12, 3.59765545774833e-11, 6.966013736455967e-13, 6.8403347088585455e-12]"
hMpxV/Indonesia/JK-NIHRD-MP044/2023|EPI_ISL_18467805|2023-10-25,"[0.0, 0.0, 0.0, 0.0, 0.0, 0.0, 0.0, 0.0, 0.0, 0.0, 0.0, 0.0, 1.0, 0.0, 0.0, 0.0, 0.0, 0.0, 0.0, 0.0, 0.0, 0.0, 0.0, 0.0, 0.0, 0.0, 0.0, 0.0, 0.0, 0.0, 0.0]"
hMpxV/Indonesia/JK-NIHRD-MP088/2023|EPI_ISL_18467807|2023-10-30,"[0.0, 0.0, 0.0, 0.0, 0.0, 0.0, 0.0, 0.0, 0.0, 0.0, 0.0, 0.0, 1.0, 0.0, 0.0, 0.0, 0.0, 0.0, 0.0, 0.0, 0.0, 0.0, 0.0, 0.0, 0.0, 0.0, 0.0, 0.0, 0.0, 0.0, 0.0]"
hMpxV/Indonesia/JK-Biokes-MP302/2023|EPI_ISL_19159111|2023-12-12,"[0.0, 0.0, 0.0, 0.0, 0.0, 0.0, 0.0, 0.0, 0.0, 0.0, 0.0, 0.0, 1.0, 0.0, 0.0, 0.0, 0.0, 0.0, 0.0, 0.0, 0.0, 0.0, 0.0, 0.0, 0.0, 0.0, 0.0, 0.0, 0.0, 0.0, 0.0]"
hMpxV/Indonesia/JB-Biokes-MP294/2023|EPI_ISL_19159109|2023-12-07,"[0.0, 0.0, 0.0, 0.0, 0.0, 0.0, 0.0, 0.0, 0.0, 0.0, 0.0, 0.0, 1.0, 0.0, 0.0, 0.0, 0.0, 0.0, 0.0, 0.0, 0.0, 0.0, 0.0, 0.0, 0.0, 0.0, 0.0, 0.0, 0.0, 0.0, 0.0]"
NODE_0000125,"[1.7621302748344855e-13, 4.027618711014731e-13, 7.731121399358662e-14, 4.2167356779802407e-13, 3.2261749285143094e-13, 4.0912310794449963e-13, 4.0656856789287093e-13, 4.1211867974995497e-13, 4.2019880944500434e-13, 4.0828109503233157e-13, 6.344063943031785e-13, 4.1275829582103415e-13, 3.620577263488463e-13, 3.8706750307138306e-13, 4.74373733077715e-07, 1.9978417294246362e-13, 3.6085126039846e-13, 4.1275829582096134e-13, 4.1275829582101794e-13, 3.484548373181398e-13, 8.972681728748174e-14, 3.994025042967075e-12, 2.088139129419535e-13, 4.122217306465694e-13, 1.6445601171306315e-12, 3.756420935045555e-13, 0.9999995256106124, 3.8974982469235427e-13, 1.106947793868517e-12, 3.391225702273838e-14, 4.112842994754187e-13]"
hMpxV/South_Korea/KDCA-P02/2023|EPI_ISL_18542113|2023-06-01,"[0.0, 0.0, 0.0, 0.0, 0.0, 0.0, 0.0, 0.0, 0.0, 0.0, 0.0, 0.0, 0.0, 0.0, 0.0, 0.0, 0.0, 0.0, 0.0, 0.0, 0.0, 0.0, 0.0, 0.0, 0.0, 0.0, 1.0, 0.0, 0.0, 0.0, 0.0]"
hMpxV/South_Korea/KDCA-P19/2023|EPI_ISL_18542119|2023-07-12,"[0.0, 0.0, 0.0, 0.0, 0.0, 0.0, 0.0, 0.0, 0.0, 0.0, 0.0, 0.0, 0.0, 0.0, 0.0, 0.0, 0.0, 0.0, 0.0, 0.0, 0.0, 0.0, 0.0, 0.0, 0.0, 0.0, 1.0, 0.0, 0.0, 0.0, 0.0]"
hMpxV/South_Korea/KDCA-P11/2023|EPI_ISL_18540495|2023-07-05,"[0.0, 0.0, 0.0, 0.0, 0.0, 0.0, 0.0, 0.0, 0.0, 0.0, 0.0, 0.0, 0.0, 0.0, 0.0, 0.0, 0.0, 0.0, 0.0, 0.0, 0.0, 0.0, 0.0, 0.0, 0.0, 0.0, 1.0, 0.0, 0.0, 0.0, 0.0]"
NODE_0000137,"[3.4127968877244e-08, 5.6086578188450665e-08, 2.5092185820697227e-08, 5.8123887574026756e-08, 4.845643334986931e-08, 5.68588589126219e-08, 5.5925522382452337e-08, 5.582965098561912e-08, 5.710692483496421e-08, 5.6919135531763627e-08, 5.7122749674720926e-08, 5.6680082673712604e-08, 5.115363814921653e-08, 5.614829137411319e-08, 9.444263717158918e-06, 3.6117333068851664e-08, 5.55643251027685e-08, 5.668008267367742e-08, 5.668008267369941e-08, 5.288126760961759e-08, 1.3827490055030246e-08, 1.6664524003591993e-07, 3.591725742624448e-08, 5.5831538068651125e-08, 8.631274542117538e-08, 5.286488996590388e-08, 0.9999889764255773, 5.3395219626849455e-08, 5.87958428093342e-08, 1.674226408004681e-08, 5.5423218509003574e-08]"
hMpxV/South_Korea/KDCA-P10/2023|EPI_ISL_18542116|2023-09-15,"[0.0, 0.0, 0.0, 0.0, 0.0, 0.0, 0.0, 0.0, 0.0, 0.0, 0.0, 0.0, 0.0, 0.0, 0.0, 0.0, 0.0, 0.0, 0.0, 0.0, 0.0, 0.0, 0.0, 0.0, 0.0, 0.0, 1.0, 0.0, 0.0, 0.0, 0.0]"
hMpxV/South_Korea/KDCA-P09/2023|EPI_ISL_18542104|2023-07-05,"[0.0, 0.0, 0.0, 0.0, 0.0, 0.0, 0.0, 0.0, 0.0, 0.0, 0.0, 0.0, 0.0, 0.0, 0.0, 0.0, 0.0, 0.0, 0.0, 0.0, 0.0, 0.0, 0.0, 0.0, 0.0, 0.0, 1.0, 0.0, 0.0, 0.0, 0.0]"
NODE_0000132,"[1.317963691562021e-07, 2.2348171648671028e-07, 9.660633115188007e-08, 2.3159999110042537e-07, 1.9260540805386353e-07, 2.2662216609963106e-07, 2.229501975343319e-07, 2.2249169579768294e-07, 2.2747268951369512e-07, 2.2680283243840924e-07, 2.2606463192324788e-07, 2.2595909459269467e-07, 2.0283274466012321e-07, 2.2343116010846774e-07, 4.4821155883255993e-05, 1.4247160603539293e-07, 2.2072851869965225e-07, 2.2595909459268644e-07, 2.25959094592696e-07, 2.09948187131088e-07, 5.425765313696411e-08, 6.932443465986409e-07, 1.4093785381472972e-07, 2.225017342430877e-07, 3.4997752549120217e-07, 2.1060860524239666e-07, 0.999948877422959, 2.1275298299759751e-07, 2.283894702717609e-07, 6.21457860924867e-08, 2.2082166998725963e-07]"
hMpxV/South_Korea/KDCA-P22/2023|EPI_ISL_18540494|2023-08-03,"[0.0, 0.0, 0.0, 0.0, 0.0, 0.0, 0.0, 0.0, 0.0, 0.0, 0.0, 0.0, 0.0, 0.0, 0.0, 0.0, 0.0, 0.0, 0.0, 0.0, 0.0, 0.0, 0.0, 0.0, 0.0, 0.0, 1.0, 0.0, 0.0, 0.0, 0.0]"
NODE_0000133,"[3.95069032091356e-10, 7.50364039994956e-10, 2.846674463756556e-10, 7.780206042402746e-10, 6.400205321040037e-10, 7.616033319390264e-10, 7.499961104017485e-10, 7.480937455199354e-10, 7.63693988460797e-10, 7.615878309325196e-10, 7.470858231315399e-10, 7.602175326726881e-10, 6.703474611221817e-10, 7.462473837574816e-10, 4.076487400000686e-07, 4.5972497503962725e-10, 7.319663371667793e-10, 7.60217532672594e-10, 7.602175326726497e-10, 6.953064242692921e-10, 1.7174562689712832e-10, 2.770954561040564e-09, 4.4813806798514374e-10, 7.481598694475553e-10, 1.2665162178348121e-09, 7.0640658013693e-10, 0.9999995709418883, 7.146298464261912e-10, 7.156170294433778e-10, 1.6066637204940592e-10, 7.420898588401265e-10]"
hMpxV/South_Korea/KDCA-P15/2023|EPI_ISL_18542109|2023-07-05,"[0.0, 0.0, 0.0, 0.0, 0.0, 0.0, 0.0, 0.0, 0.0, 0.0, 0.0, 0.0, 0.0, 0.0, 0.0, 0.0, 0.0, 0.0, 0.0, 0.0, 0.0, 0.0, 0.0, 0.0, 0.0, 0.0, 0.9999999999999999, 0.0, 0.0, 0.0, 0.0]"
NODE_0000134,"[6.87184335428278e-11, 1.2835863496215383e-10, 5.0240950674761784e-11, 1.3305143536663918e-10, 1.098906436657859e-10, 1.3027483545032438e-10, 1.2823488005885173e-10, 1.2780720970718566e-10, 1.304731035928234e-10, 1.302769989927337e-10, 1.2630791674982812e-10, 1.2996078773820165e-10, 1.1472241499863163e-10, 1.2787027605689276e-10, 4.154474692011665e-08, 7.953524282422178e-11, 1.25757777996508e-10, 1.299607877381778e-10, 1.299607877382037e-10, 1.1933045945084707e-10, 2.971455979137536e-11, 4.4890461983158967e-10, 7.718673440081693e-11, 1.2781771643217752e-10, 2.1008172831839288e-10, 1.2092256177728188e-10, 0.9999999548237135, 1.2214397710346276e-10, 1.1857510094068637e-10, 2.8710724808023676e-11, 1.2674825864118837e-10]"
hMpxV/South_Korea/KDCA-P14/2023|EPI_ISL_18542105|2023-07-05,"[0.0, 0.0, 0.0, 0.0, 0.0, 0.0, 0.0, 0.0, 0.0, 0.0, 0.0, 0.0, 0.0, 0.0, 0.0, 0.0, 0.0, 0.0, 0.0, 0.0, 0.0, 0.0, 0.0, 0.0, 0.0, 0.0, 0.9999999999999999, 0.0, 0.0, 0.0, 0.0]"
NODE_0000135,"[3.855842271416918e-14, 8.945967046847713e-14, 2.6250363431452802e-14, 9.288806862792051e-14, 7.459888213555467e-14, 9.09181719411008e-14, 8.973365035218191e-14, 8.9620465356378e-14, 9.13149159694041e-14, 9.081394007562616e-14, 8.884981227783564e-14, 9.101054335173234e-14, 7.816868236930643e-14, 8.801052694064094e-14, 2.1028452904595399e-10, 5.0581691590967273e-14, 8.497320976448678e-14, 9.101054335170713e-14, 9.101054335172328e-14, 8.079609503140606e-14, 1.8243281465255053e-14, 4.577375285492326e-13, 4.89237279182668e-14, 8.963468181470215e-14, 1.7579751906422205e-13, 8.395710655341682e-14, 0.999999999787055, 8.539821150030155e-14, 8.148093726188357e-14, 1.1757434895735265e-14, 8.889523658589336e-14]"
hMpxV/South_Korea/KDCA-P17/2023|EPI_ISL_18542114|2023-07-12,"[0.0, 0.0, 0.0, 0.0, 0.0, 0.0, 0.0, 0.0, 0.0, 0.0, 0.0, 0.0, 0.0, 0.0, 0.0, 0.0, 0.0, 0.0, 0.0, 0.0, 0.0, 0.0, 0.0, 0.0, 0.0, 0.0, 0.9999999999999999, 0.0, 0.0, 0.0, 0.0]"
hMpxV/South_Korea/KDCA-P08/2023|EPI_ISL_18542108|2023-07-05,"[0.0, 0.0, 0.0, 0.0, 0.0, 0.0, 0.0, 0.0, 0.0, 0.0, 0.0, 0.0, 0.0, 0.0, 0.0, 0.0, 0.0, 0.0, 0.0, 0.0, 0.0, 0.0, 0.0, 0.0, 0.0, 0.0, 1.0, 0.0, 0.0, 0.0, 0.0]"
NODE_0000136,"[5.120041895676781e-10, 8.9999873088586e-10, 3.753778588712873e-10, 9.327999533255437e-10, 7.738663656155303e-10, 9.129394624813046e-10, 8.983137766904166e-10, 8.960016630710046e-10, 9.155478371196286e-10, 9.134061000734895e-10, 9.00072090816618e-10, 9.104169067607968e-10, 8.121443349490976e-10, 8.986756518790539e-10, 2.1021678255532818e-07, 5.679881033801875e-10, 8.864495417157502e-10, 9.10416906760394e-10, 9.10416906760585e-10, 8.423211330693315e-10, 2.1467479099906704e-10, 2.9118812589814945e-09, 5.576094893837797e-10, 8.960547239180911e-10, 1.4302124701663839e-09, 8.48074459058153e-10, 0.9999997643966763, 8.566022009209675e-10, 8.824272805952158e-10, 2.3084400921643944e-10, 8.890028652312179e-10]"
hMpxV/South_Korea/KDCA-P13/2023|EPI_ISL_18542112|2023-07-05,"[0.0, 0.0, 0.0, 0.0, 0.0, 0.0, 0.0, 0.0, 0.0, 0.0, 0.0, 0.0, 0.0, 0.0, 0.0, 0.0, 0.0, 0.0, 0.0, 0.0, 0.0, 0.0, 0.0, 0.0, 0.0, 0.0, 1.0, 0.0, 0.0, 0.0, 0.0]"
hMpxV/South_Korea/KDCA-P18/2023|EPI_ISL_18541180|2023-09-15,"[0.0, 0.0, 0.0, 0.0, 0.0, 0.0, 0.0, 0.0, 0.0, 0.0, 0.0, 0.0, 0.0, 0.0, 0.0, 0.0, 0.0, 0.0, 0.0, 0.0, 0.0, 0.0, 0.0, 0.0, 0.0, 0.0, 1.0, 0.0, 0.0, 0.0, 0.0]"
NODE_0000126,"[7.443967981470573e-10, 1.3190192746419303e-09, 5.448350419665533e-10, 1.3671216321109103e-09, 1.133239765953099e-09, 1.338071861258344e-09, 1.3167391884491822e-09, 1.3133291478760506e-09, 1.341837225539471e-09, 1.3386747480309383e-09, 1.3183170114368245e-09, 1.3344974543530796e-09, 1.188946580257786e-09, 1.3165317890135004e-09, 3.7153430977308163e-07, 8.299105248033036e-10, 1.2978765072871644e-09, 1.3344974543527562e-09, 1.334497454352962e-09, 1.2332088831233998e-09, 3.133077390976726e-10, 4.327336392537532e-09, 8.140730284667328e-10, 1.3134107852598532e-09, 2.109190304954655e-09, 1.2428094098066817e-09, 0.9999995912201891, 1.2554884643558665e-09, 1.2891187874573402e-09, 3.32187160649157e-10, 1.3030306144068341e-09]"
NODE_0000131,"[3.2711124139277794e-08, 5.383078370318268e-08, 2.4049784254106504e-08, 5.578628966374855e-08, 4.650329223924922e-08, 5.457267356311287e-08, 5.367726323483409e-08, 5.358420923556465e-08, 5.480893619008164e-08, 5.4629921173352934e-08, 5.480339680863552e-08, 5.4401452780602645e-08, 4.9085517049350914e-08, 5.388735683681083e-08, 9.119733563130794e-06, 3.4651073529873633e-08, 5.332363974172951e-08, 5.440145278056881e-08, 5.4401452780589873e-08, 5.074700701688528e-08, 1.3262636947433575e-08, 1.6020708944282526e-07, 3.4449591272707227e-08, 5.3586048380184964e-08, 8.289097054323596e-08, 5.073845941710564e-08, 0.9999893644634781, 5.124731625344742e-08, 5.635034603049197e-08, 1.6020367295672032e-08, 5.3193506441609985e-08]"
hMpxV/South_Korea/KDCA-P04/2023|EPI_ISL_18542110|2023-09-15,"[0.0, 0.0, 0.0, 0.0, 0.0, 0.0, 0.0, 0.0, 0.0, 0.0, 0.0, 0.0, 0.0, 0.0, 0.0, 0.0, 0.0, 0.0, 0.0, 0.0, 0.0, 0.0, 0.0, 0.0, 0.0, 0.0, 1.0, 0.0, 0.0, 0.0, 0.0]"
hMpxV/South_Korea/KDCA-P03/2023|EPI_ISL_18541890|2023-06-23,"[0.0, 0.0, 0.0, 0.0, 0.0, 0.0, 0.0, 0.0, 0.0, 0.0, 0.0, 0.0, 0.0, 0.0, 0.0, 0.0, 0.0, 0.0, 0.0, 0.0, 0.0, 0.0, 0.0, 0.0, 0.0, 0.0, 0.9999999999999999, 0.0, 0.0, 0.0, 0.0]"
NODE_0000127,"[3.091327393538434e-10, 5.503400986843486e-10, 2.2598203097758386e-10, 5.704316055623346e-10, 4.725545884734807e-10, 5.583070712081022e-10, 5.494379429980883e-10, 5.480372852307156e-10, 5.599083749354734e-10, 5.585436200859587e-10, 5.500776404781799e-10, 5.568570529327123e-10, 4.958075798754021e-10, 5.491513743792077e-10, 1.5857142591838034e-07, 3.455828112517254e-10, 5.411540994195536e-10, 5.568570529324627e-10, 5.568570529326068e-10, 5.142079136264779e-10, 1.303552407064241e-10, 1.8226993524265361e-09, 3.3894048263547285e-10, 5.480723063238937e-10, 8.837263929450859e-10, 5.184999227993597e-10, 0.999999825874864, 5.238670117800984e-10, 5.374335451521421e-10, 1.371469185195514e-10, 5.437408013064514e-10]"
hMpxV/South_Korea/KDCA-P05/2023|EPI_ISL_18542117|2023-06-23,"[0.0, 0.0, 0.0, 0.0, 0.0, 0.0, 0.0, 0.0, 0.0, 0.0, 0.0, 0.0, 0.0, 0.0, 0.0, 0.0, 0.0, 0.0, 0.0, 0.0, 0.0, 0.0, 0.0, 0.0, 0.0, 0.0, 1.0, 0.0, 0.0, 0.0, 0.0]"
NODE_0000128,"[5.298015786373857e-16, 1.1488215211493716e-15, 2.632182485666997e-16, 1.1971215954493282e-15, 9.176433900805337e-16, 1.1679545253353962e-15, 1.1614114758144557e-15, 1.784696963325989e-15, 2.1151699090057142e-15, 1.1850546915338033e-15, 1.4401242348540432e-15, 1.1791061866907116e-15, 1.498649002932994e-15, 1.1577195060117387e-15, 7.588383029234721e-11, 5.604434117326253e-16, 1.0987350194654131e-15, 1.17910618668967e-15, 1.1791061866902596e-15, 1.0005144851652058e-15, 2.0321859949974682e-16, 9.329290564240264e-15, 2.238047774175151e-15, 1.7878140807833888e-15, 6.426069667256985e-14, 1.072873436723553e-15, 0.9999999999240106, 1.1109136652819299e-15, 1.5792666551463597e-15, 8.375681418085259e-17, 2.076311813422797e-15]"
hMpxV/South_Korea/KDCA-P022/2023|EPI_ISL_18147353|2023-04-21,"[0.0, 0.0, 0.0, 0.0, 0.0, 0.0, 0.0, 0.0, 0.0, 0.0, 0.0, 0.0, 0.0, 0.0, 0.0, 0.0, 0.0, 0.0, 0.0, 0.0, 0.0, 0.0, 0.0, 0.0, 0.0, 0.0, 1.0, 0.0, 0.0, 0.0, 0.0]"
hMpxV/South_Korea/KDCA-P06/2023|EPI_ISL_18542111|2023-07-05,"[0.0, 0.0, 0.0, 0.0, 0.0, 0.0, 0.0, 0.0, 0.0, 0.0, 0.0, 0.0, 0.0, 0.0, 0.0, 0.0, 0.0, 0.0, 0.0, 0.0, 0.0, 0.0, 0.0, 0.0, 0.0, 0.0, 1.0, 0.0, 0.0, 0.0, 0.0]"
hMpxV/South_Korea/KDCA-P01/2023|EPI_ISL_18542106|2023-05-03,"[0.0, 0.0, 0.0, 0.0, 0.0, 0.0, 0.0, 0.0, 0.0, 0.0, 0.0, 0.0, 0.0, 0.0, 0.0, 0.0, 0.0, 0.0, 0.0, 0.0, 0.0, 0.0, 0.0, 0.0, 0.0, 0.0, 1.0, 0.0, 0.0, 0.0, 0.0]"
hMpxV/South_Korea/KDCA-P07/2023|EPI_ISL_18540666|2023-07-05,"[0.0, 0.0, 0.0, 0.0, 0.0, 0.0, 0.0, 0.0, 0.0, 0.0, 0.0, 0.0, 0.0, 0.0, 0.0, 0.0, 0.0, 0.0, 0.0, 0.0, 0.0, 0.0, 0.0, 0.0, 0.0, 0.0, 1.0, 0.0, 0.0, 0.0, 0.0]"
hMpxV/China/SZ-CDC/Strain149,"[0.0, 0.0, 0.0, 0.0, 0.0, 0.0, 0.0, 0.0, 0.0, 0.0, 0.0, 0.0, 0.0, 0.0, 0.0, 0.0, 0.0, 0.0, 0.0, 0.0, 0.0, 0.0, 0.0, 0.0, 1.0, 0.0, 0.0, 0.0, 0.0, 0.0, 0.0]"
NODE_0000130,"[2.537417714472153e-10, 4.300754841398019e-10, 1.871777894811669e-10, 4.457733195054693e-10, 3.710000393846702e-10, 4.3612124025266757e-10, 4.2900614189423814e-10, 4.2801971205511393e-10, 4.3759106294384574e-10, 4.3647964433856456e-10, 4.323774369659863e-10, 4.3477510537470866e-10, 3.9021707786526867e-10, 4.301920649401306e-10, 7.943290512261213e-08, 2.749004599747647e-10, 4.253250059939751e-10, 4.347751053741715e-10, 4.3477510537450745e-10, 4.043210836075374e-10, 1.0445340032995111e-10, 1.3166926903254322e-09, 2.7118600945925744e-10, 4.2803980564063253e-10, 6.671476601580665e-10, 4.0537736869948453e-10, 0.9999999084727944, 4.0928520700846684e-10, 4.307762627977798e-10, 1.1992929773148938e-10, 4.247682497724088e-10]"
hMpxV/South_Korea/KDCA-P24/2023|EPI_ISL_18542115|2023-08-28,"[0.0, 0.0, 0.0, 0.0, 0.0, 0.0, 0.0, 0.0, 0.0, 0.0, 0.0, 0.0, 0.0, 0.0, 0.0, 0.0, 0.0, 0.0, 0.0, 0.0, 0.0, 0.0, 0.0, 0.0, 0.0, 0.0, 1.0, 0.0, 0.0, 0.0, 0.0]"
hMpxV/South_Korea/KDCA-P23/2023|EPI_ISL_18542118|2023-08-28,"[0.0, 0.0, 0.0, 0.0, 0.0, 0.0, 0.0, 0.0, 0.0, 0.0, 0.0, 0.0, 0.0, 0.0, 0.0, 0.0, 0.0, 0.0, 0.0, 0.0, 0.0, 0.0, 0.0, 0.0, 0.0, 0.0, 1.0, 0.0, 0.0, 0.0, 0.0]"
NODE_0000005,"[8.621745872341938e-18, 2.4896199061000257e-18, 4.582972965709177e-19, 2.678214404938949e-18, 2.0828201113188048e-18, 2.507797118386765e-18, 2.5270757128022232e-18, 2.7139906180819138e-18, 2.802324094488631e-18, 2.4959490502733466e-18, 8.147726743161907e-17, 2.54471304583552e-18, 3.0154002939473444e-18, 2.345112274489798e-18, 0.9999999994994321, 1.3519019042435494e-18, 2.149037080927204e-18, 2.5447130458342432e-18, 2.5447130458357913e-18, 2.1131694174664877e-18, 4.578003585867537e-18, 4.376994946686186e-17, 1.8560512938006698e-18, 2.7152916108253283e-18, 4.029167373999892e-16, 2.3701599409965155e-18, 5.005632975576966e-10, 2.489305086453872e-18, 4.1090665746083915e-15, 1.2216000354674071e-18, 2.794610905154377e-18]"
hMpxV/Japan/TMIPH-220323/2023|EPI_ISL_17445514|2023-01-30,"[0.0, 0.0, 0.0, 0.0, 0.0, 0.0, 0.0, 0.0, 0.0, 0.0, 0.0, 0.0, 0.0, 0.0, 1.0, 0.0, 0.0, 0.0, 0.0, 0.0, 0.0, 0.0, 0.0, 0.0, 0.0, 0.0, 0.0, 0.0, 0.0, 0.0, 0.0]"
hMpxV/South_Korea/KDCA-P005/2023|EPI_ISL_18147355|2023-03-13,"[0.0, 0.0, 0.0, 0.0, 0.0, 0.0, 0.0, 0.0, 0.0, 0.0, 0.0, 0.0, 0.0, 0.0, 0.0, 0.0, 0.0, 0.0, 0.0, 0.0, 0.0, 0.0, 0.0, 0.0, 0.0, 0.0, 0.9999999999999999, 0.0, 0.0, 0.0, 0.0]"
hMpxV/Japan/TMIPH-0085/2023|EPI_ISL_18075507|2023-05-01,"[0.0, 0.0, 0.0, 0.0, 0.0, 0.0, 0.0, 0.0, 0.0, 0.0, 0.0, 0.0, 0.0, 0.0, 1.0, 0.0, 0.0, 0.0, 0.0, 0.0, 0.0, 0.0, 0.0, 0.0, 0.0, 0.0, 0.0, 0.0, 0.0, 0.0, 0.0]"
hMpxV/Japan/TMIPH-0223/2023|EPI_ISL_18075508|2023-07-07,"[0.0, 0.0, 0.0, 0.0, 0.0, 0.0, 0.0, 0.0, 0.0, 0.0, 0.0, 0.0, 0.0, 0.0, 1.0, 0.0, 0.0, 0.0, 0.0, 0.0, 0.0, 0.0, 0.0, 0.0, 0.0, 0.0, 0.0, 0.0, 0.0, 0.0, 0.0]"
hMpxV/Japan/TMIPH-0204/2023|EPI_ISL_18055899|2023-06-26,"[0.0, 0.0, 0.0, 0.0, 0.0, 0.0, 0.0, 0.0, 0.0, 0.0, 0.0, 0.0, 0.0, 0.0, 1.0, 0.0, 0.0, 0.0, 0.0, 0.0, 0.0, 0.0, 0.0, 0.0, 0.0, 0.0, 0.0, 0.0, 0.0, 0.0, 0.0]"
NODE_0000112,"[2.92527292170447e-09, 1.4379401959181472e-09, 6.989321206116292e-10, 1.5012471351992963e-09, 1.2840765942215434e-09, 1.451095749862783e-09, 1.4363681421482648e-09, 1.4532407416078297e-09, 1.4852240678383313e-09, 1.4507901475092808e-09, 6.4853066898364814e-09, 1.4492543069832586e-09, 1.5234020301131011e-09, 1.4299676000224698e-09, 0.9999985594502177, 1.00631579199902e-09, 1.410698928008578e-09, 1.449254306982557e-09, 1.4492543069834128e-09, 1.3579274613125095e-09, 1.229528261520625e-09, 5.06333560214416e-09, 1.0610990782330008e-09, 1.4533523887215653e-09, 1.1714599653063046e-08, 1.3737737505583817e-09, 1.3353933845155262e-06, 1.3911206897264861e-09, 4.633153437710223e-08, 1.3975321027979718e-09, 1.4549527999929999e-09]"
hMpxV/Japan/TMIPH-0267/2023|EPI_ISL_18557816|2023-09-22,"[0.0, 0.0, 0.0, 0.0, 0.0, 0.0, 0.0, 0.0, 0.0, 0.0, 0.0, 0.0, 0.0, 0.0, 0.9999999999999999, 0.0, 0.0, 0.0, 0.0, 0.0, 0.0, 0.0, 0.0, 0.0, 0.0, 0.0, 0.0, 0.0, 0.0, 0.0, 0.0]"
hMpxV/Japan/TMIPH-0304/2023|EPI_ISL_18557818|2023-10-25,"[0.0, 0.0, 0.0, 0.0, 0.0, 0.0, 0.0, 0.0, 0.0, 0.0, 0.0, 0.0, 0.0, 0.0, 1.0, 0.0, 0.0, 0.0, 0.0, 0.0, 0.0, 0.0, 0.0, 0.0, 0.0, 0.0, 0.0, 0.0, 0.0, 0.0, 0.0]"
hMpxV/Japan/TMIPH-0336/2023|EPI_ISL_18739594|2023-11-29,"[0.0, 0.0, 0.0, 0.0, 0.0, 0.0, 0.0, 0.0, 0.0, 0.0, 0.0, 0.0, 0.0, 0.0, 1.0, 0.0, 0.0, 0.0, 0.0, 0.0, 0.0, 0.0, 0.0, 0.0, 0.0, 0.0, 0.0, 0.0, 0.0, 0.0, 0.0]"
NODE_0000107,"[4.0346380166048324e-12, 1.4739451493832428e-12, 5.483712317431943e-13, 1.5368733857776743e-12, 1.2980334479111628e-12, 1.4870232258273314e-12, 1.4800442186394585e-12, 1.5036005966410337e-12, 1.5300764788870116e-12, 1.4838992508097447e-12, 1.2809697753605682e-11, 1.4919121039276806e-12, 1.6141380386095698e-12, 1.441768615843386e-12, 0.9999999811507184, 9.699866786340872e-13, 1.3914507701527369e-12, 1.4919121039269463e-12, 1.49191210392784e-12, 1.3520537734260848e-12, 1.960337278205866e-12, 8.37505157698948e-12, 1.0313013358562057e-12, 1.5038143750021044e-12, 3.032923646600032e-11, 1.411281604414486e-12, 1.8560338205425104e-08, 1.4401669919025597e-12, 1.995626080657517e-10, 1.3898544575536543e-12, 1.5083266989440432e-12]"
hMpxV/Japan/TMIPH-0029/2023|EPI_ISL_17665624|2023-04-17,"[0.0, 0.0, 0.0, 0.0, 0.0, 0.0, 0.0, 0.0, 0.0, 0.0, 0.0, 0.0, 0.0, 0.0, 1.0, 0.0, 0.0, 0.0, 0.0, 0.0, 0.0, 0.0, 0.0, 0.0, 0.0, 0.0, 0.0, 0.0, 0.0, 0.0, 0.0]"
hMpxV/Japan/TMIPH-0176/2023|EPI_ISL_17837268|2023-06-09,"[0.0, 0.0, 0.0, 0.0, 0.0, 0.0, 0.0, 0.0, 0.0, 0.0, 0.0, 0.0, 0.0, 0.0, 1.0, 0.0, 0.0, 0.0, 0.0, 0.0, 0.0, 0.0, 0.0, 0.0, 0.0, 0.0, 0.0, 0.0, 0.0, 0.0, 0.0]"
hMpxV/Japan/TMIPH-0171/2023|EPI_ISL_18352302|2023-06-06,"[0.0, 0.0, 0.0, 0.0, 0.0, 0.0, 0.0, 0.0, 0.0, 0.0, 0.0, 0.0, 0.0, 0.0, 1.0, 0.0, 0.0, 0.0, 0.0, 0.0, 0.0, 0.0, 0.0, 0.0, 0.0, 0.0, 0.0, 0.0, 0.0, 0.0, 0.0]"
hMpxV/Japan/TMIPH-0117/2023|EPI_ISL_17817239|2023-05-15,"[0.0, 0.0, 0.0, 0.0, 0.0, 0.0, 0.0, 0.0, 0.0, 0.0, 0.0, 0.0, 0.0, 0.0, 1.0, 0.0, 0.0, 0.0, 0.0, 0.0, 0.0, 0.0, 0.0, 0.0, 0.0, 0.0, 0.0, 0.0, 0.0, 0.0, 0.0]"
NODE_0000108,"[5.0453308952482514e-11, 2.1117947482236993e-11, 9.058738624998242e-12, 2.1855062576463644e-11, 1.8741145891281678e-11, 2.1321701803207665e-11, 2.115645939995556e-11, 2.131317179161995e-11, 2.166393308231369e-11, 2.129707779184128e-11, 1.3184711171548728e-10, 2.1339771494505073e-11, 2.2479212406131296e-11, 2.0847029246665454e-11, 0.9999999440648474, 1.4363615483971966e-11, 2.0348257867952237e-11, 2.1339771494494633e-11, 2.1339771494507257e-11, 1.969227278661275e-11, 2.395209079376022e-11, 9.315232086669059e-11, 1.4698923485373473e-11, 2.1315306606463317e-11, 2.743150916829926e-10, 2.022700031721796e-11, 5.360072709595016e-08, 2.0512163664192234e-11, 1.3024367905177103e-09, 2.0948872111735742e-11, 2.1291430062630387e-11]"
hMpxV/Japan/TMIPH-0055/2023|EPI_ISL_17665627|2023-04-21,"[0.0, 0.0, 0.0, 0.0, 0.0, 0.0, 0.0, 0.0, 0.0, 0.0, 0.0, 0.0, 0.0, 0.0, 1.0, 0.0, 0.0, 0.0, 0.0, 0.0, 0.0, 0.0, 0.0, 0.0, 0.0, 0.0, 0.0, 0.0, 0.0, 0.0, 0.0]"
hMpxV/Japan/TMIPH-0017/2023|EPI_ISL_17592667|2023-04-06,"[0.0, 0.0, 0.0, 0.0, 0.0, 0.0, 0.0, 0.0, 0.0, 0.0, 0.0, 0.0, 0.0, 0.0, 1.0, 0.0, 0.0, 0.0, 0.0, 0.0, 0.0, 0.0, 0.0, 0.0, 0.0, 0.0, 0.0, 0.0, 0.0, 0.0, 0.0]"
NODE_0000109,"[1.7165534320968677e-22, 2.844147060196905e-23, 5.2258484581575655e-24, 2.92893180362616e-23, 2.407227767309056e-23, 2.8704373699283424e-23, 2.897567525789215e-23, 2.952074092896031e-23, 2.956104421119022e-23, 2.8526945366880753e-23, 1.3686264533510492e-21, 2.915510116554687e-23, 3.3533680783794614e-23, 2.6705485551891347e-23, 0.9999999999999997, 1.5839080003366287e-23, 2.4333994311493737e-23, 2.915510116552826e-23, 2.915510116554907e-23, 2.422488690946948e-23, 1.2861175788366058e-22, 5.609237804936308e-22, 1.6266481154365936e-23, 2.95319173929217e-23, 6.496058081665859e-21, 2.7441029401202966e-23, 2.7215713976435536e-16, 2.851781024802506e-23, 1.5072835719895988e-19, 2.5421698957810184e-23, 2.9635428789821956e-23]"
hMpxV/Japan/TMIPH-0206/2023|EPI_ISL_18055900|2023-06-26,"[0.0, 0.0, 0.0, 0.0, 0.0, 0.0, 0.0, 0.0, 0.0, 0.0, 0.0, 0.0, 0.0, 0.0, 1.0, 0.0, 0.0, 0.0, 0.0, 0.0, 0.0, 0.0, 0.0, 0.0, 0.0, 0.0, 0.0, 0.0, 0.0, 0.0, 0.0]"
hMpxV/Japan/Osaka-OMU001-A3/2023|EPI_ISL_19022858|2023-05-08,"[0.0, 0.0, 0.0, 0.0, 0.0, 0.0, 0.0, 0.0, 0.0, 0.0, 0.0, 0.0, 0.0, 0.0, 1.0, 0.0, 0.0, 0.0, 0.0, 0.0, 0.0, 0.0, 0.0, 0.0, 0.0, 0.0, 0.0, 0.0, 0.0, 0.0, 0.0]"
hMpxV/Japan/Osaka-OMU001-C5/2023|EPI_ISL_19022860|2023-05-08,"[0.0, 0.0, 0.0, 0.0, 0.0, 0.0, 0.0, 0.0, 0.0, 0.0, 0.0, 0.0, 0.0, 0.0, 1.0, 0.0, 0.0, 0.0, 0.0, 0.0, 0.0, 0.0, 0.0, 0.0, 0.0, 0.0, 0.0, 0.0, 0.0, 0.0, 0.0]"
hMpxV/Japan/TMIPH-0138/2023|EPI_ISL_17817240|2023-05-19,"[0.0, 0.0, 0.0, 0.0, 0.0, 0.0, 0.0, 0.0, 0.0, 0.0, 0.0, 0.0, 0.0, 0.0, 1.0, 0.0, 0.0, 0.0, 0.0, 0.0, 0.0, 0.0, 0.0, 0.0, 0.0, 0.0, 0.0, 0.0, 0.0, 0.0, 0.0]"
hMpxV/Japan/Osaka-OMU001-A4/2023|EPI_ISL_19022859|2023-05-08,"[0.0, 0.0, 0.0, 0.0, 0.0, 0.0, 0.0, 0.0, 0.0, 0.0, 0.0, 0.0, 0.0, 0.0, 1.0, 0.0, 0.0, 0.0, 0.0, 0.0, 0.0, 0.0, 0.0, 0.0, 0.0, 0.0, 0.0, 0.0, 0.0, 0.0, 0.0]"
hMpxV/Japan/TMIPH-0087/2023|EPI_ISL_18097375|2023-05-02,"[0.0, 0.0, 0.0, 0.0, 0.0, 0.0, 0.0, 0.0, 0.0, 0.0, 0.0, 0.0, 0.0, 0.0, 1.0, 0.0, 0.0, 0.0, 0.0, 0.0, 0.0, 0.0, 0.0, 0.0, 0.0, 0.0, 0.0, 0.0, 0.0, 0.0, 0.0]"
hMpxV/Japan/Osaka-OMU001-D3/2023|EPI_ISL_19022862|2023-05-08,"[0.0, 0.0, 0.0, 0.0, 0.0, 0.0, 0.0, 0.0, 0.0, 0.0, 0.0, 0.0, 0.0, 0.0, 1.0, 0.0, 0.0, 0.0, 0.0, 0.0, 0.0, 0.0, 0.0, 0.0, 0.0, 0.0, 0.0, 0.0, 0.0, 0.0, 0.0]"
NODE_0000006,"[1.1504310711822503e-05, 6.054958972692215e-06, 3.7850082225984933e-06, 6.273104464909151e-06, 5.392212238166255e-06, 6.118904244522677e-06, 6.0428404689313456e-06, 9.400987544931677e-06, 1.1268121535462727e-05, 6.158830343879495e-06, 0.00047947817280919884, 6.103844597089066e-06, 9.324962431602969e-06, 6.161471060678746e-06, 0.9976170194287799, 4.227039655787929e-06, 6.165951027025396e-06, 6.103844597088682e-06, 6.1038445970893685e-06, 5.779520344877469e-06, 3.300595105938108e-06, 1.2671050296589375e-05, 1.901987485603611e-05, 9.4073716703469e-06, 0.001330461104299225, 5.7753908004633544e-06, 0.0003254334988489715, 5.821068135280672e-06, 5.344606267435819e-05, 5.171157349481305e-06, 1.102546731501025e-05]"
hMpxV/Japan/TMIPH-0076/2023|EPI_ISL_17692269|2023-04-28,"[0.0, 0.0, 0.0, 0.0, 0.0, 0.0, 0.0, 0.0, 0.0, 0.0, 0.0, 0.0, 0.0, 0.0, 1.0, 0.0, 0.0, 0.0, 0.0, 0.0, 0.0, 0.0, 0.0, 0.0, 0.0, 0.0, 0.0, 0.0, 0.0, 0.0, 0.0]"
NODE_0000007,"[0.0007646453267961594, 0.00047001415039565436, 0.0003014675458495266, 0.00048625157038770976, 0.0004137157384691337, 0.0004756502613333905, 0.00046924249154468384, 0.0009179510089500484, 0.0011645658436771266, 0.000476833229893539, 0.20906760569719976, 0.0004744638204751361, 0.0008739536565604153, 0.00047245882125366857, 0.24620611017969876, 0.0003167372048043093, 0.00047026910560837637, 0.0004744638204751262, 0.00047446382047516394, 0.00044459274460381166, 0.00017568727445382485, 0.0007063059422033164, 0.0022559436530963854, 0.0009183239834735336, 0.5218762668517376, 0.0004467885904085189, 0.004667154023521532, 0.0004504031738152829, 0.0018542594039364783, 0.0002975656480511361, 0.0011358454168509055]"
NODE_0000104,"[5.9934416722563336e-05, 3.997204652749278e-05, 2.4366974100858874e-05, 4.1592782931688276e-05, 3.514771660869928e-05, 4.044821783364472e-05, 3.988315368539198e-05, 7.001695419183232e-05, 8.690032596876408e-05, 4.064519140956307e-05, 0.8915194682713236, 4.0330194715340716e-05, 6.69103292591787e-05, 4.048841799995986e-05, 0.09290459801801836, 2.685995465934082e-05, 4.0447894941200256e-05, 4.033019471532182e-05, 4.033019471539065e-05, 3.78652124537001e-05, 1.5040544253377021e-05, 6.414515659358734e-05, 0.00015825596921228695, 7.005593600687528e-05, 0.013342791027403201, 3.7927962982743485e-05, 0.0007438872280530577, 3.8271222957274245e-05, 0.00018430474169040383, 2.40585215684416e-05, 8.472522649731124e-05]"
hMpxV/China/HZCDC-0001/2023|EPI_ISL_17809521|2023-06-15,"[0.0, 0.0, 0.0, 0.0, 0.0, 0.0, 0.0, 0.0, 0.0, 0.0, 0.9999999999999999, 0.0, 0.0, 0.0, 0.0, 0.0, 0.0, 0.0, 0.0, 0.0, 0.0, 0.0, 0.0, 0.0, 0.0, 0.0, 0.0, 0.0, 0.0, 0.0, 0.0]"
NODE_0000105,"[1.9590030782386667e-05, 1.0277650570252035e-05, 6.082157190784099e-06, 1.0676700579073479e-05, 9.020115759918454e-06, 1.0389925854171504e-05, 1.0277604320388991e-05, 1.9258742111340893e-05, 2.4202300292416875e-05, 1.0468201385881352e-05, 0.0009671434048271831, 1.0386977776421944e-05, 1.876180202451538e-05, 1.042841842328538e-05, 0.992258269847805, 6.8399342313808435e-06, 1.03577406423211e-05, 1.0386977776421605e-05, 1.0386977776422617e-05, 9.679697621427321e-06, 4.860568515434601e-06, 2.0167035602243923e-05, 4.624945090468084e-05, 1.9273605266977577e-05, 0.005855228065098079, 9.77935678943879e-06, 0.00047440349856999055, 9.893533140101407e-06, 8.651365879223417e-05, 7.059284435446821e-06, 2.3686735134568677e-05]"
hMpxV/China/SZ-CDC/Strain180,"[0.0, 0.0, 0.0, 0.0, 0.0, 0.0, 0.0, 0.0, 0.0, 0.0, 0.0, 0.0, 0.0, 0.0, 0.0, 0.0, 0.0, 0.0, 0.0, 0.0, 0.0, 0.0, 0.0, 0.0, 1.0, 0.0, 0.0, 0.0, 0.0, 0.0, 0.0]"
hMpxV/Japan/TMIPH-0353/2024|EPI_ISL_19001887|2024-01-25,"[0.0, 0.0, 0.0, 0.0, 0.0, 0.0, 0.0, 0.0, 0.0, 0.0, 0.0, 0.0, 0.0, 0.0, 1.0, 0.0, 0.0, 0.0, 0.0, 0.0, 0.0, 0.0, 0.0, 0.0, 0.0, 0.0, 0.0, 0.0, 0.0, 0.0, 0.0]"
NODE_0000106,"[6.41770308254323e-09, 2.7091465063371573e-09, 1.3688863148347796e-09, 2.8070901329355387e-09, 2.362602088635908e-09, 2.738253896113025e-09, 2.7180522593667307e-09, 4.969272944386215e-09, 6.183845304643303e-09, 2.755010399409669e-09, 3.454048788283846e-07, 2.745068010941962e-09, 4.938503320920929e-09, 2.720163306631719e-09, 0.9999960999405466, 1.7493154235019467e-09, 2.6660050065544605e-09, 2.745068010940596e-09, 2.7450680109423477e-09, 2.510268371144321e-09, 1.8106568111315046e-09, 7.495997205266516e-09, 1.1135794919781006e-08, 4.973290710478392e-09, 2.5466949248072083e-06, 2.5845143740187015e-09, 8.485497756746998e-07, 2.6258657792379156e-09, 6.289526304232798e-08, 1.9600536387175096e-09, 6.07911524379216e-09]"
hMpxV/Japan/TMIPH-0255/2024|EPI_ISL_18352303|2023-09-11,"[0.0, 0.0, 0.0, 0.0, 0.0, 0.0, 0.0, 0.0, 0.0, 0.0, 0.0, 0.0, 0.0, 0.0, 1.0, 0.0, 0.0, 0.0, 0.0, 0.0, 0.0, 0.0, 0.0, 0.0, 0.0, 0.0, 0.0, 0.0, 0.0, 0.0, 0.0]"
hMpxV/Japan/TMIPH-0264/2023|EPI_ISL_18352306|2023-09-19,"[0.0, 0.0, 0.0, 0.0, 0.0, 0.0, 0.0, 0.0, 0.0, 0.0, 0.0, 0.0, 0.0, 0.0, 1.0, 0.0, 0.0, 0.0, 0.0, 0.0, 0.0, 0.0, 0.0, 0.0, 0.0, 0.0, 0.0, 0.0, 0.0, 0.0, 0.0]"
NODE_0000008,"[3.7036417605512226e-37, 5.88772981126746e-39, 2.6867320631399666e-37, 6.07774031126737e-39, 3.820871707372323e-39, 5.983969789598043e-39, 6.453327641038188e-39, 6.1660112343544245e-30, 9.215491724805856e-28, 3.631354403980697e-38, 2.6768082614303556e-35, 6.467849000803579e-39, 2.3698516775721656e-35, 3.805389300848234e-37, 3.0416906076496517e-33, 1.0177475477628013e-39, 7.372425694574549e-37, 6.467849000797045e-39, 6.467849000801443e-39, 1.3240731787756643e-38, 3.5387998632107397e-39, 5.2877782883148904e-39, 3.1786480420396105e-17, 9.122826246251757e-35, 1.0, 5.5626389770883456e-39, 1.0250124564861888e-36, 6.669278800076702e-39, 1.285276411131064e-36, 4.188572892107699e-40, 1.9396305485805702e-29]"
hMpxV/China/SZ-CDC/Strain008,"[0.0, 0.0, 0.0, 0.0, 0.0, 0.0, 0.0, 0.0, 0.0, 0.0, 0.0, 0.0, 0.0, 0.0, 0.0, 0.0, 0.0, 0.0, 0.0, 0.0, 0.0, 0.0, 0.0, 0.0, 1.0, 0.0, 0.0, 0.0, 0.0, 0.0, 0.0]"
hMpxV/China/SZ-CDC/Strain009,"[0.0, 0.0, 0.0, 0.0, 0.0, 0.0, 0.0, 0.0, 0.0, 0.0, 0.0, 0.0, 0.0, 0.0, 0.0, 0.0, 0.0, 0.0, 0.0, 0.0, 0.0, 0.0, 0.0, 0.0, 1.0, 0.0, 0.0, 0.0, 0.0, 0.0, 0.0]"
hMpxV/China/SZ-CDC/Strain038,"[0.0, 0.0, 0.0, 0.0, 0.0, 0.0, 0.0, 0.0, 0.0, 0.0, 0.0, 0.0, 0.0, 0.0, 0.0, 0.0, 0.0, 0.0, 0.0, 0.0, 0.0, 0.0, 0.0, 0.0, 1.0, 0.0, 0.0, 0.0, 0.0, 0.0, 0.0]"
hMpxV/China/SZ-CDC/Strain040,"[0.0, 0.0, 0.0, 0.0, 0.0, 0.0, 0.0, 0.0, 0.0, 0.0, 0.0, 0.0, 0.0, 0.0, 0.0, 0.0, 0.0, 0.0, 0.0, 0.0, 0.0, 0.0, 0.0, 0.0, 1.0, 0.0, 0.0, 0.0, 0.0, 0.0, 0.0]"
hMpxV/China/SZ-CDC/Strain045,"[0.0, 0.0, 0.0, 0.0, 0.0, 0.0, 0.0, 0.0, 0.0, 0.0, 0.0, 0.0, 0.0, 0.0, 0.0, 0.0, 0.0, 0.0, 0.0, 0.0, 0.0, 0.0, 0.0, 0.0, 1.0, 0.0, 0.0, 0.0, 0.0, 0.0, 0.0]"
hMpxV/China/SZ-CDC/Strain066,"[0.0, 0.0, 0.0, 0.0, 0.0, 0.0, 0.0, 0.0, 0.0, 0.0, 0.0, 0.0, 0.0, 0.0, 0.0, 0.0, 0.0, 0.0, 0.0, 0.0, 0.0, 0.0, 0.0, 0.0, 1.0, 0.0, 0.0, 0.0, 0.0, 0.0, 0.0]"
hMpxV/China/SZ-CDC/Strain079,"[0.0, 0.0, 0.0, 0.0, 0.0, 0.0, 0.0, 0.0, 0.0, 0.0, 0.0, 0.0, 0.0, 0.0, 0.0, 0.0, 0.0, 0.0, 0.0, 0.0, 0.0, 0.0, 0.0, 0.0, 1.0, 0.0, 0.0, 0.0, 0.0, 0.0, 0.0]"
hMpxV/China/SZ-CDC/Strain154,"[0.0, 0.0, 0.0, 0.0, 0.0, 0.0, 0.0, 0.0, 0.0, 0.0, 0.0, 0.0, 0.0, 0.0, 0.0, 0.0, 0.0, 0.0, 0.0, 0.0, 0.0, 0.0, 0.0, 0.0, 1.0, 0.0, 0.0, 0.0, 0.0, 0.0, 0.0]"
hMpxV/China/YN-CDC-0002/2023|EPI_ISL_18059183|2023-06-28,"[0.0, 0.0, 0.0, 0.0, 0.0, 0.0, 0.0, 0.0, 0.0, 0.0, 0.0, 0.0, 0.0, 0.0, 0.0, 0.0, 0.0, 0.0, 0.0, 0.0, 0.0, 0.0, 0.0, 0.0, 0.0, 0.0, 0.0, 0.0, 0.0, 0.0, 1.0]"
hMpxV/China/YN-CDC-0003/2023|EPI_ISL_18059184|2023-07-03,"[0.0, 0.0, 0.0, 0.0, 0.0, 0.0, 0.0, 0.0, 0.0, 0.0, 0.0, 0.0, 0.0, 0.0, 0.0, 0.0, 0.0, 0.0, 0.0, 0.0, 0.0, 0.0, 0.0, 0.0, 0.0, 0.0, 0.0, 0.0, 0.0, 0.0, 0.9999999999999999]"
hMpxV/Portugal/INSA-PT0791/2023|EPI_ISL_18702242|2023-11-08,"[0.0, 0.0, 0.0, 0.0, 0.0, 0.0, 0.0, 0.0, 0.0, 0.0, 0.0, 0.0, 0.0, 0.0, 0.0, 0.0, 0.0, 0.0, 0.0, 0.0, 0.0, 0.0, 1.0, 0.0, 0.0, 0.0, 0.0, 0.0, 0.0, 0.0, 0.0]"
hMpxV/Portugal/INSA-PT0778/2023|EPI_ISL_18702243|2023-10-27,"[0.0, 0.0, 0.0, 0.0, 0.0, 0.0, 0.0, 0.0, 0.0, 0.0, 0.0, 0.0, 0.0, 0.0, 0.0, 0.0, 0.0, 0.0, 0.0, 0.0, 0.0, 0.0, 0.9999999999999999, 0.0, 0.0, 0.0, 0.0, 0.0, 0.0, 0.0, 0.0]"
hMpxV/Portugal/INSA-PT0645/2023|EPI_ISL_18076380|2023-07-07,"[0.0, 0.0, 0.0, 0.0, 0.0, 0.0, 0.0, 0.0, 0.0, 0.0, 0.0, 0.0, 0.0, 0.0, 0.0, 0.0, 0.0, 0.0, 0.0, 0.0, 0.0, 0.0, 1.0, 0.0, 0.0, 0.0, 0.0, 0.0, 0.0, 0.0, 0.0]"
hMpxV/China/FS-GCDC_M108/2023|EPI_ISL_19058866|2023-06-22,"[0.0, 0.0, 0.0, 0.0, 0.0, 0.0, 0.0, 1.0, 0.0, 0.0, 0.0, 0.0, 0.0, 0.0, 0.0, 0.0, 0.0, 0.0, 0.0, 0.0, 0.0, 0.0, 0.0, 0.0, 0.0, 0.0, 0.0, 0.0, 0.0, 0.0, 0.0]"
hMpxV/China/GZ-GCDC_M008/2023|EPI_ISL_19058868|2023-06-08,"[0.0, 0.0, 0.0, 0.0, 0.0, 0.0, 0.0, 0.0, 1.0, 0.0, 0.0, 0.0, 0.0, 0.0, 0.0, 0.0, 0.0, 0.0, 0.0, 0.0, 0.0, 0.0, 0.0, 0.0, 0.0, 0.0, 0.0, 0.0, 0.0, 0.0, 0.0]"
hMpxV/China/FS-GCDC_M028/2023|EPI_ISL_19058872|2023-06-13,"[0.0, 0.0, 0.0, 0.0, 0.0, 0.0, 0.0, 0.9999999999999999, 0.0, 0.0, 0.0, 0.0, 0.0, 0.0, 0.0, 0.0, 0.0, 0.0, 0.0, 0.0, 0.0, 0.0, 0.0, 0.0, 0.0, 0.0, 0.0, 0.0, 0.0, 0.0, 0.0]"
hMpxV/China/GZ-GCDC_M050/2023|EPI_ISL_19058873|2023-06-16,"[0.0, 0.0, 0.0, 0.0, 0.0, 0.0, 0.0, 0.0, 1.0, 0.0, 0.0, 0.0, 0.0, 0.0, 0.0, 0.0, 0.0, 0.0, 0.0, 0.0, 0.0, 0.0, 0.0, 0.0, 0.0, 0.0, 0.0, 0.0, 0.0, 0.0, 0.0]"
hMpxV/Portugal/INSA-PT0686/2023|EPI_ISL_18553842|2023-07-13,"[0.0, 0.0, 0.0, 0.0, 0.0, 0.0, 0.0, 0.0, 0.0, 0.0, 0.0, 0.0, 0.0, 0.0, 0.0, 0.0, 0.0, 0.0, 0.0, 0.0, 0.0, 0.0, 1.0, 0.0, 0.0, 0.0, 0.0, 0.0, 0.0, 0.0, 0.0]"
hMpxV/Portugal/INSA-PT0671/2023|EPI_ISL_18228634|2023-08-02,"[0.0, 0.0, 0.0, 0.0, 0.0, 0.0, 0.0, 0.0, 0.0, 0.0, 0.0, 0.0, 0.0, 0.0, 0.0, 0.0, 0.0, 0.0, 0.0, 0.0, 0.0, 0.0, 1.0, 0.0, 0.0, 0.0, 0.0, 0.0, 0.0, 0.0, 0.0]"
hMpxV/China/SZ-CDC/Strain193,"[0.0, 0.0, 0.0, 0.0, 0.0, 0.0, 0.0, 0.0, 0.0, 0.0, 0.0, 0.0, 0.0, 0.0, 0.0, 0.0, 0.0, 0.0, 0.0, 0.0, 0.0, 0.0, 0.0, 0.0, 1.0, 0.0, 0.0, 0.0, 0.0, 0.0, 0.0]"
NODE_0000091,"[8.615743587694526e-06, 2.9688757402247074e-06, 3.6474259212984037e-06, 3.0533122882890463e-06, 2.6876113811138484e-06, 2.9969349931939746e-06, 2.964209837900114e-06, 1.3768277230188607e-05, 2.3733512610634283e-05, 3.0945686552871174e-06, 5.176694591091754e-06, 2.99068872817642e-06, 1.2836080670535868e-05, 3.257301526191796e-06, 1.3827127981263645e-05, 2.1662818397324215e-06, 3.379639345995143e-06, 2.9906887281764325e-06, 2.9906887281764494e-06, 2.912810410309333e-06, 9.918251297022007e-07, 3.145623730402992e-06, 0.000248004840727048, 1.3810036934154623e-05, 0.9995683941314203, 2.8504305202128467e-06, 6.6318743738271e-06, 2.8649237330007034e-06, 6.879230101019204e-06, 3.0412990845591888e-06, 2.3327309450477462e-05]"
hMpxV/China/SZ-CDC/Strain063,"[0.0, 0.0, 0.0, 0.0, 0.0, 0.0, 0.0, 0.0, 0.0, 0.0, 0.0, 0.0, 0.0, 0.0, 0.0, 0.0, 0.0, 0.0, 0.0, 0.0, 0.0, 0.0, 0.0, 0.0, 1.0, 0.0, 0.0, 0.0, 0.0, 0.0, 0.0]"
NODE_0000092,"[3.892161628584646e-05, 1.660485356119689e-05, 1.9749812341011868e-05, 1.7117522884438437e-05, 1.5099507121358145e-05, 1.6763359073818597e-05, 1.6542364170997816e-05, 5.617629097716939e-05, 8.83227937903659e-05, 1.739679313300366e-05, 2.5543199059834804e-05, 1.6697893923011283e-05, 5.266259905661566e-05, 1.8552748458570862e-05, 5.359071746341786e-05, 1.2349133523310008e-05, 1.9429542054155765e-05, 1.669789392301124e-05, 1.6697893923011575e-05, 1.6515178215850382e-05, 5.591513483021642e-06, 1.7864098601960896e-05, 0.0006060430955944172, 5.638553441970596e-05, 0.9985627109649381, 1.5906944901938763e-05, 3.206303313319187e-05, 1.5949161866966617e-05, 3.224239665210512e-05, 1.717441875119665e-05, 8.663712471733916e-05]"
hMpxV/China/SZ-CDC/Strain108,"[0.0, 0.0, 0.0, 0.0, 0.0, 0.0, 0.0, 0.0, 0.0, 0.0, 0.0, 0.0, 0.0, 0.0, 0.0, 0.0, 0.0, 0.0, 0.0, 0.0, 0.0, 0.0, 0.0, 0.0, 1.0, 0.0, 0.0, 0.0, 0.0, 0.0, 0.0]"
hMpxV/China/SZ-CDC/Strain183,"[0.0, 0.0, 0.0, 0.0, 0.0, 0.0, 0.0, 0.0, 0.0, 0.0, 0.0, 0.0, 0.0, 0.0, 0.0, 0.0, 0.0, 0.0, 0.0, 0.0, 0.0, 0.0, 0.0, 0.0, 1.0, 0.0, 0.0, 0.0, 0.0, 0.0, 0.0]"
NODE_0000009,"[1.4156210404668592e-10, 3.322987574583051e-11, 4.131412716560087e-11, 3.394193313554512e-11, 2.989342976325554e-11, 3.3536009230707676e-11, 3.3307702883192e-11, 2.6669305280572217e-10, 5.292431311775872e-10, 3.357891729968907e-11, 7.29891866319905e-11, 3.357084836574898e-11, 2.4740476143232517e-10, 3.3086545982757784e-11, 2.960697749859206e-10, 2.3557576110726394e-11, 3.2836747030713665e-11, 3.357084836574743e-11, 3.357084836575192e-11, 3.133294260176323e-11, 1.0704902873274456e-11, 3.3892904284790906e-11, 1.0428983235069353e-08, 2.6693757332276347e-10, 0.9999999864252059, 3.2055649650003203e-11, 9.483157638592558e-11, 3.237979112987662e-11, 1.0564270589549329e-10, 3.371997076380144e-11, 5.213552270308884e-10]"
hMpxV/China/SZ-CDC/Strain004,"[0.0, 0.0, 0.0, 0.0, 0.0, 0.0, 0.0, 0.0, 0.0, 0.0, 0.0, 0.0, 0.0, 0.0, 0.0, 0.0, 0.0, 0.0, 0.0, 0.0, 0.0, 0.0, 0.0, 0.0, 1.0, 0.0, 0.0, 0.0, 0.0, 0.0, 0.0]"
NODE_0000010,"[3.6783271125620453e-09, 9.373299279488992e-10, 1.1673132421607574e-09, 9.590260980159227e-10, 8.441570503063663e-10, 9.460273694969641e-10, 9.387454576551695e-10, 6.693531625774666e-09, 1.2887556564210638e-08, 9.553816803782899e-10, 1.95911384933846e-09, 9.463889435764584e-10, 6.214961817090659e-09, 9.585687838603939e-10, 7.267884665063172e-09, 6.682309821084165e-10, 9.631585481719273e-10, 9.463889435763978e-10, 9.463889435767165e-10, 8.925837940799761e-10, 3.050126233314144e-10, 9.647329049387132e-10, 2.1663913534483775e-07, 6.7028393603650195e-09, 0.9999997028331306, 9.03249846346523e-10, 2.54235963230373e-09, 9.113134474321562e-10, 2.7856132428050565e-09, 9.524912886593272e-10, 1.2689056285640439e-08]"
hMpxV/China/SZ-CDC/Strain001,"[0.0, 0.0, 0.0, 0.0, 0.0, 0.0, 0.0, 0.0, 0.0, 0.0, 0.0, 0.0, 0.0, 0.0, 0.0, 0.0, 0.0, 0.0, 0.0, 0.0, 0.0, 0.0, 0.0, 0.0, 1.0, 0.0, 0.0, 0.0, 0.0, 0.0, 0.0]"
hMpxV/China/SZ-CDC/Strain043,"[0.0, 0.0, 0.0, 0.0, 0.0, 0.0, 0.0, 0.0, 0.0, 0.0, 0.0, 0.0, 0.0, 0.0, 0.0, 0.0, 0.0, 0.0, 0.0, 0.0, 0.0, 0.0, 0.0, 0.0, 0.9999999999999999, 0.0, 0.0, 0.0, 0.0, 0.0, 0.0]"
NODE_0000102,"[1.979514551259372e-09, 2.2733350689181008e-09, 4.093021773555586e-08, 2.3407186616107175e-09, 2.018484929354095e-09, 2.2984374030655663e-09, 2.2763257719571185e-09, 3.5666425932652878e-09, 4.282489447436232e-09, 7.3148257116367904e-09, 2.6356940548643535e-09, 2.2970667191299016e-09, 3.2521655297243103e-09, 3.209465855132381e-08, 2.308599082501218e-09, 1.5259565837135951e-09, 5.5157985813484806e-08, 2.2970667191304103e-09, 2.2970667191305274e-09, 5.257397419144798e-09, 2.547393949908785e-09, 2.3510700376011386e-09, 0.9999894573083384, 3.5721452268657307e-09, 1.0336527035084415e-05, 2.167279182963073e-09, 2.47766897064887e-09, 2.2019250645347708e-09, 2.7206258511727186e-09, 5.522391253760261e-09, 4.19947796160451e-09]"
hMpxV/Portugal/INSA-PT0773/2023|EPI_ISL_18702208|2023-10-17,"[0.0, 0.0, 0.0, 0.0, 0.0, 0.0, 0.0, 0.0, 0.0, 0.0, 0.0, 0.0, 0.0, 0.0, 0.0, 0.0, 0.0, 0.0, 0.0, 0.0, 0.0, 0.0, 1.0, 0.0, 0.0, 0.0, 0.0, 0.0, 0.0, 0.0, 0.0]"
hMpxV/Portugal/INSA-PT0780/2023|EPI_ISL_18702234|2023-10-29,"[0.0, 0.0, 0.0, 0.0, 0.0, 0.0, 0.0, 0.0, 0.0, 0.0, 0.0, 0.0, 0.0, 0.0, 0.0, 0.0, 0.0, 0.0, 0.0, 0.0, 0.0, 0.0, 1.0, 0.0, 0.0, 0.0, 0.0, 0.0, 0.0, 0.0, 0.0]"
NODE_0000103,"[2.00185368232871e-14, 3.695378465623508e-14, 1.823472315334063e-12, 3.803240095748142e-14, 3.230415910538148e-14, 3.740857687143668e-14, 3.703966078048162e-14, 3.780399183312635e-14, 3.8817417928129234e-14, 1.8383023250536e-13, 3.675361834638012e-14, 3.740620189507227e-14, 3.411303711991821e-14, 1.358170432212832e-12, 2.0657301525122437e-14, 2.385825513372498e-14, 2.800891840080226e-12, 3.7406201895118624e-14, 3.740620189513664e-14, 1.1928919249115602e-13, 6.670307933843015e-14, 3.765039982245009e-14, 0.9999999998452769, 3.7809897689135235e-14, 1.4749061448559152e-10, 3.51587633294615e-14, 3.022447493782592e-14, 3.570852990808717e-14, 3.4269257640385175e-14, 1.2552618483033432e-13, 3.7993728213404e-14]"
hMpxV/Portugal/INSA-PT0757/2023|EPI_ISL_18702211|2023-10-04,"[0.0, 0.0, 0.0, 0.0, 0.0, 0.0, 0.0, 0.0, 0.0, 0.0, 0.0, 0.0, 0.0, 0.0, 0.0, 0.0, 0.0, 0.0, 0.0, 0.0, 0.0, 0.0, 0.9999999999999999, 0.0, 0.0, 0.0, 0.0, 0.0, 0.0, 0.0, 0.0]"
hMpxV/Portugal/INSA-PT0750/2023|EPI_ISL_18702235|2023-10-02,"[0.0, 0.0, 0.0, 0.0, 0.0, 0.0, 0.0, 0.0, 0.0, 0.0, 0.0, 0.0, 0.0, 0.0, 0.0, 0.0, 0.0, 0.0, 0.0, 0.0, 0.0, 0.0, 1.0, 0.0, 0.0, 0.0, 0.0, 0.0, 0.0, 0.0, 0.0]"
hMpxV/Portugal/INSA-PT0775/2023|EPI_ISL_18702253|2023-10-19,"[0.0, 0.0, 0.0, 0.0, 0.0, 0.0, 0.0, 0.0, 0.0, 0.0, 0.0, 0.0, 0.0, 0.0, 0.0, 0.0, 0.0, 0.0, 0.0, 0.0, 0.0, 0.0, 1.0, 0.0, 0.0, 0.0, 0.0, 0.0, 0.0, 0.0, 0.0]"
NODE_0000095,"[0.005692204407856081, 9.616835572857141e-05, 0.00014555036056585163, 9.901720128091424e-05, 8.728786442111418e-05, 9.698452063123815e-05, 9.60886959211706e-05, 0.0003238532999358537, 0.000513216949653379, 0.00010180447265583915, 0.00014721288280448422, 9.687378504045169e-05, 0.00029841350704716915, 0.00011035552679062667, 0.00036244442859729043, 6.988502105006306e-05, 0.00011632835209516517, 9.687378504045195e-05, 9.687378504045214e-05, 9.487810099652551e-05, 4.112503045963779e-05, 0.00010215375860995085, 0.003759883388299501, 0.0003252698401693413, 0.9858381772172209, 9.233648122656622e-05, 0.00018027097273497388, 9.291440148984662e-05, 0.0001833605611811505, 0.00013630226527839553, 0.0005058907801770868]"
hMpxV/China/SZ-CDC/Strain119,"[0.0, 0.0, 0.0, 0.0, 0.0, 0.0, 0.0, 0.0, 0.0, 0.0, 0.0, 0.0, 0.0, 0.0, 0.0, 0.0, 0.0, 0.0, 0.0, 0.0, 0.0, 0.0, 0.0, 0.0, 1.0, 0.0, 0.0, 0.0, 0.0, 0.0, 0.0]"
hMpxV/Australia/VIC-VIDRL-6948/2024|EPI_ISL_19459747|2024-05-06,"[1.0, 0.0, 0.0, 0.0, 0.0, 0.0, 0.0, 0.0, 0.0, 0.0, 0.0, 0.0, 0.0, 0.0, 0.0, 0.0, 0.0, 0.0, 0.0, 0.0, 0.0, 0.0, 0.0, 0.0, 0.0, 0.0, 0.0, 0.0, 0.0, 0.0, 0.0]"
NODE_0000096,"[3.8193278344272156e-05, 2.2994404922923876e-06, 3.092890705674623e-06, 2.3638439253730284e-06, 2.0814168048081766e-06, 2.320198853091859e-06, 2.2982357913678903e-06, 1.1042609150202985e-05, 1.9462215242004404e-05, 2.412828217998668e-06, 4.045005818254799e-06, 2.317629559667745e-06, 1.0222712913810386e-05, 2.5691971942498558e-06, 1.1648273184045763e-05, 1.6653396251838623e-06, 2.678497502007956e-06, 2.317629559667764e-06, 2.317629559667808e-06, 2.254587612742229e-06, 8.298774308287679e-07, 2.4268260824494015e-06, 0.0002390920181395491, 1.1081771392677505e-05, 0.9995821590516138, 2.2095065625699092e-06, 5.185728953479824e-06, 2.2239271650640414e-06, 5.3912639704722386e-06, 2.6218547820007762e-06, 1.9174713850748325e-05]"
hMpxV/China/SZ-CDC/Strain097,"[0.0, 0.0, 0.0, 0.0, 0.0, 0.0, 0.0, 0.0, 0.0, 0.0, 0.0, 0.0, 0.0, 0.0, 0.0, 0.0, 0.0, 0.0, 0.0, 0.0, 0.0, 0.0, 0.0, 0.0, 1.0, 0.0, 0.0, 0.0, 0.0, 0.0, 0.0]"
NODE_0000097,"[7.940233964903958e-09, 5.867425374952063e-10, 8.613481642449776e-10, 6.02368493860455e-10, 5.248721736401889e-10, 5.918515483427549e-10, 5.89445191169045e-10, 6.078966253998097e-09, 1.3837725577196422e-08, 6.226939675006266e-10, 1.384655122918071e-09, 5.939447256369303e-10, 5.508793661482283e-09, 6.714510919204331e-10, 6.835381993493514e-09, 4.035107061740061e-10, 6.98909779417784e-10, 5.939447256369605e-10, 5.939447256370694e-10, 5.66696840239061e-10, 2.0068494249873945e-10, 6.067479968264705e-10, 6.354895345385276e-07, 6.1081579095991836e-09, 0.9999992879872085, 5.656991672717746e-10, 1.9321321154091095e-09, 5.732848008272723e-10, 2.1070512869418717e-09, 5.985601765666579e-10, 1.3743457402013774e-08]"
hMpxV/China/SZ-CDC/Strain098,"[0.0, 0.0, 0.0, 0.0, 0.0, 0.0, 0.0, 0.0, 0.0, 0.0, 0.0, 0.0, 0.0, 0.0, 0.0, 0.0, 0.0, 0.0, 0.0, 0.0, 0.0, 0.0, 0.0, 0.0, 1.0, 0.0, 0.0, 0.0, 0.0, 0.0, 0.0]"
hMpxV/China/SZ-CDC/Strain106,"[0.0, 0.0, 0.0, 0.0, 0.0, 0.0, 0.0, 0.0, 0.0, 0.0, 0.0, 0.0, 0.0, 0.0, 0.0, 0.0, 0.0, 0.0, 0.0, 0.0, 0.0, 0.0, 0.0, 0.0, 1.0, 0.0, 0.0, 0.0, 0.0, 0.0, 0.0]"
NODE_0000098,"[8.255761283108345e-10, 1.9377474473964373e-10, 2.4358666371976715e-10, 1.9841718299634508e-10, 1.7454066277367036e-10, 1.9557086474437131e-10, 1.940352053347383e-10, 1.3740667010802857e-09, 2.696952291224828e-09, 1.985313705275791e-10, 4.00586587168348e-10, 1.9562729242569577e-10, 1.2722085485762576e-09, 2.0124554308123347e-10, 1.4889567831173093e-09, 1.3821828874673402e-10, 2.0342452348413389e-10, 1.9562729242562828e-10, 1.9562729242575432e-10, 1.8533440146254042e-10, 6.339834402315067e-11, 2.0015560793659266e-10, 6.994819028142038e-08, 1.3767797232531283e-09, 0.9999999133167652, 1.8665672716093782e-10, 5.224950476969531e-10, 1.8829038372030396e-10, 5.69142243792827e-10, 1.9693476553933248e-10, 2.659283388397355e-09]"
hMpxV/China/SZ-CDC/Strain092,"[0.0, 0.0, 0.0, 0.0, 0.0, 0.0, 0.0, 0.0, 0.0, 0.0, 0.0, 0.0, 0.0, 0.0, 0.0, 0.0, 0.0, 0.0, 0.0, 0.0, 0.0, 0.0, 0.0, 0.0, 0.9999999999999999, 0.0, 0.0, 0.0, 0.0, 0.0, 0.0]"
hMpxV/China/SZ-CDC/Strain101,"[0.0, 0.0, 0.0, 0.0, 0.0, 0.0, 0.0, 0.0, 0.0, 0.0, 0.0, 0.0, 0.0, 0.0, 0.0, 0.0, 0.0, 0.0, 0.0, 0.0, 0.0, 0.0, 0.0, 0.0, 1.0, 0.0, 0.0, 0.0, 0.0, 0.0, 0.0]"
NODE_0000055,"[1.1756703911113111e-22, 1.9871803959152464e-24, 3.617690692646776e-24, 2.0132666291009455e-24, 1.6227831458596556e-24, 2.0039557182542813e-24, 2.0621371968719367e-24, 1.165821486009327e-21, 9.254180087446549e-21, 2.101573782404228e-24, 2.2923197052061658e-23, 2.069031746469927e-24, 9.242881040708534e-22, 2.11023327417284e-24, 1.85044996907041e-21, 9.344626802221335e-25, 1.9949417721328587e-24, 2.0690317464714748e-24, 2.069031746471217e-24, 1.6253193672268135e-24, 4.960072177628388e-25, 1.741010484737536e-24, 1.3713644932793234e-16, 1.1732113747535723e-21, 0.9999999999999997, 1.9460564124334658e-24, 4.212243343986894e-23, 2.0621244584218842e-24, 6.654857047787811e-23, 9.208382389136458e-25, 1.0409544510033575e-16]"
hMpxV/China/SZ-CDC/Strain012,"[0.0, 0.0, 0.0, 0.0, 0.0, 0.0, 0.0, 0.0, 0.0, 0.0, 0.0, 0.0, 0.0, 0.0, 0.0, 0.0, 0.0, 0.0, 0.0, 0.0, 0.0, 0.0, 0.0, 0.0, 1.0, 0.0, 0.0, 0.0, 0.0, 0.0, 0.0]"
hMpxV/China/SZ-CDC/Strain034,"[0.0, 0.0, 0.0, 0.0, 0.0, 0.0, 0.0, 0.0, 0.0, 0.0, 0.0, 0.0, 0.0, 0.0, 0.0, 0.0, 0.0, 0.0, 0.0, 0.0, 0.0, 0.0, 0.0, 0.0, 1.0, 0.0, 0.0, 0.0, 0.0, 0.0, 0.0]"
hMpxV/China/SZ-CDC/Strain048,"[0.0, 0.0, 0.0, 0.0, 0.0, 0.0, 0.0, 0.0, 0.0, 0.0, 0.0, 0.0, 0.0, 0.0, 0.0, 0.0, 0.0, 0.0, 0.0, 0.0, 0.0, 0.0, 0.0, 0.0, 0.9999999999999999, 0.0, 0.0, 0.0, 0.0, 0.0, 0.0]"
hMpxV/China/SZ-CDC/Strain132,"[0.0, 0.0, 0.0, 0.0, 0.0, 0.0, 0.0, 0.0, 0.0, 0.0, 0.0, 0.0, 0.0, 0.0, 0.0, 0.0, 0.0, 0.0, 0.0, 0.0, 0.0, 0.0, 0.0, 0.0, 1.0, 0.0, 0.0, 0.0, 0.0, 0.0, 0.0]"
hMpxV/China/YN-CDC-0001/2023|EPI_ISL_18059182|2023-06-27,"[0.0, 0.0, 0.0, 0.0, 0.0, 0.0, 0.0, 0.0, 0.0, 0.0, 0.0, 0.0, 0.0, 0.0, 0.0, 0.0, 0.0, 0.0, 0.0, 0.0, 0.0, 0.0, 0.0, 0.0, 0.0, 0.0, 0.0, 0.0, 0.0, 0.0, 1.0]"
hMpxV/China/SZ-CDC/Strain039,"[0.0, 0.0, 0.0, 0.0, 0.0, 0.0, 0.0, 0.0, 0.0, 0.0, 0.0, 0.0, 0.0, 0.0, 0.0, 0.0, 0.0, 0.0, 0.0, 0.0, 0.0, 0.0, 0.0, 0.0, 1.0, 0.0, 0.0, 0.0, 0.0, 0.0, 0.0]"
hMpxV/China/SZ-CDC/Strain164,"[0.0, 0.0, 0.0, 0.0, 0.0, 0.0, 0.0, 0.0, 0.0, 0.0, 0.0, 0.0, 0.0, 0.0, 0.0, 0.0, 0.0, 0.0, 0.0, 0.0, 0.0, 0.0, 0.0, 0.0, 1.0, 0.0, 0.0, 0.0, 0.0, 0.0, 0.0]"
hMpxV/China/SZ-CDC/Strain053,"[0.0, 0.0, 0.0, 0.0, 0.0, 0.0, 0.0, 0.0, 0.0, 0.0, 0.0, 0.0, 0.0, 0.0, 0.0, 0.0, 0.0, 0.0, 0.0, 0.0, 0.0, 0.0, 0.0, 0.0, 0.9999999999999999, 0.0, 0.0, 0.0, 0.0, 0.0, 0.0]"
NODE_0000058,"[1.956152417978525e-08, 5.2749311806797696e-09, 6.589126519957202e-09, 5.403987088142153e-09, 4.754063110330726e-09, 5.3241122395728205e-09, 5.279842030143387e-09, 3.4821611523394235e-08, 6.58709975429034e-08, 5.413704882740309e-09, 1.0648626982569023e-08, 5.323755540894957e-09, 3.233829047918054e-08, 5.510131481340251e-09, 3.723582799743865e-08, 3.774558719114058e-09, 5.590151081758404e-09, 5.323755540892865e-09, 5.323755540894485e-09, 5.060916991112199e-09, 1.7299482978160493e-09, 5.466092755596518e-09, 1.0293986793821127e-06, 3.4883855728750275e-08, 0.9999985449033172, 5.079184884028263e-09, 1.3823173256140465e-08, 5.1203160884053055e-09, 1.4963295545232237e-08, 5.363364763472904e-09, 6.484510119763886e-08]"
hMpxV/China/SZ-CDC/Strain044,"[0.0, 0.0, 0.0, 0.0, 0.0, 0.0, 0.0, 0.0, 0.0, 0.0, 0.0, 0.0, 0.0, 0.0, 0.0, 0.0, 0.0, 0.0, 0.0, 0.0, 0.0, 0.0, 0.0, 0.0, 1.0, 0.0, 0.0, 0.0, 0.0, 0.0, 0.0]"
hMpxV/China/SZ-CDC/Strain082,"[0.0, 0.0, 0.0, 0.0, 0.0, 0.0, 0.0, 0.0, 0.0, 0.0, 0.0, 0.0, 0.0, 0.0, 0.0, 0.0, 0.0, 0.0, 0.0, 0.0, 0.0, 0.0, 0.0, 0.0, 1.0, 0.0, 0.0, 0.0, 0.0, 0.0, 0.0]"
NODE_0000061,"[9.881464809302419e-09, 2.577743196627002e-09, 3.2170670117989235e-09, 2.638940234370257e-09, 2.3221130511230343e-09, 2.6017177612609673e-09, 2.581015916479755e-09, 1.7823361378530745e-08, 3.407668570311698e-08, 2.636022458950625e-09, 5.31020755311257e-09, 2.602230576762071e-09, 1.6549463261687166e-08, 2.662942158136492e-09, 1.9229788221315005e-08, 1.8403526812666177e-09, 2.688189646864958e-09, 2.602230576761028e-09, 2.6022305767618395e-09, 2.4630702985757893e-09, 8.419583004650091e-10, 2.66110755000863e-09, 5.560253021076372e-07, 1.7851197291488666e-08, 0.9999992281473993, 2.4831896931918766e-09, 6.894514993112194e-09, 2.5044470544498994e-09, 7.514509021554967e-09, 2.619770254414344e-09, 3.3549767457038836e-08]"
hMpxV/China/SZ-CDC/Strain137,"[0.0, 0.0, 0.0, 0.0, 0.0, 0.0, 0.0, 0.0, 0.0, 0.0, 0.0, 0.0, 0.0, 0.0, 0.0, 0.0, 0.0, 0.0, 0.0, 0.0, 0.0, 0.0, 0.0, 0.0, 1.0, 0.0, 0.0, 0.0, 0.0, 0.0, 0.0]"
hMpxV/China/SZ-CDC/Strain184,"[0.0, 0.0, 0.0, 0.0, 0.0, 0.0, 0.0, 0.0, 0.0, 0.0, 0.0, 0.0, 0.0, 0.0, 0.0, 0.0, 0.0, 0.0, 0.0, 0.0, 0.0, 0.0, 0.0, 0.0, 1.0, 0.0, 0.0, 0.0, 0.0, 0.0, 0.0]"
NODE_0000063,"[2.307793332142279e-23, 3.484340005583888e-25, 1.1402372833268049e-23, 3.4542177121879126e-25, 3.264730795198113e-25, 3.4884519230286352e-25, 3.609403506969357e-25, 1.6271999713058123e-22, 1.2468406687777588e-21, 7.132921769810533e-25, 3.602209316045153e-24, 3.5660960924222046e-25, 1.291474327437659e-22, 1.8470895778744476e-24, 2.7101579680077276e-22, 2.6042923879976906e-25, 3.103027634748589e-24, 3.566096092420845e-25, 3.5660960924220797e-25, 4.746021604860418e-25, 6.904615732573983e-25, 2.968699610454316e-25, 1.605514727272532e-13, 1.6414308664759988e-22, 0.9999999999998394, 3.8961366178893926e-25, 6.411567204804519e-24, 4.148804691638231e-25, 9.977628870433109e-24, 4.678411754256693e-24, 1.3000585061927664e-21]"
hMpxV/China/SZ-CDC/Strain018,"[0.0, 0.0, 0.0, 0.0, 0.0, 0.0, 0.0, 0.0, 0.0, 0.0, 0.0, 0.0, 0.0, 0.0, 0.0, 0.0, 0.0, 0.0, 0.0, 0.0, 0.0, 0.0, 0.0, 0.0, 1.0, 0.0, 0.0, 0.0, 0.0, 0.0, 0.0]"
hMpxV/China/SZ-CDC/Strain027,"[0.0, 0.0, 0.0, 0.0, 0.0, 0.0, 0.0, 0.0, 0.0, 0.0, 0.0, 0.0, 0.0, 0.0, 0.0, 0.0, 0.0, 0.0, 0.0, 0.0, 0.0, 0.0, 0.0, 0.0, 1.0, 0.0, 0.0, 0.0, 0.0, 0.0, 0.0]"
hMpxV/China/SZ-CDC/Strain051,"[0.0, 0.0, 0.0, 0.0, 0.0, 0.0, 0.0, 0.0, 0.0, 0.0, 0.0, 0.0, 0.0, 0.0, 0.0, 0.0, 0.0, 0.0, 0.0, 0.0, 0.0, 0.0, 0.0, 0.0, 1.0, 0.0, 0.0, 0.0, 0.0, 0.0, 0.0]"
hMpxV/China/SZ-CDC/Strain133,"[0.0, 0.0, 0.0, 0.0, 0.0, 0.0, 0.0, 0.0, 0.0, 0.0, 0.0, 0.0, 0.0, 0.0, 0.0, 0.0, 0.0, 0.0, 0.0, 0.0, 0.0, 0.0, 0.0, 0.0, 1.0, 0.0, 0.0, 0.0, 0.0, 0.0, 0.0]"
hMpxV/China/SZ-CDC/Strain138,"[0.0, 0.0, 0.0, 0.0, 0.0, 0.0, 0.0, 0.0, 0.0, 0.0, 0.0, 0.0, 0.0, 0.0, 0.0, 0.0, 0.0, 0.0, 0.0, 0.0, 0.0, 0.0, 0.0, 0.0, 1.0, 0.0, 0.0, 0.0, 0.0, 0.0, 0.0]"
hMpxV/China/SZ-CDC/Strain148,"[0.0, 0.0, 0.0, 0.0, 0.0, 0.0, 0.0, 0.0, 0.0, 0.0, 0.0, 0.0, 0.0, 0.0, 0.0, 0.0, 0.0, 0.0, 0.0, 0.0, 0.0, 0.0, 0.0, 0.0, 1.0, 0.0, 0.0, 0.0, 0.0, 0.0, 0.0]"
hMpxV/China/SZ-CDC/Strain169,"[0.0, 0.0, 0.0, 0.0, 0.0, 0.0, 0.0, 0.0, 0.0, 0.0, 0.0, 0.0, 0.0, 0.0, 0.0, 0.0, 0.0, 0.0, 0.0, 0.0, 0.0, 0.0, 0.0, 0.0, 1.0, 0.0, 0.0, 0.0, 0.0, 0.0, 0.0]"
hMpxV/China/SZ-CDC/Strain179,"[0.0, 0.0, 0.0, 0.0, 0.0, 0.0, 0.0, 0.0, 0.0, 0.0, 0.0, 0.0, 0.0, 0.0, 0.0, 0.0, 0.0, 0.0, 0.0, 0.0, 0.0, 0.0, 0.0, 0.0, 1.0, 0.0, 0.0, 0.0, 0.0, 0.0, 0.0]"
hMpxV/China/SZ-CDC/Strain127,"[0.0, 0.0, 0.0, 0.0, 0.0, 0.0, 0.0, 0.0, 0.0, 0.0, 0.0, 0.0, 0.0, 0.0, 0.0, 0.0, 0.0, 0.0, 0.0, 0.0, 0.0, 0.0, 0.0, 0.0, 1.0, 0.0, 0.0, 0.0, 0.0, 0.0, 0.0]"
NODE_0000089,"[5.560358095618834e-10, 6.011479094248802e-10, 1.0510186388216244e-08, 6.184333787950719e-10, 5.345131811635345e-10, 6.076879561753353e-10, 6.021740314557305e-10, 1.0171501948483e-09, 1.2474271834486487e-09, 1.8956768867475376e-09, 7.184582617955402e-10, 6.074935594143672e-10, 9.283122824768863e-10, 8.142408064922957e-09, 6.709283236382746e-10, 4.035474167559102e-10, 1.3862622552481834e-08, 6.074935594149205e-10, 6.074935594151415e-10, 1.366267144966615e-09, 6.584819705496637e-10, 6.194521861745471e-10, 0.9999954163620175, 1.0184695876873514e-09, 4.529980641218776e-06, 5.734307154716782e-10, 6.79628030738635e-10, 5.833449405039927e-10, 7.513570243360813e-10, 1.4442004816038367e-09, 1.2235185172101782e-09]"
hMpxV/Portugal/INSA-PT0756/2023|EPI_ISL_18702225|2023-10-06,"[0.0, 0.0, 0.0, 0.0, 0.0, 0.0, 0.0, 0.0, 0.0, 0.0, 0.0, 0.0, 0.0, 0.0, 0.0, 0.0, 0.0, 0.0, 0.0, 0.0, 0.0, 0.0, 1.0, 0.0, 0.0, 0.0, 0.0, 0.0, 0.0, 0.0, 0.0]"
hMpxV/Portugal/INSA-PT0785/2023|EPI_ISL_18702257|2023-10-31,"[0.0, 0.0, 0.0, 0.0, 0.0, 0.0, 0.0, 0.0, 0.0, 0.0, 0.0, 0.0, 0.0, 0.0, 0.0, 0.0, 0.0, 0.0, 0.0, 0.0, 0.0, 0.0, 1.0, 0.0, 0.0, 0.0, 0.0, 0.0, 0.0, 0.0, 0.0]"
hMpxV/Portugal/INSA-PT0733/2023|EPI_ISL_18553811|2023-09-19,"[0.0, 0.0, 0.0, 0.0, 0.0, 0.0, 0.0, 0.0, 0.0, 0.0, 0.0, 0.0, 0.0, 0.0, 0.0, 0.0, 0.0, 0.0, 0.0, 0.0, 0.0, 0.0, 1.0, 0.0, 0.0, 0.0, 0.0, 0.0, 0.0, 0.0, 0.0]"
NODE_0000064,"[0.008071899420524907, 0.002564045696938674, 0.00843357164511701, 0.0025934187368895066, 0.0027211520557181472, 0.002573855429990062, 0.0025481934383726167, 0.005149417076613717, 0.006831919695634813, 0.002649188686367596, 0.00322173797897827, 0.0025456720474979133, 0.004851912388765985, 0.0028595347098962125, 0.00606279524885305, 0.00440342872611047, 0.005298932046503952, 0.0025456720474978886, 0.0025456720474978907, 0.002532902123647036, 0.007453768781177269, 0.0026795076705851285, 0.03908386629126539, 0.005166215340028562, 0.5814647091429149, 0.0034065253934992693, 0.0036363245760514433, 0.003355466259225089, 0.0036553382526913663, 0.26234958987235435, 0.006743767172791308]"
NODE_0000069,"[8.378576273144422e-07, 1.271795932895078e-07, 1.5650340918980438e-06, 1.2801166912507745e-07, 1.531146116458986e-07, 1.2763496276192052e-07, 1.2790409457968214e-07, 2.1713612321377837e-07, 2.6493634019181654e-07, 1.3029225299939978e-07, 1.539438052216825e-07, 1.277617068193402e-07, 2.03179872250193e-07, 1.3461449343412125e-07, 3.790032096938671e-07, 6.063714246206837e-07, 5.474147790811622e-07, 1.2776170681913064e-07, 1.2776170681901116e-07, 1.2248893744413176e-07, 5.391636696920953e-06, 1.266302013919537e-07, 2.3766855229933374e-06, 2.176140128651741e-07, 9.484533252169993e-06, 2.7424242219667184e-07, 1.5102451823159756e-07, 2.6547075096844445e-07, 1.6348027950500383e-07, 0.999975074182211, 2.6509712252053663e-07]"
hMpxV/USA/WA-UW-11099/2024|EPI_ISL_19109197|2024-02-01,"[0.0, 0.0, 0.0, 0.0, 0.0, 0.0, 0.0, 0.0, 0.0, 0.0, 0.0, 0.0, 0.0, 0.0, 0.0, 0.0, 0.0, 0.0, 0.0, 0.0, 0.0, 0.0, 0.0, 0.0, 0.0, 0.0, 0.0, 0.0, 0.0, 1.0, 0.0]"
hMpxV/USA/CA-UW-301960/2024|EPI_ISL_19053766|2024-02-14,"[0.0, 0.0, 0.0, 0.0, 0.0, 0.0, 0.0, 0.0, 0.0, 0.0, 0.0, 0.0, 0.0, 0.0, 0.0, 0.0, 0.0, 0.0, 0.0, 0.0, 0.0, 0.0, 0.0, 0.0, 0.0, 0.0, 0.0, 0.0, 0.0, 1.0, 0.0]"
NODE_0000066,"[1.541987665680345e-11, 1.6783934417205795e-12, 4.429614036081737e-12, 1.6764863584769578e-12, 1.6686361514899872e-12, 1.6847554057480386e-12, 1.683583665641661e-12, 2.555784108218813e-11, 6.29441692018211e-11, 1.6950662823276853e-12, 4.681801021749305e-12, 1.6745993008562145e-12, 2.3143817069252986e-11, 1.7366023780218617e-12, 3.4178084284979784e-11, 1.7831917107162238e-12, 2.2146343850251927e-12, 1.674599300855752e-12, 1.6745993008564439e-12, 1.5397046704305403e-12, 1.868395717988313e-12, 1.6297829369624419e-12, 4.907960355410132e-09, 2.5621477559630715e-11, 0.9999999947701408, 1.86923493089118e-12, 6.4457690420310985e-12, 1.8883463413648027e-12, 7.525703696244518e-12, 1.949271161550524e-11, 6.281725350789195e-11]"
hMpxV/China/SZ-CDC/Strain088,"[0.0, 0.0, 0.0, 0.0, 0.0, 0.0, 0.0, 0.0, 0.0, 0.0, 0.0, 0.0, 0.0, 0.0, 0.0, 0.0, 0.0, 0.0, 0.0, 0.0, 0.0, 0.0, 0.0, 0.0, 1.0, 0.0, 0.0, 0.0, 0.0, 0.0, 0.0]"
hMpxV/China/SZ-CDC/Strain089,"[0.0, 0.0, 0.0, 0.0, 0.0, 0.0, 0.0, 0.0, 0.0, 0.0, 0.0, 0.0, 0.0, 0.0, 0.0, 0.0, 0.0, 0.0, 0.0, 0.0, 0.0, 0.0, 0.0, 0.0, 1.0, 0.0, 0.0, 0.0, 0.0, 0.0, 0.0]"
hMpxV/China/SZ-CDC/Strain090,"[0.0, 0.0, 0.0, 0.0, 0.0, 0.0, 0.0, 0.0, 0.0, 0.0, 0.0, 0.0, 0.0, 0.0, 0.0, 0.0, 0.0, 0.0, 0.0, 0.0, 0.0, 0.0, 0.0, 0.0, 1.0, 0.0, 0.0, 0.0, 0.0, 0.0, 0.0]"
NODE_0000067,"[8.508724251145113e-15, 7.853719358583186e-16, 1.2958240798840225e-15, 8.020673274738085e-16, 6.907385780380741e-16, 7.916906134441258e-16, 7.956024772050807e-16, 2.6189844555861143e-14, 8.47903334295997e-14, 8.278125846713989e-16, 2.945909801020354e-15, 8.003690155213297e-16, 2.3106652136162115e-14, 8.679682976021882e-16, 3.3764685539694753e-14, 4.998159806160305e-16, 8.775481532894608e-16, 8.003690155210226e-16, 8.003690155214584e-16, 7.267151381997524e-16, 2.5273442802277774e-16, 7.764743444080546e-16, 1.908163996421953e-11, 2.6317552116329352e-14, 0.999999999980603, 7.623280217018791e-16, 4.5542158047239894e-15, 7.810348628117116e-16, 5.454674955805504e-15, 7.248464348286345e-16, 8.503248633779086e-14]"
hMpxV/China/SZ-CDC/Strain099,"[0.0, 0.0, 0.0, 0.0, 0.0, 0.0, 0.0, 0.0, 0.0, 0.0, 0.0, 0.0, 0.0, 0.0, 0.0, 0.0, 0.0, 0.0, 0.0, 0.0, 0.0, 0.0, 0.0, 0.0, 1.0, 0.0, 0.0, 0.0, 0.0, 0.0, 0.0]"
hMpxV/China/SZ-CDC/Strain100,"[0.0, 0.0, 0.0, 0.0, 0.0, 0.0, 0.0, 0.0, 0.0, 0.0, 0.0, 0.0, 0.0, 0.0, 0.0, 0.0, 0.0, 0.0, 0.0, 0.0, 0.0, 0.0, 0.0, 0.0, 1.0, 0.0, 0.0, 0.0, 0.0, 0.0, 0.0]"
hMpxV/China/SZ-CDC/Strain102,"[0.0, 0.0, 0.0, 0.0, 0.0, 0.0, 0.0, 0.0, 0.0, 0.0, 0.0, 0.0, 0.0, 0.0, 0.0, 0.0, 0.0, 0.0, 0.0, 0.0, 0.0, 0.0, 0.0, 0.0, 1.0, 0.0, 0.0, 0.0, 0.0, 0.0, 0.0]"
hMpxV/China/SZ-CDC/Strain109,"[0.0, 0.0, 0.0, 0.0, 0.0, 0.0, 0.0, 0.0, 0.0, 0.0, 0.0, 0.0, 0.0, 0.0, 0.0, 0.0, 0.0, 0.0, 0.0, 0.0, 0.0, 0.0, 0.0, 0.0, 1.0, 0.0, 0.0, 0.0, 0.0, 0.0, 0.0]"
hMpxV/China/SZ-CDC/Strain115,"[0.0, 0.0, 0.0, 0.0, 0.0, 0.0, 0.0, 0.0, 0.0, 0.0, 0.0, 0.0, 0.0, 0.0, 0.0, 0.0, 0.0, 0.0, 0.0, 0.0, 0.0, 0.0, 0.0, 0.0, 0.9999999999999999, 0.0, 0.0, 0.0, 0.0, 0.0, 0.0]"
NODE_0000071,"[8.221556677642039e-06, 4.874607042701138e-06, 0.0009581404675140608, 4.9786024071853825e-06, 7.112086608596871e-06, 4.915960077481881e-06, 5.082284667373549e-06, 9.08587000325341e-06, 1.1376912825771266e-05, 8.163168646012465e-06, 6.065583860125639e-06, 4.897275349104207e-06, 8.444741429121361e-06, 1.6194948879317457e-05, 6.910678168056148e-06, 4.5979842101928406e-06, 2.6999292985621434e-05, 4.897275349104827e-06, 4.897275349105023e-06, 6.874031411041013e-06, 7.561010687972499e-06, 5.017869735985719e-06, 0.9886428170954042, 9.091970265565952e-06, 0.01017447309210109, 4.671815810558733e-06, 6.104800944170409e-06, 4.713595158928655e-06, 6.583129359817156e-06, 1.5074745030246675e-05, 1.1160272040668385e-05]"
NODE_0000088,"[6.882925970961468e-10, 7.301833979450654e-10, 1.8132465197968516e-07, 7.506586912102497e-10, 9.159556895192842e-10, 7.38707883151675e-10, 7.601472017150266e-10, 1.3215865913899512e-09, 1.6377749046146495e-09, 1.8048648529195104e-09, 9.001310756920688e-10, 7.415923883908589e-10, 2.0709033707085934e-09, 1.561238938926225e-08, 7.194095431706606e-10, 5.323710881075449e-10, 8.1845640351915e-06, 7.415923883915493e-10, 7.415923883918356e-10, 1.311841920933013e-09, 1.2495675019095223e-09, 7.368326571521899e-10, 0.9999863273438634, 1.32263229282202e-09, 5.262310848818606e-06, 6.927804842400465e-10, 7.462305531704193e-10, 1.249928577188307e-09, 9.119465772831001e-10, 3.2167130556898507e-09, 1.6099735406955324e-09]"
hMpxV/Netherlands/un-EMC-NL090/2023|EPI_ISL_18659846|2023-11-07,"[0.0, 0.0, 0.0, 0.0, 0.0, 0.0, 0.0, 0.0, 0.0, 0.0, 0.0, 0.0, 0.0, 0.0, 0.0, 0.0, 0.9999999999999999, 0.0, 0.0, 0.0, 0.0, 0.0, 0.0, 0.0, 0.0, 0.0, 0.0, 0.0, 0.0, 0.0, 0.0]"
hMpxV/Netherlands/un-EMC-NL089/2023|EPI_ISL_18659829|2023-10-15,"[0.0, 0.0, 0.0, 0.0, 0.0, 0.0, 0.0, 0.0, 0.0, 0.0, 0.0, 0.0, 0.0, 0.0, 0.0, 0.0, 1.0, 0.0, 0.0, 0.0, 0.0, 0.0, 0.0, 0.0, 0.0, 0.0, 0.0, 0.0, 0.0, 0.0, 0.0]"
hMpxV/Portugal/INSA-PT0713/2023|EPI_ISL_18553850|2023-08-21,"[0.0, 0.0, 0.0, 0.0, 0.0, 0.0, 0.0, 0.0, 0.0, 0.0, 0.0, 0.0, 0.0, 0.0, 0.0, 0.0, 0.0, 0.0, 0.0, 0.0, 0.0, 0.0, 1.0, 0.0, 0.0, 0.0, 0.0, 0.0, 0.0, 0.0, 0.0]"
hMpxV/Portugal/INSA-PT0666/2023|EPI_ISL_18228630|2023-08-01,"[0.0, 0.0, 0.0, 0.0, 0.0, 0.0, 0.0, 0.0, 0.0, 0.0, 0.0, 0.0, 0.0, 0.0, 0.0, 0.0, 0.0, 0.0, 0.0, 0.0, 0.0, 0.0, 1.0, 0.0, 0.0, 0.0, 0.0, 0.0, 0.0, 0.0, 0.0]"
NODE_0000072,"[2.0528986264143196e-06, 1.213056337018349e-06, 0.08705647610811264, 1.2107271013186757e-06, 3.994377964129633e-06, 1.2151292928895832e-06, 1.3523027440520681e-06, 1.313388561154489e-06, 1.388075690538464e-06, 2.4642414927089088e-06, 1.2155651341774684e-06, 1.1992096085722066e-06, 1.2051808149195002e-06, 6.370835791778446e-06, 8.331403515628649e-07, 1.879282863301883e-06, 9.13331226327751e-06, 1.1992096085723495e-06, 1.1992096085723863e-06, 1.966359001846784e-06, 1.2789790231294862e-05, 1.1877706635406913e-06, 0.912733274643226, 1.3136838301760406e-06, 0.0001288446798525967, 1.162065953127721e-06, 1.028723928420557e-06, 1.1802349496003136e-06, 1.157247600533463e-06, 1.781019662039806e-05, 1.3693521748197404e-06]"
hMpxV/Brazil/RS-CEVS-378/2023|EPI_ISL_18971017|2023-11-08,"[0.0, 0.0, 1.0, 0.0, 0.0, 0.0, 0.0, 0.0, 0.0, 0.0, 0.0, 0.0, 0.0, 0.0, 0.0, 0.0, 0.0, 0.0, 0.0, 0.0, 0.0, 0.0, 0.0, 0.0, 0.0, 0.0, 0.0, 0.0, 0.0, 0.0, 0.0]"
hMpxV/Brazil/RJ-FIOCRUZ-10491/2024|EPI_ISL_19416152|2024-04-18,"[0.0, 0.0, 1.0, 0.0, 0.0, 0.0, 0.0, 0.0, 0.0, 0.0, 0.0, 0.0, 0.0, 0.0, 0.0, 0.0, 0.0, 0.0, 0.0, 0.0, 0.0, 0.0, 0.0, 0.0, 0.0, 0.0, 0.0, 0.0, 0.0, 0.0, 0.0]"
hMpxV/Portugal/INSA-PT0734/2023|EPI_ISL_18553812|2023-09-19,"[0.0, 0.0, 0.0, 0.0, 0.0, 0.0, 0.0, 0.0, 0.0, 0.0, 0.0, 0.0, 0.0, 0.0, 0.0, 0.0, 0.0, 0.0, 0.0, 0.0, 0.0, 0.0, 1.0, 0.0, 0.0, 0.0, 0.0, 0.0, 0.0, 0.0, 0.0]"
NODE_0000073,"[9.717030599501001e-25, 3.777910112841905e-26, 1.0, 3.637102485135093e-26, 1.2147323546258193e-23, 3.745052138111331e-26, 6.949681806260055e-26, 4.040479000524365e-26, 3.9886505064389003e-26, 4.3857701724643666e-26, 3.9744141914046056e-26, 3.8010238644090603e-26, 3.4156137432602743e-26, 5.444887752210758e-26, 1.6810792176019604e-26, 7.170519831834136e-25, 5.394055687161579e-26, 3.801023864434861e-26, 3.801023864432565e-26, 3.5387587533032295e-26, 3.3186875053625857e-21, 2.9951041187006597e-26, 5.285369722252177e-21, 4.043131175728425e-26, 4.150162709264477e-25, 3.777168589817212e-26, 2.18972283939409e-26, 4.001266872559792e-26, 3.274797214252862e-26, 2.3254836327540148e-22, 4.145429510332801e-26]"
hMpxV/Brazil/SP-IAL-357640019/2024|EPI_ISL_19359696|2024-04-03,"[0.0, 0.0, 1.0, 0.0, 0.0, 0.0, 0.0, 0.0, 0.0, 0.0, 0.0, 0.0, 0.0, 0.0, 0.0, 0.0, 0.0, 0.0, 0.0, 0.0, 0.0, 0.0, 0.0, 0.0, 0.0, 0.0, 0.0, 0.0, 0.0, 0.0, 0.0]"
hMpxV/Brazil/RJ-FIOCRUZ-09216/2024|EPI_ISL_19416146|2024-03-31,"[0.0, 0.0, 1.0, 0.0, 0.0, 0.0, 0.0, 0.0, 0.0, 0.0, 0.0, 0.0, 0.0, 0.0, 0.0, 0.0, 0.0, 0.0, 0.0, 0.0, 0.0, 0.0, 0.0, 0.0, 0.0, 0.0, 0.0, 0.0, 0.0, 0.0, 0.0]"
hMpxV/Brazil/RJ-FIOCRUZ-09217/2024|EPI_ISL_19416147|2024-03-29,"[0.0, 0.0, 1.0, 0.0, 0.0, 0.0, 0.0, 0.0, 0.0, 0.0, 0.0, 0.0, 0.0, 0.0, 0.0, 0.0, 0.0, 0.0, 0.0, 0.0, 0.0, 0.0, 0.0, 0.0, 0.0, 0.0, 0.0, 0.0, 0.0, 0.0, 0.0]"
hMpxV/Brazil/RJ-FIOCRUZ-10495/2024|EPI_ISL_19416154|2024-05-02,"[0.0, 0.0, 1.0, 0.0, 0.0, 0.0, 0.0, 0.0, 0.0, 0.0, 0.0, 0.0, 0.0, 0.0, 0.0, 0.0, 0.0, 0.0, 0.0, 0.0, 0.0, 0.0, 0.0, 0.0, 0.0, 0.0, 0.0, 0.0, 0.0, 0.0, 0.0]"
hMpxV/Brazil/RJ-FIOCRUZ-10490/2024|EPI_ISL_19416151|2024-04-10,"[0.0, 0.0, 1.0, 0.0, 0.0, 0.0, 0.0, 0.0, 0.0, 0.0, 0.0, 0.0, 0.0, 0.0, 0.0, 0.0, 0.0, 0.0, 0.0, 0.0, 0.0, 0.0, 0.0, 0.0, 0.0, 0.0, 0.0, 0.0, 0.0, 0.0, 0.0]"
hMpxV/Brazil/RJ-FIOCRUZ-10505/2024|EPI_ISL_19416158|2024-05-16,"[0.0, 0.0, 1.0, 0.0, 0.0, 0.0, 0.0, 0.0, 0.0, 0.0, 0.0, 0.0, 0.0, 0.0, 0.0, 0.0, 0.0, 0.0, 0.0, 0.0, 0.0, 0.0, 0.0, 0.0, 0.0, 0.0, 0.0, 0.0, 0.0, 0.0, 0.0]"
hMpxV/Brazil/RJ-FIOCRUZ-09215/2024|EPI_ISL_19416145|2024-03-29,"[0.0, 0.0, 1.0, 0.0, 0.0, 0.0, 0.0, 0.0, 0.0, 0.0, 0.0, 0.0, 0.0, 0.0, 0.0, 0.0, 0.0, 0.0, 0.0, 0.0, 0.0, 0.0, 0.0, 0.0, 0.0, 0.0, 0.0, 0.0, 0.0, 0.0, 0.0]"
NODE_0000074,"[2.6917945538183195e-24, 4.359285633730318e-26, 1.0, 3.95937536509766e-26, 6.499087535016877e-23, 4.2379199611201543e-26, 8.910659500887071e-26, 4.3983396571921757e-26, 4.2470033013529947e-26, 4.249126316317555e-26, 4.4160390839816196e-26, 4.2021891278071436e-26, 3.595507032858933e-26, 4.4379922723742016e-26, 1.7322316274033187e-26, 2.1269236042645665e-24, 4.2529704494353834e-26, 4.202189127819124e-26, 4.202189127817485e-26, 3.4948533107715676e-26, 8.284948245433626e-20, 3.104128348469528e-26, 8.153609946658924e-21, 4.4004143482930696e-26, 3.283683864529416e-25, 4.341663980812252e-26, 2.148951336447658e-26, 4.591463109420101e-26, 3.480309273830423e-26, 3.2645999723866466e-21, 4.47553101398741e-26]"
hMpxV/Brazil/RJ-UG_UFRJ_0568/2024|EPI_ISL_19434513|2024-08-15,"[0.0, 0.0, 1.0, 0.0, 0.0, 0.0, 0.0, 0.0, 0.0, 0.0, 0.0, 0.0, 0.0, 0.0, 0.0, 0.0, 0.0, 0.0, 0.0, 0.0, 0.0, 0.0, 0.0, 0.0, 0.0, 0.0, 0.0, 0.0, 0.0, 0.0, 0.0]"
hMpxV/Brazil/SP-IAL-357886830/2024|EPI_ISL_19372757|2024-08-06,"[0.0, 0.0, 1.0, 0.0, 0.0, 0.0, 0.0, 0.0, 0.0, 0.0, 0.0, 0.0, 0.0, 0.0, 0.0, 0.0, 0.0, 0.0, 0.0, 0.0, 0.0, 0.0, 0.0, 0.0, 0.0, 0.0, 0.0, 0.0, 0.0, 0.0, 0.0]"
hMpxV/Brazil/SP-IAL-357903632/2024|EPI_ISL_19372770|2024-08-19,"[0.0, 0.0, 1.0, 0.0, 0.0, 0.0, 0.0, 0.0, 0.0, 0.0, 0.0, 0.0, 0.0, 0.0, 0.0, 0.0, 0.0, 0.0, 0.0, 0.0, 0.0, 0.0, 0.0, 0.0, 0.0, 0.0, 0.0, 0.0, 0.0, 0.0, 0.0]"
hMpxV/Brazil/RJ-FIOCRUZ-10527/2024|EPI_ISL_19416172|2024-08-16,"[0.0, 0.0, 1.0, 0.0, 0.0, 0.0, 0.0, 0.0, 0.0, 0.0, 0.0, 0.0, 0.0, 0.0, 0.0, 0.0, 0.0, 0.0, 0.0, 0.0, 0.0, 0.0, 0.0, 0.0, 0.0, 0.0, 0.0, 0.0, 0.0, 0.0, 0.0]"
hMpxV/Brazil/PR-FIOCRUZ-10548/2024|EPI_ISL_19416185|2024-07-19,"[0.0, 0.0, 0.9999999999999999, 0.0, 0.0, 0.0, 0.0, 0.0, 0.0, 0.0, 0.0, 0.0, 0.0, 0.0, 0.0, 0.0, 0.0, 0.0, 0.0, 0.0, 0.0, 0.0, 0.0, 0.0, 0.0, 0.0, 0.0, 0.0, 0.0, 0.0, 0.0]"
hMpxV/Brazil/PR-FIOCRUZ-10549/2024|EPI_ISL_19416186|2024-07-20,"[0.0, 0.0, 1.0, 0.0, 0.0, 0.0, 0.0, 0.0, 0.0, 0.0, 0.0, 0.0, 0.0, 0.0, 0.0, 0.0, 0.0, 0.0, 0.0, 0.0, 0.0, 0.0, 0.0, 0.0, 0.0, 0.0, 0.0, 0.0, 0.0, 0.0, 0.0]"
hMpxV/Brazil/SP-IAL-357981172/2024|EPI_ISL_19524888|2024-10-04,"[0.0, 0.0, 0.9999999999999999, 0.0, 0.0, 0.0, 0.0, 0.0, 0.0, 0.0, 0.0, 0.0, 0.0, 0.0, 0.0, 0.0, 0.0, 0.0, 0.0, 0.0, 0.0, 0.0, 0.0, 0.0, 0.0, 0.0, 0.0, 0.0, 0.0, 0.0, 0.0]"
hMpxV/Brazil/SP-IAL-357914556/2024|EPI_ISL_19446289|2024-08-26,"[0.0, 0.0, 1.0, 0.0, 0.0, 0.0, 0.0, 0.0, 0.0, 0.0, 0.0, 0.0, 0.0, 0.0, 0.0, 0.0, 0.0, 0.0, 0.0, 0.0, 0.0, 0.0, 0.0, 0.0, 0.0, 0.0, 0.0, 0.0, 0.0, 0.0, 0.0]"
NODE_0000077,"[1.2951026772969304e-07, 4.2612924003925754e-08, 0.9999959400348226, 4.294665356770232e-08, 2.7277708693204827e-07, 4.279332363745529e-08, 5.159740544902945e-08, 4.2397084365293394e-08, 4.277138318788156e-08, 4.282506280218825e-08, 4.201529094705376e-08, 4.260287859246482e-08, 3.959392668752797e-08, 4.29069042764655e-08, 2.8645176398756674e-08, 9.912237687165003e-08, 4.2754718048172204e-08, 4.260287859247847e-08, 4.260287859247573e-08, 4.054930388003612e-08, 8.480934255195633e-07, 4.2375868632609143e-08, 8.907182445199111e-07, 4.239945930282279e-08, 6.598736056433045e-08, 4.1244290382908564e-08, 3.666770642834896e-08, 4.158325461766331e-08, 3.997143255675275e-08, 7.95017335338085e-07, 4.2279274724647684e-08]"
hMpxV/Brazil/RJ-UG_UFRJ_0572/2024|EPI_ISL_19434500|2024-08-27,"[0.0, 0.0, 1.0, 0.0, 0.0, 0.0, 0.0, 0.0, 0.0, 0.0, 0.0, 0.0, 0.0, 0.0, 0.0, 0.0, 0.0, 0.0, 0.0, 0.0, 0.0, 0.0, 0.0, 0.0, 0.0, 0.0, 0.0, 0.0, 0.0, 0.0, 0.0]"
hMpxV/Brazil/SP-IAL-357899716/2024|EPI_ISL_19372765|2024-08-15,"[0.0, 0.0, 1.0, 0.0, 0.0, 0.0, 0.0, 0.0, 0.0, 0.0, 0.0, 0.0, 0.0, 0.0, 0.0, 0.0, 0.0, 0.0, 0.0, 0.0, 0.0, 0.0, 0.0, 0.0, 0.0, 0.0, 0.0, 0.0, 0.0, 0.0, 0.0]"
NODE_0000078,"[3.247079187586569e-08, 1.1080730635644832e-08, 0.9999990220602468, 1.1168654325029499e-08, 6.6320315259902e-08, 1.1130132454967672e-08, 1.3306714821309663e-08, 1.101430769154136e-08, 1.1121315972300215e-08, 1.11390827734572e-08, 1.0908454503350575e-08, 1.1069227238015849e-08, 1.030451487492471e-08, 1.1184866711083005e-08, 7.508952367717206e-09, 2.4933837452110305e-08, 1.1180431616658427e-08, 1.1069227238024097e-08, 1.1069227238023039e-08, 1.0569511282574366e-08, 1.911858104090898e-07, 1.105484604160961e-08, 2.0559311107313244e-07, 1.1014820636102113e-08, 1.6908442200676905e-08, 1.0720796846263855e-08, 9.596752712371161e-09, 1.0800989063787537e-08, 1.0404535037456442e-08, 1.9112574449748155e-07, 1.0983608357004608e-08]"
hMpxV/Brazil/SP-IAL-357981364/2024|EPI_ISL_19524870|2024-10-07,"[0.0, 0.0, 1.0, 0.0, 0.0, 0.0, 0.0, 0.0, 0.0, 0.0, 0.0, 0.0, 0.0, 0.0, 0.0, 0.0, 0.0, 0.0, 0.0, 0.0, 0.0, 0.0, 0.0, 0.0, 0.0, 0.0, 0.0, 0.0, 0.0, 0.0, 0.0]"
hMpxV/Brazil/SP-IAL-357985080/2024|EPI_ISL_19524871|2024-10-09,"[0.0, 0.0, 1.0, 0.0, 0.0, 0.0, 0.0, 0.0, 0.0, 0.0, 0.0, 0.0, 0.0, 0.0, 0.0, 0.0, 0.0, 0.0, 0.0, 0.0, 0.0, 0.0, 0.0, 0.0, 0.0, 0.0, 0.0, 0.0, 0.0, 0.0, 0.0]"
NODE_0000075,"[9.172718543593563e-10, 2.0660955564698591e-10, 0.9999999497099286, 2.0678161238213918e-10, 2.6101857081084685e-09, 2.070904751330056e-10, 2.6925034845508876e-10, 2.070209040608974e-10, 2.0750222500007452e-10, 2.0698438340218545e-10, 2.0575637674929432e-10, 2.0693787163292924e-10, 1.9006129796181042e-10, 2.0554643849011336e-10, 1.2919666012149708e-10, 6.923388223213544e-10, 2.0130570132971612e-10, 2.069378716329871e-10, 2.069378716329737e-10, 1.921434912077295e-10, 1.7216311179154585e-08, 1.9798937812538884e-10, 1.363381361008324e-08, 2.0704858564445394e-10, 3.7886327432435105e-10, 2.0115259721139044e-10, 1.664433927098087e-10, 2.041847593084982e-10, 1.9103640256571867e-10, 1.0210512573027342e-08, 2.068563176752259e-10]"
hMpxV/Brazil/RJ-UG_UFRJ_0552/2024|EPI_ISL_19434496|2024-08-15,"[0.0, 0.0, 0.9999999999999999, 0.0, 0.0, 0.0, 0.0, 0.0, 0.0, 0.0, 0.0, 0.0, 0.0, 0.0, 0.0, 0.0, 0.0, 0.0, 0.0, 0.0, 0.0, 0.0, 0.0, 0.0, 0.0, 0.0, 0.0, 0.0, 0.0, 0.0, 0.0]"
hMpxV/Brazil/RJ-UG_UFRJ_0553/2024|EPI_ISL_19434497|2024-08-19,"[0.0, 0.0, 1.0, 0.0, 0.0, 0.0, 0.0, 0.0, 0.0, 0.0, 0.0, 0.0, 0.0, 0.0, 0.0, 0.0, 0.0, 0.0, 0.0, 0.0, 0.0, 0.0, 0.0, 0.0, 0.0, 0.0, 0.0, 0.0, 0.0, 0.0, 0.0]"
hMpxV/Brazil/RJ-UG_UFRJ_0551/2024|EPI_ISL_19434495|2024-08-09,"[0.0, 0.0, 0.9999999999999999, 0.0, 0.0, 0.0, 0.0, 0.0, 0.0, 0.0, 0.0, 0.0, 0.0, 0.0, 0.0, 0.0, 0.0, 0.0, 0.0, 0.0, 0.0, 0.0, 0.0, 0.0, 0.0, 0.0, 0.0, 0.0, 0.0, 0.0, 0.0]"
NODE_0000076,"[1.2532217726283055e-13, 2.7240064068329163e-14, 0.9999999999927681, 2.7346966392167257e-14, 3.647706198017453e-13, 2.7341968453877782e-14, 3.589370527601107e-14, 2.7408136373412634e-14, 2.7443889534848648e-14, 2.7294527575330936e-14, 2.7263437937453278e-14, 2.7394348305317118e-14, 2.5120896554352864e-14, 2.6849484840216607e-14, 1.6864888782801163e-14, 9.34738491008608e-14, 2.606188607345565e-14, 2.7394348305486673e-14, 2.739434830546479e-14, 2.5258766969875966e-14, 2.56685987885225e-12, 2.609575627990361e-14, 1.9940145182547457e-12, 2.7412427732979793e-14, 4.9764299503101384e-14, 2.6583366099199548e-14, 2.1876844274828244e-14, 2.701369361140521e-14, 2.5249115682421413e-14, 1.4262584076576654e-12, 2.7386043652108803e-14]"
hMpxV/Brazil/SP-IAL-357798278/2024|EPI_ISL_19359678|2024-06-04,"[0.0, 0.0, 1.0, 0.0, 0.0, 0.0, 0.0, 0.0, 0.0, 0.0, 0.0, 0.0, 0.0, 0.0, 0.0, 0.0, 0.0, 0.0, 0.0, 0.0, 0.0, 0.0, 0.0, 0.0, 0.0, 0.0, 0.0, 0.0, 0.0, 0.0, 0.0]"
hMpxV/Brazil/SP-IAL-357802143/2024|EPI_ISL_19359679|2024-06-06,"[0.0, 0.0, 1.0, 0.0, 0.0, 0.0, 0.0, 0.0, 0.0, 0.0, 0.0, 0.0, 0.0, 0.0, 0.0, 0.0, 0.0, 0.0, 0.0, 0.0, 0.0, 0.0, 0.0, 0.0, 0.0, 0.0, 0.0, 0.0, 0.0, 0.0, 0.0]"
hMpxV/Brazil/SP-IAL-357896065/2024|EPI_ISL_19359682|2024-08-13,"[0.0, 0.0, 1.0, 0.0, 0.0, 0.0, 0.0, 0.0, 0.0, 0.0, 0.0, 0.0, 0.0, 0.0, 0.0, 0.0, 0.0, 0.0, 0.0, 0.0, 0.0, 0.0, 0.0, 0.0, 0.0, 0.0, 0.0, 0.0, 0.0, 0.0, 0.0]"
NODE_0000079,"[1.7583799204304335e-19, 6.864032792391221e-21, 0.9999999999999994, 6.432626146760253e-21, 2.0827474983531107e-18, 6.7379059586723515e-21, 1.2056809731114025e-20, 6.901935681815864e-21, 6.748768793735892e-21, 6.7511548542745516e-21, 6.905356337629648e-21, 6.6940855036688646e-21, 5.865282422577953e-21, 6.95122840103996e-21, 3.176586051097391e-21, 1.3726407234927875e-19, 6.724050155667444e-21, 6.6940855036845075e-21, 6.694085503681322e-21, 5.784078535246399e-21, 4.587458737067577e-16, 5.3923461360969364e-21, 9.043829635952401e-17, 6.904376969082585e-21, 3.2443024683042896e-20, 6.780360569606432e-21, 3.983206490315538e-21, 7.071961524322932e-21, 5.748807860437468e-21, 4.4855033740906243e-17, 6.980746800564402e-21]"
hMpxV/Brazil/SP-IAL-357904928/2024|EPI_ISL_19372767|2024-08-19,"[0.0, 0.0, 0.9999999999999999, 0.0, 0.0, 0.0, 0.0, 0.0, 0.0, 0.0, 0.0, 0.0, 0.0, 0.0, 0.0, 0.0, 0.0, 0.0, 0.0, 0.0, 0.0, 0.0, 0.0, 0.0, 0.0, 0.0, 0.0, 0.0, 0.0, 0.0, 0.0]"
hMpxV/Brazil/SP-IAL-357911339/2024|EPI_ISL_19372775|2024-08-23,"[0.0, 0.0, 1.0, 0.0, 0.0, 0.0, 0.0, 0.0, 0.0, 0.0, 0.0, 0.0, 0.0, 0.0, 0.0, 0.0, 0.0, 0.0, 0.0, 0.0, 0.0, 0.0, 0.0, 0.0, 0.0, 0.0, 0.0, 0.0, 0.0, 0.0, 0.0]"
hMpxV/Brazil/SP-IAL-357979688/2024|EPI_ISL_19524878|2024-10-06,"[0.0, 0.0, 0.9999999999999999, 0.0, 0.0, 0.0, 0.0, 0.0, 0.0, 0.0, 0.0, 0.0, 0.0, 0.0, 0.0, 0.0, 0.0, 0.0, 0.0, 0.0, 0.0, 0.0, 0.0, 0.0, 0.0, 0.0, 0.0, 0.0, 0.0, 0.0, 0.0]"
hMpxV/Brazil/BA-LACEN-293860175/2024|EPI_ISL_19361755|2024-08-07,"[0.0, 0.0, 1.0, 0.0, 0.0, 0.0, 0.0, 0.0, 0.0, 0.0, 0.0, 0.0, 0.0, 0.0, 0.0, 0.0, 0.0, 0.0, 0.0, 0.0, 0.0, 0.0, 0.0, 0.0, 0.0, 0.0, 0.0, 0.0, 0.0, 0.0, 0.0]"
NODE_0000084,"[4.6378229362583625e-09, 1.4887871117474537e-09, 0.9999998511589523, 1.50262716854664e-09, 9.937966828861619e-09, 1.4960132198242414e-09, 1.8154085101735024e-09, 1.4844667185241754e-09, 1.496560652577711e-09, 1.4962357457390608e-09, 1.4718835365944446e-09, 1.4915756147343383e-09, 1.3846839002820802e-09, 1.491659705237057e-09, 9.943078153137977e-10, 3.5269777620415662e-09, 1.4790809397158997e-09, 1.4915756147388712e-09, 1.4915756147385042e-09, 1.4139907317686897e-09, 3.237488075946613e-08, 1.4792871526303284e-09, 3.35277931955335e-08, 1.484569116711729e-09, 2.308555105324626e-09, 1.4426870230498706e-09, 1.2774218666887472e-09, 1.4555294674541469e-09, 1.3978300571771616e-09, 2.9018965678573985e-08, 1.4803281212577334e-09]"
hMpxV/Brazil/SP-IAL-357899878/2024|EPI_ISL_19372763|2024-08-15,"[0.0, 0.0, 0.9999999999999999, 0.0, 0.0, 0.0, 0.0, 0.0, 0.0, 0.0, 0.0, 0.0, 0.0, 0.0, 0.0, 0.0, 0.0, 0.0, 0.0, 0.0, 0.0, 0.0, 0.0, 0.0, 0.0, 0.0, 0.0, 0.0, 0.0, 0.0, 0.0]"
hMpxV/Brazil/SP-IAL-357911479/2024|EPI_ISL_19372776|2024-08-24,"[0.0, 0.0, 0.9999999999999999, 0.0, 0.0, 0.0, 0.0, 0.0, 0.0, 0.0, 0.0, 0.0, 0.0, 0.0, 0.0, 0.0, 0.0, 0.0, 0.0, 0.0, 0.0, 0.0, 0.0, 0.0, 0.0, 0.0, 0.0, 0.0, 0.0, 0.0, 0.0]"
NODE_0000087,"[4.851444485630546e-09, 1.5819840746603977e-09, 0.9999998468537501, 1.5959245026391017e-09, 1.0271902461834356e-08, 1.5894056285692852e-09, 1.9212302119518215e-09, 1.5759348519890803e-09, 1.5894277072519527e-09, 1.589980462617829e-09, 1.5620906533463322e-09, 1.5835452711602645e-09, 1.471125348364692e-09, 1.5885153214699846e-09, 1.0606169123512961e-09, 3.700055588236182e-09, 1.5787662747825075e-09, 1.5835452711651298e-09, 1.5835452711647354e-09, 1.5042096266932575e-09, 3.2442711029620966e-08, 1.573345887244913e-09, 3.3916679312358155e-08, 1.5760334956015275e-09, 2.4447601278816236e-09, 1.5322713170012844e-09, 1.3604808935697762e-09, 1.545326767468076e-09, 1.4851548045841444e-09, 2.991468620420721e-08, 1.571550081238508e-09]"
hMpxV/Brazil/SP-IAL-357921858/2024|EPI_ISL_19446293|2024-09-01,"[0.0, 0.0, 1.0, 0.0, 0.0, 0.0, 0.0, 0.0, 0.0, 0.0, 0.0, 0.0, 0.0, 0.0, 0.0, 0.0, 0.0, 0.0, 0.0, 0.0, 0.0, 0.0, 0.0, 0.0, 0.0, 0.0, 0.0, 0.0, 0.0, 0.0, 0.0]"
hMpxV/Brazil/SP-IAL-357933783/2024|EPI_ISL_19446300|2024-09-08,"[0.0, 0.0, 0.9999999999999999, 0.0, 0.0, 0.0, 0.0, 0.0, 0.0, 0.0, 0.0, 0.0, 0.0, 0.0, 0.0, 0.0, 0.0, 0.0, 0.0, 0.0, 0.0, 0.0, 0.0, 0.0, 0.0, 0.0, 0.0, 0.0, 0.0, 0.0, 0.0]"
NODE_0000082,"[5.516251929006421e-12, 1.2704958662315985e-12, 0.9999999997084562, 1.270851524473093e-12, 1.5428274152642874e-11, 1.2732612996969717e-12, 1.6463226529824354e-12, 1.271542464474258e-12, 1.275245977464878e-12, 1.2729249754111807e-12, 1.2632157143833884e-12, 1.2710855192810526e-12, 1.168654855981174e-12, 1.2675345361365278e-12, 7.987830475553064e-13, 4.179330762635159e-12, 1.2451470538540262e-12, 1.2710855192872215e-12, 1.2710855192865246e-12, 1.1834225056163904e-12, 9.736301068319783e-11, 1.21923642231226e-12, 7.814588469804643e-11, 1.2717015106767596e-12, 2.3166417781114265e-12, 1.2362354004351361e-12, 1.0269862154291767e-12, 1.2542157880354196e-12, 1.1747145029655628e-12, 6.012017353921269e-11, 1.2705511057293467e-12]"
hMpxV/Brazil/SP-IAL-357821026/2024|EPI_ISL_19359691|2024-06-18,"[0.0, 0.0, 1.0, 0.0, 0.0, 0.0, 0.0, 0.0, 0.0, 0.0, 0.0, 0.0, 0.0, 0.0, 0.0, 0.0, 0.0, 0.0, 0.0, 0.0, 0.0, 0.0, 0.0, 0.0, 0.0, 0.0, 0.0, 0.0, 0.0, 0.0, 0.0]"
hMpxV/Brazil/SP-IAL-357909129/2024|EPI_ISL_19372769|2024-08-19,"[0.0, 0.0, 1.0, 0.0, 0.0, 0.0, 0.0, 0.0, 0.0, 0.0, 0.0, 0.0, 0.0, 0.0, 0.0, 0.0, 0.0, 0.0, 0.0, 0.0, 0.0, 0.0, 0.0, 0.0, 0.0, 0.0, 0.0, 0.0, 0.0, 0.0, 0.0]"
NODE_0000083,"[1.04794510994278e-08, 3.4078036993451514e-09, 0.9999996676764177, 3.4363631747400433e-09, 2.2261356830114934e-08, 3.4229775768737603e-09, 4.1395754053044624e-09, 3.3935405005881614e-09, 3.422421964981538e-09, 3.4247347069571753e-09, 3.3638008468859195e-09, 3.4099056604271457e-09, 3.1673793998978296e-09, 3.424320335828249e-09, 2.2839359125615307e-09, 7.999371566488786e-09, 3.405111037231637e-09, 3.4099056604372662e-09, 3.4099056604364726e-09, 3.239917411454245e-09, 7.079826945940067e-08, 3.387069248548185e-09, 7.384836269412513e-08, 3.3937494193603827e-09, 5.284882567614305e-09, 3.299917186447116e-09, 2.9279330983735983e-09, 3.3280523342709975e-09, 3.197498068827558e-09, 6.49719719653278e-08, 3.3840977488860773e-09]"
hMpxV/Brazil/SP-IAL-357899889/2024|EPI_ISL_19372764|2024-08-15,"[0.0, 0.0, 0.9999999999999999, 0.0, 0.0, 0.0, 0.0, 0.0, 0.0, 0.0, 0.0, 0.0, 0.0, 0.0, 0.0, 0.0, 0.0, 0.0, 0.0, 0.0, 0.0, 0.0, 0.0, 0.0, 0.0, 0.0, 0.0, 0.0, 0.0, 0.0, 0.0]"
hMpxV/Brazil/SP-IAL-357929674/2024|EPI_ISL_19446297|2024-09-04,"[0.0, 0.0, 1.0, 0.0, 0.0, 0.0, 0.0, 0.0, 0.0, 0.0, 0.0, 0.0, 0.0, 0.0, 0.0, 0.0, 0.0, 0.0, 0.0, 0.0, 0.0, 0.0, 0.0, 0.0, 0.0, 0.0, 0.0, 0.0, 0.0, 0.0, 0.0]"
NODE_0000085,"[1.1643458981778456e-17, 8.760563948291997e-19, 0.999999999999993, 8.580663562533437e-19, 7.912316006999362e-17, 8.730061849104761e-19, 1.4091769256892015e-18, 8.950004566864247e-19, 8.8076400029958e-19, 8.695747393853494e-19, 8.966619288956873e-19, 8.807578357587719e-19, 7.822153917866125e-19, 8.443845216856102e-19, 4.451983284936495e-19, 8.478913949010219e-18, 7.890234766905089e-19, 8.807578357599165e-19, 8.807578357596786e-19, 7.626654394388336e-19, 4.594162471534818e-15, 7.53402531029246e-19, 1.5988327890398325e-15, 8.953160728940584e-19, 2.635645242638062e-18, 8.673544443437744e-19, 5.828821956343305e-19, 8.976952357825217e-19, 7.760786873590154e-19, 7.421410209403059e-16, 8.996546282488558e-19]"
hMpxV/Brazil/SP-IAL-357980969/2024|EPI_ISL_19524874|2024-09-30,"[0.0, 0.0, 1.0, 0.0, 0.0, 0.0, 0.0, 0.0, 0.0, 0.0, 0.0, 0.0, 0.0, 0.0, 0.0, 0.0, 0.0, 0.0, 0.0, 0.0, 0.0, 0.0, 0.0, 0.0, 0.0, 0.0, 0.0, 0.0, 0.0, 0.0, 0.0]"
hMpxV/Brazil/SP-IAL-357928627/2024|EPI_ISL_19446296|2024-09-04,"[0.0, 0.0, 0.9999999999999999, 0.0, 0.0, 0.0, 0.0, 0.0, 0.0, 0.0, 0.0, 0.0, 0.0, 0.0, 0.0, 0.0, 0.0, 0.0, 0.0, 0.0, 0.0, 0.0, 0.0, 0.0, 0.0, 0.0, 0.0, 0.0, 0.0, 0.0, 0.0]"
hMpxV/Brazil/SP-IAL-357934564/2024|EPI_ISL_19446301|2024-09-09,"[0.0, 0.0, 1.0, 0.0, 0.0, 0.0, 0.0, 0.0, 0.0, 0.0, 0.0, 0.0, 0.0, 0.0, 0.0, 0.0, 0.0, 0.0, 0.0, 0.0, 0.0, 0.0, 0.0, 0.0, 0.0, 0.0, 0.0, 0.0, 0.0, 0.0, 0.0]"
hMpxV/Brazil/SP-IAL-357941922/2024|EPI_ISL_19446305|2024-09-11,"[0.0, 0.0, 1.0, 0.0, 0.0, 0.0, 0.0, 0.0, 0.0, 0.0, 0.0, 0.0, 0.0, 0.0, 0.0, 0.0, 0.0, 0.0, 0.0, 0.0, 0.0, 0.0, 0.0, 0.0, 0.0, 0.0, 0.0, 0.0, 0.0, 0.0, 0.0]"
hMpxV/Brazil/SP-IAL-357944650/2024|EPI_ISL_19446308|2024-09-15,"[0.0, 0.0, 1.0, 0.0, 0.0, 0.0, 0.0, 0.0, 0.0, 0.0, 0.0, 0.0, 0.0, 0.0, 0.0, 0.0, 0.0, 0.0, 0.0, 0.0, 0.0, 0.0, 0.0, 0.0, 0.0, 0.0, 0.0, 0.0, 0.0, 0.0, 0.0]"
NODE_0000086,"[2.8344369507338153e-08, 8.921890619254854e-09, 0.9999990714804551, 9.012322706948071e-09, 6.162046815557337e-08, 8.968042441468113e-09, 1.0937153871291276e-08, 8.908375471706524e-09, 8.976206810564081e-09, 8.966242071152723e-09, 8.836474790591313e-09, 8.950635219115894e-09, 8.301676976082175e-09, 8.910192478085028e-09, 5.929073285196391e-09, 2.146420523187881e-08, 8.805835518514094e-09, 8.950635219119623e-09, 8.950635219119012e-09, 8.461276257024979e-09, 2.0852900604559374e-07, 8.856521399397049e-09, 2.134823317525706e-07, 8.909070261078239e-09, 1.3875457732530663e-08, 8.651970420948275e-09, 7.63519835915791e-09, 8.733363238834228e-09, 8.380155626344465e-09, 1.80367308927747e-07, 8.883448981930016e-09]"
hMpxV/Brazil/SP-IAL-357996884/2024|EPI_ISL_19524880|2024-10-18,"[0.0, 0.0, 1.0, 0.0, 0.0, 0.0, 0.0, 0.0, 0.0, 0.0, 0.0, 0.0, 0.0, 0.0, 0.0, 0.0, 0.0, 0.0, 0.0, 0.0, 0.0, 0.0, 0.0, 0.0, 0.0, 0.0, 0.0, 0.0, 0.0, 0.0, 0.0]"
hMpxV/Brazil/SP-IAL-357994370/2024|EPI_ISL_19524885|2024-10-16,"[0.0, 0.0, 0.9999999999999999, 0.0, 0.0, 0.0, 0.0, 0.0, 0.0, 0.0, 0.0, 0.0, 0.0, 0.0, 0.0, 0.0, 0.0, 0.0, 0.0, 0.0, 0.0, 0.0, 0.0, 0.0, 0.0, 0.0, 0.0, 0.0, 0.0, 0.0, 0.0]"
NODE_0000080,"[2.3893416256275744e-19, 1.637873461809978e-20, 0.9999999999999765, 9.72311916137424e-21, 5.991626698004308e-18, 1.2261114563956734e-20, 2.2926105401101878e-20, 1.0343304913818135e-20, 1.0092059330560791e-20, 9.957028895388224e-21, 1.041268280537196e-20, 1.0100931718486516e-20, 8.858437591537453e-21, 1.2780429052882049e-20, 6.280058076284527e-21, 6.753841343669121e-19, 9.5312650282733e-21, 1.0100931718500521e-20, 1.0100931718498926e-20, 1.1308664841327847e-20, 2.326361918080805e-14, 8.21489557208489e-21, 7.074101998680422e-17, 1.0347669527783348e-20, 3.503387775276563e-20, 1.0179392730441862e-20, 6.268100546457475e-21, 1.0615964216324458e-20, 8.761930317268298e-21, 1.2211996157376304e-16, 1.0428105793333309e-20]"
hMpxV/Brazil/RJ-UG_UFRJ_0554/2024|EPI_ISL_19434498|2024-08-21,"[0.0, 0.0, 1.0, 0.0, 0.0, 0.0, 0.0, 0.0, 0.0, 0.0, 0.0, 0.0, 0.0, 0.0, 0.0, 0.0, 0.0, 0.0, 0.0, 0.0, 0.0, 0.0, 0.0, 0.0, 0.0, 0.0, 0.0, 0.0, 0.0, 0.0, 0.0]"
hMpxV/Brazil/SP-IAL-357897410/2024|EPI_ISL_19372760|2024-08-13,"[0.0, 0.0, 1.0, 0.0, 0.0, 0.0, 0.0, 0.0, 0.0, 0.0, 0.0, 0.0, 0.0, 0.0, 0.0, 0.0, 0.0, 0.0, 0.0, 0.0, 0.0, 0.0, 0.0, 0.0, 0.0, 0.0, 0.0, 0.0, 0.0, 0.0, 0.0]"
hMpxV/Brazil/SP-IAL-357901450/2024|EPI_ISL_19372766|2024-08-18,"[0.0, 0.0, 1.0, 0.0, 0.0, 0.0, 0.0, 0.0, 0.0, 0.0, 0.0, 0.0, 0.0, 0.0, 0.0, 0.0, 0.0, 0.0, 0.0, 0.0, 0.0, 0.0, 0.0, 0.0, 0.0, 0.0, 0.0, 0.0, 0.0, 0.0, 0.0]"
hMpxV/Peru/LIM-INS-579/2024|EPI_ISL_19564180|2024-10-07,"[0.0, 0.0, 0.0, 0.0, 0.0, 0.0, 0.0, 0.0, 0.0, 0.0, 0.0, 0.0, 0.0, 0.0, 0.0, 0.0, 0.0, 0.0, 0.0, 0.0, 1.0, 0.0, 0.0, 0.0, 0.0, 0.0, 0.0, 0.0, 0.0, 0.0, 0.0]"
hMpxV/Brazil/SP-IAL-357981061/2024|EPI_ISL_19524872|2024-10-06,"[0.0, 0.0, 1.0, 0.0, 0.0, 0.0, 0.0, 0.0, 0.0, 0.0, 0.0, 0.0, 0.0, 0.0, 0.0, 0.0, 0.0, 0.0, 0.0, 0.0, 0.0, 0.0, 0.0, 0.0, 0.0, 0.0, 0.0, 0.0, 0.0, 0.0, 0.0]"
hMpxV/Brazil/SP-IAL-357938508/2024|EPI_ISL_19446303|2024-09-10,"[0.0, 0.0, 1.0, 0.0, 0.0, 0.0, 0.0, 0.0, 0.0, 0.0, 0.0, 0.0, 0.0, 0.0, 0.0, 0.0, 0.0, 0.0, 0.0, 0.0, 0.0, 0.0, 0.0, 0.0, 0.0, 0.0, 0.0, 0.0, 0.0, 0.0, 0.0]"
hMpxV/Brazil/SP-IAL-357949045/2024|EPI_ISL_19446312|2024-09-17,"[0.0, 0.0, 1.0, 0.0, 0.0, 0.0, 0.0, 0.0, 0.0, 0.0, 0.0, 0.0, 0.0, 0.0, 0.0, 0.0, 0.0, 0.0, 0.0, 0.0, 0.0, 0.0, 0.0, 0.0, 0.0, 0.0, 0.0, 0.0, 0.0, 0.0, 0.0]"
NODE_0000081,"[2.8872439431961434e-12, 6.007656329490299e-13, 0.9999999998208084, 6.042156473887181e-13, 8.678499101768154e-12, 6.034267712091038e-13, 8.009839145859207e-13, 6.063145148643869e-13, 6.063966196545552e-13, 6.019215454079386e-13, 6.036580186340925e-13, 6.059503277736918e-13, 5.545401189149209e-13, 5.879612953152195e-13, 3.6785112350290486e-13, 2.1335257766172347e-12, 5.665764827434758e-13, 6.059503277746818e-13, 6.059503277744864e-13, 5.552660232230317e-13, 6.64580229383804e-11, 5.742968484830496e-13, 5.032271216775944e-11, 6.064214737195251e-13, 1.1050322558649025e-12, 5.872191389542335e-13, 4.796581468289418e-13, 5.973861973846833e-13, 5.573213855786371e-13, 3.4120634500585555e-11, 6.058116129588163e-13]"
hMpxV/Brazil/SP-IAL-357890330/2024|EPI_ISL_19372759|2024-08-07,"[0.0, 0.0, 1.0, 0.0, 0.0, 0.0, 0.0, 0.0, 0.0, 0.0, 0.0, 0.0, 0.0, 0.0, 0.0, 0.0, 0.0, 0.0, 0.0, 0.0, 0.0, 0.0, 0.0, 0.0, 0.0, 0.0, 0.0, 0.0, 0.0, 0.0, 0.0]"
hMpxV/Brazil/SP-IAL-357903502/2024|EPI_ISL_19372771|2024-08-19,"[0.0, 0.0, 0.9999999999999999, 0.0, 0.0, 0.0, 0.0, 0.0, 0.0, 0.0, 0.0, 0.0, 0.0, 0.0, 0.0, 0.0, 0.0, 0.0, 0.0, 0.0, 0.0, 0.0, 0.0, 0.0, 0.0, 0.0, 0.0, 0.0, 0.0, 0.0, 0.0]"
hMpxV/Brazil/SP-IAL-357909240/2024|EPI_ISL_19372773|2024-08-21,"[0.0, 0.0, 0.9999999999999999, 0.0, 0.0, 0.0, 0.0, 0.0, 0.0, 0.0, 0.0, 0.0, 0.0, 0.0, 0.0, 0.0, 0.0, 0.0, 0.0, 0.0, 0.0, 0.0, 0.0, 0.0, 0.0, 0.0, 0.0, 0.0, 0.0, 0.0, 0.0]"
NODE_0000015,"[5.357073677500471e-21, 8.693465943544966e-22, 9.437069566812952e-20, 8.872502142184355e-22, 7.089237942217058e-22, 8.778048227283381e-22, 9.022244914430853e-22, 5.176648704711316e-20, 2.124110063089065e-15, 5.123348688423867e-21, 4.1213676903737414e-21, 9.048326512211404e-22, 4.03807319374152e-20, 4.97512192079347e-20, 3.78934656563478e-20, 3.8054793086865227e-22, 1.0626857005788768e-19, 9.048326512189575e-22, 9.048326512206634e-22, 2.666006269553174e-21, 1.3491646864895173e-21, 7.630769086768938e-22, 3.248468545222227e-06, 7.811355628666483e-20, 0.9999967515314525, 8.37209754821924e-22, 4.6105861671398696e-21, 9.068871261810933e-22, 7.36004776304934e-21, 1.5191314185342618e-21, 2.0657096323721508e-19]"
hMpxV/China/SZ-CDC/Strain007,"[0.0, 0.0, 0.0, 0.0, 0.0, 0.0, 0.0, 0.0, 0.0, 0.0, 0.0, 0.0, 0.0, 0.0, 0.0, 0.0, 0.0, 0.0, 0.0, 0.0, 0.0, 0.0, 0.0, 0.0, 1.0, 0.0, 0.0, 0.0, 0.0, 0.0, 0.0]"
hMpxV/China/SZ-CDC/Strain023,"[0.0, 0.0, 0.0, 0.0, 0.0, 0.0, 0.0, 0.0, 0.0, 0.0, 0.0, 0.0, 0.0, 0.0, 0.0, 0.0, 0.0, 0.0, 0.0, 0.0, 0.0, 0.0, 0.0, 0.0, 1.0, 0.0, 0.0, 0.0, 0.0, 0.0, 0.0]"
hMpxV/China/SZ-CDC/Strain084,"[0.0, 0.0, 0.0, 0.0, 0.0, 0.0, 0.0, 0.0, 0.0, 0.0, 0.0, 0.0, 0.0, 0.0, 0.0, 0.0, 0.0, 0.0, 0.0, 0.0, 0.0, 0.0, 0.0, 0.0, 1.0, 0.0, 0.0, 0.0, 0.0, 0.0, 0.0]"
hMpxV/Portugal/INSA-PT0629/2023|EPI_ISL_18044983|2023-06-20,"[0.0, 0.0, 0.0, 0.0, 0.0, 0.0, 0.0, 0.0, 0.0, 0.0, 0.0, 0.0, 0.0, 0.0, 0.0, 0.0, 0.0, 0.0, 0.0, 0.0, 0.0, 0.0, 0.9999999999999999, 0.0, 0.0, 0.0, 0.0, 0.0, 0.0, 0.0, 0.0]"
hMpxV/China/GZ-GCDC_M011/2023|EPI_ISL_19058867|2023-06-07,"[0.0, 0.0, 0.0, 0.0, 0.0, 0.0, 0.0, 0.0, 0.9999999999999999, 0.0, 0.0, 0.0, 0.0, 0.0, 0.0, 0.0, 0.0, 0.0, 0.0, 0.0, 0.0, 0.0, 0.0, 0.0, 0.0, 0.0, 0.0, 0.0, 0.0, 0.0, 0.0]"
hMpxV/Portugal/INSA-PT0691/2023|EPI_ISL_18553837|2023-07-15,"[0.0, 0.0, 0.0, 0.0, 0.0, 0.0, 0.0, 0.0, 0.0, 0.0, 0.0, 0.0, 0.0, 0.0, 0.0, 0.0, 0.0, 0.0, 0.0, 0.0, 0.0, 0.0, 1.0, 0.0, 0.0, 0.0, 0.0, 0.0, 0.0, 0.0, 0.0]"
hMpxV/Portugal/INSA-PT0660/2023|EPI_ISL_18228621|2023-07-26,"[0.0, 0.0, 0.0, 0.0, 0.0, 0.0, 0.0, 0.0, 0.0, 0.0, 0.0, 0.0, 0.0, 0.0, 0.0, 0.0, 0.0, 0.0, 0.0, 0.0, 0.0, 0.0, 0.9999999999999999, 0.0, 0.0, 0.0, 0.0, 0.0, 0.0, 0.0, 0.0]"
hMpxV/China/SZ-CDC/Strain061,"[0.0, 0.0, 0.0, 0.0, 0.0, 0.0, 0.0, 0.0, 0.0, 0.0, 0.0, 0.0, 0.0, 0.0, 0.0, 0.0, 0.0, 0.0, 0.0, 0.0, 0.0, 0.0, 0.0, 0.0, 1.0, 0.0, 0.0, 0.0, 0.0, 0.0, 0.0]"
NODE_0000033,"[1.7588665146501876e-09, 3.721761310161485e-10, 5.065004592217022e-10, 3.815979772757512e-10, 3.3338366163884457e-10, 3.755099773888499e-10, 3.7357920783793565e-10, 3.5742368015262066e-09, 7.74752995879389e-09, 3.8833769212078653e-10, 8.622949373747457e-10, 3.7650577791874114e-10, 3.2685993320050715e-09, 4.0582173402435554e-10, 3.948829736004529e-09, 2.584254218479274e-10, 4.1578640216999895e-10, 3.765057779185943e-10, 3.765057779187083e-10, 3.566018993058291e-10, 1.223733575217042e-10, 3.83734867635356e-10, 2.4428129857491833e-07, 3.5864738567973074e-09, 0.9999997139361699, 3.5883001471352244e-10, 1.179821976132188e-09, 3.631776923455082e-10, 1.2943084804615495e-09, 3.674190481987858e-10, 7.668797255489774e-09]"
hMpxV/China/SZ-CDC/Strain076,"[0.0, 0.0, 0.0, 0.0, 0.0, 0.0, 0.0, 0.0, 0.0, 0.0, 0.0, 0.0, 0.0, 0.0, 0.0, 0.0, 0.0, 0.0, 0.0, 0.0, 0.0, 0.0, 0.0, 0.0, 1.0, 0.0, 0.0, 0.0, 0.0, 0.0, 0.0]"
hMpxV/China/SZ-CDC/Strain087,"[0.0, 0.0, 0.0, 0.0, 0.0, 0.0, 0.0, 0.0, 0.0, 0.0, 0.0, 0.0, 0.0, 0.0, 0.0, 0.0, 0.0, 0.0, 0.0, 0.0, 0.0, 0.0, 0.0, 0.0, 1.0, 0.0, 0.0, 0.0, 0.0, 0.0, 0.0]"
hMpxV/China/SZ-CDC/Strain122,"[0.0, 0.0, 0.0, 0.0, 0.0, 0.0, 0.0, 0.0, 0.0, 0.0, 0.0, 0.0, 0.0, 0.0, 0.0, 0.0, 0.0, 0.0, 0.0, 0.0, 0.0, 0.0, 0.0, 0.0, 1.0, 0.0, 0.0, 0.0, 0.0, 0.0, 0.0]"
NODE_0000034,"[1.315638374230417e-35, 6.932830153262676e-35, 2.4339282146363895e-29, 7.075429437086687e-35, 5.566587781219046e-35, 7.010651781416698e-35, 7.227388855560313e-35, 1.38711258255256e-34, 1.7596155841790367e-34, 1.0809257723250762e-32, 9.096534390481052e-35, 7.237644689315366e-35, 1.1572683909058687e-34, 8.349102269713478e-30, 3.1743727857934366e-35, 2.676093418310244e-35, 2.072911008947974e-28, 7.237644689323809e-35, 7.237644689326698e-35, 2.6438296370197686e-33, 4.323045407042505e-33, 5.797474457908741e-35, 1.0, 1.3901923192761067e-34, 5.0849423017929076e-23, 6.576080784190207e-35, 4.3060705803693855e-35, 8.051983873654226e-35, 7.664903538587549e-35, 2.7607358098198657e-33, 1.7866129506086435e-34]"
hMpxV/Portugal/INSA-PT0769/2023|EPI_ISL_18702222|2023-10-12,"[0.0, 0.0, 0.0, 0.0, 0.0, 0.0, 0.0, 0.0, 0.0, 0.0, 0.0, 0.0, 0.0, 0.0, 0.0, 0.0, 0.0, 0.0, 0.0, 0.0, 0.0, 0.0, 1.0, 0.0, 0.0, 0.0, 0.0, 0.0, 0.0, 0.0, 0.0]"
hMpxV/Portugal/INSA-PT0774/2023|EPI_ISL_18702226|2023-10-18,"[0.0, 0.0, 0.0, 0.0, 0.0, 0.0, 0.0, 0.0, 0.0, 0.0, 0.0, 0.0, 0.0, 0.0, 0.0, 0.0, 0.0, 0.0, 0.0, 0.0, 0.0, 0.0, 1.0, 0.0, 0.0, 0.0, 0.0, 0.0, 0.0, 0.0, 0.0]"
hMpxV/Portugal/INSA-PT0748/2023|EPI_ISL_18702230|2023-09-29,"[0.0, 0.0, 0.0, 0.0, 0.0, 0.0, 0.0, 0.0, 0.0, 0.0, 0.0, 0.0, 0.0, 0.0, 0.0, 0.0, 0.0, 0.0, 0.0, 0.0, 0.0, 0.0, 1.0, 0.0, 0.0, 0.0, 0.0, 0.0, 0.0, 0.0, 0.0]"
hMpxV/Portugal/INSA-PT0738/2023|EPI_ISL_18702236|2023-09-22,"[0.0, 0.0, 0.0, 0.0, 0.0, 0.0, 0.0, 0.0, 0.0, 0.0, 0.0, 0.0, 0.0, 0.0, 0.0, 0.0, 0.0, 0.0, 0.0, 0.0, 0.0, 0.0, 1.0, 0.0, 0.0, 0.0, 0.0, 0.0, 0.0, 0.0, 0.0]"
hMpxV/Portugal/INSA-PT0759/2023|EPI_ISL_18702238|2023-10-10,"[0.0, 0.0, 0.0, 0.0, 0.0, 0.0, 0.0, 0.0, 0.0, 0.0, 0.0, 0.0, 0.0, 0.0, 0.0, 0.0, 0.0, 0.0, 0.0, 0.0, 0.0, 0.0, 1.0, 0.0, 0.0, 0.0, 0.0, 0.0, 0.0, 0.0, 0.0]"
hMpxV/Portugal/INSA-PT0784/2023|EPI_ISL_18702240|2023-11-01,"[0.0, 0.0, 0.0, 0.0, 0.0, 0.0, 0.0, 0.0, 0.0, 0.0, 0.0, 0.0, 0.0, 0.0, 0.0, 0.0, 0.0, 0.0, 0.0, 0.0, 0.0, 0.0, 1.0, 0.0, 0.0, 0.0, 0.0, 0.0, 0.0, 0.0, 0.0]"
hMpxV/Portugal/INSA-PT0754/2023|EPI_ISL_18702244|2023-10-04,"[0.0, 0.0, 0.0, 0.0, 0.0, 0.0, 0.0, 0.0, 0.0, 0.0, 0.0, 0.0, 0.0, 0.0, 0.0, 0.0, 0.0, 0.0, 0.0, 0.0, 0.0, 0.0, 1.0, 0.0, 0.0, 0.0, 0.0, 0.0, 0.0, 0.0, 0.0]"
hMpxV/Portugal/INSA-PT0752/2023|EPI_ISL_18702247|2023-10-03,"[0.0, 0.0, 0.0, 0.0, 0.0, 0.0, 0.0, 0.0, 0.0, 0.0, 0.0, 0.0, 0.0, 0.0, 0.0, 0.0, 0.0, 0.0, 0.0, 0.0, 0.0, 0.0, 1.0, 0.0, 0.0, 0.0, 0.0, 0.0, 0.0, 0.0, 0.0]"
hMpxV/Portugal/INSA-PT0776/2023|EPI_ISL_18702249|2023-10-20,"[0.0, 0.0, 0.0, 0.0, 0.0, 0.0, 0.0, 0.0, 0.0, 0.0, 0.0, 0.0, 0.0, 0.0, 0.0, 0.0, 0.0, 0.0, 0.0, 0.0, 0.0, 0.0, 1.0, 0.0, 0.0, 0.0, 0.0, 0.0, 0.0, 0.0, 0.0]"
hMpxV/Portugal/INSA-PT0736/2023|EPI_ISL_18702255|2023-09-19,"[0.0, 0.0, 0.0, 0.0, 0.0, 0.0, 0.0, 0.0, 0.0, 0.0, 0.0, 0.0, 0.0, 0.0, 0.0, 0.0, 0.0, 0.0, 0.0, 0.0, 0.0, 0.0, 1.0, 0.0, 0.0, 0.0, 0.0, 0.0, 0.0, 0.0, 0.0]"
hMpxV/Portugal/INSA-PT0727/2023|EPI_ISL_18553826|2023-09-12,"[0.0, 0.0, 0.0, 0.0, 0.0, 0.0, 0.0, 0.0, 0.0, 0.0, 0.0, 0.0, 0.0, 0.0, 0.0, 0.0, 0.0, 0.0, 0.0, 0.0, 0.0, 0.0, 1.0, 0.0, 0.0, 0.0, 0.0, 0.0, 0.0, 0.0, 0.0]"
hMpxV/Portugal/INSA-PT0724/2023|EPI_ISL_18553813|2023-09-08,"[0.0, 0.0, 0.0, 0.0, 0.0, 0.0, 0.0, 0.0, 0.0, 0.0, 0.0, 0.0, 0.0, 0.0, 0.0, 0.0, 0.0, 0.0, 0.0, 0.0, 0.0, 0.0, 1.0, 0.0, 0.0, 0.0, 0.0, 0.0, 0.0, 0.0, 0.0]"
hMpxV/Netherlands/un-EMC-NL110/2024|EPI_ISL_19470168|2024-08-07,"[0.0, 0.0, 0.0, 0.0, 0.0, 0.0, 0.0, 0.0, 0.0, 0.0, 0.0, 0.0, 0.0, 0.0, 0.0, 0.0, 1.0, 0.0, 0.0, 0.0, 0.0, 0.0, 0.0, 0.0, 0.0, 0.0, 0.0, 0.0, 0.0, 0.0, 0.0]"
NODE_0000042,"[1.0414597721907005e-11, 1.754102972562758e-11, 6.149348324574125e-10, 1.8033712425298067e-11, 1.5669080033037928e-11, 1.7734801793447394e-11, 1.756056468254795e-11, 1.8275806014409463e-11, 1.8980611630591365e-11, 7.370699494218275e-11, 1.748994783662388e-11, 1.770994583107541e-11, 1.6768906223483776e-11, 4.6428594043380863e-10, 1.055599855941082e-11, 1.1777046387808535e-11, 9.025211355631945e-10, 1.7709945831092088e-11, 1.7709945831098893e-11, 4.9904781902765835e-11, 2.6251880868165996e-11, 1.7993340064857506e-11, 0.9999999831764674, 1.827879937021966e-11, 1.4273766071337172e-08, 1.6687800133737006e-11, 1.4813236644077462e-11, 1.7050215111153768e-11, 1.6517347969038848e-11, 5.433415743209438e-11, 1.8554129184732255e-11]"
hMpxV/Portugal/INSA-PT0814/2024|EPI_ISL_18993959|2024-01-15,"[0.0, 0.0, 0.0, 0.0, 0.0, 0.0, 0.0, 0.0, 0.0, 0.0, 0.0, 0.0, 0.0, 0.0, 0.0, 0.0, 0.0, 0.0, 0.0, 0.0, 0.0, 0.0, 1.0, 0.0, 0.0, 0.0, 0.0, 0.0, 0.0, 0.0, 0.0]"
hMpxV/Portugal/INSA-PT0807/2023|EPI_ISL_18993961|2023-12-27,"[0.0, 0.0, 0.0, 0.0, 0.0, 0.0, 0.0, 0.0, 0.0, 0.0, 0.0, 0.0, 0.0, 0.0, 0.0, 0.0, 0.0, 0.0, 0.0, 0.0, 0.0, 0.0, 1.0, 0.0, 0.0, 0.0, 0.0, 0.0, 0.0, 0.0, 0.0]"
hMpxV/Portugal/INSA-PT0809/2023|EPI_ISL_18993967|2023-12-21,"[0.0, 0.0, 0.0, 0.0, 0.0, 0.0, 0.0, 0.0, 0.0, 0.0, 0.0, 0.0, 0.0, 0.0, 0.0, 0.0, 0.0, 0.0, 0.0, 0.0, 0.0, 0.0, 1.0, 0.0, 0.0, 0.0, 0.0, 0.0, 0.0, 0.0, 0.0]"
NODE_0000036,"[4.90965317203044e-28, 2.1178869073419296e-27, 2.5517983971000763e-23, 2.1691394644464797e-27, 1.752974973679317e-27, 2.1447742535454753e-27, 2.1691642526266464e-27, 2.3653302693490512e-27, 2.461784935014401e-27, 9.13845580480701e-26, 2.218304400386429e-27, 2.1816701251719237e-27, 1.9346592880170874e-27, 1.0714056905132987e-23, 7.323234526085779e-28, 1.0163102812376189e-27, 5.708665762350186e-23, 2.1816701251746253e-27, 2.1816701251756394e-27, 3.2758998952691185e-26, 3.6265947765024446e-26, 1.920097047939518e-27, 1.0, 2.3665892412301244e-27, 8.719308170082585e-20, 2.0099538630137294e-27, 1.2571970181600443e-27, 2.1448430943334284e-27, 1.8397618696357422e-27, 3.3409790554536634e-26, 2.455433386370775e-27]"
hMpxV/Portugal/INSA-PT0739/2023|EPI_ISL_18702212|2023-09-24,"[0.0, 0.0, 0.0, 0.0, 0.0, 0.0, 0.0, 0.0, 0.0, 0.0, 0.0, 0.0, 0.0, 0.0, 0.0, 0.0, 0.0, 0.0, 0.0, 0.0, 0.0, 0.0, 1.0, 0.0, 0.0, 0.0, 0.0, 0.0, 0.0, 0.0, 0.0]"
hMpxV/Portugal/INSA-PT0793/2023|EPI_ISL_18702221|2023-11-07,"[0.0, 0.0, 0.0, 0.0, 0.0, 0.0, 0.0, 0.0, 0.0, 0.0, 0.0, 0.0, 0.0, 0.0, 0.0, 0.0, 0.0, 0.0, 0.0, 0.0, 0.0, 0.0, 1.0, 0.0, 0.0, 0.0, 0.0, 0.0, 0.0, 0.0, 0.0]"
hMpxV/Portugal/INSA-PT0744/2023|EPI_ISL_18702231|2023-09-26,"[0.0, 0.0, 0.0, 0.0, 0.0, 0.0, 0.0, 0.0, 0.0, 0.0, 0.0, 0.0, 0.0, 0.0, 0.0, 0.0, 0.0, 0.0, 0.0, 0.0, 0.0, 0.0, 0.9999999999999999, 0.0, 0.0, 0.0, 0.0, 0.0, 0.0, 0.0, 0.0]"
hMpxV/Portugal/INSA-PT0740/2023|EPI_ISL_18702250|2023-09-22,"[0.0, 0.0, 0.0, 0.0, 0.0, 0.0, 0.0, 0.0, 0.0, 0.0, 0.0, 0.0, 0.0, 0.0, 0.0, 0.0, 0.0, 0.0, 0.0, 0.0, 0.0, 0.0, 1.0, 0.0, 0.0, 0.0, 0.0, 0.0, 0.0, 0.0, 0.0]"
hMpxV/Portugal/INSA-PT0771/2023|EPI_ISL_18702256|2023-10-12,"[0.0, 0.0, 0.0, 0.0, 0.0, 0.0, 0.0, 0.0, 0.0, 0.0, 0.0, 0.0, 0.0, 0.0, 0.0, 0.0, 0.0, 0.0, 0.0, 0.0, 0.0, 0.0, 1.0, 0.0, 0.0, 0.0, 0.0, 0.0, 0.0, 0.0, 0.0]"
NODE_0000038,"[1.6960268173023625e-09, 2.5645610510108528e-09, 4.095351766603367e-08, 2.6393302873473704e-09, 2.29744110647928e-09, 2.59356877502142e-09, 2.559342082393752e-09, 2.6091409242297603e-09, 2.6899093775255756e-09, 8.007685308659602e-09, 2.530219484365559e-09, 2.5838012447911458e-09, 2.4220009416188902e-09, 3.386670897905139e-08, 1.6262792087608918e-09, 1.7865876042003398e-09, 5.746751563862456e-08, 2.583801244793492e-09, 2.583801244794444e-09, 5.889745837275529e-09, 2.824498784533469e-09, 2.674921495578904e-09, 0.999999319049276, 2.6092859418323687e-09, 4.723027256927984e-07, 2.440691631187882e-09, 2.2537183918742684e-09, 2.4701291816400213e-09, 2.423939714531335e-09, 6.377703466830168e-09, 2.622124907727959e-09]"
hMpxV/Portugal/INSA-PT0800/2023|EPI_ISL_18702209|2023-11-18,"[0.0, 0.0, 0.0, 0.0, 0.0, 0.0, 0.0, 0.0, 0.0, 0.0, 0.0, 0.0, 0.0, 0.0, 0.0, 0.0, 0.0, 0.0, 0.0, 0.0, 0.0, 0.0, 1.0, 0.0, 0.0, 0.0, 0.0, 0.0, 0.0, 0.0, 0.0]"
hMpxV/Portugal/INSA-PT0787/2023|EPI_ISL_18702223|2023-11-02,"[0.0, 0.0, 0.0, 0.0, 0.0, 0.0, 0.0, 0.0, 0.0, 0.0, 0.0, 0.0, 0.0, 0.0, 0.0, 0.0, 0.0, 0.0, 0.0, 0.0, 0.0, 0.0, 1.0, 0.0, 0.0, 0.0, 0.0, 0.0, 0.0, 0.0, 0.0]"
NODE_0000041,"[6.046889801467175e-10, 9.348282002578469e-10, 1.5949004678529302e-08, 9.623493226397397e-10, 8.332428337507779e-10, 9.45690922677785e-10, 9.331353976849261e-10, 9.43630390499354e-10, 9.686066303966452e-10, 3.022693043815377e-09, 9.207046468779782e-10, 9.423767619247292e-10, 8.727101869314319e-10, 1.3172393227265415e-08, 5.807282476993402e-10, 6.456758537123689e-10, 2.2595562093655465e-08, 9.423767619255992e-10, 9.42376761925952e-10, 2.2044820684732936e-09, 1.0709716713412174e-09, 9.738134348194288e-10, 0.9999997283347748, 9.43676378480982e-10, 1.9196379960172302e-07, 8.896939835051647e-10, 8.147643501757495e-10, 8.989927355140653e-10, 8.791027574976e-10, 2.368758745859958e-09, 9.44394582611287e-10]"
hMpxV/Portugal/INSA-PT0767/2023|EPI_ISL_18702237|2023-10-13,"[0.0, 0.0, 0.0, 0.0, 0.0, 0.0, 0.0, 0.0, 0.0, 0.0, 0.0, 0.0, 0.0, 0.0, 0.0, 0.0, 0.0, 0.0, 0.0, 0.0, 0.0, 0.0, 1.0, 0.0, 0.0, 0.0, 0.0, 0.0, 0.0, 0.0, 0.0]"
hMpxV/Portugal/INSA-PT0781/2023|EPI_ISL_18702251|2023-10-26,"[0.0, 0.0, 0.0, 0.0, 0.0, 0.0, 0.0, 0.0, 0.0, 0.0, 0.0, 0.0, 0.0, 0.0, 0.0, 0.0, 0.0, 0.0, 0.0, 0.0, 0.0, 0.0, 1.0, 0.0, 0.0, 0.0, 0.0, 0.0, 0.0, 0.0, 0.0]"
NODE_0000037,"[8.367898954683853e-10, 9.971318213186929e-10, 3.8527136521963187e-07, 1.0147030590327663e-09, 1.3932174390729115e-09, 1.0050036388391439e-09, 1.034647009718566e-09, 1.0106877125145868e-09, 1.0373573484985493e-09, 3.1459381748139086e-09, 9.824060952660713e-10, 9.988073441939562e-10, 9.27066321462203e-10, 1.3597466380479645e-08, 6.034253866307928e-10, 8.956687348732061e-10, 2.323830871571678e-08, 9.988073441948659e-10, 9.988073441952369e-10, 2.2822580374600455e-09, 2.8444194612283856e-09, 1.009274379232543e-09, 0.9999993221615614, 1.010762483680161e-09, 2.2089449276553374e-07, 9.50474358867051e-10, 8.334710333621199e-10, 9.648516448123405e-10, 9.26075089045121e-10, 5.1183749264448834e-09, 1.0163794566576707e-09]"
hMpxV/Brazil/SP-IAL-357531200/2024|EPI_ISL_19359677|2024-02-27,"[0.0, 0.0, 1.0, 0.0, 0.0, 0.0, 0.0, 0.0, 0.0, 0.0, 0.0, 0.0, 0.0, 0.0, 0.0, 0.0, 0.0, 0.0, 0.0, 0.0, 0.0, 0.0, 0.0, 0.0, 0.0, 0.0, 0.0, 0.0, 0.0, 0.0, 0.0]"
hMpxV/Portugal/INSA-PT0772/2023|EPI_ISL_18702224|2023-10-12,"[0.0, 0.0, 0.0, 0.0, 0.0, 0.0, 0.0, 0.0, 0.0, 0.0, 0.0, 0.0, 0.0, 0.0, 0.0, 0.0, 0.0, 0.0, 0.0, 0.0, 0.0, 0.0, 1.0, 0.0, 0.0, 0.0, 0.0, 0.0, 0.0, 0.0, 0.0]"
hMpxV/Portugal/INSA-PT0794/2023|EPI_ISL_18702227|2023-11-09,"[0.0, 0.0, 0.0, 0.0, 0.0, 0.0, 0.0, 0.0, 0.0, 0.0, 0.0, 0.0, 0.0, 0.0, 0.0, 0.0, 0.0, 0.0, 0.0, 0.0, 0.0, 0.0, 0.9999999999999999, 0.0, 0.0, 0.0, 0.0, 0.0, 0.0, 0.0, 0.0]"
NODE_0000039,"[3.625343397174357e-18, 8.502163633955649e-18, 2.24233279159276e-15, 8.730963695706246e-18, 7.379346795231789e-18, 8.602227793032725e-18, 8.57876940630013e-18, 9.032530369801674e-18, 9.367262113959213e-18, 8.038418730392417e-17, 8.612204317206762e-18, 8.645522637132928e-18, 7.955416345722197e-18, 1.3897242667011042e-15, 4.1960324633581214e-18, 5.068932966891827e-18, 3.828841973359911e-15, 8.64552263714854e-18, 8.645522637154885e-18, 4.3638857104990475e-17, 2.976055181594677e-17, 8.356717486143143e-18, 0.9999999999997021, 9.034933752106916e-18, 2.9008781528404334e-13, 8.081780820359061e-18, 6.340326258896502e-18, 8.372546818605537e-18, 7.76820373282069e-18, 4.622126988485245e-17, 9.220455991248964e-18]"
hMpxV/Portugal/INSA-PT0770/2023|EPI_ISL_18702219|2023-10-12,"[0.0, 0.0, 0.0, 0.0, 0.0, 0.0, 0.0, 0.0, 0.0, 0.0, 0.0, 0.0, 0.0, 0.0, 0.0, 0.0, 0.0, 0.0, 0.0, 0.0, 0.0, 0.0, 1.0, 0.0, 0.0, 0.0, 0.0, 0.0, 0.0, 0.0, 0.0]"
hMpxV/Portugal/INSA-PT0783/2023|EPI_ISL_18702229|2023-10-29,"[0.0, 0.0, 0.0, 0.0, 0.0, 0.0, 0.0, 0.0, 0.0, 0.0, 0.0, 0.0, 0.0, 0.0, 0.0, 0.0, 0.0, 0.0, 0.0, 0.0, 0.0, 0.0, 0.9999999999999999, 0.0, 0.0, 0.0, 0.0, 0.0, 0.0, 0.0, 0.0]"
hMpxV/Portugal/INSA-PT0768/2023|EPI_ISL_18702248|2023-10-12,"[0.0, 0.0, 0.0, 0.0, 0.0, 0.0, 0.0, 0.0, 0.0, 0.0, 0.0, 0.0, 0.0, 0.0, 0.0, 0.0, 0.0, 0.0, 0.0, 0.0, 0.0, 0.0, 1.0, 0.0, 0.0, 0.0, 0.0, 0.0, 0.0, 0.0, 0.0]"
hMpxV/Portugal/INSA-PT0806/2023|EPI_ISL_18993964|2023-11-30,"[0.0, 0.0, 0.0, 0.0, 0.0, 0.0, 0.0, 0.0, 0.0, 0.0, 0.0, 0.0, 0.0, 0.0, 0.0, 0.0, 0.0, 0.0, 0.0, 0.0, 0.0, 0.0, 1.0, 0.0, 0.0, 0.0, 0.0, 0.0, 0.0, 0.0, 0.0]"
NODE_0000040,"[7.536283422987228e-10, 1.151462277631792e-09, 1.893143445723038e-08, 1.1851980102571051e-09, 1.0290351291266983e-09, 1.1646606925040699e-09, 1.1492319526529922e-09, 1.166888436608685e-09, 1.2003927947176663e-09, 3.6521570722228646e-09, 1.1350400615105593e-09, 1.1604101370050418e-09, 1.0812761404582783e-09, 1.5648157798384364e-08, 7.229596983684361e-10, 7.989467318259129e-10, 2.6678421826717465e-08, 1.1604101370061202e-09, 1.1604101370065561e-09, 2.6761477804301084e-09, 1.2909972408430115e-09, 1.2003592928707145e-09, 0.999999681998093, 1.1669518094375827e-09, 2.2238192746460439e-07, 1.0958621150508795e-09, 1.0080327604421725e-09, 1.1081903681377806e-09, 1.085672476613948e-09, 2.8873913102995686e-09, 1.1702527386895033e-09]"
hMpxV/Portugal/INSA-PT0803/2023|EPI_ISL_18702217|2023-11-28,"[0.0, 0.0, 0.0, 0.0, 0.0, 0.0, 0.0, 0.0, 0.0, 0.0, 0.0, 0.0, 0.0, 0.0, 0.0, 0.0, 0.0, 0.0, 0.0, 0.0, 0.0, 0.0, 1.0, 0.0, 0.0, 0.0, 0.0, 0.0, 0.0, 0.0, 0.0]"
hMpxV/Portugal/INSA-PT0799/2023|EPI_ISL_18702252|2023-11-20,"[0.0, 0.0, 0.0, 0.0, 0.0, 0.0, 0.0, 0.0, 0.0, 0.0, 0.0, 0.0, 0.0, 0.0, 0.0, 0.0, 0.0, 0.0, 0.0, 0.0, 0.0, 0.0, 1.0, 0.0, 0.0, 0.0, 0.0, 0.0, 0.0, 0.0, 0.0]"
NODE_0000043,"[1.1343812980359555e-06, 9.405247331931516e-07, 6.232638750407123e-06, 9.660387272256474e-07, 8.457985327574337e-07, 9.504130251321688e-07, 9.396040943467186e-07, 1.8330225812118981e-06, 2.330368292063197e-06, 1.9921443549464756e-06, 1.1909502353843972e-06, 9.480198056573427e-07, 1.7042294529922724e-06, 5.151025326261791e-06, 1.3813128801761243e-06, 6.627194544512162e-07, 7.310159433159877e-06, 9.480198056575137e-07, 9.480198056575327e-07, 1.5927894537969292e-06, 6.785393772857175e-07, 9.776487961754404e-07, 0.9912560412737998, 1.8339857433648668e-06, 0.008692149153190915, 8.987872892969718e-07, 1.2064358697318282e-06, 9.092013959662405e-07, 1.3028562579728666e-06, 1.7209098415178653e-06, 2.279028395114899e-06]"
hMpxV/Portugal/INSA-PT0702/2023|EPI_ISL_18553847|2023-08-08,"[0.0, 0.0, 0.0, 0.0, 0.0, 0.0, 0.0, 0.0, 0.0, 0.0, 0.0, 0.0, 0.0, 0.0, 0.0, 0.0, 0.0, 0.0, 0.0, 0.0, 0.0, 0.0, 1.0, 0.0, 0.0, 0.0, 0.0, 0.0, 0.0, 0.0, 0.0]"
NODE_0000044,"[5.566312274605725e-35, 2.2908003588040644e-34, 8.348148718349597e-29, 2.289616543665633e-34, 2.011986542680473e-34, 2.306734642554871e-34, 2.3930948488731947e-34, 5.1577787246956525e-34, 6.7245629316246175e-34, 4.5845333258851775e-31, 3.146167858656284e-34, 2.368923260233044e-34, 3.7439265766153962e-34, 2.3350934650401512e-26, 1.154991880592798e-34, 1.4391643217568763e-34, 6.383868460930372e-28, 2.368923260235625e-34, 2.368923260236661e-34, 7.160157932804087e-33, 8.133086818067928e-32, 1.7686452726694394e-34, 1.0, 5.165309814767583e-34, 5.549322026394719e-22, 2.7363698403186635e-34, 1.2494483044501472e-34, 3.0878328266434814e-34, 2.5367995796123055e-34, 9.078383351047243e-32, 6.871754155467246e-34]"
hMpxV/Portugal/INSA-PT0633/2023|EPI_ISL_18044987|2023-06-25,"[0.0, 0.0, 0.0, 0.0, 0.0, 0.0, 0.0, 0.0, 0.0, 0.0, 0.0, 0.0, 0.0, 0.0, 0.0, 0.0, 0.0, 0.0, 0.0, 0.0, 0.0, 0.0, 1.0, 0.0, 0.0, 0.0, 0.0, 0.0, 0.0, 0.0, 0.0]"
hMpxV/Germany/BY-IMB-2541/2023|EPI_ISL_18627266|2023-11-22,"[0.0, 0.0, 0.0, 0.0, 0.0, 0.0, 0.0, 0.0, 0.0, 1.0, 0.0, 0.0, 0.0, 0.0, 0.0, 0.0, 0.0, 0.0, 0.0, 0.0, 0.0, 0.0, 0.0, 0.0, 0.0, 0.0, 0.0, 0.0, 0.0, 0.0, 0.0]"
hMpxV/Portugal/INSA-PT0646/2023|EPI_ISL_18076389|2023-07-07,"[0.0, 0.0, 0.0, 0.0, 0.0, 0.0, 0.0, 0.0, 0.0, 0.0, 0.0, 0.0, 0.0, 0.0, 0.0, 0.0, 0.0, 0.0, 0.0, 0.0, 0.0, 0.0, 1.0, 0.0, 0.0, 0.0, 0.0, 0.0, 0.0, 0.0, 0.0]"
hMpxV/Portugal/INSA-PT0685/2023|EPI_ISL_18553816|2023-07-13,"[0.0, 0.0, 0.0, 0.0, 0.0, 0.0, 0.0, 0.0, 0.0, 0.0, 0.0, 0.0, 0.0, 0.0, 0.0, 0.0, 0.0, 0.0, 0.0, 0.0, 0.0, 0.0, 1.0, 0.0, 0.0, 0.0, 0.0, 0.0, 0.0, 0.0, 0.0]"
hMpxV/Portugal/INSA-PT0689/2023|EPI_ISL_18553822|2023-07-17,"[0.0, 0.0, 0.0, 0.0, 0.0, 0.0, 0.0, 0.0, 0.0, 0.0, 0.0, 0.0, 0.0, 0.0, 0.0, 0.0, 0.0, 0.0, 0.0, 0.0, 0.0, 0.0, 1.0, 0.0, 0.0, 0.0, 0.0, 0.0, 0.0, 0.0, 0.0]"
hMpxV/Portugal/INSA-PT0716/2023|EPI_ISL_18553820|2023-08-31,"[0.0, 0.0, 0.0, 0.0, 0.0, 0.0, 0.0, 0.0, 0.0, 0.0, 0.0, 0.0, 0.0, 0.0, 0.0, 0.0, 0.0, 0.0, 0.0, 0.0, 0.0, 0.0, 1.0, 0.0, 0.0, 0.0, 0.0, 0.0, 0.0, 0.0, 0.0]"
hMpxV/Portugal/INSA-PT0701/2023|EPI_ISL_18553829|2023-08-07,"[0.0, 0.0, 0.0, 0.0, 0.0, 0.0, 0.0, 0.0, 0.0, 0.0, 0.0, 0.0, 0.0, 0.0, 0.0, 0.0, 0.0, 0.0, 0.0, 0.0, 0.0, 0.0, 1.0, 0.0, 0.0, 0.0, 0.0, 0.0, 0.0, 0.0, 0.0]"
hMpxV/Portugal/INSA-PT0694/2023|EPI_ISL_18553835|2023-07-18,"[0.0, 0.0, 0.0, 0.0, 0.0, 0.0, 0.0, 0.0, 0.0, 0.0, 0.0, 0.0, 0.0, 0.0, 0.0, 0.0, 0.0, 0.0, 0.0, 0.0, 0.0, 0.0, 1.0, 0.0, 0.0, 0.0, 0.0, 0.0, 0.0, 0.0, 0.0]"
hMpxV/Portugal/INSA-PT0656/2023|EPI_ISL_18228645|2023-07-21,"[0.0, 0.0, 0.0, 0.0, 0.0, 0.0, 0.0, 0.0, 0.0, 0.0, 0.0, 0.0, 0.0, 0.0, 0.0, 0.0, 0.0, 0.0, 0.0, 0.0, 0.0, 0.0, 1.0, 0.0, 0.0, 0.0, 0.0, 0.0, 0.0, 0.0, 0.0]"
hMpxV/Portugal/INSA-PT0653/2023|EPI_ISL_18228631|2023-07-21,"[0.0, 0.0, 0.0, 0.0, 0.0, 0.0, 0.0, 0.0, 0.0, 0.0, 0.0, 0.0, 0.0, 0.0, 0.0, 0.0, 0.0, 0.0, 0.0, 0.0, 0.0, 0.0, 1.0, 0.0, 0.0, 0.0, 0.0, 0.0, 0.0, 0.0, 0.0]"
hMpxV/Portugal/INSA-PT0655/2023|EPI_ISL_18228637|2023-07-21,"[0.0, 0.0, 0.0, 0.0, 0.0, 0.0, 0.0, 0.0, 0.0, 0.0, 0.0, 0.0, 0.0, 0.0, 0.0, 0.0, 0.0, 0.0, 0.0, 0.0, 0.0, 0.0, 1.0, 0.0, 0.0, 0.0, 0.0, 0.0, 0.0, 0.0, 0.0]"
hMpxV/Portugal/INSA-PT0661/2023|EPI_ISL_18228640|2023-07-26,"[0.0, 0.0, 0.0, 0.0, 0.0, 0.0, 0.0, 0.0, 0.0, 0.0, 0.0, 0.0, 0.0, 0.0, 0.0, 0.0, 0.0, 0.0, 0.0, 0.0, 0.0, 0.0, 1.0, 0.0, 0.0, 0.0, 0.0, 0.0, 0.0, 0.0, 0.0]"
NODE_0000052,"[0.0001838589009263829, 0.000258993922808408, 0.00033393147604022925, 0.0002680940859911547, 0.00023061355964470336, 0.00026221004529949183, 0.0002574574532290155, 0.0002635359295984223, 0.0002740282086169648, 0.0003386288570623246, 0.0002532915013419641, 0.00026051168461797397, 0.0002746438203289587, 0.9730596232014379, 0.00016844950916191747, 0.00017980354892224994, 0.004106046828378781, 0.0002605116846180221, 0.0002605116846180671, 0.00030290188324284817, 0.0001360915804020807, 0.0002788548898572944, 0.015321194284454623, 0.0002635500606019689, 0.0007280862639359294, 0.00024455276977278825, 0.00023429065045690005, 0.000274965143155615, 0.0002461379483521476, 0.0002095200969971272, 0.0002651085261274037]"
hMpxV/Ireland/D-NVRL-Z22IRL00925/2023|EPI_ISL_18634756|2023-10-18,"[0.0, 0.0, 0.0, 0.0, 0.0, 0.0, 0.0, 0.0, 0.0, 0.0, 0.0, 0.0, 0.0, 1.0, 0.0, 0.0, 0.0, 0.0, 0.0, 0.0, 0.0, 0.0, 0.0, 0.0, 0.0, 0.0, 0.0, 0.0, 0.0, 0.0, 0.0]"
hMpxV/Netherlands/un-EMC-NL106/2024|EPI_ISL_19356931|2024-08-13,"[0.0, 0.0, 0.0, 0.0, 0.0, 0.0, 0.0, 0.0, 0.0, 0.0, 0.0, 0.0, 0.0, 0.0, 0.0, 0.0, 1.0, 0.0, 0.0, 0.0, 0.0, 0.0, 0.0, 0.0, 0.0, 0.0, 0.0, 0.0, 0.0, 0.0, 0.0]"
NODE_0000051,"[9.422455227212204e-13, 1.6193670313255367e-12, 6.06910336601917e-11, 1.665215819083749e-12, 1.44024356183733e-12, 1.6376730867763315e-12, 1.6215434539811358e-12, 1.6765440517622085e-12, 1.73497739606123e-12, 7.039394231749365e-12, 1.6124900225921006e-12, 1.6358003786244057e-12, 1.5332638931501714e-12, 4.5738876065295666e-11, 9.57153048713841e-13, 1.078775743124954e-12, 8.991584845798715e-11, 1.6358003786264943e-12, 1.635800378627274e-12, 4.726277645115059e-12, 2.5167133441105984e-12, 1.6589182885729613e-12, 0.9999999982762802, 1.6768021500594862e-12, 1.4745336628393792e-09, 1.5406062504831984e-12, 1.3571944839473335e-12, 1.572118234227412e-12, 1.518227156804109e-12, 5.1108175015026786e-12, 1.696345531396067e-12]"
hMpxV/Portugal/INSA-PT0764/2023|EPI_ISL_18702215|2023-10-13,"[0.0, 0.0, 0.0, 0.0, 0.0, 0.0, 0.0, 0.0, 0.0, 0.0, 0.0, 0.0, 0.0, 0.0, 0.0, 0.0, 0.0, 0.0, 0.0, 0.0, 0.0, 0.0, 1.0, 0.0, 0.0, 0.0, 0.0, 0.0, 0.0, 0.0, 0.0]"
hMpxV/Portugal/INSA-PT0747/2023|EPI_ISL_18702218|2023-09-26,"[0.0, 0.0, 0.0, 0.0, 0.0, 0.0, 0.0, 0.0, 0.0, 0.0, 0.0, 0.0, 0.0, 0.0, 0.0, 0.0, 0.0, 0.0, 0.0, 0.0, 0.0, 0.0, 1.0, 0.0, 0.0, 0.0, 0.0, 0.0, 0.0, 0.0, 0.0]"
hMpxV/Portugal/INSA-PT0741/2023|EPI_ISL_18702246|2023-09-25,"[0.0, 0.0, 0.0, 0.0, 0.0, 0.0, 0.0, 0.0, 0.0, 0.0, 0.0, 0.0, 0.0, 0.0, 0.0, 0.0, 0.0, 0.0, 0.0, 0.0, 0.0, 0.0, 1.0, 0.0, 0.0, 0.0, 0.0, 0.0, 0.0, 0.0, 0.0]"
NODE_0000053,"[7.345375852833678e-10, 1.5883440180458766e-09, 1.417923050831969e-09, 1.6556975954618279e-09, 1.3283664416916734e-09, 1.6154066914192373e-09, 1.588620357906089e-09, 1.6109824113420788e-09, 1.6644530630572868e-09, 2.2524353330192645e-09, 1.5595172935518798e-09, 1.6120304450856112e-09, 1.415005648504213e-09, 0.9999988031133118, 7.470018591016002e-10, 9.002981469878482e-10, 2.8114728969140853e-08, 1.6120304450861381e-09, 1.6120304450866638e-09, 1.874662890102217e-09, 1.350351341203206e-09, 1.6558384880063082e-09, 1.1258104439059659e-06, 1.6112052960056538e-09, 3.8552668496171646e-09, 1.4790005721727526e-09, 1.23247954251112e-09, 1.5085656011385299e-09, 1.4300669539021303e-09, 4.392902670263643e-10, 1.6101067077133772e-09]"
hMpxV/Ireland/un-NVRL-Z22IRL00908/2023|EPI_ISL_18308397|2023-08-18,"[0.0, 0.0, 0.0, 0.0, 0.0, 0.0, 0.0, 0.0, 0.0, 0.0, 0.0, 0.0, 0.0, 1.0, 0.0, 0.0, 0.0, 0.0, 0.0, 0.0, 0.0, 0.0, 0.0, 0.0, 0.0, 0.0, 0.0, 0.0, 0.0, 0.0, 0.0]"
hMpxV/Ireland/un-NVRL-Z22IRL00910/2023|EPI_ISL_18308399|2023-08-28,"[0.0, 0.0, 0.0, 0.0, 0.0, 0.0, 0.0, 0.0, 0.0, 0.0, 0.0, 0.0, 0.0, 1.0, 0.0, 0.0, 0.0, 0.0, 0.0, 0.0, 0.0, 0.0, 0.0, 0.0, 0.0, 0.0, 0.0, 0.0, 0.0, 0.0, 0.0]"
NODE_0000054,"[5.247288882909425e-10, 1.0079779428810306e-09, 3.815303333131588e-10, 1.051885720787523e-09, 8.467474436344513e-10, 1.0254155321543405e-09, 1.004792699472361e-09, 9.991062652083617e-10, 1.0252553851621409e-09, 1.0298111143100107e-09, 9.792871978671489e-10, 1.0206102349725074e-09, 8.887608910365103e-10, 0.9999999520185632, 5.022806793302414e-10, 5.950599136458518e-10, 7.30536818123947e-09, 1.0206102349729797e-09, 1.0206102349735136e-09, 9.383751682279494e-10, 6.13781685273326e-10, 1.0700413710437e-09, 1.681268111827262e-08, 9.99168827966283e-10, 4.93167677020228e-10, 9.389724677143752e-10, 8.176711265833194e-10, 9.485892423389527e-10, 9.124195211136204e-10, 2.1791144716638137e-10, 9.888182327468169e-10]"
hMpxV/Ireland/un-NVRL-G23IRL50393/2023|EPI_ISL_18308396|2023-08-16,"[0.0, 0.0, 0.0, 0.0, 0.0, 0.0, 0.0, 0.0, 0.0, 0.0, 0.0, 0.0, 0.0, 1.0, 0.0, 0.0, 0.0, 0.0, 0.0, 0.0, 0.0, 0.0, 0.0, 0.0, 0.0, 0.0, 0.0, 0.0, 0.0, 0.0, 0.0]"
hMpxV/Ireland/un-NVRL-Z22IRL00909/2023|EPI_ISL_18308398|2023-08-31,"[0.0, 0.0, 0.0, 0.0, 0.0, 0.0, 0.0, 0.0, 0.0, 0.0, 0.0, 0.0, 0.0, 1.0, 0.0, 0.0, 0.0, 0.0, 0.0, 0.0, 0.0, 0.0, 0.0, 0.0, 0.0, 0.0, 0.0, 0.0, 0.0, 0.0, 0.0]"
NODE_0000049,"[1.0789816959206594e-08, 1.6427018250058146e-08, 2.68457548762534e-07, 1.6907138366853574e-08, 1.469451485160133e-08, 1.6614208359411587e-08, 1.639492944099537e-08, 1.6679377396979776e-08, 1.7176696359007372e-08, 5.1900286761438144e-08, 1.6200298230613103e-08, 1.6553155440321286e-08, 1.5468957443285793e-08, 2.2868569381237438e-07, 1.0356101827601154e-08, 1.1413138246306258e-08, 4.060613766346457e-07, 1.6553155440323714e-08, 1.6553155440324568e-08, 3.806031469448384e-08, 1.8329420388642866e-08, 1.712568224280959e-08, 0.9999954599246539, 1.668021819326137e-08, 3.1467789083202172e-06, 1.563349000368983e-08, 1.4398093513501134e-08, 1.581866044326682e-08, 1.550382829637109e-08, 4.1115139408550416e-08, 1.6745022622853282e-08]"
hMpxV/Portugal/INSA-PT0703/2023|EPI_ISL_18553833|2023-08-10,"[0.0, 0.0, 0.0, 0.0, 0.0, 0.0, 0.0, 0.0, 0.0, 0.0, 0.0, 0.0, 0.0, 0.0, 0.0, 0.0, 0.0, 0.0, 0.0, 0.0, 0.0, 0.0, 0.9999999999999999, 0.0, 0.0, 0.0, 0.0, 0.0, 0.0, 0.0, 0.0]"
NODE_0000050,"[4.1050784437018326e-11, 9.428698450538184e-11, 1.0829456701611104e-09, 9.763938871905101e-11, 7.943989723939951e-11, 9.564790043588725e-11, 9.464574832577927e-11, 9.556311009068067e-11, 9.78146793062848e-11, 3.157382386818181e-10, 9.327361561510222e-11, 9.582780315435305e-11, 1.1880373544456704e-10, 8.578419060416127e-08, 4.445324492335815e-11, 5.439109215772201e-11, 3.0683738236422247e-07, 9.58278031544166e-11, 9.582780315444756e-11, 2.1693890618359023e-10, 1.1216549328280567e-10, 9.640611807375807e-11, 0.9999995859539337, 9.557886338217452e-11, 1.7558483550106017e-08, 8.861476667511976e-11, 7.100963476208432e-11, 1.2688674270625894e-10, 8.459504346158323e-11, 1.8525448491201161e-10, 9.538230451236042e-11]"
hMpxV/Netherlands/un-EMC-NL088/2023|EPI_ISL_18659828|2023-08-29,"[0.0, 0.0, 0.0, 0.0, 0.0, 0.0, 0.0, 0.0, 0.0, 0.0, 0.0, 0.0, 0.0, 0.0, 0.0, 0.0, 1.0, 0.0, 0.0, 0.0, 0.0, 0.0, 0.0, 0.0, 0.0, 0.0, 0.0, 0.0, 0.0, 0.0, 0.0]"
hMpxV/Ireland/D-NVRL-Z22IRL00922/2023|EPI_ISL_18634755|2023-10-09,"[0.0, 0.0, 0.0, 0.0, 0.0, 0.0, 0.0, 0.0, 0.0, 0.0, 0.0, 0.0, 0.0, 0.9999999999999999, 0.0, 0.0, 0.0, 0.0, 0.0, 0.0, 0.0, 0.0, 0.0, 0.0, 0.0, 0.0, 0.0, 0.0, 0.0, 0.0, 0.0]"
hMpxV/Portugal/INSA-PT0708/2023|EPI_ISL_18553824|2023-08-10,"[0.0, 0.0, 0.0, 0.0, 0.0, 0.0, 0.0, 0.0, 0.0, 0.0, 0.0, 0.0, 0.0, 0.0, 0.0, 0.0, 0.0, 0.0, 0.0, 0.0, 0.0, 0.0, 1.0, 0.0, 0.0, 0.0, 0.0, 0.0, 0.0, 0.0, 0.0]"
hMpxV/Portugal/INSA-PT0652/2023|EPI_ISL_18228633|2023-07-19,"[0.0, 0.0, 0.0, 0.0, 0.0, 0.0, 0.0, 0.0, 0.0, 0.0, 0.0, 0.0, 0.0, 0.0, 0.0, 0.0, 0.0, 0.0, 0.0, 0.0, 0.0, 0.0, 1.0, 0.0, 0.0, 0.0, 0.0, 0.0, 0.0, 0.0, 0.0]"
NODE_0000045,"[5.052352523665034e-06, 1.3702749091165985e-06, 0.0004868190461934046, 1.348864845347964e-06, 2.6154037291167824e-06, 1.3679951825693452e-06, 1.425910074813178e-06, 1.3925319053565367e-06, 1.4189117470026445e-06, 1.7428842681661093e-06, 1.3537732654414183e-06, 1.3487149197023143e-06, 1.7650611517015576e-06, 4.386306988764828e-06, 1.6020453605769653e-06, 6.348717606430446e-06, 0.00041135859096610425, 1.3487149197015382e-06, 1.348714919701074e-06, 1.527736542154847e-06, 0.00010010392669470536, 1.3138661797599339e-06, 0.000448141201979506, 1.3927892988856826e-06, 7.907362491530015e-06, 2.5153973876071994e-06, 1.0962187319717184e-06, 3.3785820743916766e-06, 1.2604222402157385e-06, 0.998494534837926, 1.4128429765277702e-06]"
hMpxV/USA/CA-CDPH-1M1000432/2023|EPI_ISL_18781817|2023-10-14,"[0.0, 0.0, 0.0, 0.0, 0.0, 0.0, 0.0, 0.0, 0.0, 0.0, 0.0, 0.0, 0.0, 0.0, 0.0, 0.0, 0.0, 0.0, 0.0, 0.0, 0.0, 0.0, 0.0, 0.0, 0.0, 0.0, 0.0, 0.0, 0.0, 1.0, 0.0]"
hMpxV/USA/IL-RIPHL-004-0142/2024|EPI_ISL_19158946|2024-02-07,"[0.0, 0.0, 0.0, 0.0, 0.0, 0.0, 0.0, 0.0, 0.0, 0.0, 0.0, 0.0, 0.0, 0.0, 0.0, 0.0, 0.0, 0.0, 0.0, 0.0, 0.0, 0.0, 0.0, 0.0, 0.0, 0.0, 0.0, 0.0, 0.0, 0.9999999999999999, 0.0]"
NODE_0000046,"[3.086426539024602e-09, 5.71870987632728e-10, 0.9999995111224111, 5.638525284635254e-10, 4.808390213523957e-09, 5.713996611520777e-10, 7.051455240428544e-10, 5.666037814118551e-10, 5.674504490963115e-10, 5.634208179251212e-10, 5.643536315252038e-10, 5.65179739791956e-10, 5.247675538736964e-10, 5.65231134113329e-10, 4.5189763395775286e-10, 2.6870431974474472e-09, 8.397841422916786e-10, 5.651797397924052e-10, 5.651797397923299e-10, 5.287059798153458e-10, 8.4182316380888e-08, 5.42206250943497e-10, 2.3477787371247892e-08, 5.66671029558337e-10, 1.050619093349719e-09, 7.005527201051873e-10, 4.672984368144932e-10, 7.011413126889663e-10, 5.272019885540638e-10, 3.562331852145646e-07, 5.667258646046542e-10]"
hMpxV/Brazil/SP-IAL-357514864/2024|EPI_ISL_19359676|2024-02-22,"[0.0, 0.0, 1.0, 0.0, 0.0, 0.0, 0.0, 0.0, 0.0, 0.0, 0.0, 0.0, 0.0, 0.0, 0.0, 0.0, 0.0, 0.0, 0.0, 0.0, 0.0, 0.0, 0.0, 0.0, 0.0, 0.0, 0.0, 0.0, 0.0, 0.0, 0.0]"
hMpxV/Brazil/SP-IAL-357496487/2024|EPI_ISL_19359675|2024-02-16,"[0.0, 0.0, 0.9999999999999999, 0.0, 0.0, 0.0, 0.0, 0.0, 0.0, 0.0, 0.0, 0.0, 0.0, 0.0, 0.0, 0.0, 0.0, 0.0, 0.0, 0.0, 0.0, 0.0, 0.0, 0.0, 0.0, 0.0, 0.0, 0.0, 0.0, 0.0, 0.0]"
hMpxV/Brazil/SP-IAL-357531658/2024|EPI_ISL_19359684|2024-02-28,"[0.0, 0.0, 1.0, 0.0, 0.0, 0.0, 0.0, 0.0, 0.0, 0.0, 0.0, 0.0, 0.0, 0.0, 0.0, 0.0, 0.0, 0.0, 0.0, 0.0, 0.0, 0.0, 0.0, 0.0, 0.0, 0.0, 0.0, 0.0, 0.0, 0.0, 0.0]"
NODE_0000047,"[4.2464884799914046e-07, 3.5494995809066973e-07, 5.1623671400448e-07, 3.6039179534922434e-07, 3.5751749224941515e-07, 3.5792929173384187e-07, 3.5297226423634704e-07, 3.4923433393075443e-07, 3.5548199005084577e-07, 3.5499720503926004e-07, 3.444109498478744e-07, 3.53584000074981e-07, 7.048099052087203e-07, 1.339024300974038e-06, 2.678927098060558e-07, 5.043927805287287e-07, 0.9999455046861545, 3.5358400007501607e-07, 3.5358400007505074e-07, 3.3031389614821006e-07, 7.38233334019323e-07, 3.676278790765173e-07, 3.5584034728466183e-06, 3.4925325132925565e-07, 2.614006401357634e-07, 4.547461023851604e-07, 2.944263856934984e-07, 9.703102848270954e-07, 3.2390388271748374e-07, 3.84939985198889e-05, 3.470536572973093e-07]"
hMpxV/Netherlands/un-EMC-NL092/2023|EPI_ISL_18746884|2023-12-18,"[0.0, 0.0, 0.0, 0.0, 0.0, 0.0, 0.0, 0.0, 0.0, 0.0, 0.0, 0.0, 0.0, 0.0, 0.0, 0.0, 1.0, 0.0, 0.0, 0.0, 0.0, 0.0, 0.0, 0.0, 0.0, 0.0, 0.0, 0.0, 0.0, 0.0, 0.0]"
NODE_0000048,"[8.038773752689929e-12, 1.242259692767397e-11, 7.266233093618693e-12, 1.2860339908791707e-11, 1.0960283455018631e-11, 1.261029358986568e-11, 1.2395211628792864e-11, 1.2318714328320209e-11, 1.2597365909390998e-11, 1.2581686099863165e-11, 1.2098986775333473e-11, 1.2539569685178261e-11, 3.597922473312604e-11, 9.044452557761699e-11, 6.688621920357249e-12, 9.973504235849125e-12, 0.999999998852874, 1.253956968518763e-11, 1.253956968520058e-11, 1.1409339547146787e-11, 9.045390430598534e-12, 1.3192920574122047e-11, 2.3044816959670396e-10, 1.2319856574814908e-11, 6.277066153462867e-12, 1.2901653741549819e-11, 9.828859273125602e-12, 4.086025906428686e-11, 1.117514334535514e-11, 4.706026323232277e-10, 1.2209533613445804e-11]"
hMpxV/Netherlands/un-EMC-NL093/2023|EPI_ISL_18746885|2023-12-19,"[0.0, 0.0, 0.0, 0.0, 0.0, 0.0, 0.0, 0.0, 0.0, 0.0, 0.0, 0.0, 0.0, 0.0, 0.0, 0.0, 0.9999999999999999, 0.0, 0.0, 0.0, 0.0, 0.0, 0.0, 0.0, 0.0, 0.0, 0.0, 0.0, 0.0, 0.0, 0.0]"
hMpxV/Netherlands/un-EMC-NL098/2023|EPI_ISL_19356927|2023-12-19,"[0.0, 0.0, 0.0, 0.0, 0.0, 0.0, 0.0, 0.0, 0.0, 0.0, 0.0, 0.0, 0.0, 0.0, 0.0, 0.0, 0.9999999999999999, 0.0, 0.0, 0.0, 0.0, 0.0, 0.0, 0.0, 0.0, 0.0, 0.0, 0.0, 0.0, 0.0, 0.0]"
NODE_0000016,"[8.97265540862778e-18, 6.448558345371805e-19, 8.664054328165075e-19, 6.583205507918503e-19, 5.451619459623286e-19, 6.512334598085257e-19, 6.581676285483709e-19, 4.288530797618688e-17, 5.125162259181836e-16, 6.74561389944916e-19, 3.153415597522332e-18, 6.624846307295708e-19, 3.61727923855814e-17, 6.827920107013841e-19, 5.2818110164576404e-17, 3.5641094947264523e-19, 6.657851500336091e-19, 6.624846307281939e-19, 6.624846307280986e-19, 5.652729718946748e-19, 1.7034442633123676e-19, 6.112639503769594e-19, 1.0413690309897033e-12, 1.2406285588530232e-13, 0.9999999999988337, 6.240383594707885e-19, 4.731469721312143e-18, 6.4688106301771e-19, 6.358510746225121e-18, 3.525668339147611e-19, 1.7482181348507023e-16]"
hMpxV/China/SZ-CDC/Strain013,"[0.0, 0.0, 0.0, 0.0, 0.0, 0.0, 0.0, 0.0, 0.0, 0.0, 0.0, 0.0, 0.0, 0.0, 0.0, 0.0, 0.0, 0.0, 0.0, 0.0, 0.0, 0.0, 0.0, 0.0, 1.0, 0.0, 0.0, 0.0, 0.0, 0.0, 0.0]"
hMpxV/China/SZ-CDC/Strain019,"[0.0, 0.0, 0.0, 0.0, 0.0, 0.0, 0.0, 0.0, 0.0, 0.0, 0.0, 0.0, 0.0, 0.0, 0.0, 0.0, 0.0, 0.0, 0.0, 0.0, 0.0, 0.0, 0.0, 0.0, 1.0, 0.0, 0.0, 0.0, 0.0, 0.0, 0.0]"
hMpxV/China/SZ-CDC/Strain068,"[0.0, 0.0, 0.0, 0.0, 0.0, 0.0, 0.0, 0.0, 0.0, 0.0, 0.0, 0.0, 0.0, 0.0, 0.0, 0.0, 0.0, 0.0, 0.0, 0.0, 0.0, 0.0, 0.0, 0.0, 1.0, 0.0, 0.0, 0.0, 0.0, 0.0, 0.0]"
hMpxV/China/SZ-CDC/Strain151,"[0.0, 0.0, 0.0, 0.0, 0.0, 0.0, 0.0, 0.0, 0.0, 0.0, 0.0, 0.0, 0.0, 0.0, 0.0, 0.0, 0.0, 0.0, 0.0, 0.0, 0.0, 0.0, 0.0, 0.0, 1.0, 0.0, 0.0, 0.0, 0.0, 0.0, 0.0]"
NODE_0000028,"[8.464421131170622e-08, 4.0162545102851635e-08, 3.352421026753832e-08, 4.13383030086665e-08, 3.530368778444438e-08, 4.064829319698119e-08, 4.017001707229632e-08, 1.5833460672336338e-07, 9.27298517304539e-07, 4.06927207133595e-08, 6.688989538468596e-08, 4.060100048160361e-08, 1.4491287831754424e-07, 4.00999019598223e-08, 1.3480875075772809e-07, 2.679376329968039e-08, 3.979612438253383e-08, 4.060100048153668e-08, 4.060100048155682e-08, 3.7717097327810645e-08, 1.0884462317729455e-08, 4.161059153402409e-08, 1.4336290736274376e-06, 0.0007042604617060984, 0.999291693349716, 3.82808999822207e-08, 7.51322317780043e-08, 3.863565007478546e-08, 8.348813436237837e-08, 2.4442502400207407e-08, 2.451465063270209e-07]"
hMpxV/China/SZ-CDC/Strain005,"[0.0, 0.0, 0.0, 0.0, 0.0, 0.0, 0.0, 0.0, 0.0, 0.0, 0.0, 0.0, 0.0, 0.0, 0.0, 0.0, 0.0, 0.0, 0.0, 0.0, 0.0, 0.0, 0.0, 0.0, 0.9999999999999999, 0.0, 0.0, 0.0, 0.0, 0.0, 0.0]"
NODE_0000030,"[1.0089180821580455e-07, 1.0790291963683551e-07, 5.138824876614031e-08, 1.1218978692845193e-07, 9.087526019502482e-08, 1.0966770180497279e-07, 1.0790151974800513e-07, 2.147728346539334e-07, 0.0006303165212530873, 1.0966844617628286e-07, 1.3770292791285476e-07, 1.0947257336965018e-07, 1.9018599124512252e-07, 1.072459029584647e-07, 1.279852815021893e-07, 6.357153961512944e-08, 1.0536170689147827e-07, 1.0947257336937487e-07, 1.0947257336938097e-07, 9.915182985334698e-08, 2.2076385678276107e-08, 1.1264195778869518e-07, 4.6172493283040694e-07, 0.9969776780188604, 0.002388470751484987, 1.011660754733525e-07, 1.276919264409248e-07, 1.024062765437448e-07, 1.4631767885613995e-07, 2.9739053431109068e-08, 2.6606268829039376e-07]"
hMpxV/China/SZ-GCDC_M024/2023|EPI_ISL_19058869|2023-06-11,"[0.0, 0.0, 0.0, 0.0, 0.0, 0.0, 0.0, 0.0, 0.0, 0.0, 0.0, 0.0, 0.0, 0.0, 0.0, 0.0, 0.0, 0.0, 0.0, 0.0, 0.0, 0.0, 0.0, 1.0, 0.0, 0.0, 0.0, 0.0, 0.0, 0.0, 0.0]"
NODE_0000031,"[1.0533425583017017e-07, 1.2149046512287314e-07, 5.55162919230629e-08, 1.2643281214969755e-07, 1.0214967472796118e-07, 1.2351432086723177e-07, 1.214295100883835e-07, 2.2343308846380805e-07, 0.0009776701527509097, 1.2353230212959454e-07, 1.4943391565221754e-07, 1.2323733050336316e-07, 1.9771498370323255e-07, 1.2090995084221113e-07, 1.3070720392531865e-07, 7.133581152023897e-08, 1.1890611587978288e-07, 1.232373305030836e-07, 1.2323733050311143e-07, 1.1175461827939224e-07, 2.446865166516188e-08, 1.2721900556367746e-07, 4.492828988688057e-07, 0.9973151676494348, 0.001703361953595984, 1.1375023876931581e-07, 1.366891030527889e-07, 1.1509230470926242e-07, 1.5634260611894594e-07, 3.187024562313179e-08, 2.7222185125915934e-07]"
hMpxV/China/SZ-GCDC_M022/2023|EPI_ISL_19058865|2023-06-10,"[0.0, 0.0, 0.0, 0.0, 0.0, 0.0, 0.0, 0.0, 0.0, 0.0, 0.0, 0.0, 0.0, 0.0, 0.0, 0.0, 0.0, 0.0, 0.0, 0.0, 0.0, 0.0, 0.0, 1.0, 0.0, 0.0, 0.0, 0.0, 0.0, 0.0, 0.0]"
hMpxV/China/GZ-GCDC_M021/2023|EPI_ISL_19058870|2023-06-11,"[0.0, 0.0, 0.0, 0.0, 0.0, 0.0, 0.0, 0.0, 1.0, 0.0, 0.0, 0.0, 0.0, 0.0, 0.0, 0.0, 0.0, 0.0, 0.0, 0.0, 0.0, 0.0, 0.0, 0.0, 0.0, 0.0, 0.0, 0.0, 0.0, 0.0, 0.0]"
NODE_0000017,"[2.3229782757107782e-33, 4.5970133600873444e-36, 1.6001154369938953e-35, 4.654743919470792e-36, 3.566882374251452e-36, 4.6229338996155926e-36, 4.8877443060829506e-36, 7.094617330161116e-32, 2.586450850100911e-30, 5.3410679452874883e-36, 1.8105535874058818e-34, 4.882638863556153e-36, 5.011864648813414e-32, 6.14805427747427e-36, 1.5909130706735578e-31, 1.6902582972194857e-36, 6.030437995870904e-36, 4.882638863553475e-36, 4.882638863555027e-36, 3.595279489215507e-36, 1.139988448192792e-36, 3.7468229477801373e-36, 7.611244117130913e-24, 3.737025344496036e-29, 1.0, 4.566015651063375e-36, 4.957372487965019e-34, 5.000077487523915e-36, 9.25101800910654e-34, 1.7244860047448298e-36, 1.8692431823294788e-30]"
hMpxV/China/SZ-CDC/Strain016,"[0.0, 0.0, 0.0, 0.0, 0.0, 0.0, 0.0, 0.0, 0.0, 0.0, 0.0, 0.0, 0.0, 0.0, 0.0, 0.0, 0.0, 0.0, 0.0, 0.0, 0.0, 0.0, 0.0, 0.0, 0.9999999999999999, 0.0, 0.0, 0.0, 0.0, 0.0, 0.0]"
hMpxV/China/SZ-CDC/Strain021,"[0.0, 0.0, 0.0, 0.0, 0.0, 0.0, 0.0, 0.0, 0.0, 0.0, 0.0, 0.0, 0.0, 0.0, 0.0, 0.0, 0.0, 0.0, 0.0, 0.0, 0.0, 0.0, 0.0, 0.0, 0.9999999999999999, 0.0, 0.0, 0.0, 0.0, 0.0, 0.0]"
hMpxV/China/SZ-CDC/Strain022,"[0.0, 0.0, 0.0, 0.0, 0.0, 0.0, 0.0, 0.0, 0.0, 0.0, 0.0, 0.0, 0.0, 0.0, 0.0, 0.0, 0.0, 0.0, 0.0, 0.0, 0.0, 0.0, 0.0, 0.0, 0.9999999999999999, 0.0, 0.0, 0.0, 0.0, 0.0, 0.0]"
hMpxV/China/SZ-CDC/Strain037,"[0.0, 0.0, 0.0, 0.0, 0.0, 0.0, 0.0, 0.0, 0.0, 0.0, 0.0, 0.0, 0.0, 0.0, 0.0, 0.0, 0.0, 0.0, 0.0, 0.0, 0.0, 0.0, 0.0, 0.0, 1.0, 0.0, 0.0, 0.0, 0.0, 0.0, 0.0]"
hMpxV/China/SZ-CDC/Strain054,"[0.0, 0.0, 0.0, 0.0, 0.0, 0.0, 0.0, 0.0, 0.0, 0.0, 0.0, 0.0, 0.0, 0.0, 0.0, 0.0, 0.0, 0.0, 0.0, 0.0, 0.0, 0.0, 0.0, 0.0, 1.0, 0.0, 0.0, 0.0, 0.0, 0.0, 0.0]"
hMpxV/China/SZ-CDC/Strain062,"[0.0, 0.0, 0.0, 0.0, 0.0, 0.0, 0.0, 0.0, 0.0, 0.0, 0.0, 0.0, 0.0, 0.0, 0.0, 0.0, 0.0, 0.0, 0.0, 0.0, 0.0, 0.0, 0.0, 0.0, 1.0, 0.0, 0.0, 0.0, 0.0, 0.0, 0.0]"
hMpxV/China/SZ-CDC/Strain064,"[0.0, 0.0, 0.0, 0.0, 0.0, 0.0, 0.0, 0.0, 0.0, 0.0, 0.0, 0.0, 0.0, 0.0, 0.0, 0.0, 0.0, 0.0, 0.0, 0.0, 0.0, 0.0, 0.0, 0.0, 1.0, 0.0, 0.0, 0.0, 0.0, 0.0, 0.0]"
hMpxV/China/SZ-CDC/Strain077,"[0.0, 0.0, 0.0, 0.0, 0.0, 0.0, 0.0, 0.0, 0.0, 0.0, 0.0, 0.0, 0.0, 0.0, 0.0, 0.0, 0.0, 0.0, 0.0, 0.0, 0.0, 0.0, 0.0, 0.0, 0.9999999999999999, 0.0, 0.0, 0.0, 0.0, 0.0, 0.0]"
hMpxV/China/SZ-CDC/Strain129,"[0.0, 0.0, 0.0, 0.0, 0.0, 0.0, 0.0, 0.0, 0.0, 0.0, 0.0, 0.0, 0.0, 0.0, 0.0, 0.0, 0.0, 0.0, 0.0, 0.0, 0.0, 0.0, 0.0, 0.0, 1.0, 0.0, 0.0, 0.0, 0.0, 0.0, 0.0]"
hMpxV/China/SZ-CDC/Strain131,"[0.0, 0.0, 0.0, 0.0, 0.0, 0.0, 0.0, 0.0, 0.0, 0.0, 0.0, 0.0, 0.0, 0.0, 0.0, 0.0, 0.0, 0.0, 0.0, 0.0, 0.0, 0.0, 0.0, 0.0, 1.0, 0.0, 0.0, 0.0, 0.0, 0.0, 0.0]"
hMpxV/China/SZ-CDC/Strain166,"[0.0, 0.0, 0.0, 0.0, 0.0, 0.0, 0.0, 0.0, 0.0, 0.0, 0.0, 0.0, 0.0, 0.0, 0.0, 0.0, 0.0, 0.0, 0.0, 0.0, 0.0, 0.0, 0.0, 0.0, 1.0, 0.0, 0.0, 0.0, 0.0, 0.0, 0.0]"
hMpxV/China/SZ-CDC/Strain172,"[0.0, 0.0, 0.0, 0.0, 0.0, 0.0, 0.0, 0.0, 0.0, 0.0, 0.0, 0.0, 0.0, 0.0, 0.0, 0.0, 0.0, 0.0, 0.0, 0.0, 0.0, 0.0, 0.0, 0.0, 1.0, 0.0, 0.0, 0.0, 0.0, 0.0, 0.0]"
hMpxV/China/SZ-SZTH41/2023|EPI_ISL_18213375|2023-06-19,"[0.0, 0.0, 0.0, 0.0, 0.0, 0.0, 0.0, 0.0, 0.0, 0.0, 0.0, 0.0, 0.0, 0.0, 0.0, 0.0, 0.0, 0.0, 0.0, 0.0, 0.0, 0.0, 0.0, 1.0, 0.0, 0.0, 0.0, 0.0, 0.0, 0.0, 0.0]"
hMpxV/China/SZ-CDC/Strain073,"[0.0, 0.0, 0.0, 0.0, 0.0, 0.0, 0.0, 0.0, 0.0, 0.0, 0.0, 0.0, 0.0, 0.0, 0.0, 0.0, 0.0, 0.0, 0.0, 0.0, 0.0, 0.0, 0.0, 0.0, 1.0, 0.0, 0.0, 0.0, 0.0, 0.0, 0.0]"
NODE_0000027,"[8.008820191405433e-08, 2.209615433287145e-08, 2.7496540899790008e-08, 2.26422423697472e-08, 1.992465261377584e-08, 2.230224291971368e-08, 2.211163626472594e-08, 1.4101764346798322e-07, 2.642019640710035e-07, 2.2685198576651664e-08, 4.401413892181254e-08, 2.229653117934559e-08, 1.3102728810602792e-07, 2.3108115254923947e-08, 1.499100587563968e-07, 1.5843671018193054e-08, 2.3452719127630148e-08, 2.229653117934578e-08, 2.2296531179348345e-08, 2.122697761315441e-08, 7.24941381258189e-09, 2.2932380626129374e-08, 3.959012334505982e-06, 1.412839169125764e-07, 0.9999943057243101, 2.1271102493443515e-08, 5.701314668719778e-08, 2.1438691341436964e-08, 6.150730946617228e-08, 2.248812662849299e-08, 2.6004022749533075e-07]"
hMpxV/China/SZ-CDC/Strain187,"[0.0, 0.0, 0.0, 0.0, 0.0, 0.0, 0.0, 0.0, 0.0, 0.0, 0.0, 0.0, 0.0, 0.0, 0.0, 0.0, 0.0, 0.0, 0.0, 0.0, 0.0, 0.0, 0.0, 0.0, 1.0, 0.0, 0.0, 0.0, 0.0, 0.0, 0.0]"
hMpxV/China/SZ-CDC/Strain192,"[0.0, 0.0, 0.0, 0.0, 0.0, 0.0, 0.0, 0.0, 0.0, 0.0, 0.0, 0.0, 0.0, 0.0, 0.0, 0.0, 0.0, 0.0, 0.0, 0.0, 0.0, 0.0, 0.0, 0.0, 1.0, 0.0, 0.0, 0.0, 0.0, 0.0, 0.0]"
NODE_0000018,"[3.6108418146440977e-13, 5.6434678826799456e-14, 7.718168906721512e-14, 5.753375746223284e-14, 5.031045486625784e-14, 5.69294871927003e-14, 5.6822865128899e-14, 8.329560347944201e-13, 2.0076072389327764e-12, 5.733425343167647e-14, 1.5703296995040382e-13, 5.722054463665392e-14, 7.593764313044279e-13, 5.663643671426856e-14, 9.968150722365628e-13, 3.832556640824609e-14, 5.588473347467522e-14, 5.72205446366147e-14, 5.722054463667581e-14, 5.2322703917632424e-14, 1.8002022840915954e-14, 5.6394209099534423e-14, 9.960048933780966e-11, 8.342954963689349e-13, 0.9999999998909644, 5.462069546718868e-14, 2.1665189144089763e-13, 5.550309968813258e-14, 2.519110356948242e-13, 5.5356900425892245e-14, 1.9901642902212353e-12]"
hMpxV/China/SZ-CDC/Strain010,"[0.0, 0.0, 0.0, 0.0, 0.0, 0.0, 0.0, 0.0, 0.0, 0.0, 0.0, 0.0, 0.0, 0.0, 0.0, 0.0, 0.0, 0.0, 0.0, 0.0, 0.0, 0.0, 0.0, 0.0, 1.0, 0.0, 0.0, 0.0, 0.0, 0.0, 0.0]"
hMpxV/China/SZ-CDC/Strain028,"[0.0, 0.0, 0.0, 0.0, 0.0, 0.0, 0.0, 0.0, 0.0, 0.0, 0.0, 0.0, 0.0, 0.0, 0.0, 0.0, 0.0, 0.0, 0.0, 0.0, 0.0, 0.0, 0.0, 0.0, 1.0, 0.0, 0.0, 0.0, 0.0, 0.0, 0.0]"
NODE_0000019,"[8.6901513476019e-11, 2.115309362327193e-11, 2.6284375759569174e-11, 2.1620189261782506e-11, 1.9039145891800118e-11, 2.134860387216001e-11, 2.119501491192825e-11, 1.609684720431476e-10, 3.143266706757983e-10, 2.1442558583153636e-11, 4.5474073687756126e-11, 2.1364574549986694e-11, 1.494392865288368e-10, 2.127099225307807e-11, 1.7695586906437878e-10, 1.503522888674502e-11, 2.1211080508880078e-11, 2.1364574549972203e-11, 2.13645745499946e-11, 2.00227434106427e-11, 6.843695038199425e-12, 2.1652684208565054e-11, 5.582584024116788e-09, 1.6113983341567297e-10, 0.9999999925037187, 2.039703840838012e-11, 5.899920309167867e-11, 2.059265297223058e-11, 6.527995059769329e-11, 2.1484560111475285e-11, 3.0952488746593804e-10]"
hMpxV/China/SZ-CDC/Strain002,"[0.0, 0.0, 0.0, 0.0, 0.0, 0.0, 0.0, 0.0, 0.0, 0.0, 0.0, 0.0, 0.0, 0.0, 0.0, 0.0, 0.0, 0.0, 0.0, 0.0, 0.0, 0.0, 0.0, 0.0, 1.0, 0.0, 0.0, 0.0, 0.0, 0.0, 0.0]"
hMpxV/China/SZ-CDC/Strain011,"[0.0, 0.0, 0.0, 0.0, 0.0, 0.0, 0.0, 0.0, 0.0, 0.0, 0.0, 0.0, 0.0, 0.0, 0.0, 0.0, 0.0, 0.0, 0.0, 0.0, 0.0, 0.0, 0.0, 0.0, 1.0, 0.0, 0.0, 0.0, 0.0, 0.0, 0.0]"
NODE_0000020,"[5.52586928032304e-07, 1.505145999776419e-07, 1.884390544250978e-07, 1.5424681509209825e-07, 1.3565943872885429e-07, 1.5191993184429583e-07, 1.5063892467588977e-07, 9.80535563861121e-07, 1.8507285809969928e-06, 1.5479366998582064e-07, 3.0190356443907296e-07, 1.518978844894499e-07, 9.105104291679267e-07, 1.5822873539087333e-07, 1.0456336436849455e-06, 1.077551734190748e-07, 1.610055476868374e-07, 1.518978844894497e-07, 1.518978844894542e-07, 1.4468775263984708e-07, 4.94787566850385e-08, 1.5622075858735417e-07, 2.8716561693720657e-05, 9.82375959606862e-07, 0.9999592583152562, 1.4490541873925027e-07, 3.922196460027655e-07, 1.46051521487217e-07, 4.2344948856766813e-07, 1.5301914447727985e-07, 1.8219203486253517e-06]"
NODE_0000024,"[1.8738867671913285e-13, 1.981803102299918e-14, 2.991456686892855e-14, 2.0175853846858228e-14, 1.7510400843411366e-14, 1.9983271291610737e-14, 2.0041190081499583e-14, 5.270504598854661e-13, 1.5402919771503905e-12, 2.0305871447197216e-14, 6.91315406639733e-14, 2.0164633124104732e-14, 4.720041788338139e-13, 2.0237402685500643e-14, 6.768332260889888e-13, 1.2902653056793881e-14, 1.9934445862976714e-14, 2.0164633124106366e-14, 2.016463312411016e-14, 1.8120643007446257e-14, 6.2754980323660115e-15, 1.9451958529881766e-14, 1.9585458450990586e-10, 5.283669885959615e-13, 0.9999999997980207, 1.9238872550640575e-14, 1.0141920339029162e-13, 1.9661885507989908e-14, 1.2256087172731724e-13, 1.8788112255189315e-14, 1.536763486994649e-12]"
hMpxV/China/SZ-CDC/Strain130,"[0.0, 0.0, 0.0, 0.0, 0.0, 0.0, 0.0, 0.0, 0.0, 0.0, 0.0, 0.0, 0.0, 0.0, 0.0, 0.0, 0.0, 0.0, 0.0, 0.0, 0.0, 0.0, 0.0, 0.0, 1.0, 0.0, 0.0, 0.0, 0.0, 0.0, 0.0]"
hMpxV/China/SZ-CDC/Strain141,"[0.0, 0.0, 0.0, 0.0, 0.0, 0.0, 0.0, 0.0, 0.0, 0.0, 0.0, 0.0, 0.0, 0.0, 0.0, 0.0, 0.0, 0.0, 0.0, 0.0, 0.0, 0.0, 0.0, 0.0, 1.0, 0.0, 0.0, 0.0, 0.0, 0.0, 0.0]"
hMpxV/China/SZ-CDC/Strain186,"[0.0, 0.0, 0.0, 0.0, 0.0, 0.0, 0.0, 0.0, 0.0, 0.0, 0.0, 0.0, 0.0, 0.0, 0.0, 0.0, 0.0, 0.0, 0.0, 0.0, 0.0, 0.0, 0.0, 0.0, 1.0, 0.0, 0.0, 0.0, 0.0, 0.0, 0.0]"
hMpxV/China/SZ-CDC/Strain191,"[0.0, 0.0, 0.0, 0.0, 0.0, 0.0, 0.0, 0.0, 0.0, 0.0, 0.0, 0.0, 0.0, 0.0, 0.0, 0.0, 0.0, 0.0, 0.0, 0.0, 0.0, 0.0, 0.0, 0.0, 0.9999999999999999, 0.0, 0.0, 0.0, 0.0, 0.0, 0.0]"
NODE_0000021,"[8.822963079491295e-09, 2.1603529015751434e-09, 2.7025248232222e-09, 2.2090471303112343e-09, 1.944275318180215e-09, 2.1803393609746818e-09, 2.1644908495303633e-09, 1.6370237180867014e-08, 3.2106464421002075e-08, 2.1978420048590055e-09, 4.6227781721900595e-09, 2.181895732611889e-09, 1.518444585281643e-08, 2.196001321472056e-09, 1.79601251579489e-08, 1.5352408066242303e-09, 2.1996412305613057e-09, 2.1818957326117586e-09, 2.181895732611985e-09, 2.0507603624920115e-09, 7.011601064243002e-10, 2.215787035250865e-09, 6.046979655610469e-07, 1.6390965044059236e-08, 0.9999992001871478, 2.082722284091244e-09, 6.014299964201175e-09, 2.1024418109222427e-09, 6.634742243265085e-09, 2.1929514282183348e-09, 3.162659953613355e-08]"
hMpxV/China/SZ-CDC/Strain042,"[0.0, 0.0, 0.0, 0.0, 0.0, 0.0, 0.0, 0.0, 0.0, 0.0, 0.0, 0.0, 0.0, 0.0, 0.0, 0.0, 0.0, 0.0, 0.0, 0.0, 0.0, 0.0, 0.0, 0.0, 1.0, 0.0, 0.0, 0.0, 0.0, 0.0, 0.0]"
NODE_0000022,"[5.445465124497992e-11, 8.641951848030132e-12, 1.1838089635904182e-11, 8.813670138009017e-12, 7.705184459492636e-12, 8.717877063710545e-12, 8.700025622191149e-12, 1.2487093813615568e-10, 2.9947246620661247e-10, 8.799359349510517e-12, 2.3821474835066357e-11, 8.761378364439289e-12, 1.1384656739566885e-10, 8.7330807333304e-12, 1.4880586256370071e-10, 5.873892026572516e-12, 8.645229555867599e-12, 8.761378364439194e-12, 8.761378364440108e-12, 8.030603222132858e-12, 2.762771937984921e-12, 8.653042063556909e-12, 1.4484064302692799e-08, 1.2508490445352417e-10, 0.9999999841002211, 8.362288197973564e-12, 3.287660987056304e-11, 8.495284823562897e-12, 3.8094942959354236e-11, 8.477843043474737e-12, 2.9685185461911864e-10]"
hMpxV/China/SZ-CDC/Strain121,"[0.0, 0.0, 0.0, 0.0, 0.0, 0.0, 0.0, 0.0, 0.0, 0.0, 0.0, 0.0, 0.0, 0.0, 0.0, 0.0, 0.0, 0.0, 0.0, 0.0, 0.0, 0.0, 0.0, 0.0, 0.9999999999999999, 0.0, 0.0, 0.0, 0.0, 0.0, 0.0]"
hMpxV/China/SZ-CDC/Strain147,"[0.0, 0.0, 0.0, 0.0, 0.0, 0.0, 0.0, 0.0, 0.0, 0.0, 0.0, 0.0, 0.0, 0.0, 0.0, 0.0, 0.0, 0.0, 0.0, 0.0, 0.0, 0.0, 0.0, 0.0, 1.0, 0.0, 0.0, 0.0, 0.0, 0.0, 0.0]"
NODE_0000023,"[1.0911508275581815e-09, 2.671058436947248e-10, 3.320993433031295e-10, 2.7304516872466875e-10, 2.404229248376743e-10, 2.695765442390493e-10, 2.6761913428908854e-10, 2.016940057512602e-09, 3.932129278133382e-09, 2.709878894586688e-10, 5.72202585319599e-10, 2.697657129835712e-10, 1.872464244112715e-09, 2.692874918340689e-10, 2.2138292580925418e-09, 1.8990837727896465e-10, 2.6884840307341703e-10, 2.697657129835343e-10, 2.697657129836361e-10, 2.5304856789163734e-10, 8.64654229961557e-11, 2.7362363991009143e-10, 6.943982268993079e-08, 2.019175135990805e-09, 0.9999999065471071, 2.5753539030358114e-10, 7.425161469856239e-10, 2.599818868677697e-10, 8.20488551635792e-10, 2.713005816549815e-10, 3.872020438095828e-09]"
hMpxV/China/SZ-CDC/Strain124,"[0.0, 0.0, 0.0, 0.0, 0.0, 0.0, 0.0, 0.0, 0.0, 0.0, 0.0, 0.0, 0.0, 0.0, 0.0, 0.0, 0.0, 0.0, 0.0, 0.0, 0.0, 0.0, 0.0, 0.0, 1.0, 0.0, 0.0, 0.0, 0.0, 0.0, 0.0]"
hMpxV/China/SZ-CDC/Strain196,"[0.0, 0.0, 0.0, 0.0, 0.0, 0.0, 0.0, 0.0, 0.0, 0.0, 0.0, 0.0, 0.0, 0.0, 0.0, 0.0, 0.0, 0.0, 0.0, 0.0, 0.0, 0.0, 0.0, 0.0, 1.0, 0.0, 0.0, 0.0, 0.0, 0.0, 0.0]"
NODE_0000154,"[4.45770390541186e-06, 1.2304591852661748e-06, 3.090428185354119e-05, 6.845256509736395e-07, 3.979866924408776e-06, 8.851377770132132e-07, 9.764731346520026e-07, 6.858099329364932e-07, 6.887414938672424e-07, 6.857165951501544e-07, 6.839273914447107e-07, 6.839815188774079e-07, 6.551533416079409e-07, 9.799386290789235e-07, 1.4582521687255818e-06, 2.2508982328449095e-05, 2.767398310174292e-06, 6.839815188773387e-07, 6.839815188773184e-07, 9.236902436887869e-07, 0.011574366569972074, 6.790358564722989e-07, 3.3958789515572007e-06, 6.858197184555239e-07, 1.0845046966646554e-06, 1.4423956475897985e-06, 6.342763753021058e-07, 1.3909126692288622e-06, 6.600936365626979e-07, 0.9883377661998141, 6.863092388694595e-07]"
hMpxV/USA/NE-UNMC-375/2022|EPI_ISL_17269839|2022-12-28,"[0.0, 0.0, 0.0, 0.0, 0.0, 0.0, 0.0, 0.0, 0.0, 0.0, 0.0, 0.0, 0.0, 0.0, 0.0, 0.0, 0.0, 0.0, 0.0, 0.0, 0.0, 0.0, 0.0, 0.0, 0.0, 0.0, 0.0, 0.0, 0.0, 1.0, 0.0]"
hMpxV/USA/CA-CDPH-1M1000501/2023|EPI_ISL_19143459|2023-11-28,"[0.0, 0.0, 0.0, 0.0, 0.0, 0.0, 0.0, 0.0, 0.0, 0.0, 0.0, 0.0, 0.0, 0.0, 0.0, 0.0, 0.0, 0.0, 0.0, 0.0, 0.0, 0.0, 0.0, 0.0, 0.0, 0.0, 0.0, 0.0, 0.0, 0.9999999999999999, 0.0]"
NODE_0000155,"[3.8659033601958706e-10, 2.0242487388878535e-11, 2.8355082473030638e-09, 1.8229611701745005e-11, 4.055863705577593e-11, 1.9465516142357268e-11, 1.976715077279458e-11, 1.8914958315965395e-11, 1.8712102706167654e-11, 1.8432887396660498e-11, 1.9014537180217403e-11, 1.8598857086836023e-11, 1.778560307071159e-11, 1.937288846125648e-11, 5.612767388991451e-11, 7.075214012588194e-10, 2.466953223357424e-10, 1.8598857086826204e-11, 1.859885708682247e-11, 1.7944388124514488e-11, 2.287199978318859e-07, 1.7205109801921507e-11, 2.3021472233393824e-10, 1.8917658699367407e-11, 5.1593373452351546e-11, 8.264977238880057e-11, 1.5560420241306814e-11, 7.737868391905307e-11, 1.7682598411506704e-11, 0.9999997662130795, 1.904005110132145e-11]"
hMpxV/USA/CT-DPH-1197699001/2023|EPI_ISL_18719999|2023-12-26,"[0.0, 0.0, 0.0, 0.0, 0.0, 0.0, 0.0, 0.0, 0.0, 0.0, 0.0, 0.0, 0.0, 0.0, 0.0, 0.0, 0.0, 0.0, 0.0, 0.0, 0.0, 0.0, 0.0, 0.0, 0.0, 0.0, 0.0, 0.0, 0.0, 1.0, 0.0]"
NODE_0000314,"[2.871316817777637e-14, 5.88510478437097e-16, 3.465327720978906e-13, 5.463224809441845e-16, 1.2350392195616124e-15, 5.787238862153589e-16, 5.919192543865273e-16, 5.823605438874175e-16, 5.686132004142689e-16, 5.556951747930662e-16, 5.89496251305678e-16, 5.669470776284214e-16, 5.3923947251574365e-16, 5.606427186960661e-16, 2.5873425000984687e-15, 5.493345070540411e-14, 1.664707385367635e-14, 5.669470776272047e-16, 5.669470776265775e-16, 5.16724285515173e-16, 6.965207181275155e-11, 4.934600286169663e-16, 1.607556493069061e-14, 5.825188443649006e-16, 2.2063624370498355e-15, 4.1389071350265465e-15, 4.346811484765275e-16, 3.810392139883186e-15, 5.3092748567124775e-16, 0.9999999999298606, 5.885627170985683e-16]"
hMpxV/USA/CA-LACPHL-MA00526/2023|EPI_ISL_18161303|2023-06-09,"[0.0, 0.0, 0.0, 0.0, 0.0, 0.0, 0.0, 0.0, 0.0, 0.0, 0.0, 0.0, 0.0, 0.0, 0.0, 0.0, 0.0, 0.0, 0.0, 0.0, 0.0, 0.0, 0.0, 0.0, 0.0, 0.0, 0.0, 0.0, 0.0, 1.0, 0.0]"
hMpxV/USA/CA-LACPHL-MA00494/2023|EPI_ISL_18161271|2023-04-30,"[0.0, 0.0, 0.0, 0.0, 0.0, 0.0, 0.0, 0.0, 0.0, 0.0, 0.0, 0.0, 0.0, 0.0, 0.0, 0.0, 0.0, 0.0, 0.0, 0.0, 0.0, 0.0, 0.0, 0.0, 0.0, 0.0, 0.0, 0.0, 0.0, 1.0, 0.0]"
hMpxV/USA/CA-LACPHL-MA00492/2023|EPI_ISL_18161269|2023-03-30,"[0.0, 0.0, 0.0, 0.0, 0.0, 0.0, 0.0, 0.0, 0.0, 0.0, 0.0, 0.0, 0.0, 0.0, 0.0, 0.0, 0.0, 0.0, 0.0, 0.0, 0.0, 0.0, 0.0, 0.0, 0.0, 0.0, 0.0, 0.0, 0.0, 0.9999999999999999, 0.0]"
hMpxV/USA/CA-LACPHL-MA00499/2023|EPI_ISL_18161276|2023-04-30,"[0.0, 0.0, 0.0, 0.0, 0.0, 0.0, 0.0, 0.0, 0.0, 0.0, 0.0, 0.0, 0.0, 0.0, 0.0, 0.0, 0.0, 0.0, 0.0, 0.0, 0.0, 0.0, 0.0, 0.0, 0.0, 0.0, 0.0, 0.0, 0.0, 1.0, 0.0]"
NODE_0000315,"[7.515972485263625e-07, 8.739018411641279e-08, 3.21814602744089e-06, 8.280729414009956e-08, 1.3787136949475543e-07, 8.653851081777988e-08, 8.608306018994852e-08, 8.380177375422898e-08, 8.397071707664905e-08, 8.330238538462785e-08, 8.36620856580606e-08, 8.31296756264929e-08, 8.003702755155253e-08, 8.759489538879692e-08, 1.6571684093890363e-07, 1.0438272912494208e-06, 5.27978599064346e-07, 8.312967562648405e-08, 8.312967562648047e-08, 8.1167544963885e-08, 3.9455929894758384e-05, 8.155812333958381e-08, 4.6225139600958474e-07, 8.380296397300522e-08, 1.7005836261526466e-07, 2.337998157931041e-07, 7.563278141158302e-08, 2.2217508768097136e-07, 8.024240822887468e-08, 0.9999520296042423, 8.406304113070702e-08]"
NODE_0000317,"[5.33103197671859e-07, 7.76293240707137e-08, 1.82832246685148e-06, 7.580676053561634e-08, 1.0865287989746235e-07, 7.738936256131262e-08, 7.721272746132741e-08, 7.611135826746398e-08, 7.628885090991608e-08, 7.582307131481338e-08, 7.58997890634692e-08, 7.58861640473916e-08, 7.258685661841809e-08, 7.719810805545516e-08, 1.4304233017459567e-07, 6.663505762309765e-07, 4.081556665491417e-07, 7.588616404737567e-08, 7.588616404737062e-08, 7.331681141540156e-08, 1.7238391443352243e-05, 7.488147980216178e-08, 3.476724312776294e-07, 7.61153513193599e-08, 1.4296170248759087e-07, 1.9439625785851164e-07, 6.82044460080502e-08, 1.8566371491418215e-07, 7.286228881720992e-08, 0.9999767721271373, 7.617511708308368e-08]"
hMpxV/USA/WA-UW-440651/2023|EPI_ISL_19524788|2023-11-29,"[0.0, 0.0, 0.0, 0.0, 0.0, 0.0, 0.0, 0.0, 0.0, 0.0, 0.0, 0.0, 0.0, 0.0, 0.0, 0.0, 0.0, 0.0, 0.0, 0.0, 0.0, 0.0, 0.0, 0.0, 0.0, 0.0, 0.0, 0.0, 0.0, 1.0, 0.0]"
hMpxV/USA/WA-UW-246476/2024|EPI_ISL_19336733|2024-07-16,"[0.0, 0.0, 0.0, 0.0, 0.0, 0.0, 0.0, 0.0, 0.0, 0.0, 0.0, 0.0, 0.0, 0.0, 0.0, 0.0, 0.0, 0.0, 0.0, 0.0, 0.0, 0.0, 0.0, 0.0, 0.0, 0.0, 0.0, 0.0, 0.0, 1.0, 0.0]"
NODE_0000318,"[1.7401974026927629e-09, 2.4931342760467005e-10, 5.61764675054897e-09, 2.4553361344389594e-10, 3.4059486960149363e-10, 2.49283676659453e-10, 2.4906620066429177e-10, 2.4668195859020575e-10, 2.4698752988436025e-10, 2.454069902073921e-10, 2.460923676490807e-10, 2.460099475255738e-10, 2.348608469603738e-10, 2.4725845488960523e-10, 4.746950708832479e-10, 2.1059583124762865e-09, 1.358559689233758e-09, 2.460099475247858e-10, 2.4600994752433693e-10, 2.3604746702488986e-10, 4.310877362789828e-08, 2.4174730382883236e-10, 1.1510955527159538e-09, 2.466995808983718e-10, 4.682168086180585e-10, 6.436185955278869e-10, 2.188559349056777e-10, 6.146058139935836e-10, 2.356299470936433e-10, 0.9999999377516902, 2.4685212027341386e-10]"
hMpxV/USA/CA-CDPH-1M1000656/2024|EPI_ISL_19367821|2024-06-11,"[0.0, 0.0, 0.0, 0.0, 0.0, 0.0, 0.0, 0.0, 0.0, 0.0, 0.0, 0.0, 0.0, 0.0, 0.0, 0.0, 0.0, 0.0, 0.0, 0.0, 0.0, 0.0, 0.0, 0.0, 0.0, 0.0, 0.0, 0.0, 0.0, 1.0, 0.0]"
hMpxV/USA/CA-CDPH-1M1000639/2024|EPI_ISL_19295782|2024-06-11,"[0.0, 0.0, 0.0, 0.0, 0.0, 0.0, 0.0, 0.0, 0.0, 0.0, 0.0, 0.0, 0.0, 0.0, 0.0, 0.0, 0.0, 0.0, 0.0, 0.0, 0.0, 0.0, 0.0, 0.0, 0.0, 0.0, 0.0, 0.0, 0.0, 1.0, 0.0]"
NODE_0000316,"[4.1059915139958756e-09, 2.496617143936919e-10, 2.2928752137628133e-08, 2.399717677670102e-10, 4.0892515935969376e-10, 2.4737616843221204e-10, 2.5034961462574535e-10, 2.474165240604011e-10, 2.448276616946319e-10, 2.4153747475430244e-10, 2.485120090077311e-10, 2.442816625753215e-10, 2.3248971248840978e-10, 2.4247067408784214e-10, 7.000439749911385e-10, 5.997287387776828e-09, 2.868560514958041e-09, 2.442816625752769e-10, 2.4428166257526684e-10, 2.2870242263452543e-10, 7.103722384859875e-07, 2.2710336082797576e-10, 2.5632767267969792e-09, 2.474578298057745e-10, 6.393847674003653e-10, 1.0168296634171838e-09, 2.026883622935655e-10, 9.554861379343132e-10, 2.3135412402764346e-10, 0.9999992428798595, 2.4859968398944093e-10]"
hMpxV/USA/CA-CDPH-1M1000498/2024|EPI_ISL_19143457|2024-01-26,"[0.0, 0.0, 0.0, 0.0, 0.0, 0.0, 0.0, 0.0, 0.0, 0.0, 0.0, 0.0, 0.0, 0.0, 0.0, 0.0, 0.0, 0.0, 0.0, 0.0, 0.0, 0.0, 0.0, 0.0, 0.0, 0.0, 0.0, 0.0, 0.0, 0.9999999999999999, 0.0]"
hMpxV/USA/WA-UW-279946/2024|EPI_ISL_19524786|2024-01-17,"[0.0, 0.0, 0.0, 0.0, 0.0, 0.0, 0.0, 0.0, 0.0, 0.0, 0.0, 0.0, 0.0, 0.0, 0.0, 0.0, 0.0, 0.0, 0.0, 0.0, 0.0, 0.0, 0.0, 0.0, 0.0, 0.0, 0.0, 0.0, 0.0, 1.0, 0.0]"
hMpxV/USA/IL-RIPHL-050-0163/2024|EPI_ISL_19031635|2024-03-04,"[0.0, 0.0, 0.0, 0.0, 0.0, 0.0, 0.0, 0.0, 0.0, 0.0, 0.0, 0.0, 0.0, 0.0, 0.0, 0.0, 0.0, 0.0, 0.0, 0.0, 0.0, 0.0, 0.0, 0.0, 0.0, 0.0, 0.0, 0.0, 0.0, 1.0, 0.0]"
NODE_0000299,"[1.0191215921774052e-06, 1.257250068157184e-07, 3.5919242861113472e-06, 1.2277905991587485e-07, 1.7911743600750386e-07, 1.2512184828525614e-07, 1.25435736475517e-07, 1.239086240702222e-07, 1.2380584472511124e-07, 1.2288881614941492e-07, 1.2378830212933738e-07, 1.2336315204895537e-07, 1.1773941401415798e-07, 1.2421313038181969e-07, 2.5625603725292776e-07, 1.2768875517298022e-06, 7.853617097618854e-07, 1.2336315204894306e-07, 1.2336315204894054e-07, 1.1814094421749834e-07, 3.57531910409319e-05, 1.2008657309515692e-07, 6.708695276880113e-07, 1.2391853605292577e-07, 2.488621410586301e-07, 3.517565044573862e-07, 1.0877966397500533e-07, 3.3490243581786124e-07, 1.1800187096155686e-07, 0.9999532132470051, 1.2407990456238541e-07]"
hMpxV/USA/CA-LACPHL-MA00520/2023|EPI_ISL_18161297|2023-05-23,"[0.0, 0.0, 0.0, 0.0, 0.0, 0.0, 0.0, 0.0, 0.0, 0.0, 0.0, 0.0, 0.0, 0.0, 0.0, 0.0, 0.0, 0.0, 0.0, 0.0, 0.0, 0.0, 0.0, 0.0, 0.0, 0.0, 0.0, 0.0, 0.0, 1.0, 0.0]"
NODE_0000300,"[5.866782100929703e-17, 4.2677517394311757e-19, 1.3035798921570684e-15, 3.904351433135933e-19, 1.0676745226942454e-18, 4.1703405406849326e-19, 4.341318723241383e-19, 4.2925928402046914e-19, 4.126554409885359e-19, 3.9975585475443366e-19, 4.382024188441457e-19, 4.1330051549079173e-19, 3.9022138991749503e-19, 3.9412489594217604e-19, 3.106633941169381e-18, 1.3591242151961928e-16, 3.051159859497484e-17, 4.133005154900955e-19, 4.13300515489723e-19, 3.6196467043909627e-19, 1.2069207408192647e-12, 3.3488385922260314e-19, 3.1208541921268014e-17, 4.294405393521818e-19, 2.364932345075404e-18, 5.353727609800423e-18, 2.8645661525273404e-19, 4.836017893571815e-18, 3.8016523624193135e-19, 0.9999999999987914, 4.357460547415524e-19]"
hMpxV/USA/CA-LACPHL-MA00536/2023|EPI_ISL_18161312|2023-06-28,"[0.0, 0.0, 0.0, 0.0, 0.0, 0.0, 0.0, 0.0, 0.0, 0.0, 0.0, 0.0, 0.0, 0.0, 0.0, 0.0, 0.0, 0.0, 0.0, 0.0, 0.0, 0.0, 0.0, 0.0, 0.0, 0.0, 0.0, 0.0, 0.0, 1.0, 0.0]"
hMpxV/USA/CA-LACPHL-MA00556/2023|EPI_ISL_18285971|2023-07-31,"[0.0, 0.0, 0.0, 0.0, 0.0, 0.0, 0.0, 0.0, 0.0, 0.0, 0.0, 0.0, 0.0, 0.0, 0.0, 0.0, 0.0, 0.0, 0.0, 0.0, 0.0, 0.0, 0.0, 0.0, 0.0, 0.0, 0.0, 0.0, 0.0, 1.0, 0.0]"
hMpxV/USA/CA-LACPHL-MA00557/2023|EPI_ISL_18285972|2023-06-29,"[0.0, 0.0, 0.0, 0.0, 0.0, 0.0, 0.0, 0.0, 0.0, 0.0, 0.0, 0.0, 0.0, 0.0, 0.0, 0.0, 0.0, 0.0, 0.0, 0.0, 0.0, 0.0, 0.0, 0.0, 0.0, 0.0, 0.0, 0.0, 0.0, 0.9999999999999999, 0.0]"
NODE_0000313,"[1.221055041123729e-10, 4.289679773609304e-12, 1.0248706973983888e-09, 4.014055814432209e-12, 8.17206846706513e-12, 4.218680521365545e-12, 4.289750326225398e-12, 4.209519181278344e-12, 4.140282115316996e-12, 4.066051042951797e-12, 4.244808142750003e-12, 4.124689582547219e-12, 3.932110779284223e-12, 4.138055597421e-12, 1.4819269675264022e-11, 2.0810575117067967e-10, 7.691590472745948e-11, 4.12468958254581e-12, 4.124689582545326e-12, 3.83329646567807e-12, 7.944386911773675e-08, 3.718274025373804e-12, 7.166432596381385e-11, 4.210350911683572e-12, 1.3203835824070837e-11, 2.271106250126837e-11, 3.3220866591124916e-12, 2.11148518650664e-11, 3.894111386104947e-12, 0.9999999188953094, 4.243199919653885e-12]"
hMpxV/USA/CA-CDPH-1M1000409/2023|EPI_ISL_18781837|2023-09-19,"[0.0, 0.0, 0.0, 0.0, 0.0, 0.0, 0.0, 0.0, 0.0, 0.0, 0.0, 0.0, 0.0, 0.0, 0.0, 0.0, 0.0, 0.0, 0.0, 0.0, 0.0, 0.0, 0.0, 0.0, 0.0, 0.0, 0.0, 0.0, 0.0, 1.0, 0.0]"
hMpxV/USA/CA-CDPH-1M1000352/2023|EPI_ISL_18452343|2023-10-04,"[0.0, 0.0, 0.0, 0.0, 0.0, 0.0, 0.0, 0.0, 0.0, 0.0, 0.0, 0.0, 0.0, 0.0, 0.0, 0.0, 0.0, 0.0, 0.0, 0.0, 0.0, 0.0, 0.0, 0.0, 0.0, 0.0, 0.0, 0.0, 0.0, 0.9999999999999999, 0.0]"
hMpxV/USA/CA-CDPH-1M1000345/2023|EPI_ISL_18452336|2023-09-26,"[0.0, 0.0, 0.0, 0.0, 0.0, 0.0, 0.0, 0.0, 0.0, 0.0, 0.0, 0.0, 0.0, 0.0, 0.0, 0.0, 0.0, 0.0, 0.0, 0.0, 0.0, 0.0, 0.0, 0.0, 0.0, 0.0, 0.0, 0.0, 0.0, 1.0, 0.0]"
hMpxV/USA/CA-LACPHL-MA00552/2023|EPI_ISL_18285966|2023-07-27,"[0.0, 0.0, 0.0, 0.0, 0.0, 0.0, 0.0, 0.0, 0.0, 0.0, 0.0, 0.0, 0.0, 0.0, 0.0, 0.0, 0.0, 0.0, 0.0, 0.0, 0.0, 0.0, 0.0, 0.0, 0.0, 0.0, 0.0, 0.0, 0.0, 1.0, 0.0]"
NODE_0000307,"[3.859439219840538e-08, 4.166506365318838e-09, 1.4160779973484231e-07, 4.1149391529379135e-09, 5.8435292774375236e-09, 4.161514757143787e-09, 4.188150521531716e-09, 4.16799506171211e-09, 4.151530712194164e-09, 4.115320941911834e-09, 4.168988611155554e-09, 4.147402024127693e-09, 3.94235881392862e-09, 4.0800590457812074e-09, 9.341198986676752e-09, 4.811892809150164e-08, 2.991978695580265e-08, 4.147402024126597e-09, 4.147402024126025e-09, 3.916292545943831e-09, 1.6795247485156808e-06, 3.98486728541873e-09, 2.5611378689714026e-08, 4.168539003001252e-09, 8.788620585361838e-09, 1.2847853474082471e-08, 3.5573936852452794e-09, 1.2207498566657926e-08, 3.943158713917019e-09, 0.9999979101501769, 4.174266778144733e-09]"
hMpxV/USA/CA-NLACPHL-MA00561/2023|EPI_ISL_18386999|2023-08-09,"[0.0, 0.0, 0.0, 0.0, 0.0, 0.0, 0.0, 0.0, 0.0, 0.0, 0.0, 0.0, 0.0, 0.0, 0.0, 0.0, 0.0, 0.0, 0.0, 0.0, 0.0, 0.0, 0.0, 0.0, 0.0, 0.0, 0.0, 0.0, 0.0, 1.0, 0.0]"
NODE_0000308,"[5.229116958982231e-09, 5.208044381636441e-10, 1.9782763623637278e-08, 5.175029361396039e-10, 7.249296742006514e-10, 5.211957162018811e-10, 5.256939361981717e-10, 5.253095025205138e-10, 5.222944481145955e-10, 5.173367604242546e-10, 5.258032398467338e-10, 5.225295354357088e-10, 4.955699023022532e-10, 5.074030836040605e-10, 1.233808561343468e-09, 6.519297607449639e-09, 4.061295047768218e-09, 5.225295354354945e-10, 5.225295354354201e-10, 4.895130628741538e-10, 2.6968828514770936e-07, 4.982808506521594e-10, 3.482772548079262e-09, 5.253931815472396e-10, 1.1400061529558769e-09, 1.6996272545756728e-09, 4.411655639496525e-10, 1.6129119184291034e-09, 4.950868705557735e-10, 0.9999996751030965, 5.261469160489388e-10]"
hMpxV/USA/CA-LACPHL-MA00590/2023|EPI_ISL_18993207|2023-08-10,"[0.0, 0.0, 0.0, 0.0, 0.0, 0.0, 0.0, 0.0, 0.0, 0.0, 0.0, 0.0, 0.0, 0.0, 0.0, 0.0, 0.0, 0.0, 0.0, 0.0, 0.0, 0.0, 0.0, 0.0, 0.0, 0.0, 0.0, 0.0, 0.0, 1.0, 0.0]"
NODE_0000309,"[6.238987406431974e-22, 1.0161974048186144e-24, 3.562932559275313e-20, 9.053205290217494e-25, 3.344249945945393e-24, 9.85806262251377e-25, 1.0481880173675868e-24, 1.0412370116346718e-24, 9.800034573795309e-25, 9.37159288171174e-25, 1.075282052442377e-24, 9.855148532835331e-25, 9.233753062074402e-25, 9.028487650937418e-25, 1.4798076659747223e-23, 1.9593227864463635e-21, 2.675180656530577e-22, 9.855148532815995e-25, 9.855148532807546e-25, 8.187464180811048e-25, 3.500479038490972e-16, 7.229156719670429e-25, 2.9975261230785415e-22, 1.0418843277023339e-24, 9.790345767801307e-24, 2.862378175896812e-23, 5.961674508614646e-25, 2.5152656315055072e-23, 8.859012350422075e-25, 0.9999999999999996, 1.0642981808861952e-24]"
hMpxV/USA/CA-CDPH-1M1000408/2023|EPI_ISL_18781836|2023-09-29,"[0.0, 0.0, 0.0, 0.0, 0.0, 0.0, 0.0, 0.0, 0.0, 0.0, 0.0, 0.0, 0.0, 0.0, 0.0, 0.0, 0.0, 0.0, 0.0, 0.0, 0.0, 0.0, 0.0, 0.0, 0.0, 0.0, 0.0, 0.0, 0.0, 1.0, 0.0]"
hMpxV/USA/CA-LACPHL-MA00589/2023|EPI_ISL_18993199|2023-09-08,"[0.0, 0.0, 0.0, 0.0, 0.0, 0.0, 0.0, 0.0, 0.0, 0.0, 0.0, 0.0, 0.0, 0.0, 0.0, 0.0, 0.0, 0.0, 0.0, 0.0, 0.0, 0.0, 0.0, 0.0, 0.0, 0.0, 0.0, 0.0, 0.0, 0.9999999999999999, 0.0]"
hMpxV/USA/CA-CDPH-1M1000335/2023|EPI_ISL_18399143|2023-08-18,"[0.0, 0.0, 0.0, 0.0, 0.0, 0.0, 0.0, 0.0, 0.0, 0.0, 0.0, 0.0, 0.0, 0.0, 0.0, 0.0, 0.0, 0.0, 0.0, 0.0, 0.0, 0.0, 0.0, 0.0, 0.0, 0.0, 0.0, 0.0, 0.0, 0.9999999999999999, 0.0]"
hMpxV/USA/CA-CDPH-1M1000358/2023|EPI_ISL_18786341|2023-09-18,"[0.0, 0.0, 0.0, 0.0, 0.0, 0.0, 0.0, 0.0, 0.0, 0.0, 0.0, 0.0, 0.0, 0.0, 0.0, 0.0, 0.0, 0.0, 0.0, 0.0, 0.0, 0.0, 0.0, 0.0, 0.0, 0.0, 0.0, 0.0, 0.0, 1.0, 0.0]"
hMpxV/USA/CA-CDPH-1M1000359/2023|EPI_ISL_18786342|2023-09-18,"[0.0, 0.0, 0.0, 0.0, 0.0, 0.0, 0.0, 0.0, 0.0, 0.0, 0.0, 0.0, 0.0, 0.0, 0.0, 0.0, 0.0, 0.0, 0.0, 0.0, 0.0, 0.0, 0.0, 0.0, 0.0, 0.0, 0.0, 0.0, 0.0, 1.0, 0.0]"
hMpxV/USA/CA-CDPH-1M1000366/2023|EPI_ISL_18786351|2023-09-21,"[0.0, 0.0, 0.0, 0.0, 0.0, 0.0, 0.0, 0.0, 0.0, 0.0, 0.0, 0.0, 0.0, 0.0, 0.0, 0.0, 0.0, 0.0, 0.0, 0.0, 0.0, 0.0, 0.0, 0.0, 0.0, 0.0, 0.0, 0.0, 0.0, 0.9999999999999999, 0.0]"
NODE_0000310,"[3.688532166340698e-15, 1.6621285850730307e-16, 2.242244438131103e-14, 1.6409539613021158e-16, 2.6170062408850774e-16, 1.6614747480018134e-16, 1.6961545200306672e-16, 1.7058141977996312e-16, 1.675998854390418e-16, 1.648502427156889e-16, 1.7180394463194482e-16, 1.6822327600865558e-16, 1.5862017459589125e-16, 1.5821309557688126e-16, 5.786974703459419e-16, 5.309332178603441e-15, 2.615542863874421e-15, 1.6822327600792521e-16, 1.6822327600752834e-16, 1.5244410123324111e-16, 1.0032261674636751e-12, 1.5182233419702257e-16, 2.346761433283532e-15, 1.7062967448682306e-16, 4.917935942583482e-16, 8.440011539303052e-16, 1.3101379543108543e-16, 7.895118277270381e-16, 1.5711854436152275e-16, 0.9999999999989542, 1.7143998977680377e-16]"
hMpxV/USA/CA-LACPHL-MA00593/2023|EPI_ISL_18993210|2023-08-18,"[0.0, 0.0, 0.0, 0.0, 0.0, 0.0, 0.0, 0.0, 0.0, 0.0, 0.0, 0.0, 0.0, 0.0, 0.0, 0.0, 0.0, 0.0, 0.0, 0.0, 0.0, 0.0, 0.0, 0.0, 0.0, 0.0, 0.0, 0.0, 0.0, 1.0, 0.0]"
hMpxV/USA/CA-CDPH-1M1000334/2023|EPI_ISL_18399142|2023-08-18,"[0.0, 0.0, 0.0, 0.0, 0.0, 0.0, 0.0, 0.0, 0.0, 0.0, 0.0, 0.0, 0.0, 0.0, 0.0, 0.0, 0.0, 0.0, 0.0, 0.0, 0.0, 0.0, 0.0, 0.0, 0.0, 0.0, 0.0, 0.0, 0.0, 1.0, 0.0]"
hMpxV/USA/CA-CDPH-1M1000337/2023|EPI_ISL_18399145|2023-08-21,"[0.0, 0.0, 0.0, 0.0, 0.0, 0.0, 0.0, 0.0, 0.0, 0.0, 0.0, 0.0, 0.0, 0.0, 0.0, 0.0, 0.0, 0.0, 0.0, 0.0, 0.0, 0.0, 0.0, 0.0, 0.0, 0.0, 0.0, 0.0, 0.0, 1.0, 0.0]"
NODE_0000311,"[2.3350675214405735e-08, 2.5208815627773176e-09, 8.555556817512026e-08, 2.490602766468555e-09, 3.5318548529428185e-09, 2.518266662500417e-09, 2.534427057628187e-09, 2.522724472991276e-09, 2.5126877681197375e-09, 2.4907457623247887e-09, 2.5233312071658683e-09, 2.5102956431942542e-09, 2.386018947226153e-09, 2.468332381503087e-09, 5.655939994952942e-09, 2.9088866670805208e-08, 1.810971789561944e-08, 2.510295643193397e-09, 2.510295643193046e-09, 2.369805296829585e-09, 1.0072853945430517e-06, 2.41165530760534e-09, 1.549983242333603e-08, 2.5230557131275123e-09, 5.319699718558068e-09, 7.778028582767548e-09, 2.1523266512338573e-09, 7.390444905866119e-09, 2.3864491890809296e-09, 0.9999987445652782, 2.5265012181199318e-09]"
hMpxV/USA/CA-CDPH-1M1000370/2023|EPI_ISL_18786357|2023-09-29,"[0.0, 0.0, 0.0, 0.0, 0.0, 0.0, 0.0, 0.0, 0.0, 0.0, 0.0, 0.0, 0.0, 0.0, 0.0, 0.0, 0.0, 0.0, 0.0, 0.0, 0.0, 0.0, 0.0, 0.0, 0.0, 0.0, 0.0, 0.0, 0.0, 1.0, 0.0]"
NODE_0000312,"[6.371192538732689e-10, 6.32525154135225e-11, 2.406048191690601e-09, 6.290289604145164e-11, 8.787571153958463e-11, 6.331966711319985e-11, 6.387477352127291e-11, 6.385815048360554e-11, 6.348379255532348e-11, 6.287820613003722e-11, 6.392054536008978e-11, 6.352070650663712e-11, 6.023085680261239e-11, 6.160238143892001e-11, 1.5038389612035351e-10, 7.930234119624815e-10, 4.952979320387022e-10, 6.35207065065209e-11, 6.352070650645676e-11, 5.946365922177753e-11, 3.2503452158838916e-08, 6.054280360502996e-11, 4.246546460060877e-10, 6.386847630394668e-11, 1.3876894131587934e-10, 2.071234487267836e-10, 5.356210162182458e-11, 1.9654943870086427e-10, 6.016727593923613e-11, 0.9999999607782533, 6.395940384041911e-11]"
hMpxV/USA/CA-CDPH-1M1000449/2023|EPI_ISL_18781636|2023-10-10,"[0.0, 0.0, 0.0, 0.0, 0.0, 0.0, 0.0, 0.0, 0.0, 0.0, 0.0, 0.0, 0.0, 0.0, 0.0, 0.0, 0.0, 0.0, 0.0, 0.0, 0.0, 0.0, 0.0, 0.0, 0.0, 0.0, 0.0, 0.0, 0.0, 1.0, 0.0]"
hMpxV/USA/CA-CDPH-1M1000371/2023|EPI_ISL_18786358|2023-09-29,"[0.0, 0.0, 0.0, 0.0, 0.0, 0.0, 0.0, 0.0, 0.0, 0.0, 0.0, 0.0, 0.0, 0.0, 0.0, 0.0, 0.0, 0.0, 0.0, 0.0, 0.0, 0.0, 0.0, 0.0, 0.0, 0.0, 0.0, 0.0, 0.0, 0.9999999999999999, 0.0]"
NODE_0000301,"[3.159086210951431e-08, 3.761714589533687e-09, 1.1239469934168919e-07, 3.686975415282765e-09, 5.326898722617509e-09, 3.748390787727238e-09, 3.7616728556993455e-09, 3.724471315993778e-09, 3.718150689974055e-09, 3.689251463701958e-09, 3.722032820178884e-09, 3.707643882811342e-09, 3.5344145132590958e-09, 3.7071493252205224e-09, 7.871543407802551e-09, 3.948602892688278e-08, 2.4394436978773646e-08, 3.7076438828052897e-09, 3.7076438828018896e-09, 3.535948638146037e-09, 1.1674684455867213e-06, 3.596158385320626e-09, 2.08465407067612e-08, 3.7248242425382114e-09, 7.576978645147563e-09, 1.0808122420731064e-08, 3.2433102959095234e-09, 1.0284946224729617e-08, 3.5402547936113036e-09, 0.9999984924031573, 3.729687802568622e-09]"
hMpxV/USA/CA-CDPH-11000324/2023|EPI_ISL_18323794|2023-08-21,"[0.0, 0.0, 0.0, 0.0, 0.0, 0.0, 0.0, 0.0, 0.0, 0.0, 0.0, 0.0, 0.0, 0.0, 0.0, 0.0, 0.0, 0.0, 0.0, 0.0, 0.0, 0.0, 0.0, 0.0, 0.0, 0.0, 0.0, 0.0, 0.0, 1.0, 0.0]"
NODE_0000302,"[2.7302573661166613e-28, 5.476154457540253e-32, 6.128965115130279e-26, 4.6441184999983896e-32, 2.74183193870859e-31, 5.241139759390034e-32, 5.727665743855359e-32, 5.690973584117139e-32, 5.206314608109379e-32, 4.889863295592883e-32, 5.97133978841089e-32, 5.253944211968946e-32, 4.885486453335125e-32, 4.632225716038415e-32, 2.0359465550729067e-30, 1.3559548896396496e-27, 8.717798253408056e-29, 5.253944211957473e-32, 5.253944211951574e-32, 4.088818097700672e-32, 1.7291569191636648e-20, 3.3666214586721895e-32, 1.117053718523212e-28, 5.69593417845779e-32, 1.1282865315519955e-30, 4.6654892113646205e-30, 2.663911507334523e-32, 3.943091515596219e-30, 4.5901560747420125e-32, 1.0, 5.876310380578092e-32]"
hMpxV/USA/CA-CDPH-1M1000422/2023|EPI_ISL_18781806|2023-10-13,"[0.0, 0.0, 0.0, 0.0, 0.0, 0.0, 0.0, 0.0, 0.0, 0.0, 0.0, 0.0, 0.0, 0.0, 0.0, 0.0, 0.0, 0.0, 0.0, 0.0, 0.0, 0.0, 0.0, 0.0, 0.0, 0.0, 0.0, 0.0, 0.0, 1.0, 0.0]"
hMpxV/USA/CA-CDPH-1M1000428/2023|EPI_ISL_18781812|2023-09-28,"[0.0, 0.0, 0.0, 0.0, 0.0, 0.0, 0.0, 0.0, 0.0, 0.0, 0.0, 0.0, 0.0, 0.0, 0.0, 0.0, 0.0, 0.0, 0.0, 0.0, 0.0, 0.0, 0.0, 0.0, 0.0, 0.0, 0.0, 0.0, 0.0, 1.0, 0.0]"
hMpxV/USA/CA-CDPH-1M1000427/2023|EPI_ISL_18781811|2023-10-03,"[0.0, 0.0, 0.0, 0.0, 0.0, 0.0, 0.0, 0.0, 0.0, 0.0, 0.0, 0.0, 0.0, 0.0, 0.0, 0.0, 0.0, 0.0, 0.0, 0.0, 0.0, 0.0, 0.0, 0.0, 0.0, 0.0, 0.0, 0.0, 0.0, 1.0, 0.0]"
hMpxV/USA/CA-CDPH-1M1000342/2023|EPI_ISL_18452333|2023-09-25,"[0.0, 0.0, 0.0, 0.0, 0.0, 0.0, 0.0, 0.0, 0.0, 0.0, 0.0, 0.0, 0.0, 0.0, 0.0, 0.0, 0.0, 0.0, 0.0, 0.0, 0.0, 0.0, 0.0, 0.0, 0.0, 0.0, 0.0, 0.0, 0.0, 1.0, 0.0]"
hMpxV/USA/CA-CDPH-1M1000401/2023|EPI_ISL_18781925|2023-11-06,"[0.0, 0.0, 0.0, 0.0, 0.0, 0.0, 0.0, 0.0, 0.0, 0.0, 0.0, 0.0, 0.0, 0.0, 0.0, 0.0, 0.0, 0.0, 0.0, 0.0, 0.0, 0.0, 0.0, 0.0, 0.0, 0.0, 0.0, 0.0, 0.0, 0.9999999999999999, 0.0]"
hMpxV/USA/CA-CDPH-1M1000444/2023|EPI_ISL_18781631|2023-11-09,"[0.0, 0.0, 0.0, 0.0, 0.0, 0.0, 0.0, 0.0, 0.0, 0.0, 0.0, 0.0, 0.0, 0.0, 0.0, 0.0, 0.0, 0.0, 0.0, 0.0, 0.0, 0.0, 0.0, 0.0, 0.0, 0.0, 0.0, 0.0, 0.0, 1.0, 0.0]"
hMpxV/USA/CA-CDPH-1M1000551/2023|EPI_ISL_19170480|2023-11-03,"[0.0, 0.0, 0.0, 0.0, 0.0, 0.0, 0.0, 0.0, 0.0, 0.0, 0.0, 0.0, 0.0, 0.0, 0.0, 0.0, 0.0, 0.0, 0.0, 0.0, 0.0, 0.0, 0.0, 0.0, 0.0, 0.0, 0.0, 0.0, 0.0, 1.0, 0.0]"
hMpxV/USA/CA-CDPH-1M1000619/2023|EPI_ISL_19295764|2023-10-10,"[0.0, 0.0, 0.0, 0.0, 0.0, 0.0, 0.0, 0.0, 0.0, 0.0, 0.0, 0.0, 0.0, 0.0, 0.0, 0.0, 0.0, 0.0, 0.0, 0.0, 0.0, 0.0, 0.0, 0.0, 0.0, 0.0, 0.0, 0.0, 0.0, 1.0, 0.0]"
hMpxV/USA/CA-CDPH-1M1000365/2023|EPI_ISL_18786350|2023-09-22,"[0.0, 0.0, 0.0, 0.0, 0.0, 0.0, 0.0, 0.0, 0.0, 0.0, 0.0, 0.0, 0.0, 0.0, 0.0, 0.0, 0.0, 0.0, 0.0, 0.0, 0.0, 0.0, 0.0, 0.0, 0.0, 0.0, 0.0, 0.0, 0.0, 1.0, 0.0]"
NODE_0000306,"[1.0902133705401127e-08, 1.2623851927054835e-09, 3.902310754087e-08, 1.2418588243311268e-09, 1.7751271725084526e-09, 1.2596126560512352e-09, 1.2651255091199272e-09, 1.255422800325419e-09, 1.2523709498382808e-09, 1.2422514971374259e-09, 1.2549078610752803e-09, 1.2496816686983765e-09, 1.1899949663102012e-09, 1.241345919487665e-09, 2.700571971755237e-09, 1.3582411030513388e-08, 8.437163079190361e-09, 1.2496816686962878e-09, 1.2496816686951267e-09, 1.1872845626274961e-09, 4.1823242527448327e-07, 1.2084326203526416e-09, 7.211038929877724e-09, 1.2555585953271402e-09, 2.579749202387523e-09, 3.7076337058838423e-09, 1.0854078823510693e-09, 3.5268155967307426e-09, 1.1913630249505063e-09, 0.9999994649222795, 1.2571754120336136e-09]"
hMpxV/USA/CA-CDPH-1M1000483/2023|EPI_ISL_19143445|2023-12-08,"[0.0, 0.0, 0.0, 0.0, 0.0, 0.0, 0.0, 0.0, 0.0, 0.0, 0.0, 0.0, 0.0, 0.0, 0.0, 0.0, 0.0, 0.0, 0.0, 0.0, 0.0, 0.0, 0.0, 0.0, 0.0, 0.0, 0.0, 0.0, 0.0, 1.0, 0.0]"
hMpxV/USA/CA-CDPH-1M1000499/2023|EPI_ISL_19143476|2023-11-29,"[0.0, 0.0, 0.0, 0.0, 0.0, 0.0, 0.0, 0.0, 0.0, 0.0, 0.0, 0.0, 0.0, 0.0, 0.0, 0.0, 0.0, 0.0, 0.0, 0.0, 0.0, 0.0, 0.0, 0.0, 0.0, 0.0, 0.0, 0.0, 0.0, 1.0, 0.0]"
NODE_0000303,"[1.4645502774494775e-08, 1.495051336772602e-09, 5.45491683642319e-08, 1.4838959079208484e-09, 2.081741419620357e-09, 1.4956519361296604e-09, 1.5077258904305575e-09, 1.5053524835703525e-09, 1.4973973389007119e-09, 1.48349967465693e-09, 1.5064873329155574e-09, 1.4975883130072527e-09, 1.421055728420107e-09, 1.4584768472835543e-09, 3.4910966623529757e-09, 1.8206406914920753e-08, 1.1387801560625687e-08, 1.4975883130068078e-09, 1.4975883130066288e-09, 1.405539781731809e-09, 6.885340717130105e-07, 1.4308824539692902e-09, 9.754933525165197e-09, 1.5055817248189225e-09, 3.2401772063253234e-09, 4.805046568782509e-09, 1.26935289168269e-09, 4.561710797690128e-09, 1.4201155443012156e-09, 0.9999991568558237, 1.507687154221794e-09]"
hMpxV/USA/CA-CDPH-1M1000426/2023|EPI_ISL_18781810|2023-10-11,"[0.0, 0.0, 0.0, 0.0, 0.0, 0.0, 0.0, 0.0, 0.0, 0.0, 0.0, 0.0, 0.0, 0.0, 0.0, 0.0, 0.0, 0.0, 0.0, 0.0, 0.0, 0.0, 0.0, 0.0, 0.0, 0.0, 0.0, 0.0, 0.0, 1.0, 0.0]"
NODE_0000304,"[1.8611589300474092e-18, 1.1717524665032554e-20, 4.310167856560674e-17, 1.086842606125304e-20, 2.8690417733367943e-20, 1.1503655123956587e-20, 1.2025166641552397e-20, 1.1996064035968581e-20, 1.1492279619260278e-20, 1.11167140198583e-20, 1.2261892229982505e-20, 1.1544031658543636e-20, 1.0849246579286549e-20, 1.0715680573300037e-20, 9.477423202965533e-20, 4.276753346581919e-18, 9.751109286252255e-19, 1.1544031658519112e-20, 1.1544031658506967e-20, 9.947568935265375e-21, 4.826970193142428e-14, 9.220193049013204e-21, 9.992326044734183e-19, 1.2001817668015515e-20, 6.964335944287021e-20, 1.6357860191890913e-19, 7.755679529012544e-21, 1.4744284073828962e-19, 1.0545884968837963e-20, 0.9999999999999518, 1.2178572137286693e-20]"
hMpxV/USA/CA-CDPH-1M1000419/2023|EPI_ISL_18781848|2023-10-11,"[0.0, 0.0, 0.0, 0.0, 0.0, 0.0, 0.0, 0.0, 0.0, 0.0, 0.0, 0.0, 0.0, 0.0, 0.0, 0.0, 0.0, 0.0, 0.0, 0.0, 0.0, 0.0, 0.0, 0.0, 0.0, 0.0, 0.0, 0.0, 0.0, 1.0, 0.0]"
hMpxV/USA/CA-CDPH-1M1000356/2023|EPI_ISL_18452347|2023-10-03,"[0.0, 0.0, 0.0, 0.0, 0.0, 0.0, 0.0, 0.0, 0.0, 0.0, 0.0, 0.0, 0.0, 0.0, 0.0, 0.0, 0.0, 0.0, 0.0, 0.0, 0.0, 0.0, 0.0, 0.0, 0.0, 0.0, 0.0, 0.0, 0.0, 1.0, 0.0]"
hMpxV/USA/CA-CDPH-1M1000465/2023|EPI_ISL_18959322|2023-12-12,"[0.0, 0.0, 0.0, 0.0, 0.0, 0.0, 0.0, 0.0, 0.0, 0.0, 0.0, 0.0, 0.0, 0.0, 0.0, 0.0, 0.0, 0.0, 0.0, 0.0, 0.0, 0.0, 0.0, 0.0, 0.0, 0.0, 0.0, 0.0, 0.0, 1.0, 0.0]"
hMpxV/USA/CA-CDPH-1M1000438/2023|EPI_ISL_18781627|2023-11-02,"[0.0, 0.0, 0.0, 0.0, 0.0, 0.0, 0.0, 0.0, 0.0, 0.0, 0.0, 0.0, 0.0, 0.0, 0.0, 0.0, 0.0, 0.0, 0.0, 0.0, 0.0, 0.0, 0.0, 0.0, 0.0, 0.0, 0.0, 0.0, 0.0, 1.0, 0.0]"
hMpxV/USA/CA-CDPH-1M1000421/2023|EPI_ISL_19170459|2023-10-06,"[0.0, 0.0, 0.0, 0.0, 0.0, 0.0, 0.0, 0.0, 0.0, 0.0, 0.0, 0.0, 0.0, 0.0, 0.0, 0.0, 0.0, 0.0, 0.0, 0.0, 0.0, 0.0, 0.0, 0.0, 0.0, 0.0, 0.0, 0.0, 0.0, 1.0, 0.0]"
NODE_0000305,"[3.024968620286104e-09, 2.0754644478941342e-10, 1.2430167016799102e-08, 1.9918085866030056e-10, 3.3717073380163124e-10, 2.0515400422088237e-10, 2.0680938191308167e-10, 2.044758625001312e-10, 2.0358536106713397e-10, 1.9875871983142838e-10, 2.638702179886846e-10, 2.0047439283499776e-10, 1.9636356744604575e-10, 2.0265767083521694e-10, 7.55745482827501e-09, 3.834301720817774e-09, 1.8661525193481423e-09, 2.0047439283467017e-10, 2.004743928344884e-10, 1.8820382363600586e-10, 3.5146954178789495e-07, 2.33033752682756e-10, 1.6969205321004956e-09, 2.045060811845028e-10, 6.903531712873851e-10, 7.249934482113702e-10, 6.694768404667735e-10, 6.876327772936191e-10, 3.614966244578646e-10, 0.9999996111276442, 2.061562032831681e-10]"
hMpxV/USA/CA-CDPH-1M1000475/2024|EPI_ISL_19143469|2024-02-10,"[0.0, 0.0, 0.0, 0.0, 0.0, 0.0, 0.0, 0.0, 0.0, 0.0, 0.0, 0.0, 0.0, 0.0, 0.0, 0.0, 0.0, 0.0, 0.0, 0.0, 0.0, 0.0, 0.0, 0.0, 0.0, 0.0, 0.0, 0.0, 0.0, 1.0, 0.0]"
hMpxV/USA/CA-CDPH-1M1000479/2024|EPI_ISL_19143473|2024-02-13,"[0.0, 0.0, 0.0, 0.0, 0.0, 0.0, 0.0, 0.0, 0.0, 0.0, 0.0, 0.0, 0.0, 0.0, 0.0, 0.0, 0.0, 0.0, 0.0, 0.0, 0.0, 0.0, 0.0, 0.0, 0.0, 0.0, 0.0, 0.0, 0.0, 1.0, 0.0]"
hMpxV/Japan/TMIPH-0002/2024|EPI_ISL_19151801|2024-04-06,"[0.0, 0.0, 0.0, 0.0, 0.0, 0.0, 0.0, 0.0, 0.0, 0.0, 0.0, 0.0, 0.0, 0.0, 1.0, 0.0, 0.0, 0.0, 0.0, 0.0, 0.0, 0.0, 0.0, 0.0, 0.0, 0.0, 0.0, 0.0, 0.0, 0.0, 0.0]"
hMpxV/USA/IL-RIPHL-050-0134/2023|EPI_ISL_19016764|2023-10-31,"[0.0, 0.0, 0.0, 0.0, 0.0, 0.0, 0.0, 0.0, 0.0, 0.0, 0.0, 0.0, 0.0, 0.0, 0.0, 0.0, 0.0, 0.0, 0.0, 0.0, 0.0, 0.0, 0.0, 0.0, 0.0, 0.0, 0.0, 0.0, 0.0, 1.0, 0.0]"
NODE_0000156,"[8.795803410727777e-08, 9.670240666661477e-09, 3.208787357777198e-07, 9.532026591340548e-09, 1.3607996701693059e-08, 9.651906781394067e-09, 9.708770909440532e-09, 9.650285355329978e-09, 9.616397421010474e-09, 9.534328936681755e-09, 9.65108645889962e-09, 9.603143072444894e-09, 9.13398549348394e-09, 9.481831546212666e-09, 2.1392513408193742e-08, 1.0977653772576871e-07, 6.813008348606467e-08, 9.603143072442626e-09, 9.603143072441958e-09, 9.087617023052642e-09, 3.6979563019021136e-06, 9.243708173405063e-09, 5.8303728851943174e-08, 9.651470721372975e-09, 2.0217777315784707e-08, 2.9419012333824917e-08, 8.271143793784118e-09, 2.7960088068033433e-08, 9.138568812582477e-09, 0.9999953649016611, 9.664731388173544e-09]"
hMpxV/USA/IL-RIPHL-050-0058/2023|EPI_ISL_17821100|2023-05-17,"[0.0, 0.0, 0.0, 0.0, 0.0, 0.0, 0.0, 0.0, 0.0, 0.0, 0.0, 0.0, 0.0, 0.0, 0.0, 0.0, 0.0, 0.0, 0.0, 0.0, 0.0, 0.0, 0.0, 0.0, 0.0, 0.0, 0.0, 0.0, 0.0, 0.9999999999999999, 0.0]"
NODE_0000157,"[1.6943681903364297e-51, 4.948997210225647e-59, 2.5519495727436174e-46, 2.8907138574887635e-59, 2.4077414126146845e-57, 4.31265285770714e-59, 5.089803360590061e-59, 4.652902117531098e-59, 3.846322740806226e-59, 3.350825266369231e-59, 5.196592820890294e-59, 3.8103541641820722e-59, 3.597620067602493e-59, 3.693645290094739e-59, 5.825469903594995e-56, 9.18951936435166e-50, 1.0643857737341852e-52, 3.8103541641735286e-59, 3.810354164169415e-59, 2.5325845689597735e-59, 1.770110481243206e-34, 1.47564682429043e-59, 2.6206686494738025e-52, 4.659959605831192e-59, 2.0577739165656327e-56, 3.0766567730287235e-55, 1.1197715515139663e-59, 2.5634483127949347e-55, 3.112458035021195e-59, 1.0, 5.05130511714886e-59]"
hMpxV/USA/CA-CDPH-1M1000346/2023|EPI_ISL_18452337|2023-09-30,"[0.0, 0.0, 0.0, 0.0, 0.0, 0.0, 0.0, 0.0, 0.0, 0.0, 0.0, 0.0, 0.0, 0.0, 0.0, 0.0, 0.0, 0.0, 0.0, 0.0, 0.0, 0.0, 0.0, 0.0, 0.0, 0.0, 0.0, 0.0, 0.0, 1.0, 0.0]"
hMpxV/USA/IL-RIPHL-050-0057/2023|EPI_ISL_17821099|2023-05-18,"[0.0, 0.0, 0.0, 0.0, 0.0, 0.0, 0.0, 0.0, 0.0, 0.0, 0.0, 0.0, 0.0, 0.0, 0.0, 0.0, 0.0, 0.0, 0.0, 0.0, 0.0, 0.0, 0.0, 0.0, 0.0, 0.0, 0.0, 0.0, 0.0, 1.0, 0.0]"
hMpxV/USA/IL-RIPHL-052-0038/2023|EPI_ISL_17821097|2023-05-11,"[0.0, 0.0, 0.0, 0.0, 0.0, 0.0, 0.0, 0.0, 0.0, 0.0, 0.0, 0.0, 0.0, 0.0, 0.0, 0.0, 0.0, 0.0, 0.0, 0.0, 0.0, 0.0, 0.0, 0.0, 0.0, 0.0, 0.0, 0.0, 0.0, 1.0, 0.0]"
hMpxV/USA/CA-LACPHL-MA00529/2023|EPI_ISL_18161306|2023-07-03,"[0.0, 0.0, 0.0, 0.0, 0.0, 0.0, 0.0, 0.0, 0.0, 0.0, 0.0, 0.0, 0.0, 0.0, 0.0, 0.0, 0.0, 0.0, 0.0, 0.0, 0.0, 0.0, 0.0, 0.0, 0.0, 0.0, 0.0, 0.0, 0.0, 1.0, 0.0]"
hMpxV/USA/CA-LACPHL-MA00544/2023|EPI_ISL_18161320|2023-06-28,"[0.0, 0.0, 0.0, 0.0, 0.0, 0.0, 0.0, 0.0, 0.0, 0.0, 0.0, 0.0, 0.0, 0.0, 0.0, 0.0, 0.0, 0.0, 0.0, 0.0, 0.0, 0.0, 0.0, 0.0, 0.0, 0.0, 0.0, 0.0, 0.0, 0.9999999999999999, 0.0]"
hMpxV/USA/CA-LACPHL-MA00527/2023|EPI_ISL_18161304|2023-06-07,"[0.0, 0.0, 0.0, 0.0, 0.0, 0.0, 0.0, 0.0, 0.0, 0.0, 0.0, 0.0, 0.0, 0.0, 0.0, 0.0, 0.0, 0.0, 0.0, 0.0, 0.0, 0.0, 0.0, 0.0, 0.0, 0.0, 0.0, 0.0, 0.0, 1.0, 0.0]"
hMpxV/USA/IL-RIPHL-050-0059/2023|EPI_ISL_17821101|2023-05-23,"[0.0, 0.0, 0.0, 0.0, 0.0, 0.0, 0.0, 0.0, 0.0, 0.0, 0.0, 0.0, 0.0, 0.0, 0.0, 0.0, 0.0, 0.0, 0.0, 0.0, 0.0, 0.0, 0.0, 0.0, 0.0, 0.0, 0.0, 0.0, 0.0, 1.0, 0.0]"
hMpxV/USA/IL-RIPHL-04-0075/2023|EPI_ISL_18137802|2023-06-22,"[0.0, 0.0, 0.0, 0.0, 0.0, 0.0, 0.0, 0.0, 0.0, 0.0, 0.0, 0.0, 0.0, 0.0, 0.0, 0.0, 0.0, 0.0, 0.0, 0.0, 0.0, 0.0, 0.0, 0.0, 0.0, 0.0, 0.0, 0.0, 0.0, 1.0, 0.0]"
hMpxV/USA/IL-RIPHL-04-0019/2023|EPI_ISL_18137814|2023-04-20,"[0.0, 0.0, 0.0, 0.0, 0.0, 0.0, 0.0, 0.0, 0.0, 0.0, 0.0, 0.0, 0.0, 0.0, 0.0, 0.0, 0.0, 0.0, 0.0, 0.0, 0.0, 0.0, 0.0, 0.0, 0.0, 0.0, 0.0, 0.0, 0.0, 1.0, 0.0]"
hMpxV/USA/IL-RIPHL-052-0079/2023|EPI_ISL_18137805|2023-07-02,"[0.0, 0.0, 0.0, 0.0, 0.0, 0.0, 0.0, 0.0, 0.0, 0.0, 0.0, 0.0, 0.0, 0.0, 0.0, 0.0, 0.0, 0.0, 0.0, 0.0, 0.0, 0.0, 0.0, 0.0, 0.0, 0.0, 0.0, 0.0, 0.0, 1.0, 0.0]"
hMpxV/USA/IL-RIPHL-04-0022/2023|EPI_ISL_18137816|2023-05-04,"[0.0, 0.0, 0.0, 0.0, 0.0, 0.0, 0.0, 0.0, 0.0, 0.0, 0.0, 0.0, 0.0, 0.0, 0.0, 0.0, 0.0, 0.0, 0.0, 0.0, 0.0, 0.0, 0.0, 0.0, 0.0, 0.0, 0.0, 0.0, 0.0, 0.9999999999999999, 0.0]"
hMpxV/USA/IL-RIPHL-050-0087/2023|EPI_ISL_18137812|2023-07-12,"[0.0, 0.0, 0.0, 0.0, 0.0, 0.0, 0.0, 0.0, 0.0, 0.0, 0.0, 0.0, 0.0, 0.0, 0.0, 0.0, 0.0, 0.0, 0.0, 0.0, 0.0, 0.0, 0.0, 0.0, 0.0, 0.0, 0.0, 0.0, 0.0, 1.0, 0.0]"
hMpxV/USA/IL-RIPHL-04-0023/2023|EPI_ISL_18137817|2023-05-07,"[0.0, 0.0, 0.0, 0.0, 0.0, 0.0, 0.0, 0.0, 0.0, 0.0, 0.0, 0.0, 0.0, 0.0, 0.0, 0.0, 0.0, 0.0, 0.0, 0.0, 0.0, 0.0, 0.0, 0.0, 0.0, 0.0, 0.0, 0.0, 0.0, 0.9999999999999999, 0.0]"
hMpxV/USA/IL-RIPHL-04-0045/2023|EPI_ISL_18137819|2023-05-16,"[0.0, 0.0, 0.0, 0.0, 0.0, 0.0, 0.0, 0.0, 0.0, 0.0, 0.0, 0.0, 0.0, 0.0, 0.0, 0.0, 0.0, 0.0, 0.0, 0.0, 0.0, 0.0, 0.0, 0.0, 0.0, 0.0, 0.0, 0.0, 0.0, 1.0, 0.0]"
hMpxV/USA/IL-RIPHL-04-0044/2023|EPI_ISL_18137818|2023-05-10,"[0.0, 0.0, 0.0, 0.0, 0.0, 0.0, 0.0, 0.0, 0.0, 0.0, 0.0, 0.0, 0.0, 0.0, 0.0, 0.0, 0.0, 0.0, 0.0, 0.0, 0.0, 0.0, 0.0, 0.0, 0.0, 0.0, 0.0, 0.0, 0.0, 1.0, 0.0]"
hMpxV/USA/IL-RIPHL-04-0020/2023|EPI_ISL_18137815|2023-04-27,"[0.0, 0.0, 0.0, 0.0, 0.0, 0.0, 0.0, 0.0, 0.0, 0.0, 0.0, 0.0, 0.0, 0.0, 0.0, 0.0, 0.0, 0.0, 0.0, 0.0, 0.0, 0.0, 0.0, 0.0, 0.0, 0.0, 0.0, 0.0, 0.0, 1.0, 0.0]"
hMpxV/USA/CA-LACPHL-MA00502/2023|EPI_ISL_18161279|2023-05-02,"[0.0, 0.0, 0.0, 0.0, 0.0, 0.0, 0.0, 0.0, 0.0, 0.0, 0.0, 0.0, 0.0, 0.0, 0.0, 0.0, 0.0, 0.0, 0.0, 0.0, 0.0, 0.0, 0.0, 0.0, 0.0, 0.0, 0.0, 0.0, 0.0, 1.0, 0.0]"
hMpxV/USA/IL-RIPHL-050-0095/2023|EPI_ISL_18285985|2023-08-03,"[0.0, 0.0, 0.0, 0.0, 0.0, 0.0, 0.0, 0.0, 0.0, 0.0, 0.0, 0.0, 0.0, 0.0, 0.0, 0.0, 0.0, 0.0, 0.0, 0.0, 0.0, 0.0, 0.0, 0.0, 0.0, 0.0, 0.0, 0.0, 0.0, 1.0, 0.0]"
hMpxV/USA/IL-RIPHL-0061/2023|EPI_ISL_17979001|2023-05-31,"[0.0, 0.0, 0.0, 0.0, 0.0, 0.0, 0.0, 0.0, 0.0, 0.0, 0.0, 0.0, 0.0, 0.0, 0.0, 0.0, 0.0, 0.0, 0.0, 0.0, 0.0, 0.0, 0.0, 0.0, 0.0, 0.0, 0.0, 0.0, 0.0, 1.0, 0.0]"
hMpxV/USA/IL-RIPHL-0060/2023|EPI_ISL_17979000|2023-05-31,"[0.0, 0.0, 0.0, 0.0, 0.0, 0.0, 0.0, 0.0, 0.0, 0.0, 0.0, 0.0, 0.0, 0.0, 0.0, 0.0, 0.0, 0.0, 0.0, 0.0, 0.0, 0.0, 0.0, 0.0, 0.0, 0.0, 0.0, 0.0, 0.0, 1.0, 0.0]"
hMpxV/USA/CA-CDPH-1M1000616/2023|EPI_ISL_19295761|2023-10-12,"[0.0, 0.0, 0.0, 0.0, 0.0, 0.0, 0.0, 0.0, 0.0, 0.0, 0.0, 0.0, 0.0, 0.0, 0.0, 0.0, 0.0, 0.0, 0.0, 0.0, 0.0, 0.0, 0.0, 0.0, 0.0, 0.0, 0.0, 0.0, 0.0, 1.0, 0.0]"
NODE_0000297,"[1.279449429011274e-08, 1.4157614283136644e-09, 4.6577337801754324e-08, 1.394972386195208e-09, 1.9928973425038597e-09, 1.4129359910156494e-09, 1.4209853966715787e-09, 1.4120247699890208e-09, 1.4072704011360755e-09, 1.395345167890698e-09, 1.4120563906745743e-09, 1.405171437590664e-09, 1.336753833820322e-09, 1.3887360153843965e-09, 3.1180767055444397e-09, 1.5968827464914762e-08, 9.908015020140068e-09, 1.405171437588354e-09, 1.4051714375870606e-09, 1.330523578532832e-09, 5.319661678354342e-07, 1.3533995476575498e-09, 8.477935712260905e-09, 1.4121951425559569e-09, 2.9511844067242057e-09, 4.287395719319645e-09, 1.2117262963875045e-09, 4.075196615326075e-09, 1.337544773103132e-09, 0.9999993316105995, 1.4141261536738755e-09]"
hMpxV/USA/IL-RIPHL-052-0039/2023|EPI_ISL_17821098|2023-05-15,"[0.0, 0.0, 0.0, 0.0, 0.0, 0.0, 0.0, 0.0, 0.0, 0.0, 0.0, 0.0, 0.0, 0.0, 0.0, 0.0, 0.0, 0.0, 0.0, 0.0, 0.0, 0.0, 0.0, 0.0, 0.0, 0.0, 0.0, 0.0, 0.0, 1.0, 0.0]"
hMpxV/USA/IL-RIPHL-0068/2023|EPI_ISL_17979002|2023-06-14,"[0.0, 0.0, 0.0, 0.0, 0.0, 0.0, 0.0, 0.0, 0.0, 0.0, 0.0, 0.0, 0.0, 0.0, 0.0, 0.0, 0.0, 0.0, 0.0, 0.0, 0.0, 0.0, 0.0, 0.0, 0.0, 0.0, 0.0, 0.0, 0.0, 1.0, 0.0]"
NODE_0000298,"[3.8902204040426747e-10, 3.072698348856187e-11, 1.8459175419190228e-09, 2.991595135018849e-11, 4.699594093963729e-11, 3.064388023548623e-11, 3.085423776301837e-11, 3.0603171477049365e-11, 3.0390219796534406e-11, 3.003842409213251e-11, 3.066684807599673e-11, 3.030635431616257e-11, 2.8857750349696405e-11, 3.003690350583817e-11, 7.670698555658111e-11, 5.327050124433612e-10, 2.794962300944343e-10, 3.0306354316110314e-11, 3.030635431608139e-11, 2.849624783706798e-11, 3.591400079214286e-08, 2.8640879874381145e-11, 2.459114467309598e-10, 3.0607749708364885e-11, 7.177975257932076e-11, 1.089782670069411e-10, 2.5573768901462006e-11, 1.0293027061891042e-10, 2.8774449098192088e-11, 0.9999999598190976, 3.071152247409846e-11]"
hMpxV/USA/IL-RIPHL-050-0158/2024|EPI_ISL_19031633|2024-02-19,"[0.0, 0.0, 0.0, 0.0, 0.0, 0.0, 0.0, 0.0, 0.0, 0.0, 0.0, 0.0, 0.0, 0.0, 0.0, 0.0, 0.0, 0.0, 0.0, 0.0, 0.0, 0.0, 0.0, 0.0, 0.0, 0.0, 0.0, 0.0, 0.0, 1.0, 0.0]"
hMpxV/USA/IL-RIPHL-050-0165/2024|EPI_ISL_19031637|2024-03-01,"[0.0, 0.0, 0.0, 0.0, 0.0, 0.0, 0.0, 0.0, 0.0, 0.0, 0.0, 0.0, 0.0, 0.0, 0.0, 0.0, 0.0, 0.0, 0.0, 0.0, 0.0, 0.0, 0.0, 0.0, 0.0, 0.0, 0.0, 0.0, 0.0, 1.0, 0.0]"
hMpxV/USA/IL-RIPHL-050-0164/2024|EPI_ISL_19031636|2024-03-01,"[0.0, 0.0, 0.0, 0.0, 0.0, 0.0, 0.0, 0.0, 0.0, 0.0, 0.0, 0.0, 0.0, 0.0, 0.0, 0.0, 0.0, 0.0, 0.0, 0.0, 0.0, 0.0, 0.0, 0.0, 0.0, 0.0, 0.0, 0.0, 0.0, 1.0, 0.0]"
NODE_0000273,"[8.754400338562164e-11, 5.193396967774397e-12, 1.0728744749632603e-08, 4.95624392477865e-12, 1.252591307444416e-11, 5.14799463777789e-12, 5.399160026441344e-12, 5.287838834744509e-12, 5.297301590473081e-12, 5.836796211041195e-12, 5.203263498138456e-12, 5.059730334272651e-12, 4.926363022731652e-12, 7.51971737401225e-12, 1.2702606111211946e-11, 1.3035152228114332e-10, 7.918460685692125e-11, 5.059730334264126e-12, 5.059730334259387e-12, 5.256472765302282e-12, 2.664712199844902e-08, 4.619977082984355e-12, 7.756785016105211e-10, 5.289389861725495e-12, 3.4956921151052e-11, 1.9032673480962054e-11, 4.053581883919126e-12, 1.8161076751250828e-11, 4.7886069401411356e-12, 0.9999999613546477, 5.392315724742581e-12]"
hMpxV/USA/IL-RIPHL-050-0155/2024|EPI_ISL_19031631|2024-02-29,"[0.0, 0.0, 0.0, 0.0, 0.0, 0.0, 0.0, 0.0, 0.0, 0.0, 0.0, 0.0, 0.0, 0.0, 0.0, 0.0, 0.0, 0.0, 0.0, 0.0, 0.0, 0.0, 0.0, 0.0, 0.0, 0.0, 0.0, 0.0, 0.0, 1.0, 0.0]"
hMpxV/USA/IL-RIPHL-004-0159/2024|EPI_ISL_19158948|2024-03-08,"[0.0, 0.0, 0.0, 0.0, 0.0, 0.0, 0.0, 0.0, 0.0, 0.0, 0.0, 0.0, 0.0, 0.0, 0.0, 0.0, 0.0, 0.0, 0.0, 0.0, 0.0, 0.0, 0.0, 0.0, 0.0, 0.0, 0.0, 0.0, 0.0, 1.0, 0.0]"
hMpxV/USA/IL-RIPHL-050-0153/2024|EPI_ISL_19016819|2024-02-19,"[0.0, 0.0, 0.0, 0.0, 0.0, 0.0, 0.0, 0.0, 0.0, 0.0, 0.0, 0.0, 0.0, 0.0, 0.0, 0.0, 0.0, 0.0, 0.0, 0.0, 0.0, 0.0, 0.0, 0.0, 0.0, 0.0, 0.0, 0.0, 0.0, 0.9999999999999999, 0.0]"
NODE_0000274,"[0.00022165500531070196, 7.96217351045522e-05, 0.0014288967786678444, 7.88144935259005e-05, 9.544707134613073e-05, 7.969069419876894e-05, 7.900579202063894e-05, 7.807058339718224e-05, 7.892321706162783e-05, 0.00011665470606390274, 7.738428164091146e-05, 7.81541886580544e-05, 7.382773318461425e-05, 0.00019645341239907303, 9.517049590408902e-05, 0.00025958738746667765, 0.0006429009879678817, 7.815418865805557e-05, 7.815418865805624e-05, 0.00010298310047633903, 0.0019299798687473183, 7.897613560928824e-05, 0.19453725603931518, 7.807202810786556e-05, 0.0006968318977139764, 0.00013507123300736498, 7.038988539820151e-05, 0.0001316035298371846, 7.446683447776132e-05, 0.7981697942475041, 7.800825857064607e-05]"
hMpxV/Portugal/INSA-PT0828/2024|EPI_ISL_19366742|2024-08-13,"[0.0, 0.0, 0.0, 0.0, 0.0, 0.0, 0.0, 0.0, 0.0, 0.0, 0.0, 0.0, 0.0, 0.0, 0.0, 0.0, 0.0, 0.0, 0.0, 0.0, 0.0, 0.0, 1.0, 0.0, 0.0, 0.0, 0.0, 0.0, 0.0, 0.0, 0.0]"
hMpxV/USA/IL-RIPHL-050-0201/2024|EPI_ISL_19474703|2024-08-23,"[0.0, 0.0, 0.0, 0.0, 0.0, 0.0, 0.0, 0.0, 0.0, 0.0, 0.0, 0.0, 0.0, 0.0, 0.0, 0.0, 0.0, 0.0, 0.0, 0.0, 0.0, 0.0, 0.0, 0.0, 0.0, 0.0, 0.0, 0.0, 0.0, 1.0, 0.0]"
NODE_0000275,"[1.9536691323262624e-05, 5.821338929056075e-06, 0.9986985536817756, 5.763117179459812e-06, 2.307376947503381e-05, 5.822642304370458e-06, 6.584679408444766e-06, 5.694336711471744e-06, 5.751876391405675e-06, 5.750982851221782e-06, 5.647247581857148e-06, 5.713357005019875e-06, 5.379451376752983e-06, 5.884644602364574e-06, 4.8439410018208e-06, 1.732323981643296e-05, 8.372743271804858e-06, 5.713357005020687e-06, 5.713357005020546e-06, 5.533155848388803e-06, 0.0001498902934750282, 5.750526411476972e-06, 6.316773208816758e-05, 5.694376593534503e-06, 8.830891647089498e-06, 6.831220448113351e-06, 5.1296346789095285e-06, 6.787802871162149e-06, 5.433471086034966e-06, 0.0008843231847455939, 5.683255091035279e-06]"
hMpxV/Brazil/PR-FIOCRUZ-10550/2024|EPI_ISL_19416187|2024-08-05,"[0.0, 0.0, 1.0, 0.0, 0.0, 0.0, 0.0, 0.0, 0.0, 0.0, 0.0, 0.0, 0.0, 0.0, 0.0, 0.0, 0.0, 0.0, 0.0, 0.0, 0.0, 0.0, 0.0, 0.0, 0.0, 0.0, 0.0, 0.0, 0.0, 0.0, 0.0]"
NODE_0000276,"[4.391402618176351e-08, 1.3158939497875924e-08, 0.9999980395870387, 1.3207528544805636e-08, 8.947592590465541e-08, 1.3194954154404577e-08, 1.6012682311459177e-08, 1.3071477423833309e-08, 1.316957578587302e-08, 1.316116388870223e-08, 1.2967106494446e-08, 1.3123308865620078e-08, 1.2187559978470127e-08, 1.3165438140446035e-08, 9.002451047981619e-09, 3.460953359773039e-08, 1.3835444617999128e-08, 1.3123308865626755e-08, 1.3123308865625337e-08, 1.2449980114043973e-08, 4.071279596767981e-07, 1.2975656813337867e-08, 3.1277942090947234e-07, 1.3072419314093982e-08, 2.0769408209789884e-08, 1.3137751954154769e-08, 1.1213868528287732e-08, 1.3233590579454572e-08, 1.2297808493756458e-08, 7.548118223860325e-07, 1.3039540078702995e-08]"
hMpxV/Brazil/SP-IAL-357924058/2024|EPI_ISL_19446294|2024-09-02,"[0.0, 0.0, 1.0, 0.0, 0.0, 0.0, 0.0, 0.0, 0.0, 0.0, 0.0, 0.0, 0.0, 0.0, 0.0, 0.0, 0.0, 0.0, 0.0, 0.0, 0.0, 0.0, 0.0, 0.0, 0.0, 0.0, 0.0, 0.0, 0.0, 0.0, 0.0]"
hMpxV/Brazil/SP-IAL-357947559/2024|EPI_ISL_19446310|2024-09-16,"[0.0, 0.0, 1.0, 0.0, 0.0, 0.0, 0.0, 0.0, 0.0, 0.0, 0.0, 0.0, 0.0, 0.0, 0.0, 0.0, 0.0, 0.0, 0.0, 0.0, 0.0, 0.0, 0.0, 0.0, 0.0, 0.0, 0.0, 0.0, 0.0, 0.0, 0.0]"
NODE_0000292,"[0.00011174317539046618, 4.419477964389745e-05, 0.00020406150326008124, 4.4216891233900195e-05, 5.081169412882929e-05, 4.4414710903256576e-05, 4.3875996931618274e-05, 4.330096306497046e-05, 4.3855964085256255e-05, 4.386116275296205e-05, 4.288609433016772e-05, 4.3641429258966715e-05, 4.2330084432627823e-05, 4.736213510772266e-05, 5.017355997649354e-05, 0.00012657068150857123, 0.00038874537059259764, 4.364142925895811e-05, 4.3641429258952126e-05, 4.203255837311031e-05, 0.0004673296868813819, 6.792742318463577e-05, 9.507516524397202e-05, 4.330129160066333e-05, 5.1414732803083825e-05, 7.201708615397409e-05, 3.926658916602624e-05, 0.003598863595923231, 4.127991474815791e-05, 0.9939350333908616, 4.312950993981526e-05]"
hMpxV/USA/CA-CDPH-1M1000492/2023|EPI_ISL_19143454|2023-12-28,"[0.0, 0.0, 0.0, 0.0, 0.0, 0.0, 0.0, 0.0, 0.0, 0.0, 0.0, 0.0, 0.0, 0.0, 0.0, 0.0, 0.0, 0.0, 0.0, 0.0, 0.0, 0.0, 0.0, 0.0, 0.0, 0.0, 0.0, 0.0, 0.0, 1.0, 0.0]"
NODE_0000293,"[0.0008224563794494181, 0.0006404783282366751, 0.0010316179280735137, 0.0006505037385441169, 0.0006480548685287435, 0.0006454292624311451, 0.0006363329647606098, 0.0006288239453462558, 0.0006400043599151253, 0.0006433475799814662, 0.000620518795942539, 0.0006377490887653819, 0.0008142286629389606, 0.001077215456797698, 0.0005340422619562891, 0.0009455671381466863, 0.05289409686622459, 0.0006377490887654353, 0.0006377490887654168, 0.0006026277552324827, 0.001355021778864144, 0.003122936219869072, 0.001692262563418627, 0.0006288408923162652, 0.0005354883464336556, 0.0008281263404678282, 0.0005678887863292768, 0.8711029854593907, 0.0005891195654229756, 0.05256428646607906, 0.0006244500226057971]"
NODE_0000296,"[3.934667496670987e-09, 6.6967154475664824e-09, 3.111973773824704e-09, 6.960932805048184e-09, 5.7575223041268124e-09, 6.802295231660304e-09, 6.669822014065378e-09, 6.623246071784193e-09, 6.78637787124636e-09, 6.800612128393008e-09, 6.500442316183395e-09, 6.763630352458524e-09, 1.3357249330895026e-08, 2.567722465846762e-08, 3.5941704984661916e-09, 4.440799175766315e-09, 0.9999992925297094, 6.763630352463331e-09, 6.763630352469976e-09, 6.250324884730778e-09, 2.2546268921603684e-09, 1.0207599980609198e-08, 3.7829275661932736e-08, 6.6235512705786004e-09, 3.4639795216455313e-09, 6.416072285657084e-09, 5.5389283709353345e-09, 4.5137373103326196e-07, 6.092500316373796e-09, 3.0858544002221654e-08, 6.556214193458822e-09]"
hMpxV/Netherlands/un-EMC-NL108/2024|EPI_ISL_19356929|2024-05-15,"[0.0, 0.0, 0.0, 0.0, 0.0, 0.0, 0.0, 0.0, 0.0, 0.0, 0.0, 0.0, 0.0, 0.0, 0.0, 0.0, 1.0, 0.0, 0.0, 0.0, 0.0, 0.0, 0.0, 0.0, 0.0, 0.0, 0.0, 0.0, 0.0, 0.0, 0.0]"
hMpxV/Netherlands/un-EMC-NL107/2024|EPI_ISL_19356928|2024-05-15,"[0.0, 0.0, 0.0, 0.0, 0.0, 0.0, 0.0, 0.0, 0.0, 0.0, 0.0, 0.0, 0.0, 0.0, 0.0, 0.0, 1.0, 0.0, 0.0, 0.0, 0.0, 0.0, 0.0, 0.0, 0.0, 0.0, 0.0, 0.0, 0.0, 0.0, 0.0]"
NODE_0000294,"[0.000164228849430344, 0.00014626914881973326, 0.0001964217757330212, 0.00014901603265115475, 0.00014441066832910886, 0.00014754484537547058, 0.00014549121388304756, 0.00014372799742228635, 0.00014627618488835065, 0.0001471156442217059, 0.00014198636262317604, 0.00014603770927034847, 0.00021421061990743254, 0.0002381898785846662, 0.00013281416966740185, 0.0001978017109830326, 0.010391905301057233, 0.00014603770927037581, 0.0001460377092703567, 0.00013612368811417196, 0.0002630384665574863, 0.0027194339885779394, 0.00033908791015833765, 0.00014373440752935308, 0.0001112364477067976, 0.00018473941546965923, 0.00014977179487172257, 0.9743414817891114, 0.00013388911594886224, 0.008049357161165246, 0.00014258228340073567]"
hMpxV/Spain/GA-CHUAC-01/2024|EPI_ISL_19416107|2024-02-27,"[0.0, 0.0, 0.0, 0.0, 0.0, 0.0, 0.0, 0.0, 0.0, 0.0, 0.0, 0.0, 0.0, 0.0, 0.0, 0.0, 0.0, 0.0, 0.0, 0.0, 0.0, 0.0, 0.0, 0.0, 0.0, 0.0, 0.0, 1.0, 0.0, 0.0, 0.0]"
NODE_0000295,"[8.353494909024563e-12, 2.2985991705446916e-11, 5.382064008308062e-12, 2.415733977508533e-11, 1.8249931793307438e-11, 2.3457398457215614e-11, 2.3036270652405938e-11, 2.2913393797377824e-11, 2.3475933666056677e-11, 2.3450063781580337e-11, 2.247263325159093e-11, 2.3476669696999667e-11, 8.937828325866711e-11, 2.286961873770211e-11, 4.094436040244078e-11, 1.1469299599678218e-11, 3.048832419548769e-11, 2.3476669696948388e-11, 2.3476669696916855e-11, 2.035263455310186e-11, 3.4786763818432093e-12, 0.999999997997185, 1.1126691905212108e-11, 2.2917193321686716e-11, 7.860310603930412e-12, 2.1219192676595963e-11, 7.583038326565983e-11, 1.3107240423513339e-09, 2.0054028142778618e-11, 3.1069659411321906e-12, 2.2630228758985102e-11]"
hMpxV/Philippines/RITM-010/2024|EPI_ISL_19420633|2024-08-08,"[0.0, 0.0, 0.0, 0.0, 0.0, 0.0, 0.0, 0.0, 0.0, 0.0, 0.0, 0.0, 0.0, 0.0, 0.0, 0.0, 0.0, 0.0, 0.0, 0.0, 0.0, 1.0, 0.0, 0.0, 0.0, 0.0, 0.0, 0.0, 0.0, 0.0, 0.0]"
hMpxV/Philippines/RITM-020/2024|EPI_ISL_19456606|2024-09-03,"[0.0, 0.0, 0.0, 0.0, 0.0, 0.0, 0.0, 0.0, 0.0, 0.0, 0.0, 0.0, 0.0, 0.0, 0.0, 0.0, 0.0, 0.0, 0.0, 0.0, 0.0, 1.0, 0.0, 0.0, 0.0, 0.0, 0.0, 0.0, 0.0, 0.0, 0.0]"
hMpxV/Philippines/RITM-024/2024|EPI_ISL_19456607|2024-09-07,"[0.0, 0.0, 0.0, 0.0, 0.0, 0.0, 0.0, 0.0, 0.0, 0.0, 0.0, 0.0, 0.0, 0.0, 0.0, 0.0, 0.0, 0.0, 0.0, 0.0, 0.0, 1.0, 0.0, 0.0, 0.0, 0.0, 0.0, 0.0, 0.0, 0.0, 0.0]"
hMpxV/Philippines/RITM-011/2024|EPI_ISL_19456511|2024-08-22,"[0.0, 0.0, 0.0, 0.0, 0.0, 0.0, 0.0, 0.0, 0.0, 0.0, 0.0, 0.0, 0.0, 0.0, 0.0, 0.0, 0.0, 0.0, 0.0, 0.0, 0.0, 1.0, 0.0, 0.0, 0.0, 0.0, 0.0, 0.0, 0.0, 0.0, 0.0]"
NODE_0000277,"[9.961991933406512e-06, 1.9052465197353032e-06, 2.8645874128254607e-05, 1.852582346763483e-06, 2.6046541580300457e-06, 1.8986421349153784e-06, 1.882742338493809e-06, 1.846072720094807e-06, 1.859333979633612e-06, 1.8523316609721189e-06, 1.8368432049990999e-06, 1.8444439764919954e-06, 1.7719150067789543e-06, 1.9190979930390306e-06, 3.020501732681773e-06, 1.1874900785894614e-05, 7.773206360032472e-06, 1.8444439764917631e-06, 1.8444439764916547e-06, 1.8105474945396644e-06, 0.00014595862804791772, 1.8588881875773422e-06, 6.5315263450706114e-06, 1.8460531378174323e-06, 3.150437878700014e-06, 4.052200343350052e-06, 1.7206040794107008e-06, 3.888131058760049e-06, 1.784377047454568e-06, 0.9997375131142899, 1.8462231562893631e-06]"
NODE_0000278,"[1.4564018617929167e-06, 7.244348839420176e-10, 6.993301731172631e-08, 6.857712183014705e-10, 1.1898999584153093e-09, 7.15083836398058e-10, 7.233708463189026e-10, 7.114770084916589e-10, 7.042469034427061e-10, 6.914035617639693e-10, 7.14383345834139e-10, 6.995851032555433e-10, 6.586811738000351e-10, 7.018335782123343e-10, 2.3168707660174e-09, 1.383177303453199e-08, 6.618486750383386e-09, 6.995851032552673e-10, 6.995851032551589e-10, 6.480665366665573e-10, 1.8318365876926921e-06, 6.411021953979503e-10, 5.867036168215212e-09, 7.116010599414513e-10, 2.5812780800366657e-09, 2.5842030521725613e-09, 5.643933750118104e-10, 2.451384558822546e-09, 6.562811331304154e-10, 0.9999965913206196, 7.160953818931192e-10]"
hMpxV/USA/CA-LACPHL-MA00633/2024|EPI_ISL_19204035|2024-05-30,"[0.0, 0.0, 0.0, 0.0, 0.0, 0.0, 0.0, 0.0, 0.0, 0.0, 0.0, 0.0, 0.0, 0.0, 0.0, 0.0, 0.0, 0.0, 0.0, 0.0, 0.0, 0.0, 0.0, 0.0, 0.0, 0.0, 0.0, 0.0, 0.0, 1.0, 0.0]"
hMpxV/USA/CA-CDPH-1M1000635/2024|EPI_ISL_19295778|2024-06-21,"[0.0, 0.0, 0.0, 0.0, 0.0, 0.0, 0.0, 0.0, 0.0, 0.0, 0.0, 0.0, 0.0, 0.0, 0.0, 0.0, 0.0, 0.0, 0.0, 0.0, 0.0, 0.0, 0.0, 0.0, 0.0, 0.0, 0.0, 0.0, 0.0, 1.0, 0.0]"
NODE_0000280,"[5.836045953154096e-08, 1.5315866053816741e-09, 4.765531573787261e-08, 1.5047038009466705e-09, 2.1544985871841176e-09, 1.5278657509579096e-09, 1.5332793325125464e-09, 1.5200028794656382e-09, 1.517209153460082e-09, 1.5052181451703971e-09, 1.5189277865788125e-09, 1.5132475716692751e-09, 1.441630987422628e-09, 1.507969665296865e-09, 3.2277319392372612e-09, 1.6167935156008297e-08, 9.9469037842133e-09, 1.513247571668156e-09, 1.5132475716677374e-09, 1.4406541605074554e-09, 6.491295779921114e-07, 1.4667402131707195e-09, 8.505159091464193e-09, 1.5201567592426842e-09, 3.111852596070383e-09, 4.40885666946328e-09, 1.3194700163667807e-09, 4.196015088686438e-09, 1.443762989518229e-09, 0.9999991647747059, 1.5220670499405197e-09]"
hMpxV/USA/CA-LACPHL-MA00621/2024|EPI_ISL_19093415|2024-04-11,"[0.0, 0.0, 0.0, 0.0, 0.0, 0.0, 0.0, 0.0, 0.0, 0.0, 0.0, 0.0, 0.0, 0.0, 0.0, 0.0, 0.0, 0.0, 0.0, 0.0, 0.0, 0.0, 0.0, 0.0, 0.0, 0.0, 0.0, 0.0, 0.0, 1.0, 0.0]"
NODE_0000281,"[5.355812107498289e-12, 1.5529673731730286e-13, 4.7509657873285497e-11, 1.4775089036855935e-13, 2.8895551108947565e-13, 1.5353884816323264e-13, 1.5701046562255321e-13, 1.5576317640674145e-13, 1.525058597261257e-13, 1.494847029796759e-13, 1.5734433697833675e-13, 1.5250929699443543e-13, 1.4452936778692443e-13, 1.4788405713269258e-13, 6.161075911605701e-13, 9.050250641061575e-12, 3.4056660159264984e-12, 1.525092969943889e-13, 1.525092969943714e-13, 1.3884912236264868e-13, 4.6855205403149805e-09, 1.3489976821703454e-13, 3.1818478441232786e-12, 1.5580545205209845e-13, 5.241082172590487e-13, 9.466182941703474e-13, 1.179833565886384e-13, 8.775379002627457e-13, 1.4271293755163157e-13, 0.999999995239897, 1.57034984880391e-13]"
hMpxV/USA/CA-LACPHL-MA00655/2024|EPI_ISL_19347729|2024-07-22,"[0.0, 0.0, 0.0, 0.0, 0.0, 0.0, 0.0, 0.0, 0.0, 0.0, 0.0, 0.0, 0.0, 0.0, 0.0, 0.0, 0.0, 0.0, 0.0, 0.0, 0.0, 0.0, 0.0, 0.0, 0.0, 0.0, 0.0, 0.0, 0.0, 1.0, 0.0]"
hMpxV/USA/CA-LACPHL-MA00657/2024|EPI_ISL_19347733|2024-07-25,"[0.0, 0.0, 0.0, 0.0, 0.0, 0.0, 0.0, 0.0, 0.0, 0.0, 0.0, 0.0, 0.0, 0.0, 0.0, 0.0, 0.0, 0.0, 0.0, 0.0, 0.0, 0.0, 0.0, 0.0, 0.0, 0.0, 0.0, 0.0, 0.0, 1.0, 0.0]"
hMpxV/USA/CA-LACPHL-MA00660/2024|EPI_ISL_19364552|2024-08-06,"[0.0, 0.0, 0.0, 0.0, 0.0, 0.0, 0.0, 0.0, 0.0, 0.0, 0.0, 0.0, 0.0, 0.0, 0.0, 0.0, 0.0, 0.0, 0.0, 0.0, 0.0, 0.0, 0.0, 0.0, 0.0, 0.0, 0.0, 0.0, 0.0, 1.0, 0.0]"
NODE_0000282,"[4.333476047227975e-10, 4.302973872056927e-11, 1.6257853982136063e-09, 4.2835324205629274e-11, 5.961231078904082e-11, 4.3091941374154444e-11, 4.3474700970442593e-11, 4.348726849527996e-11, 4.322785372902403e-11, 4.281418775702003e-11, 4.3530759088215803e-11, 4.325921622036408e-11, 4.1009572849417206e-11, 4.189356196021891e-11, 1.025803245081928e-10, 5.376263679436398e-10, 3.375070791441153e-10, 4.3259216220283025e-11, 4.325921622024097e-11, 4.0465571496111026e-11, 2.1221125004278217e-08, 4.121495787486841e-11, 2.89199488399683e-10, 4.3494402549430964e-11, 9.454509325803315e-11, 1.4121494511329342e-10, 3.643391784224566e-11, 1.3400991026444522e-10, 4.0963719471161794e-11, 0.999999974219146, 4.355524154095165e-11]"
hMpxV/USA/CA-CDPH-1M1000654/2024|EPI_ISL_19367819|2024-07-16,"[0.0, 0.0, 0.0, 0.0, 0.0, 0.0, 0.0, 0.0, 0.0, 0.0, 0.0, 0.0, 0.0, 0.0, 0.0, 0.0, 0.0, 0.0, 0.0, 0.0, 0.0, 0.0, 0.0, 0.0, 0.0, 0.0, 0.0, 0.0, 0.0, 1.0, 0.0]"
hMpxV/USA/CA-CDPH-1M1000660/2024|EPI_ISL_19367825|2024-07-25,"[0.0, 0.0, 0.0, 0.0, 0.0, 0.0, 0.0, 0.0, 0.0, 0.0, 0.0, 0.0, 0.0, 0.0, 0.0, 0.0, 0.0, 0.0, 0.0, 0.0, 0.0, 0.0, 0.0, 0.0, 0.0, 0.0, 0.0, 0.0, 0.0, 1.0, 0.0]"
NODE_0000279,"[1.0, 5.806630027204214e-22, 1.4320750729595586e-20, 5.765661871938358e-22, 5.748329140821931e-22, 5.822236877173487e-22, 5.961554350937901e-22, 6.046857996546877e-22, 5.9552588730418735e-22, 5.742009531974252e-22, 6.055752079329205e-22, 5.93064454002233e-22, 5.020613735878218e-22, 5.324263257246506e-22, 4.6134834828600255e-21, 7.729707587773431e-22, 8.898027089824018e-22, 5.930644540023445e-22, 5.930644540023481e-22, 4.783943979843703e-22, 2.168222377142735e-20, 4.943546550200583e-22, 6.363991458365396e-22, 6.049811827986588e-22, 1.5609930253327897e-20, 8.151025042875786e-22, 3.527528223623497e-22, 8.357747558476604e-22, 5.0261165109236415e-22, 2.3509099282580038e-18, 6.084785339850688e-22]"
hMpxV/Australia/VIC-VIDRL-4940/2024|EPI_ISL_19459796|2024-06-03,"[1.0, 0.0, 0.0, 0.0, 0.0, 0.0, 0.0, 0.0, 0.0, 0.0, 0.0, 0.0, 0.0, 0.0, 0.0, 0.0, 0.0, 0.0, 0.0, 0.0, 0.0, 0.0, 0.0, 0.0, 0.0, 0.0, 0.0, 0.0, 0.0, 0.0, 0.0]"
hMpxV/Australia/VIC-VIDRL-6554/2024|EPI_ISL_19459726|2024-06-07,"[1.0, 0.0, 0.0, 0.0, 0.0, 0.0, 0.0, 0.0, 0.0, 0.0, 0.0, 0.0, 0.0, 0.0, 0.0, 0.0, 0.0, 0.0, 0.0, 0.0, 0.0, 0.0, 0.0, 0.0, 0.0, 0.0, 0.0, 0.0, 0.0, 0.0, 0.0]"
hMpxV/Australia/VIC-VIDRL-8012/2024|EPI_ISL_19459738|2024-05-08,"[1.0, 0.0, 0.0, 0.0, 0.0, 0.0, 0.0, 0.0, 0.0, 0.0, 0.0, 0.0, 0.0, 0.0, 0.0, 0.0, 0.0, 0.0, 0.0, 0.0, 0.0, 0.0, 0.0, 0.0, 0.0, 0.0, 0.0, 0.0, 0.0, 0.0, 0.0]"
hMpxV/Australia/VIC-VIDRL-3531/2024|EPI_ISL_19459735|2024-05-28,"[1.0, 0.0, 0.0, 0.0, 0.0, 0.0, 0.0, 0.0, 0.0, 0.0, 0.0, 0.0, 0.0, 0.0, 0.0, 0.0, 0.0, 0.0, 0.0, 0.0, 0.0, 0.0, 0.0, 0.0, 0.0, 0.0, 0.0, 0.0, 0.0, 0.0, 0.0]"
hMpxV/Australia/VIC-VIDRL-7518/2024|EPI_ISL_19459756|2024-05-07,"[0.9999999999999999, 0.0, 0.0, 0.0, 0.0, 0.0, 0.0, 0.0, 0.0, 0.0, 0.0, 0.0, 0.0, 0.0, 0.0, 0.0, 0.0, 0.0, 0.0, 0.0, 0.0, 0.0, 0.0, 0.0, 0.0, 0.0, 0.0, 0.0, 0.0, 0.0, 0.0]"
hMpxV/Australia/VIC-VIDRL-7519/2024|EPI_ISL_19459767|2024-05-07,"[0.9999999999999999, 0.0, 0.0, 0.0, 0.0, 0.0, 0.0, 0.0, 0.0, 0.0, 0.0, 0.0, 0.0, 0.0, 0.0, 0.0, 0.0, 0.0, 0.0, 0.0, 0.0, 0.0, 0.0, 0.0, 0.0, 0.0, 0.0, 0.0, 0.0, 0.0, 0.0]"
hMpxV/Australia/VIC-VIDRL-4069/2024|EPI_ISL_19459793|2024-05-27,"[0.9999999999999999, 0.0, 0.0, 0.0, 0.0, 0.0, 0.0, 0.0, 0.0, 0.0, 0.0, 0.0, 0.0, 0.0, 0.0, 0.0, 0.0, 0.0, 0.0, 0.0, 0.0, 0.0, 0.0, 0.0, 0.0, 0.0, 0.0, 0.0, 0.0, 0.0, 0.0]"
NODE_0000283,"[6.072684885275341e-12, 1.1953403156161568e-13, 1.0219853404394261e-10, 1.034360889653427e-13, 3.124656451912118e-13, 1.1567430288323043e-13, 1.165102994901425e-13, 1.106323379172127e-13, 1.0878508166049133e-13, 1.0630780502601545e-13, 1.118023203046887e-13, 1.0699629060840102e-13, 1.037388073933273e-13, 1.1751092357431885e-13, 4.3511873143199205e-13, 1.4235431667191739e-11, 2.9647972400063707e-12, 1.0699629060836789e-13, 1.0699629060834969e-13, 1.0232723689018044e-13, 2.458452347091418e-08, 9.52053458610764e-14, 2.9944930121067336e-12, 1.106443705222895e-13, 4.1813265302333365e-13, 7.326867165982794e-13, 8.872355539471289e-14, 6.727000675669509e-13, 1.0236102525797582e-13, 0.9999999752823931, 1.1217141343822385e-13]"
hMpxV/USA/IL-RIPHL-004-0197/2024|EPI_ISL_19533457|2024-07-12,"[0.0, 0.0, 0.0, 0.0, 0.0, 0.0, 0.0, 0.0, 0.0, 0.0, 0.0, 0.0, 0.0, 0.0, 0.0, 0.0, 0.0, 0.0, 0.0, 0.0, 0.0, 0.0, 0.0, 0.0, 0.0, 0.0, 0.0, 0.0, 0.0, 1.0, 0.0]"
hMpxV/USA/CA-LACPHL-MA00675/2024|EPI_ISL_19437166|2024-08-31,"[0.0, 0.0, 0.0, 0.0, 0.0, 0.0, 0.0, 0.0, 0.0, 0.0, 0.0, 0.0, 0.0, 0.0, 0.0, 0.0, 0.0, 0.0, 0.0, 0.0, 0.0, 0.0, 0.0, 0.0, 0.0, 0.0, 0.0, 0.0, 0.0, 1.0, 0.0]"
hMpxV/USA/CA-LACPHL-MA00645/2024|EPI_ISL_19273374|2024-06-23,"[0.0, 0.0, 0.0, 0.0, 0.0, 0.0, 0.0, 0.0, 0.0, 0.0, 0.0, 0.0, 0.0, 0.0, 0.0, 0.0, 0.0, 0.0, 0.0, 0.0, 0.0, 0.0, 0.0, 0.0, 0.0, 0.0, 0.0, 0.0, 0.0, 1.0, 0.0]"
NODE_0000289,"[2.1891403288928592e-06, 3.592786808605281e-07, 6.900246939144529e-06, 3.477596866846042e-07, 5.070094278433781e-07, 3.571770899724971e-07, 3.5524014626418936e-07, 3.4812277688958336e-07, 3.4983991218816653e-07, 3.48111166033718e-07, 3.46850650803509e-07, 3.472423591678538e-07, 3.333249724870548e-07, 3.6029330828955116e-07, 6.124865373223609e-07, 2.7000144636794886e-06, 1.6850632009947761e-06, 3.4724235916778517e-07, 3.4724235916773413e-07, 3.393520958948562e-07, 4.5706639099726875e-05, 3.463979355969978e-07, 1.4278997966685557e-06, 3.4812464590464536e-07, 6.286696799275788e-07, 8.316899005568605e-07, 3.198355802074106e-07, 7.956813258718164e-07, 3.3521826771493257e-07, 0.9999294304221689, 3.483831371304597e-07]"
hMpxV/USA/CA-LACPHL-MA00691/2024|EPI_ISL_19468223|2024-09-13,"[0.0, 0.0, 0.0, 0.0, 0.0, 0.0, 0.0, 0.0, 0.0, 0.0, 0.0, 0.0, 0.0, 0.0, 0.0, 0.0, 0.0, 0.0, 0.0, 0.0, 0.0, 0.0, 0.0, 0.0, 0.0, 0.0, 0.0, 0.0, 0.0, 1.0, 0.0]"
hMpxV/USA/CA-CDPH-1M1000603/2024|EPI_ISL_19295752|2024-05-29,"[0.0, 0.0, 0.0, 0.0, 0.0, 0.0, 0.0, 0.0, 0.0, 0.0, 0.0, 0.0, 0.0, 0.0, 0.0, 0.0, 0.0, 0.0, 0.0, 0.0, 0.0, 0.0, 0.0, 0.0, 0.0, 0.0, 0.0, 0.0, 0.0, 1.0, 0.0]"
NODE_0000290,"[5.780524276516155e-07, 7.719590014112583e-08, 1.9779750677508047e-06, 7.516725861531078e-08, 1.0982145412015197e-07, 7.679210627838252e-08, 7.681019244432707e-08, 7.568863218633249e-08, 7.574996922493753e-08, 7.524134991820199e-08, 7.555833225357629e-08, 7.539247705796789e-08, 7.207885424809805e-08, 7.659720504340034e-08, 1.4954980706333647e-07, 7.219879967946294e-07, 4.449994397503792e-07, 7.539247705794946e-08, 7.539247705794046e-08, 7.26317314186239e-08, 1.7620079008803278e-05, 7.390170719181473e-08, 3.793554730289395e-07, 7.56930254917329e-08, 1.475870784351636e-07, 2.0473151827377768e-07, 6.732491034922233e-08, 1.951810143052391e-07, 7.23104007383098e-08, 0.9999760499795993, 7.578110799567499e-08]"
hMpxV/USA/IL-RIPHL-004-0160/2024|EPI_ISL_19158949|2024-03-07,"[0.0, 0.0, 0.0, 0.0, 0.0, 0.0, 0.0, 0.0, 0.0, 0.0, 0.0, 0.0, 0.0, 0.0, 0.0, 0.0, 0.0, 0.0, 0.0, 0.0, 0.0, 0.0, 0.0, 0.0, 0.0, 0.0, 0.0, 0.0, 0.0, 0.9999999999999999, 0.0]"
NODE_0000291,"[6.918434031630298e-08, 8.99118969462675e-09, 2.3879323832366185e-07, 8.772145745713583e-09, 1.2762285737915362e-08, 8.949344019168973e-09, 8.958587235534027e-09, 8.839640867584942e-09, 8.84129100264232e-09, 8.779612684575641e-09, 8.826629663609395e-09, 8.803968034229268e-09, 8.410495481087992e-09, 8.905725312840772e-09, 1.775257628515356e-08, 8.637469159956434e-08, 5.331449876396962e-08, 8.803968034214975e-09, 8.803968034206943e-09, 8.458960939261602e-09, 2.2047265425031835e-06, 8.60738658297323e-09, 4.547296965149129e-08, 8.840239983322196e-09, 1.7409754020633742e-08, 2.431506053633881e-08, 7.819778872345078e-09, 2.3171004846909632e-08, 8.434161055269212e-09, 0.9999970410252244, 8.850719776624178e-09]"
hMpxV/USA/CA-CDPH-1M1000650/2024|EPI_ISL_19367815|2024-07-10,"[0.0, 0.0, 0.0, 0.0, 0.0, 0.0, 0.0, 0.0, 0.0, 0.0, 0.0, 0.0, 0.0, 0.0, 0.0, 0.0, 0.0, 0.0, 0.0, 0.0, 0.0, 0.0, 0.0, 0.0, 0.0, 0.0, 0.0, 0.0, 0.0, 1.0, 0.0]"
hMpxV/USA/CA-LACPHL-MA00632/2024|EPI_ISL_19204034|2024-05-30,"[0.0, 0.0, 0.0, 0.0, 0.0, 0.0, 0.0, 0.0, 0.0, 0.0, 0.0, 0.0, 0.0, 0.0, 0.0, 0.0, 0.0, 0.0, 0.0, 0.0, 0.0, 0.0, 0.0, 0.0, 0.0, 0.0, 0.0, 0.0, 0.0, 1.0, 0.0]"
NODE_0000284,"[3.6200384766863764e-10, 2.9298435208262804e-11, 1.7883411512980244e-09, 2.804662520288009e-11, 4.6892329821660965e-11, 2.905837316144171e-11, 2.918002191766072e-11, 2.8680232484241773e-11, 2.8535044791454085e-11, 2.821868332848008e-11, 2.8729385524285226e-11, 2.8376887359176455e-11, 2.7137967362290282e-11, 2.88475688252248e-11, 6.928901268882717e-11, 5.154556001640747e-10, 2.53768274216758e-10, 2.8376887359121306e-11, 2.8376887359093466e-11, 2.702688773874658e-11, 3.625740003269011e-08, 2.70055827041481e-11, 2.246195796845294e-10, 2.868317629582979e-11, 6.660419842093814e-11, 9.9344381671389e-11, 2.4477965824311298e-11, 9.38191848863696e-11, 2.7091381154554396e-11, 0.9999999596885187, 2.8795605363239654e-11]"
hMpxV/USA/WA-UW-247031/2024|EPI_ISL_19524787|2024-01-16,"[0.0, 0.0, 0.0, 0.0, 0.0, 0.0, 0.0, 0.0, 0.0, 0.0, 0.0, 0.0, 0.0, 0.0, 0.0, 0.0, 0.0, 0.0, 0.0, 0.0, 0.0, 0.0, 0.0, 0.0, 0.0, 0.0, 0.0, 0.0, 0.0, 0.9999999999999999, 0.0]"
NODE_0000285,"[5.294125858611076e-09, 6.80893650197257e-10, 1.8101194978013596e-08, 6.691891167495649e-10, 9.479034819777276e-10, 6.797912815651272e-10, 6.80843280123404e-10, 6.744535306151036e-10, 6.741322840828455e-10, 6.692602948952596e-10, 6.735050354715503e-10, 6.719122870606669e-10, 6.408775287317065e-10, 6.727828867715159e-10, 1.3697516161863888e-09, 6.528631270019184e-09, 4.104113498397384e-09, 6.719122870593919e-10, 6.719122870586939e-10, 6.421586734408078e-10, 1.6570618638445304e-07, 6.552378407369114e-10, 3.49511846293111e-09, 6.745115353847595e-10, 1.3324843585505173e-09, 1.8709953340628712e-09, 5.91580293785929e-10, 1.78305811509685e-09, 6.423388401651435e-10, 0.9999997768539469, 6.751968749061943e-10]"
hMpxV/USA/WA-UW-490338/2024|EPI_ISL_19243973|2024-05-30,"[0.0, 0.0, 0.0, 0.0, 0.0, 0.0, 0.0, 0.0, 0.0, 0.0, 0.0, 0.0, 0.0, 0.0, 0.0, 0.0, 0.0, 0.0, 0.0, 0.0, 0.0, 0.0, 0.0, 0.0, 0.0, 0.0, 0.0, 0.0, 0.0, 1.0, 0.0]"
hMpxV/USA/WA-UW-429625/2024|EPI_ISL_19243972|2024-05-28,"[0.0, 0.0, 0.0, 0.0, 0.0, 0.0, 0.0, 0.0, 0.0, 0.0, 0.0, 0.0, 0.0, 0.0, 0.0, 0.0, 0.0, 0.0, 0.0, 0.0, 0.0, 0.0, 0.0, 0.0, 0.0, 0.0, 0.0, 0.0, 0.0, 1.0, 0.0]"
NODE_0000286,"[1.5278939348681194e-06, 2.1904045217202795e-07, 5.053510078205885e-06, 2.1341873994728008e-07, 3.084334825413676e-07, 2.1807543322401402e-07, 2.1774067596307443e-07, 2.1445275314417125e-07, 2.1488820246577458e-07, 2.1356431116372888e-07, 2.139399929845586e-07, 2.1374807226128207e-07, 2.04520218120517e-07, 2.17951875906738e-07, 4.082222602471322e-07, 1.8895085822720586e-06, 1.1793232674338965e-06, 2.137480722612547e-07, 2.1374807226124453e-07, 2.065698916340052e-07, 4.064237546830593e-05, 2.1064331140567243e-07, 1.0024701017375414e-06, 2.1446269130483784e-07, 4.0716521048761273e-07, 5.564750736349323e-07, 1.9236344483285744e-07, 5.312081218988773e-07, 2.0531879219700875e-07, 0.9999424605562681, 2.146631469220476e-07]"
hMpxV/USA/WA-UW-185727/2024|EPI_ISL_19336734|2024-07-11,"[0.0, 0.0, 0.0, 0.0, 0.0, 0.0, 0.0, 0.0, 0.0, 0.0, 0.0, 0.0, 0.0, 0.0, 0.0, 0.0, 0.0, 0.0, 0.0, 0.0, 0.0, 0.0, 0.0, 0.0, 0.0, 0.0, 0.0, 0.0, 0.0, 0.9999999999999999, 0.0]"
NODE_0000287,"[4.89720412837849e-09, 2.465376655437729e-10, 2.5078880948593247e-08, 2.3403037185886396e-10, 4.199023969091369e-10, 2.433763127813941e-10, 2.458161842186603e-10, 2.413745123437127e-10, 2.39117788536065e-10, 2.3591557105096447e-10, 2.423769503540357e-10, 2.380956944313905e-10, 2.2725299799300053e-10, 2.403833110036749e-10, 6.710297786587e-10, 6.28772152624429e-09, 2.7830801092956244e-09, 2.3809569443132505e-10, 2.3809569443130484e-10, 2.2479592558306184e-10, 9.559721880921391e-07, 2.2215958581934398e-10, 2.510228316261705e-09, 2.4140868760728733e-10, 6.243757736790855e-10, 9.813878208430388e-10, 1.999870974908201e-10, 9.217093504427238e-10, 2.2623228887141726e-10, 0.999998994384599, 2.426404422648912e-10]"
hMpxV/USA/WA-UW-012709/2024|EPI_ISL_19420219|2024-09-02,"[0.0, 0.0, 0.0, 0.0, 0.0, 0.0, 0.0, 0.0, 0.0, 0.0, 0.0, 0.0, 0.0, 0.0, 0.0, 0.0, 0.0, 0.0, 0.0, 0.0, 0.0, 0.0, 0.0, 0.0, 0.0, 0.0, 0.0, 0.0, 0.0, 1.0, 0.0]"
hMpxV/USA/WA-UW-026851/2024|EPI_ISL_19420221|2024-08-30,"[0.0, 0.0, 0.0, 0.0, 0.0, 0.0, 0.0, 0.0, 0.0, 0.0, 0.0, 0.0, 0.0, 0.0, 0.0, 0.0, 0.0, 0.0, 0.0, 0.0, 0.0, 0.0, 0.0, 0.0, 0.0, 0.0, 0.0, 0.0, 0.0, 1.0, 0.0]"
NODE_0000288,"[4.1656312075220185e-07, 1.8013428984679062e-09, 6.639886008970451e-08, 1.7655415393580794e-09, 2.5237778591215484e-09, 1.795463367826545e-09, 1.8092631043121155e-09, 1.8029640332096673e-09, 1.797169771504043e-09, 1.7672070506567583e-09, 1.8018068770341147e-09, 1.7837164602399505e-09, 1.6851683730330968e-09, 1.7554427188731151e-09, 4.522364281055638e-09, 1.8268603187176363e-08, 1.1392666840726879e-08, 1.7837164602386204e-09, 1.7837164602381478e-09, 1.6650436441918787e-09, 7.107190591673596e-07, 1.6918296672555848e-09, 9.914515639787706e-09, 1.8032203793024309e-09, 4.876051943393213e-09, 5.1853335182382326e-09, 1.5086895033717517e-09, 4.956295980893795e-09, 1.689450175437468e-09, 0.9999987113782757, 1.8103225524884676e-09]"
hMpxV/Australia/QLD-MX000147/2024|EPI_ISL_19539788|2024-10-14,"[1.0, 0.0, 0.0, 0.0, 0.0, 0.0, 0.0, 0.0, 0.0, 0.0, 0.0, 0.0, 0.0, 0.0, 0.0, 0.0, 0.0, 0.0, 0.0, 0.0, 0.0, 0.0, 0.0, 0.0, 0.0, 0.0, 0.0, 0.0, 0.0, 0.0, 0.0]"
hMpxV/USA/CA-LACPHL-MA00644/2024|EPI_ISL_19273376|2024-06-20,"[0.0, 0.0, 0.0, 0.0, 0.0, 0.0, 0.0, 0.0, 0.0, 0.0, 0.0, 0.0, 0.0, 0.0, 0.0, 0.0, 0.0, 0.0, 0.0, 0.0, 0.0, 0.0, 0.0, 0.0, 0.0, 0.0, 0.0, 0.0, 0.0, 1.0, 0.0]"
hMpxV/USA/un-UW-276161/2024|EPI_ISL_19502000|2024-09-18,"[0.0, 0.0, 0.0, 0.0, 0.0, 0.0, 0.0, 0.0, 0.0, 0.0, 0.0, 0.0, 0.0, 0.0, 0.0, 0.0, 0.0, 0.0, 0.0, 0.0, 0.0, 0.0, 0.0, 0.0, 0.0, 0.0, 0.0, 0.0, 0.0, 1.0, 0.0]"
NODE_0000253,"[1.743246273364364e-12, 4.725732723481521e-14, 1.588334449322288e-11, 4.503222953778076e-14, 8.825850932433059e-14, 4.672180676893132e-14, 4.786895665757322e-14, 4.756571770626798e-14, 4.6508930071280006e-14, 4.556153243017257e-14, 4.8079460214393276e-14, 4.6550570671609296e-14, 4.405854786053365e-14, 4.4848189477761406e-14, 1.9544156619928329e-13, 2.9585274575169837e-12, 1.1086779814081536e-12, 4.655057067157386e-14, 4.655057067155012e-14, 4.2192287187557215e-14, 1.7245184260938139e-09, 4.094204389350436e-14, 1.0378396911340409e-12, 4.757941802984408e-14, 1.6413553726155314e-13, 3.010980536817498e-13, 3.5661062705094316e-14, 2.788021578133639e-13, 4.347090029430498e-14, 0.9999999982508612, 4.7961720169872725e-14]"
hMpxV/USA/IL-RIPHL-04-0074/2023|EPI_ISL_18137801|2023-06-22,"[0.0, 0.0, 0.0, 0.0, 0.0, 0.0, 0.0, 0.0, 0.0, 0.0, 0.0, 0.0, 0.0, 0.0, 0.0, 0.0, 0.0, 0.0, 0.0, 0.0, 0.0, 0.0, 0.0, 0.0, 0.0, 0.0, 0.0, 0.0, 0.0, 0.9999999999999999, 0.0]"
hMpxV/USA/IL-RIPHL-04-0076/2023|EPI_ISL_18137803|2023-06-27,"[0.0, 0.0, 0.0, 0.0, 0.0, 0.0, 0.0, 0.0, 0.0, 0.0, 0.0, 0.0, 0.0, 0.0, 0.0, 0.0, 0.0, 0.0, 0.0, 0.0, 0.0, 0.0, 0.0, 0.0, 0.0, 0.0, 0.0, 0.0, 0.0, 1.0, 0.0]"
hMpxV/USA/IL-RIPHL-04-0067/2023|EPI_ISL_18137820|2023-06-08,"[0.0, 0.0, 0.0, 0.0, 0.0, 0.0, 0.0, 0.0, 0.0, 0.0, 0.0, 0.0, 0.0, 0.0, 0.0, 0.0, 0.0, 0.0, 0.0, 0.0, 0.0, 0.0, 0.0, 0.0, 0.0, 0.0, 0.0, 0.0, 0.0, 1.0, 0.0]"
NODE_0000254,"[3.3029962889967743e-12, 7.814722111301713e-14, 1.0618258304042031e-10, 7.18443240331981e-14, 1.803351652953729e-13, 7.656943136519776e-14, 7.870052883821389e-14, 7.631452880848179e-14, 7.474551828181958e-14, 7.322034651989314e-14, 7.712380479125794e-14, 7.433121547157635e-14, 7.086223373872667e-14, 7.52820190431664e-14, 3.043878393512819e-13, 6.261592154081958e-12, 1.8537994023751705e-12, 7.433121547153275e-14, 7.43312154715157e-14, 6.863417887446583e-14, 5.871968435545087e-09, 6.543263143135871e-14, 2.0646228904398736e-12, 7.633156475838603e-14, 2.78131942495121e-13, 4.866307694453989e-13, 5.821367974586788e-14, 4.4966511437459175e-13, 6.988826051009621e-14, 0.9999999940052754, 7.711885871014236e-14]"
hMpxV/USA/IL-RIPHL-04-0089/2023|EPI_ISL_18137808|2023-07-21,"[0.0, 0.0, 0.0, 0.0, 0.0, 0.0, 0.0, 0.0, 0.0, 0.0, 0.0, 0.0, 0.0, 0.0, 0.0, 0.0, 0.0, 0.0, 0.0, 0.0, 0.0, 0.0, 0.0, 0.0, 0.0, 0.0, 0.0, 0.0, 0.0, 1.0, 0.0]"
NODE_0000272,"[7.836137941884204e-13, 4.281782774195219e-14, 4.4841100671494974e-12, 4.1680961797471287e-14, 6.853653359709527e-14, 4.262040026140441e-14, 4.3267415190963036e-14, 4.3097790625443826e-14, 4.2531305263876776e-14, 4.191167046964831e-14, 4.332975084210422e-14, 4.2539631172320964e-14, 4.033008239711567e-14, 4.126010839300419e-14, 1.3032292093480158e-13, 1.1322641569044481e-12, 5.516064563703083e-13, 4.253963117217829e-14, 4.2539631172097186e-14, 3.9287711597383157e-14, 1.5634949331582412e-10, 3.9106575827719393e-14, 4.932305139448859e-13, 4.310703751351835e-14, 1.157597027674494e-13, 1.8935951292579335e-13, 3.440577368658297e-14, 1.7766645315446014e-13, 4.006024820592566e-14, 0.9999999998347343, 4.330477666561872e-14]"
hMpxV/USA/CA-CDPH-1M1000595/2023|EPI_ISL_19295744|2023-09-26,"[0.0, 0.0, 0.0, 0.0, 0.0, 0.0, 0.0, 0.0, 0.0, 0.0, 0.0, 0.0, 0.0, 0.0, 0.0, 0.0, 0.0, 0.0, 0.0, 0.0, 0.0, 0.0, 0.0, 0.0, 0.0, 0.0, 0.0, 0.0, 0.0, 1.0, 0.0]"
hMpxV/USA/CA-CDPH-1M1000363/2023|EPI_ISL_18786348|2023-09-22,"[0.0, 0.0, 0.0, 0.0, 0.0, 0.0, 0.0, 0.0, 0.0, 0.0, 0.0, 0.0, 0.0, 0.0, 0.0, 0.0, 0.0, 0.0, 0.0, 0.0, 0.0, 0.0, 0.0, 0.0, 0.0, 0.0, 0.0, 0.0, 0.0, 0.9999999999999999, 0.0]"
hMpxV/USA/CA-CDPH-1M1000364/2023|EPI_ISL_18786349|2023-09-22,"[0.0, 0.0, 0.0, 0.0, 0.0, 0.0, 0.0, 0.0, 0.0, 0.0, 0.0, 0.0, 0.0, 0.0, 0.0, 0.0, 0.0, 0.0, 0.0, 0.0, 0.0, 0.0, 0.0, 0.0, 0.0, 0.0, 0.0, 0.0, 0.0, 0.9999999999999999, 0.0]"
NODE_0000269,"[1.828579698251894e-07, 1.2809931898619487e-08, 0.035721246780013094, 1.2338267366140656e-08, 6.854941714785338e-08, 1.2721457444687222e-08, 1.473379034904144e-08, 1.2735384831211203e-08, 1.2605006162237038e-08, 1.243555288597597e-08, 1.2773717164726296e-08, 1.2566446445637384e-08, 1.1746859295609516e-08, 1.2454550563029394e-08, 2.0393256490187266e-08, 2.179935492514675e-07, 6.312260492933286e-08, 1.2566446445635204e-08, 1.2566446445632548e-08, 1.1565181574568519e-08, 3.5584207471876034e-05, 1.1490518087750994e-08, 5.515336326058431e-07, 1.2737922945313683e-08, 3.2875272615069714e-08, 3.2356714007738266e-08, 9.907787906889043e-09, 3.132648608404856e-08, 1.1693077592272566e-08, 0.964241732758752, 1.279651462607305e-08]"
hMpxV/Brazil/SC-FIOCRUZ-10552/2024|EPI_ISL_19416189|2024-01-09,"[0.0, 0.0, 1.0, 0.0, 0.0, 0.0, 0.0, 0.0, 0.0, 0.0, 0.0, 0.0, 0.0, 0.0, 0.0, 0.0, 0.0, 0.0, 0.0, 0.0, 0.0, 0.0, 0.0, 0.0, 0.0, 0.0, 0.0, 0.0, 0.0, 0.0, 0.0]"
hMpxV/Brazil/SC-FIOCRUZ-10553/2024|EPI_ISL_19416190|2024-01-09,"[0.0, 0.0, 1.0, 0.0, 0.0, 0.0, 0.0, 0.0, 0.0, 0.0, 0.0, 0.0, 0.0, 0.0, 0.0, 0.0, 0.0, 0.0, 0.0, 0.0, 0.0, 0.0, 0.0, 0.0, 0.0, 0.0, 0.0, 0.0, 0.0, 0.0, 0.0]"
hMpxV/USA/IL-RIPHL-004-0125/2024|EPI_ISL_19158945|2024-01-23,"[0.0, 0.0, 0.0, 0.0, 0.0, 0.0, 0.0, 0.0, 0.0, 0.0, 0.0, 0.0, 0.0, 0.0, 0.0, 0.0, 0.0, 0.0, 0.0, 0.0, 0.0, 0.0, 0.0, 0.0, 0.0, 0.0, 0.0, 0.0, 0.0, 1.0, 0.0]"
NODE_0000270,"[8.494326989301805e-13, 2.190294500074951e-14, 1.2869881093061583e-08, 2.0349666820456927e-14, 8.279952748168568e-14, 2.1517560989080524e-14, 2.3583835332125628e-14, 2.1593760132748204e-14, 2.1130740411295264e-14, 2.0665370165346933e-14, 2.1826022825140476e-14, 2.106127635962174e-14, 1.9865224737133696e-14, 2.0889818382092524e-14, 6.698131090459571e-14, 1.4222853859467018e-12, 3.5186275167615953e-13, 2.1061276359598802e-14, 2.106127635957761e-14, 1.9152969238149863e-14, 2.0484932450076656e-09, 1.8373991799777108e-14, 1.093649920721648e-12, 2.1599456787509796e-14, 7.672507068443842e-14, 1.1092187197922886e-13, 1.6015429604264043e-14, 1.0397693407159647e-13, 1.9606545392780608e-14, 0.999999985077074, 2.1804606477902286e-14]"
hMpxV/USA/CA-CDPH-1M1000468/2024|EPI_ISL_19143462|2024-02-05,"[0.0, 0.0, 0.0, 0.0, 0.0, 0.0, 0.0, 0.0, 0.0, 0.0, 0.0, 0.0, 0.0, 0.0, 0.0, 0.0, 0.0, 0.0, 0.0, 0.0, 0.0, 0.0, 0.0, 0.0, 0.0, 0.0, 0.0, 0.0, 0.0, 1.0, 0.0]"
hMpxV/USA/CA-CDPH-1M1000477/2024|EPI_ISL_19143471|2024-02-16,"[0.0, 0.0, 0.0, 0.0, 0.0, 0.0, 0.0, 0.0, 0.0, 0.0, 0.0, 0.0, 0.0, 0.0, 0.0, 0.0, 0.0, 0.0, 0.0, 0.0, 0.0, 0.0, 0.0, 0.0, 0.0, 0.0, 0.0, 0.0, 0.0, 1.0, 0.0]"
hMpxV/USA/CA-CDPH-1M1000461/2023|EPI_ISL_18959318|2023-12-27,"[0.0, 0.0, 0.0, 0.0, 0.0, 0.0, 0.0, 0.0, 0.0, 0.0, 0.0, 0.0, 0.0, 0.0, 0.0, 0.0, 0.0, 0.0, 0.0, 0.0, 0.0, 0.0, 0.0, 0.0, 0.0, 0.0, 0.0, 0.0, 0.0, 1.0, 0.0]"
hMpxV/USA/CA-LACPHL-MA00627/2024|EPI_ISL_19196357|2024-05-20,"[0.0, 0.0, 0.0, 0.0, 0.0, 0.0, 0.0, 0.0, 0.0, 0.0, 0.0, 0.0, 0.0, 0.0, 0.0, 0.0, 0.0, 0.0, 0.0, 0.0, 0.0, 0.0, 0.0, 0.0, 0.0, 0.0, 0.0, 0.0, 0.0, 1.0, 0.0]"
NODE_0000271,"[5.649338290216199e-09, 6.158656244916018e-10, 2.0634194694196963e-08, 6.08025437646022e-10, 8.636071957575407e-10, 6.150912229790682e-10, 6.188638189592498e-10, 6.157023383369527e-10, 6.133893777017015e-10, 6.080903768989826e-10, 6.157956948447127e-10, 6.126954858407411e-10, 5.825250980671268e-10, 6.034042484907564e-10, 1.3724006318173148e-09, 7.038964284071944e-09, 4.379770865965257e-09, 6.126954858397035e-10, 6.12695485839125e-10, 5.789653026805404e-10, 2.396418685942288e-07, 5.891689227927924e-10, 3.747921579078822e-09, 6.157810303533618e-10, 1.2937207636719944e-09, 1.886981398375953e-09, 5.263365806044842e-10, 1.7932229390134544e-09, 5.82713024429635e-10, 0.9999997002535869, 6.166173574222148e-10]"
hMpxV/USA/CA-CDPH-1M1000476/2024|EPI_ISL_19143470|2024-02-15,"[0.0, 0.0, 0.0, 0.0, 0.0, 0.0, 0.0, 0.0, 0.0, 0.0, 0.0, 0.0, 0.0, 0.0, 0.0, 0.0, 0.0, 0.0, 0.0, 0.0, 0.0, 0.0, 0.0, 0.0, 0.0, 0.0, 0.0, 0.0, 0.0, 1.0, 0.0]"
hMpxV/USA/CA-CDPH-1M1000471/2024|EPI_ISL_19143465|2024-02-07,"[0.0, 0.0, 0.0, 0.0, 0.0, 0.0, 0.0, 0.0, 0.0, 0.0, 0.0, 0.0, 0.0, 0.0, 0.0, 0.0, 0.0, 0.0, 0.0, 0.0, 0.0, 0.0, 0.0, 0.0, 0.0, 0.0, 0.0, 0.0, 0.0, 1.0, 0.0]"
NODE_0000255,"[1.784521017760039e-07, 2.1845881976719235e-08, 6.270589386822235e-07, 2.1414432934120168e-08, 3.082148409515594e-08, 2.1775971225455444e-08, 2.183649426512048e-08, 2.1614817228743888e-08, 2.1588923708502374e-08, 2.142576257955677e-08, 2.159485988804054e-08, 2.1522019172184565e-08, 2.0524216033953453e-08, 2.1554845914451986e-08, 4.4997030298792175e-08, 2.2235263313559512e-07, 1.378762807549625e-07, 2.1522019172177908e-08, 2.1522019172175992e-08, 2.0552733492861572e-08, 6.2432703695928566e-06, 2.0919992166002307e-08, 1.1770705692885833e-07, 2.161675446362738e-08, 4.3515016872811893e-08, 6.169468795672479e-08, 1.8887707140038305e-08, 5.873775960688891e-08, 2.056378638699509e-08, 0.9999918295901304, 2.1643273034396038e-08]"
NODE_0000257,"[1.536572598995799e-11, 7.347234616401838e-13, 9.223024906088667e-11, 7.203662224124173e-13, 1.1713590728556494e-12, 7.326180623499067e-13, 7.466016314839365e-13, 7.476299127717147e-13, 7.356728048931557e-13, 7.240639387569058e-13, 7.525836619582118e-13, 7.374180244823352e-13, 6.968009345245553e-13, 7.024074464524532e-13, 2.4440785467607238e-12, 2.225166166583325e-11, 1.0848483883041512e-11, 7.374180244819837e-13, 7.374180244818271e-13, 6.732863981578322e-13, 3.889287503754212e-09, 6.696997040216266e-13, 9.730360576254785e-12, 7.478218357463866e-13, 2.1093918202510887e-12, 3.5637582177569464e-12, 5.824699300368432e-13, 3.336501233012505e-12, 6.908971922004106e-13, 0.9999999959340395, 7.513809857517836e-13]"
hMpxV/USA/CA-CDPH-1M1000430/2023|EPI_ISL_18781815|2023-10-16,"[0.0, 0.0, 0.0, 0.0, 0.0, 0.0, 0.0, 0.0, 0.0, 0.0, 0.0, 0.0, 0.0, 0.0, 0.0, 0.0, 0.0, 0.0, 0.0, 0.0, 0.0, 0.0, 0.0, 0.0, 0.0, 0.0, 0.0, 0.0, 0.0, 1.0, 0.0]"
hMpxV/USA/CA-CDPH-1M1000435/2023|EPI_ISL_18781820|2023-10-12,"[0.0, 0.0, 0.0, 0.0, 0.0, 0.0, 0.0, 0.0, 0.0, 0.0, 0.0, 0.0, 0.0, 0.0, 0.0, 0.0, 0.0, 0.0, 0.0, 0.0, 0.0, 0.0, 0.0, 0.0, 0.0, 0.0, 0.0, 0.0, 0.0, 1.0, 0.0]"
NODE_0000258,"[4.714740340565559e-11, 4.584012945361639e-12, 1.7785470422564175e-10, 4.573657646477699e-12, 6.325849058966593e-12, 4.594315865568622e-12, 4.637953181319963e-12, 4.6459120967435405e-12, 4.615790993849883e-12, 4.570607434112621e-12, 4.651427588569446e-12, 4.6212457168662194e-12, 4.377752726860739e-12, 4.456208809195103e-12, 1.110165972668917e-11, 5.840180996212782e-11, 3.676612879649742e-11, 4.621245716855384e-12, 4.621245716849602e-12, 4.311854955347061e-12, 2.3804346229768304e-09, 4.393338799113235e-12, 3.1510874753478416e-11, 4.646715952317215e-12, 1.0177791808723362e-11, 1.5284980433848645e-11, 3.8732837477884195e-12, 1.4500699677586113e-11, 4.3713352523796665e-12, 0.9999999971246724, 4.6532154751996176e-12]"
hMpxV/USA/CA-CDPH-1M1000434/2023|EPI_ISL_18781819|2023-10-12,"[0.0, 0.0, 0.0, 0.0, 0.0, 0.0, 0.0, 0.0, 0.0, 0.0, 0.0, 0.0, 0.0, 0.0, 0.0, 0.0, 0.0, 0.0, 0.0, 0.0, 0.0, 0.0, 0.0, 0.0, 0.0, 0.0, 0.0, 0.0, 0.0, 1.0, 0.0]"
hMpxV/USA/CA-CDPH-1M1000617/2023|EPI_ISL_19295762|2023-10-13,"[0.0, 0.0, 0.0, 0.0, 0.0, 0.0, 0.0, 0.0, 0.0, 0.0, 0.0, 0.0, 0.0, 0.0, 0.0, 0.0, 0.0, 0.0, 0.0, 0.0, 0.0, 0.0, 0.0, 0.0, 0.0, 0.0, 0.0, 0.0, 0.0, 1.0, 0.0]"
NODE_0000256,"[1.954326271446721e-17, 1.1966314056754976e-19, 4.838006682565254e-16, 1.099822642765482e-19, 3.0182237669222885e-19, 1.1707789488461857e-19, 1.2231977249294781e-19, 1.2146723697513644e-19, 1.1641989288099154e-19, 1.1261700991179866e-19, 1.2416430401022889e-19, 1.1681095714063315e-19, 1.0997479745201017e-19, 1.0966400669930805e-19, 9.580757323097497e-19, 4.639714641476989e-17, 1.0047814001790755e-17, 1.168109571404095e-19, 1.1681095714029445e-19, 1.0120137465407611e-19, 6.749205227096527e-13, 9.342545531997774e-20, 1.0361205681102408e-17, 1.2152348187271468e-19, 7.097152290124729e-19, 1.6644565708485346e-18, 7.907125143806456e-20, 1.4991400642159437e-18, 1.069258222172109e-19, 0.9999999999993245, 1.2335556161808758e-19]"
hMpxV/USA/NV-SNPHL-783216/2023|EPI_ISL_18567806|2023-10-18,"[0.0, 0.0, 0.0, 0.0, 0.0, 0.0, 0.0, 0.0, 0.0, 0.0, 0.0, 0.0, 0.0, 0.0, 0.0, 0.0, 0.0, 0.0, 0.0, 0.0, 0.0, 0.0, 0.0, 0.0, 0.0, 0.0, 0.0, 0.0, 0.0, 1.0, 0.0]"
hMpxV/USA/NV-SNPHL-784061/2023|EPI_ISL_18567807|2023-10-25,"[0.0, 0.0, 0.0, 0.0, 0.0, 0.0, 0.0, 0.0, 0.0, 0.0, 0.0, 0.0, 0.0, 0.0, 0.0, 0.0, 0.0, 0.0, 0.0, 0.0, 0.0, 0.0, 0.0, 0.0, 0.0, 0.0, 0.0, 0.0, 0.0, 1.0, 0.0]"
hMpxV/USA/CA-CDPH-1M1000431/2023|EPI_ISL_18781816|2023-10-13,"[0.0, 0.0, 0.0, 0.0, 0.0, 0.0, 0.0, 0.0, 0.0, 0.0, 0.0, 0.0, 0.0, 0.0, 0.0, 0.0, 0.0, 0.0, 0.0, 0.0, 0.0, 0.0, 0.0, 0.0, 0.0, 0.0, 0.0, 0.0, 0.0, 1.0, 0.0]"
hMpxV/USA/CA-CDPH-1M1000380/2023|EPI_ISL_18781792|2023-09-27,"[0.0, 0.0, 0.0, 0.0, 0.0, 0.0, 0.0, 0.0, 0.0, 0.0, 0.0, 0.0, 0.0, 0.0, 0.0, 0.0, 0.0, 0.0, 0.0, 0.0, 0.0, 0.0, 0.0, 0.0, 0.0, 0.0, 0.0, 0.0, 0.0, 1.0, 0.0]"
hMpxV/USA/CA-CDPH-1M1000404/2023|EPI_ISL_18781929|2023-11-09,"[0.0, 0.0, 0.0, 0.0, 0.0, 0.0, 0.0, 0.0, 0.0, 0.0, 0.0, 0.0, 0.0, 0.0, 0.0, 0.0, 0.0, 0.0, 0.0, 0.0, 0.0, 0.0, 0.0, 0.0, 0.0, 0.0, 0.0, 0.0, 0.0, 1.0, 0.0]"
hMpxV/USA/CA-CDPH-1M1000403/2023|EPI_ISL_18781928|2023-11-09,"[0.0, 0.0, 0.0, 0.0, 0.0, 0.0, 0.0, 0.0, 0.0, 0.0, 0.0, 0.0, 0.0, 0.0, 0.0, 0.0, 0.0, 0.0, 0.0, 0.0, 0.0, 0.0, 0.0, 0.0, 0.0, 0.0, 0.0, 0.0, 0.0, 1.0, 0.0]"
NODE_0000259,"[9.074039888026651e-12, 4.852793983300518e-13, 5.255937160540186e-11, 4.71670211249191e-13, 7.822346771803816e-13, 4.825892654829129e-13, 4.902059754769658e-13, 4.880208318818985e-13, 4.814580124358385e-13, 4.743807809779908e-13, 4.907563993796203e-13, 4.815865350785261e-13, 4.565557463341694e-13, 4.673524223850901e-13, 1.4920493192371766e-12, 1.3173140219647417e-11, 6.37899950943917e-12, 4.81586535077357e-13, 4.815865350769542e-13, 4.4472199271691017e-13, 1.9089129777247986e-09, 4.421133660680561e-13, 5.7100032941678734e-12, 4.881260248551628e-13, 1.3218114402893215e-12, 2.1715320097052008e-12, 3.8908458382052743e-13, 2.03655209760625e-12, 4.534424845525589e-13, 0.9999999979874462, 4.904121839592182e-13]"
hMpxV/USA/IL-RIPHL-04-0078/2023|EPI_ISL_18137807|2023-07-03,"[0.0, 0.0, 0.0, 0.0, 0.0, 0.0, 0.0, 0.0, 0.0, 0.0, 0.0, 0.0, 0.0, 0.0, 0.0, 0.0, 0.0, 0.0, 0.0, 0.0, 0.0, 0.0, 0.0, 0.0, 0.0, 0.0, 0.0, 0.0, 0.0, 1.0, 0.0]"
hMpxV/USA/IL-RIPHL-050-0094/2023|EPI_ISL_18168623|2023-07-26,"[0.0, 0.0, 0.0, 0.0, 0.0, 0.0, 0.0, 0.0, 0.0, 0.0, 0.0, 0.0, 0.0, 0.0, 0.0, 0.0, 0.0, 0.0, 0.0, 0.0, 0.0, 0.0, 0.0, 0.0, 0.0, 0.0, 0.0, 0.0, 0.0, 1.0, 0.0]"
NODE_0000260,"[8.086224026196153e-32, 1.027121653508052e-36, 1.7849574578366458e-28, 7.121661186220704e-37, 1.3384070794396198e-35, 9.280732910510403e-37, 1.0278360124891194e-36, 9.522621814808088e-37, 8.50285437189622e-37, 7.81053281006733e-37, 1.0180161377458412e-36, 8.419645705059166e-37, 8.027109112835001e-37, 8.62274475663835e-37, 9.2046497988668e-35, 1.0306735723739379e-30, 1.3573790189474521e-32, 8.419645705044442e-37, 8.419645705036798e-37, 6.611501449369903e-37, 6.411476509773231e-21, 4.718158943176478e-37, 2.2168404007405492e-32, 9.530884521567166e-37, 4.964243597908935e-35, 2.8780482273570003e-34, 3.962568683876255e-37, 2.300834685544636e-34, 7.3836558922227496e-37, 1.0, 1.0016940183250589e-36]"
hMpxV/USA/CA-CDPH-1M1000423/2023|EPI_ISL_18781807|2023-10-17,"[0.0, 0.0, 0.0, 0.0, 0.0, 0.0, 0.0, 0.0, 0.0, 0.0, 0.0, 0.0, 0.0, 0.0, 0.0, 0.0, 0.0, 0.0, 0.0, 0.0, 0.0, 0.0, 0.0, 0.0, 0.0, 0.0, 0.0, 0.0, 0.0, 1.0, 0.0]"
hMpxV/USA/CA-CDPH-1M1000350/2023|EPI_ISL_18452341|2023-10-02,"[0.0, 0.0, 0.0, 0.0, 0.0, 0.0, 0.0, 0.0, 0.0, 0.0, 0.0, 0.0, 0.0, 0.0, 0.0, 0.0, 0.0, 0.0, 0.0, 0.0, 0.0, 0.0, 0.0, 0.0, 0.0, 0.0, 0.0, 0.0, 0.0, 1.0, 0.0]"
hMpxV/USA/CA-CDPH-1M1000402/2023|EPI_ISL_18781926|2023-11-07,"[0.0, 0.0, 0.0, 0.0, 0.0, 0.0, 0.0, 0.0, 0.0, 0.0, 0.0, 0.0, 0.0, 0.0, 0.0, 0.0, 0.0, 0.0, 0.0, 0.0, 0.0, 0.0, 0.0, 0.0, 0.0, 0.0, 0.0, 0.0, 0.0, 1.0, 0.0]"
hMpxV/USA/CA-CDPH-1M1000336/2023|EPI_ISL_18399144|2023-08-20,"[0.0, 0.0, 0.0, 0.0, 0.0, 0.0, 0.0, 0.0, 0.0, 0.0, 0.0, 0.0, 0.0, 0.0, 0.0, 0.0, 0.0, 0.0, 0.0, 0.0, 0.0, 0.0, 0.0, 0.0, 0.0, 0.0, 0.0, 0.0, 0.0, 1.0, 0.0]"
hMpxV/USA/CA-CDPH-1M1000442/2023|EPI_ISL_18781629|2023-10-30,"[0.0, 0.0, 0.0, 0.0, 0.0, 0.0, 0.0, 0.0, 0.0, 0.0, 0.0, 0.0, 0.0, 0.0, 0.0, 0.0, 0.0, 0.0, 0.0, 0.0, 0.0, 0.0, 0.0, 0.0, 0.0, 0.0, 0.0, 0.0, 0.0, 1.0, 0.0]"
hMpxV/USA/CA-CDPH-1M1000542/2023|EPI_ISL_19170471|2023-10-25,"[0.0, 0.0, 0.0, 0.0, 0.0, 0.0, 0.0, 0.0, 0.0, 0.0, 0.0, 0.0, 0.0, 0.0, 0.0, 0.0, 0.0, 0.0, 0.0, 0.0, 0.0, 0.0, 0.0, 0.0, 0.0, 0.0, 0.0, 0.0, 0.0, 1.0, 0.0]"
hMpxV/USA/CA-CDPH-1M1000544/2023|EPI_ISL_19170473|2023-10-27,"[0.0, 0.0, 0.0, 0.0, 0.0, 0.0, 0.0, 0.0, 0.0, 0.0, 0.0, 0.0, 0.0, 0.0, 0.0, 0.0, 0.0, 0.0, 0.0, 0.0, 0.0, 0.0, 0.0, 0.0, 0.0, 0.0, 0.0, 0.0, 0.0, 1.0, 0.0]"
hMpxV/USA/CA-CDPH-1M1000540/2023|EPI_ISL_19170469|2023-11-01,"[0.0, 0.0, 0.0, 0.0, 0.0, 0.0, 0.0, 0.0, 0.0, 0.0, 0.0, 0.0, 0.0, 0.0, 0.0, 0.0, 0.0, 0.0, 0.0, 0.0, 0.0, 0.0, 0.0, 0.0, 0.0, 0.0, 0.0, 0.0, 0.0, 0.9999999999999999, 0.0]"
hMpxV/USA/CA-CDPH-1M1000546/2023|EPI_ISL_19170475|2023-10-29,"[0.0, 0.0, 0.0, 0.0, 0.0, 0.0, 0.0, 0.0, 0.0, 0.0, 0.0, 0.0, 0.0, 0.0, 0.0, 0.0, 0.0, 0.0, 0.0, 0.0, 0.0, 0.0, 0.0, 0.0, 0.0, 0.0, 0.0, 0.0, 0.0, 1.0, 0.0]"
hMpxV/USA/CA-CDPH-1M1000541/2023|EPI_ISL_19170470|2023-10-25,"[0.0, 0.0, 0.0, 0.0, 0.0, 0.0, 0.0, 0.0, 0.0, 0.0, 0.0, 0.0, 0.0, 0.0, 0.0, 0.0, 0.0, 0.0, 0.0, 0.0, 0.0, 0.0, 0.0, 0.0, 0.0, 0.0, 0.0, 0.0, 0.0, 1.0, 0.0]"
hMpxV/USA/CA-CDPH-1M1000549/2023|EPI_ISL_19170478|2023-10-30,"[0.0, 0.0, 0.0, 0.0, 0.0, 0.0, 0.0, 0.0, 0.0, 0.0, 0.0, 0.0, 0.0, 0.0, 0.0, 0.0, 0.0, 0.0, 0.0, 0.0, 0.0, 0.0, 0.0, 0.0, 0.0, 0.0, 0.0, 0.0, 0.0, 1.0, 0.0]"
hMpxV/USA/CA-CDPH-1M1000615/2023|EPI_ISL_19295760|2023-09-23,"[0.0, 0.0, 0.0, 0.0, 0.0, 0.0, 0.0, 0.0, 0.0, 0.0, 0.0, 0.0, 0.0, 0.0, 0.0, 0.0, 0.0, 0.0, 0.0, 0.0, 0.0, 0.0, 0.0, 0.0, 0.0, 0.0, 0.0, 0.0, 0.0, 1.0, 0.0]"
hMpxV/USA/IL-RIPHL-050-0112/2023|EPI_ISL_19016768|2023-10-04,"[0.0, 0.0, 0.0, 0.0, 0.0, 0.0, 0.0, 0.0, 0.0, 0.0, 0.0, 0.0, 0.0, 0.0, 0.0, 0.0, 0.0, 0.0, 0.0, 0.0, 0.0, 0.0, 0.0, 0.0, 0.0, 0.0, 0.0, 0.0, 0.0, 1.0, 0.0]"
NODE_0000267,"[7.559912939627249e-08, 8.680345760455398e-09, 2.7168014100811324e-07, 8.53731590997633e-09, 1.2226542443229043e-08, 8.659560400719515e-09, 8.69954414819892e-09, 8.632705918839782e-09, 8.610480577564847e-09, 8.540383931425519e-09, 8.629894048134268e-09, 8.592581870785126e-09, 8.18147895398054e-09, 8.532883150870683e-09, 1.865507232996984e-08, 9.429640179564205e-08, 5.849261929201124e-08, 8.592581870782583e-09, 8.592581870781192e-09, 8.161172451885476e-09, 2.9508096097387154e-06, 8.303769567908774e-09, 5.000856218634457e-08, 8.63365020543076e-09, 1.779659572905731e-08, 2.5624204525994987e-08, 7.457016349356721e-09, 2.437067483796334e-08, 8.19028704396805e-09, 0.9999962395672052, 8.645007490330973e-09]"
hMpxV/USA/CA-CDPH-1M1000391/2023|EPI_ISL_18781915|2023-10-20,"[0.0, 0.0, 0.0, 0.0, 0.0, 0.0, 0.0, 0.0, 0.0, 0.0, 0.0, 0.0, 0.0, 0.0, 0.0, 0.0, 0.0, 0.0, 0.0, 0.0, 0.0, 0.0, 0.0, 0.0, 0.0, 0.0, 0.0, 0.0, 0.0, 1.0, 0.0]"
hMpxV/USA/CA-CDPH-1M1000543/2023|EPI_ISL_19170472|2023-10-29,"[0.0, 0.0, 0.0, 0.0, 0.0, 0.0, 0.0, 0.0, 0.0, 0.0, 0.0, 0.0, 0.0, 0.0, 0.0, 0.0, 0.0, 0.0, 0.0, 0.0, 0.0, 0.0, 0.0, 0.0, 0.0, 0.0, 0.0, 0.0, 0.0, 1.0, 0.0]"
NODE_0000268,"[2.3173781553672925e-09, 2.62413398085026e-10, 8.346439008411366e-09, 2.5870271762381524e-10, 3.677397951287245e-10, 2.620290930246779e-10, 2.6334592571700136e-10, 2.616874545572773e-10, 2.6091082113533725e-10, 2.587433825025508e-10, 2.616325166780542e-10, 2.604698132181671e-10, 2.478502645032753e-10, 2.5764124396795174e-10, 5.706131419008271e-10, 2.8834976233030566e-09, 1.7955099656882123e-09, 2.6046981321767154e-10, 2.6046981321739526e-10, 2.4683941546199503e-10, 9.193758680017976e-08, 2.513081485954346e-10, 1.5350258285459718e-09, 2.617181122176746e-10, 5.42115311457944e-10, 7.83588676952996e-10, 2.251263681712248e-10, 7.451273745029378e-10, 2.480472613662225e-10, 0.999999883303916, 2.62056738528603e-10]"
hMpxV/USA/CA-CDPH-1M1000443/2023|EPI_ISL_18781630|2023-10-27,"[0.0, 0.0, 0.0, 0.0, 0.0, 0.0, 0.0, 0.0, 0.0, 0.0, 0.0, 0.0, 0.0, 0.0, 0.0, 0.0, 0.0, 0.0, 0.0, 0.0, 0.0, 0.0, 0.0, 0.0, 0.0, 0.0, 0.0, 0.0, 0.0, 1.0, 0.0]"
hMpxV/USA/CA-CDPH-1M1000547/2023|EPI_ISL_19170476|2023-10-25,"[0.0, 0.0, 0.0, 0.0, 0.0, 0.0, 0.0, 0.0, 0.0, 0.0, 0.0, 0.0, 0.0, 0.0, 0.0, 0.0, 0.0, 0.0, 0.0, 0.0, 0.0, 0.0, 0.0, 0.0, 0.0, 0.0, 0.0, 0.0, 0.0, 0.9999999999999999, 0.0]"
NODE_0000261,"[6.032108410885105e-11, 3.2665774979338064e-12, 3.472713649377085e-10, 3.1765445690624514e-12, 5.249961224493033e-12, 3.2496817835367315e-12, 3.299782474070925e-12, 3.28542091697647e-12, 3.241911616087812e-12, 3.194537073395788e-12, 3.303410312454983e-12, 3.242495319823447e-12, 3.0742667335236613e-12, 3.1473280518446085e-12, 9.977150165728056e-12, 8.73987678145649e-11, 4.2422383051766326e-11, 3.24249531982162e-12, 3.2424953198208413e-12, 2.9952846391273757e-12, 1.2350302172081399e-08, 2.97942379579693e-12, 3.7954124488864974e-11, 3.286124286788843e-12, 8.855439334280576e-12, 1.4509296523857984e-11, 2.6224439311890923e-12, 1.3610687765266077e-11, 3.0536080114827492e-12, 0.9999999869619223, 3.301363416445595e-12]"
hMpxV/USA/CA-CDPH-1M1000539/2023|EPI_ISL_19170468|2023-11-02,"[0.0, 0.0, 0.0, 0.0, 0.0, 0.0, 0.0, 0.0, 0.0, 0.0, 0.0, 0.0, 0.0, 0.0, 0.0, 0.0, 0.0, 0.0, 0.0, 0.0, 0.0, 0.0, 0.0, 0.0, 0.0, 0.0, 0.0, 0.0, 0.0, 0.9999999999999999, 0.0]"
hMpxV/USA/CA-CDPH-1M1000557/2023|EPI_ISL_19170486|2023-11-02,"[0.0, 0.0, 0.0, 0.0, 0.0, 0.0, 0.0, 0.0, 0.0, 0.0, 0.0, 0.0, 0.0, 0.0, 0.0, 0.0, 0.0, 0.0, 0.0, 0.0, 0.0, 0.0, 0.0, 0.0, 0.0, 0.0, 0.0, 0.0, 0.0, 0.9999999999999999, 0.0]"
NODE_0000262,"[5.636120688245957e-10, 5.7030384282853445e-11, 2.1051777803243073e-09, 5.66616116896245e-11, 7.926582412778085e-11, 5.7074126940779976e-11, 5.754916742497099e-11, 5.7494204871959864e-11, 5.7177889713617826e-11, 5.6641869927997215e-11, 5.754178903310484e-11, 5.7196334927324756e-11, 5.425629756846982e-11, 5.559790790214941e-11, 1.340493057229509e-10, 7.003102108523051e-10, 4.38431369961957e-10, 5.7196334927212175e-11, 5.7196334927154104e-11, 5.362237720965923e-11, 2.699050023999983e-08, 5.4599136732037293e-11, 3.756186975641265e-10, 5.750318633249329e-11, 1.2413636525655915e-10, 1.8450577888621615e-10, 4.8377274167216824e-11, 1.751403975279854e-10, 5.421217417594735e-11, 0.9999999670647401, 5.758347467330496e-11]"
hMpxV/USA/CA-CDPH-1M1000554/2023|EPI_ISL_19170483|2023-10-30,"[0.0, 0.0, 0.0, 0.0, 0.0, 0.0, 0.0, 0.0, 0.0, 0.0, 0.0, 0.0, 0.0, 0.0, 0.0, 0.0, 0.0, 0.0, 0.0, 0.0, 0.0, 0.0, 0.0, 0.0, 0.0, 0.0, 0.0, 0.0, 0.0, 1.0, 0.0]"
NODE_0000263,"[5.068041092272442e-08, 5.499573472920818e-09, 1.8557260773472932e-07, 5.4273917674448135e-09, 7.725349421442523e-09, 5.491294868180316e-09, 5.5257470130126766e-09, 5.496690502400403e-09, 5.4756830843977636e-09, 5.428236931184543e-09, 5.497797552121244e-09, 5.469565984255323e-09, 5.200219629127279e-09, 5.387654351831738e-09, 1.2281877170813191e-08, 6.321082189422131e-08, 3.9281496001222856e-08, 5.469565984253521e-09, 5.469565984252862e-09, 5.168533439606898e-09, 2.172568767900749e-06, 5.258017756184456e-09, 3.3621966121886874e-08, 5.497393741732216e-09, 1.1570816152038286e-08, 1.6892860145984993e-08, 4.697810242502457e-09, 1.6051977061582928e-08, 5.20177474335632e-09, 0.9999972883735568, 5.504975668080372e-09]"
hMpxV/USA/CA-CDPH-1M1000500/2023|EPI_ISL_19143458|2023-11-19,"[0.0, 0.0, 0.0, 0.0, 0.0, 0.0, 0.0, 0.0, 0.0, 0.0, 0.0, 0.0, 0.0, 0.0, 0.0, 0.0, 0.0, 0.0, 0.0, 0.0, 0.0, 0.0, 0.0, 0.0, 0.0, 0.0, 0.0, 0.0, 0.0, 1.0, 0.0]"
hMpxV/USA/CA-CDPH-1M1000466/2023|EPI_ISL_18959323|2023-12-14,"[0.0, 0.0, 0.0, 0.0, 0.0, 0.0, 0.0, 0.0, 0.0, 0.0, 0.0, 0.0, 0.0, 0.0, 0.0, 0.0, 0.0, 0.0, 0.0, 0.0, 0.0, 0.0, 0.0, 0.0, 0.0, 0.0, 0.0, 0.0, 0.0, 1.0, 0.0]"
NODE_0000264,"[5.697608143521175e-07, 7.703467581641668e-08, 1.9363753015879284e-06, 7.505598161943013e-08, 1.0924389346026634e-07, 7.66596258626742e-08, 7.665493940749738e-08, 7.554866524779625e-08, 7.562349804902004e-08, 7.51220614069148e-08, 7.540956881998716e-08, 7.526302324076657e-08, 7.195836915919455e-08, 7.646398234540589e-08, 1.4836033920350543e-07, 7.098128132081896e-07, 4.3899466885244573e-07, 7.526302324074688e-08, 7.526302324073901e-08, 7.252295840125302e-08, 1.6900961871388437e-05, 7.383460347877287e-08, 3.740063958790882e-07, 7.555298119273014e-08, 1.4662387362160325e-07, 2.0290872937036754e-07, 6.726495530261247e-08, 1.9349034136218016e-07, 7.219598088755982e-08, 0.9999768511321382, 7.563690296589204e-08]"
hMpxV/USA/CA-LACPHL-MA00614/2023|EPI_ISL_18993204|2023-12-05,"[0.0, 0.0, 0.0, 0.0, 0.0, 0.0, 0.0, 0.0, 0.0, 0.0, 0.0, 0.0, 0.0, 0.0, 0.0, 0.0, 0.0, 0.0, 0.0, 0.0, 0.0, 0.0, 0.0, 0.0, 0.0, 0.0, 0.0, 0.0, 0.0, 0.9999999999999999, 0.0]"
NODE_0000265,"[2.1243992306253585e-08, 1.8185393263561364e-09, 1.0381446818585125e-07, 1.727283029223498e-09, 2.955507962124407e-09, 1.7984164335652964e-09, 1.8029174172091337e-09, 1.7636738277511185e-09, 1.7573869014990125e-09, 1.739001438200938e-09, 1.7658270183476075e-09, 1.7451801124703297e-09, 1.6727738900000606e-09, 1.798594614374397e-09, 4.111013256137188e-09, 3.0479332133676726e-08, 1.4819586192738198e-08, 1.7451801124694226e-09, 1.7451801124690825e-09, 1.6753808798791579e-09, 1.9740332962655357e-06, 1.671159056774928e-09, 1.3116106121762682e-08, 1.7638059165089013e-09, 4.014179178479118e-09, 5.896564635161017e-09, 1.5276867090918311e-09, 5.572813871960655e-09, 1.6716188637194176e-09, 0.9999977869827319, 1.7708022668150882e-09]"
hMpxV/USA/CA-CDPH-1M1000496/2024|EPI_ISL_19143455|2024-01-13,"[0.0, 0.0, 0.0, 0.0, 0.0, 0.0, 0.0, 0.0, 0.0, 0.0, 0.0, 0.0, 0.0, 0.0, 0.0, 0.0, 0.0, 0.0, 0.0, 0.0, 0.0, 0.0, 0.0, 0.0, 0.0, 0.0, 0.0, 0.0, 0.0, 1.0, 0.0]"
hMpxV/USA/WA-UW-251694/2024|EPI_ISL_19131279|2024-04-16,"[0.0, 0.0, 0.0, 0.0, 0.0, 0.0, 0.0, 0.0, 0.0, 0.0, 0.0, 0.0, 0.0, 0.0, 0.0, 0.0, 0.0, 0.0, 0.0, 0.0, 0.0, 0.0, 0.0, 0.0, 0.0, 0.0, 0.0, 0.0, 0.0, 1.0, 0.0]"
NODE_0000266,"[8.543424271650794e-10, 5.694038575727507e-11, 4.520451445724737e-09, 5.502545400377082e-11, 9.08481521574745e-11, 5.6594543382391646e-11, 5.714844280575238e-11, 5.65765830924955e-11, 5.605735034313513e-11, 5.5338166570284035e-11, 5.6776860186250274e-11, 5.591629015339629e-11, 5.322976824448454e-11, 5.544549331537504e-11, 1.5302743676703267e-10, 1.221272935637954e-09, 6.013298471307367e-10, 5.591629015337944e-11, 5.5916290153369615e-11, 5.2408643483684055e-11, 1.1880066487947389e-07, 5.2291157262269003e-11, 5.34640968494383e-10, 5.658569771308432e-11, 1.4120431657299737e-10, 2.2067368851647145e-10, 4.665892108875995e-11, 2.0773871876754481e-10, 5.30039397045099e-11, 0.9999998716091514, 5.6823621501056714e-11]"
hMpxV/USA/CA-LACPHL-MA00647/2024|EPI_ISL_19273375|2024-06-26,"[0.0, 0.0, 0.0, 0.0, 0.0, 0.0, 0.0, 0.0, 0.0, 0.0, 0.0, 0.0, 0.0, 0.0, 0.0, 0.0, 0.0, 0.0, 0.0, 0.0, 0.0, 0.0, 0.0, 0.0, 0.0, 0.0, 0.0, 0.0, 0.0, 1.0, 0.0]"
hMpxV/USA/CA-CDPH-1M1000640/2024|EPI_ISL_19295783|2024-06-26,"[0.0, 0.0, 0.0, 0.0, 0.0, 0.0, 0.0, 0.0, 0.0, 0.0, 0.0, 0.0, 0.0, 0.0, 0.0, 0.0, 0.0, 0.0, 0.0, 0.0, 0.0, 0.0, 0.0, 0.0, 0.0, 0.0, 0.0, 0.0, 0.0, 1.0, 0.0]"
hMpxV/USA/WA-UW-190625/2024|EPI_ISL_19336732|2024-07-12,"[0.0, 0.0, 0.0, 0.0, 0.0, 0.0, 0.0, 0.0, 0.0, 0.0, 0.0, 0.0, 0.0, 0.0, 0.0, 0.0, 0.0, 0.0, 0.0, 0.0, 0.0, 0.0, 0.0, 0.0, 0.0, 0.0, 0.0, 0.0, 0.0, 1.0, 0.0]"
NODE_0000158,"[3.864407641940954e-07, 5.2740305351548864e-08, 1.2979249900740581e-06, 5.157036304458432e-08, 7.395938063801155e-08, 5.2565993819791167e-08, 5.2558634627397526e-08, 5.189146051782782e-08, 5.193878096448388e-08, 5.1594085251723716e-08, 5.17908130342917e-08, 5.1708666914466884e-08, 4.9408826989583404e-08, 5.2317128535753096e-08, 1.0170817147232409e-07, 4.775504661549276e-07, 2.988321735135266e-07, 5.170866691445401e-08, 5.1708666914447865e-08, 4.973169865042512e-08, 1.1022909776573444e-05, 5.071906556841254e-08, 2.5424673287879414e-07, 5.189475793992746e-08, 1.0032722836698804e-07, 1.387949395613636e-07, 4.60920588902751e-08, 1.3239066401461233e-07, 4.956638251892268e-08, 0.9999847414626599, 5.194569614237403e-08]"
NODE_0000252,"[2.0080564066852164e-11, 9.84829962865709e-13, 1.1973939837794073e-10, 9.631113818459201e-13, 1.5767511298305176e-12, 9.811539749940033e-13, 9.991327303974989e-13, 9.988759960963972e-13, 9.835102118013917e-13, 9.682425222924433e-13, 1.005263509284172e-12, 9.853143672816056e-13, 9.318289187007612e-13, 9.431838285319096e-13, 3.2149386717401726e-12, 2.913229103560084e-11, 1.415504001024689e-11, 9.853143672809148e-13, 9.853143672805955e-13, 9.022812920626871e-13, 4.8893615142633295e-09, 8.971363897141172e-13, 1.2692950801297419e-11, 9.991220288278226e-13, 2.792398073749726e-12, 4.6867049632531934e-12, 7.826796132832012e-13, 4.389479965766147e-12, 9.243072348284255e-13, 0.9999999948799535, 1.003874344737857e-12]"
hMpxV/USA/CA-CDPH-1M1000424/2023|EPI_ISL_18781808|2023-10-09,"[0.0, 0.0, 0.0, 0.0, 0.0, 0.0, 0.0, 0.0, 0.0, 0.0, 0.0, 0.0, 0.0, 0.0, 0.0, 0.0, 0.0, 0.0, 0.0, 0.0, 0.0, 0.0, 0.0, 0.0, 0.0, 0.0, 0.0, 0.0, 0.0, 1.0, 0.0]"
hMpxV/USA/CA-CDPH-1M1000425/2023|EPI_ISL_18781809|2023-09-26,"[0.0, 0.0, 0.0, 0.0, 0.0, 0.0, 0.0, 0.0, 0.0, 0.0, 0.0, 0.0, 0.0, 0.0, 0.0, 0.0, 0.0, 0.0, 0.0, 0.0, 0.0, 0.0, 0.0, 0.0, 0.0, 0.0, 0.0, 0.0, 0.0, 1.0, 0.0]"
hMpxV/USA/CA-CDPH-1M1000411/2023|EPI_ISL_18781840|2023-09-27,"[0.0, 0.0, 0.0, 0.0, 0.0, 0.0, 0.0, 0.0, 0.0, 0.0, 0.0, 0.0, 0.0, 0.0, 0.0, 0.0, 0.0, 0.0, 0.0, 0.0, 0.0, 0.0, 0.0, 0.0, 0.0, 0.0, 0.0, 0.0, 0.0, 0.9999999999999999, 0.0]"
NODE_0000159,"[3.2659088603849296e-23, 7.9999965223233325e-28, 1.1882127706633526e-21, 6.192915162505444e-28, 4.9671886006338084e-27, 7.490096060164344e-28, 7.991284463290883e-28, 7.523829941507133e-28, 7.010198619737092e-28, 6.5832689519033195e-28, 7.832828542649125e-28, 6.911445388327394e-28, 6.497941483945844e-28, 7.124200499408232e-28, 1.7581530413598844e-26, 1.2091854524852067e-23, 5.6656091071312895e-25, 6.911445388313914e-28, 6.911445388307135e-28, 5.748322071167539e-28, 1.1706836071930423e-16, 4.671726427863587e-28, 7.846913736770347e-25, 7.52822149722945e-28, 1.3386593830479476e-26, 3.268925566707135e-25, 3.9429611320157882e-28, 3.2864116928263514e-26, 6.17349227972927e-28, 0.9999999999999999, 7.789921482158281e-28]"
hMpxV/USA/CA-LACPHL-MA00582/2024|EPI_ISL_18952716|2024-01-22,"[0.0, 0.0, 0.0, 0.0, 0.0, 0.0, 0.0, 0.0, 0.0, 0.0, 0.0, 0.0, 0.0, 0.0, 0.0, 0.0, 0.0, 0.0, 0.0, 0.0, 0.0, 0.0, 0.0, 0.0, 0.0, 0.0, 0.0, 0.0, 0.0, 0.9999999999999999, 0.0]"
hMpxV/USA/CA-CDPH-1M1000491/2023|EPI_ISL_19143453|2023-12-12,"[0.0, 0.0, 0.0, 0.0, 0.0, 0.0, 0.0, 0.0, 0.0, 0.0, 0.0, 0.0, 0.0, 0.0, 0.0, 0.0, 0.0, 0.0, 0.0, 0.0, 0.0, 0.0, 0.0, 0.0, 0.0, 0.0, 0.0, 0.0, 0.0, 1.0, 0.0]"
hMpxV/USA/CA-CDPH-1M1000489/2023|EPI_ISL_19143451|2023-12-06,"[0.0, 0.0, 0.0, 0.0, 0.0, 0.0, 0.0, 0.0, 0.0, 0.0, 0.0, 0.0, 0.0, 0.0, 0.0, 0.0, 0.0, 0.0, 0.0, 0.0, 0.0, 0.0, 0.0, 0.0, 0.0, 0.0, 0.0, 0.0, 0.0, 0.9999999999999999, 0.0]"
hMpxV/USA/CA-CDPH-1M1000376/2023|EPI_ISL_18781787|2023-09-08,"[0.0, 0.0, 0.0, 0.0, 0.0, 0.0, 0.0, 0.0, 0.0, 0.0, 0.0, 0.0, 0.0, 0.0, 0.0, 0.0, 0.0, 0.0, 0.0, 0.0, 0.0, 0.0, 0.0, 0.0, 0.0, 0.0, 0.0, 0.0, 0.0, 1.0, 0.0]"
hMpxV/USA/CA-CDPH-1M1000462/2023|EPI_ISL_18959319|2023-12-27,"[0.0, 0.0, 0.0, 0.0, 0.0, 0.0, 0.0, 0.0, 0.0, 0.0, 0.0, 0.0, 0.0, 0.0, 0.0, 0.0, 0.0, 0.0, 0.0, 0.0, 0.0, 0.0, 0.0, 0.0, 0.0, 0.0, 0.0, 0.0, 0.0, 1.0, 0.0]"
hMpxV/USA/CA-LACPHL-MA00605/2023|EPI_ISL_18993201|2023-10-19,"[0.0, 0.0, 0.0, 0.0, 0.0, 0.0, 0.0, 0.0, 0.0, 0.0, 0.0, 0.0, 0.0, 0.0, 0.0, 0.0, 0.0, 0.0, 0.0, 0.0, 0.0, 0.0, 0.0, 0.0, 0.0, 0.0, 0.0, 0.0, 0.0, 1.0, 0.0]"
hMpxV/USA/IL-RIPHL-004-0161/2024|EPI_ISL_19158950|2024-03-04,"[0.0, 0.0, 0.0, 0.0, 0.0, 0.0, 0.0, 0.0, 0.0, 0.0, 0.0, 0.0, 0.0, 0.0, 0.0, 0.0, 0.0, 0.0, 0.0, 0.0, 0.0, 0.0, 0.0, 0.0, 0.0, 0.0, 0.0, 0.0, 0.0, 1.0, 0.0]"
hMpxV/USA/CA-LACPHL-MA00610/2023|EPI_ISL_18993198|2023-11-29,"[0.0, 0.0, 0.0, 0.0, 0.0, 0.0, 0.0, 0.0, 0.0, 0.0, 0.0, 0.0, 0.0, 0.0, 0.0, 0.0, 0.0, 0.0, 0.0, 0.0, 0.0, 0.0, 0.0, 0.0, 0.0, 0.0, 0.0, 0.0, 0.0, 1.0, 0.0]"
hMpxV/USA/CA-LACPHL-MA00601/2023|EPI_ISL_18993188|2023-10-23,"[0.0, 0.0, 0.0, 0.0, 0.0, 0.0, 0.0, 0.0, 0.0, 0.0, 0.0, 0.0, 0.0, 0.0, 0.0, 0.0, 0.0, 0.0, 0.0, 0.0, 0.0, 0.0, 0.0, 0.0, 0.0, 0.0, 0.0, 0.0, 0.0, 0.9999999999999999, 0.0]"
hMpxV/USA/CA-CDPH-1M1000550/2023|EPI_ISL_19170479|2023-10-27,"[0.0, 0.0, 0.0, 0.0, 0.0, 0.0, 0.0, 0.0, 0.0, 0.0, 0.0, 0.0, 0.0, 0.0, 0.0, 0.0, 0.0, 0.0, 0.0, 0.0, 0.0, 0.0, 0.0, 0.0, 0.0, 0.0, 0.0, 0.0, 0.0, 1.0, 0.0]"
NODE_0000244,"[2.876303669840018e-12, 1.3835529649217483e-13, 1.718719698577437e-11, 1.3565371446621148e-13, 2.204069455056398e-13, 1.3796703201256187e-13, 1.4057973491770201e-13, 1.407659530546068e-13, 1.385287422243692e-13, 1.3634933088375002e-13, 1.4169222590582656e-13, 1.3884903303706732e-13, 1.3121370418408453e-13, 1.3231401648122108e-13, 4.588004616709127e-13, 4.1594561053837764e-12, 2.0318034635601837e-12, 1.388490330368034e-13, 1.388490330366637e-13, 1.2680876863533735e-13, 7.109537373583377e-10, 1.2615425581479822e-13, 1.8216809838750023e-12, 1.408018893781558e-13, 3.963624688227768e-13, 6.688310090815756e-13, 1.0976224939523462e-13, 6.262435110342619e-13, 1.3011121139003626e-13, 0.9999999992560342, 1.4147010128837902e-13]"
hMpxV/USA/CA-CDPH-1M1000374/2023|EPI_ISL_18781786|2023-09-19,"[0.0, 0.0, 0.0, 0.0, 0.0, 0.0, 0.0, 0.0, 0.0, 0.0, 0.0, 0.0, 0.0, 0.0, 0.0, 0.0, 0.0, 0.0, 0.0, 0.0, 0.0, 0.0, 0.0, 0.0, 0.0, 0.0, 0.0, 0.0, 0.0, 1.0, 0.0]"
hMpxV/USA/CA-CDPH-1M1000379/2023|EPI_ISL_18781791|2023-10-04,"[0.0, 0.0, 0.0, 0.0, 0.0, 0.0, 0.0, 0.0, 0.0, 0.0, 0.0, 0.0, 0.0, 0.0, 0.0, 0.0, 0.0, 0.0, 0.0, 0.0, 0.0, 0.0, 0.0, 0.0, 0.0, 0.0, 0.0, 0.0, 0.0, 0.9999999999999999, 0.0]"
hMpxV/USA/CA-CDPH-1M1000623/2023|EPI_ISL_19295768|2023-09-22,"[0.0, 0.0, 0.0, 0.0, 0.0, 0.0, 0.0, 0.0, 0.0, 0.0, 0.0, 0.0, 0.0, 0.0, 0.0, 0.0, 0.0, 0.0, 0.0, 0.0, 0.0, 0.0, 0.0, 0.0, 0.0, 0.0, 0.0, 0.0, 0.0, 1.0, 0.0]"
NODE_0000245,"[1.0538693670064967e-09, 8.51707925106226e-11, 5.0792632158495315e-09, 8.215917110028915e-11, 1.3339842923369234e-10, 8.467720342967179e-11, 8.512676615829478e-11, 8.40060507729936e-11, 8.351946983486918e-11, 8.258200260060732e-11, 8.415823209625133e-11, 8.315978961584224e-11, 7.937720524936269e-11, 8.360956885328331e-11, 2.0556331818221398e-10, 1.4705325659918671e-09, 7.48103406054702e-10, 8.315978961570204e-11, 8.315978961562386e-11, 7.877700571274742e-11, 9.904695764358015e-08, 7.894007405728293e-11, 6.599447053183371e-10, 8.401635959023865e-11, 1.9532368908008482e-10, 2.932558718360436e-10, 7.109308615916216e-11, 2.7701029166753046e-10, 7.920700711799724e-11, 0.9999998892765561, 8.432198356747975e-11]"
hMpxV/USA/CA-CDPH-1M1000601/2024|EPI_ISL_19295750|2024-05-19,"[0.0, 0.0, 0.0, 0.0, 0.0, 0.0, 0.0, 0.0, 0.0, 0.0, 0.0, 0.0, 0.0, 0.0, 0.0, 0.0, 0.0, 0.0, 0.0, 0.0, 0.0, 0.0, 0.0, 0.0, 0.0, 0.0, 0.0, 0.0, 0.0, 1.0, 0.0]"
hMpxV/USA/CA-CDPH-1M1000605/2024|EPI_ISL_19295754|2024-05-28,"[0.0, 0.0, 0.0, 0.0, 0.0, 0.0, 0.0, 0.0, 0.0, 0.0, 0.0, 0.0, 0.0, 0.0, 0.0, 0.0, 0.0, 0.0, 0.0, 0.0, 0.0, 0.0, 0.0, 0.0, 0.0, 0.0, 0.0, 0.0, 0.0, 1.0, 0.0]"
NODE_0000246,"[1.5769090292429117e-09, 9.505348575238578e-11, 8.826735714122031e-09, 9.138718750253594e-11, 1.5574097173799053e-10, 9.418776225484524e-11, 9.534032466826407e-11, 9.424610905916577e-11, 9.324500244490045e-11, 9.198559492477491e-11, 9.467168580219176e-11, 9.304563943900962e-11, 8.854320661301873e-11, 9.22925099942744e-11, 2.679393601497114e-10, 2.3028622584008955e-09, 1.1018770583207665e-09, 9.304563943896959e-11, 9.304563943894886e-11, 8.706146121847154e-11, 2.7533231325020855e-07, 8.64432561736605e-11, 9.846935299543225e-10, 9.426199252881961e-11, 2.4436728190153265e-10, 3.89391885247659e-10, 7.712486697320973e-11, 3.6584271327727503e-10, 8.810345631107288e-11, 0.9999997067135431, 9.469917308445743e-11]"
hMpxV/USA/CA-LACPHL-MA00659/2024|EPI_ISL_19347730|2024-07-05,"[0.0, 0.0, 0.0, 0.0, 0.0, 0.0, 0.0, 0.0, 0.0, 0.0, 0.0, 0.0, 0.0, 0.0, 0.0, 0.0, 0.0, 0.0, 0.0, 0.0, 0.0, 0.0, 0.0, 0.0, 0.0, 0.0, 0.0, 0.0, 0.0, 1.0, 0.0]"
hMpxV/USA/WA-UW-902910/2024|EPI_ISL_19370101|2024-08-10,"[0.0, 0.0, 0.0, 0.0, 0.0, 0.0, 0.0, 0.0, 0.0, 0.0, 0.0, 0.0, 0.0, 0.0, 0.0, 0.0, 0.0, 0.0, 0.0, 0.0, 0.0, 0.0, 0.0, 0.0, 0.0, 0.0, 0.0, 0.0, 0.0, 1.0, 0.0]"
hMpxV/USA/WA-UW-500470/2024|EPI_ISL_19370102|2024-08-10,"[0.0, 0.0, 0.0, 0.0, 0.0, 0.0, 0.0, 0.0, 0.0, 0.0, 0.0, 0.0, 0.0, 0.0, 0.0, 0.0, 0.0, 0.0, 0.0, 0.0, 0.0, 0.0, 0.0, 0.0, 0.0, 0.0, 0.0, 0.0, 0.0, 1.0, 0.0]"
NODE_0000247,"[2.344993246223038e-05, 2.404474246442891e-05, 2.5044789816129334e-05, 2.4391618917753647e-05, 2.3635708198194966e-05, 2.4274920913893007e-05, 2.375478237156972e-05, 2.339150367222182e-05, 2.3939187110205164e-05, 2.399626436397215e-05, 2.3011133943289352e-05, 2.3766465327584925e-05, 2.1597823643073178e-05, 2.4409832610173687e-05, 1.6358165087503856e-05, 2.5890555733599155e-05, 3.1787502411628806e-05, 2.3766465327587537e-05, 2.3766465327587778e-05, 2.2751559193531584e-05, 2.0531757039810594e-05, 2.5101763797163503e-05, 2.098847312673674e-05, 2.339088884128653e-05, 1.6792521845527444e-05, 0.9990848565380994, 2.0988455107323026e-05, 2.5948133906106584e-05, 2.2083875122121143e-05, 0.00023907304153642292, 2.321513268180947e-05]"
NODE_0000248,"[1.9130144907717697e-07, 2.6073384900092747e-07, 1.7881332210261233e-07, 2.675548971711065e-07, 2.3995549633957493e-07, 2.641151480139122e-07, 2.586395798615824e-07, 2.5545638684131543e-07, 2.61575725162506e-07, 2.6214621452497475e-07, 2.5094118375499265e-07, 2.6035406924439184e-07, 2.3047269982152095e-07, 2.625336766901569e-07, 1.5137179833611813e-07, 2.2376277896311358e-07, 3.0971005863483085e-07, 2.6035406924445616e-07, 2.603540692444629e-07, 2.42901923680121e-07, 1.4250518160017609e-07, 2.7276843115304234e-07, 1.8937389926094612e-07, 2.5546190755953045e-07, 1.486115608212936e-07, 0.9999916354377667, 2.1588892353479947e-07, 2.679169291263067e-07, 2.360804003683822e-07, 1.4898006030442313e-06, 2.5310600127493643e-07]"
hMpxV/South_Africa/NICD-SVPL_360/2024|EPI_ISL_19542508|2024-06-28,"[0.0, 0.0, 0.0, 0.0, 0.0, 0.0, 0.0, 0.0, 0.0, 0.0, 0.0, 0.0, 0.0, 0.0, 0.0, 0.0, 0.0, 0.0, 0.0, 0.0, 0.0, 0.0, 0.0, 0.0, 0.0, 1.0, 0.0, 0.0, 0.0, 0.0, 0.0]"
NODE_0000249,"[1.875398119578791e-09, 3.3477458499834854e-09, 1.4038401132590507e-09, 3.4863842588303328e-09, 2.852360264990647e-09, 3.403180720843976e-09, 3.333457299141757e-09, 3.3109230321358387e-09, 3.396492374144436e-09, 3.4032405152367145e-09, 3.24702535995462e-09, 3.382962106257404e-09, 2.963135152593048e-09, 3.3605690752237005e-09, 1.7439105291667987e-09, 2.100718524772508e-09, 3.4043458918883688e-09, 3.3829621062616802e-09, 3.3829621062626443e-09, 3.124965763457518e-09, 7.852983928000789e-10, 3.559023351385568e-09, 1.993227431114296e-09, 3.3110683954885252e-09, 1.670646020798862e-09, 0.9999999123262605, 2.7585297557985252e-09, 3.1804857287065474e-09, 3.0435488311779472e-09, 4.188652530092575e-09, 3.276679886526205e-09]"
hMpxV/South_Africa/NICD-SVPL_231/2024|EPI_ISL_19542510|2024-06-10,"[0.0, 0.0, 0.0, 0.0, 0.0, 0.0, 0.0, 0.0, 0.0, 0.0, 0.0, 0.0, 0.0, 0.0, 0.0, 0.0, 0.0, 0.0, 0.0, 0.0, 0.0, 0.0, 0.0, 0.0, 0.0, 1.0, 0.0, 0.0, 0.0, 0.0, 0.0]"
hMpxV/South_Africa/NICD-SVPL_164/2024|EPI_ISL_19542512|2024-05-10,"[0.0, 0.0, 0.0, 0.0, 0.0, 0.0, 0.0, 0.0, 0.0, 0.0, 0.0, 0.0, 0.0, 0.0, 0.0, 0.0, 0.0, 0.0, 0.0, 0.0, 0.0, 0.0, 0.0, 0.0, 0.0, 1.0, 0.0, 0.0, 0.0, 0.0, 0.0]"
NODE_0000250,"[1.1133558981237183e-07, 1.7374629915745945e-07, 9.352660749624094e-08, 1.797710604541644e-07, 1.5334806862776204e-07, 1.763428631848663e-07, 1.7268255103927607e-07, 1.710867207794551e-07, 1.753777676484777e-07, 1.7579253044760072e-07, 1.6791354876277403e-07, 1.746287166835232e-07, 1.5399301282992864e-07, 1.747926162148922e-07, 9.581038863448287e-08, 1.2637463015809563e-07, 1.8908397880490124e-07, 1.7462871668355463e-07, 1.7462871668356077e-07, 1.6238964490922697e-07, 6.295389508903593e-08, 1.8366318429641627e-07, 1.1356243568498007e-07, 1.7109172872415989e-07, 9.325184587973959e-08, 0.9999950359635379, 1.442777638071014e-07, 1.7053207279480842e-07, 1.579652282865279e-07, 5.200828901326921e-07, 1.694013883728219e-07]"
hMpxV/South_Africa/NICD-SVPL_193/2024|EPI_ISL_19542511|2024-06-06,"[0.0, 0.0, 0.0, 0.0, 0.0, 0.0, 0.0, 0.0, 0.0, 0.0, 0.0, 0.0, 0.0, 0.0, 0.0, 0.0, 0.0, 0.0, 0.0, 0.0, 0.0, 0.0, 0.0, 0.0, 0.0, 1.0, 0.0, 0.0, 0.0, 0.0, 0.0]"
NODE_0000251,"[4.769118112298205e-10, 8.748443784027956e-10, 3.464917813124222e-10, 9.124893299875409e-10, 7.395840477802737e-10, 8.897401412531274e-10, 8.71448127168682e-10, 8.664076670945383e-10, 8.891706548267656e-10, 8.904468673255334e-10, 8.494542919896817e-10, 8.851060498585344e-10, 7.749188319103521e-10, 8.782168358328235e-10, 4.5025653404167236e-10, 5.286335501559104e-10, 8.733585345107564e-10, 8.851060498596253e-10, 8.851060498597646e-10, 8.170847350571399e-10, 1.783583426426011e-10, 9.319541468122568e-10, 5.101984694113923e-10, 8.664483198272443e-10, 4.295177024318341e-10, 0.9999999775928359, 7.21904176667372e-10, 8.233859488913583e-10, 7.964251581888822e-10, 7.066617885982924e-10, 8.575339858501884e-10]"
hMpxV/South_Africa/NICD-SVPL_189/2024|EPI_ISL_19542513|2024-06-01,"[0.0, 0.0, 0.0, 0.0, 0.0, 0.0, 0.0, 0.0, 0.0, 0.0, 0.0, 0.0, 0.0, 0.0, 0.0, 0.0, 0.0, 0.0, 0.0, 0.0, 0.0, 0.0, 0.0, 0.0, 0.0, 1.0, 0.0, 0.0, 0.0, 0.0, 0.0]"
hMpxV/South_Africa/NICD-SVPL_180/2024|EPI_ISL_19542514|2024-05-31,"[0.0, 0.0, 0.0, 0.0, 0.0, 0.0, 0.0, 0.0, 0.0, 0.0, 0.0, 0.0, 0.0, 0.0, 0.0, 0.0, 0.0, 0.0, 0.0, 0.0, 0.0, 0.0, 0.0, 0.0, 0.0, 1.0, 0.0, 0.0, 0.0, 0.0, 0.0]"
NODE_0000160,"[0.24999975994413265, 2.4505639141101098e-05, 0.03391809008268253, 2.3953927778657444e-05, 5.5983856596572275e-05, 2.4424172839612385e-05, 2.6005931512366085e-05, 2.414155967190474e-05, 2.4166536952627715e-05, 2.3987667537368385e-05, 2.4059620202345485e-05, 2.4039755419062568e-05, 2.24002943615373e-05, 2.4265959529146136e-05, 4.145932288143021e-05, 0.000118762892280409, 6.73246575370379e-05, 2.403975541906307e-05, 2.4039755419062778e-05, 2.2586139215309887e-05, 0.002440158217131252, 2.3103900562238445e-05, 0.00015892758413989382, 2.4144129842736326e-05, 6.579871965309479e-05, 4.285254581300338e-05, 2.001579828618988e-05, 4.200911427453052e-05, 2.2494464411113764e-05, 0.7125983315021241, 2.4166552652001814e-05]"
hMpxV/Australia/VIC-VIDRL-7136/2024|EPI_ISL_19459786|2024-01-24,"[0.9999999999999999, 0.0, 0.0, 0.0, 0.0, 0.0, 0.0, 0.0, 0.0, 0.0, 0.0, 0.0, 0.0, 0.0, 0.0, 0.0, 0.0, 0.0, 0.0, 0.0, 0.0, 0.0, 0.0, 0.0, 0.0, 0.0, 0.0, 0.0, 0.0, 0.0, 0.0]"
hMpxV/USA/CA-LACPHL-MA00616/2024|EPI_ISL_18993192|2024-02-12,"[0.0, 0.0, 0.0, 0.0, 0.0, 0.0, 0.0, 0.0, 0.0, 0.0, 0.0, 0.0, 0.0, 0.0, 0.0, 0.0, 0.0, 0.0, 0.0, 0.0, 0.0, 0.0, 0.0, 0.0, 0.0, 0.0, 0.0, 0.0, 0.0, 1.0, 0.0]"
NODE_0000161,"[8.61602471375104e-05, 2.3162803559513775e-08, 0.9998688845014138, 2.293307496141514e-08, 1.4286706467975034e-07, 2.313059673774491e-08, 2.7795721310602667e-08, 3.747732183304064e-08, 4.447983582686435e-08, 2.320275961884162e-08, 2.7475143245102267e-08, 2.307060096860904e-08, 3.386606847174222e-08, 2.3430528853353016e-08, 3.897412174643218e-08, 8.417508721129342e-08, 3.3926396920437315e-08, 2.3070600968627806e-08, 2.3070600968625844e-08, 2.117807396337896e-08, 2.5116700324869048e-06, 2.16673066330714e-08, 2.664960463743867e-06, 3.75120414854737e-08, 3.2940903294828036e-06, 2.7786612439923798e-08, 2.3509279202152372e-08, 2.7987836932323735e-08, 2.769752606270862e-08, 3.559644646990857e-05, 4.463714836830778e-08]"
NODE_0000242,"[7.900862810194488e-08, 1.698616170663261e-08, 0.9999982192019242, 1.714815067796318e-08, 1.1508229589217932e-07, 1.7069502871493277e-08, 2.0757271422998426e-08, 1.6953028552680136e-08, 1.708999867165861e-08, 1.707014346516712e-08, 1.6807969361490065e-08, 1.7026579336494256e-08, 1.5804630859472717e-08, 1.6996694520648807e-08, 1.1358378366513007e-08, 4.0546510664928594e-08, 1.6847473747913338e-08, 1.7026579336500156e-08, 1.7026579336498905e-08, 1.6120089076356523e-08, 3.849236688340736e-07, 1.6866040592823444e-08, 3.9498980459226216e-07, 1.695428930942931e-08, 2.7143560191267934e-08, 1.6473168307736905e-08, 1.4554196610736049e-08, 1.6623428322096306e-08, 1.5951454804873296e-08, 3.5668255625752824e-07, 1.690924205432976e-08]"
hMpxV/Brazil/SC-FIOCRUZ-10557/2024|EPI_ISL_19416193|2024-04-17,"[0.0, 0.0, 1.0, 0.0, 0.0, 0.0, 0.0, 0.0, 0.0, 0.0, 0.0, 0.0, 0.0, 0.0, 0.0, 0.0, 0.0, 0.0, 0.0, 0.0, 0.0, 0.0, 0.0, 0.0, 0.0, 0.0, 0.0, 0.0, 0.0, 0.0, 0.0]"
NODE_0000243,"[2.76528749916095e-14, 4.040764959527157e-15, 0.9999999999965149, 4.026774482015085e-15, 1.0898164814032181e-13, 4.0472482781273136e-15, 5.740466339400053e-15, 4.094015560591753e-15, 4.072187109510269e-15, 4.0355438807141426e-15, 4.08471074796587e-15, 4.070250236325108e-15, 3.687145873663738e-15, 3.935943543037594e-15, 2.3230450896040635e-15, 2.0183400392473354e-14, 3.754817913578194e-15, 4.070250236338593e-15, 4.07025023633734e-15, 3.6598295288441155e-15, 1.679714848768632e-12, 3.725934469349444e-15, 9.711426084308402e-13, 4.094979280255041e-15, 8.797506130373717e-15, 3.966219861585539e-15, 3.0321352930227482e-15, 4.0584186994768105e-15, 3.68950827418842e-15, 5.784471661764331e-13, 4.0989469530892864e-15]"
hMpxV/Brazil/SC-FIOCRUZ-10556/2024|EPI_ISL_19416192|2024-04-15,"[0.0, 0.0, 1.0, 0.0, 0.0, 0.0, 0.0, 0.0, 0.0, 0.0, 0.0, 0.0, 0.0, 0.0, 0.0, 0.0, 0.0, 0.0, 0.0, 0.0, 0.0, 0.0, 0.0, 0.0, 0.0, 0.0, 0.0, 0.0, 0.0, 0.0, 0.0]"
hMpxV/Brazil/SC-FIOCRUZ-10558/2024|EPI_ISL_19416194|2024-04-22,"[0.0, 0.0, 1.0, 0.0, 0.0, 0.0, 0.0, 0.0, 0.0, 0.0, 0.0, 0.0, 0.0, 0.0, 0.0, 0.0, 0.0, 0.0, 0.0, 0.0, 0.0, 0.0, 0.0, 0.0, 0.0, 0.0, 0.0, 0.0, 0.0, 0.0, 0.0]"
hMpxV/Brazil/SC-FIOCRUZ-10559/2024|EPI_ISL_19416195|2024-05-16,"[0.0, 0.0, 0.9999999999999999, 0.0, 0.0, 0.0, 0.0, 0.0, 0.0, 0.0, 0.0, 0.0, 0.0, 0.0, 0.0, 0.0, 0.0, 0.0, 0.0, 0.0, 0.0, 0.0, 0.0, 0.0, 0.0, 0.0, 0.0, 0.0, 0.0, 0.0, 0.0]"
hMpxV/Brazil/SC-FIOCRUZ-10560/2024|EPI_ISL_19416196|2024-05-17,"[0.0, 0.0, 1.0, 0.0, 0.0, 0.0, 0.0, 0.0, 0.0, 0.0, 0.0, 0.0, 0.0, 0.0, 0.0, 0.0, 0.0, 0.0, 0.0, 0.0, 0.0, 0.0, 0.0, 0.0, 0.0, 0.0, 0.0, 0.0, 0.0, 0.0, 0.0]"
NODE_0000206,"[4.1924646221148695e-07, 1.4071905459010513e-07, 0.9999883694691022, 1.4137702944908195e-07, 7.883651070692727e-07, 1.4114296304749614e-07, 1.66921994734261e-07, 1.392746537573367e-07, 1.4079427511261293e-07, 1.4143447562171694e-07, 1.377992264942856e-07, 1.399675181456789e-07, 1.3054329354942325e-07, 1.4344564748178029e-07, 9.65056364550262e-08, 3.08186421762847e-07, 1.4479507416501382e-07, 1.399675181457464e-07, 1.399675181457347e-07, 1.346581603602719e-07, 2.1184264082096483e-06, 1.4046196499786856e-07, 2.3231077405473543e-06, 1.3927774327121138e-07, 2.1596915364399464e-07, 1.358334815024809e-07, 1.2233403739738412e-07, 1.3668519772435453e-07, 1.318083394510104e-07, 2.2926181315440528e-06, 1.3889666873127122e-07]"
hMpxV/Brazil/RJ-FIOCRUZ-10510/2024|EPI_ISL_19416160|2024-06-11,"[0.0, 0.0, 1.0, 0.0, 0.0, 0.0, 0.0, 0.0, 0.0, 0.0, 0.0, 0.0, 0.0, 0.0, 0.0, 0.0, 0.0, 0.0, 0.0, 0.0, 0.0, 0.0, 0.0, 0.0, 0.0, 0.0, 0.0, 0.0, 0.0, 0.0, 0.0]"
NODE_0000207,"[2.1351183886285803e-13, 3.404491972326462e-14, 0.999999287880144, 1.733756114696011e-14, 3.732105170086606e-12, 2.3055626377934813e-14, 3.903717442914725e-14, 1.7978274869968997e-14, 1.7748369084162744e-14, 1.7617512514797044e-14, 1.798397282814502e-14, 1.7724706234817677e-14, 1.5927155006657704e-14, 2.5730845998415674e-14, 1.43450561984256e-14, 7.971545282493822e-13, 1.7514184701118002e-14, 1.7724706234819172e-14, 1.772470623481674e-14, 2.3187361692081198e-14, 7.120576349854884e-07, 1.5476295058466472e-14, 1.467544484857244e-11, 1.7983456111217942e-14, 4.2701670989234856e-14, 1.751065397032304e-14, 1.2420492313117495e-14, 1.804358197293503e-14, 1.5820332248241816e-14, 4.2310129853020634e-11, 1.8061348128319003e-14]"
hMpxV/Peru/LIM-INS-549/2024|EPI_ISL_19449525|2024-07-31,"[0.0, 0.0, 0.0, 0.0, 0.0, 0.0, 0.0, 0.0, 0.0, 0.0, 0.0, 0.0, 0.0, 0.0, 0.0, 0.0, 0.0, 0.0, 0.0, 0.0, 1.0, 0.0, 0.0, 0.0, 0.0, 0.0, 0.0, 0.0, 0.0, 0.0, 0.0]"
hMpxV/Brazil/RJ-UG_UFRJ_0567/2024|EPI_ISL_19434508|2024-09-02,"[0.0, 0.0, 1.0, 0.0, 0.0, 0.0, 0.0, 0.0, 0.0, 0.0, 0.0, 0.0, 0.0, 0.0, 0.0, 0.0, 0.0, 0.0, 0.0, 0.0, 0.0, 0.0, 0.0, 0.0, 0.0, 0.0, 0.0, 0.0, 0.0, 0.0, 0.0]"
hMpxV/Brazil/RJ-FIOCRUZ-10535/2024|EPI_ISL_19416177|2024-08-20,"[0.0, 0.0, 1.0, 0.0, 0.0, 0.0, 0.0, 0.0, 0.0, 0.0, 0.0, 0.0, 0.0, 0.0, 0.0, 0.0, 0.0, 0.0, 0.0, 0.0, 0.0, 0.0, 0.0, 0.0, 0.0, 0.0, 0.0, 0.0, 0.0, 0.0, 0.0]"
hMpxV/Brazil/RJ-FIOCRUZ-10537/2024|EPI_ISL_19416179|2024-08-26,"[0.0, 0.0, 0.9999999999999999, 0.0, 0.0, 0.0, 0.0, 0.0, 0.0, 0.0, 0.0, 0.0, 0.0, 0.0, 0.0, 0.0, 0.0, 0.0, 0.0, 0.0, 0.0, 0.0, 0.0, 0.0, 0.0, 0.0, 0.0, 0.0, 0.0, 0.0, 0.0]"
hMpxV/Brazil/RJ-FIOCRUZ-10544/2024|EPI_ISL_19416183|2024-08-31,"[0.0, 0.0, 1.0, 0.0, 0.0, 0.0, 0.0, 0.0, 0.0, 0.0, 0.0, 0.0, 0.0, 0.0, 0.0, 0.0, 0.0, 0.0, 0.0, 0.0, 0.0, 0.0, 0.0, 0.0, 0.0, 0.0, 0.0, 0.0, 0.0, 0.0, 0.0]"
hMpxV/Brazil/RJ-FIOCRUZ-10566/2024|EPI_ISL_19416202|2024-09-04,"[0.0, 0.0, 1.0, 0.0, 0.0, 0.0, 0.0, 0.0, 0.0, 0.0, 0.0, 0.0, 0.0, 0.0, 0.0, 0.0, 0.0, 0.0, 0.0, 0.0, 0.0, 0.0, 0.0, 0.0, 0.0, 0.0, 0.0, 0.0, 0.0, 0.0, 0.0]"
NODE_0000208,"[2.8352635058187116e-11, 9.872105397062744e-15, 0.99999999979337, 9.44648317101572e-15, 3.8283243518029515e-13, 9.754685581883437e-15, 1.386279441949316e-14, 1.1172058299080477e-14, 1.1768272597407685e-14, 9.798677756146452e-15, 1.01430996725566e-14, 9.611035994909349e-15, 9.860325948037181e-15, 1.027021295519771e-14, 7.901305404768063e-15, 7.632525150560804e-14, 1.1641625944853926e-14, 9.611035994921144e-15, 9.61103599491866e-15, 8.80484294865771e-15, 3.395300016320337e-11, 8.56365011501135e-15, 1.323041144673877e-11, 1.1176969266686157e-14, 6.498512613766428e-13, 1.022866605632038e-14, 7.249663061093678e-15, 1.0459361206340907e-14, 9.200674555117667e-15, 1.2975325825152034e-10, 1.1949911258237097e-14]"
hMpxV/Brazil/RJ-UG_UFRJ_0564/2024|EPI_ISL_19434506|2024-06-26,"[0.0, 0.0, 1.0, 0.0, 0.0, 0.0, 0.0, 0.0, 0.0, 0.0, 0.0, 0.0, 0.0, 0.0, 0.0, 0.0, 0.0, 0.0, 0.0, 0.0, 0.0, 0.0, 0.0, 0.0, 0.0, 0.0, 0.0, 0.0, 0.0, 0.0, 0.0]"
hMpxV/Brazil/RJ-UG_UFRJ_0571/2024|EPI_ISL_19434509|2024-08-16,"[0.0, 0.0, 1.0, 0.0, 0.0, 0.0, 0.0, 0.0, 0.0, 0.0, 0.0, 0.0, 0.0, 0.0, 0.0, 0.0, 0.0, 0.0, 0.0, 0.0, 0.0, 0.0, 0.0, 0.0, 0.0, 0.0, 0.0, 0.0, 0.0, 0.0, 0.0]"
hMpxV/Brazil/RJ-FIOCRUZ-10511/2024|EPI_ISL_19416161|2024-06-14,"[0.0, 0.0, 1.0, 0.0, 0.0, 0.0, 0.0, 0.0, 0.0, 0.0, 0.0, 0.0, 0.0, 0.0, 0.0, 0.0, 0.0, 0.0, 0.0, 0.0, 0.0, 0.0, 0.0, 0.0, 0.0, 0.0, 0.0, 0.0, 0.0, 0.0, 0.0]"
NODE_0000239,"[8.648596884071504e-10, 2.1925922236142577e-10, 0.999999960350859, 2.1836546344870913e-10, 2.255417986143299e-09, 2.1935201329275534e-10, 2.7678718411409593e-10, 2.178766030866567e-10, 2.1907215956771273e-10, 2.196976055373413e-10, 2.1602235385183814e-10, 2.1785719844613744e-10, 2.0117329150762175e-10, 2.223837791277027e-10, 1.4125240221462362e-10, 6.694143711987869e-10, 2.2215063106240963e-10, 2.178571984467818e-10, 2.1785719844672963e-10, 2.0570403312647896e-10, 1.1829222582457226e-08, 2.1133294052551118e-10, 1.004168051769271e-08, 2.178940821185095e-10, 3.9481926865324723e-10, 2.1252847420460064e-10, 1.7944730710044236e-10, 2.1508512949167357e-10, 2.022607636779266e-10, 8.684797440830879e-09, 2.177120500513187e-10]"
hMpxV/Brazil/RJ-FIOCRUZ-10513/2024|EPI_ISL_19416163|2024-06-20,"[0.0, 0.0, 1.0, 0.0, 0.0, 0.0, 0.0, 0.0, 0.0, 0.0, 0.0, 0.0, 0.0, 0.0, 0.0, 0.0, 0.0, 0.0, 0.0, 0.0, 0.0, 0.0, 0.0, 0.0, 0.0, 0.0, 0.0, 0.0, 0.0, 0.0, 0.0]"
hMpxV/Brazil/RJ-FIOCRUZ-10523/2024|EPI_ISL_19416168|2024-08-08,"[0.0, 0.0, 1.0, 0.0, 0.0, 0.0, 0.0, 0.0, 0.0, 0.0, 0.0, 0.0, 0.0, 0.0, 0.0, 0.0, 0.0, 0.0, 0.0, 0.0, 0.0, 0.0, 0.0, 0.0, 0.0, 0.0, 0.0, 0.0, 0.0, 0.0, 0.0]"
NODE_0000240,"[1.4062285300176384e-07, 4.617489624399403e-08, 0.9999955653801179, 4.651578411628916e-08, 2.971267773279884e-07, 4.635997379079884e-08, 5.590838185346354e-08, 4.592301584308516e-08, 4.632788592525692e-08, 4.64011418980222e-08, 4.5508857541795167e-08, 4.6144800873542395e-08, 4.288292178742448e-08, 4.6531886565998916e-08, 3.103789442802944e-08, 1.077401043420886e-07, 4.639777688354375e-08, 4.614480087356142e-08, 4.6144800873558535e-08, 4.3937389632010206e-08, 9.333493256538545e-07, 4.589310305892195e-08, 9.75713620625883e-07, 4.592552573087498e-08, 7.173050488565477e-08, 4.468130636060972e-08, 3.97041485964378e-08, 4.504774686357208e-08, 4.329023408917372e-08, 8.696565527929209e-07, 4.579587001737143e-08]"
hMpxV/Brazil/SP-IAL-357942002/2024|EPI_ISL_19446307|2024-09-12,"[0.0, 0.0, 1.0, 0.0, 0.0, 0.0, 0.0, 0.0, 0.0, 0.0, 0.0, 0.0, 0.0, 0.0, 0.0, 0.0, 0.0, 0.0, 0.0, 0.0, 0.0, 0.0, 0.0, 0.0, 0.0, 0.0, 0.0, 0.0, 0.0, 0.0, 0.0]"
NODE_0000241,"[5.521971139997647e-09, 1.6160313155175572e-09, 0.9999997955838014, 1.633082877680315e-09, 1.2799969385371264e-08, 1.6248411719033496e-09, 2.0117031660598925e-09, 1.6180403291977038e-09, 1.6280889531956408e-09, 1.6234013254565441e-09, 1.6063294146782645e-09, 1.6245862077695715e-09, 1.5031499250127852e-09, 1.6043942113487548e-09, 1.0584095366861557e-09, 4.153117546336872e-09, 1.5752536275764718e-09, 1.6245862077706502e-09, 1.6245862077704173e-09, 1.525706081188714e-09, 5.303527852573159e-08, 1.595811171214406e-09, 5.002934205054282e-08, 1.6182015302626392e-09, 2.5722511240206194e-09, 1.5698846999131953e-09, 1.3685958482971655e-09, 1.5869419906849236e-09, 1.5165175051319459e-09, 3.9932235399910375e-08, 1.613890213036089e-09]"
hMpxV/Brazil/RJ-UG_UFRJ_0563/2024|EPI_ISL_19434510|2024-08-21,"[0.0, 0.0, 1.0, 0.0, 0.0, 0.0, 0.0, 0.0, 0.0, 0.0, 0.0, 0.0, 0.0, 0.0, 0.0, 0.0, 0.0, 0.0, 0.0, 0.0, 0.0, 0.0, 0.0, 0.0, 0.0, 0.0, 0.0, 0.0, 0.0, 0.0, 0.0]"
hMpxV/Brazil/BA-LACEN-293858477/2024|EPI_ISL_19361754|2024-08-12,"[0.0, 0.0, 0.9999999999999999, 0.0, 0.0, 0.0, 0.0, 0.0, 0.0, 0.0, 0.0, 0.0, 0.0, 0.0, 0.0, 0.0, 0.0, 0.0, 0.0, 0.0, 0.0, 0.0, 0.0, 0.0, 0.0, 0.0, 0.0, 0.0, 0.0, 0.0, 0.0]"
NODE_0000209,"[5.235087313389494e-47, 2.9273407155563426e-50, 1.0, 2.555750124891542e-50, 1.7858363788227423e-44, 2.821280121793664e-50, 1.181277073685557e-49, 3.207142127855323e-50, 2.914172218932116e-50, 2.781716242168598e-50, 3.319426248655301e-50, 2.9358317488975383e-50, 2.2505781036781645e-50, 2.550071091358659e-50, 5.985688472729e-51, 3.4244058450937563e-47, 2.003622889148512e-50, 2.9358317489103654e-50, 2.935831748908725e-50, 1.9045656033111219e-50, 1.774868090589944e-38, 1.527923872030046e-50, 1.5034047844861167e-40, 3.211168372657193e-50, 8.857501067653032e-49, 3.098554290270601e-50, 8.163574444458363e-51, 3.4898492585774e-50, 2.1022461640967914e-50, 9.787920537986045e-42, 3.3152350110809256e-50]"
hMpxV/Brazil/RJ-UG_UFRJ_0555/2024|EPI_ISL_19434499|2024-08-26,"[0.0, 0.0, 1.0, 0.0, 0.0, 0.0, 0.0, 0.0, 0.0, 0.0, 0.0, 0.0, 0.0, 0.0, 0.0, 0.0, 0.0, 0.0, 0.0, 0.0, 0.0, 0.0, 0.0, 0.0, 0.0, 0.0, 0.0, 0.0, 0.0, 0.0, 0.0]"
hMpxV/Brazil/RJ-UG_UFRJ_0557/2024|EPI_ISL_19434501|2024-08-22,"[0.0, 0.0, 1.0, 0.0, 0.0, 0.0, 0.0, 0.0, 0.0, 0.0, 0.0, 0.0, 0.0, 0.0, 0.0, 0.0, 0.0, 0.0, 0.0, 0.0, 0.0, 0.0, 0.0, 0.0, 0.0, 0.0, 0.0, 0.0, 0.0, 0.0, 0.0]"
hMpxV/Brazil/RJ-UG_UFRJ_0561/2024|EPI_ISL_19434511|2024-07-30,"[0.0, 0.0, 1.0, 0.0, 0.0, 0.0, 0.0, 0.0, 0.0, 0.0, 0.0, 0.0, 0.0, 0.0, 0.0, 0.0, 0.0, 0.0, 0.0, 0.0, 0.0, 0.0, 0.0, 0.0, 0.0, 0.0, 0.0, 0.0, 0.0, 0.0, 0.0]"
hMpxV/Brazil/RJ-UG_UFRJ_0556/2024|EPI_ISL_19434505|2024-08-29,"[0.0, 0.0, 1.0, 0.0, 0.0, 0.0, 0.0, 0.0, 0.0, 0.0, 0.0, 0.0, 0.0, 0.0, 0.0, 0.0, 0.0, 0.0, 0.0, 0.0, 0.0, 0.0, 0.0, 0.0, 0.0, 0.0, 0.0, 0.0, 0.0, 0.0, 0.0]"
hMpxV/Brazil/RJ-UG_UFRJ_0566/2024|EPI_ISL_19434507|2024-08-27,"[0.0, 0.0, 0.9999999999999999, 0.0, 0.0, 0.0, 0.0, 0.0, 0.0, 0.0, 0.0, 0.0, 0.0, 0.0, 0.0, 0.0, 0.0, 0.0, 0.0, 0.0, 0.0, 0.0, 0.0, 0.0, 0.0, 0.0, 0.0, 0.0, 0.0, 0.0, 0.0]"
hMpxV/Brazil/RJ-UG_UFRJ_0570/2024|EPI_ISL_19434514|2024-09-02,"[0.0, 0.0, 1.0, 0.0, 0.0, 0.0, 0.0, 0.0, 0.0, 0.0, 0.0, 0.0, 0.0, 0.0, 0.0, 0.0, 0.0, 0.0, 0.0, 0.0, 0.0, 0.0, 0.0, 0.0, 0.0, 0.0, 0.0, 0.0, 0.0, 0.0, 0.0]"
hMpxV/Brazil/RJ-FIOCRUZ-10517/2024|EPI_ISL_19416164|2024-07-23,"[0.0, 0.0, 1.0, 0.0, 0.0, 0.0, 0.0, 0.0, 0.0, 0.0, 0.0, 0.0, 0.0, 0.0, 0.0, 0.0, 0.0, 0.0, 0.0, 0.0, 0.0, 0.0, 0.0, 0.0, 0.0, 0.0, 0.0, 0.0, 0.0, 0.0, 0.0]"
hMpxV/Brazil/RJ-FIOCRUZ-10522/2024|EPI_ISL_19416167|2024-08-08,"[0.0, 0.0, 1.0, 0.0, 0.0, 0.0, 0.0, 0.0, 0.0, 0.0, 0.0, 0.0, 0.0, 0.0, 0.0, 0.0, 0.0, 0.0, 0.0, 0.0, 0.0, 0.0, 0.0, 0.0, 0.0, 0.0, 0.0, 0.0, 0.0, 0.0, 0.0]"
hMpxV/Brazil/RJ-FIOCRUZ-10524/2024|EPI_ISL_19416169|2024-08-10,"[0.0, 0.0, 0.9999999999999999, 0.0, 0.0, 0.0, 0.0, 0.0, 0.0, 0.0, 0.0, 0.0, 0.0, 0.0, 0.0, 0.0, 0.0, 0.0, 0.0, 0.0, 0.0, 0.0, 0.0, 0.0, 0.0, 0.0, 0.0, 0.0, 0.0, 0.0, 0.0]"
hMpxV/Brazil/RJ-FIOCRUZ-10526/2024|EPI_ISL_19416171|2024-08-15,"[0.0, 0.0, 1.0, 0.0, 0.0, 0.0, 0.0, 0.0, 0.0, 0.0, 0.0, 0.0, 0.0, 0.0, 0.0, 0.0, 0.0, 0.0, 0.0, 0.0, 0.0, 0.0, 0.0, 0.0, 0.0, 0.0, 0.0, 0.0, 0.0, 0.0, 0.0]"
hMpxV/Brazil/RJ-FIOCRUZ-10528/2024|EPI_ISL_19416173|2024-08-19,"[0.0, 0.0, 1.0, 0.0, 0.0, 0.0, 0.0, 0.0, 0.0, 0.0, 0.0, 0.0, 0.0, 0.0, 0.0, 0.0, 0.0, 0.0, 0.0, 0.0, 0.0, 0.0, 0.0, 0.0, 0.0, 0.0, 0.0, 0.0, 0.0, 0.0, 0.0]"
hMpxV/Brazil/RJ-FIOCRUZ-10529/2024|EPI_ISL_19416174|2024-08-19,"[0.0, 0.0, 1.0, 0.0, 0.0, 0.0, 0.0, 0.0, 0.0, 0.0, 0.0, 0.0, 0.0, 0.0, 0.0, 0.0, 0.0, 0.0, 0.0, 0.0, 0.0, 0.0, 0.0, 0.0, 0.0, 0.0, 0.0, 0.0, 0.0, 0.0, 0.0]"
hMpxV/Brazil/RJ-FIOCRUZ-10536/2024|EPI_ISL_19416178|2024-08-23,"[0.0, 0.0, 1.0, 0.0, 0.0, 0.0, 0.0, 0.0, 0.0, 0.0, 0.0, 0.0, 0.0, 0.0, 0.0, 0.0, 0.0, 0.0, 0.0, 0.0, 0.0, 0.0, 0.0, 0.0, 0.0, 0.0, 0.0, 0.0, 0.0, 0.0, 0.0]"
hMpxV/Brazil/RJ-FIOCRUZ-10534/2024|EPI_ISL_19416176|2024-08-20,"[0.0, 0.0, 1.0, 0.0, 0.0, 0.0, 0.0, 0.0, 0.0, 0.0, 0.0, 0.0, 0.0, 0.0, 0.0, 0.0, 0.0, 0.0, 0.0, 0.0, 0.0, 0.0, 0.0, 0.0, 0.0, 0.0, 0.0, 0.0, 0.0, 0.0, 0.0]"
hMpxV/Brazil/RJ-FIOCRUZ-10541/2024|EPI_ISL_19416181|2024-08-29,"[0.0, 0.0, 1.0, 0.0, 0.0, 0.0, 0.0, 0.0, 0.0, 0.0, 0.0, 0.0, 0.0, 0.0, 0.0, 0.0, 0.0, 0.0, 0.0, 0.0, 0.0, 0.0, 0.0, 0.0, 0.0, 0.0, 0.0, 0.0, 0.0, 0.0, 0.0]"
hMpxV/Brazil/RJ-FIOCRUZ-10542/2024|EPI_ISL_19416182|2024-08-31,"[0.0, 0.0, 1.0, 0.0, 0.0, 0.0, 0.0, 0.0, 0.0, 0.0, 0.0, 0.0, 0.0, 0.0, 0.0, 0.0, 0.0, 0.0, 0.0, 0.0, 0.0, 0.0, 0.0, 0.0, 0.0, 0.0, 0.0, 0.0, 0.0, 0.0, 0.0]"
NODE_0000211,"[1.4182756042630869e-09, 4.388120949049658e-10, 0.9999999527276588, 4.437478599328297e-10, 3.1199114827791484e-09, 4.412915021327441e-10, 5.406202561856543e-10, 4.388502761950035e-10, 4.419814959147953e-10, 4.410066059280708e-10, 4.3547316073453665e-10, 4.409128301206918e-10, 4.0862721128785e-10, 4.3664546091111776e-10, 2.902786631548226e-10, 1.068972300458361e-09, 4.299866566192023e-10, 4.4091283012206867e-10, 4.409128301219509e-10, 4.155978153193941e-10, 1.0904461678585452e-08, 4.3538163948438835e-10, 1.1055938771387078e-08, 4.388886373895139e-10, 6.827535421687382e-10, 4.259127184764498e-10, 3.748136854396345e-10, 4.3012708734243667e-10, 4.1248039723940835e-10, 9.141146882679076e-09, 4.3761911624682213e-10]"
hMpxV/Brazil/RJ-UG_UFRJ_0562/2024|EPI_ISL_19434502|2024-08-26,"[0.0, 0.0, 1.0, 0.0, 0.0, 0.0, 0.0, 0.0, 0.0, 0.0, 0.0, 0.0, 0.0, 0.0, 0.0, 0.0, 0.0, 0.0, 0.0, 0.0, 0.0, 0.0, 0.0, 0.0, 0.0, 0.0, 0.0, 0.0, 0.0, 0.0, 0.0]"
hMpxV/Brazil/SC-FIOCRUZ-10562/2024|EPI_ISL_19416198|2024-08-20,"[0.0, 0.0, 1.0, 0.0, 0.0, 0.0, 0.0, 0.0, 0.0, 0.0, 0.0, 0.0, 0.0, 0.0, 0.0, 0.0, 0.0, 0.0, 0.0, 0.0, 0.0, 0.0, 0.0, 0.0, 0.0, 0.0, 0.0, 0.0, 0.0, 0.0, 0.0]"
NODE_0000212,"[1.6405461615139975e-08, 5.38659942945905e-09, 0.9999994841797877, 5.427817568927539e-09, 3.4628828531069505e-08, 5.408853445107172e-09, 6.524353918393723e-09, 5.358659294239379e-09, 5.4057370715961235e-09, 5.41318914539232e-09, 5.310526815390152e-09, 5.384625443471105e-09, 5.003824220543369e-09, 5.424988817344792e-09, 3.619704501327873e-09, 1.2559629811646887e-08, 5.406450277578353e-09, 5.384625443486965e-09, 5.384625443485721e-09, 5.125191850221972e-09, 1.081889379028223e-07, 5.3547992233007244e-09, 1.134493149405398e-07, 5.358958422180991e-09, 8.356506205144583e-09, 5.213141068999897e-09, 4.632532146697823e-09, 5.25609857127319e-09, 5.0514466558616096e-09, 1.0105100947316855e-07, 5.343775405287991e-09]"
hMpxV/Brazil/RJ-UG_UFRJ_0559/2024|EPI_ISL_19434503|2024-08-26,"[0.0, 0.0, 1.0, 0.0, 0.0, 0.0, 0.0, 0.0, 0.0, 0.0, 0.0, 0.0, 0.0, 0.0, 0.0, 0.0, 0.0, 0.0, 0.0, 0.0, 0.0, 0.0, 0.0, 0.0, 0.0, 0.0, 0.0, 0.0, 0.0, 0.0, 0.0]"
hMpxV/Brazil/SP-IAL-357991445/2024|EPI_ISL_19524879|2024-10-15,"[0.0, 0.0, 0.9999999999999999, 0.0, 0.0, 0.0, 0.0, 0.0, 0.0, 0.0, 0.0, 0.0, 0.0, 0.0, 0.0, 0.0, 0.0, 0.0, 0.0, 0.0, 0.0, 0.0, 0.0, 0.0, 0.0, 0.0, 0.0, 0.0, 0.0, 0.0, 0.0]"
NODE_0000213,"[5.347005645482043e-09, 1.6409548919436146e-09, 0.9999998202580862, 1.6602072727014598e-09, 1.1829169207106451e-08, 1.6505595209391613e-09, 2.0263711824682914e-09, 1.6422698798938608e-09, 1.6536166103345841e-09, 1.649173077340228e-09, 1.6299217113897516e-09, 1.649957062519148e-09, 1.5285729098319603e-09, 1.6301926360820695e-09, 1.0831817969827402e-09, 4.021584682931576e-09, 1.6027374723467992e-09, 1.6499570625203876e-09, 1.649957062520206e-09, 1.5531665152242942e-09, 4.198486093359814e-08, 1.6276837201689938e-09, 4.2372084551257384e-08, 1.6424204902122693e-09, 2.5543467003709903e-09, 1.5933378936570338e-09, 1.4003056849227862e-09, 1.6094634277345203e-09, 1.5429687373780174e-09, 3.4678229783952205e-08, 1.637655659007342e-09]"
hMpxV/Brazil/RJ-UG_UFRJ_0565/2024|EPI_ISL_19434512|2024-08-15,"[0.0, 0.0, 1.0, 0.0, 0.0, 0.0, 0.0, 0.0, 0.0, 0.0, 0.0, 0.0, 0.0, 0.0, 0.0, 0.0, 0.0, 0.0, 0.0, 0.0, 0.0, 0.0, 0.0, 0.0, 0.0, 0.0, 0.0, 0.0, 0.0, 0.0, 0.0]"
hMpxV/Brazil/RJ-FIOCRUZ-10532/2024|EPI_ISL_19416175|2024-08-17,"[0.0, 0.0, 1.0, 0.0, 0.0, 0.0, 0.0, 0.0, 0.0, 0.0, 0.0, 0.0, 0.0, 0.0, 0.0, 0.0, 0.0, 0.0, 0.0, 0.0, 0.0, 0.0, 0.0, 0.0, 0.0, 0.0, 0.0, 0.0, 0.0, 0.0, 0.0]"
NODE_0000210,"[6.81950196201734e-16, 9.719568035918462e-17, 0.9999999999999085, 9.710818631803278e-17, 2.765949919080606e-15, 9.74587386617293e-17, 1.3949623649690507e-16, 9.88231291717908e-17, 9.819901214201719e-17, 9.708144460018145e-17, 9.867915040756825e-17, 9.824694889212016e-17, 8.885881033265696e-17, 9.391971823972434e-17, 5.5359395564155835e-17, 4.965368809326029e-16, 8.889954632281003e-17, 9.824694889269301e-17, 9.824694889259864e-17, 8.779440010668465e-17, 4.484423821485233e-14, 8.956642371721868e-17, 2.562141590909311e-14, 9.884836941764808e-17, 2.1123492263929653e-16, 9.558554399122894e-17, 7.268596707091394e-17, 9.790465835471783e-17, 8.891587023644256e-17, 1.457737222650443e-14, 9.893775371914458e-17]"
hMpxV/Brazil/RJ-UG_UFRJ_0550/2024|EPI_ISL_19434494|2024-07-22,"[0.0, 0.0, 1.0, 0.0, 0.0, 0.0, 0.0, 0.0, 0.0, 0.0, 0.0, 0.0, 0.0, 0.0, 0.0, 0.0, 0.0, 0.0, 0.0, 0.0, 0.0, 0.0, 0.0, 0.0, 0.0, 0.0, 0.0, 0.0, 0.0, 0.0, 0.0]"
hMpxV/Brazil/RJ-FIOCRUZ-10521/2024|EPI_ISL_19416166|2024-08-07,"[0.0, 0.0, 1.0, 0.0, 0.0, 0.0, 0.0, 0.0, 0.0, 0.0, 0.0, 0.0, 0.0, 0.0, 0.0, 0.0, 0.0, 0.0, 0.0, 0.0, 0.0, 0.0, 0.0, 0.0, 0.0, 0.0, 0.0, 0.0, 0.0, 0.0, 0.0]"
hMpxV/Brazil/RJ-FIOCRUZ-10520/2024|EPI_ISL_19416165|2024-08-05,"[0.0, 0.0, 1.0, 0.0, 0.0, 0.0, 0.0, 0.0, 0.0, 0.0, 0.0, 0.0, 0.0, 0.0, 0.0, 0.0, 0.0, 0.0, 0.0, 0.0, 0.0, 0.0, 0.0, 0.0, 0.0, 0.0, 0.0, 0.0, 0.0, 0.0, 0.0]"
hMpxV/Brazil/PR-FIOCRUZ-10551/2024|EPI_ISL_19416188|2024-08-05,"[0.0, 0.0, 1.0, 0.0, 0.0, 0.0, 0.0, 0.0, 0.0, 0.0, 0.0, 0.0, 0.0, 0.0, 0.0, 0.0, 0.0, 0.0, 0.0, 0.0, 0.0, 0.0, 0.0, 0.0, 0.0, 0.0, 0.0, 0.0, 0.0, 0.0, 0.0]"
NODE_0000214,"[4.67965040187052e-11, 1.1727596952184335e-11, 0.9999999978262378, 1.1708896835817451e-11, 1.2256278467052418e-10, 1.1746804322550102e-11, 1.4876394962713798e-11, 1.1686641432517467e-11, 1.1746167192443114e-11, 1.1754236553731647e-11, 1.1591545441909313e-11, 1.168556728719228e-11, 1.078562718806434e-11, 1.1821982448264504e-11, 7.524621344065902e-12, 3.59282462656487e-11, 1.174508960324806e-11, 1.1685567287235975e-11, 1.1685567287230872e-11, 1.0989709222802507e-11, 6.593560479512409e-10, 1.1318603117792622e-11, 5.544173009760731e-10, 1.1687741824519972e-11, 2.0911530858927598e-11, 1.1386635565170627e-11, 9.604420805633743e-12, 1.1529570699456171e-11, 1.0844723146938276e-11, 4.709783695705284e-10, 1.167757228023286e-11]"
hMpxV/Brazil/SP-IAL-357711946/2024|EPI_ISL_19359688|2024-04-29,"[0.0, 0.0, 1.0, 0.0, 0.0, 0.0, 0.0, 0.0, 0.0, 0.0, 0.0, 0.0, 0.0, 0.0, 0.0, 0.0, 0.0, 0.0, 0.0, 0.0, 0.0, 0.0, 0.0, 0.0, 0.0, 0.0, 0.0, 0.0, 0.0, 0.0, 0.0]"
NODE_0000229,"[7.301498484813077e-07, 2.612505370453452e-07, 0.9999788824244207, 2.628229627373929e-07, 1.4400998284689579e-06, 2.622145731354032e-07, 3.0979541789466847e-07, 2.588276437972809e-07, 2.6166413144322654e-07, 2.626431012816085e-07, 2.5610226831905115e-07, 2.601626768329646e-07, 2.4270000433573033e-07, 2.6571577440644087e-07, 1.7914606137924637e-07, 5.661767786217158e-07, 2.67698250171817e-07, 2.6016267683301756e-07, 2.6016267683300443e-07, 2.5006933045016426e-07, 3.794298118066144e-06, 2.612590029886304e-07, 4.191961013604718e-06, 2.5883431991508817e-07, 3.956543885525312e-07, 2.523144785146499e-07, 2.27701285263366e-07, 2.5389832013402725e-07, 2.4509065690810284e-07, 4.120895094864741e-06, 2.5810435823140775e-07]"
hMpxV/Brazil/SP-IAL-357897281/2024|EPI_ISL_19359695|2024-08-14,"[0.0, 0.0, 1.0, 0.0, 0.0, 0.0, 0.0, 0.0, 0.0, 0.0, 0.0, 0.0, 0.0, 0.0, 0.0, 0.0, 0.0, 0.0, 0.0, 0.0, 0.0, 0.0, 0.0, 0.0, 0.0, 0.0, 0.0, 0.0, 0.0, 0.0, 0.0]"
NODE_0000230,"[1.8852187643547435e-08, 5.687459753431128e-09, 0.9999993392410125, 5.742482541690822e-09, 4.252946522132694e-08, 5.7162657640662535e-09, 7.0297387944239815e-09, 5.6846454437656485e-09, 5.723769660895744e-09, 5.713708630651448e-09, 5.6408317474393615e-09, 5.708587725571166e-09, 5.287917789093959e-09, 5.6683704172940715e-09, 3.749401598900221e-09, 1.4251790890864222e-08, 5.587938088298357e-09, 5.7085877255738025e-09, 5.708587725573167e-09, 5.380143965768453e-09, 1.6077466977948543e-07, 5.624993412228734e-09, 1.571669620067642e-07, 5.685148907638454e-09, 8.996737366178145e-09, 5.519689015506079e-09, 4.834780112309811e-09, 5.575952320961209e-09, 5.335652459587049e-09, 1.302026636928304e-07, 5.6698573079968576e-09]"
hMpxV/Brazil/SP-IAL-357913268/2024|EPI_ISL_19372777|2024-08-25,"[0.0, 0.0, 1.0, 0.0, 0.0, 0.0, 0.0, 0.0, 0.0, 0.0, 0.0, 0.0, 0.0, 0.0, 0.0, 0.0, 0.0, 0.0, 0.0, 0.0, 0.0, 0.0, 0.0, 0.0, 0.0, 0.0, 0.0, 0.0, 0.0, 0.0, 0.0]"
NODE_0000231,"[6.108549955892637e-09, 1.8635942102119854e-09, 0.9999997919065271, 1.8854106705908596e-09, 1.3595721250576637e-08, 1.8744852343497374e-09, 2.3039215402504693e-09, 1.865379529362744e-09, 1.878072883652119e-09, 1.872840833267974e-09, 1.8514651161059383e-09, 1.874005045374839e-09, 1.735822007145571e-09, 1.8507188633667445e-09, 1.2288137242741165e-09, 4.592639205767841e-09, 1.8187875618393637e-09, 1.874005045376022e-09, 1.8740050453758555e-09, 1.76329661664819e-09, 4.943138323771155e-08, 1.847688208645408e-09, 4.9344461955846955e-08, 1.8655534776511783e-09, 2.906979535387207e-09, 1.8096992278332169e-09, 1.5889522169789012e-09, 1.8282096700689511e-09, 1.7520901808619655e-09, 4.014674607911474e-08, 1.8601748723301212e-09]"
NODE_0000238,"[3.940719203369204e-08, 1.22570742893491e-08, 0.9999986925659, 1.2388183290198974e-08, 8.641664958603884e-08, 1.23231573622153e-08, 1.5074911909167594e-08, 1.2249452152379137e-08, 1.2338726919909759e-08, 1.2317844167055211e-08, 1.2153655352802893e-08, 1.230724297262102e-08, 1.1408639087079118e-08, 1.2215640227095751e-08, 8.120659992505116e-09, 2.976091528596137e-08, 1.2047237988746324e-08, 1.2307242972624779e-08, 1.2307242972623932e-08, 1.1613850282011934e-08, 2.9928179920558377e-07, 1.2160784050164886e-08, 3.042477175660312e-07, 1.2250477428676713e-08, 1.909123365184248e-08, 1.1891904217327193e-08, 1.0473240232730054e-08, 1.2007501934126712e-08, 1.1516241563108648e-08, 2.532825892864892e-07, 1.2215091923968342e-08]"
hMpxV/Brazil/SP-IAL-357929242/2024|EPI_ISL_19446298|2024-09-05,"[0.0, 0.0, 0.9999999999999999, 0.0, 0.0, 0.0, 0.0, 0.0, 0.0, 0.0, 0.0, 0.0, 0.0, 0.0, 0.0, 0.0, 0.0, 0.0, 0.0, 0.0, 0.0, 0.0, 0.0, 0.0, 0.0, 0.0, 0.0, 0.0, 0.0, 0.0, 0.0]"
hMpxV/Brazil/SP-IAL-357939968/2024|EPI_ISL_19446306|2024-09-11,"[0.0, 0.0, 1.0, 0.0, 0.0, 0.0, 0.0, 0.0, 0.0, 0.0, 0.0, 0.0, 0.0, 0.0, 0.0, 0.0, 0.0, 0.0, 0.0, 0.0, 0.0, 0.0, 0.0, 0.0, 0.0, 0.0, 0.0, 0.0, 0.0, 0.0, 0.0]"
NODE_0000232,"[6.34461707350405e-11, 1.3990181889726636e-11, 0.9999999963882013, 1.4018682903656188e-11, 1.8338202843352264e-10, 1.4030247567955218e-11, 1.8339181641771303e-11, 1.404378767782032e-11, 1.406870291898301e-11, 1.401586275787745e-11, 1.3963935106075851e-11, 1.4036960838103932e-11, 1.2880651849681065e-11, 1.3860862601933974e-11, 8.701224057003168e-12, 4.7634566980042576e-11, 1.3519522742192746e-11, 1.4036960838116839e-11, 1.4036960838114608e-11, 1.2989897271704404e-11, 1.2687044077243765e-09, 1.3397190330080929e-11, 9.88206322744028e-10, 1.4045818306499388e-11, 2.5684730624540946e-11, 1.3634743575452028e-11, 1.1243887337324932e-11, 1.3848146977360909e-11, 1.2946057690071812e-11, 7.210582982744193e-10, 1.4032723785443393e-11]"
hMpxV/Brazil/SP-IAL-357977766/2024|EPI_ISL_19524881|2024-10-03,"[0.0, 0.0, 1.0, 0.0, 0.0, 0.0, 0.0, 0.0, 0.0, 0.0, 0.0, 0.0, 0.0, 0.0, 0.0, 0.0, 0.0, 0.0, 0.0, 0.0, 0.0, 0.0, 0.0, 0.0, 0.0, 0.0, 0.0, 0.0, 0.0, 0.0, 0.0]"
hMpxV/Brazil/SP-IAL-357934958/2024|EPI_ISL_19446302|2024-09-09,"[0.0, 0.0, 1.0, 0.0, 0.0, 0.0, 0.0, 0.0, 0.0, 0.0, 0.0, 0.0, 0.0, 0.0, 0.0, 0.0, 0.0, 0.0, 0.0, 0.0, 0.0, 0.0, 0.0, 0.0, 0.0, 0.0, 0.0, 0.0, 0.0, 0.0, 0.0]"
NODE_0000233,"[4.3277265441114365e-10, 1.302684643740111e-10, 0.9999999851256692, 1.3196215600631936e-10, 9.705038804797524e-10, 1.311036328268964e-10, 1.617619166976592e-10, 1.306109452884361e-10, 1.3144468372030834e-10, 1.3092611552042411e-10, 1.2968245299652266e-10, 1.3121425527709246e-10, 1.2145846118163911e-10, 1.2888347823378293e-10, 8.555237461714271e-11, 3.2377392479597613e-10, 1.2620289691017912e-10, 1.3121425527735403e-10, 1.31214255277311e-10, 1.2311481880596152e-10, 3.5857235169524307e-09, 1.2914851410671322e-10, 3.571439847965201e-09, 1.306243082022403e-10, 2.0284131670696964e-10, 1.2661742812262227e-10, 1.1093623063048035e-10, 1.2796799336361722e-10, 1.2259833743807484e-10, 2.8525241397277883e-09, 1.3024372213431117e-10]"
hMpxV/Brazil/SP-IAL-357912456/2024|EPI_ISL_19372779|2024-08-26,"[0.0, 0.0, 1.0, 0.0, 0.0, 0.0, 0.0, 0.0, 0.0, 0.0, 0.0, 0.0, 0.0, 0.0, 0.0, 0.0, 0.0, 0.0, 0.0, 0.0, 0.0, 0.0, 0.0, 0.0, 0.0, 0.0, 0.0, 0.0, 0.0, 0.0, 0.0]"
NODE_0000234,"[2.0032778801998025e-10, 5.97430390789102e-11, 0.999999993007096, 6.053992501387291e-11, 4.5276338811343253e-10, 6.013543938564928e-11, 7.435460430609082e-11, 5.993682582524356e-11, 6.030692210331151e-11, 6.004387100038796e-11, 5.951953201957198e-11, 6.02101105875424e-11, 5.571436251365547e-11, 5.902785924822474e-11, 3.915401432185124e-11, 1.496100724126644e-10, 5.772107449788548e-11, 6.021011058767211e-11, 6.021011058765132e-11, 5.642682906019437e-11, 1.7190685215474344e-09, 5.920416727338168e-11, 1.6937205084805205e-09, 5.994318970305717e-11, 9.315873643235194e-11, 5.8089386420190313e-11, 5.082118367348331e-11, 5.872173461321481e-11, 5.623484906240509e-11, 1.3382166058673814e-09, 5.976920431895646e-11]"
NODE_0000235,"[1.1420894619108654e-09, 3.4504171064961585e-10, 0.9999999609563885, 3.4945729304962537e-10, 2.5539311953793448e-09, 3.472217652318079e-10, 4.280356983232125e-10, 3.4584128829143143e-10, 3.4808054034327435e-10, 3.467821699724273e-10, 3.4335898697787634e-10, 3.474447825555765e-10, 3.2165947179346826e-10, 3.4160970783904196e-10, 2.2680654827981185e-10, 8.552072491176519e-10, 3.347332441060368e-10, 3.474447825559805e-10, 3.4744478255592955e-10, 3.261811845709746e-10, 9.344277733007693e-09, 3.421149331480576e-10, 9.342106105361574e-09, 3.4587603962307534e-10, 5.371523484350274e-10, 3.3531164818027675e-10, 2.939514059597935e-10, 3.3885583595101556e-10, 3.2468167906479994e-10, 7.496043673778327e-09, 3.448680105206143e-10]"
hMpxV/Brazil/SP-IAL-357905818/2024|EPI_ISL_19372772|2024-08-20,"[0.0, 0.0, 0.9999999999999999, 0.0, 0.0, 0.0, 0.0, 0.0, 0.0, 0.0, 0.0, 0.0, 0.0, 0.0, 0.0, 0.0, 0.0, 0.0, 0.0, 0.0, 0.0, 0.0, 0.0, 0.0, 0.0, 0.0, 0.0, 0.0, 0.0, 0.0, 0.0]"
hMpxV/Brazil/SP-IAL-357920310/2024|EPI_ISL_19446291|2024-08-29,"[0.0, 0.0, 0.9999999999999999, 0.0, 0.0, 0.0, 0.0, 0.0, 0.0, 0.0, 0.0, 0.0, 0.0, 0.0, 0.0, 0.0, 0.0, 0.0, 0.0, 0.0, 0.0, 0.0, 0.0, 0.0, 0.0, 0.0, 0.0, 0.0, 0.0, 0.0, 0.0]"
NODE_0000236,"[6.6317781913206005e-09, 2.022399244701974e-09, 0.9999997752377041, 2.0466680997078544e-09, 1.4742901302885797e-08, 2.034460612682048e-09, 2.501562058595671e-09, 2.0249352534017393e-09, 2.0386007814038518e-09, 2.032503939154226e-09, 2.009951557419008e-09, 2.03435890821408e-09, 1.884192947164821e-09, 2.0070508112251386e-09, 1.3328984784444284e-09, 4.98138555625462e-09, 1.9711733370905795e-09, 2.0343589082153805e-09, 2.0343589082151323e-09, 1.913321388215131e-09, 5.309033587941372e-08, 2.005458083471838e-09, 5.330821325614755e-08, 2.0251269103526892e-09, 3.1508392648450337e-09, 1.9642051041571735e-09, 1.7244414347626471e-09, 1.984401140396237e-09, 1.9019010800234205e-09, 4.3309261477004237e-08, 2.0192519637269728e-09]"
hMpxV/Brazil/SP-IAL-357914012/2024|EPI_ISL_19372780|2024-08-26,"[0.0, 0.0, 1.0, 0.0, 0.0, 0.0, 0.0, 0.0, 0.0, 0.0, 0.0, 0.0, 0.0, 0.0, 0.0, 0.0, 0.0, 0.0, 0.0, 0.0, 0.0, 0.0, 0.0, 0.0, 0.0, 0.0, 0.0, 0.0, 0.0, 0.0, 0.0]"
NODE_0000237,"[5.832628203373146e-08, 1.8637342076984436e-08, 0.9999981170440174, 1.8808554320086948e-08, 1.2549819746601448e-07, 1.872621261267478e-08, 2.2748040345926336e-08, 1.8583486113201524e-08, 1.8732788055229313e-08, 1.8729563270217965e-08, 1.8427389150384958e-08, 1.8672319909288075e-08, 1.7330338357573588e-08, 1.867130989849225e-08, 1.2435200892953758e-08, 4.4348124141958964e-08, 1.8509831284735152e-08, 1.8672319909295208e-08, 1.8672319909294143e-08, 1.7695896249525303e-08, 4.129969943653768e-07, 1.8509190698099086e-08, 4.263237896022531e-07, 1.8584784174093922e-08, 2.8969712082102505e-08, 1.8059822371904943e-08, 1.5976539041782686e-08, 1.8222070889295446e-08, 1.7494524461159223e-08, 3.6706141455840917e-07, 1.8531624302926808e-08]"
hMpxV/Brazil/SP-IAL-357999368/2024|EPI_ISL_19524887|2024-10-21,"[0.0, 0.0, 1.0, 0.0, 0.0, 0.0, 0.0, 0.0, 0.0, 0.0, 0.0, 0.0, 0.0, 0.0, 0.0, 0.0, 0.0, 0.0, 0.0, 0.0, 0.0, 0.0, 0.0, 0.0, 0.0, 0.0, 0.0, 0.0, 0.0, 0.0, 0.0]"
hMpxV/Brazil/SP-IAL-357937870/2024|EPI_ISL_19446304|2024-09-10,"[0.0, 0.0, 1.0, 0.0, 0.0, 0.0, 0.0, 0.0, 0.0, 0.0, 0.0, 0.0, 0.0, 0.0, 0.0, 0.0, 0.0, 0.0, 0.0, 0.0, 0.0, 0.0, 0.0, 0.0, 0.0, 0.0, 0.0, 0.0, 0.0, 0.0, 0.0]"
NODE_0000215,"[1.552991417602586e-10, 4.850089973173841e-11, 0.9999999948501004, 4.902184843809978e-11, 3.396489414335303e-10, 4.87661117178139e-11, 5.95881739016794e-11, 4.846817823925849e-11, 4.882788991853425e-11, 4.87438748889912e-11, 4.80841152917752e-11, 4.869584167255272e-11, 4.515216437710923e-11, 4.8348833415126036e-11, 3.216751884719085e-11, 1.1733410288718047e-10, 4.76989586152615e-11, 4.8695841672815715e-11, 4.869584167276249e-11, 4.596980244313521e-11, 1.1780296350484627e-09, 4.81418425839249e-11, 1.1932306574103656e-09, 4.8472178079331634e-11, 7.538929959269116e-11, 4.705700251160347e-11, 4.1480684360015274e-11, 4.751018537299903e-11, 4.557801488491523e-11, 9.989690910181975e-10, 4.8333060303694546e-11]"
hMpxV/Brazil/SP-IAL-357536254/2024|EPI_ISL_19359685|2024-02-29,"[0.0, 0.0, 0.9999999999999999, 0.0, 0.0, 0.0, 0.0, 0.0, 0.0, 0.0, 0.0, 0.0, 0.0, 0.0, 0.0, 0.0, 0.0, 0.0, 0.0, 0.0, 0.0, 0.0, 0.0, 0.0, 0.0, 0.0, 0.0, 0.0, 0.0, 0.0, 0.0]"
NODE_0000216,"[1.1935828268068144e-12, 2.074635502262016e-13, 0.9999999998907, 2.0525857902970829e-13, 4.196328820726054e-12, 2.0720151209387563e-13, 2.8186076315316144e-13, 2.07689630111674e-13, 2.0748971359693322e-13, 2.072396722216125e-13, 2.065208592449476e-13, 2.0658297510718728e-13, 1.8853877816803904e-13, 2.077634130942995e-13, 1.2434461919056467e-13, 9.103388849333562e-13, 2.0387799296181768e-13, 2.0658297510785714e-13, 2.065829751077943e-13, 1.902297946781219e-13, 4.64771872978934e-11, 1.927839572472435e-13, 2.979515850886169e-11, 2.0772262553419507e-13, 4.4117561746292564e-13, 2.0232782027668366e-13, 1.5906950022159884e-13, 2.0615628672615278e-13, 1.887330440237825e-13, 2.1656055177239382e-11, 2.079470468675598e-13]"
hMpxV/Brazil/SP-IAL-357827872/2024|EPI_ISL_19359680|2024-06-21,"[0.0, 0.0, 1.0, 0.0, 0.0, 0.0, 0.0, 0.0, 0.0, 0.0, 0.0, 0.0, 0.0, 0.0, 0.0, 0.0, 0.0, 0.0, 0.0, 0.0, 0.0, 0.0, 0.0, 0.0, 0.0, 0.0, 0.0, 0.0, 0.0, 0.0, 0.0]"
hMpxV/Brazil/SP-IAL-357683862/2024|EPI_ISL_19359686|2024-04-18,"[0.0, 0.0, 1.0, 0.0, 0.0, 0.0, 0.0, 0.0, 0.0, 0.0, 0.0, 0.0, 0.0, 0.0, 0.0, 0.0, 0.0, 0.0, 0.0, 0.0, 0.0, 0.0, 0.0, 0.0, 0.0, 0.0, 0.0, 0.0, 0.0, 0.0, 0.0]"
hMpxV/Brazil/SP-IAL-357670600/2024|EPI_ISL_19359697|2024-04-14,"[0.0, 0.0, 1.0, 0.0, 0.0, 0.0, 0.0, 0.0, 0.0, 0.0, 0.0, 0.0, 0.0, 0.0, 0.0, 0.0, 0.0, 0.0, 0.0, 0.0, 0.0, 0.0, 0.0, 0.0, 0.0, 0.0, 0.0, 0.0, 0.0, 0.0, 0.0]"
NODE_0000217,"[1.2497040147357589e-11, 2.0938724551520165e-12, 0.9999999987729017, 2.0747693381950434e-12, 4.5147356559873436e-11, 2.0924383835127667e-12, 2.8729747723687473e-12, 2.101536977548546e-12, 2.097451416793715e-12, 2.0914776314033434e-12, 2.0912959221414135e-12, 2.0901567994202246e-12, 1.9043760238141984e-12, 2.0844014502484134e-12, 1.2434242821980356e-12, 9.457183036667307e-12, 2.0329400461068313e-12, 2.090156799421113e-12, 2.0901567994209015e-12, 1.914716770387708e-12, 5.375469284130184e-10, 1.9422071119138597e-12, 3.370385493082355e-10, 2.101905962789727e-12, 4.478078377745353e-12, 2.044805247606329e-12, 1.5975709309513213e-12, 2.0854392399041815e-12, 1.9061888929445037e-12, 2.341847099153135e-10, 2.1041054473494793e-12]"
hMpxV/Brazil/SP-IAL-357889812/2024|EPI_ISL_19359693|2024-08-07,"[0.0, 0.0, 1.0, 0.0, 0.0, 0.0, 0.0, 0.0, 0.0, 0.0, 0.0, 0.0, 0.0, 0.0, 0.0, 0.0, 0.0, 0.0, 0.0, 0.0, 0.0, 0.0, 0.0, 0.0, 0.0, 0.0, 0.0, 0.0, 0.0, 0.0, 0.0]"
hMpxV/Brazil/SP-IAL-357895451/2024|EPI_ISL_19359694|2024-08-12,"[0.0, 0.0, 0.9999999999999999, 0.0, 0.0, 0.0, 0.0, 0.0, 0.0, 0.0, 0.0, 0.0, 0.0, 0.0, 0.0, 0.0, 0.0, 0.0, 0.0, 0.0, 0.0, 0.0, 0.0, 0.0, 0.0, 0.0, 0.0, 0.0, 0.0, 0.0, 0.0]"
hMpxV/Brazil/SP-IAL-357945993/2024|EPI_ISL_19446309|2024-09-16,"[0.0, 0.0, 1.0, 0.0, 0.0, 0.0, 0.0, 0.0, 0.0, 0.0, 0.0, 0.0, 0.0, 0.0, 0.0, 0.0, 0.0, 0.0, 0.0, 0.0, 0.0, 0.0, 0.0, 0.0, 0.0, 0.0, 0.0, 0.0, 0.0, 0.0, 0.0]"
NODE_0000218,"[2.9060176593305e-09, 8.875613516748275e-10, 0.9999999015088461, 8.981045249701167e-10, 6.455706452095822e-09, 8.928170412842894e-10, 1.0972734423405047e-09, 8.885296512909169e-10, 8.945751482060438e-10, 8.919973629272291e-10, 8.819131694266618e-10, 8.926601633380769e-10, 8.268441011709845e-10, 8.811773869053092e-10, 5.852581490521246e-10, 2.1838700595031797e-09, 8.657714389621259e-10, 8.926601633391477e-10, 8.926601633389325e-10, 8.398114205349757e-10, 2.325762153904088e-08, 8.801700504009189e-10, 2.3328109647007097e-08, 8.886128025005635e-10, 1.3828293510974973e-09, 8.619522541176376e-10, 7.569532102872291e-10, 8.707699931062553e-10, 8.346113130298558e-10, 1.8988274096847662e-08, 8.860406926402183e-10]"
hMpxV/Brazil/SP-IAL-357907042/2024|EPI_ISL_19372774|2024-08-21,"[0.0, 0.0, 0.9999999999999999, 0.0, 0.0, 0.0, 0.0, 0.0, 0.0, 0.0, 0.0, 0.0, 0.0, 0.0, 0.0, 0.0, 0.0, 0.0, 0.0, 0.0, 0.0, 0.0, 0.0, 0.0, 0.0, 0.0, 0.0, 0.0, 0.0, 0.0, 0.0]"
NODE_0000219,"[8.376684483416897e-10, 2.539853116237186e-10, 0.9999999709138571, 2.568594013030256e-10, 1.878889891496005e-09, 2.5543904317141715e-10, 3.1416945850612317e-10, 2.541863822037284e-10, 2.5590967153528416e-10, 2.552288614565134e-10, 2.5228115561948405e-10, 2.5532871784874267e-10, 2.364876876270323e-10, 2.523642415332016e-10, 1.6738770792969727e-10, 6.302172505290523e-10, 2.4811452866715985e-10, 2.553287178492778e-10, 2.5532871784920005e-10, 2.402675262643594e-10, 7.059398359831008e-09, 2.516467357953623e-10, 6.934558018712859e-09, 2.542099844008532e-10, 3.9772741674660204e-10, 2.4663390742158084e-10, 2.1634898426685324e-10, 2.4916756272671214e-10, 2.386790533758446e-10, 5.628838584126176e-09, 2.5349160941917777e-10]"
hMpxV/Brazil/SP-IAL-357921794/2024|EPI_ISL_19446292|2024-08-31,"[0.0, 0.0, 1.0, 0.0, 0.0, 0.0, 0.0, 0.0, 0.0, 0.0, 0.0, 0.0, 0.0, 0.0, 0.0, 0.0, 0.0, 0.0, 0.0, 0.0, 0.0, 0.0, 0.0, 0.0, 0.0, 0.0, 0.0, 0.0, 0.0, 0.0, 0.0]"
NODE_0000220,"[2.197026660764292e-09, 7.046174316037022e-10, 0.999999929170415, 7.112906738390437e-10, 4.7131479419335545e-09, 7.081209647470394e-10, 8.593755389014879e-10, 7.02725807663261e-10, 7.084546556253111e-10, 7.081635956107444e-10, 6.96762554305462e-10, 7.060657284802598e-10, 6.554916785430439e-10, 7.056985548214594e-10, 4.705347652219773e-10, 1.6700036167656153e-09, 6.995237749681178e-10, 7.060657284816294e-10, 7.060657284814262e-10, 6.691875628308436e-10, 1.551107428147138e-08, 7.002247499494468e-10, 1.5972944273087276e-08, 7.027748738742998e-10, 1.09162736482548e-09, 6.82910494613583e-10, 6.047012241900838e-10, 6.890085377250713e-10, 6.6170469136886e-10, 1.38135132748387e-08, 7.007783835013165e-10]"
hMpxV/Brazil/SP-IAL-357988309/2024|EPI_ISL_19524873|2024-10-11,"[0.0, 0.0, 1.0, 0.0, 0.0, 0.0, 0.0, 0.0, 0.0, 0.0, 0.0, 0.0, 0.0, 0.0, 0.0, 0.0, 0.0, 0.0, 0.0, 0.0, 0.0, 0.0, 0.0, 0.0, 0.0, 0.0, 0.0, 0.0, 0.0, 0.0, 0.0]"
NODE_0000221,"[1.2210636155679506e-11, 2.8059513887182458e-12, 0.9999999993476818, 2.8064677551230145e-12, 3.4252944656497727e-11, 2.8120230410274747e-12, 3.6367028161624408e-12, 2.808223524814885e-12, 2.8164031555897184e-12, 2.811265341544653e-12, 2.7897753108638876e-12, 2.807060252874411e-12, 2.5808446860438826e-12, 2.799716544229971e-12, 1.763810066584458e-12, 9.252844027266226e-12, 2.750543546654289e-12, 2.8070602528849924e-12, 2.807060252883862e-12, 2.6134584421861704e-12, 2.1945204457211225e-10, 2.6922498116430682e-12, 1.7474899115000865e-10, 2.808575058645468e-12, 5.122067945327274e-12, 2.730358734036041e-12, 2.2675761258065965e-12, 2.7701221240454795e-12, 2.594125523665466e-12, 1.34392991097785e-10, 2.8061033608729437e-12]"
hMpxV/Brazil/SP-IAL-358000513/2024|EPI_ISL_19524877|2024-10-22,"[0.0, 0.0, 1.0, 0.0, 0.0, 0.0, 0.0, 0.0, 0.0, 0.0, 0.0, 0.0, 0.0, 0.0, 0.0, 0.0, 0.0, 0.0, 0.0, 0.0, 0.0, 0.0, 0.0, 0.0, 0.0, 0.0, 0.0, 0.0, 0.0, 0.0, 0.0]"
hMpxV/Brazil/SP-IAL-357949071/2024|EPI_ISL_19446311|2024-09-17,"[0.0, 0.0, 1.0, 0.0, 0.0, 0.0, 0.0, 0.0, 0.0, 0.0, 0.0, 0.0, 0.0, 0.0, 0.0, 0.0, 0.0, 0.0, 0.0, 0.0, 0.0, 0.0, 0.0, 0.0, 0.0, 0.0, 0.0, 0.0, 0.0, 0.0, 0.0]"
NODE_0000222,"[9.092025479900984e-12, 2.6841596626999095e-12, 0.999999999678397, 2.721879031452355e-12, 2.0697175532405535e-11, 2.7026513661819445e-12, 3.350437903674628e-12, 2.6955724990286765e-12, 2.7114817195190163e-12, 2.697759130966423e-12, 2.6773812129492188e-12, 2.707768671586543e-12, 2.5045025373805955e-12, 2.64608136775739e-12, 1.7544391815980858e-12, 6.770598220141263e-12, 2.5818449221168606e-12, 2.7077686715992722e-12, 2.7077686715964982e-12, 2.533178834734856e-12, 8.04656121603789e-11, 2.659376172260403e-12, 7.859961716388565e-11, 2.695874046768014e-12, 4.184941560080688e-12, 2.611345590150914e-12, 2.281025739683564e-12, 2.640527661106495e-12, 2.5278571462286732e-12, 6.130429029258724e-11, 2.6880351141681433e-12]"
NODE_0000226,"[1.4455903880018396e-09, 4.3634881469340736e-10, 0.9999999503461722, 4.418364341664254e-10, 3.2382836951469777e-09, 4.390630772569751e-10, 5.412468255154771e-10, 4.3727867946890365e-10, 4.401149332771917e-10, 4.385322957550928e-10, 4.341299816014791e-10, 4.3929402908781066e-10, 4.0669564797114776e-10, 4.32185880937758e-10, 2.8684363017239106e-10, 1.0831156172793283e-09, 4.236342222752906e-10, 4.392940290883771e-10, 4.392940290882947e-10, 4.1249945808025173e-10, 1.1944863254200351e-08, 4.325483703047311e-10, 1.189162240811986e-08, 4.3732235425450196e-10, 6.802195951498655e-10, 4.240028948693749e-10, 3.7164421276432745e-10, 4.2847919888549805e-10, 4.105066865206542e-10, 9.541283445008745e-09, 4.3605375172516914e-10]"
NODE_0000227,"[1.0077073038449371e-08, 3.1059167220555614e-09, 0.9999996626310694, 3.1413389350544365e-09, 2.223115486495003e-08, 3.1236485008632134e-09, 3.830431898978164e-09, 3.10700462271897e-09, 3.1288539645000936e-09, 3.1214252753592865e-09, 3.0833378295504495e-09, 3.121579383392635e-09, 2.8924968388258114e-09, 3.0886830012516805e-09, 2.0526289883315953e-09, 7.589094396356463e-09, 3.039671098377322e-09, 3.1215793833945243e-09, 3.121579383394029e-09, 2.940775686412785e-09, 7.831466379910738e-08, 3.0810517510671225e-09, 7.920400933341209e-08, 3.1072816197731823e-09, 4.8354791870181204e-09, 3.0150330731545065e-09, 2.6515765155721947e-09, 3.045160354702755e-09, 2.919748413531045e-09, 6.517837032294622e-08, 3.0982823779116527e-09]"
hMpxV/Brazil/SP-IAL-357899649/2024|EPI_ISL_19372762|2024-08-15,"[0.0, 0.0, 1.0, 0.0, 0.0, 0.0, 0.0, 0.0, 0.0, 0.0, 0.0, 0.0, 0.0, 0.0, 0.0, 0.0, 0.0, 0.0, 0.0, 0.0, 0.0, 0.0, 0.0, 0.0, 0.0, 0.0, 0.0, 0.0, 0.0, 0.0, 0.0]"
hMpxV/Brazil/SP-IAL-357928626/2024|EPI_ISL_19446295|2024-09-04,"[0.0, 0.0, 1.0, 0.0, 0.0, 0.0, 0.0, 0.0, 0.0, 0.0, 0.0, 0.0, 0.0, 0.0, 0.0, 0.0, 0.0, 0.0, 0.0, 0.0, 0.0, 0.0, 0.0, 0.0, 0.0, 0.0, 0.0, 0.0, 0.0, 0.0, 0.0]"
NODE_0000228,"[5.412913680073296e-08, 1.6883451520534973e-08, 0.9999982090662436, 1.7060496564492665e-08, 1.1847998551267451e-07, 1.6972901745304695e-08, 2.0747454914039592e-08, 1.686803503404361e-08, 1.699230138444155e-08, 1.6967002083193273e-08, 1.6735062974871644e-08, 1.694774909096083e-08, 1.571228311807769e-08, 1.6837414478059748e-08, 1.1194345180059533e-08, 4.0913549129531875e-08, 1.661590470262771e-08, 1.6947749090965188e-08, 1.6947749090963987e-08, 1.6001036308404008e-08, 4.0819225512510463e-07, 1.6751726288420084e-08, 4.156153283289175e-07, 1.6869418960379744e-08, 2.6299630148710972e-08, 1.6377776341563542e-08, 1.4430345466047565e-08, 1.653562076170821e-08, 1.5860526097169426e-08, 3.472267858999717e-07, 1.6820734156011118e-08]"
hMpxV/Brazil/SP-IAL-357917433/2024|EPI_ISL_19446290|2024-08-28,"[0.0, 0.0, 0.9999999999999999, 0.0, 0.0, 0.0, 0.0, 0.0, 0.0, 0.0, 0.0, 0.0, 0.0, 0.0, 0.0, 0.0, 0.0, 0.0, 0.0, 0.0, 0.0, 0.0, 0.0, 0.0, 0.0, 0.0, 0.0, 0.0, 0.0, 0.0, 0.0]"
hMpxV/Brazil/SP-IAL-357930578/2024|EPI_ISL_19446299|2024-09-05,"[0.0, 0.0, 1.0, 0.0, 0.0, 0.0, 0.0, 0.0, 0.0, 0.0, 0.0, 0.0, 0.0, 0.0, 0.0, 0.0, 0.0, 0.0, 0.0, 0.0, 0.0, 0.0, 0.0, 0.0, 0.0, 0.0, 0.0, 0.0, 0.0, 0.0, 0.0]"
NODE_0000223,"[5.983076574297565e-12, 1.3103047646466931e-12, 0.9999999996551471, 1.3135845538586216e-12, 1.7377455457026413e-11, 1.3143616853109724e-12, 1.7208929223264014e-12, 1.3162244047559405e-12, 1.3183423995270835e-12, 1.3127448415277473e-12, 1.308902253439038e-12, 1.3155240170010687e-12, 1.2068508338049769e-12, 1.2962843851192865e-12, 8.135516320785101e-13, 4.483684796870698e-12, 1.2625744269300625e-12, 1.3155240170046446e-12, 1.3155240170040482e-12, 1.2159970094216505e-12, 1.22118789083313e-10, 1.2546028209988974e-12, 9.456707934769011e-11, 1.3164196456876833e-12, 2.405346820699006e-12, 1.2775366830547022e-12, 1.0524406202078562e-12, 1.2977756822610218e-12, 1.2129482458537836e-12, 6.85334024238522e-11, 1.315202655217316e-12]"
hMpxV/Brazil/SP-IAL-357914860/2024|EPI_ISL_19372778|2024-08-26,"[0.0, 0.0, 1.0, 0.0, 0.0, 0.0, 0.0, 0.0, 0.0, 0.0, 0.0, 0.0, 0.0, 0.0, 0.0, 0.0, 0.0, 0.0, 0.0, 0.0, 0.0, 0.0, 0.0, 0.0, 0.0, 0.0, 0.0, 0.0, 0.0, 0.0, 0.0]"
hMpxV/Brazil/SP-IAL-357979151/2024|EPI_ISL_19524875|2024-10-04,"[0.0, 0.0, 1.0, 0.0, 0.0, 0.0, 0.0, 0.0, 0.0, 0.0, 0.0, 0.0, 0.0, 0.0, 0.0, 0.0, 0.0, 0.0, 0.0, 0.0, 0.0, 0.0, 0.0, 0.0, 0.0, 0.0, 0.0, 0.0, 0.0, 0.0, 0.0]"
NODE_0000224,"[5.853404789798086e-10, 1.8616559864011906e-10, 0.9999999809729567, 1.8799209800537026e-10, 1.263323241755815e-09, 1.8711638353303085e-10, 2.2756156689711586e-10, 1.8577405560238582e-10, 1.8724750184260934e-10, 1.871000392512373e-10, 1.8422820430488413e-10, 1.866517991999587e-10, 1.7321736138314876e-10, 1.8620113428394775e-10, 1.2406107823488887e-10, 4.441636219987942e-10, 1.8431795440046456e-10, 1.8665179920060356e-10, 1.8665179920053374e-10, 1.766954012382687e-10, 4.219989593965889e-09, 1.8492757194656022e-10, 4.327031031887072e-09, 1.8578772153314456e-10, 2.8880460357338265e-10, 1.804871479930254e-10, 1.595877398803353e-10, 1.8213727511471345e-10, 1.7485508539473176e-10, 3.7077150112074397e-09, 1.8525923508711144e-10]"
hMpxV/Brazil/SP-IAL-357982862/2024|EPI_ISL_19524882|2024-10-08,"[0.0, 0.0, 1.0, 0.0, 0.0, 0.0, 0.0, 0.0, 0.0, 0.0, 0.0, 0.0, 0.0, 0.0, 0.0, 0.0, 0.0, 0.0, 0.0, 0.0, 0.0, 0.0, 0.0, 0.0, 0.0, 0.0, 0.0, 0.0, 0.0, 0.0, 0.0]"
NODE_0000225,"[3.3055034971625163e-10, 1.0487986514393196e-10, 0.999999989199259, 1.0590289095338668e-10, 7.152062516571644e-10, 1.0541389532365881e-10, 1.2824959329412246e-10, 1.0466173470630485e-10, 1.0548863147848903e-10, 1.0540429295793046e-10, 1.0379188025497493e-10, 1.0515267651355647e-10, 9.757879363389514e-11, 1.0489739157760543e-10, 6.986592922050196e-11, 2.5082261434553143e-10, 1.0383090045611222e-10, 1.0515267651405904e-10, 1.0515267651399689e-10, 9.953291852798642e-11, 2.4115251169882383e-09, 1.0416049692694424e-10, 2.4621653702237274e-09, 1.0466947011575972e-10, 1.628788925319626e-10, 1.0168361525141298e-10, 8.987500414908176e-11, 1.026167967955763e-10, 9.849868463733988e-11, 2.1067584531916443e-09, 1.0437310798134769e-10]"
hMpxV/Brazil/SP-IAL-357888132/2024|EPI_ISL_19372758|2024-08-07,"[0.0, 0.0, 1.0, 0.0, 0.0, 0.0, 0.0, 0.0, 0.0, 0.0, 0.0, 0.0, 0.0, 0.0, 0.0, 0.0, 0.0, 0.0, 0.0, 0.0, 0.0, 0.0, 0.0, 0.0, 0.0, 0.0, 0.0, 0.0, 0.0, 0.0, 0.0]"
hMpxV/Brazil/SP-IAL-357985711/2024|EPI_ISL_19524886|2024-10-09,"[0.0, 0.0, 0.9999999999999999, 0.0, 0.0, 0.0, 0.0, 0.0, 0.0, 0.0, 0.0, 0.0, 0.0, 0.0, 0.0, 0.0, 0.0, 0.0, 0.0, 0.0, 0.0, 0.0, 0.0, 0.0, 0.0, 0.0, 0.0, 0.0, 0.0, 0.0, 0.0]"
NODE_0000162,"[0.23066938883582544, 0.000904108435934309, 0.15584094860369294, 0.0009192271942508603, 0.0015378953903603513, 0.0009104317052926433, 0.0009609390085518161, 0.0017453243789881392, 0.0021921187824099388, 0.0009137298634368842, 0.001147209478765768, 0.0009083078890267756, 0.0016207366052778834, 0.00091305598658804, 0.0019098005361843588, 0.0009502840231447108, 0.0009124994302249163, 0.000908307889026804, 0.0009083078890268016, 0.0008589494182119525, 0.0015523242286400462, 0.0009167165069743011, 0.013425280805311685, 0.0017461557214967231, 0.5647316476268787, 0.0008713738194070687, 0.0011516468393187498, 0.0008784052493322309, 0.0012500338581712526, 0.003686118891631985, 0.00215872510861597]"
hMpxV/China/SZ-CDC/Strain170,"[0.0, 0.0, 0.0, 0.0, 0.0, 0.0, 0.0, 0.0, 0.0, 0.0, 0.0, 0.0, 0.0, 0.0, 0.0, 0.0, 0.0, 0.0, 0.0, 0.0, 0.0, 0.0, 0.0, 0.0, 1.0, 0.0, 0.0, 0.0, 0.0, 0.0, 0.0]"
NODE_0000164,"[0.9999999999977424, 3.014192483695621e-15, 2.991563391960192e-13, 3.049439700975635e-15, 3.3603341429892886e-15, 3.0363643110707453e-15, 3.1286998410637507e-15, 5.0230763347107e-15, 5.9567234676137175e-15, 3.0637784473149807e-15, 3.6702497534715655e-15, 3.0765622044948044e-15, 4.3070174060153555e-15, 2.980402557342759e-15, 1.7670421787041898e-14, 2.075948124490471e-15, 2.8059533176038606e-15, 3.0765622044949034e-15, 3.0765622044949456e-15, 2.6419700104569175e-15, 1.1142060659794933e-14, 2.7808659798986804e-15, 1.2657383871125525e-14, 5.028654155008904e-15, 1.7899346598372021e-12, 2.9283269870382203e-15, 2.7238177484615045e-15, 3.022299790088549e-15, 3.5275386278150186e-15, 4.353883440681928e-14, 5.985386445694898e-15]"
hMpxV/Australia/VIC-VIDRL-2984/2024|EPI_ISL_19459723|2024-05-27,"[1.0, 0.0, 0.0, 0.0, 0.0, 0.0, 0.0, 0.0, 0.0, 0.0, 0.0, 0.0, 0.0, 0.0, 0.0, 0.0, 0.0, 0.0, 0.0, 0.0, 0.0, 0.0, 0.0, 0.0, 0.0, 0.0, 0.0, 0.0, 0.0, 0.0, 0.0]"
hMpxV/Australia/VIC-VIDRL-0369/2024|EPI_ISL_19459704|2024-05-16,"[1.0, 0.0, 0.0, 0.0, 0.0, 0.0, 0.0, 0.0, 0.0, 0.0, 0.0, 0.0, 0.0, 0.0, 0.0, 0.0, 0.0, 0.0, 0.0, 0.0, 0.0, 0.0, 0.0, 0.0, 0.0, 0.0, 0.0, 0.0, 0.0, 0.0, 0.0]"
NODE_0000205,"[0.9999999999999999, 3.312137455781641e-26, 2.7860473260019743e-25, 3.349119923839592e-26, 2.808675191633621e-26, 3.34136727751891e-26, 3.3938745327330913e-26, 3.435639199025461e-26, 3.4021722506021567e-26, 3.3173747637868806e-26, 3.4299113058470645e-26, 3.4086358847842757e-26, 2.8618923585422856e-26, 3.074169669091942e-26, 2.136200692698906e-25, 1.824803824048337e-26, 2.7569626129265876e-26, 3.4086358847852974e-26, 3.408635884785244e-26, 2.778361501232646e-26, 1.4392697558606008e-25, 2.9334151728931615e-26, 1.8007270543301369e-26, 3.437217947546894e-26, 8.0082971858982195e-25, 3.2273099353466224e-26, 2.0454490649640585e-26, 3.362027837349911e-26, 2.8729607770628374e-26, 8.1032511788841765e-25, 3.439395934212418e-26]"
hMpxV/Australia/VIC-VIDRL-9624/2024|EPI_ISL_19459799|2024-05-15,"[1.0, 0.0, 0.0, 0.0, 0.0, 0.0, 0.0, 0.0, 0.0, 0.0, 0.0, 0.0, 0.0, 0.0, 0.0, 0.0, 0.0, 0.0, 0.0, 0.0, 0.0, 0.0, 0.0, 0.0, 0.0, 0.0, 0.0, 0.0, 0.0, 0.0, 0.0]"
hMpxV/Australia/VIC-VIDRL-0994/2024|EPI_ISL_19459725|2024-05-20,"[0.9999999999999999, 0.0, 0.0, 0.0, 0.0, 0.0, 0.0, 0.0, 0.0, 0.0, 0.0, 0.0, 0.0, 0.0, 0.0, 0.0, 0.0, 0.0, 0.0, 0.0, 0.0, 0.0, 0.0, 0.0, 0.0, 0.0, 0.0, 0.0, 0.0, 0.0, 0.0]"
hMpxV/Australia/VIC-VIDRL-9625/2024|EPI_ISL_19459739|2024-05-15,"[1.0, 0.0, 0.0, 0.0, 0.0, 0.0, 0.0, 0.0, 0.0, 0.0, 0.0, 0.0, 0.0, 0.0, 0.0, 0.0, 0.0, 0.0, 0.0, 0.0, 0.0, 0.0, 0.0, 0.0, 0.0, 0.0, 0.0, 0.0, 0.0, 0.0, 0.0]"
hMpxV/Australia/VIC-VIDRL-9373/2024|EPI_ISL_19459741|2024-05-14,"[0.9999999999999999, 0.0, 0.0, 0.0, 0.0, 0.0, 0.0, 0.0, 0.0, 0.0, 0.0, 0.0, 0.0, 0.0, 0.0, 0.0, 0.0, 0.0, 0.0, 0.0, 0.0, 0.0, 0.0, 0.0, 0.0, 0.0, 0.0, 0.0, 0.0, 0.0, 0.0]"
hMpxV/Australia/VIC-VIDRL-9428/2024|EPI_ISL_19459746|2024-05-14,"[0.9999999999999999, 0.0, 0.0, 0.0, 0.0, 0.0, 0.0, 0.0, 0.0, 0.0, 0.0, 0.0, 0.0, 0.0, 0.0, 0.0, 0.0, 0.0, 0.0, 0.0, 0.0, 0.0, 0.0, 0.0, 0.0, 0.0, 0.0, 0.0, 0.0, 0.0, 0.0]"
hMpxV/Australia/VIC-VIDRL-9623/2024|EPI_ISL_19459703|2024-05-15,"[1.0, 0.0, 0.0, 0.0, 0.0, 0.0, 0.0, 0.0, 0.0, 0.0, 0.0, 0.0, 0.0, 0.0, 0.0, 0.0, 0.0, 0.0, 0.0, 0.0, 0.0, 0.0, 0.0, 0.0, 0.0, 0.0, 0.0, 0.0, 0.0, 0.0, 0.0]"
NODE_0000185,"[1.0, 5.2943728355790315e-77, 5.212523470164143e-73, 4.939369291387732e-77, 3.879525308576712e-77, 5.220315209124435e-77, 6.050896188248976e-77, 6.934312455405293e-77, 6.371278987090568e-77, 4.998401103709736e-77, 7.07119338397002e-77, 5.870832874546431e-77, 3.5236136187555805e-77, 3.483115461917819e-77, 1.551921262754439e-73, 1.1327821937392578e-77, 2.1493000282005455e-77, 5.8708328745478145e-77, 5.870832874547766e-77, 2.4601869172653606e-77, 5.165690500801089e-73, 2.3805227952822765e-77, 1.703541393768773e-77, 6.948501754594462e-77, 2.382299139576006e-71, 5.6110672159784924e-77, 9.509839477926423e-78, 6.770852278505748e-77, 3.5200388091396416e-77, 3.3462661940605707e-71, 7.411888314903124e-77]"
hMpxV/Australia/QLD-MX000018/2024|EPI_ISL_19539667|2024-05-22,"[0.9999999999999999, 0.0, 0.0, 0.0, 0.0, 0.0, 0.0, 0.0, 0.0, 0.0, 0.0, 0.0, 0.0, 0.0, 0.0, 0.0, 0.0, 0.0, 0.0, 0.0, 0.0, 0.0, 0.0, 0.0, 0.0, 0.0, 0.0, 0.0, 0.0, 0.0, 0.0]"
hMpxV/Australia/QLD-MX000016/2024|EPI_ISL_19539666|2024-05-21,"[0.9999999999999999, 0.0, 0.0, 0.0, 0.0, 0.0, 0.0, 0.0, 0.0, 0.0, 0.0, 0.0, 0.0, 0.0, 0.0, 0.0, 0.0, 0.0, 0.0, 0.0, 0.0, 0.0, 0.0, 0.0, 0.0, 0.0, 0.0, 0.0, 0.0, 0.0, 0.0]"
hMpxV/Australia/QLD-MX000019/2024|EPI_ISL_19539668|2024-05-22,"[0.9999999999999999, 0.0, 0.0, 0.0, 0.0, 0.0, 0.0, 0.0, 0.0, 0.0, 0.0, 0.0, 0.0, 0.0, 0.0, 0.0, 0.0, 0.0, 0.0, 0.0, 0.0, 0.0, 0.0, 0.0, 0.0, 0.0, 0.0, 0.0, 0.0, 0.0, 0.0]"
hMpxV/Australia/QLD-MX000020/2024|EPI_ISL_19539670|2024-05-23,"[1.0, 0.0, 0.0, 0.0, 0.0, 0.0, 0.0, 0.0, 0.0, 0.0, 0.0, 0.0, 0.0, 0.0, 0.0, 0.0, 0.0, 0.0, 0.0, 0.0, 0.0, 0.0, 0.0, 0.0, 0.0, 0.0, 0.0, 0.0, 0.0, 0.0, 0.0]"
hMpxV/Australia/QLD-MX000014/2024|EPI_ISL_19539665|2024-05-21,"[0.9999999999999999, 0.0, 0.0, 0.0, 0.0, 0.0, 0.0, 0.0, 0.0, 0.0, 0.0, 0.0, 0.0, 0.0, 0.0, 0.0, 0.0, 0.0, 0.0, 0.0, 0.0, 0.0, 0.0, 0.0, 0.0, 0.0, 0.0, 0.0, 0.0, 0.0, 0.0]"
hMpxV/Australia/QLD-MX000021/2024|EPI_ISL_19539671|2024-05-23,"[1.0, 0.0, 0.0, 0.0, 0.0, 0.0, 0.0, 0.0, 0.0, 0.0, 0.0, 0.0, 0.0, 0.0, 0.0, 0.0, 0.0, 0.0, 0.0, 0.0, 0.0, 0.0, 0.0, 0.0, 0.0, 0.0, 0.0, 0.0, 0.0, 0.0, 0.0]"
hMpxV/Australia/QLD-MX000028/2024|EPI_ISL_19539678|2024-06-17,"[0.9999999999999999, 0.0, 0.0, 0.0, 0.0, 0.0, 0.0, 0.0, 0.0, 0.0, 0.0, 0.0, 0.0, 0.0, 0.0, 0.0, 0.0, 0.0, 0.0, 0.0, 0.0, 0.0, 0.0, 0.0, 0.0, 0.0, 0.0, 0.0, 0.0, 0.0, 0.0]"
hMpxV/Australia/QLD-MX000031/2024|EPI_ISL_19539681|2024-06-21,"[0.9999999999999999, 0.0, 0.0, 0.0, 0.0, 0.0, 0.0, 0.0, 0.0, 0.0, 0.0, 0.0, 0.0, 0.0, 0.0, 0.0, 0.0, 0.0, 0.0, 0.0, 0.0, 0.0, 0.0, 0.0, 0.0, 0.0, 0.0, 0.0, 0.0, 0.0, 0.0]"
hMpxV/Australia/QLD-MX000027/2024|EPI_ISL_19539677|2024-05-29,"[1.0, 0.0, 0.0, 0.0, 0.0, 0.0, 0.0, 0.0, 0.0, 0.0, 0.0, 0.0, 0.0, 0.0, 0.0, 0.0, 0.0, 0.0, 0.0, 0.0, 0.0, 0.0, 0.0, 0.0, 0.0, 0.0, 0.0, 0.0, 0.0, 0.0, 0.0]"
hMpxV/Australia/QLD-MX000026/2024|EPI_ISL_19539676|2024-05-27,"[1.0, 0.0, 0.0, 0.0, 0.0, 0.0, 0.0, 0.0, 0.0, 0.0, 0.0, 0.0, 0.0, 0.0, 0.0, 0.0, 0.0, 0.0, 0.0, 0.0, 0.0, 0.0, 0.0, 0.0, 0.0, 0.0, 0.0, 0.0, 0.0, 0.0, 0.0]"
hMpxV/Australia/VIC-VIDRL-0241/2024|EPI_ISL_19459729|2024-05-16,"[0.9999999999999999, 0.0, 0.0, 0.0, 0.0, 0.0, 0.0, 0.0, 0.0, 0.0, 0.0, 0.0, 0.0, 0.0, 0.0, 0.0, 0.0, 0.0, 0.0, 0.0, 0.0, 0.0, 0.0, 0.0, 0.0, 0.0, 0.0, 0.0, 0.0, 0.0, 0.0]"
hMpxV/Australia/VIC-VIDRL-3765/2024|EPI_ISL_19459727|2024-05-29,"[1.0, 0.0, 0.0, 0.0, 0.0, 0.0, 0.0, 0.0, 0.0, 0.0, 0.0, 0.0, 0.0, 0.0, 0.0, 0.0, 0.0, 0.0, 0.0, 0.0, 0.0, 0.0, 0.0, 0.0, 0.0, 0.0, 0.0, 0.0, 0.0, 0.0, 0.0]"
hMpxV/Australia/VIC-VIDRL-0239/2024|EPI_ISL_19459737|2024-05-16,"[0.9999999999999999, 0.0, 0.0, 0.0, 0.0, 0.0, 0.0, 0.0, 0.0, 0.0, 0.0, 0.0, 0.0, 0.0, 0.0, 0.0, 0.0, 0.0, 0.0, 0.0, 0.0, 0.0, 0.0, 0.0, 0.0, 0.0, 0.0, 0.0, 0.0, 0.0, 0.0]"
hMpxV/Australia/VIC-VIDRL-3002/2024|EPI_ISL_19459791|2024-05-25,"[1.0, 0.0, 0.0, 0.0, 0.0, 0.0, 0.0, 0.0, 0.0, 0.0, 0.0, 0.0, 0.0, 0.0, 0.0, 0.0, 0.0, 0.0, 0.0, 0.0, 0.0, 0.0, 0.0, 0.0, 0.0, 0.0, 0.0, 0.0, 0.0, 0.0, 0.0]"
hMpxV/Australia/QLD-MX000012/2024|EPI_ISL_19539663|2024-05-17,"[1.0, 0.0, 0.0, 0.0, 0.0, 0.0, 0.0, 0.0, 0.0, 0.0, 0.0, 0.0, 0.0, 0.0, 0.0, 0.0, 0.0, 0.0, 0.0, 0.0, 0.0, 0.0, 0.0, 0.0, 0.0, 0.0, 0.0, 0.0, 0.0, 0.0, 0.0]"
hMpxV/Australia/QLD-MX000048/2024|EPI_ISL_19539696|2024-08-29,"[1.0, 0.0, 0.0, 0.0, 0.0, 0.0, 0.0, 0.0, 0.0, 0.0, 0.0, 0.0, 0.0, 0.0, 0.0, 0.0, 0.0, 0.0, 0.0, 0.0, 0.0, 0.0, 0.0, 0.0, 0.0, 0.0, 0.0, 0.0, 0.0, 0.0, 0.0]"
hMpxV/Australia/QLD-MX000150/2024|EPI_ISL_19539791|2024-10-14,"[0.9999999999999999, 0.0, 0.0, 0.0, 0.0, 0.0, 0.0, 0.0, 0.0, 0.0, 0.0, 0.0, 0.0, 0.0, 0.0, 0.0, 0.0, 0.0, 0.0, 0.0, 0.0, 0.0, 0.0, 0.0, 0.0, 0.0, 0.0, 0.0, 0.0, 0.0, 0.0]"
hMpxV/Australia/QLD-MX000062/2024|EPI_ISL_19539710|2024-09-04,"[1.0, 0.0, 0.0, 0.0, 0.0, 0.0, 0.0, 0.0, 0.0, 0.0, 0.0, 0.0, 0.0, 0.0, 0.0, 0.0, 0.0, 0.0, 0.0, 0.0, 0.0, 0.0, 0.0, 0.0, 0.0, 0.0, 0.0, 0.0, 0.0, 0.0, 0.0]"
hMpxV/Australia/QLD-MX000077/2024|EPI_ISL_19539725|2024-09-11,"[0.9999999999999999, 0.0, 0.0, 0.0, 0.0, 0.0, 0.0, 0.0, 0.0, 0.0, 0.0, 0.0, 0.0, 0.0, 0.0, 0.0, 0.0, 0.0, 0.0, 0.0, 0.0, 0.0, 0.0, 0.0, 0.0, 0.0, 0.0, 0.0, 0.0, 0.0, 0.0]"
hMpxV/Australia/QLD-MX000063/2024|EPI_ISL_19539711|2024-09-07,"[1.0, 0.0, 0.0, 0.0, 0.0, 0.0, 0.0, 0.0, 0.0, 0.0, 0.0, 0.0, 0.0, 0.0, 0.0, 0.0, 0.0, 0.0, 0.0, 0.0, 0.0, 0.0, 0.0, 0.0, 0.0, 0.0, 0.0, 0.0, 0.0, 0.0, 0.0]"
hMpxV/Australia/QLD-MX000083/2024|EPI_ISL_19539731|2024-09-15,"[0.9999999999999999, 0.0, 0.0, 0.0, 0.0, 0.0, 0.0, 0.0, 0.0, 0.0, 0.0, 0.0, 0.0, 0.0, 0.0, 0.0, 0.0, 0.0, 0.0, 0.0, 0.0, 0.0, 0.0, 0.0, 0.0, 0.0, 0.0, 0.0, 0.0, 0.0, 0.0]"
hMpxV/Australia/QLD-MX000091/2024|EPI_ISL_19539740|2024-09-17,"[1.0, 0.0, 0.0, 0.0, 0.0, 0.0, 0.0, 0.0, 0.0, 0.0, 0.0, 0.0, 0.0, 0.0, 0.0, 0.0, 0.0, 0.0, 0.0, 0.0, 0.0, 0.0, 0.0, 0.0, 0.0, 0.0, 0.0, 0.0, 0.0, 0.0, 0.0]"
hMpxV/Australia/QLD-MX000102/2024|EPI_ISL_19539749|2024-09-19,"[1.0, 0.0, 0.0, 0.0, 0.0, 0.0, 0.0, 0.0, 0.0, 0.0, 0.0, 0.0, 0.0, 0.0, 0.0, 0.0, 0.0, 0.0, 0.0, 0.0, 0.0, 0.0, 0.0, 0.0, 0.0, 0.0, 0.0, 0.0, 0.0, 0.0, 0.0]"
hMpxV/Australia/QLD-MX000105/2024|EPI_ISL_19539752|2024-09-24,"[1.0, 0.0, 0.0, 0.0, 0.0, 0.0, 0.0, 0.0, 0.0, 0.0, 0.0, 0.0, 0.0, 0.0, 0.0, 0.0, 0.0, 0.0, 0.0, 0.0, 0.0, 0.0, 0.0, 0.0, 0.0, 0.0, 0.0, 0.0, 0.0, 0.0, 0.0]"
NODE_0000186,"[0.9999999994368302, 1.5157703530795435e-11, 3.614222510496398e-11, 1.54998007520226e-11, 1.3536905753239701e-11, 1.5306401698003193e-11, 1.5199574049854324e-11, 1.520202270149444e-11, 1.537527922496453e-11, 1.529091311138493e-11, 1.5045128830477946e-11, 1.532415517431675e-11, 1.3904817815025147e-11, 1.4973574119866054e-11, 2.98760279022322e-11, 1.0492279794303684e-11, 1.4626419218764556e-11, 1.532415517431947e-11, 1.532415517431947e-11, 1.4186683607510247e-11, 1.5206777793768677e-11, 1.5267226825346343e-11, 1.0359044711286826e-11, 1.5203633178146977e-11, 5.671663529658483e-11, 1.4581714520523424e-11, 1.2656933111322637e-11, 1.474579531384058e-11, 1.4112934625695874e-11, 6.339564245174639e-11, 1.5135508995478774e-11]"
hMpxV/Australia/QLD-MX000023/2024|EPI_ISL_19539673|2024-05-28,"[1.0, 0.0, 0.0, 0.0, 0.0, 0.0, 0.0, 0.0, 0.0, 0.0, 0.0, 0.0, 0.0, 0.0, 0.0, 0.0, 0.0, 0.0, 0.0, 0.0, 0.0, 0.0, 0.0, 0.0, 0.0, 0.0, 0.0, 0.0, 0.0, 0.0, 0.0]"
hMpxV/Australia/QLD-MX000024/2024|EPI_ISL_19539674|2024-05-28,"[1.0, 0.0, 0.0, 0.0, 0.0, 0.0, 0.0, 0.0, 0.0, 0.0, 0.0, 0.0, 0.0, 0.0, 0.0, 0.0, 0.0, 0.0, 0.0, 0.0, 0.0, 0.0, 0.0, 0.0, 0.0, 0.0, 0.0, 0.0, 0.0, 0.0, 0.0]"
NODE_0000190,"[0.9999999972049846, 7.636178289294717e-11, 1.759904516532387e-10, 7.807699972735806e-11, 6.851444144547639e-11, 7.708160396903576e-11, 7.650734582979572e-11, 7.659445543960906e-11, 7.758899020438387e-11, 7.701318479837538e-11, 7.573835270709295e-11, 7.711947484887277e-11, 7.028235329530345e-11, 7.55650236069165e-11, 1.4409750900767745e-10, 5.358629255583732e-11, 7.415591039123187e-11, 7.711947484888654e-11, 7.711947484888654e-11, 7.171725462608562e-11, 7.280997762220859e-11, 7.725415080073921e-11, 5.344687407627182e-11, 7.660105378097427e-11, 2.68060710475101e-10, 7.345352219223255e-11, 6.496597227051012e-11, 7.418820203363808e-11, 7.144939040170994e-11, 3.062455853650301e-10, 7.630936690411938e-11]"
hMpxV/Australia/VIC-VIDRL-4022/2024|EPI_ISL_19459715|2024-07-08,"[1.0, 0.0, 0.0, 0.0, 0.0, 0.0, 0.0, 0.0, 0.0, 0.0, 0.0, 0.0, 0.0, 0.0, 0.0, 0.0, 0.0, 0.0, 0.0, 0.0, 0.0, 0.0, 0.0, 0.0, 0.0, 0.0, 0.0, 0.0, 0.0, 0.0, 0.0]"
hMpxV/Australia/VIC-VIDRL-4178/2024|EPI_ISL_19459784|2024-07-08,"[1.0, 0.0, 0.0, 0.0, 0.0, 0.0, 0.0, 0.0, 0.0, 0.0, 0.0, 0.0, 0.0, 0.0, 0.0, 0.0, 0.0, 0.0, 0.0, 0.0, 0.0, 0.0, 0.0, 0.0, 0.0, 0.0, 0.0, 0.0, 0.0, 0.0, 0.0]"
NODE_0000198,"[0.9999996551089984, 9.68140065756463e-09, 2.090071830878502e-08, 9.900121965500874e-09, 8.744288988887272e-09, 9.76891826232076e-09, 9.685825193959803e-09, 9.704867224566117e-09, 9.852831675550791e-09, 9.763248660738123e-09, 9.585085785098734e-09, 9.761774812807698e-09, 8.955942837575554e-09, 9.614803954613469e-09, 1.6919473699786738e-08, 6.937702393144926e-09, 9.505975955990084e-09, 9.761774812807994e-09, 9.761774812807994e-09, 9.1508227471016e-09, 8.440728746521138e-09, 9.872364998127448e-09, 6.986928398934746e-09, 9.705460657400757e-09, 3.026684643347252e-08, 9.310304257319644e-09, 8.464245010019655e-09, 9.383822049238918e-09, 9.12300031605283e-09, 3.570528468890496e-08, 9.674663087761799e-09]"
hMpxV/Australia/QLD-MX000131/2024|EPI_ISL_19539775|2024-10-02,"[1.0, 0.0, 0.0, 0.0, 0.0, 0.0, 0.0, 0.0, 0.0, 0.0, 0.0, 0.0, 0.0, 0.0, 0.0, 0.0, 0.0, 0.0, 0.0, 0.0, 0.0, 0.0, 0.0, 0.0, 0.0, 0.0, 0.0, 0.0, 0.0, 0.0, 0.0]"
hMpxV/Australia/QLD-MX000133/2024|EPI_ISL_19539777|2024-10-02,"[1.0, 0.0, 0.0, 0.0, 0.0, 0.0, 0.0, 0.0, 0.0, 0.0, 0.0, 0.0, 0.0, 0.0, 0.0, 0.0, 0.0, 0.0, 0.0, 0.0, 0.0, 0.0, 0.0, 0.0, 0.0, 0.0, 0.0, 0.0, 0.0, 0.0, 0.0]"
NODE_0000196,"[0.9999972716940221, 7.663572332513955e-08, 1.651637866817933e-07, 7.836022967062169e-08, 6.92735113685525e-08, 7.732034381171296e-08, 7.666378091660855e-08, 7.683829481322643e-08, 7.80311156441376e-08, 7.727459140576459e-08, 7.587751456066137e-08, 7.726007077644928e-08, 7.09276473066624e-08, 7.611012628629636e-08, 1.3341201813607115e-07, 5.502776832326268e-08, 7.529320112721581e-08, 7.726007077645026e-08, 7.726007077645027e-08, 7.245272081249792e-08, 6.650960043499078e-08, 7.817571714036403e-08, 5.558509899044468e-08, 7.684266515697224e-08, 2.384245579018288e-07, 7.36993498468877e-08, 6.720868739569773e-08, 7.427137749087502e-08, 7.227603984933701e-08, 2.822562795281025e-07, 7.661401762001963e-08]"
hMpxV/Australia/QLD-MX000106/2024|EPI_ISL_19539753|2024-09-24,"[1.0, 0.0, 0.0, 0.0, 0.0, 0.0, 0.0, 0.0, 0.0, 0.0, 0.0, 0.0, 0.0, 0.0, 0.0, 0.0, 0.0, 0.0, 0.0, 0.0, 0.0, 0.0, 0.0, 0.0, 0.0, 0.0, 0.0, 0.0, 0.0, 0.0, 0.0]"
NODE_0000197,"[0.9999999986769365, 3.553710566014199e-11, 8.513090246163576e-11, 3.633750761417588e-11, 3.1733572510966684e-11, 3.588538030736042e-11, 3.5637711421833926e-11, 3.564579324892348e-11, 3.605011484598472e-11, 3.584830517355909e-11, 3.5278501092887614e-11, 3.5929136300227644e-11, 3.2594160962233084e-11, 3.509825829109451e-11, 7.03275332285483e-11, 2.458368908515566e-11, 3.4276330891842424e-11, 3.592913630023199e-11, 3.592913630023199e-11, 3.324862513982083e-11, 3.5837889907873495e-11, 3.577902048429582e-11, 2.4275013417605392e-11, 3.564961072198791e-11, 1.3386591973670368e-10, 3.4188465867214816e-11, 2.9648977442655236e-11, 3.4576389725335946e-11, 3.308142874561383e-11, 1.4966877559823835e-10, 3.549103025371829e-11]"
hMpxV/Australia/QLD-MX000120/2024|EPI_ISL_19539764|2024-10-01,"[1.0, 0.0, 0.0, 0.0, 0.0, 0.0, 0.0, 0.0, 0.0, 0.0, 0.0, 0.0, 0.0, 0.0, 0.0, 0.0, 0.0, 0.0, 0.0, 0.0, 0.0, 0.0, 0.0, 0.0, 0.0, 0.0, 0.0, 0.0, 0.0, 0.0, 0.0]"
hMpxV/Australia/QLD-MX000119/2024|EPI_ISL_19539763|2024-09-30,"[0.9999999999999999, 0.0, 0.0, 0.0, 0.0, 0.0, 0.0, 0.0, 0.0, 0.0, 0.0, 0.0, 0.0, 0.0, 0.0, 0.0, 0.0, 0.0, 0.0, 0.0, 0.0, 0.0, 0.0, 0.0, 0.0, 0.0, 0.0, 0.0, 0.0, 0.0, 0.0]"
NODE_0000201,"[0.9999999999998072, 3.918950482490061e-15, 1.5787312334246013e-14, 3.984770154104876e-15, 3.453574160845854e-15, 3.9519211251398796e-15, 3.962573563012288e-15, 3.9958696068536536e-15, 4.015926496436675e-15, 3.93745669873798e-15, 3.962778604288009e-15, 3.985724103974556e-15, 3.5214503048889355e-15, 3.773618166672554e-15, 1.2272053026913824e-14, 2.514321280018465e-15, 3.578914505466051e-15, 3.985724103974996e-15, 3.985724103974997e-15, 3.50924030432222e-15, 7.032086323139841e-15, 3.750865815906878e-15, 2.5410135921033662e-15, 3.9967956957044044e-15, 3.0731297570547763e-14, 3.792903606160893e-15, 2.961601850717217e-15, 3.878947328339514e-15, 3.56924569785841e-15, 3.4693567755763586e-14, 3.995309585398721e-15]"
hMpxV/Australia/QLD-MX000140/2024|EPI_ISL_19539784|2024-09-30,"[0.9999999999999999, 0.0, 0.0, 0.0, 0.0, 0.0, 0.0, 0.0, 0.0, 0.0, 0.0, 0.0, 0.0, 0.0, 0.0, 0.0, 0.0, 0.0, 0.0, 0.0, 0.0, 0.0, 0.0, 0.0, 0.0, 0.0, 0.0, 0.0, 0.0, 0.0, 0.0]"
hMpxV/Australia/QLD-MX000141/2024|EPI_ISL_19539785|2024-09-30,"[0.9999999999999999, 0.0, 0.0, 0.0, 0.0, 0.0, 0.0, 0.0, 0.0, 0.0, 0.0, 0.0, 0.0, 0.0, 0.0, 0.0, 0.0, 0.0, 0.0, 0.0, 0.0, 0.0, 0.0, 0.0, 0.0, 0.0, 0.0, 0.0, 0.0, 0.0, 0.0]"
hMpxV/Australia/QLD-MX000107/2024|EPI_ISL_19539754|2024-09-25,"[0.9999999999999999, 0.0, 0.0, 0.0, 0.0, 0.0, 0.0, 0.0, 0.0, 0.0, 0.0, 0.0, 0.0, 0.0, 0.0, 0.0, 0.0, 0.0, 0.0, 0.0, 0.0, 0.0, 0.0, 0.0, 0.0, 0.0, 0.0, 0.0, 0.0, 0.0, 0.0]"
hMpxV/Australia/QLD-MX000117/2024|EPI_ISL_19539761|2024-09-30,"[0.9999999999999999, 0.0, 0.0, 0.0, 0.0, 0.0, 0.0, 0.0, 0.0, 0.0, 0.0, 0.0, 0.0, 0.0, 0.0, 0.0, 0.0, 0.0, 0.0, 0.0, 0.0, 0.0, 0.0, 0.0, 0.0, 0.0, 0.0, 0.0, 0.0, 0.0, 0.0]"
NODE_0000191,"[0.9999940568064878, 1.6703719319361982e-07, 3.5944825503903935e-07, 1.7078882536376342e-07, 1.510606568336565e-07, 1.6851995869735858e-07, 1.6708834982625135e-07, 1.674957478513007e-07, 1.7012279196709537e-07, 1.6841980375602455e-07, 1.653860246864557e-07, 1.6838246745551344e-07, 1.5464095263855246e-07, 1.6589927964653768e-07, 2.900028369649969e-07, 1.200850219773765e-07, 1.6417903262420482e-07, 1.6838246745551535e-07, 1.6838246745551535e-07, 1.5794842700651177e-07, 1.445047354749181e-07, 1.7043823022886107e-07, 1.2149469852100553e-07, 1.6750487514141182e-07, 5.17814076291146e-07, 1.6063773624775699e-07, 1.467556064841662e-07, 1.6187038644076869e-07, 1.5761142853556057e-07, 6.142672557762173e-07, 1.6702392268950532e-07]"
hMpxV/Australia/QLD-MX000109/2024|EPI_ISL_19539756|2024-09-24,"[1.0, 0.0, 0.0, 0.0, 0.0, 0.0, 0.0, 0.0, 0.0, 0.0, 0.0, 0.0, 0.0, 0.0, 0.0, 0.0, 0.0, 0.0, 0.0, 0.0, 0.0, 0.0, 0.0, 0.0, 0.0, 0.0, 0.0, 0.0, 0.0, 0.0, 0.0]"
NODE_0000192,"[0.9999999999112904, 2.0453946535319072e-12, 6.656513811434882e-12, 2.0853630968177793e-12, 1.8064225290301234e-12, 2.064540184050972e-12, 2.0617173497890575e-12, 2.0695426688679898e-12, 2.0833124363773165e-12, 2.059253001567233e-12, 2.051930237920178e-12, 2.076356389431639e-12, 1.850451912841257e-12, 1.9897574440960347e-12, 5.3708325348518615e-12, 1.3434421498909146e-12, 1.905299063100067e-12, 2.0763563894316745e-12, 2.076356389431684e-12, 1.8638693284001326e-12, 2.9299121184195246e-12, 1.996863692784223e-12, 1.3333634422126063e-12, 2.069930359976633e-12, 1.2055215432954686e-11, 1.974107344205863e-12, 1.5941518550511369e-12, 2.010553843097081e-12, 1.8743037244710838e-12, 1.3270285689729257e-11, 2.06410462463021e-12]"
hMpxV/Australia/QLD-MX000135/2024|EPI_ISL_19539779|2024-10-02,"[1.0, 0.0, 0.0, 0.0, 0.0, 0.0, 0.0, 0.0, 0.0, 0.0, 0.0, 0.0, 0.0, 0.0, 0.0, 0.0, 0.0, 0.0, 0.0, 0.0, 0.0, 0.0, 0.0, 0.0, 0.0, 0.0, 0.0, 0.0, 0.0, 0.0, 0.0]"
hMpxV/Australia/QLD-MX000134/2024|EPI_ISL_19539778|2024-10-02,"[1.0, 0.0, 0.0, 0.0, 0.0, 0.0, 0.0, 0.0, 0.0, 0.0, 0.0, 0.0, 0.0, 0.0, 0.0, 0.0, 0.0, 0.0, 0.0, 0.0, 0.0, 0.0, 0.0, 0.0, 0.0, 0.0, 0.0, 0.0, 0.0, 0.0, 0.0]"
NODE_0000193,"[0.9999999928494735, 1.921227841633758e-10, 4.5986707415066644e-10, 1.96462690290731e-10, 1.7148015991306942e-10, 1.9401743215578213e-10, 1.9267294288504094e-10, 1.9267806407539958e-10, 1.9483594304218198e-10, 1.9381876011208382e-10, 1.9071028032051872e-10, 1.942573570282064e-10, 1.7617139464128329e-10, 1.8975327005696338e-10, 3.8060068240668844e-10, 1.3276724225876913e-10, 1.852511176507093e-10, 1.942573570282064e-10, 1.9425735702820647e-10, 1.7974409719865962e-10, 1.9389225065098182e-10, 1.9341198784026803e-10, 1.3089797251439294e-10, 1.9269897142918656e-10, 7.241866725747953e-10, 1.8482381450267123e-10, 1.6005438586014097e-10, 1.8693087769761035e-10, 1.7877107640514706e-10, 8.07314422061022e-10, 1.918179409216877e-10]"
hMpxV/Australia/QLD-MX000122/2024|EPI_ISL_19539766|2024-10-02,"[1.0, 0.0, 0.0, 0.0, 0.0, 0.0, 0.0, 0.0, 0.0, 0.0, 0.0, 0.0, 0.0, 0.0, 0.0, 0.0, 0.0, 0.0, 0.0, 0.0, 0.0, 0.0, 0.0, 0.0, 0.0, 0.0, 0.0, 0.0, 0.0, 0.0, 0.0]"
hMpxV/Australia/QLD-MX000132/2024|EPI_ISL_19539776|2024-10-02,"[1.0, 0.0, 0.0, 0.0, 0.0, 0.0, 0.0, 0.0, 0.0, 0.0, 0.0, 0.0, 0.0, 0.0, 0.0, 0.0, 0.0, 0.0, 0.0, 0.0, 0.0, 0.0, 0.0, 0.0, 0.0, 0.0, 0.0, 0.0, 0.0, 0.0, 0.0]"
NODE_0000199,"[0.9999999832543034, 4.13584165057307e-10, 1.1906652472966697e-09, 4.216355522285096e-10, 3.705676053740556e-10, 4.1701812482460643e-10, 4.156886054438347e-10, 4.183204879792679e-10, 4.231666053844377e-10, 4.1615677020136194e-10, 4.136658935038594e-10, 4.1843641989802474e-10, 3.7816919753061115e-10, 4.048913747749073e-10, 9.354446843588415e-10, 2.8381342496450277e-10, 3.936005729460973e-10, 4.1843641989802484e-10, 4.184364198980264e-10, 3.814631529242692e-10, 4.972593586675701e-10, 4.0996771528876197e-10, 2.8967353745322395e-10, 4.183734521158189e-10, 1.9518443036082796e-09, 3.989920970125885e-10, 3.4194165581271714e-10, 4.046776901907512e-10, 3.8488178042853424e-10, 2.2969732943099573e-09, 4.179511265205271e-10]"
hMpxV/Australia/QLD-MX000139/2024|EPI_ISL_19539783|2024-09-30,"[0.9999999999999999, 0.0, 0.0, 0.0, 0.0, 0.0, 0.0, 0.0, 0.0, 0.0, 0.0, 0.0, 0.0, 0.0, 0.0, 0.0, 0.0, 0.0, 0.0, 0.0, 0.0, 0.0, 0.0, 0.0, 0.0, 0.0, 0.0, 0.0, 0.0, 0.0, 0.0]"
hMpxV/Australia/QLD-MX000156/2024|EPI_ISL_19539797|2024-10-14,"[1.0, 0.0, 0.0, 0.0, 0.0, 0.0, 0.0, 0.0, 0.0, 0.0, 0.0, 0.0, 0.0, 0.0, 0.0, 0.0, 0.0, 0.0, 0.0, 0.0, 0.0, 0.0, 0.0, 0.0, 0.0, 0.0, 0.0, 0.0, 0.0, 0.0, 0.0]"
NODE_0000200,"[0.9999999999551519, 1.0384267735495293e-12, 3.3544329516562284e-12, 1.0587922069276645e-12, 9.1731177332301e-13, 1.0481582835167417e-12, 1.046591629759306e-12, 1.050466702285054e-12, 1.0575624309747599e-12, 1.0455104164804318e-12, 1.041490108500225e-12, 1.0540516294728635e-12, 9.397412204485555e-13, 1.0105229139301669e-12, 2.7086876849861546e-12, 6.828237113697354e-13, 9.680424152040948e-13, 1.0540516294729085e-12, 1.0540516294729229e-12, 9.468373739817935e-13, 1.475028587426861e-12, 1.0144989504909959e-12, 6.776155553801496e-13, 1.0506613604080738e-12, 6.055190105310221e-12, 1.0021529065537389e-12, 8.105773834466735e-13, 1.0204923232053694e-12, 9.518973812690321e-13, 6.664767693728752e-12, 1.0476582903652432e-12]"
hMpxV/Australia/QLD-MX000097/2024|EPI_ISL_19539745|2024-09-17,"[1.0, 0.0, 0.0, 0.0, 0.0, 0.0, 0.0, 0.0, 0.0, 0.0, 0.0, 0.0, 0.0, 0.0, 0.0, 0.0, 0.0, 0.0, 0.0, 0.0, 0.0, 0.0, 0.0, 0.0, 0.0, 0.0, 0.0, 0.0, 0.0, 0.0, 0.0]"
hMpxV/Australia/QLD-MX000103/2024|EPI_ISL_19539750|2024-09-24,"[1.0, 0.0, 0.0, 0.0, 0.0, 0.0, 0.0, 0.0, 0.0, 0.0, 0.0, 0.0, 0.0, 0.0, 0.0, 0.0, 0.0, 0.0, 0.0, 0.0, 0.0, 0.0, 0.0, 0.0, 0.0, 0.0, 0.0, 0.0, 0.0, 0.0, 0.0]"
hMpxV/Australia/QLD-MX000118/2024|EPI_ISL_19539762|2024-09-30,"[1.0, 0.0, 0.0, 0.0, 0.0, 0.0, 0.0, 0.0, 0.0, 0.0, 0.0, 0.0, 0.0, 0.0, 0.0, 0.0, 0.0, 0.0, 0.0, 0.0, 0.0, 0.0, 0.0, 0.0, 0.0, 0.0, 0.0, 0.0, 0.0, 0.0, 0.0]"
NODE_0000202,"[0.9999976350509177, 6.617648467324282e-08, 1.4398670363900678e-07, 6.766111937401654e-08, 5.978167965129271e-08, 6.676800597035916e-08, 6.621277154699427e-08, 6.636575333299935e-08, 6.738187109629265e-08, 6.672487644962827e-08, 6.554249835669301e-08, 6.672720600585794e-08, 6.121388144594258e-08, 6.568604894490903e-08, 1.1637730563262064e-07, 4.741013426711442e-08, 6.492486212244549e-08, 6.672720600585815e-08, 6.672720600585818e-08, 6.250860667099621e-08, 5.8114734866063226e-08, 6.743439867618703e-08, 4.7891105150557114e-08, 6.636964568256876e-08, 2.0917165554812548e-07, 6.364409170800074e-08, 5.787922012167242e-08, 6.415478641084927e-08, 6.236923980129088e-08, 2.468435400123585e-07, 6.61724429292634e-08]"
NODE_0000204,"[0.9999999993028181, 1.8770577169965434e-11, 4.472661256489327e-11, 1.9193575381823843e-11, 1.67694310027469e-11, 1.895396007378389e-11, 1.8821652039358252e-11, 1.882700131875847e-11, 1.9043742488390376e-11, 1.893476557032379e-11, 1.8631402825990722e-11, 1.8975411374640244e-11, 1.7222676566635935e-11, 1.8543367462142024e-11, 3.693087924331432e-11, 1.3004839902526727e-11, 1.81186256313068e-11, 1.897541137464366e-11, 1.8975411374643615e-11, 1.757025954783989e-11, 1.8795740912579523e-11, 1.8909596388940788e-11, 1.2853163417310843e-11, 1.8828971248076224e-11, 7.007948539310613e-11, 1.8057588294993464e-11, 1.5693512232664023e-11, 1.8259646009056835e-11, 1.748286044117334e-11, 7.848549346072533e-11, 1.8746075825199895e-11]"
hMpxV/Australia/QLD-MX000096/2024|EPI_ISL_19539744|2024-09-17,"[0.9999999999999999, 0.0, 0.0, 0.0, 0.0, 0.0, 0.0, 0.0, 0.0, 0.0, 0.0, 0.0, 0.0, 0.0, 0.0, 0.0, 0.0, 0.0, 0.0, 0.0, 0.0, 0.0, 0.0, 0.0, 0.0, 0.0, 0.0, 0.0, 0.0, 0.0, 0.0]"
hMpxV/Australia/QLD-MX000098/2024|EPI_ISL_19539746|2024-09-17,"[0.9999999999999999, 0.0, 0.0, 0.0, 0.0, 0.0, 0.0, 0.0, 0.0, 0.0, 0.0, 0.0, 0.0, 0.0, 0.0, 0.0, 0.0, 0.0, 0.0, 0.0, 0.0, 0.0, 0.0, 0.0, 0.0, 0.0, 0.0, 0.0, 0.0, 0.0, 0.0]"
NODE_0000203,"[0.9999999999999999, 2.0042169936765463e-18, 1.2284170516630993e-17, 2.0310111990778627e-18, 1.7310307028504684e-18, 2.0210570465741092e-18, 2.0415696190778717e-18, 2.064769774818347e-18, 2.05896690188804e-18, 2.0095314898935004e-18, 2.0546788976045373e-18, 2.0514562280890394e-18, 1.7630673209243367e-18, 1.8898421466518593e-18, 9.418323030304082e-18, 1.1842176030934901e-18, 1.7383339213510625e-18, 2.051456228089103e-18, 2.0514562280892008e-18, 1.72989664406618e-18, 5.917677006214218e-18, 1.8366287603183636e-18, 1.189036212009392e-18, 2.065496346262741e-18, 2.9732313595091896e-17, 1.947312642377292e-18, 1.3593849392732407e-18, 2.0120007798497692e-18, 1.7786362860044864e-18, 3.182188836906919e-17, 2.0668768093907263e-18]"
hMpxV/Australia/QLD-MX000065/2024|EPI_ISL_19539713|2024-09-06,"[1.0, 0.0, 0.0, 0.0, 0.0, 0.0, 0.0, 0.0, 0.0, 0.0, 0.0, 0.0, 0.0, 0.0, 0.0, 0.0, 0.0, 0.0, 0.0, 0.0, 0.0, 0.0, 0.0, 0.0, 0.0, 0.0, 0.0, 0.0, 0.0, 0.0, 0.0]"
hMpxV/Australia/QLD-MX000067/2024|EPI_ISL_19539715|2024-09-09,"[0.9999999999999999, 0.0, 0.0, 0.0, 0.0, 0.0, 0.0, 0.0, 0.0, 0.0, 0.0, 0.0, 0.0, 0.0, 0.0, 0.0, 0.0, 0.0, 0.0, 0.0, 0.0, 0.0, 0.0, 0.0, 0.0, 0.0, 0.0, 0.0, 0.0, 0.0, 0.0]"
hMpxV/Australia/QLD-MX000080/2024|EPI_ISL_19539728|2024-09-13,"[0.9999999999999999, 0.0, 0.0, 0.0, 0.0, 0.0, 0.0, 0.0, 0.0, 0.0, 0.0, 0.0, 0.0, 0.0, 0.0, 0.0, 0.0, 0.0, 0.0, 0.0, 0.0, 0.0, 0.0, 0.0, 0.0, 0.0, 0.0, 0.0, 0.0, 0.0, 0.0]"
hMpxV/Australia/QLD-MX000104/2024|EPI_ISL_19539751|2024-09-23,"[0.9999999999999999, 0.0, 0.0, 0.0, 0.0, 0.0, 0.0, 0.0, 0.0, 0.0, 0.0, 0.0, 0.0, 0.0, 0.0, 0.0, 0.0, 0.0, 0.0, 0.0, 0.0, 0.0, 0.0, 0.0, 0.0, 0.0, 0.0, 0.0, 0.0, 0.0, 0.0]"
hMpxV/Australia/QLD-MX000110/2024|EPI_ISL_19539757|2024-09-25,"[0.9999999999999999, 0.0, 0.0, 0.0, 0.0, 0.0, 0.0, 0.0, 0.0, 0.0, 0.0, 0.0, 0.0, 0.0, 0.0, 0.0, 0.0, 0.0, 0.0, 0.0, 0.0, 0.0, 0.0, 0.0, 0.0, 0.0, 0.0, 0.0, 0.0, 0.0, 0.0]"
NODE_0000194,"[1.0, 4.7653309123111166e-23, 6.178635238882776e-22, 4.788833970152952e-23, 4.0443303783103136e-23, 4.7946189282518883e-23, 4.911686954562357e-23, 5.0300606598803115e-23, 4.9733973743639465e-23, 4.7488803031037326e-23, 5.018577706417336e-23, 4.9182217647819006e-23, 4.0731496796705457e-23, 4.3304678810829556e-23, 4.322791744587643e-22, 2.534360411917906e-23, 3.821764185547552e-23, 4.918221764782146e-23, 4.9182217647821116e-23, 3.8608258187366976e-23, 3.2111020557877216e-22, 4.060055307923664e-23, 2.651489463237195e-23, 5.032685386285413e-23, 2.0245072626122884e-21, 4.670509865722849e-23, 2.8187937298958543e-23, 4.9031271375049315e-23, 4.10428243476128e-23, 2.207919782693421e-21, 5.068274479799808e-23]"
hMpxV/Australia/QLD-MX000121/2024|EPI_ISL_19539765|2024-10-02,"[0.9999999999999999, 0.0, 0.0, 0.0, 0.0, 0.0, 0.0, 0.0, 0.0, 0.0, 0.0, 0.0, 0.0, 0.0, 0.0, 0.0, 0.0, 0.0, 0.0, 0.0, 0.0, 0.0, 0.0, 0.0, 0.0, 0.0, 0.0, 0.0, 0.0, 0.0, 0.0]"
hMpxV/Australia/QLD-MX000129/2024|EPI_ISL_19539773|2024-10-02,"[0.9999999999999999, 0.0, 0.0, 0.0, 0.0, 0.0, 0.0, 0.0, 0.0, 0.0, 0.0, 0.0, 0.0, 0.0, 0.0, 0.0, 0.0, 0.0, 0.0, 0.0, 0.0, 0.0, 0.0, 0.0, 0.0, 0.0, 0.0, 0.0, 0.0, 0.0, 0.0]"
hMpxV/Australia/QLD-MX000130/2024|EPI_ISL_19539774|2024-10-02,"[0.9999999999999999, 0.0, 0.0, 0.0, 0.0, 0.0, 0.0, 0.0, 0.0, 0.0, 0.0, 0.0, 0.0, 0.0, 0.0, 0.0, 0.0, 0.0, 0.0, 0.0, 0.0, 0.0, 0.0, 0.0, 0.0, 0.0, 0.0, 0.0, 0.0, 0.0, 0.0]"
hMpxV/Australia/QLD-MX000148/2024|EPI_ISL_19539789|2024-10-15,"[1.0, 0.0, 0.0, 0.0, 0.0, 0.0, 0.0, 0.0, 0.0, 0.0, 0.0, 0.0, 0.0, 0.0, 0.0, 0.0, 0.0, 0.0, 0.0, 0.0, 0.0, 0.0, 0.0, 0.0, 0.0, 0.0, 0.0, 0.0, 0.0, 0.0, 0.0]"
hMpxV/Australia/QLD-MX000149/2024|EPI_ISL_19539790|2024-10-15,"[1.0, 0.0, 0.0, 0.0, 0.0, 0.0, 0.0, 0.0, 0.0, 0.0, 0.0, 0.0, 0.0, 0.0, 0.0, 0.0, 0.0, 0.0, 0.0, 0.0, 0.0, 0.0, 0.0, 0.0, 0.0, 0.0, 0.0, 0.0, 0.0, 0.0, 0.0]"
hMpxV/Australia/QLD-MX000157/2024|EPI_ISL_19539798|2024-10-15,"[1.0, 0.0, 0.0, 0.0, 0.0, 0.0, 0.0, 0.0, 0.0, 0.0, 0.0, 0.0, 0.0, 0.0, 0.0, 0.0, 0.0, 0.0, 0.0, 0.0, 0.0, 0.0, 0.0, 0.0, 0.0, 0.0, 0.0, 0.0, 0.0, 0.0, 0.0]"
hMpxV/Australia/QLD-MX000158/2024|EPI_ISL_19539799|2024-10-17,"[1.0, 0.0, 0.0, 0.0, 0.0, 0.0, 0.0, 0.0, 0.0, 0.0, 0.0, 0.0, 0.0, 0.0, 0.0, 0.0, 0.0, 0.0, 0.0, 0.0, 0.0, 0.0, 0.0, 0.0, 0.0, 0.0, 0.0, 0.0, 0.0, 0.0, 0.0]"
NODE_0000195,"[0.9999999991004049, 2.4199705588882957e-11, 5.777001328629162e-11, 2.4745994846305067e-11, 2.16082787245192e-11, 2.443748348523867e-11, 2.42673187689261e-11, 2.427021388279794e-11, 2.454530688983473e-11, 2.4412662783957257e-11, 2.402056064914561e-11, 2.446641550187328e-11, 2.2196727763245955e-11, 2.3904336150933444e-11, 4.7772463636015406e-11, 1.6742828162773133e-11, 2.334609573562414e-11, 2.446641550187667e-11, 2.446641550187667e-11, 2.2646702947975268e-11, 2.432343555789919e-11, 2.4370635670642718e-11, 1.6523022963479878e-11, 2.427280444342302e-11, 9.075459852723893e-11, 2.3280236171126686e-11, 2.01926878791233e-11, 2.3543263942185986e-11, 2.2527473824448468e-11, 1.0135757336290653e-10, 2.4163359589556862e-11]"
hMpxV/Australia/QLD-MX000125/2024|EPI_ISL_19539769|2024-10-03,"[1.0, 0.0, 0.0, 0.0, 0.0, 0.0, 0.0, 0.0, 0.0, 0.0, 0.0, 0.0, 0.0, 0.0, 0.0, 0.0, 0.0, 0.0, 0.0, 0.0, 0.0, 0.0, 0.0, 0.0, 0.0, 0.0, 0.0, 0.0, 0.0, 0.0, 0.0]"
hMpxV/Australia/QLD-MX000108/2024|EPI_ISL_19539755|2024-09-23,"[1.0, 0.0, 0.0, 0.0, 0.0, 0.0, 0.0, 0.0, 0.0, 0.0, 0.0, 0.0, 0.0, 0.0, 0.0, 0.0, 0.0, 0.0, 0.0, 0.0, 0.0, 0.0, 0.0, 0.0, 0.0, 0.0, 0.0, 0.0, 0.0, 0.0, 0.0]"
NODE_0000187,"[0.9999999999060724, 2.2082541453967827e-12, 6.951220480403212e-12, 2.2513465183576453e-12, 1.957695040908562e-12, 2.228271577317552e-12, 2.2241739477927906e-12, 2.2341590562500104e-12, 2.2519821063099654e-12, 2.222834470151091e-12, 2.2135810705912987e-12, 2.2396823418942994e-12, 2.0034805255458913e-12, 2.151627990659e-12, 5.572896855894715e-12, 1.4673365346603006e-12, 2.0684268213211083e-12, 2.239682341894484e-12, 2.239682341894502e-12, 2.018704728413818e-12, 3.0170865528378802e-12, 2.164555301999552e-12, 1.4682943119839411e-12, 2.234537534545143e-12, 1.2265911385961031e-11, 2.1309610306486963e-12, 1.7488413452319149e-12, 2.167923680279808e-12, 2.0319675697446987e-12, 1.3723164832788084e-11, 2.2293534897108664e-12]"
hMpxV/Australia/VIC-VIDRL-6937/2024|EPI_ISL_19459780|2024-06-11,"[0.9999999999999999, 0.0, 0.0, 0.0, 0.0, 0.0, 0.0, 0.0, 0.0, 0.0, 0.0, 0.0, 0.0, 0.0, 0.0, 0.0, 0.0, 0.0, 0.0, 0.0, 0.0, 0.0, 0.0, 0.0, 0.0, 0.0, 0.0, 0.0, 0.0, 0.0, 0.0]"
hMpxV/Australia/VIC-VIDRL-6445/2024|EPI_ISL_19459705|2024-06-07,"[0.9999999999999999, 0.0, 0.0, 0.0, 0.0, 0.0, 0.0, 0.0, 0.0, 0.0, 0.0, 0.0, 0.0, 0.0, 0.0, 0.0, 0.0, 0.0, 0.0, 0.0, 0.0, 0.0, 0.0, 0.0, 0.0, 0.0, 0.0, 0.0, 0.0, 0.0, 0.0]"
NODE_0000188,"[1.0, 6.04177401533635e-24, 1.1576625233865521e-22, 6.032246814874e-24, 5.168552386690114e-24, 6.0587303764090575e-24, 6.256673419490218e-24, 6.493903860317604e-24, 6.426229500193005e-24, 5.9874414709064614e-24, 6.466315928736994e-24, 6.243884011310591e-24, 5.133386486279946e-24, 5.38674144495637e-24, 7.270397141925988e-23, 3.164565003443069e-24, 4.709529897543e-24, 6.2438840113112166e-24, 6.243884011311212e-24, 4.748898854988903e-24, 5.897306445673925e-23, 4.980985497352449e-24, 3.5721484845019785e-24, 6.4974958610273244e-24, 4.147114700012044e-22, 5.956058338595617e-24, 3.519998954060259e-24, 6.2903117924710876e-24, 5.2056390793912334e-24, 5.042671438410088e-22, 6.5935432409057745e-24]"
hMpxV/Australia/VIC-VIDRL-3955/2024|EPI_ISL_19459711|2024-07-07,"[0.9999999999999999, 0.0, 0.0, 0.0, 0.0, 0.0, 0.0, 0.0, 0.0, 0.0, 0.0, 0.0, 0.0, 0.0, 0.0, 0.0, 0.0, 0.0, 0.0, 0.0, 0.0, 0.0, 0.0, 0.0, 0.0, 0.0, 0.0, 0.0, 0.0, 0.0, 0.0]"
hMpxV/Australia/QLD-MX000038/2024|EPI_ISL_19539687|2024-07-30,"[1.0, 0.0, 0.0, 0.0, 0.0, 0.0, 0.0, 0.0, 0.0, 0.0, 0.0, 0.0, 0.0, 0.0, 0.0, 0.0, 0.0, 0.0, 0.0, 0.0, 0.0, 0.0, 0.0, 0.0, 0.0, 0.0, 0.0, 0.0, 0.0, 0.0, 0.0]"
hMpxV/Australia/QLD-MX000040/2024|EPI_ISL_19539689|2024-07-30,"[1.0, 0.0, 0.0, 0.0, 0.0, 0.0, 0.0, 0.0, 0.0, 0.0, 0.0, 0.0, 0.0, 0.0, 0.0, 0.0, 0.0, 0.0, 0.0, 0.0, 0.0, 0.0, 0.0, 0.0, 0.0, 0.0, 0.0, 0.0, 0.0, 0.0, 0.0]"
hMpxV/Australia/QLD-MX000138/2024|EPI_ISL_19539782|2024-09-12,"[1.0, 0.0, 0.0, 0.0, 0.0, 0.0, 0.0, 0.0, 0.0, 0.0, 0.0, 0.0, 0.0, 0.0, 0.0, 0.0, 0.0, 0.0, 0.0, 0.0, 0.0, 0.0, 0.0, 0.0, 0.0, 0.0, 0.0, 0.0, 0.0, 0.0, 0.0]"
hMpxV/Australia/QLD-MX000066/2024|EPI_ISL_19539714|2024-09-05,"[1.0, 0.0, 0.0, 0.0, 0.0, 0.0, 0.0, 0.0, 0.0, 0.0, 0.0, 0.0, 0.0, 0.0, 0.0, 0.0, 0.0, 0.0, 0.0, 0.0, 0.0, 0.0, 0.0, 0.0, 0.0, 0.0, 0.0, 0.0, 0.0, 0.0, 0.0]"
hMpxV/Australia/QLD-MX000079/2024|EPI_ISL_19539726|2024-09-12,"[1.0, 0.0, 0.0, 0.0, 0.0, 0.0, 0.0, 0.0, 0.0, 0.0, 0.0, 0.0, 0.0, 0.0, 0.0, 0.0, 0.0, 0.0, 0.0, 0.0, 0.0, 0.0, 0.0, 0.0, 0.0, 0.0, 0.0, 0.0, 0.0, 0.0, 0.0]"
hMpxV/Australia/QLD-MX000082/2024|EPI_ISL_19539730|2024-09-15,"[0.9999999999999999, 0.0, 0.0, 0.0, 0.0, 0.0, 0.0, 0.0, 0.0, 0.0, 0.0, 0.0, 0.0, 0.0, 0.0, 0.0, 0.0, 0.0, 0.0, 0.0, 0.0, 0.0, 0.0, 0.0, 0.0, 0.0, 0.0, 0.0, 0.0, 0.0, 0.0]"
hMpxV/Australia/QLD-MX000081/2024|EPI_ISL_19539729|2024-09-12,"[1.0, 0.0, 0.0, 0.0, 0.0, 0.0, 0.0, 0.0, 0.0, 0.0, 0.0, 0.0, 0.0, 0.0, 0.0, 0.0, 0.0, 0.0, 0.0, 0.0, 0.0, 0.0, 0.0, 0.0, 0.0, 0.0, 0.0, 0.0, 0.0, 0.0, 0.0]"
hMpxV/Australia/QLD-MX000094/2024|EPI_ISL_19539742|2024-09-19,"[1.0, 0.0, 0.0, 0.0, 0.0, 0.0, 0.0, 0.0, 0.0, 0.0, 0.0, 0.0, 0.0, 0.0, 0.0, 0.0, 0.0, 0.0, 0.0, 0.0, 0.0, 0.0, 0.0, 0.0, 0.0, 0.0, 0.0, 0.0, 0.0, 0.0, 0.0]"
NODE_0000189,"[0.9999997440834271, 7.071536697586492e-09, 1.5866255227293026e-08, 7.229472126319632e-09, 6.369940118006083e-09, 7.135742180637499e-09, 7.080077996405846e-09, 7.094529535097203e-09, 7.196245582750795e-09, 7.130029301232823e-09, 7.010026369348329e-09, 7.135446507176919e-09, 6.526604967254624e-09, 7.007009906781154e-09, 1.2883940778817662e-08, 5.01952021051878e-09, 6.90266377252551e-09, 7.135446507177559e-09, 7.1354465071775685e-09, 6.6597085598685115e-09, 6.471179986115344e-09, 7.179609525326182e-09, 5.053739712191616e-09, 7.095016992788359e-09, 2.3588499023144414e-08, 6.801776889918486e-09, 6.112345347961734e-09, 6.862874927675173e-09, 6.6443365845539815e-09, 2.744519530080144e-08, 7.0723559708474095e-09]"
hMpxV/Australia/QLD-MX000056/2024|EPI_ISL_19539704|2024-09-01,"[0.9999999999999999, 0.0, 0.0, 0.0, 0.0, 0.0, 0.0, 0.0, 0.0, 0.0, 0.0, 0.0, 0.0, 0.0, 0.0, 0.0, 0.0, 0.0, 0.0, 0.0, 0.0, 0.0, 0.0, 0.0, 0.0, 0.0, 0.0, 0.0, 0.0, 0.0, 0.0]"
hMpxV/Australia/QLD-MX000116/2024|EPI_ISL_19539760|2024-09-30,"[1.0, 0.0, 0.0, 0.0, 0.0, 0.0, 0.0, 0.0, 0.0, 0.0, 0.0, 0.0, 0.0, 0.0, 0.0, 0.0, 0.0, 0.0, 0.0, 0.0, 0.0, 0.0, 0.0, 0.0, 0.0, 0.0, 0.0, 0.0, 0.0, 0.0, 0.0]"
NODE_0000165,"[1.0, 6.3312995879166185e-71, 3.970507655706311e-67, 5.983851486609477e-71, 4.379694656698951e-71, 6.299274113977591e-71, 7.225693742790825e-71, 8.011877209057198e-71, 7.253674686487606e-71, 6.0475056044535594e-71, 8.261420811321374e-71, 7.068836015465742e-71, 4.142400345741862e-71, 4.236228321345584e-71, 1.621393225026539e-67, 1.2328737717186031e-71, 2.5452682833460604e-71, 7.068836015466562e-71, 7.068836015466562e-71, 3.0194688685088428e-71, 4.752523745019702e-67, 2.9112896478679456e-71, 1.5204024861557256e-71, 8.028518251867452e-71, 2.0855102768710715e-65, 6.630148441061859e-71, 1.0067303396380153e-71, 7.9993322329706e-71, 4.0373798265272586e-71, 1.8386737955116657e-65, 8.397076985675553e-71]"
hMpxV/Australia/QLD-MX000033/2024|EPI_ISL_19539683|2024-06-24,"[1.0, 0.0, 0.0, 0.0, 0.0, 0.0, 0.0, 0.0, 0.0, 0.0, 0.0, 0.0, 0.0, 0.0, 0.0, 0.0, 0.0, 0.0, 0.0, 0.0, 0.0, 0.0, 0.0, 0.0, 0.0, 0.0, 0.0, 0.0, 0.0, 0.0, 0.0]"
hMpxV/Australia/QLD-MX000037/2024|EPI_ISL_19539686|2024-07-29,"[1.0, 0.0, 0.0, 0.0, 0.0, 0.0, 0.0, 0.0, 0.0, 0.0, 0.0, 0.0, 0.0, 0.0, 0.0, 0.0, 0.0, 0.0, 0.0, 0.0, 0.0, 0.0, 0.0, 0.0, 0.0, 0.0, 0.0, 0.0, 0.0, 0.0, 0.0]"
hMpxV/Australia/VIC-VIDRL-9145/2024|EPI_ISL_19459712|2024-06-18,"[1.0, 0.0, 0.0, 0.0, 0.0, 0.0, 0.0, 0.0, 0.0, 0.0, 0.0, 0.0, 0.0, 0.0, 0.0, 0.0, 0.0, 0.0, 0.0, 0.0, 0.0, 0.0, 0.0, 0.0, 0.0, 0.0, 0.0, 0.0, 0.0, 0.0, 0.0]"
hMpxV/Australia/VIC-VIDRL-6180/2024|EPI_ISL_19459716|2024-06-06,"[0.9999999999999999, 0.0, 0.0, 0.0, 0.0, 0.0, 0.0, 0.0, 0.0, 0.0, 0.0, 0.0, 0.0, 0.0, 0.0, 0.0, 0.0, 0.0, 0.0, 0.0, 0.0, 0.0, 0.0, 0.0, 0.0, 0.0, 0.0, 0.0, 0.0, 0.0, 0.0]"
hMpxV/Australia/VIC-VIDRL-8561/2024|EPI_ISL_19459719|2024-06-17,"[1.0, 0.0, 0.0, 0.0, 0.0, 0.0, 0.0, 0.0, 0.0, 0.0, 0.0, 0.0, 0.0, 0.0, 0.0, 0.0, 0.0, 0.0, 0.0, 0.0, 0.0, 0.0, 0.0, 0.0, 0.0, 0.0, 0.0, 0.0, 0.0, 0.0, 0.0]"
hMpxV/Australia/VIC-VIDRL-8119/2024|EPI_ISL_19459721|2024-06-14,"[0.9999999999999999, 0.0, 0.0, 0.0, 0.0, 0.0, 0.0, 0.0, 0.0, 0.0, 0.0, 0.0, 0.0, 0.0, 0.0, 0.0, 0.0, 0.0, 0.0, 0.0, 0.0, 0.0, 0.0, 0.0, 0.0, 0.0, 0.0, 0.0, 0.0, 0.0, 0.0]"
hMpxV/Australia/VIC-VIDRL-0967/2024|EPI_ISL_19459728|2024-06-25,"[1.0, 0.0, 0.0, 0.0, 0.0, 0.0, 0.0, 0.0, 0.0, 0.0, 0.0, 0.0, 0.0, 0.0, 0.0, 0.0, 0.0, 0.0, 0.0, 0.0, 0.0, 0.0, 0.0, 0.0, 0.0, 0.0, 0.0, 0.0, 0.0, 0.0, 0.0]"
hMpxV/Australia/VIC-VIDRL-0493/2024|EPI_ISL_19459731|2024-06-24,"[1.0, 0.0, 0.0, 0.0, 0.0, 0.0, 0.0, 0.0, 0.0, 0.0, 0.0, 0.0, 0.0, 0.0, 0.0, 0.0, 0.0, 0.0, 0.0, 0.0, 0.0, 0.0, 0.0, 0.0, 0.0, 0.0, 0.0, 0.0, 0.0, 0.0, 0.0]"
hMpxV/Australia/VIC-VIDRL-8843/2024|EPI_ISL_19459744|2024-06-17,"[1.0, 0.0, 0.0, 0.0, 0.0, 0.0, 0.0, 0.0, 0.0, 0.0, 0.0, 0.0, 0.0, 0.0, 0.0, 0.0, 0.0, 0.0, 0.0, 0.0, 0.0, 0.0, 0.0, 0.0, 0.0, 0.0, 0.0, 0.0, 0.0, 0.0, 0.0]"
hMpxV/Australia/VIC-VIDRL-8126/2024|EPI_ISL_19459743|2024-06-14,"[0.9999999999999999, 0.0, 0.0, 0.0, 0.0, 0.0, 0.0, 0.0, 0.0, 0.0, 0.0, 0.0, 0.0, 0.0, 0.0, 0.0, 0.0, 0.0, 0.0, 0.0, 0.0, 0.0, 0.0, 0.0, 0.0, 0.0, 0.0, 0.0, 0.0, 0.0, 0.0]"
hMpxV/Australia/VIC-VIDRL-8844/2024|EPI_ISL_19459750|2024-06-17,"[1.0, 0.0, 0.0, 0.0, 0.0, 0.0, 0.0, 0.0, 0.0, 0.0, 0.0, 0.0, 0.0, 0.0, 0.0, 0.0, 0.0, 0.0, 0.0, 0.0, 0.0, 0.0, 0.0, 0.0, 0.0, 0.0, 0.0, 0.0, 0.0, 0.0, 0.0]"
hMpxV/Australia/VIC-VIDRL-5416/2024|EPI_ISL_19459762|2024-06-03,"[1.0, 0.0, 0.0, 0.0, 0.0, 0.0, 0.0, 0.0, 0.0, 0.0, 0.0, 0.0, 0.0, 0.0, 0.0, 0.0, 0.0, 0.0, 0.0, 0.0, 0.0, 0.0, 0.0, 0.0, 0.0, 0.0, 0.0, 0.0, 0.0, 0.0, 0.0]"
hMpxV/Australia/VIC-VIDRL-8778/2024|EPI_ISL_19459766|2024-06-17,"[1.0, 0.0, 0.0, 0.0, 0.0, 0.0, 0.0, 0.0, 0.0, 0.0, 0.0, 0.0, 0.0, 0.0, 0.0, 0.0, 0.0, 0.0, 0.0, 0.0, 0.0, 0.0, 0.0, 0.0, 0.0, 0.0, 0.0, 0.0, 0.0, 0.0, 0.0]"
hMpxV/Australia/VIC-VIDRL-9661/2024|EPI_ISL_19459771|2024-06-20,"[1.0, 0.0, 0.0, 0.0, 0.0, 0.0, 0.0, 0.0, 0.0, 0.0, 0.0, 0.0, 0.0, 0.0, 0.0, 0.0, 0.0, 0.0, 0.0, 0.0, 0.0, 0.0, 0.0, 0.0, 0.0, 0.0, 0.0, 0.0, 0.0, 0.0, 0.0]"
hMpxV/Australia/VIC-VIDRL-4120/2024|EPI_ISL_19459773|2024-07-08,"[0.9999999999999999, 0.0, 0.0, 0.0, 0.0, 0.0, 0.0, 0.0, 0.0, 0.0, 0.0, 0.0, 0.0, 0.0, 0.0, 0.0, 0.0, 0.0, 0.0, 0.0, 0.0, 0.0, 0.0, 0.0, 0.0, 0.0, 0.0, 0.0, 0.0, 0.0, 0.0]"
hMpxV/Australia/VIC-VIDRL-9874/2024|EPI_ISL_19459776|2024-06-20,"[1.0, 0.0, 0.0, 0.0, 0.0, 0.0, 0.0, 0.0, 0.0, 0.0, 0.0, 0.0, 0.0, 0.0, 0.0, 0.0, 0.0, 0.0, 0.0, 0.0, 0.0, 0.0, 0.0, 0.0, 0.0, 0.0, 0.0, 0.0, 0.0, 0.0, 0.0]"
hMpxV/Australia/VIC-VIDRL-6919/2024|EPI_ISL_19459775|2024-07-17,"[1.0, 0.0, 0.0, 0.0, 0.0, 0.0, 0.0, 0.0, 0.0, 0.0, 0.0, 0.0, 0.0, 0.0, 0.0, 0.0, 0.0, 0.0, 0.0, 0.0, 0.0, 0.0, 0.0, 0.0, 0.0, 0.0, 0.0, 0.0, 0.0, 0.0, 0.0]"
hMpxV/Australia/VIC-VIDRL-8557/2024|EPI_ISL_19459781|2024-06-17,"[1.0, 0.0, 0.0, 0.0, 0.0, 0.0, 0.0, 0.0, 0.0, 0.0, 0.0, 0.0, 0.0, 0.0, 0.0, 0.0, 0.0, 0.0, 0.0, 0.0, 0.0, 0.0, 0.0, 0.0, 0.0, 0.0, 0.0, 0.0, 0.0, 0.0, 0.0]"
hMpxV/Australia/VIC-VIDRL-4827/2024|EPI_ISL_19459787|2024-07-08,"[0.9999999999999999, 0.0, 0.0, 0.0, 0.0, 0.0, 0.0, 0.0, 0.0, 0.0, 0.0, 0.0, 0.0, 0.0, 0.0, 0.0, 0.0, 0.0, 0.0, 0.0, 0.0, 0.0, 0.0, 0.0, 0.0, 0.0, 0.0, 0.0, 0.0, 0.0, 0.0]"
hMpxV/Australia/VIC-VIDRL-8608/2024|EPI_ISL_19459790|2024-06-17,"[1.0, 0.0, 0.0, 0.0, 0.0, 0.0, 0.0, 0.0, 0.0, 0.0, 0.0, 0.0, 0.0, 0.0, 0.0, 0.0, 0.0, 0.0, 0.0, 0.0, 0.0, 0.0, 0.0, 0.0, 0.0, 0.0, 0.0, 0.0, 0.0, 0.0, 0.0]"
hMpxV/Australia/VIC-VIDRL-8550/2024|EPI_ISL_19459707|2024-07-24,"[1.0, 0.0, 0.0, 0.0, 0.0, 0.0, 0.0, 0.0, 0.0, 0.0, 0.0, 0.0, 0.0, 0.0, 0.0, 0.0, 0.0, 0.0, 0.0, 0.0, 0.0, 0.0, 0.0, 0.0, 0.0, 0.0, 0.0, 0.0, 0.0, 0.0, 0.0]"
hMpxV/Australia/VIC-VIDRL-8845/2024|EPI_ISL_19459706|2024-06-17,"[1.0, 0.0, 0.0, 0.0, 0.0, 0.0, 0.0, 0.0, 0.0, 0.0, 0.0, 0.0, 0.0, 0.0, 0.0, 0.0, 0.0, 0.0, 0.0, 0.0, 0.0, 0.0, 0.0, 0.0, 0.0, 0.0, 0.0, 0.0, 0.0, 0.0, 0.0]"
hMpxV/Australia/VIC-VIDRL-9037/2024|EPI_ISL_19459801|2024-06-18,"[1.0, 0.0, 0.0, 0.0, 0.0, 0.0, 0.0, 0.0, 0.0, 0.0, 0.0, 0.0, 0.0, 0.0, 0.0, 0.0, 0.0, 0.0, 0.0, 0.0, 0.0, 0.0, 0.0, 0.0, 0.0, 0.0, 0.0, 0.0, 0.0, 0.0, 0.0]"
hMpxV/Australia/VIC-VIDRL-9660/2024|EPI_ISL_19459802|2024-06-20,"[1.0, 0.0, 0.0, 0.0, 0.0, 0.0, 0.0, 0.0, 0.0, 0.0, 0.0, 0.0, 0.0, 0.0, 0.0, 0.0, 0.0, 0.0, 0.0, 0.0, 0.0, 0.0, 0.0, 0.0, 0.0, 0.0, 0.0, 0.0, 0.0, 0.0, 0.0]"
NODE_0000184,"[0.9999999981767703, 4.9518441329227983e-11, 1.1568715705105388e-10, 5.0631947922753665e-11, 4.435237158858453e-11, 4.999189554133855e-11, 4.9629287745400674e-11, 4.9669124041519135e-11, 5.0284566889215416e-11, 4.9944818054433784e-11, 4.912973904599937e-11, 5.0029691081806343e-11, 4.551882830004579e-11, 4.896695136816015e-11, 9.505297339778935e-11, 3.456915592305414e-11, 4.796828727526696e-11, 5.002969108181528e-11, 5.0029691081815255e-11, 4.64429073214284e-11, 4.8165392499846054e-11, 5.001005019760826e-11, 3.4358502194888314e-11, 4.967375878308955e-11, 1.7826868676390267e-10, 4.7634348412946634e-11, 4.183438323929251e-11, 4.8133902887508126e-11, 4.6247509153451605e-11, 2.019825757958912e-10, 4.9472965575545056e-11]"
hMpxV/Australia/VIC-VIDRL-3577/2024|EPI_ISL_19459774|2024-07-04,"[1.0, 0.0, 0.0, 0.0, 0.0, 0.0, 0.0, 0.0, 0.0, 0.0, 0.0, 0.0, 0.0, 0.0, 0.0, 0.0, 0.0, 0.0, 0.0, 0.0, 0.0, 0.0, 0.0, 0.0, 0.0, 0.0, 0.0, 0.0, 0.0, 0.0, 0.0]"
hMpxV/Australia/VIC-VIDRL-3576/2024|EPI_ISL_19459778|2024-07-04,"[1.0, 0.0, 0.0, 0.0, 0.0, 0.0, 0.0, 0.0, 0.0, 0.0, 0.0, 0.0, 0.0, 0.0, 0.0, 0.0, 0.0, 0.0, 0.0, 0.0, 0.0, 0.0, 0.0, 0.0, 0.0, 0.0, 0.0, 0.0, 0.0, 0.0, 0.0]"
NODE_0000181,"[0.9999999999344605, 1.528224795549385e-12, 4.878662910582939e-12, 1.558130960155996e-12, 1.3521272131650962e-12, 1.5423370316971464e-12, 1.5397946114634032e-12, 1.5460320742117748e-12, 1.5573177889110797e-12, 1.5384984196419233e-12, 1.53236338587267e-12, 1.5506656168288914e-12, 1.3845593448575394e-12, 1.4879855857853393e-12, 3.927529066112625e-12, 1.009581084098034e-12, 1.4276486315829017e-12, 1.5506656168290469e-12, 1.5506656168290487e-12, 1.3950450879532768e-12, 2.1328535375135998e-12, 1.4952254911426866e-12, 1.0056720944838935e-12, 1.5463073022951333e-12, 8.717128030819846e-12, 1.4747852692013738e-12, 1.2006489022714146e-12, 1.5011466072620476e-12, 1.4032626332436124e-12, 9.662424700288965e-12, 1.5422570395049503e-12]"
hMpxV/Australia/QLD-MX000034/2024|EPI_ISL_19539684|2024-06-27,"[1.0, 0.0, 0.0, 0.0, 0.0, 0.0, 0.0, 0.0, 0.0, 0.0, 0.0, 0.0, 0.0, 0.0, 0.0, 0.0, 0.0, 0.0, 0.0, 0.0, 0.0, 0.0, 0.0, 0.0, 0.0, 0.0, 0.0, 0.0, 0.0, 0.0, 0.0]"
hMpxV/Australia/VIC-VIDRL-8603/2024|EPI_ISL_19459759|2024-06-17,"[1.0, 0.0, 0.0, 0.0, 0.0, 0.0, 0.0, 0.0, 0.0, 0.0, 0.0, 0.0, 0.0, 0.0, 0.0, 0.0, 0.0, 0.0, 0.0, 0.0, 0.0, 0.0, 0.0, 0.0, 0.0, 0.0, 0.0, 0.0, 0.0, 0.0, 0.0]"
hMpxV/Australia/VIC-VIDRL-1781/2024|EPI_ISL_19459789|2024-06-27,"[1.0, 0.0, 0.0, 0.0, 0.0, 0.0, 0.0, 0.0, 0.0, 0.0, 0.0, 0.0, 0.0, 0.0, 0.0, 0.0, 0.0, 0.0, 0.0, 0.0, 0.0, 0.0, 0.0, 0.0, 0.0, 0.0, 0.0, 0.0, 0.0, 0.0, 0.0]"
NODE_0000182,"[0.9999999995872495, 9.76342626515082e-12, 3.0410290934430764e-11, 9.953348555132143e-12, 8.669768021746537e-12, 9.850477214187412e-12, 9.831047772801447e-12, 9.879040419114923e-12, 9.96335321115546e-12, 9.826749724588499e-12, 9.78502620598797e-12, 9.89882675451128e-12, 8.868113179577355e-12, 9.517907000339789e-12, 2.4296028335963084e-11, 6.518072619586905e-12, 9.16405800496249e-12, 9.898826754512193e-12, 9.898826754512193e-12, 8.935100353510072e-12, 1.3121781495001152e-11, 9.583780933017968e-12, 6.5489600867402e-12, 9.880641209578885e-12, 5.3141172995567464e-11, 9.42146338649456e-12, 7.783012273511892e-12, 9.580982124196156e-12, 8.999539497795974e-12, 5.990077317729276e-11, 9.860334330346272e-12]"
hMpxV/Australia/VIC-VIDRL-7288/2024|EPI_ISL_19459713|2024-07-18,"[1.0, 0.0, 0.0, 0.0, 0.0, 0.0, 0.0, 0.0, 0.0, 0.0, 0.0, 0.0, 0.0, 0.0, 0.0, 0.0, 0.0, 0.0, 0.0, 0.0, 0.0, 0.0, 0.0, 0.0, 0.0, 0.0, 0.0, 0.0, 0.0, 0.0, 0.0]"
hMpxV/Australia/VIC-VIDRL-0686/2024|EPI_ISL_19459736|2024-06-20,"[0.9999999999999999, 0.0, 0.0, 0.0, 0.0, 0.0, 0.0, 0.0, 0.0, 0.0, 0.0, 0.0, 0.0, 0.0, 0.0, 0.0, 0.0, 0.0, 0.0, 0.0, 0.0, 0.0, 0.0, 0.0, 0.0, 0.0, 0.0, 0.0, 0.0, 0.0, 0.0]"
hMpxV/Australia/VIC-VIDRL-4354/2024|EPI_ISL_19459779|2024-07-08,"[1.0, 0.0, 0.0, 0.0, 0.0, 0.0, 0.0, 0.0, 0.0, 0.0, 0.0, 0.0, 0.0, 0.0, 0.0, 0.0, 0.0, 0.0, 0.0, 0.0, 0.0, 0.0, 0.0, 0.0, 0.0, 0.0, 0.0, 0.0, 0.0, 0.0, 0.0]"
NODE_0000183,"[0.9999999999764169, 5.524230262777998e-13, 1.749768860871623e-12, 5.632381904098666e-13, 4.891861333737543e-13, 5.574944880003078e-13, 5.565057167012686e-13, 5.588296523409957e-13, 5.630703502583117e-13, 5.56127810244349e-13, 5.538037590780546e-13, 5.604209386333386e-13, 5.008123311419722e-13, 5.381118219897923e-13, 1.4063454865574505e-12, 3.6591251414326895e-13, 5.167789705510841e-13, 5.604209386333425e-13, 5.604209386333428e-13, 5.046741152639139e-13, 7.625566650964891e-13, 5.410196688506747e-13, 3.64959623136614e-13, 5.589273823224576e-13, 3.106652578051815e-12, 5.330926421904494e-13, 4.3550992754588435e-13, 5.424805942376769e-13, 5.077123524697307e-13, 3.4582649130736125e-12, 5.575144925702002e-13]"
hMpxV/Australia/VIC-VIDRL-5972/2024|EPI_ISL_19459718|2024-07-12,"[1.0, 0.0, 0.0, 0.0, 0.0, 0.0, 0.0, 0.0, 0.0, 0.0, 0.0, 0.0, 0.0, 0.0, 0.0, 0.0, 0.0, 0.0, 0.0, 0.0, 0.0, 0.0, 0.0, 0.0, 0.0, 0.0, 0.0, 0.0, 0.0, 0.0, 0.0]"
hMpxV/Australia/VIC-VIDRL-6170/2024|EPI_ISL_19459761|2024-07-15,"[1.0, 0.0, 0.0, 0.0, 0.0, 0.0, 0.0, 0.0, 0.0, 0.0, 0.0, 0.0, 0.0, 0.0, 0.0, 0.0, 0.0, 0.0, 0.0, 0.0, 0.0, 0.0, 0.0, 0.0, 0.0, 0.0, 0.0, 0.0, 0.0, 0.0, 0.0]"
hMpxV/Australia/VIC-VIDRL-5973/2024|EPI_ISL_19459765|2024-07-12,"[1.0, 0.0, 0.0, 0.0, 0.0, 0.0, 0.0, 0.0, 0.0, 0.0, 0.0, 0.0, 0.0, 0.0, 0.0, 0.0, 0.0, 0.0, 0.0, 0.0, 0.0, 0.0, 0.0, 0.0, 0.0, 0.0, 0.0, 0.0, 0.0, 0.0, 0.0]"
NODE_0000166,"[0.9999999999999999, 8.191662262915281e-27, 1.4834796887205523e-25, 8.206677077466828e-27, 6.86122983964162e-27, 8.238790759294071e-27, 8.491395858125433e-27, 8.726967715725868e-27, 8.582552073232774e-27, 8.146397126199712e-27, 8.725934515309647e-27, 8.49361821736082e-27, 6.894242379710425e-27, 7.319820093135793e-27, 1.0169565268666087e-25, 4.1061398064232865e-27, 6.316337653264665e-27, 8.493618217363185e-27, 8.493618217362393e-27, 6.446679042002469e-27, 8.125498784896309e-26, 6.745564096399725e-27, 4.315407560912768e-27, 8.732270354801982e-27, 5.711231078713538e-25, 8.05548710618828e-27, 4.4866747510657454e-27, 8.523125197124002e-27, 6.929327754665526e-27, 6.06091480878766e-25, 8.80796298266354e-27]"
hMpxV/Australia/VIC-VIDRL-3747/2024|EPI_ISL_19459795|2024-05-29,"[0.9999999999999999, 0.0, 0.0, 0.0, 0.0, 0.0, 0.0, 0.0, 0.0, 0.0, 0.0, 0.0, 0.0, 0.0, 0.0, 0.0, 0.0, 0.0, 0.0, 0.0, 0.0, 0.0, 0.0, 0.0, 0.0, 0.0, 0.0, 0.0, 0.0, 0.0, 0.0]"
hMpxV/Australia/VIC-VIDRL-0139/2024|EPI_ISL_19459717|2024-06-20,"[1.0, 0.0, 0.0, 0.0, 0.0, 0.0, 0.0, 0.0, 0.0, 0.0, 0.0, 0.0, 0.0, 0.0, 0.0, 0.0, 0.0, 0.0, 0.0, 0.0, 0.0, 0.0, 0.0, 0.0, 0.0, 0.0, 0.0, 0.0, 0.0, 0.0, 0.0]"
hMpxV/Australia/VIC-VIDRL-3575/2024|EPI_ISL_19459710|2024-07-04,"[0.9999999999999999, 0.0, 0.0, 0.0, 0.0, 0.0, 0.0, 0.0, 0.0, 0.0, 0.0, 0.0, 0.0, 0.0, 0.0, 0.0, 0.0, 0.0, 0.0, 0.0, 0.0, 0.0, 0.0, 0.0, 0.0, 0.0, 0.0, 0.0, 0.0, 0.0, 0.0]"
hMpxV/Australia/VIC-VIDRL-0350/2024|EPI_ISL_19459745|2024-06-21,"[1.0, 0.0, 0.0, 0.0, 0.0, 0.0, 0.0, 0.0, 0.0, 0.0, 0.0, 0.0, 0.0, 0.0, 0.0, 0.0, 0.0, 0.0, 0.0, 0.0, 0.0, 0.0, 0.0, 0.0, 0.0, 0.0, 0.0, 0.0, 0.0, 0.0, 0.0]"
hMpxV/Australia/VIC-VIDRL-8558/2024|EPI_ISL_19459758|2024-06-17,"[1.0, 0.0, 0.0, 0.0, 0.0, 0.0, 0.0, 0.0, 0.0, 0.0, 0.0, 0.0, 0.0, 0.0, 0.0, 0.0, 0.0, 0.0, 0.0, 0.0, 0.0, 0.0, 0.0, 0.0, 0.0, 0.0, 0.0, 0.0, 0.0, 0.0, 0.0]"
NODE_0000175,"[0.9999999596298227, 1.0994975787553458e-09, 2.5523255254552366e-09, 1.1241758000363437e-09, 9.857904339752135e-10, 1.1099063164322154e-09, 1.101769010511131e-09, 1.1029277103185615e-09, 1.1169773903513761e-09, 1.1088808218481832e-09, 1.0907405121086466e-09, 1.110602947905019e-09, 1.0113999293344785e-09, 1.08758155845668e-09, 2.092555188303639e-09, 7.697936104521844e-10, 1.0664159013787352e-09, 1.1106029479051235e-09, 1.1106029479051188e-09, 1.0318907413353425e-09, 1.0587725484301924e-09, 1.1113702977537085e-09, 7.670975528603903e-10, 1.103025512389239e-09, 3.909702670699374e-09, 1.0576487317803759e-09, 9.326687055182154e-10, 1.0684742668715425e-09, 1.0279728215364517e-09, 4.450255109193151e-09, 1.098751932615075e-09]"
hMpxV/Australia/QLD-MX000036/2024|EPI_ISL_19539685|2024-07-12,"[1.0, 0.0, 0.0, 0.0, 0.0, 0.0, 0.0, 0.0, 0.0, 0.0, 0.0, 0.0, 0.0, 0.0, 0.0, 0.0, 0.0, 0.0, 0.0, 0.0, 0.0, 0.0, 0.0, 0.0, 0.0, 0.0, 0.0, 0.0, 0.0, 0.0, 0.0]"
hMpxV/Australia/VIC-VIDRL-3563/2024|EPI_ISL_19459754|2024-07-04,"[1.0, 0.0, 0.0, 0.0, 0.0, 0.0, 0.0, 0.0, 0.0, 0.0, 0.0, 0.0, 0.0, 0.0, 0.0, 0.0, 0.0, 0.0, 0.0, 0.0, 0.0, 0.0, 0.0, 0.0, 0.0, 0.0, 0.0, 0.0, 0.0, 0.0, 0.0]"
NODE_0000176,"[0.9999999633193996, 9.950465973598772e-10, 2.3309586199327895e-09, 1.0174028735736217e-09, 8.910684792525041e-10, 1.0045622414982283e-09, 9.97326603536853e-10, 9.981332825327423e-10, 1.0104383106873042e-09, 1.0035990271252448e-09, 9.873241910347435e-10, 1.005371472150621e-09, 9.145285928398351e-10, 9.83800045149344e-10, 1.915742291277572e-09, 6.941859413555436e-10, 9.634820325349242e-10, 1.0053714721507163e-09, 1.0053714721507152e-09, 9.330034451180791e-10, 9.711824175725959e-10, 1.0046128456092076e-09, 6.9001511647858e-10, 9.982268101862927e-10, 3.5988631441112023e-09, 9.571967796547746e-10, 8.399951051028634e-10, 9.673095265013004e-10, 9.291317950981685e-10, 4.0731586248356475e-09, 9.941914292701872e-10]"
hMpxV/Australia/VIC-VIDRL-7987/2024|EPI_ISL_19459724|2024-06-13,"[1.0, 0.0, 0.0, 0.0, 0.0, 0.0, 0.0, 0.0, 0.0, 0.0, 0.0, 0.0, 0.0, 0.0, 0.0, 0.0, 0.0, 0.0, 0.0, 0.0, 0.0, 0.0, 0.0, 0.0, 0.0, 0.0, 0.0, 0.0, 0.0, 0.0, 0.0]"
NODE_0000177,"[0.9999999451319618, 1.492300405461932e-09, 3.4750749553474745e-09, 1.5257876017739703e-09, 1.3375258714140088e-09, 1.5064575804482692e-09, 1.4954891983918314e-09, 1.4969946308323726e-09, 1.515895595119461e-09, 1.5050425541011784e-09, 1.4805409446858812e-09, 1.5074932346605714e-09, 1.3723843063496095e-09, 1.4758675407735766e-09, 2.8508516215559843e-09, 1.043724192880018e-09, 1.4466081019041357e-09, 1.5074932346607066e-09, 1.5074932346607074e-09, 1.4001049620470378e-09, 1.4433229687062671e-09, 1.5078315551462045e-09, 1.0395889298174765e-09, 1.4971291671651977e-09, 5.336623965323337e-09, 1.4355154198927317e-09, 1.2641746741439727e-09, 1.4503576484484168e-09, 1.3947309871242676e-09, 6.0643545826567906e-09, 1.4912785336239801e-09]"
hMpxV/Australia/VIC-VIDRL-2252/2024|EPI_ISL_19459720|2024-07-01,"[1.0, 0.0, 0.0, 0.0, 0.0, 0.0, 0.0, 0.0, 0.0, 0.0, 0.0, 0.0, 0.0, 0.0, 0.0, 0.0, 0.0, 0.0, 0.0, 0.0, 0.0, 0.0, 0.0, 0.0, 0.0, 0.0, 0.0, 0.0, 0.0, 0.0, 0.0]"
hMpxV/Australia/VIC-VIDRL-8879/2024|EPI_ISL_19459800|2024-07-23,"[1.0, 0.0, 0.0, 0.0, 0.0, 0.0, 0.0, 0.0, 0.0, 0.0, 0.0, 0.0, 0.0, 0.0, 0.0, 0.0, 0.0, 0.0, 0.0, 0.0, 0.0, 0.0, 0.0, 0.0, 0.0, 0.0, 0.0, 0.0, 0.0, 0.0, 0.0]"
NODE_0000178,"[0.9999971267579999, 7.919204266305577e-08, 1.7876458675951362e-07, 8.096059769189254e-08, 7.128548358885839e-08, 7.991479118746251e-08, 7.929889200522005e-08, 7.945188068825636e-08, 8.057220437506173e-08, 7.984861644935438e-08, 7.851541725845597e-08, 7.992079106658027e-08, 7.305184931323982e-08, 7.84434660061212e-08, 1.4535719395589228e-07, 5.609262686161917e-08, 7.721753869583299e-08, 7.992079106658072e-08, 7.992079106658091e-08, 7.453497672824029e-08, 7.309665407206342e-08, 8.034134367747572e-08, 5.640963511048025e-08, 7.945755144698268e-08, 2.671014754268021e-07, 7.617251496715837e-08, 6.825875444762341e-08, 7.687248870144658e-08, 7.435310899021299e-08, 3.0971656173850507e-07, 7.91973742299176e-08]"
NODE_0000179,"[0.9999999945708631, 1.4545488036040647e-10, 3.504001744512404e-10, 1.4871855958346188e-10, 1.2990256008929005e-10, 1.4687371287522027e-10, 1.4587467382151788e-10, 1.4593393412337703e-10, 1.4759237254694198e-10, 1.4671762572218464e-10, 1.4442570827341803e-10, 1.4706118215772823e-10, 1.3340220159415732e-10, 1.4362406065640546e-10, 2.890310342585417e-10, 1.0061109117140783e-10, 1.402468917749501e-10, 1.4706118215774123e-10, 1.4706118215774177e-10, 1.360388053441692e-10, 1.47492911782386e-10, 1.4638818029378775e-10, 9.945975937648246e-11, 1.4594957513127355e-10, 5.521297476882515e-10, 1.39944411617124e-10, 1.213510703069515e-10, 1.4154242887831518e-10, 1.3540884756387006e-10, 6.181228117150078e-10, 1.4531535817360625e-10]"
hMpxV/Australia/VIC-VIDRL-9574/2024|EPI_ISL_19459764|2024-07-26,"[0.9999999999999999, 0.0, 0.0, 0.0, 0.0, 0.0, 0.0, 0.0, 0.0, 0.0, 0.0, 0.0, 0.0, 0.0, 0.0, 0.0, 0.0, 0.0, 0.0, 0.0, 0.0, 0.0, 0.0, 0.0, 0.0, 0.0, 0.0, 0.0, 0.0, 0.0, 0.0]"
hMpxV/Australia/QLD-MX000041/2024|EPI_ISL_19539690|2024-08-01,"[1.0, 0.0, 0.0, 0.0, 0.0, 0.0, 0.0, 0.0, 0.0, 0.0, 0.0, 0.0, 0.0, 0.0, 0.0, 0.0, 0.0, 0.0, 0.0, 0.0, 0.0, 0.0, 0.0, 0.0, 0.0, 0.0, 0.0, 0.0, 0.0, 0.0, 0.0]"
NODE_0000180,"[0.9999999814557385, 5.016027946443526e-10, 1.1827764625055117e-09, 5.128806420548167e-10, 4.4881638421920595e-10, 5.064343251262266e-10, 5.028310806407039e-10, 5.031529338577739e-10, 5.092114258290045e-10, 5.059376898153758e-10, 4.977808990299965e-10, 5.069033966337743e-10, 4.607368334225209e-10, 4.95780113014437e-10, 9.735592334441034e-10, 3.490790576234087e-10, 4.851409092846648e-10, 5.069033966338197e-10, 5.069033966338197e-10, 4.700274996410806e-10, 4.943015535315168e-10, 5.060141925812238e-10, 3.4631615786645967e-10, 5.032020452913799e-10, 1.8360759362390247e-09, 4.82535596182286e-10, 4.219936400459731e-10, 4.877436696193696e-10, 4.679567900509509e-10, 2.0705547941066267e-09, 5.011085337902851e-10]"
hMpxV/Australia/QLD-MX000043/2024|EPI_ISL_19539692|2024-08-08,"[1.0, 0.0, 0.0, 0.0, 0.0, 0.0, 0.0, 0.0, 0.0, 0.0, 0.0, 0.0, 0.0, 0.0, 0.0, 0.0, 0.0, 0.0, 0.0, 0.0, 0.0, 0.0, 0.0, 0.0, 0.0, 0.0, 0.0, 0.0, 0.0, 0.0, 0.0]"
hMpxV/Australia/QLD-MX000044/2024|EPI_ISL_19539693|2024-08-15,"[1.0, 0.0, 0.0, 0.0, 0.0, 0.0, 0.0, 0.0, 0.0, 0.0, 0.0, 0.0, 0.0, 0.0, 0.0, 0.0, 0.0, 0.0, 0.0, 0.0, 0.0, 0.0, 0.0, 0.0, 0.0, 0.0, 0.0, 0.0, 0.0, 0.0, 0.0]"
NODE_0000167,"[1.0, 1.5411137943769922e-22, 2.3287568780485685e-21, 1.5433535304518946e-22, 1.3215606087137664e-22, 1.5471369550260012e-22, 1.5904152168153934e-22, 1.6421453103739417e-22, 1.627843320153288e-22, 1.5308626104140677e-22, 1.634812997028025e-22, 1.5893719946977788e-22, 1.319189400516177e-22, 1.39008059282917e-22, 1.5226682793059068e-21, 8.284854032792205e-23, 1.228559205518092e-22, 1.589371994697916e-22, 1.5893719946979145e-22, 1.2351837250023288e-22, 1.1708394136550651e-21, 1.2989011098814744e-22, 9.141801369529337e-23, 1.6429818627629289e-22, 7.674573740837725e-21, 1.5147102766063603e-22, 9.280608653264768e-23, 1.59235678561049e-22, 1.3365654916529767e-22, 9.104709844036618e-21, 1.6626099093672114e-22]"
hMpxV/Australia/VIC-VIDRL-6081/2024|EPI_ISL_19459768|2024-07-15,"[1.0, 0.0, 0.0, 0.0, 0.0, 0.0, 0.0, 0.0, 0.0, 0.0, 0.0, 0.0, 0.0, 0.0, 0.0, 0.0, 0.0, 0.0, 0.0, 0.0, 0.0, 0.0, 0.0, 0.0, 0.0, 0.0, 0.0, 0.0, 0.0, 0.0, 0.0]"
hMpxV/Australia/VIC-VIDRL-8559/2024|EPI_ISL_19459772|2024-06-17,"[0.9999999999999999, 0.0, 0.0, 0.0, 0.0, 0.0, 0.0, 0.0, 0.0, 0.0, 0.0, 0.0, 0.0, 0.0, 0.0, 0.0, 0.0, 0.0, 0.0, 0.0, 0.0, 0.0, 0.0, 0.0, 0.0, 0.0, 0.0, 0.0, 0.0, 0.0, 0.0]"
hMpxV/Australia/QLD-MX000042/2024|EPI_ISL_19539691|2024-08-06,"[1.0, 0.0, 0.0, 0.0, 0.0, 0.0, 0.0, 0.0, 0.0, 0.0, 0.0, 0.0, 0.0, 0.0, 0.0, 0.0, 0.0, 0.0, 0.0, 0.0, 0.0, 0.0, 0.0, 0.0, 0.0, 0.0, 0.0, 0.0, 0.0, 0.0, 0.0]"
hMpxV/Australia/QLD-MX000050/2024|EPI_ISL_19539699|2024-08-29,"[1.0, 0.0, 0.0, 0.0, 0.0, 0.0, 0.0, 0.0, 0.0, 0.0, 0.0, 0.0, 0.0, 0.0, 0.0, 0.0, 0.0, 0.0, 0.0, 0.0, 0.0, 0.0, 0.0, 0.0, 0.0, 0.0, 0.0, 0.0, 0.0, 0.0, 0.0]"
hMpxV/Australia/VIC-VIDRL-7894/2024|EPI_ISL_19459708|2024-07-22,"[1.0, 0.0, 0.0, 0.0, 0.0, 0.0, 0.0, 0.0, 0.0, 0.0, 0.0, 0.0, 0.0, 0.0, 0.0, 0.0, 0.0, 0.0, 0.0, 0.0, 0.0, 0.0, 0.0, 0.0, 0.0, 0.0, 0.0, 0.0, 0.0, 0.0, 0.0]"
NODE_0000172,"[0.9999988049492348, 3.298842413047131e-08, 7.419618221987933e-08, 3.3725809271554973e-08, 2.9703355499322947e-08, 3.3289230776448575e-08, 3.3030501563293794e-08, 3.30944567361908e-08, 3.356429837114023e-08, 3.3262364523534376e-08, 3.2702818406189865e-08, 3.328950717803066e-08, 3.04378192880656e-08, 3.268365968380132e-08, 6.030424002635157e-08, 2.3388805752955565e-08, 3.218474043984471e-08, 3.328950717803074e-08, 3.3289507178030716e-08, 3.105932958797575e-08, 3.030621261987885e-08, 3.3481353520414016e-08, 2.3523202154920092e-08, 3.309679242643738e-08, 1.1056744637068007e-07, 3.1730133605197186e-08, 2.8467475460296985e-08, 3.201829614500419e-08, 3.0982181502231167e-08, 1.2840435016903735e-07, 3.298876344065281e-08]"
hMpxV/Australia/QLD-MX000055/2024|EPI_ISL_19539703|2024-08-19,"[1.0, 0.0, 0.0, 0.0, 0.0, 0.0, 0.0, 0.0, 0.0, 0.0, 0.0, 0.0, 0.0, 0.0, 0.0, 0.0, 0.0, 0.0, 0.0, 0.0, 0.0, 0.0, 0.0, 0.0, 0.0, 0.0, 0.0, 0.0, 0.0, 0.0, 0.0]"
hMpxV/Australia/QLD-MX000074/2024|EPI_ISL_19539722|2024-09-05,"[1.0, 0.0, 0.0, 0.0, 0.0, 0.0, 0.0, 0.0, 0.0, 0.0, 0.0, 0.0, 0.0, 0.0, 0.0, 0.0, 0.0, 0.0, 0.0, 0.0, 0.0, 0.0, 0.0, 0.0, 0.0, 0.0, 0.0, 0.0, 0.0, 0.0, 0.0]"
NODE_0000170,"[0.9999999998020287, 4.7080165808649525e-12, 1.4525518339223113e-11, 4.7999961751561085e-12, 4.182914126722787e-12, 4.750048706914011e-12, 4.739793751185193e-12, 4.7625621591648864e-12, 4.80405821463478e-12, 4.738904356201876e-12, 4.716853690695231e-12, 4.772550439524525e-12, 4.278425348273128e-12, 4.592366387982994e-12, 1.1598371867598396e-11, 3.1495687833640876e-12, 4.425358447198383e-12, 4.772550439524729e-12, 4.772550439524763e-12, 4.312454299055672e-12, 6.254588481121178e-12, 4.626291265181169e-12, 3.1621548762847377e-12, 4.763330254986738e-12, 2.5221512258033627e-11, 4.542922426517776e-12, 3.761551827158469e-12, 4.618667317317452e-12, 4.342193357103075e-12, 2.852164014152266e-11, 4.753380765499858e-12]"
hMpxV/Australia/QLD-MX000052/2024|EPI_ISL_19539700|2024-08-28,"[0.9999999999999999, 0.0, 0.0, 0.0, 0.0, 0.0, 0.0, 0.0, 0.0, 0.0, 0.0, 0.0, 0.0, 0.0, 0.0, 0.0, 0.0, 0.0, 0.0, 0.0, 0.0, 0.0, 0.0, 0.0, 0.0, 0.0, 0.0, 0.0, 0.0, 0.0, 0.0]"
hMpxV/Australia/QLD-MX000054/2024|EPI_ISL_19539702|2024-08-29,"[0.9999999999999999, 0.0, 0.0, 0.0, 0.0, 0.0, 0.0, 0.0, 0.0, 0.0, 0.0, 0.0, 0.0, 0.0, 0.0, 0.0, 0.0, 0.0, 0.0, 0.0, 0.0, 0.0, 0.0, 0.0, 0.0, 0.0, 0.0, 0.0, 0.0, 0.0, 0.0]"
NODE_0000171,"[0.9999999996543929, 9.285653494533276e-12, 2.2227504194258518e-11, 9.495430162484512e-12, 8.287781210319466e-12, 9.377251239984095e-12, 9.31226754424784e-12, 9.312441854591667e-12, 9.416666914657686e-12, 9.367652393668263e-12, 9.217375226444491e-12, 9.38886021593514e-12, 8.514581489547474e-12, 9.171125128689153e-12, 1.8397118414199156e-11, 6.416540583430418e-12, 8.953389792928503e-12, 9.388860215936853e-12, 9.388860215936853e-12, 8.687308517469977e-12, 9.3723916794978e-12, 9.347866221382384e-12, 6.325657385709622e-12, 9.313453491565071e-12, 3.500609422655823e-11, 8.932880235832505e-12, 7.735066532283345e-12, 9.034751549471585e-12, 8.640146766092443e-12, 3.9021142071749897e-11, 9.270824460665471e-12]"
hMpxV/Australia/QLD-MX000061/2024|EPI_ISL_19539709|2024-09-03,"[1.0, 0.0, 0.0, 0.0, 0.0, 0.0, 0.0, 0.0, 0.0, 0.0, 0.0, 0.0, 0.0, 0.0, 0.0, 0.0, 0.0, 0.0, 0.0, 0.0, 0.0, 0.0, 0.0, 0.0, 0.0, 0.0, 0.0, 0.0, 0.0, 0.0, 0.0]"
hMpxV/Australia/QLD-MX000060/2024|EPI_ISL_19539708|2024-09-03,"[1.0, 0.0, 0.0, 0.0, 0.0, 0.0, 0.0, 0.0, 0.0, 0.0, 0.0, 0.0, 0.0, 0.0, 0.0, 0.0, 0.0, 0.0, 0.0, 0.0, 0.0, 0.0, 0.0, 0.0, 0.0, 0.0, 0.0, 0.0, 0.0, 0.0, 0.0]"
NODE_0000173,"[1.0, 3.89503510426191e-27, 4.188725705330988e-26, 3.926769795112239e-27, 3.290940063772082e-27, 3.925521204535574e-27, 4.0058585097172894e-27, 4.075155693558415e-27, 4.0268144391930306e-27, 3.8923137283095316e-27, 4.0701934446001745e-27, 4.0179230731589925e-27, 3.337711304232356e-27, 3.571980683781504e-27, 3.093088902504729e-26, 2.0833972313315054e-27, 3.1651088426714513e-27, 4.017923073160049e-27, 4.0179230731601354e-27, 3.2015124750659125e-27, 2.2023381975038962e-26, 3.370620061684965e-27, 2.097126341756451e-27, 4.077228177998659e-27, 1.3187372259023055e-25, 3.8067122020362386e-27, 2.315770946161676e-27, 3.985191900673317e-27, 3.3521299199618225e-27, 1.359732219185358e-25, 4.090447263249117e-27]"
hMpxV/Australia/QLD-MX000064/2024|EPI_ISL_19539712|2024-09-05,"[0.9999999999999999, 0.0, 0.0, 0.0, 0.0, 0.0, 0.0, 0.0, 0.0, 0.0, 0.0, 0.0, 0.0, 0.0, 0.0, 0.0, 0.0, 0.0, 0.0, 0.0, 0.0, 0.0, 0.0, 0.0, 0.0, 0.0, 0.0, 0.0, 0.0, 0.0, 0.0]"
hMpxV/Australia/QLD-MX000070/2024|EPI_ISL_19539718|2024-09-08,"[1.0, 0.0, 0.0, 0.0, 0.0, 0.0, 0.0, 0.0, 0.0, 0.0, 0.0, 0.0, 0.0, 0.0, 0.0, 0.0, 0.0, 0.0, 0.0, 0.0, 0.0, 0.0, 0.0, 0.0, 0.0, 0.0, 0.0, 0.0, 0.0, 0.0, 0.0]"
hMpxV/Australia/QLD-MX000069/2024|EPI_ISL_19539717|2024-09-09,"[1.0, 0.0, 0.0, 0.0, 0.0, 0.0, 0.0, 0.0, 0.0, 0.0, 0.0, 0.0, 0.0, 0.0, 0.0, 0.0, 0.0, 0.0, 0.0, 0.0, 0.0, 0.0, 0.0, 0.0, 0.0, 0.0, 0.0, 0.0, 0.0, 0.0, 0.0]"
hMpxV/Australia/QLD-MX000073/2024|EPI_ISL_19539721|2024-09-05,"[0.9999999999999999, 0.0, 0.0, 0.0, 0.0, 0.0, 0.0, 0.0, 0.0, 0.0, 0.0, 0.0, 0.0, 0.0, 0.0, 0.0, 0.0, 0.0, 0.0, 0.0, 0.0, 0.0, 0.0, 0.0, 0.0, 0.0, 0.0, 0.0, 0.0, 0.0, 0.0]"
hMpxV/Australia/QLD-MX000075/2024|EPI_ISL_19539723|2024-09-05,"[0.9999999999999999, 0.0, 0.0, 0.0, 0.0, 0.0, 0.0, 0.0, 0.0, 0.0, 0.0, 0.0, 0.0, 0.0, 0.0, 0.0, 0.0, 0.0, 0.0, 0.0, 0.0, 0.0, 0.0, 0.0, 0.0, 0.0, 0.0, 0.0, 0.0, 0.0, 0.0]"
hMpxV/Australia/QLD-MX000087/2024|EPI_ISL_19539735|2024-09-09,"[1.0, 0.0, 0.0, 0.0, 0.0, 0.0, 0.0, 0.0, 0.0, 0.0, 0.0, 0.0, 0.0, 0.0, 0.0, 0.0, 0.0, 0.0, 0.0, 0.0, 0.0, 0.0, 0.0, 0.0, 0.0, 0.0, 0.0, 0.0, 0.0, 0.0, 0.0]"
NODE_0000174,"[0.9999999998164119, 4.9259221240548194e-12, 1.1826712523944651e-11, 5.037297236742618e-12, 4.394505800821472e-12, 4.974726138607382e-12, 4.940436054914561e-12, 4.9399678426578556e-12, 4.994464383704355e-12, 4.969591226792713e-12, 4.889971695690878e-12, 4.981183234363633e-12, 4.515412842570253e-12, 4.864472055220196e-12, 9.798418924705298e-12, 3.3993343296771416e-12, 4.746883873362427e-12, 4.981183234364518e-12, 4.981183234364518e-12, 4.607085630798659e-12, 4.995235127389629e-12, 4.956933209107821e-12, 3.3472127697227075e-12, 4.940514995086778e-12, 1.8677490262492968e-11, 4.738812121249046e-12, 4.0956563486646904e-12, 4.793409246259471e-12, 4.581219173387971e-12, 2.0775297488089082e-11, 4.917522998313727e-12]"
hMpxV/Australia/QLD-MX000086/2024|EPI_ISL_19539734|2024-09-09,"[1.0, 0.0, 0.0, 0.0, 0.0, 0.0, 0.0, 0.0, 0.0, 0.0, 0.0, 0.0, 0.0, 0.0, 0.0, 0.0, 0.0, 0.0, 0.0, 0.0, 0.0, 0.0, 0.0, 0.0, 0.0, 0.0, 0.0, 0.0, 0.0, 0.0, 0.0]"
hMpxV/Australia/QLD-MX000088/2024|EPI_ISL_19539736|2024-09-09,"[1.0, 0.0, 0.0, 0.0, 0.0, 0.0, 0.0, 0.0, 0.0, 0.0, 0.0, 0.0, 0.0, 0.0, 0.0, 0.0, 0.0, 0.0, 0.0, 0.0, 0.0, 0.0, 0.0, 0.0, 0.0, 0.0, 0.0, 0.0, 0.0, 0.0, 0.0]"
NODE_0000168,"[0.9999999999999999, 5.455111095840405e-32, 1.4416108549170068e-30, 5.451498578335017e-32, 4.468363571323372e-32, 5.489654356653934e-32, 5.694681071621534e-32, 5.857736159318221e-32, 5.712439719642881e-32, 5.418600053490577e-32, 5.880111467256169e-32, 5.693175772040614e-32, 4.4934367656173346e-32, 4.784360249811222e-32, 9.891038241578e-31, 2.513822427359828e-32, 4.005003229516552e-32, 5.693175772041342e-32, 5.693175772041423e-32, 4.150267336905877e-32, 8.595384757468034e-31, 4.3139212693379477e-32, 2.5832653435093623e-32, 5.862054976087914e-32, 6.835118940877854e-30, 5.382354404204378e-32, 2.6690047714967097e-32, 5.75089901646006e-32, 4.4889093469235527e-32, 6.776406377790308e-30, 5.911758332742389e-32]"
hMpxV/Australia/VIC-VIDRL-9071/2024|EPI_ISL_19459798|2024-07-25,"[1.0, 0.0, 0.0, 0.0, 0.0, 0.0, 0.0, 0.0, 0.0, 0.0, 0.0, 0.0, 0.0, 0.0, 0.0, 0.0, 0.0, 0.0, 0.0, 0.0, 0.0, 0.0, 0.0, 0.0, 0.0, 0.0, 0.0, 0.0, 0.0, 0.0, 0.0]"
hMpxV/Australia/VIC-VIDRL-5661/2024|EPI_ISL_19459714|2024-07-12,"[0.9999999999999999, 0.0, 0.0, 0.0, 0.0, 0.0, 0.0, 0.0, 0.0, 0.0, 0.0, 0.0, 0.0, 0.0, 0.0, 0.0, 0.0, 0.0, 0.0, 0.0, 0.0, 0.0, 0.0, 0.0, 0.0, 0.0, 0.0, 0.0, 0.0, 0.0, 0.0]"
hMpxV/Australia/VIC-VIDRL-5843/2024|EPI_ISL_19459730|2024-07-13,"[1.0, 0.0, 0.0, 0.0, 0.0, 0.0, 0.0, 0.0, 0.0, 0.0, 0.0, 0.0, 0.0, 0.0, 0.0, 0.0, 0.0, 0.0, 0.0, 0.0, 0.0, 0.0, 0.0, 0.0, 0.0, 0.0, 0.0, 0.0, 0.0, 0.0, 0.0]"
hMpxV/Australia/VIC-VIDRL-9070/2024|EPI_ISL_19459742|2024-07-25,"[1.0, 0.0, 0.0, 0.0, 0.0, 0.0, 0.0, 0.0, 0.0, 0.0, 0.0, 0.0, 0.0, 0.0, 0.0, 0.0, 0.0, 0.0, 0.0, 0.0, 0.0, 0.0, 0.0, 0.0, 0.0, 0.0, 0.0, 0.0, 0.0, 0.0, 0.0]"
hMpxV/Australia/VIC-VIDRL-8988/2024|EPI_ISL_19459752|2024-07-25,"[1.0, 0.0, 0.0, 0.0, 0.0, 0.0, 0.0, 0.0, 0.0, 0.0, 0.0, 0.0, 0.0, 0.0, 0.0, 0.0, 0.0, 0.0, 0.0, 0.0, 0.0, 0.0, 0.0, 0.0, 0.0, 0.0, 0.0, 0.0, 0.0, 0.0, 0.0]"
hMpxV/Australia/VIC-VIDRL-6721/2024|EPI_ISL_19459770|2024-07-16,"[1.0, 0.0, 0.0, 0.0, 0.0, 0.0, 0.0, 0.0, 0.0, 0.0, 0.0, 0.0, 0.0, 0.0, 0.0, 0.0, 0.0, 0.0, 0.0, 0.0, 0.0, 0.0, 0.0, 0.0, 0.0, 0.0, 0.0, 0.0, 0.0, 0.0, 0.0]"
hMpxV/Australia/VIC-VIDRL-7979/2024|EPI_ISL_19459782|2024-07-22,"[1.0, 0.0, 0.0, 0.0, 0.0, 0.0, 0.0, 0.0, 0.0, 0.0, 0.0, 0.0, 0.0, 0.0, 0.0, 0.0, 0.0, 0.0, 0.0, 0.0, 0.0, 0.0, 0.0, 0.0, 0.0, 0.0, 0.0, 0.0, 0.0, 0.0, 0.0]"
hMpxV/Australia/VIC-VIDRL-6355/2024|EPI_ISL_19459788|2024-07-16,"[1.0, 0.0, 0.0, 0.0, 0.0, 0.0, 0.0, 0.0, 0.0, 0.0, 0.0, 0.0, 0.0, 0.0, 0.0, 0.0, 0.0, 0.0, 0.0, 0.0, 0.0, 0.0, 0.0, 0.0, 0.0, 0.0, 0.0, 0.0, 0.0, 0.0, 0.0]"
hMpxV/Australia/VIC-VIDRL-6920/2024|EPI_ISL_19459709|2024-07-17,"[0.9999999999999999, 0.0, 0.0, 0.0, 0.0, 0.0, 0.0, 0.0, 0.0, 0.0, 0.0, 0.0, 0.0, 0.0, 0.0, 0.0, 0.0, 0.0, 0.0, 0.0, 0.0, 0.0, 0.0, 0.0, 0.0, 0.0, 0.0, 0.0, 0.0, 0.0, 0.0]"
NODE_0000169,"[1.0, 3.4929213081255954e-26, 7.939582407860677e-25, 3.488211456934919e-26, 2.9250141932869234e-26, 3.508312551427388e-26, 3.632095279842473e-26, 3.7548833810980476e-26, 3.689172980814696e-26, 3.4646160369936256e-26, 3.753615269066361e-26, 3.6275145770576925e-26, 2.922126254564018e-26, 3.0863397566708686e-26, 5.201080579932119e-25, 1.7160938115326476e-26, 2.639492123489692e-26, 3.6275145770580805e-26, 3.6275145770580805e-26, 2.6987587330140203e-26, 4.370784204921941e-25, 2.81777338468023e-26, 1.8580327350007337e-26, 3.7572866473209877e-26, 3.286169570452138e-24, 3.445091744701119e-26, 1.867329334872458e-26, 3.660208181043971e-26, 2.942236760818874e-26, 3.608913972585205e-24, 3.802168458136447e-26]"
hMpxV/Australia/QLD-MX000123/2024|EPI_ISL_19539767|2024-10-06,"[1.0, 0.0, 0.0, 0.0, 0.0, 0.0, 0.0, 0.0, 0.0, 0.0, 0.0, 0.0, 0.0, 0.0, 0.0, 0.0, 0.0, 0.0, 0.0, 0.0, 0.0, 0.0, 0.0, 0.0, 0.0, 0.0, 0.0, 0.0, 0.0, 0.0, 0.0]"
hMpxV/Australia/QLD-MX000127/2024|EPI_ISL_19539771|2024-10-08,"[1.0, 0.0, 0.0, 0.0, 0.0, 0.0, 0.0, 0.0, 0.0, 0.0, 0.0, 0.0, 0.0, 0.0, 0.0, 0.0, 0.0, 0.0, 0.0, 0.0, 0.0, 0.0, 0.0, 0.0, 0.0, 0.0, 0.0, 0.0, 0.0, 0.0, 0.0]"
hMpxV/Australia/QLD-MX000124/2024|EPI_ISL_19539768|2024-10-03,"[0.9999999999999999, 0.0, 0.0, 0.0, 0.0, 0.0, 0.0, 0.0, 0.0, 0.0, 0.0, 0.0, 0.0, 0.0, 0.0, 0.0, 0.0, 0.0, 0.0, 0.0, 0.0, 0.0, 0.0, 0.0, 0.0, 0.0, 0.0, 0.0, 0.0, 0.0, 0.0]"
hMpxV/Australia/QLD-MX000126/2024|EPI_ISL_19539770|2024-10-07,"[1.0, 0.0, 0.0, 0.0, 0.0, 0.0, 0.0, 0.0, 0.0, 0.0, 0.0, 0.0, 0.0, 0.0, 0.0, 0.0, 0.0, 0.0, 0.0, 0.0, 0.0, 0.0, 0.0, 0.0, 0.0, 0.0, 0.0, 0.0, 0.0, 0.0, 0.0]"
hMpxV/Australia/QLD-MX000137/2024|EPI_ISL_19539781|2024-10-06,"[1.0, 0.0, 0.0, 0.0, 0.0, 0.0, 0.0, 0.0, 0.0, 0.0, 0.0, 0.0, 0.0, 0.0, 0.0, 0.0, 0.0, 0.0, 0.0, 0.0, 0.0, 0.0, 0.0, 0.0, 0.0, 0.0, 0.0, 0.0, 0.0, 0.0, 0.0]"
hMpxV/Australia/QLD-MX000146/2024|EPI_ISL_19539787|2024-10-12,"[1.0, 0.0, 0.0, 0.0, 0.0, 0.0, 0.0, 0.0, 0.0, 0.0, 0.0, 0.0, 0.0, 0.0, 0.0, 0.0, 0.0, 0.0, 0.0, 0.0, 0.0, 0.0, 0.0, 0.0, 0.0, 0.0, 0.0, 0.0, 0.0, 0.0, 0.0]"
hMpxV/Australia/QLD-MX000154/2024|EPI_ISL_19539795|2024-10-12,"[1.0, 0.0, 0.0, 0.0, 0.0, 0.0, 0.0, 0.0, 0.0, 0.0, 0.0, 0.0, 0.0, 0.0, 0.0, 0.0, 0.0, 0.0, 0.0, 0.0, 0.0, 0.0, 0.0, 0.0, 0.0, 0.0, 0.0, 0.0, 0.0, 0.0, 0.0]"
hMpxV/Australia/QLD-MX000151/2024|EPI_ISL_19539792|2024-10-15,"[0.9999999999999999, 0.0, 0.0, 0.0, 0.0, 0.0, 0.0, 0.0, 0.0, 0.0, 0.0, 0.0, 0.0, 0.0, 0.0, 0.0, 0.0, 0.0, 0.0, 0.0, 0.0, 0.0, 0.0, 0.0, 0.0, 0.0, 0.0, 0.0, 0.0, 0.0, 0.0]"
hMpxV/Australia/QLD-MX000152/2024|EPI_ISL_19539793|2024-10-08,"[1.0, 0.0, 0.0, 0.0, 0.0, 0.0, 0.0, 0.0, 0.0, 0.0, 0.0, 0.0, 0.0, 0.0, 0.0, 0.0, 0.0, 0.0, 0.0, 0.0, 0.0, 0.0, 0.0, 0.0, 0.0, 0.0, 0.0, 0.0, 0.0, 0.0, 0.0]"
hMpxV/Australia/QLD-MX000085/2024|EPI_ISL_19539733|2024-09-09,"[0.9999999999999999, 0.0, 0.0, 0.0, 0.0, 0.0, 0.0, 0.0, 0.0, 0.0, 0.0, 0.0, 0.0, 0.0, 0.0, 0.0, 0.0, 0.0, 0.0, 0.0, 0.0, 0.0, 0.0, 0.0, 0.0, 0.0, 0.0, 0.0, 0.0, 0.0, 0.0]"
