name,state
NODE_0000000,"[0.023343914685177793, 0.025448983240897605, 0.04191246635663605, 0.01848272258724777, 0.04623301120140198, 0.02110263873420138, 0.021739191933943944, 0.01844107319361101, 0.018985535285544083, 0.018291823933781877, 0.017636571737222054, 0.017958735221778526, 0.01865905593019492, 0.022659487821706785, 0.01854943717045469, 0.05363992194958, 0.020608247707380713, 0.017958735221778526, 0.01795873522177851, 0.02205317278539286, 0.25122914148396197, 0.01964362555171923, 0.022948436433154203, 0.018333584124408185, 0.02494878639162058, 0.017479366434720395, 0.019121204944792865, 0.017329245535224556, 0.0183747248239646, 0.0902513461869741, 0.01867707616974808]"
NC_063383.1,"[0.02338077422579697, 0.02548121484329353, 0.04194339049971762, 0.01851870552217866, 0.04625412493755773, 0.021138258230256005, 0.021772254306800767, 0.018474869606821084, 0.01901878557639252, 0.018327271135579186, 0.017670068718709502, 0.01799358286342635, 0.018695623119010126, 0.022693877455651063, 0.018576569248010117, 0.05365543040778236, 0.02064771383777891, 0.017993582863426335, 0.01799358286342633, 0.022087156558931145, 0.25026404846260425, 0.019682240559573707, 0.022971689321527045, 0.018368462941635917, 0.02495620598041372, 0.01751352956203193, 0.019157814721900777, 0.017363019026553145, 0.01841061785153834, 0.09028515243974766, 0.01871038231192735]"
NODE_0000001,"[0.006040158666793834, 0.006723393379183187, 0.013452729513155034, 0.0038075206405383437, 0.015430791618779438, 0.004781858101951259, 0.00527456098430723, 0.004531903176828912, 0.005233854667064529, 0.0038157913717634753, 0.0038856858181599936, 0.0037123431978121277, 0.0038112527011074098, 0.005653484538546017, 0.005068795393778891, 0.018481942709563017, 0.0043729512073535015, 0.003712343197812121, 0.003712343197812129, 0.005322344991904873, 0.7835510900547675, 0.004008144441425653, 0.010192561490470334, 0.004051757402277128, 0.021039110431528535, 0.0035711219373507994, 0.004232219739763118, 0.003554112670740083, 0.0037740255550133524, 0.03027423077654473, 0.004925576425903218]"
hMpxV/China/SZ-CDC/Strain059,"[0.0, 0.0, 0.0, 0.0, 0.0, 0.0, 0.0, 0.0, 0.0, 0.0, 0.0, 0.0, 0.0, 0.0, 0.0, 0.0, 0.0, 0.0, 0.0, 0.0, 0.0, 0.0, 0.0, 0.0, 1.0, 0.0, 0.0, 0.0, 0.0, 0.0, 0.0]"
NODE_0000002,"[2.7683643364810238e-92, 1.0383506928951647e-88, 1.8717017785563904e-66, 4.347802872419179e-99, 2.9322888304701933e-58, 4.437128123303624e-92, 8.952983533737237e-93, 8.604673485624313e-99, 9.965461372402716e-99, 8.2370141443916e-99, 1.423710905036737e-98, 6.3220503081634e-99, 1.4144962356376827e-99, 1.8184638073205887e-92, 5.076729516526367e-93, 8.669700649620922e-48, 4.9693465649296464e-93, 6.322050308168076e-99, 6.3220503081677155e-99, 7.946413034099924e-93, 1.0, 1.5898904274732555e-99, 2.1950609820997326e-84, 6.251191761962766e-99, 1.1308164021191304e-92, 1.5209168128778042e-96, 2.4466845562911356e-99, 1.6672201296280674e-96, 4.33055358258667e-99, 4.5479956936051484e-38, 9.684292859929948e-99]"
hMpxV/Peru/LAM-INS-290/2022|EPI_ISL_16999067|2022-11-23,"[0.0, 0.0, 0.0, 0.0, 0.0, 0.0, 0.0, 0.0, 0.0, 0.0, 0.0, 0.0, 0.0, 0.0, 0.0, 0.0, 0.0, 0.0, 0.0, 0.0, 1.0, 0.0, 0.0, 0.0, 0.0, 0.0, 0.0, 0.0, 0.0, 0.0, 0.0]"
hMpxV/Peru/LIM-INS-292/2022|EPI_ISL_16999095|2022-11-25,"[0.0, 0.0, 0.0, 0.0, 0.0, 0.0, 0.0, 0.0, 0.0, 0.0, 0.0, 0.0, 0.0, 0.0, 0.0, 0.0, 0.0, 0.0, 0.0, 0.0, 1.0, 0.0, 0.0, 0.0, 0.0, 0.0, 0.0, 0.0, 0.0, 0.0, 0.0]"
hMpxV/Peru/LIM-INS-349/2022|EPI_ISL_16999091|2022-12-26,"[0.0, 0.0, 0.0, 0.0, 0.0, 0.0, 0.0, 0.0, 0.0, 0.0, 0.0, 0.0, 0.0, 0.0, 0.0, 0.0, 0.0, 0.0, 0.0, 0.0, 1.0, 0.0, 0.0, 0.0, 0.0, 0.0, 0.0, 0.0, 0.0, 0.0, 0.0]"
hMpxV/USA/CA-CDPH-1000169/2023|EPI_ISL_16997397|2023-01-09,"[0.0, 0.0, 0.0, 0.0, 0.0, 0.0, 0.0, 0.0, 0.0, 0.0, 0.0, 0.0, 0.0, 0.0, 0.0, 0.0, 0.0, 0.0, 0.0, 0.0, 0.0, 0.0, 0.0, 0.0, 0.0, 0.0, 0.0, 0.0, 0.0, 1.0, 0.0]"
hMpxV/Peru/LIM-INS-338/2022|EPI_ISL_16999113|2022-12-19,"[0.0, 0.0, 0.0, 0.0, 0.0, 0.0, 0.0, 0.0, 0.0, 0.0, 0.0, 0.0, 0.0, 0.0, 0.0, 0.0, 0.0, 0.0, 0.0, 0.0, 1.0, 0.0, 0.0, 0.0, 0.0, 0.0, 0.0, 0.0, 0.0, 0.0, 0.0]"
hMpxV/Peru/LIM-INS-357/2022|EPI_ISL_16999116|2022-12-26,"[0.0, 0.0, 0.0, 0.0, 0.0, 0.0, 0.0, 0.0, 0.0, 0.0, 0.0, 0.0, 0.0, 0.0, 0.0, 0.0, 0.0, 0.0, 0.0, 0.0, 1.0, 0.0, 0.0, 0.0, 0.0, 0.0, 0.0, 0.0, 0.0, 0.0, 0.0]"
hMpxV/Peru/LIM-INS-342/2022|EPI_ISL_16999121|2022-12-17,"[0.0, 0.0, 0.0, 0.0, 0.0, 0.0, 0.0, 0.0, 0.0, 0.0, 0.0, 0.0, 0.0, 0.0, 0.0, 0.0, 0.0, 0.0, 0.0, 0.0, 1.0, 0.0, 0.0, 0.0, 0.0, 0.0, 0.0, 0.0, 0.0, 0.0, 0.0]"
hMpxV/Peru/LIM-INS-345/2022|EPI_ISL_16999118|2022-12-20,"[0.0, 0.0, 0.0, 0.0, 0.0, 0.0, 0.0, 0.0, 0.0, 0.0, 0.0, 0.0, 0.0, 0.0, 0.0, 0.0, 0.0, 0.0, 0.0, 0.0, 1.0, 0.0, 0.0, 0.0, 0.0, 0.0, 0.0, 0.0, 0.0, 0.0, 0.0]"
hMpxV/Peru/LIM-INS-291/2022|EPI_ISL_16999139|2022-11-22,"[0.0, 0.0, 0.0, 0.0, 0.0, 0.0, 0.0, 0.0, 0.0, 0.0, 0.0, 0.0, 0.0, 0.0, 0.0, 0.0, 0.0, 0.0, 0.0, 0.0, 1.0, 0.0, 0.0, 0.0, 0.0, 0.0, 0.0, 0.0, 0.0, 0.0, 0.0]"
hMpxV/Peru/LIM-INS-350/2022|EPI_ISL_16999138|2022-12-26,"[0.0, 0.0, 0.0, 0.0, 0.0, 0.0, 0.0, 0.0, 0.0, 0.0, 0.0, 0.0, 0.0, 0.0, 0.0, 0.0, 0.0, 0.0, 0.0, 0.0, 1.0, 0.0, 0.0, 0.0, 0.0, 0.0, 0.0, 0.0, 0.0, 0.0, 0.0]"
hMpxV/Brazil/RJ-FIOCRUZ-29814/2022|EPI_ISL_17614024|2022-11-24,"[0.0, 0.0, 1.0, 0.0, 0.0, 0.0, 0.0, 0.0, 0.0, 0.0, 0.0, 0.0, 0.0, 0.0, 0.0, 0.0, 0.0, 0.0, 0.0, 0.0, 0.0, 0.0, 0.0, 0.0, 0.0, 0.0, 0.0, 0.0, 0.0, 0.0, 0.0]"
hMpxV/USA/IL-RIPHL-052-0034/2023|EPI_ISL_17821096|2023-05-10,"[0.0, 0.0, 0.0, 0.0, 0.0, 0.0, 0.0, 0.0, 0.0, 0.0, 0.0, 0.0, 0.0, 0.0, 0.0, 0.0, 0.0, 0.0, 0.0, 0.0, 0.0, 0.0, 0.0, 0.0, 0.0, 0.0, 0.0, 0.0, 0.0, 1.0, 0.0]"
hMpxV/Peru/LIM-INS-443/2022|EPI_ISL_19343459|2022-12-26,"[0.0, 0.0, 0.0, 0.0, 0.0, 0.0, 0.0, 0.0, 0.0, 0.0, 0.0, 0.0, 0.0, 0.0, 0.0, 0.0, 0.0, 0.0, 0.0, 0.0, 1.0, 0.0, 0.0, 0.0, 0.0, 0.0, 0.0, 0.0, 0.0, 0.0, 0.0]"
hMpxV/Peru/AYA-INS-427/2023|EPI_ISL_19343467|2023-02-19,"[0.0, 0.0, 0.0, 0.0, 0.0, 0.0, 0.0, 0.0, 0.0, 0.0, 0.0, 0.0, 0.0, 0.0, 0.0, 0.0, 0.0, 0.0, 0.0, 0.0, 1.0, 0.0, 0.0, 0.0, 0.0, 0.0, 0.0, 0.0, 0.0, 0.0, 0.0]"
hMpxV/Peru/LIM-INS-375/2023|EPI_ISL_19343480|2023-01-07,"[0.0, 0.0, 0.0, 0.0, 0.0, 0.0, 0.0, 0.0, 0.0, 0.0, 0.0, 0.0, 0.0, 0.0, 0.0, 0.0, 0.0, 0.0, 0.0, 0.0, 1.0, 0.0, 0.0, 0.0, 0.0, 0.0, 0.0, 0.0, 0.0, 0.0, 0.0]"
hMpxV/Peru/LIM-INS-406/2023|EPI_ISL_19343490|2023-02-01,"[0.0, 0.0, 0.0, 0.0, 0.0, 0.0, 0.0, 0.0, 0.0, 0.0, 0.0, 0.0, 0.0, 0.0, 0.0, 0.0, 0.0, 0.0, 0.0, 0.0, 1.0, 0.0, 0.0, 0.0, 0.0, 0.0, 0.0, 0.0, 0.0, 0.0, 0.0]"
hMpxV/Peru/LIM-INS-364/2023|EPI_ISL_19343503|2023-01-19,"[0.0, 0.0, 0.0, 0.0, 0.0, 0.0, 0.0, 0.0, 0.0, 0.0, 0.0, 0.0, 0.0, 0.0, 0.0, 0.0, 0.0, 0.0, 0.0, 0.0, 0.9999999999999999, 0.0, 0.0, 0.0, 0.0, 0.0, 0.0, 0.0, 0.0, 0.0, 0.0]"
hMpxV/Peru/LIM-INS-433/2023|EPI_ISL_19343501|2023-01-27,"[0.0, 0.0, 0.0, 0.0, 0.0, 0.0, 0.0, 0.0, 0.0, 0.0, 0.0, 0.0, 0.0, 0.0, 0.0, 0.0, 0.0, 0.0, 0.0, 0.0, 1.0, 0.0, 0.0, 0.0, 0.0, 0.0, 0.0, 0.0, 0.0, 0.0, 0.0]"
hMpxV/Peru/CAL-INS-383/2023|EPI_ISL_19343521|2023-01-10,"[0.0, 0.0, 0.0, 0.0, 0.0, 0.0, 0.0, 0.0, 0.0, 0.0, 0.0, 0.0, 0.0, 0.0, 0.0, 0.0, 0.0, 0.0, 0.0, 0.0, 1.0, 0.0, 0.0, 0.0, 0.0, 0.0, 0.0, 0.0, 0.0, 0.0, 0.0]"
hMpxV/Peru/LIM-INS-416/2023|EPI_ISL_19343572|2023-02-07,"[0.0, 0.0, 0.0, 0.0, 0.0, 0.0, 0.0, 0.0, 0.0, 0.0, 0.0, 0.0, 0.0, 0.0, 0.0, 0.0, 0.0, 0.0, 0.0, 0.0, 1.0, 0.0, 0.0, 0.0, 0.0, 0.0, 0.0, 0.0, 0.0, 0.0, 0.0]"
hMpxV/Peru/LIM-INS-436/2023|EPI_ISL_19343568|2023-02-16,"[0.0, 0.0, 0.0, 0.0, 0.0, 0.0, 0.0, 0.0, 0.0, 0.0, 0.0, 0.0, 0.0, 0.0, 0.0, 0.0, 0.0, 0.0, 0.0, 0.0, 1.0, 0.0, 0.0, 0.0, 0.0, 0.0, 0.0, 0.0, 0.0, 0.0, 0.0]"
hMpxV/Peru/AYA-INS-411/2023|EPI_ISL_19343573|2023-01-31,"[0.0, 0.0, 0.0, 0.0, 0.0, 0.0, 0.0, 0.0, 0.0, 0.0, 0.0, 0.0, 0.0, 0.0, 0.0, 0.0, 0.0, 0.0, 0.0, 0.0, 1.0, 0.0, 0.0, 0.0, 0.0, 0.0, 0.0, 0.0, 0.0, 0.0, 0.0]"
hMpxV/Peru/AYA-INS-412/2023|EPI_ISL_19343574|2023-01-31,"[0.0, 0.0, 0.0, 0.0, 0.0, 0.0, 0.0, 0.0, 0.0, 0.0, 0.0, 0.0, 0.0, 0.0, 0.0, 0.0, 0.0, 0.0, 0.0, 0.0, 1.0, 0.0, 0.0, 0.0, 0.0, 0.0, 0.0, 0.0, 0.0, 0.0, 0.0]"
hMpxV/Peru/ARE-INS-420/2023|EPI_ISL_19343594|2023-02-08,"[0.0, 0.0, 0.0, 0.0, 0.0, 0.0, 0.0, 0.0, 0.0, 0.0, 0.0, 0.0, 0.0, 0.0, 0.0, 0.0, 0.0, 0.0, 0.0, 0.0, 1.0, 0.0, 0.0, 0.0, 0.0, 0.0, 0.0, 0.0, 0.0, 0.0, 0.0]"
hMpxV/Peru/ARE-INS-478/2023|EPI_ISL_19343595|2023-01-31,"[0.0, 0.0, 0.0, 0.0, 0.0, 0.0, 0.0, 0.0, 0.0, 0.0, 0.0, 0.0, 0.0, 0.0, 0.0, 0.0, 0.0, 0.0, 0.0, 0.0, 1.0, 0.0, 0.0, 0.0, 0.0, 0.0, 0.0, 0.0, 0.0, 0.0, 0.0]"
hMpxV/Chile/RM-ISP-132423/2022|EPI_ISL_19345334|2022-11-27,"[0.0, 0.0, 0.0, 0.0, 1.0, 0.0, 0.0, 0.0, 0.0, 0.0, 0.0, 0.0, 0.0, 0.0, 0.0, 0.0, 0.0, 0.0, 0.0, 0.0, 0.0, 0.0, 0.0, 0.0, 0.0, 0.0, 0.0, 0.0, 0.0, 0.0, 0.0]"
hMpxV/Mexico/CMX_InDRE_F5592/2022|EPI_ISL_17672227|2022-12-08,"[0.0, 0.0, 0.0, 0.0, 0.0, 0.0, 0.0, 0.0, 0.0, 0.0, 0.0, 0.0, 0.0, 0.0, 0.0, 1.0, 0.0, 0.0, 0.0, 0.0, 0.0, 0.0, 0.0, 0.0, 0.0, 0.0, 0.0, 0.0, 0.0, 0.0, 0.0]"
hMpxV/Mexico/VER_InDRE_F254/2023|EPI_ISL_17672252|2023-01-31,"[0.0, 0.0, 0.0, 0.0, 0.0, 0.0, 0.0, 0.0, 0.0, 0.0, 0.0, 0.0, 0.0, 0.0, 0.0, 1.0, 0.0, 0.0, 0.0, 0.0, 0.0, 0.0, 0.0, 0.0, 0.0, 0.0, 0.0, 0.0, 0.0, 0.0, 0.0]"
hMpxV/Mexico/YUC_InDRE_F217/2023|EPI_ISL_17672250|2023-01-17,"[0.0, 0.0, 0.0, 0.0, 0.0, 0.0, 0.0, 0.0, 0.0, 0.0, 0.0, 0.0, 0.0, 0.0, 0.0, 1.0, 0.0, 0.0, 0.0, 0.0, 0.0, 0.0, 0.0, 0.0, 0.0, 0.0, 0.0, 0.0, 0.0, 0.0, 0.0]"
hMpxV/USA/CA-LACPHL-MA00474/2022|EPI_ISL_17211328|2022-11-18,"[0.0, 0.0, 0.0, 0.0, 0.0, 0.0, 0.0, 0.0, 0.0, 0.0, 0.0, 0.0, 0.0, 0.0, 0.0, 0.0, 0.0, 0.0, 0.0, 0.0, 0.0, 0.0, 0.0, 0.0, 0.0, 0.0, 0.0, 0.0, 0.0, 1.0, 0.0]"
hMpxV/USA/CA-LACPHL-MA00475/2022|EPI_ISL_17211329|2022-11-22,"[0.0, 0.0, 0.0, 0.0, 0.0, 0.0, 0.0, 0.0, 0.0, 0.0, 0.0, 0.0, 0.0, 0.0, 0.0, 0.0, 0.0, 0.0, 0.0, 0.0, 0.0, 0.0, 0.0, 0.0, 0.0, 0.0, 0.0, 0.0, 0.0, 1.0, 0.0]"
hMpxV/USA/CA-LACPHL-MA00479/2022|EPI_ISL_17211333|2022-12-01,"[0.0, 0.0, 0.0, 0.0, 0.0, 0.0, 0.0, 0.0, 0.0, 0.0, 0.0, 0.0, 0.0, 0.0, 0.0, 0.0, 0.0, 0.0, 0.0, 0.0, 0.0, 0.0, 0.0, 0.0, 0.0, 0.0, 0.0, 0.0, 0.0, 0.9999999999999999, 0.0]"
hMpxV/Mexico/CHH_InDRE_F390/2023|EPI_ISL_17703605|2023-03-10,"[0.0, 0.0, 0.0, 0.0, 0.0, 0.0, 0.0, 0.0, 0.0, 0.0, 0.0, 0.0, 0.0, 0.0, 0.0, 1.0, 0.0, 0.0, 0.0, 0.0, 0.0, 0.0, 0.0, 0.0, 0.0, 0.0, 0.0, 0.0, 0.0, 0.0, 0.0]"
hMpxV/Mexico/CMX_InDRE_F422/2023|EPI_ISL_17703610|2023-03-22,"[0.0, 0.0, 0.0, 0.0, 0.0, 0.0, 0.0, 0.0, 0.0, 0.0, 0.0, 0.0, 0.0, 0.0, 0.0, 1.0, 0.0, 0.0, 0.0, 0.0, 0.0, 0.0, 0.0, 0.0, 0.0, 0.0, 0.0, 0.0, 0.0, 0.0, 0.0]"
NODE_0000334,"[1.2226420490738679e-05, 9.395366354676773e-06, 8.348450309494978e-05, 4.666374495433592e-06, 0.001195730780073295, 6.036729562475457e-06, 6.852533613411288e-06, 4.600282866904113e-06, 4.607515418553977e-06, 4.616468444114954e-06, 4.542322247146016e-06, 4.6161195091159725e-06, 4.489555820505095e-06, 6.7603473392626905e-06, 7.294106292902315e-06, 6.200600186302311e-05, 9.79781048222128e-06, 4.616119509118365e-06, 4.616119509116513e-06, 6.503257337871915e-06, 0.6855074169626112, 4.675462917824701e-06, 1.192666322113096e-05, 4.631144168152208e-06, 6.820689430625221e-06, 6.65605081146769e-06, 4.128906453044961e-06, 6.547844609107837e-06, 4.438497580594869e-06, 0.3129907080625551, 4.590981316816099e-06]"
hMpxV/USA/NY-NYCPHL-001178/2022|EPI_ISL_16955305|2022-11-18,"[0.0, 0.0, 0.0, 0.0, 0.0, 0.0, 0.0, 0.0, 0.0, 0.0, 0.0, 0.0, 0.0, 0.0, 0.0, 0.0, 0.0, 0.0, 0.0, 0.0, 0.0, 0.0, 0.0, 0.0, 0.0, 0.0, 0.0, 0.0, 0.0, 1.0, 0.0]"
hMpxV/Chile/RM-ISP-7201/2023|EPI_ISL_19345367|2023-01-25,"[0.0, 0.0, 0.0, 0.0, 1.0, 0.0, 0.0, 0.0, 0.0, 0.0, 0.0, 0.0, 0.0, 0.0, 0.0, 0.0, 0.0, 0.0, 0.0, 0.0, 0.0, 0.0, 0.0, 0.0, 0.0, 0.0, 0.0, 0.0, 0.0, 0.0, 0.0]"
NODE_0000348,"[1.9856034548472258e-06, 6.128186763477195e-07, 1.2677156865313166e-05, 3.213613468047391e-07, 1.933428307209153e-06, 4.200147322378618e-07, 4.783195280333383e-07, 3.21656699202453e-07, 3.222294918278351e-07, 3.2043693405165426e-07, 3.2057605636935667e-07, 3.2141098396917487e-07, 3.0896915051318463e-07, 4.6934868079562793e-07, 7.585414100919482e-07, 1.0332155518697618e-05, 1.2607715717339815e-06, 3.2141098396919573e-07, 3.2141098396916947e-07, 4.5190018691363594e-07, 0.0414301984857623, 3.1676818501311554e-07, 1.6446753073932537e-06, 3.216375306649248e-07, 7.269794107441277e-07, 6.712150282459677e-07, 2.896902112118482e-07, 6.489090802334211e-07, 3.085489934807995e-07, 0.9585302919580017, 3.216109261039706e-07]"
hMpxV/USA/CA-LACPHL-MA00394/2022|EPI_ISL_16679206|2022-12-23,"[0.0, 0.0, 0.0, 0.0, 0.0, 0.0, 0.0, 0.0, 0.0, 0.0, 0.0, 0.0, 0.0, 0.0, 0.0, 0.0, 0.0, 0.0, 0.0, 0.0, 0.0, 0.0, 0.0, 0.0, 0.0, 0.0, 0.0, 0.0, 0.0, 1.0, 0.0]"
hMpxV/USA/CA-LACPHL-MA00374/2022|EPI_ISL_16679235|2022-11-23,"[0.0, 0.0, 0.0, 0.0, 0.0, 0.0, 0.0, 0.0, 0.0, 0.0, 0.0, 0.0, 0.0, 0.0, 0.0, 0.0, 0.0, 0.0, 0.0, 0.0, 0.0, 0.0, 0.0, 0.0, 0.0, 0.0, 0.0, 0.0, 0.0, 0.9999999999999999, 0.0]"
NODE_0000351,"[3.4171418483408567e-09, 8.71478148436424e-10, 1.87185696945585e-08, 5.478374887792022e-10, 2.3616405838671953e-09, 6.668851583836591e-10, 7.23930739932299e-10, 5.490421820312928e-10, 5.501824138939994e-10, 5.463227533554698e-10, 5.475357079318219e-10, 5.483158216323744e-10, 5.245845310639476e-10, 7.041936210716919e-10, 1.2128885969928793e-09, 1.3602495425831513e-08, 2.379084812570978e-09, 5.483158216335238e-10, 5.483158216326289e-10, 6.839379886691025e-10, 2.815961076214189e-06, 5.387434950071913e-10, 2.7128727654486605e-09, 5.486725074431291e-10, 1.1686698356639444e-09, 1.2244603138957548e-09, 4.906276095575087e-10, 1.180520007320178e-09, 5.256264514322661e-10, 0.9999971248469383, 5.490935060251161e-10]"
hMpxV/USA/CA-LACPHL-MA00467/2023|EPI_ISL_16997411|2023-01-26,"[0.0, 0.0, 0.0, 0.0, 0.0, 0.0, 0.0, 0.0, 0.0, 0.0, 0.0, 0.0, 0.0, 0.0, 0.0, 0.0, 0.0, 0.0, 0.0, 0.0, 0.0, 0.0, 0.0, 0.0, 0.0, 0.0, 0.0, 0.0, 0.0, 1.0, 0.0]"
hMpxV/USA/CA-LACPHL-MA00463/2023|EPI_ISL_16997407|2023-01-26,"[0.0, 0.0, 0.0, 0.0, 0.0, 0.0, 0.0, 0.0, 0.0, 0.0, 0.0, 0.0, 0.0, 0.0, 0.0, 0.0, 0.0, 0.0, 0.0, 0.0, 0.0, 0.0, 0.0, 0.0, 0.0, 0.0, 0.0, 0.0, 0.0, 1.0, 0.0]"
NODE_0000433,"[0.00019417530661849163, 0.0003904538883383757, 0.00041455718799292507, 0.00021871021373833242, 0.0008540778520710015, 0.00027564420692566, 0.0003060852279806989, 0.00021210838478634108, 0.00021295583757680804, 0.00021506958320369375, 0.00020684168528602, 0.00021338037278216727, 0.0002979189896974243, 0.8760816076022483, 0.00018745298797726882, 0.0009004976502734305, 0.039532027539893384, 0.00021338037278216264, 0.00021338037278212195, 0.0002894185648571533, 0.07419610556817886, 0.0002245924247422717, 0.0015079300654253116, 0.00021498818348266685, 0.00017759231418108256, 0.00020055542463727, 0.0001856000194773291, 0.00028356994238414203, 0.0002042723558081492, 0.0011636184465848738, 0.0002114314272866346]"
hMpxV/Netherlands/NH-AUMC-0001/2023|EPI_ISL_17502583|2023-01-05,"[0.0, 0.0, 0.0, 0.0, 0.0, 0.0, 0.0, 0.0, 0.0, 0.0, 0.0, 0.0, 0.0, 0.0, 0.0, 0.0, 1.0, 0.0, 0.0, 0.0, 0.0, 0.0, 0.0, 0.0, 0.0, 0.0, 0.0, 0.0, 0.0, 0.0, 0.0]"
hMpxV/Ireland/un-NVRL-Z22IRL00794/2022|EPI_ISL_18308395|2022-12-02,"[0.0, 0.0, 0.0, 0.0, 0.0, 0.0, 0.0, 0.0, 0.0, 0.0, 0.0, 0.0, 0.0, 0.9999999999999999, 0.0, 0.0, 0.0, 0.0, 0.0, 0.0, 0.0, 0.0, 0.0, 0.0, 0.0, 0.0, 0.0, 0.0, 0.0, 0.0, 0.0]"
NODE_0000434,"[8.656181324818619e-06, 1.4826028511562375e-05, 3.848776574155727e-05, 8.18527395674774e-06, 3.4920461050955414e-05, 2.7751410390584067e-05, 1.1580644211537924e-05, 7.981254440226492e-06, 8.006114763586154e-06, 8.064710920384969e-06, 7.820996325637777e-06, 8.020408648883656e-06, 7.948954620735534e-06, 1.1601713512559533e-05, 8.140214976760795e-06, 0.9485636950144987, 8.58884764576387e-06, 8.020408648882842e-06, 8.020408648883235e-06, 1.1142604946231686e-05, 0.050954262683680196, 8.358458675032277e-06, 9.724811895619139e-06, 8.069945799972781e-06, 7.646098797383283e-06, 7.680171640817476e-06, 7.391992024188397e-06, 7.694221688701951e-06, 7.814859274529556e-06, 0.0001619359156006769, 7.961423137995581e-06]"
hMpxV/Mexico/HID_InDRE_F5587/2022|EPI_ISL_17703580|2022-12-09,"[0.0, 0.0, 0.0, 0.0, 0.0, 0.0, 0.0, 0.0, 0.0, 0.0, 0.0, 0.0, 0.0, 0.0, 0.0, 1.0, 0.0, 0.0, 0.0, 0.0, 0.0, 0.0, 0.0, 0.0, 0.0, 0.0, 0.0, 0.0, 0.0, 0.0, 0.0]"
hMpxV/Mexico/CMX_InDRE_F420/2023|EPI_ISL_17703609|2023-03-21,"[0.0, 0.0, 0.0, 0.0, 0.0, 0.0, 0.0, 0.0, 0.0, 0.0, 0.0, 0.0, 0.0, 0.0, 0.0, 1.0, 0.0, 0.0, 0.0, 0.0, 0.0, 0.0, 0.0, 0.0, 0.0, 0.0, 0.0, 0.0, 0.0, 0.0, 0.0]"
NODE_0000457,"[5.384969291798484e-09, 1.2646496328645796e-08, 4.8366261055675646e-08, 5.799643944003005e-09, 0.9996720606077852, 7.4168262296393905e-09, 8.331414880905494e-09, 5.634166764693661e-09, 5.655822311411483e-09, 5.692627155624239e-09, 5.501652818662507e-09, 5.6655369192354736e-09, 5.5468861543297e-09, 8.321920513349929e-09, 5.2254024309558494e-09, 2.600440814549694e-08, 5.935965350996106e-09, 5.66553691924712e-09, 5.665536919245871e-09, 7.878652564269253e-09, 0.0003276801738704061, 5.9046702843083215e-09, 6.353323527152009e-09, 5.706078218236275e-09, 4.780309195097423e-09, 5.327635943945749e-09, 4.976731927962533e-09, 5.355327367007109e-09, 5.435649859638477e-09, 2.3421380926177496e-08, 5.617510606902928e-09]"
hMpxV/Chile/RM-ISP-129697/2022|EPI_ISL_19345324|2022-11-18,"[0.0, 0.0, 0.0, 0.0, 1.0, 0.0, 0.0, 0.0, 0.0, 0.0, 0.0, 0.0, 0.0, 0.0, 0.0, 0.0, 0.0, 0.0, 0.0, 0.0, 0.0, 0.0, 0.0, 0.0, 0.0, 0.0, 0.0, 0.0, 0.0, 0.0, 0.0]"
hMpxV/Chile/RM-ISP-129922/2022|EPI_ISL_19345327|2022-11-19,"[0.0, 0.0, 0.0, 0.0, 1.0, 0.0, 0.0, 0.0, 0.0, 0.0, 0.0, 0.0, 0.0, 0.0, 0.0, 0.0, 0.0, 0.0, 0.0, 0.0, 0.0, 0.0, 0.0, 0.0, 0.0, 0.0, 0.0, 0.0, 0.0, 0.0, 0.0]"
NODE_0000464,"[0.00015195635655479428, 0.01719988283368497, 0.000654031759259647, 0.00015943477375003187, 0.16504137203886424, 0.00020309484063779146, 0.00022737175915562072, 0.00015453270334443725, 0.00015503913226648692, 0.00015643355295195295, 0.00015077597003271823, 0.0001555517307073744, 0.00015321565971264348, 0.0002278199899583032, 0.00014610819029790123, 0.0007195588858995504, 0.00016389816357881588, 0.0001555517307073758, 0.00015555173070737775, 0.00021630937977686228, 0.8116583263376882, 0.00016311277673707066, 0.0001754939065107128, 0.00015668147146962925, 0.0001343473919130856, 0.00014625115444202668, 0.00013823401225040446, 0.00014679489854285097, 0.00014986299444124185, 0.0006293935290587743, 0.00015401034509750032]"
hMpxV/Chile/RM-ISP-135494/2022|EPI_ISL_19345347|2022-12-09,"[0.0, 0.0, 0.0, 0.0, 1.0, 0.0, 0.0, 0.0, 0.0, 0.0, 0.0, 0.0, 0.0, 0.0, 0.0, 0.0, 0.0, 0.0, 0.0, 0.0, 0.0, 0.0, 0.0, 0.0, 0.0, 0.0, 0.0, 0.0, 0.0, 0.0, 0.0]"
hMpxV/Belgium/ITM-19012023A/2023|EPI_ISL_17261491|2023-01-19,"[0.0, 1.0, 0.0, 0.0, 0.0, 0.0, 0.0, 0.0, 0.0, 0.0, 0.0, 0.0, 0.0, 0.0, 0.0, 0.0, 0.0, 0.0, 0.0, 0.0, 0.0, 0.0, 0.0, 0.0, 0.0, 0.0, 0.0, 0.0, 0.0, 0.0, 0.0]"
NODE_0000319,"[1.2629245863916232e-10, 1.9508282905566098e-11, 1.137545535159729e-09, 1.0993752976108299e-11, 6.595772040034345e-11, 1.4074175229229636e-11, 1.5717560368522846e-11, 1.1168202057408232e-11, 1.1194234850314982e-11, 1.103111564075959e-11, 1.1219566014243356e-11, 1.1115072932013349e-11, 1.0372869495489645e-11, 1.5195416749186896e-11, 3.2479011246330165e-11, 6.692673182349499e-10, 7.60132333370789e-11, 1.111507293203659e-11, 1.1115072932018465e-11, 1.4495536634408223e-11, 9.478642030012349e-07, 1.0556358107364819e-11, 9.529896915088992e-11, 1.1096871603986319e-11, 3.1850004182563725e-11, 3.267396477428161e-11, 9.568002544247551e-12, 3.1188109660621836e-11, 1.0459954654470509e-11, 0.9999990496060497, 1.1184039799768948e-11]"
hMpxV/USA/CA-CDPH-1000174/2022|EPI_ISL_16930174|2022-12-23,"[0.0, 0.0, 0.0, 0.0, 0.0, 0.0, 0.0, 0.0, 0.0, 0.0, 0.0, 0.0, 0.0, 0.0, 0.0, 0.0, 0.0, 0.0, 0.0, 0.0, 0.0, 0.0, 0.0, 0.0, 0.0, 0.0, 0.0, 0.0, 0.0, 1.0, 0.0]"
hMpxV/USA/CA-CDPH-1M1000229/2023|EPI_ISL_18460505|2023-03-31,"[0.0, 0.0, 0.0, 0.0, 0.0, 0.0, 0.0, 0.0, 0.0, 0.0, 0.0, 0.0, 0.0, 0.0, 0.0, 0.0, 0.0, 0.0, 0.0, 0.0, 0.0, 0.0, 0.0, 0.0, 0.0, 0.0, 0.0, 0.0, 0.0, 1.0, 0.0]"
hMpxV/USA/CA-CDPH-1MPX1000174/2022|EPI_ISL_17206608|2022-12-23,"[0.0, 0.0, 0.0, 0.0, 0.0, 0.0, 0.0, 0.0, 0.0, 0.0, 0.0, 0.0, 0.0, 0.0, 0.0, 0.0, 0.0, 0.0, 0.0, 0.0, 0.0, 0.0, 0.0, 0.0, 0.0, 0.0, 0.0, 0.0, 0.0, 1.0, 0.0]"
NODE_0000333,"[6.661720022743939e-13, 2.171511828267959e-12, 3.4232869814567475e-11, 1.8039751916213832e-13, 8.449225052927048e-11, 4.998472978054062e-13, 8.178920250140603e-13, 1.7890673901250212e-13, 1.7958954321908508e-13, 1.7919642739325196e-13, 1.7701960393147882e-13, 1.7884580502419946e-13, 1.7570780848748997e-13, 7.943925610509699e-13, 6.328391756957141e-13, 2.7341106873016883e-10, 2.243173723777124e-13, 1.7884580502418191e-13, 1.7884580502419557e-13, 7.68868657990207e-13, 0.9999999988783743, 1.8049653461077783e-13, 1.0190170680285793e-12, 1.7950137597125373e-13, 5.761480685811741e-13, 1.756917419811127e-13, 1.7399899179913321e-13, 1.7640546007795083e-13, 1.7489909262822634e-13, 7.184711601031656e-10, 1.7890054655055922e-13]"
hMpxV/Peru/LIM-INS-340/2022|EPI_ISL_16999084|2022-12-20,"[0.0, 0.0, 0.0, 0.0, 0.0, 0.0, 0.0, 0.0, 0.0, 0.0, 0.0, 0.0, 0.0, 0.0, 0.0, 0.0, 0.0, 0.0, 0.0, 0.0, 1.0, 0.0, 0.0, 0.0, 0.0, 0.0, 0.0, 0.0, 0.0, 0.0, 0.0]"
hMpxV/Peru/LIM-INS-335/2022|EPI_ISL_16999124|2022-12-02,"[0.0, 0.0, 0.0, 0.0, 0.0, 0.0, 0.0, 0.0, 0.0, 0.0, 0.0, 0.0, 0.0, 0.0, 0.0, 0.0, 0.0, 0.0, 0.0, 0.0, 1.0, 0.0, 0.0, 0.0, 0.0, 0.0, 0.0, 0.0, 0.0, 0.0, 0.0]"
hMpxV/Peru/LIM-INS-330/2022|EPI_ISL_16999111|2022-11-30,"[0.0, 0.0, 0.0, 0.0, 0.0, 0.0, 0.0, 0.0, 0.0, 0.0, 0.0, 0.0, 0.0, 0.0, 0.0, 0.0, 0.0, 0.0, 0.0, 0.0, 1.0, 0.0, 0.0, 0.0, 0.0, 0.0, 0.0, 0.0, 0.0, 0.0, 0.0]"
NODE_0000347,"[3.187572682609896e-06, 2.593318800104345e-06, 0.6891150178958428, 1.291016143407445e-06, 0.25911090756916383, 1.6592165209280401e-06, 2.1441978945489514e-06, 1.2790745881741113e-06, 1.28297759934821e-06, 1.2804552095654226e-06, 1.2629454984480898e-06, 1.2808774453406675e-06, 1.2102174153020357e-06, 1.8411451219601357e-06, 1.1643404106349595e-06, 1.290684318708629e-05, 1.3107985336863403e-06, 1.2808774453427361e-06, 1.2808774453424712e-06, 1.7324485138295392e-06, 0.051656412264621025, 1.2618563536170933e-06, 1.4751008291300065e-05, 1.2848712537773e-06, 1.9639472914611765e-06, 1.229391590225789e-06, 1.063299693595305e-06, 1.2444839371686012e-06, 1.199073904308771e-06, 5.239782825598801e-05, 1.2773093452276117e-06]"
hMpxV/Brazil/RJ-FIOCRUZ-29653/2022|EPI_ISL_16871162|2022-12-11,"[0.0, 0.0, 1.0, 0.0, 0.0, 0.0, 0.0, 0.0, 0.0, 0.0, 0.0, 0.0, 0.0, 0.0, 0.0, 0.0, 0.0, 0.0, 0.0, 0.0, 0.0, 0.0, 0.0, 0.0, 0.0, 0.0, 0.0, 0.0, 0.0, 0.0, 0.0]"
hMpxV/Brazil/RJ-FIOCRUZ-29816/2022|EPI_ISL_17614048|2022-12-11,"[0.0, 0.0, 1.0, 0.0, 0.0, 0.0, 0.0, 0.0, 0.0, 0.0, 0.0, 0.0, 0.0, 0.0, 0.0, 0.0, 0.0, 0.0, 0.0, 0.0, 0.0, 0.0, 0.0, 0.0, 0.0, 0.0, 0.0, 0.0, 0.0, 0.0, 0.0]"
hMpxV/Chile/CO-ISP-131666/2022|EPI_ISL_19345331|2022-11-24,"[0.0, 0.0, 0.0, 0.0, 1.0, 0.0, 0.0, 0.0, 0.0, 0.0, 0.0, 0.0, 0.0, 0.0, 0.0, 0.0, 0.0, 0.0, 0.0, 0.0, 0.0, 0.0, 0.0, 0.0, 0.0, 0.0, 0.0, 0.0, 0.0, 0.0, 0.0]"
NODE_0000371,"[0.0002691085905268436, 0.00011756245962824846, 0.19640259519551728, 6.478025484918657e-05, 0.0006093197136172679, 8.292040726600774e-05, 9.91952158321902e-05, 6.44411285993877e-05, 6.464987654883929e-05, 6.452518646663251e-05, 6.388738069716705e-05, 6.441630143561253e-05, 6.243005908966488e-05, 9.217200085265007e-05, 9.727658524746305e-05, 0.0011082595946575104, 0.0001286401221134312, 6.441630143561108e-05, 6.441630143561132e-05, 8.828274985980856e-05, 0.530401796570935, 6.436253485464414e-05, 0.0004923457946564222, 6.458918158709188e-05, 0.0001262720574362603, 9.043360663815858e-05, 5.856593312549871e-05, 8.919393641505865e-05, 6.213880358750326e-05, 0.26881257841216377, 6.4427742924195e-05]"
hMpxV/USA/CA-LACPHL-MA00410/2023|EPI_ISL_16997460|2023-01-03,"[0.0, 0.0, 0.0, 0.0, 0.0, 0.0, 0.0, 0.0, 0.0, 0.0, 0.0, 0.0, 0.0, 0.0, 0.0, 0.0, 0.0, 0.0, 0.0, 0.0, 0.0, 0.0, 0.0, 0.0, 0.0, 0.0, 0.0, 0.0, 0.0, 1.0, 0.0]"
NODE_0000372,"[6.105009713130437e-07, 2.429738292117214e-07, 0.9994840145646777, 1.5992319142462916e-07, 1.9968645088681502e-06, 1.8861971927306576e-07, 2.3498039725232388e-07, 1.58918911576454e-07, 1.5933521187656199e-07, 1.5889411667283206e-07, 1.5747855798748749e-07, 1.5901062269143956e-07, 1.5279379818083353e-07, 2.0118958980381688e-07, 1.638352523915732e-07, 1.4785203062750715e-06, 2.1791447890981753e-07, 1.5901062269137386e-07, 1.5901062269140224e-07, 1.9288058337121572e-07, 0.0003734409854843062, 1.576806703392189e-07, 2.425120599310241e-06, 1.5939782150143347e-07, 2.893382957725356e-07, 1.821458666265957e-07, 1.3985006579968775e-07, 1.8193672207379266e-07, 1.519226746219885e-07, 0.00013174560638410662, 1.5879544537725554e-07]"
hMpxV/Brazil/RJ-FIOCRUZ-29820/2022|EPI_ISL_17614032|2022-12-27,"[0.0, 0.0, 1.0, 0.0, 0.0, 0.0, 0.0, 0.0, 0.0, 0.0, 0.0, 0.0, 0.0, 0.0, 0.0, 0.0, 0.0, 0.0, 0.0, 0.0, 0.0, 0.0, 0.0, 0.0, 0.0, 0.0, 0.0, 0.0, 0.0, 0.0, 0.0]"
hMpxV/Brazil/RJ-FIOCRUZ-3014/2023|EPI_ISL_17485343|2023-01-02,"[0.0, 0.0, 1.0, 0.0, 0.0, 0.0, 0.0, 0.0, 0.0, 0.0, 0.0, 0.0, 0.0, 0.0, 0.0, 0.0, 0.0, 0.0, 0.0, 0.0, 0.0, 0.0, 0.0, 0.0, 0.0, 0.0, 0.0, 0.0, 0.0, 0.0, 0.0]"
NODE_0000390,"[1.8357434808474948e-05, 0.9964654046046418, 3.4907733453841034e-05, 2.1267758944356164e-05, 8.056983972896934e-05, 2.5770992009329823e-05, 2.7746287638697523e-05, 2.0595263867082168e-05, 2.069671882656957e-05, 2.085721938410414e-05, 2.0057634410271937e-05, 2.0709085014856907e-05, 2.034309249337474e-05, 2.7837012034025057e-05, 1.70862728206508e-05, 7.224864298147445e-05, 2.2049401059324726e-05, 2.0709085014856745e-05, 2.070908501485787e-05, 2.634046579909604e-05, 0.002765706718647898, 2.1805851519131728e-05, 2.078855491238592e-05, 2.088292838715003e-05, 1.584933195492826e-05, 1.957391877110257e-05, 1.8302613512946106e-05, 1.9646214099216317e-05, 1.9929493100753004e-05, 5.2714999848655656e-05, 2.0535745299509485e-05]"
hMpxV/Belgium/ITM-02022023G/2023|EPI_ISL_17260709|2023-02-02,"[0.0, 1.0, 0.0, 0.0, 0.0, 0.0, 0.0, 0.0, 0.0, 0.0, 0.0, 0.0, 0.0, 0.0, 0.0, 0.0, 0.0, 0.0, 0.0, 0.0, 0.0, 0.0, 0.0, 0.0, 0.0, 0.0, 0.0, 0.0, 0.0, 0.0, 0.0]"
NODE_0000391,"[1.2749869125245838e-09, 0.9999997951202737, 1.756546529478322e-09, 2.0180750983612744e-09, 5.1355198505904056e-09, 2.220232442086866e-09, 2.2972290229631555e-09, 1.9477315804960845e-09, 1.957084772189612e-09, 1.971522670941672e-09, 1.8915205330116e-09, 1.961271148198589e-09, 1.8923238605530932e-09, 2.2935938505508834e-09, 1.2423680308697043e-09, 3.86227903119396e-09, 1.988544959136031e-09, 1.961271148197407e-09, 1.961271148203062e-09, 2.1378969637100328e-09, 1.453854133972108e-07, 2.0530327725239493e-09, 1.5043435897105365e-09, 1.9784892774839895e-09, 1.1303080087501611e-09, 1.8216119167861e-09, 1.6177494566549955e-09, 1.8360007956817906e-09, 1.8469442961707572e-09, 1.9942416168720237e-09, 1.9403218738226337e-09]"
hMpxV/Belgium/ITM-02022023A/2023|EPI_ISL_17261959|2023-02-02,"[0.0, 1.0, 0.0, 0.0, 0.0, 0.0, 0.0, 0.0, 0.0, 0.0, 0.0, 0.0, 0.0, 0.0, 0.0, 0.0, 0.0, 0.0, 0.0, 0.0, 0.0, 0.0, 0.0, 0.0, 0.0, 0.0, 0.0, 0.0, 0.0, 0.0, 0.0]"
hMpxV/Belgium/ITM-26012023A/2023|EPI_ISL_17260600|2023-01-26,"[0.0, 0.9999999999999999, 0.0, 0.0, 0.0, 0.0, 0.0, 0.0, 0.0, 0.0, 0.0, 0.0, 0.0, 0.0, 0.0, 0.0, 0.0, 0.0, 0.0, 0.0, 0.0, 0.0, 0.0, 0.0, 0.0, 0.0, 0.0, 0.0, 0.0, 0.0, 0.0]"
NODE_0000448,"[6.075620035082675e-09, 1.3749810670433913e-08, 1.0200379466842504e-07, 2.3773227175289757e-09, 1.9291953556733734e-07, 4.8844942504403145e-09, 6.818494097023952e-09, 2.339222028587163e-09, 2.350460860153442e-09, 2.356443504722207e-09, 2.30340715174465e-09, 2.340802585569199e-09, 2.343785570859563e-09, 6.759851371710647e-09, 5.4059360795196425e-09, 4.4475999524073487e-07, 2.8523620521896795e-09, 2.3408025855691076e-09, 2.34080258556918e-09, 6.57353447679826e-09, 0.9999981474369584, 2.427881598120335e-09, 7.719533482185007e-09, 2.3541649163351627e-09, 5.074468524409904e-09, 2.297553833043023e-09, 2.340115620624861e-09, 2.2965135963656847e-09, 2.3249737521914716e-09, 1.0094928183754978e-06, 2.338539928438026e-09]"
hMpxV/Peru/LIM-INS-429/2023|EPI_ISL_19343466|2023-01-21,"[0.0, 0.0, 0.0, 0.0, 0.0, 0.0, 0.0, 0.0, 0.0, 0.0, 0.0, 0.0, 0.0, 0.0, 0.0, 0.0, 0.0, 0.0, 0.0, 0.0, 1.0, 0.0, 0.0, 0.0, 0.0, 0.0, 0.0, 0.0, 0.0, 0.0, 0.0]"
NODE_0000449,"[5.361309881738192e-11, 1.337917289271157e-10, 1.0783353519479086e-09, 1.9582791804431653e-11, 2.1744311292896845e-09, 4.285815634457584e-11, 6.27916362985715e-11, 1.9269724741549868e-11, 1.9333827668767362e-11, 1.939645177849266e-11, 1.8991895199328396e-11, 1.9306986678918822e-11, 1.9282525030021742e-11, 6.208077435604768e-11, 4.99801712465857e-11, 5.180229488659581e-09, 2.3132468051866646e-11, 1.930698667891642e-11, 1.9306986678918e-11, 6.025360081293213e-11, 0.9999999790451976, 1.991317006651639e-11, 7.113251093630413e-11, 1.939946995654671e-11, 4.592880636436152e-11, 1.8741907541228947e-11, 1.90533505129987e-11, 1.8759097892080655e-11, 1.9078624957211034e-11, 1.1608268128032757e-08, 1.9251535526433506e-11]"
hMpxV/Peru/LIM-INS-379/2023|EPI_ISL_19343478|2023-01-23,"[0.0, 0.0, 0.0, 0.0, 0.0, 0.0, 0.0, 0.0, 0.0, 0.0, 0.0, 0.0, 0.0, 0.0, 0.0, 0.0, 0.0, 0.0, 0.0, 0.0, 0.9999999999999999, 0.0, 0.0, 0.0, 0.0, 0.0, 0.0, 0.0, 0.0, 0.0, 0.0]"
hMpxV/Peru/CAL-INS-367/2023|EPI_ISL_19343513|2023-01-20,"[0.0, 0.0, 0.0, 0.0, 0.0, 0.0, 0.0, 0.0, 0.0, 0.0, 0.0, 0.0, 0.0, 0.0, 0.0, 0.0, 0.0, 0.0, 0.0, 0.0, 1.0, 0.0, 0.0, 0.0, 0.0, 0.0, 0.0, 0.0, 0.0, 0.0, 0.0]"
NODE_0000450,"[0.00043450384446546114, 0.0007977794125542233, 0.0013035205262618853, 0.0004576174279434288, 0.0017671344360771794, 0.2356556277015583, 0.0006303218221504258, 0.00044476615661515485, 0.0004465201411519227, 0.00044972710617577306, 0.0004345301655492653, 0.0004471081036111691, 0.00044012045519422656, 0.0006311254402003098, 0.0004103418773162686, 0.3740299835662011, 0.00047550180393786905, 0.0004471081036111721, 0.0004471081036111695, 0.0006007615319376765, 0.3720175096318969, 0.0004674220849227354, 0.0004962988731437225, 0.0004503215460707509, 0.0003811724783379432, 0.0004245075488577502, 0.00040074258595162337, 0.00042594932491465444, 0.0004318794587072333, 0.0033094418502450794, 0.0004435468908277767]"
hMpxV/Mexico/VER_InDRE_F158/2023|EPI_ISL_17672246|2023-01-23,"[0.0, 0.0, 0.0, 0.0, 0.0, 0.0, 0.0, 0.0, 0.0, 0.0, 0.0, 0.0, 0.0, 0.0, 0.0, 1.0, 0.0, 0.0, 0.0, 0.0, 0.0, 0.0, 0.0, 0.0, 0.0, 0.0, 0.0, 0.0, 0.0, 0.0, 0.0]"
NODE_0000451,"[3.771602306845645e-07, 7.537582790123978e-07, 7.20630786766125e-07, 5.132455869410548e-07, 1.3923929636827047e-06, 0.9997895117146969, 6.313204232933046e-07, 4.967872926916389e-07, 4.989474224043707e-07, 5.02435456189943e-07, 4.836344805295224e-07, 4.999551845445384e-07, 4.85303879516114e-07, 6.307693435246843e-07, 3.6582322465772995e-07, 0.00012107100717833278, 5.135594301258475e-07, 4.999551845447265e-07, 4.999551845446166e-07, 5.921265595457142e-07, 7.37154407016204e-05, 5.221963042002387e-07, 4.4294284459561574e-07, 5.039738455372956e-07, 3.335584139802671e-07, 4.676619040012663e-07, 4.2325992270574195e-07, 4.707679057252505e-07, 4.7452890174460214e-07, 1.1101143000295644e-06, 4.950721672597918e-07]"
hMpxV/Dominican_Republic/LNSPDD-270/2022|EPI_ISL_17960865|2022-12-28,"[0.0, 0.0, 0.0, 0.0, 0.0, 1.0, 0.0, 0.0, 0.0, 0.0, 0.0, 0.0, 0.0, 0.0, 0.0, 0.0, 0.0, 0.0, 0.0, 0.0, 0.0, 0.0, 0.0, 0.0, 0.0, 0.0, 0.0, 0.0, 0.0, 0.0, 0.0]"
hMpxV/Dominican_Republic/LNSPDD-271/2023|EPI_ISL_17960866|2023-01-04,"[0.0, 0.0, 0.0, 0.0, 0.0, 0.9999999999999999, 0.0, 0.0, 0.0, 0.0, 0.0, 0.0, 0.0, 0.0, 0.0, 0.0, 0.0, 0.0, 0.0, 0.0, 0.0, 0.0, 0.0, 0.0, 0.0, 0.0, 0.0, 0.0, 0.0, 0.0, 0.0]"
NODE_0000455,"[2.2103498867792165e-13, 6.927306467927285e-13, 1.060530935413219e-11, 6.150913684476895e-14, 2.55368206116407e-11, 1.6619108796814868e-13, 2.667179627845787e-13, 6.09987606792247e-14, 6.126642890882406e-14, 6.111719507323594e-14, 6.033297146955336e-14, 6.094848398563756e-14, 5.994133181369307e-14, 2.593464528863904e-13, 2.0606198848172265e-13, 8.195004985567411e-11, 7.694434669863243e-14, 6.09484839856178e-14, 6.094848398563748e-14, 2.5119852975248294e-13, 0.999999999660804, 6.164867592742362e-14, 3.323093900748209e-13, 6.119385799708009e-14, 1.892168697233418e-13, 6.013381602043243e-14, 5.959005541641026e-14, 6.034531505104227e-14, 5.972169686437852e-14, 2.1747020305148012e-10, 6.101197305953537e-14]"
hMpxV/Peru/LIM-INS-369/2023|EPI_ISL_19343510|2023-01-04,"[0.0, 0.0, 0.0, 0.0, 0.0, 0.0, 0.0, 0.0, 0.0, 0.0, 0.0, 0.0, 0.0, 0.0, 0.0, 0.0, 0.0, 0.0, 0.0, 0.0, 1.0, 0.0, 0.0, 0.0, 0.0, 0.0, 0.0, 0.0, 0.0, 0.0, 0.0]"
hMpxV/Peru/LIM-INS-386/2023|EPI_ISL_19343504|2023-01-06,"[0.0, 0.0, 0.0, 0.0, 0.0, 0.0, 0.0, 0.0, 0.0, 0.0, 0.0, 0.0, 0.0, 0.0, 0.0, 0.0, 0.0, 0.0, 0.0, 0.0, 1.0, 0.0, 0.0, 0.0, 0.0, 0.0, 0.0, 0.0, 0.0, 0.0, 0.0]"
hMpxV/Peru/CAL-INS-370/2023|EPI_ISL_19343517|2023-01-18,"[0.0, 0.0, 0.0, 0.0, 0.0, 0.0, 0.0, 0.0, 0.0, 0.0, 0.0, 0.0, 0.0, 0.0, 0.0, 0.0, 0.0, 0.0, 0.0, 0.0, 0.9999999999999999, 0.0, 0.0, 0.0, 0.0, 0.0, 0.0, 0.0, 0.0, 0.0, 0.0]"
NODE_0000456,"[8.514333504966503e-11, 1.8453306785206053e-10, 6.498192037276834e-09, 1.0111526491429628e-10, 4.148984289055968e-10, 1.288706613753818e-10, 1.44777747059898e-10, 1.0002462171495219e-10, 1.0117475420852765e-10, 3.274243185204458e-10, 9.787883492567982e-11, 9.964242202301058e-11, 9.526149276995374e-11, 2.1089516182424215e-09, 8.75787114736641e-11, 4.3972881842920336e-10, 2.6242969625769995e-09, 9.96424220229886e-11, 9.964242202293828e-11, 3.4116040055682403e-10, 1.6950359920988826e-07, 1.0028429240089042e-10, 0.9999997832978924, 1.0038923456807743e-10, 3.04858336657225e-08, 9.451472724683483e-11, 8.35896455927947e-11, 9.575982816750625e-11, 9.373158836145432e-11, 1.864305159827522e-09, 1.0016176387436537e-10]"
hMpxV/Portugal/INSA-PT0596/2022|EPI_ISL_18545153|2022-11-29,"[0.0, 0.0, 0.0, 0.0, 0.0, 0.0, 0.0, 0.0, 0.0, 0.0, 0.0, 0.0, 0.0, 0.0, 0.0, 0.0, 0.0, 0.0, 0.0, 0.0, 0.0, 0.0, 1.0, 0.0, 0.0, 0.0, 0.0, 0.0, 0.0, 0.0, 0.0]"
hMpxV/Portugal/INSA-PT0607/2022|EPI_ISL_18545144|2022-12-07,"[0.0, 0.0, 0.0, 0.0, 0.0, 0.0, 0.0, 0.0, 0.0, 0.0, 0.0, 0.0, 0.0, 0.0, 0.0, 0.0, 0.0, 0.0, 0.0, 0.0, 0.0, 0.0, 1.0, 0.0, 0.0, 0.0, 0.0, 0.0, 0.0, 0.0, 0.0]"
hMpxV/Portugal/INSA-PT0598/2022|EPI_ISL_18544953|2022-11-25,"[0.0, 0.0, 0.0, 0.0, 0.0, 0.0, 0.0, 0.0, 0.0, 0.0, 0.0, 0.0, 0.0, 0.0, 0.0, 0.0, 0.0, 0.0, 0.0, 0.0, 0.0, 0.0, 1.0, 0.0, 0.0, 0.0, 0.0, 0.0, 0.0, 0.0, 0.0]"
NODE_0000325,"[3.332384507829042e-09, 7.996850608396622e-09, 6.204263503225611e-08, 1.2518898190154162e-09, 1.2179818837350713e-07, 2.6706637594658197e-09, 3.836623006041378e-09, 1.2319321600910924e-09, 1.2368379812136282e-09, 1.240391045969772e-09, 1.2137493119018354e-09, 1.2336136922900162e-09, 1.2332271045743613e-09, 3.797020890944269e-09, 3.0479510054919833e-09, 2.843983056262554e-07, 1.4894533538620284e-09, 1.2336136922899783e-09, 1.2336136922900127e-09, 3.6884475572852705e-09, 0.9999988389761433, 1.2752472270316433e-09, 4.344889128524581e-09, 1.2400051697257728e-09, 2.8253602208029244e-09, 1.2033111828323346e-09, 1.2244928523498667e-09, 1.2037295239878858e-09, 1.2217313208982544e-09, 6.360465658593834e-07, 1.2311318175271763e-09]"
hMpxV/Peru/LAL-INS-281/2022|EPI_ISL_16999073|2022-12-06,"[0.0, 0.0, 0.0, 0.0, 0.0, 0.0, 0.0, 0.0, 0.0, 0.0, 0.0, 0.0, 0.0, 0.0, 0.0, 0.0, 0.0, 0.0, 0.0, 0.0, 1.0, 0.0, 0.0, 0.0, 0.0, 0.0, 0.0, 0.0, 0.0, 0.0, 0.0]"
NODE_0000326,"[1.6206377346335866e-13, 5.338334154884479e-13, 8.484435306532894e-12, 4.3567226845214016e-14, 2.1081518292390272e-11, 1.2153241759040882e-13, 1.9990693038285294e-13, 4.3206789775446575e-14, 4.336437301085571e-14, 4.327333201101239e-14, 4.275509064844093e-14, 4.3198424231839443e-14, 4.242950546629351e-14, 1.9411043495695654e-13, 1.5475649868596325e-13, 6.842861764878177e-11, 5.4074092642235965e-14, 4.319842423182659e-14, 4.319842423183931e-14, 1.878325768246778e-13, 0.9999999997198119, 4.3570998756380537e-14, 2.490479159689973e-13, 4.335235594336346e-14, 1.4055908759273688e-13, 4.238294439295985e-14, 4.19662054503906e-14, 4.2561474618339296e-14, 4.222113570890659e-14, 1.7950834658437288e-10, 4.320201015693733e-14]"
hMpxV/Peru/LAL-INS-348/2022|EPI_ISL_16999070|2022-12-23,"[0.0, 0.0, 0.0, 0.0, 0.0, 0.0, 0.0, 0.0, 0.0, 0.0, 0.0, 0.0, 0.0, 0.0, 0.0, 0.0, 0.0, 0.0, 0.0, 0.0, 1.0, 0.0, 0.0, 0.0, 0.0, 0.0, 0.0, 0.0, 0.0, 0.0, 0.0]"
hMpxV/Peru/LAL-INS-333/2022|EPI_ISL_16999069|2022-12-10,"[0.0, 0.0, 0.0, 0.0, 0.0, 0.0, 0.0, 0.0, 0.0, 0.0, 0.0, 0.0, 0.0, 0.0, 0.0, 0.0, 0.0, 0.0, 0.0, 0.0, 1.0, 0.0, 0.0, 0.0, 0.0, 0.0, 0.0, 0.0, 0.0, 0.0, 0.0]"
hMpxV/Peru/LAL-INS-337/2022|EPI_ISL_16999071|2022-12-19,"[0.0, 0.0, 0.0, 0.0, 0.0, 0.0, 0.0, 0.0, 0.0, 0.0, 0.0, 0.0, 0.0, 0.0, 0.0, 0.0, 0.0, 0.0, 0.0, 0.0, 1.0, 0.0, 0.0, 0.0, 0.0, 0.0, 0.0, 0.0, 0.0, 0.0, 0.0]"
NODE_0000452,"[0.0002954226446497221, 0.00015651775851618344, 0.0012315354691955342, 9.055063046297616e-05, 0.00041926708761878226, 0.00011399792880268853, 0.00012490765554651632, 8.953041653804892e-05, 8.997266172277858e-05, 9.00479953389649e-05, 8.838846351678983e-05, 8.947142326891278e-05, 8.91661124263166e-05, 0.00012655687368800156, 0.0001483813499005968, 0.001209738360841341, 0.0002126903178807625, 8.947142326891454e-05, 8.947142326891223e-05, 0.00012142909680739891, 0.14044985981043234, 9.223471329436132e-05, 0.000249717364626053, 8.991716899954972e-05, 0.0001469217070214155, 0.0001348358321382223, 8.658054647026757e-05, 0.00013193370910988478, 8.834196970807271e-05, 0.853473592824495, 8.954926044484202e-05]"
NODE_0000453,"[0.0005005930063097853, 0.00024371255249498817, 0.0008042289045885824, 0.00024492504663991286, 0.0002688274066234572, 0.00024492767869544477, 0.00024164086755808396, 0.00024034960836298762, 0.00024118010639509636, 0.0002433538398027705, 0.0002362940875521592, 0.0002410462369726411, 0.0003221766136317593, 0.0004123803228338427, 0.0002639624599648715, 0.0005452785533976686, 0.018245632011045836, 0.00024104623697266287, 0.00024104623697264395, 0.00023425814473717124, 0.0013346933392781094, 0.00025138496989511594, 0.0009337156423826279, 0.00024232989794710635, 0.00027184333263169066, 0.00035770107642629746, 0.00021920798468955062, 0.00046798431106440336, 0.00023453018282491145, 0.9711897923809564, 0.00023995696035142313]"
hMpxV/USA/WA-UW-288850/2024|EPI_ISL_19131278|2024-04-18,"[0.0, 0.0, 0.0, 0.0, 0.0, 0.0, 0.0, 0.0, 0.0, 0.0, 0.0, 0.0, 0.0, 0.0, 0.0, 0.0, 0.0, 0.0, 0.0, 0.0, 0.0, 0.0, 0.0, 0.0, 0.0, 0.0, 0.0, 0.0, 0.0, 1.0, 0.0]"
hMpxV/Netherlands/un-EMC-NL109/2024|EPI_ISL_19356930|2024-07-02,"[0.0, 0.0, 0.0, 0.0, 0.0, 0.0, 0.0, 0.0, 0.0, 0.0, 0.0, 0.0, 0.0, 0.0, 0.0, 0.0, 1.0, 0.0, 0.0, 0.0, 0.0, 0.0, 0.0, 0.0, 0.0, 0.0, 0.0, 0.0, 0.0, 0.0, 0.0]"
NODE_0000454,"[2.1589299407642004e-07, 5.298741453845597e-08, 1.3630205160897141e-06, 3.133479181457629e-08, 1.5623498709645498e-07, 3.9203583297211024e-08, 4.3111924007751256e-08, 3.1480547067237416e-08, 3.156964288326629e-08, 3.1306627550826175e-08, 3.141010231824566e-08, 3.1398583655935536e-08, 3.00362169915816e-08, 4.2278671740191846e-08, 7.26963148402517e-08, 9.65642070769398e-07, 1.4393143071512177e-07, 3.139858365594052e-08, 3.1398583655935424e-08, 4.059360765108094e-08, 0.0003575810860801674, 3.075966519451053e-08, 1.7017808587442858e-07, 3.1421547713272435e-08, 7.098793425226077e-08, 7.159788129306058e-08, 2.8096435750129296e-08, 6.903826306361123e-08, 3.006099807239938e-08, 0.9996384683444389, 3.150147538758778e-08]"
hMpxV/USA/CA-CDPH-1M1000245/2023|EPI_ISL_18458964|2023-01-10,"[0.0, 0.0, 0.0, 0.0, 0.0, 0.0, 0.0, 0.0, 0.0, 0.0, 0.0, 0.0, 0.0, 0.0, 0.0, 0.0, 0.0, 0.0, 0.0, 0.0, 0.0, 0.0, 0.0, 0.0, 0.0, 0.0, 0.0, 0.0, 0.0, 1.0, 0.0]"
hMpxV/USA/CA-LACPHL-MA00478/2023|EPI_ISL_17211332|2023-01-08,"[0.0, 0.0, 0.0, 0.0, 0.0, 0.0, 0.0, 0.0, 0.0, 0.0, 0.0, 0.0, 0.0, 0.0, 0.0, 0.0, 0.0, 0.0, 0.0, 0.0, 0.0, 0.0, 0.0, 0.0, 0.0, 0.0, 0.0, 0.0, 0.0, 0.9999999999999999, 0.0]"
NODE_0000349,"[8.731266922392738e-06, 2.9208447317412023e-06, 4.7511880267450816e-05, 1.695609694960137e-06, 8.49437461099385e-06, 2.13808586010897e-06, 2.3477298469171716e-06, 1.693142271745523e-06, 1.7005013773298917e-06, 1.692295847269183e-06, 1.6822137521356319e-06, 1.6890413660413132e-06, 1.6435631761779109e-06, 2.339943669983738e-06, 3.3970583625138326e-06, 3.8604890805376605e-05, 5.845689055013122e-06, 1.689041366041475e-06, 1.6890413660413055e-06, 2.2409751415253867e-06, 0.0095070180875141, 1.6925838647351363e-06, 7.02522973723628e-06, 1.693674085623222e-06, 3.3722833763976796e-06, 3.251770856129452e-06, 1.5765902917672508e-06, 3.1482768656287587e-06, 1.6418885627350926e-06, 0.9903281379196952, 1.6945056586944796e-06]"
hMpxV/USA/CA-LACPHL-MA00491/2023|EPI_ISL_18161268|2023-04-10,"[0.0, 0.0, 0.0, 0.0, 0.0, 0.0, 0.0, 0.0, 0.0, 0.0, 0.0, 0.0, 0.0, 0.0, 0.0, 0.0, 0.0, 0.0, 0.0, 0.0, 0.0, 0.0, 0.0, 0.0, 0.0, 0.0, 0.0, 0.0, 0.0, 1.0, 0.0]"
NODE_0000350,"[1.6299850231667363e-12, 9.913552760929627e-14, 2.8132509774413913e-11, 5.5707958712980165e-14, 4.160220331465159e-13, 7.236665487330714e-14, 8.056804639452528e-14, 5.782239028740799e-14, 5.807830819435856e-14, 5.651800480571074e-14, 5.86970811480468e-14, 5.714833165999634e-14, 5.150260559547288e-14, 7.781738202128414e-14, 2.3085710356058787e-13, 1.0361519629915417e-11, 8.325695816984028e-13, 5.714833166003399e-14, 5.714833165998056e-14, 7.19051206005853e-14, 8.400130683553762e-08, 5.17952383337328e-14, 1.062970402984952e-12, 5.690880031847195e-14, 2.4004218819439273e-13, 2.644363875928302e-13, 4.694850375078572e-14, 2.478260761087881e-13, 5.252279662010541e-14, 0.9999999159540965, 5.807067272286943e-14]"
hMpxV/USA/CA-LACPHL-MA00398/2023|EPI_ISL_16679240|2023-01-03,"[0.0, 0.0, 0.0, 0.0, 0.0, 0.0, 0.0, 0.0, 0.0, 0.0, 0.0, 0.0, 0.0, 0.0, 0.0, 0.0, 0.0, 0.0, 0.0, 0.0, 0.0, 0.0, 0.0, 0.0, 0.0, 0.0, 0.0, 0.0, 0.0, 1.0, 0.0]"
hMpxV/USA/CA-LACPHL-MA00396/2023|EPI_ISL_16679238|2023-01-03,"[0.0, 0.0, 0.0, 0.0, 0.0, 0.0, 0.0, 0.0, 0.0, 0.0, 0.0, 0.0, 0.0, 0.0, 0.0, 0.0, 0.0, 0.0, 0.0, 0.0, 0.0, 0.0, 0.0, 0.0, 0.0, 0.0, 0.0, 0.0, 0.0, 1.0, 0.0]"
hMpxV/USA/CA-LACPHL-MA00514/2023|EPI_ISL_18161291|2023-05-04,"[0.0, 0.0, 0.0, 0.0, 0.0, 0.0, 0.0, 0.0, 0.0, 0.0, 0.0, 0.0, 0.0, 0.0, 0.0, 0.0, 0.0, 0.0, 0.0, 0.0, 0.0, 0.0, 0.0, 0.0, 0.0, 0.0, 0.0, 0.0, 0.0, 1.0, 0.0]"
hMpxV/USA/CA-LACPHL-MA00512/2023|EPI_ISL_18161289|2023-05-04,"[0.0, 0.0, 0.0, 0.0, 0.0, 0.0, 0.0, 0.0, 0.0, 0.0, 0.0, 0.0, 0.0, 0.0, 0.0, 0.0, 0.0, 0.0, 0.0, 0.0, 0.0, 0.0, 0.0, 0.0, 0.0, 0.0, 0.0, 0.0, 0.0, 1.0, 0.0]"
NODE_0000352,"[5.677105047841711e-12, 3.5818222519706454e-13, 8.027441352373052e-11, 2.1246478052609e-13, 1.3268847493692706e-12, 2.675977651739117e-13, 2.9760893829545565e-13, 2.19868423498186e-13, 2.1995861797260082e-13, 2.1443130419444093e-13, 2.2352481608892124e-13, 2.1823002808144363e-13, 1.9464541237976653e-13, 2.78169120135127e-13, 9.147160755672162e-13, 3.1997221947974215e-11, 3.1936766500179737e-12, 2.1823002808168092e-13, 2.1823002808149222e-13, 2.648663526297279e-13, 1.3486449682845064e-07, 1.9578781384261906e-13, 3.929935685537136e-12, 2.1687709527384523e-13, 8.886868369793567e-13, 1.0305072300492246e-12, 1.7251489331712172e-13, 9.678528148354164e-13, 1.9852015572768814e-13, 0.9999998650008921, 2.203474971956676e-13]"
hMpxV/USA/CA-LACPHL-MA00462/2023|EPI_ISL_16997413|2023-01-30,"[0.0, 0.0, 0.0, 0.0, 0.0, 0.0, 0.0, 0.0, 0.0, 0.0, 0.0, 0.0, 0.0, 0.0, 0.0, 0.0, 0.0, 0.0, 0.0, 0.0, 0.0, 0.0, 0.0, 0.0, 0.0, 0.0, 0.0, 0.0, 0.0, 1.0, 0.0]"
hMpxV/USA/CA-LACPHL-MA00409/2023|EPI_ISL_16997443|2023-01-17,"[0.0, 0.0, 0.0, 0.0, 0.0, 0.0, 0.0, 0.0, 0.0, 0.0, 0.0, 0.0, 0.0, 0.0, 0.0, 0.0, 0.0, 0.0, 0.0, 0.0, 0.0, 0.0, 0.0, 0.0, 0.0, 0.0, 0.0, 0.0, 0.0, 1.0, 0.0]"
hMpxV/USA/CA-CDPH-11000300/2023|EPI_ISL_18325003|2023-01-30,"[0.0, 0.0, 0.0, 0.0, 0.0, 0.0, 0.0, 0.0, 0.0, 0.0, 0.0, 0.0, 0.0, 0.0, 0.0, 0.0, 0.0, 0.0, 0.0, 0.0, 0.0, 0.0, 0.0, 0.0, 0.0, 0.0, 0.0, 0.0, 0.0, 1.0, 0.0]"
NODE_0000353,"[1.551712147370407e-10, 1.5838144219746845e-11, 5.76066618986251e-10, 1.5703553339803237e-11, 2.212606207363373e-11, 1.583971883795223e-11, 1.596082611768803e-11, 1.5868599056386093e-11, 1.5869912698126362e-11, 1.5703259055599907e-11, 1.5922811340822778e-11, 1.5843913686380117e-11, 1.4859195979766308e-11, 1.546866041671975e-11, 3.730740436949099e-11, 1.9153054245661484e-10, 1.1955858412562103e-10, 1.5843913686413514e-11, 1.584391368638743e-11, 1.490589255223554e-11, 6.990996876540656e-09, 1.51613505658341e-11, 1.0192734397978197e-10, 1.5810784394995472e-11, 3.6044994671281695e-11, 5.054549206214148e-11, 1.343977558623525e-11, 4.7980160971843187e-11, 1.4915820157587768e-11, 0.9999999913760771, 1.5867474741922818e-11]"
hMpxV/USA/CA-LACPHL-MA00471/2023|EPI_ISL_17211325|2023-02-13,"[0.0, 0.0, 0.0, 0.0, 0.0, 0.0, 0.0, 0.0, 0.0, 0.0, 0.0, 0.0, 0.0, 0.0, 0.0, 0.0, 0.0, 0.0, 0.0, 0.0, 0.0, 0.0, 0.0, 0.0, 0.0, 0.0, 0.0, 0.0, 0.0, 1.0, 0.0]"
hMpxV/USA/CA-LACPHL-MA00470/2023|EPI_ISL_17211324|2023-02-13,"[0.0, 0.0, 0.0, 0.0, 0.0, 0.0, 0.0, 0.0, 0.0, 0.0, 0.0, 0.0, 0.0, 0.0, 0.0, 0.0, 0.0, 0.0, 0.0, 0.0, 0.0, 0.0, 0.0, 0.0, 0.0, 0.0, 0.0, 0.0, 0.0, 1.0, 0.0]"
NODE_0000465,"[2.9246875804362114e-06, 5.078020750240281e-06, 1.3282812845254805e-05, 2.7367249723277386e-06, 1.2151858689826783e-05, 9.32758002069612e-06, 3.936656725300446e-06, 2.6683991305979114e-06, 2.6760815257718582e-06, 2.69605356770873e-06, 2.6151183247784196e-06, 2.6820505420936523e-06, 2.6576488565749515e-06, 3.942972466499048e-06, 2.7703886743427912e-06, 0.9579876678005125, 2.862944045342977e-06, 2.6820505420927472e-06, 2.682050542093333e-06, 3.7858072620299216e-06, 0.0418477561124318, 2.793140175938623e-06, 3.30447835091689e-06, 2.69824632100702e-06, 2.5933202680624577e-06, 2.5630934515172544e-06, 2.467484463340591e-06, 2.5682942670697202e-06, 2.6115408046747745e-06, 5.61550948482403e-05, 2.6614870408472462e-06]"
hMpxV/Mexico/TLA_InDRE_F448/2023|EPI_ISL_17703611|2023-03-21,"[0.0, 0.0, 0.0, 0.0, 0.0, 0.0, 0.0, 0.0, 0.0, 0.0, 0.0, 0.0, 0.0, 0.0, 0.0, 1.0, 0.0, 0.0, 0.0, 0.0, 0.0, 0.0, 0.0, 0.0, 0.0, 0.0, 0.0, 0.0, 0.0, 0.0, 0.0]"
NODE_0000466,"[3.510947179894748e-11, 7.952203983742795e-11, 2.7347044893611274e-10, 4.35938514144785e-11, 1.823754291924188e-10, 3.8377735578766883e-10, 6.240613655767546e-11, 4.279084865780739e-11, 4.289537860646052e-11, 4.292168652839199e-11, 4.205739964555456e-11, 4.298097330924148e-11, 4.083709448349488e-11, 6.106041516322208e-11, 3.683463585465867e-11, 0.999989234645179, 4.362312402319102e-11, 4.2980973309224356e-11, 4.2980973309231516e-11, 5.752989239980043e-11, 1.0761536790228973e-05, 4.3094347383143764e-11, 4.642904679801287e-11, 4.316942838495178e-11, 3.357478107194914e-11, 4.077077913707418e-11, 3.544841628770391e-11, 4.1230532210813796e-11, 4.023979319640531e-11, 1.8516542512083115e-09, 4.267139133196123e-11]"
hMpxV/Mexico/TAM_InDRE_F5537/2022|EPI_ISL_17672224|2022-11-29,"[0.0, 0.0, 0.0, 0.0, 0.0, 0.0, 0.0, 0.0, 0.0, 0.0, 0.0, 0.0, 0.0, 0.0, 0.0, 1.0, 0.0, 0.0, 0.0, 0.0, 0.0, 0.0, 0.0, 0.0, 0.0, 0.0, 0.0, 0.0, 0.0, 0.0, 0.0]"
hMpxV/Mexico/HID_InDRE_F5581/2022|EPI_ISL_17672226|2022-12-07,"[0.0, 0.0, 0.0, 0.0, 0.0, 0.0, 0.0, 0.0, 0.0, 0.0, 0.0, 0.0, 0.0, 0.0, 0.0, 1.0, 0.0, 0.0, 0.0, 0.0, 0.0, 0.0, 0.0, 0.0, 0.0, 0.0, 0.0, 0.0, 0.0, 0.0, 0.0]"
NODE_0000467,"[3.13308454895093e-08, 4.856521457142058e-08, 7.619757312436419e-08, 4.9595599019450435e-08, 4.438195771640894e-08, 2.5291646297787857e-07, 4.828079439888994e-08, 4.822026997518645e-08, 4.8354184165719385e-08, 4.871783701835009e-08, 4.715597969610987e-08, 4.852243750228642e-08, 4.746928402804329e-08, 4.8448897189202e-08, 3.0745207121350954e-08, 0.999994676305707, 4.813238519965087e-08, 4.8522437502280565e-08, 4.852243750228226e-08, 4.6062555551401045e-08, 3.605136295420918e-06, 5.0363172580051174e-08, 3.382260870460303e-08, 4.883189902249629e-08, 2.8752104298333625e-08, 4.580473261248303e-08, 4.2128622233628566e-08, 4.6031028088082545e-08, 4.652405540859249e-08, 2.1809678476196792e-07, 4.806063010495025e-08]"
hMpxV/Mexico/HID_InDRE_F152/2023|EPI_ISL_17672244|2023-01-23,"[0.0, 0.0, 0.0, 0.0, 0.0, 0.0, 0.0, 0.0, 0.0, 0.0, 0.0, 0.0, 0.0, 0.0, 0.0, 1.0, 0.0, 0.0, 0.0, 0.0, 0.0, 0.0, 0.0, 0.0, 0.0, 0.0, 0.0, 0.0, 0.0, 0.0, 0.0]"
NODE_0000468,"[5.5324470745235805e-09, 8.723351457405328e-09, 1.3807684604179041e-08, 8.943818218092007e-09, 7.849748036125131e-09, 4.8056962888678744e-08, 8.69152971604008e-09, 8.700905227460101e-09, 8.726354963953193e-09, 8.785404581284955e-09, 8.510296921733125e-09, 8.753314944430644e-09, 8.54069907162849e-09, 8.71100283335391e-09, 5.46514956669103e-09, 0.9999990446669363, 8.644505904593028e-09, 8.753314944428384e-09, 8.753314944429216e-09, 8.270613155634734e-09, 6.42888722217397e-07, 9.064614276545006e-09, 6.024357599119436e-09, 8.808844679702427e-09, 5.098211990377631e-09, 8.25427332879425e-09, 7.551743099574925e-09, 8.300853199291808e-09, 8.374293608395286e-09, 4.007388767594778e-08, 8.672843208892564e-09]"
hMpxV/Mexico/CHP_InDRE_F5684/2022|EPI_ISL_17672231|2022-12-18,"[0.0, 0.0, 0.0, 0.0, 0.0, 0.0, 0.0, 0.0, 0.0, 0.0, 0.0, 0.0, 0.0, 0.0, 0.0, 0.9999999999999999, 0.0, 0.0, 0.0, 0.0, 0.0, 0.0, 0.0, 0.0, 0.0, 0.0, 0.0, 0.0, 0.0, 0.0, 0.0]"
hMpxV/Mexico/CHP_InDRE_F108/2023|EPI_ISL_17672239|2023-01-11,"[0.0, 0.0, 0.0, 0.0, 0.0, 0.0, 0.0, 0.0, 0.0, 0.0, 0.0, 0.0, 0.0, 0.0, 0.0, 1.0, 0.0, 0.0, 0.0, 0.0, 0.0, 0.0, 0.0, 0.0, 0.0, 0.0, 0.0, 0.0, 0.0, 0.0, 0.0]"
NODE_0000463,"[4.825851897023546e-24, 6.893877026104312e-23, 2.5550693063852876e-21, 1.8879359009472052e-23, 0.9999999999999937, 2.4131818829475556e-23, 2.755800406199898e-23, 1.846531846913878e-23, 1.8495245152793452e-23, 1.8288555124186797e-23, 1.800201076261707e-23, 1.8635036782105547e-23, 1.5334585517643122e-23, 2.512794803809803e-23, 7.007735633530629e-24, 5.318116472494814e-23, 1.6091577151560095e-23, 1.863503678213309e-23, 1.8635036782134287e-23, 2.1524599235684627e-23, 6.397741602999226e-15, 1.7168403323376598e-23, 1.1364638285762113e-23, 1.8704226989285228e-23, 5.6325466724687134e-24, 1.6465455667728332e-23, 9.857849919475918e-24, 1.7176226945163088e-23, 1.4954312264210925e-23, 8.429754647134087e-24, 1.833830921406035e-23]"
hMpxV/Chile/VS-ISP-130350/2022|EPI_ISL_19345328|2022-11-19,"[0.0, 0.0, 0.0, 0.0, 0.9999999999999999, 0.0, 0.0, 0.0, 0.0, 0.0, 0.0, 0.0, 0.0, 0.0, 0.0, 0.0, 0.0, 0.0, 0.0, 0.0, 0.0, 0.0, 0.0, 0.0, 0.0, 0.0, 0.0, 0.0, 0.0, 0.0, 0.0]"
hMpxV/Chile/VS-ISP-132267/2022|EPI_ISL_19345333|2022-11-25,"[0.0, 0.0, 0.0, 0.0, 1.0, 0.0, 0.0, 0.0, 0.0, 0.0, 0.0, 0.0, 0.0, 0.0, 0.0, 0.0, 0.0, 0.0, 0.0, 0.0, 0.0, 0.0, 0.0, 0.0, 0.0, 0.0, 0.0, 0.0, 0.0, 0.0, 0.0]"
hMpxV/Chile/VS-ISP-133976/2022|EPI_ISL_19345337|2022-12-02,"[0.0, 0.0, 0.0, 0.0, 1.0, 0.0, 0.0, 0.0, 0.0, 0.0, 0.0, 0.0, 0.0, 0.0, 0.0, 0.0, 0.0, 0.0, 0.0, 0.0, 0.0, 0.0, 0.0, 0.0, 0.0, 0.0, 0.0, 0.0, 0.0, 0.0, 0.0]"
hMpxV/Chile/VS-ISP-135200/2022|EPI_ISL_19345345|2022-12-07,"[0.0, 0.0, 0.0, 0.0, 1.0, 0.0, 0.0, 0.0, 0.0, 0.0, 0.0, 0.0, 0.0, 0.0, 0.0, 0.0, 0.0, 0.0, 0.0, 0.0, 0.0, 0.0, 0.0, 0.0, 0.0, 0.0, 0.0, 0.0, 0.0, 0.0, 0.0]"
hMpxV/Chile/VS-ISP-137085/2022|EPI_ISL_19345351|2022-12-14,"[0.0, 0.0, 0.0, 0.0, 1.0, 0.0, 0.0, 0.0, 0.0, 0.0, 0.0, 0.0, 0.0, 0.0, 0.0, 0.0, 0.0, 0.0, 0.0, 0.0, 0.0, 0.0, 0.0, 0.0, 0.0, 0.0, 0.0, 0.0, 0.0, 0.0, 0.0]"
hMpxV/Chile/VS-ISP-140320/2022|EPI_ISL_19345357|2022-12-26,"[0.0, 0.0, 0.0, 0.0, 1.0, 0.0, 0.0, 0.0, 0.0, 0.0, 0.0, 0.0, 0.0, 0.0, 0.0, 0.0, 0.0, 0.0, 0.0, 0.0, 0.0, 0.0, 0.0, 0.0, 0.0, 0.0, 0.0, 0.0, 0.0, 0.0, 0.0]"
hMpxV/Chile/VS-ISP-141144/2022|EPI_ISL_19345359|2022-12-29,"[0.0, 0.0, 0.0, 0.0, 0.9999999999999999, 0.0, 0.0, 0.0, 0.0, 0.0, 0.0, 0.0, 0.0, 0.0, 0.0, 0.0, 0.0, 0.0, 0.0, 0.0, 0.0, 0.0, 0.0, 0.0, 0.0, 0.0, 0.0, 0.0, 0.0, 0.0, 0.0]"
hMpxV/Chile/VS-ISP-2855/2023|EPI_ISL_19345363|2023-01-10,"[0.0, 0.0, 0.0, 0.0, 1.0, 0.0, 0.0, 0.0, 0.0, 0.0, 0.0, 0.0, 0.0, 0.0, 0.0, 0.0, 0.0, 0.0, 0.0, 0.0, 0.0, 0.0, 0.0, 0.0, 0.0, 0.0, 0.0, 0.0, 0.0, 0.0, 0.0]"
hMpxV/Chile/VS-ISP-134877/2022|EPI_ISL_19345344|2022-12-06,"[0.0, 0.0, 0.0, 0.0, 1.0, 0.0, 0.0, 0.0, 0.0, 0.0, 0.0, 0.0, 0.0, 0.0, 0.0, 0.0, 0.0, 0.0, 0.0, 0.0, 0.0, 0.0, 0.0, 0.0, 0.0, 0.0, 0.0, 0.0, 0.0, 0.0, 0.0]"
NODE_0000416,"[1.2473865831520554e-06, 2.2247612087840088e-06, 5.918539269660412e-06, 1.2506264401263696e-06, 5.051410340475909e-06, 4.868416732288463e-06, 1.7513514012718182e-06, 1.2213003172247988e-06, 1.2256118275441877e-06, 1.2321998319476399e-06, 1.1972700670459241e-06, 1.226494495758361e-06, 1.2071226021171282e-06, 1.748709469272783e-06, 1.1907774403810308e-06, 0.9907913385678236, 1.3000119261128374e-06, 1.2264944957581846e-06, 1.226494495758252e-06, 1.6737748137526912e-06, 0.009133835895930038, 1.270731350970736e-06, 1.43171122983504e-06, 1.2339951206408027e-06, 1.1127558809575403e-06, 1.172214188975886e-06, 1.1119007315748456e-06, 1.1764165707646307e-06, 1.1882450287107036e-06, 2.5920264998891773e-05, 1.2185473865972252e-06]"
NODE_0000419,"[1.282812728937705e-07, 2.059339347990871e-07, 4.1464700837668113e-07, 1.7145635798948416e-07, 3.060881894709579e-07, 7.806054063447396e-07, 1.8711120657660256e-07, 1.668123774798926e-07, 1.672870926002521e-07, 1.6857346015513277e-07, 1.632157401442546e-07, 1.6780349239566835e-07, 1.6485238217160555e-07, 1.8762262728620392e-07, 1.2347202381292752e-07, 0.9997836902279991, 1.706949565171287e-07, 1.6780349239564583e-07, 1.678034923956568e-07, 1.790518705284801e-07, 0.00020918081292009452, 1.74467955952762e-07, 1.4051931712878363e-07, 1.6886704130306057e-07, 1.158692923890168e-07, 1.5927935695601964e-07, 1.4842157882151066e-07, 1.598838346088622e-07, 1.617070895894857e-07, 1.544531914633414e-06, 1.6629531513502767e-07]"
hMpxV/Mexico/NLE_InDRE_F410/2023|EPI_ISL_17703606|2023-03-13,"[0.0, 0.0, 0.0, 0.0, 0.0, 0.0, 0.0, 0.0, 0.0, 0.0, 0.0, 0.0, 0.0, 0.0, 0.0, 1.0, 0.0, 0.0, 0.0, 0.0, 0.0, 0.0, 0.0, 0.0, 0.0, 0.0, 0.0, 0.0, 0.0, 0.0, 0.0]"
NODE_0000420,"[6.192888885365522e-10, 1.0111278467465875e-09, 1.740238604394348e-09, 1.000071544923618e-09, 1.0151717793152903e-09, 5.754596314843679e-09, 9.91495189808727e-10, 9.738106109812924e-10, 9.76783598013978e-10, 9.824830214871211e-10, 9.528252090752477e-10, 9.793791920599406e-10, 9.524009392881401e-10, 9.914298771976408e-10, 6.158918027332045e-10, 0.9999992588297014, 9.657346785148794e-10, 9.79379192059411e-10, 9.793791920596376e-10, 9.400367759328658e-10, 7.041221072696498e-07, 1.0108586858222787e-09, 6.865070554364615e-10, 9.854876623323943e-10, 5.729453572759803e-10, 9.232908826424511e-10, 8.391877011680545e-10, 9.292464981255159e-10, 9.34457700875276e-10, 5.773911124580861e-09, 9.707742744695231e-10]"
hMpxV/Mexico/MEX_InDRE_F75/2023|EPI_ISL_17672238|2023-01-09,"[0.0, 0.0, 0.0, 0.0, 0.0, 0.0, 0.0, 0.0, 0.0, 0.0, 0.0, 0.0, 0.0, 0.0, 0.0, 1.0, 0.0, 0.0, 0.0, 0.0, 0.0, 0.0, 0.0, 0.0, 0.0, 0.0, 0.0, 0.0, 0.0, 0.0, 0.0]"
NODE_0000421,"[4.520076017815324e-11, 7.26905055161766e-11, 1.1603467648182666e-10, 7.490617676000827e-11, 6.412792639257209e-11, 4.2497983055990174e-10, 7.262641743753476e-11, 7.292539135148624e-11, 7.315612021326456e-11, 7.357952139924665e-11, 7.134115226739341e-11, 7.333870985207983e-11, 7.13428952781183e-11, 7.269327257824513e-11, 4.4985145557954804e-11, 0.9999999902179944, 7.204015321796178e-11, 7.333870985198427e-11, 7.333870985202328e-11, 6.890631443570743e-11, 7.144445860539554e-09, 7.57527353248036e-11, 4.9691443148726316e-11, 7.380313457910211e-11, 4.18380491273279e-11, 6.906341824697185e-11, 6.283294619062929e-11, 6.951093538978895e-11, 6.999537711800772e-11, 3.4081920896687056e-10, 7.270017051465399e-11]"
hMpxV/Mexico/NLE_InDRE_F78/2023|EPI_ISL_17703587|2023-01-09,"[0.0, 0.0, 0.0, 0.0, 0.0, 0.0, 0.0, 0.0, 0.0, 0.0, 0.0, 0.0, 0.0, 0.0, 0.0, 1.0, 0.0, 0.0, 0.0, 0.0, 0.0, 0.0, 0.0, 0.0, 0.0, 0.0, 0.0, 0.0, 0.0, 0.0, 0.0]"
hMpxV/Mexico/NLE_InDRE_F77/2023|EPI_ISL_17703586|2023-01-06,"[0.0, 0.0, 0.0, 0.0, 0.0, 0.0, 0.0, 0.0, 0.0, 0.0, 0.0, 0.0, 0.0, 0.0, 0.0, 0.9999999999999999, 0.0, 0.0, 0.0, 0.0, 0.0, 0.0, 0.0, 0.0, 0.0, 0.0, 0.0, 0.0, 0.0, 0.0, 0.0]"
NODE_0000417,"[2.9279955172536564e-17, 9.119813262408717e-17, 4.401771763804075e-16, 6.034852999186961e-17, 1.8264979405906124e-16, 2.1945094160419034e-15, 7.681135106056104e-17, 5.963117601513506e-17, 5.96609219422698e-17, 5.931808466962669e-17, 5.879648462394686e-17, 5.99580231204466e-17, 5.36640186982982e-17, 7.272776537669215e-17, 3.529039763026959e-17, 0.9999999997344297, 5.642413493005028e-17, 5.995802312037533e-17, 5.995802312040406e-17, 6.675281640043582e-17, 2.655604761097834e-10, 5.70752905400312e-17, 4.771340495814232e-17, 6.006503242150844e-17, 3.135396515445151e-17, 5.649037056001336e-17, 4.1867595310544585e-17, 5.780968191285395e-17, 5.293138340202243e-17, 6.0376236034387494e-15, 5.938970633123177e-17]"
hMpxV/Mexico/COA_InDRE_F5645/2022|EPI_ISL_17672229|2022-12-14,"[0.0, 0.0, 0.0, 0.0, 0.0, 0.0, 0.0, 0.0, 0.0, 0.0, 0.0, 0.0, 0.0, 0.0, 0.0, 1.0, 0.0, 0.0, 0.0, 0.0, 0.0, 0.0, 0.0, 0.0, 0.0, 0.0, 0.0, 0.0, 0.0, 0.0, 0.0]"
hMpxV/Mexico/NLE_InDRE_F130/2023|EPI_ISL_17672242|2023-01-17,"[0.0, 0.0, 0.0, 0.0, 0.0, 0.0, 0.0, 0.0, 0.0, 0.0, 0.0, 0.0, 0.0, 0.0, 0.0, 1.0, 0.0, 0.0, 0.0, 0.0, 0.0, 0.0, 0.0, 0.0, 0.0, 0.0, 0.0, 0.0, 0.0, 0.0, 0.0]"
hMpxV/Mexico/CMX_InDRE_F378/2023|EPI_ISL_17672259|2023-03-10,"[0.0, 0.0, 0.0, 0.0, 0.0, 0.0, 0.0, 0.0, 0.0, 0.0, 0.0, 0.0, 0.0, 0.0, 0.0, 1.0, 0.0, 0.0, 0.0, 0.0, 0.0, 0.0, 0.0, 0.0, 0.0, 0.0, 0.0, 0.0, 0.0, 0.0, 0.0]"
hMpxV/Mexico/NLE_InDRE_F309/2023|EPI_ISL_17672256|2023-02-17,"[0.0, 0.0, 0.0, 0.0, 0.0, 0.0, 0.0, 0.0, 0.0, 0.0, 0.0, 0.0, 0.0, 0.0, 0.0, 1.0, 0.0, 0.0, 0.0, 0.0, 0.0, 0.0, 0.0, 0.0, 0.0, 0.0, 0.0, 0.0, 0.0, 0.0, 0.0]"
hMpxV/Mexico/NLE_InDRE_F276/2023|EPI_ISL_17703600|2023-02-07,"[0.0, 0.0, 0.0, 0.0, 0.0, 0.0, 0.0, 0.0, 0.0, 0.0, 0.0, 0.0, 0.0, 0.0, 0.0, 0.9999999999999999, 0.0, 0.0, 0.0, 0.0, 0.0, 0.0, 0.0, 0.0, 0.0, 0.0, 0.0, 0.0, 0.0, 0.0, 0.0]"
NODE_0000418,"[1.3727399124809295e-11, 2.4664649269153806e-11, 4.578282795337472e-11, 2.506136326411771e-11, 2.258612498154611e-11, 2.1506331835463362e-10, 2.4555235491702725e-11, 2.4450500008341074e-11, 2.45042402280002e-11, 2.461092147207004e-11, 2.395065363158673e-11, 2.460359352714143e-11, 2.3521255501868738e-11, 2.4312417393311767e-11, 1.424388456550458e-11, 0.9999999910776491, 2.3828913311005247e-11, 2.4603593527084272e-11, 2.4603593527122617e-11, 2.2886004550030286e-11, 7.90423039275524e-09, 2.5001916242915635e-11, 1.622281864838702e-11, 2.4734386215262168e-11, 1.3150397422013176e-11, 2.3163519272155362e-11, 2.010870810920027e-11, 2.3389533172922516e-11, 2.3078030758561728e-11, 1.7334842884320786e-10, 2.4362519612622906e-11]"
hMpxV/Mexico/NLE_InDRE_F14/2022|EPI_ISL_17703582|2022-12-27,"[0.0, 0.0, 0.0, 0.0, 0.0, 0.0, 0.0, 0.0, 0.0, 0.0, 0.0, 0.0, 0.0, 0.0, 0.0, 1.0, 0.0, 0.0, 0.0, 0.0, 0.0, 0.0, 0.0, 0.0, 0.0, 0.0, 0.0, 0.0, 0.0, 0.0, 0.0]"
hMpxV/Mexico/GUA_InDRE_F244/2023|EPI_ISL_17672251|2023-02-04,"[0.0, 0.0, 0.0, 0.0, 0.0, 0.0, 0.0, 0.0, 0.0, 0.0, 0.0, 0.0, 0.0, 0.0, 0.0, 0.9999999999999999, 0.0, 0.0, 0.0, 0.0, 0.0, 0.0, 0.0, 0.0, 0.0, 0.0, 0.0, 0.0, 0.0, 0.0, 0.0]"
hMpxV/Mexico/NLE_InDRE_F321/2023|EPI_ISL_17703603|2023-02-21,"[0.0, 0.0, 0.0, 0.0, 0.0, 0.0, 0.0, 0.0, 0.0, 0.0, 0.0, 0.0, 0.0, 0.0, 0.0, 1.0, 0.0, 0.0, 0.0, 0.0, 0.0, 0.0, 0.0, 0.0, 0.0, 0.0, 0.0, 0.0, 0.0, 0.0, 0.0]"
NODE_0000320,"[1.0944674270193095e-07, 6.833384239674956e-08, 3.63118692926418e-05, 1.9184637769564246e-08, 7.969975342644237e-07, 3.236398458683515e-08, 4.378515423457245e-08, 1.922522163186688e-08, 1.9285418585678464e-08, 1.922036329198059e-08, 1.9116382693639426e-08, 1.9184853881495114e-08, 1.8315771990221617e-08, 4.110893569257121e-08, 4.566732507797706e-08, 2.34452007215761e-06, 4.3489255049548766e-08, 1.9184853881496913e-08, 1.918485388149487e-08, 3.9076064895733344e-08, 0.9945722103841778, 1.8756713981189974e-08, 2.0004858681977387e-07, 1.9210155276604476e-08, 5.465199422148037e-08, 2.8189222270235833e-08, 1.709645756188899e-08, 2.7829488809377678e-08, 1.8279010749241585e-08, 0.005387337759607428, 1.9234023654087226e-08]"
hMpxV/Peru/ICA-INS-282/2022|EPI_ISL_16999065|2022-11-29,"[0.0, 0.0, 0.0, 0.0, 0.0, 0.0, 0.0, 0.0, 0.0, 0.0, 0.0, 0.0, 0.0, 0.0, 0.0, 0.0, 0.0, 0.0, 0.0, 0.0, 1.0, 0.0, 0.0, 0.0, 0.0, 0.0, 0.0, 0.0, 0.0, 0.0, 0.0]"
hMpxV/USA/CA-LACPHL-MA00451/2022|EPI_ISL_16997421|2022-11-27,"[0.0, 0.0, 0.0, 0.0, 0.0, 0.0, 0.0, 0.0, 0.0, 0.0, 0.0, 0.0, 0.0, 0.0, 0.0, 0.0, 0.0, 0.0, 0.0, 0.0, 0.0, 0.0, 0.0, 0.0, 0.0, 0.0, 0.0, 0.0, 0.0, 1.0, 0.0]"
NODE_0000321,"[1.2922807049186805e-10, 3.3200137111938314e-11, 0.9999998654681522, 2.196874490730175e-11, 8.952560027074587e-10, 2.6289761255590022e-11, 3.661053533425294e-11, 2.21803933210781e-11, 2.227554196620739e-11, 2.2072283457486953e-11, 2.209772758182822e-11, 2.2084617828381316e-11, 2.0266675981649136e-11, 2.7536850849255352e-11, 1.7483960800886314e-11, 3.17892729799764e-10, 2.2826026678472347e-11, 2.208461782836955e-11, 2.2084617828374243e-11, 2.5707386362587604e-11, 1.2442483368931526e-07, 2.078038088961643e-11, 2.096003513005796e-09, 2.2095919485283187e-11, 5.494157242703854e-11, 2.1943691853951614e-11, 1.7675355741636674e-11, 2.2313125259587697e-11, 2.0332141709539526e-11, 6.079577912027985e-09, 2.2203937704652943e-11]"
hMpxV/Brazil/RJ-FIOCRUZ-4196/2023|EPI_ISL_17614042|2023-04-13,"[0.0, 0.0, 0.9999999999999999, 0.0, 0.0, 0.0, 0.0, 0.0, 0.0, 0.0, 0.0, 0.0, 0.0, 0.0, 0.0, 0.0, 0.0, 0.0, 0.0, 0.0, 0.0, 0.0, 0.0, 0.0, 0.0, 0.0, 0.0, 0.0, 0.0, 0.0, 0.0]"
NODE_0000324,"[7.96262309754286e-10, 2.4059905392761793e-10, 0.9999999727993433, 2.433513977905768e-10, 1.6958511752353942e-09, 2.419742605466406e-10, 2.9602197781377235e-10, 2.4146539616664375e-10, 2.420614523201486e-10, 2.419216294338784e-10, 2.3888985462541727e-10, 2.417601149960763e-10, 2.311912881348407e-10, 2.3974296410715455e-10, 1.638758283266713e-10, 5.833930093303712e-10, 2.36350020702509e-10, 2.417601149956263e-10, 2.41760114995853e-10, 2.2819738847345173e-10, 7.170858209038995e-09, 2.390277063580617e-10, 6.076588836441582e-09, 2.423815395165249e-10, 3.8743223853976915e-10, 2.335565399764155e-10, 2.0634778885725362e-10, 2.3579193017462e-10, 2.2928473228409058e-10, 5.051768205764194e-09, 2.4118960440919335e-10]"
hMpxV/Brazil/RJ-FIOCRUZ-4195/2023|EPI_ISL_17614039|2023-04-10,"[0.0, 0.0, 1.0, 0.0, 0.0, 0.0, 0.0, 0.0, 0.0, 0.0, 0.0, 0.0, 0.0, 0.0, 0.0, 0.0, 0.0, 0.0, 0.0, 0.0, 0.0, 0.0, 0.0, 0.0, 0.0, 0.0, 0.0, 0.0, 0.0, 0.0, 0.0]"
hMpxV/Brazil/RJ-FIOCRUZ-3018/2023|EPI_ISL_17614041|2023-03-03,"[0.0, 0.0, 0.9999999999999999, 0.0, 0.0, 0.0, 0.0, 0.0, 0.0, 0.0, 0.0, 0.0, 0.0, 0.0, 0.0, 0.0, 0.0, 0.0, 0.0, 0.0, 0.0, 0.0, 0.0, 0.0, 0.0, 0.0, 0.0, 0.0, 0.0, 0.0, 0.0]"
NODE_0000322,"[1.8256003926618907e-15, 2.4743079831907192e-16, 0.9999999999997674, 2.470415063259337e-16, 7.076972010127869e-15, 2.4803772098245417e-16, 3.551337935725265e-16, 2.504621206231051e-16, 2.506660073581652e-16, 2.4702240993777246e-16, 2.508186880314346e-16, 2.4993574836736124e-16, 2.235393418692788e-16, 2.39190576410424e-16, 1.4434122253720425e-16, 1.2710934801350686e-15, 2.265611875775211e-16, 2.4993574836677226e-16, 2.499357483669812e-16, 2.237594313494847e-16, 1.1252456533673944e-13, 2.279720457845866e-16, 6.533452548625062e-14, 2.493174774711315e-16, 6.22991348009895e-16, 2.4336110610704477e-16, 1.844775771426748e-16, 2.4919675576916125e-16, 2.241887595749714e-16, 3.81524250125326e-14, 2.503712643612782e-16]"
hMpxV/Brazil/RJ-FIOCRUZ-4194/2023|EPI_ISL_17614030|2023-04-06,"[0.0, 0.0, 1.0, 0.0, 0.0, 0.0, 0.0, 0.0, 0.0, 0.0, 0.0, 0.0, 0.0, 0.0, 0.0, 0.0, 0.0, 0.0, 0.0, 0.0, 0.0, 0.0, 0.0, 0.0, 0.0, 0.0, 0.0, 0.0, 0.0, 0.0, 0.0]"
hMpxV/Brazil/RJ-FIOCRUZ-3611/2023|EPI_ISL_17536785|2023-04-03,"[0.0, 0.0, 1.0, 0.0, 0.0, 0.0, 0.0, 0.0, 0.0, 0.0, 0.0, 0.0, 0.0, 0.0, 0.0, 0.0, 0.0, 0.0, 0.0, 0.0, 0.0, 0.0, 0.0, 0.0, 0.0, 0.0, 0.0, 0.0, 0.0, 0.0, 0.0]"
hMpxV/Brazil/RJ-FIOCRUZ-3610/2023|EPI_ISL_17536784|2023-03-30,"[0.0, 0.0, 1.0, 0.0, 0.0, 0.0, 0.0, 0.0, 0.0, 0.0, 0.0, 0.0, 0.0, 0.0, 0.0, 0.0, 0.0, 0.0, 0.0, 0.0, 0.0, 0.0, 0.0, 0.0, 0.0, 0.0, 0.0, 0.0, 0.0, 0.0, 0.0]"
hMpxV/Brazil/RJ-FIOCRUZ-3611-1P/2023|EPI_ISL_19205405|2023-04-03,"[0.0, 0.0, 1.0, 0.0, 0.0, 0.0, 0.0, 0.0, 0.0, 0.0, 0.0, 0.0, 0.0, 0.0, 0.0, 0.0, 0.0, 0.0, 0.0, 0.0, 0.0, 0.0, 0.0, 0.0, 0.0, 0.0, 0.0, 0.0, 0.0, 0.0, 0.0]"
NODE_0000323,"[2.0993711156096006e-13, 2.9932395857768836e-14, 0.9999999999756141, 2.9788908470999204e-14, 7.874141907246053e-13, 2.996412956232602e-14, 4.234064561383192e-14, 3.017953701654684e-14, 3.0229749577779355e-14, 2.9888137566537025e-14, 3.0172377865576796e-14, 3.0098561079201e-14, 2.704851783419365e-14, 2.92660832715901e-14, 1.7695719276622322e-14, 1.4829264101966724e-13, 2.8021718041018476e-14, 3.0098561079180354e-14, 3.009856107918896e-14, 2.7178639792690263e-14, 1.1426882514503313e-11, 2.761640595191798e-14, 6.833817531978871e-12, 3.004426255319517e-14, 7.491000771084295e-14, 2.9364144385186876e-14, 2.2449493584972217e-14, 3.002585946410046e-14, 2.7096144460912913e-14, 4.235846884429867e-12, 3.017921322351606e-14]"
hMpxV/Brazil/RJ-FIOCRUZ-4239/2023|EPI_ISL_17614033|2023-04-20,"[0.0, 0.0, 1.0, 0.0, 0.0, 0.0, 0.0, 0.0, 0.0, 0.0, 0.0, 0.0, 0.0, 0.0, 0.0, 0.0, 0.0, 0.0, 0.0, 0.0, 0.0, 0.0, 0.0, 0.0, 0.0, 0.0, 0.0, 0.0, 0.0, 0.0, 0.0]"
hMpxV/Brazil/RJ-FIOCRUZ-3608/2023|EPI_ISL_17536782|2023-03-24,"[0.0, 0.0, 1.0, 0.0, 0.0, 0.0, 0.0, 0.0, 0.0, 0.0, 0.0, 0.0, 0.0, 0.0, 0.0, 0.0, 0.0, 0.0, 0.0, 0.0, 0.0, 0.0, 0.0, 0.0, 0.0, 0.0, 0.0, 0.0, 0.0, 0.0, 0.0]"
hMpxV/Brazil/RJ-FIOCRUZ-3609/2023|EPI_ISL_17536783|2023-03-27,"[0.0, 0.0, 1.0, 0.0, 0.0, 0.0, 0.0, 0.0, 0.0, 0.0, 0.0, 0.0, 0.0, 0.0, 0.0, 0.0, 0.0, 0.0, 0.0, 0.0, 0.0, 0.0, 0.0, 0.0, 0.0, 0.0, 0.0, 0.0, 0.0, 0.0, 0.0]"
hMpxV/Brazil/RJ-FIOCRUZ-4239-1P/2023|EPI_ISL_19205407|2023-04-20,"[0.0, 0.0, 1.0, 0.0, 0.0, 0.0, 0.0, 0.0, 0.0, 0.0, 0.0, 0.0, 0.0, 0.0, 0.0, 0.0, 0.0, 0.0, 0.0, 0.0, 0.0, 0.0, 0.0, 0.0, 0.0, 0.0, 0.0, 0.0, 0.0, 0.0, 0.0]"
NODE_0000373,"[9.99696539076473e-07, 1.6663651756447585e-06, 0.0003390494495501113, 7.595556600552988e-07, 0.8626860822775198, 9.79821361334459e-07, 1.1655775686247487e-06, 7.446776943339009e-07, 7.477848712760202e-07, 7.515541480039587e-07, 7.295989547702714e-07, 7.47053847272535e-07, 7.15130376894184e-07, 1.1073494430983192e-06, 6.670076676102806e-07, 4.853586866821668e-06, 7.867770575168035e-07, 7.470538472726114e-07, 7.470538472726306e-07, 1.0305083672074416e-06, 0.1369391065867736, 7.566169850564862e-07, 2.1538364141945124e-06, 7.513056687435969e-07, 7.966269557611404e-07, 7.07938635255817e-07, 6.255846899914751e-07, 7.14570554451433e-07, 7.030430882947137e-07, 7.86288155485118e-06, 7.431283158297667e-07]"
hMpxV/Chile/RM-ISP-136952/2022|EPI_ISL_19345349|2022-12-14,"[0.0, 0.0, 0.0, 0.0, 1.0, 0.0, 0.0, 0.0, 0.0, 0.0, 0.0, 0.0, 0.0, 0.0, 0.0, 0.0, 0.0, 0.0, 0.0, 0.0, 0.0, 0.0, 0.0, 0.0, 0.0, 0.0, 0.0, 0.0, 0.0, 0.0, 0.0]"
NODE_0000377,"[8.61159484965232e-12, 2.6240061309099864e-11, 3.9658173528905797e-10, 1.1404050383741375e-11, 0.9999992476265169, 1.4410302395876558e-11, 1.6149523219214898e-11, 1.1092369005232363e-11, 1.1134079168620166e-11, 1.117261023521433e-11, 1.0827575939767733e-11, 1.1157432330949241e-11, 1.062766856659136e-11, 1.589084453853995e-11, 8.765157763718922e-12, 4.543657114775043e-11, 1.1341826452509113e-11, 1.115743233096925e-11, 1.1157432330966607e-11, 1.4804066508255006e-11, 7.51590293841735e-07, 1.1408347683792475e-11, 1.1564288165410803e-11, 1.1232627412638285e-11, 7.921981892140912e-12, 1.0398488121638706e-11, 9.051757676697473e-12, 1.0513601401127351e-11, 1.0410550769357769e-11, 3.167106442263087e-11, 1.10541722606991e-11]"
hMpxV/Chile/RM-ISP-130458/2022|EPI_ISL_19345329|2022-11-22,"[0.0, 0.0, 0.0, 0.0, 0.9999999999999999, 0.0, 0.0, 0.0, 0.0, 0.0, 0.0, 0.0, 0.0, 0.0, 0.0, 0.0, 0.0, 0.0, 0.0, 0.0, 0.0, 0.0, 0.0, 0.0, 0.0, 0.0, 0.0, 0.0, 0.0, 0.0, 0.0]"
hMpxV/Chile/BI-ISP-134054/2022|EPI_ISL_19345338|2022-12-02,"[0.0, 0.0, 0.0, 0.0, 1.0, 0.0, 0.0, 0.0, 0.0, 0.0, 0.0, 0.0, 0.0, 0.0, 0.0, 0.0, 0.0, 0.0, 0.0, 0.0, 0.0, 0.0, 0.0, 0.0, 0.0, 0.0, 0.0, 0.0, 0.0, 0.0, 0.0]"
NODE_0000378,"[5.092318348202934e-10, 1.1451104871890435e-09, 3.0050672741860586e-09, 9.346249918120515e-10, 0.9999999517544464, 9.12780703465938e-10, 8.966550704670778e-10, 9.020462664248847e-10, 9.057083648643911e-10, 9.133369568671221e-10, 8.767600016059324e-10, 9.08758134833875e-10, 8.818791476690038e-10, 9.005212544247436e-10, 5.022339414896031e-10, 5.575953238510551e-10, 8.924136935363091e-10, 9.087581348342673e-10, 9.087581348342561e-10, 8.427429280580388e-10, 2.251704901224442e-08, 9.528186891335709e-10, 5.646931571772915e-10, 9.163425523865035e-10, 4.595301727681635e-10, 8.419282313236699e-10, 7.555857043255959e-10, 8.478477779746803e-10, 8.60044389215006e-10, 3.26268257090148e-10, 8.984631993257042e-10]"
hMpxV/Chile/BI-ISP-134055/2022|EPI_ISL_19345339|2022-12-02,"[0.0, 0.0, 0.0, 0.0, 1.0, 0.0, 0.0, 0.0, 0.0, 0.0, 0.0, 0.0, 0.0, 0.0, 0.0, 0.0, 0.0, 0.0, 0.0, 0.0, 0.0, 0.0, 0.0, 0.0, 0.0, 0.0, 0.0, 0.0, 0.0, 0.0, 0.0]"
hMpxV/Chile/BI-ISP-134056/2022|EPI_ISL_19345340|2022-12-03,"[0.0, 0.0, 0.0, 0.0, 1.0, 0.0, 0.0, 0.0, 0.0, 0.0, 0.0, 0.0, 0.0, 0.0, 0.0, 0.0, 0.0, 0.0, 0.0, 0.0, 0.0, 0.0, 0.0, 0.0, 0.0, 0.0, 0.0, 0.0, 0.0, 0.0, 0.0]"
NODE_0000374,"[0.0002648531314705594, 0.0001791125524120327, 0.9726260401761487, 0.00016474903137132286, 0.016772947819470637, 0.00016599445020282167, 0.00018140371997675347, 0.00016135546728693903, 0.00016217444565307955, 0.00016384261067432565, 0.00015790536387554394, 0.00016169980420391666, 0.00015935736732395635, 0.00017016660956837242, 0.00011584661494629567, 0.0002837473494954334, 0.00016987359904371688, 0.00016169980420390853, 0.00016169980420391303, 0.00016020553683872917, 0.004505738344280361, 0.0001673226646212988, 0.0006964904501605808, 0.0001627729778752763, 0.00017821463171976008, 0.0001551568454354929, 0.00014537216416362852, 0.0001555543046519652, 0.00015651737646954315, 0.0009710248889675643, 0.00016116009328354016]"
hMpxV/Brazil/RJ-FIOCRUZ-3017/2023|EPI_ISL_17614017|2023-02-15,"[0.0, 0.0, 1.0, 0.0, 0.0, 0.0, 0.0, 0.0, 0.0, 0.0, 0.0, 0.0, 0.0, 0.0, 0.0, 0.0, 0.0, 0.0, 0.0, 0.0, 0.0, 0.0, 0.0, 0.0, 0.0, 0.0, 0.0, 0.0, 0.0, 0.0, 0.0]"
NODE_0000375,"[6.415041858550602e-07, 2.778273099529338e-07, 0.9998229720454819, 2.770545381217272e-07, 2.172043599139612e-06, 2.769044448829554e-07, 3.2217587815849645e-07, 2.814091098612355e-07, 2.8867359868464427e-07, 3.7184026430242145e-07, 2.726650754004306e-07, 2.7457446569345476e-07, 2.639813137801195e-07, 5.647785690316071e-07, 1.854088980901044e-07, 5.379208564480165e-07, 6.538022624927706e-07, 2.7457446569341325e-07, 2.7457446569342887e-07, 3.2790745391047185e-07, 4.3841660959941454e-06, 2.7290893591830026e-07, 0.00015599095265894465, 2.7807884351151007e-07, 1.8456978874852538e-06, 2.652958467457059e-07, 2.3410046077630259e-07, 2.6943778531273565e-07, 2.591274215787272e-07, 4.4039211500052916e-06, 2.846466768051248e-07]"
hMpxV/Brazil/RS-CEVS-362/2023|EPI_ISL_18971016|2023-09-14,"[0.0, 0.0, 1.0, 0.0, 0.0, 0.0, 0.0, 0.0, 0.0, 0.0, 0.0, 0.0, 0.0, 0.0, 0.0, 0.0, 0.0, 0.0, 0.0, 0.0, 0.0, 0.0, 0.0, 0.0, 0.0, 0.0, 0.0, 0.0, 0.0, 0.0, 0.0]"
hMpxV/Portugal/INSA-PT0802/2023|EPI_ISL_18702213|2023-11-23,"[0.0, 0.0, 0.0, 0.0, 0.0, 0.0, 0.0, 0.0, 0.0, 0.0, 0.0, 0.0, 0.0, 0.0, 0.0, 0.0, 0.0, 0.0, 0.0, 0.0, 0.0, 0.0, 1.0, 0.0, 0.0, 0.0, 0.0, 0.0, 0.0, 0.0, 0.0]"
NODE_0000376,"[1.1255449183726521e-16, 1.1695915779375813e-17, 0.9999999999999699, 1.152143378547106e-17, 5.436967173885723e-16, 1.1671470071249628e-17, 1.747642613184486e-17, 1.1791239665852547e-17, 1.1821552093794213e-17, 1.1722849372033998e-17, 1.1826496977469241e-17, 1.172378655403776e-17, 1.0265233882351243e-17, 1.1667312725456088e-17, 6.523696801127719e-18, 7.919550181876741e-17, 1.1175991271188915e-17, 1.172378655401253e-17, 1.1723786554023446e-17, 1.0485148430085874e-17, 1.4688886904550645e-14, 1.042634491098633e-17, 1.052006847338114e-14, 1.1687350622555284e-17, 3.834944876167118e-17, 1.151096160117063e-17, 8.264661540683917e-18, 1.183176770386238e-17, 1.0321880940789458e-17, 3.907598679503346e-15, 1.1804923446323249e-17]"
hMpxV/Brazil/SP-IAL-3280/2023|EPI_ISL_19446284|2023-10-09,"[0.0, 0.0, 1.0, 0.0, 0.0, 0.0, 0.0, 0.0, 0.0, 0.0, 0.0, 0.0, 0.0, 0.0, 0.0, 0.0, 0.0, 0.0, 0.0, 0.0, 0.0, 0.0, 0.0, 0.0, 0.0, 0.0, 0.0, 0.0, 0.0, 0.0, 0.0]"
hMpxV/Brazil/SP-IAL-3281/2023|EPI_ISL_19446285|2023-10-09,"[0.0, 0.0, 1.0, 0.0, 0.0, 0.0, 0.0, 0.0, 0.0, 0.0, 0.0, 0.0, 0.0, 0.0, 0.0, 0.0, 0.0, 0.0, 0.0, 0.0, 0.0, 0.0, 0.0, 0.0, 0.0, 0.0, 0.0, 0.0, 0.0, 0.0, 0.0]"
hMpxV/Brazil/SP-IAL-357399029/2023|EPI_ISL_19446287|2023-11-29,"[0.0, 0.0, 0.9999999999999999, 0.0, 0.0, 0.0, 0.0, 0.0, 0.0, 0.0, 0.0, 0.0, 0.0, 0.0, 0.0, 0.0, 0.0, 0.0, 0.0, 0.0, 0.0, 0.0, 0.0, 0.0, 0.0, 0.0, 0.0, 0.0, 0.0, 0.0, 0.0]"
hMpxV/Brazil/SP-IAL-3284/2023|EPI_ISL_19446288|2023-12-18,"[0.0, 0.0, 1.0, 0.0, 0.0, 0.0, 0.0, 0.0, 0.0, 0.0, 0.0, 0.0, 0.0, 0.0, 0.0, 0.0, 0.0, 0.0, 0.0, 0.0, 0.0, 0.0, 0.0, 0.0, 0.0, 0.0, 0.0, 0.0, 0.0, 0.0, 0.0]"
hMpxV/Brazil/SP-IAL-3282/2023|EPI_ISL_19446286|2023-10-11,"[0.0, 0.0, 1.0, 0.0, 0.0, 0.0, 0.0, 0.0, 0.0, 0.0, 0.0, 0.0, 0.0, 0.0, 0.0, 0.0, 0.0, 0.0, 0.0, 0.0, 0.0, 0.0, 0.0, 0.0, 0.0, 0.0, 0.0, 0.0, 0.0, 0.0, 0.0]"
NODE_0000327,"[1.8139598409988046e-32, 3.521443575699962e-31, 3.7810459815337723e-28, 7.148566439930368e-34, 3.5741456799755505e-27, 9.18916786407479e-33, 3.195831076322259e-32, 7.428515675816111e-34, 7.456075904496199e-34, 7.213755215121648e-34, 7.5370576042726094e-34, 7.344705642974296e-34, 6.509323164620214e-34, 2.7769844920254346e-32, 2.1048379228557173e-32, 8.146485147383619e-26, 1.170249351668459e-33, 7.34470564297101e-34, 7.3447056429740886e-34, 2.632501473174165e-32, 1.0, 6.4378391908795645e-34, 7.068545336114948e-32, 7.309054604628301e-34, 1.7413356684159432e-32, 7.579680320891853e-34, 6.383713583510671e-34, 7.775562399048256e-34, 6.677675112610335e-34, 5.728432211695762e-25, 7.458720859208706e-34]"
hMpxV/Peru/LIM-INS-328/2022|EPI_ISL_16999077|2022-11-21,"[0.0, 0.0, 0.0, 0.0, 0.0, 0.0, 0.0, 0.0, 0.0, 0.0, 0.0, 0.0, 0.0, 0.0, 0.0, 0.0, 0.0, 0.0, 0.0, 0.0, 1.0, 0.0, 0.0, 0.0, 0.0, 0.0, 0.0, 0.0, 0.0, 0.0, 0.0]"
hMpxV/Peru/LIM-INS-289/2022|EPI_ISL_16999078|2022-11-24,"[0.0, 0.0, 0.0, 0.0, 0.0, 0.0, 0.0, 0.0, 0.0, 0.0, 0.0, 0.0, 0.0, 0.0, 0.0, 0.0, 0.0, 0.0, 0.0, 0.0, 1.0, 0.0, 0.0, 0.0, 0.0, 0.0, 0.0, 0.0, 0.0, 0.0, 0.0]"
hMpxV/Peru/LIM-INS-355/2022|EPI_ISL_16999081|2022-12-29,"[0.0, 0.0, 0.0, 0.0, 0.0, 0.0, 0.0, 0.0, 0.0, 0.0, 0.0, 0.0, 0.0, 0.0, 0.0, 0.0, 0.0, 0.0, 0.0, 0.0, 0.9999999999999999, 0.0, 0.0, 0.0, 0.0, 0.0, 0.0, 0.0, 0.0, 0.0, 0.0]"
hMpxV/Peru/LIM-INS-294/2022|EPI_ISL_16999089|2022-11-24,"[0.0, 0.0, 0.0, 0.0, 0.0, 0.0, 0.0, 0.0, 0.0, 0.0, 0.0, 0.0, 0.0, 0.0, 0.0, 0.0, 0.0, 0.0, 0.0, 0.0, 1.0, 0.0, 0.0, 0.0, 0.0, 0.0, 0.0, 0.0, 0.0, 0.0, 0.0]"
hMpxV/Peru/LIM-INS-329/2022|EPI_ISL_16999098|2022-11-28,"[0.0, 0.0, 0.0, 0.0, 0.0, 0.0, 0.0, 0.0, 0.0, 0.0, 0.0, 0.0, 0.0, 0.0, 0.0, 0.0, 0.0, 0.0, 0.0, 0.0, 1.0, 0.0, 0.0, 0.0, 0.0, 0.0, 0.0, 0.0, 0.0, 0.0, 0.0]"
NODE_0000328,"[3.688711614924864e-10, 8.863109649556763e-10, 6.8734525422796165e-09, 1.384590796591941e-10, 1.3496471719107472e-08, 2.9562454088369464e-10, 4.2506983811387153e-10, 1.3624496734347844e-10, 1.3677865145181558e-10, 1.3718148106966772e-10, 1.3423439486640505e-10, 1.364398524592488e-10, 1.3639968582426507e-10, 4.2070023540020995e-10, 3.3780508640853366e-10, 3.1507350576906436e-08, 1.6456870780216563e-10, 1.3643985245923541e-10, 1.3643985245924076e-10, 4.0864083233326214e-10, 0.9999998713926063, 1.410331036334977e-10, 4.811956262636499e-10, 1.371428330784094e-10, 3.1296327447873035e-10, 1.3302024086859073e-10, 1.3535821742232602e-10, 1.3307100916309716e-10, 1.3510335651240613e-10, 7.044887004765064e-08, 1.3615197058328202e-10]"
hMpxV/Peru/LIM-INS-343/2022|EPI_ISL_16999085|2022-12-19,"[0.0, 0.0, 0.0, 0.0, 0.0, 0.0, 0.0, 0.0, 0.0, 0.0, 0.0, 0.0, 0.0, 0.0, 0.0, 0.0, 0.0, 0.0, 0.0, 0.0, 1.0, 0.0, 0.0, 0.0, 0.0, 0.0, 0.0, 0.0, 0.0, 0.0, 0.0]"
hMpxV/Peru/LIM-INS-293/2022|EPI_ISL_16999083|2022-11-25,"[0.0, 0.0, 0.0, 0.0, 0.0, 0.0, 0.0, 0.0, 0.0, 0.0, 0.0, 0.0, 0.0, 0.0, 0.0, 0.0, 0.0, 0.0, 0.0, 0.0, 1.0, 0.0, 0.0, 0.0, 0.0, 0.0, 0.0, 0.0, 0.0, 0.0, 0.0]"
NODE_0000331,"[3.057293013149729e-12, 9.51829753253951e-12, 1.4543428050598113e-10, 8.545872904385543e-13, 3.491705588317783e-10, 2.2991400174024412e-12, 3.6757624015008686e-12, 8.475776908292713e-13, 8.514553767409445e-13, 8.492394194810502e-13, 8.382901413183623e-13, 8.467274906595852e-13, 8.327936039179224e-13, 3.5742712942252722e-12, 2.8374311544188556e-12, 1.1201846094487348e-09, 1.0717989464560215e-12, 8.467274906594936e-13, 8.467274906595996e-13, 3.462753607877155e-12, 0.9999999953579221, 8.567875071054686e-13, 4.583463732993284e-12, 8.502156726058884e-13, 2.6107551948069845e-12, 8.366293922088066e-13, 8.291395766926291e-13, 8.394691826040613e-13, 8.301200630548235e-13, 2.9770931122973962e-09, 8.478382619309203e-13]"
hMpxV/Peru/LIM-INS-344/2022|EPI_ISL_16999102|2022-12-20,"[0.0, 0.0, 0.0, 0.0, 0.0, 0.0, 0.0, 0.0, 0.0, 0.0, 0.0, 0.0, 0.0, 0.0, 0.0, 0.0, 0.0, 0.0, 0.0, 0.0, 1.0, 0.0, 0.0, 0.0, 0.0, 0.0, 0.0, 0.0, 0.0, 0.0, 0.0]"
hMpxV/Peru/LIM-INS-437/2022|EPI_ISL_19343488|2022-11-30,"[0.0, 0.0, 0.0, 0.0, 0.0, 0.0, 0.0, 0.0, 0.0, 0.0, 0.0, 0.0, 0.0, 0.0, 0.0, 0.0, 0.0, 0.0, 0.0, 0.0, 1.0, 0.0, 0.0, 0.0, 0.0, 0.0, 0.0, 0.0, 0.0, 0.0, 0.0]"
hMpxV/Peru/LIM-INS-390/2023|EPI_ISL_19343505|2023-01-06,"[0.0, 0.0, 0.0, 0.0, 0.0, 0.0, 0.0, 0.0, 0.0, 0.0, 0.0, 0.0, 0.0, 0.0, 0.0, 0.0, 0.0, 0.0, 0.0, 0.0, 1.0, 0.0, 0.0, 0.0, 0.0, 0.0, 0.0, 0.0, 0.0, 0.0, 0.0]"
NODE_0000332,"[2.15447445640916e-11, 6.346776122338791e-11, 9.32681133278734e-10, 6.257088939766401e-12, 2.164803743708084e-09, 1.6247221948010546e-11, 2.5266184978887677e-11, 6.2059629990136005e-12, 6.239791575202748e-12, 6.220772909925781e-12, 6.134852707880575e-12, 6.195045730297203e-12, 6.101507177545768e-12, 2.4604415712777905e-11, 1.945373612755085e-11, 6.869653067056744e-09, 7.92370521423601e-12, 6.195045730296761e-12, 6.195045730297196e-12, 2.3863297293017344e-11, 0.9999999711734, 6.288454012916846e-12, 3.15255062782661e-11, 6.2238692436756054e-12, 1.8124582167511053e-11, 6.162131803962107e-12, 6.112104386371676e-12, 6.178174510935075e-12, 6.091413347816242e-12, 1.8508429122548922e-08, 6.2103010632728445e-12]"
hMpxV/Peru/LIM-INS-413/2023|EPI_ISL_19343498|2023-02-10,"[0.0, 0.0, 0.0, 0.0, 0.0, 0.0, 0.0, 0.0, 0.0, 0.0, 0.0, 0.0, 0.0, 0.0, 0.0, 0.0, 0.0, 0.0, 0.0, 0.0, 1.0, 0.0, 0.0, 0.0, 0.0, 0.0, 0.0, 0.0, 0.0, 0.0, 0.0]"
hMpxV/Peru/CAL-INS-403/2023|EPI_ISL_19343516|2023-02-02,"[0.0, 0.0, 0.0, 0.0, 0.0, 0.0, 0.0, 0.0, 0.0, 0.0, 0.0, 0.0, 0.0, 0.0, 0.0, 0.0, 0.0, 0.0, 0.0, 0.0, 1.0, 0.0, 0.0, 0.0, 0.0, 0.0, 0.0, 0.0, 0.0, 0.0, 0.0]"
hMpxV/Peru/LIM-INS-376/2023|EPI_ISL_19343540|2023-01-13,"[0.0, 0.0, 0.0, 0.0, 0.0, 0.0, 0.0, 0.0, 0.0, 0.0, 0.0, 0.0, 0.0, 0.0, 0.0, 0.0, 0.0, 0.0, 0.0, 0.0, 1.0, 0.0, 0.0, 0.0, 0.0, 0.0, 0.0, 0.0, 0.0, 0.0, 0.0]"
NODE_0000329,"[4.294508360713325e-10, 1.0138505881810103e-09, 7.772885016086473e-09, 1.6316713742244392e-10, 1.510492617396717e-08, 3.4446238321530907e-10, 4.908555971527085e-10, 1.6056467895351155e-10, 1.6124306318498242e-10, 1.6168846940040252e-10, 1.581705966741087e-10, 1.6075056479467107e-10, 1.6076851780883258e-10, 4.860104754426229e-10, 3.8969186568475713e-10, 3.515236693809499e-08, 1.9463251687587194e-10, 1.6075056479462659e-10, 1.6075056479467e-10, 4.722613364189778e-10, 0.9999998557222494, 1.6633015616551747e-10, 5.55925339781204e-10, 1.6160784822081183e-10, 3.6254087068468636e-10, 1.5709160268147423e-10, 1.5989517895378232e-10, 1.5711051122667009e-10, 1.5933482142251643e-10, 7.893818872464212e-08, 1.6047757748586636e-10]"
hMpxV/Peru/LIM-INS-332/2022|EPI_ISL_16999097|2022-12-01,"[0.0, 0.0, 0.0, 0.0, 0.0, 0.0, 0.0, 0.0, 0.0, 0.0, 0.0, 0.0, 0.0, 0.0, 0.0, 0.0, 0.0, 0.0, 0.0, 0.0, 0.9999999999999999, 0.0, 0.0, 0.0, 0.0, 0.0, 0.0, 0.0, 0.0, 0.0, 0.0]"
NODE_0000330,"[5.694907826071494e-12, 1.765532737573212e-11, 2.690426979212003e-10, 1.596484175149736e-12, 6.443521276382583e-10, 4.283510439710897e-12, 6.833497074936637e-12, 1.58340661775962e-12, 1.590768196838745e-12, 1.586557777307457e-12, 1.5659979740999261e-12, 1.581714241642839e-12, 1.5558349417988858e-12, 6.645462639919529e-12, 5.273672273730824e-12, 2.065706372433329e-09, 2.004002574825106e-12, 1.5817142416427248e-12, 1.5817142416428381e-12, 6.438725108928211e-12, 0.9999999914317306, 1.6008924416849277e-12, 8.522045159091689e-12, 1.5882988200432813e-12, 4.857254899388672e-12, 1.5637412473104146e-12, 1.5498342311866238e-12, 1.5689508854390327e-12, 1.5510617641490717e-12, 5.4957288276210194e-09, 1.5839469931325325e-12]"
hMpxV/Peru/LIM-INS-402/2023|EPI_ISL_19343500|2023-02-02,"[0.0, 0.0, 0.0, 0.0, 0.0, 0.0, 0.0, 0.0, 0.0, 0.0, 0.0, 0.0, 0.0, 0.0, 0.0, 0.0, 0.0, 0.0, 0.0, 0.0, 1.0, 0.0, 0.0, 0.0, 0.0, 0.0, 0.0, 0.0, 0.0, 0.0, 0.0]"
hMpxV/Peru/LIM-INS-368/2023|EPI_ISL_19343525|2023-01-03,"[0.0, 0.0, 0.0, 0.0, 0.0, 0.0, 0.0, 0.0, 0.0, 0.0, 0.0, 0.0, 0.0, 0.0, 0.0, 0.0, 0.0, 0.0, 0.0, 0.0, 0.9999999999999999, 0.0, 0.0, 0.0, 0.0, 0.0, 0.0, 0.0, 0.0, 0.0, 0.0]"
hMpxV/Peru/LIM-INS-371/2023|EPI_ISL_19343562|2023-01-06,"[0.0, 0.0, 0.0, 0.0, 0.0, 0.0, 0.0, 0.0, 0.0, 0.0, 0.0, 0.0, 0.0, 0.0, 0.0, 0.0, 0.0, 0.0, 0.0, 0.0, 0.9999999999999999, 0.0, 0.0, 0.0, 0.0, 0.0, 0.0, 0.0, 0.0, 0.0, 0.0]"
NODE_0000458,"[2.1778513157493188e-07, 5.069316035393648e-07, 1.9238674675501845e-06, 2.332359328452314e-07, 0.9910834179277141, 2.981505112286215e-07, 3.3479881856454895e-07, 2.2655235790307315e-07, 2.2740657450181806e-07, 2.2894390918015054e-07, 2.212254087613062e-07, 2.278325671598795e-07, 2.2324584358272015e-07, 3.3451299216230146e-07, 2.1097793754467335e-07, 1.0516366395525571e-06, 2.389268775774358e-07, 2.2783256715993768e-07, 2.278325671599425e-07, 3.168837360416524e-07, 0.008906152026376726, 2.3758007783079549e-07, 2.56368297277399e-07, 2.2945966485054609e-07, 1.9325615841079082e-07, 2.1431760970410602e-07, 2.0055793304670707e-07, 2.153866906743536e-07, 2.187459376614376e-07, 9.5991837218654e-07, 2.2587572415277847e-07]"
hMpxV/Chile/TA-ISP-131515/2022|EPI_ISL_19345330|2022-11-21,"[0.0, 0.0, 0.0, 0.0, 1.0, 0.0, 0.0, 0.0, 0.0, 0.0, 0.0, 0.0, 0.0, 0.0, 0.0, 0.0, 0.0, 0.0, 0.0, 0.0, 0.0, 0.0, 0.0, 0.0, 0.0, 0.0, 0.0, 0.0, 0.0, 0.0, 0.0]"
NODE_0000459,"[1.5641646504513043e-23, 1.636630221699446e-22, 3.834264595761715e-21, 6.121895628371551e-23, 0.9999999999999992, 6.971009873210802e-23, 7.536373033734406e-23, 5.961318421380967e-23, 5.97201026050815e-23, 5.931158231037742e-23, 5.801063581700214e-23, 6.0197760324734e-23, 5.076249669426704e-23, 6.984718714300846e-23, 2.1369421813332768e-23, 1.1226864411589065e-22, 5.2145812104895626e-23, 6.019776032480599e-23, 6.019776032480933e-23, 6.059110948716675e-23, 7.325114725067584e-16, 5.673894695598952e-23, 3.2344450968434594e-23, 6.048088322426002e-23, 1.7600699145922017e-23, 5.33892656874452e-23, 3.3736489712192577e-23, 5.539468201511203e-23, 4.94149263575694e-23, 2.303676450016995e-23, 5.920383239135505e-23]"
hMpxV/Chile/RM-ISP-133151/2022|EPI_ISL_19345336|2022-11-30,"[0.0, 0.0, 0.0, 0.0, 1.0, 0.0, 0.0, 0.0, 0.0, 0.0, 0.0, 0.0, 0.0, 0.0, 0.0, 0.0, 0.0, 0.0, 0.0, 0.0, 0.0, 0.0, 0.0, 0.0, 0.0, 0.0, 0.0, 0.0, 0.0, 0.0, 0.0]"
hMpxV/Chile/RM-ISP-134481/2022|EPI_ISL_19345342|2022-12-06,"[0.0, 0.0, 0.0, 0.0, 1.0, 0.0, 0.0, 0.0, 0.0, 0.0, 0.0, 0.0, 0.0, 0.0, 0.0, 0.0, 0.0, 0.0, 0.0, 0.0, 0.0, 0.0, 0.0, 0.0, 0.0, 0.0, 0.0, 0.0, 0.0, 0.0, 0.0]"
hMpxV/Chile/RM-ISP-134390/2022|EPI_ISL_19345341|2022-11-30,"[0.0, 0.0, 0.0, 0.0, 1.0, 0.0, 0.0, 0.0, 0.0, 0.0, 0.0, 0.0, 0.0, 0.0, 0.0, 0.0, 0.0, 0.0, 0.0, 0.0, 0.0, 0.0, 0.0, 0.0, 0.0, 0.0, 0.0, 0.0, 0.0, 0.0, 0.0]"
hMpxV/Chile/RM-ISP-137742/2022|EPI_ISL_19345352|2022-12-15,"[0.0, 0.0, 0.0, 0.0, 1.0, 0.0, 0.0, 0.0, 0.0, 0.0, 0.0, 0.0, 0.0, 0.0, 0.0, 0.0, 0.0, 0.0, 0.0, 0.0, 0.0, 0.0, 0.0, 0.0, 0.0, 0.0, 0.0, 0.0, 0.0, 0.0, 0.0]"
hMpxV/Chile/VS-ISP-7728/2023|EPI_ISL_19345370|2023-01-27,"[0.0, 0.0, 0.0, 0.0, 1.0, 0.0, 0.0, 0.0, 0.0, 0.0, 0.0, 0.0, 0.0, 0.0, 0.0, 0.0, 0.0, 0.0, 0.0, 0.0, 0.0, 0.0, 0.0, 0.0, 0.0, 0.0, 0.0, 0.0, 0.0, 0.0, 0.0]"
hMpxV/Chile/RM-ISP-7794/2023|EPI_ISL_19345371|2023-01-30,"[0.0, 0.0, 0.0, 0.0, 1.0, 0.0, 0.0, 0.0, 0.0, 0.0, 0.0, 0.0, 0.0, 0.0, 0.0, 0.0, 0.0, 0.0, 0.0, 0.0, 0.0, 0.0, 0.0, 0.0, 0.0, 0.0, 0.0, 0.0, 0.0, 0.0, 0.0]"
hMpxV/Chile/RM-ISP-8717/2023|EPI_ISL_19345372|2023-02-02,"[0.0, 0.0, 0.0, 0.0, 1.0, 0.0, 0.0, 0.0, 0.0, 0.0, 0.0, 0.0, 0.0, 0.0, 0.0, 0.0, 0.0, 0.0, 0.0, 0.0, 0.0, 0.0, 0.0, 0.0, 0.0, 0.0, 0.0, 0.0, 0.0, 0.0, 0.0]"
NODE_0000460,"[7.072167994691068e-28, 9.863766920891013e-27, 2.5518992659189283e-25, 4.778672116875875e-27, 0.9999999999999999, 4.6665521823346414e-27, 4.6619798466605156e-27, 4.6448266516931336e-27, 4.654216641718301e-27, 4.608245474114772e-27, 4.5072615182005015e-27, 4.695281529653056e-27, 3.822454112489678e-27, 4.271381487309769e-27, 1.0472815065335402e-27, 1.762959758122424e-27, 3.792961537166315e-27, 4.695281529666058e-27, 4.6952815296648574e-27, 3.6119039676649435e-27, 1.1954625964645843e-21, 4.346512793910775e-27, 1.572818921407222e-27, 4.718479027010778e-27, 8.395995810188402e-28, 4.0846386101668036e-27, 2.339967606750581e-27, 4.2707117245132055e-27, 3.710796224439395e-27, 1.7603541908155304e-28, 4.60854067231067e-27]"
hMpxV/Chile/VS-ISP-131906/2022|EPI_ISL_19345332|2022-11-26,"[0.0, 0.0, 0.0, 0.0, 0.9999999999999999, 0.0, 0.0, 0.0, 0.0, 0.0, 0.0, 0.0, 0.0, 0.0, 0.0, 0.0, 0.0, 0.0, 0.0, 0.0, 0.0, 0.0, 0.0, 0.0, 0.0, 0.0, 0.0, 0.0, 0.0, 0.0, 0.0]"
hMpxV/Chile/RM-ISP-134774/2022|EPI_ISL_19345343|2022-12-01,"[0.0, 0.0, 0.0, 0.0, 1.0, 0.0, 0.0, 0.0, 0.0, 0.0, 0.0, 0.0, 0.0, 0.0, 0.0, 0.0, 0.0, 0.0, 0.0, 0.0, 0.0, 0.0, 0.0, 0.0, 0.0, 0.0, 0.0, 0.0, 0.0, 0.0, 0.0]"
hMpxV/Chile/RM-ISP-135958/2022|EPI_ISL_19345348|2022-12-04,"[0.0, 0.0, 0.0, 0.0, 1.0, 0.0, 0.0, 0.0, 0.0, 0.0, 0.0, 0.0, 0.0, 0.0, 0.0, 0.0, 0.0, 0.0, 0.0, 0.0, 0.0, 0.0, 0.0, 0.0, 0.0, 0.0, 0.0, 0.0, 0.0, 0.0, 0.0]"
hMpxV/Chile/VS-ISP-138625/2022|EPI_ISL_19345356|2022-12-19,"[0.0, 0.0, 0.0, 0.0, 0.9999999999999999, 0.0, 0.0, 0.0, 0.0, 0.0, 0.0, 0.0, 0.0, 0.0, 0.0, 0.0, 0.0, 0.0, 0.0, 0.0, 0.0, 0.0, 0.0, 0.0, 0.0, 0.0, 0.0, 0.0, 0.0, 0.0, 0.0]"
hMpxV/Chile/RM-ISP-140628/2022|EPI_ISL_19345358|2022-12-28,"[0.0, 0.0, 0.0, 0.0, 1.0, 0.0, 0.0, 0.0, 0.0, 0.0, 0.0, 0.0, 0.0, 0.0, 0.0, 0.0, 0.0, 0.0, 0.0, 0.0, 0.0, 0.0, 0.0, 0.0, 0.0, 0.0, 0.0, 0.0, 0.0, 0.0, 0.0]"
hMpxV/Chile/VS-ISP-1163/2023|EPI_ISL_19345353|2023-01-03,"[0.0, 0.0, 0.0, 0.0, 1.0, 0.0, 0.0, 0.0, 0.0, 0.0, 0.0, 0.0, 0.0, 0.0, 0.0, 0.0, 0.0, 0.0, 0.0, 0.0, 0.0, 0.0, 0.0, 0.0, 0.0, 0.0, 0.0, 0.0, 0.0, 0.0, 0.0]"
hMpxV/Chile/RM-ISP-135491/2022|EPI_ISL_19345346|2022-12-09,"[0.0, 0.0, 0.0, 0.0, 1.0, 0.0, 0.0, 0.0, 0.0, 0.0, 0.0, 0.0, 0.0, 0.0, 0.0, 0.0, 0.0, 0.0, 0.0, 0.0, 0.0, 0.0, 0.0, 0.0, 0.0, 0.0, 0.0, 0.0, 0.0, 0.0, 0.0]"
hMpxV/Chile/VS-ISP-7726/2023|EPI_ISL_19345368|2023-01-27,"[0.0, 0.0, 0.0, 0.0, 1.0, 0.0, 0.0, 0.0, 0.0, 0.0, 0.0, 0.0, 0.0, 0.0, 0.0, 0.0, 0.0, 0.0, 0.0, 0.0, 0.0, 0.0, 0.0, 0.0, 0.0, 0.0, 0.0, 0.0, 0.0, 0.0, 0.0]"
NODE_0000461,"[4.856629668627489e-08, 1.0452932652532957e-07, 2.634719665198556e-07, 8.606947258143788e-08, 0.9999959941640867, 8.417003624996038e-08, 8.275856725605229e-08, 8.301120978088713e-08, 8.330810857450784e-08, 8.412862907766738e-08, 8.069088015833966e-08, 8.367254156000763e-08, 8.156151627608477e-08, 8.324191375125083e-08, 4.758941668707329e-08, 5.369231403676151e-08, 8.247875091073845e-08, 8.367254156001536e-08, 8.367254156001548e-08, 7.814537401415234e-08, 1.6361766114769112e-06, 8.797133613820157e-08, 5.329320128278286e-08, 8.436005770423016e-08, 4.378976782517672e-08, 7.760340946512356e-08, 7.033719615586902e-08, 7.806596351616398e-08, 7.948218501538887e-08, 3.366000852111893e-08, 8.266477242456727e-08]"
hMpxV/Chile/VS-ISP-4661/2023|EPI_ISL_19345366|2023-01-17,"[0.0, 0.0, 0.0, 0.0, 0.9999999999999999, 0.0, 0.0, 0.0, 0.0, 0.0, 0.0, 0.0, 0.0, 0.0, 0.0, 0.0, 0.0, 0.0, 0.0, 0.0, 0.0, 0.0, 0.0, 0.0, 0.0, 0.0, 0.0, 0.0, 0.0, 0.0, 0.0]"
NODE_0000462,"[4.039018108984018e-10, 9.131855587199026e-10, 2.417977557573874e-09, 7.440513640406642e-10, 0.9999999612924696, 7.266733878528335e-10, 7.138839825899954e-10, 7.181276927889968e-10, 7.210347296100614e-10, 7.270736096686891e-10, 6.97993866500998e-10, 7.234830885623443e-10, 7.017064733118605e-10, 7.167525399364121e-10, 3.9880011226682745e-10, 4.434282822549067e-10, 7.100404107225566e-10, 7.234830885626745e-10, 7.234830885626835e-10, 6.705618309520245e-10, 1.8206967970156606e-08, 7.582670673981375e-10, 4.487915653560816e-10, 7.295119603676484e-10, 3.6476777826262335e-10, 6.701455379680893e-10, 6.00604696689147e-10, 6.749344030176292e-10, 6.843175224172093e-10, 2.58315160149833e-10, 7.152644899250697e-10]"
hMpxV/Chile/VS-ISP-189/2022|EPI_ISL_19345361|2022-12-30,"[0.0, 0.0, 0.0, 0.0, 0.9999999999999999, 0.0, 0.0, 0.0, 0.0, 0.0, 0.0, 0.0, 0.0, 0.0, 0.0, 0.0, 0.0, 0.0, 0.0, 0.0, 0.0, 0.0, 0.0, 0.0, 0.0, 0.0, 0.0, 0.0, 0.0, 0.0, 0.0]"
hMpxV/Chile/VS-ISP-445/2022|EPI_ISL_19345362|2022-12-31,"[0.0, 0.0, 0.0, 0.0, 1.0, 0.0, 0.0, 0.0, 0.0, 0.0, 0.0, 0.0, 0.0, 0.0, 0.0, 0.0, 0.0, 0.0, 0.0, 0.0, 0.0, 0.0, 0.0, 0.0, 0.0, 0.0, 0.0, 0.0, 0.0, 0.0, 0.0]"
NODE_0000422,"[0.001139112044626351, 0.001667012698252318, 0.009248866595535594, 0.0009123815072006467, 0.004468764009822325, 0.0011634907355890986, 0.2085500223593661, 0.000887681336724809, 0.0008928346831559436, 0.0009021664142186915, 0.0008655045571890771, 0.0008903591659481909, 0.0008915147447919598, 0.001328359955300157, 0.000923265675640603, 0.0047980056771080755, 0.000987334847710594, 0.000890359165948165, 0.000890359165948217, 0.0012600989500893684, 0.7414485314469293, 0.0009423189497785316, 0.001389061240850966, 0.0008977800339558427, 0.0009462003349717447, 0.0008501091185355281, 0.0008357372873049555, 0.000849890667217264, 0.0008734657311187725, 0.006523019413805024, 0.0008863914853659507]"
hMpxV/Egypt/MOH-NRC-0023/2022|EPI_ISL_18879931|2022-12-18,"[0.0, 0.0, 0.0, 0.0, 0.0, 0.0, 0.9999999999999999, 0.0, 0.0, 0.0, 0.0, 0.0, 0.0, 0.0, 0.0, 0.0, 0.0, 0.0, 0.0, 0.0, 0.0, 0.0, 0.0, 0.0, 0.0, 0.0, 0.0, 0.0, 0.0, 0.0, 0.0]"
NODE_0000423,"[3.3270964866346837e-10, 6.746719888484478e-11, 0.9999999660938973, 6.262602928493305e-11, 1.1659337117108038e-09, 6.550785644550172e-11, 1.2922629194790446e-10, 6.325882216710976e-11, 6.373586756416414e-11, 6.385682765148481e-11, 6.262924022673744e-11, 6.280257437426428e-11, 5.797835798956379e-11, 6.78309371360926e-11, 4.172795908748227e-11, 3.349204736546977e-10, 6.861036151717138e-11, 6.2802574374223e-11, 6.280257437423731e-11, 6.098620743564558e-11, 1.5837208957755504e-08, 5.962346534643208e-11, 5.626675366187762e-09, 6.296232396267335e-11, 1.4956659477652083e-10, 6.265168360569775e-11, 4.998325387535459e-11, 6.354008613054609e-11, 5.7779371420857087e-11, 8.975276932225861e-09, 6.342094846257715e-11]"
hMpxV/Brazil/RJ-UG_UFRJ_0544/2024|EPI_ISL_19434489|2024-03-06,"[0.0, 0.0, 1.0, 0.0, 0.0, 0.0, 0.0, 0.0, 0.0, 0.0, 0.0, 0.0, 0.0, 0.0, 0.0, 0.0, 0.0, 0.0, 0.0, 0.0, 0.0, 0.0, 0.0, 0.0, 0.0, 0.0, 0.0, 0.0, 0.0, 0.0, 0.0]"
hMpxV/Brazil/RJ-UG_UFRJ_0548/2024|EPI_ISL_19434492|2024-04-15,"[0.0, 0.0, 1.0, 0.0, 0.0, 0.0, 0.0, 0.0, 0.0, 0.0, 0.0, 0.0, 0.0, 0.0, 0.0, 0.0, 0.0, 0.0, 0.0, 0.0, 0.0, 0.0, 0.0, 0.0, 0.0, 0.0, 0.0, 0.0, 0.0, 0.0, 0.0]"
NODE_0000424,"[1.0803196442267918e-10, 2.431467920859948e-11, 0.9999999944720311, 2.4304928425375162e-11, 2.8908431656699926e-10, 2.4362724776593574e-11, 3.1401252439960806e-11, 2.434069420436497e-11, 2.4423434483487653e-11, 2.4375378317223682e-11, 2.414568032720441e-11, 2.430038321797325e-11, 2.2700777934267013e-11, 2.4361833574101947e-11, 1.5750618761908836e-11, 7.92463325930422e-11, 2.4018376794088478e-11, 2.4300383217950502e-11, 2.4300383217959375e-11, 2.270575615176741e-11, 1.8266549259206888e-09, 2.3363460036164273e-11, 1.4660142137751044e-09, 2.433555847921896e-11, 4.792096391660132e-11, 2.3653854321249203e-11, 1.9720250434664264e-11, 2.398277216841793e-11, 2.258735104909726e-11, 1.1649255742716107e-09, 2.4340153256309523e-11]"
hMpxV/Brazil/SC-FIOCRUZ-10555/2024|EPI_ISL_19416191|2024-03-01,"[0.0, 0.0, 1.0, 0.0, 0.0, 0.0, 0.0, 0.0, 0.0, 0.0, 0.0, 0.0, 0.0, 0.0, 0.0, 0.0, 0.0, 0.0, 0.0, 0.0, 0.0, 0.0, 0.0, 0.0, 0.0, 0.0, 0.0, 0.0, 0.0, 0.0, 0.0]"
NODE_0000425,"[2.702392786704131e-07, 8.961803650835676e-08, 0.9999919698469981, 9.02251830473876e-08, 5.391400194989858e-07, 8.996430352001543e-08, 1.074720155071539e-07, 8.940552532348109e-08, 8.976132989130358e-08, 9.017289218176868e-08, 8.819157788623995e-08, 8.942251181562165e-08, 8.626316958262107e-08, 9.097467242917315e-08, 6.251828081036322e-08, 2.023137922088478e-07, 9.130783970647222e-08, 8.942251181560058e-08, 8.942251181560984e-08, 8.562527700110847e-08, 1.5447572020050127e-06, 8.936669144222718e-08, 1.7223297249827906e-06, 8.976081112288691e-08, 1.4183390160668066e-07, 8.666243810121531e-08, 7.7803227167045e-08, 8.727656123909648e-08, 8.537862045720246e-08, 1.58416403183633e-06, 8.935906241363259e-08]"
hMpxV/Brazil/RJ-UG_UFRJ_0542/2024|EPI_ISL_19434488|2024-02-08,"[0.0, 0.0, 1.0, 0.0, 0.0, 0.0, 0.0, 0.0, 0.0, 0.0, 0.0, 0.0, 0.0, 0.0, 0.0, 0.0, 0.0, 0.0, 0.0, 0.0, 0.0, 0.0, 0.0, 0.0, 0.0, 0.0, 0.0, 0.0, 0.0, 0.0, 0.0]"
hMpxV/Brazil/RJ-FIOCRUZ-10485/2024|EPI_ISL_19416149|2024-04-07,"[0.0, 0.0, 1.0, 0.0, 0.0, 0.0, 0.0, 0.0, 0.0, 0.0, 0.0, 0.0, 0.0, 0.0, 0.0, 0.0, 0.0, 0.0, 0.0, 0.0, 0.0, 0.0, 0.0, 0.0, 0.0, 0.0, 0.0, 0.0, 0.0, 0.0, 0.0]"
NODE_0000426,"[2.714033512505128e-09, 8.109263551005292e-10, 0.9999999112968959, 8.208455954579099e-10, 5.811496456150252e-09, 8.158631086432368e-10, 1.0008897525006573e-09, 8.146110038418466e-10, 8.164723361919911e-10, 8.155379139616167e-10, 8.062057591385955e-10, 8.157093026788703e-10, 7.792325995563979e-10, 8.064441662188584e-10, 5.508399659014216e-10, 1.9788951319499024e-09, 7.934898910321633e-10, 8.157093026782886e-10, 8.157093026785742e-10, 7.685622376835547e-10, 2.019924690329258e-08, 8.054551322353787e-10, 2.1132599185634304e-08, 8.176866971127997e-10, 1.309109558913763e-09, 7.877333892050296e-10, 6.946134123524534e-10, 7.955030756649166e-10, 7.729911702455989e-10, 1.7223073633659007e-08, 8.136183225812217e-10]"
hMpxV/Brazil/RJ-FIOCRUZ-331/2024|EPI_ISL_19408591|2024-01-12,"[0.0, 0.0, 1.0, 0.0, 0.0, 0.0, 0.0, 0.0, 0.0, 0.0, 0.0, 0.0, 0.0, 0.0, 0.0, 0.0, 0.0, 0.0, 0.0, 0.0, 0.0, 0.0, 0.0, 0.0, 0.0, 0.0, 0.0, 0.0, 0.0, 0.0, 0.0]"
hMpxV/Brazil/RJ-FIOCRUZ-14479/2023|EPI_ISL_19012435|2023-12-18,"[0.0, 0.0, 1.0, 0.0, 0.0, 0.0, 0.0, 0.0, 0.0, 0.0, 0.0, 0.0, 0.0, 0.0, 0.0, 0.0, 0.0, 0.0, 0.0, 0.0, 0.0, 0.0, 0.0, 0.0, 0.0, 0.0, 0.0, 0.0, 0.0, 0.0, 0.0]"
NODE_0000427,"[4.5939457665302533e-08, 2.592875564153933e-10, 0.9999998884694155, 2.5809650859325563e-10, 3.016459512197134e-09, 2.594028674096143e-10, 3.3472835375878535e-10, 2.6095506697256306e-10, 2.625824485394511e-10, 2.592911011056933e-10, 2.5927504682486715e-10, 2.593428206932739e-10, 2.365388534965085e-10, 2.575061399982638e-10, 2.0651050482626841e-10, 8.151323390014605e-10, 2.515880651979801e-10, 2.593428206931946e-10, 2.593428206932254e-10, 2.375106529062394e-10, 2.3230605419011616e-08, 2.434216218595351e-10, 1.487101249060125e-08, 2.597135978204164e-10, 7.515514308597295e-10, 2.5276326224417606e-10, 2.0235949332472714e-10, 2.5744039364292955e-10, 2.369792147373916e-10, 1.7070929138723802e-08, 2.6145747852261447e-10]"
hMpxV/Brazil/RJ-UG_UFRJ_0545/2024|EPI_ISL_19434490|2024-03-28,"[0.0, 0.0, 1.0, 0.0, 0.0, 0.0, 0.0, 0.0, 0.0, 0.0, 0.0, 0.0, 0.0, 0.0, 0.0, 0.0, 0.0, 0.0, 0.0, 0.0, 0.0, 0.0, 0.0, 0.0, 0.0, 0.0, 0.0, 0.0, 0.0, 0.0, 0.0]"
hMpxV/Brazil/SP-IAL-357523319/2024|EPI_ISL_19359683|2024-02-26,"[0.0, 0.0, 1.0, 0.0, 0.0, 0.0, 0.0, 0.0, 0.0, 0.0, 0.0, 0.0, 0.0, 0.0, 0.0, 0.0, 0.0, 0.0, 0.0, 0.0, 0.0, 0.0, 0.0, 0.0, 0.0, 0.0, 0.0, 0.0, 0.0, 0.0, 0.0]"
hMpxV/Brazil/RJ-FIOCRUZ-09214/2024|EPI_ISL_19416144|2024-03-25,"[0.0, 0.0, 1.0, 0.0, 0.0, 0.0, 0.0, 0.0, 0.0, 0.0, 0.0, 0.0, 0.0, 0.0, 0.0, 0.0, 0.0, 0.0, 0.0, 0.0, 0.0, 0.0, 0.0, 0.0, 0.0, 0.0, 0.0, 0.0, 0.0, 0.0, 0.0]"
NODE_0000428,"[0.9999887263129098, 9.518801307636468e-08, 7.5999773090992196e-06, 9.670004359428482e-08, 1.457377164799103e-07, 9.58864287284249e-08, 9.987483354567395e-08, 9.542785933858123e-08, 9.583929333211855e-08, 9.603721879511517e-08, 9.3888867474046e-08, 9.553962134925074e-08, 9.174033490681428e-08, 9.579734034571471e-08, 1.3731602415175817e-07, 9.313276439473335e-08, 9.529925171998122e-08, 9.553962134925086e-08, 9.553962134926e-08, 9.011060691423855e-08, 1.9831605894219822e-07, 9.59369229849007e-08, 1.707348842737658e-07, 9.598557387450034e-08, 2.7762020998970954e-07, 9.156580560296536e-08, 8.133491758554727e-08, 9.233668897837152e-08, 9.062208547434294e-08, 5.793329260275688e-07, 9.532824653258368e-08]"
hMpxV/Australia/VIC-VIDRL-1795/2024|EPI_ISL_19459732|2024-05-22,"[1.0, 0.0, 0.0, 0.0, 0.0, 0.0, 0.0, 0.0, 0.0, 0.0, 0.0, 0.0, 0.0, 0.0, 0.0, 0.0, 0.0, 0.0, 0.0, 0.0, 0.0, 0.0, 0.0, 0.0, 0.0, 0.0, 0.0, 0.0, 0.0, 0.0, 0.0]"
hMpxV/Australia/VIC-VIDRL-40804/2024|EPI_ISL_19459740|2024-05-30,"[1.0, 0.0, 0.0, 0.0, 0.0, 0.0, 0.0, 0.0, 0.0, 0.0, 0.0, 0.0, 0.0, 0.0, 0.0, 0.0, 0.0, 0.0, 0.0, 0.0, 0.0, 0.0, 0.0, 0.0, 0.0, 0.0, 0.0, 0.0, 0.0, 0.0, 0.0]"
NODE_0000429,"[7.671335910216052e-07, 1.2788955301159682e-07, 0.9991605233372446, 1.2658438242427258e-07, 8.186416254786943e-07, 1.2774948027619217e-07, 1.5242021587732057e-07, 1.2742238358332136e-07, 1.2786479695518975e-07, 1.2745891926107705e-07, 1.2679642859389123e-07, 1.2702384230168444e-07, 1.1855046671139855e-07, 1.2836207374063732e-07, 1.2530918194507092e-07, 6.764411520680986e-07, 2.490445032173665e-07, 1.2702384230167382e-07, 1.2702384230167716e-07, 1.1950375843257563e-07, 1.9718531594552716e-05, 1.2161824799741562e-07, 4.151511052207552e-06, 1.2710268988874583e-07, 2.7682178679528456e-07, 1.826555698894742e-07, 1.0421848198327735e-07, 1.8126504735189292e-07, 1.1831011276982185e-07, 0.000809938875950863, 1.275081815093779e-07]"
NODE_0000430,"[3.048060907255391e-09, 9.294458227111143e-10, 0.9999998845236343, 9.386820848650815e-10, 6.274319053352869e-09, 9.342187398547252e-10, 1.1356438556297693e-09, 9.312903937449459e-10, 9.338855009039731e-10, 9.34278860227284e-10, 9.208927501448796e-10, 9.321865708393254e-10, 8.929748262229767e-10, 9.296467173265281e-10, 6.427104523657255e-10, 2.2576718766143024e-09, 9.38210907465147e-10, 9.321865708374607e-10, 9.321865708381057e-10, 8.826998171095418e-10, 2.207602015555667e-08, 9.235376633430158e-10, 2.200534389384413e-08, 9.347944867042332e-10, 1.4953130760229294e-09, 9.105224966175211e-10, 7.990116638806234e-10, 9.181844386340836e-10, 8.853320615741475e-10, 3.7276748087015505e-08, 9.303653006671551e-10]"
hMpxV/Brazil/RJ-FIOCRUZ-10504/2024|EPI_ISL_19416157|2024-05-15,"[0.0, 0.0, 1.0, 0.0, 0.0, 0.0, 0.0, 0.0, 0.0, 0.0, 0.0, 0.0, 0.0, 0.0, 0.0, 0.0, 0.0, 0.0, 0.0, 0.0, 0.0, 0.0, 0.0, 0.0, 0.0, 0.0, 0.0, 0.0, 0.0, 0.0, 0.0]"
hMpxV/Brazil/RJ-FIOCRUZ-10507/2024|EPI_ISL_19416159|2024-05-22,"[0.0, 0.0, 1.0, 0.0, 0.0, 0.0, 0.0, 0.0, 0.0, 0.0, 0.0, 0.0, 0.0, 0.0, 0.0, 0.0, 0.0, 0.0, 0.0, 0.0, 0.0, 0.0, 0.0, 0.0, 0.0, 0.0, 0.0, 0.0, 0.0, 0.0, 0.0]"
NODE_0000432,"[1.7648811783378237e-09, 4.608534792341568e-10, 0.9999995265480922, 4.6414130727296156e-10, 3.246241506258659e-09, 4.6259438208150667e-10, 5.639611734870098e-10, 4.616215525416212e-10, 4.62658419137094e-10, 4.6182593239250697e-10, 4.574179747678571e-10, 4.620101542055166e-10, 4.39732055597834e-10, 4.577296612548627e-10, 3.4085523367818024e-10, 1.3699911351187878e-09, 5.343609341319622e-10, 4.6201015420459295e-10, 4.620101542049092e-10, 4.3536489902704963e-10, 2.8335748498985613e-08, 4.5393367696734206e-10, 1.3121805949603804e-08, 4.629377631303837e-10, 7.832333446101533e-10, 4.884494125992101e-10, 3.913329347532126e-10, 4.90956594977437e-10, 4.3670404662805505e-10, 4.142553938340451e-07, 4.6115049511227357e-10]"
hMpxV/Brazil/RJ-FIOCRUZ-3526/2024|EPI_ISL_19205399|2024-04-03,"[0.0, 0.0, 1.0, 0.0, 0.0, 0.0, 0.0, 0.0, 0.0, 0.0, 0.0, 0.0, 0.0, 0.0, 0.0, 0.0, 0.0, 0.0, 0.0, 0.0, 0.0, 0.0, 0.0, 0.0, 0.0, 0.0, 0.0, 0.0, 0.0, 0.0, 0.0]"
hMpxV/Brazil/RJ-FIOCRUZ-3528/2024|EPI_ISL_19205401|2024-04-24,"[0.0, 0.0, 1.0, 0.0, 0.0, 0.0, 0.0, 0.0, 0.0, 0.0, 0.0, 0.0, 0.0, 0.0, 0.0, 0.0, 0.0, 0.0, 0.0, 0.0, 0.0, 0.0, 0.0, 0.0, 0.0, 0.0, 0.0, 0.0, 0.0, 0.0, 0.0]"
NODE_0000431,"[7.552302863185102e-08, 6.604485110404481e-09, 6.516020873206692e-05, 6.399050022266806e-09, 1.8411569397474454e-08, 6.562296459112283e-09, 7.076940637786055e-09, 6.510692056176926e-09, 6.525599612699426e-09, 6.431347583049014e-09, 6.5426661440025374e-09, 6.478694723911102e-09, 5.9920388709119985e-09, 6.470306007567365e-09, 1.2343860725478827e-08, 9.152680479445073e-08, 3.814280298494821e-08, 6.478694723914764e-09, 6.478694723911308e-09, 6.0828106519293465e-09, 6.589073448477991e-06, 6.097251449051023e-09, 1.0402420042587524e-07, 6.465782317770226e-09, 1.663757185566244e-08, 1.7987562454361107e-08, 5.372847254077619e-09, 1.725107567284655e-08, 6.032574677446592e-09, 0.9999277377470078, 6.519561741192636e-09]"
hMpxV/USA/CA-LACPHL-MA00622/2024|EPI_ISL_19139151|2024-04-11,"[0.0, 0.0, 0.0, 0.0, 0.0, 0.0, 0.0, 0.0, 0.0, 0.0, 0.0, 0.0, 0.0, 0.0, 0.0, 0.0, 0.0, 0.0, 0.0, 0.0, 0.0, 0.0, 0.0, 0.0, 0.0, 0.0, 0.0, 0.0, 0.0, 1.0, 0.0]"
hMpxV/USA/CA-LACPHL-MA00626/2024|EPI_ISL_19196359|2024-05-17,"[0.0, 0.0, 0.0, 0.0, 0.0, 0.0, 0.0, 0.0, 0.0, 0.0, 0.0, 0.0, 0.0, 0.0, 0.0, 0.0, 0.0, 0.0, 0.0, 0.0, 0.0, 0.0, 0.0, 0.0, 0.0, 0.0, 0.0, 0.0, 0.0, 1.0, 0.0]"
hMpxV/USA/CA-LACPHL-MA00650/2024|EPI_ISL_19319388|2024-07-10,"[0.0, 0.0, 0.0, 0.0, 0.0, 0.0, 0.0, 0.0, 0.0, 0.0, 0.0, 0.0, 0.0, 0.0, 0.0, 0.0, 0.0, 0.0, 0.0, 0.0, 0.0, 0.0, 0.0, 0.0, 0.0, 0.0, 0.0, 0.0, 0.0, 1.0, 0.0]"
NODE_0000435,"[0.0002029418350737598, 0.0003828615984547893, 0.001314960731174132, 0.0002094112401382923, 0.0008693644469386372, 0.00026661268380094897, 0.00029849971223762286, 0.00020672774631872782, 0.00021003164464826417, 0.00029336376513805246, 0.0002003821774082114, 0.00020494847461705764, 0.00020155467874828777, 0.0006764123725987687, 0.0001955122361958693, 0.0009450087011540151, 0.0005792716658421175, 0.00020494847461699774, 0.000204948474616997, 0.6998976639939282, 0.24394674846211314, 0.00021279972797463793, 0.04466348112555083, 0.00020730153425536907, 0.0011181145418542398, 0.00019389720355453535, 0.00018288480221147443, 0.00019552932824783696, 0.00019710083256622236, 0.0013091475327870947, 0.0002075682552348136]"
NODE_0000447,"[1.612381756700667e-07, 2.7245339536207383e-07, 2.0487220629684604e-06, 2.386782208605029e-07, 3.6208779432005735e-07, 2.486602549132796e-07, 2.5273309106818965e-07, 2.338253966725212e-07, 2.3648104357395327e-07, 5.130494803176698e-07, 2.2739694665163676e-07, 2.3338012487687174e-07, 2.2764011958740573e-07, 1.500226338495578e-06, 1.5740334593555128e-07, 3.4341092766059496e-07, 1.9968776424884728e-06, 2.3338012487682322e-07, 2.333801248767163e-07, 3.375047535195248e-05, 1.1763652205448879e-05, 2.419196487702083e-07, 0.9999348736829373, 2.3560866581140222e-07, 7.4409780861901825e-06, 2.1957013387411352e-07, 2.0095118438328245e-07, 2.2144156071266567e-07, 2.226324337041063e-07, 8.740803516242045e-07, 2.3398282908579096e-07]"
hMpxV/Portugal/INSA-PT0615/2022|EPI_ISL_18544967|2022-12-26,"[0.0, 0.0, 0.0, 0.0, 0.0, 0.0, 0.0, 0.0, 0.0, 0.0, 0.0, 0.0, 0.0, 0.0, 0.0, 0.0, 0.0, 0.0, 0.0, 0.0, 0.0, 0.0, 1.0, 0.0, 0.0, 0.0, 0.0, 0.0, 0.0, 0.0, 0.0]"
hMpxV/Portugal/INSA-PT0618/2023|EPI_ISL_18544281|2023-01-12,"[0.0, 0.0, 0.0, 0.0, 0.0, 0.0, 0.0, 0.0, 0.0, 0.0, 0.0, 0.0, 0.0, 0.0, 0.0, 0.0, 0.0, 0.0, 0.0, 0.0, 0.0, 0.0, 1.0, 0.0, 0.0, 0.0, 0.0, 0.0, 0.0, 0.0, 0.0]"
NODE_0000436,"[5.061939975794018e-13, 1.9790906076375607e-12, 1.9306757831991305e-12, 1.1313406071587983e-12, 3.9593256458552235e-12, 1.4102175745269141e-12, 1.5757144879592657e-12, 1.1141015007797281e-12, 1.1270014253946342e-12, 1.4347791710786257e-12, 1.0793249851426955e-12, 1.1114704102961426e-12, 9.917809665995196e-13, 2.843353017702541e-12, 6.13039353771126e-13, 3.3800908959592624e-12, 2.29011222772428e-12, 1.111470410295358e-12, 1.1114704102953968e-12, 0.9999999980859658, 1.5705721745496022e-09, 1.0825077940361346e-12, 3.023336142540152e-10, 1.1212459584301462e-12, 2.4159464687649864e-12, 1.0106726505445776e-12, 7.415617330086374e-13, 1.0391990790153333e-12, 9.659240907480718e-13, 9.371714716127154e-13, 1.1138465876954735e-12]"
hMpxV/Paraguay/601896/2023|EPI_ISL_17988355|2023-02-15,"[0.0, 0.0, 0.0, 0.0, 0.0, 0.0, 0.0, 0.0, 0.0, 0.0, 0.0, 0.0, 0.0, 0.0, 0.0, 0.0, 0.0, 0.0, 0.0, 1.0, 0.0, 0.0, 0.0, 0.0, 0.0, 0.0, 0.0, 0.0, 0.0, 0.0, 0.0]"
hMpxV/Paraguay/742315/2022|EPI_ISL_17988367|2022-11-26,"[0.0, 0.0, 0.0, 0.0, 0.0, 0.0, 0.0, 0.0, 0.0, 0.0, 0.0, 0.0, 0.0, 0.0, 0.0, 0.0, 0.0, 0.0, 0.0, 1.0, 0.0, 0.0, 0.0, 0.0, 0.0, 0.0, 0.0, 0.0, 0.0, 0.0, 0.0]"
NODE_0000446,"[2.2168221390673317e-07, 3.9447435667924523e-07, 1.6280733007147062e-07, 4.112674550846718e-07, 3.3393710705325256e-07, 4.009283217918984e-07, 3.933153165446481e-07, 3.9622727506210865e-07, 3.9754681674949843e-07, 4.021169272307011e-07, 3.8486754036509397e-07, 3.996291824218671e-07, 3.878781397474143e-07, 3.969209650650033e-07, 2.2026415422459838e-07, 2.411088471961128e-07, 3.933028934065847e-07, 3.996291824218518e-07, 3.9962918242185617e-07, 0.9999895001807694, 2.2201090751006084e-07, 4.1952668075044115e-07, 5.69405827095342e-07, 4.0292060726650424e-07, 2.0402754499763495e-07, 3.6922738626582723e-07, 3.306491019891746e-07, 3.7173612151997614e-07, 3.775046080340548e-07, 1.0084397990812195e-07, 3.9443325748667265e-07]"
hMpxV/Paraguay/595736/2023|EPI_ISL_17988354|2023-02-07,"[0.0, 0.0, 0.0, 0.0, 0.0, 0.0, 0.0, 0.0, 0.0, 0.0, 0.0, 0.0, 0.0, 0.0, 0.0, 0.0, 0.0, 0.0, 0.0, 1.0, 0.0, 0.0, 0.0, 0.0, 0.0, 0.0, 0.0, 0.0, 0.0, 0.0, 0.0]"
hMpxV/Paraguay/585623/2023|EPI_ISL_17988349|2023-01-23,"[0.0, 0.0, 0.0, 0.0, 0.0, 0.0, 0.0, 0.0, 0.0, 0.0, 0.0, 0.0, 0.0, 0.0, 0.0, 0.0, 0.0, 0.0, 0.0, 1.0, 0.0, 0.0, 0.0, 0.0, 0.0, 0.0, 0.0, 0.0, 0.0, 0.0, 0.0]"
NODE_0000444,"[4.690668968601365e-10, 1.0245205006759144e-09, 3.2293715423704595e-10, 1.0709819121357417e-09, 8.436830186127028e-10, 1.0427187136580705e-09, 1.0245661979584696e-09, 1.0324806487227311e-09, 1.0354993393922437e-09, 1.045323978901381e-09, 1.0023754593908758e-09, 1.042114176852074e-09, 9.842523559787117e-10, 1.021572933094814e-09, 4.973240194616374e-10, 5.706755122643986e-10, 9.962670323571257e-10, 1.0421141768518422e-09, 1.0421141768518445e-09, 0.9999999730026182, 6.824331386733987e-10, 1.073581157709657e-09, 1.7697405975873326e-09, 1.0501716879090144e-09, 4.533487799645432e-10, 9.526352881142946e-10, 7.953788477802117e-10, 9.646890105969428e-10, 9.568070804540563e-10, 1.6092492735396377e-10, 1.0270829762141488e-09]"
hMpxV/Paraguay/593520/2023|EPI_ISL_17988352|2023-02-02,"[0.0, 0.0, 0.0, 0.0, 0.0, 0.0, 0.0, 0.0, 0.0, 0.0, 0.0, 0.0, 0.0, 0.0, 0.0, 0.0, 0.0, 0.0, 0.0, 0.9999999999999999, 0.0, 0.0, 0.0, 0.0, 0.0, 0.0, 0.0, 0.0, 0.0, 0.0, 0.0]"
hMpxV/Paraguay/607376/2023|EPI_ISL_17988357|2023-02-18,"[0.0, 0.0, 0.0, 0.0, 0.0, 0.0, 0.0, 0.0, 0.0, 0.0, 0.0, 0.0, 0.0, 0.0, 0.0, 0.0, 0.0, 0.0, 0.0, 1.0, 0.0, 0.0, 0.0, 0.0, 0.0, 0.0, 0.0, 0.0, 0.0, 0.0, 0.0]"
NODE_0000445,"[1.0670336740302718e-08, 1.941291869310933e-08, 7.738858784633261e-09, 2.025111626782357e-08, 1.637725738876202e-08, 1.9741242892010422e-08, 1.936632116538366e-08, 1.9520796624468722e-08, 1.95927530952091e-08, 1.978853967213932e-08, 1.8960050451260262e-08, 1.9680803541201193e-08, 1.9036906547037823e-08, 1.94930416939299e-08, 1.0633150484739295e-08, 1.1727916326590079e-08, 1.928733320088e-08, 1.9680803541195075e-08, 1.96808035411955e-08, 0.9999994835848123, 1.1416024476623706e-08, 2.061707965683739e-08, 2.8893794827704378e-08, 1.9844728896278582e-08, 9.756796828808802e-09, 1.817037422879903e-08, 1.614866847681476e-08, 1.8308359658117197e-08, 1.853834344469838e-08, 4.644782710296104e-09, 1.9435283842451782e-08]"
hMpxV/Paraguay/595642/2023|EPI_ISL_17988353|2023-02-07,"[0.0, 0.0, 0.0, 0.0, 0.0, 0.0, 0.0, 0.0, 0.0, 0.0, 0.0, 0.0, 0.0, 0.0, 0.0, 0.0, 0.0, 0.0, 0.0, 1.0, 0.0, 0.0, 0.0, 0.0, 0.0, 0.0, 0.0, 0.0, 0.0, 0.0, 0.0]"
hMpxV/Paraguay/747046/2023|EPI_ISL_17988377|2023-01-02,"[0.0, 0.0, 0.0, 0.0, 0.0, 0.0, 0.0, 0.0, 0.0, 0.0, 0.0, 0.0, 0.0, 0.0, 0.0, 0.0, 0.0, 0.0, 0.0, 1.0, 0.0, 0.0, 0.0, 0.0, 0.0, 0.0, 0.0, 0.0, 0.0, 0.0, 0.0]"
NODE_0000437,"[6.4542030664332966e-12, 1.4799802778369165e-11, 4.317373786806843e-12, 1.5491141932057268e-11, 1.2097525870614923e-11, 1.5081766687504403e-11, 1.4818408063872462e-11, 1.4952950076596153e-11, 1.5009626239447677e-11, 1.5098649564946183e-11, 1.4515383291264941e-11, 1.5078089170933054e-11, 1.4134051961290353e-11, 1.4687624853864233e-11, 6.881957353892831e-12, 8.036259783658058e-12, 1.428058365950134e-11, 1.5078089170923555e-11, 1.507808917092432e-11, 0.9999999996093317, 1.0919662697849227e-11, 1.5462303822012145e-11, 2.738850398336128e-11, 1.5198282498776513e-11, 6.137589004231525e-12, 1.3763934986916275e-11, 1.1302202351391514e-11, 1.3962646233864458e-11, 1.3759639069573025e-11, 2.0015293561723485e-12, 1.4880359286215774e-11]"
NODE_0000442,"[9.984421020932259e-09, 1.8148359594874697e-08, 7.243925531395193e-09, 1.893158149772299e-08, 1.531280268262118e-08, 1.8455041933364393e-08, 1.8104449075725446e-08, 1.8248650395542345e-08, 1.8315832146225114e-08, 1.8499438079954676e-08, 1.7724509779043195e-08, 1.839829943383085e-08, 1.779893123166838e-08, 1.8224433285208117e-08, 9.947679106500516e-09, 1.0969301150137118e-08, 1.8033518444068183e-08, 1.839829943382401e-08, 1.8398299433823617e-08, 0.9999995172096323, 1.0658410261625244e-08, 1.927543274942774e-08, 2.6979529274194858e-08, 1.855154674373169e-08, 9.12988253394488e-09, 1.698714195714599e-08, 1.5102118552336692e-08, 1.7115593081700505e-08, 1.7332713823801366e-08, 4.351517557500062e-09, 1.816870799712618e-08]"
hMpxV/Paraguay/591628/2023|EPI_ISL_17988351|2023-01-31,"[0.0, 0.0, 0.0, 0.0, 0.0, 0.0, 0.0, 0.0, 0.0, 0.0, 0.0, 0.0, 0.0, 0.0, 0.0, 0.0, 0.0, 0.0, 0.0, 1.0, 0.0, 0.0, 0.0, 0.0, 0.0, 0.0, 0.0, 0.0, 0.0, 0.0, 0.0]"
hMpxV/Paraguay/745948/2022|EPI_ISL_17988370|2022-12-21,"[0.0, 0.0, 0.0, 0.0, 0.0, 0.0, 0.0, 0.0, 0.0, 0.0, 0.0, 0.0, 0.0, 0.0, 0.0, 0.0, 0.0, 0.0, 0.0, 1.0, 0.0, 0.0, 0.0, 0.0, 0.0, 0.0, 0.0, 0.0, 0.0, 0.0, 0.0]"
NODE_0000443,"[1.1892046555446998e-11, 2.6036501248763093e-11, 8.141653710295526e-12, 2.722456887236418e-11, 2.1426059474207656e-11, 2.6507495576448933e-11, 2.60427263686211e-11, 2.625533661183327e-11, 2.6340305589175817e-11, 2.6563311157755206e-11, 2.548929449635236e-11, 2.6490834328612485e-11, 2.5006420252152003e-11, 2.593775290056146e-11, 1.2581118169462692e-11, 1.446932524206084e-11, 2.52962901777004e-11, 2.649083432857416e-11, 2.6490834328564395e-11, 0.9999999993134588, 1.7688440851658616e-11, 2.7285554674521654e-11, 4.53714363533781e-11, 2.6698601242732285e-11, 1.1393376214104919e-11, 2.4221616121648845e-11, 2.0212294931044874e-11, 2.4532190843845674e-11, 2.4321624338121937e-11, 4.010848219506031e-12, 2.612254992023802e-11]"
hMpxV/Paraguay/635677/2023|EPI_ISL_17988361|2023-03-27,"[0.0, 0.0, 0.0, 0.0, 0.0, 0.0, 0.0, 0.0, 0.0, 0.0, 0.0, 0.0, 0.0, 0.0, 0.0, 0.0, 0.0, 0.0, 0.0, 1.0, 0.0, 0.0, 0.0, 0.0, 0.0, 0.0, 0.0, 0.0, 0.0, 0.0, 0.0]"
hMpxV/Paraguay/746338/2022|EPI_ISL_17988372|2022-12-26,"[0.0, 0.0, 0.0, 0.0, 0.0, 0.0, 0.0, 0.0, 0.0, 0.0, 0.0, 0.0, 0.0, 0.0, 0.0, 0.0, 0.0, 0.0, 0.0, 1.0, 0.0, 0.0, 0.0, 0.0, 0.0, 0.0, 0.0, 0.0, 0.0, 0.0, 0.0]"
hMpxV/Paraguay/747004/2023|EPI_ISL_17988374|2023-01-02,"[0.0, 0.0, 0.0, 0.0, 0.0, 0.0, 0.0, 0.0, 0.0, 0.0, 0.0, 0.0, 0.0, 0.0, 0.0, 0.0, 0.0, 0.0, 0.0, 1.0, 0.0, 0.0, 0.0, 0.0, 0.0, 0.0, 0.0, 0.0, 0.0, 0.0, 0.0]"
NODE_0000438,"[1.9423344535754815e-11, 4.208358504607112e-11, 1.3382945282953093e-11, 4.399129400311345e-11, 3.468661292401362e-11, 4.28327696337405e-11, 4.208250472555365e-11, 4.241318849648592e-11, 4.2542053274467987e-11, 4.29363233276629e-11, 4.117663762008473e-11, 4.280297933313e-11, 4.0469966277615136e-11, 4.1967724270430484e-11, 2.0525822785980185e-11, 2.351590463981227e-11, 4.0955739662209006e-11, 4.2802979333090224e-11, 4.2802979333092725e-11, 0.9999999988906485, 2.7953385846917818e-11, 4.413017036401689e-11, 7.224786458382473e-11, 4.3136281693003953e-11, 1.8679494686547645e-11, 3.9147612293563394e-11, 3.278399156696471e-11, 3.9634505807591004e-11, 3.9348722750475926e-11, 6.698930319037374e-12, 4.2194990832425665e-11]"
hMpxV/Paraguay/617799/2023|EPI_ISL_17988359|2023-03-03,"[0.0, 0.0, 0.0, 0.0, 0.0, 0.0, 0.0, 0.0, 0.0, 0.0, 0.0, 0.0, 0.0, 0.0, 0.0, 0.0, 0.0, 0.0, 0.0, 0.9999999999999999, 0.0, 0.0, 0.0, 0.0, 0.0, 0.0, 0.0, 0.0, 0.0, 0.0, 0.0]"
NODE_0000439,"[5.316048789892029e-08, 9.485479879529919e-08, 3.896644582728865e-08, 9.890209689952362e-08, 8.025997311986558e-08, 9.641546660126724e-08, 9.458362119273272e-08, 9.529393774469607e-08, 9.561779566518931e-08, 9.669200998746033e-08, 9.256090712477612e-08, 9.610491021833504e-08, 9.323844283647388e-08, 9.541290360724565e-08, 5.282782051684385e-08, 5.7885951107293406e-08, 9.452713470964221e-08, 9.610491021831572e-08, 9.610491021831676e-08, 0.9999974753714558, 5.373554924620091e-08, 1.0086392067530239e-07, 1.3749515959321619e-07, 9.689838184661863e-08, 4.8849237713235056e-08, 8.878750779240296e-08, 7.943928164562389e-08, 8.940013967325734e-08, 9.075446775986107e-08, 2.402487884576038e-08, 9.486549542273002e-08]"
hMpxV/Paraguay/590800/2023|EPI_ISL_17988350|2023-01-29,"[0.0, 0.0, 0.0, 0.0, 0.0, 0.0, 0.0, 0.0, 0.0, 0.0, 0.0, 0.0, 0.0, 0.0, 0.0, 0.0, 0.0, 0.0, 0.0, 1.0, 0.0, 0.0, 0.0, 0.0, 0.0, 0.0, 0.0, 0.0, 0.0, 0.0, 0.0]"
hMpxV/Paraguay/613691/2023|EPI_ISL_17988358|2023-02-28,"[0.0, 0.0, 0.0, 0.0, 0.0, 0.0, 0.0, 0.0, 0.0, 0.0, 0.0, 0.0, 0.0, 0.0, 0.0, 0.0, 0.0, 0.0, 0.0, 1.0, 0.0, 0.0, 0.0, 0.0, 0.0, 0.0, 0.0, 0.0, 0.0, 0.0, 0.0]"
NODE_0000440,"[8.061848055008642e-10, 1.4945367666263848e-09, 5.785121687183373e-10, 1.5598216918625834e-09, 1.2572330910914623e-09, 1.5205093619653179e-09, 1.4916245735934634e-09, 1.5042403724333964e-09, 1.510239310370077e-09, 1.5234111385910357e-09, 1.4609660131161465e-09, 1.5160715896670463e-09, 1.462251291809104e-09, 1.4980938765548745e-09, 8.053933700684026e-10, 8.941116113007156e-10, 1.4805013424224201e-09, 1.5160715896660198e-09, 1.5160715896660734e-09, 0.9999999602568335, 9.12266774411234e-10, 1.585378868830955e-09, 2.282556352224931e-09, 1.528820319293772e-09, 7.33214656849291e-10, 1.3988874195580266e-09, 1.235267969222947e-09, 1.4104534878633861e-09, 1.4246563692877614e-09, 3.3797913629188554e-10, 1.4978396706287328e-09]"
hMpxV/Paraguay/744881/2022|EPI_ISL_17988369|2022-12-12,"[0.0, 0.0, 0.0, 0.0, 0.0, 0.0, 0.0, 0.0, 0.0, 0.0, 0.0, 0.0, 0.0, 0.0, 0.0, 0.0, 0.0, 0.0, 0.0, 1.0, 0.0, 0.0, 0.0, 0.0, 0.0, 0.0, 0.0, 0.0, 0.0, 0.0, 0.0]"
NODE_0000441,"[5.682256099964295e-10, 1.0508663024837665e-09, 4.0832474454803724e-10, 1.0966989734829479e-09, 8.843450207754688e-10, 1.0690632470262446e-09, 1.0487558520833362e-09, 1.057557171898885e-09, 1.0617315074953247e-09, 1.0711718609500138e-09, 1.027139966757782e-09, 1.0659223579244853e-09, 1.0284656512146845e-09, 1.0536097495087728e-09, 5.674988861393513e-10, 6.294902427623205e-10, 1.0414009659002068e-09, 1.0659223579229463e-09, 1.0659223579225484e-09, 0.9999999720540972, 6.383333457675977e-10, 1.1149071910546722e-09, 1.5995533346935083e-09, 1.0748741836514972e-09, 5.171984915442845e-10, 9.836087384799057e-10, 8.692763435675228e-10, 9.916550669728308e-10, 1.0019584373348687e-09, 2.393855958251096e-10, 1.053038969377396e-09]"
hMpxV/Paraguay/747006/2023|EPI_ISL_17988376|2023-01-02,"[0.0, 0.0, 0.0, 0.0, 0.0, 0.0, 0.0, 0.0, 0.0, 0.0, 0.0, 0.0, 0.0, 0.0, 0.0, 0.0, 0.0, 0.0, 0.0, 0.9999999999999999, 0.0, 0.0, 0.0, 0.0, 0.0, 0.0, 0.0, 0.0, 0.0, 0.0, 0.0]"
hMpxV/Paraguay/747536/2023|EPI_ISL_17988378|2023-01-09,"[0.0, 0.0, 0.0, 0.0, 0.0, 0.0, 0.0, 0.0, 0.0, 0.0, 0.0, 0.0, 0.0, 0.0, 0.0, 0.0, 0.0, 0.0, 0.0, 0.9999999999999999, 0.0, 0.0, 0.0, 0.0, 0.0, 0.0, 0.0, 0.0, 0.0, 0.0, 0.0]"
NODE_0000335,"[2.3130208961468686e-13, 6.366710212756424e-14, 1.0857646748574452e-09, 3.181518877398713e-14, 4.363000330385542e-13, 2.120658545041435e-11, 5.3629745804528746e-14, 3.31128726113118e-14, 3.3114955989632046e-14, 3.197747511332917e-14, 3.361035391854039e-14, 3.28972388117518e-14, 2.6469068520276562e-14, 4.5322122444407384e-14, 5.363112216540133e-14, 0.9997566664259363, 1.7895821522924369e-13, 3.289723881169619e-14, 3.289723881172749e-14, 3.9881003870383336e-14, 0.00023444293922981395, 2.7227442584594036e-14, 5.865407414145727e-13, 3.26366287725687e-14, 6.524573979591745e-14, 9.025792093837729e-14, 1.9252354356978463e-14, 8.912806255085557e-14, 2.6865925665058563e-14, 8.889525500642142e-06, 3.3125921036391677e-14]"
hMpxV/USA/CA-LACPHL-MA00405/2023|EPI_ISL_16997468|2023-01-10,"[0.0, 0.0, 0.0, 0.0, 0.0, 0.0, 0.0, 0.0, 0.0, 0.0, 0.0, 0.0, 0.0, 0.0, 0.0, 0.0, 0.0, 0.0, 0.0, 0.0, 0.0, 0.0, 0.0, 0.0, 0.0, 0.0, 0.0, 0.0, 0.0, 1.0, 0.0]"
hMpxV/Mexico/YUC_InDRE_F5465/2022|EPI_ISL_17703578|2022-11-22,"[0.0, 0.0, 0.0, 0.0, 0.0, 0.0, 0.0, 0.0, 0.0, 0.0, 0.0, 0.0, 0.0, 0.0, 0.0, 1.0, 0.0, 0.0, 0.0, 0.0, 0.0, 0.0, 0.0, 0.0, 0.0, 0.0, 0.0, 0.0, 0.0, 0.0, 0.0]"
hMpxV/Dominican_Republic/LNSPDD-6/2023|EPI_ISL_17960864|2023-01-19,"[0.0, 0.0, 0.0, 0.0, 0.0, 1.0, 0.0, 0.0, 0.0, 0.0, 0.0, 0.0, 0.0, 0.0, 0.0, 0.0, 0.0, 0.0, 0.0, 0.0, 0.0, 0.0, 0.0, 0.0, 0.0, 0.0, 0.0, 0.0, 0.0, 0.0, 0.0]"
NODE_0000342,"[1.1139854929557069e-07, 1.7061451112692704e-07, 2.668272234042479e-07, 1.735278646293019e-07, 1.5827127564468063e-07, 8.539144437176023e-07, 1.6925288828428165e-07, 1.6864741210562654e-07, 1.6909690730922092e-07, 1.7045951553091815e-07, 1.649071069796778e-07, 1.697338988719428e-07, 1.6635515179774688e-07, 1.699823632681958e-07, 1.0877015615095212e-07, 0.9999834730481872, 1.6896818351132508e-07, 1.6973389887192934e-07, 1.6973389887193561e-07, 1.617680951762695e-07, 1.0524399697016717e-05, 1.7644937597425526e-07, 1.1954878103078097e-07, 1.7081951802708535e-07, 1.0190487427813663e-07, 1.6037790833401153e-07, 1.4802485509125264e-07, 1.610893109860233e-07, 1.6299256164741055e-07, 7.713031317140316e-07, 1.680784539860005e-07]"
hMpxV/Mexico/NLE_InDRE_F250/2023|EPI_ISL_17703595|2023-02-03,"[0.0, 0.0, 0.0, 0.0, 0.0, 0.0, 0.0, 0.0, 0.0, 0.0, 0.0, 0.0, 0.0, 0.0, 0.0, 1.0, 0.0, 0.0, 0.0, 0.0, 0.0, 0.0, 0.0, 0.0, 0.0, 0.0, 0.0, 0.0, 0.0, 0.0, 0.0]"
hMpxV/Mexico/NLE_InDRE_F251/2023|EPI_ISL_17703596|2023-02-01,"[0.0, 0.0, 0.0, 0.0, 0.0, 0.0, 0.0, 0.0, 0.0, 0.0, 0.0, 0.0, 0.0, 0.0, 0.0, 1.0, 0.0, 0.0, 0.0, 0.0, 0.0, 0.0, 0.0, 0.0, 0.0, 0.0, 0.0, 0.0, 0.0, 0.0, 0.0]"
NODE_0000346,"[8.30543636638364e-09, 2.0065739778319823e-09, 2.7110364170641632e-08, 2.0178394355018958e-09, 2.4175925092086747e-09, 3.4839622619402917e-09, 2.018524601328529e-09, 2.0143315865225135e-09, 2.0150263689175634e-09, 2.0051436661613153e-09, 2.005558773839367e-09, 2.01722066518633e-09, 1.911393601246442e-09, 1.967337029455737e-09, 3.1524532848747457e-09, 2.260794838541418e-06, 8.075004310983628e-09, 2.0172206651905127e-09, 2.017220665187228e-09, 1.8938976030306275e-09, 5.165857509710289e-07, 1.974340970742145e-09, 6.44678422746197e-09, 2.017642527658723e-09, 2.9866538349075105e-09, 4.41126081165428e-09, 1.7064337788235074e-09, 4.264839236092404e-09, 1.9041561608345864e-09, 0.9999971164436476, 2.0115498329890784e-09]"
hMpxV/USA/CA-CDPH-1M1000241/2022|EPI_ISL_18458960|2022-12-14,"[0.0, 0.0, 0.0, 0.0, 0.0, 0.0, 0.0, 0.0, 0.0, 0.0, 0.0, 0.0, 0.0, 0.0, 0.0, 0.0, 0.0, 0.0, 0.0, 0.0, 0.0, 0.0, 0.0, 0.0, 0.0, 0.0, 0.0, 0.0, 0.0, 1.0, 0.0]"
hMpxV/USA/CA-CDPH-1M1000240/2022|EPI_ISL_18458959|2022-12-14,"[0.0, 0.0, 0.0, 0.0, 0.0, 0.0, 0.0, 0.0, 0.0, 0.0, 0.0, 0.0, 0.0, 0.0, 0.0, 0.0, 0.0, 0.0, 0.0, 0.0, 0.0, 0.0, 0.0, 0.0, 0.0, 0.0, 0.0, 0.0, 0.0, 1.0, 0.0]"
NODE_0000339,"[1.28088230460348e-09, 2.671027672269185e-09, 8.588206161786938e-09, 1.4960786012383496e-09, 6.154467222309827e-09, 1.0138100950116564e-08, 2.1055081623382917e-09, 1.4668515955365943e-09, 1.4714803813451196e-09, 1.47372892332348e-09, 1.4405831156893205e-09, 1.4726519123517083e-09, 1.413628461075495e-09, 2.072359962865103e-09, 1.2937458890163235e-09, 0.9998097252502727, 1.5241663349092587e-09, 1.4726519123512323e-09, 1.4726519123514217e-09, 1.9621857889332686e-09, 0.00019011292054553583, 1.4913766349196538e-09, 1.617680035117641e-09, 1.4801119689869675e-09, 1.1923065773504206e-09, 1.4049395685154567e-09, 1.2518669554646783e-09, 1.4173304923046365e-09, 1.393812818950232e-09, 9.814550146870752e-08, 1.4632981129375057e-09]"
hMpxV/Peru/SAM-INS-347/2022|EPI_ISL_16999107|2022-12-22,"[0.0, 0.0, 0.0, 0.0, 0.0, 0.0, 0.0, 0.0, 0.0, 0.0, 0.0, 0.0, 0.0, 0.0, 0.0, 0.0, 0.0, 0.0, 0.0, 0.0, 1.0, 0.0, 0.0, 0.0, 0.0, 0.0, 0.0, 0.0, 0.0, 0.0, 0.0]"
hMpxV/Mexico/CAM_InDRE_F58/2023|EPI_ISL_17672237|2023-01-03,"[0.0, 0.0, 0.0, 0.0, 0.0, 0.0, 0.0, 0.0, 0.0, 0.0, 0.0, 0.0, 0.0, 0.0, 0.0, 0.9999999999999999, 0.0, 0.0, 0.0, 0.0, 0.0, 0.0, 0.0, 0.0, 0.0, 0.0, 0.0, 0.0, 0.0, 0.0, 0.0]"
NODE_0000340,"[1.2417390236660102e-09, 1.9829446231232153e-09, 3.3242469197744046e-09, 1.957034809505574e-09, 2.0098465855164163e-09, 1.0423612055760945e-08, 1.941437735623826e-09, 1.9043279082724517e-09, 1.909978842363178e-09, 1.9226153359693156e-09, 1.862837463293052e-09, 1.9155960788589707e-09, 1.869335460279101e-09, 1.9450667789943704e-09, 1.2254981113420284e-09, 0.9999960914427714, 1.896578638622432e-09, 1.915596078857542e-09, 1.915596078858107e-09, 1.8473399580210572e-09, 3.837424582645072e-06, 1.9832996876829844e-09, 1.359273638361609e-09, 1.927719307473419e-09, 1.1425809032397353e-09, 1.8069871068259905e-09, 1.6553211257469161e-09, 1.8171721183923552e-09, 1.8332923769695984e-09, 1.069748266190676e-08, 1.8982884341066493e-09]"
hMpxV/Mexico/CAM_InDRE_F123/2023|EPI_ISL_17703591|2023-01-05,"[0.0, 0.0, 0.0, 0.0, 0.0, 0.0, 0.0, 0.0, 0.0, 0.0, 0.0, 0.0, 0.0, 0.0, 0.0, 1.0, 0.0, 0.0, 0.0, 0.0, 0.0, 0.0, 0.0, 0.0, 0.0, 0.0, 0.0, 0.0, 0.0, 0.0, 0.0]"
hMpxV/Mexico/YUC_InDRE_F5709/2022|EPI_ISL_17672232|2022-12-05,"[0.0, 0.0, 0.0, 0.0, 0.0, 0.0, 0.0, 0.0, 0.0, 0.0, 0.0, 0.0, 0.0, 0.0, 0.0, 0.9999999999999999, 0.0, 0.0, 0.0, 0.0, 0.0, 0.0, 0.0, 0.0, 0.0, 0.0, 0.0, 0.0, 0.0, 0.0, 0.0]"
NODE_0000341,"[4.623444331579984e-15, 1.0094048138367218e-14, 2.3181860983217367e-14, 1.0173494831463111e-14, 9.30097034076619e-15, 1.6722675459266125e-13, 1.0059442138457002e-14, 9.976201385828964e-15, 9.996518365347873e-15, 9.988008280965369e-15, 9.793349137366719e-15, 1.003166454994115e-14, 9.307754478300029e-15, 9.794462347409409e-15, 5.153407130321396e-15, 0.9999999999216577, 9.395891606747509e-15, 1.0031664549917082e-14, 1.0031664549933213e-14, 9.097098060380681e-15, 7.775329960533097e-11, 9.920174154971301e-15, 6.1257002104516545e-15, 1.007346527102028e-14, 4.665468706205329e-15, 9.399753453725803e-15, 7.595810308675437e-15, 9.554120841947911e-15, 9.15378323001147e-15, 1.653923875368828e-13, 9.939966964103788e-15]"
hMpxV/Mexico/ROO_InDRE_F5579/2022|EPI_ISL_17703579|2022-12-05,"[0.0, 0.0, 0.0, 0.0, 0.0, 0.0, 0.0, 0.0, 0.0, 0.0, 0.0, 0.0, 0.0, 0.0, 0.0, 0.9999999999999999, 0.0, 0.0, 0.0, 0.0, 0.0, 0.0, 0.0, 0.0, 0.0, 0.0, 0.0, 0.0, 0.0, 0.0, 0.0]"
hMpxV/Mexico/YUC_InDRE_F45/2022|EPI_ISL_17703585|2022-12-20,"[0.0, 0.0, 0.0, 0.0, 0.0, 0.0, 0.0, 0.0, 0.0, 0.0, 0.0, 0.0, 0.0, 0.0, 0.0, 0.9999999999999999, 0.0, 0.0, 0.0, 0.0, 0.0, 0.0, 0.0, 0.0, 0.0, 0.0, 0.0, 0.0, 0.0, 0.0, 0.0]"
hMpxV/Mexico/ROO_InDRE_F81/2023|EPI_ISL_17703588|2023-01-01,"[0.0, 0.0, 0.0, 0.0, 0.0, 0.0, 0.0, 0.0, 0.0, 0.0, 0.0, 0.0, 0.0, 0.0, 0.0, 1.0, 0.0, 0.0, 0.0, 0.0, 0.0, 0.0, 0.0, 0.0, 0.0, 0.0, 0.0, 0.0, 0.0, 0.0, 0.0]"
hMpxV/Mexico/ROO_InDRE_F5733/2022|EPI_ISL_17672233|2022-12-19,"[0.0, 0.0, 0.0, 0.0, 0.0, 0.0, 0.0, 0.0, 0.0, 0.0, 0.0, 0.0, 0.0, 0.0, 0.0, 1.0, 0.0, 0.0, 0.0, 0.0, 0.0, 0.0, 0.0, 0.0, 0.0, 0.0, 0.0, 0.0, 0.0, 0.0, 0.0]"
NODE_0000343,"[1.549425610527592e-05, 4.111133654393472e-06, 4.810021139747146e-05, 4.082847862590334e-06, 5.079842616960613e-06, 6.827689815690797e-06, 4.103097110037249e-06, 4.067320558524018e-06, 4.074185393035257e-06, 4.060374937475802e-06, 4.041400225418008e-06, 4.070373899109636e-06, 3.899348805638583e-06, 4.058835659134514e-06, 6.026447041443812e-06, 0.0018825014296763348, 1.4785023755053829e-05, 4.0703738991098e-06, 4.0703738991096335e-06, 3.879956994646123e-06, 0.0007216945952446926, 4.033735113578605e-06, 1.191129312646305e-05, 4.076218296728298e-06, 5.838810270214843e-06, 8.331611089872986e-06, 3.5457068473047812e-06, 8.063595850138085e-06, 3.879575904529426e-06, 0.9971931568011555, 4.063533794379548e-06]"
hMpxV/USA/un-CDPH-1000191/2023|EPI_ISL_17972012|2023-01-12,"[0.0, 0.0, 0.0, 0.0, 0.0, 0.0, 0.0, 0.0, 0.0, 0.0, 0.0, 0.0, 0.0, 0.0, 0.0, 0.0, 0.0, 0.0, 0.0, 0.0, 0.0, 0.0, 0.0, 0.0, 0.0, 0.0, 0.0, 0.0, 0.0, 1.0, 0.0]"
NODE_0000344,"[3.441641001894445e-12, 1.867146490795871e-13, 2.0844529456531714e-11, 1.8134282467663978e-13, 3.005993598071009e-13, 2.0934613451071038e-13, 1.8859410023015642e-13, 1.8599077864571165e-13, 1.8577655986759199e-13, 1.8222436734768284e-13, 1.8832972157193068e-13, 1.8525735426998e-13, 1.674163300979356e-13, 1.7845399265494706e-13, 5.766164547566596e-13, 4.2539944175552815e-11, 2.4560216021655104e-12, 1.8525735427006411e-13, 1.852573542699662e-13, 1.7062767271084702e-13, 1.0413134619876661e-09, 1.693003173158235e-13, 2.148348213144272e-12, 1.8422765199262768e-13, 5.555351520600558e-13, 8.358875849122626e-13, 1.4625282416505768e-13, 7.844751569267466e-13, 1.6941925132508752e-13, 0.999999998880767, 1.8610596787547006e-13]"
hMpxV/USA/un-CDPH-1000194/2023|EPI_ISL_17972015|2023-02-14,"[0.0, 0.0, 0.0, 0.0, 0.0, 0.0, 0.0, 0.0, 0.0, 0.0, 0.0, 0.0, 0.0, 0.0, 0.0, 0.0, 0.0, 0.0, 0.0, 0.0, 0.0, 0.0, 0.0, 0.0, 0.0, 0.0, 0.0, 0.0, 0.0, 1.0, 0.0]"
hMpxV/USA/CA-CDPH-1MPX1000194/2023|EPI_ISL_17206616|2023-02-14,"[0.0, 0.0, 0.0, 0.0, 0.0, 0.0, 0.0, 0.0, 0.0, 0.0, 0.0, 0.0, 0.0, 0.0, 0.0, 0.0, 0.0, 0.0, 0.0, 0.0, 0.0, 0.0, 0.0, 0.0, 0.0, 0.0, 0.0, 0.0, 0.0, 1.0, 0.0]"
NODE_0000345,"[9.385259995466021e-12, 8.984841369811598e-13, 3.546971140102029e-11, 8.961985919861591e-13, 1.243897635701297e-12, 9.003504748100202e-13, 9.089462844905848e-13, 9.064875625760964e-13, 9.057594457459846e-13, 8.957491073895883e-13, 9.106206884339101e-13, 9.055621677233091e-13, 8.447165463247613e-13, 8.735250390064821e-13, 2.2173657452742895e-12, 1.1548504802320147e-11, 7.257636935324154e-12, 9.055621677254823e-13, 9.055621677237555e-13, 8.45901724180464e-13, 4.6540387520676e-10, 8.609863006495626e-13, 6.176440802362756e-12, 9.03013159018192e-13, 2.1159747144848944e-12, 3.0072333541925478e-12, 7.568504422643195e-13, 2.85188638354047e-12, 8.484079208936712e-13, 0.9999999994365433, 9.061358607094864e-13]"
hMpxV/USA/un-CDPH-1000193/2023|EPI_ISL_17972014|2023-02-14,"[0.0, 0.0, 0.0, 0.0, 0.0, 0.0, 0.0, 0.0, 0.0, 0.0, 0.0, 0.0, 0.0, 0.0, 0.0, 0.0, 0.0, 0.0, 0.0, 0.0, 0.0, 0.0, 0.0, 0.0, 0.0, 0.0, 0.0, 0.0, 0.0, 1.0, 0.0]"
hMpxV/USA/CA-CDPH-1MPX1000193/2023|EPI_ISL_17206615|2023-02-14,"[0.0, 0.0, 0.0, 0.0, 0.0, 0.0, 0.0, 0.0, 0.0, 0.0, 0.0, 0.0, 0.0, 0.0, 0.0, 0.0, 0.0, 0.0, 0.0, 0.0, 0.0, 0.0, 0.0, 0.0, 0.0, 0.0, 0.0, 0.0, 0.0, 1.0, 0.0]"
NODE_0000336,"[1.192921225182246e-11, 2.8599105925681784e-12, 0.9999999960074961, 2.8581818680532816e-12, 3.9644057977885735e-11, 4.918730200885475e-12, 3.791947974638883e-12, 2.876749976559248e-12, 2.8806259229970432e-12, 2.851506500083021e-12, 2.867073663810651e-12, 2.8747393513219836e-12, 2.5985306423036674e-12, 2.781562479703688e-12, 1.6426700399001295e-12, 1.8144975362624236e-09, 2.656894118835682e-12, 2.874739351319905e-12, 2.8747393513208163e-12, 2.592099128247426e-12, 1.5933496343348029e-09, 2.6744779068405786e-12, 2.1092916337590337e-10, 2.872312227383093e-12, 5.1466234264394216e-12, 2.780952295440635e-12, 2.1482075360302608e-12, 2.840816659874006e-12, 2.5939963041939502e-12, 2.514217194740548e-10, 2.8741222575038186e-12]"
hMpxV/Brazil/RJ-FIOCRUZ-29818/2022|EPI_ISL_17614035|2022-12-23,"[0.0, 0.0, 1.0, 0.0, 0.0, 0.0, 0.0, 0.0, 0.0, 0.0, 0.0, 0.0, 0.0, 0.0, 0.0, 0.0, 0.0, 0.0, 0.0, 0.0, 0.0, 0.0, 0.0, 0.0, 0.0, 0.0, 0.0, 0.0, 0.0, 0.0, 0.0]"
hMpxV/Brazil/RJ-FIOCRUZ-29819/2022|EPI_ISL_17614044|2022-12-27,"[0.0, 0.0, 0.9999999999999999, 0.0, 0.0, 0.0, 0.0, 0.0, 0.0, 0.0, 0.0, 0.0, 0.0, 0.0, 0.0, 0.0, 0.0, 0.0, 0.0, 0.0, 0.0, 0.0, 0.0, 0.0, 0.0, 0.0, 0.0, 0.0, 0.0, 0.0, 0.0]"
NODE_0000337,"[1.4071177355557095e-10, 4.072099568866704e-11, 0.9999999952512164, 4.1304056532187376e-11, 3.076225905837895e-10, 4.100628876930411e-11, 5.0725019503494036e-11, 4.100904632576724e-11, 4.108068976509325e-11, 4.0948127246668505e-11, 4.0628545100777346e-11, 4.107948636233438e-11, 3.912443565084901e-11, 4.0204528771638495e-11, 2.742835301880924e-11, 1.0275683638783107e-10, 3.9288282677195905e-11, 4.107948636228494e-11, 4.107948636230394e-11, 3.8494901027376854e-11, 1.1349680997057562e-09, 4.0411824517181216e-11, 1.1629028967980336e-09, 4.116160494773109e-11, 6.597961745828359e-11, 3.962134238878036e-11, 3.4750609295670384e-11, 4.004792550863031e-11, 3.883910036297366e-11, 9.128577531857319e-10, 4.0949949717115935e-11]"
hMpxV/Brazil/RJ-FIOCRUZ-29654/2022|EPI_ISL_16871163|2022-12-22,"[0.0, 0.0, 0.9999999999999999, 0.0, 0.0, 0.0, 0.0, 0.0, 0.0, 0.0, 0.0, 0.0, 0.0, 0.0, 0.0, 0.0, 0.0, 0.0, 0.0, 0.0, 0.0, 0.0, 0.0, 0.0, 0.0, 0.0, 0.0, 0.0, 0.0, 0.0, 0.0]"
hMpxV/Brazil/RJ-FIOCRUZ-29817/2022|EPI_ISL_17614018|2022-12-22,"[0.0, 0.0, 0.9999999999999999, 0.0, 0.0, 0.0, 0.0, 0.0, 0.0, 0.0, 0.0, 0.0, 0.0, 0.0, 0.0, 0.0, 0.0, 0.0, 0.0, 0.0, 0.0, 0.0, 0.0, 0.0, 0.0, 0.0, 0.0, 0.0, 0.0, 0.0, 0.0]"
NODE_0000338,"[4.228753491549279e-09, 1.2967412385345376e-09, 0.9999998652117488, 1.3106071104366248e-09, 8.90009089424351e-09, 1.303797390133181e-09, 1.5888203541206017e-09, 1.3001689222860483e-09, 1.3036980216324002e-09, 1.3042520369390563e-09, 1.2856765747471466e-09, 1.3015394773250536e-09, 1.2463729479349372e-09, 1.2967098233241353e-09, 8.867983509383197e-10, 3.1051351584122606e-09, 1.2826298287730486e-09, 1.3015394773225042e-09, 1.3015394773233978e-09, 1.2315154461049445e-09, 2.9483560473675892e-08, 1.2890551572352545e-09, 3.1341376076621565e-08, 1.3051392211756327e-09, 2.0852589188731766e-09, 1.2580957478675504e-09, 1.1142709489505473e-09, 1.2696070878343216e-09, 1.2356784513210434e-09, 2.6331008051013957e-08, 1.298815085149161e-09]"
hMpxV/Brazil/RJ-FIOCRUZ-3015/2023|EPI_ISL_17614021|2023-01-26,"[0.0, 0.0, 1.0, 0.0, 0.0, 0.0, 0.0, 0.0, 0.0, 0.0, 0.0, 0.0, 0.0, 0.0, 0.0, 0.0, 0.0, 0.0, 0.0, 0.0, 0.0, 0.0, 0.0, 0.0, 0.0, 0.0, 0.0, 0.0, 0.0, 0.0, 0.0]"
hMpxV/Brazil/RJ-FIOCRUZ-3016/2023|EPI_ISL_17614040|2023-02-08,"[0.0, 0.0, 1.0, 0.0, 0.0, 0.0, 0.0, 0.0, 0.0, 0.0, 0.0, 0.0, 0.0, 0.0, 0.0, 0.0, 0.0, 0.0, 0.0, 0.0, 0.0, 0.0, 0.0, 0.0, 0.0, 0.0, 0.0, 0.0, 0.0, 0.0, 0.0]"
NODE_0000392,"[6.992894389721618e-08, 1.3028477849936475e-07, 3.552824988952284e-07, 6.981840819153674e-08, 3.027108756334741e-07, 2.8773975562479995e-07, 1.0111229233496868e-07, 6.820813415989754e-08, 6.842192323512238e-08, 6.876881673984009e-08, 6.689212590154832e-08, 6.851604598024362e-08, 6.725164848222485e-08, 1.0080133185297269e-07, 6.818279371728793e-08, 0.9891750282351885, 7.186069116599399e-08, 6.851604598019927e-08, 6.851604598021846e-08, 9.630988462409678e-08, 0.01082056883062179, 7.074081889901376e-08, 8.185919941658324e-08, 6.891249636041079e-08, 6.312322989824484e-08, 6.51473771956841e-08, 6.153188741456924e-08, 6.544748546898776e-08, 6.615427930203295e-08, 1.592851129648065e-06, 6.804324517293227e-08]"
NODE_0000412,"[1.0023057967076845e-08, 1.7774011689309044e-08, 4.354019325996125e-08, 1.1681730597074995e-08, 3.524260819105177e-08, 5.376959693331306e-08, 1.4760684676681702e-08, 1.1394130760829747e-08, 1.142941697449641e-08, 1.1494914255771955e-08, 1.1162808820513575e-08, 1.1451673563779146e-08, 1.1216906983691632e-08, 1.473939546911956e-08, 9.772412441185907e-09, 0.9997788643896269, 1.1767876919640345e-08, 1.1451673563776159e-08, 1.1451673563777437e-08, 1.4060937818883965e-08, 0.00022052403756034724, 1.1839791612570374e-08, 1.1481206164811962e-08, 1.1520677509940243e-08, 9.081481669361774e-09, 1.0864311986116166e-08, 1.0141048446789154e-08, 1.0917352443692291e-08, 1.1021850797439892e-08, 1.8515606406319765e-07, 1.1363323555212077e-08]"
hMpxV/Mexico/CMX_InDRE_F5430/2022|EPI_ISL_17703577|2022-11-28,"[0.0, 0.0, 0.0, 0.0, 0.0, 0.0, 0.0, 0.0, 0.0, 0.0, 0.0, 0.0, 0.0, 0.0, 0.0, 1.0, 0.0, 0.0, 0.0, 0.0, 0.0, 0.0, 0.0, 0.0, 0.0, 0.0, 0.0, 0.0, 0.0, 0.0, 0.0]"
NODE_0000413,"[1.706342857765708e-09, 2.665737518943515e-09, 4.24562295443464e-09, 2.7041596782088414e-09, 2.488117438729703e-09, 1.3982977309028438e-08, 2.6422680439690084e-09, 2.6297965206549037e-09, 2.6372598836825336e-09, 2.656370136006796e-09, 2.5719538493963455e-09, 2.64600045432185e-09, 2.5865211542179232e-09, 2.6502470279095986e-09, 1.6772975523469914e-09, 0.9999995296448817, 2.6226859612726996e-09, 2.6460004543157436e-09, 2.6460004543198617e-09, 2.51882770870831e-09, 3.757527510722505e-07, 2.744316829504305e-09, 1.8489428846679742e-09, 2.662846263516211e-09, 1.5672680355166222e-09, 2.497220178213771e-09, 2.2936829416048054e-09, 2.5100966199300955e-09, 2.5355067610532103e-09, 1.239710116456226e-08, 2.6211986209440063e-09]"
hMpxV/Mexico/GRO_InDRE_F5598/2022|EPI_ISL_17672228|2022-12-10,"[0.0, 0.0, 0.0, 0.0, 0.0, 0.0, 0.0, 0.0, 0.0, 0.0, 0.0, 0.0, 0.0, 0.0, 0.0, 1.0, 0.0, 0.0, 0.0, 0.0, 0.0, 0.0, 0.0, 0.0, 0.0, 0.0, 0.0, 0.0, 0.0, 0.0, 0.0]"
NODE_0000414,"[7.662970385856244e-08, 1.1672316472490347e-07, 1.8128698102628416e-07, 1.1886451698803581e-07, 1.0791022409601613e-07, 5.763979489805487e-07, 1.1584478205215625e-07, 1.1549856255303073e-07, 1.1580066440967348e-07, 1.1676176863618431e-07, 1.129301019346559e-07, 1.162523733058675e-07, 1.1402819637075894e-07, 1.1639055842210374e-07, 7.470260892782068e-08, 0.9999897158406551, 1.1582971272161872e-07, 1.1625237330585139e-07, 1.1625237330585975e-07, 1.1080855809883347e-07, 6.199231394710163e-06, 1.2093717083703272e-07, 8.200544808177659e-08, 1.1699713911539966e-07, 7.003828135351143e-08, 1.0986120976491483e-07, 1.0156466001276887e-07, 1.103262936750543e-07, 1.1170610809460329e-07, 5.11221145965236e-07, 1.1510531958346892e-07]"
hMpxV/Mexico/OAX_InDRE_F180/2023|EPI_ISL_17672249|2023-01-25,"[0.0, 0.0, 0.0, 0.0, 0.0, 0.0, 0.0, 0.0, 0.0, 0.0, 0.0, 0.0, 0.0, 0.0, 0.0, 1.0, 0.0, 0.0, 0.0, 0.0, 0.0, 0.0, 0.0, 0.0, 0.0, 0.0, 0.0, 0.0, 0.0, 0.0, 0.0]"
NODE_0000415,"[5.399763977677912e-09, 8.405308719439776e-09, 1.3193922102791144e-08, 8.601672069644547e-09, 7.621806156373464e-09, 4.439945401885782e-08, 8.365025575026025e-09, 8.364570742716551e-09, 8.388320323388026e-09, 8.449441341356026e-09, 8.180273206191226e-09, 8.416248338406148e-09, 8.227935231688004e-09, 8.391792509927453e-09, 5.307701345731207e-09, 0.9999991656389322, 8.337856750999007e-09, 8.416248338402625e-09, 8.416248338403879e-09, 7.975379462967756e-09, 5.360893072196233e-07, 8.730517868108198e-09, 5.840945717993826e-09, 8.46993251069101e-09, 4.9602386897399265e-09, 7.942295740641466e-09, 7.295706298862482e-09, 7.983071031003982e-09, 8.065289261931597e-09, 3.7787625068968516e-08, 8.337169661252608e-09]"
hMpxV/Mexico/CMX_InDRE_F411/2023|EPI_ISL_17703607|2023-03-16,"[0.0, 0.0, 0.0, 0.0, 0.0, 0.0, 0.0, 0.0, 0.0, 0.0, 0.0, 0.0, 0.0, 0.0, 0.0, 0.9999999999999999, 0.0, 0.0, 0.0, 0.0, 0.0, 0.0, 0.0, 0.0, 0.0, 0.0, 0.0, 0.0, 0.0, 0.0, 0.0]"
hMpxV/Mexico/CMX_InDRE_F419/2023|EPI_ISL_17703608|2023-03-21,"[0.0, 0.0, 0.0, 0.0, 0.0, 0.0, 0.0, 0.0, 0.0, 0.0, 0.0, 0.0, 0.0, 0.0, 0.0, 1.0, 0.0, 0.0, 0.0, 0.0, 0.0, 0.0, 0.0, 0.0, 0.0, 0.0, 0.0, 0.0, 0.0, 0.0, 0.0]"
NODE_0000393,"[7.001521915293852e-20, 2.4262050699853487e-19, 1.2952365810234263e-18, 1.4045963031786814e-19, 5.240289255855262e-19, 5.843022473982395e-18, 1.9566699980419655e-19, 1.3923911238668722e-19, 1.393854982337692e-19, 1.3811989724226432e-19, 1.3746897372877388e-19, 1.398293286792012e-19, 1.240584166448333e-19, 1.8427282376774653e-19, 8.698977996385604e-20, 0.9999999999897244, 1.304318143627661e-19, 1.3982932867908253e-19, 1.398293286791374e-19, 1.6842406604505061e-19, 1.0275599153514871e-11, 1.3181495737475284e-19, 1.1980246505474335e-19, 1.400368443048633e-19, 7.61234600299238e-20, 1.3106051821933023e-19, 9.607335057965109e-20, 1.3448817516457276e-19, 1.226283142386002e-19, 1.8824326365069366e-17, 1.387441776832509e-19]"
hMpxV/Mexico/BCN_InDRE_F5516/2022|EPI_ISL_17672223|2022-11-29,"[0.0, 0.0, 0.0, 0.0, 0.0, 0.0, 0.0, 0.0, 0.0, 0.0, 0.0, 0.0, 0.0, 0.0, 0.0, 1.0, 0.0, 0.0, 0.0, 0.0, 0.0, 0.0, 0.0, 0.0, 0.0, 0.0, 0.0, 0.0, 0.0, 0.0, 0.0]"
NODE_0000408,"[9.931031269494907e-09, 1.54253802711854e-08, 2.418230179121855e-08, 1.577994168086538e-08, 1.4008572814072262e-08, 8.092665981911047e-08, 1.5348106504748538e-08, 1.534384669202602e-08, 1.5387132517512087e-08, 1.550069281262478e-08, 1.500545343067213e-08, 1.5439107645123584e-08, 1.509862054893675e-08, 1.539961440005866e-08, 9.753733563154085e-09, 0.9999984894090319, 1.5303559037765746e-08, 1.5439107645119107e-08, 1.5439107645121364e-08, 1.4637931683633469e-08, 9.640075707212553e-07, 1.6020186973874785e-08, 1.0730688261318063e-08, 1.5537655158748982e-08, 9.118024632954396e-09, 1.4571553656213866e-08, 1.3394064087847454e-08, 1.4645093951956662e-08, 1.4799347941303619e-08, 6.912346189569e-08, 1.5293419132536477e-08]"
hMpxV/Mexico/CHH_InDRE_F5453/2022|EPI_ISL_17672221|2022-11-30,"[0.0, 0.0, 0.0, 0.0, 0.0, 0.0, 0.0, 0.0, 0.0, 0.0, 0.0, 0.0, 0.0, 0.0, 0.0, 1.0, 0.0, 0.0, 0.0, 0.0, 0.0, 0.0, 0.0, 0.0, 0.0, 0.0, 0.0, 0.0, 0.0, 0.0, 0.0]"
hMpxV/Mexico/TAM_InDRE_F153/2023|EPI_ISL_17672245|2023-01-19,"[0.0, 0.0, 0.0, 0.0, 0.0, 0.0, 0.0, 0.0, 0.0, 0.0, 0.0, 0.0, 0.0, 0.0, 0.0, 1.0, 0.0, 0.0, 0.0, 0.0, 0.0, 0.0, 0.0, 0.0, 0.0, 0.0, 0.0, 0.0, 0.0, 0.0, 0.0]"
NODE_0000411,"[4.5265171686391315e-07, 6.817652466021318e-07, 1.0535532104211228e-06, 6.922784136053943e-07, 6.374267144453994e-07, 3.251649451735356e-06, 6.755673204958054e-07, 6.723939876241207e-07, 6.740643612850516e-07, 6.800315594807967e-07, 6.573705230579957e-07, 6.76915425668882e-07, 6.651106444700302e-07, 6.792689291417741e-07, 4.393972313573982e-07, 0.9999433068166453, 6.764977364227195e-07, 6.769154256688606e-07, 6.76915425668876e-07, 6.472913315858495e-07, 3.2997792165525094e-05, 7.052331797053855e-07, 4.817524614077057e-07, 6.812580690811872e-07, 4.126625338179271e-07, 6.40185220330402e-07, 5.937681020800424e-07, 6.425911616140388e-07, 6.513444466151054e-07, 2.949477325743299e-06, 6.70054033033593e-07]"
hMpxV/Mexico/NLE_InDRE_F280/2023|EPI_ISL_17703601|2023-02-08,"[0.0, 0.0, 0.0, 0.0, 0.0, 0.0, 0.0, 0.0, 0.0, 0.0, 0.0, 0.0, 0.0, 0.0, 0.0, 1.0, 0.0, 0.0, 0.0, 0.0, 0.0, 0.0, 0.0, 0.0, 0.0, 0.0, 0.0, 0.0, 0.0, 0.0, 0.0]"
hMpxV/Mexico/NLE_InDRE_F311/2023|EPI_ISL_17703602|2023-02-15,"[0.0, 0.0, 0.0, 0.0, 0.0, 0.0, 0.0, 0.0, 0.0, 0.0, 0.0, 0.0, 0.0, 0.0, 0.0, 1.0, 0.0, 0.0, 0.0, 0.0, 0.0, 0.0, 0.0, 0.0, 0.0, 0.0, 0.0, 0.0, 0.0, 0.0, 0.0]"
NODE_0000409,"[3.959228854437861e-09, 6.116104750028326e-09, 9.557164284882633e-09, 6.252712332483185e-09, 5.568723696628873e-09, 3.156763185530724e-08, 6.082975174676034e-09, 6.078928561311329e-09, 6.095919995089344e-09, 6.142137969580617e-09, 5.944542056647014e-09, 6.116998166454764e-09, 5.986957218278169e-09, 6.105873926841171e-09, 3.879885886398962e-09, 0.9999994152958404, 6.071537377889833e-09, 6.116998166451856e-09, 6.116998166452767e-09, 5.806172526748139e-09, 3.687121607684992e-07, 6.351751224923445e-09, 4.265844999972309e-09, 6.156148404292761e-09, 3.6299184047685735e-09, 5.775197551477038e-09, 5.31760720364101e-09, 5.803126402230148e-09, 5.8676811095212485e-09, 2.7198378567999672e-08, 6.058854164487801e-09]"
hMpxV/Mexico/DUR_InDRE_F268/2023|EPI_ISL_17672254|2023-02-02,"[0.0, 0.0, 0.0, 0.0, 0.0, 0.0, 0.0, 0.0, 0.0, 0.0, 0.0, 0.0, 0.0, 0.0, 0.0, 1.0, 0.0, 0.0, 0.0, 0.0, 0.0, 0.0, 0.0, 0.0, 0.0, 0.0, 0.0, 0.0, 0.0, 0.0, 0.0]"
NODE_0000410,"[1.2865314956059105e-09, 2.0476544998492172e-09, 3.255688588782574e-09, 2.1042554536864645e-09, 1.8260309232029899e-09, 1.1620594300011822e-08, 2.0427903649913704e-09, 2.047794455385332e-09, 2.053984683050224e-09, 2.0669794463182113e-09, 2.003115647644342e-09, 2.0598186097842273e-09, 2.0068906731808533e-09, 2.046029865451689e-09, 1.2754340207558197e-09, 0.9999997637371182, 2.0291735462196248e-09, 2.059818609783267e-09, 2.059818609783576e-09, 1.9411094212488848e-09, 1.624420565150548e-07, 2.130433128868649e-09, 1.4074471857193031e-09, 2.0728611002282586e-09, 1.1881508412163084e-09, 1.9412016695979845e-09, 1.7710435029981422e-09, 1.952916296824739e-09, 1.968311974021514e-09, 9.51364129090097e-09, 2.0413051295299495e-09]"
hMpxV/Mexico/VER_InDRE_F5457/2022|EPI_ISL_17672222|2022-11-29,"[0.0, 0.0, 0.0, 0.0, 0.0, 0.0, 0.0, 0.0, 0.0, 0.0, 0.0, 0.0, 0.0, 0.0, 0.0, 1.0, 0.0, 0.0, 0.0, 0.0, 0.0, 0.0, 0.0, 0.0, 0.0, 0.0, 0.0, 0.0, 0.0, 0.0, 0.0]"
hMpxV/Mexico/JAL_InDRE_F5746/2022|EPI_ISL_17672234|2022-12-14,"[0.0, 0.0, 0.0, 0.0, 0.0, 0.0, 0.0, 0.0, 0.0, 0.0, 0.0, 0.0, 0.0, 0.0, 0.0, 0.9999999999999999, 0.0, 0.0, 0.0, 0.0, 0.0, 0.0, 0.0, 0.0, 0.0, 0.0, 0.0, 0.0, 0.0, 0.0, 0.0]"
NODE_0000405,"[2.5707547867641283e-13, 5.413390266261371e-13, 1.19907999702698e-12, 5.475479696460467e-13, 4.954157039306559e-13, 8.184876094154143e-12, 5.399580064512061e-13, 5.362248879361669e-13, 5.371215896917663e-13, 5.375474736923113e-13, 5.261963771090056e-13, 5.395204128408267e-13, 5.032111261810587e-13, 5.270562243339917e-13, 2.8324452444948247e-13, 0.999999998956062, 5.08887756555957e-13, 5.395204128404689e-13, 5.395204128406629e-13, 4.908301417315738e-13, 1.0158840829136548e-09, 5.359908987995695e-13, 3.3450584192266264e-13, 5.417966452502778e-13, 2.5777552091101013e-13, 5.062846148412023e-13, 4.134176792522385e-13, 5.138887405344821e-13, 4.943739930084688e-13, 6.087532270895904e-12, 5.341587980412845e-13]"
hMpxV/Mexico/ROO_InDRE_F162/2023|EPI_ISL_17672247|2023-01-16,"[0.0, 0.0, 0.0, 0.0, 0.0, 0.0, 0.0, 0.0, 0.0, 0.0, 0.0, 0.0, 0.0, 0.0, 0.0, 1.0, 0.0, 0.0, 0.0, 0.0, 0.0, 0.0, 0.0, 0.0, 0.0, 0.0, 0.0, 0.0, 0.0, 0.0, 0.0]"
hMpxV/Mexico/ROO_InDRE_F288/2023|EPI_ISL_17672257|2023-02-02,"[0.0, 0.0, 0.0, 0.0, 0.0, 0.0, 0.0, 0.0, 0.0, 0.0, 0.0, 0.0, 0.0, 0.0, 0.0, 1.0, 0.0, 0.0, 0.0, 0.0, 0.0, 0.0, 0.0, 0.0, 0.0, 0.0, 0.0, 0.0, 0.0, 0.0, 0.0]"
hMpxV/Mexico/CMX_InDRE_F266/2023|EPI_ISL_17672253|2023-02-09,"[0.0, 0.0, 0.0, 0.0, 0.0, 0.0, 0.0, 0.0, 0.0, 0.0, 0.0, 0.0, 0.0, 0.0, 0.0, 1.0, 0.0, 0.0, 0.0, 0.0, 0.0, 0.0, 0.0, 0.0, 0.0, 0.0, 0.0, 0.0, 0.0, 0.0, 0.0]"
NODE_0000406,"[3.0392509902106586e-10, 4.8472561905382e-10, 7.704912738611346e-10, 4.986058484944108e-10, 4.3070921437524907e-10, 2.7640325313111726e-09, 4.838097174538226e-10, 4.85272998521164e-10, 4.86761856641771e-10, 4.897745903320426e-10, 4.74693403329224e-10, 4.880933898160963e-10, 4.754056707998221e-10, 4.845262084788564e-10, 3.015448811775633e-10, 0.9999999440872378, 4.804959323089015e-10, 4.880933898156344e-10, 4.880933898158077e-10, 4.595935347316679e-10, 3.842408865900132e-08, 5.047006216253278e-10, 3.3277331456207043e-10, 4.911874772824994e-10, 2.8079710235990825e-10, 4.59891469041611e-10, 4.1938981957527074e-10, 4.6271233069365995e-10, 4.663102399573507e-10, 2.2485149041256634e-09, 4.837475753870292e-10]"
hMpxV/Mexico/NLE_InDRE_F163/2023|EPI_ISL_17703592|2023-01-19,"[0.0, 0.0, 0.0, 0.0, 0.0, 0.0, 0.0, 0.0, 0.0, 0.0, 0.0, 0.0, 0.0, 0.0, 0.0, 1.0, 0.0, 0.0, 0.0, 0.0, 0.0, 0.0, 0.0, 0.0, 0.0, 0.0, 0.0, 0.0, 0.0, 0.0, 0.0]"
NODE_0000407,"[5.808236995520989e-10, 9.211879451714352e-10, 1.4600226459667708e-09, 9.464082982881186e-10, 8.225020627420501e-10, 5.160249286617281e-09, 9.188131984325004e-10, 9.209184372340837e-10, 9.236931428319619e-10, 9.296474179056811e-10, 9.00791864500569e-10, 9.26350944545312e-10, 9.030440966708473e-10, 9.205360304119728e-10, 5.75050648564053e-10, 0.9999998976491472, 9.132603998168003e-10, 9.263509445444887e-10, 9.26350944544865e-10, 8.735591742755885e-10, 6.924589126527616e-08, 9.58577785885582e-10, 6.341861274787763e-10, 9.322310104831506e-10, 5.359229676207969e-10, 8.731367712422339e-10, 7.975717229047052e-10, 8.782904159286882e-10, 8.856309645176243e-10, 4.2418582874144275e-09, 9.179942503151281e-10]"
hMpxV/Mexico/ROO_InDRE_F263/2023|EPI_ISL_17703598|2023-01-30,"[0.0, 0.0, 0.0, 0.0, 0.0, 0.0, 0.0, 0.0, 0.0, 0.0, 0.0, 0.0, 0.0, 0.0, 0.0, 1.0, 0.0, 0.0, 0.0, 0.0, 0.0, 0.0, 0.0, 0.0, 0.0, 0.0, 0.0, 0.0, 0.0, 0.0, 0.0]"
hMpxV/Mexico/ROO_InDRE_F97/2023|EPI_ISL_17703589|2023-01-06,"[0.0, 0.0, 0.0, 0.0, 0.0, 0.0, 0.0, 0.0, 0.0, 0.0, 0.0, 0.0, 0.0, 0.0, 0.0, 1.0, 0.0, 0.0, 0.0, 0.0, 0.0, 0.0, 0.0, 0.0, 0.0, 0.0, 0.0, 0.0, 0.0, 0.0, 0.0]"
NODE_0000394,"[1.0002701179172978e-09, 1.5789395470715054e-09, 2.502012182185976e-09, 1.6193764145247147e-09, 1.4188753315714956e-09, 8.74937610222628e-09, 1.5734722345711766e-09, 1.5754570746285545e-09, 1.5800747482163124e-09, 1.5906961171719441e-09, 1.5409639707251127e-09, 1.5849283429450203e-09, 1.5461249807464624e-09, 1.5768394169093066e-09, 9.884649789546358e-10, 0.9999998240157291, 1.5648638328426519e-09, 1.5849283429438774e-09, 1.5849283429443342e-09, 1.4969733775477176e-09, 1.1934649215110332e-07, 1.6410070894603078e-09, 1.0898847141622616e-09, 1.5949747718594243e-09, 9.220106428956303e-10, 1.4945239420159402e-09, 1.3667318673774e-09, 1.5030256593587082e-09, 1.5160411746459109e-09, 7.281632107168008e-09, 1.5703813493179095e-09]"
hMpxV/Mexico/MEX_InDRE_F5758/2022|EPI_ISL_17672235|2022-12-30,"[0.0, 0.0, 0.0, 0.0, 0.0, 0.0, 0.0, 0.0, 0.0, 0.0, 0.0, 0.0, 0.0, 0.0, 0.0, 1.0, 0.0, 0.0, 0.0, 0.0, 0.0, 0.0, 0.0, 0.0, 0.0, 0.0, 0.0, 0.0, 0.0, 0.0, 0.0]"
NODE_0000395,"[1.378883644086599e-09, 2.152518261406873e-09, 3.387965298141823e-09, 2.203674055954327e-09, 1.948441811028709e-09, 1.1510596970192818e-08, 2.1427516867854324e-09, 2.1431316062330664e-09, 2.149245705915844e-09, 2.164672664753234e-09, 2.0959776412113728e-09, 2.1563115879182604e-09, 2.1070814074105946e-09, 2.1490954058959686e-09, 1.3567402557378637e-09, 0.9999997768586908, 2.1349090808240907e-09, 2.156311587916258e-09, 2.1563115879170085e-09, 2.0419879693883783e-09, 1.4653134114202434e-07, 2.235905204142097e-09, 1.4938517455135437e-09, 2.1700405411323875e-09, 1.2675236177269989e-09, 2.0346519050011563e-09, 1.867125138795419e-09, 2.045325771641753e-09, 2.0655544676393076e-09, 9.757252973282788e-09, 2.136128408981929e-09]"
hMpxV/Mexico/JAL_InDRE_F171/2023|EPI_ISL_17703593|2023-01-20,"[0.0, 0.0, 0.0, 0.0, 0.0, 0.0, 0.0, 0.0, 0.0, 0.0, 0.0, 0.0, 0.0, 0.0, 0.0, 1.0, 0.0, 0.0, 0.0, 0.0, 0.0, 0.0, 0.0, 0.0, 0.0, 0.0, 0.0, 0.0, 0.0, 0.0, 0.0]"
NODE_0000396,"[1.801500337765074e-17, 4.571659444790184e-17, 1.2262319490697686e-16, 4.631654006683684e-17, 4.079530852964725e-17, 1.3093150807832064e-15, 4.5845738761546e-17, 4.5576370648782954e-17, 4.564191200529034e-17, 4.545704006703517e-17, 4.481566276217909e-17, 4.583060213131896e-17, 4.1525996445870884e-17, 4.403142531521464e-17, 2.1297735515810675e-17, 0.9999999999993437, 4.1796509910696313e-17, 4.5830602131268417e-17, 4.5830602131289297e-17, 4.0475108892655325e-17, 6.531410615204683e-13, 4.434867588442606e-17, 2.616954354034493e-17, 4.597208205279523e-17, 1.902909884714443e-17, 4.279173763084539e-17, 3.2596895764549464e-17, 4.371109827794809e-17, 4.088253168632304e-17, 8.537389421285317e-16, 4.539680784214138e-17]"
hMpxV/Mexico/PUE_InDRE_F57/2023|EPI_ISL_17672236|2023-01-02,"[0.0, 0.0, 0.0, 0.0, 0.0, 0.0, 0.0, 0.0, 0.0, 0.0, 0.0, 0.0, 0.0, 0.0, 0.0, 1.0, 0.0, 0.0, 0.0, 0.0, 0.0, 0.0, 0.0, 0.0, 0.0, 0.0, 0.0, 0.0, 0.0, 0.0, 0.0]"
NODE_0000397,"[4.494136841025599e-09, 7.113956241768049e-09, 1.126525751171073e-08, 7.30437078027003e-09, 6.366878688127795e-09, 3.9594399064368226e-08, 7.093342321754009e-09, 7.107088525037823e-09, 7.128308628176235e-09, 7.17499415632326e-09, 6.951634455173603e-09, 7.149290607772794e-09, 6.971533533313505e-09, 7.107566737872863e-09, 4.446409162632048e-09, 0.9999992216603427, 7.051929089337079e-09, 7.14929060777073e-09, 7.149290607771722e-09, 6.7459850448535766e-09, 5.230520637116089e-07, 7.399915152019229e-09, 4.902482535327015e-09, 7.194672892723329e-09, 4.145031532912306e-09, 6.739452505320349e-09, 6.159605992058315e-09, 6.778663690553371e-09, 6.83664528122147e-09, 3.2681049531130546e-08, 7.084411690532887e-09]"
hMpxV/Mexico/YUC_InDRE_F5757/2022|EPI_ISL_17703581|2022-12-16,"[0.0, 0.0, 0.0, 0.0, 0.0, 0.0, 0.0, 0.0, 0.0, 0.0, 0.0, 0.0, 0.0, 0.0, 0.0, 0.9999999999999999, 0.0, 0.0, 0.0, 0.0, 0.0, 0.0, 0.0, 0.0, 0.0, 0.0, 0.0, 0.0, 0.0, 0.0, 0.0]"
hMpxV/Mexico/TAB_InDRE_F5681/2022|EPI_ISL_17672230|2022-12-13,"[0.0, 0.0, 0.0, 0.0, 0.0, 0.0, 0.0, 0.0, 0.0, 0.0, 0.0, 0.0, 0.0, 0.0, 0.0, 1.0, 0.0, 0.0, 0.0, 0.0, 0.0, 0.0, 0.0, 0.0, 0.0, 0.0, 0.0, 0.0, 0.0, 0.0, 0.0]"
NODE_0000398,"[1.1246812066529022e-11, 2.0157822643758024e-11, 3.731638903169493e-11, 2.049164993664531e-11, 1.8429638799321702e-11, 1.7430648581908965e-10, 2.0071698214003738e-11, 1.9991443019456024e-11, 2.003588922771366e-11, 2.012365351181365e-11, 1.9582216203657914e-11, 2.0116285656558092e-11, 1.9238218170802685e-11, 1.9877768303263574e-11, 1.1657243556015542e-11, 0.9999999928862915, 1.949184798920485e-11, 2.011628565653939e-11, 2.0116285656545804e-11, 1.8714046344828387e-11, 6.283902993057027e-09, 2.0448794516618824e-11, 1.3271572972599007e-11, 2.022365596452458e-11, 1.0765487305075415e-11, 1.8940568331535498e-11, 1.6458179487563323e-11, 1.9123936243440933e-11, 1.887590972448112e-11, 1.406959903457158e-10, 1.9919772388668522e-11]"
hMpxV/Mexico/CHH_InDRE_F43/2023|EPI_ISL_17703584|2023-01-02,"[0.0, 0.0, 0.0, 0.0, 0.0, 0.0, 0.0, 0.0, 0.0, 0.0, 0.0, 0.0, 0.0, 0.0, 0.0, 1.0, 0.0, 0.0, 0.0, 0.0, 0.0, 0.0, 0.0, 0.0, 0.0, 0.0, 0.0, 0.0, 0.0, 0.0, 0.0]"
hMpxV/Mexico/CAM_InDRE_F5554/2022|EPI_ISL_17672225|2022-11-30,"[0.0, 0.0, 0.0, 0.0, 0.0, 0.0, 0.0, 0.0, 0.0, 0.0, 0.0, 0.0, 0.0, 0.0, 0.0, 0.9999999999999999, 0.0, 0.0, 0.0, 0.0, 0.0, 0.0, 0.0, 0.0, 0.0, 0.0, 0.0, 0.0, 0.0, 0.0, 0.0]"
hMpxV/Mexico/SLP_InDRE_F293/2023|EPI_ISL_17672255|2023-02-13,"[0.0, 0.0, 0.0, 0.0, 0.0, 0.0, 0.0, 0.0, 0.0, 0.0, 0.0, 0.0, 0.0, 0.0, 0.0, 1.0, 0.0, 0.0, 0.0, 0.0, 0.0, 0.0, 0.0, 0.0, 0.0, 0.0, 0.0, 0.0, 0.0, 0.0, 0.0]"
NODE_0000399,"[1.4846885761013369e-08, 2.3253199753861302e-08, 3.664840821396449e-08, 2.3813014287715163e-08, 2.1025647051548717e-08, 1.2529446137648003e-07, 2.3152307083252165e-08, 2.316086944796912e-08, 2.322726680485446e-08, 2.339128085867143e-08, 2.265196887409351e-08, 2.330259132687339e-08, 2.2760086460386168e-08, 2.3215532106034162e-08, 1.4629735994397224e-08, 0.9999975955375283, 2.3050979412083682e-08, 2.330259132686842e-08, 2.3302591326870318e-08, 2.205359077766674e-08, 1.5757529868855468e-06, 2.4152995507111134e-08, 1.6111787157426437e-08, 2.3450741999452072e-08, 1.36601568422768e-08, 2.198252139328908e-08, 2.015318096211105e-08, 2.2100597943710255e-08, 2.23127458068056e-08, 1.0561636134038679e-07, 2.308538746420026e-08]"
hMpxV/Mexico/MEX_InDRE_F98/2023|EPI_ISL_17703590|2023-01-11,"[0.0, 0.0, 0.0, 0.0, 0.0, 0.0, 0.0, 0.0, 0.0, 0.0, 0.0, 0.0, 0.0, 0.0, 0.0, 1.0, 0.0, 0.0, 0.0, 0.0, 0.0, 0.0, 0.0, 0.0, 0.0, 0.0, 0.0, 0.0, 0.0, 0.0, 0.0]"
NODE_0000400,"[1.2869005458503996e-09, 2.05009965744992e-09, 3.265425786332095e-09, 2.10614857677022e-09, 1.8298897208028307e-09, 1.1695918546151586e-08, 2.0450059437665225e-09, 2.049670779887357e-09, 2.055842499688305e-09, 2.0688334755896074e-09, 2.0049758570089174e-09, 2.0617236799020966e-09, 2.0084402448950075e-09, 2.0480398445719683e-09, 1.2761830932577077e-09, 0.9999997568813508, 2.030859047231983e-09, 2.0617236799011817e-09, 2.0617236799015904e-09, 1.94290729497871e-09, 1.6910338585865598e-07, 2.132091433952955e-09, 1.408678402585815e-09, 2.0747567507992883e-09, 1.1887969295605916e-09, 1.9430137703429453e-09, 1.7719562531960108e-09, 1.9547922225358988e-09, 1.9698234224390976e-09, 9.577879404195666e-09, 2.043162763936779e-09]"
hMpxV/Mexico/QUE_InDRE_F144/2023|EPI_ISL_17672243|2023-01-16,"[0.0, 0.0, 0.0, 0.0, 0.0, 0.0, 0.0, 0.0, 0.0, 0.0, 0.0, 0.0, 0.0, 0.0, 0.0, 1.0, 0.0, 0.0, 0.0, 0.0, 0.0, 0.0, 0.0, 0.0, 0.0, 0.0, 0.0, 0.0, 0.0, 0.0, 0.0]"
hMpxV/Mexico/QUE_InDRE_F18/2022|EPI_ISL_17672248|2022-12-30,"[0.0, 0.0, 0.0, 0.0, 0.0, 0.0, 0.0, 0.0, 0.0, 0.0, 0.0, 0.0, 0.0, 0.0, 0.0, 1.0, 0.0, 0.0, 0.0, 0.0, 0.0, 0.0, 0.0, 0.0, 0.0, 0.0, 0.0, 0.0, 0.0, 0.0, 0.0]"
NODE_0000401,"[2.8353708829155714e-07, 4.2727147023685696e-07, 6.598897434717917e-07, 4.341614615343959e-07, 3.984502921499915e-07, 2.040341776940825e-06, 4.2352823797559777e-07, 4.217108082059018e-07, 4.2277264355199356e-07, 4.264842250643108e-07, 4.122895756637116e-07, 4.2452983849007696e-07, 4.170891431896331e-07, 4.258474666172135e-07, 2.7526553465378625e-07, 0.9999644559778864, 4.24165082056908e-07, 4.2452983849004927e-07, 4.2452983849006176e-07, 4.057684935491242e-07, 2.069100362976682e-05, 4.422622865522956e-07, 3.017977642325696e-07, 4.2725743146982384e-07, 2.584866160311474e-07, 4.0146484085939346e-07, 3.723445744730403e-07, 4.0298817754789817e-07, 4.0848058133709974e-07, 1.845522555915768e-06, 4.2025109677494073e-07]"
hMpxV/Mexico/NLE_InDRE_F382/2023|EPI_ISL_17703604|2023-03-10,"[0.0, 0.0, 0.0, 0.0, 0.0, 0.0, 0.0, 0.0, 0.0, 0.0, 0.0, 0.0, 0.0, 0.0, 0.0, 1.0, 0.0, 0.0, 0.0, 0.0, 0.0, 0.0, 0.0, 0.0, 0.0, 0.0, 0.0, 0.0, 0.0, 0.0, 0.0]"
NODE_0000402,"[1.2755006170982292e-11, 2.3367783677875167e-11, 4.421360689053003e-11, 2.3770408366955148e-11, 2.126665154597753e-11, 2.1943607058228253e-10, 2.3287406925546472e-11, 2.320483432352016e-11, 2.3257339268948962e-11, 2.3342876298212957e-11, 2.2735258269810292e-11, 2.3346378520244747e-11, 2.2251066687936032e-11, 2.302007478761746e-11, 1.332749427032322e-11, 0.999999988564852, 2.2521701573886403e-11, 2.334637852023255e-11, 2.3346378520237473e-11, 2.1637786878193304e-11, 1.0445521536571441e-08, 2.3659516218785686e-11, 1.5236018215614407e-11, 2.3468480523299696e-11, 1.227761485921833e-11, 2.1963996024919515e-11, 1.893853717391837e-11, 2.2194378836189967e-11, 2.1839647489491516e-11, 1.7349161798963683e-10, 2.3122283932516367e-11]"
hMpxV/Mexico/NLE_InDRE_F472/2023|EPI_ISL_17703612|2023-03-31,"[0.0, 0.0, 0.0, 0.0, 0.0, 0.0, 0.0, 0.0, 0.0, 0.0, 0.0, 0.0, 0.0, 0.0, 0.0, 0.9999999999999999, 0.0, 0.0, 0.0, 0.0, 0.0, 0.0, 0.0, 0.0, 0.0, 0.0, 0.0, 0.0, 0.0, 0.0, 0.0]"
NODE_0000403,"[1.0809775419884414e-09, 1.7182952780138234e-09, 2.72596757553969e-09, 1.7662621588713364e-09, 1.5311205307197425e-09, 9.68861750608562e-09, 1.714361832195518e-09, 1.718828212201437e-09, 1.7240480395529902e-09, 1.7349792629651624e-09, 1.6812991290259856e-09, 1.7289042384917033e-09, 1.6848347331484534e-09, 1.7173153717900944e-09, 1.0711745147387742e-09, 0.9999998070823275, 1.7034343675330043e-09, 1.728904238490794e-09, 1.7289042384910968e-09, 1.629384334967098e-09, 1.3108118381566044e-07, 1.7885321753460017e-09, 1.1815932702659213e-09, 1.739874592576802e-09, 9.97939776780086e-10, 1.6293327608856336e-09, 1.4873615082174486e-09, 1.6391025469283802e-09, 1.6524510830801671e-09, 7.92929408051702e-09, 1.7133940672422352e-09]"
hMpxV/Mexico/JAL_InDRE_F242/2023|EPI_ISL_17703594|2023-01-24,"[0.0, 0.0, 0.0, 0.0, 0.0, 0.0, 0.0, 0.0, 0.0, 0.0, 0.0, 0.0, 0.0, 0.0, 0.0, 0.9999999999999999, 0.0, 0.0, 0.0, 0.0, 0.0, 0.0, 0.0, 0.0, 0.0, 0.0, 0.0, 0.0, 0.0, 0.0, 0.0]"
hMpxV/Mexico/NLE_InDRE_F264/2023|EPI_ISL_17703599|2023-02-07,"[0.0, 0.0, 0.0, 0.0, 0.0, 0.0, 0.0, 0.0, 0.0, 0.0, 0.0, 0.0, 0.0, 0.0, 0.0, 1.0, 0.0, 0.0, 0.0, 0.0, 0.0, 0.0, 0.0, 0.0, 0.0, 0.0, 0.0, 0.0, 0.0, 0.0, 0.0]"
NODE_0000404,"[1.4629886307941757e-08, 2.2767499337658244e-08, 3.574466749381728e-08, 2.329231151705255e-08, 2.0669666243089574e-08, 1.2018763179084272e-07, 2.2655047088383486e-08, 2.264973881069778e-08, 2.2713672394700488e-08, 2.287998368883194e-08, 2.2150660398955716e-08, 2.2790112843922785e-08, 2.2281149285629767e-08, 2.272759354822056e-08, 1.438005266533143e-08, 0.9999977418272108, 2.258006502458954e-08, 2.2790112843917435e-08, 2.2790112843919092e-08, 2.1600625344858482e-08, 1.4503522560116793e-06, 2.364182519980651e-08, 1.5824369898899923e-08, 2.293537701074851e-08, 1.3439294528818978e-08, 2.1507305822519595e-08, 1.975668949993916e-08, 2.161736097955692e-08, 2.1840054344555367e-08, 1.024023326909685e-07, 2.257533353023319e-08]"
hMpxV/Mexico/NLE_InDRE_F252/2023|EPI_ISL_17703597|2023-02-02,"[0.0, 0.0, 0.0, 0.0, 0.0, 0.0, 0.0, 0.0, 0.0, 0.0, 0.0, 0.0, 0.0, 0.0, 0.0, 1.0, 0.0, 0.0, 0.0, 0.0, 0.0, 0.0, 0.0, 0.0, 0.0, 0.0, 0.0, 0.0, 0.0, 0.0, 0.0]"
hMpxV/Mexico/VER_InDRE_F379/2023|EPI_ISL_17672260|2023-03-08,"[0.0, 0.0, 0.0, 0.0, 0.0, 0.0, 0.0, 0.0, 0.0, 0.0, 0.0, 0.0, 0.0, 0.0, 0.0, 1.0, 0.0, 0.0, 0.0, 0.0, 0.0, 0.0, 0.0, 0.0, 0.0, 0.0, 0.0, 0.0, 0.0, 0.0, 0.0]"
NODE_0000354,"[1.8492598842958148e-13, 3.3283790742414827e-13, 1.4104421010539814e-11, 2.7659203639390388e-14, 1.8675826508663368e-11, 7.662132625030071e-14, 1.2364596549875176e-13, 2.783695153962158e-14, 2.7966424043416945e-14, 2.763865672562187e-14, 2.776027766650679e-14, 2.7710899823405227e-14, 2.6398308211956627e-14, 1.1761276723126262e-13, 1.202021365417649e-13, 1.0217411737712817e-10, 6.089386509237942e-14, 2.7710899823404716e-14, 2.7710899823405123e-14, 1.1352749889102263e-13, 0.9999999477407072, 2.695607594674255e-14, 2.613143533802704e-13, 2.7752174015415237e-14, 1.1167408022632415e-13, 3.8173182830066567e-14, 2.5826305254572354e-14, 3.7851360253147376e-14, 2.6589877065434927e-14, 5.2122376034067846e-08, 2.7882344562605703e-14]"
hMpxV/Peru/LIM-INS-424/2023|EPI_ISL_19343529|2023-02-14,"[0.0, 0.0, 0.0, 0.0, 0.0, 0.0, 0.0, 0.0, 0.0, 0.0, 0.0, 0.0, 0.0, 0.0, 0.0, 0.0, 0.0, 0.0, 0.0, 0.0, 1.0, 0.0, 0.0, 0.0, 0.0, 0.0, 0.0, 0.0, 0.0, 0.0, 0.0]"
NODE_0000370,"[7.271426278024586e-26, 9.921557205409316e-25, 3.590054530211819e-22, 6.83375732551577e-27, 8.17399756192617e-19, 5.1398394812643113e-26, 1.3666103371011413e-25, 7.001719119308888e-27, 7.032118615020943e-27, 6.848876189582443e-27, 7.040718150062547e-27, 6.945754984222352e-27, 6.2061438364268105e-27, 1.2164897202406577e-25, 8.223744391540369e-26, 1.5023672178842394e-20, 1.0009097800066198e-26, 6.945754984219941e-27, 6.945754984222458e-27, 1.1440068044879633e-25, 1.0, 6.274507299608657e-27, 2.265099324950946e-25, 6.931440492739373e-27, 6.938829028359377e-26, 7.022173151018406e-27, 5.833208790608307e-27, 7.189928438397839e-27, 6.3096480752959414e-27, 5.921668609104773e-20, 7.019533095894145e-27]"
hMpxV/Peru/LIM-INS-401/2023|EPI_ISL_19343470|2023-02-01,"[0.0, 0.0, 0.0, 0.0, 0.0, 0.0, 0.0, 0.0, 0.0, 0.0, 0.0, 0.0, 0.0, 0.0, 0.0, 0.0, 0.0, 0.0, 0.0, 0.0, 1.0, 0.0, 0.0, 0.0, 0.0, 0.0, 0.0, 0.0, 0.0, 0.0, 0.0]"
hMpxV/Peru/LIM-INS-388/2023|EPI_ISL_19343483|2023-01-21,"[0.0, 0.0, 0.0, 0.0, 0.0, 0.0, 0.0, 0.0, 0.0, 0.0, 0.0, 0.0, 0.0, 0.0, 0.0, 0.0, 0.0, 0.0, 0.0, 0.0, 1.0, 0.0, 0.0, 0.0, 0.0, 0.0, 0.0, 0.0, 0.0, 0.0, 0.0]"
hMpxV/Peru/LIM-INS-410/2023|EPI_ISL_19343485|2023-02-06,"[0.0, 0.0, 0.0, 0.0, 0.0, 0.0, 0.0, 0.0, 0.0, 0.0, 0.0, 0.0, 0.0, 0.0, 0.0, 0.0, 0.0, 0.0, 0.0, 0.0, 1.0, 0.0, 0.0, 0.0, 0.0, 0.0, 0.0, 0.0, 0.0, 0.0, 0.0]"
hMpxV/Peru/LIM-INS-418/2023|EPI_ISL_19343493|2023-02-09,"[0.0, 0.0, 0.0, 0.0, 0.0, 0.0, 0.0, 0.0, 0.0, 0.0, 0.0, 0.0, 0.0, 0.0, 0.0, 0.0, 0.0, 0.0, 0.0, 0.0, 1.0, 0.0, 0.0, 0.0, 0.0, 0.0, 0.0, 0.0, 0.0, 0.0, 0.0]"
hMpxV/Peru/LIM-INS-439/2023|EPI_ISL_19343533|2023-01-06,"[0.0, 0.0, 0.0, 0.0, 0.0, 0.0, 0.0, 0.0, 0.0, 0.0, 0.0, 0.0, 0.0, 0.0, 0.0, 0.0, 0.0, 0.0, 0.0, 0.0, 1.0, 0.0, 0.0, 0.0, 0.0, 0.0, 0.0, 0.0, 0.0, 0.0, 0.0]"
hMpxV/Peru/LIM-INS-389/2023|EPI_ISL_19343548|2023-01-11,"[0.0, 0.0, 0.0, 0.0, 0.0, 0.0, 0.0, 0.0, 0.0, 0.0, 0.0, 0.0, 0.0, 0.0, 0.0, 0.0, 0.0, 0.0, 0.0, 0.0, 1.0, 0.0, 0.0, 0.0, 0.0, 0.0, 0.0, 0.0, 0.0, 0.0, 0.0]"
hMpxV/Peru/LIM-INS-380/2023|EPI_ISL_19343566|2023-01-11,"[0.0, 0.0, 0.0, 0.0, 0.0, 0.0, 0.0, 0.0, 0.0, 0.0, 0.0, 0.0, 0.0, 0.0, 0.0, 0.0, 0.0, 0.0, 0.0, 0.0, 1.0, 0.0, 0.0, 0.0, 0.0, 0.0, 0.0, 0.0, 0.0, 0.0, 0.0]"
hMpxV/Chile/RM-ISP-3703/2023|EPI_ISL_19345365|2023-01-13,"[0.0, 0.0, 0.0, 0.0, 1.0, 0.0, 0.0, 0.0, 0.0, 0.0, 0.0, 0.0, 0.0, 0.0, 0.0, 0.0, 0.0, 0.0, 0.0, 0.0, 0.0, 0.0, 0.0, 0.0, 0.0, 0.0, 0.0, 0.0, 0.0, 0.0, 0.0]"
NODE_0000367,"[2.2505216363540456e-09, 5.336245025426583e-09, 4.10497171339493e-08, 8.524932075715403e-10, 7.999445592353138e-08, 1.8047168137337415e-09, 2.5771569425929468e-09, 8.389042264195314e-10, 8.42399919253154e-10, 8.44743861675658e-10, 8.264307009138664e-10, 8.39915731359245e-10, 8.399079008304578e-10, 2.551378605758123e-09, 2.046292985490438e-09, 1.863436974099388e-07, 1.0163086765706435e-09, 8.399157313592021e-10, 8.399157313592252e-10, 2.4790114226923325e-09, 0.9999992362835916, 8.688547231329988e-10, 2.9189078717796853e-09, 8.443630500410196e-10, 1.901966922264323e-09, 8.204388709903923e-10, 8.350269081348822e-10, 8.205853714489298e-10, 8.323456701998602e-10, 4.1802136119174835e-07, 8.384281763361696e-10]"
hMpxV/Peru/LIM-INS-405/2023|EPI_ISL_19343509|2023-02-09,"[0.0, 0.0, 0.0, 0.0, 0.0, 0.0, 0.0, 0.0, 0.0, 0.0, 0.0, 0.0, 0.0, 0.0, 0.0, 0.0, 0.0, 0.0, 0.0, 0.0, 0.9999999999999999, 0.0, 0.0, 0.0, 0.0, 0.0, 0.0, 0.0, 0.0, 0.0, 0.0]"
NODE_0000368,"[1.8097665777618304e-42, 1.3877485609651152e-40, 7.7218026494055e-36, 1.3777872934436149e-44, 2.188502147459468e-34, 6.313649309479976e-43, 3.790610626679482e-42, 1.5012156906366922e-44, 1.5169883724545096e-44, 1.417636662969251e-44, 1.5561420072507323e-44, 1.4591968002897661e-44, 1.1780862145294624e-44, 2.9768102047608825e-42, 2.0797182007454488e-42, 3.2683279018266843e-32, 3.211989556473361e-44, 1.4591968002893109e-44, 1.4591968002897467e-44, 2.7879933210542583e-42, 1.0, 1.1372269188696893e-44, 1.5010639584674433e-41, 1.4456749807296313e-44, 1.7197970274535985e-42, 1.6675185486839796e-44, 1.201630502106523e-44, 1.7372856417063447e-44, 1.2616251888564163e-44, 6.825962838840056e-31, 1.5182189892491743e-44]"
hMpxV/Peru/MOQ-INS-459/2023|EPI_ISL_19343464|2023-04-03,"[0.0, 0.0, 0.0, 0.0, 0.0, 0.0, 0.0, 0.0, 0.0, 0.0, 0.0, 0.0, 0.0, 0.0, 0.0, 0.0, 0.0, 0.0, 0.0, 0.0, 1.0, 0.0, 0.0, 0.0, 0.0, 0.0, 0.0, 0.0, 0.0, 0.0, 0.0]"
hMpxV/Peru/MOQ-INS-454/2023|EPI_ISL_19343465|2023-03-24,"[0.0, 0.0, 0.0, 0.0, 0.0, 0.0, 0.0, 0.0, 0.0, 0.0, 0.0, 0.0, 0.0, 0.0, 0.0, 0.0, 0.0, 0.0, 0.0, 0.0, 0.9999999999999999, 0.0, 0.0, 0.0, 0.0, 0.0, 0.0, 0.0, 0.0, 0.0, 0.0]"
hMpxV/Peru/TAC-INS-426/2023|EPI_ISL_19343472|2023-02-21,"[0.0, 0.0, 0.0, 0.0, 0.0, 0.0, 0.0, 0.0, 0.0, 0.0, 0.0, 0.0, 0.0, 0.0, 0.0, 0.0, 0.0, 0.0, 0.0, 0.0, 1.0, 0.0, 0.0, 0.0, 0.0, 0.0, 0.0, 0.0, 0.0, 0.0, 0.0]"
hMpxV/Peru/LIM-INS-474/2023|EPI_ISL_19343522|2023-03-14,"[0.0, 0.0, 0.0, 0.0, 0.0, 0.0, 0.0, 0.0, 0.0, 0.0, 0.0, 0.0, 0.0, 0.0, 0.0, 0.0, 0.0, 0.0, 0.0, 0.0, 1.0, 0.0, 0.0, 0.0, 0.0, 0.0, 0.0, 0.0, 0.0, 0.0, 0.0]"
hMpxV/Peru/LIM-INS-458/2023|EPI_ISL_19343527|2023-04-04,"[0.0, 0.0, 0.0, 0.0, 0.0, 0.0, 0.0, 0.0, 0.0, 0.0, 0.0, 0.0, 0.0, 0.0, 0.0, 0.0, 0.0, 0.0, 0.0, 0.0, 1.0, 0.0, 0.0, 0.0, 0.0, 0.0, 0.0, 0.0, 0.0, 0.0, 0.0]"
hMpxV/Peru/LIM-INS-448/2023|EPI_ISL_19343544|2023-03-18,"[0.0, 0.0, 0.0, 0.0, 0.0, 0.0, 0.0, 0.0, 0.0, 0.0, 0.0, 0.0, 0.0, 0.0, 0.0, 0.0, 0.0, 0.0, 0.0, 0.0, 1.0, 0.0, 0.0, 0.0, 0.0, 0.0, 0.0, 0.0, 0.0, 0.0, 0.0]"
hMpxV/Peru/TAC-INS-468/2023|EPI_ISL_19343577|2023-02-24,"[0.0, 0.0, 0.0, 0.0, 0.0, 0.0, 0.0, 0.0, 0.0, 0.0, 0.0, 0.0, 0.0, 0.0, 0.0, 0.0, 0.0, 0.0, 0.0, 0.0, 1.0, 0.0, 0.0, 0.0, 0.0, 0.0, 0.0, 0.0, 0.0, 0.0, 0.0]"
hMpxV/Peru/TAC-INS-481/2023|EPI_ISL_19343578|2023-02-24,"[0.0, 0.0, 0.0, 0.0, 0.0, 0.0, 0.0, 0.0, 0.0, 0.0, 0.0, 0.0, 0.0, 0.0, 0.0, 0.0, 0.0, 0.0, 0.0, 0.0, 1.0, 0.0, 0.0, 0.0, 0.0, 0.0, 0.0, 0.0, 0.0, 0.0, 0.0]"
hMpxV/Peru/TAC-INS-463/2023|EPI_ISL_19343581|2023-02-20,"[0.0, 0.0, 0.0, 0.0, 0.0, 0.0, 0.0, 0.0, 0.0, 0.0, 0.0, 0.0, 0.0, 0.0, 0.0, 0.0, 0.0, 0.0, 0.0, 0.0, 1.0, 0.0, 0.0, 0.0, 0.0, 0.0, 0.0, 0.0, 0.0, 0.0, 0.0]"
hMpxV/Peru/TAC-INS-423/2023|EPI_ISL_19343582|2023-02-15,"[0.0, 0.0, 0.0, 0.0, 0.0, 0.0, 0.0, 0.0, 0.0, 0.0, 0.0, 0.0, 0.0, 0.0, 0.0, 0.0, 0.0, 0.0, 0.0, 0.0, 1.0, 0.0, 0.0, 0.0, 0.0, 0.0, 0.0, 0.0, 0.0, 0.0, 0.0]"
hMpxV/Peru/TAC-INS-421/2023|EPI_ISL_19343575|2023-02-14,"[0.0, 0.0, 0.0, 0.0, 0.0, 0.0, 0.0, 0.0, 0.0, 0.0, 0.0, 0.0, 0.0, 0.0, 0.0, 0.0, 0.0, 0.0, 0.0, 0.0, 1.0, 0.0, 0.0, 0.0, 0.0, 0.0, 0.0, 0.0, 0.0, 0.0, 0.0]"
hMpxV/Peru/TAC-INS-409/2023|EPI_ISL_19343583|2023-02-02,"[0.0, 0.0, 0.0, 0.0, 0.0, 0.0, 0.0, 0.0, 0.0, 0.0, 0.0, 0.0, 0.0, 0.0, 0.0, 0.0, 0.0, 0.0, 0.0, 0.0, 1.0, 0.0, 0.0, 0.0, 0.0, 0.0, 0.0, 0.0, 0.0, 0.0, 0.0]"
hMpxV/Peru/MDD-INS-475/2023|EPI_ISL_19343586|2023-03-08,"[0.0, 0.0, 0.0, 0.0, 0.0, 0.0, 0.0, 0.0, 0.0, 0.0, 0.0, 0.0, 0.0, 0.0, 0.0, 0.0, 0.0, 0.0, 0.0, 0.0, 1.0, 0.0, 0.0, 0.0, 0.0, 0.0, 0.0, 0.0, 0.0, 0.0, 0.0]"
hMpxV/Peru/CUS-INS-471/2023|EPI_ISL_19343590|2023-03-01,"[0.0, 0.0, 0.0, 0.0, 0.0, 0.0, 0.0, 0.0, 0.0, 0.0, 0.0, 0.0, 0.0, 0.0, 0.0, 0.0, 0.0, 0.0, 0.0, 0.0, 0.9999999999999999, 0.0, 0.0, 0.0, 0.0, 0.0, 0.0, 0.0, 0.0, 0.0, 0.0]"
NODE_0000369,"[2.605636582125104e-09, 5.801238944233367e-09, 4.267389866124424e-08, 1.0309490621377215e-09, 8.000520077774504e-08, 2.0961601403677307e-09, 2.90069173627874e-09, 1.014535556255651e-09, 1.0197594221339788e-09, 1.022098121084613e-09, 9.98871349914035e-10, 1.0148996539805114e-09, 1.0165020642189222e-09, 2.8765187986143636e-09, 2.2966566157300077e-09, 1.840474392050928e-07, 1.2423383232393016e-09, 1.0148996539802343e-09, 1.014899653980507e-09, 2.7984317347777744e-09, 0.99999922961368, 1.0536418324968972e-09, 3.2873634375543633e-09, 1.0208847294578343e-09, 2.165085227329759e-09, 9.98803993886439e-10, 1.017531167043009e-09, 9.980912835875767e-10, 1.0090897804387762e-09, 4.1932979853316223e-07, 1.0144037426145472e-09]"
hMpxV/Peru/LIM-INS-449/2023|EPI_ISL_19343537|2023-03-22,"[0.0, 0.0, 0.0, 0.0, 0.0, 0.0, 0.0, 0.0, 0.0, 0.0, 0.0, 0.0, 0.0, 0.0, 0.0, 0.0, 0.0, 0.0, 0.0, 0.0, 1.0, 0.0, 0.0, 0.0, 0.0, 0.0, 0.0, 0.0, 0.0, 0.0, 0.0]"
hMpxV/Peru/LIM-INS-462/2023|EPI_ISL_19343552|2023-04-21,"[0.0, 0.0, 0.0, 0.0, 0.0, 0.0, 0.0, 0.0, 0.0, 0.0, 0.0, 0.0, 0.0, 0.0, 0.0, 0.0, 0.0, 0.0, 0.0, 0.0, 0.9999999999999999, 0.0, 0.0, 0.0, 0.0, 0.0, 0.0, 0.0, 0.0, 0.0, 0.0]"
NODE_0000355,"[3.8813305481309584e-08, 3.238079754382737e-08, 5.363460560920751e-07, 8.550340271050958e-09, 2.7045916222322545e-07, 1.4886063449427913e-08, 1.919385094339231e-08, 8.514927209975e-09, 8.54203745010692e-09, 8.509871448677442e-09, 8.449158645390965e-09, 8.50773494038689e-09, 8.276826013907566e-09, 1.8757405789668823e-08, 2.200103228595926e-08, 1.1247982639839615e-06, 1.9796562985446596e-08, 8.507734940395286e-09, 8.507734940388757e-09, 1.8174011255580424e-08, 0.9831282949898846, 8.510595881424483e-09, 4.106143950856218e-08, 8.529681322551796e-09, 2.0811808478454898e-08, 1.2622810915450863e-08, 7.954619350414273e-09, 1.2408350321832868e-08, 8.252977921666893e-09, 0.016869384369593454, 8.515360213599881e-09]"
hMpxV/USA/CA-LACPHL-MA00408/2023|EPI_ISL_16997442|2023-01-11,"[0.0, 0.0, 0.0, 0.0, 0.0, 0.0, 0.0, 0.0, 0.0, 0.0, 0.0, 0.0, 0.0, 0.0, 0.0, 0.0, 0.0, 0.0, 0.0, 0.0, 0.0, 0.0, 0.0, 0.0, 0.0, 0.0, 0.0, 0.0, 0.0, 1.0, 0.0]"
hMpxV/Peru/LIM-INS-377/2023|EPI_ISL_19343474|2023-01-13,"[0.0, 0.0, 0.0, 0.0, 0.0, 0.0, 0.0, 0.0, 0.0, 0.0, 0.0, 0.0, 0.0, 0.0, 0.0, 0.0, 0.0, 0.0, 0.0, 0.0, 1.0, 0.0, 0.0, 0.0, 0.0, 0.0, 0.0, 0.0, 0.0, 0.0, 0.0]"
NODE_0000356,"[1.1128879241586313e-05, 1.7190041197822436e-05, 7.175761577024242e-05, 5.959227529412822e-06, 9.933626046057536e-05, 9.318148762234232e-06, 1.1045433154261733e-05, 5.831980174288623e-06, 5.87183902817404e-06, 5.903931308847039e-06, 5.716593897163992e-06, 5.832797775498967e-06, 5.9353716881367685e-06, 1.1166238488686022e-05, 8.916057266393956e-06, 0.0001809441244479704, 7.090455716407568e-06, 5.832797775498721e-06, 5.832797775498967e-06, 1.0892646249534789e-05, 0.9990139996538013, 6.198861909611812e-06, 1.1779607904195017e-05, 5.879725321684167e-06, 8.767193829656092e-06, 5.793531339110726e-06, 5.991998489426023e-06, 5.764222313987045e-06, 5.878280977414014e-06, 0.000432610865590292, 5.832820815164552e-06]"
NODE_0000366,"[5.493952329659663e-10, 1.1723994130285815e-09, 8.192430189823756e-09, 2.2397597549375667e-10, 1.4810248712966681e-08, 4.432586572414077e-10, 6.029314135629831e-10, 2.2026972051218597e-10, 2.214219055614449e-10, 2.2203359815136428e-10, 2.1675951768620945e-10, 2.2036137180613491e-10, 2.210910188910089e-10, 5.992625895907629e-10, 4.785925237701166e-10, 3.35183392262459e-08, 2.6930594738628134e-10, 2.2036137180606204e-10, 2.2036137180612695e-10, 5.830475221267439e-10, 0.9999998565802221, 2.2930727571248477e-10, 6.799138731306153e-10, 2.217031414281173e-10, 4.5352111199735904e-10, 2.1701439340958895e-10, 2.2119356584577403e-10, 2.1676676298818542e-10, 2.1932401508197858e-10, 7.753494892539806e-08, 2.2023757740671876e-10]"
hMpxV/Peru/LIM-INS-553/2024|EPI_ISL_19449529|2024-07-04,"[0.0, 0.0, 0.0, 0.0, 0.0, 0.0, 0.0, 0.0, 0.0, 0.0, 0.0, 0.0, 0.0, 0.0, 0.0, 0.0, 0.0, 0.0, 0.0, 0.0, 1.0, 0.0, 0.0, 0.0, 0.0, 0.0, 0.0, 0.0, 0.0, 0.0, 0.0]"
hMpxV/Peru/LIM-INS-558/2024|EPI_ISL_19449534|2024-07-02,"[0.0, 0.0, 0.0, 0.0, 0.0, 0.0, 0.0, 0.0, 0.0, 0.0, 0.0, 0.0, 0.0, 0.0, 0.0, 0.0, 0.0, 0.0, 0.0, 0.0, 0.9999999999999999, 0.0, 0.0, 0.0, 0.0, 0.0, 0.0, 0.0, 0.0, 0.0, 0.0]"
NODE_0000357,"[1.0845367928207944e-11, 3.246071152327898e-13, 1.4217651304798286e-11, 1.9678793758987778e-14, 2.7453872414189533e-11, 6.357241280501588e-14, 1.0670745143877917e-13, 1.9897860532423274e-14, 2.0077349997202758e-14, 1.9679737659294185e-14, 1.980152342650077e-14, 1.9715390596693187e-14, 1.851531376146704e-14, 1.0034097181773414e-13, 1.0179099341402107e-13, 1.259215153602102e-10, 2.6487547716325185e-14, 1.971539059669052e-14, 1.9715390596693187e-14, 9.601988726665875e-14, 0.999999999040889, 1.899621828282745e-14, 1.454484442991378e-13, 1.978154103830048e-14, 1.2015798458306282e-13, 2.024809368708548e-14, 1.815692373112986e-14, 2.0469708629083792e-14, 1.8762374065028255e-14, 7.792744727695273e-10, 1.997243053487581e-14]"
hMpxV/Australia/VIC-VIDRL-2388/2024|EPI_ISL_19459749|2024-04-18,"[1.0, 0.0, 0.0, 0.0, 0.0, 0.0, 0.0, 0.0, 0.0, 0.0, 0.0, 0.0, 0.0, 0.0, 0.0, 0.0, 0.0, 0.0, 0.0, 0.0, 0.0, 0.0, 0.0, 0.0, 0.0, 0.0, 0.0, 0.0, 0.0, 0.0, 0.0]"
hMpxV/Peru/LIM-INS-525/2024|EPI_ISL_19353804|2024-04-05,"[0.0, 0.0, 0.0, 0.0, 0.0, 0.0, 0.0, 0.0, 0.0, 0.0, 0.0, 0.0, 0.0, 0.0, 0.0, 0.0, 0.0, 0.0, 0.0, 0.0, 1.0, 0.0, 0.0, 0.0, 0.0, 0.0, 0.0, 0.0, 0.0, 0.0, 0.0]"
hMpxV/Peru/LIM-INS-532/2024|EPI_ISL_19353819|2024-03-14,"[0.0, 0.0, 0.0, 0.0, 0.0, 0.0, 0.0, 0.0, 0.0, 0.0, 0.0, 0.0, 0.0, 0.0, 0.0, 0.0, 0.0, 0.0, 0.0, 0.0, 1.0, 0.0, 0.0, 0.0, 0.0, 0.0, 0.0, 0.0, 0.0, 0.0, 0.0]"
NODE_0000358,"[3.7783064315653144e-10, 9.826414702513921e-10, 1.294104684164143e-08, 1.1982800609892004e-10, 2.7595641659168847e-08, 2.87093518467556e-10, 4.2089138413851693e-10, 1.187851119954167e-10, 1.196060420006267e-10, 1.192077717829974e-10, 1.1727680763481431e-10, 1.184409018898919e-10, 1.1709175349217102e-10, 4.116392200862816e-10, 3.2342311939041684e-10, 8.470557203517865e-08, 1.5369488550875135e-10, 1.184409018898877e-10, 1.184409018898917e-10, 3.9999856151023613e-10, 0.9999996331996398, 1.2108572928522315e-10, 5.230086216818016e-10, 1.1911242601057936e-10, 3.087370670591295e-10, 1.1909536303999224e-10, 1.1839064506408235e-10, 1.1921250328802406e-10, 1.171144202163285e-10, 2.354690720155029e-07, 1.1893985763007246e-10]"
hMpxV/Peru/LIM-INS-563/2024|EPI_ISL_19449539|2024-06-05,"[0.0, 0.0, 0.0, 0.0, 0.0, 0.0, 0.0, 0.0, 0.0, 0.0, 0.0, 0.0, 0.0, 0.0, 0.0, 0.0, 0.0, 0.0, 0.0, 0.0, 1.0, 0.0, 0.0, 0.0, 0.0, 0.0, 0.0, 0.0, 0.0, 0.0, 0.0]"
hMpxV/Peru/CAL-INS-524/2024|EPI_ISL_19353791|2024-04-06,"[0.0, 0.0, 0.0, 0.0, 0.0, 0.0, 0.0, 0.0, 0.0, 0.0, 0.0, 0.0, 0.0, 0.0, 0.0, 0.0, 0.0, 0.0, 0.0, 0.0, 1.0, 0.0, 0.0, 0.0, 0.0, 0.0, 0.0, 0.0, 0.0, 0.0, 0.0]"
NODE_0000359,"[5.5181433775254275e-08, 1.1538380408446345e-07, 7.969873825396891e-07, 2.2840658782099206e-08, 1.4275087521072537e-06, 4.4582957616705636e-08, 5.99555430876589e-08, 2.2466506302740815e-08, 2.259503482300331e-08, 2.2648848936608006e-08, 2.210483786865566e-08, 2.246570195960115e-08, 2.2548645560900554e-08, 5.960557410210534e-08, 4.748279466281293e-08, 3.218970645093135e-06, 2.7621659375621162e-08, 2.246570195960044e-08, 2.2465701959601017e-08, 5.803148177668941e-08, 0.9999861646238329, 2.340748064299838e-08, 6.767793194663851e-08, 2.2608401262528153e-08, 4.525482437825607e-08, 2.2200508481931892e-08, 2.264563725353133e-08, 2.2167684952059533e-08, 2.2393361377269265e-08, 7.450638249249369e-06, 2.246842071418576e-08]"
hMpxV/Peru/LIM-INS-550/2024|EPI_ISL_19449526|2024-07-25,"[0.0, 0.0, 0.0, 0.0, 0.0, 0.0, 0.0, 0.0, 0.0, 0.0, 0.0, 0.0, 0.0, 0.0, 0.0, 0.0, 0.0, 0.0, 0.0, 0.0, 1.0, 0.0, 0.0, 0.0, 0.0, 0.0, 0.0, 0.0, 0.0, 0.0, 0.0]"
hMpxV/Peru/LIM-INS-559/2024|EPI_ISL_19449535|2024-08-05,"[0.0, 0.0, 0.0, 0.0, 0.0, 0.0, 0.0, 0.0, 0.0, 0.0, 0.0, 0.0, 0.0, 0.0, 0.0, 0.0, 0.0, 0.0, 0.0, 0.0, 1.0, 0.0, 0.0, 0.0, 0.0, 0.0, 0.0, 0.0, 0.0, 0.0, 0.0]"
NODE_0000360,"[1.4047720027226666e-15, 6.44908829685447e-15, 3.470756300111884e-13, 2.3824291635450723e-16, 1.1478428475424334e-12, 9.365312403097177e-16, 1.7367708208503227e-15, 2.400091644122624e-16, 2.4186953412768615e-16, 2.3839401534463694e-16, 2.3892009528834175e-16, 2.382320366817633e-16, 2.2758226843745965e-16, 1.6363562982358391e-15, 1.259061504213937e-15, 6.769270491045362e-12, 3.3920703831830586e-16, 2.3823203668173623e-16, 2.3823203668177144e-16, 1.5807951862803984e-15, 0.9999999999654309, 2.3271636956045408e-16, 2.627132291365395e-15, 2.39002158453541e-16, 1.1750978647350868e-15, 2.452217839733881e-16, 2.309545855479968e-16, 2.4709653846530133e-16, 2.304363802404178e-16, 2.628223477190823e-11, 2.4075424911863233e-16]"
hMpxV/Peru/LIM-INS-562/2024|EPI_ISL_19449538|2024-07-04,"[0.0, 0.0, 0.0, 0.0, 0.0, 0.0, 0.0, 0.0, 0.0, 0.0, 0.0, 0.0, 0.0, 0.0, 0.0, 0.0, 0.0, 0.0, 0.0, 0.0, 0.9999999999999999, 0.0, 0.0, 0.0, 0.0, 0.0, 0.0, 0.0, 0.0, 0.0, 0.0]"
hMpxV/Peru/CAL-INS-521/2024|EPI_ISL_19353792|2024-04-23,"[0.0, 0.0, 0.0, 0.0, 0.0, 0.0, 0.0, 0.0, 0.0, 0.0, 0.0, 0.0, 0.0, 0.0, 0.0, 0.0, 0.0, 0.0, 0.0, 0.0, 1.0, 0.0, 0.0, 0.0, 0.0, 0.0, 0.0, 0.0, 0.0, 0.0, 0.0]"
NODE_0000365,"[6.119243806440456e-10, 1.4167551457906866e-09, 1.0703196645784905e-08, 2.356617853340517e-10, 2.0544552217888094e-08, 4.913317683752374e-10, 6.934733542688733e-10, 2.318978182812763e-10, 2.329421522852093e-10, 2.335585904050389e-10, 2.2839791636398268e-10, 2.321118569569109e-10, 2.3225877618130817e-10, 6.87018122732414e-10, 5.501607937081755e-10, 4.7611021444643744e-08, 2.8191976360893924e-10, 2.3211185695684458e-10, 2.321118569569095e-10, 6.678223534541878e-10, 0.9999998032916101, 2.404345907153328e-10, 7.85367772996741e-10, 2.3339082236099116e-10, 5.139900119240423e-10, 2.2730752791246114e-10, 2.3143333831141514e-10, 2.2727405250345332e-10, 2.3029137331426874e-10, 1.0743687150493433e-07, 2.3180026148461907e-10]"
hMpxV/Peru/LIM-INS-565/2024|EPI_ISL_19449541|2024-06-15,"[0.0, 0.0, 0.0, 0.0, 0.0, 0.0, 0.0, 0.0, 0.0, 0.0, 0.0, 0.0, 0.0, 0.0, 0.0, 0.0, 0.0, 0.0, 0.0, 0.0, 0.9999999999999999, 0.0, 0.0, 0.0, 0.0, 0.0, 0.0, 0.0, 0.0, 0.0, 0.0]"
hMpxV/Peru/LIM-INS-572/2024|EPI_ISL_19449548|2024-06-06,"[0.0, 0.0, 0.0, 0.0, 0.0, 0.0, 0.0, 0.0, 0.0, 0.0, 0.0, 0.0, 0.0, 0.0, 0.0, 0.0, 0.0, 0.0, 0.0, 0.0, 1.0, 0.0, 0.0, 0.0, 0.0, 0.0, 0.0, 0.0, 0.0, 0.0, 0.0]"
NODE_0000363,"[8.401916103874311e-08, 1.7991688602788927e-07, 1.286926382756632e-06, 3.415250574522224e-08, 2.3554320204049127e-06, 6.772596094344379e-08, 9.191919897670282e-08, 3.360894712584954e-08, 3.380225622982494e-08, 3.3869812399118124e-08, 3.307812694479583e-08, 3.360361931667622e-08, 3.368999977454894e-08, 9.124953533580255e-08, 7.265452720546607e-08, 5.376212360889318e-06, 4.142604606001645e-08, 3.3603619316675604e-08, 3.36036193166762e-08, 8.884047907640347e-08, 0.9999771827845974, 3.4963984761235103e-08, 1.0420321473619127e-07, 3.38142493927133e-08, 6.909005052326272e-08, 3.322254094495667e-08, 3.38657510631746e-08, 3.318054888630023e-08, 3.347951488077836e-08, 1.2368446900975011e-05, 3.3613581435321566e-08]"
hMpxV/Peru/LIM-INS-560/2024|EPI_ISL_19449536|2024-07-29,"[0.0, 0.0, 0.0, 0.0, 0.0, 0.0, 0.0, 0.0, 0.0, 0.0, 0.0, 0.0, 0.0, 0.0, 0.0, 0.0, 0.0, 0.0, 0.0, 0.0, 1.0, 0.0, 0.0, 0.0, 0.0, 0.0, 0.0, 0.0, 0.0, 0.0, 0.0]"
NODE_0000364,"[7.76699002771334e-11, 1.9263272255285926e-10, 1.6180264941897491e-09, 2.8322296631526593e-11, 3.2835329882552705e-09, 6.191991559566774e-11, 9.026260199010628e-11, 2.788090256215953e-11, 2.7983520508928374e-11, 2.8061593342445713e-11, 2.7479328082962805e-11, 2.7923698611299046e-11, 2.7878484453386178e-11, 8.919533341791328e-11, 7.167611655626834e-11, 8.117329125538596e-09, 3.370319490528187e-11, 2.792369861129076e-11, 2.792369861129855e-11, 8.659326546470362e-11, 0.9999999668141333, 2.880243958032772e-11, 1.0294745715315611e-10, 2.8061411522167292e-11, 6.614835110755391e-11, 2.720825628301418e-11, 2.761291157142138e-11, 2.7228597082870958e-11, 2.7608852763196982e-11, 1.8848469499183967e-08, 2.785995056486248e-11]"
hMpxV/Peru/LIM-INS-555/2024|EPI_ISL_19449531|2024-06-11,"[0.0, 0.0, 0.0, 0.0, 0.0, 0.0, 0.0, 0.0, 0.0, 0.0, 0.0, 0.0, 0.0, 0.0, 0.0, 0.0, 0.0, 0.0, 0.0, 0.0, 0.9999999999999999, 0.0, 0.0, 0.0, 0.0, 0.0, 0.0, 0.0, 0.0, 0.0, 0.0]"
hMpxV/Peru/LIM-INS-568/2024|EPI_ISL_19449544|2024-06-21,"[0.0, 0.0, 0.0, 0.0, 0.0, 0.0, 0.0, 0.0, 0.0, 0.0, 0.0, 0.0, 0.0, 0.0, 0.0, 0.0, 0.0, 0.0, 0.0, 0.0, 1.0, 0.0, 0.0, 0.0, 0.0, 0.0, 0.0, 0.0, 0.0, 0.0, 0.0]"
NODE_0000361,"[2.5265744777929523e-09, 5.6295337425327784e-09, 4.142804800928373e-08, 9.991453790850856e-10, 7.77020172202869e-08, 2.0324930731126766e-09, 2.813728829086388e-09, 9.832341125518346e-10, 9.882816839638423e-10, 9.905587826583443e-10, 9.680593274461925e-10, 9.83600761772746e-10, 9.851387784762687e-10, 2.790241503676212e-09, 2.2279333204596056e-09, 1.7876747201977763e-07, 1.2037844940448022e-09, 9.836007617724802e-10, 9.836007617727447e-10, 2.7144444115732537e-09, 0.9999992518927046, 1.021103323981836e-09, 3.1886751925259028e-09, 9.893928264350799e-10, 2.0998864194421528e-09, 9.678865876100938e-10, 9.860240661586586e-10, 9.672075254468434e-10, 9.779238152575212e-10, 4.0722460492412553e-07, 9.830993197237187e-10]"
hMpxV/Peru/LIM-INS-510/2024|EPI_ISL_19353795|2024-05-21,"[0.0, 0.0, 0.0, 0.0, 0.0, 0.0, 0.0, 0.0, 0.0, 0.0, 0.0, 0.0, 0.0, 0.0, 0.0, 0.0, 0.0, 0.0, 0.0, 0.0, 1.0, 0.0, 0.0, 0.0, 0.0, 0.0, 0.0, 0.0, 0.0, 0.0, 0.0]"
NODE_0000362,"[1.5174101081874946e-12, 4.744032048365972e-12, 7.252780417870072e-11, 4.229689229869193e-13, 1.7440544135445423e-10, 1.1410253861911105e-12, 1.828869821998187e-12, 4.19464714235547e-13, 4.213258665152034e-13, 4.2028531779644725e-13, 4.1487799750442497e-13, 4.191003745669767e-13, 4.1219498289296016e-13, 1.778406512423136e-12, 1.4127066990580182e-12, 5.594924735636388e-10, 5.294316810925756e-13, 4.1910037456693174e-13, 4.1910037456697e-13, 1.7226369485478427e-12, 0.9999999976830151, 4.2397464442602847e-13, 2.2788975762361388e-12, 4.207990474710381e-13, 1.2980144545387594e-12, 4.1365520317519774e-13, 4.099289858707434e-13, 4.1509412061650494e-13, 4.1072682056419095e-13, 1.4856253337450396e-09, 4.195651136478165e-13]"
hMpxV/Peru/LIM-INS-551/2024|EPI_ISL_19449527|2024-07-12,"[0.0, 0.0, 0.0, 0.0, 0.0, 0.0, 0.0, 0.0, 0.0, 0.0, 0.0, 0.0, 0.0, 0.0, 0.0, 0.0, 0.0, 0.0, 0.0, 0.0, 1.0, 0.0, 0.0, 0.0, 0.0, 0.0, 0.0, 0.0, 0.0, 0.0, 0.0]"
hMpxV/Peru/LIM-INS-564/2024|EPI_ISL_19449540|2024-07-11,"[0.0, 0.0, 0.0, 0.0, 0.0, 0.0, 0.0, 0.0, 0.0, 0.0, 0.0, 0.0, 0.0, 0.0, 0.0, 0.0, 0.0, 0.0, 0.0, 0.0, 1.0, 0.0, 0.0, 0.0, 0.0, 0.0, 0.0, 0.0, 0.0, 0.0, 0.0]"
hMpxV/Peru/ICA-INS-574/2024|EPI_ISL_19449550|2024-07-22,"[0.0, 0.0, 0.0, 0.0, 0.0, 0.0, 0.0, 0.0, 0.0, 0.0, 0.0, 0.0, 0.0, 0.0, 0.0, 0.0, 0.0, 0.0, 0.0, 0.0, 0.9999999999999999, 0.0, 0.0, 0.0, 0.0, 0.0, 0.0, 0.0, 0.0, 0.0, 0.0]"
NODE_0000379,"[8.773109160917034e-06, 2.2573311691576166e-06, 4.039741640319043e-05, 1.596480509536608e-06, 5.420753019947892e-06, 1.8626651659039651e-06, 1.9525581513858956e-06, 1.5970243011527928e-06, 1.6031335949355717e-06, 1.5933664792580286e-06, 1.5890666219201883e-06, 1.5931914419560476e-06, 1.5388666724489463e-06, 1.9265766976464636e-06, 3.099621713134362e-06, 2.780730660373522e-05, 6.426851299936727e-06, 1.593191441956082e-06, 1.5931914419560355e-06, 1.8602508413148598e-06, 0.0022545845114061, 1.5851364600988636e-06, 6.720903907207169e-06, 1.5965211937287268e-06, 3.0717734928415335e-06, 3.3941429993994595e-06, 1.4619737596624763e-06, 3.273414341028438e-06, 1.5412167615895107e-06, 0.9976050902798762, 1.5981730708627244e-06]"
hMpxV/USA/CA-CDPH-1M1000243/2023|EPI_ISL_18458962|2023-04-13,"[0.0, 0.0, 0.0, 0.0, 0.0, 0.0, 0.0, 0.0, 0.0, 0.0, 0.0, 0.0, 0.0, 0.0, 0.0, 0.0, 0.0, 0.0, 0.0, 0.0, 0.0, 0.0, 0.0, 0.0, 0.0, 0.0, 0.0, 0.0, 0.0, 1.0, 0.0]"
NODE_0000380,"[1.0348080205074212e-08, 1.256151969002681e-09, 4.664461158065486e-08, 1.0980139013230109e-09, 2.363621761088507e-09, 1.166601754755837e-09, 1.1947949776481003e-09, 1.109128473371758e-09, 1.1106844871581237e-09, 1.0989459286260225e-09, 1.1116314547607847e-09, 1.1062396598012875e-09, 1.0423735500058443e-09, 1.1650330568102506e-09, 2.5811814835723833e-09, 1.970316871369413e-08, 7.669687991933952e-09, 1.1062396598024745e-09, 1.1062396598015365e-09, 1.1176852578085434e-09, 2.832895221982975e-06, 1.0647878703164611e-09, 6.995764655938186e-09, 1.1049133750914668e-09, 2.5308705725581212e-09, 3.320293847366246e-09, 9.556222143724254e-10, 3.158659421015484e-09, 1.0468659561942344e-09, 0.9999970407172104, 1.1096741443625133e-09]"
hMpxV/USA/CA-CDPH-1M1000244/2023|EPI_ISL_18458963|2023-04-13,"[0.0, 0.0, 0.0, 0.0, 0.0, 0.0, 0.0, 0.0, 0.0, 0.0, 0.0, 0.0, 0.0, 0.0, 0.0, 0.0, 0.0, 0.0, 0.0, 0.0, 0.0, 0.0, 0.0, 0.0, 0.0, 0.0, 0.0, 0.0, 0.0, 1.0, 0.0]"
NODE_0000381,"[5.889023831688932e-15, 6.955437978875197e-17, 2.1164163042341413e-13, 4.677653333517385e-17, 3.221531319139842e-16, 5.785870825651888e-17, 6.167849746171928e-17, 5.025627518526461e-17, 5.052494335333876e-17, 4.8179992245784744e-17, 5.199057992988048e-17, 4.9226577786808995e-17, 4.146097982882044e-17, 5.797389629718828e-17, 3.3244598298463536e-16, 3.502901124875603e-14, 2.6340350338907036e-15, 4.922657778686053e-17, 4.922657778681898e-17, 5.206056005698348e-17, 1.0758893836656654e-09, 4.092450188851665e-17, 3.08974819334506e-15, 4.8742099382262286e-17, 3.647601827815783e-16, 5.084533842408564e-16, 3.640006837466955e-17, 4.625193896799501e-16, 4.318351866499133e-17, 0.9999999989238495, 5.064704287073575e-17]"
hMpxV/USA/CA-CDPH-11000316/2023|EPI_ISL_18323786|2023-07-21,"[0.0, 0.0, 0.0, 0.0, 0.0, 0.0, 0.0, 0.0, 0.0, 0.0, 0.0, 0.0, 0.0, 0.0, 0.0, 0.0, 0.0, 0.0, 0.0, 0.0, 0.0, 0.0, 0.0, 0.0, 0.0, 0.0, 0.0, 0.0, 0.0, 1.0, 0.0]"
hMpxV/Peru/LIM-INS-503/2023|EPI_ISL_19343555|2023-10-30,"[0.0, 0.0, 0.0, 0.0, 0.0, 0.0, 0.0, 0.0, 0.0, 0.0, 0.0, 0.0, 0.0, 0.0, 0.0, 0.0, 0.0, 0.0, 0.0, 0.0, 1.0, 0.0, 0.0, 0.0, 0.0, 0.0, 0.0, 0.0, 0.0, 0.0, 0.0]"
hMpxV/USA/CA-CDPH-11000297/2023|EPI_ISL_18325000|2023-07-06,"[0.0, 0.0, 0.0, 0.0, 0.0, 0.0, 0.0, 0.0, 0.0, 0.0, 0.0, 0.0, 0.0, 0.0, 0.0, 0.0, 0.0, 0.0, 0.0, 0.0, 0.0, 0.0, 0.0, 0.0, 0.0, 0.0, 0.0, 0.0, 0.0, 1.0, 0.0]"
hMpxV/USA/CA-CDPH-1M1000275/2023|EPI_ISL_18443042|2023-05-12,"[0.0, 0.0, 0.0, 0.0, 0.0, 0.0, 0.0, 0.0, 0.0, 0.0, 0.0, 0.0, 0.0, 0.0, 0.0, 0.0, 0.0, 0.0, 0.0, 0.0, 0.0, 0.0, 0.0, 0.0, 0.0, 0.0, 0.0, 0.0, 0.0, 1.0, 0.0]"
NODE_0000388,"[1.1841501613569664e-08, 1.29581231912906e-09, 4.302377754561004e-08, 1.2782628070910579e-09, 1.820824874179072e-09, 1.2939970503176288e-09, 1.3012295703860897e-09, 1.2902784723098283e-09, 1.2915068651923875e-09, 1.278727065569495e-09, 1.2930901627084807e-09, 1.2876367003658273e-09, 1.2143363712225375e-09, 1.2714196526244863e-09, 2.907846984950487e-09, 1.4635082444055727e-08, 9.096111472670202e-09, 1.287636700366275e-09, 1.2876367003658712e-09, 1.2197187447836e-09, 4.777651435664133e-07, 1.2404451476302432e-09, 7.76708885329757e-09, 1.285901217821454e-09, 2.8434904804446945e-09, 3.933106618708685e-09, 1.10832591253843e-09, 3.737532402985956e-09, 1.21814178871618e-09, 0.9999993965938181, 1.2905717621056445e-09]"
hMpxV/USA/CA-CDPH-11000305/2023|EPI_ISL_18325008|2023-07-06,"[0.0, 0.0, 0.0, 0.0, 0.0, 0.0, 0.0, 0.0, 0.0, 0.0, 0.0, 0.0, 0.0, 0.0, 0.0, 0.0, 0.0, 0.0, 0.0, 0.0, 0.0, 0.0, 0.0, 0.0, 0.0, 0.0, 0.0, 0.0, 0.0, 1.0, 0.0]"
hMpxV/USA/CA-CDPH-11000304/2023|EPI_ISL_18325007|2023-07-06,"[0.0, 0.0, 0.0, 0.0, 0.0, 0.0, 0.0, 0.0, 0.0, 0.0, 0.0, 0.0, 0.0, 0.0, 0.0, 0.0, 0.0, 0.0, 0.0, 0.0, 0.0, 0.0, 0.0, 0.0, 0.0, 0.0, 0.0, 0.0, 0.0, 1.0, 0.0]"
NODE_0000389,"[3.2674171013540566e-10, 3.550095968771199e-11, 1.1890871018728916e-09, 3.5052060710424145e-11, 4.979930385876981e-11, 3.546307677034107e-11, 3.566874954688004e-11, 3.5384999649097165e-11, 3.541463309180752e-11, 3.506205163801992e-11, 3.546661089025366e-11, 3.531518099078868e-11, 3.328314728021119e-11, 3.4812812964627795e-11, 8.010848679648596e-11, 4.0353406104337367e-10, 2.5112662585193833e-10, 3.5315180990862805e-11, 3.531518099080498e-11, 3.342071004398477e-11, 1.3310734275967368e-08, 3.3994761577841375e-11, 2.1438163795348269e-10, 3.526447561494027e-11, 7.820945131559574e-11, 1.0835577892071018e-10, 3.0339322596331304e-11, 1.029576404643256e-10, 3.338911037981584e-11, 0.9999999832261093, 3.539151740850118e-11]"
hMpxV/USA/CA-CDPH-11000306/2023|EPI_ISL_18325009|2023-07-05,"[0.0, 0.0, 0.0, 0.0, 0.0, 0.0, 0.0, 0.0, 0.0, 0.0, 0.0, 0.0, 0.0, 0.0, 0.0, 0.0, 0.0, 0.0, 0.0, 0.0, 0.0, 0.0, 0.0, 0.0, 0.0, 0.0, 0.0, 0.0, 0.0, 0.9999999999999999, 0.0]"
hMpxV/USA/CA-CDPH-11000307/2023|EPI_ISL_18325010|2023-07-05,"[0.0, 0.0, 0.0, 0.0, 0.0, 0.0, 0.0, 0.0, 0.0, 0.0, 0.0, 0.0, 0.0, 0.0, 0.0, 0.0, 0.0, 0.0, 0.0, 0.0, 0.0, 0.0, 0.0, 0.0, 0.0, 0.0, 0.0, 0.0, 0.0, 0.9999999999999999, 0.0]"
NODE_0000382,"[7.550188327048933e-58, 2.0187425637358956e-66, 4.2486632428624486e-52, 1.1309755857573935e-66, 1.4938857807435151e-64, 1.7180797698186727e-66, 2.120785224746798e-66, 1.7142990923572494e-66, 1.707447471469291e-66, 1.3360837468974668e-66, 2.1662125138783091e-66, 1.5600104686564248e-66, 6.404510332685922e-67, 1.404576660678012e-66, 6.830279039979899e-63, 6.079475418256598e-56, 3.609300034903388e-59, 1.5600104686583284e-66, 1.560010468656684e-66, 9.655336678018337e-67, 8.171917374037299e-39, 5.0864029171106495e-67, 7.153789086661454e-59, 1.442678270651447e-66, 9.535884209274121e-63, 4.7046178153123405e-62, 3.3526482633823436e-67, 3.211034611439378e-62, 8.046193497855864e-67, 1.0, 1.7736335113430492e-66]"
hMpxV/USA/CA-CDPH-1M1000433/2023|EPI_ISL_18781818|2023-10-16,"[0.0, 0.0, 0.0, 0.0, 0.0, 0.0, 0.0, 0.0, 0.0, 0.0, 0.0, 0.0, 0.0, 0.0, 0.0, 0.0, 0.0, 0.0, 0.0, 0.0, 0.0, 0.0, 0.0, 0.0, 0.0, 0.0, 0.0, 0.0, 0.0, 0.9999999999999999, 0.0]"
hMpxV/USA/CA-CDPH-1M1000420/2023|EPI_ISL_18781849|2023-10-13,"[0.0, 0.0, 0.0, 0.0, 0.0, 0.0, 0.0, 0.0, 0.0, 0.0, 0.0, 0.0, 0.0, 0.0, 0.0, 0.0, 0.0, 0.0, 0.0, 0.0, 0.0, 0.0, 0.0, 0.0, 0.0, 0.0, 0.0, 0.0, 0.0, 0.9999999999999999, 0.0]"
hMpxV/USA/CA-CDPH-1M1000486/2023|EPI_ISL_19143448|2023-12-05,"[0.0, 0.0, 0.0, 0.0, 0.0, 0.0, 0.0, 0.0, 0.0, 0.0, 0.0, 0.0, 0.0, 0.0, 0.0, 0.0, 0.0, 0.0, 0.0, 0.0, 0.0, 0.0, 0.0, 0.0, 0.0, 0.0, 0.0, 0.0, 0.0, 1.0, 0.0]"
hMpxV/USA/CA-CDPH-1M1000344/2023|EPI_ISL_18452335|2023-09-26,"[0.0, 0.0, 0.0, 0.0, 0.0, 0.0, 0.0, 0.0, 0.0, 0.0, 0.0, 0.0, 0.0, 0.0, 0.0, 0.0, 0.0, 0.0, 0.0, 0.0, 0.0, 0.0, 0.0, 0.0, 0.0, 0.0, 0.0, 0.0, 0.0, 0.9999999999999999, 0.0]"
hMpxV/USA/CA-CDPH-1M1000343/2023|EPI_ISL_18452334|2023-09-26,"[0.0, 0.0, 0.0, 0.0, 0.0, 0.0, 0.0, 0.0, 0.0, 0.0, 0.0, 0.0, 0.0, 0.0, 0.0, 0.0, 0.0, 0.0, 0.0, 0.0, 0.0, 0.0, 0.0, 0.0, 0.0, 0.0, 0.0, 0.0, 0.0, 0.9999999999999999, 0.0]"
hMpxV/USA/CA-CDPH-1M1000381/2023|EPI_ISL_18781793|2023-10-20,"[0.0, 0.0, 0.0, 0.0, 0.0, 0.0, 0.0, 0.0, 0.0, 0.0, 0.0, 0.0, 0.0, 0.0, 0.0, 0.0, 0.0, 0.0, 0.0, 0.0, 0.0, 0.0, 0.0, 0.0, 0.0, 0.0, 0.0, 0.0, 0.0, 0.9999999999999999, 0.0]"
hMpxV/USA/CA-CDPH-1M1000451/2023|EPI_ISL_18959309|2023-12-12,"[0.0, 0.0, 0.0, 0.0, 0.0, 0.0, 0.0, 0.0, 0.0, 0.0, 0.0, 0.0, 0.0, 0.0, 0.0, 0.0, 0.0, 0.0, 0.0, 0.0, 0.0, 0.0, 0.0, 0.0, 0.0, 0.0, 0.0, 0.0, 0.0, 1.0, 0.0]"
hMpxV/USA/CA-CDPH-1M1000453/2023|EPI_ISL_18959311|2023-12-14,"[0.0, 0.0, 0.0, 0.0, 0.0, 0.0, 0.0, 0.0, 0.0, 0.0, 0.0, 0.0, 0.0, 0.0, 0.0, 0.0, 0.0, 0.0, 0.0, 0.0, 0.0, 0.0, 0.0, 0.0, 0.0, 0.0, 0.0, 0.0, 0.0, 1.0, 0.0]"
hMpxV/USA/CA-CDPH-1M1000463/2023|EPI_ISL_18959320|2023-12-25,"[0.0, 0.0, 0.0, 0.0, 0.0, 0.0, 0.0, 0.0, 0.0, 0.0, 0.0, 0.0, 0.0, 0.0, 0.0, 0.0, 0.0, 0.0, 0.0, 0.0, 0.0, 0.0, 0.0, 0.0, 0.0, 0.0, 0.0, 0.0, 0.0, 1.0, 0.0]"
hMpxV/USA/CA-CDPH-1M1000464/2023|EPI_ISL_18959321|2023-12-25,"[0.0, 0.0, 0.0, 0.0, 0.0, 0.0, 0.0, 0.0, 0.0, 0.0, 0.0, 0.0, 0.0, 0.0, 0.0, 0.0, 0.0, 0.0, 0.0, 0.0, 0.0, 0.0, 0.0, 0.0, 0.0, 0.0, 0.0, 0.0, 0.0, 1.0, 0.0]"
hMpxV/USA/CA-LACPHL-MA00612/2023|EPI_ISL_18993203|2023-11-07,"[0.0, 0.0, 0.0, 0.0, 0.0, 0.0, 0.0, 0.0, 0.0, 0.0, 0.0, 0.0, 0.0, 0.0, 0.0, 0.0, 0.0, 0.0, 0.0, 0.0, 0.0, 0.0, 0.0, 0.0, 0.0, 0.0, 0.0, 0.0, 0.0, 1.0, 0.0]"
hMpxV/USA/CA-CDPH-1M1000400/2023|EPI_ISL_18781924|2023-10-25,"[0.0, 0.0, 0.0, 0.0, 0.0, 0.0, 0.0, 0.0, 0.0, 0.0, 0.0, 0.0, 0.0, 0.0, 0.0, 0.0, 0.0, 0.0, 0.0, 0.0, 0.0, 0.0, 0.0, 0.0, 0.0, 0.0, 0.0, 0.0, 0.0, 1.0, 0.0]"
hMpxV/USA/CA-CDPH-1M1000399/2023|EPI_ISL_18781923|2023-10-18,"[0.0, 0.0, 0.0, 0.0, 0.0, 0.0, 0.0, 0.0, 0.0, 0.0, 0.0, 0.0, 0.0, 0.0, 0.0, 0.0, 0.0, 0.0, 0.0, 0.0, 0.0, 0.0, 0.0, 0.0, 0.0, 0.0, 0.0, 0.0, 0.0, 0.9999999999999999, 0.0]"
hMpxV/USA/CA-CDPH-1M1000398/2023|EPI_ISL_18781922|2023-11-11,"[0.0, 0.0, 0.0, 0.0, 0.0, 0.0, 0.0, 0.0, 0.0, 0.0, 0.0, 0.0, 0.0, 0.0, 0.0, 0.0, 0.0, 0.0, 0.0, 0.0, 0.0, 0.0, 0.0, 0.0, 0.0, 0.0, 0.0, 0.0, 0.0, 1.0, 0.0]"
hMpxV/USA/CA-CDPH-1M1000440/2023|EPI_ISL_18781628|2023-11-09,"[0.0, 0.0, 0.0, 0.0, 0.0, 0.0, 0.0, 0.0, 0.0, 0.0, 0.0, 0.0, 0.0, 0.0, 0.0, 0.0, 0.0, 0.0, 0.0, 0.0, 0.0, 0.0, 0.0, 0.0, 0.0, 0.0, 0.0, 0.0, 0.0, 1.0, 0.0]"
hMpxV/USA/CA-CDPH-1M1000450/2023|EPI_ISL_18781637|2023-10-16,"[0.0, 0.0, 0.0, 0.0, 0.0, 0.0, 0.0, 0.0, 0.0, 0.0, 0.0, 0.0, 0.0, 0.0, 0.0, 0.0, 0.0, 0.0, 0.0, 0.0, 0.0, 0.0, 0.0, 0.0, 0.0, 0.0, 0.0, 0.0, 0.0, 0.9999999999999999, 0.0]"
hMpxV/USA/CA-CDPH-1M1000531/2023|EPI_ISL_19170460|2023-10-16,"[0.0, 0.0, 0.0, 0.0, 0.0, 0.0, 0.0, 0.0, 0.0, 0.0, 0.0, 0.0, 0.0, 0.0, 0.0, 0.0, 0.0, 0.0, 0.0, 0.0, 0.0, 0.0, 0.0, 0.0, 0.0, 0.0, 0.0, 0.0, 0.0, 0.9999999999999999, 0.0]"
hMpxV/USA/CA-CDPH-1M1000533/2023|EPI_ISL_19170462|2023-10-06,"[0.0, 0.0, 0.0, 0.0, 0.0, 0.0, 0.0, 0.0, 0.0, 0.0, 0.0, 0.0, 0.0, 0.0, 0.0, 0.0, 0.0, 0.0, 0.0, 0.0, 0.0, 0.0, 0.0, 0.0, 0.0, 0.0, 0.0, 0.0, 0.0, 1.0, 0.0]"
hMpxV/USA/CA-CDPH-1M1000535/2023|EPI_ISL_19170464|2023-10-18,"[0.0, 0.0, 0.0, 0.0, 0.0, 0.0, 0.0, 0.0, 0.0, 0.0, 0.0, 0.0, 0.0, 0.0, 0.0, 0.0, 0.0, 0.0, 0.0, 0.0, 0.0, 0.0, 0.0, 0.0, 0.0, 0.0, 0.0, 0.0, 0.0, 0.9999999999999999, 0.0]"
hMpxV/USA/CA-CDPH-1M1000536/2023|EPI_ISL_19170465|2023-10-19,"[0.0, 0.0, 0.0, 0.0, 0.0, 0.0, 0.0, 0.0, 0.0, 0.0, 0.0, 0.0, 0.0, 0.0, 0.0, 0.0, 0.0, 0.0, 0.0, 0.0, 0.0, 0.0, 0.0, 0.0, 0.0, 0.0, 0.0, 0.0, 0.0, 1.0, 0.0]"
hMpxV/USA/CA-CDPH-1M1000620/2023|EPI_ISL_19295765|2023-10-10,"[0.0, 0.0, 0.0, 0.0, 0.0, 0.0, 0.0, 0.0, 0.0, 0.0, 0.0, 0.0, 0.0, 0.0, 0.0, 0.0, 0.0, 0.0, 0.0, 0.0, 0.0, 0.0, 0.0, 0.0, 0.0, 0.0, 0.0, 0.0, 0.0, 0.9999999999999999, 0.0]"
hMpxV/USA/CA-CDPH-1M1000622/2023|EPI_ISL_19295767|2023-09-19,"[0.0, 0.0, 0.0, 0.0, 0.0, 0.0, 0.0, 0.0, 0.0, 0.0, 0.0, 0.0, 0.0, 0.0, 0.0, 0.0, 0.0, 0.0, 0.0, 0.0, 0.0, 0.0, 0.0, 0.0, 0.0, 0.0, 0.0, 0.0, 0.0, 1.0, 0.0]"
hMpxV/USA/CA-CDPH-1M1000357/2023|EPI_ISL_18786340|2023-09-12,"[0.0, 0.0, 0.0, 0.0, 0.0, 0.0, 0.0, 0.0, 0.0, 0.0, 0.0, 0.0, 0.0, 0.0, 0.0, 0.0, 0.0, 0.0, 0.0, 0.0, 0.0, 0.0, 0.0, 0.0, 0.0, 0.0, 0.0, 0.0, 0.0, 1.0, 0.0]"
hMpxV/USA/CA-CDPH-1M1000362/2023|EPI_ISL_18786347|2023-09-21,"[0.0, 0.0, 0.0, 0.0, 0.0, 0.0, 0.0, 0.0, 0.0, 0.0, 0.0, 0.0, 0.0, 0.0, 0.0, 0.0, 0.0, 0.0, 0.0, 0.0, 0.0, 0.0, 0.0, 0.0, 0.0, 0.0, 0.0, 0.0, 0.0, 1.0, 0.0]"
hMpxV/USA/IL-RIPHL-050-0110/2023|EPI_ISL_19016746|2023-09-27,"[0.0, 0.0, 0.0, 0.0, 0.0, 0.0, 0.0, 0.0, 0.0, 0.0, 0.0, 0.0, 0.0, 0.0, 0.0, 0.0, 0.0, 0.0, 0.0, 0.0, 0.0, 0.0, 0.0, 0.0, 0.0, 0.0, 0.0, 0.0, 0.0, 1.0, 0.0]"
NODE_0000387,"[1.6076378207315764e-09, 1.649026033836261e-10, 5.9616588156370755e-09, 1.633950828509666e-10, 2.3065763751293993e-10, 1.648792089817859e-10, 1.6611590667699242e-10, 1.6510134540520086e-10, 1.6512827189331682e-10, 1.6340117099626314e-10, 1.6565086859055464e-10, 1.6483585560003812e-10, 1.5466139711874047e-10, 1.6112023228358294e-10, 3.869376035519849e-10, 1.9853561108080666e-09, 1.2381984450431854e-09, 1.6483585560023347e-10, 1.6483585560008302e-10, 1.551807403833049e-10, 7.194010113896236e-08, 1.5781914765589455e-10, 1.0557839774713159e-09, 1.6450129487473182e-10, 3.7426640475220843e-10, 5.242331222559134e-10, 1.4001206256018409e-10, 4.976603649316632e-10, 1.5524560403653934e-10, 0.9999999111307915, 1.650946585542506e-10]"
hMpxV/USA/CA-CDPH-1M1000377/2023|EPI_ISL_18781788|2023-09-16,"[0.0, 0.0, 0.0, 0.0, 0.0, 0.0, 0.0, 0.0, 0.0, 0.0, 0.0, 0.0, 0.0, 0.0, 0.0, 0.0, 0.0, 0.0, 0.0, 0.0, 0.0, 0.0, 0.0, 0.0, 0.0, 0.0, 0.0, 0.0, 0.0, 1.0, 0.0]"
hMpxV/USA/CA-CDPH-1M1000437/2023|EPI_ISL_18781626|2023-10-11,"[0.0, 0.0, 0.0, 0.0, 0.0, 0.0, 0.0, 0.0, 0.0, 0.0, 0.0, 0.0, 0.0, 0.0, 0.0, 0.0, 0.0, 0.0, 0.0, 0.0, 0.0, 0.0, 0.0, 0.0, 0.0, 0.0, 0.0, 0.0, 0.0, 1.0, 0.0]"
NODE_0000385,"[5.963750560010943e-08, 5.335851625299445e-09, 2.8589477924820093e-07, 5.055046390144544e-09, 8.684993501334213e-09, 5.275112136600498e-09, 5.2784786316500575e-09, 5.140332847073342e-09, 5.167570554270144e-09, 5.092976663924215e-09, 5.155723925985472e-09, 5.1013713959008955e-09, 4.819055696154304e-09, 5.302997264280193e-09, 1.1783282930322317e-08, 8.46170850908452e-08, 4.10431981415434e-08, 5.101371395901794e-09, 5.10137139590091e-09, 4.927023612127468e-09, 4.877583896848717e-06, 4.912516338236569e-09, 3.636605984306807e-08, 5.101750023586207e-09, 1.2403837410498308e-08, 1.6637874528801947e-08, 4.51372827744377e-09, 1.5734077199586928e-08, 4.850550307442169e-09, 0.9999944532255001, 5.155081135804806e-09]"
hMpxV/USA/CA-CDPH-1M1000497/2024|EPI_ISL_19143456|2024-01-17,"[0.0, 0.0, 0.0, 0.0, 0.0, 0.0, 0.0, 0.0, 0.0, 0.0, 0.0, 0.0, 0.0, 0.0, 0.0, 0.0, 0.0, 0.0, 0.0, 0.0, 0.0, 0.0, 0.0, 0.0, 0.0, 0.0, 0.0, 0.0, 0.0, 1.0, 0.0]"
hMpxV/USA/CA-CDPH-1M1000482/2024|EPI_ISL_19143475|2024-03-06,"[0.0, 0.0, 0.0, 0.0, 0.0, 0.0, 0.0, 0.0, 0.0, 0.0, 0.0, 0.0, 0.0, 0.0, 0.0, 0.0, 0.0, 0.0, 0.0, 0.0, 0.0, 0.0, 0.0, 0.0, 0.0, 0.0, 0.0, 0.0, 0.0, 1.0, 0.0]"
hMpxV/USA/CA-CDPH-1M1000608/2024|EPI_ISL_19295757|2024-06-10,"[0.0, 0.0, 0.0, 0.0, 0.0, 0.0, 0.0, 0.0, 0.0, 0.0, 0.0, 0.0, 0.0, 0.0, 0.0, 0.0, 0.0, 0.0, 0.0, 0.0, 0.0, 0.0, 0.0, 0.0, 0.0, 0.0, 0.0, 0.0, 0.0, 0.9999999999999999, 0.0]"
NODE_0000386,"[1.5461364594186517e-10, 6.768361626815748e-12, 1.1975163134246466e-09, 6.260722836337472e-12, 1.296575041823873e-11, 6.6405631885745706e-12, 6.705301232504346e-12, 6.472062232244582e-12, 6.504086354468418e-12, 6.350092769016385e-12, 6.5542587771734054e-12, 6.400036845112507e-12, 5.843242485934308e-12, 6.629036771753676e-12, 2.0207818096070425e-11, 2.597151411502077e-10, 9.551382689133715e-11, 6.400036845119184e-12, 6.400036845113896e-12, 6.076855080808146e-12, 6.480260589699258e-08, 5.89531074335586e-12, 8.743085289390517e-11, 6.3798813176269224e-12, 2.1535632181873632e-11, 3.047756308812002e-11, 5.3525853861612975e-12, 2.84343028966878e-11, 5.936490269049193e-12, 0.9999999331689153, 6.4990477219589025e-12]"
hMpxV/USA/CA-CDPH-1M1000473/2024|EPI_ISL_19143467|2024-02-06,"[0.0, 0.0, 0.0, 0.0, 0.0, 0.0, 0.0, 0.0, 0.0, 0.0, 0.0, 0.0, 0.0, 0.0, 0.0, 0.0, 0.0, 0.0, 0.0, 0.0, 0.0, 0.0, 0.0, 0.0, 0.0, 0.0, 0.0, 0.0, 0.0, 1.0, 0.0]"
hMpxV/USA/CA-CDPH-1M1000474/2024|EPI_ISL_19143468|2024-02-09,"[0.0, 0.0, 0.0, 0.0, 0.0, 0.0, 0.0, 0.0, 0.0, 0.0, 0.0, 0.0, 0.0, 0.0, 0.0, 0.0, 0.0, 0.0, 0.0, 0.0, 0.0, 0.0, 0.0, 0.0, 0.0, 0.0, 0.0, 0.0, 0.0, 1.0, 0.0]"
hMpxV/USA/CA-LACPHL-MA00618/2024|EPI_ISL_18993206|2024-02-07,"[0.0, 0.0, 0.0, 0.0, 0.0, 0.0, 0.0, 0.0, 0.0, 0.0, 0.0, 0.0, 0.0, 0.0, 0.0, 0.0, 0.0, 0.0, 0.0, 0.0, 0.0, 0.0, 0.0, 0.0, 0.0, 0.0, 0.0, 0.0, 0.0, 1.0, 0.0]"
hMpxV/USA/CA-CDPH-1M1000394/2023|EPI_ISL_18781918|2023-11-07,"[0.0, 0.0, 0.0, 0.0, 0.0, 0.0, 0.0, 0.0, 0.0, 0.0, 0.0, 0.0, 0.0, 0.0, 0.0, 0.0, 0.0, 0.0, 0.0, 0.0, 0.0, 0.0, 0.0, 0.0, 0.0, 0.0, 0.0, 0.0, 0.0, 1.0, 0.0]"
NODE_0000383,"[8.350207870848262e-10, 4.7124065558734585e-11, 4.7435235897369126e-09, 4.555591730343465e-11, 7.665294637760408e-11, 4.6788730159866254e-11, 4.742707945129863e-11, 4.669179770530849e-11, 4.672067690706369e-11, 4.5851678362655614e-11, 4.7207919192560885e-11, 4.6440961744581784e-11, 4.24263773006223e-11, 4.561519562397924e-11, 1.398959363056154e-10, 1.2047345888164237e-09, 5.789957730480822e-10, 4.6440961744587716e-11, 4.6440961744580304e-11, 4.325368307202828e-11, 1.521612834871914e-07, 4.292723289741574e-11, 5.099306516083473e-10, 4.6240390679633336e-11, 1.3832942797622167e-10, 2.010570732875892e-10, 3.787601527809296e-11, 1.8869242591593233e-10, 4.29214562726186e-11, 0.9999998383611736, 4.6758599552957516e-11]"
hMpxV/USA/CA-CDPH-1M1000488/2023|EPI_ISL_19143450|2023-12-04,"[0.0, 0.0, 0.0, 0.0, 0.0, 0.0, 0.0, 0.0, 0.0, 0.0, 0.0, 0.0, 0.0, 0.0, 0.0, 0.0, 0.0, 0.0, 0.0, 0.0, 0.0, 0.0, 0.0, 0.0, 0.0, 0.0, 0.0, 0.0, 0.0, 0.9999999999999999, 0.0]"
hMpxV/USA/CA-CDPH-1M1000487/2023|EPI_ISL_19143449|2023-12-11,"[0.0, 0.0, 0.0, 0.0, 0.0, 0.0, 0.0, 0.0, 0.0, 0.0, 0.0, 0.0, 0.0, 0.0, 0.0, 0.0, 0.0, 0.0, 0.0, 0.0, 0.0, 0.0, 0.0, 0.0, 0.0, 0.0, 0.0, 0.0, 0.0, 1.0, 0.0]"
NODE_0000384,"[1.5472101268027561e-16, 1.6991995231502392e-18, 2.3766445294324436e-15, 1.6108132799972666e-18, 3.628826413798765e-18, 1.677699170195863e-18, 1.743686758500152e-18, 1.710755409392014e-18, 1.7042983399325667e-18, 1.6387669511278623e-18, 1.7701614166184365e-18, 1.6937201502303609e-18, 1.4169285411656955e-18, 1.5691073631502086e-18, 1.0932050732107582e-17, 3.0360434312961346e-16, 8.84471647065184e-17, 1.6937201502323735e-18, 1.6937201502307449e-18, 1.4809341511453578e-18, 9.551639626054076e-13, 1.3994022832995879e-18, 8.233327016907893e-17, 1.670929771637254e-18, 1.0498714502670998e-17, 1.7889619781609525e-17, 1.1641765831414994e-18, 1.6295566419086857e-17, 1.4625170134876773e-18, 0.9999999999990418, 1.7151721055022772e-18]"
hMpxV/USA/CA-CDPH-1M1000485/2023|EPI_ISL_19143447|2023-12-15,"[0.0, 0.0, 0.0, 0.0, 0.0, 0.0, 0.0, 0.0, 0.0, 0.0, 0.0, 0.0, 0.0, 0.0, 0.0, 0.0, 0.0, 0.0, 0.0, 0.0, 0.0, 0.0, 0.0, 0.0, 0.0, 0.0, 0.0, 0.0, 0.0, 1.0, 0.0]"
hMpxV/USA/CA-CDPH-1M1000502/2023|EPI_ISL_19143460|2023-12-05,"[0.0, 0.0, 0.0, 0.0, 0.0, 0.0, 0.0, 0.0, 0.0, 0.0, 0.0, 0.0, 0.0, 0.0, 0.0, 0.0, 0.0, 0.0, 0.0, 0.0, 0.0, 0.0, 0.0, 0.0, 0.0, 0.0, 0.0, 0.0, 0.0, 1.0, 0.0]"
hMpxV/USA/CA-CDPH-1M1000454/2023|EPI_ISL_18959312|2023-12-18,"[0.0, 0.0, 0.0, 0.0, 0.0, 0.0, 0.0, 0.0, 0.0, 0.0, 0.0, 0.0, 0.0, 0.0, 0.0, 0.0, 0.0, 0.0, 0.0, 0.0, 0.0, 0.0, 0.0, 0.0, 0.0, 0.0, 0.0, 0.0, 0.0, 1.0, 0.0]"
hMpxV/USA/CA-CDPH-1M1000456/2023|EPI_ISL_18959314|2023-12-18,"[0.0, 0.0, 0.0, 0.0, 0.0, 0.0, 0.0, 0.0, 0.0, 0.0, 0.0, 0.0, 0.0, 0.0, 0.0, 0.0, 0.0, 0.0, 0.0, 0.0, 0.0, 0.0, 0.0, 0.0, 0.0, 0.0, 0.0, 0.0, 0.0, 1.0, 0.0]"
hMpxV/USA/CA-CDPH-1M1000459/2023|EPI_ISL_18959316|2023-12-22,"[0.0, 0.0, 0.0, 0.0, 0.0, 0.0, 0.0, 0.0, 0.0, 0.0, 0.0, 0.0, 0.0, 0.0, 0.0, 0.0, 0.0, 0.0, 0.0, 0.0, 0.0, 0.0, 0.0, 0.0, 0.0, 0.0, 0.0, 0.0, 0.0, 1.0, 0.0]"
NODE_0000003,"[0.000127935368309261, 0.00014059680485774, 0.00016216804043537054, 8.929149604094693e-05, 0.0002843713235392717, 0.00010743819955188332, 0.00011521416047077808, 8.732486774050584e-05, 8.786557013996466e-05, 8.794949284332145e-05, 0.0001466095258648562, 8.74495656913596e-05, 8.991791692042346e-05, 0.00011526566254488591, 0.9712150859826334, 0.000311158270339034, 9.319272210192782e-05, 8.744956569136675e-05, 8.744956569136416e-05, 0.00011050296029344721, 0.004859461238441812, 0.00018232757417617498, 9.493060905902717e-05, 8.80954029801179e-05, 0.00018584214755927556, 8.404009972025942e-05, 0.020025052468169918, 8.444732013453122e-05, 0.0002842389241852613, 0.0003900759958812433, 8.725115799102954e-05]"
hMpxV/South_Korea/KDCA-P033/2023|EPI_ISL_18147350|2023-04-25,"[0.0, 0.0, 0.0, 0.0, 0.0, 0.0, 0.0, 0.0, 0.0, 0.0, 0.0, 0.0, 0.0, 0.0, 0.0, 0.0, 0.0, 0.0, 0.0, 0.0, 0.0, 0.0, 0.0, 0.0, 0.0, 0.0, 1.0, 0.0, 0.0, 0.0, 0.0]"
NODE_0000004,"[9.157700407332878e-38, 5.143488335695768e-38, 3.1804539305769295e-40, 8.825575957911889e-38, 6.621095708975774e-38, 3.988330160286789e-38, 4.5791068607233887e-38, 3.652759093057479e-38, 3.754435758539519e-38, 3.208026493535614e-38, 7.804150433043758e-36, 3.520678642957613e-38, 1.957381198464867e-37, 3.2481330021161115e-38, 0.9999999955034464, 2.3304668372034716e-38, 1.8922314588193985e-38, 3.52067864295891e-38, 3.520678642957918e-38, 2.357504019640511e-38, 5.5638264751172424e-36, 6.602579900373767e-35, 8.00330100723485e-39, 3.509991421770308e-38, 3.8166310249711595e-35, 2.9463717158708787e-38, 4.49655357268012e-09, 3.4785253745411073e-38, 2.097114297380593e-28, 2.9846679737254398e-40, 3.691041732539687e-38]"
hMpxV/Japan/TMIPH-0318/2022|EPI_ISL_17008294|2023-01-25,"[0.0, 0.0, 0.0, 0.0, 0.0, 0.0, 0.0, 0.0, 0.0, 0.0, 0.0, 0.0, 0.0, 0.0, 1.0, 0.0, 0.0, 0.0, 0.0, 0.0, 0.0, 0.0, 0.0, 0.0, 0.0, 0.0, 0.0, 0.0, 0.0, 0.0, 0.0]"
hMpxV/Japan/TMIPH-0325/2022|EPI_ISL_17008295|2023-01-30,"[0.0, 0.0, 0.0, 0.0, 0.0, 0.0, 0.0, 0.0, 0.0, 0.0, 0.0, 0.0, 0.0, 0.0, 1.0, 0.0, 0.0, 0.0, 0.0, 0.0, 0.0, 0.0, 0.0, 0.0, 0.0, 0.0, 0.0, 0.0, 0.0, 0.0, 0.0]"
hMpxV/Japan/TMIPH-0342/2022|EPI_ISL_17008296|2023-02-09,"[0.0, 0.0, 0.0, 0.0, 0.0, 0.0, 0.0, 0.0, 0.0, 0.0, 0.0, 0.0, 0.0, 0.0, 0.9999999999999999, 0.0, 0.0, 0.0, 0.0, 0.0, 0.0, 0.0, 0.0, 0.0, 0.0, 0.0, 0.0, 0.0, 0.0, 0.0, 0.0]"
hMpxV/South_Korea/KDCA-P010/2023|EPI_ISL_18147334|2023-04-13,"[0.0, 0.0, 0.0, 0.0, 0.0, 0.0, 0.0, 0.0, 0.0, 0.0, 0.0, 0.0, 0.0, 0.0, 0.0, 0.0, 0.0, 0.0, 0.0, 0.0, 0.0, 0.0, 0.0, 0.0, 0.0, 0.0, 1.0, 0.0, 0.0, 0.0, 0.0]"
hMpxV/South_Korea/KDCA-P012/2023|EPI_ISL_18147342|2023-04-15,"[0.0, 0.0, 0.0, 0.0, 0.0, 0.0, 0.0, 0.0, 0.0, 0.0, 0.0, 0.0, 0.0, 0.0, 0.0, 0.0, 0.0, 0.0, 0.0, 0.0, 0.0, 0.0, 0.0, 0.0, 0.0, 0.0, 1.0, 0.0, 0.0, 0.0, 0.0]"
hMpxV/South_Korea/KDCA-P034/2023|EPI_ISL_18147346|2023-04-25,"[0.0, 0.0, 0.0, 0.0, 0.0, 0.0, 0.0, 0.0, 0.0, 0.0, 0.0, 0.0, 0.0, 0.0, 0.0, 0.0, 0.0, 0.0, 0.0, 0.0, 0.0, 0.0, 0.0, 0.0, 0.0, 0.0, 1.0, 0.0, 0.0, 0.0, 0.0]"
hMpxV/South_Korea/KDCA-P027/2023|EPI_ISL_18147349|2023-04-22,"[0.0, 0.0, 0.0, 0.0, 0.0, 0.0, 0.0, 0.0, 0.0, 0.0, 0.0, 0.0, 0.0, 0.0, 0.0, 0.0, 0.0, 0.0, 0.0, 0.0, 0.0, 0.0, 0.0, 0.0, 0.0, 0.0, 0.9999999999999999, 0.0, 0.0, 0.0, 0.0]"
hMpxV/South_Korea/KDCA-P024/2023|EPI_ISL_18147351|2023-04-21,"[0.0, 0.0, 0.0, 0.0, 0.0, 0.0, 0.0, 0.0, 0.0, 0.0, 0.0, 0.0, 0.0, 0.0, 0.0, 0.0, 0.0, 0.0, 0.0, 0.0, 0.0, 0.0, 0.0, 0.0, 0.0, 0.0, 0.9999999999999999, 0.0, 0.0, 0.0, 0.0]"
hMpxV/South_Korea/KDCA-P008/2023|EPI_ISL_18147360|2023-04-11,"[0.0, 0.0, 0.0, 0.0, 0.0, 0.0, 0.0, 0.0, 0.0, 0.0, 0.0, 0.0, 0.0, 0.0, 0.0, 0.0, 0.0, 0.0, 0.0, 0.0, 0.0, 0.0, 0.0, 0.0, 0.0, 0.0, 1.0, 0.0, 0.0, 0.0, 0.0]"
hMpxV/South_Korea/KDCA-P015/2023|EPI_ISL_18147358|2023-04-18,"[0.0, 0.0, 0.0, 0.0, 0.0, 0.0, 0.0, 0.0, 0.0, 0.0, 0.0, 0.0, 0.0, 0.0, 0.0, 0.0, 0.0, 0.0, 0.0, 0.0, 0.0, 0.0, 0.0, 0.0, 0.0, 0.0, 0.9999999999999999, 0.0, 0.0, 0.0, 0.0]"
hMpxV/South_Korea/KDCA-P009/2023|EPI_ISL_18147359|2023-04-12,"[0.0, 0.0, 0.0, 0.0, 0.0, 0.0, 0.0, 0.0, 0.0, 0.0, 0.0, 0.0, 0.0, 0.0, 0.0, 0.0, 0.0, 0.0, 0.0, 0.0, 0.0, 0.0, 0.0, 0.0, 0.0, 0.0, 1.0, 0.0, 0.0, 0.0, 0.0]"
hMpxV/Thailand/KCMH-296/2023|EPI_ISL_19437778|2023-07-03,"[0.0, 0.0, 0.0, 0.0, 0.0, 0.0, 0.0, 0.0, 0.0, 0.0, 0.0, 0.0, 0.0, 0.0, 0.0, 0.0, 0.0, 0.0, 0.0, 0.0, 0.0, 0.0, 0.0, 0.0, 0.0, 0.0, 0.0, 0.0, 1.0, 0.0, 0.0]"
hMpxV/Japan/FKTMIPH-220304/2023|EPI_ISL_17246657|2023-01-23,"[0.0, 0.0, 0.0, 0.0, 0.0, 0.0, 0.0, 0.0, 0.0, 0.0, 0.0, 0.0, 0.0, 0.0, 1.0, 0.0, 0.0, 0.0, 0.0, 0.0, 0.0, 0.0, 0.0, 0.0, 0.0, 0.0, 0.0, 0.0, 0.0, 0.0, 0.0]"
hMpxV/Japan/FKTMIPH-220343/2023|EPI_ISL_17246659|2023-02-13,"[0.0, 0.0, 0.0, 0.0, 0.0, 0.0, 0.0, 0.0, 0.0, 0.0, 0.0, 0.0, 0.0, 0.0, 1.0, 0.0, 0.0, 0.0, 0.0, 0.0, 0.0, 0.0, 0.0, 0.0, 0.0, 0.0, 0.0, 0.0, 0.0, 0.0, 0.0]"
NODE_0000151,"[0.0003144465984668196, 0.0002918166603138022, 0.0001509615906764441, 0.00045507867000757246, 0.0002559745371765949, 0.00029548148724031146, 0.00029061045449559194, 0.0002947131248140834, 0.0002976521111934889, 0.00029599377514869603, 0.00054383609653855, 0.0002943758817316345, 0.0004515225589402345, 0.00029333632480777947, 0.42414469182415626, 0.00019845561032079425, 0.00029316756349304914, 0.00029437588173163946, 0.00029437588173164347, 0.00027879615081094397, 0.00011139122577192357, 0.000521627606990567, 0.00021080697033530764, 0.000297341421040704, 0.0003777254212775944, 0.00027632849128165, 0.006160191461040824, 0.00027843786041925844, 0.5612716190439768, 0.00017003219925655594, 0.00029483551481295644]"
hMpxV/Japan/TMIPH-0258/2023|EPI_ISL_18352304|2023-09-14,"[0.0, 0.0, 0.0, 0.0, 0.0, 0.0, 0.0, 0.0, 0.0, 0.0, 0.0, 0.0, 0.0, 0.0, 1.0, 0.0, 0.0, 0.0, 0.0, 0.0, 0.0, 0.0, 0.0, 0.0, 0.0, 0.0, 0.0, 0.0, 0.0, 0.0, 0.0]"
hMpxV/Thailand/KCMH-294/2023|EPI_ISL_19437774|2023-07-03,"[0.0, 0.0, 0.0, 0.0, 0.0, 0.0, 0.0, 0.0, 0.0, 0.0, 0.0, 0.0, 0.0, 0.0, 0.0, 0.0, 0.0, 0.0, 0.0, 0.0, 0.0, 0.0, 0.0, 0.0, 0.0, 0.0, 0.0, 0.0, 1.0, 0.0, 0.0]"
NODE_0000152,"[2.244450221083471e-06, 2.779075673696072e-06, 1.2463316428989305e-06, 2.896134751246497e-06, 2.407021837443628e-06, 2.8172247436543677e-06, 2.7746947033511107e-06, 2.8053052465220732e-06, 2.824161718702992e-06, 2.820486364621509e-06, 4.080723355494788e-06, 2.8118639629766875e-06, 2.826787486696992e-06, 2.77678707249439e-06, 0.005642373325942263, 1.8057047616603174e-06, 2.7458060967425215e-06, 2.8118639629766625e-06, 2.811863962976698e-06, 2.6189026646108526e-06, 8.927247591850026e-07, 8.595776324904848e-06, 1.8798812113282165e-06, 2.834883510132792e-06, 5.25500141091072e-06, 2.630846724913163e-06, 0.994271292251674, 2.6562303991153137e-06, 6.824592698057309e-06, 1.0581773226954862e-06, 2.8011177925029105e-06]"
hMpxV/South_Korea/KDCA-P026/2023|EPI_ISL_18147347|2023-04-22,"[0.0, 0.0, 0.0, 0.0, 0.0, 0.0, 0.0, 0.0, 0.0, 0.0, 0.0, 0.0, 0.0, 0.0, 0.0, 0.0, 0.0, 0.0, 0.0, 0.0, 0.0, 0.0, 0.0, 0.0, 0.0, 0.0, 0.9999999999999999, 0.0, 0.0, 0.0, 0.0]"
hMpxV/South_Korea/KDCA-P017/2023|EPI_ISL_18147363|2023-04-18,"[0.0, 0.0, 0.0, 0.0, 0.0, 0.0, 0.0, 0.0, 0.0, 0.0, 0.0, 0.0, 0.0, 0.0, 0.0, 0.0, 0.0, 0.0, 0.0, 0.0, 0.0, 0.0, 0.0, 0.0, 0.0, 0.0, 1.0, 0.0, 0.0, 0.0, 0.0]"
NODE_0000143,"[4.0161876191864307e-10, 1.7590821280334974e-10, 7.46211781408573e-11, 1.8301175535843394e-10, 1.549726397834945e-10, 1.7774616159504399e-10, 1.762336535456042e-10, 1.7835079588071337e-10, 1.7979045519904573e-10, 1.776417481760911e-10, 1.0756993314795133e-09, 1.7796327037720828e-10, 1.95767630110749e-10, 1.7376579871831972e-10, 0.9999996012985569, 1.178783829369219e-10, 1.697242101969469e-10, 1.7796327037721577e-10, 1.7796327037721934e-10, 1.640823494406941e-10, 1.7865101456521686e-10, 7.479530292426124e-10, 1.2290501211798336e-10, 1.791366456563122e-10, 9.082888845831917e-10, 1.6824367869069498e-10, 3.81561482702211e-07, 1.706731023850983e-10, 1.0010086104999438e-08, 1.648832852813376e-10, 1.7843701649842953e-10]"
hMpxV/Japan/TMIPH-0162/2023|EPI_ISL_17837266|2023-06-02,"[0.0, 0.0, 0.0, 0.0, 0.0, 0.0, 0.0, 0.0, 0.0, 0.0, 0.0, 0.0, 0.0, 0.0, 1.0, 0.0, 0.0, 0.0, 0.0, 0.0, 0.0, 0.0, 0.0, 0.0, 0.0, 0.0, 0.0, 0.0, 0.0, 0.0, 0.0]"
hMpxV/Japan/TMIPH-220512/2023|EPI_ISL_17445516|2023-03-28,"[0.0, 0.0, 0.0, 0.0, 0.0, 0.0, 0.0, 0.0, 0.0, 0.0, 0.0, 0.0, 0.0, 0.0, 1.0, 0.0, 0.0, 0.0, 0.0, 0.0, 0.0, 0.0, 0.0, 0.0, 0.0, 0.0, 0.0, 0.0, 0.0, 0.0, 0.0]"
hMpxV/Japan/TMIPH-0012/2023|EPI_ISL_17592666|2023-04-04,"[0.0, 0.0, 0.0, 0.0, 0.0, 0.0, 0.0, 0.0, 0.0, 0.0, 0.0, 0.0, 0.0, 0.0, 1.0, 0.0, 0.0, 0.0, 0.0, 0.0, 0.0, 0.0, 0.0, 0.0, 0.0, 0.0, 0.0, 0.0, 0.0, 0.0, 0.0]"
NODE_0000147,"[0.9999806147698981, 5.49105981692335e-07, 9.328847465150545e-07, 5.669086739250193e-07, 4.922601839189537e-07, 5.549044814345965e-07, 5.48283726675198e-07, 5.529128482217381e-07, 5.557988994159902e-07, 5.555591752975047e-07, 5.735218962411642e-07, 5.538627532357664e-07, 5.477713605061158e-07, 5.498248692232184e-07, 1.5514489835882555e-06, 3.9403818541372047e-07, 5.467509358713038e-07, 5.538627532357762e-07, 5.53862753235787e-07, 5.262663906156331e-07, 3.7652435261680494e-07, 6.021667973659019e-07, 4.081207201952525e-07, 5.57481922660799e-07, 1.3771183883752389e-06, 5.265013382537235e-07, 7.431938777450902e-07, 5.297948358839188e-07, 6.246750577100267e-07, 1.4275129913587694e-06, 5.523102215316165e-07]"
hMpxV/Australia/VIC-VIDRL-2389/2024|EPI_ISL_19459797|2024-04-18,"[0.9999999999999999, 0.0, 0.0, 0.0, 0.0, 0.0, 0.0, 0.0, 0.0, 0.0, 0.0, 0.0, 0.0, 0.0, 0.0, 0.0, 0.0, 0.0, 0.0, 0.0, 0.0, 0.0, 0.0, 0.0, 0.0, 0.0, 0.0, 0.0, 0.0, 0.0, 0.0]"
NODE_0000148,"[0.9999999943251697, 1.4633161917664285e-10, 3.4762122900669385e-10, 1.501899212880792e-10, 1.2998849731467332e-10, 1.4781997839559363e-10, 1.4681437292918671e-10, 1.479186358814302e-10, 1.485276618573864e-10, 1.4773690666721726e-10, 1.4982115470179284e-10, 1.4811694956365978e-10, 1.4121793073899823e-10, 1.4445655896128634e-10, 4.2122480752493053e-10, 1.0010042229696008e-10, 1.4094962044052253e-10, 1.481169495636611e-10, 1.481169495636761e-10, 1.3679254306107333e-10, 1.4264149421374865e-10, 1.5150685918843221e-10, 1.0258305761148508e-10, 1.4877099936379624e-10, 6.049451498671316e-10, 1.4075906976704604e-10, 1.5267155039232355e-10, 1.4249022796122456e-10, 1.505224139280753e-10, 5.983481540748889e-10, 1.4772859771310437e-10]"
hMpxV/Australia/VIC-VIDRL-2390/2024|EPI_ISL_19459734|2024-04-18,"[0.9999999999999999, 0.0, 0.0, 0.0, 0.0, 0.0, 0.0, 0.0, 0.0, 0.0, 0.0, 0.0, 0.0, 0.0, 0.0, 0.0, 0.0, 0.0, 0.0, 0.0, 0.0, 0.0, 0.0, 0.0, 0.0, 0.0, 0.0, 0.0, 0.0, 0.0, 0.0]"
hMpxV/Australia/VIC-VIDRL-40803/2024|EPI_ISL_19459753|2024-04-24,"[1.0, 0.0, 0.0, 0.0, 0.0, 0.0, 0.0, 0.0, 0.0, 0.0, 0.0, 0.0, 0.0, 0.0, 0.0, 0.0, 0.0, 0.0, 0.0, 0.0, 0.0, 0.0, 0.0, 0.0, 0.0, 0.0, 0.0, 0.0, 0.0, 0.0, 0.0]"
NODE_0000149,"[6.533776429138315e-07, 3.5294781433346714e-07, 1.8363748828256147e-07, 3.6721788041539365e-07, 3.1444089183095023e-07, 3.5672323683313713e-07, 3.5229193849715516e-07, 3.5623636655850766e-07, 3.590046063949503e-07, 3.5699442451373885e-07, 1.3315158006947131e-06, 3.560104561670859e-07, 3.8768293292320793e-07, 3.5280718070635023e-07, 0.9998723413753121, 2.483212669708358e-07, 3.501871500178134e-07, 3.560104561670897e-07, 3.5601045616708676e-07, 3.3654656795471997e-07, 2.649596296330329e-07, 1.0577960288685237e-06, 2.599097009743598e-07, 3.587418519572995e-07, 1.126239143056008e-06, 3.3725656155164816e-07, 0.00010838273950794017, 3.4003342550867313e-07, 7.102959631562651e-06, 3.4376553236419956e-07, 3.5625911609376306e-07]"
hMpxV/Japan/OIPH-001/2023|EPI_ISL_17518107|2023-03-17,"[0.0, 0.0, 0.0, 0.0, 0.0, 0.0, 0.0, 0.0, 0.0, 0.0, 0.0, 0.0, 0.0, 0.0, 1.0, 0.0, 0.0, 0.0, 0.0, 0.0, 0.0, 0.0, 0.0, 0.0, 0.0, 0.0, 0.0, 0.0, 0.0, 0.0, 0.0]"
NODE_0000150,"[2.4645333202681766e-08, 1.2738809249065316e-08, 6.415651454471406e-09, 1.3193916598049136e-08, 1.1327140880199374e-08, 1.2879192068801575e-08, 1.2726051801687181e-08, 1.2844220301644948e-08, 1.2920292192205952e-08, 1.2887295651022346e-08, 5.222922198332884e-08, 1.2860291564436234e-08, 1.3977263337356283e-08, 1.2715858417540198e-08, 0.9999944376584812, 8.889378494142775e-09, 1.2588207163426303e-08, 1.2860291564437048e-08, 1.2860291564436353e-08, 1.21114344389349e-08, 1.0408806590814151e-08, 4.034224452661641e-08, 9.190799743471402e-09, 1.2946454901906206e-08, 4.452482137637026e-08, 1.2183979064325626e-08, 4.81465251714008e-06, 1.2282869797812792e-08, 2.9676307652165234e-07, 1.2543487704927424e-08, 1.2832319806953543e-08]"
hMpxV/Japan/TMIPH-0129/2023|EPI_ISL_17762485|2023-05-17,"[0.0, 0.0, 0.0, 0.0, 0.0, 0.0, 0.0, 0.0, 0.0, 0.0, 0.0, 0.0, 0.0, 0.0, 1.0, 0.0, 0.0, 0.0, 0.0, 0.0, 0.0, 0.0, 0.0, 0.0, 0.0, 0.0, 0.0, 0.0, 0.0, 0.0, 0.0]"
hMpxV/Japan/TMIPH-0112/2023|EPI_ISL_17959215|2023-05-11,"[0.0, 0.0, 0.0, 0.0, 0.0, 0.0, 0.0, 0.0, 0.0, 0.0, 0.0, 0.0, 0.0, 0.0, 0.9999999999999999, 0.0, 0.0, 0.0, 0.0, 0.0, 0.0, 0.0, 0.0, 0.0, 0.0, 0.0, 0.0, 0.0, 0.0, 0.0, 0.0]"
NODE_0000153,"[1.2918977793371872e-10, 2.0063913447668508e-10, 6.729060294724364e-11, 2.094725439160499e-10, 1.6933014119511934e-10, 2.0365721238762983e-10, 2.0111315039743936e-10, 2.0349942516358075e-10, 2.04852797359099e-10, 2.0362987685748758e-10, 2.937732048346305e-10, 2.0393435813141944e-10, 1.9859180253841765e-10, 1.9797354957855125e-10, 2.6847867447747623e-06, 1.1893438912448708e-10, 1.9220529543243188e-10, 2.03934358131433e-10, 2.0393435813145178e-10, 1.836074686236081e-10, 5.5866101521639606e-11, 9.060629076635825e-10, 1.228979382327921e-10, 2.054443020103186e-10, 4.735262909249239e-10, 1.8918123560879266e-10, 0.9999973087592279, 1.9232883989919486e-10, 4.717962795623464e-10, 4.4225956651247255e-11, 2.0313413941703364e-10]"
hMpxV/South_Korea/KDCA-P007/2023|EPI_ISL_18147345|2023-04-10,"[0.0, 0.0, 0.0, 0.0, 0.0, 0.0, 0.0, 0.0, 0.0, 0.0, 0.0, 0.0, 0.0, 0.0, 0.0, 0.0, 0.0, 0.0, 0.0, 0.0, 0.0, 0.0, 0.0, 0.0, 0.0, 0.0, 1.0, 0.0, 0.0, 0.0, 0.0]"
hMpxV/South_Korea/KDCA-P018/2023|EPI_ISL_18147348|2023-04-18,"[0.0, 0.0, 0.0, 0.0, 0.0, 0.0, 0.0, 0.0, 0.0, 0.0, 0.0, 0.0, 0.0, 0.0, 0.0, 0.0, 0.0, 0.0, 0.0, 0.0, 0.0, 0.0, 0.0, 0.0, 0.0, 0.0, 1.0, 0.0, 0.0, 0.0, 0.0]"
hMpxV/South_Korea/NMC-P003/2023|EPI_ISL_18744050|2023-05-03,"[0.0, 0.0, 0.0, 0.0, 0.0, 0.0, 0.0, 0.0, 0.0, 0.0, 0.0, 0.0, 0.0, 0.0, 0.0, 0.0, 0.0, 0.0, 0.0, 0.0, 0.0, 0.0, 0.0, 0.0, 0.0, 0.0, 1.0, 0.0, 0.0, 0.0, 0.0]"
NODE_0000138,"[1.0324680477143997e-11, 4.393127514668562e-12, 1.823937433053604e-12, 4.558242642637115e-12, 3.8656211117076705e-12, 4.439819398803852e-12, 4.403660804668199e-12, 4.45164735532864e-12, 4.482811490355058e-12, 4.436743317651966e-12, 2.8407535484063423e-11, 4.446782000179524e-12, 4.886636148237792e-12, 4.335310336941395e-12, 0.9999999884401367, 2.9283269373907453e-12, 4.227058280205586e-12, 4.446782000181256e-12, 4.446782000179928e-12, 4.089607736374539e-12, 4.711183269921445e-12, 1.9384386690237657e-11, 3.0315202298944165e-12, 4.473500241357504e-12, 2.4100776889782848e-11, 4.204098417795136e-12, 1.1101012818578776e-08, 4.264787862551285e-12, 2.766897473148643e-10, 4.144070906093695e-12, 4.451254093422403e-12]"
hMpxV/Japan/TMIPH-220531/2023|EPI_ISL_17445518|2023-03-31,"[0.0, 0.0, 0.0, 0.0, 0.0, 0.0, 0.0, 0.0, 0.0, 0.0, 0.0, 0.0, 0.0, 0.0, 1.0, 0.0, 0.0, 0.0, 0.0, 0.0, 0.0, 0.0, 0.0, 0.0, 0.0, 0.0, 0.0, 0.0, 0.0, 0.0, 0.0]"
hMpxV/Japan/TMIPH-0113/2023|EPI_ISL_17959216|2023-05-12,"[0.0, 0.0, 0.0, 0.0, 0.0, 0.0, 0.0, 0.0, 0.0, 0.0, 0.0, 0.0, 0.0, 0.0, 1.0, 0.0, 0.0, 0.0, 0.0, 0.0, 0.0, 0.0, 0.0, 0.0, 0.0, 0.0, 0.0, 0.0, 0.0, 0.0, 0.0]"
NODE_0000139,"[6.063998277213745e-10, 2.973176746032756e-10, 1.4405717544194784e-10, 3.0635075887250537e-10, 2.637942707000944e-10, 3.0069786110347547e-10, 2.973171634091982e-10, 2.994411594684228e-10, 3.0059911978199354e-10, 3.008328818463249e-10, 1.3472574550787994e-09, 3.0044422819266544e-10, 3.2585980151991567e-10, 2.962645731035968e-10, 0.9999998374255072, 2.0550242831656085e-10, 2.923680755524678e-10, 3.004442281927258e-10, 3.0044422819269486e-10, 2.8167650798277136e-10, 2.6850960904189697e-10, 1.0058134595507377e-09, 2.0958941623527387e-10, 3.021247222459039e-10, 1.1588298791351666e-09, 2.846750655419848e-10, 1.4343317714901093e-07, 2.869620636402295e-10, 8.262362892594869e-09, 2.9654506114485627e-10, 2.988341834300149e-10]"
hMpxV/Japan/TMIPH-0037/2023|EPI_ISL_17665625|2023-04-18,"[0.0, 0.0, 0.0, 0.0, 0.0, 0.0, 0.0, 0.0, 0.0, 0.0, 0.0, 0.0, 0.0, 0.0, 1.0, 0.0, 0.0, 0.0, 0.0, 0.0, 0.0, 0.0, 0.0, 0.0, 0.0, 0.0, 0.0, 0.0, 0.0, 0.0, 0.0]"
hMpxV/Japan/TMIPH-0007/2023|EPI_ISL_17592665|2023-04-03,"[0.0, 0.0, 0.0, 0.0, 0.0, 0.0, 0.0, 0.0, 0.0, 0.0, 0.0, 0.0, 0.0, 0.0, 1.0, 0.0, 0.0, 0.0, 0.0, 0.0, 0.0, 0.0, 0.0, 0.0, 0.0, 0.0, 0.0, 0.0, 0.0, 0.0, 0.0]"
NODE_0000144,"[1.630038099125261e-08, 8.622065839923772e-09, 4.417973333364811e-09, 8.950364150495404e-09, 7.674297854368944e-09, 8.715705755193055e-09, 8.609585547828987e-09, 8.697742541806286e-09, 8.757262575736261e-09, 8.721850378943134e-09, 3.3825190119515735e-08, 8.7004817692519e-09, 9.464994930791293e-09, 8.613136384842201e-09, 0.9999966079462103, 6.042684365172918e-09, 8.53862080660111e-09, 8.700481769255012e-09, 8.700481769252754e-09, 8.210341373613708e-09, 6.741422454953229e-09, 2.6514783966840344e-08, 6.285896986526077e-09, 8.763058023577823e-09, 2.87191729582728e-08, 8.242613066553417e-09, 2.905412460982847e-06, 8.309787068735706e-09, 1.8566157188589907e-07, 8.445411107425785e-09, 8.693969122376246e-09]"
hMpxV/Japan/TMIPH-230002/2023|EPI_ISL_17445519|2023-03-31,"[0.0, 0.0, 0.0, 0.0, 0.0, 0.0, 0.0, 0.0, 0.0, 0.0, 0.0, 0.0, 0.0, 0.0, 1.0, 0.0, 0.0, 0.0, 0.0, 0.0, 0.0, 0.0, 0.0, 0.0, 0.0, 0.0, 0.0, 0.0, 0.0, 0.0, 0.0]"
NODE_0000145,"[2.4637863087295496e-09, 1.2367360479146504e-09, 6.09549240164046e-10, 1.2775536036683151e-09, 1.0984255629406045e-09, 1.2505690021865935e-09, 1.236164713622893e-09, 1.2463187026831825e-09, 1.2524317097869612e-09, 1.2512069680329887e-09, 5.364474241076352e-09, 1.2491624039967926e-09, 1.3563654189883116e-09, 1.2332313784763207e-09, 0.9999993856505672, 8.585323082359974e-10, 1.2186915376686031e-09, 1.249162403997251e-09, 1.2491624039969247e-09, 1.173435863745728e-09, 1.0672335000817088e-09, 4.065232138452602e-09, 8.816731387126061e-10, 1.2568202641146933e-09, 4.59468607877629e-09, 1.1835246130615891e-09, 5.378917598436226e-07, 1.1931462041615188e-09, 3.1870213541734075e-08, 1.2256964377319275e-09, 1.244487271296853e-09]"
hMpxV/Japan/TMIPH-0072/2023|EPI_ISL_17692268|2023-04-28,"[0.0, 0.0, 0.0, 0.0, 0.0, 0.0, 0.0, 0.0, 0.0, 0.0, 0.0, 0.0, 0.0, 0.0, 0.9999999999999999, 0.0, 0.0, 0.0, 0.0, 0.0, 0.0, 0.0, 0.0, 0.0, 0.0, 0.0, 0.0, 0.0, 0.0, 0.0, 0.0]"
NODE_0000146,"[2.866556421401414e-09, 1.4447328396773566e-09, 7.142011376109148e-10, 1.4930015924886932e-09, 1.2833810665959445e-09, 1.460853122982573e-09, 1.4439538177384783e-09, 1.456051449100175e-09, 1.4634229991459027e-09, 1.4616183078853234e-09, 6.218567200517492e-09, 1.459139308253908e-09, 1.5846147390697889e-09, 1.4408327209226676e-09, 0.9999992953899922, 1.0036691642308879e-09, 1.4241921696693194e-09, 1.4591393082544481e-09, 1.4591393082540618e-09, 1.3711626222044553e-09, 1.2371854898810604e-09, 4.724708116511614e-09, 1.0318033594041874e-09, 1.4682083292445294e-09, 5.322521322599473e-09, 1.382458371783337e-09, 6.159348804841304e-07, 1.3937044711376855e-09, 3.672177372937302e-08, 1.4304999615123416e-09, 1.4540348656675638e-09]"
hMpxV/Japan/TMIPH-0174/2023|EPI_ISL_17837267|2023-06-12,"[0.0, 0.0, 0.0, 0.0, 0.0, 0.0, 0.0, 0.0, 0.0, 0.0, 0.0, 0.0, 0.0, 0.0, 1.0, 0.0, 0.0, 0.0, 0.0, 0.0, 0.0, 0.0, 0.0, 0.0, 0.0, 0.0, 0.0, 0.0, 0.0, 0.0, 0.0]"
hMpxV/Japan/TMIPH-0109/2023|EPI_ISL_17959214|2023-05-11,"[0.0, 0.0, 0.0, 0.0, 0.0, 0.0, 0.0, 0.0, 0.0, 0.0, 0.0, 0.0, 0.0, 0.0, 1.0, 0.0, 0.0, 0.0, 0.0, 0.0, 0.0, 0.0, 0.0, 0.0, 0.0, 0.0, 0.0, 0.0, 0.0, 0.0, 0.0]"
NODE_0000140,"[1.5925221613566226e-09, 8.053529417391733e-10, 3.8432284678172613e-10, 8.406248076318582e-10, 7.129126866679637e-10, 8.138081642456264e-10, 8.049894100231473e-10, 8.152436141474307e-10, 8.223285208247971e-10, 8.142092915744118e-10, 3.6087275372860858e-09, 8.134078271797543e-10, 8.952908681766888e-10, 8.013033846237865e-10, 0.9999993679212945, 5.537459492194159e-10, 7.904042681647756e-10, 8.134078271800536e-10, 8.134078271798365e-10, 7.610514007524221e-10, 6.567012345724713e-10, 2.9337770651246894e-09, 5.814660456045715e-10, 8.196772000715042e-10, 3.019024601276866e-09, 7.69301764677318e-10, 5.787775342697891e-07, 7.817397963923119e-10, 2.3912928712424566e-08, 7.536863962189472e-10, 8.1580738075852e-10]"
hMpxV/Japan/TMIPH-0047/2023|EPI_ISL_17665626|2023-04-19,"[0.0, 0.0, 0.0, 0.0, 0.0, 0.0, 0.0, 0.0, 0.0, 0.0, 0.0, 0.0, 0.0, 0.0, 1.0, 0.0, 0.0, 0.0, 0.0, 0.0, 0.0, 0.0, 0.0, 0.0, 0.0, 0.0, 0.0, 0.0, 0.0, 0.0, 0.0]"
hMpxV/Japan/TMIPH-0019/2023|EPI_ISL_17592670|2023-04-11,"[0.0, 0.0, 0.0, 0.0, 0.0, 0.0, 0.0, 0.0, 0.0, 0.0, 0.0, 0.0, 0.0, 0.0, 0.9999999999999999, 0.0, 0.0, 0.0, 0.0, 0.0, 0.0, 0.0, 0.0, 0.0, 0.0, 0.0, 0.0, 0.0, 0.0, 0.0, 0.0]"
NODE_0000141,"[0.0007612365904622561, 0.0006366832892278024, 0.0003837491792209845, 0.0006645956928939516, 0.0005644275039069399, 0.0006442436458017186, 0.0006330909731655794, 0.0006392861517965467, 0.0006431130789788165, 0.0006462336474571402, 0.001154484076108934, 0.0006414378912971941, 0.000820013867344106, 0.0006440500963076408, 0.9583508033850922, 0.0004529284941097946, 0.000652849004203172, 0.000641437891297196, 0.0006414378912971981, 0.0006187247199185026, 0.0002703992724237567, 0.00933196438994159, 0.0004754001736542754, 0.0006470554347438853, 0.0008980294463126115, 0.0006045937538683095, 0.012449060708745088, 0.0007299895687537291, 0.002620588183940043, 0.0004998316532270468, 0.0006382603445019297]"
hMpxV/Japan/NCGHM-001/2024|EPI_ISL_19293742|2024-03-03,"[0.0, 0.0, 0.0, 0.0, 0.0, 0.0, 0.0, 0.0, 0.0, 0.0, 0.0, 0.0, 0.0, 0.0, 1.0, 0.0, 0.0, 0.0, 0.0, 0.0, 0.0, 0.0, 0.0, 0.0, 0.0, 0.0, 0.0, 0.0, 0.0, 0.0, 0.0]"
NODE_0000142,"[5.4691258000257746e-09, 7.989357467250203e-09, 3.4592531179305884e-09, 8.405463237873037e-09, 6.79751848313023e-09, 8.118310354579815e-09, 7.962473785238738e-09, 8.063671416118784e-09, 8.1267946321711e-09, 8.133922206573689e-09, 9.608933402595597e-09, 8.088751439301545e-09, 1.815001398231926e-08, 8.023359107587374e-09, 9.337534344180504e-08, 4.97309775425848e-09, 8.093060822224558e-09, 8.088751439307e-09, 8.088751439282944e-09, 7.52056146171337e-09, 1.895624454772573e-09, 0.9999996346950365, 5.194645251668775e-09, 8.17057693374987e-09, 5.332986479324736e-09, 7.494899732641007e-09, 5.0249676275312905e-08, 1.6777033348333557e-08, 1.3021876355163308e-08, 2.5821667309625873e-09, 8.048962849239295e-09]"
hMpxV/Philippines/RITM-028/2024|EPI_ISL_19456608|2024-09-12,"[0.0, 0.0, 0.0, 0.0, 0.0, 0.0, 0.0, 0.0, 0.0, 0.0, 0.0, 0.0, 0.0, 0.0, 0.0, 0.0, 0.0, 0.0, 0.0, 0.0, 0.0, 1.0, 0.0, 0.0, 0.0, 0.0, 0.0, 0.0, 0.0, 0.0, 0.0]"
hMpxV/Philippines/RITM-029/2024|EPI_ISL_19456609|2024-09-12,"[0.0, 0.0, 0.0, 0.0, 0.0, 0.0, 0.0, 0.0, 0.0, 0.0, 0.0, 0.0, 0.0, 0.0, 0.0, 0.0, 0.0, 0.0, 0.0, 0.0, 0.0, 1.0, 0.0, 0.0, 0.0, 0.0, 0.0, 0.0, 0.0, 0.0, 0.0]"
NODE_0000124,"[3.5889165516659784e-14, 6.330776676032778e-14, 1.2700843089138605e-14, 6.680544264602513e-14, 5.0264307037959216e-14, 6.434417130754341e-14, 6.405123022185503e-14, 9.126996936076847e-14, 1.1409501852221354e-13, 6.53621613754491e-14, 1.2112714018595597e-13, 6.500751616857469e-14, 8.074598791130278e-14, 6.382790395356685e-14, 3.8738081176900815e-08, 3.009041156749945e-14, 6.05531244305091e-14, 6.500751616857002e-14, 6.500751616857962e-14, 5.457248238446622e-14, 1.527926097026536e-14, 1.448464529480624e-11, 9.833553266781766e-14, 7.484964216733275e-14, 2.377097325004217e-12, 5.898100727295301e-14, 0.9999999612431852, 8.250204934795274e-14, 1.9906305053098178e-13, 4.9610630866431685e-15, 1.0393740960541341e-13]"
hMpxV/China/SZ-CDC/Strain126,"[0.0, 0.0, 0.0, 0.0, 0.0, 0.0, 0.0, 0.0, 0.0, 0.0, 0.0, 0.0, 0.0, 0.0, 0.0, 0.0, 0.0, 0.0, 0.0, 0.0, 0.0, 0.0, 0.0, 0.0, 0.9999999999999999, 0.0, 0.0, 0.0, 0.0, 0.0, 0.0]"
hMpxV/South_Korea/KDCA-P011/2023|EPI_ISL_18147340|2023-04-14,"[0.0, 0.0, 0.0, 0.0, 0.0, 0.0, 0.0, 0.0, 0.0, 0.0, 0.0, 0.0, 0.0, 0.0, 0.0, 0.0, 0.0, 0.0, 0.0, 0.0, 0.0, 0.0, 0.0, 0.0, 0.0, 0.0, 1.0, 0.0, 0.0, 0.0, 0.0]"
hMpxV/South_Korea/KDCA-P028/2023|EPI_ISL_18147336|2023-04-22,"[0.0, 0.0, 0.0, 0.0, 0.0, 0.0, 0.0, 0.0, 0.0, 0.0, 0.0, 0.0, 0.0, 0.0, 0.0, 0.0, 0.0, 0.0, 0.0, 0.0, 0.0, 0.0, 0.0, 0.0, 0.0, 0.0, 1.0, 0.0, 0.0, 0.0, 0.0]"
hMpxV/South_Korea/KDCA-P021/2023|EPI_ISL_18147343|2023-04-21,"[0.0, 0.0, 0.0, 0.0, 0.0, 0.0, 0.0, 0.0, 0.0, 0.0, 0.0, 0.0, 0.0, 0.0, 0.0, 0.0, 0.0, 0.0, 0.0, 0.0, 0.0, 0.0, 0.0, 0.0, 0.0, 0.0, 1.0, 0.0, 0.0, 0.0, 0.0]"
hMpxV/South_Korea/KDCA-P032/2023|EPI_ISL_18147337|2023-04-25,"[0.0, 0.0, 0.0, 0.0, 0.0, 0.0, 0.0, 0.0, 0.0, 0.0, 0.0, 0.0, 0.0, 0.0, 0.0, 0.0, 0.0, 0.0, 0.0, 0.0, 0.0, 0.0, 0.0, 0.0, 0.0, 0.0, 1.0, 0.0, 0.0, 0.0, 0.0]"
hMpxV/Japan/TMIPH-230367/2024|EPI_ISL_19151800|2024-01-31,"[0.0, 0.0, 0.0, 0.0, 0.0, 0.0, 0.0, 0.0, 0.0, 0.0, 0.0, 0.0, 0.0, 0.0, 1.0, 0.0, 0.0, 0.0, 0.0, 0.0, 0.0, 0.0, 0.0, 0.0, 0.0, 0.0, 0.0, 0.0, 0.0, 0.0, 0.0]"
hMpxV/Philippines/RITM-006/2023|EPI_ISL_19409300|2023-07-07,"[0.0, 0.0, 0.0, 0.0, 0.0, 0.0, 0.0, 0.0, 0.0, 0.0, 0.0, 0.0, 0.0, 0.0, 0.0, 0.0, 0.0, 0.0, 0.0, 0.0, 0.0, 1.0, 0.0, 0.0, 0.0, 0.0, 0.0, 0.0, 0.0, 0.0, 0.0]"
NODE_0000118,"[1.4230213155495422e-06, 1.9733381632692687e-06, 8.534240637907738e-07, 4.901563886715124e-06, 1.6765441972926534e-06, 2.002413006604557e-06, 1.9675160944760566e-06, 1.988615904114155e-06, 1.999702063390341e-06, 2.007505446212994e-06, 2.5711434507127085e-06, 1.999062638093627e-06, 4.518121176978444e-06, 1.9756261428031375e-06, 0.00020672551337407383, 1.231322754220672e-06, 1.963955258669805e-06, 1.999062638093788e-06, 1.9990626380939366e-06, 1.8601376764698836e-06, 4.998512421627424e-07, 2.6691083571945255e-06, 1.288532965969233e-06, 2.016712642882626e-06, 1.4991043072715831e-06, 1.851796270197488e-06, 8.213017298058384e-06, 1.8670107570200876e-06, 0.999729807257703, 6.680126036396421e-07, 1.982943963015158e-06]"
hMpxV/Thailand/KCMH-462/2023|EPI_ISL_19437780|2023-12-22,"[0.0, 0.0, 0.0, 0.0, 0.0, 0.0, 0.0, 0.0, 0.0, 0.0, 0.0, 0.0, 0.0, 0.0, 0.0, 0.0, 0.0, 0.0, 0.0, 0.0, 0.0, 0.0, 0.0, 0.0, 0.0, 0.0, 0.0, 0.0, 1.0, 0.0, 0.0]"
NODE_0000123,"[5.195520093847105e-10, 9.047677100315476e-10, 2.9970957545227063e-10, 3.2941476912477024e-09, 7.476940866340118e-10, 9.200559605936671e-10, 9.048342425169717e-10, 9.150658040236248e-10, 9.199629963813843e-10, 9.21459945855744e-10, 1.1407023392707889e-09, 9.204891568201786e-10, 2.9227934492124838e-09, 8.975194811656156e-10, 2.0730285999489616e-07, 5.141114161194477e-10, 8.793198485024046e-10, 9.20489156820541e-10, 9.204891568209198e-10, 8.308514603196451e-10, 1.9060973574424426e-10, 1.1708735040249901e-09, 5.328894639041582e-10, 9.283039324378082e-10, 5.553027179519473e-10, 8.44115417166394e-10, 3.086808560419121e-09, 8.556657747312998e-10, 0.9999997631433987, 1.8330507803895537e-10, 9.118517143876632e-10]"
hMpxV/Thailand/KCMH-295/2023|EPI_ISL_19437772|2023-07-03,"[0.0, 0.0, 0.0, 0.0, 0.0, 0.0, 0.0, 0.0, 0.0, 0.0, 0.0, 0.0, 0.0, 0.0, 0.0, 0.0, 0.0, 0.0, 0.0, 0.0, 0.0, 0.0, 0.0, 0.0, 0.0, 0.0, 0.0, 0.0, 1.0, 0.0, 0.0]"
hMpxV/Thailand/KCMH-283/2023|EPI_ISL_19437779|2023-06-28,"[0.0, 0.0, 0.0, 0.0, 0.0, 0.0, 0.0, 0.0, 0.0, 0.0, 0.0, 0.0, 0.0, 0.0, 0.0, 0.0, 0.0, 0.0, 0.0, 0.0, 0.0, 0.0, 0.0, 0.0, 0.0, 0.0, 0.0, 0.0, 1.0, 0.0, 0.0]"
NODE_0000121,"[7.133665469575178e-08, 1.5228666250749295e-07, 4.8077850664536576e-08, 9.793312905514422e-05, 1.2453451103227976e-07, 1.5519045994950797e-07, 1.5227666638970023e-07, 1.5364016406843632e-07, 1.5412104252356213e-07, 1.5544245865123023e-07, 1.5070077562480083e-07, 1.5511401598901756e-07, 3.9814078580686615e-07, 1.5141861376573834e-07, 1.3932910449276444e-06, 8.392783594443702e-08, 1.4834680504019985e-07, 1.551140159890307e-07, 1.5511401598903018e-07, 1.3945819982213509e-07, 2.6192405640011845e-08, 1.6267872482785e-07, 8.550809419479854e-08, 1.5638110112841565e-07, 6.706737321162125e-08, 1.4158355224635993e-07, 1.333226751224294e-07, 1.4327311996785695e-07, 0.9998968760102745, 2.4495037623256445e-08, 1.528260070158334e-07]"
hMpxV/Thailand/KCMH-455/2023|EPI_ISL_19437773|2023-12-01,"[0.0, 0.0, 0.0, 0.0, 0.0, 0.0, 0.0, 0.0, 0.0, 0.0, 0.0, 0.0, 0.0, 0.0, 0.0, 0.0, 0.0, 0.0, 0.0, 0.0, 0.0, 0.0, 0.0, 0.0, 0.0, 0.0, 0.0, 0.0, 1.0, 0.0, 0.0]"
hMpxV/Cambodia/NPHL1211017/2023|EPI_ISL_18697752|2023-12-11,"[0.0, 0.0, 0.0, 1.0, 0.0, 0.0, 0.0, 0.0, 0.0, 0.0, 0.0, 0.0, 0.0, 0.0, 0.0, 0.0, 0.0, 0.0, 0.0, 0.0, 0.0, 0.0, 0.0, 0.0, 0.0, 0.0, 0.0, 0.0, 0.0, 0.0, 0.0]"
NODE_0000122,"[2.1048886077649928e-08, 3.9249737474298544e-08, 1.4950307113953745e-08, 1.552872429507585e-06, 3.285719393721412e-08, 3.994854940069248e-08, 3.917822934800442e-08, 3.952121912764394e-08, 3.967090951657711e-08, 4.0020201132226626e-08, 3.858798217804596e-08, 3.984867913122831e-08, 1.1787503074160813e-07, 3.927951108784683e-08, 5.614284162866814e-07, 2.3228563412965658e-08, 3.8848127379070923e-08, 3.984867913123001e-08, 3.984867913123163e-08, 3.655600481896197e-08, 7.687457293995258e-09, 4.193758933602261e-08, 2.3709242021700966e-08, 4.018445640167692e-08, 1.912877903665978e-08, 3.670956338562997e-08, 3.423221773482649e-08, 3.701882912723763e-08, 0.9999968766135497, 8.76639170405503e-09, 3.93445883349063e-08]"
hMpxV/Thailand/KCMH-459/2023|EPI_ISL_19437775|2023-12-12,"[0.0, 0.0, 0.0, 0.0, 0.0, 0.0, 0.0, 0.0, 0.0, 0.0, 0.0, 0.0, 0.0, 0.0, 0.0, 0.0, 0.0, 0.0, 0.0, 0.0, 0.0, 0.0, 0.0, 0.0, 0.0, 0.0, 0.0, 0.0, 1.0, 0.0, 0.0]"
hMpxV/Thailand/KCMH-465/2023|EPI_ISL_19437776|2023-12-28,"[0.0, 0.0, 0.0, 0.0, 0.0, 0.0, 0.0, 0.0, 0.0, 0.0, 0.0, 0.0, 0.0, 0.0, 0.0, 0.0, 0.0, 0.0, 0.0, 0.0, 0.0, 0.0, 0.0, 0.0, 0.0, 0.0, 0.0, 0.0, 1.0, 0.0, 0.0]"
NODE_0000113,"[0.00045875024636349884, 0.0005814311216797292, 0.00026700834994573813, 0.0009065528682414869, 0.0004996141952128188, 0.0005900206876480746, 0.00057949402263206, 0.0005857980103008562, 0.000589540712775906, 0.000591225581114025, 0.0008002376967228435, 0.0005881765507355563, 0.04289591045223947, 0.0005860096537287105, 0.0359293258533245, 0.000372982054210412, 0.0008147111119189017, 0.0005881765507355684, 0.0005881765507355825, 0.0005504264984990971, 0.00016432705917459882, 0.0011799876536207493, 0.0003915472308260581, 0.0005935079996352436, 0.0004843335608408271, 0.0005474916535170688, 0.002640824831746548, 0.0005540608151990848, 0.9032683048568553, 0.0002275524983571552, 0.0005844930714625958]"
hMpxV/Thailand/KCMH-026/2023|EPI_ISL_19437777|2023-05-12,"[0.0, 0.0, 0.0, 0.0, 0.0, 0.0, 0.0, 0.0, 0.0, 0.0, 0.0, 0.0, 0.0, 0.0, 0.0, 0.0, 0.0, 0.0, 0.0, 0.0, 0.0, 0.0, 0.0, 0.0, 0.0, 0.0, 0.0, 0.0, 1.0, 0.0, 0.0]"
NODE_0000114,"[1.343592104763523e-05, 3.117006993218501e-05, 8.957168214216054e-06, 4.501284977687183e-05, 2.4930671954849686e-05, 3.17341238552263e-05, 3.121954522981965e-05, 3.143847174349046e-05, 3.1436352517256503e-05, 3.20174462008757e-05, 3.190294047946996e-05, 3.185724669623371e-05, 0.9947474880983573, 4.1015753876787554e-05, 0.00011214905308334526, 1.635368284564628e-05, 0.00039303125072799025, 3.185724669623398e-05, 3.185724669623381e-05, 2.8358676076472158e-05, 5.218509412324869e-06, 0.0010831949716497706, 2.5765477818221165e-05, 3.206746637671214e-05, 1.4813335827546295e-05, 2.886976465638037e-05, 4.337816740830515e-05, 4.3103732560928494e-05, 0.0029396248248922865, 5.528871212115732e-06, 3.121106217741954e-05]"
hMpxV/Indonesia/JK-NIHRD-MP010/2023|EPI_ISL_18436041|2023-10-20,"[0.0, 0.0, 0.0, 0.0, 0.0, 0.0, 0.0, 0.0, 0.0, 0.0, 0.0, 0.0, 1.0, 0.0, 0.0, 0.0, 0.0, 0.0, 0.0, 0.0, 0.0, 0.0, 0.0, 0.0, 0.0, 0.0, 0.0, 0.0, 0.0, 0.0, 0.0]"
hMpxV/Indonesia/JK-NIHRD-MP005/2023|EPI_ISL_18436040|2023-10-12,"[0.0, 0.0, 0.0, 0.0, 0.0, 0.0, 0.0, 0.0, 0.0, 0.0, 0.0, 0.0, 1.0, 0.0, 0.0, 0.0, 0.0, 0.0, 0.0, 0.0, 0.0, 0.0, 0.0, 0.0, 0.0, 0.0, 0.0, 0.0, 0.0, 0.0, 0.0]"
hMpxV/Netherlands/un-EMC-NL105/2024|EPI_ISL_19002300|2024-03-07,"[0.0, 0.0, 0.0, 0.0, 0.0, 0.0, 0.0, 0.0, 0.0, 0.0, 0.0, 0.0, 0.0, 0.0, 0.0, 0.0, 1.0, 0.0, 0.0, 0.0, 0.0, 0.0, 0.0, 0.0, 0.0, 0.0, 0.0, 0.0, 0.0, 0.0, 0.0]"
NODE_0000117,"[8.206416728455137e-08, 1.4772757691813287e-07, 5.9325681673674015e-08, 1.5503997492381866e-07, 1.2377790469854808e-07, 1.5033213994053265e-07, 1.473189586043434e-07, 1.4854104859662324e-07, 1.490306469313956e-07, 1.5069970199582765e-07, 1.4419937862308053e-07, 1.4990672385096564e-07, 4.7499397930972875e-06, 1.4899218076512548e-07, 1.8733813458230163e-07, 8.831560647847123e-08, 1.874812019245851e-07, 1.4990672385101913e-07, 1.4990672385078638e-07, 1.3839970453791016e-07, 2.9104718239355547e-08, 0.9999911540094452, 9.129575002056276e-08, 1.511866134720959e-07, 7.405467054359996e-08, 1.3804580575865414e-07, 2.771545295689291e-07, 3.075653068686519e-07, 1.8419049712188355e-07, 3.732291011526544e-08, 1.4782578023417693e-07]"
hMpxV/Philippines/RITM-007/2023|EPI_ISL_19420626|2023-12-05,"[0.0, 0.0, 0.0, 0.0, 0.0, 0.0, 0.0, 0.0, 0.0, 0.0, 0.0, 0.0, 0.0, 0.0, 0.0, 0.0, 0.0, 0.0, 0.0, 0.0, 0.0, 1.0, 0.0, 0.0, 0.0, 0.0, 0.0, 0.0, 0.0, 0.0, 0.0]"
hMpxV/Philippines/RITM-008/2023|EPI_ISL_19420632|2023-12-12,"[0.0, 0.0, 0.0, 0.0, 0.0, 0.0, 0.0, 0.0, 0.0, 0.0, 0.0, 0.0, 0.0, 0.0, 0.0, 0.0, 0.0, 0.0, 0.0, 0.0, 0.0, 1.0, 0.0, 0.0, 0.0, 0.0, 0.0, 0.0, 0.0, 0.0, 0.0]"
NODE_0000116,"[2.055829715350411e-12, 5.520906997357958e-12, 1.3000462558132654e-12, 5.9563041666332825e-12, 4.3743010809314156e-12, 5.6349395095746745e-12, 5.540692914559329e-12, 5.591780216885878e-12, 5.604406503212337e-12, 5.640486637321963e-12, 5.435361017184081e-12, 5.651890071027556e-12, 0.9999999997570095, 5.519041456467243e-12, 3.1055875812109677e-12, 2.7459989535139913e-12, 3.227186373269099e-11, 5.651890071026179e-12, 5.651890071025765e-12, 4.911102844806633e-12, 7.933443545636874e-13, 4.206805951776157e-11, 2.8614546432777794e-12, 5.693381949174165e-12, 2.0284454737392876e-12, 5.100731316213325e-12, 4.123765271134061e-12, 5.319333428398182e-12, 5.0749947035520603e-11, 5.31218402577759e-13, 5.556880321826191e-12]"
hMpxV/Indonesia/JK-NIHRD-MP044/2023|EPI_ISL_18467805|2023-10-25,"[0.0, 0.0, 0.0, 0.0, 0.0, 0.0, 0.0, 0.0, 0.0, 0.0, 0.0, 0.0, 1.0, 0.0, 0.0, 0.0, 0.0, 0.0, 0.0, 0.0, 0.0, 0.0, 0.0, 0.0, 0.0, 0.0, 0.0, 0.0, 0.0, 0.0, 0.0]"
hMpxV/Indonesia/JK-NIHRD-MP088/2023|EPI_ISL_18467807|2023-10-30,"[0.0, 0.0, 0.0, 0.0, 0.0, 0.0, 0.0, 0.0, 0.0, 0.0, 0.0, 0.0, 1.0, 0.0, 0.0, 0.0, 0.0, 0.0, 0.0, 0.0, 0.0, 0.0, 0.0, 0.0, 0.0, 0.0, 0.0, 0.0, 0.0, 0.0, 0.0]"
hMpxV/Indonesia/JK-Biokes-MP302/2023|EPI_ISL_19159111|2023-12-12,"[0.0, 0.0, 0.0, 0.0, 0.0, 0.0, 0.0, 0.0, 0.0, 0.0, 0.0, 0.0, 1.0, 0.0, 0.0, 0.0, 0.0, 0.0, 0.0, 0.0, 0.0, 0.0, 0.0, 0.0, 0.0, 0.0, 0.0, 0.0, 0.0, 0.0, 0.0]"
hMpxV/Indonesia/JB-Biokes-MP294/2023|EPI_ISL_19159109|2023-12-07,"[0.0, 0.0, 0.0, 0.0, 0.0, 0.0, 0.0, 0.0, 0.0, 0.0, 0.0, 0.0, 1.0, 0.0, 0.0, 0.0, 0.0, 0.0, 0.0, 0.0, 0.0, 0.0, 0.0, 0.0, 0.0, 0.0, 0.0, 0.0, 0.0, 0.0, 0.0]"
NODE_0000125,"[1.8487933512440744e-13, 4.219979496291137e-13, 7.926244061723993e-14, 4.426374782349812e-13, 3.359123297261526e-13, 4.289872803770239e-13, 4.2629791006229e-13, 4.347082614717068e-13, 4.394946455921569e-13, 4.2825536377102484e-13, 6.757987563746559e-13, 4.33176739502364e-13, 4.0201002579350343e-13, 4.0522433640286063e-13, 5.04162768138437e-07, 2.0648324656251854e-13, 3.773127713734012e-13, 4.3317673950237274e-13, 4.3317673950237547e-13, 3.6472493396987654e-13, 9.0369659183051e-14, 4.182682726913943e-12, 2.2156613920019016e-13, 4.364991959131918e-13, 1.5596437607916375e-12, 3.9371182870679286e-13, 0.999999495820913, 4.0860838858020417e-13, 1.2029842495348006e-12, 3.4452481868726315e-14, 4.3481526279793366e-13]"
hMpxV/South_Korea/KDCA-P02/2023|EPI_ISL_18542113|2023-06-01,"[0.0, 0.0, 0.0, 0.0, 0.0, 0.0, 0.0, 0.0, 0.0, 0.0, 0.0, 0.0, 0.0, 0.0, 0.0, 0.0, 0.0, 0.0, 0.0, 0.0, 0.0, 0.0, 0.0, 0.0, 0.0, 0.0, 0.9999999999999999, 0.0, 0.0, 0.0, 0.0]"
hMpxV/South_Korea/KDCA-P19/2023|EPI_ISL_18542119|2023-07-12,"[0.0, 0.0, 0.0, 0.0, 0.0, 0.0, 0.0, 0.0, 0.0, 0.0, 0.0, 0.0, 0.0, 0.0, 0.0, 0.0, 0.0, 0.0, 0.0, 0.0, 0.0, 0.0, 0.0, 0.0, 0.0, 0.0, 1.0, 0.0, 0.0, 0.0, 0.0]"
hMpxV/South_Korea/KDCA-P11/2023|EPI_ISL_18540495|2023-07-05,"[0.0, 0.0, 0.0, 0.0, 0.0, 0.0, 0.0, 0.0, 0.0, 0.0, 0.0, 0.0, 0.0, 0.0, 0.0, 0.0, 0.0, 0.0, 0.0, 0.0, 0.0, 0.0, 0.0, 0.0, 0.0, 0.0, 1.0, 0.0, 0.0, 0.0, 0.0]"
NODE_0000137,"[3.4697398881543065e-08, 5.68917548305592e-08, 2.5108139483462326e-08, 5.9089424359931606e-08, 4.8801280235455146e-08, 5.7731871782510754e-08, 5.67850620343182e-08, 5.7398236434878836e-08, 5.773816965213865e-08, 5.784122042966414e-08, 5.835478561883074e-08, 5.762649630937919e-08, 5.639291877688549e-08, 5.693591956467673e-08, 9.952059332471965e-06, 3.6181745749799144e-08, 5.628642403473156e-08, 5.762649630938356e-08, 5.7626496309388315e-08, 5.364888640899773e-08, 1.3660905910781279e-08, 1.6928864552919478e-07, 3.7811604263255465e-08, 5.810716426462099e-08, 8.483495519156169e-08, 5.367818153078277e-08, 0.9999884373692867, 5.4223091507694047e-08, 6.228462794783507e-08, 1.6651033913081392e-08, 5.726844338157311e-08]"
hMpxV/South_Korea/KDCA-P10/2023|EPI_ISL_18542116|2023-09-15,"[0.0, 0.0, 0.0, 0.0, 0.0, 0.0, 0.0, 0.0, 0.0, 0.0, 0.0, 0.0, 0.0, 0.0, 0.0, 0.0, 0.0, 0.0, 0.0, 0.0, 0.0, 0.0, 0.0, 0.0, 0.0, 0.0, 1.0, 0.0, 0.0, 0.0, 0.0]"
hMpxV/South_Korea/KDCA-P09/2023|EPI_ISL_18542104|2023-07-05,"[0.0, 0.0, 0.0, 0.0, 0.0, 0.0, 0.0, 0.0, 0.0, 0.0, 0.0, 0.0, 0.0, 0.0, 0.0, 0.0, 0.0, 0.0, 0.0, 0.0, 0.0, 0.0, 0.0, 0.0, 0.0, 0.0, 1.0, 0.0, 0.0, 0.0, 0.0]"
NODE_0000132,"[1.33807138130698e-07, 2.264174315926044e-07, 9.65332216807127e-08, 2.351567177938493e-07, 1.9375156232299158e-07, 2.2982195444984093e-07, 2.2610315419919827e-07, 2.2842735772726017e-07, 2.2967613914225045e-07, 2.3019593556339473e-07, 2.305511098248875e-07, 2.2945093247787026e-07, 2.2335569039836012e-07, 2.2629302531348182e-07, 4.718791100406987e-05, 1.425555776009537e-07, 2.233253632218036e-07, 2.294509324778701e-07, 2.2945093247787307e-07, 2.1273231115998045e-07, 5.346972070743634e-08, 7.034776744478189e-07, 1.481217433267597e-07, 2.3129965776621673e-07, 3.471164019075747e-07, 2.1358743403648735e-07, 0.9999463911798988, 2.15790176970428e-07, 2.414361141617762e-07, 6.171098405113236e-08, 2.2784270238666733e-07]"
hMpxV/South_Korea/KDCA-P22/2023|EPI_ISL_18540494|2023-08-03,"[0.0, 0.0, 0.0, 0.0, 0.0, 0.0, 0.0, 0.0, 0.0, 0.0, 0.0, 0.0, 0.0, 0.0, 0.0, 0.0, 0.0, 0.0, 0.0, 0.0, 0.0, 0.0, 0.0, 0.0, 0.0, 0.0, 1.0, 0.0, 0.0, 0.0, 0.0]"
NODE_0000133,"[4.00439369741151e-10, 7.595767266314941e-10, 2.8392375343810895e-10, 7.89220178832883e-10, 6.433840083921447e-10, 7.716643115433815e-10, 7.599400228673684e-10, 7.66835098382491e-10, 7.701020113529953e-10, 7.722686626854192e-10, 7.603281980032967e-10, 7.712475343396048e-10, 7.372312200828046e-10, 7.551487364624496e-10, 4.309642723879054e-07, 4.595857669840926e-10, 7.398859620041397e-10, 7.712475343396169e-10, 7.712475343396537e-10, 7.038140763500438e-10, 1.6834263276953393e-10, 2.811347319275083e-09, 4.694428326230408e-10, 7.768053695217936e-10, 1.2979855218907979e-09, 7.15734845228628e-10, 0.9999995472075132, 7.24194413264087e-10, 7.539005699653931e-10, 1.5912828241601477e-10, 7.642419532396637e-10]"
hMpxV/South_Korea/KDCA-P15/2023|EPI_ISL_18542109|2023-07-05,"[0.0, 0.0, 0.0, 0.0, 0.0, 0.0, 0.0, 0.0, 0.0, 0.0, 0.0, 0.0, 0.0, 0.0, 0.0, 0.0, 0.0, 0.0, 0.0, 0.0, 0.0, 0.0, 0.0, 0.0, 0.0, 0.0, 1.0, 0.0, 0.0, 0.0, 0.0]"
NODE_0000134,"[6.944443974314435e-11, 1.295732231917003e-10, 4.9990471982506475e-11, 1.345949440377953e-10, 1.1015871915409342e-10, 1.3162964207083492e-10, 1.295743756970217e-10, 1.306565837312245e-10, 1.3115462598754543e-10, 1.3174064400168718e-10, 1.2809580787584579e-10, 1.3148238880043567e-10, 1.2594589644801847e-10, 1.2904077845621851e-10, 4.3634935971758717e-08, 7.929696913958013e-11, 1.2677272346880417e-10, 1.31482388800438e-10, 1.3148238880043262e-10, 1.2046224080419026e-10, 2.903972629379099e-11, 4.5408197383144154e-10, 8.063741474701789e-11, 1.3241847044271327e-10, 2.146864974353013e-10, 1.2218072404360942e-10, 0.9999999526729704, 1.2343491039427069e-10, 1.244811143030829e-10, 2.8369421520175575e-11, 1.3018411570884711e-10]"
hMpxV/South_Korea/KDCA-P14/2023|EPI_ISL_18542105|2023-07-05,"[0.0, 0.0, 0.0, 0.0, 0.0, 0.0, 0.0, 0.0, 0.0, 0.0, 0.0, 0.0, 0.0, 0.0, 0.0, 0.0, 0.0, 0.0, 0.0, 0.0, 0.0, 0.0, 0.0, 0.0, 0.0, 0.0, 1.0, 0.0, 0.0, 0.0, 0.0]"
NODE_0000135,"[3.92806644524944e-14, 9.100185690282942e-14, 2.6286576748703173e-14, 9.466800348049028e-14, 7.538906091862837e-14, 9.256311341943597e-14, 9.136345507815648e-14, 9.220562938277006e-14, 9.255156405878729e-14, 9.252355736838248e-14, 9.078495931857021e-14, 9.276705418134133e-14, 8.614729393615136e-14, 8.949230875213479e-14, 2.2299615387248362e-10, 5.082665895346277e-14, 8.630704388987695e-14, 9.276705418135155e-14, 9.276705418135716e-14, 8.216811268857587e-14, 1.787732529598265e-14, 4.663669288642696e-13, 5.1348068733217457e-14, 9.335395820709898e-14, 1.8945223512711283e-13, 8.547344856293432e-14, 0.9999999997742717, 8.695883549194679e-14, 8.594295963021654e-14, 1.1683906604676434e-14, 9.184599967055074e-14]"
hMpxV/South_Korea/KDCA-P17/2023|EPI_ISL_18542114|2023-07-12,"[0.0, 0.0, 0.0, 0.0, 0.0, 0.0, 0.0, 0.0, 0.0, 0.0, 0.0, 0.0, 0.0, 0.0, 0.0, 0.0, 0.0, 0.0, 0.0, 0.0, 0.0, 0.0, 0.0, 0.0, 0.0, 0.0, 1.0, 0.0, 0.0, 0.0, 0.0]"
hMpxV/South_Korea/KDCA-P08/2023|EPI_ISL_18542108|2023-07-05,"[0.0, 0.0, 0.0, 0.0, 0.0, 0.0, 0.0, 0.0, 0.0, 0.0, 0.0, 0.0, 0.0, 0.0, 0.0, 0.0, 0.0, 0.0, 0.0, 0.0, 0.0, 0.0, 0.0, 0.0, 0.0, 0.0, 1.0, 0.0, 0.0, 0.0, 0.0]"
NODE_0000136,"[5.188818751280789e-10, 9.105754140782171e-10, 3.7449705489220887e-10, 9.458086764704488e-10, 7.774470732907324e-10, 9.245500731158557e-10, 9.097666603812771e-10, 9.184133084856995e-10, 9.228286227257812e-10, 9.257903485113162e-10, 9.15936961247084e-10, 9.232018009461468e-10, 8.933458514846773e-10, 9.08951550443833e-10, 2.2106525065960786e-07, 5.675574258299387e-10, 8.956472989991521e-10, 9.232018009462419e-10, 9.232018009461928e-10, 8.522941226766948e-10, 2.1087507608139462e-10, 2.9513320050893902e-09, 5.846406769344481e-10, 9.303079710000814e-10, 1.43478331603048e-09, 8.588746625851488e-10, 0.9999997530896063, 8.676337412967924e-10, 9.303198135828902e-10, 2.287981142493843e-10, 9.156798377938081e-10]"
hMpxV/South_Korea/KDCA-P13/2023|EPI_ISL_18542112|2023-07-05,"[0.0, 0.0, 0.0, 0.0, 0.0, 0.0, 0.0, 0.0, 0.0, 0.0, 0.0, 0.0, 0.0, 0.0, 0.0, 0.0, 0.0, 0.0, 0.0, 0.0, 0.0, 0.0, 0.0, 0.0, 0.0, 0.0, 0.9999999999999999, 0.0, 0.0, 0.0, 0.0]"
hMpxV/South_Korea/KDCA-P18/2023|EPI_ISL_18541180|2023-09-15,"[0.0, 0.0, 0.0, 0.0, 0.0, 0.0, 0.0, 0.0, 0.0, 0.0, 0.0, 0.0, 0.0, 0.0, 0.0, 0.0, 0.0, 0.0, 0.0, 0.0, 0.0, 0.0, 0.0, 0.0, 0.0, 0.0, 1.0, 0.0, 0.0, 0.0, 0.0]"
NODE_0000126,"[7.543257973109253e-10, 1.3344430693063615e-09, 5.434831496428284e-10, 1.3860948807266245e-09, 1.1384295296702696e-09, 1.3550062448697277e-09, 1.3334474242787585e-09, 1.3460401334198382e-09, 1.3524212589213635e-09, 1.3567383406369564e-09, 1.34140700859772e-09, 1.3531512600678657e-09, 1.3076696532195046e-09, 1.3315044270081337e-09, 3.9167810368994875e-07, 8.292276187993958e-10, 1.311256732163746e-09, 1.3531512600680146e-09, 1.3531512600679757e-09, 1.2477213444094665e-09, 3.076600624475092e-10, 4.385969869177484e-09, 8.533897585072477e-10, 1.3634910822369709e-09, 2.1207017806079666e-09, 1.2585567840297255e-09, 0.9999995704019088, 1.2715810030346905e-09, 1.3588126383918785e-09, 3.2918482718988316e-10, 1.3419690278264846e-09]"
NODE_0000131,"[3.325466532880631e-08, 5.460064175754428e-08, 2.406357867487855e-08, 5.670988753922133e-08, 4.6831810135291144e-08, 5.540757385214142e-08, 5.4499305585776684e-08, 5.508625613411182e-08, 5.5411169069903263e-08, 5.551190280845468e-08, 5.598083492815839e-08, 5.530679921364787e-08, 5.411058460604029e-08, 5.4640344290739826e-08, 9.609661747001425e-06, 3.4711026422524334e-08, 5.4013693910350613e-08, 5.530679921365214e-08, 5.530679921365662e-08, 5.1480805703486244e-08, 1.310128714043777e-08, 1.6274067514809934e-07, 3.626345568391478e-08, 5.5767372125369206e-08, 8.150616068867523e-08, 5.1516224681081016e-08, 0.9999888445886693, 5.203906884487147e-08, 5.968808209890677e-08, 1.593193231893417e-08, 5.4960846719230785e-08]"
hMpxV/South_Korea/KDCA-P04/2023|EPI_ISL_18542110|2023-09-15,"[0.0, 0.0, 0.0, 0.0, 0.0, 0.0, 0.0, 0.0, 0.0, 0.0, 0.0, 0.0, 0.0, 0.0, 0.0, 0.0, 0.0, 0.0, 0.0, 0.0, 0.0, 0.0, 0.0, 0.0, 0.0, 0.0, 1.0, 0.0, 0.0, 0.0, 0.0]"
hMpxV/South_Korea/KDCA-P03/2023|EPI_ISL_18541890|2023-06-23,"[0.0, 0.0, 0.0, 0.0, 0.0, 0.0, 0.0, 0.0, 0.0, 0.0, 0.0, 0.0, 0.0, 0.0, 0.0, 0.0, 0.0, 0.0, 0.0, 0.0, 0.0, 0.0, 0.0, 0.0, 0.0, 0.0, 1.0, 0.0, 0.0, 0.0, 0.0]"
NODE_0000127,"[3.1329327512952425e-10, 5.568582362973098e-10, 2.254398917860134e-10, 5.784314743500547e-10, 4.747916369547109e-10, 5.654559335199014e-10, 5.564921039396571e-10, 5.617548799298619e-10, 5.644146505017117e-10, 5.661621840574014e-10, 5.597898643393311e-10, 5.647228122122805e-10, 5.453542007034323e-10, 5.554772211826633e-10, 1.6712190426304293e-07, 3.453460059268328e-10, 5.46809981057724e-10, 5.647228122123688e-10, 5.647228122123848e-10, 5.203310614923031e-10, 1.2800682246983618e-10, 1.8477727068074857e-09, 3.5533339651416433e-10, 5.690269985935916e-10, 8.897752654292529e-10, 5.251459594863697e-10, 0.9999998170395105, 5.306601427774286e-10, 5.665291365302555e-10, 1.3591300167758484e-10, 5.600507063302454e-10]"
hMpxV/South_Korea/KDCA-P05/2023|EPI_ISL_18542117|2023-06-23,"[0.0, 0.0, 0.0, 0.0, 0.0, 0.0, 0.0, 0.0, 0.0, 0.0, 0.0, 0.0, 0.0, 0.0, 0.0, 0.0, 0.0, 0.0, 0.0, 0.0, 0.0, 0.0, 0.0, 0.0, 0.0, 0.0, 1.0, 0.0, 0.0, 0.0, 0.0]"
NODE_0000128,"[5.202118237503868e-16, 1.4832367520789098e-15, 3.049833878220468e-16, 1.5474239149140523e-15, 1.1857624622371495e-15, 1.5096501229934695e-15, 1.4959356178832194e-15, 1.5183727681683318e-15, 1.5292086516954945e-15, 1.5079625168051641e-15, 1.5997050271904376e-15, 1.5210222822045014e-15, 1.3780652697756712e-15, 1.434970252740273e-15, 6.414525713925274e-11, 7.390994633783836e-16, 1.3489354343903086e-15, 1.521022282204619e-15, 1.5210222822047572e-15, 1.295565784055879e-15, 2.5243320134023095e-16, 1.2132690083549929e-14, 7.709702718769681e-16, 1.5313976116709478e-15, 4.038504810359473e-15, 1.3838432926671048e-15, 0.999999999935805, 1.4269873179057069e-15, 1.676590210010286e-15, 1.0884602881865971e-16, 1.5150256679960778e-15]"
hMpxV/South_Korea/KDCA-P022/2023|EPI_ISL_18147353|2023-04-21,"[0.0, 0.0, 0.0, 0.0, 0.0, 0.0, 0.0, 0.0, 0.0, 0.0, 0.0, 0.0, 0.0, 0.0, 0.0, 0.0, 0.0, 0.0, 0.0, 0.0, 0.0, 0.0, 0.0, 0.0, 0.0, 0.0, 0.9999999999999999, 0.0, 0.0, 0.0, 0.0]"
hMpxV/South_Korea/KDCA-P06/2023|EPI_ISL_18542111|2023-07-05,"[0.0, 0.0, 0.0, 0.0, 0.0, 0.0, 0.0, 0.0, 0.0, 0.0, 0.0, 0.0, 0.0, 0.0, 0.0, 0.0, 0.0, 0.0, 0.0, 0.0, 0.0, 0.0, 0.0, 0.0, 0.0, 0.0, 1.0, 0.0, 0.0, 0.0, 0.0]"
hMpxV/South_Korea/KDCA-P01/2023|EPI_ISL_18542106|2023-05-03,"[0.0, 0.0, 0.0, 0.0, 0.0, 0.0, 0.0, 0.0, 0.0, 0.0, 0.0, 0.0, 0.0, 0.0, 0.0, 0.0, 0.0, 0.0, 0.0, 0.0, 0.0, 0.0, 0.0, 0.0, 0.0, 0.0, 0.9999999999999999, 0.0, 0.0, 0.0, 0.0]"
hMpxV/South_Korea/KDCA-P07/2023|EPI_ISL_18540666|2023-07-05,"[0.0, 0.0, 0.0, 0.0, 0.0, 0.0, 0.0, 0.0, 0.0, 0.0, 0.0, 0.0, 0.0, 0.0, 0.0, 0.0, 0.0, 0.0, 0.0, 0.0, 0.0, 0.0, 0.0, 0.0, 0.0, 0.0, 1.0, 0.0, 0.0, 0.0, 0.0]"
NODE_0000130,"[2.5752344463660363e-10, 4.357135582847579e-10, 1.8702849806340722e-10, 4.526166255791305e-10, 3.731965133244061e-10, 4.422672690526977e-10, 4.350621549814765e-10, 4.3939138528661817e-10, 4.416846487974495e-10, 4.430012617899589e-10, 4.4076000678256296e-10, 4.4148380069689287e-10, 4.2984114973370605e-10, 4.3569656082389126e-10, 8.361971205499613e-08, 2.7505778363830844e-10, 4.303219677852863e-10, 4.4148380069695993e-10, 4.4148380069702796e-10, 4.096742444912313e-10, 1.0287298635686842e-10, 1.3361930551827523e-09, 2.8480371219903264e-10, 4.4501283770673696e-10, 6.62810318372694e-10, 4.1109967674312753e-10, 0.9999999040566588, 4.1511561434049114e-10, 4.551574474960476e-10, 1.1906781274422e-10, 4.3820720877481566e-10]"
hMpxV/South_Korea/KDCA-P24/2023|EPI_ISL_18542115|2023-08-28,"[0.0, 0.0, 0.0, 0.0, 0.0, 0.0, 0.0, 0.0, 0.0, 0.0, 0.0, 0.0, 0.0, 0.0, 0.0, 0.0, 0.0, 0.0, 0.0, 0.0, 0.0, 0.0, 0.0, 0.0, 0.0, 0.0, 1.0, 0.0, 0.0, 0.0, 0.0]"
hMpxV/South_Korea/KDCA-P23/2023|EPI_ISL_18542118|2023-08-28,"[0.0, 0.0, 0.0, 0.0, 0.0, 0.0, 0.0, 0.0, 0.0, 0.0, 0.0, 0.0, 0.0, 0.0, 0.0, 0.0, 0.0, 0.0, 0.0, 0.0, 0.0, 0.0, 0.0, 0.0, 0.0, 0.0, 1.0, 0.0, 0.0, 0.0, 0.0]"
NODE_0000005,"[1.0459310528575246e-17, 3.1103630733639825e-18, 5.409933946084298e-19, 3.3585703975246967e-18, 2.579123196015861e-18, 3.1354945172781196e-18, 3.1575662963478238e-18, 3.3353905506370662e-18, 3.4805782327247574e-18, 3.119124709479267e-18, 1.127909690604872e-16, 3.181775462247652e-18, 3.6184583506257e-18, 2.9242994550106218e-18, 0.9999999993907714, 1.644919474038219e-18, 2.6733504991796477e-18, 3.1817754622488402e-18, 3.181775462247983e-18, 2.629202383089517e-18, 5.340557837621963e-18, 5.4828680920826456e-17, 2.0897857606928546e-18, 3.2368119556281714e-18, 1.3697649008274796e-16, 2.9534165581799162e-18, 6.092230175293463e-10, 3.1038244372502315e-18, 5.176604451244331e-15, 1.4074810004572748e-18, 3.4060561037109425e-18]"
hMpxV/Japan/TMIPH-220323/2023|EPI_ISL_17445514|2023-01-30,"[0.0, 0.0, 0.0, 0.0, 0.0, 0.0, 0.0, 0.0, 0.0, 0.0, 0.0, 0.0, 0.0, 0.0, 1.0, 0.0, 0.0, 0.0, 0.0, 0.0, 0.0, 0.0, 0.0, 0.0, 0.0, 0.0, 0.0, 0.0, 0.0, 0.0, 0.0]"
hMpxV/South_Korea/KDCA-P005/2023|EPI_ISL_18147355|2023-03-13,"[0.0, 0.0, 0.0, 0.0, 0.0, 0.0, 0.0, 0.0, 0.0, 0.0, 0.0, 0.0, 0.0, 0.0, 0.0, 0.0, 0.0, 0.0, 0.0, 0.0, 0.0, 0.0, 0.0, 0.0, 0.0, 0.0, 1.0, 0.0, 0.0, 0.0, 0.0]"
hMpxV/Japan/TMIPH-0085/2023|EPI_ISL_18075507|2023-05-01,"[0.0, 0.0, 0.0, 0.0, 0.0, 0.0, 0.0, 0.0, 0.0, 0.0, 0.0, 0.0, 0.0, 0.0, 0.9999999999999999, 0.0, 0.0, 0.0, 0.0, 0.0, 0.0, 0.0, 0.0, 0.0, 0.0, 0.0, 0.0, 0.0, 0.0, 0.0, 0.0]"
hMpxV/Japan/TMIPH-0223/2023|EPI_ISL_18075508|2023-07-07,"[0.0, 0.0, 0.0, 0.0, 0.0, 0.0, 0.0, 0.0, 0.0, 0.0, 0.0, 0.0, 0.0, 0.0, 1.0, 0.0, 0.0, 0.0, 0.0, 0.0, 0.0, 0.0, 0.0, 0.0, 0.0, 0.0, 0.0, 0.0, 0.0, 0.0, 0.0]"
hMpxV/Japan/TMIPH-0204/2023|EPI_ISL_18055899|2023-06-26,"[0.0, 0.0, 0.0, 0.0, 0.0, 0.0, 0.0, 0.0, 0.0, 0.0, 0.0, 0.0, 0.0, 0.0, 1.0, 0.0, 0.0, 0.0, 0.0, 0.0, 0.0, 0.0, 0.0, 0.0, 0.0, 0.0, 0.0, 0.0, 0.0, 0.0, 0.0]"
NODE_0000112,"[3.1313796905250447e-09, 1.5605283937039732e-09, 7.350079824447082e-10, 1.6342835054925927e-09, 1.3815356097800625e-09, 1.5764126618850702e-09, 1.559919638818984e-09, 1.5824160661377619e-09, 1.5987256262554498e-09, 1.5767656071774087e-09, 7.278505489413725e-09, 1.5758440028049492e-09, 1.7333201915017758e-09, 1.5506466578960502e-09, 0.9999984424340048, 1.0711801773850802e-09, 1.5276061455274002e-09, 1.5758440028055192e-09, 1.5758440028051101e-09, 1.471566502436011e-09, 1.2755205364953126e-09, 5.513166398308974e-09, 1.1348101500349217e-09, 1.5888633005752243e-09, 6.063947184510844e-09, 1.490157509026665e-09, 1.448286929586362e-06, 1.5094315142336873e-09, 5.1971522821237105e-08, 1.4493371532890209e-09, 1.5849769106180864e-09]"
hMpxV/Japan/TMIPH-0267/2023|EPI_ISL_18557816|2023-09-22,"[0.0, 0.0, 0.0, 0.0, 0.0, 0.0, 0.0, 0.0, 0.0, 0.0, 0.0, 0.0, 0.0, 0.0, 1.0, 0.0, 0.0, 0.0, 0.0, 0.0, 0.0, 0.0, 0.0, 0.0, 0.0, 0.0, 0.0, 0.0, 0.0, 0.0, 0.0]"
hMpxV/Japan/TMIPH-0304/2023|EPI_ISL_18557818|2023-10-25,"[0.0, 0.0, 0.0, 0.0, 0.0, 0.0, 0.0, 0.0, 0.0, 0.0, 0.0, 0.0, 0.0, 0.0, 1.0, 0.0, 0.0, 0.0, 0.0, 0.0, 0.0, 0.0, 0.0, 0.0, 0.0, 0.0, 0.0, 0.0, 0.0, 0.0, 0.0]"
hMpxV/Japan/TMIPH-0336/2023|EPI_ISL_18739594|2023-11-29,"[0.0, 0.0, 0.0, 0.0, 0.0, 0.0, 0.0, 0.0, 0.0, 0.0, 0.0, 0.0, 0.0, 0.0, 1.0, 0.0, 0.0, 0.0, 0.0, 0.0, 0.0, 0.0, 0.0, 0.0, 0.0, 0.0, 0.0, 0.0, 0.0, 0.0, 0.0]"
NODE_0000107,"[4.488878155514619e-12, 1.6704352456498073e-12, 5.976262711970168e-13, 1.7468179322763262e-12, 1.4582906614123567e-12, 1.6868402972766267e-12, 1.6781952999259152e-12, 1.7034186975895917e-12, 1.7213181064857851e-12, 1.683767334534774e-12, 1.518708747466425e-11, 1.693398935142926e-12, 1.886194270415349e-12, 1.6328919069886069e-12, 0.9999999787875221, 1.0754267448074623e-12, 1.5737598403582447e-12, 1.693398935143526e-12, 1.6933989351430842e-12, 1.5287137486735484e-12, 2.095658441501609e-12, 9.5201696141262e-12, 1.1328640801422646e-12, 1.704584373183686e-12, 1.2692314334460512e-11, 1.597427726730146e-12, 2.0900793211190026e-08, 1.6308268762597957e-12, 2.317168593000457e-10, 1.4873722929780879e-12, 1.70690861183712e-12]"
hMpxV/Japan/TMIPH-0029/2023|EPI_ISL_17665624|2023-04-17,"[0.0, 0.0, 0.0, 0.0, 0.0, 0.0, 0.0, 0.0, 0.0, 0.0, 0.0, 0.0, 0.0, 0.0, 1.0, 0.0, 0.0, 0.0, 0.0, 0.0, 0.0, 0.0, 0.0, 0.0, 0.0, 0.0, 0.0, 0.0, 0.0, 0.0, 0.0]"
hMpxV/Japan/TMIPH-0176/2023|EPI_ISL_17837268|2023-06-09,"[0.0, 0.0, 0.0, 0.0, 0.0, 0.0, 0.0, 0.0, 0.0, 0.0, 0.0, 0.0, 0.0, 0.0, 1.0, 0.0, 0.0, 0.0, 0.0, 0.0, 0.0, 0.0, 0.0, 0.0, 0.0, 0.0, 0.0, 0.0, 0.0, 0.0, 0.0]"
hMpxV/Japan/TMIPH-0171/2023|EPI_ISL_18352302|2023-06-06,"[0.0, 0.0, 0.0, 0.0, 0.0, 0.0, 0.0, 0.0, 0.0, 0.0, 0.0, 0.0, 0.0, 0.0, 1.0, 0.0, 0.0, 0.0, 0.0, 0.0, 0.0, 0.0, 0.0, 0.0, 0.0, 0.0, 0.0, 0.0, 0.0, 0.0, 0.0]"
hMpxV/Japan/TMIPH-0117/2023|EPI_ISL_17817239|2023-05-15,"[0.0, 0.0, 0.0, 0.0, 0.0, 0.0, 0.0, 0.0, 0.0, 0.0, 0.0, 0.0, 0.0, 0.0, 1.0, 0.0, 0.0, 0.0, 0.0, 0.0, 0.0, 0.0, 0.0, 0.0, 0.0, 0.0, 0.0, 0.0, 0.0, 0.0, 0.0]"
NODE_0000108,"[5.477757545369805e-11, 2.327007185089092e-11, 9.648077786384234e-12, 2.414525152702557e-11, 2.0475795926472086e-11, 2.3517097515134205e-11, 2.332630461693299e-11, 2.3581046482852395e-11, 2.374694932023399e-11, 2.3500250213170262e-11, 1.510045116045365e-10, 2.35543446387762e-11, 2.588646923494428e-11, 2.2961222857053334e-11, 0.9999999386968471, 1.5507791538875002e-11, 2.2385169018830136e-11, 2.3554344638784737e-11, 2.3554344638778498e-11, 2.1658597037313226e-11, 2.5016704360455573e-11, 1.0292828938944587e-10, 1.6058511574475928e-11, 2.3695865746175278e-11, 1.2813309308531476e-10, 2.226872661911789e-11, 5.886244348187997e-08, 2.2591102531580424e-11, 1.4744336826421486e-09, 2.1949024898694572e-11, 2.357942777443651e-11]"
hMpxV/Japan/TMIPH-0055/2023|EPI_ISL_17665627|2023-04-21,"[0.0, 0.0, 0.0, 0.0, 0.0, 0.0, 0.0, 0.0, 0.0, 0.0, 0.0, 0.0, 0.0, 0.0, 0.9999999999999999, 0.0, 0.0, 0.0, 0.0, 0.0, 0.0, 0.0, 0.0, 0.0, 0.0, 0.0, 0.0, 0.0, 0.0, 0.0, 0.0]"
hMpxV/Japan/TMIPH-0017/2023|EPI_ISL_17592667|2023-04-06,"[0.0, 0.0, 0.0, 0.0, 0.0, 0.0, 0.0, 0.0, 0.0, 0.0, 0.0, 0.0, 0.0, 0.0, 1.0, 0.0, 0.0, 0.0, 0.0, 0.0, 0.0, 0.0, 0.0, 0.0, 0.0, 0.0, 0.0, 0.0, 0.0, 0.0, 0.0]"
NODE_0000109,"[2.103199785720382e-22, 3.590378828281149e-23, 6.222171852343008e-24, 3.7047474199695926e-23, 3.0128424435016545e-23, 3.625962888272636e-23, 3.6575804435771447e-23, 3.701673209967666e-23, 3.7248397817768746e-23, 3.602507372679196e-23, 1.8603433558713214e-21, 3.6819513760162363e-23, 4.207740552328955e-23, 3.36878946256461e-23, 0.9999999999999998, 1.9437126502592496e-23, 3.0655680344876005e-23, 3.681951376017759e-23, 3.6819513760167794e-23, 3.043277886659987e-23, 1.4753299423807895e-22, 7.09196658188658e-22, 1.9561164964208597e-23, 3.683770932314557e-23, 1.584671550365326e-21, 3.4526532468013803e-23, 3.3640384870814674e-16, 3.590885988380307e-23, 1.9067430415063197e-19, 2.939335186494874e-23, 3.703755630062756e-23]"
hMpxV/Japan/TMIPH-0206/2023|EPI_ISL_18055900|2023-06-26,"[0.0, 0.0, 0.0, 0.0, 0.0, 0.0, 0.0, 0.0, 0.0, 0.0, 0.0, 0.0, 0.0, 0.0, 1.0, 0.0, 0.0, 0.0, 0.0, 0.0, 0.0, 0.0, 0.0, 0.0, 0.0, 0.0, 0.0, 0.0, 0.0, 0.0, 0.0]"
hMpxV/Japan/Osaka-OMU001-A3/2023|EPI_ISL_19022858|2023-05-08,"[0.0, 0.0, 0.0, 0.0, 0.0, 0.0, 0.0, 0.0, 0.0, 0.0, 0.0, 0.0, 0.0, 0.0, 1.0, 0.0, 0.0, 0.0, 0.0, 0.0, 0.0, 0.0, 0.0, 0.0, 0.0, 0.0, 0.0, 0.0, 0.0, 0.0, 0.0]"
hMpxV/Japan/Osaka-OMU001-C5/2023|EPI_ISL_19022860|2023-05-08,"[0.0, 0.0, 0.0, 0.0, 0.0, 0.0, 0.0, 0.0, 0.0, 0.0, 0.0, 0.0, 0.0, 0.0, 1.0, 0.0, 0.0, 0.0, 0.0, 0.0, 0.0, 0.0, 0.0, 0.0, 0.0, 0.0, 0.0, 0.0, 0.0, 0.0, 0.0]"
hMpxV/Japan/TMIPH-0138/2023|EPI_ISL_17817240|2023-05-19,"[0.0, 0.0, 0.0, 0.0, 0.0, 0.0, 0.0, 0.0, 0.0, 0.0, 0.0, 0.0, 0.0, 0.0, 1.0, 0.0, 0.0, 0.0, 0.0, 0.0, 0.0, 0.0, 0.0, 0.0, 0.0, 0.0, 0.0, 0.0, 0.0, 0.0, 0.0]"
hMpxV/Japan/Osaka-OMU001-A4/2023|EPI_ISL_19022859|2023-05-08,"[0.0, 0.0, 0.0, 0.0, 0.0, 0.0, 0.0, 0.0, 0.0, 0.0, 0.0, 0.0, 0.0, 0.0, 1.0, 0.0, 0.0, 0.0, 0.0, 0.0, 0.0, 0.0, 0.0, 0.0, 0.0, 0.0, 0.0, 0.0, 0.0, 0.0, 0.0]"
hMpxV/Japan/TMIPH-0087/2023|EPI_ISL_18097375|2023-05-02,"[0.0, 0.0, 0.0, 0.0, 0.0, 0.0, 0.0, 0.0, 0.0, 0.0, 0.0, 0.0, 0.0, 0.0, 0.9999999999999999, 0.0, 0.0, 0.0, 0.0, 0.0, 0.0, 0.0, 0.0, 0.0, 0.0, 0.0, 0.0, 0.0, 0.0, 0.0, 0.0]"
hMpxV/Japan/Osaka-OMU001-D3/2023|EPI_ISL_19022862|2023-05-08,"[0.0, 0.0, 0.0, 0.0, 0.0, 0.0, 0.0, 0.0, 0.0, 0.0, 0.0, 0.0, 0.0, 0.0, 1.0, 0.0, 0.0, 0.0, 0.0, 0.0, 0.0, 0.0, 0.0, 0.0, 0.0, 0.0, 0.0, 0.0, 0.0, 0.0, 0.0]"
NODE_0000006,"[1.4164086278299364e-05, 7.314484509320344e-06, 4.536379542584914e-06, 7.589879617344647e-06, 6.476702082215514e-06, 7.397024398748306e-06, 7.301048549033609e-06, 1.1493266813767693e-05, 1.5140808934109556e-05, 7.451164810646219e-06, 0.0005834282805082458, 7.382189418586109e-06, 7.72997900410659e-06, 7.452143917255223e-06, 0.9976195001106144, 5.049630836969568e-06, 7.4342201178860675e-06, 7.382189418586314e-06, 7.382189418586254e-06, 6.987690411203823e-06, 4.7728356580433484e-06, 1.5314585619360486e-05, 2.3552775890002902e-05, 8.881848826861742e-06, 0.001118653047214033, 6.969857043202914e-06, 0.0003942185286823823, 7.023244048792669e-06, 5.2315277957795117e-05, 6.174267270598382e-06, 1.353026258690679e-05]"
hMpxV/Japan/TMIPH-0076/2023|EPI_ISL_17692269|2023-04-28,"[0.0, 0.0, 0.0, 0.0, 0.0, 0.0, 0.0, 0.0, 0.0, 0.0, 0.0, 0.0, 0.0, 0.0, 0.9999999999999999, 0.0, 0.0, 0.0, 0.0, 0.0, 0.0, 0.0, 0.0, 0.0, 0.0, 0.0, 0.0, 0.0, 0.0, 0.0, 0.0]"
NODE_0000007,"[0.0009008941229052603, 0.0005393736618453105, 0.0003451516953051727, 0.0005592172664694072, 0.00047212647492351036, 0.0005462739505909297, 0.0005384585505208986, 0.0010632259999306616, 0.0015231721084664447, 0.0005480383211698015, 0.2451535307172778, 0.0005450569178746411, 0.0005497318203398438, 0.0005430232135401574, 0.22497698023567006, 0.00036010668225057717, 0.0005388613858411849, 0.0005450569178746091, 0.0005450569178746127, 0.0005112951899432512, 0.00027797502406692604, 0.000812128607644351, 0.0026537046753779335, 0.0007305899624195652, 0.5046347994196457, 0.0005121055856421604, 0.005407620963403025, 0.0005159305083639585, 0.0014899162333269547, 0.0003403246372099933, 0.0013202722322853205]"
NODE_0000104,"[6.052461773825118e-05, 3.9217796307942147e-05, 2.375173579115631e-05, 4.0881544611890935e-05, 3.428378094559451e-05, 3.971393570631053e-05, 3.913719998876311e-05, 6.960762493566614e-05, 9.647988293726033e-05, 3.994457546123119e-05, 0.9037012288252418, 3.9618289877364306e-05, 4.0315629155353666e-05, 3.9785214472451015e-05, 0.08278191281405338, 2.6071848448445593e-05, 3.960854964562015e-05, 3.96182898773188e-05, 3.9618289877351966e-05, 3.719701832790583e-05, 1.883306558143157e-05, 6.33541310616377e-05, 0.00015927532648336192, 5.043108350900669e-05, 0.01134915495542011, 3.717569845909996e-05, 0.0007638024733885554, 3.7501784130677557e-05, 0.00014396621529208801, 2.3412634233205246e-05, 8.457516903963324e-05]"
hMpxV/China/HZCDC-0001/2023|EPI_ISL_17809521|2023-06-15,"[0.0, 0.0, 0.0, 0.0, 0.0, 0.0, 0.0, 0.0, 0.0, 0.0, 1.0, 0.0, 0.0, 0.0, 0.0, 0.0, 0.0, 0.0, 0.0, 0.0, 0.0, 0.0, 0.0, 0.0, 0.0, 0.0, 0.0, 0.0, 0.0, 0.0, 0.0]"
NODE_0000105,"[2.550777167171915e-05, 1.3075100356951312e-05, 7.692325117974887e-06, 1.3602210448412368e-05, 1.1419116428766908e-05, 1.322603507542328e-05, 1.3072793116898098e-05, 2.4699826569967323e-05, 3.500999311549752e-05, 1.3334840086482815e-05, 0.001263401878108939, 1.3223829151049556e-05, 1.3595277603211033e-05, 1.3288176346417148e-05, 0.992102549587715, 8.619750776133996e-06, 1.3146535819558303e-05, 1.3223829151050008e-05, 1.3223829151049374e-05, 1.2332656962517837e-05, 8.145397565829107e-06, 2.5663192760496755e-05, 5.980467861169375e-05, 1.7318205932761836e-05, 0.005502138515238501, 1.242122222373772e-05, 0.0006058876170482447, 1.2560176751603801e-05, 7.944866757119257e-05, 8.905661850994212e-06, 3.0461301672089373e-05]"
hMpxV/China/SZ-CDC/Strain180,"[0.0, 0.0, 0.0, 0.0, 0.0, 0.0, 0.0, 0.0, 0.0, 0.0, 0.0, 0.0, 0.0, 0.0, 0.0, 0.0, 0.0, 0.0, 0.0, 0.0, 0.0, 0.0, 0.0, 0.0, 1.0, 0.0, 0.0, 0.0, 0.0, 0.0, 0.0]"
hMpxV/Japan/TMIPH-0353/2024|EPI_ISL_19001887|2024-01-25,"[0.0, 0.0, 0.0, 0.0, 0.0, 0.0, 0.0, 0.0, 0.0, 0.0, 0.0, 0.0, 0.0, 0.0, 1.0, 0.0, 0.0, 0.0, 0.0, 0.0, 0.0, 0.0, 0.0, 0.0, 0.0, 0.0, 0.0, 0.0, 0.0, 0.0, 0.0]"
NODE_0000106,"[8.500410131673498e-09, 3.5233563605625478e-09, 1.7545308387782687e-09, 3.6555095880997738e-09, 3.0561352562810143e-09, 3.563247365589107e-09, 3.5341238294097956e-09, 6.508123366130626e-09, 9.13521739517218e-09, 3.587169115301419e-09, 4.7061182821132034e-07, 3.5720711822719334e-09, 3.716849616439053e-09, 3.5430356791454802e-09, 0.9999962034428395, 2.2464767726426677e-09, 3.4588792191164613e-09, 3.572071182273158e-09, 3.5720711822722035e-09, 3.2661170143018913e-09, 3.022756926997417e-09, 9.755096970379448e-09, 1.462765882891923e-08, 4.614418783620282e-09, 2.0360994439062237e-06, 3.3541082593930862e-09, 1.1071185014120786e-06, 3.4068569480104853e-09, 5.971109266568485e-08, 2.4914350788829764e-09, 7.978567274927715e-09]"
hMpxV/Japan/TMIPH-0255/2024|EPI_ISL_18352303|2023-09-11,"[0.0, 0.0, 0.0, 0.0, 0.0, 0.0, 0.0, 0.0, 0.0, 0.0, 0.0, 0.0, 0.0, 0.0, 1.0, 0.0, 0.0, 0.0, 0.0, 0.0, 0.0, 0.0, 0.0, 0.0, 0.0, 0.0, 0.0, 0.0, 0.0, 0.0, 0.0]"
hMpxV/Japan/TMIPH-0264/2023|EPI_ISL_18352306|2023-09-19,"[0.0, 0.0, 0.0, 0.0, 0.0, 0.0, 0.0, 0.0, 0.0, 0.0, 0.0, 0.0, 0.0, 0.0, 1.0, 0.0, 0.0, 0.0, 0.0, 0.0, 0.0, 0.0, 0.0, 0.0, 0.0, 0.0, 0.0, 0.0, 0.0, 0.0, 0.0]"
NODE_0000008,"[3.7673921856671364e-32, 1.6827082620194933e-33, 1.4912213032860192e-31, 1.7109950071768392e-33, 1.1445977270785669e-33, 1.7034724542901774e-33, 1.8043882766487056e-33, 3.2628013655288734e-25, 1.5500927235860627e-22, 1.4054043470861218e-32, 4.394568779143439e-30, 1.8025792453889535e-33, 1.0720677114465777e-33, 2.3322977853175222e-31, 1.0521607883627478e-29, 3.3164900162592394e-34, 5.194183748016965e-31, 1.802579245388003e-33, 1.8025792453874253e-33, 5.104396852653911e-33, 3.6746267550771386e-32, 1.507541361759496e-33, 2.4029234298868334e-11, 5.600057983979313e-32, 0.9999999999759708, 1.5356124299455156e-33, 1.1594504260844247e-31, 1.806278403826969e-33, 2.3882411817105194e-33, 1.9075086131753176e-34, 6.053341788747057e-25]"
hMpxV/China/SZ-CDC/Strain009,"[0.0, 0.0, 0.0, 0.0, 0.0, 0.0, 0.0, 0.0, 0.0, 0.0, 0.0, 0.0, 0.0, 0.0, 0.0, 0.0, 0.0, 0.0, 0.0, 0.0, 0.0, 0.0, 0.0, 0.0, 1.0, 0.0, 0.0, 0.0, 0.0, 0.0, 0.0]"
hMpxV/China/SZ-CDC/Strain040,"[0.0, 0.0, 0.0, 0.0, 0.0, 0.0, 0.0, 0.0, 0.0, 0.0, 0.0, 0.0, 0.0, 0.0, 0.0, 0.0, 0.0, 0.0, 0.0, 0.0, 0.0, 0.0, 0.0, 0.0, 1.0, 0.0, 0.0, 0.0, 0.0, 0.0, 0.0]"
hMpxV/China/SZ-CDC/Strain045,"[0.0, 0.0, 0.0, 0.0, 0.0, 0.0, 0.0, 0.0, 0.0, 0.0, 0.0, 0.0, 0.0, 0.0, 0.0, 0.0, 0.0, 0.0, 0.0, 0.0, 0.0, 0.0, 0.0, 0.0, 1.0, 0.0, 0.0, 0.0, 0.0, 0.0, 0.0]"
hMpxV/China/SZ-CDC/Strain079,"[0.0, 0.0, 0.0, 0.0, 0.0, 0.0, 0.0, 0.0, 0.0, 0.0, 0.0, 0.0, 0.0, 0.0, 0.0, 0.0, 0.0, 0.0, 0.0, 0.0, 0.0, 0.0, 0.0, 0.0, 1.0, 0.0, 0.0, 0.0, 0.0, 0.0, 0.0]"
hMpxV/China/SZ-CDC/Strain154,"[0.0, 0.0, 0.0, 0.0, 0.0, 0.0, 0.0, 0.0, 0.0, 0.0, 0.0, 0.0, 0.0, 0.0, 0.0, 0.0, 0.0, 0.0, 0.0, 0.0, 0.0, 0.0, 0.0, 0.0, 1.0, 0.0, 0.0, 0.0, 0.0, 0.0, 0.0]"
hMpxV/China/YN-CDC-0002/2023|EPI_ISL_18059183|2023-06-28,"[0.0, 0.0, 0.0, 0.0, 0.0, 0.0, 0.0, 0.0, 0.0, 0.0, 0.0, 0.0, 0.0, 0.0, 0.0, 0.0, 0.0, 0.0, 0.0, 0.0, 0.0, 0.0, 0.0, 0.0, 0.0, 0.0, 0.0, 0.0, 0.0, 0.0, 1.0]"
hMpxV/China/YN-CDC-0003/2023|EPI_ISL_18059184|2023-07-03,"[0.0, 0.0, 0.0, 0.0, 0.0, 0.0, 0.0, 0.0, 0.0, 0.0, 0.0, 0.0, 0.0, 0.0, 0.0, 0.0, 0.0, 0.0, 0.0, 0.0, 0.0, 0.0, 0.0, 0.0, 0.0, 0.0, 0.0, 0.0, 0.0, 0.0, 1.0]"
hMpxV/Portugal/INSA-PT0791/2023|EPI_ISL_18702242|2023-11-08,"[0.0, 0.0, 0.0, 0.0, 0.0, 0.0, 0.0, 0.0, 0.0, 0.0, 0.0, 0.0, 0.0, 0.0, 0.0, 0.0, 0.0, 0.0, 0.0, 0.0, 0.0, 0.0, 1.0, 0.0, 0.0, 0.0, 0.0, 0.0, 0.0, 0.0, 0.0]"
hMpxV/Portugal/INSA-PT0778/2023|EPI_ISL_18702243|2023-10-27,"[0.0, 0.0, 0.0, 0.0, 0.0, 0.0, 0.0, 0.0, 0.0, 0.0, 0.0, 0.0, 0.0, 0.0, 0.0, 0.0, 0.0, 0.0, 0.0, 0.0, 0.0, 0.0, 1.0, 0.0, 0.0, 0.0, 0.0, 0.0, 0.0, 0.0, 0.0]"
hMpxV/Portugal/INSA-PT0645/2023|EPI_ISL_18076380|2023-07-07,"[0.0, 0.0, 0.0, 0.0, 0.0, 0.0, 0.0, 0.0, 0.0, 0.0, 0.0, 0.0, 0.0, 0.0, 0.0, 0.0, 0.0, 0.0, 0.0, 0.0, 0.0, 0.0, 1.0, 0.0, 0.0, 0.0, 0.0, 0.0, 0.0, 0.0, 0.0]"
hMpxV/China/FS-GCDC_M108/2023|EPI_ISL_19058866|2023-06-22,"[0.0, 0.0, 0.0, 0.0, 0.0, 0.0, 0.0, 1.0, 0.0, 0.0, 0.0, 0.0, 0.0, 0.0, 0.0, 0.0, 0.0, 0.0, 0.0, 0.0, 0.0, 0.0, 0.0, 0.0, 0.0, 0.0, 0.0, 0.0, 0.0, 0.0, 0.0]"
hMpxV/China/GZ-GCDC_M008/2023|EPI_ISL_19058868|2023-06-08,"[0.0, 0.0, 0.0, 0.0, 0.0, 0.0, 0.0, 0.0, 1.0, 0.0, 0.0, 0.0, 0.0, 0.0, 0.0, 0.0, 0.0, 0.0, 0.0, 0.0, 0.0, 0.0, 0.0, 0.0, 0.0, 0.0, 0.0, 0.0, 0.0, 0.0, 0.0]"
hMpxV/China/FS-GCDC_M028/2023|EPI_ISL_19058872|2023-06-13,"[0.0, 0.0, 0.0, 0.0, 0.0, 0.0, 0.0, 1.0, 0.0, 0.0, 0.0, 0.0, 0.0, 0.0, 0.0, 0.0, 0.0, 0.0, 0.0, 0.0, 0.0, 0.0, 0.0, 0.0, 0.0, 0.0, 0.0, 0.0, 0.0, 0.0, 0.0]"
hMpxV/China/GZ-GCDC_M050/2023|EPI_ISL_19058873|2023-06-16,"[0.0, 0.0, 0.0, 0.0, 0.0, 0.0, 0.0, 0.0, 1.0, 0.0, 0.0, 0.0, 0.0, 0.0, 0.0, 0.0, 0.0, 0.0, 0.0, 0.0, 0.0, 0.0, 0.0, 0.0, 0.0, 0.0, 0.0, 0.0, 0.0, 0.0, 0.0]"
hMpxV/Portugal/INSA-PT0686/2023|EPI_ISL_18553842|2023-07-13,"[0.0, 0.0, 0.0, 0.0, 0.0, 0.0, 0.0, 0.0, 0.0, 0.0, 0.0, 0.0, 0.0, 0.0, 0.0, 0.0, 0.0, 0.0, 0.0, 0.0, 0.0, 0.0, 1.0, 0.0, 0.0, 0.0, 0.0, 0.0, 0.0, 0.0, 0.0]"
hMpxV/Portugal/INSA-PT0671/2023|EPI_ISL_18228634|2023-08-02,"[0.0, 0.0, 0.0, 0.0, 0.0, 0.0, 0.0, 0.0, 0.0, 0.0, 0.0, 0.0, 0.0, 0.0, 0.0, 0.0, 0.0, 0.0, 0.0, 0.0, 0.0, 0.0, 1.0, 0.0, 0.0, 0.0, 0.0, 0.0, 0.0, 0.0, 0.0]"
hMpxV/China/SZ-CDC/Strain185,"[0.0, 0.0, 0.0, 0.0, 0.0, 0.0, 0.0, 0.0, 0.0, 0.0, 0.0, 0.0, 0.0, 0.0, 0.0, 0.0, 0.0, 0.0, 0.0, 0.0, 0.0, 0.0, 0.0, 0.0, 1.0, 0.0, 0.0, 0.0, 0.0, 0.0, 0.0]"
hMpxV/China/SZ-CDC/Strain063,"[0.0, 0.0, 0.0, 0.0, 0.0, 0.0, 0.0, 0.0, 0.0, 0.0, 0.0, 0.0, 0.0, 0.0, 0.0, 0.0, 0.0, 0.0, 0.0, 0.0, 0.0, 0.0, 0.0, 0.0, 1.0, 0.0, 0.0, 0.0, 0.0, 0.0, 0.0]"
NODE_0000101,"[2.3333126621172173e-08, 5.9164465785344074e-09, 7.641782528779283e-09, 6.057330987121685e-09, 5.342611482178986e-09, 5.9707555444168195e-09, 5.908468451729709e-09, 3.819195462421514e-08, 1.0476111871383385e-07, 6.087561974120951e-09, 1.2143363053000074e-08, 5.959152447071457e-09, 5.802722303196494e-09, 6.251735346576863e-09, 2.189792796609201e-08, 4.266269403155191e-09, 6.303729603982287e-09, 5.95915244706824e-09, 5.959152447068209e-09, 5.7258580156019255e-09, 4.856910238633023e-09, 6.116564326648337e-09, 1.1205549817172567e-06, 1.312760877662494e-08, 0.9999984561246323, 5.669452016617437e-09, 1.5432075257513762e-08, 5.702648898325755e-09, 5.775481269151041e-09, 6.325264340164063e-09, 7.083416009536512e-08]"
hMpxV/China/SZ-CDC/Strain167,"[0.0, 0.0, 0.0, 0.0, 0.0, 0.0, 0.0, 0.0, 0.0, 0.0, 0.0, 0.0, 0.0, 0.0, 0.0, 0.0, 0.0, 0.0, 0.0, 0.0, 0.0, 0.0, 0.0, 0.0, 1.0, 0.0, 0.0, 0.0, 0.0, 0.0, 0.0]"
hMpxV/China/SZ-CDC/Strain181,"[0.0, 0.0, 0.0, 0.0, 0.0, 0.0, 0.0, 0.0, 0.0, 0.0, 0.0, 0.0, 0.0, 0.0, 0.0, 0.0, 0.0, 0.0, 0.0, 0.0, 0.0, 0.0, 0.0, 0.0, 1.0, 0.0, 0.0, 0.0, 0.0, 0.0, 0.0]"
NODE_0000013,"[2.7549499329407903e-07, 6.654768801167748e-08, 8.605897670327804e-08, 6.811510596547539e-08, 6.002184891106702e-08, 6.716161037387615e-08, 6.648695693777717e-08, 4.588880194742091e-07, 1.2919076156730442e-06, 6.821228678205801e-08, 1.4067215020944927e-07, 6.70531554483349e-08, 6.51109085635178e-08, 6.950109554952257e-08, 2.611114628015714e-07, 4.778630165804909e-08, 6.975922936349033e-08, 6.705315544833383e-08, 6.705315544833356e-08, 6.410311133611299e-08, 5.698776064819733e-08, 6.855804054765374e-08, 1.4629149407722058e-05, 1.5219169023039829e-07, 0.9999803567104881, 6.380085023273257e-08, 1.7938711489919708e-07, 6.420705458736433e-08, 6.471237334432545e-08, 7.102934186655058e-08, 8.651670501038687e-07]"
hMpxV/China/SZ-CDC/Strain043,"[0.0, 0.0, 0.0, 0.0, 0.0, 0.0, 0.0, 0.0, 0.0, 0.0, 0.0, 0.0, 0.0, 0.0, 0.0, 0.0, 0.0, 0.0, 0.0, 0.0, 0.0, 0.0, 0.0, 0.0, 1.0, 0.0, 0.0, 0.0, 0.0, 0.0, 0.0]"
hMpxV/China/SZ-CDC/Strain055,"[0.0, 0.0, 0.0, 0.0, 0.0, 0.0, 0.0, 0.0, 0.0, 0.0, 0.0, 0.0, 0.0, 0.0, 0.0, 0.0, 0.0, 0.0, 0.0, 0.0, 0.0, 0.0, 0.0, 0.0, 1.0, 0.0, 0.0, 0.0, 0.0, 0.0, 0.0]"
NODE_0000102,"[2.122724445276329e-09, 2.4051645050918817e-09, 4.24517132312669e-08, 2.474595917418144e-09, 2.126028294545073e-09, 2.432593197472274e-09, 2.4084602489117672e-09, 3.822024050320542e-09, 5.078693084759244e-09, 7.753857436682352e-09, 2.8157935921924798e-09, 2.431881539232021e-09, 2.337641209839907e-09, 3.405615865404212e-08, 2.1209228601449213e-09, 1.597009690572788e-09, 5.820231498876905e-08, 2.4318815392319305e-09, 2.431881539231732e-09, 5.5685599625604825e-09, 3.117654784377944e-09, 2.4755916111889738e-09, 0.9999879062227187, 2.9393098714724178e-09, 1.1878483074488597e-05, 2.289346178612779e-09, 2.5978549050469486e-09, 2.3260185331010766e-09, 2.304744679413074e-09, 5.653513590134552e-09, 4.520272603433275e-09]"
hMpxV/Portugal/INSA-PT0773/2023|EPI_ISL_18702208|2023-10-17,"[0.0, 0.0, 0.0, 0.0, 0.0, 0.0, 0.0, 0.0, 0.0, 0.0, 0.0, 0.0, 0.0, 0.0, 0.0, 0.0, 0.0, 0.0, 0.0, 0.0, 0.0, 0.0, 0.9999999999999999, 0.0, 0.0, 0.0, 0.0, 0.0, 0.0, 0.0, 0.0]"
hMpxV/Portugal/INSA-PT0780/2023|EPI_ISL_18702234|2023-10-29,"[0.0, 0.0, 0.0, 0.0, 0.0, 0.0, 0.0, 0.0, 0.0, 0.0, 0.0, 0.0, 0.0, 0.0, 0.0, 0.0, 0.0, 0.0, 0.0, 0.0, 0.0, 0.0, 0.9999999999999999, 0.0, 0.0, 0.0, 0.0, 0.0, 0.0, 0.0, 0.0]"
NODE_0000103,"[2.2062818358794823e-14, 4.137031528088215e-14, 1.9494892383382514e-12, 4.2664923946049785e-14, 3.584343641289157e-14, 4.191914088995753e-14, 4.1506393884772145e-14, 4.2738025314986005e-14, 4.383767953563968e-14, 2.0613871038694169e-13, 4.129770047844262e-14, 4.196341726331734e-14, 3.972780198166434e-14, 1.5197277364894389e-12, 2.33143416841874e-14, 2.6146957819863047e-14, 3.1270411709621783e-12, 4.196341726330573e-14, 4.196341726328e-14, 1.3338090016254228e-13, 7.177084133984438e-14, 4.217225915572577e-14, 0.9999999998046954, 4.2527305114783644e-14, 1.873180616860244e-10, 3.934786183578949e-14, 3.367089392711793e-14, 3.999089022607208e-14, 3.8950643298725934e-14, 1.3069847259905316e-13, 4.310084197926768e-14]"
hMpxV/Portugal/INSA-PT0757/2023|EPI_ISL_18702211|2023-10-04,"[0.0, 0.0, 0.0, 0.0, 0.0, 0.0, 0.0, 0.0, 0.0, 0.0, 0.0, 0.0, 0.0, 0.0, 0.0, 0.0, 0.0, 0.0, 0.0, 0.0, 0.0, 0.0, 0.9999999999999999, 0.0, 0.0, 0.0, 0.0, 0.0, 0.0, 0.0, 0.0]"
hMpxV/Portugal/INSA-PT0750/2023|EPI_ISL_18702235|2023-10-02,"[0.0, 0.0, 0.0, 0.0, 0.0, 0.0, 0.0, 0.0, 0.0, 0.0, 0.0, 0.0, 0.0, 0.0, 0.0, 0.0, 0.0, 0.0, 0.0, 0.0, 0.0, 0.0, 0.9999999999999999, 0.0, 0.0, 0.0, 0.0, 0.0, 0.0, 0.0, 0.0]"
hMpxV/Portugal/INSA-PT0775/2023|EPI_ISL_18702253|2023-10-19,"[0.0, 0.0, 0.0, 0.0, 0.0, 0.0, 0.0, 0.0, 0.0, 0.0, 0.0, 0.0, 0.0, 0.0, 0.0, 0.0, 0.0, 0.0, 0.0, 0.0, 0.0, 0.0, 0.9999999999999999, 0.0, 0.0, 0.0, 0.0, 0.0, 0.0, 0.0, 0.0]"
NODE_0000055,"[1.0959965766211483e-11, 1.4468385215254715e-12, 1.728019345197268e-12, 1.4778767733117457e-12, 1.2494630735501513e-12, 1.4607830717649555e-12, 1.4594357925530114e-12, 3.2088420489435073e-11, 1.7144803361942183e-10, 1.5082384549729438e-12, 4.8727361042617786e-12, 1.4702843960395883e-12, 1.3211551585649938e-12, 1.5528666655798914e-12, 1.191796038797983e-11, 8.68841287788881e-13, 1.5181149758114998e-12, 1.4702843960409742e-12, 1.470284396038954e-12, 1.3211383060578915e-12, 1.746714429863491e-12, 1.4100179129266908e-12, 8.813686701135194e-09, 5.397602126318501e-12, 0.9999990282191367, 1.3791067160587023e-12, 6.3060434022725705e-12, 1.4108883033020199e-12, 1.332830624911611e-12, 8.702248361951155e-13, 9.626947124079493e-07]"
hMpxV/China/SZ-CDC/Strain030,"[0.0, 0.0, 0.0, 0.0, 0.0, 0.0, 0.0, 0.0, 0.0, 0.0, 0.0, 0.0, 0.0, 0.0, 0.0, 0.0, 0.0, 0.0, 0.0, 0.0, 0.0, 0.0, 0.0, 0.0, 0.9999999999999999, 0.0, 0.0, 0.0, 0.0, 0.0, 0.0]"
hMpxV/China/SZ-CDC/Strain057,"[0.0, 0.0, 0.0, 0.0, 0.0, 0.0, 0.0, 0.0, 0.0, 0.0, 0.0, 0.0, 0.0, 0.0, 0.0, 0.0, 0.0, 0.0, 0.0, 0.0, 0.0, 0.0, 0.0, 0.0, 1.0, 0.0, 0.0, 0.0, 0.0, 0.0, 0.0]"
hMpxV/China/SZ-CDC/Strain156,"[0.0, 0.0, 0.0, 0.0, 0.0, 0.0, 0.0, 0.0, 0.0, 0.0, 0.0, 0.0, 0.0, 0.0, 0.0, 0.0, 0.0, 0.0, 0.0, 0.0, 0.0, 0.0, 0.0, 0.0, 0.9999999999999999, 0.0, 0.0, 0.0, 0.0, 0.0, 0.0]"
hMpxV/China/YN-CDC-0001/2023|EPI_ISL_18059182|2023-06-27,"[0.0, 0.0, 0.0, 0.0, 0.0, 0.0, 0.0, 0.0, 0.0, 0.0, 0.0, 0.0, 0.0, 0.0, 0.0, 0.0, 0.0, 0.0, 0.0, 0.0, 0.0, 0.0, 0.0, 0.0, 0.0, 0.0, 0.0, 0.0, 0.0, 0.0, 1.0]"
hMpxV/China/SZ-CDC/Strain184,"[0.0, 0.0, 0.0, 0.0, 0.0, 0.0, 0.0, 0.0, 0.0, 0.0, 0.0, 0.0, 0.0, 0.0, 0.0, 0.0, 0.0, 0.0, 0.0, 0.0, 0.0, 0.0, 0.0, 0.0, 1.0, 0.0, 0.0, 0.0, 0.0, 0.0, 0.0]"
NODE_0000095,"[0.0023710129352782776, 4.7660619502799185e-05, 7.31195627867952e-05, 4.879378890323607e-05, 4.354320454129663e-05, 4.802945368193972e-05, 4.750505923025617e-05, 0.00016087316536289798, 0.0003472897117501835, 5.083695222347534e-05, 7.334030486262275e-05, 4.788122062564817e-05, 4.71160478574714e-05, 5.621944124999431e-05, 0.00011341086182873545, 3.52213788360001e-05, 5.894885193624749e-05, 4.78812206256485e-05, 4.788122062564851e-05, 4.763940599325896e-05, 3.090836110140937e-05, 5.019826357066416e-05, 0.0023388749702590306, 7.831701496010378e-05, 0.9931369274853656, 4.554386735339182e-05, 8.745586172568577e-05, 4.5744073899663876e-05, 4.785547145389319e-05, 6.785008921444639e-05, 0.0002561201333936156]"
hMpxV/China/SZ-CDC/Strain107,"[0.0, 0.0, 0.0, 0.0, 0.0, 0.0, 0.0, 0.0, 0.0, 0.0, 0.0, 0.0, 0.0, 0.0, 0.0, 0.0, 0.0, 0.0, 0.0, 0.0, 0.0, 0.0, 0.0, 0.0, 1.0, 0.0, 0.0, 0.0, 0.0, 0.0, 0.0]"
NODE_0000099,"[0.15895991836083254, 0.00027878172054026415, 0.0004428709178833393, 0.00028563466921377386, 0.00025202480967921305, 0.0002813351314534337, 0.00027829749178552555, 0.0007696469431039037, 0.0013891242886935004, 0.0002903892869072811, 0.0004041905936862182, 0.00028073990727827373, 0.000274271341509978, 0.0003052715211971857, 0.0006760060371412469, 0.00020174221438360221, 0.0003119077398731913, 0.0002807399072782754, 0.00028073990727827596, 0.000272639126216725, 0.00020445919773258718, 0.0002900744868359335, 0.005102644504409257, 0.00042781556339259365, 0.8246357005986436, 0.00026697822416986325, 0.0004461273733935231, 0.00026840348306819565, 0.0002744150171123677, 0.0004659627952601401, 0.001101146840046251]"
hMpxV/China/SZ-CDC/Strain096,"[0.0, 0.0, 0.0, 0.0, 0.0, 0.0, 0.0, 0.0, 0.0, 0.0, 0.0, 0.0, 0.0, 0.0, 0.0, 0.0, 0.0, 0.0, 0.0, 0.0, 0.0, 0.0, 0.0, 0.0, 1.0, 0.0, 0.0, 0.0, 0.0, 0.0, 0.0]"
hMpxV/Australia/VIC-VIDRL-6948/2024|EPI_ISL_19459747|2024-05-06,"[1.0, 0.0, 0.0, 0.0, 0.0, 0.0, 0.0, 0.0, 0.0, 0.0, 0.0, 0.0, 0.0, 0.0, 0.0, 0.0, 0.0, 0.0, 0.0, 0.0, 0.0, 0.0, 0.0, 0.0, 0.0, 0.0, 0.0, 0.0, 0.0, 0.0, 0.0]"
NODE_0000096,"[1.7313106990027388e-05, 1.566333591452105e-06, 2.130273041702474e-06, 1.604196609192924e-06, 1.4219984418971924e-06, 1.5799279621635613e-06, 1.5622568737685882e-06, 7.896844169653792e-06, 1.9979012001847127e-05, 1.644954519125627e-06, 2.867959603737573e-06, 1.5754739977979345e-06, 1.5454972109099956e-06, 1.7618990374019532e-06, 4.743757887029313e-06, 1.1449713193832497e-06, 1.817368175453709e-06, 1.5754739977979224e-06, 1.5754739977979207e-06, 1.5460442864798086e-06, 1.1299653871585922e-06, 1.637107212117824e-06, 0.00018783292220134936, 3.0896077316142215e-06, 0.9997056233281655, 1.4984528703030509e-06, 3.584361838352543e-06, 1.5054238603284412e-06, 1.5512154656969624e-06, 1.7949879704710341e-06, 1.389980358267406e-05]"
hMpxV/China/SZ-CDC/Strain097,"[0.0, 0.0, 0.0, 0.0, 0.0, 0.0, 0.0, 0.0, 0.0, 0.0, 0.0, 0.0, 0.0, 0.0, 0.0, 0.0, 0.0, 0.0, 0.0, 0.0, 0.0, 0.0, 0.0, 0.0, 0.9999999999999999, 0.0, 0.0, 0.0, 0.0, 0.0, 0.0]"
NODE_0000097,"[1.194611076510843e-09, 1.0989070733388655e-10, 1.8078463866332502e-10, 1.119962162276892e-10, 9.918688041985207e-11, 1.1063690548669841e-10, 1.1010365967794963e-10, 1.3613700412563132e-09, 5.9173168925546625e-09, 1.1873911827930463e-10, 2.843389749920236e-10, 1.10781752818807e-10, 1.0493027354179563e-10, 1.33634816580938e-10, 6.396705905489801e-10, 7.628005471522598e-11, 1.3853757517248902e-10, 1.1078175281877719e-10, 1.1078175281877384e-10, 1.078508682285382e-10, 1.1268088708501163e-10, 1.1173371417653226e-10, 2.4378908757864517e-07, 3.123599994816465e-10, 0.9999997403794716, 1.0512900321998699e-10, 3.879607725420915e-10, 1.0648371332429026e-10, 1.0734489280392918e-10, 1.1863832346161105e-10, 3.3368848119332165e-09]"
hMpxV/China/SZ-CDC/Strain106,"[0.0, 0.0, 0.0, 0.0, 0.0, 0.0, 0.0, 0.0, 0.0, 0.0, 0.0, 0.0, 0.0, 0.0, 0.0, 0.0, 0.0, 0.0, 0.0, 0.0, 0.0, 0.0, 0.0, 0.0, 1.0, 0.0, 0.0, 0.0, 0.0, 0.0, 0.0]"
hMpxV/China/SZ-CDC/Strain110,"[0.0, 0.0, 0.0, 0.0, 0.0, 0.0, 0.0, 0.0, 0.0, 0.0, 0.0, 0.0, 0.0, 0.0, 0.0, 0.0, 0.0, 0.0, 0.0, 0.0, 0.0, 0.0, 0.0, 0.0, 1.0, 0.0, 0.0, 0.0, 0.0, 0.0, 0.0]"
hMpxV/China/SZ-CDC/Strain120,"[0.0, 0.0, 0.0, 0.0, 0.0, 0.0, 0.0, 0.0, 0.0, 0.0, 0.0, 0.0, 0.0, 0.0, 0.0, 0.0, 0.0, 0.0, 0.0, 0.0, 0.0, 0.0, 0.0, 0.0, 1.0, 0.0, 0.0, 0.0, 0.0, 0.0, 0.0]"
NODE_0000098,"[6.803415741529717e-10, 1.6284685551792028e-10, 2.1009360452134806e-10, 1.6669604504223573e-10, 1.4687321789617145e-10, 1.6435648175253924e-10, 1.6270055805516888e-10, 1.1225221523839559e-09, 3.2011046101774353e-09, 1.6674921325214577e-10, 3.4379716455562976e-10, 1.640907436572046e-10, 1.593857999948911e-10, 1.6947779538241006e-10, 6.37625199637487e-10, 1.1694299552490565e-10, 1.6978521846392935e-10, 1.6409074365709203e-10, 1.640907436570761e-10, 1.5676375908743094e-10, 1.393469863038742e-10, 1.6776500048996034e-10, 4.534763278837189e-08, 3.719478089246659e-10, 0.9999999423305247, 1.5613644804981973e-10, 4.382219345955757e-10, 1.5714434578978154e-10, 1.5829412690956177e-10, 1.7379365033989185e-10, 2.1288578977808016e-09]"
hMpxV/China/SZ-CDC/Strain092,"[0.0, 0.0, 0.0, 0.0, 0.0, 0.0, 0.0, 0.0, 0.0, 0.0, 0.0, 0.0, 0.0, 0.0, 0.0, 0.0, 0.0, 0.0, 0.0, 0.0, 0.0, 0.0, 0.0, 0.0, 1.0, 0.0, 0.0, 0.0, 0.0, 0.0, 0.0]"
hMpxV/China/SZ-CDC/Strain101,"[0.0, 0.0, 0.0, 0.0, 0.0, 0.0, 0.0, 0.0, 0.0, 0.0, 0.0, 0.0, 0.0, 0.0, 0.0, 0.0, 0.0, 0.0, 0.0, 0.0, 0.0, 0.0, 0.0, 0.0, 1.0, 0.0, 0.0, 0.0, 0.0, 0.0, 0.0]"
NODE_0000063,"[1.425260916016425e-15, 1.4101386196229167e-16, 1.807669639652856e-15, 1.4268194934460702e-16, 1.253039642198396e-16, 1.4183307739641408e-16, 1.4314559717057176e-16, 4.966632542482921e-15, 3.503135186148128e-14, 2.8318442419424735e-16, 5.706226374962287e-16, 1.4340431402491934e-16, 1.2572101388325413e-16, 7.069819379065158e-16, 1.6328122883383958e-15, 8.501326678665185e-17, 9.422752724568618e-16, 1.4340431402484088e-16, 1.434043140248364e-16, 2.1009010323653205e-16, 4.981856073254398e-16, 1.3201195514052035e-16, 2.385733549344078e-08, 6.333636711265524e-16, 0.9999999761425965, 1.3538839563700748e-16, 7.427416890465097e-16, 1.4092637862430156e-16, 1.2697274784853856e-16, 2.3928909146351926e-16, 1.6461105013226944e-14]"
hMpxV/China/SZ-CDC/Strain018,"[0.0, 0.0, 0.0, 0.0, 0.0, 0.0, 0.0, 0.0, 0.0, 0.0, 0.0, 0.0, 0.0, 0.0, 0.0, 0.0, 0.0, 0.0, 0.0, 0.0, 0.0, 0.0, 0.0, 0.0, 1.0, 0.0, 0.0, 0.0, 0.0, 0.0, 0.0]"
hMpxV/China/SZ-CDC/Strain027,"[0.0, 0.0, 0.0, 0.0, 0.0, 0.0, 0.0, 0.0, 0.0, 0.0, 0.0, 0.0, 0.0, 0.0, 0.0, 0.0, 0.0, 0.0, 0.0, 0.0, 0.0, 0.0, 0.0, 0.0, 0.9999999999999999, 0.0, 0.0, 0.0, 0.0, 0.0, 0.0]"
hMpxV/China/SZ-CDC/Strain138,"[0.0, 0.0, 0.0, 0.0, 0.0, 0.0, 0.0, 0.0, 0.0, 0.0, 0.0, 0.0, 0.0, 0.0, 0.0, 0.0, 0.0, 0.0, 0.0, 0.0, 0.0, 0.0, 0.0, 0.0, 1.0, 0.0, 0.0, 0.0, 0.0, 0.0, 0.0]"
hMpxV/China/SZ-CDC/Strain179,"[0.0, 0.0, 0.0, 0.0, 0.0, 0.0, 0.0, 0.0, 0.0, 0.0, 0.0, 0.0, 0.0, 0.0, 0.0, 0.0, 0.0, 0.0, 0.0, 0.0, 0.0, 0.0, 0.0, 0.0, 1.0, 0.0, 0.0, 0.0, 0.0, 0.0, 0.0]"
NODE_0000089,"[5.992331459611137e-10, 6.379653268703412e-10, 1.0937452915292958e-08, 6.560993870811722e-10, 5.646090303900067e-10, 6.451580925781111e-10, 6.390422395645263e-10, 1.0918629091872908e-09, 1.5001217654303116e-09, 2.0155290249582353e-09, 7.707099497584396e-10, 6.451044129885016e-10, 6.195209879273195e-10, 8.66513008320156e-09, 6.026263613124481e-10, 4.2356124867052396e-10, 1.4671988429905496e-08, 6.451044129883817e-10, 6.451044129880837e-10, 1.4518867379220328e-09, 8.471368574349113e-10, 6.548203130964389e-10, 0.9999947310830268, 8.05496006764649e-10, 5.212827499435572e-06, 6.075051003741485e-10, 7.16472729240839e-10, 6.179733273196783e-10, 6.095536356320113e-10, 1.484204460164632e-09, 1.318500573484161e-09]"
hMpxV/Portugal/INSA-PT0756/2023|EPI_ISL_18702225|2023-10-06,"[0.0, 0.0, 0.0, 0.0, 0.0, 0.0, 0.0, 0.0, 0.0, 0.0, 0.0, 0.0, 0.0, 0.0, 0.0, 0.0, 0.0, 0.0, 0.0, 0.0, 0.0, 0.0, 0.9999999999999999, 0.0, 0.0, 0.0, 0.0, 0.0, 0.0, 0.0, 0.0]"
hMpxV/Portugal/INSA-PT0785/2023|EPI_ISL_18702257|2023-10-31,"[0.0, 0.0, 0.0, 0.0, 0.0, 0.0, 0.0, 0.0, 0.0, 0.0, 0.0, 0.0, 0.0, 0.0, 0.0, 0.0, 0.0, 0.0, 0.0, 0.0, 0.0, 0.0, 1.0, 0.0, 0.0, 0.0, 0.0, 0.0, 0.0, 0.0, 0.0]"
hMpxV/Portugal/INSA-PT0733/2023|EPI_ISL_18553811|2023-09-19,"[0.0, 0.0, 0.0, 0.0, 0.0, 0.0, 0.0, 0.0, 0.0, 0.0, 0.0, 0.0, 0.0, 0.0, 0.0, 0.0, 0.0, 0.0, 0.0, 0.0, 0.0, 0.0, 1.0, 0.0, 0.0, 0.0, 0.0, 0.0, 0.0, 0.0, 0.0]"
NODE_0000064,"[8.68055456494878e-06, 1.5898814835332018e-06, 6.001112897509929e-06, 1.5952403099778608e-06, 1.6799866061309673e-06, 1.5940776712791678e-06, 1.5851553099374324e-06, 6.531154610511622e-06, 1.4833870512610531e-05, 1.6425555611119606e-06, 2.6925462657165798e-06, 1.5811432920956475e-06, 1.5215961190684917e-06, 1.765534998107466e-06, 5.2412057659344895e-06, 2.6381537993318178e-06, 3.191548910228159e-06, 1.5811432920955554e-06, 1.581143292095449e-06, 1.541447099371154e-06, 8.487226586956446e-06, 1.598140517249324e-06, 0.00018573132153174634, 2.851615353745331e-06, 0.9995443070638541, 2.1131734710465673e-06, 3.1321776544794523e-06, 2.0926421874383187e-06, 1.5373412652768919e-06, 0.0001683047016465684, 1.0775543569956727e-05]"
hMpxV/China/SZ-CDC/Strain168,"[0.0, 0.0, 0.0, 0.0, 0.0, 0.0, 0.0, 0.0, 0.0, 0.0, 0.0, 0.0, 0.0, 0.0, 0.0, 0.0, 0.0, 0.0, 0.0, 0.0, 0.0, 0.0, 0.0, 0.0, 1.0, 0.0, 0.0, 0.0, 0.0, 0.0, 0.0]"
NODE_0000069,"[8.566154943710851e-07, 1.214020356094413e-07, 1.4796149102177149e-06, 1.2179154413399007e-07, 1.4664546208209902e-07, 1.218019906550322e-07, 1.2200436249711398e-07, 2.1564059542945233e-07, 2.9672299318732677e-07, 1.2254205085968728e-07, 1.5146538742933267e-07, 1.2182488414737065e-07, 1.1581917384089979e-07, 1.2341887294595188e-07, 3.2043948248663896e-07, 5.824870917403233e-07, 4.933585427995006e-07, 1.2182488414750168e-07, 1.2182488414739945e-07, 1.1588752728221428e-07, 6.565914018138206e-06, 1.1959579741678054e-07, 2.205880997769689e-06, 1.5460379715705087e-07, 1.694857520426806e-05, 2.616258595654832e-07, 1.4585198620875564e-07, 2.530224662991937e-07, 1.1618127599504804e-07, 0.9999670935558785, 2.6206054864371585e-07]"
hMpxV/USA/WA-UW-11099/2024|EPI_ISL_19109197|2024-02-01,"[0.0, 0.0, 0.0, 0.0, 0.0, 0.0, 0.0, 0.0, 0.0, 0.0, 0.0, 0.0, 0.0, 0.0, 0.0, 0.0, 0.0, 0.0, 0.0, 0.0, 0.0, 0.0, 0.0, 0.0, 0.0, 0.0, 0.0, 0.0, 0.0, 0.9999999999999999, 0.0]"
hMpxV/USA/CA-UW-301960/2024|EPI_ISL_19053766|2024-02-14,"[0.0, 0.0, 0.0, 0.0, 0.0, 0.0, 0.0, 0.0, 0.0, 0.0, 0.0, 0.0, 0.0, 0.0, 0.0, 0.0, 0.0, 0.0, 0.0, 0.0, 0.0, 0.0, 0.0, 0.0, 0.0, 0.0, 0.0, 0.0, 0.0, 1.0, 0.0]"
NODE_0000065,"[2.846000817306559e-06, 8.652938639717776e-07, 1.1147866971794037e-06, 8.866632965326867e-07, 7.852648513940085e-07, 8.730852672130649e-07, 8.626899025319351e-07, 4.348603017033992e-06, 1.0770962684236852e-05, 9.024176712856544e-07, 1.5897192473658774e-06, 8.702538318175838e-07, 8.56353173963808e-07, 9.539390411503745e-07, 2.5736652491560545e-06, 6.356957977271089e-07, 9.799604501587656e-07, 8.702538318175761e-07, 8.702538318175562e-07, 8.518404723632371e-07, 6.143690823534803e-07, 9.0613593455886e-07, 9.195788380772923e-05, 1.7132652674345057e-06, 0.9998564462914831, 8.282791682468568e-07, 1.992545869076423e-06, 8.314778991533973e-07, 8.565751346229798e-07, 9.814139935882672e-07, 7.564059364371995e-06]"
hMpxV/China/SZ-CDC/Strain103,"[0.0, 0.0, 0.0, 0.0, 0.0, 0.0, 0.0, 0.0, 0.0, 0.0, 0.0, 0.0, 0.0, 0.0, 0.0, 0.0, 0.0, 0.0, 0.0, 0.0, 0.0, 0.0, 0.0, 0.0, 1.0, 0.0, 0.0, 0.0, 0.0, 0.0, 0.0]"
NODE_0000066,"[2.736362254442585e-13, 2.3888641609706446e-14, 4.083541434867887e-14, 2.4260129357961878e-14, 2.1283621914590506e-14, 2.4053357793331942e-14, 2.405795660628984e-14, 6.893410407604954e-13, 4.333826133668344e-12, 2.494192251311716e-14, 8.905335314312429e-14, 2.4180818835967316e-14, 2.2124031548051485e-14, 2.6077228985542327e-14, 2.8438542384981207e-13, 1.5774133471445068e-14, 2.5818216942720283e-14, 2.4180818835959046e-14, 2.4180818835953776e-14, 2.2327740465097317e-14, 4.004248751608784e-14, 2.3331970758783654e-14, 4.211305206134639e-10, 9.897057782111196e-14, 0.9999999995703178, 2.297275682308389e-14, 1.2822120900928706e-13, 2.3414530048253798e-14, 2.2396324669212375e-14, 2.5449654120867927e-14, 2.1288040725006745e-12]"
hMpxV/China/SZ-CDC/Strain089,"[0.0, 0.0, 0.0, 0.0, 0.0, 0.0, 0.0, 0.0, 0.0, 0.0, 0.0, 0.0, 0.0, 0.0, 0.0, 0.0, 0.0, 0.0, 0.0, 0.0, 0.0, 0.0, 0.0, 0.0, 1.0, 0.0, 0.0, 0.0, 0.0, 0.0, 0.0]"
hMpxV/China/SZ-CDC/Strain104,"[0.0, 0.0, 0.0, 0.0, 0.0, 0.0, 0.0, 0.0, 0.0, 0.0, 0.0, 0.0, 0.0, 0.0, 0.0, 0.0, 0.0, 0.0, 0.0, 0.0, 0.0, 0.0, 0.0, 0.0, 1.0, 0.0, 0.0, 0.0, 0.0, 0.0, 0.0]"
hMpxV/China/SZ-CDC/Strain118,"[0.0, 0.0, 0.0, 0.0, 0.0, 0.0, 0.0, 0.0, 0.0, 0.0, 0.0, 0.0, 0.0, 0.0, 0.0, 0.0, 0.0, 0.0, 0.0, 0.0, 0.0, 0.0, 0.0, 0.0, 1.0, 0.0, 0.0, 0.0, 0.0, 0.0, 0.0]"
NODE_0000067,"[2.3309162327028424e-10, 3.708830064180481e-11, 5.3581190756710957e-11, 3.783955877637489e-11, 3.327874708395598e-11, 3.739502178065121e-11, 3.717625710267291e-11, 4.5945076119106483e-10, 1.782628907521636e-09, 3.826759432973065e-11, 9.903722274906133e-11, 3.744112296131569e-11, 3.547559385049767e-11, 3.9326118645238976e-11, 2.2968818839551985e-10, 2.5717542682660827e-11, 3.9207449723852507e-11, 3.744112296130449e-11, 3.744112296130644e-11, 3.526081837777102e-11, 4.178275661894073e-11, 3.7377527537462256e-11, 4.572379057605992e-08, 1.0832438465839298e-10, 0.9999999493882149, 3.5597958762816115e-11, 1.327263363763949e-10, 3.601058726799358e-11, 3.552539420810303e-11, 3.9129044328985894e-11, 1.0556862613255069e-09]"
hMpxV/China/SZ-CDC/Strain095,"[0.0, 0.0, 0.0, 0.0, 0.0, 0.0, 0.0, 0.0, 0.0, 0.0, 0.0, 0.0, 0.0, 0.0, 0.0, 0.0, 0.0, 0.0, 0.0, 0.0, 0.0, 0.0, 0.0, 0.0, 1.0, 0.0, 0.0, 0.0, 0.0, 0.0, 0.0]"
hMpxV/China/SZ-CDC/Strain105,"[0.0, 0.0, 0.0, 0.0, 0.0, 0.0, 0.0, 0.0, 0.0, 0.0, 0.0, 0.0, 0.0, 0.0, 0.0, 0.0, 0.0, 0.0, 0.0, 0.0, 0.0, 0.0, 0.0, 0.0, 1.0, 0.0, 0.0, 0.0, 0.0, 0.0, 0.0]"
hMpxV/China/SZ-CDC/Strain112,"[0.0, 0.0, 0.0, 0.0, 0.0, 0.0, 0.0, 0.0, 0.0, 0.0, 0.0, 0.0, 0.0, 0.0, 0.0, 0.0, 0.0, 0.0, 0.0, 0.0, 0.0, 0.0, 0.0, 0.0, 1.0, 0.0, 0.0, 0.0, 0.0, 0.0, 0.0]"
NODE_0000071,"[8.837427231463813e-06, 5.073125691806398e-06, 0.0010116409660972435, 5.185406614578458e-06, 7.38989888662301e-06, 5.1186614001950644e-06, 5.289500455126758e-06, 9.544773944057852e-06, 1.3508504071997821e-05, 8.495852415911884e-06, 6.390697912430903e-06, 5.099717762004552e-06, 4.965808754976584e-06, 1.683231468076257e-05, 5.941413028118091e-06, 4.759690533215391e-06, 2.8152305307635243e-05, 5.099717762004603e-06, 5.099717762004272e-06, 7.162187707973054e-06, 1.050536411958266e-05, 5.218257092564877e-06, 0.9877649053057094, 6.683073655439559e-06, 0.010994635625263403, 4.855936649633588e-06, 6.3800329385777245e-06, 4.896996879028049e-06, 4.895197579443402e-06, 1.5671595506943456e-05, 1.1764926585827525e-05]"
NODE_0000088,"[7.662977249148174e-10, 7.893169365389318e-10, 1.9671771512467703e-07, 8.119320182543542e-10, 9.868165588438278e-10, 7.988571056880937e-10, 8.215431012992956e-10, 1.4404979481672326e-09, 2.016537975113855e-09, 1.9506837443298796e-09, 9.839303041559357e-10, 8.019697685765421e-10, 1.3258694354675975e-09, 1.6806152167017454e-08, 6.510632040041402e-10, 5.710003463473783e-10, 8.81782581698897e-06, 8.019697685763765e-10, 8.019697685760088e-10, 1.4191023467041616e-09, 1.7348522738672512e-09, 7.959940427882738e-10, 0.9999844992380902, 1.0282494133741817e-09, 6.4393088679015205e-06, 7.47744181454664e-10, 8.066147441915199e-10, 1.346983629953707e-09, 7.219235141953578e-10, 3.4214910867851e-09, 1.7601465357479503e-09]"
hMpxV/Netherlands/un-EMC-NL090/2023|EPI_ISL_18659846|2023-11-07,"[0.0, 0.0, 0.0, 0.0, 0.0, 0.0, 0.0, 0.0, 0.0, 0.0, 0.0, 0.0, 0.0, 0.0, 0.0, 0.0, 1.0, 0.0, 0.0, 0.0, 0.0, 0.0, 0.0, 0.0, 0.0, 0.0, 0.0, 0.0, 0.0, 0.0, 0.0]"
hMpxV/Netherlands/un-EMC-NL089/2023|EPI_ISL_18659829|2023-10-15,"[0.0, 0.0, 0.0, 0.0, 0.0, 0.0, 0.0, 0.0, 0.0, 0.0, 0.0, 0.0, 0.0, 0.0, 0.0, 0.0, 1.0, 0.0, 0.0, 0.0, 0.0, 0.0, 0.0, 0.0, 0.0, 0.0, 0.0, 0.0, 0.0, 0.0, 0.0]"
hMpxV/Portugal/INSA-PT0713/2023|EPI_ISL_18553850|2023-08-21,"[0.0, 0.0, 0.0, 0.0, 0.0, 0.0, 0.0, 0.0, 0.0, 0.0, 0.0, 0.0, 0.0, 0.0, 0.0, 0.0, 0.0, 0.0, 0.0, 0.0, 0.0, 0.0, 1.0, 0.0, 0.0, 0.0, 0.0, 0.0, 0.0, 0.0, 0.0]"
hMpxV/Portugal/INSA-PT0666/2023|EPI_ISL_18228630|2023-08-01,"[0.0, 0.0, 0.0, 0.0, 0.0, 0.0, 0.0, 0.0, 0.0, 0.0, 0.0, 0.0, 0.0, 0.0, 0.0, 0.0, 0.0, 0.0, 0.0, 0.0, 0.0, 0.0, 1.0, 0.0, 0.0, 0.0, 0.0, 0.0, 0.0, 0.0, 0.0]"
NODE_0000072,"[2.1629248216998925e-06, 1.2542156064592533e-06, 0.0911116730787993, 1.2534390073917327e-06, 4.107861133723308e-06, 1.2572909058641241e-06, 1.3988186234779345e-06, 1.3694645951531994e-06, 1.4888601353795315e-06, 2.552272388271906e-06, 1.26217909874152e-06, 1.2417495713615647e-06, 1.1796673570545843e-06, 6.595591590963691e-06, 8.443294182082746e-07, 1.921741670568811e-06, 9.445737408332229e-06, 1.241749571361561e-06, 1.241749571361523e-06, 2.0345240891161606e-06, 1.319989854030688e-05, 1.2288600745346671e-06, 0.9086561002272026, 1.291764223074589e-06, 0.0001485274108018881, 1.201831954635046e-06, 1.064199487061281e-06, 1.2207433394270302e-06, 1.1586848894735407e-06, 1.8046763284027844e-05, 1.4323708391970493e-06]"
hMpxV/Brazil/RS-CEVS-378/2023|EPI_ISL_18971017|2023-11-08,"[0.0, 0.0, 1.0, 0.0, 0.0, 0.0, 0.0, 0.0, 0.0, 0.0, 0.0, 0.0, 0.0, 0.0, 0.0, 0.0, 0.0, 0.0, 0.0, 0.0, 0.0, 0.0, 0.0, 0.0, 0.0, 0.0, 0.0, 0.0, 0.0, 0.0, 0.0]"
hMpxV/Brazil/RJ-FIOCRUZ-10491/2024|EPI_ISL_19416152|2024-04-18,"[0.0, 0.0, 1.0, 0.0, 0.0, 0.0, 0.0, 0.0, 0.0, 0.0, 0.0, 0.0, 0.0, 0.0, 0.0, 0.0, 0.0, 0.0, 0.0, 0.0, 0.0, 0.0, 0.0, 0.0, 0.0, 0.0, 0.0, 0.0, 0.0, 0.0, 0.0]"
hMpxV/Portugal/INSA-PT0734/2023|EPI_ISL_18553812|2023-09-19,"[0.0, 0.0, 0.0, 0.0, 0.0, 0.0, 0.0, 0.0, 0.0, 0.0, 0.0, 0.0, 0.0, 0.0, 0.0, 0.0, 0.0, 0.0, 0.0, 0.0, 0.0, 0.0, 0.9999999999999999, 0.0, 0.0, 0.0, 0.0, 0.0, 0.0, 0.0, 0.0]"
NODE_0000073,"[9.38369159957589e-25, 3.3591352325429734e-26, 1.0, 3.2228103192613965e-26, 1.0902357011359873e-23, 3.3256583017319004e-26, 6.168578802493967e-26, 3.519442990114525e-26, 3.618533240344303e-26, 3.8966582104003595e-26, 3.509790739544552e-26, 3.3684409138206387e-26, 2.6827343561700726e-26, 4.866186431798392e-26, 1.4941571855476163e-26, 6.472717817498737e-25, 4.8325673574457523e-26, 3.3684409138059283e-26, 3.3684409138113615e-26, 3.1554181862251113e-26, 2.9065497342317734e-21, 2.65447979499847e-26, 4.4919719035091365e-21, 3.373594980144999e-26, 5.380716655844686e-25, 3.355263652318634e-26, 1.9148583016859488e-26, 3.5522645660233404e-26, 2.713920534824241e-26, 2.177114238374798e-22, 3.584093396545666e-26]"
hMpxV/Brazil/SP-IAL-357640019/2024|EPI_ISL_19359696|2024-04-03,"[0.0, 0.0, 1.0, 0.0, 0.0, 0.0, 0.0, 0.0, 0.0, 0.0, 0.0, 0.0, 0.0, 0.0, 0.0, 0.0, 0.0, 0.0, 0.0, 0.0, 0.0, 0.0, 0.0, 0.0, 0.0, 0.0, 0.0, 0.0, 0.0, 0.0, 0.0]"
hMpxV/Brazil/RJ-FIOCRUZ-09216/2024|EPI_ISL_19416146|2024-03-31,"[0.0, 0.0, 1.0, 0.0, 0.0, 0.0, 0.0, 0.0, 0.0, 0.0, 0.0, 0.0, 0.0, 0.0, 0.0, 0.0, 0.0, 0.0, 0.0, 0.0, 0.0, 0.0, 0.0, 0.0, 0.0, 0.0, 0.0, 0.0, 0.0, 0.0, 0.0]"
hMpxV/Brazil/RJ-FIOCRUZ-09217/2024|EPI_ISL_19416147|2024-03-29,"[0.0, 0.0, 1.0, 0.0, 0.0, 0.0, 0.0, 0.0, 0.0, 0.0, 0.0, 0.0, 0.0, 0.0, 0.0, 0.0, 0.0, 0.0, 0.0, 0.0, 0.0, 0.0, 0.0, 0.0, 0.0, 0.0, 0.0, 0.0, 0.0, 0.0, 0.0]"
hMpxV/Brazil/RJ-FIOCRUZ-10495/2024|EPI_ISL_19416154|2024-05-02,"[0.0, 0.0, 1.0, 0.0, 0.0, 0.0, 0.0, 0.0, 0.0, 0.0, 0.0, 0.0, 0.0, 0.0, 0.0, 0.0, 0.0, 0.0, 0.0, 0.0, 0.0, 0.0, 0.0, 0.0, 0.0, 0.0, 0.0, 0.0, 0.0, 0.0, 0.0]"
hMpxV/Brazil/RJ-FIOCRUZ-10490/2024|EPI_ISL_19416151|2024-04-10,"[0.0, 0.0, 0.9999999999999999, 0.0, 0.0, 0.0, 0.0, 0.0, 0.0, 0.0, 0.0, 0.0, 0.0, 0.0, 0.0, 0.0, 0.0, 0.0, 0.0, 0.0, 0.0, 0.0, 0.0, 0.0, 0.0, 0.0, 0.0, 0.0, 0.0, 0.0, 0.0]"
hMpxV/Brazil/RJ-FIOCRUZ-10505/2024|EPI_ISL_19416158|2024-05-16,"[0.0, 0.0, 1.0, 0.0, 0.0, 0.0, 0.0, 0.0, 0.0, 0.0, 0.0, 0.0, 0.0, 0.0, 0.0, 0.0, 0.0, 0.0, 0.0, 0.0, 0.0, 0.0, 0.0, 0.0, 0.0, 0.0, 0.0, 0.0, 0.0, 0.0, 0.0]"
hMpxV/Brazil/RJ-FIOCRUZ-09215/2024|EPI_ISL_19416145|2024-03-29,"[0.0, 0.0, 1.0, 0.0, 0.0, 0.0, 0.0, 0.0, 0.0, 0.0, 0.0, 0.0, 0.0, 0.0, 0.0, 0.0, 0.0, 0.0, 0.0, 0.0, 0.0, 0.0, 0.0, 0.0, 0.0, 0.0, 0.0, 0.0, 0.0, 0.0, 0.0]"
NODE_0000074,"[2.5322469664312402e-24, 3.6806519090081774e-26, 1.0, 3.330496927645558e-26, 5.55539617548354e-23, 3.573945411246208e-26, 7.508108681529481e-26, 3.6283340441547266e-26, 3.663431043822266e-26, 3.586232039559856e-26, 3.70077328125365e-26, 3.535600411301906e-26, 2.6504771367870504e-26, 3.7757663267949657e-26, 1.4762915547577944e-26, 1.831635763399736e-24, 3.6336747218967565e-26, 3.5356004112950445e-26, 3.535600411298443e-26, 2.9622070990738796e-26, 6.852046802325516e-20, 2.612179724712782e-26, 6.681912909034229e-21, 3.49987037300704e-26, 4.469950512627652e-25, 3.664872774194332e-26, 1.7837894306822217e-26, 3.873069284104469e-26, 2.722580153080798e-26, 2.9880871728510615e-21, 3.661561722661465e-26]"
hMpxV/Brazil/RJ-UG_UFRJ_0568/2024|EPI_ISL_19434513|2024-08-15,"[0.0, 0.0, 0.9999999999999999, 0.0, 0.0, 0.0, 0.0, 0.0, 0.0, 0.0, 0.0, 0.0, 0.0, 0.0, 0.0, 0.0, 0.0, 0.0, 0.0, 0.0, 0.0, 0.0, 0.0, 0.0, 0.0, 0.0, 0.0, 0.0, 0.0, 0.0, 0.0]"
hMpxV/Brazil/SP-IAL-357886830/2024|EPI_ISL_19372757|2024-08-06,"[0.0, 0.0, 1.0, 0.0, 0.0, 0.0, 0.0, 0.0, 0.0, 0.0, 0.0, 0.0, 0.0, 0.0, 0.0, 0.0, 0.0, 0.0, 0.0, 0.0, 0.0, 0.0, 0.0, 0.0, 0.0, 0.0, 0.0, 0.0, 0.0, 0.0, 0.0]"
hMpxV/Brazil/SP-IAL-357903632/2024|EPI_ISL_19372770|2024-08-19,"[0.0, 0.0, 1.0, 0.0, 0.0, 0.0, 0.0, 0.0, 0.0, 0.0, 0.0, 0.0, 0.0, 0.0, 0.0, 0.0, 0.0, 0.0, 0.0, 0.0, 0.0, 0.0, 0.0, 0.0, 0.0, 0.0, 0.0, 0.0, 0.0, 0.0, 0.0]"
hMpxV/Brazil/RJ-FIOCRUZ-10527/2024|EPI_ISL_19416172|2024-08-16,"[0.0, 0.0, 1.0, 0.0, 0.0, 0.0, 0.0, 0.0, 0.0, 0.0, 0.0, 0.0, 0.0, 0.0, 0.0, 0.0, 0.0, 0.0, 0.0, 0.0, 0.0, 0.0, 0.0, 0.0, 0.0, 0.0, 0.0, 0.0, 0.0, 0.0, 0.0]"
hMpxV/Brazil/PR-FIOCRUZ-10548/2024|EPI_ISL_19416185|2024-07-19,"[0.0, 0.0, 0.9999999999999999, 0.0, 0.0, 0.0, 0.0, 0.0, 0.0, 0.0, 0.0, 0.0, 0.0, 0.0, 0.0, 0.0, 0.0, 0.0, 0.0, 0.0, 0.0, 0.0, 0.0, 0.0, 0.0, 0.0, 0.0, 0.0, 0.0, 0.0, 0.0]"
hMpxV/Brazil/PR-FIOCRUZ-10549/2024|EPI_ISL_19416186|2024-07-20,"[0.0, 0.0, 1.0, 0.0, 0.0, 0.0, 0.0, 0.0, 0.0, 0.0, 0.0, 0.0, 0.0, 0.0, 0.0, 0.0, 0.0, 0.0, 0.0, 0.0, 0.0, 0.0, 0.0, 0.0, 0.0, 0.0, 0.0, 0.0, 0.0, 0.0, 0.0]"
hMpxV/Brazil/SP-IAL-357981172/2024|EPI_ISL_19524888|2024-10-04,"[0.0, 0.0, 1.0, 0.0, 0.0, 0.0, 0.0, 0.0, 0.0, 0.0, 0.0, 0.0, 0.0, 0.0, 0.0, 0.0, 0.0, 0.0, 0.0, 0.0, 0.0, 0.0, 0.0, 0.0, 0.0, 0.0, 0.0, 0.0, 0.0, 0.0, 0.0]"
hMpxV/Brazil/SP-IAL-357914556/2024|EPI_ISL_19446289|2024-08-26,"[0.0, 0.0, 1.0, 0.0, 0.0, 0.0, 0.0, 0.0, 0.0, 0.0, 0.0, 0.0, 0.0, 0.0, 0.0, 0.0, 0.0, 0.0, 0.0, 0.0, 0.0, 0.0, 0.0, 0.0, 0.0, 0.0, 0.0, 0.0, 0.0, 0.0, 0.0]"
NODE_0000077,"[1.2903440811107025e-07, 4.129473548024294e-08, 0.9999960484560678, 4.1653114632569247e-08, 2.636898281808058e-07, 4.1486408874979326e-08, 5.0013273187929496e-08, 4.129567959245126e-08, 4.143584130012741e-08, 4.154340401327926e-08, 4.078121722498377e-08, 4.132012072220865e-08, 3.9727207655962715e-08, 4.1622432343795796e-08, 2.8545766754497448e-08, 9.572203883608082e-08, 4.1489441997468924e-08, 4.1320120722200144e-08, 4.132012072220415e-08, 3.934580519701565e-08, 8.067555839972366e-07, 4.112478136522129e-08, 8.80333781807571e-07, 4.14571378709313e-08, 6.578268854632742e-08, 3.9995385606241586e-08, 3.568761245475396e-08, 4.0316920526988375e-08, 3.9350430201390146e-08, 7.768344239016163e-07, 4.126422055714747e-08]"
hMpxV/Brazil/RJ-UG_UFRJ_0572/2024|EPI_ISL_19434500|2024-08-27,"[0.0, 0.0, 1.0, 0.0, 0.0, 0.0, 0.0, 0.0, 0.0, 0.0, 0.0, 0.0, 0.0, 0.0, 0.0, 0.0, 0.0, 0.0, 0.0, 0.0, 0.0, 0.0, 0.0, 0.0, 0.0, 0.0, 0.0, 0.0, 0.0, 0.0, 0.0]"
hMpxV/Brazil/SP-IAL-357899716/2024|EPI_ISL_19372765|2024-08-15,"[0.0, 0.0, 1.0, 0.0, 0.0, 0.0, 0.0, 0.0, 0.0, 0.0, 0.0, 0.0, 0.0, 0.0, 0.0, 0.0, 0.0, 0.0, 0.0, 0.0, 0.0, 0.0, 0.0, 0.0, 0.0, 0.0, 0.0, 0.0, 0.0, 0.0, 0.0]"
NODE_0000078,"[3.2334066278063114e-08, 1.074167585890551e-08, 0.999999047433431, 1.0836882289457608e-08, 6.411352340997304e-08, 1.0794304433850634e-08, 1.2903059004094177e-08, 1.0737139518534537e-08, 1.0778326618266066e-08, 1.0810579915290533e-08, 1.059360395433901e-08, 1.0740622355410279e-08, 1.0361648726388864e-08, 1.0854597160105715e-08, 7.485661079657795e-09, 2.4076913351687117e-08, 1.0853452459774485e-08, 1.074062235540485e-08, 1.074062235540703e-08, 1.0259623166033375e-08, 1.8195375536530054e-07, 1.0732964612362354e-08, 2.036283985179265e-07, 1.0780668477124046e-08, 1.677962066495363e-08, 1.0400099168136689e-08, 9.34663816427688e-09, 1.0476120415656531e-08, 1.0256723049751483e-08, 1.8672387114875088e-07, 1.0730785084911069e-08]"
hMpxV/Brazil/SP-IAL-357981364/2024|EPI_ISL_19524870|2024-10-07,"[0.0, 0.0, 1.0, 0.0, 0.0, 0.0, 0.0, 0.0, 0.0, 0.0, 0.0, 0.0, 0.0, 0.0, 0.0, 0.0, 0.0, 0.0, 0.0, 0.0, 0.0, 0.0, 0.0, 0.0, 0.0, 0.0, 0.0, 0.0, 0.0, 0.0, 0.0]"
hMpxV/Brazil/SP-IAL-357985080/2024|EPI_ISL_19524871|2024-10-09,"[0.0, 0.0, 1.0, 0.0, 0.0, 0.0, 0.0, 0.0, 0.0, 0.0, 0.0, 0.0, 0.0, 0.0, 0.0, 0.0, 0.0, 0.0, 0.0, 0.0, 0.0, 0.0, 0.0, 0.0, 0.0, 0.0, 0.0, 0.0, 0.0, 0.0, 0.0]"
NODE_0000075,"[9.098650533632974e-10, 1.974220557736327e-10, 0.9999999518869975, 1.976108006826284e-10, 2.493235406991808e-09, 1.9790332354411224e-10, 2.572523200926819e-10, 1.9800262387628971e-10, 1.9855503103930247e-10, 1.978812120186293e-10, 1.9664178413530204e-10, 1.9775994030218574e-10, 1.8409426370039326e-10, 1.9666080475747748e-10, 1.267253805729742e-10, 6.615064983942415e-10, 1.927576987101133e-10, 1.9775994030215384e-10, 1.9775994030217194e-10, 1.8385783096489983e-10, 1.613746312504453e-08, 1.8932677163426732e-10, 1.3166104258024239e-08, 1.9794969862535448e-10, 3.9337878827222306e-10, 1.9228931805343842e-10, 1.5923951811156059e-10, 1.9513949227122397e-10, 1.8331614675610202e-10, 9.917596043386e-09, 1.9794751916839804e-10]"
hMpxV/Brazil/RJ-UG_UFRJ_0552/2024|EPI_ISL_19434496|2024-08-15,"[0.0, 0.0, 1.0, 0.0, 0.0, 0.0, 0.0, 0.0, 0.0, 0.0, 0.0, 0.0, 0.0, 0.0, 0.0, 0.0, 0.0, 0.0, 0.0, 0.0, 0.0, 0.0, 0.0, 0.0, 0.0, 0.0, 0.0, 0.0, 0.0, 0.0, 0.0]"
hMpxV/Brazil/RJ-UG_UFRJ_0553/2024|EPI_ISL_19434497|2024-08-19,"[0.0, 0.0, 1.0, 0.0, 0.0, 0.0, 0.0, 0.0, 0.0, 0.0, 0.0, 0.0, 0.0, 0.0, 0.0, 0.0, 0.0, 0.0, 0.0, 0.0, 0.0, 0.0, 0.0, 0.0, 0.0, 0.0, 0.0, 0.0, 0.0, 0.0, 0.0]"
hMpxV/Brazil/RJ-UG_UFRJ_0551/2024|EPI_ISL_19434495|2024-08-09,"[0.0, 0.0, 1.0, 0.0, 0.0, 0.0, 0.0, 0.0, 0.0, 0.0, 0.0, 0.0, 0.0, 0.0, 0.0, 0.0, 0.0, 0.0, 0.0, 0.0, 0.0, 0.0, 0.0, 0.0, 0.0, 0.0, 0.0, 0.0, 0.0, 0.0, 0.0]"
NODE_0000076,"[1.2439006040832622e-13, 2.6029481671772073e-14, 0.999999999993088, 2.613081095580377e-14, 3.485294496924634e-13, 2.61273191186997e-14, 3.429288249129789e-14, 2.619614731660788e-14, 2.6252492625378695e-14, 2.6088567243313006e-14, 2.6048691376424443e-14, 2.6175504462958197e-14, 2.4283056814602422e-14, 2.5682595463942948e-14, 1.6543952347693716e-14, 8.93659083643997e-14, 2.4949076996861453e-14, 2.6175504462856813e-14, 2.6175504462893643e-14, 2.4167825489358203e-14, 2.4053776028255183e-12, 2.495131337506045e-14, 1.9218031078536097e-12, 2.6187646452011386e-14, 5.1897783813013725e-14, 2.540994998103187e-14, 2.091946334340057e-14, 2.5814646464265758e-14, 2.4201315029577573e-14, 1.3858009934339085e-12, 2.6181931815149926e-14]"
hMpxV/Brazil/SP-IAL-357798278/2024|EPI_ISL_19359678|2024-06-04,"[0.0, 0.0, 0.9999999999999999, 0.0, 0.0, 0.0, 0.0, 0.0, 0.0, 0.0, 0.0, 0.0, 0.0, 0.0, 0.0, 0.0, 0.0, 0.0, 0.0, 0.0, 0.0, 0.0, 0.0, 0.0, 0.0, 0.0, 0.0, 0.0, 0.0, 0.0, 0.0]"
hMpxV/Brazil/SP-IAL-357802143/2024|EPI_ISL_19359679|2024-06-06,"[0.0, 0.0, 1.0, 0.0, 0.0, 0.0, 0.0, 0.0, 0.0, 0.0, 0.0, 0.0, 0.0, 0.0, 0.0, 0.0, 0.0, 0.0, 0.0, 0.0, 0.0, 0.0, 0.0, 0.0, 0.0, 0.0, 0.0, 0.0, 0.0, 0.0, 0.0]"
hMpxV/Brazil/SP-IAL-357896065/2024|EPI_ISL_19359682|2024-08-13,"[0.0, 0.0, 1.0, 0.0, 0.0, 0.0, 0.0, 0.0, 0.0, 0.0, 0.0, 0.0, 0.0, 0.0, 0.0, 0.0, 0.0, 0.0, 0.0, 0.0, 0.0, 0.0, 0.0, 0.0, 0.0, 0.0, 0.0, 0.0, 0.0, 0.0, 0.0]"
NODE_0000079,"[1.683479898121881e-19, 6.0387769570062095e-21, 0.9999999999999994, 5.645520318678912e-21, 1.847205674174958e-18, 5.9234790837052234e-21, 1.0592558590488899e-20, 5.981349888848024e-21, 6.0262037200680535e-21, 5.939247045319696e-21, 6.045579749814449e-21, 5.8759621440232035e-21, 4.7359474514601655e-21, 6.149746520419633e-21, 2.836643341306578e-21, 1.223477379906858e-19, 5.9672291893272765e-21, 5.8759621440147294e-21, 5.875962144018742e-21, 5.104317441984317e-21, 3.955374509988078e-16, 4.73481126732379e-21, 7.829048283725636e-17, 5.8385775358124095e-21, 4.034190608825593e-20, 5.965192768045539e-21, 3.46651160557882e-21, 6.218376807563172e-21, 4.814053614777724e-21, 4.1873226886663864e-17, 6.017610246988369e-21]"
hMpxV/Brazil/SP-IAL-357904928/2024|EPI_ISL_19372767|2024-08-19,"[0.0, 0.0, 1.0, 0.0, 0.0, 0.0, 0.0, 0.0, 0.0, 0.0, 0.0, 0.0, 0.0, 0.0, 0.0, 0.0, 0.0, 0.0, 0.0, 0.0, 0.0, 0.0, 0.0, 0.0, 0.0, 0.0, 0.0, 0.0, 0.0, 0.0, 0.0]"
hMpxV/Brazil/SP-IAL-357911339/2024|EPI_ISL_19372775|2024-08-23,"[0.0, 0.0, 1.0, 0.0, 0.0, 0.0, 0.0, 0.0, 0.0, 0.0, 0.0, 0.0, 0.0, 0.0, 0.0, 0.0, 0.0, 0.0, 0.0, 0.0, 0.0, 0.0, 0.0, 0.0, 0.0, 0.0, 0.0, 0.0, 0.0, 0.0, 0.0]"
hMpxV/Brazil/SP-IAL-357979688/2024|EPI_ISL_19524878|2024-10-06,"[0.0, 0.0, 1.0, 0.0, 0.0, 0.0, 0.0, 0.0, 0.0, 0.0, 0.0, 0.0, 0.0, 0.0, 0.0, 0.0, 0.0, 0.0, 0.0, 0.0, 0.0, 0.0, 0.0, 0.0, 0.0, 0.0, 0.0, 0.0, 0.0, 0.0, 0.0]"
hMpxV/Brazil/BA-LACEN-293860175/2024|EPI_ISL_19361755|2024-08-07,"[0.0, 0.0, 1.0, 0.0, 0.0, 0.0, 0.0, 0.0, 0.0, 0.0, 0.0, 0.0, 0.0, 0.0, 0.0, 0.0, 0.0, 0.0, 0.0, 0.0, 0.0, 0.0, 0.0, 0.0, 0.0, 0.0, 0.0, 0.0, 0.0, 0.0, 0.0]"
NODE_0000084,"[4.6227534749250614e-09, 1.442656707072322e-09, 0.9999998551992991, 1.4571596826369771e-09, 9.608252939075402e-09, 1.4501747959638548e-09, 1.7595113768433011e-09, 1.445183714701752e-09, 1.4494994138463206e-09, 1.4511809270997298e-09, 1.4283191865438636e-09, 1.4464397501094254e-09, 1.3874014752406275e-09, 1.4467173585665094e-09, 9.908416803395034e-10, 3.4070556310545235e-09, 1.43504023352123e-09, 1.4464397501065497e-09, 1.4464397501075502e-09, 1.3718778898043818e-09, 3.079012463753606e-08, 1.4354232784083994e-09, 3.3090697519053625e-08, 1.450762327257922e-09, 2.3083721664925692e-09, 1.3988449225503942e-09, 1.2428085561556473e-09, 1.411037609517251e-09, 1.374998535649276e-09, 2.8360844743525394e-08, 1.4438404041890965e-09]"
hMpxV/Brazil/SP-IAL-357899878/2024|EPI_ISL_19372763|2024-08-15,"[0.0, 0.0, 0.9999999999999999, 0.0, 0.0, 0.0, 0.0, 0.0, 0.0, 0.0, 0.0, 0.0, 0.0, 0.0, 0.0, 0.0, 0.0, 0.0, 0.0, 0.0, 0.0, 0.0, 0.0, 0.0, 0.0, 0.0, 0.0, 0.0, 0.0, 0.0, 0.0]"
hMpxV/Brazil/SP-IAL-357911479/2024|EPI_ISL_19372776|2024-08-24,"[0.0, 0.0, 0.9999999999999999, 0.0, 0.0, 0.0, 0.0, 0.0, 0.0, 0.0, 0.0, 0.0, 0.0, 0.0, 0.0, 0.0, 0.0, 0.0, 0.0, 0.0, 0.0, 0.0, 0.0, 0.0, 0.0, 0.0, 0.0, 0.0, 0.0, 0.0, 0.0]"
NODE_0000087,"[4.83442797485839e-09, 1.5330884507346094e-09, 0.9999998509636243, 1.5478304338920904e-09, 9.930624322750993e-09, 1.5408652618430952e-09, 1.8622597899121936e-09, 1.534738494650791e-09, 1.5396834014279365e-09, 1.542331459727097e-09, 1.5161251888657173e-09, 1.5358307817227221e-09, 1.475335658350336e-09, 1.540880182718437e-09, 1.0569919334121351e-09, 3.57379051455402e-09, 1.531955898755681e-09, 1.5358307817196566e-09, 1.5358307817207173e-09, 1.4595613915104544e-09, 3.0859686371593836e-08, 1.5268786957310327e-09, 3.350481460595588e-08, 1.5407241405526736e-09, 2.4398530996033224e-09, 1.4858650164912799e-09, 1.3239598697540752e-09, 1.4982552902147302e-09, 1.4616797381198753e-09, 2.9233217391959805e-08, 1.533459036579516e-09]"
hMpxV/Brazil/SP-IAL-357921858/2024|EPI_ISL_19446293|2024-09-01,"[0.0, 0.0, 0.9999999999999999, 0.0, 0.0, 0.0, 0.0, 0.0, 0.0, 0.0, 0.0, 0.0, 0.0, 0.0, 0.0, 0.0, 0.0, 0.0, 0.0, 0.0, 0.0, 0.0, 0.0, 0.0, 0.0, 0.0, 0.0, 0.0, 0.0, 0.0, 0.0]"
hMpxV/Brazil/SP-IAL-357933783/2024|EPI_ISL_19446300|2024-09-08,"[0.0, 0.0, 1.0, 0.0, 0.0, 0.0, 0.0, 0.0, 0.0, 0.0, 0.0, 0.0, 0.0, 0.0, 0.0, 0.0, 0.0, 0.0, 0.0, 0.0, 0.0, 0.0, 0.0, 0.0, 0.0, 0.0, 0.0, 0.0, 0.0, 0.0, 0.0]"
NODE_0000082,"[5.469673922355997e-12, 1.2141447879883086e-12, 0.9999999997208985, 1.2147112522160935e-12, 1.473599774692e-11, 1.2169586440668713e-12, 1.5731890961532826e-12, 1.216718842480089e-12, 1.2205284838787307e-12, 1.2171996600007448e-12, 1.2075635698842956e-12, 1.214943952252088e-12, 1.1333825998511138e-12, 1.2129925656074966e-12, 7.835804888840393e-13, 3.992533932646985e-12, 1.192490287535955e-12, 1.214943952248442e-12, 1.2149439522497916e-12, 1.132562208130119e-12, 9.128295893322723e-11, 1.1660964260803597e-12, 7.55628525878781e-11, 1.2164528052595372e-12, 2.398873831903355e-12, 1.1819455270800146e-12, 9.828969511885429e-13, 1.1988455757331926e-12, 1.1280881482052705e-12, 5.838695023308725e-11, 1.2165516083478003e-12]"
hMpxV/Brazil/SP-IAL-357821026/2024|EPI_ISL_19359691|2024-06-18,"[0.0, 0.0, 1.0, 0.0, 0.0, 0.0, 0.0, 0.0, 0.0, 0.0, 0.0, 0.0, 0.0, 0.0, 0.0, 0.0, 0.0, 0.0, 0.0, 0.0, 0.0, 0.0, 0.0, 0.0, 0.0, 0.0, 0.0, 0.0, 0.0, 0.0, 0.0]"
hMpxV/Brazil/SP-IAL-357909129/2024|EPI_ISL_19372769|2024-08-19,"[0.0, 0.0, 1.0, 0.0, 0.0, 0.0, 0.0, 0.0, 0.0, 0.0, 0.0, 0.0, 0.0, 0.0, 0.0, 0.0, 0.0, 0.0, 0.0, 0.0, 0.0, 0.0, 0.0, 0.0, 0.0, 0.0, 0.0, 0.0, 0.0, 0.0, 0.0]"
NODE_0000083,"[1.0443019928605197e-08, 3.3022513711146564e-09, 0.9999996766228044, 3.3325925395554096e-09, 2.1520886933035076e-08, 3.318232714728386e-09, 4.012251619897574e-09, 3.3045827201661755e-09, 3.3151860858693547e-09, 3.321907920791113e-09, 3.264604576304263e-09, 3.3069506357200695e-09, 3.1759134386391647e-09, 3.321471722217254e-09, 2.275946774562686e-09, 7.725924932649262e-09, 3.3040331564822563e-09, 3.3069506357136717e-09, 3.3069506357158827e-09, 3.1435589064719917e-09, 6.733982403077026e-08, 3.2868213447689975e-09, 7.293854006060436e-08, 3.3174136725157247e-09, 5.276103768489577e-09, 3.1997839726510853e-09, 2.849141244358737e-09, 3.2264825817738397e-09, 3.1465835281442446e-09, 6.349146890112812e-08, 3.3018149757193578e-09]"
hMpxV/Brazil/SP-IAL-357899889/2024|EPI_ISL_19372764|2024-08-15,"[0.0, 0.0, 1.0, 0.0, 0.0, 0.0, 0.0, 0.0, 0.0, 0.0, 0.0, 0.0, 0.0, 0.0, 0.0, 0.0, 0.0, 0.0, 0.0, 0.0, 0.0, 0.0, 0.0, 0.0, 0.0, 0.0, 0.0, 0.0, 0.0, 0.0, 0.0]"
hMpxV/Brazil/SP-IAL-357929674/2024|EPI_ISL_19446297|2024-09-04,"[0.0, 0.0, 1.0, 0.0, 0.0, 0.0, 0.0, 0.0, 0.0, 0.0, 0.0, 0.0, 0.0, 0.0, 0.0, 0.0, 0.0, 0.0, 0.0, 0.0, 0.0, 0.0, 0.0, 0.0, 0.0, 0.0, 0.0, 0.0, 0.0, 0.0, 0.0]"
NODE_0000085,"[1.138955143666482e-17, 8.027203414838538e-19, 0.9999999999999936, 7.847286870821778e-19, 7.290833153076932e-17, 7.99342082493542e-19, 1.2898384857658078e-18, 8.111833907964216e-19, 8.124555941713062e-19, 7.960500022575969e-19, 8.18411144920823e-19, 8.054639418940451e-19, 6.831796881663662e-19, 7.754300780015321e-19, 4.1651920500348023e-19, 7.844632592033389e-18, 7.261049450878625e-19, 8.054639418934277e-19, 8.054639418937034e-19, 7.000799238363293e-19, 4.121765440227358e-15, 6.894546874559002e-19, 1.4436584223444123e-15, 8.009698056860687e-19, 3.076745062649587e-18, 7.945318067078228e-19, 5.30046418164832e-19, 8.219562723918024e-19, 6.906373955725662e-19, 7.078790116506113e-16, 8.123306362684668e-19]"
hMpxV/Brazil/SP-IAL-357980969/2024|EPI_ISL_19524874|2024-09-30,"[0.0, 0.0, 1.0, 0.0, 0.0, 0.0, 0.0, 0.0, 0.0, 0.0, 0.0, 0.0, 0.0, 0.0, 0.0, 0.0, 0.0, 0.0, 0.0, 0.0, 0.0, 0.0, 0.0, 0.0, 0.0, 0.0, 0.0, 0.0, 0.0, 0.0, 0.0]"
hMpxV/Brazil/SP-IAL-357928627/2024|EPI_ISL_19446296|2024-09-04,"[0.0, 0.0, 1.0, 0.0, 0.0, 0.0, 0.0, 0.0, 0.0, 0.0, 0.0, 0.0, 0.0, 0.0, 0.0, 0.0, 0.0, 0.0, 0.0, 0.0, 0.0, 0.0, 0.0, 0.0, 0.0, 0.0, 0.0, 0.0, 0.0, 0.0, 0.0]"
hMpxV/Brazil/SP-IAL-357934564/2024|EPI_ISL_19446301|2024-09-09,"[0.0, 0.0, 0.9999999999999999, 0.0, 0.0, 0.0, 0.0, 0.0, 0.0, 0.0, 0.0, 0.0, 0.0, 0.0, 0.0, 0.0, 0.0, 0.0, 0.0, 0.0, 0.0, 0.0, 0.0, 0.0, 0.0, 0.0, 0.0, 0.0, 0.0, 0.0, 0.0]"
hMpxV/Brazil/SP-IAL-357941922/2024|EPI_ISL_19446305|2024-09-11,"[0.0, 0.0, 0.9999999999999999, 0.0, 0.0, 0.0, 0.0, 0.0, 0.0, 0.0, 0.0, 0.0, 0.0, 0.0, 0.0, 0.0, 0.0, 0.0, 0.0, 0.0, 0.0, 0.0, 0.0, 0.0, 0.0, 0.0, 0.0, 0.0, 0.0, 0.0, 0.0]"
hMpxV/Brazil/SP-IAL-357944650/2024|EPI_ISL_19446308|2024-09-15,"[0.0, 0.0, 1.0, 0.0, 0.0, 0.0, 0.0, 0.0, 0.0, 0.0, 0.0, 0.0, 0.0, 0.0, 0.0, 0.0, 0.0, 0.0, 0.0, 0.0, 0.0, 0.0, 0.0, 0.0, 0.0, 0.0, 0.0, 0.0, 0.0, 0.0, 0.0]"
NODE_0000086,"[2.826171326421625e-08, 8.644820411255215e-09, 0.9999990970425433, 8.738429860885502e-09, 5.958128333107573e-08, 8.692336378523039e-09, 1.0599346616075407e-08, 8.669139120975257e-09, 8.692310990869138e-09, 8.694789262637292e-09, 8.57319430011008e-09, 8.678525658690781e-09, 8.3087314064439e-09, 8.64026760684869e-09, 5.908116185997762e-09, 2.0738576428400213e-08, 8.542323282585272e-09, 8.678525658688582e-09, 8.67852565868949e-09, 8.208390533596222e-09, 1.9828402169199463e-07, 8.592799817406498e-09, 2.104619041274879e-07, 8.702242841669598e-09, 1.3907772827205002e-08, 8.388113282914366e-09, 7.426003679749835e-09, 8.465425983528981e-09, 8.237889091418809e-09, 1.763019744368006e-07, 8.659963146201296e-09]"
hMpxV/Brazil/SP-IAL-357996884/2024|EPI_ISL_19524880|2024-10-18,"[0.0, 0.0, 1.0, 0.0, 0.0, 0.0, 0.0, 0.0, 0.0, 0.0, 0.0, 0.0, 0.0, 0.0, 0.0, 0.0, 0.0, 0.0, 0.0, 0.0, 0.0, 0.0, 0.0, 0.0, 0.0, 0.0, 0.0, 0.0, 0.0, 0.0, 0.0]"
hMpxV/Brazil/SP-IAL-357994370/2024|EPI_ISL_19524885|2024-10-16,"[0.0, 0.0, 0.9999999999999999, 0.0, 0.0, 0.0, 0.0, 0.0, 0.0, 0.0, 0.0, 0.0, 0.0, 0.0, 0.0, 0.0, 0.0, 0.0, 0.0, 0.0, 0.0, 0.0, 0.0, 0.0, 0.0, 0.0, 0.0, 0.0, 0.0, 0.0, 0.0]"
NODE_0000080,"[2.3235935431504965e-19, 1.47445093443036e-20, 0.9999999999999789, 8.732638548084554e-21, 5.439316302896257e-18, 1.1023862206471882e-20, 2.0613366066328338e-20, 9.186171715849834e-21, 9.214829297658933e-21, 8.95643136003768e-21, 9.334221077254243e-21, 9.072847960828374e-21, 7.381448307906771e-21, 1.1542515564857727e-20, 5.7655293838552456e-21, 6.1728808157758635e-19, 8.630706861278754e-21, 9.072847960821306e-21, 9.072847960825012e-21, 1.0203667416683796e-20, 2.10225574778915e-14, 7.38146868159008e-21, 6.273186730636197e-17, 9.00197669596776e-21, 5.592177929961538e-20, 9.164047014776179e-21, 5.588345870625508e-21, 9.552134405685511e-21, 7.543852373908817e-21, 1.1605167441637783e-16, 9.21849572858174e-21]"
hMpxV/Brazil/RJ-UG_UFRJ_0554/2024|EPI_ISL_19434498|2024-08-21,"[0.0, 0.0, 1.0, 0.0, 0.0, 0.0, 0.0, 0.0, 0.0, 0.0, 0.0, 0.0, 0.0, 0.0, 0.0, 0.0, 0.0, 0.0, 0.0, 0.0, 0.0, 0.0, 0.0, 0.0, 0.0, 0.0, 0.0, 0.0, 0.0, 0.0, 0.0]"
hMpxV/Brazil/SP-IAL-357897410/2024|EPI_ISL_19372760|2024-08-13,"[0.0, 0.0, 1.0, 0.0, 0.0, 0.0, 0.0, 0.0, 0.0, 0.0, 0.0, 0.0, 0.0, 0.0, 0.0, 0.0, 0.0, 0.0, 0.0, 0.0, 0.0, 0.0, 0.0, 0.0, 0.0, 0.0, 0.0, 0.0, 0.0, 0.0, 0.0]"
hMpxV/Brazil/SP-IAL-357901450/2024|EPI_ISL_19372766|2024-08-18,"[0.0, 0.0, 1.0, 0.0, 0.0, 0.0, 0.0, 0.0, 0.0, 0.0, 0.0, 0.0, 0.0, 0.0, 0.0, 0.0, 0.0, 0.0, 0.0, 0.0, 0.0, 0.0, 0.0, 0.0, 0.0, 0.0, 0.0, 0.0, 0.0, 0.0, 0.0]"
hMpxV/Peru/LIM-INS-579/2024|EPI_ISL_19564180|2024-10-07,"[0.0, 0.0, 0.0, 0.0, 0.0, 0.0, 0.0, 0.0, 0.0, 0.0, 0.0, 0.0, 0.0, 0.0, 0.0, 0.0, 0.0, 0.0, 0.0, 0.0, 1.0, 0.0, 0.0, 0.0, 0.0, 0.0, 0.0, 0.0, 0.0, 0.0, 0.0]"
hMpxV/Brazil/SP-IAL-357981061/2024|EPI_ISL_19524872|2024-10-06,"[0.0, 0.0, 1.0, 0.0, 0.0, 0.0, 0.0, 0.0, 0.0, 0.0, 0.0, 0.0, 0.0, 0.0, 0.0, 0.0, 0.0, 0.0, 0.0, 0.0, 0.0, 0.0, 0.0, 0.0, 0.0, 0.0, 0.0, 0.0, 0.0, 0.0, 0.0]"
hMpxV/Brazil/SP-IAL-357938508/2024|EPI_ISL_19446303|2024-09-10,"[0.0, 0.0, 1.0, 0.0, 0.0, 0.0, 0.0, 0.0, 0.0, 0.0, 0.0, 0.0, 0.0, 0.0, 0.0, 0.0, 0.0, 0.0, 0.0, 0.0, 0.0, 0.0, 0.0, 0.0, 0.0, 0.0, 0.0, 0.0, 0.0, 0.0, 0.0]"
hMpxV/Brazil/SP-IAL-357949045/2024|EPI_ISL_19446312|2024-09-17,"[0.0, 0.0, 0.9999999999999999, 0.0, 0.0, 0.0, 0.0, 0.0, 0.0, 0.0, 0.0, 0.0, 0.0, 0.0, 0.0, 0.0, 0.0, 0.0, 0.0, 0.0, 0.0, 0.0, 0.0, 0.0, 0.0, 0.0, 0.0, 0.0, 0.0, 0.0, 0.0]"
NODE_0000081,"[2.8678905548676527e-12, 5.739707373064364e-13, 0.9999999998289456, 5.771671012525659e-13, 8.293662032332542e-12, 5.764804898132093e-13, 7.650880170439281e-13, 5.789832552323444e-13, 5.798281209966639e-13, 5.751092081621044e-13, 5.764985179258069e-13, 5.788002715610304e-13, 5.34728181588329e-13, 5.621933664863436e-13, 3.608110550429874e-13, 2.0406573552298603e-12, 5.421973118980488e-13, 5.788002715603866e-13, 5.788002715606907e-13, 5.311534109483271e-13, 6.225082553643882e-11, 5.489503250862895e-13, 4.8379193631627236e-11, 5.787425815176158e-13, 1.1585665253726998e-12, 5.61156933453355e-13, 4.583490345324411e-13, 5.707198906316186e-13, 5.334187132680249e-13, 3.316320295362325e-11, 5.785037965029285e-13]"
hMpxV/Brazil/SP-IAL-357890330/2024|EPI_ISL_19372759|2024-08-07,"[0.0, 0.0, 1.0, 0.0, 0.0, 0.0, 0.0, 0.0, 0.0, 0.0, 0.0, 0.0, 0.0, 0.0, 0.0, 0.0, 0.0, 0.0, 0.0, 0.0, 0.0, 0.0, 0.0, 0.0, 0.0, 0.0, 0.0, 0.0, 0.0, 0.0, 0.0]"
hMpxV/Brazil/SP-IAL-357903502/2024|EPI_ISL_19372771|2024-08-19,"[0.0, 0.0, 1.0, 0.0, 0.0, 0.0, 0.0, 0.0, 0.0, 0.0, 0.0, 0.0, 0.0, 0.0, 0.0, 0.0, 0.0, 0.0, 0.0, 0.0, 0.0, 0.0, 0.0, 0.0, 0.0, 0.0, 0.0, 0.0, 0.0, 0.0, 0.0]"
hMpxV/Brazil/SP-IAL-357909240/2024|EPI_ISL_19372773|2024-08-21,"[0.0, 0.0, 1.0, 0.0, 0.0, 0.0, 0.0, 0.0, 0.0, 0.0, 0.0, 0.0, 0.0, 0.0, 0.0, 0.0, 0.0, 0.0, 0.0, 0.0, 0.0, 0.0, 0.0, 0.0, 0.0, 0.0, 0.0, 0.0, 0.0, 0.0, 0.0]"
NODE_0000015,"[3.666161246397355e-17, 1.1617312023014321e-17, 1.0716455951055776e-15, 1.1818675577514408e-17, 9.71978077916858e-18, 1.1723516428701386e-17, 1.190078190922413e-17, 2.1063221742993037e-16, 1.196475133901214e-11, 6.75971959782857e-17, 3.6262345672195224e-17, 1.1938633892524451e-17, 9.829046101952508e-18, 6.571817052391017e-16, 5.013664781850972e-17, 5.5971515385065645e-18, 1.3928033976253398e-15, 1.1938633892502665e-17, 1.1938633892499109e-17, 3.706098435486343e-17, 6.915392672495964e-17, 1.0414721515491039e-17, 0.0011971088110219463, 5.2038243546646924e-17, 0.998802891177009, 1.1012108520536068e-17, 3.3740343284598826e-17, 1.1761037927816968e-17, 9.796032372389592e-18, 2.253650819493558e-17, 5.628998720102632e-16]"
hMpxV/China/SZ-CDC/Strain178,"[0.0, 0.0, 0.0, 0.0, 0.0, 0.0, 0.0, 0.0, 0.0, 0.0, 0.0, 0.0, 0.0, 0.0, 0.0, 0.0, 0.0, 0.0, 0.0, 0.0, 0.0, 0.0, 0.0, 0.0, 1.0, 0.0, 0.0, 0.0, 0.0, 0.0, 0.0]"
hMpxV/Portugal/INSA-PT0629/2023|EPI_ISL_18044983|2023-06-20,"[0.0, 0.0, 0.0, 0.0, 0.0, 0.0, 0.0, 0.0, 0.0, 0.0, 0.0, 0.0, 0.0, 0.0, 0.0, 0.0, 0.0, 0.0, 0.0, 0.0, 0.0, 0.0, 1.0, 0.0, 0.0, 0.0, 0.0, 0.0, 0.0, 0.0, 0.0]"
hMpxV/China/GZ-GCDC_M011/2023|EPI_ISL_19058867|2023-06-07,"[0.0, 0.0, 0.0, 0.0, 0.0, 0.0, 0.0, 0.0, 1.0, 0.0, 0.0, 0.0, 0.0, 0.0, 0.0, 0.0, 0.0, 0.0, 0.0, 0.0, 0.0, 0.0, 0.0, 0.0, 0.0, 0.0, 0.0, 0.0, 0.0, 0.0, 0.0]"
hMpxV/Portugal/INSA-PT0691/2023|EPI_ISL_18553837|2023-07-15,"[0.0, 0.0, 0.0, 0.0, 0.0, 0.0, 0.0, 0.0, 0.0, 0.0, 0.0, 0.0, 0.0, 0.0, 0.0, 0.0, 0.0, 0.0, 0.0, 0.0, 0.0, 0.0, 1.0, 0.0, 0.0, 0.0, 0.0, 0.0, 0.0, 0.0, 0.0]"
hMpxV/Portugal/INSA-PT0660/2023|EPI_ISL_18228621|2023-07-26,"[0.0, 0.0, 0.0, 0.0, 0.0, 0.0, 0.0, 0.0, 0.0, 0.0, 0.0, 0.0, 0.0, 0.0, 0.0, 0.0, 0.0, 0.0, 0.0, 0.0, 0.0, 0.0, 1.0, 0.0, 0.0, 0.0, 0.0, 0.0, 0.0, 0.0, 0.0]"
hMpxV/China/SZ-CDC/Strain061,"[0.0, 0.0, 0.0, 0.0, 0.0, 0.0, 0.0, 0.0, 0.0, 0.0, 0.0, 0.0, 0.0, 0.0, 0.0, 0.0, 0.0, 0.0, 0.0, 0.0, 0.0, 0.0, 0.0, 0.0, 1.0, 0.0, 0.0, 0.0, 0.0, 0.0, 0.0]"
hMpxV/China/SZ-CDC/Strain122,"[0.0, 0.0, 0.0, 0.0, 0.0, 0.0, 0.0, 0.0, 0.0, 0.0, 0.0, 0.0, 0.0, 0.0, 0.0, 0.0, 0.0, 0.0, 0.0, 0.0, 0.0, 0.0, 0.0, 0.0, 1.0, 0.0, 0.0, 0.0, 0.0, 0.0, 0.0]"
NODE_0000016,"[9.061946254599572e-13, 1.9468473228765384e-13, 4.173602323309337e-13, 1.9958257980657503e-13, 1.6544307397338158e-13, 1.968802171149062e-13, 1.9651707475733683e-13, 2.7830224469413985e-12, 8.576382357197612e-09, 2.719458813170487e-13, 5.425916657067035e-13, 1.9824845580630025e-13, 1.7697258477590391e-13, 4.1873691545847566e-13, 1.0037838238307483e-12, 1.116901988753289e-13, 4.78161814420199e-13, 1.9824845580623167e-13, 1.982484558061591e-13, 2.2083801797707443e-13, 2.299331701395928e-13, 1.9003467771325593e-13, 1.1031128963144545e-06, 7.622925285235572e-10, 0.999998887530902, 1.8474088450649668e-13, 6.320949926629692e-13, 1.8935419320796884e-13, 1.7804659344305731e-13, 1.2433323738465817e-13, 6.919237901344485e-12]"
hMpxV/China/SZ-CDC/Strain019,"[0.0, 0.0, 0.0, 0.0, 0.0, 0.0, 0.0, 0.0, 0.0, 0.0, 0.0, 0.0, 0.0, 0.0, 0.0, 0.0, 0.0, 0.0, 0.0, 0.0, 0.0, 0.0, 0.0, 0.0, 1.0, 0.0, 0.0, 0.0, 0.0, 0.0, 0.0]"
hMpxV/China/SZ-CDC/Strain068,"[0.0, 0.0, 0.0, 0.0, 0.0, 0.0, 0.0, 0.0, 0.0, 0.0, 0.0, 0.0, 0.0, 0.0, 0.0, 0.0, 0.0, 0.0, 0.0, 0.0, 0.0, 0.0, 0.0, 0.0, 1.0, 0.0, 0.0, 0.0, 0.0, 0.0, 0.0]"
hMpxV/China/SZ-CDC/Strain177,"[0.0, 0.0, 0.0, 0.0, 0.0, 0.0, 0.0, 0.0, 0.0, 0.0, 0.0, 0.0, 0.0, 0.0, 0.0, 0.0, 0.0, 0.0, 0.0, 0.0, 0.0, 0.0, 0.0, 0.0, 1.0, 0.0, 0.0, 0.0, 0.0, 0.0, 0.0]"
NODE_0000031,"[5.019750082980374e-05, 4.6285133818593185e-05, 2.5837679230509494e-05, 4.812797145550015e-05, 3.946635235798548e-05, 4.702439920810093e-05, 4.620942471305893e-05, 9.285027910915784e-05, 0.3093311816839865, 4.7096349473030346e-05, 5.9775011169700875e-05, 4.689887169573771e-05, 4.5271846463597946e-05, 4.635304002944948e-05, 4.932365381162347e-05, 2.8684458346460763e-05, 4.581894957114615e-05, 4.689887169573839e-05, 4.689887169572023e-05, 4.333801813533104e-05, 1.4726996055922532e-05, 4.878078784032102e-05, 0.00021797892470080127, 0.2713468742645688, 0.4178162055744341, 4.355240114173479e-05, 5.7918212304584086e-05, 4.390457078314234e-05, 4.424402902435815e-05, 1.6719158010941974e-05, 0.00011555671433840608]"
hMpxV/China/SZ-GCDC_M022/2023|EPI_ISL_19058865|2023-06-10,"[0.0, 0.0, 0.0, 0.0, 0.0, 0.0, 0.0, 0.0, 0.0, 0.0, 0.0, 0.0, 0.0, 0.0, 0.0, 0.0, 0.0, 0.0, 0.0, 0.0, 0.0, 0.0, 0.0, 1.0, 0.0, 0.0, 0.0, 0.0, 0.0, 0.0, 0.0]"
hMpxV/China/GZ-GCDC_M021/2023|EPI_ISL_19058870|2023-06-11,"[0.0, 0.0, 0.0, 0.0, 0.0, 0.0, 0.0, 0.0, 1.0, 0.0, 0.0, 0.0, 0.0, 0.0, 0.0, 0.0, 0.0, 0.0, 0.0, 0.0, 0.0, 0.0, 0.0, 0.0, 0.0, 0.0, 0.0, 0.0, 0.0, 0.0, 0.0]"
NODE_0000017,"[2.2137066243843676e-28, 4.8329939882113995e-31, 2.3349800028482087e-30, 4.766567140421465e-31, 4.125749713125596e-31, 4.821338595381211e-31, 5.008592966344336e-31, 2.487211966582085e-27, 2.757448663668849e-25, 5.485430368855843e-31, 1.4054091467012028e-29, 4.9704317076649244e-31, 3.6586669521588157e-31, 6.514205350042131e-31, 3.165720208357148e-28, 2.3424876569788356e-31, 6.22985101882215e-31, 4.970431707664754e-31, 4.970431707664692e-31, 4.0940715023738035e-31, 8.611766674730599e-30, 3.9077148242942005e-31, 3.887706534714466e-20, 1.72549894306727e-29, 1.0, 4.683140968947084e-31, 3.178148285707636e-29, 4.99750825798089e-31, 4.014803808431241e-31, 4.537330311953689e-31, 4.506307265404508e-26]"
hMpxV/China/SZ-CDC/Strain016,"[0.0, 0.0, 0.0, 0.0, 0.0, 0.0, 0.0, 0.0, 0.0, 0.0, 0.0, 0.0, 0.0, 0.0, 0.0, 0.0, 0.0, 0.0, 0.0, 0.0, 0.0, 0.0, 0.0, 0.0, 1.0, 0.0, 0.0, 0.0, 0.0, 0.0, 0.0]"
hMpxV/China/SZ-CDC/Strain022,"[0.0, 0.0, 0.0, 0.0, 0.0, 0.0, 0.0, 0.0, 0.0, 0.0, 0.0, 0.0, 0.0, 0.0, 0.0, 0.0, 0.0, 0.0, 0.0, 0.0, 0.0, 0.0, 0.0, 0.0, 1.0, 0.0, 0.0, 0.0, 0.0, 0.0, 0.0]"
hMpxV/China/SZ-CDC/Strain031,"[0.0, 0.0, 0.0, 0.0, 0.0, 0.0, 0.0, 0.0, 0.0, 0.0, 0.0, 0.0, 0.0, 0.0, 0.0, 0.0, 0.0, 0.0, 0.0, 0.0, 0.0, 0.0, 0.0, 0.0, 1.0, 0.0, 0.0, 0.0, 0.0, 0.0, 0.0]"
hMpxV/China/SZ-CDC/Strain036,"[0.0, 0.0, 0.0, 0.0, 0.0, 0.0, 0.0, 0.0, 0.0, 0.0, 0.0, 0.0, 0.0, 0.0, 0.0, 0.0, 0.0, 0.0, 0.0, 0.0, 0.0, 0.0, 0.0, 0.0, 1.0, 0.0, 0.0, 0.0, 0.0, 0.0, 0.0]"
hMpxV/China/SZ-CDC/Strain037,"[0.0, 0.0, 0.0, 0.0, 0.0, 0.0, 0.0, 0.0, 0.0, 0.0, 0.0, 0.0, 0.0, 0.0, 0.0, 0.0, 0.0, 0.0, 0.0, 0.0, 0.0, 0.0, 0.0, 0.0, 1.0, 0.0, 0.0, 0.0, 0.0, 0.0, 0.0]"
hMpxV/China/SZ-CDC/Strain050,"[0.0, 0.0, 0.0, 0.0, 0.0, 0.0, 0.0, 0.0, 0.0, 0.0, 0.0, 0.0, 0.0, 0.0, 0.0, 0.0, 0.0, 0.0, 0.0, 0.0, 0.0, 0.0, 0.0, 0.0, 1.0, 0.0, 0.0, 0.0, 0.0, 0.0, 0.0]"
hMpxV/China/SZ-CDC/Strain052,"[0.0, 0.0, 0.0, 0.0, 0.0, 0.0, 0.0, 0.0, 0.0, 0.0, 0.0, 0.0, 0.0, 0.0, 0.0, 0.0, 0.0, 0.0, 0.0, 0.0, 0.0, 0.0, 0.0, 0.0, 1.0, 0.0, 0.0, 0.0, 0.0, 0.0, 0.0]"
hMpxV/China/SZ-CDC/Strain131,"[0.0, 0.0, 0.0, 0.0, 0.0, 0.0, 0.0, 0.0, 0.0, 0.0, 0.0, 0.0, 0.0, 0.0, 0.0, 0.0, 0.0, 0.0, 0.0, 0.0, 0.0, 0.0, 0.0, 0.0, 1.0, 0.0, 0.0, 0.0, 0.0, 0.0, 0.0]"
hMpxV/China/SZ-CDC/Strain166,"[0.0, 0.0, 0.0, 0.0, 0.0, 0.0, 0.0, 0.0, 0.0, 0.0, 0.0, 0.0, 0.0, 0.0, 0.0, 0.0, 0.0, 0.0, 0.0, 0.0, 0.0, 0.0, 0.0, 0.0, 1.0, 0.0, 0.0, 0.0, 0.0, 0.0, 0.0]"
hMpxV/China/SZ-CDC/Strain172,"[0.0, 0.0, 0.0, 0.0, 0.0, 0.0, 0.0, 0.0, 0.0, 0.0, 0.0, 0.0, 0.0, 0.0, 0.0, 0.0, 0.0, 0.0, 0.0, 0.0, 0.0, 0.0, 0.0, 0.0, 1.0, 0.0, 0.0, 0.0, 0.0, 0.0, 0.0]"
hMpxV/China/SZ-CDC/Strain187,"[0.0, 0.0, 0.0, 0.0, 0.0, 0.0, 0.0, 0.0, 0.0, 0.0, 0.0, 0.0, 0.0, 0.0, 0.0, 0.0, 0.0, 0.0, 0.0, 0.0, 0.0, 0.0, 0.0, 0.0, 1.0, 0.0, 0.0, 0.0, 0.0, 0.0, 0.0]"
hMpxV/China/SZ-CDC/Strain028,"[0.0, 0.0, 0.0, 0.0, 0.0, 0.0, 0.0, 0.0, 0.0, 0.0, 0.0, 0.0, 0.0, 0.0, 0.0, 0.0, 0.0, 0.0, 0.0, 0.0, 0.0, 0.0, 0.0, 0.0, 1.0, 0.0, 0.0, 0.0, 0.0, 0.0, 0.0]"
hMpxV/China/SZ-CDC/Strain145,"[0.0, 0.0, 0.0, 0.0, 0.0, 0.0, 0.0, 0.0, 0.0, 0.0, 0.0, 0.0, 0.0, 0.0, 0.0, 0.0, 0.0, 0.0, 0.0, 0.0, 0.0, 0.0, 0.0, 0.0, 1.0, 0.0, 0.0, 0.0, 0.0, 0.0, 0.0]"
hMpxV/China/SZ-CDC/Strain124,"[0.0, 0.0, 0.0, 0.0, 0.0, 0.0, 0.0, 0.0, 0.0, 0.0, 0.0, 0.0, 0.0, 0.0, 0.0, 0.0, 0.0, 0.0, 0.0, 0.0, 0.0, 0.0, 0.0, 0.0, 1.0, 0.0, 0.0, 0.0, 0.0, 0.0, 0.0]"
NODE_0000034,"[2.0080740405549292e-35, 1.082981858896741e-34, 3.422369178418632e-29, 1.1026155588412803e-34, 8.633182875634534e-35, 1.0949412957355467e-34, 1.1282712945790184e-34, 2.1412447564500724e-34, 3.2737591049820676e-34, 1.6938964812754814e-32, 1.4274874083862846e-34, 1.1292160856679095e-34, 9.384233672313213e-35, 1.3103905635393428e-29, 3.7915619374905025e-35, 4.0487431342191867e-35, 3.21000727807024e-28, 1.1292160856677187e-34, 1.1292160856670777e-34, 4.125492171767151e-33, 7.755088339838387e-33, 8.955524086688519e-35, 1.0, 1.4454325978614562e-34, 1.3030552644649073e-22, 1.0212057734647858e-34, 6.3722538481567e-35, 1.2510427764397317e-34, 8.206440273417892e-35, 3.635537801524603e-33, 2.7412711437297045e-34]"
hMpxV/Portugal/INSA-PT0769/2023|EPI_ISL_18702222|2023-10-12,"[0.0, 0.0, 0.0, 0.0, 0.0, 0.0, 0.0, 0.0, 0.0, 0.0, 0.0, 0.0, 0.0, 0.0, 0.0, 0.0, 0.0, 0.0, 0.0, 0.0, 0.0, 0.0, 0.9999999999999999, 0.0, 0.0, 0.0, 0.0, 0.0, 0.0, 0.0, 0.0]"
hMpxV/Portugal/INSA-PT0774/2023|EPI_ISL_18702226|2023-10-18,"[0.0, 0.0, 0.0, 0.0, 0.0, 0.0, 0.0, 0.0, 0.0, 0.0, 0.0, 0.0, 0.0, 0.0, 0.0, 0.0, 0.0, 0.0, 0.0, 0.0, 0.0, 0.0, 1.0, 0.0, 0.0, 0.0, 0.0, 0.0, 0.0, 0.0, 0.0]"
hMpxV/Portugal/INSA-PT0748/2023|EPI_ISL_18702230|2023-09-29,"[0.0, 0.0, 0.0, 0.0, 0.0, 0.0, 0.0, 0.0, 0.0, 0.0, 0.0, 0.0, 0.0, 0.0, 0.0, 0.0, 0.0, 0.0, 0.0, 0.0, 0.0, 0.0, 1.0, 0.0, 0.0, 0.0, 0.0, 0.0, 0.0, 0.0, 0.0]"
hMpxV/Portugal/INSA-PT0738/2023|EPI_ISL_18702236|2023-09-22,"[0.0, 0.0, 0.0, 0.0, 0.0, 0.0, 0.0, 0.0, 0.0, 0.0, 0.0, 0.0, 0.0, 0.0, 0.0, 0.0, 0.0, 0.0, 0.0, 0.0, 0.0, 0.0, 0.9999999999999999, 0.0, 0.0, 0.0, 0.0, 0.0, 0.0, 0.0, 0.0]"
hMpxV/Portugal/INSA-PT0759/2023|EPI_ISL_18702238|2023-10-10,"[0.0, 0.0, 0.0, 0.0, 0.0, 0.0, 0.0, 0.0, 0.0, 0.0, 0.0, 0.0, 0.0, 0.0, 0.0, 0.0, 0.0, 0.0, 0.0, 0.0, 0.0, 0.0, 1.0, 0.0, 0.0, 0.0, 0.0, 0.0, 0.0, 0.0, 0.0]"
hMpxV/Portugal/INSA-PT0784/2023|EPI_ISL_18702240|2023-11-01,"[0.0, 0.0, 0.0, 0.0, 0.0, 0.0, 0.0, 0.0, 0.0, 0.0, 0.0, 0.0, 0.0, 0.0, 0.0, 0.0, 0.0, 0.0, 0.0, 0.0, 0.0, 0.0, 1.0, 0.0, 0.0, 0.0, 0.0, 0.0, 0.0, 0.0, 0.0]"
hMpxV/Portugal/INSA-PT0754/2023|EPI_ISL_18702244|2023-10-04,"[0.0, 0.0, 0.0, 0.0, 0.0, 0.0, 0.0, 0.0, 0.0, 0.0, 0.0, 0.0, 0.0, 0.0, 0.0, 0.0, 0.0, 0.0, 0.0, 0.0, 0.0, 0.0, 1.0, 0.0, 0.0, 0.0, 0.0, 0.0, 0.0, 0.0, 0.0]"
hMpxV/Portugal/INSA-PT0752/2023|EPI_ISL_18702247|2023-10-03,"[0.0, 0.0, 0.0, 0.0, 0.0, 0.0, 0.0, 0.0, 0.0, 0.0, 0.0, 0.0, 0.0, 0.0, 0.0, 0.0, 0.0, 0.0, 0.0, 0.0, 0.0, 0.0, 1.0, 0.0, 0.0, 0.0, 0.0, 0.0, 0.0, 0.0, 0.0]"
hMpxV/Portugal/INSA-PT0776/2023|EPI_ISL_18702249|2023-10-20,"[0.0, 0.0, 0.0, 0.0, 0.0, 0.0, 0.0, 0.0, 0.0, 0.0, 0.0, 0.0, 0.0, 0.0, 0.0, 0.0, 0.0, 0.0, 0.0, 0.0, 0.0, 0.0, 0.9999999999999999, 0.0, 0.0, 0.0, 0.0, 0.0, 0.0, 0.0, 0.0]"
hMpxV/Portugal/INSA-PT0736/2023|EPI_ISL_18702255|2023-09-19,"[0.0, 0.0, 0.0, 0.0, 0.0, 0.0, 0.0, 0.0, 0.0, 0.0, 0.0, 0.0, 0.0, 0.0, 0.0, 0.0, 0.0, 0.0, 0.0, 0.0, 0.0, 0.0, 1.0, 0.0, 0.0, 0.0, 0.0, 0.0, 0.0, 0.0, 0.0]"
hMpxV/Portugal/INSA-PT0727/2023|EPI_ISL_18553826|2023-09-12,"[0.0, 0.0, 0.0, 0.0, 0.0, 0.0, 0.0, 0.0, 0.0, 0.0, 0.0, 0.0, 0.0, 0.0, 0.0, 0.0, 0.0, 0.0, 0.0, 0.0, 0.0, 0.0, 1.0, 0.0, 0.0, 0.0, 0.0, 0.0, 0.0, 0.0, 0.0]"
hMpxV/Portugal/INSA-PT0724/2023|EPI_ISL_18553813|2023-09-08,"[0.0, 0.0, 0.0, 0.0, 0.0, 0.0, 0.0, 0.0, 0.0, 0.0, 0.0, 0.0, 0.0, 0.0, 0.0, 0.0, 0.0, 0.0, 0.0, 0.0, 0.0, 0.0, 0.9999999999999999, 0.0, 0.0, 0.0, 0.0, 0.0, 0.0, 0.0, 0.0]"
hMpxV/Netherlands/un-EMC-NL110/2024|EPI_ISL_19470168|2024-08-07,"[0.0, 0.0, 0.0, 0.0, 0.0, 0.0, 0.0, 0.0, 0.0, 0.0, 0.0, 0.0, 0.0, 0.0, 0.0, 0.0, 1.0, 0.0, 0.0, 0.0, 0.0, 0.0, 0.0, 0.0, 0.0, 0.0, 0.0, 0.0, 0.0, 0.0, 0.0]"
NODE_0000042,"[1.1327544153105778e-11, 1.9353406029179314e-11, 6.505404634388224e-10, 1.993861144195413e-11, 1.7129984929673926e-11, 1.95865096377153e-11, 1.9393289438485518e-11, 2.0330290075321673e-11, 2.1182804334870388e-11, 8.153950506937549e-11, 1.9362703701040582e-11, 1.958175322297624e-11, 1.8901177657889054e-11, 5.127805837941196e-10, 1.1613156706419434e-11, 1.2729089382809728e-11, 9.944337156685461e-10, 1.9581753222972417e-11, 1.9581753222962943e-11, 5.505187000063547e-11, 2.8051261857915995e-11, 1.986704339397195e-11, 0.9999999811694061, 1.9990622267640912e-11, 1.6050095338888206e-08, 1.8407848948046388e-11, 1.6274810400200372e-11, 1.8817741982492966e-11, 1.8336274332300585e-11, 5.611833319418587e-11, 2.0694550477022824e-11]"
hMpxV/Portugal/INSA-PT0814/2024|EPI_ISL_18993959|2024-01-15,"[0.0, 0.0, 0.0, 0.0, 0.0, 0.0, 0.0, 0.0, 0.0, 0.0, 0.0, 0.0, 0.0, 0.0, 0.0, 0.0, 0.0, 0.0, 0.0, 0.0, 0.0, 0.0, 1.0, 0.0, 0.0, 0.0, 0.0, 0.0, 0.0, 0.0, 0.0]"
hMpxV/Portugal/INSA-PT0807/2023|EPI_ISL_18993961|2023-12-27,"[0.0, 0.0, 0.0, 0.0, 0.0, 0.0, 0.0, 0.0, 0.0, 0.0, 0.0, 0.0, 0.0, 0.0, 0.0, 0.0, 0.0, 0.0, 0.0, 0.0, 0.0, 0.0, 1.0, 0.0, 0.0, 0.0, 0.0, 0.0, 0.0, 0.0, 0.0]"
hMpxV/Portugal/INSA-PT0809/2023|EPI_ISL_18993967|2023-12-21,"[0.0, 0.0, 0.0, 0.0, 0.0, 0.0, 0.0, 0.0, 0.0, 0.0, 0.0, 0.0, 0.0, 0.0, 0.0, 0.0, 0.0, 0.0, 0.0, 0.0, 0.0, 0.0, 0.9999999999999999, 0.0, 0.0, 0.0, 0.0, 0.0, 0.0, 0.0, 0.0]"
NODE_0000036,"[6.57370687692235e-28, 2.9474213811609277e-27, 3.227991776771779e-23, 3.0221069820964203e-27, 2.4140008789183097e-27, 2.986802592418247e-27, 3.020723760463279e-27, 3.279244770394072e-27, 3.531189335673577e-27, 1.2742865063168024e-25, 3.0876175827252604e-27, 3.03952154864151e-27, 2.523739336744659e-27, 1.4915247225966723e-23, 9.737716756959148e-28, 1.368076384167502e-27, 7.912484225836379e-23, 3.0395215486408504e-27, 3.039521548638928e-27, 4.545686533860828e-26, 4.7163921917715584e-26, 2.6635764247021925e-27, 0.9999999999999999, 3.1216004490833782e-27, 1.5456297658785827e-19, 2.789898579283006e-27, 1.697126807700139e-27, 2.981522945040687e-27, 2.447951461211123e-27, 3.9998205921893724e-26, 3.3960062178771065e-27]"
hMpxV/Portugal/INSA-PT0739/2023|EPI_ISL_18702212|2023-09-24,"[0.0, 0.0, 0.0, 0.0, 0.0, 0.0, 0.0, 0.0, 0.0, 0.0, 0.0, 0.0, 0.0, 0.0, 0.0, 0.0, 0.0, 0.0, 0.0, 0.0, 0.0, 0.0, 1.0, 0.0, 0.0, 0.0, 0.0, 0.0, 0.0, 0.0, 0.0]"
hMpxV/Portugal/INSA-PT0793/2023|EPI_ISL_18702221|2023-11-07,"[0.0, 0.0, 0.0, 0.0, 0.0, 0.0, 0.0, 0.0, 0.0, 0.0, 0.0, 0.0, 0.0, 0.0, 0.0, 0.0, 0.0, 0.0, 0.0, 0.0, 0.0, 0.0, 1.0, 0.0, 0.0, 0.0, 0.0, 0.0, 0.0, 0.0, 0.0]"
hMpxV/Portugal/INSA-PT0744/2023|EPI_ISL_18702231|2023-09-26,"[0.0, 0.0, 0.0, 0.0, 0.0, 0.0, 0.0, 0.0, 0.0, 0.0, 0.0, 0.0, 0.0, 0.0, 0.0, 0.0, 0.0, 0.0, 0.0, 0.0, 0.0, 0.0, 1.0, 0.0, 0.0, 0.0, 0.0, 0.0, 0.0, 0.0, 0.0]"
hMpxV/Portugal/INSA-PT0740/2023|EPI_ISL_18702250|2023-09-22,"[0.0, 0.0, 0.0, 0.0, 0.0, 0.0, 0.0, 0.0, 0.0, 0.0, 0.0, 0.0, 0.0, 0.0, 0.0, 0.0, 0.0, 0.0, 0.0, 0.0, 0.0, 0.0, 0.9999999999999999, 0.0, 0.0, 0.0, 0.0, 0.0, 0.0, 0.0, 0.0]"
hMpxV/Portugal/INSA-PT0771/2023|EPI_ISL_18702256|2023-10-12,"[0.0, 0.0, 0.0, 0.0, 0.0, 0.0, 0.0, 0.0, 0.0, 0.0, 0.0, 0.0, 0.0, 0.0, 0.0, 0.0, 0.0, 0.0, 0.0, 0.0, 0.0, 0.0, 0.9999999999999999, 0.0, 0.0, 0.0, 0.0, 0.0, 0.0, 0.0, 0.0]"
NODE_0000038,"[1.7952765407740704e-09, 2.7460414678614195e-09, 4.2301798148329815e-08, 2.8325883182542196e-09, 2.43809933426786e-09, 2.7799819069352695e-09, 2.7432321455879486e-09, 2.823168647228539e-09, 2.8946302888723053e-09, 8.593545130055625e-09, 2.7198751692948357e-09, 2.773024799542622e-09, 2.7193716506851334e-09, 3.6266118023668105e-08, 1.7585362582504047e-09, 1.8769888136861617e-09, 6.141841116179355e-08, 2.7730247995420876e-09, 2.7730247995408112e-09, 6.304791423691551e-09, 2.9287286103514954e-09, 2.868265839009933e-09, 0.999999281328382, 2.8139618989018105e-09, 4.971007424870918e-07, 2.613759297042833e-09, 2.4128892215770763e-09, 2.6464881953963092e-09, 2.6495633392841638e-09, 6.458211280348989e-09, 2.847478789303872e-09]"
hMpxV/Portugal/INSA-PT0800/2023|EPI_ISL_18702209|2023-11-18,"[0.0, 0.0, 0.0, 0.0, 0.0, 0.0, 0.0, 0.0, 0.0, 0.0, 0.0, 0.0, 0.0, 0.0, 0.0, 0.0, 0.0, 0.0, 0.0, 0.0, 0.0, 0.0, 1.0, 0.0, 0.0, 0.0, 0.0, 0.0, 0.0, 0.0, 0.0]"
hMpxV/Portugal/INSA-PT0787/2023|EPI_ISL_18702223|2023-11-02,"[0.0, 0.0, 0.0, 0.0, 0.0, 0.0, 0.0, 0.0, 0.0, 0.0, 0.0, 0.0, 0.0, 0.0, 0.0, 0.0, 0.0, 0.0, 0.0, 0.0, 0.0, 0.0, 1.0, 0.0, 0.0, 0.0, 0.0, 0.0, 0.0, 0.0, 0.0]"
NODE_0000041,"[6.414271366472636e-10, 1.0036684369947e-09, 1.6502666346261628e-08, 1.035582549311159e-09, 8.866802408320966e-10, 1.0163765952968236e-09, 1.0028753382222436e-09, 1.0240488988066578e-09, 1.0427913363411672e-09, 3.251830861453997e-09, 9.923552372989968e-10, 1.0140949437894034e-09, 9.902292004863811e-10, 1.4138297158497145e-08, 6.322566226159932e-10, 6.800602148900503e-10, 2.4206054434612422e-08, 1.0140949437892114e-09, 1.0140949437887364e-09, 2.3656059278201156e-09, 1.1099822244488487e-09, 1.0469697255257027e-09, 0.9999997125428984, 1.0260336976042117e-09, 2.026257497894803e-07, 9.553276356198221e-10, 8.744832961625276e-10, 9.657886590425199e-10, 9.672914775192157e-10, 2.4016536219215714e-09, 1.0287300074450774e-09]"
hMpxV/Portugal/INSA-PT0767/2023|EPI_ISL_18702237|2023-10-13,"[0.0, 0.0, 0.0, 0.0, 0.0, 0.0, 0.0, 0.0, 0.0, 0.0, 0.0, 0.0, 0.0, 0.0, 0.0, 0.0, 0.0, 0.0, 0.0, 0.0, 0.0, 0.0, 1.0, 0.0, 0.0, 0.0, 0.0, 0.0, 0.0, 0.0, 0.0]"
hMpxV/Portugal/INSA-PT0781/2023|EPI_ISL_18702251|2023-10-26,"[0.0, 0.0, 0.0, 0.0, 0.0, 0.0, 0.0, 0.0, 0.0, 0.0, 0.0, 0.0, 0.0, 0.0, 0.0, 0.0, 0.0, 0.0, 0.0, 0.0, 0.0, 0.0, 1.0, 0.0, 0.0, 0.0, 0.0, 0.0, 0.0, 0.0, 0.0]"
NODE_0000037,"[8.945384121372186e-10, 1.071199041345863e-09, 4.0448394479040355e-07, 1.0922393338512767e-09, 1.484921151839677e-09, 1.0806774232796736e-09, 1.1124457904551901e-09, 1.095063563484443e-09, 1.1217898458575745e-09, 3.387109753070581e-09, 1.0588709325801898e-09, 1.0751810265139623e-09, 1.0322029472840107e-09, 1.461873282349922e-08, 6.542799016952987e-10, 9.455656445924663e-10, 2.494302109755951e-08, 1.0751810265137613e-09, 1.0751810265132613e-09, 2.451676722882757e-09, 2.95594949520052e-09, 1.0853955232392743e-09, 0.9999992765839296, 1.089211667774294e-09, 2.4223474212948684e-07, 1.0211930253797652e-09, 8.938226383132446e-10, 1.0370863473121608e-09, 1.0091720657298303e-09, 5.23122758849357e-09, 1.1044475545872789e-09]"
hMpxV/Brazil/SP-IAL-357531200/2024|EPI_ISL_19359677|2024-02-27,"[0.0, 0.0, 1.0, 0.0, 0.0, 0.0, 0.0, 0.0, 0.0, 0.0, 0.0, 0.0, 0.0, 0.0, 0.0, 0.0, 0.0, 0.0, 0.0, 0.0, 0.0, 0.0, 0.0, 0.0, 0.0, 0.0, 0.0, 0.0, 0.0, 0.0, 0.0]"
hMpxV/Portugal/INSA-PT0772/2023|EPI_ISL_18702224|2023-10-12,"[0.0, 0.0, 0.0, 0.0, 0.0, 0.0, 0.0, 0.0, 0.0, 0.0, 0.0, 0.0, 0.0, 0.0, 0.0, 0.0, 0.0, 0.0, 0.0, 0.0, 0.0, 0.0, 1.0, 0.0, 0.0, 0.0, 0.0, 0.0, 0.0, 0.0, 0.0]"
hMpxV/Portugal/INSA-PT0794/2023|EPI_ISL_18702227|2023-11-09,"[0.0, 0.0, 0.0, 0.0, 0.0, 0.0, 0.0, 0.0, 0.0, 0.0, 0.0, 0.0, 0.0, 0.0, 0.0, 0.0, 0.0, 0.0, 0.0, 0.0, 0.0, 0.0, 1.0, 0.0, 0.0, 0.0, 0.0, 0.0, 0.0, 0.0, 0.0]"
NODE_0000039,"[4.239050157296217e-18, 1.0171382070020647e-17, 2.5237806899497906e-15, 1.046375554575858e-17, 8.743348293094408e-18, 1.0300114489262125e-17, 1.0271760446533785e-17, 1.0851843666880625e-17, 1.1395243442147783e-17, 9.63809408414967e-17, 1.032676848540762e-17, 1.0361432361311148e-17, 9.480479271740676e-18, 1.6631936345314082e-15, 4.9423071686473835e-18, 5.9141576717848256e-18, 4.56848640273528e-15, 1.0361432361307222e-17, 1.0361432361297688e-17, 5.213893939008091e-17, 3.400357874416678e-17, 9.99174311932316e-18, 0.9999999999996099, 1.0582088762762308e-17, 3.8114277233535006e-13, 9.658428049504232e-18, 7.486713598668543e-18, 1.0014672978205727e-17, 9.209160712920199e-18, 5.025035076414609e-17, 1.108852481756331e-17]"
hMpxV/Portugal/INSA-PT0770/2023|EPI_ISL_18702219|2023-10-12,"[0.0, 0.0, 0.0, 0.0, 0.0, 0.0, 0.0, 0.0, 0.0, 0.0, 0.0, 0.0, 0.0, 0.0, 0.0, 0.0, 0.0, 0.0, 0.0, 0.0, 0.0, 0.0, 0.9999999999999999, 0.0, 0.0, 0.0, 0.0, 0.0, 0.0, 0.0, 0.0]"
hMpxV/Portugal/INSA-PT0783/2023|EPI_ISL_18702229|2023-10-29,"[0.0, 0.0, 0.0, 0.0, 0.0, 0.0, 0.0, 0.0, 0.0, 0.0, 0.0, 0.0, 0.0, 0.0, 0.0, 0.0, 0.0, 0.0, 0.0, 0.0, 0.0, 0.0, 1.0, 0.0, 0.0, 0.0, 0.0, 0.0, 0.0, 0.0, 0.0]"
hMpxV/Portugal/INSA-PT0768/2023|EPI_ISL_18702248|2023-10-12,"[0.0, 0.0, 0.0, 0.0, 0.0, 0.0, 0.0, 0.0, 0.0, 0.0, 0.0, 0.0, 0.0, 0.0, 0.0, 0.0, 0.0, 0.0, 0.0, 0.0, 0.0, 0.0, 0.9999999999999999, 0.0, 0.0, 0.0, 0.0, 0.0, 0.0, 0.0, 0.0]"
hMpxV/Portugal/INSA-PT0806/2023|EPI_ISL_18993964|2023-11-30,"[0.0, 0.0, 0.0, 0.0, 0.0, 0.0, 0.0, 0.0, 0.0, 0.0, 0.0, 0.0, 0.0, 0.0, 0.0, 0.0, 0.0, 0.0, 0.0, 0.0, 0.0, 0.0, 1.0, 0.0, 0.0, 0.0, 0.0, 0.0, 0.0, 0.0, 0.0]"
NODE_0000040,"[7.984213690351626e-10, 1.234346672825752e-09, 1.9569002251059833e-08, 1.2734201137502485e-09, 1.0933127333186734e-09, 1.2497847333664017e-09, 1.2332098572723886e-09, 1.2642200388543563e-09, 1.2917579170327534e-09, 3.9234284664938845e-09, 1.221492758930995e-09, 1.2468004257800557e-09, 1.220222334166624e-09, 1.677322728936148e-08, 7.843130871188522e-10, 8.402733365945091e-10, 2.8541164854391582e-08, 1.2468004257798132e-09, 1.2468004257792257e-09, 2.8676858601819005e-09, 1.338152362217893e-09, 1.2885573347348344e-09, 0.9999996640146364, 1.2633735892247287e-09, 2.3434342091154145e-07, 1.1748962877126849e-09, 1.0803426943511363e-09, 1.1886762092115155e-09, 1.1904048709119208e-09, 2.9253074946195774e-09, 1.2725468925429334e-09]"
hMpxV/Portugal/INSA-PT0803/2023|EPI_ISL_18702217|2023-11-28,"[0.0, 0.0, 0.0, 0.0, 0.0, 0.0, 0.0, 0.0, 0.0, 0.0, 0.0, 0.0, 0.0, 0.0, 0.0, 0.0, 0.0, 0.0, 0.0, 0.0, 0.0, 0.0, 1.0, 0.0, 0.0, 0.0, 0.0, 0.0, 0.0, 0.0, 0.0]"
hMpxV/Portugal/INSA-PT0799/2023|EPI_ISL_18702252|2023-11-20,"[0.0, 0.0, 0.0, 0.0, 0.0, 0.0, 0.0, 0.0, 0.0, 0.0, 0.0, 0.0, 0.0, 0.0, 0.0, 0.0, 0.0, 0.0, 0.0, 0.0, 0.0, 0.0, 1.0, 0.0, 0.0, 0.0, 0.0, 0.0, 0.0, 0.0, 0.0]"
NODE_0000043,"[1.1945728901371817e-06, 9.698988127798818e-07, 6.347504010964661e-06, 9.977471130016567e-07, 8.672349083435592e-07, 9.807743071364778e-07, 9.689228789205617e-07, 1.9076383161959613e-06, 2.7571257313158002e-06, 2.058072474906444e-06, 1.2442855946025718e-06, 9.785570352367927e-07, 9.577498766868065e-07, 5.322807537863512e-06, 1.1563275478166297e-06, 6.759224663215991e-07, 7.524305900049443e-06, 9.78557035236774e-07, 9.785570352366698e-07, 1.6460178338868628e-06, 9.53770496620208e-07, 1.0083366388487445e-06, 0.9906461003627733, 1.3071565386346261e-06, 0.009301949943466623, 9.255093437881466e-07, 1.2499907209956096e-06, 9.358566088921998e-07, 9.379714530692488e-07, 1.7386721304460576e-06, 2.3798505220642154e-06]"
hMpxV/Portugal/INSA-PT0702/2023|EPI_ISL_18553847|2023-08-08,"[0.0, 0.0, 0.0, 0.0, 0.0, 0.0, 0.0, 0.0, 0.0, 0.0, 0.0, 0.0, 0.0, 0.0, 0.0, 0.0, 0.0, 0.0, 0.0, 0.0, 0.0, 0.0, 0.9999999999999999, 0.0, 0.0, 0.0, 0.0, 0.0, 0.0, 0.0, 0.0]"
NODE_0000044,"[8.825348956492939e-35, 3.667617505720865e-34, 1.2046942735264288e-28, 3.663266554397001e-34, 3.198159215460715e-34, 3.6933739173072946e-34, 3.828513957668273e-34, 8.107773798533174e-34, 1.3045464787341434e-33, 7.337107262236335e-31, 5.065282505025775e-34, 3.7881241163590944e-34, 2.697097884108956e-34, 3.756164622394795e-26, 1.3641225719992052e-34, 2.238646844656141e-34, 1.0119036784058795e-27, 3.7881241163583635e-34, 3.78812411635631e-34, 1.1438319384288455e-32, 1.6287341253766928e-31, 2.811528531892587e-34, 1.0, 5.101414390053061e-34, 1.6174642474913814e-21, 4.3580930921751445e-34, 1.9108148562319044e-34, 4.921931203475489e-34, 2.5525985123605935e-34, 1.251230549415617e-31, 1.0711492800401982e-33]"
hMpxV/Portugal/INSA-PT0633/2023|EPI_ISL_18044987|2023-06-25,"[0.0, 0.0, 0.0, 0.0, 0.0, 0.0, 0.0, 0.0, 0.0, 0.0, 0.0, 0.0, 0.0, 0.0, 0.0, 0.0, 0.0, 0.0, 0.0, 0.0, 0.0, 0.0, 0.9999999999999999, 0.0, 0.0, 0.0, 0.0, 0.0, 0.0, 0.0, 0.0]"
hMpxV/Germany/BY-IMB-2541/2023|EPI_ISL_18627266|2023-11-22,"[0.0, 0.0, 0.0, 0.0, 0.0, 0.0, 0.0, 0.0, 0.0, 0.9999999999999999, 0.0, 0.0, 0.0, 0.0, 0.0, 0.0, 0.0, 0.0, 0.0, 0.0, 0.0, 0.0, 0.0, 0.0, 0.0, 0.0, 0.0, 0.0, 0.0, 0.0, 0.0]"
hMpxV/Portugal/INSA-PT0646/2023|EPI_ISL_18076389|2023-07-07,"[0.0, 0.0, 0.0, 0.0, 0.0, 0.0, 0.0, 0.0, 0.0, 0.0, 0.0, 0.0, 0.0, 0.0, 0.0, 0.0, 0.0, 0.0, 0.0, 0.0, 0.0, 0.0, 1.0, 0.0, 0.0, 0.0, 0.0, 0.0, 0.0, 0.0, 0.0]"
hMpxV/Portugal/INSA-PT0685/2023|EPI_ISL_18553816|2023-07-13,"[0.0, 0.0, 0.0, 0.0, 0.0, 0.0, 0.0, 0.0, 0.0, 0.0, 0.0, 0.0, 0.0, 0.0, 0.0, 0.0, 0.0, 0.0, 0.0, 0.0, 0.0, 0.0, 1.0, 0.0, 0.0, 0.0, 0.0, 0.0, 0.0, 0.0, 0.0]"
hMpxV/Portugal/INSA-PT0689/2023|EPI_ISL_18553822|2023-07-17,"[0.0, 0.0, 0.0, 0.0, 0.0, 0.0, 0.0, 0.0, 0.0, 0.0, 0.0, 0.0, 0.0, 0.0, 0.0, 0.0, 0.0, 0.0, 0.0, 0.0, 0.0, 0.0, 1.0, 0.0, 0.0, 0.0, 0.0, 0.0, 0.0, 0.0, 0.0]"
hMpxV/Portugal/INSA-PT0716/2023|EPI_ISL_18553820|2023-08-31,"[0.0, 0.0, 0.0, 0.0, 0.0, 0.0, 0.0, 0.0, 0.0, 0.0, 0.0, 0.0, 0.0, 0.0, 0.0, 0.0, 0.0, 0.0, 0.0, 0.0, 0.0, 0.0, 0.9999999999999999, 0.0, 0.0, 0.0, 0.0, 0.0, 0.0, 0.0, 0.0]"
hMpxV/Portugal/INSA-PT0701/2023|EPI_ISL_18553829|2023-08-07,"[0.0, 0.0, 0.0, 0.0, 0.0, 0.0, 0.0, 0.0, 0.0, 0.0, 0.0, 0.0, 0.0, 0.0, 0.0, 0.0, 0.0, 0.0, 0.0, 0.0, 0.0, 0.0, 1.0, 0.0, 0.0, 0.0, 0.0, 0.0, 0.0, 0.0, 0.0]"
hMpxV/Portugal/INSA-PT0694/2023|EPI_ISL_18553835|2023-07-18,"[0.0, 0.0, 0.0, 0.0, 0.0, 0.0, 0.0, 0.0, 0.0, 0.0, 0.0, 0.0, 0.0, 0.0, 0.0, 0.0, 0.0, 0.0, 0.0, 0.0, 0.0, 0.0, 1.0, 0.0, 0.0, 0.0, 0.0, 0.0, 0.0, 0.0, 0.0]"
hMpxV/Portugal/INSA-PT0656/2023|EPI_ISL_18228645|2023-07-21,"[0.0, 0.0, 0.0, 0.0, 0.0, 0.0, 0.0, 0.0, 0.0, 0.0, 0.0, 0.0, 0.0, 0.0, 0.0, 0.0, 0.0, 0.0, 0.0, 0.0, 0.0, 0.0, 1.0, 0.0, 0.0, 0.0, 0.0, 0.0, 0.0, 0.0, 0.0]"
hMpxV/Portugal/INSA-PT0653/2023|EPI_ISL_18228631|2023-07-21,"[0.0, 0.0, 0.0, 0.0, 0.0, 0.0, 0.0, 0.0, 0.0, 0.0, 0.0, 0.0, 0.0, 0.0, 0.0, 0.0, 0.0, 0.0, 0.0, 0.0, 0.0, 0.0, 1.0, 0.0, 0.0, 0.0, 0.0, 0.0, 0.0, 0.0, 0.0]"
hMpxV/Portugal/INSA-PT0655/2023|EPI_ISL_18228637|2023-07-21,"[0.0, 0.0, 0.0, 0.0, 0.0, 0.0, 0.0, 0.0, 0.0, 0.0, 0.0, 0.0, 0.0, 0.0, 0.0, 0.0, 0.0, 0.0, 0.0, 0.0, 0.0, 0.0, 1.0, 0.0, 0.0, 0.0, 0.0, 0.0, 0.0, 0.0, 0.0]"
hMpxV/Portugal/INSA-PT0661/2023|EPI_ISL_18228640|2023-07-26,"[0.0, 0.0, 0.0, 0.0, 0.0, 0.0, 0.0, 0.0, 0.0, 0.0, 0.0, 0.0, 0.0, 0.0, 0.0, 0.0, 0.0, 0.0, 0.0, 0.0, 0.0, 0.0, 1.0, 0.0, 0.0, 0.0, 0.0, 0.0, 0.0, 0.0, 0.0]"
NODE_0000052,"[0.00018331054632178756, 0.00025767708653532935, 0.00032812145584993805, 0.00026739936119023514, 0.00022758095769595201, 0.0002611721394417098, 0.0002564172341959223, 0.0002658618843885772, 0.00027374613874220187, 0.00033800536546774754, 0.00025322843159677095, 0.0002598564584962754, 0.0002918721106082464, 0.9728645789906442, 0.00017131030257895992, 0.0001765157015967557, 0.004067261288390706, 0.00025985645849627083, 0.0002598564584962143, 0.00030186396412421827, 0.00013316756388630428, 0.0002782747336017579, 0.015583248925188566, 0.0002648680889400395, 0.0006974523271772027, 0.00024355288755525202, 0.00023501099639631709, 0.0002736067868112472, 0.00025228219014457684, 0.00020424014138761815, 0.00026880302405294043]"
hMpxV/Ireland/D-NVRL-Z22IRL00925/2023|EPI_ISL_18634756|2023-10-18,"[0.0, 0.0, 0.0, 0.0, 0.0, 0.0, 0.0, 0.0, 0.0, 0.0, 0.0, 0.0, 0.0, 1.0, 0.0, 0.0, 0.0, 0.0, 0.0, 0.0, 0.0, 0.0, 0.0, 0.0, 0.0, 0.0, 0.0, 0.0, 0.0, 0.0, 0.0]"
hMpxV/Netherlands/un-EMC-NL106/2024|EPI_ISL_19356931|2024-08-13,"[0.0, 0.0, 0.0, 0.0, 0.0, 0.0, 0.0, 0.0, 0.0, 0.0, 0.0, 0.0, 0.0, 0.0, 0.0, 0.0, 1.0, 0.0, 0.0, 0.0, 0.0, 0.0, 0.0, 0.0, 0.0, 0.0, 0.0, 0.0, 0.0, 0.0, 0.0]"
NODE_0000051,"[1.027310782163499e-12, 1.7919291719985915e-12, 6.433083227423347e-11, 1.8465209423576155e-12, 1.5792009302900162e-12, 1.8139646607984345e-12, 1.7960478393545888e-12, 1.8708413409801783e-12, 1.9384579661741225e-12, 7.808740817997122e-12, 1.7903579424742428e-12, 1.8139847569744253e-12, 1.7442056247144454e-12, 5.064638868472103e-11, 1.0595582702066057e-12, 1.169205940442019e-12, 9.933159327268453e-11, 1.8139847569739499e-12, 1.8139847569727873e-12, 5.227923558515886e-12, 2.689905503988629e-12, 1.8370084281314315e-12, 0.999999998064151, 1.8473570607834732e-12, 1.663439256876471e-09, 1.704366089858853e-12, 1.495230947600206e-12, 1.740220602988788e-12, 1.695661371178241e-12, 5.286678671781132e-12, 1.8981425895802644e-12]"
hMpxV/Portugal/INSA-PT0764/2023|EPI_ISL_18702215|2023-10-13,"[0.0, 0.0, 0.0, 0.0, 0.0, 0.0, 0.0, 0.0, 0.0, 0.0, 0.0, 0.0, 0.0, 0.0, 0.0, 0.0, 0.0, 0.0, 0.0, 0.0, 0.0, 0.0, 0.9999999999999999, 0.0, 0.0, 0.0, 0.0, 0.0, 0.0, 0.0, 0.0]"
hMpxV/Portugal/INSA-PT0747/2023|EPI_ISL_18702218|2023-09-26,"[0.0, 0.0, 0.0, 0.0, 0.0, 0.0, 0.0, 0.0, 0.0, 0.0, 0.0, 0.0, 0.0, 0.0, 0.0, 0.0, 0.0, 0.0, 0.0, 0.0, 0.0, 0.0, 0.9999999999999999, 0.0, 0.0, 0.0, 0.0, 0.0, 0.0, 0.0, 0.0]"
hMpxV/Portugal/INSA-PT0741/2023|EPI_ISL_18702246|2023-09-25,"[0.0, 0.0, 0.0, 0.0, 0.0, 0.0, 0.0, 0.0, 0.0, 0.0, 0.0, 0.0, 0.0, 0.0, 0.0, 0.0, 0.0, 0.0, 0.0, 0.0, 0.0, 0.0, 1.0, 0.0, 0.0, 0.0, 0.0, 0.0, 0.0, 0.0, 0.0]"
NODE_0000053,"[7.28087860060585e-10, 1.565943222406582e-09, 1.3789661762168746e-09, 1.6363655366163387e-09, 1.2994766836345258e-09, 1.5943399930769335e-09, 1.5678073495902166e-09, 1.6098974910049727e-09, 1.6423549288330596e-09, 2.2262825107840602e-09, 1.544442892482639e-09, 1.593236248933224e-09, 1.509730107677076e-09, 0.9999988067816895, 7.637905402629962e-10, 8.762852582788118e-10, 2.770160231993805e-08, 1.593236248933226e-09, 1.5932362489326105e-09, 1.8504821928110693e-09, 1.2931497792839458e-09, 1.6371242118637407e-09, 1.1227627039803148e-06, 1.616274999902517e-09, 3.959762655848976e-09, 1.45962543839957e-09, 1.2227410814304566e-09, 1.4888209603750803e-09, 1.46096061881774e-09, 4.2458765671646525e-10, 1.6169954409845344e-09]"
hMpxV/Ireland/un-NVRL-Z22IRL00908/2023|EPI_ISL_18308397|2023-08-18,"[0.0, 0.0, 0.0, 0.0, 0.0, 0.0, 0.0, 0.0, 0.0, 0.0, 0.0, 0.0, 0.0, 1.0, 0.0, 0.0, 0.0, 0.0, 0.0, 0.0, 0.0, 0.0, 0.0, 0.0, 0.0, 0.0, 0.0, 0.0, 0.0, 0.0, 0.0]"
hMpxV/Ireland/un-NVRL-Z22IRL00910/2023|EPI_ISL_18308399|2023-08-28,"[0.0, 0.0, 0.0, 0.0, 0.0, 0.0, 0.0, 0.0, 0.0, 0.0, 0.0, 0.0, 0.0, 0.9999999999999999, 0.0, 0.0, 0.0, 0.0, 0.0, 0.0, 0.0, 0.0, 0.0, 0.0, 0.0, 0.0, 0.0, 0.0, 0.0, 0.0, 0.0]"
NODE_0000054,"[5.219813669222533e-10, 9.941785507251067e-10, 3.7387148772533613e-10, 1.0402063960545182e-09, 8.289278273227228e-10, 1.0125107274371153e-09, 9.9210570006494e-10, 1.0011891553978271e-09, 1.0056103305905427e-09, 1.0180156093874044e-09, 9.707153685392007e-10, 1.0092899916757659e-09, 9.734208895561278e-10, 0.9999999519888911, 5.205780031249364e-10, 5.804955460474975e-10, 7.199945885198786e-09, 1.0092899916756842e-09, 1.009289991675124e-09, 9.267190182235489e-10, 5.886109092678005e-10, 1.0590436218883037e-09, 1.703230098613537e-08, 1.018360477597828e-09, 4.895376686593494e-10, 9.274053336342329e-10, 8.14838329905594e-10, 9.368248484567223e-10, 9.458625282768678e-10, 2.1317671176600945e-10, 9.968056633002764e-10]"
hMpxV/Ireland/un-NVRL-G23IRL50393/2023|EPI_ISL_18308396|2023-08-16,"[0.0, 0.0, 0.0, 0.0, 0.0, 0.0, 0.0, 0.0, 0.0, 0.0, 0.0, 0.0, 0.0, 1.0, 0.0, 0.0, 0.0, 0.0, 0.0, 0.0, 0.0, 0.0, 0.0, 0.0, 0.0, 0.0, 0.0, 0.0, 0.0, 0.0, 0.0]"
hMpxV/Ireland/un-NVRL-Z22IRL00909/2023|EPI_ISL_18308398|2023-08-31,"[0.0, 0.0, 0.0, 0.0, 0.0, 0.0, 0.0, 0.0, 0.0, 0.0, 0.0, 0.0, 0.0, 1.0, 0.0, 0.0, 0.0, 0.0, 0.0, 0.0, 0.0, 0.0, 0.0, 0.0, 0.0, 0.0, 0.0, 0.0, 0.0, 0.0, 0.0]"
NODE_0000049,"[1.1431030626793088e-08, 1.7607584025060622e-08, 2.774829389019503e-07, 1.816386539494847e-08, 1.5610334902425043e-08, 1.7826675596693098e-08, 1.7591056348468818e-08, 1.8067171432322467e-08, 1.84930151677165e-08, 5.575058067538529e-08, 1.7432477999973008e-08, 1.7783667658696126e-08, 1.7419949370487854e-08, 2.453635855933408e-07, 1.1220498646963807e-08, 1.2002200456672824e-08, 4.354556729438843e-07, 1.77836676586962e-08, 1.778366765869478e-08, 4.078109804764351e-08, 1.9008058930850092e-08, 1.8382426864916134e-08, 0.9999952014380766, 1.8032029229508287e-08, 3.3160916947627896e-06, 1.6759218208433326e-08, 1.543024174046389e-08, 1.6965717602621326e-08, 1.6981170580758945e-08, 4.1656253957897884e-08, 1.8204372324798488e-08]"
hMpxV/Portugal/INSA-PT0703/2023|EPI_ISL_18553833|2023-08-10,"[0.0, 0.0, 0.0, 0.0, 0.0, 0.0, 0.0, 0.0, 0.0, 0.0, 0.0, 0.0, 0.0, 0.0, 0.0, 0.0, 0.0, 0.0, 0.0, 0.0, 0.0, 0.0, 1.0, 0.0, 0.0, 0.0, 0.0, 0.0, 0.0, 0.0, 0.0]"
NODE_0000050,"[4.3658409413111e-11, 1.0101256011844018e-10, 1.1228244025115559e-09, 1.0482800372327177e-10, 8.440075400341597e-11, 1.0257155405045624e-10, 1.0149504707501894e-10, 1.0347688943469381e-10, 1.0507091217190161e-10, 3.391420630370426e-10, 1.0029072448101698e-10, 1.0288444016403955e-10, 1.359050791535923e-10, 9.220690044061481e-08, 4.877738733036454e-11, 5.7224412903235706e-11, 3.297003557990173e-07, 1.0288444016403894e-10, 1.0288444016399899e-10, 2.324554660189128e-10, 1.1529345846938186e-10, 1.0343547207596883e-10, 0.9999995539903459, 1.0391847690519756e-10, 1.9996292288473167e-08, 9.495268365530737e-11, 7.594567215480149e-11, 1.3597306498280677e-10, 9.305406055145216e-11, 1.880686850801382e-10, 1.036771487938363e-10]"
hMpxV/Netherlands/un-EMC-NL088/2023|EPI_ISL_18659828|2023-08-29,"[0.0, 0.0, 0.0, 0.0, 0.0, 0.0, 0.0, 0.0, 0.0, 0.0, 0.0, 0.0, 0.0, 0.0, 0.0, 0.0, 1.0, 0.0, 0.0, 0.0, 0.0, 0.0, 0.0, 0.0, 0.0, 0.0, 0.0, 0.0, 0.0, 0.0, 0.0]"
hMpxV/Ireland/D-NVRL-Z22IRL00922/2023|EPI_ISL_18634755|2023-10-09,"[0.0, 0.0, 0.0, 0.0, 0.0, 0.0, 0.0, 0.0, 0.0, 0.0, 0.0, 0.0, 0.0, 1.0, 0.0, 0.0, 0.0, 0.0, 0.0, 0.0, 0.0, 0.0, 0.0, 0.0, 0.0, 0.0, 0.0, 0.0, 0.0, 0.0, 0.0]"
hMpxV/Portugal/INSA-PT0708/2023|EPI_ISL_18553824|2023-08-10,"[0.0, 0.0, 0.0, 0.0, 0.0, 0.0, 0.0, 0.0, 0.0, 0.0, 0.0, 0.0, 0.0, 0.0, 0.0, 0.0, 0.0, 0.0, 0.0, 0.0, 0.0, 0.0, 1.0, 0.0, 0.0, 0.0, 0.0, 0.0, 0.0, 0.0, 0.0]"
hMpxV/Portugal/INSA-PT0652/2023|EPI_ISL_18228633|2023-07-19,"[0.0, 0.0, 0.0, 0.0, 0.0, 0.0, 0.0, 0.0, 0.0, 0.0, 0.0, 0.0, 0.0, 0.0, 0.0, 0.0, 0.0, 0.0, 0.0, 0.0, 0.0, 0.0, 0.9999999999999999, 0.0, 0.0, 0.0, 0.0, 0.0, 0.0, 0.0, 0.0]"
NODE_0000045,"[5.012669935365238e-06, 1.3394259046492395e-06, 0.0004825184661071074, 1.319264144749158e-06, 2.5524725125258266e-06, 1.337741557192221e-06, 1.3940834928624686e-06, 1.3622905472667686e-06, 1.402731229735915e-06, 1.7071869366043652e-06, 1.324463071733309e-06, 1.3193013534744606e-06, 1.7065484227778583e-06, 4.297380029488143e-06, 1.578481064404809e-06, 6.192016651319886e-06, 0.00040448540162266156, 1.3193013534749997e-06, 1.3193013534745305e-06, 1.496460582391968e-06, 9.667807033155693e-05, 1.2854371659516845e-06, 0.0004353044474830443, 1.3356676484601474e-06, 8.430626556696065e-06, 2.460514756163735e-06, 1.0710896932670574e-06, 3.302557081140526e-06, 1.2195047163615326e-06, 0.9985225447990919, 1.382297602352256e-06]"
hMpxV/USA/CA-CDPH-1M1000432/2023|EPI_ISL_18781817|2023-10-14,"[0.0, 0.0, 0.0, 0.0, 0.0, 0.0, 0.0, 0.0, 0.0, 0.0, 0.0, 0.0, 0.0, 0.0, 0.0, 0.0, 0.0, 0.0, 0.0, 0.0, 0.0, 0.0, 0.0, 0.0, 0.0, 0.0, 0.0, 0.0, 0.0, 1.0, 0.0]"
hMpxV/USA/IL-RIPHL-004-0142/2024|EPI_ISL_19158946|2024-02-07,"[0.0, 0.0, 0.0, 0.0, 0.0, 0.0, 0.0, 0.0, 0.0, 0.0, 0.0, 0.0, 0.0, 0.0, 0.0, 0.0, 0.0, 0.0, 0.0, 0.0, 0.0, 0.0, 0.0, 0.0, 0.0, 0.0, 0.0, 0.0, 0.0, 1.0, 0.0]"
NODE_0000046,"[3.070264221060494e-09, 5.504219876363893e-10, 0.9999995203288357, 5.42828330668298e-10, 4.625216390235912e-09, 5.500633707119815e-10, 6.787060611997175e-10, 5.455627746455385e-10, 5.474191711218216e-10, 5.425898299980286e-10, 5.433458064104581e-10, 5.441250119790359e-10, 5.090860334970875e-10, 5.445817170921998e-10, 4.4572532548455075e-10, 2.5901713462820804e-09, 8.096084169261164e-10, 5.441250119787375e-10, 5.441250119788792e-10, 5.095919740776876e-10, 7.972579193519496e-08, 5.22294531512669e-10, 2.2803314094101314e-08, 5.445828624225484e-10, 1.0998181565878333e-09, 6.748020367044785e-10, 4.5041642060254344e-10, 6.75177078511544e-10, 5.082952249418069e-10, 3.528833280188518e-07, 5.457856607017772e-10]"
hMpxV/Brazil/SP-IAL-357514864/2024|EPI_ISL_19359676|2024-02-22,"[0.0, 0.0, 1.0, 0.0, 0.0, 0.0, 0.0, 0.0, 0.0, 0.0, 0.0, 0.0, 0.0, 0.0, 0.0, 0.0, 0.0, 0.0, 0.0, 0.0, 0.0, 0.0, 0.0, 0.0, 0.0, 0.0, 0.0, 0.0, 0.0, 0.0, 0.0]"
hMpxV/Brazil/SP-IAL-357496487/2024|EPI_ISL_19359675|2024-02-16,"[0.0, 0.0, 1.0, 0.0, 0.0, 0.0, 0.0, 0.0, 0.0, 0.0, 0.0, 0.0, 0.0, 0.0, 0.0, 0.0, 0.0, 0.0, 0.0, 0.0, 0.0, 0.0, 0.0, 0.0, 0.0, 0.0, 0.0, 0.0, 0.0, 0.0, 0.0]"
hMpxV/Brazil/SP-IAL-357531658/2024|EPI_ISL_19359684|2024-02-28,"[0.0, 0.0, 1.0, 0.0, 0.0, 0.0, 0.0, 0.0, 0.0, 0.0, 0.0, 0.0, 0.0, 0.0, 0.0, 0.0, 0.0, 0.0, 0.0, 0.0, 0.0, 0.0, 0.0, 0.0, 0.0, 0.0, 0.0, 0.0, 0.0, 0.0, 0.0]"
NODE_0000047,"[4.242358665379046e-07, 3.5108321568300783e-07, 5.105638003139305e-07, 3.5716003775921927e-07, 3.5177913064283544e-07, 3.5434355815168986e-07, 3.4940835845852205e-07, 3.4912479205113025e-07, 3.5069434080396894e-07, 3.517700460523397e-07, 3.418801264981936e-07, 3.504268024268036e-07, 7.515280305735625e-07, 1.3249725061153225e-06, 2.756262157307771e-07, 4.95689561739628e-07, 0.9999455163002761, 3.5042680242681396e-07, 3.504268024267856e-07, 3.2715971582168347e-07, 7.13725814966718e-07, 3.6464251064246413e-07, 3.636935424324396e-06, 3.526593731593078e-07, 2.6171140980326237e-07, 4.5041973872165977e-07, 2.93488655947202e-07, 9.607721584835192e-07, 3.3115923984672553e-07, 3.8451575359022255e-05, 3.483103288290549e-07]"
hMpxV/Netherlands/un-EMC-NL092/2023|EPI_ISL_18746884|2023-12-18,"[0.0, 0.0, 0.0, 0.0, 0.0, 0.0, 0.0, 0.0, 0.0, 0.0, 0.0, 0.0, 0.0, 0.0, 0.0, 0.0, 1.0, 0.0, 0.0, 0.0, 0.0, 0.0, 0.0, 0.0, 0.0, 0.0, 0.0, 0.0, 0.0, 0.0, 0.0]"
NODE_0000048,"[7.99809235826171e-12, 1.2226625559245987e-11, 7.139951693792988e-12, 1.268644755483118e-11, 1.0719458107084595e-11, 1.242365061514399e-11, 1.2211032914923914e-11, 1.228931905966615e-11, 1.2343325215429043e-11, 1.2408242382418351e-11, 1.1959074425067917e-11, 1.2370148376515582e-11, 3.9121148129785556e-11, 8.903940487502142e-11, 6.904130955345978e-12, 9.737221305629216e-12, 0.9999999988510726, 1.2370148376515893e-11, 1.2370148376515381e-11, 1.1244909763129622e-11, 8.662389443788533e-12, 1.3027976025603276e-11, 2.3578357659866854e-10, 1.2466466322818878e-11, 6.307182513669114e-12, 1.2714844827345464e-11, 9.7605517906166e-12, 4.025383426289114e-11, 1.1485692324202169e-11, 4.686601491167418e-10, 1.2242225448850254e-11]"
hMpxV/Netherlands/un-EMC-NL093/2023|EPI_ISL_18746885|2023-12-19,"[0.0, 0.0, 0.0, 0.0, 0.0, 0.0, 0.0, 0.0, 0.0, 0.0, 0.0, 0.0, 0.0, 0.0, 0.0, 0.0, 1.0, 0.0, 0.0, 0.0, 0.0, 0.0, 0.0, 0.0, 0.0, 0.0, 0.0, 0.0, 0.0, 0.0, 0.0]"
hMpxV/Netherlands/un-EMC-NL098/2023|EPI_ISL_19356927|2023-12-19,"[0.0, 0.0, 0.0, 0.0, 0.0, 0.0, 0.0, 0.0, 0.0, 0.0, 0.0, 0.0, 0.0, 0.0, 0.0, 0.0, 1.0, 0.0, 0.0, 0.0, 0.0, 0.0, 0.0, 0.0, 0.0, 0.0, 0.0, 0.0, 0.0, 0.0, 0.0]"
NODE_0000154,"[4.310801433637241e-06, 1.1747004250236266e-06, 2.9850893230792202e-05, 6.541394705082897e-07, 3.794713644324464e-06, 8.451197700654635e-07, 9.326973085558724e-07, 6.573912708596169e-07, 6.613883410681706e-07, 6.555823343048194e-07, 6.54415656828736e-07, 6.537667098494116e-07, 6.322243858823171e-07, 9.366559922795159e-07, 1.4228933380236849e-06, 2.1527888572184998e-05, 2.6454809258626803e-06, 6.537667098494419e-07, 6.537667098494119e-07, 8.831607342674438e-07, 0.011216745984278095, 6.490589924553917e-07, 3.316088834305184e-06, 6.555578161149127e-07, 1.4577358134627343e-06, 1.3792013474658844e-06, 6.083295047760912e-07, 1.3296664993764412e-06, 6.331547956573034e-07, 0.9886983649500605, 6.588250938279313e-07]"
hMpxV/USA/NE-UNMC-375/2022|EPI_ISL_17269839|2022-12-28,"[0.0, 0.0, 0.0, 0.0, 0.0, 0.0, 0.0, 0.0, 0.0, 0.0, 0.0, 0.0, 0.0, 0.0, 0.0, 0.0, 0.0, 0.0, 0.0, 0.0, 0.0, 0.0, 0.0, 0.0, 0.0, 0.0, 0.0, 0.0, 0.0, 1.0, 0.0]"
hMpxV/USA/CA-CDPH-1M1000501/2023|EPI_ISL_19143459|2023-11-28,"[0.0, 0.0, 0.0, 0.0, 0.0, 0.0, 0.0, 0.0, 0.0, 0.0, 0.0, 0.0, 0.0, 0.0, 0.0, 0.0, 0.0, 0.0, 0.0, 0.0, 0.0, 0.0, 0.0, 0.0, 0.0, 0.0, 0.0, 0.0, 0.0, 0.9999999999999999, 0.0]"
NODE_0000155,"[3.634966294904549e-10, 1.8682575740918917e-11, 2.6777706266693904e-09, 1.6825850771028895e-11, 3.751371722263568e-11, 1.7970422715766242e-11, 1.824506426736487e-11, 1.7339460574809294e-11, 1.741287185544007e-11, 1.7026590716637867e-11, 1.7532697734607757e-11, 1.7168894502799663e-11, 1.5718554547929815e-11, 1.7914015833149083e-11, 5.241567224940269e-11, 6.584627197195517e-10, 2.286361269129138e-10, 1.7168894502805262e-11, 1.7168894502801246e-11, 1.659354251953527e-11, 2.1030281625076288e-07, 1.5886221020152694e-11, 2.113059177046703e-10, 1.711776010586429e-11, 5.491570013646103e-11, 7.643743082428953e-11, 1.4329228768396173e-11, 7.153149953309454e-11, 1.5941259782624592e-11, 0.9999997849412534, 1.7401474160220468e-11]"
hMpxV/USA/CT-DPH-1197699001/2023|EPI_ISL_18719999|2023-12-26,"[0.0, 0.0, 0.0, 0.0, 0.0, 0.0, 0.0, 0.0, 0.0, 0.0, 0.0, 0.0, 0.0, 0.0, 0.0, 0.0, 0.0, 0.0, 0.0, 0.0, 0.0, 0.0, 0.0, 0.0, 0.0, 0.0, 0.0, 0.0, 0.0, 1.0, 0.0]"
NODE_0000314,"[2.6641504486774316e-14, 5.346572498138979e-16, 3.244792204558698e-13, 4.952847389165969e-16, 1.1317763297357897e-15, 5.253785135232937e-16, 5.372541330481605e-16, 5.204761109672254e-16, 5.214643943758089e-16, 5.042820749960772e-16, 5.330211479067988e-16, 5.140173957348087e-16, 4.48762696145649e-16, 5.10207017519484e-16, 2.3590043345646883e-15, 5.069602565752036e-14, 1.518361245419165e-14, 5.140173957355448e-16, 5.140173957349396e-16, 4.701780947410898e-16, 6.246657487550811e-11, 4.475334828757908e-16, 1.4211782044859952e-14, 5.099188115133192e-16, 2.441007805391003e-15, 3.761634028851552e-15, 3.9130778053660236e-16, 3.4611992047297746e-15, 4.600760446820075e-16, 0.9999999999370794, 5.22687611151826e-16]"
hMpxV/USA/CA-LACPHL-MA00526/2023|EPI_ISL_18161303|2023-06-09,"[0.0, 0.0, 0.0, 0.0, 0.0, 0.0, 0.0, 0.0, 0.0, 0.0, 0.0, 0.0, 0.0, 0.0, 0.0, 0.0, 0.0, 0.0, 0.0, 0.0, 0.0, 0.0, 0.0, 0.0, 0.0, 0.0, 0.0, 0.0, 0.0, 1.0, 0.0]"
hMpxV/USA/CA-LACPHL-MA00494/2023|EPI_ISL_18161271|2023-04-30,"[0.0, 0.0, 0.0, 0.0, 0.0, 0.0, 0.0, 0.0, 0.0, 0.0, 0.0, 0.0, 0.0, 0.0, 0.0, 0.0, 0.0, 0.0, 0.0, 0.0, 0.0, 0.0, 0.0, 0.0, 0.0, 0.0, 0.0, 0.0, 0.0, 1.0, 0.0]"
hMpxV/USA/CA-LACPHL-MA00492/2023|EPI_ISL_18161269|2023-03-30,"[0.0, 0.0, 0.0, 0.0, 0.0, 0.0, 0.0, 0.0, 0.0, 0.0, 0.0, 0.0, 0.0, 0.0, 0.0, 0.0, 0.0, 0.0, 0.0, 0.0, 0.0, 0.0, 0.0, 0.0, 0.0, 0.0, 0.0, 0.0, 0.0, 1.0, 0.0]"
hMpxV/USA/CA-LACPHL-MA00499/2023|EPI_ISL_18161276|2023-04-30,"[0.0, 0.0, 0.0, 0.0, 0.0, 0.0, 0.0, 0.0, 0.0, 0.0, 0.0, 0.0, 0.0, 0.0, 0.0, 0.0, 0.0, 0.0, 0.0, 0.0, 0.0, 0.0, 0.0, 0.0, 0.0, 0.0, 0.0, 0.0, 0.0, 1.0, 0.0]"
NODE_0000315,"[7.160963471973209e-07, 8.212390186650737e-08, 3.069124514994779e-06, 7.787755991559283e-08, 1.294105596674644e-07, 8.136238501419614e-08, 8.092582213493749e-08, 7.880218056412836e-08, 7.933253543369734e-08, 7.83874249852975e-08, 7.871229764353925e-08, 7.819450146299444e-08, 7.497822580942169e-08, 8.243664334711303e-08, 1.5848542073968184e-07, 9.834996904411127e-07, 4.970149672183438e-07, 7.819450146299781e-08, 7.819450146299355e-08, 7.640569951171388e-08, 3.674694340770602e-05, 7.673406576127894e-08, 4.398384951011914e-07, 7.834498994831215e-08, 1.6947762741639957e-07, 2.2003691463237741e-07, 7.128015872700756e-08, 2.0903253413487983e-07, 7.521699485270337e-08, 0.9999551744889964, 7.904613436608675e-08]"
NODE_0000317,"[5.152949692686313e-07, 7.434062109495379e-08, 1.7625807227439294e-06, 7.264570053246492e-08, 1.0393328713984905e-07, 7.413692419497842e-08, 7.396099858093497e-08, 7.295617565730311e-08, 7.321643966040275e-08, 7.268066196478184e-08, 7.274471249792958e-08, 7.27249270519576e-08, 6.995641399167212e-08, 7.399535225702404e-08, 1.3956781559750846e-07, 6.370985106895795e-07, 3.910488996025311e-07, 7.272492705196846e-08, 7.272492705195953e-08, 7.030830105254584e-08, 1.615143961639499e-05, 7.179553214690075e-08, 3.3610219321525406e-07, 7.281758596643815e-08, 1.4134405232044302e-07, 1.8626160870881566e-07, 6.54753919213457e-08, 1.7785421902533033e-07, 6.9926106296526e-08, 0.9999780853146769, 7.302772950573482e-08]"
hMpxV/USA/WA-UW-440651/2023|EPI_ISL_19524788|2023-11-29,"[0.0, 0.0, 0.0, 0.0, 0.0, 0.0, 0.0, 0.0, 0.0, 0.0, 0.0, 0.0, 0.0, 0.0, 0.0, 0.0, 0.0, 0.0, 0.0, 0.0, 0.0, 0.0, 0.0, 0.0, 0.0, 0.0, 0.0, 0.0, 0.0, 1.0, 0.0]"
hMpxV/USA/WA-UW-246476/2024|EPI_ISL_19336733|2024-07-16,"[0.0, 0.0, 0.0, 0.0, 0.0, 0.0, 0.0, 0.0, 0.0, 0.0, 0.0, 0.0, 0.0, 0.0, 0.0, 0.0, 0.0, 0.0, 0.0, 0.0, 0.0, 0.0, 0.0, 0.0, 0.0, 0.0, 0.0, 0.0, 0.0, 1.0, 0.0]"
NODE_0000318,"[1.6893533143216492e-09, 2.3956393636025385e-10, 5.449561419262457e-09, 2.3598185663435306e-10, 3.274902335774939e-10, 2.3956683104499384e-10, 2.393378470399912e-10, 2.3702530622748245e-10, 2.376647868506595e-10, 2.359206162050943e-10, 2.3651928116117363e-10, 2.364465311831835e-10, 2.2663541284942044e-10, 2.377737301652053e-10, 4.64643311059982e-10, 2.0261341647130793e-09, 1.3071208858494583e-09, 2.364465311836787e-10, 2.364465311832928e-10, 2.2707523928110963e-10, 4.091189829423173e-08, 2.3246042629658524e-10, 1.1153456639542703e-09, 2.366102414787634e-10, 4.639806036095016e-10, 6.188439497398967e-10, 2.106243989000944e-10, 5.907966045171833e-10, 2.2659947586120435e-10, 0.9999999405889664, 2.371663802830281e-10]"
hMpxV/USA/CA-CDPH-1M1000656/2024|EPI_ISL_19367821|2024-06-11,"[0.0, 0.0, 0.0, 0.0, 0.0, 0.0, 0.0, 0.0, 0.0, 0.0, 0.0, 0.0, 0.0, 0.0, 0.0, 0.0, 0.0, 0.0, 0.0, 0.0, 0.0, 0.0, 0.0, 0.0, 0.0, 0.0, 0.0, 0.0, 0.0, 1.0, 0.0]"
hMpxV/USA/CA-CDPH-1M1000639/2024|EPI_ISL_19295782|2024-06-11,"[0.0, 0.0, 0.0, 0.0, 0.0, 0.0, 0.0, 0.0, 0.0, 0.0, 0.0, 0.0, 0.0, 0.0, 0.0, 0.0, 0.0, 0.0, 0.0, 0.0, 0.0, 0.0, 0.0, 0.0, 0.0, 0.0, 0.0, 0.0, 0.0, 1.0, 0.0]"
NODE_0000316,"[3.929065715219606e-09, 2.3544804430671716e-10, 2.201240296639267e-08, 2.2612219884422098e-10, 3.8727610355962456e-10, 2.3323906498896064e-10, 2.360028619512773e-10, 2.3156009203082396e-10, 2.3190963883447801e-10, 2.2771195576937553e-10, 2.3386716450977836e-10, 2.301871989250042e-10, 2.113895089907822e-10, 2.289061892181808e-10, 6.680631871650795e-10, 5.699250074043731e-09, 2.71247127145595e-09, 2.3018719892502021e-10, 2.3018719892499847e-10, 2.1595532957630137e-10, 6.620357326991184e-07, 2.1409696576485296e-10, 2.3939686825065463e-09, 2.2935564316148822e-10, 6.689426465196034e-10, 9.594766683998434e-10, 1.9050603102262208e-10, 9.012548558240077e-10, 2.1375054477698317e-10, 0.9999992933497452, 2.319672413346184e-10]"
hMpxV/USA/CA-CDPH-1M1000498/2024|EPI_ISL_19143457|2024-01-26,"[0.0, 0.0, 0.0, 0.0, 0.0, 0.0, 0.0, 0.0, 0.0, 0.0, 0.0, 0.0, 0.0, 0.0, 0.0, 0.0, 0.0, 0.0, 0.0, 0.0, 0.0, 0.0, 0.0, 0.0, 0.0, 0.0, 0.0, 0.0, 0.0, 1.0, 0.0]"
hMpxV/USA/WA-UW-279946/2024|EPI_ISL_19524786|2024-01-17,"[0.0, 0.0, 0.0, 0.0, 0.0, 0.0, 0.0, 0.0, 0.0, 0.0, 0.0, 0.0, 0.0, 0.0, 0.0, 0.0, 0.0, 0.0, 0.0, 0.0, 0.0, 0.0, 0.0, 0.0, 0.0, 0.0, 0.0, 0.0, 0.0, 1.0, 0.0]"
hMpxV/USA/IL-RIPHL-050-0163/2024|EPI_ISL_19031635|2024-03-04,"[0.0, 0.0, 0.0, 0.0, 0.0, 0.0, 0.0, 0.0, 0.0, 0.0, 0.0, 0.0, 0.0, 0.0, 0.0, 0.0, 0.0, 0.0, 0.0, 0.0, 0.0, 0.0, 0.0, 0.0, 0.0, 0.0, 0.0, 0.0, 0.0, 1.0, 0.0]"
NODE_0000299,"[9.897748160230657e-07, 1.207651298464455e-07, 3.487705240581426e-06, 1.1795247034435302e-07, 1.7220036748801645e-07, 1.20205580979683e-07, 1.2049076554476944e-07, 1.1886617244439699e-07, 1.1915678273714068e-07, 1.1808937341915526e-07, 1.1889504810186346e-07, 1.1851664946142518e-07, 1.1279211974035022e-07, 1.1940762302465693e-07, 2.504633835669472e-07, 1.2295303072188807e-06, 7.557199189823245e-07, 1.1851664946142832e-07, 1.1851664946142281e-07, 1.1361482319800602e-07, 3.390920742447162e-05, 1.1542338606516137e-07, 6.472101035527121e-07, 1.1850204650144453e-07, 2.5006976569351115e-07, 3.3815655101993734e-07, 1.0458752971090662e-07, 3.2186520906559195e-07, 1.1303725049830026e-07, 0.9999554218044804, 1.1895638136687765e-07]"
hMpxV/USA/CA-LACPHL-MA00520/2023|EPI_ISL_18161297|2023-05-23,"[0.0, 0.0, 0.0, 0.0, 0.0, 0.0, 0.0, 0.0, 0.0, 0.0, 0.0, 0.0, 0.0, 0.0, 0.0, 0.0, 0.0, 0.0, 0.0, 0.0, 0.0, 0.0, 0.0, 0.0, 0.0, 0.0, 0.0, 0.0, 0.0, 1.0, 0.0]"
NODE_0000300,"[5.371093225215868e-17, 3.8095236485544995e-19, 1.210123164701133e-15, 3.472116816253928e-19, 9.6668724195578e-19, 3.717365832546473e-19, 3.8687243106319547e-19, 3.7314025958519007e-19, 3.7272042973096104e-19, 3.5593235605659905e-19, 3.8795653478553486e-19, 3.675441843510329e-19, 3.0341936850133785e-19, 3.5244407616636336e-19, 2.759948803576085e-18, 1.2419645324216197e-16, 2.7382336002706508e-17, 3.6754418435136345e-19, 3.675441843509893e-19, 3.2358952399924475e-19, 1.0684796778436807e-12, 2.9792289853374084e-19, 2.6450664324383705e-17, 3.6242243293642264e-19, 2.7945045411513634e-18, 4.778007834288802e-18, 2.5159061366312757e-19, 4.313063493060159e-18, 3.151908351136156e-19, 0.99999999999893, 3.7494846788101174e-19]"
hMpxV/USA/CA-LACPHL-MA00536/2023|EPI_ISL_18161312|2023-06-28,"[0.0, 0.0, 0.0, 0.0, 0.0, 0.0, 0.0, 0.0, 0.0, 0.0, 0.0, 0.0, 0.0, 0.0, 0.0, 0.0, 0.0, 0.0, 0.0, 0.0, 0.0, 0.0, 0.0, 0.0, 0.0, 0.0, 0.0, 0.0, 0.0, 0.9999999999999999, 0.0]"
hMpxV/USA/CA-LACPHL-MA00556/2023|EPI_ISL_18285971|2023-07-31,"[0.0, 0.0, 0.0, 0.0, 0.0, 0.0, 0.0, 0.0, 0.0, 0.0, 0.0, 0.0, 0.0, 0.0, 0.0, 0.0, 0.0, 0.0, 0.0, 0.0, 0.0, 0.0, 0.0, 0.0, 0.0, 0.0, 0.0, 0.0, 0.0, 1.0, 0.0]"
hMpxV/USA/CA-LACPHL-MA00557/2023|EPI_ISL_18285972|2023-06-29,"[0.0, 0.0, 0.0, 0.0, 0.0, 0.0, 0.0, 0.0, 0.0, 0.0, 0.0, 0.0, 0.0, 0.0, 0.0, 0.0, 0.0, 0.0, 0.0, 0.0, 0.0, 0.0, 0.0, 0.0, 0.0, 0.0, 0.0, 0.0, 0.0, 0.9999999999999999, 0.0]"
NODE_0000313,"[1.1503035831774591e-10, 3.967271056442445e-12, 9.7164059606732e-10, 3.707705017741229e-12, 7.601425038314189e-12, 3.900275679129424e-12, 3.965156624718609e-12, 3.8485149697826065e-12, 3.858135626314584e-12, 3.758633411422978e-12, 3.9136711514710814e-12, 3.81016563223108e-12, 3.418796196565529e-12, 3.832656195128674e-12, 1.3813491112687334e-11, 1.9477729993998463e-10, 7.13896458117006e-11, 3.810165632231558e-12, 3.810165632230923e-12, 3.55059740920092e-12, 7.281963093716077e-08, 3.4359020357236667e-12, 6.512688879881576e-11, 3.789465940217182e-12, 1.4244185244145707e-11, 2.1021120731038866e-11, 3.0551460133155493e-12, 1.953462964982037e-11, 3.4825776258775568e-12, 0.9999999256154128, 3.861642863540246e-12]"
hMpxV/USA/CA-CDPH-1M1000409/2023|EPI_ISL_18781837|2023-09-19,"[0.0, 0.0, 0.0, 0.0, 0.0, 0.0, 0.0, 0.0, 0.0, 0.0, 0.0, 0.0, 0.0, 0.0, 0.0, 0.0, 0.0, 0.0, 0.0, 0.0, 0.0, 0.0, 0.0, 0.0, 0.0, 0.0, 0.0, 0.0, 0.0, 1.0, 0.0]"
hMpxV/USA/CA-CDPH-1M1000352/2023|EPI_ISL_18452343|2023-10-04,"[0.0, 0.0, 0.0, 0.0, 0.0, 0.0, 0.0, 0.0, 0.0, 0.0, 0.0, 0.0, 0.0, 0.0, 0.0, 0.0, 0.0, 0.0, 0.0, 0.0, 0.0, 0.0, 0.0, 0.0, 0.0, 0.0, 0.0, 0.0, 0.0, 1.0, 0.0]"
hMpxV/USA/CA-CDPH-1M1000345/2023|EPI_ISL_18452336|2023-09-26,"[0.0, 0.0, 0.0, 0.0, 0.0, 0.0, 0.0, 0.0, 0.0, 0.0, 0.0, 0.0, 0.0, 0.0, 0.0, 0.0, 0.0, 0.0, 0.0, 0.0, 0.0, 0.0, 0.0, 0.0, 0.0, 0.0, 0.0, 0.0, 0.0, 0.9999999999999999, 0.0]"
hMpxV/USA/CA-LACPHL-MA00552/2023|EPI_ISL_18285966|2023-07-27,"[0.0, 0.0, 0.0, 0.0, 0.0, 0.0, 0.0, 0.0, 0.0, 0.0, 0.0, 0.0, 0.0, 0.0, 0.0, 0.0, 0.0, 0.0, 0.0, 0.0, 0.0, 0.0, 0.0, 0.0, 0.0, 0.0, 0.0, 0.0, 0.0, 1.0, 0.0]"
NODE_0000307,"[3.751289451146023e-08, 4.006908038378219e-09, 1.3766317291099838e-07, 3.95578487873649e-09, 5.6345353848400455e-09, 4.001637109947605e-09, 4.0267628550831795e-09, 3.994622128107633e-09, 3.9975010230580395e-09, 3.95708829850846e-09, 4.004991153261364e-09, 3.986865049899733e-09, 3.753552845453275e-09, 3.926253748306545e-09, 9.128626946153148e-09, 4.642618583476894e-08, 2.882167045167203e-08, 3.986865049900387e-09, 3.986865049899814e-09, 3.770062000859417e-09, 1.5923371587176452e-06, 3.832772885954347e-09, 2.460440304288821e-08, 3.980603559987396e-09, 8.898721319575967e-09, 1.2359272828977862e-08, 3.418013841947837e-09, 1.1739929417552281e-08, 3.766344340437561e-09, 0.9999980105246817, 3.9952531116556e-09]"
hMpxV/USA/CA-NLACPHL-MA00561/2023|EPI_ISL_18386999|2023-08-09,"[0.0, 0.0, 0.0, 0.0, 0.0, 0.0, 0.0, 0.0, 0.0, 0.0, 0.0, 0.0, 0.0, 0.0, 0.0, 0.0, 0.0, 0.0, 0.0, 0.0, 0.0, 0.0, 0.0, 0.0, 0.0, 0.0, 0.0, 0.0, 0.0, 1.0, 0.0]"
NODE_0000308,"[5.083537070852299e-09, 5.010993984526294e-10, 1.923847340243777e-08, 4.975839855697207e-10, 7.000256069608933e-10, 5.013385211478266e-10, 5.056077091859024e-10, 5.0309173100989e-10, 5.029704505053836e-10, 4.975341741703606e-10, 5.050832694057654e-10, 5.023840983768268e-10, 4.700529528632323e-10, 4.884731784470458e-10, 1.2053123204870111e-09, 6.295060605208191e-09, 3.913534925458738e-09, 5.023840983769848e-10, 5.023840983768546e-10, 4.714208389909338e-10, 2.553542151491648e-07, 4.793656024103697e-10, 3.336593299025296e-09, 5.01181545728726e-10, 1.159537719922094e-09, 1.6352169289967586e-09, 4.236422747561842e-10, 1.5513417723270865e-09, 4.719974910734095e-10, 0.9999996911965493, 5.030066377410342e-10]"
hMpxV/USA/CA-LACPHL-MA00590/2023|EPI_ISL_18993207|2023-08-10,"[0.0, 0.0, 0.0, 0.0, 0.0, 0.0, 0.0, 0.0, 0.0, 0.0, 0.0, 0.0, 0.0, 0.0, 0.0, 0.0, 0.0, 0.0, 0.0, 0.0, 0.0, 0.0, 0.0, 0.0, 0.0, 0.0, 0.0, 0.0, 0.0, 1.0, 0.0]"
NODE_0000309,"[5.549142480534518e-22, 8.751318925027434e-25, 3.2369320324637296e-20, 7.749815162799294e-25, 2.9438098727221873e-24, 8.469732230381464e-25, 9.0027022621615e-25, 8.611847817161636e-25, 8.578393646491471e-25, 8.035774130849156e-25, 9.141937170747656e-25, 8.435870503054706e-25, 6.444897733344884e-25, 7.792416375131904e-25, 1.2533877226417514e-23, 1.7465644506894337e-21, 2.320366287680698e-22, 8.435870503067069e-25, 8.43587050305798e-25, 7.061976886190061e-25, 2.994837197300499e-16, 6.190441628056117e-25, 2.375474232671121e-22, 8.253603488937985e-25, 1.2606794558028348e-23, 2.462630946290998e-23, 5.003094624127042e-25, 2.16209433343169e-23, 6.821804756805179e-25, 0.9999999999999996, 8.668344381310713e-25]"
hMpxV/USA/CA-CDPH-1M1000408/2023|EPI_ISL_18781836|2023-09-29,"[0.0, 0.0, 0.0, 0.0, 0.0, 0.0, 0.0, 0.0, 0.0, 0.0, 0.0, 0.0, 0.0, 0.0, 0.0, 0.0, 0.0, 0.0, 0.0, 0.0, 0.0, 0.0, 0.0, 0.0, 0.0, 0.0, 0.0, 0.0, 0.0, 1.0, 0.0]"
hMpxV/USA/CA-LACPHL-MA00589/2023|EPI_ISL_18993199|2023-09-08,"[0.0, 0.0, 0.0, 0.0, 0.0, 0.0, 0.0, 0.0, 0.0, 0.0, 0.0, 0.0, 0.0, 0.0, 0.0, 0.0, 0.0, 0.0, 0.0, 0.0, 0.0, 0.0, 0.0, 0.0, 0.0, 0.0, 0.0, 0.0, 0.0, 1.0, 0.0]"
hMpxV/USA/CA-CDPH-1M1000335/2023|EPI_ISL_18399143|2023-08-18,"[0.0, 0.0, 0.0, 0.0, 0.0, 0.0, 0.0, 0.0, 0.0, 0.0, 0.0, 0.0, 0.0, 0.0, 0.0, 0.0, 0.0, 0.0, 0.0, 0.0, 0.0, 0.0, 0.0, 0.0, 0.0, 0.0, 0.0, 0.0, 0.0, 1.0, 0.0]"
hMpxV/USA/CA-CDPH-1M1000358/2023|EPI_ISL_18786341|2023-09-18,"[0.0, 0.0, 0.0, 0.0, 0.0, 0.0, 0.0, 0.0, 0.0, 0.0, 0.0, 0.0, 0.0, 0.0, 0.0, 0.0, 0.0, 0.0, 0.0, 0.0, 0.0, 0.0, 0.0, 0.0, 0.0, 0.0, 0.0, 0.0, 0.0, 1.0, 0.0]"
hMpxV/USA/CA-CDPH-1M1000359/2023|EPI_ISL_18786342|2023-09-18,"[0.0, 0.0, 0.0, 0.0, 0.0, 0.0, 0.0, 0.0, 0.0, 0.0, 0.0, 0.0, 0.0, 0.0, 0.0, 0.0, 0.0, 0.0, 0.0, 0.0, 0.0, 0.0, 0.0, 0.0, 0.0, 0.0, 0.0, 0.0, 0.0, 1.0, 0.0]"
hMpxV/USA/CA-CDPH-1M1000366/2023|EPI_ISL_18786351|2023-09-21,"[0.0, 0.0, 0.0, 0.0, 0.0, 0.0, 0.0, 0.0, 0.0, 0.0, 0.0, 0.0, 0.0, 0.0, 0.0, 0.0, 0.0, 0.0, 0.0, 0.0, 0.0, 0.0, 0.0, 0.0, 0.0, 0.0, 0.0, 0.0, 0.0, 0.9999999999999999, 0.0]"
NODE_0000310,"[3.5366514225064573e-15, 1.5720727414469922e-16, 2.1590232162141608e-14, 1.5488232894646136e-16, 2.4960619637192237e-16, 1.5700449341171156e-16, 1.6026109851572285e-16, 1.5933524033531264e-16, 1.5894567853810825e-16, 1.5566235790298932e-16, 1.6177896330281253e-16, 1.5876013657578443e-16, 1.4225903538870307e-16, 1.4974057514633093e-16, 5.521836026425244e-16, 5.069697703152206e-15, 2.4797956499061675e-15, 1.5876013657631009e-16, 1.5876013657589756e-16, 1.443047773386667e-16, 9.350714698352775e-13, 1.4337568091259422e-16, 2.171540700054463e-15, 1.5766520795886514e-16, 5.232624653537735e-16, 7.977324262858847e-16, 1.2296998564024815e-16, 7.459359210445388e-16, 1.442417727383496e-16, 0.9999999999990242, 1.5939335974691192e-16]"
hMpxV/USA/CA-LACPHL-MA00593/2023|EPI_ISL_18993210|2023-08-18,"[0.0, 0.0, 0.0, 0.0, 0.0, 0.0, 0.0, 0.0, 0.0, 0.0, 0.0, 0.0, 0.0, 0.0, 0.0, 0.0, 0.0, 0.0, 0.0, 0.0, 0.0, 0.0, 0.0, 0.0, 0.0, 0.0, 0.0, 0.0, 0.0, 1.0, 0.0]"
hMpxV/USA/CA-CDPH-1M1000334/2023|EPI_ISL_18399142|2023-08-18,"[0.0, 0.0, 0.0, 0.0, 0.0, 0.0, 0.0, 0.0, 0.0, 0.0, 0.0, 0.0, 0.0, 0.0, 0.0, 0.0, 0.0, 0.0, 0.0, 0.0, 0.0, 0.0, 0.0, 0.0, 0.0, 0.0, 0.0, 0.0, 0.0, 1.0, 0.0]"
hMpxV/USA/CA-CDPH-1M1000337/2023|EPI_ISL_18399145|2023-08-21,"[0.0, 0.0, 0.0, 0.0, 0.0, 0.0, 0.0, 0.0, 0.0, 0.0, 0.0, 0.0, 0.0, 0.0, 0.0, 0.0, 0.0, 0.0, 0.0, 0.0, 0.0, 0.0, 0.0, 0.0, 0.0, 0.0, 0.0, 0.0, 0.0, 1.0, 0.0]"
NODE_0000311,"[2.269734606048476e-08, 2.4244344684109343e-09, 8.317696502317037e-08, 2.3943604226278504e-09, 3.405839593933099e-09, 2.4216176784177443e-09, 2.4368669288877252e-09, 2.41784696978542e-09, 2.419521215948349e-09, 2.3950633008012795e-09, 2.424146615497375e-09, 2.4132135017054525e-09, 2.2717631863479942e-09, 2.375387295101781e-09, 5.527488518156006e-09, 2.8067438213010423e-08, 1.7445976825883767e-08, 2.413213501705864e-09, 2.413213501705496e-09, 2.2814152958543006e-09, 9.551914408947184e-07, 2.3196919177669417e-09, 1.4890991693978788e-08, 2.4093866013403877e-09, 5.385998992597066e-09, 7.482562680649495e-09, 2.0680344442409445e-09, 7.107678450352796e-09, 2.2794829346708127e-09, 0.9999988046234168, 2.4181964742659635e-09]"
hMpxV/USA/CA-CDPH-1M1000370/2023|EPI_ISL_18786357|2023-09-29,"[0.0, 0.0, 0.0, 0.0, 0.0, 0.0, 0.0, 0.0, 0.0, 0.0, 0.0, 0.0, 0.0, 0.0, 0.0, 0.0, 0.0, 0.0, 0.0, 0.0, 0.0, 0.0, 0.0, 0.0, 0.0, 0.0, 0.0, 0.0, 0.0, 1.0, 0.0]"
NODE_0000312,"[6.194608250888149e-10, 6.086720748697745e-11, 2.340232862802117e-09, 6.048772303548447e-11, 8.487692694855721e-11, 6.09140740131619e-11, 6.144123335375965e-11, 6.115968197660863e-11, 6.113960199417259e-11, 6.047723923646904e-11, 6.140662019839533e-11, 6.107765111279258e-11, 5.7122640058933056e-11, 5.931118319168294e-11, 1.469252541066558e-10, 7.658999030583777e-10, 4.773489851388514e-10, 6.107765111286828e-11, 6.107765111280887e-11, 5.727256321120352e-11, 3.078796331829018e-08, 5.82503310755992e-11, 4.068249031358883e-10, 6.092772664453276e-11, 1.411640370059967e-10, 1.992973809663842e-10, 5.1436572317841815e-11, 1.8906838810535306e-10, 5.7360239262201745e-11, 0.9999999627069825, 6.114713372973483e-11]"
hMpxV/USA/CA-CDPH-1M1000449/2023|EPI_ISL_18781636|2023-10-10,"[0.0, 0.0, 0.0, 0.0, 0.0, 0.0, 0.0, 0.0, 0.0, 0.0, 0.0, 0.0, 0.0, 0.0, 0.0, 0.0, 0.0, 0.0, 0.0, 0.0, 0.0, 0.0, 0.0, 0.0, 0.0, 0.0, 0.0, 0.0, 0.0, 1.0, 0.0]"
hMpxV/USA/CA-CDPH-1M1000371/2023|EPI_ISL_18786358|2023-09-29,"[0.0, 0.0, 0.0, 0.0, 0.0, 0.0, 0.0, 0.0, 0.0, 0.0, 0.0, 0.0, 0.0, 0.0, 0.0, 0.0, 0.0, 0.0, 0.0, 0.0, 0.0, 0.0, 0.0, 0.0, 0.0, 0.0, 0.0, 0.0, 0.0, 1.0, 0.0]"
NODE_0000301,"[3.068813699717299e-08, 3.614620231119775e-09, 1.09170288639106e-07, 3.542752490357924e-09, 5.125790134468082e-09, 3.602097286777627e-09, 3.6143939728602723e-09, 3.5720552029199102e-09, 3.5789970381149792e-09, 3.545853782054445e-09, 3.5751638155245607e-09, 3.5626439792760225e-09, 3.3803885662600457e-09, 3.5648447467699517e-09, 7.69355277931298e-09, 3.8043208278392074e-08, 2.3481114042130195e-08, 3.562643979279768e-09, 3.562643979276809e-09, 3.401520015106387e-09, 1.107231893774776e-06, 3.457243927586974e-09, 2.0089153310710122e-08, 3.560761915047201e-09, 7.627859325882981e-09, 1.0392302496867707e-08, 3.1177613030404068e-09, 9.886503094631712e-09, 3.3887419358587968e-09, 0.9999985637909493, 3.5741197451285377e-09]"
hMpxV/USA/CA-CDPH-11000324/2023|EPI_ISL_18323794|2023-08-21,"[0.0, 0.0, 0.0, 0.0, 0.0, 0.0, 0.0, 0.0, 0.0, 0.0, 0.0, 0.0, 0.0, 0.0, 0.0, 0.0, 0.0, 0.0, 0.0, 0.0, 0.0, 0.0, 0.0, 0.0, 0.0, 0.0, 0.0, 0.0, 0.0, 1.0, 0.0]"
NODE_0000302,"[2.3228412706995822e-28, 4.4631393882888673e-32, 5.382422448380939e-26, 3.751623279345061e-32, 2.3066993207808155e-31, 4.2567014459406657e-32, 4.6498491702785026e-32, 4.3726037374817653e-32, 4.3450158010126736e-32, 3.9595734086683947e-32, 4.776048638996654e-32, 4.243972206969151e-32, 2.91992068238013e-32, 3.7866338994177325e-32, 1.605505618718797e-30, 1.16183072120106e-27, 7.175073044515626e-29, 4.243972206974803e-32, 4.2439722069699793e-32, 3.338536058815467e-32, 1.4050149685145795e-20, 2.720288575210957e-32, 8.04035639635119e-29, 4.110214680639742e-32, 1.63700753216804e-30, 3.795966090861031e-30, 2.0892332301522143e-32, 3.2044399827010965e-30, 3.173872355766479e-32, 1.0, 4.4150434230592356e-32]"
hMpxV/USA/CA-CDPH-1M1000422/2023|EPI_ISL_18781806|2023-10-13,"[0.0, 0.0, 0.0, 0.0, 0.0, 0.0, 0.0, 0.0, 0.0, 0.0, 0.0, 0.0, 0.0, 0.0, 0.0, 0.0, 0.0, 0.0, 0.0, 0.0, 0.0, 0.0, 0.0, 0.0, 0.0, 0.0, 0.0, 0.0, 0.0, 0.9999999999999999, 0.0]"
hMpxV/USA/CA-CDPH-1M1000428/2023|EPI_ISL_18781812|2023-09-28,"[0.0, 0.0, 0.0, 0.0, 0.0, 0.0, 0.0, 0.0, 0.0, 0.0, 0.0, 0.0, 0.0, 0.0, 0.0, 0.0, 0.0, 0.0, 0.0, 0.0, 0.0, 0.0, 0.0, 0.0, 0.0, 0.0, 0.0, 0.0, 0.0, 1.0, 0.0]"
hMpxV/USA/CA-CDPH-1M1000427/2023|EPI_ISL_18781811|2023-10-03,"[0.0, 0.0, 0.0, 0.0, 0.0, 0.0, 0.0, 0.0, 0.0, 0.0, 0.0, 0.0, 0.0, 0.0, 0.0, 0.0, 0.0, 0.0, 0.0, 0.0, 0.0, 0.0, 0.0, 0.0, 0.0, 0.0, 0.0, 0.0, 0.0, 1.0, 0.0]"
hMpxV/USA/CA-CDPH-1M1000342/2023|EPI_ISL_18452333|2023-09-25,"[0.0, 0.0, 0.0, 0.0, 0.0, 0.0, 0.0, 0.0, 0.0, 0.0, 0.0, 0.0, 0.0, 0.0, 0.0, 0.0, 0.0, 0.0, 0.0, 0.0, 0.0, 0.0, 0.0, 0.0, 0.0, 0.0, 0.0, 0.0, 0.0, 1.0, 0.0]"
hMpxV/USA/CA-CDPH-1M1000401/2023|EPI_ISL_18781925|2023-11-06,"[0.0, 0.0, 0.0, 0.0, 0.0, 0.0, 0.0, 0.0, 0.0, 0.0, 0.0, 0.0, 0.0, 0.0, 0.0, 0.0, 0.0, 0.0, 0.0, 0.0, 0.0, 0.0, 0.0, 0.0, 0.0, 0.0, 0.0, 0.0, 0.0, 0.9999999999999999, 0.0]"
hMpxV/USA/CA-CDPH-1M1000444/2023|EPI_ISL_18781631|2023-11-09,"[0.0, 0.0, 0.0, 0.0, 0.0, 0.0, 0.0, 0.0, 0.0, 0.0, 0.0, 0.0, 0.0, 0.0, 0.0, 0.0, 0.0, 0.0, 0.0, 0.0, 0.0, 0.0, 0.0, 0.0, 0.0, 0.0, 0.0, 0.0, 0.0, 1.0, 0.0]"
hMpxV/USA/CA-CDPH-1M1000551/2023|EPI_ISL_19170480|2023-11-03,"[0.0, 0.0, 0.0, 0.0, 0.0, 0.0, 0.0, 0.0, 0.0, 0.0, 0.0, 0.0, 0.0, 0.0, 0.0, 0.0, 0.0, 0.0, 0.0, 0.0, 0.0, 0.0, 0.0, 0.0, 0.0, 0.0, 0.0, 0.0, 0.0, 1.0, 0.0]"
hMpxV/USA/CA-CDPH-1M1000619/2023|EPI_ISL_19295764|2023-10-10,"[0.0, 0.0, 0.0, 0.0, 0.0, 0.0, 0.0, 0.0, 0.0, 0.0, 0.0, 0.0, 0.0, 0.0, 0.0, 0.0, 0.0, 0.0, 0.0, 0.0, 0.0, 0.0, 0.0, 0.0, 0.0, 0.0, 0.0, 0.0, 0.0, 1.0, 0.0]"
hMpxV/USA/CA-CDPH-1M1000365/2023|EPI_ISL_18786350|2023-09-22,"[0.0, 0.0, 0.0, 0.0, 0.0, 0.0, 0.0, 0.0, 0.0, 0.0, 0.0, 0.0, 0.0, 0.0, 0.0, 0.0, 0.0, 0.0, 0.0, 0.0, 0.0, 0.0, 0.0, 0.0, 0.0, 0.0, 0.0, 0.0, 0.0, 1.0, 0.0]"
NODE_0000306,"[1.0592607333439474e-08, 1.2134330395908369e-09, 3.791405448482954e-08, 1.1935108790908585e-09, 1.7095345369316465e-09, 1.2107619475451786e-09, 1.215913894574861e-09, 1.2038365587828703e-09, 1.2056305384045918e-09, 1.1941867657136353e-09, 1.2054868720954382e-09, 1.2010212116890652e-09, 1.1366780563408542e-09, 1.1940458791950286e-09, 2.6395925257733415e-09, 1.3092540035147117e-08, 8.123526257584144e-09, 1.2010212116903625e-09, 1.201021211689337e-09, 1.1424722458710465e-09, 3.9665096337801894e-07, 1.1619864794022388e-09, 6.942965175802594e-09, 1.199970182446831e-09, 2.6003219839366825e-09, 3.5656300400082073e-09, 1.0432412719154693e-09, 3.3907892246430077e-09, 1.1397111682647472e-09, 0.9999994903092194, 1.2043261753257823e-09]"
hMpxV/USA/CA-CDPH-1M1000483/2023|EPI_ISL_19143445|2023-12-08,"[0.0, 0.0, 0.0, 0.0, 0.0, 0.0, 0.0, 0.0, 0.0, 0.0, 0.0, 0.0, 0.0, 0.0, 0.0, 0.0, 0.0, 0.0, 0.0, 0.0, 0.0, 0.0, 0.0, 0.0, 0.0, 0.0, 0.0, 0.0, 0.0, 1.0, 0.0]"
hMpxV/USA/CA-CDPH-1M1000499/2023|EPI_ISL_19143476|2023-11-29,"[0.0, 0.0, 0.0, 0.0, 0.0, 0.0, 0.0, 0.0, 0.0, 0.0, 0.0, 0.0, 0.0, 0.0, 0.0, 0.0, 0.0, 0.0, 0.0, 0.0, 0.0, 0.0, 0.0, 0.0, 0.0, 0.0, 0.0, 0.0, 0.0, 1.0, 0.0]"
NODE_0000303,"[1.424090670597867e-08, 1.4385879172249525e-09, 5.3061050898033374e-08, 1.4269712019249298e-09, 2.009958187025969e-09, 1.438819585210296e-09, 1.4502697946734715e-09, 1.4422217254902296e-09, 1.442183432826632e-09, 1.4269089499039137e-09, 1.4474157486234143e-09, 1.4400570385236374e-09, 1.3495296766722168e-09, 1.4041812403970382e-09, 3.411654930133688e-09, 1.7582243712934803e-08, 1.097572516779034e-08, 1.440057038523919e-09, 1.4400570385236215e-09, 1.3537066298793966e-09, 6.529138722897743e-07, 1.376737187372796e-09, 9.355441522242028e-09, 1.4368998137061888e-09, 3.2912374780829306e-09, 4.623905739459432e-09, 1.2193214411230506e-09, 4.388477278793839e-09, 1.3548315046899547e-09, 0.9999991973746993, 1.4420696751574878e-09]"
hMpxV/USA/CA-CDPH-1M1000426/2023|EPI_ISL_18781810|2023-10-11,"[0.0, 0.0, 0.0, 0.0, 0.0, 0.0, 0.0, 0.0, 0.0, 0.0, 0.0, 0.0, 0.0, 0.0, 0.0, 0.0, 0.0, 0.0, 0.0, 0.0, 0.0, 0.0, 0.0, 0.0, 0.0, 0.0, 0.0, 0.0, 0.0, 1.0, 0.0]"
NODE_0000304,"[1.7054034716524348e-18, 1.047415280130306e-20, 4.006394228179276e-17, 9.672842514755925e-21, 2.6067044171575053e-20, 1.0265154629426881e-20, 1.0727852353466414e-20, 1.0417631369512393e-20, 1.0385626850091672e-20, 9.905501710514626e-21, 1.0858874035191195e-20, 1.0273405902239742e-20, 8.380401540868832e-21, 9.594129217241754e-21, 8.418892486299696e-20, 3.916839754491387e-18, 8.761641102579344e-19, 1.0273405902253898e-20, 1.0273405902242446e-20, 8.903544669026698e-21, 4.2712259483338395e-14, 8.20933099847633e-21, 8.430459843023535e-19, 1.0113982001862366e-20, 8.293600757797033e-20, 1.4609850667179043e-19, 6.806915798495745e-21, 1.3159727454480743e-19, 8.716628579466507e-21, 0.9999999999999574, 1.0460844769420333e-20]"
hMpxV/USA/CA-CDPH-1M1000419/2023|EPI_ISL_18781848|2023-10-11,"[0.0, 0.0, 0.0, 0.0, 0.0, 0.0, 0.0, 0.0, 0.0, 0.0, 0.0, 0.0, 0.0, 0.0, 0.0, 0.0, 0.0, 0.0, 0.0, 0.0, 0.0, 0.0, 0.0, 0.0, 0.0, 0.0, 0.0, 0.0, 0.0, 1.0, 0.0]"
hMpxV/USA/CA-CDPH-1M1000356/2023|EPI_ISL_18452347|2023-10-03,"[0.0, 0.0, 0.0, 0.0, 0.0, 0.0, 0.0, 0.0, 0.0, 0.0, 0.0, 0.0, 0.0, 0.0, 0.0, 0.0, 0.0, 0.0, 0.0, 0.0, 0.0, 0.0, 0.0, 0.0, 0.0, 0.0, 0.0, 0.0, 0.0, 1.0, 0.0]"
hMpxV/USA/CA-CDPH-1M1000465/2023|EPI_ISL_18959322|2023-12-12,"[0.0, 0.0, 0.0, 0.0, 0.0, 0.0, 0.0, 0.0, 0.0, 0.0, 0.0, 0.0, 0.0, 0.0, 0.0, 0.0, 0.0, 0.0, 0.0, 0.0, 0.0, 0.0, 0.0, 0.0, 0.0, 0.0, 0.0, 0.0, 0.0, 1.0, 0.0]"
hMpxV/USA/CA-CDPH-1M1000438/2023|EPI_ISL_18781627|2023-11-02,"[0.0, 0.0, 0.0, 0.0, 0.0, 0.0, 0.0, 0.0, 0.0, 0.0, 0.0, 0.0, 0.0, 0.0, 0.0, 0.0, 0.0, 0.0, 0.0, 0.0, 0.0, 0.0, 0.0, 0.0, 0.0, 0.0, 0.0, 0.0, 0.0, 1.0, 0.0]"
hMpxV/USA/CA-CDPH-1M1000421/2023|EPI_ISL_19170459|2023-10-06,"[0.0, 0.0, 0.0, 0.0, 0.0, 0.0, 0.0, 0.0, 0.0, 0.0, 0.0, 0.0, 0.0, 0.0, 0.0, 0.0, 0.0, 0.0, 0.0, 0.0, 0.0, 0.0, 0.0, 0.0, 0.0, 0.0, 0.0, 0.0, 0.0, 1.0, 0.0]"
NODE_0000305,"[2.8983444801154023e-09, 1.96594143827352e-10, 1.1926572648035124e-08, 1.8869354546924909e-10, 3.20001610504548e-10, 1.9433888832538377e-10, 1.9586559617385794e-10, 1.9204516666737864e-10, 1.9340169936145803e-10, 1.8829870798142125e-10, 2.5104963080075435e-10, 1.8985197476733625e-10, 1.7938079339131086e-10, 1.9213759457702666e-10, 7.085851048435777e-09, 3.6499118307523116e-09, 1.7711423862958013e-09, 1.8985197476753524e-10, 1.8985197476737725e-10, 1.7845884379616106e-10, 3.2854302227467093e-07, 2.2084935863906472e-10, 1.5742539684079924e-09, 1.8971088983104585e-10, 6.406275692124268e-10, 6.872599071821119e-10, 6.320790311261009e-10, 6.516405324441442e-10, 3.371458577460576e-10, 0.9999996359588652, 1.9290081735512815e-10]"
hMpxV/USA/CA-CDPH-1M1000475/2024|EPI_ISL_19143469|2024-02-10,"[0.0, 0.0, 0.0, 0.0, 0.0, 0.0, 0.0, 0.0, 0.0, 0.0, 0.0, 0.0, 0.0, 0.0, 0.0, 0.0, 0.0, 0.0, 0.0, 0.0, 0.0, 0.0, 0.0, 0.0, 0.0, 0.0, 0.0, 0.0, 0.0, 1.0, 0.0]"
hMpxV/USA/CA-CDPH-1M1000479/2024|EPI_ISL_19143473|2024-02-13,"[0.0, 0.0, 0.0, 0.0, 0.0, 0.0, 0.0, 0.0, 0.0, 0.0, 0.0, 0.0, 0.0, 0.0, 0.0, 0.0, 0.0, 0.0, 0.0, 0.0, 0.0, 0.0, 0.0, 0.0, 0.0, 0.0, 0.0, 0.0, 0.0, 0.9999999999999999, 0.0]"
hMpxV/Japan/TMIPH-0002/2024|EPI_ISL_19151801|2024-04-06,"[0.0, 0.0, 0.0, 0.0, 0.0, 0.0, 0.0, 0.0, 0.0, 0.0, 0.0, 0.0, 0.0, 0.0, 1.0, 0.0, 0.0, 0.0, 0.0, 0.0, 0.0, 0.0, 0.0, 0.0, 0.0, 0.0, 0.0, 0.0, 0.0, 0.0, 0.0]"
hMpxV/USA/IL-RIPHL-050-0134/2023|EPI_ISL_19016764|2023-10-31,"[0.0, 0.0, 0.0, 0.0, 0.0, 0.0, 0.0, 0.0, 0.0, 0.0, 0.0, 0.0, 0.0, 0.0, 0.0, 0.0, 0.0, 0.0, 0.0, 0.0, 0.0, 0.0, 0.0, 0.0, 0.0, 0.0, 0.0, 0.0, 0.0, 1.0, 0.0]"
NODE_0000156,"[8.54873648793165e-08, 9.298330902718213e-09, 3.1190506246046704e-07, 9.162642625146202e-09, 1.311552633163741e-08, 9.280038503465852e-09, 9.333547921826531e-09, 9.250206431010877e-09, 9.25923836540653e-09, 9.167062965160589e-09, 9.271332991403565e-09, 9.23079189696524e-09, 8.703886573634809e-09, 9.123151109087775e-09, 2.0906501898410352e-08, 1.0588954494640144e-07, 6.562220980250684e-08, 9.230791896966434e-09, 9.230791896965051e-09, 8.747143254562092e-09, 3.5067656124065256e-06, 8.890153345342484e-09, 5.604548469894747e-08, 9.218182448528581e-09, 2.0452780810789497e-08, 2.8298504890291547e-08, 7.94801471193044e-09, 2.6887515475947227e-08, 8.73232854825444e-09, 0.9999955862937295, 9.252525487540105e-09]"
hMpxV/USA/IL-RIPHL-050-0058/2023|EPI_ISL_17821100|2023-05-17,"[0.0, 0.0, 0.0, 0.0, 0.0, 0.0, 0.0, 0.0, 0.0, 0.0, 0.0, 0.0, 0.0, 0.0, 0.0, 0.0, 0.0, 0.0, 0.0, 0.0, 0.0, 0.0, 0.0, 0.0, 0.0, 0.0, 0.0, 0.0, 0.0, 0.9999999999999999, 0.0]"
NODE_0000157,"[1.1050652576895938e-51, 2.914698651461815e-59, 1.8051124574273648e-46, 1.673823692069337e-59, 1.50617713331881e-57, 2.5241958235200235e-59, 2.9765939184624135e-59, 2.419281551849144e-59, 2.432290951876499e-59, 1.9533100058613472e-59, 2.951286479687075e-59, 2.2077763829603506e-59, 1.0316099536433062e-59, 2.1959822010648753e-59, 3.1095346077955088e-56, 6.08344685369891e-50, 6.409507996102868e-53, 2.207776382963419e-59, 2.207776382960819e-59, 1.4997812109195028e-59, 1.0796593100686921e-34, 8.538652067353793e-60, 1.1981308111782972e-52, 2.072210037617747e-59, 4.744347007048928e-56, 1.8120717494882185e-55, 6.094496554143987e-60, 1.5055636561779062e-55, 1.2573381328184925e-59, 0.9999999999999999, 2.503301401475071e-59]"
hMpxV/USA/CA-CDPH-1M1000346/2023|EPI_ISL_18452337|2023-09-30,"[0.0, 0.0, 0.0, 0.0, 0.0, 0.0, 0.0, 0.0, 0.0, 0.0, 0.0, 0.0, 0.0, 0.0, 0.0, 0.0, 0.0, 0.0, 0.0, 0.0, 0.0, 0.0, 0.0, 0.0, 0.0, 0.0, 0.0, 0.0, 0.0, 1.0, 0.0]"
hMpxV/USA/IL-RIPHL-050-0057/2023|EPI_ISL_17821099|2023-05-18,"[0.0, 0.0, 0.0, 0.0, 0.0, 0.0, 0.0, 0.0, 0.0, 0.0, 0.0, 0.0, 0.0, 0.0, 0.0, 0.0, 0.0, 0.0, 0.0, 0.0, 0.0, 0.0, 0.0, 0.0, 0.0, 0.0, 0.0, 0.0, 0.0, 1.0, 0.0]"
hMpxV/USA/IL-RIPHL-052-0038/2023|EPI_ISL_17821097|2023-05-11,"[0.0, 0.0, 0.0, 0.0, 0.0, 0.0, 0.0, 0.0, 0.0, 0.0, 0.0, 0.0, 0.0, 0.0, 0.0, 0.0, 0.0, 0.0, 0.0, 0.0, 0.0, 0.0, 0.0, 0.0, 0.0, 0.0, 0.0, 0.0, 0.0, 0.9999999999999999, 0.0]"
hMpxV/USA/CA-LACPHL-MA00529/2023|EPI_ISL_18161306|2023-07-03,"[0.0, 0.0, 0.0, 0.0, 0.0, 0.0, 0.0, 0.0, 0.0, 0.0, 0.0, 0.0, 0.0, 0.0, 0.0, 0.0, 0.0, 0.0, 0.0, 0.0, 0.0, 0.0, 0.0, 0.0, 0.0, 0.0, 0.0, 0.0, 0.0, 1.0, 0.0]"
hMpxV/USA/CA-LACPHL-MA00544/2023|EPI_ISL_18161320|2023-06-28,"[0.0, 0.0, 0.0, 0.0, 0.0, 0.0, 0.0, 0.0, 0.0, 0.0, 0.0, 0.0, 0.0, 0.0, 0.0, 0.0, 0.0, 0.0, 0.0, 0.0, 0.0, 0.0, 0.0, 0.0, 0.0, 0.0, 0.0, 0.0, 0.0, 1.0, 0.0]"
hMpxV/USA/CA-LACPHL-MA00527/2023|EPI_ISL_18161304|2023-06-07,"[0.0, 0.0, 0.0, 0.0, 0.0, 0.0, 0.0, 0.0, 0.0, 0.0, 0.0, 0.0, 0.0, 0.0, 0.0, 0.0, 0.0, 0.0, 0.0, 0.0, 0.0, 0.0, 0.0, 0.0, 0.0, 0.0, 0.0, 0.0, 0.0, 1.0, 0.0]"
hMpxV/USA/IL-RIPHL-050-0059/2023|EPI_ISL_17821101|2023-05-23,"[0.0, 0.0, 0.0, 0.0, 0.0, 0.0, 0.0, 0.0, 0.0, 0.0, 0.0, 0.0, 0.0, 0.0, 0.0, 0.0, 0.0, 0.0, 0.0, 0.0, 0.0, 0.0, 0.0, 0.0, 0.0, 0.0, 0.0, 0.0, 0.0, 1.0, 0.0]"
hMpxV/USA/IL-RIPHL-04-0075/2023|EPI_ISL_18137802|2023-06-22,"[0.0, 0.0, 0.0, 0.0, 0.0, 0.0, 0.0, 0.0, 0.0, 0.0, 0.0, 0.0, 0.0, 0.0, 0.0, 0.0, 0.0, 0.0, 0.0, 0.0, 0.0, 0.0, 0.0, 0.0, 0.0, 0.0, 0.0, 0.0, 0.0, 1.0, 0.0]"
hMpxV/USA/IL-RIPHL-04-0019/2023|EPI_ISL_18137814|2023-04-20,"[0.0, 0.0, 0.0, 0.0, 0.0, 0.0, 0.0, 0.0, 0.0, 0.0, 0.0, 0.0, 0.0, 0.0, 0.0, 0.0, 0.0, 0.0, 0.0, 0.0, 0.0, 0.0, 0.0, 0.0, 0.0, 0.0, 0.0, 0.0, 0.0, 1.0, 0.0]"
hMpxV/USA/IL-RIPHL-052-0079/2023|EPI_ISL_18137805|2023-07-02,"[0.0, 0.0, 0.0, 0.0, 0.0, 0.0, 0.0, 0.0, 0.0, 0.0, 0.0, 0.0, 0.0, 0.0, 0.0, 0.0, 0.0, 0.0, 0.0, 0.0, 0.0, 0.0, 0.0, 0.0, 0.0, 0.0, 0.0, 0.0, 0.0, 1.0, 0.0]"
hMpxV/USA/IL-RIPHL-04-0022/2023|EPI_ISL_18137816|2023-05-04,"[0.0, 0.0, 0.0, 0.0, 0.0, 0.0, 0.0, 0.0, 0.0, 0.0, 0.0, 0.0, 0.0, 0.0, 0.0, 0.0, 0.0, 0.0, 0.0, 0.0, 0.0, 0.0, 0.0, 0.0, 0.0, 0.0, 0.0, 0.0, 0.0, 0.9999999999999999, 0.0]"
hMpxV/USA/IL-RIPHL-050-0087/2023|EPI_ISL_18137812|2023-07-12,"[0.0, 0.0, 0.0, 0.0, 0.0, 0.0, 0.0, 0.0, 0.0, 0.0, 0.0, 0.0, 0.0, 0.0, 0.0, 0.0, 0.0, 0.0, 0.0, 0.0, 0.0, 0.0, 0.0, 0.0, 0.0, 0.0, 0.0, 0.0, 0.0, 1.0, 0.0]"
hMpxV/USA/IL-RIPHL-04-0023/2023|EPI_ISL_18137817|2023-05-07,"[0.0, 0.0, 0.0, 0.0, 0.0, 0.0, 0.0, 0.0, 0.0, 0.0, 0.0, 0.0, 0.0, 0.0, 0.0, 0.0, 0.0, 0.0, 0.0, 0.0, 0.0, 0.0, 0.0, 0.0, 0.0, 0.0, 0.0, 0.0, 0.0, 1.0, 0.0]"
hMpxV/USA/IL-RIPHL-04-0045/2023|EPI_ISL_18137819|2023-05-16,"[0.0, 0.0, 0.0, 0.0, 0.0, 0.0, 0.0, 0.0, 0.0, 0.0, 0.0, 0.0, 0.0, 0.0, 0.0, 0.0, 0.0, 0.0, 0.0, 0.0, 0.0, 0.0, 0.0, 0.0, 0.0, 0.0, 0.0, 0.0, 0.0, 1.0, 0.0]"
hMpxV/USA/IL-RIPHL-04-0044/2023|EPI_ISL_18137818|2023-05-10,"[0.0, 0.0, 0.0, 0.0, 0.0, 0.0, 0.0, 0.0, 0.0, 0.0, 0.0, 0.0, 0.0, 0.0, 0.0, 0.0, 0.0, 0.0, 0.0, 0.0, 0.0, 0.0, 0.0, 0.0, 0.0, 0.0, 0.0, 0.0, 0.0, 1.0, 0.0]"
hMpxV/USA/IL-RIPHL-04-0020/2023|EPI_ISL_18137815|2023-04-27,"[0.0, 0.0, 0.0, 0.0, 0.0, 0.0, 0.0, 0.0, 0.0, 0.0, 0.0, 0.0, 0.0, 0.0, 0.0, 0.0, 0.0, 0.0, 0.0, 0.0, 0.0, 0.0, 0.0, 0.0, 0.0, 0.0, 0.0, 0.0, 0.0, 1.0, 0.0]"
hMpxV/USA/CA-LACPHL-MA00502/2023|EPI_ISL_18161279|2023-05-02,"[0.0, 0.0, 0.0, 0.0, 0.0, 0.0, 0.0, 0.0, 0.0, 0.0, 0.0, 0.0, 0.0, 0.0, 0.0, 0.0, 0.0, 0.0, 0.0, 0.0, 0.0, 0.0, 0.0, 0.0, 0.0, 0.0, 0.0, 0.0, 0.0, 0.9999999999999999, 0.0]"
hMpxV/USA/IL-RIPHL-050-0095/2023|EPI_ISL_18285985|2023-08-03,"[0.0, 0.0, 0.0, 0.0, 0.0, 0.0, 0.0, 0.0, 0.0, 0.0, 0.0, 0.0, 0.0, 0.0, 0.0, 0.0, 0.0, 0.0, 0.0, 0.0, 0.0, 0.0, 0.0, 0.0, 0.0, 0.0, 0.0, 0.0, 0.0, 1.0, 0.0]"
hMpxV/USA/IL-RIPHL-0061/2023|EPI_ISL_17979001|2023-05-31,"[0.0, 0.0, 0.0, 0.0, 0.0, 0.0, 0.0, 0.0, 0.0, 0.0, 0.0, 0.0, 0.0, 0.0, 0.0, 0.0, 0.0, 0.0, 0.0, 0.0, 0.0, 0.0, 0.0, 0.0, 0.0, 0.0, 0.0, 0.0, 0.0, 1.0, 0.0]"
hMpxV/USA/IL-RIPHL-0060/2023|EPI_ISL_17979000|2023-05-31,"[0.0, 0.0, 0.0, 0.0, 0.0, 0.0, 0.0, 0.0, 0.0, 0.0, 0.0, 0.0, 0.0, 0.0, 0.0, 0.0, 0.0, 0.0, 0.0, 0.0, 0.0, 0.0, 0.0, 0.0, 0.0, 0.0, 0.0, 0.0, 0.0, 1.0, 0.0]"
hMpxV/USA/CA-CDPH-1M1000616/2023|EPI_ISL_19295761|2023-10-12,"[0.0, 0.0, 0.0, 0.0, 0.0, 0.0, 0.0, 0.0, 0.0, 0.0, 0.0, 0.0, 0.0, 0.0, 0.0, 0.0, 0.0, 0.0, 0.0, 0.0, 0.0, 0.0, 0.0, 0.0, 0.0, 0.0, 0.0, 0.0, 0.0, 1.0, 0.0]"
NODE_0000297,"[1.2434607818050301e-08, 1.3612432736193383e-09, 4.527209342026962e-08, 1.340875159903727e-09, 1.9205456795975586e-09, 1.3584438941792716e-09, 1.3660125104560705e-09, 1.3535473547935198e-09, 1.3549712770439082e-09, 1.3415583717172318e-09, 1.3564829271151351e-09, 1.3506510803749814e-09, 1.2741884538569108e-09, 1.3361437977479188e-09, 3.0472701995197464e-09, 1.5401989047157038e-08, 9.54280050145854e-09, 1.35065108037642e-09, 1.3506510803752816e-09, 1.280618376342588e-09, 5.044791489628029e-07, 1.3015947345364657e-09, 8.151228014635033e-09, 1.3488961102407563e-09, 2.9842623183378176e-09, 4.123966551727643e-09, 1.1644216612208902e-09, 3.918745583651837e-09, 1.2782662182415431e-09, 0.9999993635002036, 1.3539207824748588e-09]"
hMpxV/USA/IL-RIPHL-052-0039/2023|EPI_ISL_17821098|2023-05-15,"[0.0, 0.0, 0.0, 0.0, 0.0, 0.0, 0.0, 0.0, 0.0, 0.0, 0.0, 0.0, 0.0, 0.0, 0.0, 0.0, 0.0, 0.0, 0.0, 0.0, 0.0, 0.0, 0.0, 0.0, 0.0, 0.0, 0.0, 0.0, 0.0, 1.0, 0.0]"
hMpxV/USA/IL-RIPHL-0068/2023|EPI_ISL_17979002|2023-06-14,"[0.0, 0.0, 0.0, 0.0, 0.0, 0.0, 0.0, 0.0, 0.0, 0.0, 0.0, 0.0, 0.0, 0.0, 0.0, 0.0, 0.0, 0.0, 0.0, 0.0, 0.0, 0.0, 0.0, 0.0, 0.0, 0.0, 0.0, 0.0, 0.0, 1.0, 0.0]"
NODE_0000298,"[3.7228362696258816e-10, 2.902011621297598e-11, 1.7706422719740063e-09, 2.8235440678102328e-11, 4.454526537468697e-11, 2.8934729582313977e-11, 2.913050664677723e-11, 2.8746356756075344e-11, 2.8799628756801535e-11, 2.8364224907595708e-11, 2.8917898658352662e-11, 2.8604515207196076e-11, 2.6597454797835868e-11, 2.839642502497389e-11, 7.345273492483525e-11, 5.059576273130485e-10, 2.644943874389222e-10, 2.860451520722786e-11, 2.8604515207203143e-11, 2.6945427132494215e-11, 3.353776581195553e-08, 2.7044972355795037e-11, 2.314593592926243e-10, 2.853972966940157e-11, 7.339326912039886e-11, 1.0295937186794969e-10, 2.4100065391402222e-11, 9.721246952130281e-11, 2.6790794939858398e-11, 0.9999999623926695, 2.8787053473704025e-11]"
hMpxV/USA/IL-RIPHL-050-0158/2024|EPI_ISL_19031633|2024-02-19,"[0.0, 0.0, 0.0, 0.0, 0.0, 0.0, 0.0, 0.0, 0.0, 0.0, 0.0, 0.0, 0.0, 0.0, 0.0, 0.0, 0.0, 0.0, 0.0, 0.0, 0.0, 0.0, 0.0, 0.0, 0.0, 0.0, 0.0, 0.0, 0.0, 1.0, 0.0]"
hMpxV/USA/IL-RIPHL-050-0165/2024|EPI_ISL_19031637|2024-03-01,"[0.0, 0.0, 0.0, 0.0, 0.0, 0.0, 0.0, 0.0, 0.0, 0.0, 0.0, 0.0, 0.0, 0.0, 0.0, 0.0, 0.0, 0.0, 0.0, 0.0, 0.0, 0.0, 0.0, 0.0, 0.0, 0.0, 0.0, 0.0, 0.0, 1.0, 0.0]"
hMpxV/USA/IL-RIPHL-050-0164/2024|EPI_ISL_19031636|2024-03-01,"[0.0, 0.0, 0.0, 0.0, 0.0, 0.0, 0.0, 0.0, 0.0, 0.0, 0.0, 0.0, 0.0, 0.0, 0.0, 0.0, 0.0, 0.0, 0.0, 0.0, 0.0, 0.0, 0.0, 0.0, 0.0, 0.0, 0.0, 0.0, 0.0, 1.0, 0.0]"
NODE_0000273,"[8.27153387482965e-11, 4.811458817546597e-12, 1.0226473589337588e-08, 4.5867349661344885e-12, 1.1653717637964427e-11, 4.767920967945776e-12, 4.999472854454915e-12, 4.853468321257191e-12, 4.980063995592992e-12, 5.41226416735838e-12, 4.80914006439334e-12, 4.6833562934441734e-12, 4.251203139302291e-12, 6.993809264492885e-12, 1.1737648670694333e-11, 1.2163253304436367e-10, 7.370690153942691e-11, 4.683356293449261e-12, 4.683356293445198e-12, 4.880799363889926e-12, 2.4516213732130504e-08, 4.2758389857469404e-12, 7.033212972223882e-10, 4.712301102711797e-12, 3.7617756615809275e-11, 1.7636195324418024e-11, 3.731164440129606e-12, 1.6822159870882683e-11, 4.265914317250007e-12, 0.9999999640891565, 4.931063414789102e-12]"
hMpxV/USA/IL-RIPHL-050-0155/2024|EPI_ISL_19031631|2024-02-29,"[0.0, 0.0, 0.0, 0.0, 0.0, 0.0, 0.0, 0.0, 0.0, 0.0, 0.0, 0.0, 0.0, 0.0, 0.0, 0.0, 0.0, 0.0, 0.0, 0.0, 0.0, 0.0, 0.0, 0.0, 0.0, 0.0, 0.0, 0.0, 0.0, 1.0, 0.0]"
hMpxV/USA/IL-RIPHL-004-0159/2024|EPI_ISL_19158948|2024-03-08,"[0.0, 0.0, 0.0, 0.0, 0.0, 0.0, 0.0, 0.0, 0.0, 0.0, 0.0, 0.0, 0.0, 0.0, 0.0, 0.0, 0.0, 0.0, 0.0, 0.0, 0.0, 0.0, 0.0, 0.0, 0.0, 0.0, 0.0, 0.0, 0.0, 1.0, 0.0]"
hMpxV/USA/IL-RIPHL-050-0153/2024|EPI_ISL_19016819|2024-02-19,"[0.0, 0.0, 0.0, 0.0, 0.0, 0.0, 0.0, 0.0, 0.0, 0.0, 0.0, 0.0, 0.0, 0.0, 0.0, 0.0, 0.0, 0.0, 0.0, 0.0, 0.0, 0.0, 0.0, 0.0, 0.0, 0.0, 0.0, 0.0, 0.0, 1.0, 0.0]"
NODE_0000274,"[0.00022145601460573717, 7.931590390473005e-05, 0.0014145292717757704, 7.861919060590133e-05, 9.469490125535696e-05, 7.943809830963315e-05, 7.875035065883816e-05, 7.820366603399075e-05, 7.875627572821079e-05, 0.00011637124224630368, 7.726541688207027e-05, 7.796614880146227e-05, 7.582348543305186e-05, 0.0001957897173713054, 9.668417418593825e-05, 0.0002569579781439929, 0.0006404951614892354, 7.796614880146394e-05, 7.796614880145925e-05, 0.00010265715640115933, 0.0018848402645095842, 7.878024164286014e-05, 0.19109753685675057, 7.833225098372802e-05, 0.0007004752943796807, 0.00013467521374230677, 7.029570323859666e-05, 0.00013121948376065428, 7.520486717223575e-05, 0.801670644306924, 7.828906546017361e-05]"
hMpxV/Portugal/INSA-PT0828/2024|EPI_ISL_19366742|2024-08-13,"[0.0, 0.0, 0.0, 0.0, 0.0, 0.0, 0.0, 0.0, 0.0, 0.0, 0.0, 0.0, 0.0, 0.0, 0.0, 0.0, 0.0, 0.0, 0.0, 0.0, 0.0, 0.0, 1.0, 0.0, 0.0, 0.0, 0.0, 0.0, 0.0, 0.0, 0.0]"
hMpxV/USA/IL-RIPHL-050-0201/2024|EPI_ISL_19474703|2024-08-23,"[0.0, 0.0, 0.0, 0.0, 0.0, 0.0, 0.0, 0.0, 0.0, 0.0, 0.0, 0.0, 0.0, 0.0, 0.0, 0.0, 0.0, 0.0, 0.0, 0.0, 0.0, 0.0, 0.0, 0.0, 0.0, 0.0, 0.0, 0.0, 0.0, 1.0, 0.0]"
NODE_0000275,"[1.9510610705663514e-05, 5.684278998084295e-06, 0.9987110145965233, 5.634246509844267e-06, 2.2454504575220418e-05, 5.688979409879331e-06, 6.432653565064298e-06, 5.593405841895835e-06, 5.62148596634966e-06, 5.623669020935725e-06, 5.52682792751621e-06, 5.586035606116316e-06, 5.435164006572703e-06, 5.752181178010693e-06, 4.857645057851621e-06, 1.6865458805005356e-05, 8.185823026491603e-06, 5.58603560611587e-06, 5.586035606116089e-06, 5.4105262491254066e-06, 0.00014419343439105715, 5.625037063995748e-06, 6.308091158644245e-05, 5.609270460395889e-06, 8.796812339993048e-06, 6.678245391940604e-06, 5.036653771758371e-06, 6.6345211339107875e-06, 5.391098213329075e-06, 0.000881308992867644, 5.594858594294481e-06]"
hMpxV/Brazil/PR-FIOCRUZ-10550/2024|EPI_ISL_19416187|2024-08-05,"[0.0, 0.0, 1.0, 0.0, 0.0, 0.0, 0.0, 0.0, 0.0, 0.0, 0.0, 0.0, 0.0, 0.0, 0.0, 0.0, 0.0, 0.0, 0.0, 0.0, 0.0, 0.0, 0.0, 0.0, 0.0, 0.0, 0.0, 0.0, 0.0, 0.0, 0.0]"
NODE_0000276,"[4.3750603304543485e-08, 1.2740152577632385e-08, 0.9999980867694305, 1.279732271846387e-08, 8.643635770173772e-08, 1.2779983119330517e-08, 1.5506697748167606e-08, 1.2710574608829548e-08, 1.275016068282192e-08, 1.2754562463373172e-08, 1.257229285062736e-08, 1.2715760685757605e-08, 1.2169491665986548e-08, 1.2758334655996398e-08, 8.959397995326518e-09, 3.3413651243739146e-08, 1.3412310472396e-08, 1.2715760685753137e-08, 1.2715760685755223e-08, 1.2069471828990652e-08, 3.8692920279113544e-07, 1.258045063682497e-08, 3.0811062079040884e-07, 1.2751447909616317e-08, 2.0888061175969332e-08, 1.2728247969585718e-08, 1.089909206735331e-08, 1.2818617669020368e-08, 1.2070922058824879e-08, 7.450241004037861e-07, 1.2701158355150092e-08]"
hMpxV/Brazil/SP-IAL-357924058/2024|EPI_ISL_19446294|2024-09-02,"[0.0, 0.0, 1.0, 0.0, 0.0, 0.0, 0.0, 0.0, 0.0, 0.0, 0.0, 0.0, 0.0, 0.0, 0.0, 0.0, 0.0, 0.0, 0.0, 0.0, 0.0, 0.0, 0.0, 0.0, 0.0, 0.0, 0.0, 0.0, 0.0, 0.0, 0.0]"
hMpxV/Brazil/SP-IAL-357947559/2024|EPI_ISL_19446310|2024-09-16,"[0.0, 0.0, 1.0, 0.0, 0.0, 0.0, 0.0, 0.0, 0.0, 0.0, 0.0, 0.0, 0.0, 0.0, 0.0, 0.0, 0.0, 0.0, 0.0, 0.0, 0.0, 0.0, 0.0, 0.0, 0.0, 0.0, 0.0, 0.0, 0.0, 0.0, 0.0]"
NODE_0000292,"[0.00011014615510313776, 4.317704735993297e-05, 0.00019994503007673368, 4.326284950813995e-05, 4.9460245994363406e-05, 4.3421423829031424e-05, 4.2892329073679576e-05, 4.2642871227392776e-05, 4.281365415619624e-05, 4.291742094338269e-05, 4.201785363635236e-05, 4.270280410466283e-05, 4.342631368281058e-05, 4.629247179976308e-05, 5.049146583920954e-05, 0.00012311101027452883, 0.00038009675054804566, 4.270280410466749e-05, 4.270280410466319e-05, 4.111640208278306e-05, 0.0004495151278309377, 6.644847615968644e-05, 9.55578785502425e-05, 4.290953165762037e-05, 4.99857466341897e-05, 7.044201351588968e-05, 3.861722214331448e-05, 0.003528285255595408, 4.126990704474076e-05, 0.9940590298684971, 4.25992649213245e-05]"
hMpxV/USA/CA-CDPH-1M1000492/2023|EPI_ISL_19143454|2023-12-28,"[0.0, 0.0, 0.0, 0.0, 0.0, 0.0, 0.0, 0.0, 0.0, 0.0, 0.0, 0.0, 0.0, 0.0, 0.0, 0.0, 0.0, 0.0, 0.0, 0.0, 0.0, 0.0, 0.0, 0.0, 0.0, 0.0, 0.0, 0.0, 0.0, 1.0, 0.0]"
NODE_0000293,"[0.000826481490320652, 0.0006378554233372894, 0.0010267468912063071, 0.0006491457951972413, 0.0006418957793557665, 0.0006433838670556605, 0.0006342630560282084, 0.0006333981594915196, 0.0006357087386459286, 0.0006420175078189995, 0.0006203462334572686, 0.0006364464949064832, 0.0008752654211409892, 0.0010724404265187266, 0.0005526492570421277, 0.0009350422644734266, 0.05280266279384321, 0.000636446494906563, 0.000636446494906718, 0.0006009979565065517, 0.0013208807732280272, 0.003111534318426642, 0.0017474634213318291, 0.0006404147222918267, 0.0005319202484531466, 0.0008258899353769187, 0.0005702066732964107, 0.8709240095854753, 0.0006073793487959428, 0.052749004239152936, 0.0006316561880111674]"
NODE_0000296,"[3.930463961623434e-09, 6.630997002610086e-09, 3.0665029252220403e-09, 6.910054631108042e-09, 5.660266992345072e-09, 6.7428986853248816e-09, 6.611261069246029e-09, 6.660106789912323e-09, 6.685418441997621e-09, 6.7484817916740805e-09, 6.468095056225655e-09, 6.714315654131911e-09, 1.4696253166153949e-08, 2.5428974153443758e-08, 3.732046798876476e-09, 4.353047264295484e-09, 0.9999992936697786, 6.714315654131938e-09, 6.714315654132017e-09, 6.1968268337198185e-09, 2.176451692395811e-09, 1.0133224198401871e-08, 3.915856411477743e-08, 6.770841403364224e-09, 3.39391216406832e-09, 6.362082008991742e-09, 5.541555679165984e-09, 4.484016569800024e-07, 6.329514092732762e-09, 3.0766641030730105e-08, 6.6311354631000256e-09]"
hMpxV/Netherlands/un-EMC-NL108/2024|EPI_ISL_19356929|2024-05-15,"[0.0, 0.0, 0.0, 0.0, 0.0, 0.0, 0.0, 0.0, 0.0, 0.0, 0.0, 0.0, 0.0, 0.0, 0.0, 0.0, 0.9999999999999999, 0.0, 0.0, 0.0, 0.0, 0.0, 0.0, 0.0, 0.0, 0.0, 0.0, 0.0, 0.0, 0.0, 0.0]"
hMpxV/Netherlands/un-EMC-NL107/2024|EPI_ISL_19356928|2024-05-15,"[0.0, 0.0, 0.0, 0.0, 0.0, 0.0, 0.0, 0.0, 0.0, 0.0, 0.0, 0.0, 0.0, 0.0, 0.0, 0.0, 0.9999999999999999, 0.0, 0.0, 0.0, 0.0, 0.0, 0.0, 0.0, 0.0, 0.0, 0.0, 0.0, 0.0, 0.0, 0.0]"
NODE_0000294,"[0.00016533051251133748, 0.00014576893363078586, 0.00019565922641389714, 0.00014881192460372672, 0.00014312361506182937, 0.00014718073666965113, 0.00014511921858838102, 0.00014495160734553735, 0.00014537478156843856, 0.0001469136863494135, 0.00014207369479846466, 0.00014584409942231636, 0.0002320611058154681, 0.00023728763554719891, 0.00013792282400368588, 0.00019574032352580957, 0.010382083792693503, 0.00014584409942235445, 0.00014584409942243403, 0.00013584912749652235, 0.00025635232893438754, 0.002708051778282631, 0.00035103240073568426, 0.0001467238971058532, 0.00011127626207488947, 0.00018437780947242849, 0.0001504253086337249, 0.9742940096378391, 0.0001384420499697409, 0.008086083311306816, 0.00014444017075389875]"
hMpxV/Spain/GA-CHUAC-01/2024|EPI_ISL_19416107|2024-02-27,"[0.0, 0.0, 0.0, 0.0, 0.0, 0.0, 0.0, 0.0, 0.0, 0.0, 0.0, 0.0, 0.0, 0.0, 0.0, 0.0, 0.0, 0.0, 0.0, 0.0, 0.0, 0.0, 0.0, 0.0, 0.0, 0.0, 0.0, 1.0, 0.0, 0.0, 0.0]"
NODE_0000295,"[8.394762022313992e-12, 2.285399560158599e-11, 5.3099428714332084e-12, 2.408037878062167e-11, 1.8010775469705592e-11, 2.3348878841564987e-11, 2.292857109101467e-11, 2.315195619510021e-11, 2.3216995687620986e-11, 2.336589671401174e-11, 2.245539883579302e-11, 2.3402353311240544e-11, 1.0046760382779815e-10, 2.2737138173323018e-11, 4.308772794805379e-11, 1.1275853197095027e-11, 3.0276980369065674e-11, 2.3402353311248596e-11, 2.340235331121275e-11, 2.025738022027171e-11, 3.338929455314467e-12, 0.9999999979883799, 1.1594259976399932e-11, 2.3588613733006187e-11, 8.161990748816212e-12, 2.1126095631962282e-11, 7.599876525047613e-11, 1.3053059798102849e-09, 2.1002367555011164e-11, 3.0693946438619503e-12, 2.300638733350115e-11]"
hMpxV/Philippines/RITM-010/2024|EPI_ISL_19420633|2024-08-08,"[0.0, 0.0, 0.0, 0.0, 0.0, 0.0, 0.0, 0.0, 0.0, 0.0, 0.0, 0.0, 0.0, 0.0, 0.0, 0.0, 0.0, 0.0, 0.0, 0.0, 0.0, 1.0, 0.0, 0.0, 0.0, 0.0, 0.0, 0.0, 0.0, 0.0, 0.0]"
hMpxV/Philippines/RITM-020/2024|EPI_ISL_19456606|2024-09-03,"[0.0, 0.0, 0.0, 0.0, 0.0, 0.0, 0.0, 0.0, 0.0, 0.0, 0.0, 0.0, 0.0, 0.0, 0.0, 0.0, 0.0, 0.0, 0.0, 0.0, 0.0, 1.0, 0.0, 0.0, 0.0, 0.0, 0.0, 0.0, 0.0, 0.0, 0.0]"
hMpxV/Philippines/RITM-024/2024|EPI_ISL_19456607|2024-09-07,"[0.0, 0.0, 0.0, 0.0, 0.0, 0.0, 0.0, 0.0, 0.0, 0.0, 0.0, 0.0, 0.0, 0.0, 0.0, 0.0, 0.0, 0.0, 0.0, 0.0, 0.0, 0.9999999999999999, 0.0, 0.0, 0.0, 0.0, 0.0, 0.0, 0.0, 0.0, 0.0]"
hMpxV/Philippines/RITM-011/2024|EPI_ISL_19456511|2024-08-22,"[0.0, 0.0, 0.0, 0.0, 0.0, 0.0, 0.0, 0.0, 0.0, 0.0, 0.0, 0.0, 0.0, 0.0, 0.0, 0.0, 0.0, 0.0, 0.0, 0.0, 0.0, 1.0, 0.0, 0.0, 0.0, 0.0, 0.0, 0.0, 0.0, 0.0, 0.0]"
NODE_0000277,"[9.658750224781815e-06, 1.8283367956177541e-06, 2.7728423435828565e-05, 1.7797189966214987e-06, 2.4938652076416262e-06, 1.8230196556268004e-06, 1.807601524982102e-06, 1.7785106407027416e-06, 1.7881438330982378e-06, 1.7799897107012171e-06, 1.7660551140946103e-06, 1.77210772174098e-06, 1.7337932411445828e-06, 1.843473573664902e-06, 2.9605908011772307e-06, 1.13878000029087e-05, 7.468432124277702e-06, 1.772107721741082e-06, 1.772107721740999e-06, 1.7398796419349412e-06, 0.00013862800718047, 1.7866059203678828e-06, 6.385200992686008e-06, 1.778027208586715e-06, 3.0624445597726135e-06, 3.893899937292564e-06, 1.659039076513322e-06, 3.7353792911448945e-06, 1.7280257240475905e-06, 0.9997488796938692, 1.7809685499419622e-06]"
NODE_0000278,"[1.3894949875086186e-06, 6.79879930388426e-10, 6.729481685664582e-08, 6.431808361620664e-10, 1.1203996842489222e-09, 6.710427795478928e-10, 6.786717095989338e-10, 6.626352091097883e-10, 6.657004584716818e-10, 6.488638954255386e-10, 6.692017503417596e-10, 6.561654574176346e-10, 5.928290860953164e-10, 6.595531627814625e-10, 2.2015391080997724e-09, 1.3082122023599327e-08, 6.22885196470864e-09, 6.561654574177859e-10, 6.561654574176436e-10, 6.090730354112421e-10, 1.6945883935308112e-06, 6.015699746695969e-10, 5.4659842011216824e-09, 6.543052534070145e-10, 2.834967473190575e-09, 2.427083948506416e-09, 5.278207468580035e-10, 2.3014416570625053e-09, 6.01512847565988e-10, 0.9999968007601665, 6.649084661715571e-10]"
hMpxV/USA/CA-LACPHL-MA00633/2024|EPI_ISL_19204035|2024-05-30,"[0.0, 0.0, 0.0, 0.0, 0.0, 0.0, 0.0, 0.0, 0.0, 0.0, 0.0, 0.0, 0.0, 0.0, 0.0, 0.0, 0.0, 0.0, 0.0, 0.0, 0.0, 0.0, 0.0, 0.0, 0.0, 0.0, 0.0, 0.0, 0.0, 1.0, 0.0]"
hMpxV/USA/CA-CDPH-1M1000635/2024|EPI_ISL_19295778|2024-06-21,"[0.0, 0.0, 0.0, 0.0, 0.0, 0.0, 0.0, 0.0, 0.0, 0.0, 0.0, 0.0, 0.0, 0.0, 0.0, 0.0, 0.0, 0.0, 0.0, 0.0, 0.0, 0.0, 0.0, 0.0, 0.0, 0.0, 0.0, 0.0, 0.0, 0.9999999999999999, 0.0]"
NODE_0000280,"[5.523839366075905e-08, 1.4711794992954697e-09, 4.6215941735378215e-08, 1.4453059224788337e-09, 2.0725862982766054e-09, 1.4676810129747135e-09, 1.4726963427809232e-09, 1.4571626695606255e-09, 1.459787665315026e-09, 1.4461675511901434e-09, 1.4583831986379403e-09, 1.453505335556125e-09, 1.3781834094373586e-09, 1.4495852779982823e-09, 3.1524596621400033e-09, 1.5560076220307032e-08, 9.567184981340504e-09, 1.4535053355569141e-09, 1.4535053355562764e-09, 1.385409707688412e-09, 6.082375207134209e-07, 1.4095917533600112e-09, 8.187990107262841e-09, 1.452643816513543e-09, 3.1349109779073527e-09, 4.236674205929702e-09, 1.2677955111300358e-09, 4.031046234229224e-09, 1.3813743346217664e-09, 0.9999992131438482, 1.4579034476577744e-09]"
hMpxV/USA/CA-LACPHL-MA00621/2024|EPI_ISL_19093415|2024-04-11,"[0.0, 0.0, 0.0, 0.0, 0.0, 0.0, 0.0, 0.0, 0.0, 0.0, 0.0, 0.0, 0.0, 0.0, 0.0, 0.0, 0.0, 0.0, 0.0, 0.0, 0.0, 0.0, 0.0, 0.0, 0.0, 0.0, 0.0, 0.0, 0.0, 1.0, 0.0]"
NODE_0000281,"[5.051678071777707e-12, 1.4388328347847171e-13, 4.5123847046652585e-11, 1.3661429991197844e-13, 2.6995514575973917e-13, 1.4214746747102972e-13, 1.453345248036878e-13, 1.422198496149978e-13, 1.4221566401136835e-13, 1.3831800971144503e-13, 1.4512112176705483e-13, 1.4101219549829187e-13, 1.2455832148573568e-13, 1.3718354550694465e-13, 5.742154063616253e-13, 8.495782349811638e-12, 3.166229743806873e-12, 1.410121954983152e-13, 1.410121954982887e-13, 1.2880641094168713e-13, 4.293988979246902e-09, 1.2478832584561937e-13, 2.8742529022043142e-12, 1.39950231599693e-13, 5.715980162144538e-13, 8.770878442574838e-13, 1.0840414745923592e-13, 8.126948750761138e-13, 1.271065806223774e-13, 0.9999999956356015, 1.4257829133357383e-13]"
hMpxV/USA/CA-LACPHL-MA00655/2024|EPI_ISL_19347729|2024-07-22,"[0.0, 0.0, 0.0, 0.0, 0.0, 0.0, 0.0, 0.0, 0.0, 0.0, 0.0, 0.0, 0.0, 0.0, 0.0, 0.0, 0.0, 0.0, 0.0, 0.0, 0.0, 0.0, 0.0, 0.0, 0.0, 0.0, 0.0, 0.0, 0.0, 0.9999999999999999, 0.0]"
hMpxV/USA/CA-LACPHL-MA00657/2024|EPI_ISL_19347733|2024-07-25,"[0.0, 0.0, 0.0, 0.0, 0.0, 0.0, 0.0, 0.0, 0.0, 0.0, 0.0, 0.0, 0.0, 0.0, 0.0, 0.0, 0.0, 0.0, 0.0, 0.0, 0.0, 0.0, 0.0, 0.0, 0.0, 0.0, 0.0, 0.0, 0.0, 1.0, 0.0]"
hMpxV/USA/CA-LACPHL-MA00660/2024|EPI_ISL_19364552|2024-08-06,"[0.0, 0.0, 0.0, 0.0, 0.0, 0.0, 0.0, 0.0, 0.0, 0.0, 0.0, 0.0, 0.0, 0.0, 0.0, 0.0, 0.0, 0.0, 0.0, 0.0, 0.0, 0.0, 0.0, 0.0, 0.0, 0.0, 0.0, 0.0, 0.0, 1.0, 0.0]"
NODE_0000282,"[4.2145123878156644e-10, 4.1416622487178516e-11, 1.5818502441964466e-09, 4.1198755822055145e-11, 5.75983428950821e-11, 4.146359669684654e-11, 4.182737422668254e-11, 4.165585227071314e-11, 4.163819263833984e-11, 4.1187351628545135e-11, 4.1826341594097854e-11, 4.160354391834023e-11, 3.889586993188239e-11, 4.034409026466466e-11, 1.0024593256493309e-10, 5.194283467023251e-10, 3.253749445349559e-10, 4.160354391839144e-11, 4.160354391835034e-11, 3.898280424123938e-11, 2.0122484791897573e-08, 3.966207776939272e-11, 2.77117407282864e-10, 4.14990666501443e-11, 9.617140022103605e-11, 1.3591273184319527e-10, 3.499293076471388e-11, 1.289408224490304e-10, 3.905751877132421e-11, 0.9999999754613192, 4.164544487901683e-11]"
hMpxV/USA/CA-CDPH-1M1000654/2024|EPI_ISL_19367819|2024-07-16,"[0.0, 0.0, 0.0, 0.0, 0.0, 0.0, 0.0, 0.0, 0.0, 0.0, 0.0, 0.0, 0.0, 0.0, 0.0, 0.0, 0.0, 0.0, 0.0, 0.0, 0.0, 0.0, 0.0, 0.0, 0.0, 0.0, 0.0, 0.0, 0.0, 0.9999999999999999, 0.0]"
hMpxV/USA/CA-CDPH-1M1000660/2024|EPI_ISL_19367825|2024-07-25,"[0.0, 0.0, 0.0, 0.0, 0.0, 0.0, 0.0, 0.0, 0.0, 0.0, 0.0, 0.0, 0.0, 0.0, 0.0, 0.0, 0.0, 0.0, 0.0, 0.0, 0.0, 0.0, 0.0, 0.0, 0.0, 0.0, 0.0, 0.0, 0.0, 1.0, 0.0]"
NODE_0000279,"[1.0, 5.71289388809827e-22, 1.4853446549721663e-20, 5.663171860623939e-22, 5.680602533504181e-22, 5.724579501846946e-22, 5.859369880929274e-22, 5.879947563655169e-22, 5.906483232574882e-22, 5.641577803092364e-22, 5.932033250698478e-22, 5.823131199190966e-22, 4.7062510454977685e-22, 5.242882492296932e-22, 4.6337737047138256e-21, 7.637727479369547e-22, 8.776576929491899e-22, 5.823131199191077e-22, 5.823131199192223e-22, 4.708509901350218e-22, 2.047258843750539e-20, 4.859497823790972e-22, 6.196462390616136e-22, 5.794970821558362e-22, 2.2845465366947553e-20, 8.0100240410157025e-22, 3.430655054467331e-22, 8.210550496226662e-22, 4.790388939224236e-22, 2.3679749672901028e-18, 5.892587569373157e-22]"
hMpxV/Australia/VIC-VIDRL-4940/2024|EPI_ISL_19459796|2024-06-03,"[1.0, 0.0, 0.0, 0.0, 0.0, 0.0, 0.0, 0.0, 0.0, 0.0, 0.0, 0.0, 0.0, 0.0, 0.0, 0.0, 0.0, 0.0, 0.0, 0.0, 0.0, 0.0, 0.0, 0.0, 0.0, 0.0, 0.0, 0.0, 0.0, 0.0, 0.0]"
hMpxV/Australia/VIC-VIDRL-6554/2024|EPI_ISL_19459726|2024-06-07,"[0.9999999999999999, 0.0, 0.0, 0.0, 0.0, 0.0, 0.0, 0.0, 0.0, 0.0, 0.0, 0.0, 0.0, 0.0, 0.0, 0.0, 0.0, 0.0, 0.0, 0.0, 0.0, 0.0, 0.0, 0.0, 0.0, 0.0, 0.0, 0.0, 0.0, 0.0, 0.0]"
hMpxV/Australia/VIC-VIDRL-8012/2024|EPI_ISL_19459738|2024-05-08,"[1.0, 0.0, 0.0, 0.0, 0.0, 0.0, 0.0, 0.0, 0.0, 0.0, 0.0, 0.0, 0.0, 0.0, 0.0, 0.0, 0.0, 0.0, 0.0, 0.0, 0.0, 0.0, 0.0, 0.0, 0.0, 0.0, 0.0, 0.0, 0.0, 0.0, 0.0]"
hMpxV/Australia/VIC-VIDRL-3531/2024|EPI_ISL_19459735|2024-05-28,"[1.0, 0.0, 0.0, 0.0, 0.0, 0.0, 0.0, 0.0, 0.0, 0.0, 0.0, 0.0, 0.0, 0.0, 0.0, 0.0, 0.0, 0.0, 0.0, 0.0, 0.0, 0.0, 0.0, 0.0, 0.0, 0.0, 0.0, 0.0, 0.0, 0.0, 0.0]"
hMpxV/Australia/VIC-VIDRL-7518/2024|EPI_ISL_19459756|2024-05-07,"[1.0, 0.0, 0.0, 0.0, 0.0, 0.0, 0.0, 0.0, 0.0, 0.0, 0.0, 0.0, 0.0, 0.0, 0.0, 0.0, 0.0, 0.0, 0.0, 0.0, 0.0, 0.0, 0.0, 0.0, 0.0, 0.0, 0.0, 0.0, 0.0, 0.0, 0.0]"
hMpxV/Australia/VIC-VIDRL-7519/2024|EPI_ISL_19459767|2024-05-07,"[1.0, 0.0, 0.0, 0.0, 0.0, 0.0, 0.0, 0.0, 0.0, 0.0, 0.0, 0.0, 0.0, 0.0, 0.0, 0.0, 0.0, 0.0, 0.0, 0.0, 0.0, 0.0, 0.0, 0.0, 0.0, 0.0, 0.0, 0.0, 0.0, 0.0, 0.0]"
hMpxV/Australia/VIC-VIDRL-4069/2024|EPI_ISL_19459793|2024-05-27,"[1.0, 0.0, 0.0, 0.0, 0.0, 0.0, 0.0, 0.0, 0.0, 0.0, 0.0, 0.0, 0.0, 0.0, 0.0, 0.0, 0.0, 0.0, 0.0, 0.0, 0.0, 0.0, 0.0, 0.0, 0.0, 0.0, 0.0, 0.0, 0.0, 0.0, 0.0]"
NODE_0000283,"[5.455114184830414e-12, 1.045147124637328e-13, 9.284065558469496e-11, 9.040244603572892e-14, 2.740894477738328e-13, 1.0115448390534378e-13, 1.0186890355009105e-13, 9.563561678411592e-14, 9.668362963516574e-14, 9.305423326919324e-14, 9.759766314803538e-14, 9.355081518084813e-14, 8.335685414302816e-14, 1.03052918269799e-13, 3.823783562717529e-13, 1.26500146205318e-11, 2.604673062236486e-12, 9.355081518086772e-14, 9.355081518085304e-14, 8.971030408775026e-14, 2.153095010326975e-08, 8.322189323394076e-14, 2.5938203690974946e-12, 9.323101373556311e-14, 4.566905003720888e-13, 6.42284639179339e-13, 7.72492164058033e-14, 5.89347448638513e-13, 8.56065296132707e-14, 0.9999999783487874, 9.649690131565833e-14]"
hMpxV/USA/IL-RIPHL-004-0197/2024|EPI_ISL_19533457|2024-07-12,"[0.0, 0.0, 0.0, 0.0, 0.0, 0.0, 0.0, 0.0, 0.0, 0.0, 0.0, 0.0, 0.0, 0.0, 0.0, 0.0, 0.0, 0.0, 0.0, 0.0, 0.0, 0.0, 0.0, 0.0, 0.0, 0.0, 0.0, 0.0, 0.0, 1.0, 0.0]"
hMpxV/USA/CA-LACPHL-MA00675/2024|EPI_ISL_19437166|2024-08-31,"[0.0, 0.0, 0.0, 0.0, 0.0, 0.0, 0.0, 0.0, 0.0, 0.0, 0.0, 0.0, 0.0, 0.0, 0.0, 0.0, 0.0, 0.0, 0.0, 0.0, 0.0, 0.0, 0.0, 0.0, 0.0, 0.0, 0.0, 0.0, 0.0, 1.0, 0.0]"
hMpxV/USA/CA-LACPHL-MA00645/2024|EPI_ISL_19273374|2024-06-23,"[0.0, 0.0, 0.0, 0.0, 0.0, 0.0, 0.0, 0.0, 0.0, 0.0, 0.0, 0.0, 0.0, 0.0, 0.0, 0.0, 0.0, 0.0, 0.0, 0.0, 0.0, 0.0, 0.0, 0.0, 0.0, 0.0, 0.0, 0.0, 0.0, 1.0, 0.0]"
NODE_0000289,"[2.122712436026037e-06, 3.4456690699918793e-07, 6.68347480780048e-06, 3.338178974002006e-07, 4.854788832817129e-07, 3.427250579340057e-07, 3.4082804114966554e-07, 3.3470037569558826e-07, 3.3638389350545927e-07, 3.342578575451526e-07, 3.3313419800554457e-07, 3.333570168426045e-07, 3.235844479749543e-07, 3.458891215195151e-07, 5.992479327483346e-07, 2.5907338852063707e-06, 1.6184896857044807e-06, 3.3335701684265484e-07, 3.333570168426091e-07, 3.259107240384815e-07, 4.337278402855163e-05, 3.326650234221534e-07, 1.3896766703581792e-06, 3.341762951415421e-07, 6.189633751745745e-07, 7.987224230234156e-07, 3.07929157838279e-07, 7.639494297724137e-07, 3.231983253171478e-07, 0.9999326267279969, 3.3520007137740985e-07]"
hMpxV/USA/CA-LACPHL-MA00691/2024|EPI_ISL_19468223|2024-09-13,"[0.0, 0.0, 0.0, 0.0, 0.0, 0.0, 0.0, 0.0, 0.0, 0.0, 0.0, 0.0, 0.0, 0.0, 0.0, 0.0, 0.0, 0.0, 0.0, 0.0, 0.0, 0.0, 0.0, 0.0, 0.0, 0.0, 0.0, 0.0, 0.0, 1.0, 0.0]"
hMpxV/USA/CA-CDPH-1M1000603/2024|EPI_ISL_19295752|2024-05-29,"[0.0, 0.0, 0.0, 0.0, 0.0, 0.0, 0.0, 0.0, 0.0, 0.0, 0.0, 0.0, 0.0, 0.0, 0.0, 0.0, 0.0, 0.0, 0.0, 0.0, 0.0, 0.0, 0.0, 0.0, 0.0, 0.0, 0.0, 0.0, 0.0, 1.0, 0.0]"
NODE_0000290,"[5.611432759303103e-07, 7.41141689539384e-08, 1.9192182531632976e-06, 7.219270042361902e-08, 1.0545449963421697e-07, 7.374608890937377e-08, 7.375385225000232e-08, 7.265144361947249e-08, 7.288478180955131e-08, 7.228406960812069e-08, 7.256844737261272e-08, 7.241262486864984e-08, 6.930360403192003e-08, 7.360262799378033e-08, 1.4620315142796127e-07, 6.944945475817244e-07, 4.279641027382663e-07, 7.241262486866262e-08, 7.241262486864926e-08, 6.981933920290107e-08, 1.671346228196584e-05, 7.101189590513764e-08, 3.6687737915181984e-07, 7.245738185587711e-08, 1.474810903434942e-07, 1.9675210621075723e-07, 6.475326577641623e-08, 1.8752328447364868e-07, 6.939045464353545e-08, 0.9999771689308387, 7.27231917579227e-08]"
hMpxV/USA/IL-RIPHL-004-0160/2024|EPI_ISL_19158949|2024-03-07,"[0.0, 0.0, 0.0, 0.0, 0.0, 0.0, 0.0, 0.0, 0.0, 0.0, 0.0, 0.0, 0.0, 0.0, 0.0, 0.0, 0.0, 0.0, 0.0, 0.0, 0.0, 0.0, 0.0, 0.0, 0.0, 0.0, 0.0, 0.0, 0.0, 1.0, 0.0]"
NODE_0000291,"[6.717120443772818e-08, 8.634134882697997e-09, 2.3175510434179207e-07, 8.426010062744523e-09, 1.2261531151468176e-08, 8.595792010436474e-09, 8.603565176213648e-09, 8.483218890443276e-09, 8.507634759940892e-09, 8.435492083208527e-09, 8.477593702917272e-09, 8.456906506579235e-09, 8.076439624063075e-09, 8.559163542140227e-09, 1.735448208776334e-08, 8.3117458669572e-08, 5.128435436524596e-08, 8.456906506588094e-09, 8.456906506581121e-09, 8.132924787379356e-09, 2.0911670400325767e-06, 8.271835719932601e-09, 4.393944252945985e-08, 8.459703152514363e-09, 1.742589765674379e-08, 2.337030230336922e-08, 7.520022211910163e-09, 2.226465478741196e-08, 8.088708742134031e-09, 0.9999971797549331, 8.490635787725564e-09]"
hMpxV/USA/CA-CDPH-1M1000650/2024|EPI_ISL_19367815|2024-07-10,"[0.0, 0.0, 0.0, 0.0, 0.0, 0.0, 0.0, 0.0, 0.0, 0.0, 0.0, 0.0, 0.0, 0.0, 0.0, 0.0, 0.0, 0.0, 0.0, 0.0, 0.0, 0.0, 0.0, 0.0, 0.0, 0.0, 0.0, 0.0, 0.0, 1.0, 0.0]"
hMpxV/USA/CA-LACPHL-MA00632/2024|EPI_ISL_19204034|2024-05-30,"[0.0, 0.0, 0.0, 0.0, 0.0, 0.0, 0.0, 0.0, 0.0, 0.0, 0.0, 0.0, 0.0, 0.0, 0.0, 0.0, 0.0, 0.0, 0.0, 0.0, 0.0, 0.0, 0.0, 0.0, 0.0, 0.0, 0.0, 0.0, 0.0, 1.0, 0.0]"
NODE_0000284,"[3.4591224466428613e-10, 2.7599427207175012e-11, 1.712969828218402e-09, 2.641467343789853e-11, 4.427015648639931e-11, 2.7374066818123576e-11, 2.7485125189604466e-11, 2.6906830535548562e-11, 2.7007107838630385e-11, 2.6590907864476867e-11, 2.7042569679059123e-11, 2.6727987924844508e-11, 2.5008527203431516e-11, 2.7207741314440044e-11, 6.62133635203366e-11, 4.883232872679152e-10, 2.3959158849356317e-10, 2.672798792487808e-11, 2.672798792485113e-11, 2.5495664251916017e-11, 3.380685182916082e-08, 2.5445492288214627e-11, 2.1163222635546112e-10, 2.6695530554324522e-11, 6.819073929223366e-11, 9.366992081198859e-11, 2.3040573727164327e-11, 8.842954400344573e-11, 2.519767585097678e-11, 0.9999999623322805, 2.6968989217500334e-11]"
hMpxV/USA/WA-UW-247031/2024|EPI_ISL_19524787|2024-01-16,"[0.0, 0.0, 0.0, 0.0, 0.0, 0.0, 0.0, 0.0, 0.0, 0.0, 0.0, 0.0, 0.0, 0.0, 0.0, 0.0, 0.0, 0.0, 0.0, 0.0, 0.0, 0.0, 0.0, 0.0, 0.0, 0.0, 0.0, 0.0, 0.0, 0.9999999999999999, 0.0]"
NODE_0000285,"[5.141045575804668e-09, 6.542324743041226e-10, 1.7571530775515824e-08, 6.430226456841684e-10, 9.11872626299863e-10, 6.532269778075005e-10, 6.541693236575789e-10, 6.473054973181192e-10, 6.487656341717979e-10, 6.432584306387534e-10, 6.470353065941648e-10, 6.45650095306774e-10, 6.151798454160135e-10, 6.469297378629437e-10, 1.3395043777835357e-09, 6.28595037224564e-09, 3.949335625222436e-09, 6.456500953075759e-10, 6.456500953069093e-10, 6.177088034908554e-10, 1.5719461350877823e-07, 6.299371213663459e-10, 3.375937984711394e-09, 6.456400100349288e-10, 1.3322645930311025e-09, 1.7988350750889613e-09, 5.688930045340786e-10, 1.7138279951912044e-09, 6.159939387435046e-10, 0.9999997872693484, 6.476842867603924e-10]"
hMpxV/USA/WA-UW-490338/2024|EPI_ISL_19243973|2024-05-30,"[0.0, 0.0, 0.0, 0.0, 0.0, 0.0, 0.0, 0.0, 0.0, 0.0, 0.0, 0.0, 0.0, 0.0, 0.0, 0.0, 0.0, 0.0, 0.0, 0.0, 0.0, 0.0, 0.0, 0.0, 0.0, 0.0, 0.0, 0.0, 0.0, 1.0, 0.0]"
hMpxV/USA/WA-UW-429625/2024|EPI_ISL_19243972|2024-05-28,"[0.0, 0.0, 0.0, 0.0, 0.0, 0.0, 0.0, 0.0, 0.0, 0.0, 0.0, 0.0, 0.0, 0.0, 0.0, 0.0, 0.0, 0.0, 0.0, 0.0, 0.0, 0.0, 0.0, 0.0, 0.0, 0.0, 0.0, 0.0, 0.0, 1.0, 0.0]"
NODE_0000286,"[1.4826942055526965e-06, 2.102667253706132e-07, 4.900529770940397e-06, 2.0496913739900483e-07, 2.960071551639348e-07, 2.0940480224545745e-07, 2.090589678281983e-07, 2.0597994707212474e-07, 2.067222702841741e-07, 2.051668039238706e-07, 2.0550198686794787e-07, 2.052980056684331e-07, 1.9731034225216868e-07, 2.0940695831281636e-07, 3.9926543905085096e-07, 1.8162970545854215e-06, 1.1338492000545892e-06, 2.0529800566844805e-07, 2.052980056684302e-07, 1.9854746692606608e-07, 3.854322690509515e-05, 2.0240180083917868e-07, 9.715201096641472e-07, 2.0553172616716987e-07, 4.045155116629329e-07, 5.347284785109252e-07, 1.8508774177396167e-07, 5.103155600782987e-07, 1.973672666203861e-07, 0.9999451322375273, 2.0619512133358054e-07]"
hMpxV/USA/WA-UW-185727/2024|EPI_ISL_19336734|2024-07-11,"[0.0, 0.0, 0.0, 0.0, 0.0, 0.0, 0.0, 0.0, 0.0, 0.0, 0.0, 0.0, 0.0, 0.0, 0.0, 0.0, 0.0, 0.0, 0.0, 0.0, 0.0, 0.0, 0.0, 0.0, 0.0, 0.0, 0.0, 0.0, 0.0, 0.9999999999999999, 0.0]"
NODE_0000287,"[4.6479264385790885e-09, 2.3126451686826691e-10, 2.393157962145815e-08, 2.1944468453310367e-10, 3.949699672543736e-10, 2.2829402061757678e-10, 2.3054137213931632e-10, 2.249117220132031e-10, 2.2555623973206792e-10, 2.21335336500417e-10, 2.2701779906508584e-10, 2.2326693444290018e-10, 2.0572298764855658e-10, 2.2577512425923256e-10, 6.368939483586727e-10, 5.933814004030444e-09, 2.6157199869807687e-09, 2.2326693444293205e-10, 2.232669344428975e-10, 2.1119236348092883e-10, 8.828610138356547e-07, 2.0841193964494098e-10, 2.335409004544671e-09, 2.2261846453511314e-10, 6.530899236438249e-10, 9.210297480935674e-10, 1.87142937566315e-10, 8.647105125658904e-10, 2.0805779502264017e-10, 0.999999070031291, 2.2546393407920854e-10]"
hMpxV/USA/WA-UW-012709/2024|EPI_ISL_19420219|2024-09-02,"[0.0, 0.0, 0.0, 0.0, 0.0, 0.0, 0.0, 0.0, 0.0, 0.0, 0.0, 0.0, 0.0, 0.0, 0.0, 0.0, 0.0, 0.0, 0.0, 0.0, 0.0, 0.0, 0.0, 0.0, 0.0, 0.0, 0.0, 0.0, 0.0, 1.0, 0.0]"
hMpxV/USA/WA-UW-026851/2024|EPI_ISL_19420221|2024-08-30,"[0.0, 0.0, 0.0, 0.0, 0.0, 0.0, 0.0, 0.0, 0.0, 0.0, 0.0, 0.0, 0.0, 0.0, 0.0, 0.0, 0.0, 0.0, 0.0, 0.0, 0.0, 0.0, 0.0, 0.0, 0.0, 0.0, 0.0, 0.0, 0.0, 1.0, 0.0]"
NODE_0000288,"[4.04045239529446e-07, 1.7266904391926693e-09, 6.469901976538333e-08, 1.6916431447280592e-09, 2.4251991009204775e-09, 1.7209161576559663e-09, 1.7338527708822509e-09, 1.7217281431152807e-09, 1.7303024338526549e-09, 1.693809458302948e-09, 1.725424731100311e-09, 1.7090626220385885e-09, 1.5857216190563525e-09, 1.6840182560067497e-09, 4.4016696665507335e-09, 1.7573233117512424e-08, 1.0939473925544854e-08, 1.709062622039471e-09, 1.7090626220386823e-09, 1.5977636576622404e-09, 6.704189621814231e-07, 1.621894794709911e-09, 9.513203469040755e-09, 1.7084595943013708e-09, 5.127795641698241e-09, 4.972055765504806e-09, 1.4447125436193974e-09, 4.751004617508984e-09, 1.6011027375010299e-09, 0.9999987692916383, 1.7262765997156615e-09]"
hMpxV/Australia/QLD-MX000147/2024|EPI_ISL_19539788|2024-10-14,"[0.9999999999999999, 0.0, 0.0, 0.0, 0.0, 0.0, 0.0, 0.0, 0.0, 0.0, 0.0, 0.0, 0.0, 0.0, 0.0, 0.0, 0.0, 0.0, 0.0, 0.0, 0.0, 0.0, 0.0, 0.0, 0.0, 0.0, 0.0, 0.0, 0.0, 0.0, 0.0]"
hMpxV/USA/CA-LACPHL-MA00644/2024|EPI_ISL_19273376|2024-06-20,"[0.0, 0.0, 0.0, 0.0, 0.0, 0.0, 0.0, 0.0, 0.0, 0.0, 0.0, 0.0, 0.0, 0.0, 0.0, 0.0, 0.0, 0.0, 0.0, 0.0, 0.0, 0.0, 0.0, 0.0, 0.0, 0.0, 0.0, 0.0, 0.0, 0.9999999999999999, 0.0]"
hMpxV/USA/un-UW-276161/2024|EPI_ISL_19502000|2024-09-18,"[0.0, 0.0, 0.0, 0.0, 0.0, 0.0, 0.0, 0.0, 0.0, 0.0, 0.0, 0.0, 0.0, 0.0, 0.0, 0.0, 0.0, 0.0, 0.0, 0.0, 0.0, 0.0, 0.0, 0.0, 0.0, 0.0, 0.0, 0.0, 0.0, 1.0, 0.0]"
NODE_0000253,"[1.6448963616308972e-12, 4.379965942323578e-14, 1.5094729203742853e-11, 4.164591067611473e-14, 8.252743648527443e-14, 4.326765221507828e-14, 4.4321413395136545e-14, 4.340746401415179e-14, 4.33809827793626e-14, 4.216566927022711e-14, 4.434478996448008e-14, 4.304873444527927e-14, 3.7852217776726346e-14, 4.1615797744783785e-14, 1.821084681720184e-13, 2.779573790933226e-12, 1.0311876441487009e-12, 4.3048734445302317e-14, 4.3048734445282696e-14, 3.9152722965392746e-14, 1.5802667333779309e-09, 3.788071998389042e-14, 9.355712707429497e-13, 4.269904468562224e-14, 1.7989882443983578e-13, 2.790510155633884e-13, 3.275583222958587e-14, 2.582632269246179e-13, 3.8658390948186804e-14, 0.9999999983964758, 4.350991306821472e-14]"
hMpxV/USA/IL-RIPHL-04-0074/2023|EPI_ISL_18137801|2023-06-22,"[0.0, 0.0, 0.0, 0.0, 0.0, 0.0, 0.0, 0.0, 0.0, 0.0, 0.0, 0.0, 0.0, 0.0, 0.0, 0.0, 0.0, 0.0, 0.0, 0.0, 0.0, 0.0, 0.0, 0.0, 0.0, 0.0, 0.0, 0.0, 0.0, 1.0, 0.0]"
hMpxV/USA/IL-RIPHL-04-0076/2023|EPI_ISL_18137803|2023-06-27,"[0.0, 0.0, 0.0, 0.0, 0.0, 0.0, 0.0, 0.0, 0.0, 0.0, 0.0, 0.0, 0.0, 0.0, 0.0, 0.0, 0.0, 0.0, 0.0, 0.0, 0.0, 0.0, 0.0, 0.0, 0.0, 0.0, 0.0, 0.0, 0.0, 1.0, 0.0]"
hMpxV/USA/IL-RIPHL-04-0067/2023|EPI_ISL_18137820|2023-06-08,"[0.0, 0.0, 0.0, 0.0, 0.0, 0.0, 0.0, 0.0, 0.0, 0.0, 0.0, 0.0, 0.0, 0.0, 0.0, 0.0, 0.0, 0.0, 0.0, 0.0, 0.0, 0.0, 0.0, 0.0, 0.0, 0.0, 0.0, 0.0, 0.0, 0.9999999999999999, 0.0]"
NODE_0000254,"[3.0622767994594996e-12, 7.08418028888155e-14, 9.951481997485738e-11, 6.502183539030543e-14, 1.645895829193774e-13, 6.93787032701639e-14, 7.129108094732629e-14, 6.819788721793182e-14, 6.844906685192371e-14, 6.633751911466175e-14, 6.96475471370018e-14, 6.728090870281002e-14, 5.927022929835507e-14, 6.8379399081467e-14, 2.7732935096923896e-13, 5.763325779329607e-12, 1.6881018463552275e-12, 6.728090870283188e-14, 6.728090870281151e-14, 6.232786156468117e-14, 5.290939830428587e-09, 5.924033404538516e-14, 1.8312076003877026e-12, 6.684110756027397e-14, 3.056656411245917e-13, 4.4160322705792015e-13, 5.238159419790223e-14, 4.0783837949920643e-13, 6.066842463794776e-14, 0.9999999945943547, 6.852990224346786e-14]"
hMpxV/USA/IL-RIPHL-04-0089/2023|EPI_ISL_18137808|2023-07-21,"[0.0, 0.0, 0.0, 0.0, 0.0, 0.0, 0.0, 0.0, 0.0, 0.0, 0.0, 0.0, 0.0, 0.0, 0.0, 0.0, 0.0, 0.0, 0.0, 0.0, 0.0, 0.0, 0.0, 0.0, 0.0, 0.0, 0.0, 0.0, 0.0, 0.9999999999999999, 0.0]"
NODE_0000272,"[7.504454171079803e-13, 4.0432037763378127e-14, 4.3099523527225236e-12, 3.930486830874013e-14, 6.510834348657072e-14, 4.0224414593822296e-14, 4.082927570533458e-14, 4.0310864339450934e-14, 4.03065260639503e-14, 3.954118415435971e-14, 4.079020957433039e-14, 4.011305677098099e-14, 3.649308422132693e-14, 3.899552029931045e-14, 1.243852678887675e-13, 1.078094314106069e-12, 5.221593421990594e-13, 4.0113056771068896e-14, 4.0113056770999054e-14, 3.7138386493721794e-14, 1.4575857845920473e-10, 3.6895701836236424e-14, 4.591508727210303e-13, 3.991726640538388e-14, 1.2174069249014293e-13, 1.7880749865728166e-13, 3.232292806982521e-14, 1.6770211613532373e-13, 3.693155492056368e-14, 0.9999999998457227, 4.035758536639927e-14]"
hMpxV/USA/CA-CDPH-1M1000595/2023|EPI_ISL_19295744|2023-09-26,"[0.0, 0.0, 0.0, 0.0, 0.0, 0.0, 0.0, 0.0, 0.0, 0.0, 0.0, 0.0, 0.0, 0.0, 0.0, 0.0, 0.0, 0.0, 0.0, 0.0, 0.0, 0.0, 0.0, 0.0, 0.0, 0.0, 0.0, 0.0, 0.0, 1.0, 0.0]"
hMpxV/USA/CA-CDPH-1M1000363/2023|EPI_ISL_18786348|2023-09-22,"[0.0, 0.0, 0.0, 0.0, 0.0, 0.0, 0.0, 0.0, 0.0, 0.0, 0.0, 0.0, 0.0, 0.0, 0.0, 0.0, 0.0, 0.0, 0.0, 0.0, 0.0, 0.0, 0.0, 0.0, 0.0, 0.0, 0.0, 0.0, 0.0, 1.0, 0.0]"
hMpxV/USA/CA-CDPH-1M1000364/2023|EPI_ISL_18786349|2023-09-22,"[0.0, 0.0, 0.0, 0.0, 0.0, 0.0, 0.0, 0.0, 0.0, 0.0, 0.0, 0.0, 0.0, 0.0, 0.0, 0.0, 0.0, 0.0, 0.0, 0.0, 0.0, 0.0, 0.0, 0.0, 0.0, 0.0, 0.0, 0.0, 0.0, 1.0, 0.0]"
NODE_0000269,"[1.7809625627768084e-07, 1.2110684106025452e-08, 0.035075937450433706, 1.1653901684790893e-08, 6.505911715416163e-08, 1.2023502870681615e-08, 1.3922868727165953e-08, 1.1951575852454726e-08, 1.1981515316562393e-08, 1.1753537898678459e-08, 1.2050593012249083e-08, 1.186989632493868e-08, 1.071827159322356e-08, 1.179136502871218e-08, 1.9579335661265146e-08, 2.0772195694940187e-07, 5.984884479380628e-08, 1.1869896324940094e-08, 1.1869896324938475e-08, 1.0950111304396896e-08, 3.3205857749815285e-05, 1.0858679600649934e-08, 5.175330748892628e-07, 1.1830601915462119e-08, 3.57336130838608e-08, 3.0604960153888756e-08, 9.332544831723575e-09, 2.9618794219901148e-08, 1.0828332887745522e-08, 0.9648894915526958, 1.1975391965479998e-08]"
hMpxV/Brazil/SC-FIOCRUZ-10552/2024|EPI_ISL_19416189|2024-01-09,"[0.0, 0.0, 1.0, 0.0, 0.0, 0.0, 0.0, 0.0, 0.0, 0.0, 0.0, 0.0, 0.0, 0.0, 0.0, 0.0, 0.0, 0.0, 0.0, 0.0, 0.0, 0.0, 0.0, 0.0, 0.0, 0.0, 0.0, 0.0, 0.0, 0.0, 0.0]"
hMpxV/Brazil/SC-FIOCRUZ-10553/2024|EPI_ISL_19416190|2024-01-09,"[0.0, 0.0, 1.0, 0.0, 0.0, 0.0, 0.0, 0.0, 0.0, 0.0, 0.0, 0.0, 0.0, 0.0, 0.0, 0.0, 0.0, 0.0, 0.0, 0.0, 0.0, 0.0, 0.0, 0.0, 0.0, 0.0, 0.0, 0.0, 0.0, 0.0, 0.0]"
hMpxV/USA/IL-RIPHL-004-0125/2024|EPI_ISL_19158945|2024-01-23,"[0.0, 0.0, 0.0, 0.0, 0.0, 0.0, 0.0, 0.0, 0.0, 0.0, 0.0, 0.0, 0.0, 0.0, 0.0, 0.0, 0.0, 0.0, 0.0, 0.0, 0.0, 0.0, 0.0, 0.0, 0.0, 0.0, 0.0, 0.0, 0.0, 0.9999999999999999, 0.0]"
NODE_0000270,"[7.866003851258649e-13, 1.9723515145893386e-14, 1.2041318195848904e-08, 1.8291572382501605e-14, 7.508977910823859e-14, 1.9365185222919145e-14, 2.121956676177673e-14, 1.915940985734792e-14, 1.9204834386616864e-14, 1.8592788807601034e-14, 1.957218264683387e-14, 1.8932578060123076e-14, 1.6529270398861805e-14, 1.8843006085520528e-14, 6.073269300615006e-14, 1.2998789167719273e-12, 3.181675393160648e-13, 1.8932578060136357e-14, 1.893257806012388e-14, 1.7275813325202313e-14, 1.8141955821066056e-09, 1.6522692180028124e-14, 9.602330699611097e-13, 1.8796683920056265e-14, 8.470506399438485e-14, 9.995255215583858e-14, 1.4305974827872362e-14, 9.364451176859267e-14, 1.6912591049311214e-14, 0.9999999861403569, 1.9235674554912593e-14]"
hMpxV/USA/CA-CDPH-1M1000468/2024|EPI_ISL_19143462|2024-02-05,"[0.0, 0.0, 0.0, 0.0, 0.0, 0.0, 0.0, 0.0, 0.0, 0.0, 0.0, 0.0, 0.0, 0.0, 0.0, 0.0, 0.0, 0.0, 0.0, 0.0, 0.0, 0.0, 0.0, 0.0, 0.0, 0.0, 0.0, 0.0, 0.0, 1.0, 0.0]"
hMpxV/USA/CA-CDPH-1M1000477/2024|EPI_ISL_19143471|2024-02-16,"[0.0, 0.0, 0.0, 0.0, 0.0, 0.0, 0.0, 0.0, 0.0, 0.0, 0.0, 0.0, 0.0, 0.0, 0.0, 0.0, 0.0, 0.0, 0.0, 0.0, 0.0, 0.0, 0.0, 0.0, 0.0, 0.0, 0.0, 0.0, 0.0, 1.0, 0.0]"
hMpxV/USA/CA-CDPH-1M1000461/2023|EPI_ISL_18959318|2023-12-27,"[0.0, 0.0, 0.0, 0.0, 0.0, 0.0, 0.0, 0.0, 0.0, 0.0, 0.0, 0.0, 0.0, 0.0, 0.0, 0.0, 0.0, 0.0, 0.0, 0.0, 0.0, 0.0, 0.0, 0.0, 0.0, 0.0, 0.0, 0.0, 0.0, 1.0, 0.0]"
hMpxV/USA/CA-LACPHL-MA00627/2024|EPI_ISL_19196357|2024-05-20,"[0.0, 0.0, 0.0, 0.0, 0.0, 0.0, 0.0, 0.0, 0.0, 0.0, 0.0, 0.0, 0.0, 0.0, 0.0, 0.0, 0.0, 0.0, 0.0, 0.0, 0.0, 0.0, 0.0, 0.0, 0.0, 0.0, 0.0, 0.0, 0.0, 0.9999999999999999, 0.0]"
NODE_0000271,"[5.490976734098732e-09, 5.922558616172845e-10, 2.0058853059038144e-08, 5.84504588803288e-10, 8.326281765796749e-10, 5.914485583648697e-10, 5.95004689275663e-10, 5.901476104244855e-10, 5.906267811185549e-10, 5.847062630589929e-10, 5.915841385426688e-10, 5.889770923507302e-10, 5.548800416947101e-10, 5.806431573565081e-10, 1.3412554639770912e-09, 6.7908688770864806e-09, 4.218937878561819e-09, 5.889770923513769e-10, 5.889770923508658e-10, 5.573330946829922e-10, 2.2725842278103244e-07, 5.666763706820066e-10, 3.601820764375631e-09, 5.881034922636117e-10, 1.3090866634887648e-09, 1.8152207739297363e-09, 5.057484193015239e-10, 1.7245378995629555e-09, 5.56713309566736e-10, 0.9999997145698263, 5.902569883834312e-10]"
hMpxV/USA/CA-CDPH-1M1000476/2024|EPI_ISL_19143470|2024-02-15,"[0.0, 0.0, 0.0, 0.0, 0.0, 0.0, 0.0, 0.0, 0.0, 0.0, 0.0, 0.0, 0.0, 0.0, 0.0, 0.0, 0.0, 0.0, 0.0, 0.0, 0.0, 0.0, 0.0, 0.0, 0.0, 0.0, 0.0, 0.0, 0.0, 0.9999999999999999, 0.0]"
hMpxV/USA/CA-CDPH-1M1000471/2024|EPI_ISL_19143465|2024-02-07,"[0.0, 0.0, 0.0, 0.0, 0.0, 0.0, 0.0, 0.0, 0.0, 0.0, 0.0, 0.0, 0.0, 0.0, 0.0, 0.0, 0.0, 0.0, 0.0, 0.0, 0.0, 0.0, 0.0, 0.0, 0.0, 0.0, 0.0, 0.0, 0.0, 1.0, 0.0]"
NODE_0000255,"[1.7332716842801827e-07, 2.0989709952147405e-08, 6.089282784632493e-07, 2.0575842133300607e-08, 2.9650747364317196e-08, 2.0924494600071278e-08, 2.0980067258598905e-08, 2.073497336704381e-08, 2.0779060125605933e-08, 2.059209492924123e-08, 2.074316593216166e-08, 2.0679508713458382e-08, 1.9655108631066715e-08, 2.0725794158823866e-08, 4.398566206372399e-08, 2.141643848870838e-07, 1.3269417355521115e-07, 2.0679508713461644e-08, 2.0679508713458435e-08, 1.9769722140174746e-08, 5.9215294349470496e-06, 2.0110948214704393e-08, 1.1352677861497767e-07, 2.0673101014656732e-08, 4.37089568082168e-08, 5.931656820674678e-08, 1.8158796460968474e-08, 5.645806666151343e-08, 1.969631167009046e-08, 0.9999922148143227, 2.074774060119388e-08]"
NODE_0000257,"[1.4725448289438002e-11, 6.943947097132508e-13, 8.874231746427591e-11, 6.79612083321232e-13, 1.1152756499436917e-12, 6.918964045797849e-13, 7.050023433819381e-13, 6.98553553026031e-13, 6.974684558679211e-13, 6.834077842656333e-13, 7.085069660222978e-13, 6.956396614184759e-13, 6.266003246248181e-13, 6.643548765005928e-13, 2.3318198059697753e-12, 2.122287802782404e-11, 1.02784904016658e-11, 6.95639661418704e-13, 6.956396614184733e-13, 6.369292466333587e-13, 3.6236938885866255e-09, 6.321429575548807e-13, 9.019593729431585e-12, 6.913320383092398e-13, 2.237664568706772e-12, 3.366846505003494e-12, 5.468266875917935e-13, 3.150915521081897e-12, 6.350256233030225e-13, 0.9999999962073368, 6.990383835989213e-13]"
hMpxV/USA/CA-CDPH-1M1000430/2023|EPI_ISL_18781815|2023-10-16,"[0.0, 0.0, 0.0, 0.0, 0.0, 0.0, 0.0, 0.0, 0.0, 0.0, 0.0, 0.0, 0.0, 0.0, 0.0, 0.0, 0.0, 0.0, 0.0, 0.0, 0.0, 0.0, 0.0, 0.0, 0.0, 0.0, 0.0, 0.0, 0.0, 0.9999999999999999, 0.0]"
hMpxV/USA/CA-CDPH-1M1000435/2023|EPI_ISL_18781820|2023-10-12,"[0.0, 0.0, 0.0, 0.0, 0.0, 0.0, 0.0, 0.0, 0.0, 0.0, 0.0, 0.0, 0.0, 0.0, 0.0, 0.0, 0.0, 0.0, 0.0, 0.0, 0.0, 0.0, 0.0, 0.0, 0.0, 0.0, 0.0, 0.0, 0.0, 1.0, 0.0]"
NODE_0000258,"[4.585933495936723e-11, 4.413140627231979e-12, 1.7308313188371723e-10, 4.399459524203935e-12, 6.115508359638222e-12, 4.4214461752255405e-12, 4.462979164656778e-12, 4.4496327996606284e-12, 4.446398522738342e-12, 4.397455839045341e-12, 4.469507562522228e-12, 4.444878702073442e-12, 4.148097170535248e-12, 4.2922144129804535e-12, 1.0849015466674682e-11, 5.6444300481484995e-11, 3.545122778293151e-11, 4.444878702080811e-12, 4.444878702074622e-12, 4.1546308793537764e-12, 2.25718797426964e-09, 4.228354682853125e-12, 3.017467478558401e-11, 4.432637421002642e-12, 1.0364008329400641e-11, 1.4712827735516412e-11, 3.7196922154759026e-12, 1.3953839880394093e-11, 4.166050535102142e-12, 0.9999999972634197, 4.448030648871935e-12]"
hMpxV/USA/CA-CDPH-1M1000434/2023|EPI_ISL_18781819|2023-10-12,"[0.0, 0.0, 0.0, 0.0, 0.0, 0.0, 0.0, 0.0, 0.0, 0.0, 0.0, 0.0, 0.0, 0.0, 0.0, 0.0, 0.0, 0.0, 0.0, 0.0, 0.0, 0.0, 0.0, 0.0, 0.0, 0.0, 0.0, 0.0, 0.0, 1.0, 0.0]"
hMpxV/USA/CA-CDPH-1M1000617/2023|EPI_ISL_19295762|2023-10-13,"[0.0, 0.0, 0.0, 0.0, 0.0, 0.0, 0.0, 0.0, 0.0, 0.0, 0.0, 0.0, 0.0, 0.0, 0.0, 0.0, 0.0, 0.0, 0.0, 0.0, 0.0, 0.0, 0.0, 0.0, 0.0, 0.0, 0.0, 0.0, 0.0, 1.0, 0.0]"
NODE_0000256,"[1.7859148474095712e-17, 1.0669694190496739e-19, 4.482964998499767e-16, 9.766379990866261e-20, 2.732724687581569e-19, 1.0422667526009308e-19, 1.0886294886353382e-19, 1.0526500532640374e-19, 1.0502074698789899e-19, 1.0012405364778267e-19, 1.0971880110899747e-19, 1.0372177529775513e-19, 8.473412571005351e-20, 9.795215031654029e-20, 8.486767679002467e-19, 4.2343771225114976e-17, 9.000730972050916e-18, 1.0372177529788233e-19, 1.0372177529777887e-19, 9.036745786202547e-20, 5.934155937745837e-13, 8.29968169188518e-20, 8.717685822660298e-18, 1.0214522837406457e-19, 8.470123343404682e-19, 1.4826812523956205e-18, 6.926596773289609e-20, 1.3345238590537661e-18, 8.817061266961509e-20, 0.999999999999406, 1.0574500947613367e-19]"
hMpxV/USA/NV-SNPHL-783216/2023|EPI_ISL_18567806|2023-10-18,"[0.0, 0.0, 0.0, 0.0, 0.0, 0.0, 0.0, 0.0, 0.0, 0.0, 0.0, 0.0, 0.0, 0.0, 0.0, 0.0, 0.0, 0.0, 0.0, 0.0, 0.0, 0.0, 0.0, 0.0, 0.0, 0.0, 0.0, 0.0, 0.0, 0.9999999999999999, 0.0]"
hMpxV/USA/NV-SNPHL-784061/2023|EPI_ISL_18567807|2023-10-25,"[0.0, 0.0, 0.0, 0.0, 0.0, 0.0, 0.0, 0.0, 0.0, 0.0, 0.0, 0.0, 0.0, 0.0, 0.0, 0.0, 0.0, 0.0, 0.0, 0.0, 0.0, 0.0, 0.0, 0.0, 0.0, 0.0, 0.0, 0.0, 0.0, 1.0, 0.0]"
hMpxV/USA/CA-CDPH-1M1000431/2023|EPI_ISL_18781816|2023-10-13,"[0.0, 0.0, 0.0, 0.0, 0.0, 0.0, 0.0, 0.0, 0.0, 0.0, 0.0, 0.0, 0.0, 0.0, 0.0, 0.0, 0.0, 0.0, 0.0, 0.0, 0.0, 0.0, 0.0, 0.0, 0.0, 0.0, 0.0, 0.0, 0.0, 1.0, 0.0]"
hMpxV/USA/CA-CDPH-1M1000380/2023|EPI_ISL_18781792|2023-09-27,"[0.0, 0.0, 0.0, 0.0, 0.0, 0.0, 0.0, 0.0, 0.0, 0.0, 0.0, 0.0, 0.0, 0.0, 0.0, 0.0, 0.0, 0.0, 0.0, 0.0, 0.0, 0.0, 0.0, 0.0, 0.0, 0.0, 0.0, 0.0, 0.0, 1.0, 0.0]"
hMpxV/USA/CA-CDPH-1M1000404/2023|EPI_ISL_18781929|2023-11-09,"[0.0, 0.0, 0.0, 0.0, 0.0, 0.0, 0.0, 0.0, 0.0, 0.0, 0.0, 0.0, 0.0, 0.0, 0.0, 0.0, 0.0, 0.0, 0.0, 0.0, 0.0, 0.0, 0.0, 0.0, 0.0, 0.0, 0.0, 0.0, 0.0, 0.9999999999999999, 0.0]"
hMpxV/USA/CA-CDPH-1M1000403/2023|EPI_ISL_18781928|2023-11-09,"[0.0, 0.0, 0.0, 0.0, 0.0, 0.0, 0.0, 0.0, 0.0, 0.0, 0.0, 0.0, 0.0, 0.0, 0.0, 0.0, 0.0, 0.0, 0.0, 0.0, 0.0, 0.0, 0.0, 0.0, 0.0, 0.0, 0.0, 0.0, 0.0, 0.9999999999999999, 0.0]"
NODE_0000259,"[8.69085939926308e-12, 4.582336560602438e-13, 5.0525873451027384e-11, 4.447768070266363e-13, 7.430761745500904e-13, 4.554599821339049e-13, 4.62578128071671e-13, 4.563758540797651e-13, 4.563048946880972e-13, 4.475448051696078e-13, 4.619720489790938e-13, 4.5411015882650793e-13, 4.127046000467684e-13, 4.416959269844987e-13, 1.4238360750413724e-12, 1.2544956745700064e-11, 6.0389473052314706e-12, 4.541101588271683e-13, 4.541101588265967e-13, 4.2039113151215025e-13, 1.7789975821615232e-09, 4.1711323016671164e-13, 5.311948925593555e-12, 4.5183662203246804e-13, 1.3930721598231037e-12, 2.0505861693795855e-12, 3.655011773962896e-13, 1.922386275512327e-12, 4.1781407012546236e-13, 0.9999999981219674, 4.569126650110263e-13]"
hMpxV/USA/IL-RIPHL-04-0078/2023|EPI_ISL_18137807|2023-07-03,"[0.0, 0.0, 0.0, 0.0, 0.0, 0.0, 0.0, 0.0, 0.0, 0.0, 0.0, 0.0, 0.0, 0.0, 0.0, 0.0, 0.0, 0.0, 0.0, 0.0, 0.0, 0.0, 0.0, 0.0, 0.0, 0.0, 0.0, 0.0, 0.0, 0.9999999999999999, 0.0]"
hMpxV/USA/IL-RIPHL-050-0094/2023|EPI_ISL_18168623|2023-07-26,"[0.0, 0.0, 0.0, 0.0, 0.0, 0.0, 0.0, 0.0, 0.0, 0.0, 0.0, 0.0, 0.0, 0.0, 0.0, 0.0, 0.0, 0.0, 0.0, 0.0, 0.0, 0.0, 0.0, 0.0, 0.0, 0.0, 0.0, 0.0, 0.0, 0.9999999999999999, 0.0]"
NODE_0000260,"[6.239510245975281e-32, 7.408861412602668e-37, 1.4455762720535808e-28, 5.089255210882724e-37, 9.988677315762621e-36, 6.673783976189816e-37, 7.385908146776129e-37, 6.378305647315248e-37, 6.417068654959696e-37, 5.6045437891249185e-37, 7.1923239536954066e-37, 6.019659925596902e-37, 3.757398801498629e-37, 6.258091303603725e-37, 6.305154209066115e-35, 7.990881307159452e-31, 9.944046047075645e-33, 6.019659925602992e-37, 6.019659925597642e-37, 4.7885339517343926e-37, 4.7089048828422026e-21, 3.370888484279514e-37, 1.3764071799507914e-32, 5.798682587418755e-37, 8.385026248580866e-35, 2.07966317831051e-34, 2.7327247324441903e-37, 1.6598046824292587e-34, 4.246616155224749e-37, 1.0, 6.518509567333235e-37]"
hMpxV/USA/CA-CDPH-1M1000423/2023|EPI_ISL_18781807|2023-10-17,"[0.0, 0.0, 0.0, 0.0, 0.0, 0.0, 0.0, 0.0, 0.0, 0.0, 0.0, 0.0, 0.0, 0.0, 0.0, 0.0, 0.0, 0.0, 0.0, 0.0, 0.0, 0.0, 0.0, 0.0, 0.0, 0.0, 0.0, 0.0, 0.0, 1.0, 0.0]"
hMpxV/USA/CA-CDPH-1M1000350/2023|EPI_ISL_18452341|2023-10-02,"[0.0, 0.0, 0.0, 0.0, 0.0, 0.0, 0.0, 0.0, 0.0, 0.0, 0.0, 0.0, 0.0, 0.0, 0.0, 0.0, 0.0, 0.0, 0.0, 0.0, 0.0, 0.0, 0.0, 0.0, 0.0, 0.0, 0.0, 0.0, 0.0, 1.0, 0.0]"
hMpxV/USA/CA-CDPH-1M1000402/2023|EPI_ISL_18781926|2023-11-07,"[0.0, 0.0, 0.0, 0.0, 0.0, 0.0, 0.0, 0.0, 0.0, 0.0, 0.0, 0.0, 0.0, 0.0, 0.0, 0.0, 0.0, 0.0, 0.0, 0.0, 0.0, 0.0, 0.0, 0.0, 0.0, 0.0, 0.0, 0.0, 0.0, 1.0, 0.0]"
hMpxV/USA/CA-CDPH-1M1000336/2023|EPI_ISL_18399144|2023-08-20,"[0.0, 0.0, 0.0, 0.0, 0.0, 0.0, 0.0, 0.0, 0.0, 0.0, 0.0, 0.0, 0.0, 0.0, 0.0, 0.0, 0.0, 0.0, 0.0, 0.0, 0.0, 0.0, 0.0, 0.0, 0.0, 0.0, 0.0, 0.0, 0.0, 1.0, 0.0]"
hMpxV/USA/CA-CDPH-1M1000442/2023|EPI_ISL_18781629|2023-10-30,"[0.0, 0.0, 0.0, 0.0, 0.0, 0.0, 0.0, 0.0, 0.0, 0.0, 0.0, 0.0, 0.0, 0.0, 0.0, 0.0, 0.0, 0.0, 0.0, 0.0, 0.0, 0.0, 0.0, 0.0, 0.0, 0.0, 0.0, 0.0, 0.0, 1.0, 0.0]"
hMpxV/USA/CA-CDPH-1M1000542/2023|EPI_ISL_19170471|2023-10-25,"[0.0, 0.0, 0.0, 0.0, 0.0, 0.0, 0.0, 0.0, 0.0, 0.0, 0.0, 0.0, 0.0, 0.0, 0.0, 0.0, 0.0, 0.0, 0.0, 0.0, 0.0, 0.0, 0.0, 0.0, 0.0, 0.0, 0.0, 0.0, 0.0, 1.0, 0.0]"
hMpxV/USA/CA-CDPH-1M1000544/2023|EPI_ISL_19170473|2023-10-27,"[0.0, 0.0, 0.0, 0.0, 0.0, 0.0, 0.0, 0.0, 0.0, 0.0, 0.0, 0.0, 0.0, 0.0, 0.0, 0.0, 0.0, 0.0, 0.0, 0.0, 0.0, 0.0, 0.0, 0.0, 0.0, 0.0, 0.0, 0.0, 0.0, 1.0, 0.0]"
hMpxV/USA/CA-CDPH-1M1000540/2023|EPI_ISL_19170469|2023-11-01,"[0.0, 0.0, 0.0, 0.0, 0.0, 0.0, 0.0, 0.0, 0.0, 0.0, 0.0, 0.0, 0.0, 0.0, 0.0, 0.0, 0.0, 0.0, 0.0, 0.0, 0.0, 0.0, 0.0, 0.0, 0.0, 0.0, 0.0, 0.0, 0.0, 1.0, 0.0]"
hMpxV/USA/CA-CDPH-1M1000546/2023|EPI_ISL_19170475|2023-10-29,"[0.0, 0.0, 0.0, 0.0, 0.0, 0.0, 0.0, 0.0, 0.0, 0.0, 0.0, 0.0, 0.0, 0.0, 0.0, 0.0, 0.0, 0.0, 0.0, 0.0, 0.0, 0.0, 0.0, 0.0, 0.0, 0.0, 0.0, 0.0, 0.0, 1.0, 0.0]"
hMpxV/USA/CA-CDPH-1M1000541/2023|EPI_ISL_19170470|2023-10-25,"[0.0, 0.0, 0.0, 0.0, 0.0, 0.0, 0.0, 0.0, 0.0, 0.0, 0.0, 0.0, 0.0, 0.0, 0.0, 0.0, 0.0, 0.0, 0.0, 0.0, 0.0, 0.0, 0.0, 0.0, 0.0, 0.0, 0.0, 0.0, 0.0, 1.0, 0.0]"
hMpxV/USA/CA-CDPH-1M1000549/2023|EPI_ISL_19170478|2023-10-30,"[0.0, 0.0, 0.0, 0.0, 0.0, 0.0, 0.0, 0.0, 0.0, 0.0, 0.0, 0.0, 0.0, 0.0, 0.0, 0.0, 0.0, 0.0, 0.0, 0.0, 0.0, 0.0, 0.0, 0.0, 0.0, 0.0, 0.0, 0.0, 0.0, 1.0, 0.0]"
hMpxV/USA/CA-CDPH-1M1000615/2023|EPI_ISL_19295760|2023-09-23,"[0.0, 0.0, 0.0, 0.0, 0.0, 0.0, 0.0, 0.0, 0.0, 0.0, 0.0, 0.0, 0.0, 0.0, 0.0, 0.0, 0.0, 0.0, 0.0, 0.0, 0.0, 0.0, 0.0, 0.0, 0.0, 0.0, 0.0, 0.0, 0.0, 1.0, 0.0]"
hMpxV/USA/IL-RIPHL-050-0112/2023|EPI_ISL_19016768|2023-10-04,"[0.0, 0.0, 0.0, 0.0, 0.0, 0.0, 0.0, 0.0, 0.0, 0.0, 0.0, 0.0, 0.0, 0.0, 0.0, 0.0, 0.0, 0.0, 0.0, 0.0, 0.0, 0.0, 0.0, 0.0, 0.0, 0.0, 0.0, 0.0, 0.0, 1.0, 0.0]"
NODE_0000267,"[7.345613228084653e-08, 8.34390956201318e-09, 2.639776854903345e-07, 8.205030719112153e-09, 1.1775266421708867e-08, 8.323879251526141e-09, 8.361278789531937e-09, 8.277410845795828e-09, 8.28936505748589e-09, 8.210024597387813e-09, 8.289968351183792e-09, 8.258080856586537e-09, 7.811858980684286e-09, 8.207887200521921e-09, 1.8232992890781755e-08, 9.090319142851953e-08, 5.632080958040636e-08, 8.258080856587806e-09, 8.258080856586606e-09, 7.853293726903307e-09, 2.7984843989692203e-06, 7.984701051691493e-09, 4.813688576485778e-08, 8.25033981067345e-09, 1.7951685336230377e-08, 2.464335055133107e-08, 7.167087437816935e-09, 2.3431231263766047e-08, 7.833671167816155e-09, 0.9999964182216995, 8.280721284586143e-09]"
hMpxV/USA/CA-CDPH-1M1000391/2023|EPI_ISL_18781915|2023-10-20,"[0.0, 0.0, 0.0, 0.0, 0.0, 0.0, 0.0, 0.0, 0.0, 0.0, 0.0, 0.0, 0.0, 0.0, 0.0, 0.0, 0.0, 0.0, 0.0, 0.0, 0.0, 0.0, 0.0, 0.0, 0.0, 0.0, 0.0, 0.0, 0.0, 1.0, 0.0]"
hMpxV/USA/CA-CDPH-1M1000543/2023|EPI_ISL_19170472|2023-10-29,"[0.0, 0.0, 0.0, 0.0, 0.0, 0.0, 0.0, 0.0, 0.0, 0.0, 0.0, 0.0, 0.0, 0.0, 0.0, 0.0, 0.0, 0.0, 0.0, 0.0, 0.0, 0.0, 0.0, 0.0, 0.0, 0.0, 0.0, 0.0, 0.0, 1.0, 0.0]"
NODE_0000268,"[2.2519050802329803e-09, 2.5229287489798144e-10, 8.110940883474589e-09, 2.486613165822012e-10, 3.543447103756863e-10, 2.5190890350577323e-10, 2.531451834292918e-10, 2.5089658260312906e-10, 2.5119395185209705e-10, 2.4876130067071467e-10, 2.5133952980237627e-10, 2.50355601395211e-10, 2.3650236244956296e-10, 2.478711640450576e-10, 5.577225909468197e-10, 2.7804768498465383e-09, 1.7291002457406758e-09, 2.503556013955102e-10, 2.503556013952624e-10, 2.3756679724538765e-10, 8.719192302334418e-08, 2.41679996317603e-10, 1.4769363261156083e-09, 2.500739219344634e-10, 5.470988426772782e-10, 7.536681855018449e-10, 2.16356301100693e-10, 7.164741642188334e-10, 2.3717944340734646e-10, 0.9999998888519412, 2.5097137284756493e-10]"
hMpxV/USA/CA-CDPH-1M1000443/2023|EPI_ISL_18781630|2023-10-27,"[0.0, 0.0, 0.0, 0.0, 0.0, 0.0, 0.0, 0.0, 0.0, 0.0, 0.0, 0.0, 0.0, 0.0, 0.0, 0.0, 0.0, 0.0, 0.0, 0.0, 0.0, 0.0, 0.0, 0.0, 0.0, 0.0, 0.0, 0.0, 0.0, 1.0, 0.0]"
hMpxV/USA/CA-CDPH-1M1000547/2023|EPI_ISL_19170476|2023-10-25,"[0.0, 0.0, 0.0, 0.0, 0.0, 0.0, 0.0, 0.0, 0.0, 0.0, 0.0, 0.0, 0.0, 0.0, 0.0, 0.0, 0.0, 0.0, 0.0, 0.0, 0.0, 0.0, 0.0, 0.0, 0.0, 0.0, 0.0, 0.0, 0.0, 0.9999999999999999, 0.0]"
NODE_0000261,"[5.776892637737731e-11, 3.0844292754907035e-12, 3.3379714793964917e-10, 2.995363877298677e-12, 4.98687949021951e-12, 3.0669000330401493e-12, 3.1137235100085193e-12, 3.0726759897035e-12, 3.072376563736469e-12, 3.0137608028997922e-12, 3.10966924012744e-12, 3.0574386223138945e-12, 2.7806043258156293e-12, 2.9744662398305343e-12, 9.521606445224825e-12, 8.321948112489577e-11, 4.0157670077207765e-11, 3.0574386223147338e-12, 3.057438622314065e-12, 2.831322817866457e-12, 1.1512132984765065e-08, 2.810889577855312e-12, 3.532134628827015e-11, 3.0424016345238484e-12, 9.32207487134083e-12, 1.3700558571125914e-11, 2.463585144442178e-12, 1.284712718227377e-11, 2.814480258456955e-12, 0.999999987830729, 3.0763044094489575e-12]"
hMpxV/USA/CA-CDPH-1M1000539/2023|EPI_ISL_19170468|2023-11-02,"[0.0, 0.0, 0.0, 0.0, 0.0, 0.0, 0.0, 0.0, 0.0, 0.0, 0.0, 0.0, 0.0, 0.0, 0.0, 0.0, 0.0, 0.0, 0.0, 0.0, 0.0, 0.0, 0.0, 0.0, 0.0, 0.0, 0.0, 0.0, 0.0, 1.0, 0.0]"
hMpxV/USA/CA-CDPH-1M1000557/2023|EPI_ISL_19170486|2023-11-02,"[0.0, 0.0, 0.0, 0.0, 0.0, 0.0, 0.0, 0.0, 0.0, 0.0, 0.0, 0.0, 0.0, 0.0, 0.0, 0.0, 0.0, 0.0, 0.0, 0.0, 0.0, 0.0, 0.0, 0.0, 0.0, 0.0, 0.0, 0.0, 0.0, 1.0, 0.0]"
NODE_0000262,"[5.48056857081022e-10, 5.488066102138411e-11, 2.0478385464016293e-09, 5.4489859073429405e-11, 7.654927086795934e-11, 5.490826850835553e-11, 5.5359100525841127e-11, 5.507892201554672e-11, 5.5070328095594955e-11, 5.4482934453283404e-11, 5.528556730550775e-11, 5.5000730156516504e-11, 5.150404074946646e-11, 5.353155956358993e-11, 1.309962073857565e-10, 6.763736973381923e-10, 4.2258757930401893e-10, 5.5000730156588294e-11, 5.5000730156531716e-11, 5.164806186091268e-11, 2.558912659630404e-08, 5.253504360247973e-11, 3.6012856456736204e-10, 5.4874561561268376e-11, 1.2614516207126348e-10, 1.7755492005974702e-10, 4.646745199123694e-11, 1.6849370453997386e-10, 5.170955931906493e-11, 0.9999999686542502, 5.507048756504789e-11]"
hMpxV/USA/CA-CDPH-1M1000554/2023|EPI_ISL_19170483|2023-10-30,"[0.0, 0.0, 0.0, 0.0, 0.0, 0.0, 0.0, 0.0, 0.0, 0.0, 0.0, 0.0, 0.0, 0.0, 0.0, 0.0, 0.0, 0.0, 0.0, 0.0, 0.0, 0.0, 0.0, 0.0, 0.0, 0.0, 0.0, 0.0, 0.0, 1.0, 0.0]"
NODE_0000263,"[4.9260975872770476e-08, 5.288726611907338e-09, 1.8040542984245585e-07, 5.217438324054428e-09, 7.448062564217205e-09, 5.28023278082546e-09, 5.312708075847127e-09, 5.26834555750455e-09, 5.272572145170817e-09, 5.219491773935428e-09, 5.281598726863147e-09, 5.257830119479528e-09, 4.952378984862055e-09, 5.184411674985202e-09, 1.2002755033402036e-08, 6.098514804824642e-08, 3.7839829317992846e-08, 5.257830119480355e-09, 5.2578301194793965e-09, 4.975419629893171e-09, 2.060270923198587e-06, 5.0572808008502585e-09, 3.230656360094142e-08, 5.2498887006514775e-09, 1.17138193454058e-08, 1.6250597233435466e-08, 4.513996325079706e-09, 1.5437289525965655e-08, 4.969147073413941e-09, 0.9999974179921363, 5.269342523323364e-09]"
hMpxV/USA/CA-CDPH-1M1000500/2023|EPI_ISL_19143458|2023-11-19,"[0.0, 0.0, 0.0, 0.0, 0.0, 0.0, 0.0, 0.0, 0.0, 0.0, 0.0, 0.0, 0.0, 0.0, 0.0, 0.0, 0.0, 0.0, 0.0, 0.0, 0.0, 0.0, 0.0, 0.0, 0.0, 0.0, 0.0, 0.0, 0.0, 1.0, 0.0]"
hMpxV/USA/CA-CDPH-1M1000466/2023|EPI_ISL_18959323|2023-12-14,"[0.0, 0.0, 0.0, 0.0, 0.0, 0.0, 0.0, 0.0, 0.0, 0.0, 0.0, 0.0, 0.0, 0.0, 0.0, 0.0, 0.0, 0.0, 0.0, 0.0, 0.0, 0.0, 0.0, 0.0, 0.0, 0.0, 0.0, 0.0, 0.0, 1.0, 0.0]"
NODE_0000264,"[5.530650147018648e-07, 7.395982366685344e-08, 1.8786765754055877e-06, 7.208685559474779e-08, 1.048976873129829e-07, 7.361921576098444e-08, 7.360543784318948e-08, 7.25255596335606e-08, 7.276078135948036e-08, 7.21704801190413e-08, 7.242810049703612e-08, 7.228936437814307e-08, 6.922827179455124e-08, 7.347507717350283e-08, 1.4505473546144453e-07, 6.827177330721421e-07, 4.2217499920052706e-07, 7.22893643781545e-08, 7.228936437814363e-08, 6.971504272119512e-08, 1.6031596680704757e-05, 7.094845642533351e-08, 3.618343104510087e-07, 7.233932463027133e-08, 1.4635096124179657e-07, 1.9499916096525133e-07, 6.469966519854602e-08, 1.8589809506824263e-07, 6.930176537581228e-08, 0.9999779304055021, 7.259659340471988e-08]"
hMpxV/USA/CA-LACPHL-MA00614/2023|EPI_ISL_18993204|2023-12-05,"[0.0, 0.0, 0.0, 0.0, 0.0, 0.0, 0.0, 0.0, 0.0, 0.0, 0.0, 0.0, 0.0, 0.0, 0.0, 0.0, 0.0, 0.0, 0.0, 0.0, 0.0, 0.0, 0.0, 0.0, 0.0, 0.0, 0.0, 0.0, 0.0, 1.0, 0.0]"
NODE_0000265,"[2.0291140494926358e-08, 1.7118251022504126e-09, 9.937963019697034e-08, 1.6260809058749592e-09, 2.7853151462310783e-09, 1.693225328808642e-09, 1.6972140592115766e-09, 1.655151532993609e-09, 1.6628813586663956e-09, 1.6380137812522293e-09, 1.6618190701092428e-09, 1.6431215316853253e-09, 1.5454527378068918e-09, 1.6952693215877148e-09, 3.9280855328467735e-09, 2.8844580860866904e-08, 1.3983225261131007e-08, 1.6431215316858278e-09, 1.6431215316854173e-09, 1.5794809270176878e-09, 1.8413379985294488e-06, 1.5739145827755596e-09, 1.2379193453446856e-08, 1.642295949790356e-09, 4.099925474459123e-09, 5.557519842016308e-09, 1.4383567112383897e-09, 5.250571130321862e-09, 1.556545074864223e-09, 0.999997931196352, 1.659571005482169e-09]"
hMpxV/USA/CA-CDPH-1M1000496/2024|EPI_ISL_19143455|2024-01-13,"[0.0, 0.0, 0.0, 0.0, 0.0, 0.0, 0.0, 0.0, 0.0, 0.0, 0.0, 0.0, 0.0, 0.0, 0.0, 0.0, 0.0, 0.0, 0.0, 0.0, 0.0, 0.0, 0.0, 0.0, 0.0, 0.0, 0.0, 0.0, 0.0, 1.0, 0.0]"
hMpxV/USA/WA-UW-251694/2024|EPI_ISL_19131279|2024-04-16,"[0.0, 0.0, 0.0, 0.0, 0.0, 0.0, 0.0, 0.0, 0.0, 0.0, 0.0, 0.0, 0.0, 0.0, 0.0, 0.0, 0.0, 0.0, 0.0, 0.0, 0.0, 0.0, 0.0, 0.0, 0.0, 0.0, 0.0, 0.0, 0.0, 1.0, 0.0]"
NODE_0000266,"[8.173306251601941e-10, 5.371118131994328e-11, 4.337661097618204e-09, 5.186299109140338e-11, 8.605218047798972e-11, 5.3371000483380356e-11, 5.388616743171852e-11, 5.30035789293786e-11, 5.30936037424319e-11, 5.218376514453999e-11, 5.3452428094257166e-11, 5.2703667640161086e-11, 4.8615872184285634e-11, 5.235516999069791e-11, 1.4616718546857416e-10, 1.1600616196820367e-09, 5.685586392620764e-10, 5.270366764017447e-11, 5.270366764016335e-11, 4.949733530399099e-11, 1.1079845965954118e-07, 4.930920606074542e-11, 5.007115504588976e-10, 5.254053790648993e-11, 1.4646087310408663e-10, 2.0824774204484558e-10, 4.3880709775700165e-11, 1.9596990961154914e-10, 4.908855175074187e-11, 0.9999998800532633, 5.3092359534595824e-11]"
hMpxV/USA/CA-LACPHL-MA00647/2024|EPI_ISL_19273375|2024-06-26,"[0.0, 0.0, 0.0, 0.0, 0.0, 0.0, 0.0, 0.0, 0.0, 0.0, 0.0, 0.0, 0.0, 0.0, 0.0, 0.0, 0.0, 0.0, 0.0, 0.0, 0.0, 0.0, 0.0, 0.0, 0.0, 0.0, 0.0, 0.0, 0.0, 1.0, 0.0]"
hMpxV/USA/CA-CDPH-1M1000640/2024|EPI_ISL_19295783|2024-06-26,"[0.0, 0.0, 0.0, 0.0, 0.0, 0.0, 0.0, 0.0, 0.0, 0.0, 0.0, 0.0, 0.0, 0.0, 0.0, 0.0, 0.0, 0.0, 0.0, 0.0, 0.0, 0.0, 0.0, 0.0, 0.0, 0.0, 0.0, 0.0, 0.0, 1.0, 0.0]"
hMpxV/USA/WA-UW-190625/2024|EPI_ISL_19336732|2024-07-12,"[0.0, 0.0, 0.0, 0.0, 0.0, 0.0, 0.0, 0.0, 0.0, 0.0, 0.0, 0.0, 0.0, 0.0, 0.0, 0.0, 0.0, 0.0, 0.0, 0.0, 0.0, 0.0, 0.0, 0.0, 0.0, 0.0, 0.0, 0.0, 0.0, 1.0, 0.0]"
NODE_0000158,"[3.751311064017212e-07, 5.064842067543249e-08, 1.2592588181752423e-06, 4.953962888275369e-08, 7.105259189241644e-08, 5.049169349396183e-08, 5.047894393748664e-08, 4.982371534667101e-08, 4.997403131262827e-08, 4.957593058679115e-08, 4.975118152750369e-08, 4.967457610121516e-08, 4.755806959309602e-08, 5.0283729624220684e-08, 9.946919524533746e-08, 4.593901017861013e-07, 2.874245239119223e-07, 4.967457610122231e-08, 4.967457610121656e-08, 4.781684251049964e-08, 1.0457374172261885e-05, 4.874597272926037e-08, 2.460279811790755e-07, 4.970564815454598e-08, 9.997316343651132e-08, 1.3340305117555204e-07, 4.4338006274747304e-08, 1.2721382525256155e-07, 4.7595122237751034e-08, 0.9999854490647986, 4.986600573331439e-08]"
NODE_0000252,"[1.923990721915719e-11, 9.304966476678055e-13, 1.1517802749253548e-10, 9.084579792134045e-13, 1.5002397022310157e-12, 9.263996515724225e-13, 9.432369612675033e-13, 9.334303135264007e-13, 9.323132097940272e-13, 9.13714438437575e-13, 9.46302384255543e-13, 9.293326499883895e-13, 8.388927228767067e-13, 8.918536860423478e-13, 3.0671791954335892e-12, 2.7772684798194627e-11, 1.3407749978897596e-11, 9.293326499887876e-13, 9.293326499883762e-13, 8.533398442368199e-13, 4.555475732262602e-09, 8.466644629599982e-13, 1.1774826111687462e-11, 9.23845705573662e-13, 2.9581414472471076e-12, 4.426946257665751e-12, 7.348476221769049e-13, 4.144582188085313e-12, 8.499859629092596e-13, 0.9999999952239579, 9.341988220430336e-13]"
hMpxV/USA/CA-CDPH-1M1000424/2023|EPI_ISL_18781808|2023-10-09,"[0.0, 0.0, 0.0, 0.0, 0.0, 0.0, 0.0, 0.0, 0.0, 0.0, 0.0, 0.0, 0.0, 0.0, 0.0, 0.0, 0.0, 0.0, 0.0, 0.0, 0.0, 0.0, 0.0, 0.0, 0.0, 0.0, 0.0, 0.0, 0.0, 1.0, 0.0]"
hMpxV/USA/CA-CDPH-1M1000425/2023|EPI_ISL_18781809|2023-09-26,"[0.0, 0.0, 0.0, 0.0, 0.0, 0.0, 0.0, 0.0, 0.0, 0.0, 0.0, 0.0, 0.0, 0.0, 0.0, 0.0, 0.0, 0.0, 0.0, 0.0, 0.0, 0.0, 0.0, 0.0, 0.0, 0.0, 0.0, 0.0, 0.0, 0.9999999999999999, 0.0]"
hMpxV/USA/CA-CDPH-1M1000411/2023|EPI_ISL_18781840|2023-09-27,"[0.0, 0.0, 0.0, 0.0, 0.0, 0.0, 0.0, 0.0, 0.0, 0.0, 0.0, 0.0, 0.0, 0.0, 0.0, 0.0, 0.0, 0.0, 0.0, 0.0, 0.0, 0.0, 0.0, 0.0, 0.0, 0.0, 0.0, 0.0, 0.0, 0.9999999999999999, 0.0]"
NODE_0000159,"[2.669763114394782e-23, 6.224983623535525e-28, 1.0109104392786516e-21, 4.791778781126325e-28, 3.947008103557364e-27, 5.81777412563482e-28, 6.2040895463729e-28, 5.589340648768257e-28, 5.643988023309277e-28, 5.10916686367105e-28, 6.019219770787381e-28, 5.3499156636141505e-28, 3.8210869482783238e-28, 5.570235536812715e-28, 1.3339428853248775e-26, 9.84631531582578e-24, 4.449348780095112e-25, 5.349915663620458e-28, 5.3499156636150545e-28, 4.488585786484265e-28, 9.145021595149369e-17, 3.615080472952986e-28, 5.605112599263062e-25, 5.2335976572270925e-28, 1.9128441279566462e-26, 2.5456581733337307e-25, 2.9853447432886165e-28, 2.556663466023402e-26, 4.144831792696582e-28, 0.9999999999999998, 5.683411318934466e-28]"
hMpxV/USA/CA-LACPHL-MA00582/2024|EPI_ISL_18952716|2024-01-22,"[0.0, 0.0, 0.0, 0.0, 0.0, 0.0, 0.0, 0.0, 0.0, 0.0, 0.0, 0.0, 0.0, 0.0, 0.0, 0.0, 0.0, 0.0, 0.0, 0.0, 0.0, 0.0, 0.0, 0.0, 0.0, 0.0, 0.0, 0.0, 0.0, 1.0, 0.0]"
hMpxV/USA/CA-CDPH-1M1000491/2023|EPI_ISL_19143453|2023-12-12,"[0.0, 0.0, 0.0, 0.0, 0.0, 0.0, 0.0, 0.0, 0.0, 0.0, 0.0, 0.0, 0.0, 0.0, 0.0, 0.0, 0.0, 0.0, 0.0, 0.0, 0.0, 0.0, 0.0, 0.0, 0.0, 0.0, 0.0, 0.0, 0.0, 1.0, 0.0]"
hMpxV/USA/CA-CDPH-1M1000489/2023|EPI_ISL_19143451|2023-12-06,"[0.0, 0.0, 0.0, 0.0, 0.0, 0.0, 0.0, 0.0, 0.0, 0.0, 0.0, 0.0, 0.0, 0.0, 0.0, 0.0, 0.0, 0.0, 0.0, 0.0, 0.0, 0.0, 0.0, 0.0, 0.0, 0.0, 0.0, 0.0, 0.0, 1.0, 0.0]"
hMpxV/USA/CA-CDPH-1M1000376/2023|EPI_ISL_18781787|2023-09-08,"[0.0, 0.0, 0.0, 0.0, 0.0, 0.0, 0.0, 0.0, 0.0, 0.0, 0.0, 0.0, 0.0, 0.0, 0.0, 0.0, 0.0, 0.0, 0.0, 0.0, 0.0, 0.0, 0.0, 0.0, 0.0, 0.0, 0.0, 0.0, 0.0, 1.0, 0.0]"
hMpxV/USA/CA-CDPH-1M1000462/2023|EPI_ISL_18959319|2023-12-27,"[0.0, 0.0, 0.0, 0.0, 0.0, 0.0, 0.0, 0.0, 0.0, 0.0, 0.0, 0.0, 0.0, 0.0, 0.0, 0.0, 0.0, 0.0, 0.0, 0.0, 0.0, 0.0, 0.0, 0.0, 0.0, 0.0, 0.0, 0.0, 0.0, 1.0, 0.0]"
hMpxV/USA/CA-LACPHL-MA00605/2023|EPI_ISL_18993201|2023-10-19,"[0.0, 0.0, 0.0, 0.0, 0.0, 0.0, 0.0, 0.0, 0.0, 0.0, 0.0, 0.0, 0.0, 0.0, 0.0, 0.0, 0.0, 0.0, 0.0, 0.0, 0.0, 0.0, 0.0, 0.0, 0.0, 0.0, 0.0, 0.0, 0.0, 1.0, 0.0]"
hMpxV/USA/IL-RIPHL-004-0161/2024|EPI_ISL_19158950|2024-03-04,"[0.0, 0.0, 0.0, 0.0, 0.0, 0.0, 0.0, 0.0, 0.0, 0.0, 0.0, 0.0, 0.0, 0.0, 0.0, 0.0, 0.0, 0.0, 0.0, 0.0, 0.0, 0.0, 0.0, 0.0, 0.0, 0.0, 0.0, 0.0, 0.0, 0.9999999999999999, 0.0]"
hMpxV/USA/CA-LACPHL-MA00610/2023|EPI_ISL_18993198|2023-11-29,"[0.0, 0.0, 0.0, 0.0, 0.0, 0.0, 0.0, 0.0, 0.0, 0.0, 0.0, 0.0, 0.0, 0.0, 0.0, 0.0, 0.0, 0.0, 0.0, 0.0, 0.0, 0.0, 0.0, 0.0, 0.0, 0.0, 0.0, 0.0, 0.0, 1.0, 0.0]"
hMpxV/USA/CA-LACPHL-MA00601/2023|EPI_ISL_18993188|2023-10-23,"[0.0, 0.0, 0.0, 0.0, 0.0, 0.0, 0.0, 0.0, 0.0, 0.0, 0.0, 0.0, 0.0, 0.0, 0.0, 0.0, 0.0, 0.0, 0.0, 0.0, 0.0, 0.0, 0.0, 0.0, 0.0, 0.0, 0.0, 0.0, 0.0, 0.9999999999999999, 0.0]"
hMpxV/USA/CA-CDPH-1M1000550/2023|EPI_ISL_19170479|2023-10-27,"[0.0, 0.0, 0.0, 0.0, 0.0, 0.0, 0.0, 0.0, 0.0, 0.0, 0.0, 0.0, 0.0, 0.0, 0.0, 0.0, 0.0, 0.0, 0.0, 0.0, 0.0, 0.0, 0.0, 0.0, 0.0, 0.0, 0.0, 0.0, 0.0, 1.0, 0.0]"
NODE_0000244,"[2.7567022181716748e-12, 1.3077001126824147e-13, 1.6538969470364424e-11, 1.27988597712676e-13, 2.0986527040627912e-13, 1.3030750533595053e-13, 1.327564100176979e-13, 1.3154244137374417e-13, 1.313433395990598e-13, 1.2870280425567428e-13, 1.3340545682135965e-13, 1.3099238505822402e-13, 1.1803390894645947e-13, 1.251544698909009e-13, 4.377823910616689e-13, 3.9675176654931255e-12, 1.9252233529976913e-12, 1.3099238505838497e-13, 1.3099238505825618e-13, 1.1996919230553682e-13, 6.626829770251077e-10, 1.190880803050904e-13, 1.6890938304320408e-12, 1.3018687337891312e-13, 4.2030207738305047e-13, 6.319312269256426e-13, 1.0305721118347795e-13, 5.91462158689348e-13, 1.1961438867284075e-13, 0.9999999993057416, 1.3163493608744962e-13]"
hMpxV/USA/CA-CDPH-1M1000374/2023|EPI_ISL_18781786|2023-09-19,"[0.0, 0.0, 0.0, 0.0, 0.0, 0.0, 0.0, 0.0, 0.0, 0.0, 0.0, 0.0, 0.0, 0.0, 0.0, 0.0, 0.0, 0.0, 0.0, 0.0, 0.0, 0.0, 0.0, 0.0, 0.0, 0.0, 0.0, 0.0, 0.0, 0.9999999999999999, 0.0]"
hMpxV/USA/CA-CDPH-1M1000379/2023|EPI_ISL_18781791|2023-10-04,"[0.0, 0.0, 0.0, 0.0, 0.0, 0.0, 0.0, 0.0, 0.0, 0.0, 0.0, 0.0, 0.0, 0.0, 0.0, 0.0, 0.0, 0.0, 0.0, 0.0, 0.0, 0.0, 0.0, 0.0, 0.0, 0.0, 0.0, 0.0, 0.0, 1.0, 0.0]"
hMpxV/USA/CA-CDPH-1M1000623/2023|EPI_ISL_19295768|2023-09-22,"[0.0, 0.0, 0.0, 0.0, 0.0, 0.0, 0.0, 0.0, 0.0, 0.0, 0.0, 0.0, 0.0, 0.0, 0.0, 0.0, 0.0, 0.0, 0.0, 0.0, 0.0, 0.0, 0.0, 0.0, 0.0, 0.0, 0.0, 0.0, 0.0, 1.0, 0.0]"
NODE_0000245,"[1.0076926977680294e-09, 8.032802888926155e-11, 4.868128066392157e-09, 7.74571953226667e-11, 1.2615772153968228e-10, 7.985605707904252e-11, 8.027074327899509e-11, 7.88650491971229e-11, 7.909308927157871e-11, 7.789472906723705e-11, 7.928609355000662e-11, 7.84049875831398e-11, 7.318923711141985e-11, 7.894312986336522e-11, 1.9664295774011411e-10, 1.3946940684663079e-09, 7.070751939107004e-10, 7.840498758322408e-11, 7.840498758315691e-11, 7.439574494340111e-11, 9.244625470972034e-08, 7.445652314719118e-11, 6.216286023974328e-10, 7.827611951735148e-11, 1.9970924199265713e-10, 2.7676762945764513e-10, 6.69604996749671e-11, 2.6134598569227876e-10, 7.372502152855409e-11, 0.9999998964266765, 7.901429913487687e-11]"
hMpxV/USA/CA-CDPH-1M1000601/2024|EPI_ISL_19295750|2024-05-19,"[0.0, 0.0, 0.0, 0.0, 0.0, 0.0, 0.0, 0.0, 0.0, 0.0, 0.0, 0.0, 0.0, 0.0, 0.0, 0.0, 0.0, 0.0, 0.0, 0.0, 0.0, 0.0, 0.0, 0.0, 0.0, 0.0, 0.0, 0.0, 0.0, 1.0, 0.0]"
hMpxV/USA/CA-CDPH-1M1000605/2024|EPI_ISL_19295754|2024-05-28,"[0.0, 0.0, 0.0, 0.0, 0.0, 0.0, 0.0, 0.0, 0.0, 0.0, 0.0, 0.0, 0.0, 0.0, 0.0, 0.0, 0.0, 0.0, 0.0, 0.0, 0.0, 0.0, 0.0, 0.0, 0.0, 0.0, 0.0, 0.0, 0.0, 1.0, 0.0]"
NODE_0000246,"[1.5091643234448208e-09, 8.965317960174729e-11, 8.475743718704112e-09, 8.612084531110834e-11, 1.475287788035884e-10, 8.881491499426309e-11, 8.988656719009143e-11, 8.820637443803762e-11, 8.833402250831652e-11, 8.672825470528833e-11, 8.909894808158527e-11, 8.768502818059193e-11, 8.048080030759771e-11, 8.713927844918038e-11, 2.5570808008255657e-10, 2.188960972343164e-09, 1.0420565345554597e-09, 8.768502818061281e-11, 8.768502818059058e-11, 8.22182918923195e-11, 2.5668863486964303e-07, 8.150014333665768e-11, 9.194767658708396e-10, 8.736200899014078e-11, 2.558339054409433e-10, 3.674660454085826e-10, 7.249234971203758e-11, 3.451130153952419e-10, 8.138968046521589e-11, 0.9999997261734722, 8.836017941778547e-11]"
hMpxV/USA/CA-LACPHL-MA00659/2024|EPI_ISL_19347730|2024-07-05,"[0.0, 0.0, 0.0, 0.0, 0.0, 0.0, 0.0, 0.0, 0.0, 0.0, 0.0, 0.0, 0.0, 0.0, 0.0, 0.0, 0.0, 0.0, 0.0, 0.0, 0.0, 0.0, 0.0, 0.0, 0.0, 0.0, 0.0, 0.0, 0.0, 0.9999999999999999, 0.0]"
hMpxV/USA/WA-UW-902910/2024|EPI_ISL_19370101|2024-08-10,"[0.0, 0.0, 0.0, 0.0, 0.0, 0.0, 0.0, 0.0, 0.0, 0.0, 0.0, 0.0, 0.0, 0.0, 0.0, 0.0, 0.0, 0.0, 0.0, 0.0, 0.0, 0.0, 0.0, 0.0, 0.0, 0.0, 0.0, 0.0, 0.0, 1.0, 0.0]"
hMpxV/USA/WA-UW-500470/2024|EPI_ISL_19370102|2024-08-10,"[0.0, 0.0, 0.0, 0.0, 0.0, 0.0, 0.0, 0.0, 0.0, 0.0, 0.0, 0.0, 0.0, 0.0, 0.0, 0.0, 0.0, 0.0, 0.0, 0.0, 0.0, 0.0, 0.0, 0.0, 0.0, 0.0, 0.0, 0.0, 0.0, 1.0, 0.0]"
NODE_0000247,"[2.345328186596035e-05, 2.385558151264346e-05, 2.4771180721165728e-05, 2.426268436037042e-05, 2.327613060930742e-05, 2.411186287637466e-05, 2.3594327017206244e-05, 2.3547743889000183e-05, 2.3685735510821134e-05, 2.386545980239023e-05, 2.294491789053856e-05, 2.3643163844663887e-05, 2.3355827447434256e-05, 2.4229425715425695e-05, 1.689949931086148e-05, 2.5450060873884064e-05, 3.152994118269843e-05, 2.3643163844665747e-05, 2.364316384466661e-05, 2.2602532748884465e-05, 1.9958008162707954e-05, 2.4985117753427955e-05, 2.174338986806407e-05, 2.384783670278962e-05, 1.6349647713985524e-05, 0.9990845512109454, 2.1042788855102137e-05, 2.5784875599452446e-05, 2.2845352220944436e-05, 0.00023902956985541611, 2.349651745367021e-05]"
NODE_0000248,"[1.9110421715559872e-07, 2.580645610520419e-07, 1.7636074169389539e-07, 2.6550625944304247e-07, 2.3573993451651915e-07, 2.6171263450372457e-07, 2.562760903197806e-07, 2.5673872150423085e-07, 2.5795480211911566e-07, 2.600751906805378e-07, 2.496291509042388e-07, 2.58379836794712e-07, 2.5083641162383637e-07, 2.599351997322723e-07, 1.567730469677492e-07, 2.1935382252977838e-07, 3.0644445583095986e-07, 2.5837983679475016e-07, 2.583798367947804e-07, 2.4072962730658223e-07, 1.3777578089949634e-07, 2.7087395764818005e-07, 1.9611869330618416e-07, 2.6057662467186987e-07, 1.470913039410798e-07, 0.9999916406600237, 2.1589829546790193e-07, 2.655754667928342e-07, 2.445151803331404e-07, 1.4867018825761498e-06, 2.558384124587947e-07]"
hMpxV/South_Africa/NICD-SVPL_360/2024|EPI_ISL_19542508|2024-06-28,"[0.0, 0.0, 0.0, 0.0, 0.0, 0.0, 0.0, 0.0, 0.0, 0.0, 0.0, 0.0, 0.0, 0.0, 0.0, 0.0, 0.0, 0.0, 0.0, 0.0, 0.0, 0.0, 0.0, 0.0, 0.0, 1.0, 0.0, 0.0, 0.0, 0.0, 0.0]"
NODE_0000249,"[1.8686963271200722e-09, 3.310231936528648e-09, 1.3782418440066407e-09, 3.4564561061330552e-09, 2.7989492590387745e-09, 3.368881021771762e-09, 3.299729732979224e-09, 3.3266507471728676e-09, 3.34040719559012e-09, 3.372691709242129e-09, 3.2269681623301936e-09, 3.3539929694784925e-09, 3.2504796405207348e-09, 3.3232122592305573e-09, 1.8092112921170978e-09, 2.053923066169466e-09, 3.3640707332142296e-09, 3.3539929694821784e-09, 3.3539929694832778e-09, 3.0935115384979718e-09, 7.551775662732917e-10, 3.5311700056738195e-09, 2.0620363443360136e-09, 3.3837771957020423e-09, 1.6432187135715542e-09, 0.9999999124068647, 2.7559701618004035e-09, 3.148983459364104e-09, 3.162305086942817e-09, 4.1340923647076895e-09, 3.3121127664548443e-09]"
hMpxV/South_Africa/NICD-SVPL_231/2024|EPI_ISL_19542510|2024-06-10,"[0.0, 0.0, 0.0, 0.0, 0.0, 0.0, 0.0, 0.0, 0.0, 0.0, 0.0, 0.0, 0.0, 0.0, 0.0, 0.0, 0.0, 0.0, 0.0, 0.0, 0.0, 0.0, 0.0, 0.0, 0.0, 1.0, 0.0, 0.0, 0.0, 0.0, 0.0]"
hMpxV/South_Africa/NICD-SVPL_164/2024|EPI_ISL_19542512|2024-05-10,"[0.0, 0.0, 0.0, 0.0, 0.0, 0.0, 0.0, 0.0, 0.0, 0.0, 0.0, 0.0, 0.0, 0.0, 0.0, 0.0, 0.0, 0.0, 0.0, 0.0, 0.0, 0.0, 0.0, 0.0, 0.0, 1.0, 0.0, 0.0, 0.0, 0.0, 0.0]"
NODE_0000250,"[1.110737382759071e-07, 1.7190546905900875e-07, 9.20492933432072e-08, 1.7833594452636274e-07, 1.5057829887455687e-07, 1.7467496943515726e-07, 1.7104250855728883e-07, 1.7196371457381155e-07, 1.7271627410256027e-07, 1.7433129693904803e-07, 1.669819566445354e-07, 1.7324258850528191e-07, 1.6838524258887458e-07, 1.7297453343719995e-07, 9.931010479698855e-08, 1.2373145730756452e-07, 1.869895541543334e-07, 1.7324258850530738e-07, 1.7324258850531598e-07, 1.6086375025317529e-07, 6.075495085356129e-08, 1.8233146472313533e-07, 1.1757527860889015e-07, 1.7475755927805429e-07, 9.171082191454558e-08, 0.9999950392479228, 1.4424507446689357e-07, 1.6896413426857883e-07, 1.6394997747755234e-07, 5.175466629063783e-07, 1.7128028022970826e-07]"
hMpxV/South_Africa/NICD-SVPL_193/2024|EPI_ISL_19542511|2024-06-06,"[0.0, 0.0, 0.0, 0.0, 0.0, 0.0, 0.0, 0.0, 0.0, 0.0, 0.0, 0.0, 0.0, 0.0, 0.0, 0.0, 0.0, 0.0, 0.0, 0.0, 0.0, 0.0, 0.0, 0.0, 0.0, 0.9999999999999999, 0.0, 0.0, 0.0, 0.0, 0.0]"
NODE_0000251,"[4.749628357076769e-10, 8.649052451968669e-10, 3.399208619267988e-10, 9.045185139873326e-10, 7.256015003630434e-10, 8.806300958563476e-10, 8.624935444883351e-10, 8.703555727731621e-10, 8.74148795404984e-10, 8.823056615925317e-10, 8.440556630079025e-10, 8.773865363509386e-10, 8.503836086623202e-10, 8.68297984241864e-10, 4.671103492886747e-10, 5.166634567664567e-10, 8.628772367569904e-10, 8.773865363515113e-10, 8.773865363518446e-10, 8.087102452929269e-10, 1.7138445041965396e-10, 9.245156292189456e-10, 5.273954402241536e-10, 8.853170959262322e-10, 4.225702237961316e-10, 0.9999999776160038, 7.210363385558248e-10, 8.150923501869554e-10, 8.275589722752419e-10, 6.924069020225511e-10, 8.666178633904336e-10]"
hMpxV/South_Africa/NICD-SVPL_189/2024|EPI_ISL_19542513|2024-06-01,"[0.0, 0.0, 0.0, 0.0, 0.0, 0.0, 0.0, 0.0, 0.0, 0.0, 0.0, 0.0, 0.0, 0.0, 0.0, 0.0, 0.0, 0.0, 0.0, 0.0, 0.0, 0.0, 0.0, 0.0, 0.0, 1.0, 0.0, 0.0, 0.0, 0.0, 0.0]"
hMpxV/South_Africa/NICD-SVPL_180/2024|EPI_ISL_19542514|2024-05-31,"[0.0, 0.0, 0.0, 0.0, 0.0, 0.0, 0.0, 0.0, 0.0, 0.0, 0.0, 0.0, 0.0, 0.0, 0.0, 0.0, 0.0, 0.0, 0.0, 0.0, 0.0, 0.0, 0.0, 0.0, 0.0, 1.0, 0.0, 0.0, 0.0, 0.0, 0.0]"
NODE_0000160,"[0.24728080061982588, 2.37981445137801e-05, 0.033787260396783265, 2.327082599229894e-05, 5.4343088880064995e-05, 2.3725257506969948e-05, 2.5257147779746718e-05, 2.344453292378397e-05, 2.3540309711532738e-05, 2.3311991087463994e-05, 2.337189291853124e-05, 2.3354557323261018e-05, 2.1833540414345627e-05, 2.3592953471477306e-05, 4.114168735730626e-05, 0.00011544514512116594, 6.550944666397097e-05, 2.3354557323261072e-05, 2.335455732326117e-05, 2.1962367096253207e-05, 0.0023289752384832115, 2.2457158729327088e-05, 0.0001558616261108487, 2.3374422615126922e-05, 7.035180883965826e-05, 4.164910538556922e-05, 1.945455147577983e-05, 4.081870921128468e-05, 2.183617716148252e-05, 0.715580080581448, 2.346760052207422e-05]"
hMpxV/Australia/VIC-VIDRL-7136/2024|EPI_ISL_19459786|2024-01-24,"[1.0, 0.0, 0.0, 0.0, 0.0, 0.0, 0.0, 0.0, 0.0, 0.0, 0.0, 0.0, 0.0, 0.0, 0.0, 0.0, 0.0, 0.0, 0.0, 0.0, 0.0, 0.0, 0.0, 0.0, 0.0, 0.0, 0.0, 0.0, 0.0, 0.0, 0.0]"
hMpxV/USA/CA-LACPHL-MA00616/2024|EPI_ISL_18993192|2024-02-12,"[0.0, 0.0, 0.0, 0.0, 0.0, 0.0, 0.0, 0.0, 0.0, 0.0, 0.0, 0.0, 0.0, 0.0, 0.0, 0.0, 0.0, 0.0, 0.0, 0.0, 0.0, 0.0, 0.0, 0.0, 0.0, 0.0, 0.0, 0.0, 0.0, 1.0, 0.0]"
NODE_0000161,"[8.934710939710606e-05, 2.1777215804384017e-08, 0.9998653187388479, 2.153059030675088e-08, 1.3476593729219634e-07, 2.1740726618451555e-08, 2.6110019128962553e-08, 3.488046875682005e-08, 4.63729914917268e-08, 2.1818000849463866e-08, 2.5890488259579198e-08, 2.166655564006589e-08, 1.9703794315882203e-08, 2.2095409967042006e-08, 3.1594275578906114e-08, 7.985157034080971e-08, 3.200654435983729e-08, 2.1666555640053067e-08, 2.166655564005786e-08, 1.9961720683885922e-08, 2.8858081689110677e-06, 2.0315941634359146e-08, 2.491713369337032e-06, 2.6223929741021124e-08, 3.5408523995069137e-06, 2.61315826131633e-08, 2.1905298861160116e-08, 2.630134989242282e-08, 1.9825411045980653e-08, 3.560853427810677e-05, 4.1440604663478135e-08]"
NODE_0000242,"[7.970374703839968e-08, 1.6464499653334784e-08, 0.9999982652279754, 1.663334007958665e-08, 1.112883585854289e-07, 1.655083271294335e-08, 2.012308827956942e-08, 1.650639191292293e-08, 1.6559261852192837e-08, 1.6559884776731668e-08, 1.631407334787749e-08, 1.6515313317156168e-08, 1.5825056890213306e-08, 1.648831718829652e-08, 1.1321008840778431e-08, 3.918149317915386e-08, 1.6349583505422912e-08, 1.6515313317152885e-08, 1.6515313317154308e-08, 1.5644057147451723e-08, 3.6646254961181253e-07, 1.6369987477868195e-08, 3.8955273901032864e-07, 1.656502454614983e-08, 2.7274331681888528e-08, 1.5976656644613978e-08, 1.4162095827288214e-08, 1.6119374884248118e-08, 1.5687283456484135e-08, 3.490495151747002e-07, 1.649353143133384e-08]"
hMpxV/Brazil/SC-FIOCRUZ-10557/2024|EPI_ISL_19416193|2024-04-17,"[0.0, 0.0, 1.0, 0.0, 0.0, 0.0, 0.0, 0.0, 0.0, 0.0, 0.0, 0.0, 0.0, 0.0, 0.0, 0.0, 0.0, 0.0, 0.0, 0.0, 0.0, 0.0, 0.0, 0.0, 0.0, 0.0, 0.0, 0.0, 0.0, 0.0, 0.0]"
NODE_0000243,"[2.733242098431336e-14, 3.806327496859442e-15, 0.9999999999967337, 3.790278345861886e-15, 1.0286184104034738e-13, 3.8113694599201e-15, 5.404631810022281e-15, 3.841042128717925e-15, 3.8467815649112495e-15, 3.800406919788617e-15, 3.841644177965861e-15, 3.831065953064371e-15, 3.4383046397489863e-15, 3.712414595392099e-15, 2.242453811691137e-15, 1.9087785004844734e-14, 3.546056920587322e-15, 3.831065953056205e-15, 3.831065953059118e-15, 3.4524240510880698e-15, 1.5500469991599344e-12, 3.5094185741207443e-15, 9.136281505357347e-13, 3.823550298013304e-15, 9.567514301111626e-15, 3.736351191993948e-15, 2.8492852110472194e-15, 3.821945113128441e-15, 3.445360755087882e-15, 5.586111514481754e-13, 3.840769283546675e-15]"
hMpxV/Brazil/SC-FIOCRUZ-10556/2024|EPI_ISL_19416192|2024-04-15,"[0.0, 0.0, 0.9999999999999999, 0.0, 0.0, 0.0, 0.0, 0.0, 0.0, 0.0, 0.0, 0.0, 0.0, 0.0, 0.0, 0.0, 0.0, 0.0, 0.0, 0.0, 0.0, 0.0, 0.0, 0.0, 0.0, 0.0, 0.0, 0.0, 0.0, 0.0, 0.0]"
hMpxV/Brazil/SC-FIOCRUZ-10558/2024|EPI_ISL_19416194|2024-04-22,"[0.0, 0.0, 1.0, 0.0, 0.0, 0.0, 0.0, 0.0, 0.0, 0.0, 0.0, 0.0, 0.0, 0.0, 0.0, 0.0, 0.0, 0.0, 0.0, 0.0, 0.0, 0.0, 0.0, 0.0, 0.0, 0.0, 0.0, 0.0, 0.0, 0.0, 0.0]"
hMpxV/Brazil/SC-FIOCRUZ-10559/2024|EPI_ISL_19416195|2024-05-16,"[0.0, 0.0, 1.0, 0.0, 0.0, 0.0, 0.0, 0.0, 0.0, 0.0, 0.0, 0.0, 0.0, 0.0, 0.0, 0.0, 0.0, 0.0, 0.0, 0.0, 0.0, 0.0, 0.0, 0.0, 0.0, 0.0, 0.0, 0.0, 0.0, 0.0, 0.0]"
hMpxV/Brazil/SC-FIOCRUZ-10560/2024|EPI_ISL_19416196|2024-05-17,"[0.0, 0.0, 1.0, 0.0, 0.0, 0.0, 0.0, 0.0, 0.0, 0.0, 0.0, 0.0, 0.0, 0.0, 0.0, 0.0, 0.0, 0.0, 0.0, 0.0, 0.0, 0.0, 0.0, 0.0, 0.0, 0.0, 0.0, 0.0, 0.0, 0.0, 0.0]"
NODE_0000206,"[4.1808398987071415e-07, 1.3642432621411553e-07, 0.9999886622013855, 1.3721105616400844e-07, 7.619258618941478e-07, 1.3690858408722247e-07, 1.6188210536101662e-07, 1.3588753501407606e-07, 1.3651904728821267e-07, 1.3730991586996005e-07, 1.3387628266306037e-07, 1.3584893142684772e-07, 1.3155806488553963e-07, 1.3926128120837723e-07, 9.620423462308288e-08, 2.9742182451685953e-07, 1.4061177521187864e-07, 1.3584893142680262e-07, 1.3584893142681866e-07, 1.3073452635012566e-07, 2.017009443353043e-06, 1.3640282656927913e-07, 2.306080568399633e-06, 1.364360832497591e-07, 2.134045402943554e-07, 1.3179603798307377e-07, 1.1922436218321804e-07, 1.3260133935138156e-07, 1.301040298718896e-07, 2.239517096303418e-06, 1.3585508169024707e-07]"
hMpxV/Brazil/RJ-FIOCRUZ-10510/2024|EPI_ISL_19416160|2024-06-11,"[0.0, 0.0, 0.9999999999999999, 0.0, 0.0, 0.0, 0.0, 0.0, 0.0, 0.0, 0.0, 0.0, 0.0, 0.0, 0.0, 0.0, 0.0, 0.0, 0.0, 0.0, 0.0, 0.0, 0.0, 0.0, 0.0, 0.0, 0.0, 0.0, 0.0, 0.0, 0.0]"
NODE_0000207,"[2.0920903905305053e-13, 3.149850326452937e-14, 0.9999993375106425, 1.6013609763394803e-14, 3.469651965165598e-12, 2.1310434745684516e-14, 3.608883312888887e-14, 1.6494904218956446e-14, 1.653916540222675e-14, 1.629036301205217e-14, 1.6591666725083046e-14, 1.6373461647421243e-14, 1.4159241311343986e-14, 2.3864025614099648e-14, 1.355610574629211e-14, 7.441634823221708e-13, 1.6268520832693404e-14, 1.6373461647415493e-14, 1.637346164742068e-14, 2.149163525977205e-14, 6.624302764642568e-07, 1.4299130852269562e-14, 1.3493171405758895e-11, 1.6304929659276154e-14, 7.181389615080777e-14, 1.6201761461155228e-14, 1.142352555139326e-14, 1.6688460011721093e-14, 1.4282211297024262e-14, 4.067802769895356e-11, 1.652493740132647e-14]"
hMpxV/Peru/LIM-INS-549/2024|EPI_ISL_19449525|2024-07-31,"[0.0, 0.0, 0.0, 0.0, 0.0, 0.0, 0.0, 0.0, 0.0, 0.0, 0.0, 0.0, 0.0, 0.0, 0.0, 0.0, 0.0, 0.0, 0.0, 0.0, 1.0, 0.0, 0.0, 0.0, 0.0, 0.0, 0.0, 0.0, 0.0, 0.0, 0.0]"
hMpxV/Brazil/RJ-UG_UFRJ_0567/2024|EPI_ISL_19434508|2024-09-02,"[0.0, 0.0, 1.0, 0.0, 0.0, 0.0, 0.0, 0.0, 0.0, 0.0, 0.0, 0.0, 0.0, 0.0, 0.0, 0.0, 0.0, 0.0, 0.0, 0.0, 0.0, 0.0, 0.0, 0.0, 0.0, 0.0, 0.0, 0.0, 0.0, 0.0, 0.0]"
hMpxV/Brazil/RJ-FIOCRUZ-10535/2024|EPI_ISL_19416177|2024-08-20,"[0.0, 0.0, 1.0, 0.0, 0.0, 0.0, 0.0, 0.0, 0.0, 0.0, 0.0, 0.0, 0.0, 0.0, 0.0, 0.0, 0.0, 0.0, 0.0, 0.0, 0.0, 0.0, 0.0, 0.0, 0.0, 0.0, 0.0, 0.0, 0.0, 0.0, 0.0]"
hMpxV/Brazil/RJ-FIOCRUZ-10537/2024|EPI_ISL_19416179|2024-08-26,"[0.0, 0.0, 0.9999999999999999, 0.0, 0.0, 0.0, 0.0, 0.0, 0.0, 0.0, 0.0, 0.0, 0.0, 0.0, 0.0, 0.0, 0.0, 0.0, 0.0, 0.0, 0.0, 0.0, 0.0, 0.0, 0.0, 0.0, 0.0, 0.0, 0.0, 0.0, 0.0]"
hMpxV/Brazil/RJ-FIOCRUZ-10544/2024|EPI_ISL_19416183|2024-08-31,"[0.0, 0.0, 1.0, 0.0, 0.0, 0.0, 0.0, 0.0, 0.0, 0.0, 0.0, 0.0, 0.0, 0.0, 0.0, 0.0, 0.0, 0.0, 0.0, 0.0, 0.0, 0.0, 0.0, 0.0, 0.0, 0.0, 0.0, 0.0, 0.0, 0.0, 0.0]"
hMpxV/Brazil/RJ-FIOCRUZ-10566/2024|EPI_ISL_19416202|2024-09-04,"[0.0, 0.0, 1.0, 0.0, 0.0, 0.0, 0.0, 0.0, 0.0, 0.0, 0.0, 0.0, 0.0, 0.0, 0.0, 0.0, 0.0, 0.0, 0.0, 0.0, 0.0, 0.0, 0.0, 0.0, 0.0, 0.0, 0.0, 0.0, 0.0, 0.0, 0.0]"
NODE_0000208,"[2.8462055155602368e-11, 9.053410364265729e-15, 0.9999999997975383, 8.655568140496516e-15, 3.4930019755614693e-13, 8.944154089286292e-15, 1.2691174927757739e-14, 1.011638266451525e-14, 1.124822201336897e-14, 8.994037343276837e-15, 9.278797579833264e-15, 8.806697656077912e-15, 7.708681796173914e-15, 9.461767202377272e-15, 6.900857585372965e-15, 6.990111367585012e-14, 1.0707020938587758e-14, 8.80669765607042e-15, 8.806697656073682e-15, 8.100390540700261e-15, 3.5543390265334886e-11, 7.852006597445433e-15, 1.1599427078703466e-11, 9.210879454464196e-15, 7.895249288347168e-13, 9.36433992958319e-15, 6.6061171660557245e-15, 9.57059141661083e-15, 7.741585853509448e-15, 1.2543917503705806e-10, 1.0764661613600878e-14]"
hMpxV/Brazil/RJ-UG_UFRJ_0564/2024|EPI_ISL_19434506|2024-06-26,"[0.0, 0.0, 0.9999999999999999, 0.0, 0.0, 0.0, 0.0, 0.0, 0.0, 0.0, 0.0, 0.0, 0.0, 0.0, 0.0, 0.0, 0.0, 0.0, 0.0, 0.0, 0.0, 0.0, 0.0, 0.0, 0.0, 0.0, 0.0, 0.0, 0.0, 0.0, 0.0]"
hMpxV/Brazil/RJ-UG_UFRJ_0571/2024|EPI_ISL_19434509|2024-08-16,"[0.0, 0.0, 0.9999999999999999, 0.0, 0.0, 0.0, 0.0, 0.0, 0.0, 0.0, 0.0, 0.0, 0.0, 0.0, 0.0, 0.0, 0.0, 0.0, 0.0, 0.0, 0.0, 0.0, 0.0, 0.0, 0.0, 0.0, 0.0, 0.0, 0.0, 0.0, 0.0]"
hMpxV/Brazil/RJ-FIOCRUZ-10511/2024|EPI_ISL_19416161|2024-06-14,"[0.0, 0.0, 1.0, 0.0, 0.0, 0.0, 0.0, 0.0, 0.0, 0.0, 0.0, 0.0, 0.0, 0.0, 0.0, 0.0, 0.0, 0.0, 0.0, 0.0, 0.0, 0.0, 0.0, 0.0, 0.0, 0.0, 0.0, 0.0, 0.0, 0.0, 0.0]"
NODE_0000239,"[8.561726226245423e-10, 2.0960765295715336e-10, 0.9999999619482423, 2.0885947499005323e-10, 2.153309950394156e-09, 2.0976208980521586e-10, 2.64620279875935e-10, 2.0889697392310653e-10, 2.0986417732502619e-10, 2.1025382622947285e-10, 2.0671187727119007e-10, 2.0838379110057087e-10, 1.9617724975710595e-10, 2.129928745527511e-10, 1.3859912851143102e-10, 6.38852302300746e-10, 2.1291918862706098e-10, 2.083837911001723e-10, 2.0838379110031016e-10, 1.9696734877969668e-10, 1.1100679666025191e-08, 2.0225041166656771e-10, 9.762813623827663e-09, 2.0889969186139022e-10, 4.0402923748419513e-10, 2.033067054481901e-10, 1.7200700376475026e-10, 2.057074153128752e-10, 1.9486166331785035e-10, 8.428488425995279e-09, 2.0899571133582586e-10]"
hMpxV/Brazil/RJ-FIOCRUZ-10513/2024|EPI_ISL_19416163|2024-06-20,"[0.0, 0.0, 0.9999999999999999, 0.0, 0.0, 0.0, 0.0, 0.0, 0.0, 0.0, 0.0, 0.0, 0.0, 0.0, 0.0, 0.0, 0.0, 0.0, 0.0, 0.0, 0.0, 0.0, 0.0, 0.0, 0.0, 0.0, 0.0, 0.0, 0.0, 0.0, 0.0]"
hMpxV/Brazil/RJ-FIOCRUZ-10523/2024|EPI_ISL_19416168|2024-08-08,"[0.0, 0.0, 1.0, 0.0, 0.0, 0.0, 0.0, 0.0, 0.0, 0.0, 0.0, 0.0, 0.0, 0.0, 0.0, 0.0, 0.0, 0.0, 0.0, 0.0, 0.0, 0.0, 0.0, 0.0, 0.0, 0.0, 0.0, 0.0, 0.0, 0.0, 0.0]"
NODE_0000240,"[1.401007219992044e-07, 4.4741780284170846e-08, 0.9999956846924788, 4.5110288557054875e-08, 2.871886179945803e-07, 4.493967235950424e-08, 5.418609866160578e-08, 4.472575386088597e-08, 4.487846521922007e-08, 4.500838596838795e-08, 4.416788036476829e-08, 4.475101749111267e-08, 4.3020211992640063e-08, 4.5135292176075664e-08, 3.09264298896567e-08, 1.0403025357824977e-07, 4.50216041759931e-08, 4.475101749110133e-08, 4.4751017491108006e-08, 4.2629288627968327e-08, 8.876157478174885e-07, 4.453378715615129e-08, 9.640379295740447e-07, 4.489939195974692e-08, 7.152451805122496e-08, 4.3324121740734005e-08, 3.863941187803505e-08, 4.367164346196021e-08, 4.261201439332112e-08, 8.496929011279638e-07, 4.4692256053593836e-08]"
hMpxV/Brazil/SP-IAL-357942002/2024|EPI_ISL_19446307|2024-09-12,"[0.0, 0.0, 1.0, 0.0, 0.0, 0.0, 0.0, 0.0, 0.0, 0.0, 0.0, 0.0, 0.0, 0.0, 0.0, 0.0, 0.0, 0.0, 0.0, 0.0, 0.0, 0.0, 0.0, 0.0, 0.0, 0.0, 0.0, 0.0, 0.0, 0.0, 0.0]"
NODE_0000241,"[5.503797139526699e-09, 1.5630780964303295e-09, 0.9999998020343743, 1.5804248228587366e-09, 1.2349425909985579e-08, 1.5719906989400103e-09, 1.9458457057121765e-09, 1.5703942554023918e-09, 1.573893803088342e-09, 1.5711875448100528e-09, 1.5552006626633923e-09, 1.572150538898787e-09, 1.4962124991290625e-09, 1.5528659679456718e-09, 1.0527037832027713e-09, 4.006902086106999e-09, 1.5253352049250248e-09, 1.5721505388981596e-09, 1.5721505388984402e-09, 1.4774735061249467e-09, 5.020823300422709e-08, 1.545399124445353e-09, 4.900751474469888e-08, 1.5755365215710275e-09, 2.599597577604477e-09, 1.5191941966464343e-09, 1.327982779390206e-09, 1.5353800492537393e-09, 1.4851326629735177e-09, 3.897988953305972e-08, 1.5685824442099844e-09]"
hMpxV/Brazil/RJ-UG_UFRJ_0563/2024|EPI_ISL_19434510|2024-08-21,"[0.0, 0.0, 1.0, 0.0, 0.0, 0.0, 0.0, 0.0, 0.0, 0.0, 0.0, 0.0, 0.0, 0.0, 0.0, 0.0, 0.0, 0.0, 0.0, 0.0, 0.0, 0.0, 0.0, 0.0, 0.0, 0.0, 0.0, 0.0, 0.0, 0.0, 0.0]"
hMpxV/Brazil/BA-LACEN-293858477/2024|EPI_ISL_19361754|2024-08-12,"[0.0, 0.0, 1.0, 0.0, 0.0, 0.0, 0.0, 0.0, 0.0, 0.0, 0.0, 0.0, 0.0, 0.0, 0.0, 0.0, 0.0, 0.0, 0.0, 0.0, 0.0, 0.0, 0.0, 0.0, 0.0, 0.0, 0.0, 0.0, 0.0, 0.0, 0.0]"
NODE_0000209,"[4.780711100391657e-47, 2.206315489264667e-50, 1.0, 1.9058933718794883e-50, 1.3895346812385118e-44, 2.1175209296876842e-50, 8.856823037100333e-50, 2.271338673615848e-50, 2.270057154487973e-50, 2.0833376573631938e-50, 2.449225157411014e-50, 2.189326909582257e-50, 1.2278031014261333e-50, 1.9373507126037832e-50, 4.4915198967162024e-51, 2.718299372223061e-47, 1.5344882161522944e-50, 2.189326909576414e-50, 2.189326909578717e-50, 1.4413909647148512e-50, 1.3005191397427081e-38, 1.1401397865439114e-50, 1.004179410507444e-40, 2.1175577998457857e-50, 1.739701896446029e-48, 2.328462314706662e-50, 5.876694491399482e-51, 2.6190167721268115e-50, 1.3252995209696018e-50, 8.562580059182271e-42, 2.2959320030116576e-50]"
hMpxV/Brazil/RJ-UG_UFRJ_0555/2024|EPI_ISL_19434499|2024-08-26,"[0.0, 0.0, 0.9999999999999999, 0.0, 0.0, 0.0, 0.0, 0.0, 0.0, 0.0, 0.0, 0.0, 0.0, 0.0, 0.0, 0.0, 0.0, 0.0, 0.0, 0.0, 0.0, 0.0, 0.0, 0.0, 0.0, 0.0, 0.0, 0.0, 0.0, 0.0, 0.0]"
hMpxV/Brazil/RJ-UG_UFRJ_0557/2024|EPI_ISL_19434501|2024-08-22,"[0.0, 0.0, 1.0, 0.0, 0.0, 0.0, 0.0, 0.0, 0.0, 0.0, 0.0, 0.0, 0.0, 0.0, 0.0, 0.0, 0.0, 0.0, 0.0, 0.0, 0.0, 0.0, 0.0, 0.0, 0.0, 0.0, 0.0, 0.0, 0.0, 0.0, 0.0]"
hMpxV/Brazil/RJ-UG_UFRJ_0561/2024|EPI_ISL_19434511|2024-07-30,"[0.0, 0.0, 1.0, 0.0, 0.0, 0.0, 0.0, 0.0, 0.0, 0.0, 0.0, 0.0, 0.0, 0.0, 0.0, 0.0, 0.0, 0.0, 0.0, 0.0, 0.0, 0.0, 0.0, 0.0, 0.0, 0.0, 0.0, 0.0, 0.0, 0.0, 0.0]"
hMpxV/Brazil/RJ-UG_UFRJ_0556/2024|EPI_ISL_19434505|2024-08-29,"[0.0, 0.0, 1.0, 0.0, 0.0, 0.0, 0.0, 0.0, 0.0, 0.0, 0.0, 0.0, 0.0, 0.0, 0.0, 0.0, 0.0, 0.0, 0.0, 0.0, 0.0, 0.0, 0.0, 0.0, 0.0, 0.0, 0.0, 0.0, 0.0, 0.0, 0.0]"
hMpxV/Brazil/RJ-UG_UFRJ_0566/2024|EPI_ISL_19434507|2024-08-27,"[0.0, 0.0, 1.0, 0.0, 0.0, 0.0, 0.0, 0.0, 0.0, 0.0, 0.0, 0.0, 0.0, 0.0, 0.0, 0.0, 0.0, 0.0, 0.0, 0.0, 0.0, 0.0, 0.0, 0.0, 0.0, 0.0, 0.0, 0.0, 0.0, 0.0, 0.0]"
hMpxV/Brazil/RJ-UG_UFRJ_0570/2024|EPI_ISL_19434514|2024-09-02,"[0.0, 0.0, 0.9999999999999999, 0.0, 0.0, 0.0, 0.0, 0.0, 0.0, 0.0, 0.0, 0.0, 0.0, 0.0, 0.0, 0.0, 0.0, 0.0, 0.0, 0.0, 0.0, 0.0, 0.0, 0.0, 0.0, 0.0, 0.0, 0.0, 0.0, 0.0, 0.0]"
hMpxV/Brazil/RJ-FIOCRUZ-10517/2024|EPI_ISL_19416164|2024-07-23,"[0.0, 0.0, 1.0, 0.0, 0.0, 0.0, 0.0, 0.0, 0.0, 0.0, 0.0, 0.0, 0.0, 0.0, 0.0, 0.0, 0.0, 0.0, 0.0, 0.0, 0.0, 0.0, 0.0, 0.0, 0.0, 0.0, 0.0, 0.0, 0.0, 0.0, 0.0]"
hMpxV/Brazil/RJ-FIOCRUZ-10522/2024|EPI_ISL_19416167|2024-08-08,"[0.0, 0.0, 1.0, 0.0, 0.0, 0.0, 0.0, 0.0, 0.0, 0.0, 0.0, 0.0, 0.0, 0.0, 0.0, 0.0, 0.0, 0.0, 0.0, 0.0, 0.0, 0.0, 0.0, 0.0, 0.0, 0.0, 0.0, 0.0, 0.0, 0.0, 0.0]"
hMpxV/Brazil/RJ-FIOCRUZ-10524/2024|EPI_ISL_19416169|2024-08-10,"[0.0, 0.0, 1.0, 0.0, 0.0, 0.0, 0.0, 0.0, 0.0, 0.0, 0.0, 0.0, 0.0, 0.0, 0.0, 0.0, 0.0, 0.0, 0.0, 0.0, 0.0, 0.0, 0.0, 0.0, 0.0, 0.0, 0.0, 0.0, 0.0, 0.0, 0.0]"
hMpxV/Brazil/RJ-FIOCRUZ-10526/2024|EPI_ISL_19416171|2024-08-15,"[0.0, 0.0, 1.0, 0.0, 0.0, 0.0, 0.0, 0.0, 0.0, 0.0, 0.0, 0.0, 0.0, 0.0, 0.0, 0.0, 0.0, 0.0, 0.0, 0.0, 0.0, 0.0, 0.0, 0.0, 0.0, 0.0, 0.0, 0.0, 0.0, 0.0, 0.0]"
hMpxV/Brazil/RJ-FIOCRUZ-10528/2024|EPI_ISL_19416173|2024-08-19,"[0.0, 0.0, 0.9999999999999999, 0.0, 0.0, 0.0, 0.0, 0.0, 0.0, 0.0, 0.0, 0.0, 0.0, 0.0, 0.0, 0.0, 0.0, 0.0, 0.0, 0.0, 0.0, 0.0, 0.0, 0.0, 0.0, 0.0, 0.0, 0.0, 0.0, 0.0, 0.0]"
hMpxV/Brazil/RJ-FIOCRUZ-10529/2024|EPI_ISL_19416174|2024-08-19,"[0.0, 0.0, 0.9999999999999999, 0.0, 0.0, 0.0, 0.0, 0.0, 0.0, 0.0, 0.0, 0.0, 0.0, 0.0, 0.0, 0.0, 0.0, 0.0, 0.0, 0.0, 0.0, 0.0, 0.0, 0.0, 0.0, 0.0, 0.0, 0.0, 0.0, 0.0, 0.0]"
hMpxV/Brazil/RJ-FIOCRUZ-10536/2024|EPI_ISL_19416178|2024-08-23,"[0.0, 0.0, 0.9999999999999999, 0.0, 0.0, 0.0, 0.0, 0.0, 0.0, 0.0, 0.0, 0.0, 0.0, 0.0, 0.0, 0.0, 0.0, 0.0, 0.0, 0.0, 0.0, 0.0, 0.0, 0.0, 0.0, 0.0, 0.0, 0.0, 0.0, 0.0, 0.0]"
hMpxV/Brazil/RJ-FIOCRUZ-10534/2024|EPI_ISL_19416176|2024-08-20,"[0.0, 0.0, 1.0, 0.0, 0.0, 0.0, 0.0, 0.0, 0.0, 0.0, 0.0, 0.0, 0.0, 0.0, 0.0, 0.0, 0.0, 0.0, 0.0, 0.0, 0.0, 0.0, 0.0, 0.0, 0.0, 0.0, 0.0, 0.0, 0.0, 0.0, 0.0]"
hMpxV/Brazil/RJ-FIOCRUZ-10541/2024|EPI_ISL_19416181|2024-08-29,"[0.0, 0.0, 1.0, 0.0, 0.0, 0.0, 0.0, 0.0, 0.0, 0.0, 0.0, 0.0, 0.0, 0.0, 0.0, 0.0, 0.0, 0.0, 0.0, 0.0, 0.0, 0.0, 0.0, 0.0, 0.0, 0.0, 0.0, 0.0, 0.0, 0.0, 0.0]"
hMpxV/Brazil/RJ-FIOCRUZ-10542/2024|EPI_ISL_19416182|2024-08-31,"[0.0, 0.0, 1.0, 0.0, 0.0, 0.0, 0.0, 0.0, 0.0, 0.0, 0.0, 0.0, 0.0, 0.0, 0.0, 0.0, 0.0, 0.0, 0.0, 0.0, 0.0, 0.0, 0.0, 0.0, 0.0, 0.0, 0.0, 0.0, 0.0, 0.0, 0.0]"
NODE_0000211,"[1.4145650226195366e-09, 4.2517344591742703e-10, 0.9999999540445398, 4.302224978819187e-10, 3.0169914055154583e-09, 4.2769766986187706e-10, 5.238940455720575e-10, 4.2691837253857345e-10, 4.2793546627529365e-10, 4.2760123004026865e-10, 4.224327679104348e-10, 4.2746558167635413e-10, 4.0857706992234674e-10, 4.233610783517918e-10, 2.8925335865556245e-10, 1.0330759228047702e-09, 4.1706616761747343e-10, 4.2746558167548476e-10, 4.27465581675786e-10, 4.031501129643757e-10, 1.0367206991588692e-08, 4.2238186225659794e-10, 1.0888945302582431e-08, 4.285350142508057e-10, 6.857871105438442e-10, 4.1289490068227193e-10, 3.644501280494264e-10, 4.1689996390438736e-10, 4.0525124433238324e-10, 8.936380263463302e-09, 4.2641527677075045e-10]"
hMpxV/Brazil/RJ-UG_UFRJ_0562/2024|EPI_ISL_19434502|2024-08-26,"[0.0, 0.0, 1.0, 0.0, 0.0, 0.0, 0.0, 0.0, 0.0, 0.0, 0.0, 0.0, 0.0, 0.0, 0.0, 0.0, 0.0, 0.0, 0.0, 0.0, 0.0, 0.0, 0.0, 0.0, 0.0, 0.0, 0.0, 0.0, 0.0, 0.0, 0.0]"
hMpxV/Brazil/SC-FIOCRUZ-10562/2024|EPI_ISL_19416198|2024-08-20,"[0.0, 0.0, 0.9999999999999999, 0.0, 0.0, 0.0, 0.0, 0.0, 0.0, 0.0, 0.0, 0.0, 0.0, 0.0, 0.0, 0.0, 0.0, 0.0, 0.0, 0.0, 0.0, 0.0, 0.0, 0.0, 0.0, 0.0, 0.0, 0.0, 0.0, 0.0, 0.0]"
NODE_0000212,"[1.6345612840732344e-08, 5.219771961377978e-09, 0.9999994979833591, 5.2641303746199475e-09, 3.347458903355013e-08, 5.243474101419213e-09, 6.323804560160104e-09, 5.219170948350457e-09, 5.2368069606734776e-09, 5.2509923605747185e-09, 5.154331170601797e-09, 5.222295150024742e-09, 5.0200228520815325e-09, 5.262417565083094e-09, 3.606981616289215e-09, 1.2128487408193478e-08, 5.246323105019797e-09, 5.22229515001472e-09, 5.222295150018185e-09, 4.972900067790247e-09, 1.0291176886146873e-07, 5.196504865910223e-09, 1.1211220352739634e-07, 5.239512346811137e-09, 8.332806827949335e-09, 5.0551035440623035e-09, 4.508497975928348e-09, 5.095850794954903e-09, 4.972538269035841e-09, 9.873998228910224e-08, 5.215169345159644e-09]"
hMpxV/Brazil/RJ-UG_UFRJ_0559/2024|EPI_ISL_19434503|2024-08-26,"[0.0, 0.0, 1.0, 0.0, 0.0, 0.0, 0.0, 0.0, 0.0, 0.0, 0.0, 0.0, 0.0, 0.0, 0.0, 0.0, 0.0, 0.0, 0.0, 0.0, 0.0, 0.0, 0.0, 0.0, 0.0, 0.0, 0.0, 0.0, 0.0, 0.0, 0.0]"
hMpxV/Brazil/SP-IAL-357991445/2024|EPI_ISL_19524879|2024-10-15,"[0.0, 0.0, 1.0, 0.0, 0.0, 0.0, 0.0, 0.0, 0.0, 0.0, 0.0, 0.0, 0.0, 0.0, 0.0, 0.0, 0.0, 0.0, 0.0, 0.0, 0.0, 0.0, 0.0, 0.0, 0.0, 0.0, 0.0, 0.0, 0.0, 0.0, 0.0]"
NODE_0000213,"[5.333772983532853e-09, 1.589927229113785e-09, 0.9999998252940919, 1.609530740128693e-09, 1.1439501182051299e-08, 1.5996624764398867e-09, 1.96362127135521e-09, 1.5973580907379335e-09, 1.600945226821446e-09, 1.5989446608530279e-09, 1.5809940757666107e-09, 1.5995558735304327e-09, 1.5276852010735477e-09, 1.5804941383599515e-09, 1.0793529630229354e-09, 3.88694687325226e-09, 1.5544832986692951e-09, 1.5995558735296144e-09, 1.5995558735299598e-09, 1.5065963201184162e-09, 3.9913468979614023e-08, 1.5790171765696626e-09, 4.171283951280344e-08, 1.6033833946685361e-09, 2.568248268190147e-09, 1.5445836138811821e-09, 1.3614197401980665e-09, 1.5599113558858105e-09, 1.5155252802517957e-09, 3.390364120760257e-08, 1.595385285595525e-09]"
hMpxV/Brazil/RJ-UG_UFRJ_0565/2024|EPI_ISL_19434512|2024-08-15,"[0.0, 0.0, 1.0, 0.0, 0.0, 0.0, 0.0, 0.0, 0.0, 0.0, 0.0, 0.0, 0.0, 0.0, 0.0, 0.0, 0.0, 0.0, 0.0, 0.0, 0.0, 0.0, 0.0, 0.0, 0.0, 0.0, 0.0, 0.0, 0.0, 0.0, 0.0]"
hMpxV/Brazil/RJ-FIOCRUZ-10532/2024|EPI_ISL_19416175|2024-08-17,"[0.0, 0.0, 0.9999999999999999, 0.0, 0.0, 0.0, 0.0, 0.0, 0.0, 0.0, 0.0, 0.0, 0.0, 0.0, 0.0, 0.0, 0.0, 0.0, 0.0, 0.0, 0.0, 0.0, 0.0, 0.0, 0.0, 0.0, 0.0, 0.0, 0.0, 0.0, 0.0]"
NODE_0000210,"[6.743877492475541e-16, 9.156766433450966e-17, 0.9999999999999143, 9.140320475365679e-17, 2.6119582021189355e-15, 9.178248589557508e-17, 1.3134468289684575e-16, 9.26669353712461e-17, 9.274528388640688e-17, 9.141603058417818e-17, 9.279319025800678e-17, 9.247011390302882e-17, 8.271767904367031e-17, 8.857508599028649e-17, 5.3449121556141377e-17, 4.699191318574427e-16, 8.394737178195099e-17, 9.247011390267272e-17, 9.247011390280501e-17, 8.282138662366864e-17, 4.1391606415105925e-14, 8.436121303977802e-17, 2.4068520445716518e-14, 9.224349416165e-17, 2.3065596616268475e-16, 9.004816001021268e-17, 6.827734286350894e-17, 9.220176060203227e-17, 8.295447144052016e-17, 1.4084184657003692e-14, 9.263458072490983e-17]"
hMpxV/Brazil/RJ-UG_UFRJ_0550/2024|EPI_ISL_19434494|2024-07-22,"[0.0, 0.0, 1.0, 0.0, 0.0, 0.0, 0.0, 0.0, 0.0, 0.0, 0.0, 0.0, 0.0, 0.0, 0.0, 0.0, 0.0, 0.0, 0.0, 0.0, 0.0, 0.0, 0.0, 0.0, 0.0, 0.0, 0.0, 0.0, 0.0, 0.0, 0.0]"
hMpxV/Brazil/RJ-FIOCRUZ-10521/2024|EPI_ISL_19416166|2024-08-07,"[0.0, 0.0, 1.0, 0.0, 0.0, 0.0, 0.0, 0.0, 0.0, 0.0, 0.0, 0.0, 0.0, 0.0, 0.0, 0.0, 0.0, 0.0, 0.0, 0.0, 0.0, 0.0, 0.0, 0.0, 0.0, 0.0, 0.0, 0.0, 0.0, 0.0, 0.0]"
hMpxV/Brazil/RJ-FIOCRUZ-10520/2024|EPI_ISL_19416165|2024-08-05,"[0.0, 0.0, 1.0, 0.0, 0.0, 0.0, 0.0, 0.0, 0.0, 0.0, 0.0, 0.0, 0.0, 0.0, 0.0, 0.0, 0.0, 0.0, 0.0, 0.0, 0.0, 0.0, 0.0, 0.0, 0.0, 0.0, 0.0, 0.0, 0.0, 0.0, 0.0]"
hMpxV/Brazil/PR-FIOCRUZ-10551/2024|EPI_ISL_19416188|2024-08-05,"[0.0, 0.0, 1.0, 0.0, 0.0, 0.0, 0.0, 0.0, 0.0, 0.0, 0.0, 0.0, 0.0, 0.0, 0.0, 0.0, 0.0, 0.0, 0.0, 0.0, 0.0, 0.0, 0.0, 0.0, 0.0, 0.0, 0.0, 0.0, 0.0, 0.0, 0.0]"
NODE_0000214,"[4.633437194170546e-11, 1.1212835879181966e-11, 0.9999999979148061, 1.1199737936931415e-11, 1.1702497228599834e-10, 1.1234088305268936e-11, 1.4223682919723151e-11, 1.1202745600066652e-11, 1.1251153611759909e-11, 1.1248879799623115e-11, 1.1091742121576063e-11, 1.1177836660329308e-11, 1.0511589654428594e-11, 1.1322226401180174e-11, 7.384923928504088e-12, 3.4299986792982406e-11, 1.1256136668253158e-11, 1.1177836660302844e-11, 1.1177836660312532e-11, 1.0523664444555502e-11, 6.184995981814249e-10, 1.0832864034678659e-11, 5.385026017435821e-10, 1.120328653837423e-11, 2.1425867463468095e-11, 1.0893215235552168e-11, 9.2051203413006e-12, 1.1027500710989962e-11, 1.0444975355589351e-11, 4.570961733823424e-10, 1.1206517783209564e-11]"
hMpxV/Brazil/SP-IAL-357711946/2024|EPI_ISL_19359688|2024-04-29,"[0.0, 0.0, 1.0, 0.0, 0.0, 0.0, 0.0, 0.0, 0.0, 0.0, 0.0, 0.0, 0.0, 0.0, 0.0, 0.0, 0.0, 0.0, 0.0, 0.0, 0.0, 0.0, 0.0, 0.0, 0.0, 0.0, 0.0, 0.0, 0.0, 0.0, 0.0]"
NODE_0000229,"[7.265125990310407e-07, 2.5331357760678263e-07, 0.9999794147366705, 2.5511219252995074e-07, 1.3919400113141e-06, 2.543806919683354e-07, 3.0048454347861704e-07, 2.525692501580445e-07, 2.537120155264444e-07, 2.550115580545966e-07, 2.488433251121894e-07, 2.5253994612274955e-07, 2.447238176275251e-07, 2.579840556638296e-07, 1.7862616985081768e-07, 5.464796571476547e-07, 2.599747751900608e-07, 2.5253994612272377e-07, 2.5253994612273844e-07, 2.4281158750653124e-07, 3.612547593205502e-06, 2.537437462497332e-07, 4.162668788257069e-06, 2.5363005242594524e-07, 3.903382112164791e-07, 2.44844544692e-07, 2.2194272651070544e-07, 2.463426368295394e-07, 2.4200756351092745e-07, 4.024608918857045e-06, 2.5248888173564496e-07]"
hMpxV/Brazil/SP-IAL-357897281/2024|EPI_ISL_19359695|2024-08-14,"[0.0, 0.0, 0.9999999999999999, 0.0, 0.0, 0.0, 0.0, 0.0, 0.0, 0.0, 0.0, 0.0, 0.0, 0.0, 0.0, 0.0, 0.0, 0.0, 0.0, 0.0, 0.0, 0.0, 0.0, 0.0, 0.0, 0.0, 0.0, 0.0, 0.0, 0.0, 0.0]"
NODE_0000230,"[1.878626677195734e-08, 5.50292187450171e-09, 0.9999993590728733, 5.5596197061612095e-09, 4.1051852794135305e-08, 5.532408852107906e-09, 6.802371107810868e-09, 5.521474606975255e-09, 5.535572417312506e-09, 5.532399813601864e-09, 5.46404888294312e-09, 5.526698199716911e-09, 5.2730780525646424e-09, 5.488659639186349e-09, 3.73033588077625e-09, 1.375166576070325e-08, 5.412999385246333e-09, 5.5266981997154244e-09, 5.526698199716235e-09, 5.211926018712057e-09, 1.524408090888411e-07, 5.449427901674161e-09, 1.5439624405914052e-07, 5.540284130706907e-09, 9.059459717052371e-09, 5.343510937377658e-09, 4.694160744699916e-09, 5.396904006253559e-09, 5.231262267979573e-09, 1.2712161429135085e-07, 5.515753377448978e-09]"
hMpxV/Brazil/SP-IAL-357913268/2024|EPI_ISL_19372777|2024-08-25,"[0.0, 0.0, 0.9999999999999999, 0.0, 0.0, 0.0, 0.0, 0.0, 0.0, 0.0, 0.0, 0.0, 0.0, 0.0, 0.0, 0.0, 0.0, 0.0, 0.0, 0.0, 0.0, 0.0, 0.0, 0.0, 0.0, 0.0, 0.0, 0.0, 0.0, 0.0, 0.0]"
NODE_0000231,"[6.093135162971558e-09, 1.80537134933955e-09, 0.99999979783995, 1.8275684108026492e-09, 1.3144699028697418e-08, 1.8164018909115479e-09, 2.232208774759528e-09, 1.8139746221418918e-09, 1.8179951624471242e-09, 1.8155067800962892e-09, 1.7955745327584717e-09, 1.816466385133835e-09, 1.7340680378065885e-09, 1.794017723928643e-09, 1.22427996372965e-09, 4.438211006540864e-09, 1.7637648500981907e-09, 1.8164663851330797e-09, 1.8164663851334345e-09, 1.7101710162967627e-09, 4.696167996903297e-08, 1.792166224511471e-09, 4.853883007070734e-08, 1.8207365997919974e-09, 2.924738415135142e-09, 1.7540518667751148e-09, 1.544538017683057e-09, 1.7716440905938426e-09, 1.72040799930779e-09, 3.924318383250444e-08, 1.8117256290691603e-09]"
NODE_0000238,"[3.930026466038164e-08, 1.187596747715202e-08, 0.9999987288756147, 1.2010745512046963e-08, 8.356157417646233e-08, 1.1943583050038321e-08, 1.4608490533318393e-08, 1.191758558653399e-08, 1.1947123561793298e-08, 1.194373564482627e-08, 1.1790121274324923e-08, 1.1932080655944106e-08, 1.1410653890361601e-08, 1.1844376369651479e-08, 8.091774237448829e-09, 2.8758526389870046e-08, 1.1685644853566606e-08, 1.1932080655942223e-08, 1.1932080655943072e-08, 1.1266047319815507e-08, 2.845444558600977e-07, 1.1797794966598442e-08, 2.997363753391596e-07, 1.1962817033047737e-08, 1.9163580822549394e-08, 1.1528505615403205e-08, 1.0184382152103442e-08, 1.1638339480837733e-08, 1.1316271799883362e-08, 2.475953920313515e-07, 1.1904013648892748e-08]"
hMpxV/Brazil/SP-IAL-357929242/2024|EPI_ISL_19446298|2024-09-05,"[0.0, 0.0, 1.0, 0.0, 0.0, 0.0, 0.0, 0.0, 0.0, 0.0, 0.0, 0.0, 0.0, 0.0, 0.0, 0.0, 0.0, 0.0, 0.0, 0.0, 0.0, 0.0, 0.0, 0.0, 0.0, 0.0, 0.0, 0.0, 0.0, 0.0, 0.0]"
hMpxV/Brazil/SP-IAL-357939968/2024|EPI_ISL_19446306|2024-09-11,"[0.0, 0.0, 1.0, 0.0, 0.0, 0.0, 0.0, 0.0, 0.0, 0.0, 0.0, 0.0, 0.0, 0.0, 0.0, 0.0, 0.0, 0.0, 0.0, 0.0, 0.0, 0.0, 0.0, 0.0, 0.0, 0.0, 0.0, 0.0, 0.0, 0.0, 0.0]"
NODE_0000232,"[6.29513298332155e-11, 1.3366544298346704e-11, 0.999999996547508, 1.3394423182265027e-11, 1.7516019063384603e-10, 1.3405728189932978e-11, 1.751929101378303e-11, 1.3425516240446352e-11, 1.3458759021897405e-11, 1.3396417354806234e-11, 1.3341844320624803e-11, 1.3411732236921942e-11, 1.2460503971076633e-11, 1.3258612407695366e-11, 8.534044612402661e-12, 4.552048757964695e-11, 1.2942572475307972e-11, 1.3411732236914593e-11, 1.3411732236917493e-11, 1.242782025098579e-11, 1.188563855467258e-09, 1.2808753935692214e-11, 9.529025631230972e-10, 1.3421100352808407e-11, 2.6737303007373818e-11, 1.3031826868721327e-11, 1.0753167907628673e-11, 1.3232438295662371e-11, 1.2413456954433557e-11, 7.004080577547127e-10, 1.3420107208325776e-11]"
hMpxV/Brazil/SP-IAL-357977766/2024|EPI_ISL_19524881|2024-10-03,"[0.0, 0.0, 1.0, 0.0, 0.0, 0.0, 0.0, 0.0, 0.0, 0.0, 0.0, 0.0, 0.0, 0.0, 0.0, 0.0, 0.0, 0.0, 0.0, 0.0, 0.0, 0.0, 0.0, 0.0, 0.0, 0.0, 0.0, 0.0, 0.0, 0.0, 0.0]"
hMpxV/Brazil/SP-IAL-357934958/2024|EPI_ISL_19446302|2024-09-09,"[0.0, 0.0, 1.0, 0.0, 0.0, 0.0, 0.0, 0.0, 0.0, 0.0, 0.0, 0.0, 0.0, 0.0, 0.0, 0.0, 0.0, 0.0, 0.0, 0.0, 0.0, 0.0, 0.0, 0.0, 0.0, 0.0, 0.0, 0.0, 0.0, 0.0, 0.0]"
NODE_0000233,"[4.3183195122460605e-10, 1.262108206941652e-10, 0.9999999855497512, 1.2791793216097853e-10, 9.3858890416155e-10, 1.2704877487976285e-10, 1.5673887196957996e-10, 1.2698747094906722e-10, 1.272329701166129e-10, 1.269176598430385e-10, 1.2576474243272783e-10, 1.2718867733836925e-10, 1.2125273569968287e-10, 1.2493278622235328e-10, 8.524809247702528e-11, 3.130040695093e-10, 1.2238288849486732e-10, 1.27188677338208e-10, 1.2718867733827772e-10, 1.1941182857553826e-10, 3.407662472342547e-09, 1.2527247759958947e-10, 3.511555835386383e-09, 1.2746100946843825e-10, 2.0442536361271192e-10, 1.2273044426021902e-10, 1.0782217898875368e-10, 1.2401472743042389e-10, 1.2033947431406056e-10, 2.78911166359437e-09, 1.268144773780957e-10]"
hMpxV/Brazil/SP-IAL-357912456/2024|EPI_ISL_19372779|2024-08-26,"[0.0, 0.0, 1.0, 0.0, 0.0, 0.0, 0.0, 0.0, 0.0, 0.0, 0.0, 0.0, 0.0, 0.0, 0.0, 0.0, 0.0, 0.0, 0.0, 0.0, 0.0, 0.0, 0.0, 0.0, 0.0, 0.0, 0.0, 0.0, 0.0, 0.0, 0.0]"
NODE_0000234,"[1.9990069043027369e-10, 5.787502176312542e-11, 0.9999999932097903, 5.867578742163174e-11, 4.3780725946890265e-10, 5.826750633764774e-11, 7.203539564186313e-11, 5.825875250570377e-11, 5.836561281188002e-11, 5.819622119841575e-11, 5.77111457690135e-11, 5.835392733419169e-11, 5.558663640362413e-11, 5.720950423658248e-11, 3.901012496776339e-11, 1.4462673057087876e-10, 5.5965506173308e-11, 5.835392733410398e-11, 5.835392733414052e-11, 5.4722366567846845e-11, 1.6328749280889764e-09, 5.741908166554544e-11, 1.6638790394510283e-09, 5.847340224305749e-11, 9.398760713414474e-11, 5.629821411407408e-11, 4.938391308624996e-11, 5.6899520440030236e-11, 5.517733821573015e-11, 1.308363341358799e-09, 5.817736051979248e-11]"
NODE_0000235,"[1.1395636143152454e-09, 3.3430298174652007e-10, 0.9999999620635922, 3.3876062982765453e-10, 2.470006705767411e-09, 3.364938729237866e-10, 4.147583137926299e-10, 3.362764014301049e-10, 3.369433279653961e-10, 3.36180062173254e-10, 3.330031950245768e-10, 3.367990233005115e-10, 3.211857026277971e-10, 3.3115316484389383e-10, 2.260047728219405e-10, 8.267475653794201e-10, 3.246154056156714e-10, 3.3679902330025454e-10, 3.3679902330037996e-10, 3.1638074895270903e-10, 8.881667854158967e-09, 3.3185937396057543e-10, 9.188284357141566e-09, 3.3753453951261053e-10, 5.411109937226159e-10, 3.250293058607913e-10, 2.8571988486202863e-10, 3.283994195540679e-10, 3.1874258457356654e-10, 7.329461214371439e-09, 3.3582480761040183e-10]"
hMpxV/Brazil/SP-IAL-357905818/2024|EPI_ISL_19372772|2024-08-20,"[0.0, 0.0, 1.0, 0.0, 0.0, 0.0, 0.0, 0.0, 0.0, 0.0, 0.0, 0.0, 0.0, 0.0, 0.0, 0.0, 0.0, 0.0, 0.0, 0.0, 0.0, 0.0, 0.0, 0.0, 0.0, 0.0, 0.0, 0.0, 0.0, 0.0, 0.0]"
hMpxV/Brazil/SP-IAL-357920310/2024|EPI_ISL_19446291|2024-08-29,"[0.0, 0.0, 1.0, 0.0, 0.0, 0.0, 0.0, 0.0, 0.0, 0.0, 0.0, 0.0, 0.0, 0.0, 0.0, 0.0, 0.0, 0.0, 0.0, 0.0, 0.0, 0.0, 0.0, 0.0, 0.0, 0.0, 0.0, 0.0, 0.0, 0.0, 0.0]"
NODE_0000236,"[6.615824308806254e-09, 1.9594065667962755e-09, 0.9999997815817705, 1.984051582399674e-09, 1.425679815898704e-08, 1.9716003421530303e-09, 2.4239437637767384e-09, 1.969251116481223e-09, 1.97350071519428e-09, 1.970438823163049e-09, 1.9494338438892727e-09, 1.9720670722490137e-09, 1.8823675349811277e-09, 1.945702460866884e-09, 1.3281246355171428e-09, 4.814709446927308e-09, 1.911675863459603e-09, 1.972067072248295e-09, 1.9720670722485802e-09, 1.8558357774843673e-09, 5.046198310922363e-08, 1.9453617312238055e-09, 5.2455333516581247e-08, 1.9766378424321556e-09, 3.170390536792767e-09, 1.9039787213998274e-09, 1.6763434001232791e-09, 1.9231770950626337e-09, 1.867625669385596e-09, 4.23417801746395e-08, 1.966751569921814e-09]"
hMpxV/Brazil/SP-IAL-357914012/2024|EPI_ISL_19372780|2024-08-26,"[0.0, 0.0, 0.9999999999999999, 0.0, 0.0, 0.0, 0.0, 0.0, 0.0, 0.0, 0.0, 0.0, 0.0, 0.0, 0.0, 0.0, 0.0, 0.0, 0.0, 0.0, 0.0, 0.0, 0.0, 0.0, 0.0, 0.0, 0.0, 0.0, 0.0, 0.0, 0.0]"
NODE_0000237,"[5.8140686641003323e-08, 1.8058955329499362e-08, 0.999998168375665, 1.8238377884129426e-08, 1.2133302613188714e-07, 1.815148705852858e-08, 2.2046450167920502e-08, 1.8089803994706162e-08, 1.8142766341062614e-08, 1.8164493011432776e-08, 1.7880743129329484e-08, 1.8106221363265033e-08, 1.7359748398128124e-08, 1.8107760550419885e-08, 1.2391208180447757e-08, 4.2840026709204454e-08, 1.795788226936103e-08, 1.810622136326086e-08, 1.8106221363262816e-08, 1.7167974540893052e-08, 3.9275117055353823e-07, 1.7959329894409165e-08, 4.206437080888125e-07, 1.8159369971079317e-08, 2.8983722341988508e-08, 1.7510095585355727e-08, 1.554227941046523e-08, 1.766413765908302e-08, 1.7205889274815773e-08, 3.5874201377514075e-07, 1.8072564079791595e-08]"
hMpxV/Brazil/SP-IAL-357999368/2024|EPI_ISL_19524887|2024-10-21,"[0.0, 0.0, 1.0, 0.0, 0.0, 0.0, 0.0, 0.0, 0.0, 0.0, 0.0, 0.0, 0.0, 0.0, 0.0, 0.0, 0.0, 0.0, 0.0, 0.0, 0.0, 0.0, 0.0, 0.0, 0.0, 0.0, 0.0, 0.0, 0.0, 0.0, 0.0]"
hMpxV/Brazil/SP-IAL-357937870/2024|EPI_ISL_19446304|2024-09-10,"[0.0, 0.0, 1.0, 0.0, 0.0, 0.0, 0.0, 0.0, 0.0, 0.0, 0.0, 0.0, 0.0, 0.0, 0.0, 0.0, 0.0, 0.0, 0.0, 0.0, 0.0, 0.0, 0.0, 0.0, 0.0, 0.0, 0.0, 0.0, 0.0, 0.0, 0.0]"
NODE_0000215,"[1.5485449525008188e-10, 4.6992193393643974e-11, 0.9999999949941134, 4.7528096853666796e-11, 3.2837179619639155e-10, 4.726350563473451e-11, 5.774343958356584e-11, 4.715739919114217e-11, 4.727850488964462e-11, 4.726348527167607e-11, 4.664624065371908e-11, 4.721130259386724e-11, 4.516875659800867e-11, 4.687934476774545e-11, 3.2052531420234055e-11, 1.1336933415238449e-10, 4.626672895622394e-11, 4.721130259370182e-11, 4.7211302593773934e-11, 4.459279572580489e-11, 1.1194707672572136e-09, 4.6704758339142757e-11, 1.1754218455712268e-09, 4.7336112582677345e-11, 7.563533567620782e-11, 4.5618458832584294e-11, 4.0338064665609854e-11, 4.6048986769733205e-11, 4.479109937899627e-11, 9.763531717778517e-10, 4.7105618869545323e-11]"
hMpxV/Brazil/SP-IAL-357536254/2024|EPI_ISL_19359685|2024-02-29,"[0.0, 0.0, 1.0, 0.0, 0.0, 0.0, 0.0, 0.0, 0.0, 0.0, 0.0, 0.0, 0.0, 0.0, 0.0, 0.0, 0.0, 0.0, 0.0, 0.0, 0.0, 0.0, 0.0, 0.0, 0.0, 0.0, 0.0, 0.0, 0.0, 0.0, 0.0]"
NODE_0000216,"[1.1763557465413913e-12, 1.9557037925428507e-13, 0.9999999998969895, 1.934504672050151e-13, 3.958849519051049e-12, 1.9532549098544977e-13, 2.656293588792904e-13, 1.9554327704252667e-13, 1.9633323295743218e-13, 1.9546549680721044e-13, 1.9458883340630826e-13, 1.9470610098899916e-13, 1.7750088870882517e-13, 1.9626915782619336e-13, 1.2009793011266392e-13, 8.596190980897229e-13, 1.9281833031434728e-13, 1.9470610098859378e-13, 1.9470610098873648e-13, 1.7963409506519294e-13, 4.297865323439113e-11, 1.818009998071359e-13, 2.8307714731439425e-11, 1.9473267017353047e-13, 4.70140800892772e-13, 1.9080519339471298e-13, 1.4988687995620632e-13, 1.94359516229278e-13, 1.772450708118354e-13, 2.0892117047701835e-11, 1.9573170764812786e-13]"
hMpxV/Brazil/SP-IAL-357827872/2024|EPI_ISL_19359680|2024-06-21,"[0.0, 0.0, 1.0, 0.0, 0.0, 0.0, 0.0, 0.0, 0.0, 0.0, 0.0, 0.0, 0.0, 0.0, 0.0, 0.0, 0.0, 0.0, 0.0, 0.0, 0.0, 0.0, 0.0, 0.0, 0.0, 0.0, 0.0, 0.0, 0.0, 0.0, 0.0]"
hMpxV/Brazil/SP-IAL-357683862/2024|EPI_ISL_19359686|2024-04-18,"[0.0, 0.0, 1.0, 0.0, 0.0, 0.0, 0.0, 0.0, 0.0, 0.0, 0.0, 0.0, 0.0, 0.0, 0.0, 0.0, 0.0, 0.0, 0.0, 0.0, 0.0, 0.0, 0.0, 0.0, 0.0, 0.0, 0.0, 0.0, 0.0, 0.0, 0.0]"
hMpxV/Brazil/SP-IAL-357670600/2024|EPI_ISL_19359697|2024-04-14,"[0.0, 0.0, 1.0, 0.0, 0.0, 0.0, 0.0, 0.0, 0.0, 0.0, 0.0, 0.0, 0.0, 0.0, 0.0, 0.0, 0.0, 0.0, 0.0, 0.0, 0.0, 0.0, 0.0, 0.0, 0.0, 0.0, 0.0, 0.0, 0.0, 0.0, 0.0]"
NODE_0000217,"[1.2324196258762361e-11, 1.973546386083867e-12, 0.999999998844891, 1.954890452443353e-12, 4.259828809988123e-11, 1.9720925592019212e-12, 2.706993261954053e-12, 1.9771231100440427e-12, 1.983962782913992e-12, 1.972011043149728e-12, 1.969698477959965e-12, 1.969432422847641e-12, 1.7891489169775096e-12, 1.9684389047649596e-12, 1.2008316966337942e-12, 8.933458448577333e-12, 1.9220896204810943e-12, 1.9694324228471908e-12, 1.9694324228474363e-12, 1.807683199171686e-12, 4.968823561787529e-10, 1.8310964794897984e-12, 3.1952584078550256e-10, 1.9687692654290295e-12, 4.7935607578850685e-12, 1.9279298349807857e-12, 1.5044590532681477e-12, 1.9656558816461736e-12, 1.7879560516626311e-12, 2.259798162945208e-10, 1.9785568651386526e-12]"
hMpxV/Brazil/SP-IAL-357889812/2024|EPI_ISL_19359693|2024-08-07,"[0.0, 0.0, 1.0, 0.0, 0.0, 0.0, 0.0, 0.0, 0.0, 0.0, 0.0, 0.0, 0.0, 0.0, 0.0, 0.0, 0.0, 0.0, 0.0, 0.0, 0.0, 0.0, 0.0, 0.0, 0.0, 0.0, 0.0, 0.0, 0.0, 0.0, 0.0]"
hMpxV/Brazil/SP-IAL-357895451/2024|EPI_ISL_19359694|2024-08-12,"[0.0, 0.0, 1.0, 0.0, 0.0, 0.0, 0.0, 0.0, 0.0, 0.0, 0.0, 0.0, 0.0, 0.0, 0.0, 0.0, 0.0, 0.0, 0.0, 0.0, 0.0, 0.0, 0.0, 0.0, 0.0, 0.0, 0.0, 0.0, 0.0, 0.0, 0.0]"
hMpxV/Brazil/SP-IAL-357945993/2024|EPI_ISL_19446309|2024-09-16,"[0.0, 0.0, 1.0, 0.0, 0.0, 0.0, 0.0, 0.0, 0.0, 0.0, 0.0, 0.0, 0.0, 0.0, 0.0, 0.0, 0.0, 0.0, 0.0, 0.0, 0.0, 0.0, 0.0, 0.0, 0.0, 0.0, 0.0, 0.0, 0.0, 0.0, 0.0]"
NODE_0000218,"[2.898868692818045e-09, 8.59901108749295e-10, 0.9999999042943115, 8.706182412577346e-10, 6.2424613071620924e-09, 8.652191258177416e-10, 1.0632085916370095e-09, 8.641101263590475e-10, 8.660091078237356e-10, 8.647538427053247e-10, 8.553561159557013e-10, 8.653184321127972e-10, 8.261047260129848e-10, 8.54240376908314e-10, 5.831492516798824e-10, 2.1106803801280633e-09, 8.396363993356677e-10, 8.653184321121151e-10, 8.653184321124578e-10, 8.14569796897388e-10, 2.2103319761565134e-08, 8.53785439729265e-10, 2.295426944082402e-08, 8.673484782246738e-10, 1.3911287928266818e-09, 8.355119360553846e-10, 7.358475659823195e-10, 8.438933308515856e-10, 8.195988689018294e-10, 1.8563113441186062e-08, 8.630287359727992e-10]"
hMpxV/Brazil/SP-IAL-357907042/2024|EPI_ISL_19372774|2024-08-21,"[0.0, 0.0, 1.0, 0.0, 0.0, 0.0, 0.0, 0.0, 0.0, 0.0, 0.0, 0.0, 0.0, 0.0, 0.0, 0.0, 0.0, 0.0, 0.0, 0.0, 0.0, 0.0, 0.0, 0.0, 0.0, 0.0, 0.0, 0.0, 0.0, 0.0, 0.0]"
NODE_0000219,"[8.353394755798061e-10, 2.459643955317443e-10, 0.9999999717667837, 2.488926325087296e-10, 1.815526210563924e-09, 2.474380063091694e-10, 3.0427703219109325e-10, 2.470903721070583e-10, 2.476558348226913e-10, 2.47332237808397e-10, 2.445789762689759e-10, 2.47402964242485e-10, 2.36104904896909e-10, 2.445556755032743e-10, 1.6670675539412595e-10, 6.087611161728329e-10, 2.40535260026658e-10, 2.47402964242134e-10, 2.4740296424227823e-10, 2.3295170537404084e-10, 6.699364883272694e-09, 2.4400175508823783e-10, 6.8139433440570266e-09, 2.479868869235822e-10, 4.0039266434575337e-10, 2.389670432947475e-10, 2.1022973464070577e-10, 2.413737910567038e-10, 2.34249951632126e-10, 5.4999909298912195e-09, 2.467961752388716e-10]"
hMpxV/Brazil/SP-IAL-357921794/2024|EPI_ISL_19446292|2024-08-31,"[0.0, 0.0, 1.0, 0.0, 0.0, 0.0, 0.0, 0.0, 0.0, 0.0, 0.0, 0.0, 0.0, 0.0, 0.0, 0.0, 0.0, 0.0, 0.0, 0.0, 0.0, 0.0, 0.0, 0.0, 0.0, 0.0, 0.0, 0.0, 0.0, 0.0, 0.0]"
NODE_0000220,"[2.18970309991262e-09, 6.827418049241055e-10, 0.9999999311111412, 6.897219152346752e-10, 4.5560583733780555e-09, 6.863780656745646e-10, 8.328539592137631e-10, 6.840776659682906e-10, 6.861332298959729e-10, 6.867924295873601e-10, 6.760925459301874e-10, 6.846533200183702e-10, 6.567031433104432e-10, 6.84390322538727e-10, 4.688652701274184e-10, 1.613076587560412e-09, 6.786459315305837e-10, 6.84653320017466e-10, 6.846533200178304e-10, 6.492164929407284e-10, 1.4745632829354202e-08, 6.79418639643087e-10, 1.5758975137107705e-08, 6.86704479853208e-10, 1.0916048084989426e-09, 6.621120869557524e-10, 5.882762150051781e-10, 6.679011511085752e-10, 6.5083748489337e-10, 1.3498535142089575e-08, 6.834503216067319e-10]"
hMpxV/Brazil/SP-IAL-357988309/2024|EPI_ISL_19524873|2024-10-11,"[0.0, 0.0, 1.0, 0.0, 0.0, 0.0, 0.0, 0.0, 0.0, 0.0, 0.0, 0.0, 0.0, 0.0, 0.0, 0.0, 0.0, 0.0, 0.0, 0.0, 0.0, 0.0, 0.0, 0.0, 0.0, 0.0, 0.0, 0.0, 0.0, 0.0, 0.0]"
NODE_0000221,"[1.2105864598560348e-11, 2.6810819592125205e-12, 0.9999999993758221, 2.682078259074979e-12, 3.270685502919278e-11, 2.687262001493226e-12, 3.4745745587951433e-12, 2.6867121425774967e-12, 2.6952167038539023e-12, 2.6877909423894767e-12, 2.6664522225115377e-12, 2.6826629801773625e-12, 2.5023418491143992e-12, 2.678859640731623e-12, 1.729962170422729e-12, 8.837463788152192e-12, 2.6338483829206942e-12, 2.6826629801707705e-12, 2.682662980173085e-12, 2.500770245131164e-12, 2.0562670715206191e-10, 2.5745226503890214e-12, 1.6888543469649022e-10, 2.6860191591791734e-12, 5.30484226687931e-12, 2.610048863731294e-12, 2.1699027305398974e-12, 2.647415401337389e-12, 2.4906621867884836e-12, 1.3049087142290263e-10, 2.6864024790589233e-12]"
hMpxV/Brazil/SP-IAL-358000513/2024|EPI_ISL_19524877|2024-10-22,"[0.0, 0.0, 1.0, 0.0, 0.0, 0.0, 0.0, 0.0, 0.0, 0.0, 0.0, 0.0, 0.0, 0.0, 0.0, 0.0, 0.0, 0.0, 0.0, 0.0, 0.0, 0.0, 0.0, 0.0, 0.0, 0.0, 0.0, 0.0, 0.0, 0.0, 0.0]"
hMpxV/Brazil/SP-IAL-357949071/2024|EPI_ISL_19446311|2024-09-17,"[0.0, 0.0, 1.0, 0.0, 0.0, 0.0, 0.0, 0.0, 0.0, 0.0, 0.0, 0.0, 0.0, 0.0, 0.0, 0.0, 0.0, 0.0, 0.0, 0.0, 0.0, 0.0, 0.0, 0.0, 0.0, 0.0, 0.0, 0.0, 0.0, 0.0, 0.0]"
NODE_0000222,"[9.074003643166159e-12, 2.6001655550160023e-12, 0.9999999996878296, 2.6378967030739155e-12, 2.0013648532303203e-11, 2.6185744849454526e-12, 3.2457859840218983e-12, 2.619547939946234e-12, 2.6239288512133167e-12, 2.6145216471045005e-12, 2.595768435479854e-12, 2.6241081740681665e-12, 2.49730766571572e-12, 2.5643380648911223e-12, 1.7479774948117521e-12, 6.5458102004129256e-12, 2.5030977796434475e-12, 2.624108174059674e-12, 2.624108174063139e-12, 2.456540596128112e-12, 7.640656828950005e-11, 2.5790406096105925e-12, 7.715829129249681e-11, 2.6291385855608744e-12, 4.2273756115622975e-12, 2.5306916147461998e-12, 2.2161606338109385e-12, 2.558446404117016e-12, 2.479479882002409e-12, 5.993831641709208e-11, 2.6157162869553932e-12]"
NODE_0000226,"[1.4422852586562647e-09, 4.227296820103788e-10, 0.9999999517648459, 4.282752762807408e-10, 3.1313925219426435e-09, 4.2546032170806487e-10, 5.244081575773034e-10, 4.251508306821421e-10, 4.2600602693247463e-10, 4.25090490191774e-10, 4.2100093912875883e-10, 4.2579751254190037e-10, 4.060505332758382e-10, 4.1892471476623783e-10, 2.8580103410880274e-10, 1.0469364337920188e-09, 4.1079907616896723e-10, 4.257975125415369e-10, 4.257975125416914e-10, 4.0007190629207783e-10, 1.1350055640379092e-08, 4.19546328693765e-10, 1.1692622053180358e-08, 4.267319116650902e-10, 6.852816738787251e-10, 4.1096520365863174e-10, 3.612091837680078e-10, 4.152210210606055e-10, 4.0295743869645217e-10, 9.328201329902244e-09, 4.2458675738617e-10]"
NODE_0000227,"[1.005131817247283e-08, 3.009329151405036e-09, 0.9999996720601529, 3.045500502402606e-09, 2.1497984358841948e-08, 3.027352753471327e-09, 3.711836828147154e-09, 3.02228246305515e-09, 3.029300683341485e-09, 3.0264340070513076e-09, 2.990878303639925e-09, 3.0262799677777794e-09, 2.8915109425851356e-09, 2.9946053093038107e-09, 2.045352587030704e-09, 7.334493821796469e-09, 2.9482363252423765e-09, 3.0262799677766044e-09, 3.026279967777213e-09, 2.8526263570652408e-09, 7.445195930852535e-08, 2.9889720481976803e-09, 7.798921668026389e-08, 3.0337022194728526e-09, 4.859220073235985e-09, 2.9228069713857832e-09, 2.578097707634144e-09, 2.951439977277306e-09, 2.8682043331925207e-09, 6.371969936354262e-08, 3.0186461050921215e-09]"
hMpxV/Brazil/SP-IAL-357899649/2024|EPI_ISL_19372762|2024-08-15,"[0.0, 0.0, 1.0, 0.0, 0.0, 0.0, 0.0, 0.0, 0.0, 0.0, 0.0, 0.0, 0.0, 0.0, 0.0, 0.0, 0.0, 0.0, 0.0, 0.0, 0.0, 0.0, 0.0, 0.0, 0.0, 0.0, 0.0, 0.0, 0.0, 0.0, 0.0]"
hMpxV/Brazil/SP-IAL-357928626/2024|EPI_ISL_19446295|2024-09-04,"[0.0, 0.0, 1.0, 0.0, 0.0, 0.0, 0.0, 0.0, 0.0, 0.0, 0.0, 0.0, 0.0, 0.0, 0.0, 0.0, 0.0, 0.0, 0.0, 0.0, 0.0, 0.0, 0.0, 0.0, 0.0, 0.0, 0.0, 0.0, 0.0, 0.0, 0.0]"
NODE_0000228,"[5.397961372314885e-08, 1.6358530945577287e-08, 0.9999982587087715, 1.654092497066786e-08, 1.1456338763712641e-07, 1.645024876014443e-08, 2.0105662829917802e-08, 1.6411953412171294e-08, 1.6453422647137642e-08, 1.6452012427087056e-08, 1.6234882742930955e-08, 1.6431374200292726e-08, 1.571756075820491e-08, 1.6326029090271576e-08, 1.1154489720775171e-08, 3.953386849266629e-08, 1.611752099465421e-08, 1.643137420029063e-08, 1.6431374200291502e-08, 1.552198963985098e-08, 3.881012367145569e-07, 1.625189487831987e-08, 4.0951729323143286e-07, 1.647432609057588e-08, 2.6390216773909807e-08, 1.5877452008636046e-08, 1.4032930788050645e-08, 1.6027412967674693e-08, 1.5586536378413253e-08, 3.3942211729307357e-07, 1.639358977558254e-08]"
hMpxV/Brazil/SP-IAL-357917433/2024|EPI_ISL_19446290|2024-08-28,"[0.0, 0.0, 1.0, 0.0, 0.0, 0.0, 0.0, 0.0, 0.0, 0.0, 0.0, 0.0, 0.0, 0.0, 0.0, 0.0, 0.0, 0.0, 0.0, 0.0, 0.0, 0.0, 0.0, 0.0, 0.0, 0.0, 0.0, 0.0, 0.0, 0.0, 0.0]"
hMpxV/Brazil/SP-IAL-357930578/2024|EPI_ISL_19446299|2024-09-05,"[0.0, 0.0, 1.0, 0.0, 0.0, 0.0, 0.0, 0.0, 0.0, 0.0, 0.0, 0.0, 0.0, 0.0, 0.0, 0.0, 0.0, 0.0, 0.0, 0.0, 0.0, 0.0, 0.0, 0.0, 0.0, 0.0, 0.0, 0.0, 0.0, 0.0, 0.0]"
NODE_0000223,"[5.936630198309245e-12, 1.251806046036543e-12, 0.9999999996704682, 1.2549686111344404e-12, 1.6597006773706575e-11, 1.2557474828393417e-12, 1.6438130237520734e-12, 1.2580375242358002e-12, 1.2610455397966688e-12, 1.2545901945162814e-12, 1.2504397302482343e-12, 1.2568024735273169e-12, 1.1669567345596222e-12, 1.2398248057876753e-12, 7.978684741212649e-13, 4.284700797128512e-12, 1.2085595814025902e-12, 1.2568024735249094e-12, 1.256802473526012e-12, 1.1632823582270166e-12, 1.1437441899869598e-10, 1.1993874431745294e-12, 9.114364015383472e-11, 1.2575855352429803e-12, 2.505922936433833e-12, 1.2209353218516346e-12, 1.0063512234908459e-12, 1.2399608383902204e-12, 1.1627162863374855e-12, 6.656776495747992e-11, 1.2574918202943573e-12]"
hMpxV/Brazil/SP-IAL-357914860/2024|EPI_ISL_19372778|2024-08-26,"[0.0, 0.0, 1.0, 0.0, 0.0, 0.0, 0.0, 0.0, 0.0, 0.0, 0.0, 0.0, 0.0, 0.0, 0.0, 0.0, 0.0, 0.0, 0.0, 0.0, 0.0, 0.0, 0.0, 0.0, 0.0, 0.0, 0.0, 0.0, 0.0, 0.0, 0.0]"
hMpxV/Brazil/SP-IAL-357979151/2024|EPI_ISL_19524875|2024-10-04,"[0.0, 0.0, 1.0, 0.0, 0.0, 0.0, 0.0, 0.0, 0.0, 0.0, 0.0, 0.0, 0.0, 0.0, 0.0, 0.0, 0.0, 0.0, 0.0, 0.0, 0.0, 0.0, 0.0, 0.0, 0.0, 0.0, 0.0, 0.0, 0.0, 0.0, 0.0]"
NODE_0000224,"[5.834617883057456e-10, 1.8037711056459924e-10, 0.9999999814972413, 1.822777866065954e-10, 1.2212368780135425e-09, 1.8135956364362222e-10, 2.2052547072866658e-10, 1.8081032346525033e-10, 1.813311707018034e-10, 1.8143769738127415e-10, 1.787444892537115e-10, 1.8097704328279946e-10, 1.7345130424641192e-10, 1.8056293589553516e-10, 1.2361579308078083e-10, 4.290503073188774e-10, 1.7880216441367887e-10, 1.8097704328233485e-10, 1.8097704328253247e-10, 1.7141137659460495e-10, 4.0114853943205535e-09, 1.7941975403581125e-10, 4.267215762573365e-09, 1.8150028640845945e-10, 2.8909399465980227e-10, 1.7497896236869744e-10, 1.552298871824751e-10, 1.7654579194863852e-10, 1.7193203176245643e-10, 3.6233342092061416e-09, 1.8063551140463275e-10]"
hMpxV/Brazil/SP-IAL-357982862/2024|EPI_ISL_19524882|2024-10-08,"[0.0, 0.0, 1.0, 0.0, 0.0, 0.0, 0.0, 0.0, 0.0, 0.0, 0.0, 0.0, 0.0, 0.0, 0.0, 0.0, 0.0, 0.0, 0.0, 0.0, 0.0, 0.0, 0.0, 0.0, 0.0, 0.0, 0.0, 0.0, 0.0, 0.0, 0.0]"
NODE_0000225,"[3.2947293036570226e-10, 1.0160963616130135e-10, 0.9999999894990791, 1.0267428454302526e-10, 6.912848800333e-10, 1.02161401992551e-10, 1.242721144128285e-10, 1.0185400123527347e-10, 1.0214771944338469e-10, 1.0220500569669182e-10, 1.0069263030715129e-10, 1.0194621799998892e-10, 9.769084876840995e-11, 1.0171225411001288e-10, 6.960833890229967e-11, 2.4226376523197703e-10, 1.0071525492258503e-10, 1.0194621799967347e-10, 1.0194621799980386e-10, 9.654797849067979e-11, 2.291751856555029e-09, 1.010490547251611e-10, 2.4273915906207578e-09, 1.0223999894000754e-10, 1.6308321975541121e-10, 9.857136909137278e-11, 8.741207783204614e-11, 9.94573533494684e-11, 9.683756510171921e-11, 2.0586189515055003e-09, 1.017561432298072e-10]"
hMpxV/Brazil/SP-IAL-357888132/2024|EPI_ISL_19372758|2024-08-07,"[0.0, 0.0, 1.0, 0.0, 0.0, 0.0, 0.0, 0.0, 0.0, 0.0, 0.0, 0.0, 0.0, 0.0, 0.0, 0.0, 0.0, 0.0, 0.0, 0.0, 0.0, 0.0, 0.0, 0.0, 0.0, 0.0, 0.0, 0.0, 0.0, 0.0, 0.0]"
hMpxV/Brazil/SP-IAL-357985711/2024|EPI_ISL_19524886|2024-10-09,"[0.0, 0.0, 1.0, 0.0, 0.0, 0.0, 0.0, 0.0, 0.0, 0.0, 0.0, 0.0, 0.0, 0.0, 0.0, 0.0, 0.0, 0.0, 0.0, 0.0, 0.0, 0.0, 0.0, 0.0, 0.0, 0.0, 0.0, 0.0, 0.0, 0.0, 0.0]"
NODE_0000162,"[0.24668409008436465, 0.0009332886350984073, 0.1650700299986636, 0.0009497718776251726, 0.0015841194997178061, 0.0009401782912185253, 0.0009914795520203994, 0.0018047166765274554, 0.0025699277882483993, 0.0009446437671008447, 0.001195724168085357, 0.0009377719302861565, 0.0009053126420373709, 0.0009461166072885605, 0.001612318046380262, 0.0009786470641923106, 0.0009437752331843479, 0.0009377719302861422, 0.0009377719302861415, 0.000889692064955735, 0.0022004994490775944, 0.000947202387383462, 0.01411190800420955, 0.0012442461940061218, 0.5387375206362205, 0.0008984137385337468, 0.0011960611774029263, 0.0009049110011031242, 0.0008978331582937009, 0.0038682422309908662, 0.0022360142352105612]"
hMpxV/China/SZ-CDC/Strain113,"[0.0, 0.0, 0.0, 0.0, 0.0, 0.0, 0.0, 0.0, 0.0, 0.0, 0.0, 0.0, 0.0, 0.0, 0.0, 0.0, 0.0, 0.0, 0.0, 0.0, 0.0, 0.0, 0.0, 0.0, 1.0, 0.0, 0.0, 0.0, 0.0, 0.0, 0.0]"
NODE_0000164,"[0.9999999999972812, 2.9057342266849974e-15, 3.2411147968890295e-13, 2.9332622678284997e-15, 3.3019905673166913e-15, 2.92489496340339e-15, 3.0165339318766506e-15, 4.784547493534453e-15, 6.367864593569259e-15, 2.952368289806818e-15, 3.541550979673664e-15, 2.9596249925063137e-15, 2.557833914833379e-15, 2.8837546137282646e-15, 1.4545870020249874e-14, 2.029112708408182e-15, 2.710944290507972e-15, 2.959624992506343e-15, 2.95962499250645e-15, 2.551695425476692e-15, 1.2937370327319603e-14, 2.671665203237941e-15, 1.2383883299127281e-14, 3.588063333805512e-15, 2.2333095400252253e-12, 2.816404613412435e-15, 2.5905933724451082e-15, 2.9050341648884872e-15, 2.573808901377357e-15, 4.390688091184024e-14, 5.6844930794636145e-15]"
hMpxV/Australia/VIC-VIDRL-2984/2024|EPI_ISL_19459723|2024-05-27,"[0.9999999999999999, 0.0, 0.0, 0.0, 0.0, 0.0, 0.0, 0.0, 0.0, 0.0, 0.0, 0.0, 0.0, 0.0, 0.0, 0.0, 0.0, 0.0, 0.0, 0.0, 0.0, 0.0, 0.0, 0.0, 0.0, 0.0, 0.0, 0.0, 0.0, 0.0, 0.0]"
hMpxV/Australia/VIC-VIDRL-0369/2024|EPI_ISL_19459704|2024-05-16,"[0.9999999999999999, 0.0, 0.0, 0.0, 0.0, 0.0, 0.0, 0.0, 0.0, 0.0, 0.0, 0.0, 0.0, 0.0, 0.0, 0.0, 0.0, 0.0, 0.0, 0.0, 0.0, 0.0, 0.0, 0.0, 0.0, 0.0, 0.0, 0.0, 0.0, 0.0, 0.0]"
NODE_0000205,"[0.9999999999999999, 3.268775156303325e-26, 2.8837270348040374e-25, 3.302287000251629e-26, 2.7769789571217676e-26, 3.296319596115288e-26, 3.3470383194682277e-26, 3.366603246110784e-26, 3.369538742185546e-26, 3.2711530285927145e-26, 3.3743836274746774e-26, 3.3595691929577456e-26, 2.780372016309914e-26, 3.035956966035691e-26, 2.166107411957095e-25, 1.8007506658981737e-26, 2.72603341639472e-26, 3.359569192957798e-26, 3.359569192958728e-26, 2.742578628835342e-26, 1.3570442325303274e-25, 2.894740371987228e-26, 1.773768242153406e-26, 3.346841037157425e-26, 1.1287523843306367e-24, 3.181509565881293e-26, 1.9994216234922834e-26, 3.3135603828646386e-26, 2.792491474611142e-26, 8.039836758333311e-25, 3.362239414453308e-26]"
hMpxV/Australia/VIC-VIDRL-9624/2024|EPI_ISL_19459799|2024-05-15,"[1.0, 0.0, 0.0, 0.0, 0.0, 0.0, 0.0, 0.0, 0.0, 0.0, 0.0, 0.0, 0.0, 0.0, 0.0, 0.0, 0.0, 0.0, 0.0, 0.0, 0.0, 0.0, 0.0, 0.0, 0.0, 0.0, 0.0, 0.0, 0.0, 0.0, 0.0]"
hMpxV/Australia/VIC-VIDRL-0994/2024|EPI_ISL_19459725|2024-05-20,"[1.0, 0.0, 0.0, 0.0, 0.0, 0.0, 0.0, 0.0, 0.0, 0.0, 0.0, 0.0, 0.0, 0.0, 0.0, 0.0, 0.0, 0.0, 0.0, 0.0, 0.0, 0.0, 0.0, 0.0, 0.0, 0.0, 0.0, 0.0, 0.0, 0.0, 0.0]"
hMpxV/Australia/VIC-VIDRL-9625/2024|EPI_ISL_19459739|2024-05-15,"[1.0, 0.0, 0.0, 0.0, 0.0, 0.0, 0.0, 0.0, 0.0, 0.0, 0.0, 0.0, 0.0, 0.0, 0.0, 0.0, 0.0, 0.0, 0.0, 0.0, 0.0, 0.0, 0.0, 0.0, 0.0, 0.0, 0.0, 0.0, 0.0, 0.0, 0.0]"
hMpxV/Australia/VIC-VIDRL-9373/2024|EPI_ISL_19459741|2024-05-14,"[1.0, 0.0, 0.0, 0.0, 0.0, 0.0, 0.0, 0.0, 0.0, 0.0, 0.0, 0.0, 0.0, 0.0, 0.0, 0.0, 0.0, 0.0, 0.0, 0.0, 0.0, 0.0, 0.0, 0.0, 0.0, 0.0, 0.0, 0.0, 0.0, 0.0, 0.0]"
hMpxV/Australia/VIC-VIDRL-9428/2024|EPI_ISL_19459746|2024-05-14,"[1.0, 0.0, 0.0, 0.0, 0.0, 0.0, 0.0, 0.0, 0.0, 0.0, 0.0, 0.0, 0.0, 0.0, 0.0, 0.0, 0.0, 0.0, 0.0, 0.0, 0.0, 0.0, 0.0, 0.0, 0.0, 0.0, 0.0, 0.0, 0.0, 0.0, 0.0]"
hMpxV/Australia/VIC-VIDRL-9623/2024|EPI_ISL_19459703|2024-05-15,"[1.0, 0.0, 0.0, 0.0, 0.0, 0.0, 0.0, 0.0, 0.0, 0.0, 0.0, 0.0, 0.0, 0.0, 0.0, 0.0, 0.0, 0.0, 0.0, 0.0, 0.0, 0.0, 0.0, 0.0, 0.0, 0.0, 0.0, 0.0, 0.0, 0.0, 0.0]"
NODE_0000185,"[0.9999999999999999, 5.028029372730165e-77, 6.265740362992802e-73, 4.632300458601925e-77, 3.802490066241363e-77, 4.934688305113387e-77, 5.710400704765949e-77, 6.125155305080403e-77, 6.4872646012477385e-77, 4.6982376499991566e-77, 6.551639973896716e-77, 5.5005183083459545e-77, 2.1847557872082218e-77, 3.3167299626028702e-77, 1.4533342499981885e-73, 1.115425130821651e-77, 2.0581854230865685e-77, 5.500518308346e-77, 5.500518308347608e-77, 2.3340011169361747e-77, 4.43014171005753e-73, 2.2361353701316558e-77, 1.4697371679204588e-77, 5.408115567931903e-77, 1.495864996560543e-70, 5.284587643919678e-77, 8.483530406125817e-78, 6.370228317020809e-77, 2.6235622994151195e-77, 3.44470205700505e-71, 6.384881441639772e-77]"
hMpxV/Australia/QLD-MX000018/2024|EPI_ISL_19539667|2024-05-22,"[1.0, 0.0, 0.0, 0.0, 0.0, 0.0, 0.0, 0.0, 0.0, 0.0, 0.0, 0.0, 0.0, 0.0, 0.0, 0.0, 0.0, 0.0, 0.0, 0.0, 0.0, 0.0, 0.0, 0.0, 0.0, 0.0, 0.0, 0.0, 0.0, 0.0, 0.0]"
hMpxV/Australia/QLD-MX000016/2024|EPI_ISL_19539666|2024-05-21,"[1.0, 0.0, 0.0, 0.0, 0.0, 0.0, 0.0, 0.0, 0.0, 0.0, 0.0, 0.0, 0.0, 0.0, 0.0, 0.0, 0.0, 0.0, 0.0, 0.0, 0.0, 0.0, 0.0, 0.0, 0.0, 0.0, 0.0, 0.0, 0.0, 0.0, 0.0]"
hMpxV/Australia/QLD-MX000019/2024|EPI_ISL_19539668|2024-05-22,"[1.0, 0.0, 0.0, 0.0, 0.0, 0.0, 0.0, 0.0, 0.0, 0.0, 0.0, 0.0, 0.0, 0.0, 0.0, 0.0, 0.0, 0.0, 0.0, 0.0, 0.0, 0.0, 0.0, 0.0, 0.0, 0.0, 0.0, 0.0, 0.0, 0.0, 0.0]"
hMpxV/Australia/QLD-MX000020/2024|EPI_ISL_19539670|2024-05-23,"[0.9999999999999999, 0.0, 0.0, 0.0, 0.0, 0.0, 0.0, 0.0, 0.0, 0.0, 0.0, 0.0, 0.0, 0.0, 0.0, 0.0, 0.0, 0.0, 0.0, 0.0, 0.0, 0.0, 0.0, 0.0, 0.0, 0.0, 0.0, 0.0, 0.0, 0.0, 0.0]"
hMpxV/Australia/QLD-MX000014/2024|EPI_ISL_19539665|2024-05-21,"[1.0, 0.0, 0.0, 0.0, 0.0, 0.0, 0.0, 0.0, 0.0, 0.0, 0.0, 0.0, 0.0, 0.0, 0.0, 0.0, 0.0, 0.0, 0.0, 0.0, 0.0, 0.0, 0.0, 0.0, 0.0, 0.0, 0.0, 0.0, 0.0, 0.0, 0.0]"
hMpxV/Australia/QLD-MX000021/2024|EPI_ISL_19539671|2024-05-23,"[0.9999999999999999, 0.0, 0.0, 0.0, 0.0, 0.0, 0.0, 0.0, 0.0, 0.0, 0.0, 0.0, 0.0, 0.0, 0.0, 0.0, 0.0, 0.0, 0.0, 0.0, 0.0, 0.0, 0.0, 0.0, 0.0, 0.0, 0.0, 0.0, 0.0, 0.0, 0.0]"
hMpxV/Australia/QLD-MX000028/2024|EPI_ISL_19539678|2024-06-17,"[0.9999999999999999, 0.0, 0.0, 0.0, 0.0, 0.0, 0.0, 0.0, 0.0, 0.0, 0.0, 0.0, 0.0, 0.0, 0.0, 0.0, 0.0, 0.0, 0.0, 0.0, 0.0, 0.0, 0.0, 0.0, 0.0, 0.0, 0.0, 0.0, 0.0, 0.0, 0.0]"
hMpxV/Australia/QLD-MX000031/2024|EPI_ISL_19539681|2024-06-21,"[1.0, 0.0, 0.0, 0.0, 0.0, 0.0, 0.0, 0.0, 0.0, 0.0, 0.0, 0.0, 0.0, 0.0, 0.0, 0.0, 0.0, 0.0, 0.0, 0.0, 0.0, 0.0, 0.0, 0.0, 0.0, 0.0, 0.0, 0.0, 0.0, 0.0, 0.0]"
hMpxV/Australia/QLD-MX000027/2024|EPI_ISL_19539677|2024-05-29,"[1.0, 0.0, 0.0, 0.0, 0.0, 0.0, 0.0, 0.0, 0.0, 0.0, 0.0, 0.0, 0.0, 0.0, 0.0, 0.0, 0.0, 0.0, 0.0, 0.0, 0.0, 0.0, 0.0, 0.0, 0.0, 0.0, 0.0, 0.0, 0.0, 0.0, 0.0]"
hMpxV/Australia/QLD-MX000026/2024|EPI_ISL_19539676|2024-05-27,"[1.0, 0.0, 0.0, 0.0, 0.0, 0.0, 0.0, 0.0, 0.0, 0.0, 0.0, 0.0, 0.0, 0.0, 0.0, 0.0, 0.0, 0.0, 0.0, 0.0, 0.0, 0.0, 0.0, 0.0, 0.0, 0.0, 0.0, 0.0, 0.0, 0.0, 0.0]"
hMpxV/Australia/VIC-VIDRL-0241/2024|EPI_ISL_19459729|2024-05-16,"[1.0, 0.0, 0.0, 0.0, 0.0, 0.0, 0.0, 0.0, 0.0, 0.0, 0.0, 0.0, 0.0, 0.0, 0.0, 0.0, 0.0, 0.0, 0.0, 0.0, 0.0, 0.0, 0.0, 0.0, 0.0, 0.0, 0.0, 0.0, 0.0, 0.0, 0.0]"
hMpxV/Australia/VIC-VIDRL-3765/2024|EPI_ISL_19459727|2024-05-29,"[1.0, 0.0, 0.0, 0.0, 0.0, 0.0, 0.0, 0.0, 0.0, 0.0, 0.0, 0.0, 0.0, 0.0, 0.0, 0.0, 0.0, 0.0, 0.0, 0.0, 0.0, 0.0, 0.0, 0.0, 0.0, 0.0, 0.0, 0.0, 0.0, 0.0, 0.0]"
hMpxV/Australia/VIC-VIDRL-0239/2024|EPI_ISL_19459737|2024-05-16,"[1.0, 0.0, 0.0, 0.0, 0.0, 0.0, 0.0, 0.0, 0.0, 0.0, 0.0, 0.0, 0.0, 0.0, 0.0, 0.0, 0.0, 0.0, 0.0, 0.0, 0.0, 0.0, 0.0, 0.0, 0.0, 0.0, 0.0, 0.0, 0.0, 0.0, 0.0]"
hMpxV/Australia/VIC-VIDRL-3002/2024|EPI_ISL_19459791|2024-05-25,"[1.0, 0.0, 0.0, 0.0, 0.0, 0.0, 0.0, 0.0, 0.0, 0.0, 0.0, 0.0, 0.0, 0.0, 0.0, 0.0, 0.0, 0.0, 0.0, 0.0, 0.0, 0.0, 0.0, 0.0, 0.0, 0.0, 0.0, 0.0, 0.0, 0.0, 0.0]"
hMpxV/Australia/QLD-MX000012/2024|EPI_ISL_19539663|2024-05-17,"[1.0, 0.0, 0.0, 0.0, 0.0, 0.0, 0.0, 0.0, 0.0, 0.0, 0.0, 0.0, 0.0, 0.0, 0.0, 0.0, 0.0, 0.0, 0.0, 0.0, 0.0, 0.0, 0.0, 0.0, 0.0, 0.0, 0.0, 0.0, 0.0, 0.0, 0.0]"
hMpxV/Australia/QLD-MX000048/2024|EPI_ISL_19539696|2024-08-29,"[1.0, 0.0, 0.0, 0.0, 0.0, 0.0, 0.0, 0.0, 0.0, 0.0, 0.0, 0.0, 0.0, 0.0, 0.0, 0.0, 0.0, 0.0, 0.0, 0.0, 0.0, 0.0, 0.0, 0.0, 0.0, 0.0, 0.0, 0.0, 0.0, 0.0, 0.0]"
hMpxV/Australia/QLD-MX000150/2024|EPI_ISL_19539791|2024-10-14,"[1.0, 0.0, 0.0, 0.0, 0.0, 0.0, 0.0, 0.0, 0.0, 0.0, 0.0, 0.0, 0.0, 0.0, 0.0, 0.0, 0.0, 0.0, 0.0, 0.0, 0.0, 0.0, 0.0, 0.0, 0.0, 0.0, 0.0, 0.0, 0.0, 0.0, 0.0]"
hMpxV/Australia/QLD-MX000062/2024|EPI_ISL_19539710|2024-09-04,"[1.0, 0.0, 0.0, 0.0, 0.0, 0.0, 0.0, 0.0, 0.0, 0.0, 0.0, 0.0, 0.0, 0.0, 0.0, 0.0, 0.0, 0.0, 0.0, 0.0, 0.0, 0.0, 0.0, 0.0, 0.0, 0.0, 0.0, 0.0, 0.0, 0.0, 0.0]"
hMpxV/Australia/QLD-MX000077/2024|EPI_ISL_19539725|2024-09-11,"[0.9999999999999999, 0.0, 0.0, 0.0, 0.0, 0.0, 0.0, 0.0, 0.0, 0.0, 0.0, 0.0, 0.0, 0.0, 0.0, 0.0, 0.0, 0.0, 0.0, 0.0, 0.0, 0.0, 0.0, 0.0, 0.0, 0.0, 0.0, 0.0, 0.0, 0.0, 0.0]"
hMpxV/Australia/QLD-MX000063/2024|EPI_ISL_19539711|2024-09-07,"[1.0, 0.0, 0.0, 0.0, 0.0, 0.0, 0.0, 0.0, 0.0, 0.0, 0.0, 0.0, 0.0, 0.0, 0.0, 0.0, 0.0, 0.0, 0.0, 0.0, 0.0, 0.0, 0.0, 0.0, 0.0, 0.0, 0.0, 0.0, 0.0, 0.0, 0.0]"
hMpxV/Australia/QLD-MX000083/2024|EPI_ISL_19539731|2024-09-15,"[0.9999999999999999, 0.0, 0.0, 0.0, 0.0, 0.0, 0.0, 0.0, 0.0, 0.0, 0.0, 0.0, 0.0, 0.0, 0.0, 0.0, 0.0, 0.0, 0.0, 0.0, 0.0, 0.0, 0.0, 0.0, 0.0, 0.0, 0.0, 0.0, 0.0, 0.0, 0.0]"
hMpxV/Australia/QLD-MX000091/2024|EPI_ISL_19539740|2024-09-17,"[1.0, 0.0, 0.0, 0.0, 0.0, 0.0, 0.0, 0.0, 0.0, 0.0, 0.0, 0.0, 0.0, 0.0, 0.0, 0.0, 0.0, 0.0, 0.0, 0.0, 0.0, 0.0, 0.0, 0.0, 0.0, 0.0, 0.0, 0.0, 0.0, 0.0, 0.0]"
hMpxV/Australia/QLD-MX000102/2024|EPI_ISL_19539749|2024-09-19,"[1.0, 0.0, 0.0, 0.0, 0.0, 0.0, 0.0, 0.0, 0.0, 0.0, 0.0, 0.0, 0.0, 0.0, 0.0, 0.0, 0.0, 0.0, 0.0, 0.0, 0.0, 0.0, 0.0, 0.0, 0.0, 0.0, 0.0, 0.0, 0.0, 0.0, 0.0]"
hMpxV/Australia/QLD-MX000105/2024|EPI_ISL_19539752|2024-09-24,"[1.0, 0.0, 0.0, 0.0, 0.0, 0.0, 0.0, 0.0, 0.0, 0.0, 0.0, 0.0, 0.0, 0.0, 0.0, 0.0, 0.0, 0.0, 0.0, 0.0, 0.0, 0.0, 0.0, 0.0, 0.0, 0.0, 0.0, 0.0, 0.0, 0.0, 0.0]"
NODE_0000186,"[0.9999999994331131, 1.5071915146158614e-11, 3.645348696154677e-11, 1.5431006926248947e-11, 1.3406666035328228e-11, 1.522778204243849e-11, 1.5119156023535243e-11, 1.521527761549248e-11, 1.526398480073344e-11, 1.5219384050781245e-11, 1.4987972074796056e-11, 1.5253660642378213e-11, 1.4501252135419803e-11, 1.4892635546537407e-11, 3.062862620895618e-11, 1.0355100418359478e-11, 1.4546991948230478e-11, 1.5253660642378258e-11, 1.525366064238097e-11, 1.4114643266859428e-11, 1.4689904425335863e-11, 1.5210016445816124e-11, 1.0557606884417504e-11, 1.5315629321213056e-11, 6.09675162195877e-11, 1.4503311398995294e-11, 1.2628713494330428e-11, 1.466523747392971e-11, 1.4335093121505011e-11, 6.262942627840117e-11, 1.5187479285900797e-11]"
hMpxV/Australia/QLD-MX000023/2024|EPI_ISL_19539673|2024-05-28,"[1.0, 0.0, 0.0, 0.0, 0.0, 0.0, 0.0, 0.0, 0.0, 0.0, 0.0, 0.0, 0.0, 0.0, 0.0, 0.0, 0.0, 0.0, 0.0, 0.0, 0.0, 0.0, 0.0, 0.0, 0.0, 0.0, 0.0, 0.0, 0.0, 0.0, 0.0]"
hMpxV/Australia/QLD-MX000024/2024|EPI_ISL_19539674|2024-05-28,"[1.0, 0.0, 0.0, 0.0, 0.0, 0.0, 0.0, 0.0, 0.0, 0.0, 0.0, 0.0, 0.0, 0.0, 0.0, 0.0, 0.0, 0.0, 0.0, 0.0, 0.0, 0.0, 0.0, 0.0, 0.0, 0.0, 0.0, 0.0, 0.0, 0.0, 0.0]"
NODE_0000190,"[0.9999999971888165, 7.594873945005702e-11, 1.7739453783305788e-10, 7.775517373836713e-11, 6.785704816204382e-11, 7.670854683771614e-11, 7.612490217472464e-11, 7.672861003353115e-11, 7.710303776207222e-11, 7.667743451671304e-11, 7.549129179821395e-11, 7.679105482366559e-11, 7.334636337256187e-11, 7.51737399650442e-11, 1.4770632792902627e-10, 5.288184823283414e-11, 7.376331558989972e-11, 7.67910548236657e-11, 7.679105482367927e-11, 7.137298620114344e-11, 7.044534611919744e-11, 7.698928694399091e-11, 5.4593920580191064e-11, 7.717357509775948e-11, 2.859311456481277e-10, 7.308084735099269e-11, 6.489133250992769e-11, 7.38056423932413e-11, 7.262610822466569e-11, 3.0258144630454445e-10, 7.665775057242177e-11]"
hMpxV/Australia/VIC-VIDRL-4022/2024|EPI_ISL_19459715|2024-07-08,"[1.0, 0.0, 0.0, 0.0, 0.0, 0.0, 0.0, 0.0, 0.0, 0.0, 0.0, 0.0, 0.0, 0.0, 0.0, 0.0, 0.0, 0.0, 0.0, 0.0, 0.0, 0.0, 0.0, 0.0, 0.0, 0.0, 0.0, 0.0, 0.0, 0.0, 0.0]"
hMpxV/Australia/VIC-VIDRL-4178/2024|EPI_ISL_19459784|2024-07-08,"[1.0, 0.0, 0.0, 0.0, 0.0, 0.0, 0.0, 0.0, 0.0, 0.0, 0.0, 0.0, 0.0, 0.0, 0.0, 0.0, 0.0, 0.0, 0.0, 0.0, 0.0, 0.0, 0.0, 0.0, 0.0, 0.0, 0.0, 0.0, 0.0, 0.0, 0.0]"
NODE_0000198,"[0.9999996535251144, 9.634623906073624e-09, 2.1043807441564682e-08, 9.866144995547204e-09, 8.66221300235713e-09, 9.72796629682032e-09, 9.643673529099622e-09, 9.737294830703607e-09, 9.803447991774996e-09, 9.727518305016873e-09, 9.563441160378338e-09, 9.727337144405977e-09, 9.369590912980349e-09, 9.57043373666218e-09, 1.734609794455443e-08, 6.847070652759256e-09, 9.459683026973238e-09, 9.72733714440598e-09, 9.727337144406273e-09, 9.112601727038857e-09, 8.186495988559792e-09, 9.845255002925662e-09, 7.1605363575921605e-09, 9.787836151081308e-09, 3.1800526957623464e-08, 9.269251614356672e-09, 8.468989116347428e-09, 9.341723666912942e-09, 9.290991818341558e-09, 3.528761756835281e-08, 9.738040373744567e-09]"
hMpxV/Australia/QLD-MX000131/2024|EPI_ISL_19539775|2024-10-02,"[0.9999999999999999, 0.0, 0.0, 0.0, 0.0, 0.0, 0.0, 0.0, 0.0, 0.0, 0.0, 0.0, 0.0, 0.0, 0.0, 0.0, 0.0, 0.0, 0.0, 0.0, 0.0, 0.0, 0.0, 0.0, 0.0, 0.0, 0.0, 0.0, 0.0, 0.0, 0.0]"
hMpxV/Australia/QLD-MX000133/2024|EPI_ISL_19539777|2024-10-02,"[0.9999999999999999, 0.0, 0.0, 0.0, 0.0, 0.0, 0.0, 0.0, 0.0, 0.0, 0.0, 0.0, 0.0, 0.0, 0.0, 0.0, 0.0, 0.0, 0.0, 0.0, 0.0, 0.0, 0.0, 0.0, 0.0, 0.0, 0.0, 0.0, 0.0, 0.0, 0.0]"
NODE_0000196,"[0.999997259293096, 7.626464452558197e-08, 1.6628584200022284e-07, 7.809101474936416e-08, 6.862068589548124e-08, 7.699592737523632e-08, 7.632969448421889e-08, 7.710044071427847e-08, 7.765605022183557e-08, 7.699138094009931e-08, 7.57088131369204e-08, 7.698746962553954e-08, 7.418421498512504e-08, 7.575741008740667e-08, 1.367602778827892e-07, 5.430570354695635e-08, 7.492404883933369e-08, 7.698746962553971e-08, 7.698746962554106e-08, 7.21495391666314e-08, 6.452053821506798e-08, 7.796100734481637e-08, 5.6987310101277703e-08, 7.747993899128649e-08, 2.50423938245247e-07, 7.337406513136326e-08, 6.725638097710794e-08, 7.393787377313509e-08, 7.359982704318426e-08, 2.7895394043852377e-07, 7.712398635436061e-08]"
hMpxV/Australia/QLD-MX000106/2024|EPI_ISL_19539753|2024-09-24,"[1.0, 0.0, 0.0, 0.0, 0.0, 0.0, 0.0, 0.0, 0.0, 0.0, 0.0, 0.0, 0.0, 0.0, 0.0, 0.0, 0.0, 0.0, 0.0, 0.0, 0.0, 0.0, 0.0, 0.0, 0.0, 0.0, 0.0, 0.0, 0.0, 0.0, 0.0]"
NODE_0000197,"[0.9999999986680332, 3.5335179245145275e-11, 8.587338785723946e-11, 3.617515444431205e-11, 3.142814402068584e-11, 3.5700155120413195e-11, 3.5448234840931126e-11, 3.5674611789701134e-11, 3.578962172782446e-11, 3.567960291441744e-11, 3.514318437358932e-11, 3.576277374495016e-11, 3.398346923084253e-11, 3.490781518909127e-11, 7.209548643322944e-11, 2.4262295650893808e-11, 3.4089601623471255e-11, 3.5762773744950283e-11, 3.5762773744954736e-11, 3.3079023940598915e-11, 3.4617323826559676e-11, 3.564391048871802e-11, 2.4738246223839435e-11, 3.590760446014189e-11, 1.4406335859378424e-10, 3.400371868071769e-11, 2.958111895899026e-11, 3.438654312423614e-11, 3.3596957078614296e-11, 1.4786440455376896e-10, 3.5610127289249385e-11]"
hMpxV/Australia/QLD-MX000120/2024|EPI_ISL_19539764|2024-10-01,"[1.0, 0.0, 0.0, 0.0, 0.0, 0.0, 0.0, 0.0, 0.0, 0.0, 0.0, 0.0, 0.0, 0.0, 0.0, 0.0, 0.0, 0.0, 0.0, 0.0, 0.0, 0.0, 0.0, 0.0, 0.0, 0.0, 0.0, 0.0, 0.0, 0.0, 0.0]"
hMpxV/Australia/QLD-MX000119/2024|EPI_ISL_19539763|2024-09-30,"[0.9999999999999999, 0.0, 0.0, 0.0, 0.0, 0.0, 0.0, 0.0, 0.0, 0.0, 0.0, 0.0, 0.0, 0.0, 0.0, 0.0, 0.0, 0.0, 0.0, 0.0, 0.0, 0.0, 0.0, 0.0, 0.0, 0.0, 0.0, 0.0, 0.0, 0.0, 0.0]"
NODE_0000201,"[0.9999999999998014, 3.885544289858291e-15, 1.6100297332410293e-14, 3.952205558228603e-15, 3.418210876466402e-15, 3.91899346241955e-15, 3.928588174264841e-15, 3.967753521616261e-15, 3.992256917712533e-15, 3.904951738043842e-15, 3.929599619355842e-15, 3.952292398538239e-15, 3.555517951160117e-15, 3.743003136445592e-15, 1.2511393722058096e-14, 2.481212574639209e-15, 3.5511063275310623e-15, 3.9522923985382405e-15, 3.952292398538662e-15, 3.480994434989936e-15, 6.740782816069039e-15, 3.723000184827378e-15, 2.56174426902956e-15, 3.962346595498667e-15, 3.6919785361692684e-14, 3.759583927433733e-15, 2.9338183312165394e-15, 3.844306174096343e-15, 3.555989775651636e-15, 3.4362212747088036e-14, 3.970308395814223e-15]"
hMpxV/Australia/QLD-MX000140/2024|EPI_ISL_19539784|2024-09-30,"[1.0, 0.0, 0.0, 0.0, 0.0, 0.0, 0.0, 0.0, 0.0, 0.0, 0.0, 0.0, 0.0, 0.0, 0.0, 0.0, 0.0, 0.0, 0.0, 0.0, 0.0, 0.0, 0.0, 0.0, 0.0, 0.0, 0.0, 0.0, 0.0, 0.0, 0.0]"
hMpxV/Australia/QLD-MX000141/2024|EPI_ISL_19539785|2024-09-30,"[1.0, 0.0, 0.0, 0.0, 0.0, 0.0, 0.0, 0.0, 0.0, 0.0, 0.0, 0.0, 0.0, 0.0, 0.0, 0.0, 0.0, 0.0, 0.0, 0.0, 0.0, 0.0, 0.0, 0.0, 0.0, 0.0, 0.0, 0.0, 0.0, 0.0, 0.0]"
hMpxV/Australia/QLD-MX000107/2024|EPI_ISL_19539754|2024-09-25,"[1.0, 0.0, 0.0, 0.0, 0.0, 0.0, 0.0, 0.0, 0.0, 0.0, 0.0, 0.0, 0.0, 0.0, 0.0, 0.0, 0.0, 0.0, 0.0, 0.0, 0.0, 0.0, 0.0, 0.0, 0.0, 0.0, 0.0, 0.0, 0.0, 0.0, 0.0]"
hMpxV/Australia/QLD-MX000117/2024|EPI_ISL_19539761|2024-09-30,"[1.0, 0.0, 0.0, 0.0, 0.0, 0.0, 0.0, 0.0, 0.0, 0.0, 0.0, 0.0, 0.0, 0.0, 0.0, 0.0, 0.0, 0.0, 0.0, 0.0, 0.0, 0.0, 0.0, 0.0, 0.0, 0.0, 0.0, 0.0, 0.0, 0.0, 0.0]"
NODE_0000191,"[0.9999940299890131, 1.6622857451084882e-07, 3.618767403764724e-07, 1.702030449249589e-07, 1.4963464342261206e-07, 1.6781378025404444e-07, 1.6636090347888194e-07, 1.680758220905262e-07, 1.693246344515416e-07, 1.678033863452343e-07, 1.6502294454399544e-07, 1.6778964662409018e-07, 1.617244703300869e-07, 1.6512987399609938e-07, 2.9726490742934397e-07, 1.1850596694741516e-07, 1.6337218526040733e-07, 1.6778964662409084e-07, 1.6778964662409198e-07, 1.5728795475767133e-07, 1.4020190423162433e-07, 1.6997136077651493e-07, 1.2458671020842626e-07, 1.688797794026639e-07, 5.437020208763539e-07, 1.5992956021288516e-07, 1.468732785741072e-07, 1.6114439455618738e-07, 1.6049377073699725e-07, 6.070815414354747e-07, 1.6814789299416827e-07]"
hMpxV/Australia/QLD-MX000109/2024|EPI_ISL_19539756|2024-09-24,"[1.0, 0.0, 0.0, 0.0, 0.0, 0.0, 0.0, 0.0, 0.0, 0.0, 0.0, 0.0, 0.0, 0.0, 0.0, 0.0, 0.0, 0.0, 0.0, 0.0, 0.0, 0.0, 0.0, 0.0, 0.0, 0.0, 0.0, 0.0, 0.0, 0.0, 0.0]"
NODE_0000192,"[0.9999999999097547, 2.030098848265126e-12, 6.75714400838868e-12, 2.0712345304933327e-12, 1.7882679561526026e-12, 2.049736881680031e-12, 2.046522389034475e-12, 2.0608814467688124e-12, 2.0679787170803962e-12, 2.0449624620570682e-12, 2.0380364820409663e-12, 2.061841130656633e-12, 1.8952296326587643e-12, 1.975568009414633e-12, 5.4899929760167e-12, 1.3257754573579501e-12, 1.8921953308059138e-12, 2.0618411306566866e-12, 2.06184113065676e-12, 1.8508599872283714e-12, 2.814685767957868e-12, 1.9847766543233375e-12, 1.3485067610545609e-12, 2.066941321295168e-12, 1.3856660634808569e-11, 1.959242295976901e-12, 1.5830092427926147e-12, 1.995171316177251e-12, 1.882817744415355e-12, 1.3125311512007548e-11, 2.0583395728963937e-12]"
hMpxV/Australia/QLD-MX000135/2024|EPI_ISL_19539779|2024-10-02,"[1.0, 0.0, 0.0, 0.0, 0.0, 0.0, 0.0, 0.0, 0.0, 0.0, 0.0, 0.0, 0.0, 0.0, 0.0, 0.0, 0.0, 0.0, 0.0, 0.0, 0.0, 0.0, 0.0, 0.0, 0.0, 0.0, 0.0, 0.0, 0.0, 0.0, 0.0]"
hMpxV/Australia/QLD-MX000134/2024|EPI_ISL_19539778|2024-10-02,"[1.0, 0.0, 0.0, 0.0, 0.0, 0.0, 0.0, 0.0, 0.0, 0.0, 0.0, 0.0, 0.0, 0.0, 0.0, 0.0, 0.0, 0.0, 0.0, 0.0, 0.0, 0.0, 0.0, 0.0, 0.0, 0.0, 0.0, 0.0, 0.0, 0.0, 0.0]"
NODE_0000193,"[0.9999999928015643, 1.9103026565978733e-10, 4.6386121807050495e-10, 1.9558390577647742e-10, 1.6983035790558166e-10, 1.9301458295550081e-10, 1.9164742881829627e-10, 1.928263240547834e-10, 1.9340115734225633e-10, 1.9290538938524735e-10, 1.899739244679104e-10, 1.9335641823116741e-10, 1.83719081231868e-10, 1.8872314167928697e-10, 3.901980043170472e-10, 1.310331015198662e-10, 1.8424285689842433e-10, 1.933564182311721e-10, 1.9335641823117688e-10, 1.7882596225356224e-10, 1.8726630290988372e-10, 1.9268040116166655e-10, 1.3336963306329324e-10, 1.9411956299435411e-10, 7.79140362326974e-10, 1.8382392738339205e-10, 1.596763358821745e-10, 1.8590338903817737e-10, 1.8157262070219503e-10, 7.975464452297227e-10, 1.9245106452423472e-10]"
hMpxV/Australia/QLD-MX000122/2024|EPI_ISL_19539766|2024-10-02,"[0.9999999999999999, 0.0, 0.0, 0.0, 0.0, 0.0, 0.0, 0.0, 0.0, 0.0, 0.0, 0.0, 0.0, 0.0, 0.0, 0.0, 0.0, 0.0, 0.0, 0.0, 0.0, 0.0, 0.0, 0.0, 0.0, 0.0, 0.0, 0.0, 0.0, 0.0, 0.0]"
hMpxV/Australia/QLD-MX000132/2024|EPI_ISL_19539776|2024-10-02,"[0.9999999999999999, 0.0, 0.0, 0.0, 0.0, 0.0, 0.0, 0.0, 0.0, 0.0, 0.0, 0.0, 0.0, 0.0, 0.0, 0.0, 0.0, 0.0, 0.0, 0.0, 0.0, 0.0, 0.0, 0.0, 0.0, 0.0, 0.0, 0.0, 0.0, 0.0, 0.0]"
NODE_0000199,"[0.9999999830587715, 4.108793653688064e-10, 1.205940853058707e-09, 4.192692018496811e-10, 3.669137431899849e-10, 4.144809546439052e-10, 4.130726185303616e-10, 4.1782172955521476e-10, 4.2126864219553657e-10, 4.137556861940831e-10, 4.116289343452415e-10, 4.160315052571457e-10, 3.8865626978383895e-10, 4.023582654221045e-10, 9.560847803663354e-10, 2.800500287036293e-10, 3.911241878986374e-10, 4.1603150525713844e-10, 4.1603150525715323e-10, 3.791920488497047e-10, 4.801129312429354e-10, 4.0796275641926556e-10, 2.9504769674793903e-10, 4.1821890822633357e-10, 2.1811729444214095e-09, 3.9643204270144153e-10, 3.4074865510372953e-10, 4.020370501320236e-10, 3.877951891430355e-10, 2.2727346712225053e-09, 4.1837377664535466e-10]"
hMpxV/Australia/QLD-MX000139/2024|EPI_ISL_19539783|2024-09-30,"[1.0, 0.0, 0.0, 0.0, 0.0, 0.0, 0.0, 0.0, 0.0, 0.0, 0.0, 0.0, 0.0, 0.0, 0.0, 0.0, 0.0, 0.0, 0.0, 0.0, 0.0, 0.0, 0.0, 0.0, 0.0, 0.0, 0.0, 0.0, 0.0, 0.0, 0.0]"
hMpxV/Australia/QLD-MX000156/2024|EPI_ISL_19539797|2024-10-14,"[1.0, 0.0, 0.0, 0.0, 0.0, 0.0, 0.0, 0.0, 0.0, 0.0, 0.0, 0.0, 0.0, 0.0, 0.0, 0.0, 0.0, 0.0, 0.0, 0.0, 0.0, 0.0, 0.0, 0.0, 0.0, 0.0, 0.0, 0.0, 0.0, 0.0, 0.0]"
NODE_0000200,"[0.9999999999543916, 1.0307007975525613e-12, 3.4045811822232496e-12, 1.05167167689673e-12, 9.080986593207269e-13, 1.0406877147973063e-12, 1.038924251003294e-12, 1.0461841124294463e-12, 1.049768045150264e-12, 1.038304855364108e-12, 1.0345038924668055e-12, 1.0467367975514024e-12, 9.628810345151404e-13, 1.0033520725780828e-12, 2.768985035838971e-12, 6.738431992361317e-13, 9.614128749255783e-13, 1.0467367975514384e-12, 1.0467367975514828e-12, 9.402660509155293e-13, 1.4171898816431108e-12, 1.0084081963247712e-12, 6.854165015640779e-13, 1.0493571191763371e-12, 6.9483992554821825e-12, 9.946525379007335e-13, 8.049966807555667e-13, 1.0127322100851546e-12, 9.564632061780607e-13, 6.5916804450538185e-12, 1.0448717150912496e-12]"
hMpxV/Australia/QLD-MX000097/2024|EPI_ISL_19539745|2024-09-17,"[1.0, 0.0, 0.0, 0.0, 0.0, 0.0, 0.0, 0.0, 0.0, 0.0, 0.0, 0.0, 0.0, 0.0, 0.0, 0.0, 0.0, 0.0, 0.0, 0.0, 0.0, 0.0, 0.0, 0.0, 0.0, 0.0, 0.0, 0.0, 0.0, 0.0, 0.0]"
hMpxV/Australia/QLD-MX000103/2024|EPI_ISL_19539750|2024-09-24,"[1.0, 0.0, 0.0, 0.0, 0.0, 0.0, 0.0, 0.0, 0.0, 0.0, 0.0, 0.0, 0.0, 0.0, 0.0, 0.0, 0.0, 0.0, 0.0, 0.0, 0.0, 0.0, 0.0, 0.0, 0.0, 0.0, 0.0, 0.0, 0.0, 0.0, 0.0]"
hMpxV/Australia/QLD-MX000118/2024|EPI_ISL_19539762|2024-09-30,"[0.9999999999999999, 0.0, 0.0, 0.0, 0.0, 0.0, 0.0, 0.0, 0.0, 0.0, 0.0, 0.0, 0.0, 0.0, 0.0, 0.0, 0.0, 0.0, 0.0, 0.0, 0.0, 0.0, 0.0, 0.0, 0.0, 0.0, 0.0, 0.0, 0.0, 0.0, 0.0]"
NODE_0000202,"[0.9999976239781115, 6.584948426825055e-08, 1.4498668199993214e-07, 6.74209728493113e-08, 5.9215038989870836e-08, 6.648073114084109e-08, 6.591708539080391e-08, 6.657772441175965e-08, 6.705179981714356e-08, 6.647259401729012e-08, 6.538739210478999e-08, 6.648386673301893e-08, 6.399015641558544e-08, 6.537497419404118e-08, 1.1928719968432923e-07, 4.6785892926359414e-08, 6.460091988516397e-08, 6.648386673301896e-08, 6.648386673301975e-08, 6.224047014527882e-08, 5.6361497455976266e-08, 6.724171303825338e-08, 4.908269526646433e-08, 6.690234630409414e-08, 2.2018916343303818e-07, 6.335619759353727e-08, 5.7908886437263186e-08, 6.385960858608056e-08, 6.348886227671888e-08, 2.4394463379951045e-07, 6.659556561147437e-08]"
NODE_0000204,"[0.999999999298226, 1.866450803336912e-11, 4.51116336665975e-11, 1.910860466519118e-11, 1.6608058146251547e-11, 1.885682596372822e-11, 1.8722274064218514e-11, 1.8844254078586113e-11, 1.8907683395504648e-11, 1.884641615652859e-11, 1.8561135424069965e-11, 1.888837008412503e-11, 1.7960028472799244e-11, 1.8443266993466936e-11, 3.7859697794951225e-11, 1.283469447216325e-11, 1.8020250577141402e-11, 1.8888370084125074e-11, 1.888837008412843e-11, 1.7481228260007225e-11, 1.81587261345589e-11, 1.883896446001015e-11, 1.3101659006983917e-11, 1.8966537055337454e-11, 7.532417803876353e-11, 1.7960700995132064e-11, 1.5659579865225605e-11, 1.8160099276143682e-11, 1.775772965780782e-11, 7.753861116578818e-11, 1.8811563997450157e-11]"
hMpxV/Australia/QLD-MX000096/2024|EPI_ISL_19539744|2024-09-17,"[1.0, 0.0, 0.0, 0.0, 0.0, 0.0, 0.0, 0.0, 0.0, 0.0, 0.0, 0.0, 0.0, 0.0, 0.0, 0.0, 0.0, 0.0, 0.0, 0.0, 0.0, 0.0, 0.0, 0.0, 0.0, 0.0, 0.0, 0.0, 0.0, 0.0, 0.0]"
hMpxV/Australia/QLD-MX000098/2024|EPI_ISL_19539746|2024-09-17,"[1.0, 0.0, 0.0, 0.0, 0.0, 0.0, 0.0, 0.0, 0.0, 0.0, 0.0, 0.0, 0.0, 0.0, 0.0, 0.0, 0.0, 0.0, 0.0, 0.0, 0.0, 0.0, 0.0, 0.0, 0.0, 0.0, 0.0, 0.0, 0.0, 0.0, 0.0]"
NODE_0000203,"[1.0, 1.9818638139626763e-18, 1.2634528746366292e-17, 2.007661944829927e-18, 1.7121326261147417e-18, 1.9982632415760177e-18, 2.0179470691573918e-18, 2.035140151037242e-18, 2.0434964902845067e-18, 1.9864064828874118e-18, 2.028463101833604e-18, 2.027211839354726e-18, 1.740352640499551e-18, 1.8697745760930564e-18, 9.569348632814743e-18, 1.168461803757938e-18, 1.7212841248848595e-18, 2.0272118393547608e-18, 2.0272118393550354e-18, 1.7111795119499822e-18, 5.621836689415506e-18, 1.8169572448075663e-18, 1.1840129089240818e-18, 2.025851252635237e-18, 3.917696663656323e-17, 1.924178728144858e-18, 1.3369028007691812e-18, 1.987714039382081e-18, 1.7468393155295032e-18, 3.155121650982473e-17, 2.0352847005654555e-18]"
hMpxV/Australia/QLD-MX000065/2024|EPI_ISL_19539713|2024-09-06,"[1.0, 0.0, 0.0, 0.0, 0.0, 0.0, 0.0, 0.0, 0.0, 0.0, 0.0, 0.0, 0.0, 0.0, 0.0, 0.0, 0.0, 0.0, 0.0, 0.0, 0.0, 0.0, 0.0, 0.0, 0.0, 0.0, 0.0, 0.0, 0.0, 0.0, 0.0]"
hMpxV/Australia/QLD-MX000067/2024|EPI_ISL_19539715|2024-09-09,"[1.0, 0.0, 0.0, 0.0, 0.0, 0.0, 0.0, 0.0, 0.0, 0.0, 0.0, 0.0, 0.0, 0.0, 0.0, 0.0, 0.0, 0.0, 0.0, 0.0, 0.0, 0.0, 0.0, 0.0, 0.0, 0.0, 0.0, 0.0, 0.0, 0.0, 0.0]"
hMpxV/Australia/QLD-MX000080/2024|EPI_ISL_19539728|2024-09-13,"[1.0, 0.0, 0.0, 0.0, 0.0, 0.0, 0.0, 0.0, 0.0, 0.0, 0.0, 0.0, 0.0, 0.0, 0.0, 0.0, 0.0, 0.0, 0.0, 0.0, 0.0, 0.0, 0.0, 0.0, 0.0, 0.0, 0.0, 0.0, 0.0, 0.0, 0.0]"
hMpxV/Australia/QLD-MX000104/2024|EPI_ISL_19539751|2024-09-23,"[1.0, 0.0, 0.0, 0.0, 0.0, 0.0, 0.0, 0.0, 0.0, 0.0, 0.0, 0.0, 0.0, 0.0, 0.0, 0.0, 0.0, 0.0, 0.0, 0.0, 0.0, 0.0, 0.0, 0.0, 0.0, 0.0, 0.0, 0.0, 0.0, 0.0, 0.0]"
hMpxV/Australia/QLD-MX000110/2024|EPI_ISL_19539757|2024-09-25,"[1.0, 0.0, 0.0, 0.0, 0.0, 0.0, 0.0, 0.0, 0.0, 0.0, 0.0, 0.0, 0.0, 0.0, 0.0, 0.0, 0.0, 0.0, 0.0, 0.0, 0.0, 0.0, 0.0, 0.0, 0.0, 0.0, 0.0, 0.0, 0.0, 0.0, 0.0]"
NODE_0000194,"[1.0, 4.6923723011885525e-23, 6.455132960233202e-22, 4.7080367589352017e-23, 3.996098045695995e-23, 4.718428250100859e-23, 4.8315453312002493e-23, 4.902106511940108e-23, 4.9478066674543545e-23, 4.669717222768691e-23, 4.922031168513003e-23, 4.8333100836387103e-23, 3.834853802624174e-23, 4.2673235435613264e-23, 4.356129060015575e-22, 2.499863891831271e-23, 3.771033193329476e-23, 4.833310083638574e-23, 4.833310083638814e-23, 3.8024224515946445e-23, 3.0182733543422727e-22, 3.995074181385003e-23, 2.601402423554922e-23, 4.821354631770356e-23, 3.124100329904722e-21, 4.592069431113187e-23, 2.744492044750828e-23, 4.8194349958245604e-23, 3.9190679613185955e-23, 2.196957630918553e-21, 4.92244924104361e-23]"
hMpxV/Australia/QLD-MX000121/2024|EPI_ISL_19539765|2024-10-02,"[1.0, 0.0, 0.0, 0.0, 0.0, 0.0, 0.0, 0.0, 0.0, 0.0, 0.0, 0.0, 0.0, 0.0, 0.0, 0.0, 0.0, 0.0, 0.0, 0.0, 0.0, 0.0, 0.0, 0.0, 0.0, 0.0, 0.0, 0.0, 0.0, 0.0, 0.0]"
hMpxV/Australia/QLD-MX000129/2024|EPI_ISL_19539773|2024-10-02,"[1.0, 0.0, 0.0, 0.0, 0.0, 0.0, 0.0, 0.0, 0.0, 0.0, 0.0, 0.0, 0.0, 0.0, 0.0, 0.0, 0.0, 0.0, 0.0, 0.0, 0.0, 0.0, 0.0, 0.0, 0.0, 0.0, 0.0, 0.0, 0.0, 0.0, 0.0]"
hMpxV/Australia/QLD-MX000130/2024|EPI_ISL_19539774|2024-10-02,"[1.0, 0.0, 0.0, 0.0, 0.0, 0.0, 0.0, 0.0, 0.0, 0.0, 0.0, 0.0, 0.0, 0.0, 0.0, 0.0, 0.0, 0.0, 0.0, 0.0, 0.0, 0.0, 0.0, 0.0, 0.0, 0.0, 0.0, 0.0, 0.0, 0.0, 0.0]"
hMpxV/Australia/QLD-MX000148/2024|EPI_ISL_19539789|2024-10-15,"[1.0, 0.0, 0.0, 0.0, 0.0, 0.0, 0.0, 0.0, 0.0, 0.0, 0.0, 0.0, 0.0, 0.0, 0.0, 0.0, 0.0, 0.0, 0.0, 0.0, 0.0, 0.0, 0.0, 0.0, 0.0, 0.0, 0.0, 0.0, 0.0, 0.0, 0.0]"
hMpxV/Australia/QLD-MX000149/2024|EPI_ISL_19539790|2024-10-15,"[1.0, 0.0, 0.0, 0.0, 0.0, 0.0, 0.0, 0.0, 0.0, 0.0, 0.0, 0.0, 0.0, 0.0, 0.0, 0.0, 0.0, 0.0, 0.0, 0.0, 0.0, 0.0, 0.0, 0.0, 0.0, 0.0, 0.0, 0.0, 0.0, 0.0, 0.0]"
hMpxV/Australia/QLD-MX000157/2024|EPI_ISL_19539798|2024-10-15,"[1.0, 0.0, 0.0, 0.0, 0.0, 0.0, 0.0, 0.0, 0.0, 0.0, 0.0, 0.0, 0.0, 0.0, 0.0, 0.0, 0.0, 0.0, 0.0, 0.0, 0.0, 0.0, 0.0, 0.0, 0.0, 0.0, 0.0, 0.0, 0.0, 0.0, 0.0]"
hMpxV/Australia/QLD-MX000158/2024|EPI_ISL_19539799|2024-10-17,"[0.9999999999999999, 0.0, 0.0, 0.0, 0.0, 0.0, 0.0, 0.0, 0.0, 0.0, 0.0, 0.0, 0.0, 0.0, 0.0, 0.0, 0.0, 0.0, 0.0, 0.0, 0.0, 0.0, 0.0, 0.0, 0.0, 0.0, 0.0, 0.0, 0.0, 0.0, 0.0]"
NODE_0000195,"[0.9999999990944405, 2.4062544344561012e-11, 5.826884917563814e-11, 2.463589842676832e-11, 2.140039543921808e-11, 2.4311719669817836e-11, 2.413868898016039e-11, 2.4290594162784096e-11, 2.4366682620634625e-11, 2.4298203048193594e-11, 2.3928842472029766e-11, 2.435358048120319e-11, 2.3148413463251038e-11, 2.3774953591079247e-11, 4.8976222766387586e-11, 1.6524008720724295e-11, 2.3219232622559013e-11, 2.435358048120453e-11, 2.435358048120669e-11, 2.2531494676504405e-11, 2.3495346906029166e-11, 2.4279046457454322e-11, 1.6838234724064958e-11, 2.445163305552043e-11, 9.758291967336269e-11, 2.3154826429999482e-11, 2.01468305234732e-11, 2.3414402872792222e-11, 2.2881566170253993e-11, 1.0013214943825846e-10, 2.4245316009916087e-11]"
hMpxV/Australia/QLD-MX000125/2024|EPI_ISL_19539769|2024-10-03,"[1.0, 0.0, 0.0, 0.0, 0.0, 0.0, 0.0, 0.0, 0.0, 0.0, 0.0, 0.0, 0.0, 0.0, 0.0, 0.0, 0.0, 0.0, 0.0, 0.0, 0.0, 0.0, 0.0, 0.0, 0.0, 0.0, 0.0, 0.0, 0.0, 0.0, 0.0]"
hMpxV/Australia/QLD-MX000108/2024|EPI_ISL_19539755|2024-09-23,"[1.0, 0.0, 0.0, 0.0, 0.0, 0.0, 0.0, 0.0, 0.0, 0.0, 0.0, 0.0, 0.0, 0.0, 0.0, 0.0, 0.0, 0.0, 0.0, 0.0, 0.0, 0.0, 0.0, 0.0, 0.0, 0.0, 0.0, 0.0, 0.0, 0.0, 0.0]"
NODE_0000187,"[0.9999999999046083, 2.1922186659941864e-12, 7.05163032739148e-12, 2.23672126125974e-12, 1.938044874267163e-12, 2.2128664354302273e-12, 2.208346549278889e-12, 2.226517168044482e-12, 2.2370955068658774e-12, 2.208023365017977e-12, 2.1996155718489885e-12, 2.224694105555891e-12, 2.0537063538280154e-12, 2.136698696720265e-12, 5.696265385468307e-12, 1.447932522824247e-12, 2.0544439882221466e-12, 2.2246941055559103e-12, 2.2246941055561078e-12, 2.005094203030455e-12, 2.9022697973867408e-12, 2.1520612969543218e-12, 1.4877893420952334e-12, 2.2318438580149255e-12, 1.3990860860920952e-11, 2.115478423325322e-12, 1.7382495347679867e-12, 2.1519179309629827e-12, 2.042742774524103e-12, 1.3573653170439725e-11, 2.2253140976577867e-12]"
hMpxV/Australia/VIC-VIDRL-6937/2024|EPI_ISL_19459780|2024-06-11,"[0.9999999999999999, 0.0, 0.0, 0.0, 0.0, 0.0, 0.0, 0.0, 0.0, 0.0, 0.0, 0.0, 0.0, 0.0, 0.0, 0.0, 0.0, 0.0, 0.0, 0.0, 0.0, 0.0, 0.0, 0.0, 0.0, 0.0, 0.0, 0.0, 0.0, 0.0, 0.0]"
hMpxV/Australia/VIC-VIDRL-6445/2024|EPI_ISL_19459705|2024-06-07,"[1.0, 0.0, 0.0, 0.0, 0.0, 0.0, 0.0, 0.0, 0.0, 0.0, 0.0, 0.0, 0.0, 0.0, 0.0, 0.0, 0.0, 0.0, 0.0, 0.0, 0.0, 0.0, 0.0, 0.0, 0.0, 0.0, 0.0, 0.0, 0.0, 0.0, 0.0]"
NODE_0000188,"[1.0, 5.9372547132990055e-24, 1.21975032160051e-22, 5.9149649396198664e-24, 5.103176600663834e-24, 5.949646196790704e-24, 6.140632919851302e-24, 6.3012420714771775e-24, 6.431756739287831e-24, 5.873153955396162e-24, 6.3264011693460934e-24, 6.12037741403631e-24, 4.6843487968345405e-24, 5.297616299885883e-24, 7.277545028767441e-23, 3.1193945378904066e-24, 4.637583602976767e-24, 6.120377414036318e-24, 6.120377414036927e-24, 4.6676511636285085e-24, 5.538571486678763e-23, 4.888834159155408e-24, 3.5020994198693996e-24, 6.1221299876313096e-24, 6.939490285473682e-22, 5.842318626084789e-24, 3.4187636253152355e-24, 6.1681784657194026e-24, 4.885894238706327e-24, 5.032706172991727e-22, 6.371713330288886e-24]"
hMpxV/Australia/VIC-VIDRL-3955/2024|EPI_ISL_19459711|2024-07-07,"[1.0, 0.0, 0.0, 0.0, 0.0, 0.0, 0.0, 0.0, 0.0, 0.0, 0.0, 0.0, 0.0, 0.0, 0.0, 0.0, 0.0, 0.0, 0.0, 0.0, 0.0, 0.0, 0.0, 0.0, 0.0, 0.0, 0.0, 0.0, 0.0, 0.0, 0.0]"
hMpxV/Australia/QLD-MX000038/2024|EPI_ISL_19539687|2024-07-30,"[1.0, 0.0, 0.0, 0.0, 0.0, 0.0, 0.0, 0.0, 0.0, 0.0, 0.0, 0.0, 0.0, 0.0, 0.0, 0.0, 0.0, 0.0, 0.0, 0.0, 0.0, 0.0, 0.0, 0.0, 0.0, 0.0, 0.0, 0.0, 0.0, 0.0, 0.0]"
hMpxV/Australia/QLD-MX000040/2024|EPI_ISL_19539689|2024-07-30,"[1.0, 0.0, 0.0, 0.0, 0.0, 0.0, 0.0, 0.0, 0.0, 0.0, 0.0, 0.0, 0.0, 0.0, 0.0, 0.0, 0.0, 0.0, 0.0, 0.0, 0.0, 0.0, 0.0, 0.0, 0.0, 0.0, 0.0, 0.0, 0.0, 0.0, 0.0]"
hMpxV/Australia/QLD-MX000138/2024|EPI_ISL_19539782|2024-09-12,"[1.0, 0.0, 0.0, 0.0, 0.0, 0.0, 0.0, 0.0, 0.0, 0.0, 0.0, 0.0, 0.0, 0.0, 0.0, 0.0, 0.0, 0.0, 0.0, 0.0, 0.0, 0.0, 0.0, 0.0, 0.0, 0.0, 0.0, 0.0, 0.0, 0.0, 0.0]"
hMpxV/Australia/QLD-MX000066/2024|EPI_ISL_19539714|2024-09-05,"[1.0, 0.0, 0.0, 0.0, 0.0, 0.0, 0.0, 0.0, 0.0, 0.0, 0.0, 0.0, 0.0, 0.0, 0.0, 0.0, 0.0, 0.0, 0.0, 0.0, 0.0, 0.0, 0.0, 0.0, 0.0, 0.0, 0.0, 0.0, 0.0, 0.0, 0.0]"
hMpxV/Australia/QLD-MX000079/2024|EPI_ISL_19539726|2024-09-12,"[1.0, 0.0, 0.0, 0.0, 0.0, 0.0, 0.0, 0.0, 0.0, 0.0, 0.0, 0.0, 0.0, 0.0, 0.0, 0.0, 0.0, 0.0, 0.0, 0.0, 0.0, 0.0, 0.0, 0.0, 0.0, 0.0, 0.0, 0.0, 0.0, 0.0, 0.0]"
hMpxV/Australia/QLD-MX000082/2024|EPI_ISL_19539730|2024-09-15,"[1.0, 0.0, 0.0, 0.0, 0.0, 0.0, 0.0, 0.0, 0.0, 0.0, 0.0, 0.0, 0.0, 0.0, 0.0, 0.0, 0.0, 0.0, 0.0, 0.0, 0.0, 0.0, 0.0, 0.0, 0.0, 0.0, 0.0, 0.0, 0.0, 0.0, 0.0]"
hMpxV/Australia/QLD-MX000081/2024|EPI_ISL_19539729|2024-09-12,"[1.0, 0.0, 0.0, 0.0, 0.0, 0.0, 0.0, 0.0, 0.0, 0.0, 0.0, 0.0, 0.0, 0.0, 0.0, 0.0, 0.0, 0.0, 0.0, 0.0, 0.0, 0.0, 0.0, 0.0, 0.0, 0.0, 0.0, 0.0, 0.0, 0.0, 0.0]"
hMpxV/Australia/QLD-MX000094/2024|EPI_ISL_19539742|2024-09-19,"[1.0, 0.0, 0.0, 0.0, 0.0, 0.0, 0.0, 0.0, 0.0, 0.0, 0.0, 0.0, 0.0, 0.0, 0.0, 0.0, 0.0, 0.0, 0.0, 0.0, 0.0, 0.0, 0.0, 0.0, 0.0, 0.0, 0.0, 0.0, 0.0, 0.0, 0.0]"
NODE_0000189,"[0.999999742749322, 7.034630306571165e-09, 1.5984787846210768e-08, 7.201437501084107e-09, 6.308847349920054e-09, 7.102838466579137e-09, 7.0462718428293074e-09, 7.1120007585339865e-09, 7.1573200623042945e-09, 7.100685118697144e-09, 6.990186129041956e-09, 7.106947625270456e-09, 6.813751989483485e-09, 6.9718962400905205e-09, 1.320450363798059e-08, 4.953122740865909e-09, 6.8667467683060685e-09, 7.10694762527046e-09, 7.1069476252711165e-09, 6.629150192875787e-09, 6.269194427642768e-09, 7.156773376586829e-09, 5.172109802909434e-09, 7.147961630644397e-09, 2.5009092826910993e-08, 6.768855013039748e-09, 6.110889265102885e-09, 6.829105893490602e-09, 6.757150231661065e-09, 2.7119362872284765e-08, 7.111163134975603e-09]"
hMpxV/Australia/QLD-MX000056/2024|EPI_ISL_19539704|2024-09-01,"[0.9999999999999999, 0.0, 0.0, 0.0, 0.0, 0.0, 0.0, 0.0, 0.0, 0.0, 0.0, 0.0, 0.0, 0.0, 0.0, 0.0, 0.0, 0.0, 0.0, 0.0, 0.0, 0.0, 0.0, 0.0, 0.0, 0.0, 0.0, 0.0, 0.0, 0.0, 0.0]"
hMpxV/Australia/QLD-MX000116/2024|EPI_ISL_19539760|2024-09-30,"[1.0, 0.0, 0.0, 0.0, 0.0, 0.0, 0.0, 0.0, 0.0, 0.0, 0.0, 0.0, 0.0, 0.0, 0.0, 0.0, 0.0, 0.0, 0.0, 0.0, 0.0, 0.0, 0.0, 0.0, 0.0, 0.0, 0.0, 0.0, 0.0, 0.0, 0.0]"
NODE_0000165,"[1.0, 6.011564816025083e-71, 4.712679831897363e-67, 5.614582069030798e-71, 4.2888400054745656e-71, 5.952688221321174e-71, 6.818583551318364e-71, 7.069050740592565e-71, 7.233744919016747e-71, 5.684112577149577e-71, 7.641353494071918e-71, 6.623394760675182e-71, 2.7004583010097317e-71, 4.032327227241505e-71, 1.5375394144886208e-67, 1.2134005047187417e-71, 2.4388059156694796e-71, 6.623394760675195e-71, 6.62339476067595e-71, 2.862998187306759e-71, 4.0208326459576e-67, 2.7359195005717282e-71, 1.288802624079557e-71, 6.426421098406078e-71, 1.2097385322030223e-64, 6.2443770810658565e-71, 8.937015505183889e-72, 7.526546687247115e-71, 3.082444094177519e-71, 1.8741213742723348e-65, 7.219542347771071e-71]"
hMpxV/Australia/QLD-MX000033/2024|EPI_ISL_19539683|2024-06-24,"[1.0, 0.0, 0.0, 0.0, 0.0, 0.0, 0.0, 0.0, 0.0, 0.0, 0.0, 0.0, 0.0, 0.0, 0.0, 0.0, 0.0, 0.0, 0.0, 0.0, 0.0, 0.0, 0.0, 0.0, 0.0, 0.0, 0.0, 0.0, 0.0, 0.0, 0.0]"
hMpxV/Australia/QLD-MX000037/2024|EPI_ISL_19539686|2024-07-29,"[1.0, 0.0, 0.0, 0.0, 0.0, 0.0, 0.0, 0.0, 0.0, 0.0, 0.0, 0.0, 0.0, 0.0, 0.0, 0.0, 0.0, 0.0, 0.0, 0.0, 0.0, 0.0, 0.0, 0.0, 0.0, 0.0, 0.0, 0.0, 0.0, 0.0, 0.0]"
hMpxV/Australia/VIC-VIDRL-9145/2024|EPI_ISL_19459712|2024-06-18,"[1.0, 0.0, 0.0, 0.0, 0.0, 0.0, 0.0, 0.0, 0.0, 0.0, 0.0, 0.0, 0.0, 0.0, 0.0, 0.0, 0.0, 0.0, 0.0, 0.0, 0.0, 0.0, 0.0, 0.0, 0.0, 0.0, 0.0, 0.0, 0.0, 0.0, 0.0]"
hMpxV/Australia/VIC-VIDRL-6180/2024|EPI_ISL_19459716|2024-06-06,"[1.0, 0.0, 0.0, 0.0, 0.0, 0.0, 0.0, 0.0, 0.0, 0.0, 0.0, 0.0, 0.0, 0.0, 0.0, 0.0, 0.0, 0.0, 0.0, 0.0, 0.0, 0.0, 0.0, 0.0, 0.0, 0.0, 0.0, 0.0, 0.0, 0.0, 0.0]"
hMpxV/Australia/VIC-VIDRL-8561/2024|EPI_ISL_19459719|2024-06-17,"[1.0, 0.0, 0.0, 0.0, 0.0, 0.0, 0.0, 0.0, 0.0, 0.0, 0.0, 0.0, 0.0, 0.0, 0.0, 0.0, 0.0, 0.0, 0.0, 0.0, 0.0, 0.0, 0.0, 0.0, 0.0, 0.0, 0.0, 0.0, 0.0, 0.0, 0.0]"
hMpxV/Australia/VIC-VIDRL-8119/2024|EPI_ISL_19459721|2024-06-14,"[1.0, 0.0, 0.0, 0.0, 0.0, 0.0, 0.0, 0.0, 0.0, 0.0, 0.0, 0.0, 0.0, 0.0, 0.0, 0.0, 0.0, 0.0, 0.0, 0.0, 0.0, 0.0, 0.0, 0.0, 0.0, 0.0, 0.0, 0.0, 0.0, 0.0, 0.0]"
hMpxV/Australia/VIC-VIDRL-0967/2024|EPI_ISL_19459728|2024-06-25,"[1.0, 0.0, 0.0, 0.0, 0.0, 0.0, 0.0, 0.0, 0.0, 0.0, 0.0, 0.0, 0.0, 0.0, 0.0, 0.0, 0.0, 0.0, 0.0, 0.0, 0.0, 0.0, 0.0, 0.0, 0.0, 0.0, 0.0, 0.0, 0.0, 0.0, 0.0]"
hMpxV/Australia/VIC-VIDRL-0493/2024|EPI_ISL_19459731|2024-06-24,"[1.0, 0.0, 0.0, 0.0, 0.0, 0.0, 0.0, 0.0, 0.0, 0.0, 0.0, 0.0, 0.0, 0.0, 0.0, 0.0, 0.0, 0.0, 0.0, 0.0, 0.0, 0.0, 0.0, 0.0, 0.0, 0.0, 0.0, 0.0, 0.0, 0.0, 0.0]"
hMpxV/Australia/VIC-VIDRL-8843/2024|EPI_ISL_19459744|2024-06-17,"[1.0, 0.0, 0.0, 0.0, 0.0, 0.0, 0.0, 0.0, 0.0, 0.0, 0.0, 0.0, 0.0, 0.0, 0.0, 0.0, 0.0, 0.0, 0.0, 0.0, 0.0, 0.0, 0.0, 0.0, 0.0, 0.0, 0.0, 0.0, 0.0, 0.0, 0.0]"
hMpxV/Australia/VIC-VIDRL-8126/2024|EPI_ISL_19459743|2024-06-14,"[1.0, 0.0, 0.0, 0.0, 0.0, 0.0, 0.0, 0.0, 0.0, 0.0, 0.0, 0.0, 0.0, 0.0, 0.0, 0.0, 0.0, 0.0, 0.0, 0.0, 0.0, 0.0, 0.0, 0.0, 0.0, 0.0, 0.0, 0.0, 0.0, 0.0, 0.0]"
hMpxV/Australia/VIC-VIDRL-8844/2024|EPI_ISL_19459750|2024-06-17,"[1.0, 0.0, 0.0, 0.0, 0.0, 0.0, 0.0, 0.0, 0.0, 0.0, 0.0, 0.0, 0.0, 0.0, 0.0, 0.0, 0.0, 0.0, 0.0, 0.0, 0.0, 0.0, 0.0, 0.0, 0.0, 0.0, 0.0, 0.0, 0.0, 0.0, 0.0]"
hMpxV/Australia/VIC-VIDRL-5416/2024|EPI_ISL_19459762|2024-06-03,"[1.0, 0.0, 0.0, 0.0, 0.0, 0.0, 0.0, 0.0, 0.0, 0.0, 0.0, 0.0, 0.0, 0.0, 0.0, 0.0, 0.0, 0.0, 0.0, 0.0, 0.0, 0.0, 0.0, 0.0, 0.0, 0.0, 0.0, 0.0, 0.0, 0.0, 0.0]"
hMpxV/Australia/VIC-VIDRL-8778/2024|EPI_ISL_19459766|2024-06-17,"[1.0, 0.0, 0.0, 0.0, 0.0, 0.0, 0.0, 0.0, 0.0, 0.0, 0.0, 0.0, 0.0, 0.0, 0.0, 0.0, 0.0, 0.0, 0.0, 0.0, 0.0, 0.0, 0.0, 0.0, 0.0, 0.0, 0.0, 0.0, 0.0, 0.0, 0.0]"
hMpxV/Australia/VIC-VIDRL-9661/2024|EPI_ISL_19459771|2024-06-20,"[1.0, 0.0, 0.0, 0.0, 0.0, 0.0, 0.0, 0.0, 0.0, 0.0, 0.0, 0.0, 0.0, 0.0, 0.0, 0.0, 0.0, 0.0, 0.0, 0.0, 0.0, 0.0, 0.0, 0.0, 0.0, 0.0, 0.0, 0.0, 0.0, 0.0, 0.0]"
hMpxV/Australia/VIC-VIDRL-4120/2024|EPI_ISL_19459773|2024-07-08,"[0.9999999999999999, 0.0, 0.0, 0.0, 0.0, 0.0, 0.0, 0.0, 0.0, 0.0, 0.0, 0.0, 0.0, 0.0, 0.0, 0.0, 0.0, 0.0, 0.0, 0.0, 0.0, 0.0, 0.0, 0.0, 0.0, 0.0, 0.0, 0.0, 0.0, 0.0, 0.0]"
hMpxV/Australia/VIC-VIDRL-9874/2024|EPI_ISL_19459776|2024-06-20,"[1.0, 0.0, 0.0, 0.0, 0.0, 0.0, 0.0, 0.0, 0.0, 0.0, 0.0, 0.0, 0.0, 0.0, 0.0, 0.0, 0.0, 0.0, 0.0, 0.0, 0.0, 0.0, 0.0, 0.0, 0.0, 0.0, 0.0, 0.0, 0.0, 0.0, 0.0]"
hMpxV/Australia/VIC-VIDRL-6919/2024|EPI_ISL_19459775|2024-07-17,"[0.9999999999999999, 0.0, 0.0, 0.0, 0.0, 0.0, 0.0, 0.0, 0.0, 0.0, 0.0, 0.0, 0.0, 0.0, 0.0, 0.0, 0.0, 0.0, 0.0, 0.0, 0.0, 0.0, 0.0, 0.0, 0.0, 0.0, 0.0, 0.0, 0.0, 0.0, 0.0]"
hMpxV/Australia/VIC-VIDRL-8557/2024|EPI_ISL_19459781|2024-06-17,"[1.0, 0.0, 0.0, 0.0, 0.0, 0.0, 0.0, 0.0, 0.0, 0.0, 0.0, 0.0, 0.0, 0.0, 0.0, 0.0, 0.0, 0.0, 0.0, 0.0, 0.0, 0.0, 0.0, 0.0, 0.0, 0.0, 0.0, 0.0, 0.0, 0.0, 0.0]"
hMpxV/Australia/VIC-VIDRL-4827/2024|EPI_ISL_19459787|2024-07-08,"[0.9999999999999999, 0.0, 0.0, 0.0, 0.0, 0.0, 0.0, 0.0, 0.0, 0.0, 0.0, 0.0, 0.0, 0.0, 0.0, 0.0, 0.0, 0.0, 0.0, 0.0, 0.0, 0.0, 0.0, 0.0, 0.0, 0.0, 0.0, 0.0, 0.0, 0.0, 0.0]"
hMpxV/Australia/VIC-VIDRL-8608/2024|EPI_ISL_19459790|2024-06-17,"[1.0, 0.0, 0.0, 0.0, 0.0, 0.0, 0.0, 0.0, 0.0, 0.0, 0.0, 0.0, 0.0, 0.0, 0.0, 0.0, 0.0, 0.0, 0.0, 0.0, 0.0, 0.0, 0.0, 0.0, 0.0, 0.0, 0.0, 0.0, 0.0, 0.0, 0.0]"
hMpxV/Australia/VIC-VIDRL-8550/2024|EPI_ISL_19459707|2024-07-24,"[1.0, 0.0, 0.0, 0.0, 0.0, 0.0, 0.0, 0.0, 0.0, 0.0, 0.0, 0.0, 0.0, 0.0, 0.0, 0.0, 0.0, 0.0, 0.0, 0.0, 0.0, 0.0, 0.0, 0.0, 0.0, 0.0, 0.0, 0.0, 0.0, 0.0, 0.0]"
hMpxV/Australia/VIC-VIDRL-8845/2024|EPI_ISL_19459706|2024-06-17,"[1.0, 0.0, 0.0, 0.0, 0.0, 0.0, 0.0, 0.0, 0.0, 0.0, 0.0, 0.0, 0.0, 0.0, 0.0, 0.0, 0.0, 0.0, 0.0, 0.0, 0.0, 0.0, 0.0, 0.0, 0.0, 0.0, 0.0, 0.0, 0.0, 0.0, 0.0]"
hMpxV/Australia/VIC-VIDRL-9037/2024|EPI_ISL_19459801|2024-06-18,"[1.0, 0.0, 0.0, 0.0, 0.0, 0.0, 0.0, 0.0, 0.0, 0.0, 0.0, 0.0, 0.0, 0.0, 0.0, 0.0, 0.0, 0.0, 0.0, 0.0, 0.0, 0.0, 0.0, 0.0, 0.0, 0.0, 0.0, 0.0, 0.0, 0.0, 0.0]"
hMpxV/Australia/VIC-VIDRL-9660/2024|EPI_ISL_19459802|2024-06-20,"[1.0, 0.0, 0.0, 0.0, 0.0, 0.0, 0.0, 0.0, 0.0, 0.0, 0.0, 0.0, 0.0, 0.0, 0.0, 0.0, 0.0, 0.0, 0.0, 0.0, 0.0, 0.0, 0.0, 0.0, 0.0, 0.0, 0.0, 0.0, 0.0, 0.0, 0.0]"
NODE_0000184,"[0.9999999981656581, 4.9245449596674684e-11, 1.166390519778166e-10, 5.041669891932998e-11, 4.3926029434692297e-11, 4.9743883238796e-11, 4.937525181197484e-11, 4.973897659128168e-11, 4.9951754370026875e-11, 4.9720554166545256e-11, 4.8959069886231715e-11, 4.9809675723736746e-11, 4.7487542267302476e-11, 4.870867261378958e-11, 9.743707283283799e-11, 3.4115327183535395e-11, 4.771137004391667e-11, 4.9809675723736824e-11, 4.980967572374565e-11, 4.6214648941408396e-11, 4.657338110751462e-11, 4.983211421549365e-11, 3.5066409955810755e-11, 5.00408442352978e-11, 1.90745673449538e-10, 4.7386758932602526e-11, 4.1769194379415477e-11, 4.7879659253531236e-11, 4.6994436270200394e-11, 1.9955580210034792e-10, 4.96769984445105e-11]"
hMpxV/Australia/VIC-VIDRL-3577/2024|EPI_ISL_19459774|2024-07-04,"[1.0, 0.0, 0.0, 0.0, 0.0, 0.0, 0.0, 0.0, 0.0, 0.0, 0.0, 0.0, 0.0, 0.0, 0.0, 0.0, 0.0, 0.0, 0.0, 0.0, 0.0, 0.0, 0.0, 0.0, 0.0, 0.0, 0.0, 0.0, 0.0, 0.0, 0.0]"
hMpxV/Australia/VIC-VIDRL-3576/2024|EPI_ISL_19459778|2024-07-04,"[1.0, 0.0, 0.0, 0.0, 0.0, 0.0, 0.0, 0.0, 0.0, 0.0, 0.0, 0.0, 0.0, 0.0, 0.0, 0.0, 0.0, 0.0, 0.0, 0.0, 0.0, 0.0, 0.0, 0.0, 0.0, 0.0, 0.0, 0.0, 0.0, 0.0, 0.0]"
NODE_0000181,"[0.9999999999333917, 1.516973034072003e-12, 4.950431333379937e-12, 1.547808641062872e-12, 1.3385468072010248e-12, 1.5314881994227755e-12, 1.5286550527472682e-12, 1.540178945740517e-12, 1.5463637034064338e-12, 1.5280486459957154e-12, 1.522354302020321e-12, 1.5400725976073843e-12, 1.4189277106773626e-12, 1.4775266737039578e-12, 4.014761650332913e-12, 9.962669195573168e-13, 1.4179237992551492e-12, 1.54007259760739e-12, 1.5400725976075295e-12, 1.3854827557436454e-12, 2.0503234625247973e-12, 1.4864005767020462e-12, 1.0180442113107576e-12, 1.5444131374654485e-12, 9.974740298637933e-12, 1.46388857884716e-12, 1.1928278898439953e-12, 1.489876806285497e-12, 1.410309632711625e-12, 9.556677061882283e-12, 1.5387355859106397e-12]"
hMpxV/Australia/QLD-MX000034/2024|EPI_ISL_19539684|2024-06-27,"[1.0, 0.0, 0.0, 0.0, 0.0, 0.0, 0.0, 0.0, 0.0, 0.0, 0.0, 0.0, 0.0, 0.0, 0.0, 0.0, 0.0, 0.0, 0.0, 0.0, 0.0, 0.0, 0.0, 0.0, 0.0, 0.0, 0.0, 0.0, 0.0, 0.0, 0.0]"
hMpxV/Australia/VIC-VIDRL-8603/2024|EPI_ISL_19459759|2024-06-17,"[1.0, 0.0, 0.0, 0.0, 0.0, 0.0, 0.0, 0.0, 0.0, 0.0, 0.0, 0.0, 0.0, 0.0, 0.0, 0.0, 0.0, 0.0, 0.0, 0.0, 0.0, 0.0, 0.0, 0.0, 0.0, 0.0, 0.0, 0.0, 0.0, 0.0, 0.0]"
hMpxV/Australia/VIC-VIDRL-1781/2024|EPI_ISL_19459789|2024-06-27,"[1.0, 0.0, 0.0, 0.0, 0.0, 0.0, 0.0, 0.0, 0.0, 0.0, 0.0, 0.0, 0.0, 0.0, 0.0, 0.0, 0.0, 0.0, 0.0, 0.0, 0.0, 0.0, 0.0, 0.0, 0.0, 0.0, 0.0, 0.0, 0.0, 0.0, 0.0]"
NODE_0000182,"[0.9999999995810354, 9.693237158239682e-12, 3.084337828261979e-11, 9.88962909497328e-12, 8.582721542083463e-12, 9.78324720784798e-12, 9.761937696764214e-12, 9.848047944790923e-12, 9.901068610447663e-12, 9.762196641647213e-12, 9.724973075774264e-12, 9.833598726680303e-12, 9.091444891832876e-12, 9.452458654828608e-12, 2.483199744472022e-11, 6.431622696836997e-12, 9.102393895549054e-12, 9.833598726680327e-12, 9.833598726681239e-12, 8.87558469580948e-12, 1.2629163247167728e-11, 9.529386098779963e-12, 6.641189711423367e-12, 9.868427767902026e-12, 6.047057306692245e-11, 9.353861028270283e-12, 7.738773371322335e-12, 9.511120076332472e-12, 9.048894244159572e-12, 5.925029870608438e-11, 9.84610119464962e-12]"
hMpxV/Australia/VIC-VIDRL-7288/2024|EPI_ISL_19459713|2024-07-18,"[0.9999999999999999, 0.0, 0.0, 0.0, 0.0, 0.0, 0.0, 0.0, 0.0, 0.0, 0.0, 0.0, 0.0, 0.0, 0.0, 0.0, 0.0, 0.0, 0.0, 0.0, 0.0, 0.0, 0.0, 0.0, 0.0, 0.0, 0.0, 0.0, 0.0, 0.0, 0.0]"
hMpxV/Australia/VIC-VIDRL-0686/2024|EPI_ISL_19459736|2024-06-20,"[1.0, 0.0, 0.0, 0.0, 0.0, 0.0, 0.0, 0.0, 0.0, 0.0, 0.0, 0.0, 0.0, 0.0, 0.0, 0.0, 0.0, 0.0, 0.0, 0.0, 0.0, 0.0, 0.0, 0.0, 0.0, 0.0, 0.0, 0.0, 0.0, 0.0, 0.0]"
hMpxV/Australia/VIC-VIDRL-4354/2024|EPI_ISL_19459779|2024-07-08,"[1.0, 0.0, 0.0, 0.0, 0.0, 0.0, 0.0, 0.0, 0.0, 0.0, 0.0, 0.0, 0.0, 0.0, 0.0, 0.0, 0.0, 0.0, 0.0, 0.0, 0.0, 0.0, 0.0, 0.0, 0.0, 0.0, 0.0, 0.0, 0.0, 0.0, 0.0]"
NODE_0000183,"[0.9999999999760418, 5.483907526741838e-13, 1.775261675275125e-12, 5.595501056388966e-13, 4.842819110405222e-13, 5.536132574037992e-13, 5.525197057335956e-13, 5.568194414277131e-13, 5.591996925352485e-13, 5.523940596820525e-13, 5.502512416536685e-13, 5.566385723985343e-13, 5.133815360147488e-13, 5.343626906199414e-13, 1.4375847598317015e-12, 3.6108799558829075e-13, 5.132814830822282e-13, 5.566385723985701e-13, 5.56638572398574e-13, 5.012497675306772e-13, 7.332745685874229e-13, 5.378675892188307e-13, 3.695990635384174e-13, 5.582977184849779e-13, 3.5483809231604404e-12, 5.291932094872391e-13, 4.327614390629116e-13, 5.384484371996548e-13, 5.103713245154551e-13, 3.420522631578279e-12, 5.563739968372373e-13]"
hMpxV/Australia/VIC-VIDRL-5972/2024|EPI_ISL_19459718|2024-07-12,"[1.0, 0.0, 0.0, 0.0, 0.0, 0.0, 0.0, 0.0, 0.0, 0.0, 0.0, 0.0, 0.0, 0.0, 0.0, 0.0, 0.0, 0.0, 0.0, 0.0, 0.0, 0.0, 0.0, 0.0, 0.0, 0.0, 0.0, 0.0, 0.0, 0.0, 0.0]"
hMpxV/Australia/VIC-VIDRL-6170/2024|EPI_ISL_19459761|2024-07-15,"[0.9999999999999999, 0.0, 0.0, 0.0, 0.0, 0.0, 0.0, 0.0, 0.0, 0.0, 0.0, 0.0, 0.0, 0.0, 0.0, 0.0, 0.0, 0.0, 0.0, 0.0, 0.0, 0.0, 0.0, 0.0, 0.0, 0.0, 0.0, 0.0, 0.0, 0.0, 0.0]"
hMpxV/Australia/VIC-VIDRL-5973/2024|EPI_ISL_19459765|2024-07-12,"[1.0, 0.0, 0.0, 0.0, 0.0, 0.0, 0.0, 0.0, 0.0, 0.0, 0.0, 0.0, 0.0, 0.0, 0.0, 0.0, 0.0, 0.0, 0.0, 0.0, 0.0, 0.0, 0.0, 0.0, 0.0, 0.0, 0.0, 0.0, 0.0, 0.0, 0.0]"
NODE_0000166,"[1.0, 8.049253335051086e-27, 1.5603465313766323e-25, 8.046751717220607e-27, 6.77538481432661e-27, 8.088868972149411e-27, 8.33287408274039e-27, 8.456844023452872e-27, 8.53423416943551e-27, 7.989801629560095e-27, 8.529065095314552e-27, 8.324187909247243e-27, 6.366629404880149e-27, 7.198493855840302e-27, 1.0216200181412672e-25, 4.049401282278728e-27, 6.221920841843596e-27, 8.324187909248018e-27, 8.324187909248846e-27, 6.335138174719711e-27, 7.589281409174977e-26, 6.620214444503896e-27, 4.19713511712339e-27, 8.287521980590913e-27, 9.474228020451518e-25, 7.900631869273757e-27, 4.3451324895179964e-27, 8.356640052515492e-27, 6.537970248802897e-27, 6.036694618877554e-25, 8.495211369131349e-27]"
hMpxV/Australia/VIC-VIDRL-3747/2024|EPI_ISL_19459795|2024-05-29,"[1.0, 0.0, 0.0, 0.0, 0.0, 0.0, 0.0, 0.0, 0.0, 0.0, 0.0, 0.0, 0.0, 0.0, 0.0, 0.0, 0.0, 0.0, 0.0, 0.0, 0.0, 0.0, 0.0, 0.0, 0.0, 0.0, 0.0, 0.0, 0.0, 0.0, 0.0]"
hMpxV/Australia/VIC-VIDRL-0139/2024|EPI_ISL_19459717|2024-06-20,"[1.0, 0.0, 0.0, 0.0, 0.0, 0.0, 0.0, 0.0, 0.0, 0.0, 0.0, 0.0, 0.0, 0.0, 0.0, 0.0, 0.0, 0.0, 0.0, 0.0, 0.0, 0.0, 0.0, 0.0, 0.0, 0.0, 0.0, 0.0, 0.0, 0.0, 0.0]"
hMpxV/Australia/VIC-VIDRL-3575/2024|EPI_ISL_19459710|2024-07-04,"[1.0, 0.0, 0.0, 0.0, 0.0, 0.0, 0.0, 0.0, 0.0, 0.0, 0.0, 0.0, 0.0, 0.0, 0.0, 0.0, 0.0, 0.0, 0.0, 0.0, 0.0, 0.0, 0.0, 0.0, 0.0, 0.0, 0.0, 0.0, 0.0, 0.0, 0.0]"
hMpxV/Australia/VIC-VIDRL-0350/2024|EPI_ISL_19459745|2024-06-21,"[1.0, 0.0, 0.0, 0.0, 0.0, 0.0, 0.0, 0.0, 0.0, 0.0, 0.0, 0.0, 0.0, 0.0, 0.0, 0.0, 0.0, 0.0, 0.0, 0.0, 0.0, 0.0, 0.0, 0.0, 0.0, 0.0, 0.0, 0.0, 0.0, 0.0, 0.0]"
hMpxV/Australia/VIC-VIDRL-8558/2024|EPI_ISL_19459758|2024-06-17,"[0.9999999999999999, 0.0, 0.0, 0.0, 0.0, 0.0, 0.0, 0.0, 0.0, 0.0, 0.0, 0.0, 0.0, 0.0, 0.0, 0.0, 0.0, 0.0, 0.0, 0.0, 0.0, 0.0, 0.0, 0.0, 0.0, 0.0, 0.0, 0.0, 0.0, 0.0, 0.0]"
NODE_0000175,"[0.9999999593898917, 1.0934837771858452e-09, 2.573012942472451e-09, 1.1194604838347864e-09, 9.76311236466776e-10, 1.104459021996731e-09, 1.0961864483234096e-09, 1.1046704839201838e-09, 1.1098363435563882e-09, 1.1039642228929208e-09, 1.0870659870891777e-09, 1.1057875224229999e-09, 1.0551995622081698e-09, 1.0818848282556066e-09, 2.14493304838033e-09, 7.596675648755669e-10, 1.0607227336744118e-09, 1.1057875224230011e-09, 1.105787522423105e-09, 1.0268693883931927e-09, 1.024114112462067e-09, 1.1074806776888534e-09, 7.832904922262032e-10, 1.1111458941609155e-09, 4.177360830550217e-09, 1.052208698280749e-09, 9.314318873585233e-10, 1.0628891664828111e-09, 1.0446826601647469e-09, 4.396880712470378e-09, 1.1035325653359379e-09]"
hMpxV/Australia/QLD-MX000036/2024|EPI_ISL_19539685|2024-07-12,"[1.0, 0.0, 0.0, 0.0, 0.0, 0.0, 0.0, 0.0, 0.0, 0.0, 0.0, 0.0, 0.0, 0.0, 0.0, 0.0, 0.0, 0.0, 0.0, 0.0, 0.0, 0.0, 0.0, 0.0, 0.0, 0.0, 0.0, 0.0, 0.0, 0.0, 0.0]"
hMpxV/Australia/VIC-VIDRL-3563/2024|EPI_ISL_19459754|2024-07-04,"[1.0, 0.0, 0.0, 0.0, 0.0, 0.0, 0.0, 0.0, 0.0, 0.0, 0.0, 0.0, 0.0, 0.0, 0.0, 0.0, 0.0, 0.0, 0.0, 0.0, 0.0, 0.0, 0.0, 0.0, 0.0, 0.0, 0.0, 0.0, 0.0, 0.0, 0.0]"
NODE_0000176,"[0.9999999630935773, 9.895366913318491e-10, 2.350245438582069e-09, 1.0130489222113159e-09, 8.82492110698562e-10, 9.995519189907923e-10, 9.921948435645023e-10, 9.994785086248568e-10, 1.0037274032058454e-09, 9.99063225344222e-10, 9.838578154538809e-10, 1.0009201666443744e-09, 9.539419967265168e-10, 9.78585748208132e-10, 1.9637573086903908e-09, 6.850654530885612e-10, 9.58301383729543e-10, 1.0009201666443797e-09, 1.0009201666444672e-09, 9.283934268730845e-10, 9.390076307888698e-10, 1.0010111110822647e-09, 7.04173159613378e-10, 1.005533590259734e-09, 3.853239073881423e-09, 9.521954145365955e-10, 8.386459272989318e-10, 9.62173550938688e-10, 9.44045961952127e-10, 4.024174203384759e-09, 9.98220652789856e-10]"
hMpxV/Australia/VIC-VIDRL-7987/2024|EPI_ISL_19459724|2024-06-13,"[0.9999999999999999, 0.0, 0.0, 0.0, 0.0, 0.0, 0.0, 0.0, 0.0, 0.0, 0.0, 0.0, 0.0, 0.0, 0.0, 0.0, 0.0, 0.0, 0.0, 0.0, 0.0, 0.0, 0.0, 0.0, 0.0, 0.0, 0.0, 0.0, 0.0, 0.0, 0.0]"
NODE_0000177,"[0.9999999448019404, 1.4840998221406544e-09, 3.5034371171355497e-09, 1.5193404273717096e-09, 1.3246538353446498e-09, 1.499020229275616e-09, 1.4878682604079004e-09, 1.4992473348716195e-09, 1.5061119758112085e-09, 1.4983217850356002e-09, 1.4754841275643735e-09, 1.5009070294315505e-09, 1.431654982750379e-09, 1.4680998671935031e-09, 2.92220182561914e-09, 1.02999271053169e-09, 1.4388589638770998e-09, 1.5009070294315548e-09, 1.5009070294316934e-09, 1.393252624892568e-09, 1.3959086632332046e-09, 1.502508286030019e-09, 1.0613674297287263e-09, 1.5080859913244814e-09, 5.706152017962537e-09, 1.4280889782024559e-09, 1.2623974816933302e-09, 1.442732666737941e-09, 1.4172775720159901e-09, 5.991547736759498e-09, 1.4976258031164377e-09]"
hMpxV/Australia/VIC-VIDRL-2252/2024|EPI_ISL_19459720|2024-07-01,"[1.0, 0.0, 0.0, 0.0, 0.0, 0.0, 0.0, 0.0, 0.0, 0.0, 0.0, 0.0, 0.0, 0.0, 0.0, 0.0, 0.0, 0.0, 0.0, 0.0, 0.0, 0.0, 0.0, 0.0, 0.0, 0.0, 0.0, 0.0, 0.0, 0.0, 0.0]"
hMpxV/Australia/VIC-VIDRL-8879/2024|EPI_ISL_19459800|2024-07-23,"[1.0, 0.0, 0.0, 0.0, 0.0, 0.0, 0.0, 0.0, 0.0, 0.0, 0.0, 0.0, 0.0, 0.0, 0.0, 0.0, 0.0, 0.0, 0.0, 0.0, 0.0, 0.0, 0.0, 0.0, 0.0, 0.0, 0.0, 0.0, 0.0, 0.0, 0.0]"
NODE_0000178,"[0.9999971114322507, 7.877490444510444e-08, 1.8011972312507e-07, 8.064185724664722e-08, 7.060091175380082e-08, 7.954186059565058e-08, 7.891587748230168e-08, 7.96356952241961e-08, 8.012558387323157e-08, 7.95151919397115e-08, 7.828597050785213e-08, 7.959652651724097e-08, 7.625133738717986e-08, 7.804672309652601e-08, 1.4897423971753417e-07, 5.5350684043108315e-08, 7.68132616481182e-08, 7.959652651724129e-08, 7.959652651724159e-08, 7.418902004293982e-08, 7.079768978809426e-08, 8.008108756295207e-08, 5.771173196371348e-08, 8.004526398985277e-08, 2.8358605453907024e-07, 7.579949389420689e-08, 6.823118688905733e-08, 7.648981916529199e-08, 7.560356370407149e-08, 3.060324453884214e-07, 7.961699081536896e-08]"
NODE_0000179,"[0.9999999945333209, 1.4462444500187986e-10, 3.535048362208805e-10, 1.4804909570394e-10, 1.2865060954527518e-10, 1.461114555728938e-10, 1.4509470974402113e-10, 1.4604431708200888e-10, 1.465383076388802e-10, 1.4602242834512427e-10, 1.4386734273142928e-10, 1.4637533469625638e-10, 1.3903376603718314e-10, 1.4284083520643473e-10, 2.9626615878523534e-10, 9.92943847263115e-11, 1.394790028171824e-10, 1.4637533469625713e-10, 1.4637533469627114e-10, 1.3534128966552363e-10, 1.4246480046126948e-10, 1.4583080140059234e-10, 1.0135986886508792e-10, 1.469741084459645e-10, 5.951639932126538e-10, 1.3918387396013117e-10, 1.2107107145989565e-10, 1.4076080314750524e-10, 1.3748938326566867e-10, 6.106969790747261e-10, 1.4579443645305985e-10]"
hMpxV/Australia/VIC-VIDRL-9574/2024|EPI_ISL_19459764|2024-07-26,"[1.0, 0.0, 0.0, 0.0, 0.0, 0.0, 0.0, 0.0, 0.0, 0.0, 0.0, 0.0, 0.0, 0.0, 0.0, 0.0, 0.0, 0.0, 0.0, 0.0, 0.0, 0.0, 0.0, 0.0, 0.0, 0.0, 0.0, 0.0, 0.0, 0.0, 0.0]"
hMpxV/Australia/QLD-MX000041/2024|EPI_ISL_19539690|2024-08-01,"[0.9999999999999999, 0.0, 0.0, 0.0, 0.0, 0.0, 0.0, 0.0, 0.0, 0.0, 0.0, 0.0, 0.0, 0.0, 0.0, 0.0, 0.0, 0.0, 0.0, 0.0, 0.0, 0.0, 0.0, 0.0, 0.0, 0.0, 0.0, 0.0, 0.0, 0.0, 0.0]"
NODE_0000180,"[0.9999999813384688, 4.988039301989689e-10, 1.192719062985895e-09, 5.106574740700935e-10, 4.4449647439132466e-10, 5.038826092045754e-10, 5.002185037790495e-10, 5.037520367213318e-10, 5.057432806830896e-10, 5.036234384968156e-10, 4.95986048388875e-10, 5.04628952115136e-10, 4.805291106608758e-10, 4.931340805177197e-10, 9.979806841957804e-10, 3.444991887701476e-10, 4.825222055571619e-10, 5.046289521151368e-10, 5.046289521151829e-10, 4.676830312110057e-10, 4.777902996939297e-10, 5.041717582466791e-10, 3.5327832795726564e-10, 5.068727853507833e-10, 1.9688744308358277e-09, 4.799890512901837e-10, 4.212320020590941e-10, 4.851280719400218e-10, 4.754041052120225e-10, 2.045634527784052e-09, 5.030377759151025e-10]"
hMpxV/Australia/QLD-MX000043/2024|EPI_ISL_19539692|2024-08-08,"[0.9999999999999999, 0.0, 0.0, 0.0, 0.0, 0.0, 0.0, 0.0, 0.0, 0.0, 0.0, 0.0, 0.0, 0.0, 0.0, 0.0, 0.0, 0.0, 0.0, 0.0, 0.0, 0.0, 0.0, 0.0, 0.0, 0.0, 0.0, 0.0, 0.0, 0.0, 0.0]"
hMpxV/Australia/QLD-MX000044/2024|EPI_ISL_19539693|2024-08-15,"[1.0, 0.0, 0.0, 0.0, 0.0, 0.0, 0.0, 0.0, 0.0, 0.0, 0.0, 0.0, 0.0, 0.0, 0.0, 0.0, 0.0, 0.0, 0.0, 0.0, 0.0, 0.0, 0.0, 0.0, 0.0, 0.0, 0.0, 0.0, 0.0, 0.0, 0.0]"
NODE_0000167,"[1.0, 1.5164182384563767e-22, 2.441324789191474e-21, 1.5158911740833254e-22, 1.3053070510614542e-22, 1.521444234048286e-22, 1.5632215317395007e-22, 1.5986776234405415e-22, 1.6265996660537792e-22, 1.5040497789691066e-22, 1.6024808219704882e-22, 1.5605622131136657e-22, 1.2233818770573507e-22, 1.3687850285819896e-22, 1.5288262485611135e-21, 8.168106232032744e-23, 1.2111713049265938e-22, 1.56056221311368e-22, 1.560562213113824e-22, 1.215663987931064e-22, 1.1023799386208033e-21, 1.2769712418101183e-22, 8.99326778467376e-23, 1.5608435550713295e-22, 1.2215226207584919e-20, 1.4880544680525344e-22, 9.037834658597551e-23, 1.5638680685019137e-22, 1.266253549561598e-22, 9.074388867735223e-21, 1.6130522578285982e-22]"
hMpxV/Australia/VIC-VIDRL-6081/2024|EPI_ISL_19459768|2024-07-15,"[1.0, 0.0, 0.0, 0.0, 0.0, 0.0, 0.0, 0.0, 0.0, 0.0, 0.0, 0.0, 0.0, 0.0, 0.0, 0.0, 0.0, 0.0, 0.0, 0.0, 0.0, 0.0, 0.0, 0.0, 0.0, 0.0, 0.0, 0.0, 0.0, 0.0, 0.0]"
hMpxV/Australia/VIC-VIDRL-8559/2024|EPI_ISL_19459772|2024-06-17,"[1.0, 0.0, 0.0, 0.0, 0.0, 0.0, 0.0, 0.0, 0.0, 0.0, 0.0, 0.0, 0.0, 0.0, 0.0, 0.0, 0.0, 0.0, 0.0, 0.0, 0.0, 0.0, 0.0, 0.0, 0.0, 0.0, 0.0, 0.0, 0.0, 0.0, 0.0]"
hMpxV/Australia/QLD-MX000042/2024|EPI_ISL_19539691|2024-08-06,"[1.0, 0.0, 0.0, 0.0, 0.0, 0.0, 0.0, 0.0, 0.0, 0.0, 0.0, 0.0, 0.0, 0.0, 0.0, 0.0, 0.0, 0.0, 0.0, 0.0, 0.0, 0.0, 0.0, 0.0, 0.0, 0.0, 0.0, 0.0, 0.0, 0.0, 0.0]"
hMpxV/Australia/QLD-MX000050/2024|EPI_ISL_19539699|2024-08-29,"[0.9999999999999999, 0.0, 0.0, 0.0, 0.0, 0.0, 0.0, 0.0, 0.0, 0.0, 0.0, 0.0, 0.0, 0.0, 0.0, 0.0, 0.0, 0.0, 0.0, 0.0, 0.0, 0.0, 0.0, 0.0, 0.0, 0.0, 0.0, 0.0, 0.0, 0.0, 0.0]"
hMpxV/Australia/VIC-VIDRL-7894/2024|EPI_ISL_19459708|2024-07-22,"[1.0, 0.0, 0.0, 0.0, 0.0, 0.0, 0.0, 0.0, 0.0, 0.0, 0.0, 0.0, 0.0, 0.0, 0.0, 0.0, 0.0, 0.0, 0.0, 0.0, 0.0, 0.0, 0.0, 0.0, 0.0, 0.0, 0.0, 0.0, 0.0, 0.0, 0.0]"
NODE_0000172,"[0.9999987986584351, 3.281575304210499e-08, 7.475403608596445e-08, 3.359433495763542e-08, 2.941856490257957e-08, 3.313509155647288e-08, 3.287217258358609e-08, 3.317373987335238e-08, 3.3379681281310103e-08, 3.3124793496925084e-08, 3.260895382841057e-08, 3.315579913610655e-08, 3.177667774194085e-08, 3.2519465662007223e-08, 6.180614281438037e-08, 2.307970503052788e-08, 3.201711684026854e-08, 3.315579913610663e-08, 3.315579913610762e-08, 3.0916272333661264e-08, 2.9356406407602864e-08, 3.337415314335647e-08, 2.4069459047831e-08, 3.334437872015806e-08, 1.1729015944027834e-07, 3.157593384168372e-08, 2.8458110719265235e-08, 3.186011543340222e-08, 3.15071510647634e-08, 1.268789253198562e-07, 3.316687239118803e-08]"
hMpxV/Australia/QLD-MX000055/2024|EPI_ISL_19539703|2024-08-19,"[1.0, 0.0, 0.0, 0.0, 0.0, 0.0, 0.0, 0.0, 0.0, 0.0, 0.0, 0.0, 0.0, 0.0, 0.0, 0.0, 0.0, 0.0, 0.0, 0.0, 0.0, 0.0, 0.0, 0.0, 0.0, 0.0, 0.0, 0.0, 0.0, 0.0, 0.0]"
hMpxV/Australia/QLD-MX000074/2024|EPI_ISL_19539722|2024-09-05,"[1.0, 0.0, 0.0, 0.0, 0.0, 0.0, 0.0, 0.0, 0.0, 0.0, 0.0, 0.0, 0.0, 0.0, 0.0, 0.0, 0.0, 0.0, 0.0, 0.0, 0.0, 0.0, 0.0, 0.0, 0.0, 0.0, 0.0, 0.0, 0.0, 0.0, 0.0]"
NODE_0000170,"[0.9999999997991328, 4.674609493819613e-12, 1.4730118367040385e-11, 4.769776423576412e-12, 4.141139526297064e-12, 4.718103042929323e-12, 4.706953966994439e-12, 4.748585210711036e-12, 4.7742731985622065e-12, 4.708294887727076e-12, 4.688523115025498e-12, 4.74163216493335e-12, 4.388726893885031e-12, 4.56124118239301e-12, 1.1855308050136295e-11, 3.1079500325601104e-12, 4.395955486749041e-12, 4.7416321649333524e-12, 4.741632164933724e-12, 4.284157631920373e-12, 6.021262443384291e-12, 4.6005053290680935e-12, 3.2075015657918217e-12, 4.7588212831249166e-12, 2.8634882351599026e-11, 4.510791920040944e-12, 3.740754722304866e-12, 4.585467290016195e-12, 4.367634801950263e-12, 2.8213153696409464e-11, 4.747670867054752e-12]"
hMpxV/Australia/QLD-MX000052/2024|EPI_ISL_19539700|2024-08-28,"[1.0, 0.0, 0.0, 0.0, 0.0, 0.0, 0.0, 0.0, 0.0, 0.0, 0.0, 0.0, 0.0, 0.0, 0.0, 0.0, 0.0, 0.0, 0.0, 0.0, 0.0, 0.0, 0.0, 0.0, 0.0, 0.0, 0.0, 0.0, 0.0, 0.0, 0.0]"
hMpxV/Australia/QLD-MX000054/2024|EPI_ISL_19539702|2024-08-29,"[1.0, 0.0, 0.0, 0.0, 0.0, 0.0, 0.0, 0.0, 0.0, 0.0, 0.0, 0.0, 0.0, 0.0, 0.0, 0.0, 0.0, 0.0, 0.0, 0.0, 0.0, 0.0, 0.0, 0.0, 0.0, 0.0, 0.0, 0.0, 0.0, 0.0, 0.0]"
NODE_0000171,"[0.9999999996520769, 9.232848826592845e-12, 2.24205894296127e-11, 9.452953446471715e-12, 8.20805051866905e-12, 9.328778498350498e-12, 9.26269995671096e-12, 9.319585521870091e-12, 9.347267738652038e-12, 9.32350474490631e-12, 9.18177320343478e-12, 9.345312046822316e-12, 8.879422108020626e-12, 9.12133846728996e-12, 1.8861068867042177e-11, 6.332739180043655e-12, 8.904663864092722e-12, 9.34531204682236e-12, 9.34531204682402e-12, 8.642931933165297e-12, 9.05205196778704e-12, 9.312503431790716e-12, 6.445028632684422e-12, 9.382153550614151e-12, 3.766284612840712e-11, 8.884551004441753e-12, 7.716759157668638e-12, 8.985088003719506e-12, 8.775563071868992e-12, 3.854900818895037e-11, 9.301393341234523e-12]"
hMpxV/Australia/QLD-MX000061/2024|EPI_ISL_19539709|2024-09-03,"[1.0, 0.0, 0.0, 0.0, 0.0, 0.0, 0.0, 0.0, 0.0, 0.0, 0.0, 0.0, 0.0, 0.0, 0.0, 0.0, 0.0, 0.0, 0.0, 0.0, 0.0, 0.0, 0.0, 0.0, 0.0, 0.0, 0.0, 0.0, 0.0, 0.0, 0.0]"
hMpxV/Australia/QLD-MX000060/2024|EPI_ISL_19539708|2024-09-03,"[1.0, 0.0, 0.0, 0.0, 0.0, 0.0, 0.0, 0.0, 0.0, 0.0, 0.0, 0.0, 0.0, 0.0, 0.0, 0.0, 0.0, 0.0, 0.0, 0.0, 0.0, 0.0, 0.0, 0.0, 0.0, 0.0, 0.0, 0.0, 0.0, 0.0, 0.0]"
NODE_0000173,"[1.0, 3.838852091146898e-27, 4.358162599655935e-26, 3.8650872606830666e-27, 3.2526575846243454e-27, 3.8668370771648116e-27, 3.944500374230044e-27, 3.979296073929982e-27, 3.993614739304027e-27, 3.8316639279903876e-27, 3.996183747464033e-27, 3.953109660675748e-27, 3.1903896425648454e-27, 3.52302213037544e-27, 3.127015301503509e-26, 2.0556157639781377e-27, 3.1259602815498954e-27, 3.953109660675891e-27, 3.9531096606770145e-27, 3.1558941976343416e-27, 2.070473196418054e-26, 3.320471421527667e-27, 2.057472754489517e-27, 3.937579433862085e-27, 1.957758218689619e-25, 3.7467114686936085e-27, 2.25699624259802e-27, 3.9213725576834176e-27, 3.22744945649015e-27, 1.3508872394253949e-25, 3.981762190015543e-27]"
hMpxV/Australia/QLD-MX000064/2024|EPI_ISL_19539712|2024-09-05,"[1.0, 0.0, 0.0, 0.0, 0.0, 0.0, 0.0, 0.0, 0.0, 0.0, 0.0, 0.0, 0.0, 0.0, 0.0, 0.0, 0.0, 0.0, 0.0, 0.0, 0.0, 0.0, 0.0, 0.0, 0.0, 0.0, 0.0, 0.0, 0.0, 0.0, 0.0]"
hMpxV/Australia/QLD-MX000070/2024|EPI_ISL_19539718|2024-09-08,"[1.0, 0.0, 0.0, 0.0, 0.0, 0.0, 0.0, 0.0, 0.0, 0.0, 0.0, 0.0, 0.0, 0.0, 0.0, 0.0, 0.0, 0.0, 0.0, 0.0, 0.0, 0.0, 0.0, 0.0, 0.0, 0.0, 0.0, 0.0, 0.0, 0.0, 0.0]"
hMpxV/Australia/QLD-MX000069/2024|EPI_ISL_19539717|2024-09-09,"[1.0, 0.0, 0.0, 0.0, 0.0, 0.0, 0.0, 0.0, 0.0, 0.0, 0.0, 0.0, 0.0, 0.0, 0.0, 0.0, 0.0, 0.0, 0.0, 0.0, 0.0, 0.0, 0.0, 0.0, 0.0, 0.0, 0.0, 0.0, 0.0, 0.0, 0.0]"
hMpxV/Australia/QLD-MX000073/2024|EPI_ISL_19539721|2024-09-05,"[1.0, 0.0, 0.0, 0.0, 0.0, 0.0, 0.0, 0.0, 0.0, 0.0, 0.0, 0.0, 0.0, 0.0, 0.0, 0.0, 0.0, 0.0, 0.0, 0.0, 0.0, 0.0, 0.0, 0.0, 0.0, 0.0, 0.0, 0.0, 0.0, 0.0, 0.0]"
hMpxV/Australia/QLD-MX000075/2024|EPI_ISL_19539723|2024-09-05,"[1.0, 0.0, 0.0, 0.0, 0.0, 0.0, 0.0, 0.0, 0.0, 0.0, 0.0, 0.0, 0.0, 0.0, 0.0, 0.0, 0.0, 0.0, 0.0, 0.0, 0.0, 0.0, 0.0, 0.0, 0.0, 0.0, 0.0, 0.0, 0.0, 0.0, 0.0]"
hMpxV/Australia/QLD-MX000087/2024|EPI_ISL_19539735|2024-09-09,"[1.0, 0.0, 0.0, 0.0, 0.0, 0.0, 0.0, 0.0, 0.0, 0.0, 0.0, 0.0, 0.0, 0.0, 0.0, 0.0, 0.0, 0.0, 0.0, 0.0, 0.0, 0.0, 0.0, 0.0, 0.0, 0.0, 0.0, 0.0, 0.0, 0.0, 0.0]"
NODE_0000174,"[0.999999999815167, 4.897809332464222e-12, 1.1930126431058666e-11, 5.014629187311323e-12, 4.3522346088494025e-12, 4.94888669337162e-12, 4.914018777210148e-12, 4.943357927330368e-12, 4.95713936657287e-12, 4.946038911843473e-12, 4.870845082221111e-12, 4.957934634618551e-12, 4.7087607564351795e-12, 4.8379801567616e-12, 1.0045746566213301e-11, 3.3549779734007347e-12, 4.721010246969636e-12, 4.957934634618594e-12, 4.957934634619432e-12, 4.583446204648359e-12, 4.823767203792429e-12, 4.9380461082329215e-12, 3.4095987969104946e-12, 4.977012533170099e-12, 2.0108468804892373e-11, 4.713053302633525e-12, 4.085523863005714e-12, 4.76693671228519e-12, 4.6527897511981286e-12, 2.052372034143111e-11, 4.933219398583161e-12]"
hMpxV/Australia/QLD-MX000086/2024|EPI_ISL_19539734|2024-09-09,"[0.9999999999999999, 0.0, 0.0, 0.0, 0.0, 0.0, 0.0, 0.0, 0.0, 0.0, 0.0, 0.0, 0.0, 0.0, 0.0, 0.0, 0.0, 0.0, 0.0, 0.0, 0.0, 0.0, 0.0, 0.0, 0.0, 0.0, 0.0, 0.0, 0.0, 0.0, 0.0]"
hMpxV/Australia/QLD-MX000088/2024|EPI_ISL_19539736|2024-09-09,"[0.9999999999999999, 0.0, 0.0, 0.0, 0.0, 0.0, 0.0, 0.0, 0.0, 0.0, 0.0, 0.0, 0.0, 0.0, 0.0, 0.0, 0.0, 0.0, 0.0, 0.0, 0.0, 0.0, 0.0, 0.0, 0.0, 0.0, 0.0, 0.0, 0.0, 0.0, 0.0]"
NODE_0000168,"[1.0, 5.347855830379448e-32, 1.5279520918166406e-30, 5.329363786278427e-32, 4.410575660073943e-32, 5.375542414611573e-32, 5.573458716288431e-32, 5.637074930174443e-32, 5.665361570907668e-32, 5.29901724309979e-32, 5.723682557815267e-32, 5.562386469097851e-32, 4.0732373647126217e-32, 4.6949037258709366e-32, 9.913084657250255e-31, 2.479511513813701e-32, 3.938562543676412e-32, 5.562386469097943e-32, 5.562386469098653e-32, 4.0684251851940366e-32, 7.955073897341758e-31, 4.221250752772863e-32, 2.4799300647262385e-32, 5.516768226220244e-32, 1.2306008769691216e-29, 5.264274398231311e-32, 2.5660676169148824e-32, 5.622723578749874e-32, 4.184222052520562e-32, 6.755098666887377e-30, 5.652562173277859e-32]"
hMpxV/Australia/VIC-VIDRL-9071/2024|EPI_ISL_19459798|2024-07-25,"[1.0, 0.0, 0.0, 0.0, 0.0, 0.0, 0.0, 0.0, 0.0, 0.0, 0.0, 0.0, 0.0, 0.0, 0.0, 0.0, 0.0, 0.0, 0.0, 0.0, 0.0, 0.0, 0.0, 0.0, 0.0, 0.0, 0.0, 0.0, 0.0, 0.0, 0.0]"
hMpxV/Australia/VIC-VIDRL-5661/2024|EPI_ISL_19459714|2024-07-12,"[1.0, 0.0, 0.0, 0.0, 0.0, 0.0, 0.0, 0.0, 0.0, 0.0, 0.0, 0.0, 0.0, 0.0, 0.0, 0.0, 0.0, 0.0, 0.0, 0.0, 0.0, 0.0, 0.0, 0.0, 0.0, 0.0, 0.0, 0.0, 0.0, 0.0, 0.0]"
hMpxV/Australia/VIC-VIDRL-5843/2024|EPI_ISL_19459730|2024-07-13,"[1.0, 0.0, 0.0, 0.0, 0.0, 0.0, 0.0, 0.0, 0.0, 0.0, 0.0, 0.0, 0.0, 0.0, 0.0, 0.0, 0.0, 0.0, 0.0, 0.0, 0.0, 0.0, 0.0, 0.0, 0.0, 0.0, 0.0, 0.0, 0.0, 0.0, 0.0]"
hMpxV/Australia/VIC-VIDRL-9070/2024|EPI_ISL_19459742|2024-07-25,"[1.0, 0.0, 0.0, 0.0, 0.0, 0.0, 0.0, 0.0, 0.0, 0.0, 0.0, 0.0, 0.0, 0.0, 0.0, 0.0, 0.0, 0.0, 0.0, 0.0, 0.0, 0.0, 0.0, 0.0, 0.0, 0.0, 0.0, 0.0, 0.0, 0.0, 0.0]"
hMpxV/Australia/VIC-VIDRL-8988/2024|EPI_ISL_19459752|2024-07-25,"[1.0, 0.0, 0.0, 0.0, 0.0, 0.0, 0.0, 0.0, 0.0, 0.0, 0.0, 0.0, 0.0, 0.0, 0.0, 0.0, 0.0, 0.0, 0.0, 0.0, 0.0, 0.0, 0.0, 0.0, 0.0, 0.0, 0.0, 0.0, 0.0, 0.0, 0.0]"
hMpxV/Australia/VIC-VIDRL-6721/2024|EPI_ISL_19459770|2024-07-16,"[1.0, 0.0, 0.0, 0.0, 0.0, 0.0, 0.0, 0.0, 0.0, 0.0, 0.0, 0.0, 0.0, 0.0, 0.0, 0.0, 0.0, 0.0, 0.0, 0.0, 0.0, 0.0, 0.0, 0.0, 0.0, 0.0, 0.0, 0.0, 0.0, 0.0, 0.0]"
hMpxV/Australia/VIC-VIDRL-7979/2024|EPI_ISL_19459782|2024-07-22,"[1.0, 0.0, 0.0, 0.0, 0.0, 0.0, 0.0, 0.0, 0.0, 0.0, 0.0, 0.0, 0.0, 0.0, 0.0, 0.0, 0.0, 0.0, 0.0, 0.0, 0.0, 0.0, 0.0, 0.0, 0.0, 0.0, 0.0, 0.0, 0.0, 0.0, 0.0]"
hMpxV/Australia/VIC-VIDRL-6355/2024|EPI_ISL_19459788|2024-07-16,"[1.0, 0.0, 0.0, 0.0, 0.0, 0.0, 0.0, 0.0, 0.0, 0.0, 0.0, 0.0, 0.0, 0.0, 0.0, 0.0, 0.0, 0.0, 0.0, 0.0, 0.0, 0.0, 0.0, 0.0, 0.0, 0.0, 0.0, 0.0, 0.0, 0.0, 0.0]"
hMpxV/Australia/VIC-VIDRL-6920/2024|EPI_ISL_19459709|2024-07-17,"[1.0, 0.0, 0.0, 0.0, 0.0, 0.0, 0.0, 0.0, 0.0, 0.0, 0.0, 0.0, 0.0, 0.0, 0.0, 0.0, 0.0, 0.0, 0.0, 0.0, 0.0, 0.0, 0.0, 0.0, 0.0, 0.0, 0.0, 0.0, 0.0, 0.0, 0.0]"
NODE_0000169,"[1.0, 3.42792259979593e-26, 8.391346381134198e-25, 3.41475621957752e-26, 2.887265439919861e-26, 3.4398197056237974e-26, 3.559274439174522e-26, 3.627837740065581e-26, 3.6763448103176734e-26, 3.392823459525071e-26, 3.6626363053559224e-26, 3.549469777698972e-26, 2.6547131082106216e-26, 3.0314942651648944e-26, 5.208063524521343e-25, 1.6918957928056916e-26, 2.597045469278121e-26, 3.5494697776989745e-26, 3.549469777699328e-26, 2.648704522537586e-26, 4.074852012363886e-25, 2.761090838138593e-26, 1.8029095223678624e-26, 3.535849526516627e-26, 5.718446171482651e-24, 3.373952759288081e-26, 1.8044743323039058e-26, 3.5833999357203326e-26, 2.7503175481667286e-26, 3.599462699581383e-24, 3.654195878699351e-26]"
hMpxV/Australia/QLD-MX000123/2024|EPI_ISL_19539767|2024-10-06,"[1.0, 0.0, 0.0, 0.0, 0.0, 0.0, 0.0, 0.0, 0.0, 0.0, 0.0, 0.0, 0.0, 0.0, 0.0, 0.0, 0.0, 0.0, 0.0, 0.0, 0.0, 0.0, 0.0, 0.0, 0.0, 0.0, 0.0, 0.0, 0.0, 0.0, 0.0]"
hMpxV/Australia/QLD-MX000127/2024|EPI_ISL_19539771|2024-10-08,"[1.0, 0.0, 0.0, 0.0, 0.0, 0.0, 0.0, 0.0, 0.0, 0.0, 0.0, 0.0, 0.0, 0.0, 0.0, 0.0, 0.0, 0.0, 0.0, 0.0, 0.0, 0.0, 0.0, 0.0, 0.0, 0.0, 0.0, 0.0, 0.0, 0.0, 0.0]"
hMpxV/Australia/QLD-MX000124/2024|EPI_ISL_19539768|2024-10-03,"[1.0, 0.0, 0.0, 0.0, 0.0, 0.0, 0.0, 0.0, 0.0, 0.0, 0.0, 0.0, 0.0, 0.0, 0.0, 0.0, 0.0, 0.0, 0.0, 0.0, 0.0, 0.0, 0.0, 0.0, 0.0, 0.0, 0.0, 0.0, 0.0, 0.0, 0.0]"
hMpxV/Australia/QLD-MX000126/2024|EPI_ISL_19539770|2024-10-07,"[0.9999999999999999, 0.0, 0.0, 0.0, 0.0, 0.0, 0.0, 0.0, 0.0, 0.0, 0.0, 0.0, 0.0, 0.0, 0.0, 0.0, 0.0, 0.0, 0.0, 0.0, 0.0, 0.0, 0.0, 0.0, 0.0, 0.0, 0.0, 0.0, 0.0, 0.0, 0.0]"
hMpxV/Australia/QLD-MX000137/2024|EPI_ISL_19539781|2024-10-06,"[1.0, 0.0, 0.0, 0.0, 0.0, 0.0, 0.0, 0.0, 0.0, 0.0, 0.0, 0.0, 0.0, 0.0, 0.0, 0.0, 0.0, 0.0, 0.0, 0.0, 0.0, 0.0, 0.0, 0.0, 0.0, 0.0, 0.0, 0.0, 0.0, 0.0, 0.0]"
hMpxV/Australia/QLD-MX000146/2024|EPI_ISL_19539787|2024-10-12,"[1.0, 0.0, 0.0, 0.0, 0.0, 0.0, 0.0, 0.0, 0.0, 0.0, 0.0, 0.0, 0.0, 0.0, 0.0, 0.0, 0.0, 0.0, 0.0, 0.0, 0.0, 0.0, 0.0, 0.0, 0.0, 0.0, 0.0, 0.0, 0.0, 0.0, 0.0]"
hMpxV/Australia/QLD-MX000154/2024|EPI_ISL_19539795|2024-10-12,"[1.0, 0.0, 0.0, 0.0, 0.0, 0.0, 0.0, 0.0, 0.0, 0.0, 0.0, 0.0, 0.0, 0.0, 0.0, 0.0, 0.0, 0.0, 0.0, 0.0, 0.0, 0.0, 0.0, 0.0, 0.0, 0.0, 0.0, 0.0, 0.0, 0.0, 0.0]"
hMpxV/Australia/QLD-MX000151/2024|EPI_ISL_19539792|2024-10-15,"[1.0, 0.0, 0.0, 0.0, 0.0, 0.0, 0.0, 0.0, 0.0, 0.0, 0.0, 0.0, 0.0, 0.0, 0.0, 0.0, 0.0, 0.0, 0.0, 0.0, 0.0, 0.0, 0.0, 0.0, 0.0, 0.0, 0.0, 0.0, 0.0, 0.0, 0.0]"
hMpxV/Australia/QLD-MX000152/2024|EPI_ISL_19539793|2024-10-08,"[1.0, 0.0, 0.0, 0.0, 0.0, 0.0, 0.0, 0.0, 0.0, 0.0, 0.0, 0.0, 0.0, 0.0, 0.0, 0.0, 0.0, 0.0, 0.0, 0.0, 0.0, 0.0, 0.0, 0.0, 0.0, 0.0, 0.0, 0.0, 0.0, 0.0, 0.0]"
hMpxV/Australia/QLD-MX000085/2024|EPI_ISL_19539733|2024-09-09,"[1.0, 0.0, 0.0, 0.0, 0.0, 0.0, 0.0, 0.0, 0.0, 0.0, 0.0, 0.0, 0.0, 0.0, 0.0, 0.0, 0.0, 0.0, 0.0, 0.0, 0.0, 0.0, 0.0, 0.0, 0.0, 0.0, 0.0, 0.0, 0.0, 0.0, 0.0]"
