name,state
NODE_0000000,"[0.02282102623520611, 0.02543326203131708, 0.042555036700894194, 0.018344048485699885, 0.04700178498487881, 0.02103452453708194, 0.02166324586514732, 0.017512801511929164, 0.0179571977794045, 0.018156033044722877, 0.01731766438289855, 0.017804803621381, 0.017211246210480438, 0.022710138742533265, 0.01753506943562057, 0.05491943885575528, 0.019981439166042305, 0.01780480362138095, 0.01780480362138097, 0.0219621565858511, 0.2563697552040703, 0.019224557957618734, 0.019515488336413082, 0.01751663945519673, 0.030997707549932807, 0.017400827319480425, 0.01793526225964465, 0.01727977064770774, 0.01739123628894016, 0.09143835009193928, 0.01739987946944982]"
NC_063383.1,"[0.022858085981277167, 0.02546646910530093, 0.042589149852516404, 0.0183802919055642, 0.04702590671847904, 0.02107076116925867, 0.021696941266132627, 0.017545224308810038, 0.017989618183733173, 0.018191777409688966, 0.017351070850495955, 0.017839878628262494, 0.017242692825287204, 0.022745440510561914, 0.017560040122448658, 0.05493861541944584, 0.020019017131010116, 0.017839878628262442, 0.017839878628262463, 0.02199680521838492, 0.25540304222811655, 0.01926234872209052, 0.01953457520128254, 0.017549053549877278, 0.03101162504523629, 0.01743538143626945, 0.01796818431342129, 0.01731396025694472, 0.01742414958381273, 0.09147899216895368, 0.017431143630811642]"
NODE_0000001,"[0.005724526816790194, 0.006598062078782754, 0.01317203278428132, 0.003729690113503115, 0.015339280508633089, 0.004687131368849653, 0.0051709854816574885, 0.004276496158252932, 0.004693586002771523, 0.003726111741170721, 0.0037524727571588783, 0.0036279874832037683, 0.004363138707281254, 0.005560655983627664, 0.005205754032367581, 0.018486908149013135, 0.004621347269061752, 0.003627987483203741, 0.0036279874832037605, 0.005198647148776297, 0.7834291148666656, 0.004046705639843043, 0.009015391044748496, 0.004282759364860786, 0.024456651702646583, 0.003504206839440928, 0.0045485916715412725, 0.0035035744876850262, 0.004025952759404601, 0.029419775530182612, 0.004576486541390756]"
hMpxV/China/SZ-CDC/Strain059,"[0.0, 0.0, 0.0, 0.0, 0.0, 0.0, 0.0, 0.0, 0.0, 0.0, 0.0, 0.0, 0.0, 0.0, 0.0, 0.0, 0.0, 0.0, 0.0, 0.0, 0.0, 0.0, 0.0, 0.0, 1.0, 0.0, 0.0, 0.0, 0.0, 0.0, 0.0]"
NODE_0000002,"[4.3371225849508406e-92, 1.892204068560408e-88, 2.2084885345208683e-66, 7.374574567091779e-99, 4.690996531575869e-58, 7.87958621021489e-92, 1.5986829656260812e-92, 2.466531974856902e-98, 2.4121934339951238e-98, 1.3615851971838476e-98, 2.7133772803690587e-98, 1.085737652660252e-98, 1.4950554697093692e-98, 2.872616971607168e-92, 1.560929750691943e-92, 1.1744072236238736e-47, 1.5161240836753115e-92, 1.085737652659078e-98, 1.0857376526590787e-98, 1.3129051677168674e-92, 1.0, 3.668323137803433e-99, 2.4374421289857388e-83, 2.4794187539338038e-98, 3.4485163231775112e-96, 2.5191470400085056e-96, 9.064851082183146e-99, 2.759806896983192e-96, 1.893754649908522e-98, 4.2289001708602256e-38, 3.446696385867284e-98]"
hMpxV/Peru/LAM-INS-290/2022|EPI_ISL_16999067|2022-11-23,"[0.0, 0.0, 0.0, 0.0, 0.0, 0.0, 0.0, 0.0, 0.0, 0.0, 0.0, 0.0, 0.0, 0.0, 0.0, 0.0, 0.0, 0.0, 0.0, 0.0, 1.0, 0.0, 0.0, 0.0, 0.0, 0.0, 0.0, 0.0, 0.0, 0.0, 0.0]"
hMpxV/Peru/LIM-INS-292/2022|EPI_ISL_16999095|2022-11-25,"[0.0, 0.0, 0.0, 0.0, 0.0, 0.0, 0.0, 0.0, 0.0, 0.0, 0.0, 0.0, 0.0, 0.0, 0.0, 0.0, 0.0, 0.0, 0.0, 0.0, 0.9999999999999999, 0.0, 0.0, 0.0, 0.0, 0.0, 0.0, 0.0, 0.0, 0.0, 0.0]"
hMpxV/Peru/LIM-INS-349/2022|EPI_ISL_16999091|2022-12-26,"[0.0, 0.0, 0.0, 0.0, 0.0, 0.0, 0.0, 0.0, 0.0, 0.0, 0.0, 0.0, 0.0, 0.0, 0.0, 0.0, 0.0, 0.0, 0.0, 0.0, 1.0, 0.0, 0.0, 0.0, 0.0, 0.0, 0.0, 0.0, 0.0, 0.0, 0.0]"
hMpxV/USA/CA-CDPH-1000169/2023|EPI_ISL_16997397|2023-01-09,"[0.0, 0.0, 0.0, 0.0, 0.0, 0.0, 0.0, 0.0, 0.0, 0.0, 0.0, 0.0, 0.0, 0.0, 0.0, 0.0, 0.0, 0.0, 0.0, 0.0, 0.0, 0.0, 0.0, 0.0, 0.0, 0.0, 0.0, 0.0, 0.0, 1.0, 0.0]"
hMpxV/Peru/LIM-INS-338/2022|EPI_ISL_16999113|2022-12-19,"[0.0, 0.0, 0.0, 0.0, 0.0, 0.0, 0.0, 0.0, 0.0, 0.0, 0.0, 0.0, 0.0, 0.0, 0.0, 0.0, 0.0, 0.0, 0.0, 0.0, 1.0, 0.0, 0.0, 0.0, 0.0, 0.0, 0.0, 0.0, 0.0, 0.0, 0.0]"
hMpxV/Peru/LIM-INS-357/2022|EPI_ISL_16999116|2022-12-26,"[0.0, 0.0, 0.0, 0.0, 0.0, 0.0, 0.0, 0.0, 0.0, 0.0, 0.0, 0.0, 0.0, 0.0, 0.0, 0.0, 0.0, 0.0, 0.0, 0.0, 1.0, 0.0, 0.0, 0.0, 0.0, 0.0, 0.0, 0.0, 0.0, 0.0, 0.0]"
hMpxV/Peru/LIM-INS-342/2022|EPI_ISL_16999121|2022-12-17,"[0.0, 0.0, 0.0, 0.0, 0.0, 0.0, 0.0, 0.0, 0.0, 0.0, 0.0, 0.0, 0.0, 0.0, 0.0, 0.0, 0.0, 0.0, 0.0, 0.0, 1.0, 0.0, 0.0, 0.0, 0.0, 0.0, 0.0, 0.0, 0.0, 0.0, 0.0]"
hMpxV/Peru/LIM-INS-345/2022|EPI_ISL_16999118|2022-12-20,"[0.0, 0.0, 0.0, 0.0, 0.0, 0.0, 0.0, 0.0, 0.0, 0.0, 0.0, 0.0, 0.0, 0.0, 0.0, 0.0, 0.0, 0.0, 0.0, 0.0, 1.0, 0.0, 0.0, 0.0, 0.0, 0.0, 0.0, 0.0, 0.0, 0.0, 0.0]"
hMpxV/Peru/LIM-INS-291/2022|EPI_ISL_16999139|2022-11-22,"[0.0, 0.0, 0.0, 0.0, 0.0, 0.0, 0.0, 0.0, 0.0, 0.0, 0.0, 0.0, 0.0, 0.0, 0.0, 0.0, 0.0, 0.0, 0.0, 0.0, 0.9999999999999999, 0.0, 0.0, 0.0, 0.0, 0.0, 0.0, 0.0, 0.0, 0.0, 0.0]"
hMpxV/Peru/LIM-INS-350/2022|EPI_ISL_16999138|2022-12-26,"[0.0, 0.0, 0.0, 0.0, 0.0, 0.0, 0.0, 0.0, 0.0, 0.0, 0.0, 0.0, 0.0, 0.0, 0.0, 0.0, 0.0, 0.0, 0.0, 0.0, 1.0, 0.0, 0.0, 0.0, 0.0, 0.0, 0.0, 0.0, 0.0, 0.0, 0.0]"
hMpxV/Brazil/RJ-FIOCRUZ-29814/2022|EPI_ISL_17614024|2022-11-24,"[0.0, 0.0, 1.0, 0.0, 0.0, 0.0, 0.0, 0.0, 0.0, 0.0, 0.0, 0.0, 0.0, 0.0, 0.0, 0.0, 0.0, 0.0, 0.0, 0.0, 0.0, 0.0, 0.0, 0.0, 0.0, 0.0, 0.0, 0.0, 0.0, 0.0, 0.0]"
hMpxV/USA/IL-RIPHL-052-0034/2023|EPI_ISL_17821096|2023-05-10,"[0.0, 0.0, 0.0, 0.0, 0.0, 0.0, 0.0, 0.0, 0.0, 0.0, 0.0, 0.0, 0.0, 0.0, 0.0, 0.0, 0.0, 0.0, 0.0, 0.0, 0.0, 0.0, 0.0, 0.0, 0.0, 0.0, 0.0, 0.0, 0.0, 0.9999999999999999, 0.0]"
hMpxV/Peru/LIM-INS-443/2022|EPI_ISL_19343459|2022-12-26,"[0.0, 0.0, 0.0, 0.0, 0.0, 0.0, 0.0, 0.0, 0.0, 0.0, 0.0, 0.0, 0.0, 0.0, 0.0, 0.0, 0.0, 0.0, 0.0, 0.0, 1.0, 0.0, 0.0, 0.0, 0.0, 0.0, 0.0, 0.0, 0.0, 0.0, 0.0]"
hMpxV/Peru/AYA-INS-427/2023|EPI_ISL_19343467|2023-02-19,"[0.0, 0.0, 0.0, 0.0, 0.0, 0.0, 0.0, 0.0, 0.0, 0.0, 0.0, 0.0, 0.0, 0.0, 0.0, 0.0, 0.0, 0.0, 0.0, 0.0, 1.0, 0.0, 0.0, 0.0, 0.0, 0.0, 0.0, 0.0, 0.0, 0.0, 0.0]"
hMpxV/Peru/LIM-INS-375/2023|EPI_ISL_19343480|2023-01-07,"[0.0, 0.0, 0.0, 0.0, 0.0, 0.0, 0.0, 0.0, 0.0, 0.0, 0.0, 0.0, 0.0, 0.0, 0.0, 0.0, 0.0, 0.0, 0.0, 0.0, 1.0, 0.0, 0.0, 0.0, 0.0, 0.0, 0.0, 0.0, 0.0, 0.0, 0.0]"
hMpxV/Peru/LIM-INS-406/2023|EPI_ISL_19343490|2023-02-01,"[0.0, 0.0, 0.0, 0.0, 0.0, 0.0, 0.0, 0.0, 0.0, 0.0, 0.0, 0.0, 0.0, 0.0, 0.0, 0.0, 0.0, 0.0, 0.0, 0.0, 0.9999999999999999, 0.0, 0.0, 0.0, 0.0, 0.0, 0.0, 0.0, 0.0, 0.0, 0.0]"
hMpxV/Peru/LIM-INS-364/2023|EPI_ISL_19343503|2023-01-19,"[0.0, 0.0, 0.0, 0.0, 0.0, 0.0, 0.0, 0.0, 0.0, 0.0, 0.0, 0.0, 0.0, 0.0, 0.0, 0.0, 0.0, 0.0, 0.0, 0.0, 1.0, 0.0, 0.0, 0.0, 0.0, 0.0, 0.0, 0.0, 0.0, 0.0, 0.0]"
hMpxV/Peru/LIM-INS-433/2023|EPI_ISL_19343501|2023-01-27,"[0.0, 0.0, 0.0, 0.0, 0.0, 0.0, 0.0, 0.0, 0.0, 0.0, 0.0, 0.0, 0.0, 0.0, 0.0, 0.0, 0.0, 0.0, 0.0, 0.0, 1.0, 0.0, 0.0, 0.0, 0.0, 0.0, 0.0, 0.0, 0.0, 0.0, 0.0]"
hMpxV/Peru/CAL-INS-383/2023|EPI_ISL_19343521|2023-01-10,"[0.0, 0.0, 0.0, 0.0, 0.0, 0.0, 0.0, 0.0, 0.0, 0.0, 0.0, 0.0, 0.0, 0.0, 0.0, 0.0, 0.0, 0.0, 0.0, 0.0, 1.0, 0.0, 0.0, 0.0, 0.0, 0.0, 0.0, 0.0, 0.0, 0.0, 0.0]"
hMpxV/Peru/LIM-INS-416/2023|EPI_ISL_19343572|2023-02-07,"[0.0, 0.0, 0.0, 0.0, 0.0, 0.0, 0.0, 0.0, 0.0, 0.0, 0.0, 0.0, 0.0, 0.0, 0.0, 0.0, 0.0, 0.0, 0.0, 0.0, 1.0, 0.0, 0.0, 0.0, 0.0, 0.0, 0.0, 0.0, 0.0, 0.0, 0.0]"
hMpxV/Peru/LIM-INS-436/2023|EPI_ISL_19343568|2023-02-16,"[0.0, 0.0, 0.0, 0.0, 0.0, 0.0, 0.0, 0.0, 0.0, 0.0, 0.0, 0.0, 0.0, 0.0, 0.0, 0.0, 0.0, 0.0, 0.0, 0.0, 1.0, 0.0, 0.0, 0.0, 0.0, 0.0, 0.0, 0.0, 0.0, 0.0, 0.0]"
hMpxV/Peru/AYA-INS-411/2023|EPI_ISL_19343573|2023-01-31,"[0.0, 0.0, 0.0, 0.0, 0.0, 0.0, 0.0, 0.0, 0.0, 0.0, 0.0, 0.0, 0.0, 0.0, 0.0, 0.0, 0.0, 0.0, 0.0, 0.0, 1.0, 0.0, 0.0, 0.0, 0.0, 0.0, 0.0, 0.0, 0.0, 0.0, 0.0]"
hMpxV/Peru/AYA-INS-412/2023|EPI_ISL_19343574|2023-01-31,"[0.0, 0.0, 0.0, 0.0, 0.0, 0.0, 0.0, 0.0, 0.0, 0.0, 0.0, 0.0, 0.0, 0.0, 0.0, 0.0, 0.0, 0.0, 0.0, 0.0, 1.0, 0.0, 0.0, 0.0, 0.0, 0.0, 0.0, 0.0, 0.0, 0.0, 0.0]"
hMpxV/Peru/ARE-INS-420/2023|EPI_ISL_19343594|2023-02-08,"[0.0, 0.0, 0.0, 0.0, 0.0, 0.0, 0.0, 0.0, 0.0, 0.0, 0.0, 0.0, 0.0, 0.0, 0.0, 0.0, 0.0, 0.0, 0.0, 0.0, 1.0, 0.0, 0.0, 0.0, 0.0, 0.0, 0.0, 0.0, 0.0, 0.0, 0.0]"
hMpxV/Peru/ARE-INS-478/2023|EPI_ISL_19343595|2023-01-31,"[0.0, 0.0, 0.0, 0.0, 0.0, 0.0, 0.0, 0.0, 0.0, 0.0, 0.0, 0.0, 0.0, 0.0, 0.0, 0.0, 0.0, 0.0, 0.0, 0.0, 1.0, 0.0, 0.0, 0.0, 0.0, 0.0, 0.0, 0.0, 0.0, 0.0, 0.0]"
hMpxV/Chile/RM-ISP-132423/2022|EPI_ISL_19345334|2022-11-27,"[0.0, 0.0, 0.0, 0.0, 0.9999999999999999, 0.0, 0.0, 0.0, 0.0, 0.0, 0.0, 0.0, 0.0, 0.0, 0.0, 0.0, 0.0, 0.0, 0.0, 0.0, 0.0, 0.0, 0.0, 0.0, 0.0, 0.0, 0.0, 0.0, 0.0, 0.0, 0.0]"
hMpxV/Mexico/CMX_InDRE_F5592/2022|EPI_ISL_17672227|2022-12-08,"[0.0, 0.0, 0.0, 0.0, 0.0, 0.0, 0.0, 0.0, 0.0, 0.0, 0.0, 0.0, 0.0, 0.0, 0.0, 1.0, 0.0, 0.0, 0.0, 0.0, 0.0, 0.0, 0.0, 0.0, 0.0, 0.0, 0.0, 0.0, 0.0, 0.0, 0.0]"
hMpxV/Mexico/VER_InDRE_F254/2023|EPI_ISL_17672252|2023-01-31,"[0.0, 0.0, 0.0, 0.0, 0.0, 0.0, 0.0, 0.0, 0.0, 0.0, 0.0, 0.0, 0.0, 0.0, 0.0, 0.9999999999999999, 0.0, 0.0, 0.0, 0.0, 0.0, 0.0, 0.0, 0.0, 0.0, 0.0, 0.0, 0.0, 0.0, 0.0, 0.0]"
hMpxV/Mexico/YUC_InDRE_F217/2023|EPI_ISL_17672250|2023-01-17,"[0.0, 0.0, 0.0, 0.0, 0.0, 0.0, 0.0, 0.0, 0.0, 0.0, 0.0, 0.0, 0.0, 0.0, 0.0, 1.0, 0.0, 0.0, 0.0, 0.0, 0.0, 0.0, 0.0, 0.0, 0.0, 0.0, 0.0, 0.0, 0.0, 0.0, 0.0]"
hMpxV/USA/CA-LACPHL-MA00474/2022|EPI_ISL_17211328|2022-11-18,"[0.0, 0.0, 0.0, 0.0, 0.0, 0.0, 0.0, 0.0, 0.0, 0.0, 0.0, 0.0, 0.0, 0.0, 0.0, 0.0, 0.0, 0.0, 0.0, 0.0, 0.0, 0.0, 0.0, 0.0, 0.0, 0.0, 0.0, 0.0, 0.0, 1.0, 0.0]"
hMpxV/USA/CA-LACPHL-MA00475/2022|EPI_ISL_17211329|2022-11-22,"[0.0, 0.0, 0.0, 0.0, 0.0, 0.0, 0.0, 0.0, 0.0, 0.0, 0.0, 0.0, 0.0, 0.0, 0.0, 0.0, 0.0, 0.0, 0.0, 0.0, 0.0, 0.0, 0.0, 0.0, 0.0, 0.0, 0.0, 0.0, 0.0, 1.0, 0.0]"
hMpxV/USA/CA-LACPHL-MA00479/2022|EPI_ISL_17211333|2022-12-01,"[0.0, 0.0, 0.0, 0.0, 0.0, 0.0, 0.0, 0.0, 0.0, 0.0, 0.0, 0.0, 0.0, 0.0, 0.0, 0.0, 0.0, 0.0, 0.0, 0.0, 0.0, 0.0, 0.0, 0.0, 0.0, 0.0, 0.0, 0.0, 0.0, 1.0, 0.0]"
hMpxV/Mexico/CHH_InDRE_F390/2023|EPI_ISL_17703605|2023-03-10,"[0.0, 0.0, 0.0, 0.0, 0.0, 0.0, 0.0, 0.0, 0.0, 0.0, 0.0, 0.0, 0.0, 0.0, 0.0, 0.9999999999999999, 0.0, 0.0, 0.0, 0.0, 0.0, 0.0, 0.0, 0.0, 0.0, 0.0, 0.0, 0.0, 0.0, 0.0, 0.0]"
hMpxV/Mexico/CMX_InDRE_F422/2023|EPI_ISL_17703610|2023-03-22,"[0.0, 0.0, 0.0, 0.0, 0.0, 0.0, 0.0, 0.0, 0.0, 0.0, 0.0, 0.0, 0.0, 0.0, 0.0, 1.0, 0.0, 0.0, 0.0, 0.0, 0.0, 0.0, 0.0, 0.0, 0.0, 0.0, 0.0, 0.0, 0.0, 0.0, 0.0]"
NODE_0000334,"[1.1973152889342598e-05, 9.397368570575644e-06, 8.318769520892034e-05, 4.658244580241226e-06, 0.0012061569820800402, 6.032709469259365e-06, 6.847206625524321e-06, 4.506174284550693e-06, 4.524932627320352e-06, 4.609997448335933e-06, 4.517095238136344e-06, 4.6076708127317055e-06, 4.300054451105875e-06, 6.763426329419828e-06, 6.8669491616243634e-06, 6.235392654066715e-05, 9.684999711552584e-06, 4.607670812732871e-06, 4.6076708127318944e-06, 6.482581232257053e-06, 0.6881507899584651, 4.623962266477268e-06, 1.0795249775865914e-05, 4.506424407612382e-06, 5.804118327763239e-06, 6.651469729385759e-06, 3.906973936517761e-06, 6.546726916464826e-06, 4.288243576295541e-06, 0.3103409431324903, 4.457231221121087e-06]"
hMpxV/USA/NY-NYCPHL-001178/2022|EPI_ISL_16955305|2022-11-18,"[0.0, 0.0, 0.0, 0.0, 0.0, 0.0, 0.0, 0.0, 0.0, 0.0, 0.0, 0.0, 0.0, 0.0, 0.0, 0.0, 0.0, 0.0, 0.0, 0.0, 0.0, 0.0, 0.0, 0.0, 0.0, 0.0, 0.0, 0.0, 0.0, 1.0, 0.0]"
hMpxV/Chile/RM-ISP-7201/2023|EPI_ISL_19345367|2023-01-25,"[0.0, 0.0, 0.0, 0.0, 0.9999999999999999, 0.0, 0.0, 0.0, 0.0, 0.0, 0.0, 0.0, 0.0, 0.0, 0.0, 0.0, 0.0, 0.0, 0.0, 0.0, 0.0, 0.0, 0.0, 0.0, 0.0, 0.0, 0.0, 0.0, 0.0, 0.0, 0.0]"
NODE_0000348,"[1.9677241474998713e-06, 6.148411399474822e-07, 1.2583889802696449e-05, 3.2230078308174043e-07, 1.939442694878201e-06, 4.2135390358240426e-07, 4.800198657498458e-07, 3.2193111799321463e-07, 3.2232680789862447e-07, 3.213077590955774e-07, 3.215103839717921e-07, 3.22442107232356e-07, 3.1065446551027646e-07, 4.701936420062304e-07, 7.364011431512817e-07, 1.0384685531057313e-05, 1.2753076603628072e-06, 3.224421072323568e-07, 3.2244210723234234e-07, 4.522515059827683e-07, 0.041507825293071836, 3.1747843334684383e-07, 1.5807316773203218e-06, 3.219593742893683e-07, 5.80839246224834e-07, 6.741657771578994e-07, 2.840690142107316e-07, 6.516827605846418e-07, 3.0775285728246354e-07, 0.958452921238634, 3.2132047752475026e-07]"
hMpxV/USA/CA-LACPHL-MA00394/2022|EPI_ISL_16679206|2022-12-23,"[0.0, 0.0, 0.0, 0.0, 0.0, 0.0, 0.0, 0.0, 0.0, 0.0, 0.0, 0.0, 0.0, 0.0, 0.0, 0.0, 0.0, 0.0, 0.0, 0.0, 0.0, 0.0, 0.0, 0.0, 0.0, 0.0, 0.0, 0.0, 0.0, 1.0, 0.0]"
hMpxV/USA/CA-LACPHL-MA00374/2022|EPI_ISL_16679235|2022-11-23,"[0.0, 0.0, 0.0, 0.0, 0.0, 0.0, 0.0, 0.0, 0.0, 0.0, 0.0, 0.0, 0.0, 0.0, 0.0, 0.0, 0.0, 0.0, 0.0, 0.0, 0.0, 0.0, 0.0, 0.0, 0.0, 0.0, 0.0, 0.0, 0.0, 1.0, 0.0]"
NODE_0000351,"[3.3771268578370885e-09, 8.750191858608327e-10, 1.8574004620727405e-08, 5.481245245473892e-10, 2.373232068662876e-09, 6.684860724803697e-10, 7.262532523676437e-10, 5.489053281168595e-10, 5.496413689306331e-10, 5.464537240518566e-10, 5.479439176484139e-10, 5.487694488216486e-10, 5.286995578702981e-10, 7.053575849034197e-10, 1.1765253835269291e-09, 1.3680188740129226e-08, 2.396109274749224e-09, 5.487694488219001e-10, 5.48769448821396e-10, 6.842704713894798e-10, 2.8260746906546906e-06, 5.390035808387377e-10, 2.6097653573624442e-09, 5.489602299747137e-10, 9.193446695858913e-10, 1.2252379516727232e-09, 4.808634854640391e-10, 1.1810897204861306e-09, 5.240328707897943e-10, 0.9999971151960435, 5.48317571720729e-10]"
hMpxV/USA/CA-LACPHL-MA00467/2023|EPI_ISL_16997411|2023-01-26,"[0.0, 0.0, 0.0, 0.0, 0.0, 0.0, 0.0, 0.0, 0.0, 0.0, 0.0, 0.0, 0.0, 0.0, 0.0, 0.0, 0.0, 0.0, 0.0, 0.0, 0.0, 0.0, 0.0, 0.0, 0.0, 0.0, 0.0, 0.0, 0.0, 1.0, 0.0]"
hMpxV/USA/CA-LACPHL-MA00463/2023|EPI_ISL_16997407|2023-01-26,"[0.0, 0.0, 0.0, 0.0, 0.0, 0.0, 0.0, 0.0, 0.0, 0.0, 0.0, 0.0, 0.0, 0.0, 0.0, 0.0, 0.0, 0.0, 0.0, 0.0, 0.0, 0.0, 0.0, 0.0, 0.0, 0.0, 0.0, 0.0, 0.0, 1.0, 0.0]"
NODE_0000433,"[0.0001891461466841529, 0.00038607641309930244, 0.00041428903953567316, 0.00021554617351704695, 0.0008546999244230886, 0.00027237172314005325, 0.00030223695248443437, 0.00020110887151855144, 0.00020318654387814608, 0.00021194187850509508, 0.0002021592815005187, 0.00021014762758534252, 0.00023330566091763196, 0.8760957153411543, 0.00017105446239723624, 0.000906906274447318, 0.040097244959718524, 0.00021014762758536255, 0.00021014762758534778, 0.0002854915394948457, 0.07416828651863647, 0.0002171705517399141, 0.001102974315802545, 0.0002011162488281089, 0.00023607302144008823, 0.00019819883283807573, 0.0001675668732619066, 0.00028103968084403774, 0.0001888400241527325, 0.00116872976236588, 0.00019708010091858182]"
hMpxV/Netherlands/NH-AUMC-0001/2023|EPI_ISL_17502583|2023-01-05,"[0.0, 0.0, 0.0, 0.0, 0.0, 0.0, 0.0, 0.0, 0.0, 0.0, 0.0, 0.0, 0.0, 0.0, 0.0, 0.0, 0.9999999999999999, 0.0, 0.0, 0.0, 0.0, 0.0, 0.0, 0.0, 0.0, 0.0, 0.0, 0.0, 0.0, 0.0, 0.0]"
hMpxV/Ireland/un-NVRL-Z22IRL00794/2022|EPI_ISL_18308395|2022-12-02,"[0.0, 0.0, 0.0, 0.0, 0.0, 0.0, 0.0, 0.0, 0.0, 0.0, 0.0, 0.0, 0.0, 1.0, 0.0, 0.0, 0.0, 0.0, 0.0, 0.0, 0.0, 0.0, 0.0, 0.0, 0.0, 0.0, 0.0, 0.0, 0.0, 0.0, 0.0]"
NODE_0000434,"[8.362050942158134e-06, 1.4703880305978167e-05, 3.821674031839271e-05, 8.092073523667919e-06, 3.497441068434444e-05, 2.766568126122439e-05, 1.1472778985736923e-05, 7.628933702916166e-06, 7.685496100574497e-06, 7.977789240499134e-06, 7.676053376011966e-06, 7.926030125980573e-06, 7.259933921929929e-06, 1.1533117847815405e-05, 7.464383359304443e-06, 0.9484413260252424, 8.289790302591654e-06, 7.92603012598038e-06, 7.926030125980884e-06, 1.1014359627927794e-05, 0.05108782598309271, 8.127652974040754e-06, 8.317390011586242e-06, 7.628927127062289e-06, 7.083324131268396e-06, 7.607742011108086e-06, 6.755713666359871e-06, 7.630776521588304e-06, 7.312157326416929e-06, 0.00015909399272543665, 7.49475129109156e-06]"
hMpxV/Mexico/HID_InDRE_F5587/2022|EPI_ISL_17703580|2022-12-09,"[0.0, 0.0, 0.0, 0.0, 0.0, 0.0, 0.0, 0.0, 0.0, 0.0, 0.0, 0.0, 0.0, 0.0, 0.0, 1.0, 0.0, 0.0, 0.0, 0.0, 0.0, 0.0, 0.0, 0.0, 0.0, 0.0, 0.0, 0.0, 0.0, 0.0, 0.0]"
hMpxV/Mexico/CMX_InDRE_F420/2023|EPI_ISL_17703609|2023-03-21,"[0.0, 0.0, 0.0, 0.0, 0.0, 0.0, 0.0, 0.0, 0.0, 0.0, 0.0, 0.0, 0.0, 0.0, 0.0, 1.0, 0.0, 0.0, 0.0, 0.0, 0.0, 0.0, 0.0, 0.0, 0.0, 0.0, 0.0, 0.0, 0.0, 0.0, 0.0]"
NODE_0000457,"[5.230882312304971e-09, 1.261382642877664e-08, 4.825343922722561e-08, 5.76877935991092e-09, 0.999672183372899, 7.393013990876773e-09, 8.299375024037309e-09, 5.3994345358137926e-09, 5.449974080745323e-09, 5.666520059118178e-09, 5.428872106588177e-09, 5.632607560528245e-09, 5.061855797142434e-09, 8.322882116366374e-09, 4.779011707437426e-09, 2.6247502086340703e-08, 5.761226508528525e-09, 5.632607560519795e-09, 5.63260756051933e-09, 7.831717538030874e-09, 0.00032756290709144817, 5.764884852855158e-09, 5.441339990872056e-09, 5.399634872702671e-09, 4.111879315552546e-09, 5.311145490316391e-09, 4.5285532570983076e-09, 5.345182386212393e-09, 5.082721846140263e-09, 2.303364115249471e-08, 5.294890767162116e-09]"
hMpxV/Chile/RM-ISP-129697/2022|EPI_ISL_19345324|2022-11-18,"[0.0, 0.0, 0.0, 0.0, 1.0, 0.0, 0.0, 0.0, 0.0, 0.0, 0.0, 0.0, 0.0, 0.0, 0.0, 0.0, 0.0, 0.0, 0.0, 0.0, 0.0, 0.0, 0.0, 0.0, 0.0, 0.0, 0.0, 0.0, 0.0, 0.0, 0.0]"
hMpxV/Chile/RM-ISP-129922/2022|EPI_ISL_19345327|2022-11-19,"[0.0, 0.0, 0.0, 0.0, 0.9999999999999999, 0.0, 0.0, 0.0, 0.0, 0.0, 0.0, 0.0, 0.0, 0.0, 0.0, 0.0, 0.0, 0.0, 0.0, 0.0, 0.0, 0.0, 0.0, 0.0, 0.0, 0.0, 0.0, 0.0, 0.0, 0.0, 0.0]"
NODE_0000464,"[0.00014687926863005525, 0.017361073190977204, 0.0006510661319215028, 0.00015768895876890247, 0.16531243171970758, 0.00020133941830257517, 0.00022525955696427744, 0.0001468196800938812, 0.00014812721206681762, 0.00015484914692368942, 0.00014783284876257328, 0.000153761663584821, 0.00013793458920269825, 0.00022674175101757227, 0.00013266833733808586, 0.000723704992665735, 0.00015767035693028275, 0.00015376166358481227, 0.00015376166358481747, 0.00021391889242183118, 0.8114019552790754, 0.00015816280415258574, 0.00014776207364106619, 0.00014682246296370078, 0.00012070946072206045, 0.00014499418260984683, 0.00012466385188667314, 0.0001457092334077889, 0.0001388049083500965, 0.0006193990459446334, 0.00014372565379633403]"
hMpxV/Chile/RM-ISP-135494/2022|EPI_ISL_19345347|2022-12-09,"[0.0, 0.0, 0.0, 0.0, 1.0, 0.0, 0.0, 0.0, 0.0, 0.0, 0.0, 0.0, 0.0, 0.0, 0.0, 0.0, 0.0, 0.0, 0.0, 0.0, 0.0, 0.0, 0.0, 0.0, 0.0, 0.0, 0.0, 0.0, 0.0, 0.0, 0.0]"
hMpxV/Belgium/ITM-19012023A/2023|EPI_ISL_17261491|2023-01-19,"[0.0, 1.0, 0.0, 0.0, 0.0, 0.0, 0.0, 0.0, 0.0, 0.0, 0.0, 0.0, 0.0, 0.0, 0.0, 0.0, 0.0, 0.0, 0.0, 0.0, 0.0, 0.0, 0.0, 0.0, 0.0, 0.0, 0.0, 0.0, 0.0, 0.0, 0.0]"
NODE_0000319,"[1.258538314642572e-10, 1.9651151208985023e-11, 1.1242358824465631e-09, 1.1059290013621817e-11, 6.621180184708887e-11, 1.4163909077463525e-11, 1.583546646155746e-11, 1.1382784949759322e-11, 1.1362682959181237e-11, 1.1086830308516226e-11, 1.1325228638500918e-11, 1.1188560177160223e-11, 1.0935260528749666e-11, 1.523520336043911e-11, 3.2205980185371954e-11, 6.724948518840572e-10, 7.861139481454934e-11, 1.118856017716538e-11, 1.1188560177155107e-11, 1.4545507958819932e-11, 9.520360025799257e-07, 1.0693981098616023e-11, 9.615265550692573e-11, 1.138456991219896e-11, 2.16453576123643e-11, 3.293264204134313e-11, 9.619327632277706e-12, 3.1418701426443193e-11, 1.072174373734771e-11, 0.9999990454482149, 1.1450839487948471e-11]"
hMpxV/USA/CA-CDPH-1000174/2022|EPI_ISL_16930174|2022-12-23,"[0.0, 0.0, 0.0, 0.0, 0.0, 0.0, 0.0, 0.0, 0.0, 0.0, 0.0, 0.0, 0.0, 0.0, 0.0, 0.0, 0.0, 0.0, 0.0, 0.0, 0.0, 0.0, 0.0, 0.0, 0.0, 0.0, 0.0, 0.0, 0.0, 1.0, 0.0]"
hMpxV/USA/CA-CDPH-1M1000229/2023|EPI_ISL_18460505|2023-03-31,"[0.0, 0.0, 0.0, 0.0, 0.0, 0.0, 0.0, 0.0, 0.0, 0.0, 0.0, 0.0, 0.0, 0.0, 0.0, 0.0, 0.0, 0.0, 0.0, 0.0, 0.0, 0.0, 0.0, 0.0, 0.0, 0.0, 0.0, 0.0, 0.0, 1.0, 0.0]"
hMpxV/USA/CA-CDPH-1MPX1000174/2022|EPI_ISL_17206608|2022-12-23,"[0.0, 0.0, 0.0, 0.0, 0.0, 0.0, 0.0, 0.0, 0.0, 0.0, 0.0, 0.0, 0.0, 0.0, 0.0, 0.0, 0.0, 0.0, 0.0, 0.0, 0.0, 0.0, 0.0, 0.0, 0.0, 0.0, 0.0, 0.0, 0.0, 1.0, 0.0]"
NODE_0000333,"[6.860957867045614e-13, 2.2778732252378578e-12, 3.569443323116263e-11, 1.8864728121351687e-13, 8.921485449713431e-11, 5.239040960140117e-13, 8.57567395803259e-13, 1.8431673583330942e-13, 1.8523207897808153e-13, 1.874192673592625e-13, 1.8455880527853604e-13, 1.8703640694756057e-13, 1.7834998450274665e-13, 8.331226883818719e-13, 6.331921129780273e-13, 2.8877412361614415e-10, 2.3305106627033084e-13, 1.8703640694754378e-13, 1.870364069475566e-13, 8.032101527083277e-13, 0.9999999988385431, 1.8752240386450325e-13, 9.85111211547307e-13, 1.8432302571825227e-13, 5.324000624439148e-13, 1.8394249698425522e-13, 1.749632027633891e-13, 1.8483705655665206e-13, 1.7858189402294468e-13, 7.364612594256373e-10, 1.829671783581044e-13]"
hMpxV/Peru/LIM-INS-340/2022|EPI_ISL_16999084|2022-12-20,"[0.0, 0.0, 0.0, 0.0, 0.0, 0.0, 0.0, 0.0, 0.0, 0.0, 0.0, 0.0, 0.0, 0.0, 0.0, 0.0, 0.0, 0.0, 0.0, 0.0, 1.0, 0.0, 0.0, 0.0, 0.0, 0.0, 0.0, 0.0, 0.0, 0.0, 0.0]"
hMpxV/Peru/LIM-INS-335/2022|EPI_ISL_16999124|2022-12-02,"[0.0, 0.0, 0.0, 0.0, 0.0, 0.0, 0.0, 0.0, 0.0, 0.0, 0.0, 0.0, 0.0, 0.0, 0.0, 0.0, 0.0, 0.0, 0.0, 0.0, 1.0, 0.0, 0.0, 0.0, 0.0, 0.0, 0.0, 0.0, 0.0, 0.0, 0.0]"
hMpxV/Peru/LIM-INS-330/2022|EPI_ISL_16999111|2022-11-30,"[0.0, 0.0, 0.0, 0.0, 0.0, 0.0, 0.0, 0.0, 0.0, 0.0, 0.0, 0.0, 0.0, 0.0, 0.0, 0.0, 0.0, 0.0, 0.0, 0.0, 1.0, 0.0, 0.0, 0.0, 0.0, 0.0, 0.0, 0.0, 0.0, 0.0, 0.0]"
NODE_0000347,"[3.1397103112447104e-06, 2.602830996594685e-06, 0.6874140496740915, 1.293917529330315e-06, 0.26074819672065175, 1.6646214308705027e-06, 2.1515559463782124e-06, 1.2630629535228662e-06, 1.268691370394582e-06, 1.2829336091652225e-06, 1.2622744106454113e-06, 1.2838113693833452e-06, 1.1838759971444332e-06, 1.8451909613299577e-06, 1.0971293422997198e-06, 1.2996742562782506e-05, 1.3041809147269918e-06, 1.2838113693816624e-06, 1.283811369381619e-06, 1.73184409815553e-06, 0.05172332676859625, 1.2554449690207585e-06, 1.3744986117098906e-05, 1.263215856084716e-06, 1.399186533662035e-06, 1.2328783709447293e-06, 1.010236894021031e-06, 1.2492959755846003e-06, 1.1701936102347515e-06, 5.090922568387877e-05, 1.2521761073064818e-06]"
hMpxV/Brazil/RJ-FIOCRUZ-29653/2022|EPI_ISL_16871162|2022-12-11,"[0.0, 0.0, 0.9999999999999999, 0.0, 0.0, 0.0, 0.0, 0.0, 0.0, 0.0, 0.0, 0.0, 0.0, 0.0, 0.0, 0.0, 0.0, 0.0, 0.0, 0.0, 0.0, 0.0, 0.0, 0.0, 0.0, 0.0, 0.0, 0.0, 0.0, 0.0, 0.0]"
hMpxV/Brazil/RJ-FIOCRUZ-29816/2022|EPI_ISL_17614048|2022-12-11,"[0.0, 0.0, 0.9999999999999999, 0.0, 0.0, 0.0, 0.0, 0.0, 0.0, 0.0, 0.0, 0.0, 0.0, 0.0, 0.0, 0.0, 0.0, 0.0, 0.0, 0.0, 0.0, 0.0, 0.0, 0.0, 0.0, 0.0, 0.0, 0.0, 0.0, 0.0, 0.0]"
hMpxV/Chile/CO-ISP-131666/2022|EPI_ISL_19345331|2022-11-24,"[0.0, 0.0, 0.0, 0.0, 0.9999999999999999, 0.0, 0.0, 0.0, 0.0, 0.0, 0.0, 0.0, 0.0, 0.0, 0.0, 0.0, 0.0, 0.0, 0.0, 0.0, 0.0, 0.0, 0.0, 0.0, 0.0, 0.0, 0.0, 0.0, 0.0, 0.0, 0.0]"
NODE_0000371,"[0.0002661076721651091, 0.00011777548141513809, 0.196187553839268, 6.477769561094004e-05, 0.0006134742260855493, 8.301778430079003e-05, 9.934717659063501e-05, 6.372139343309752e-05, 6.394478737450882e-05, 6.450458515015166e-05, 6.374851560599574e-05, 6.44200332369874e-05, 6.123734829669313e-05, 9.221312439204272e-05, 9.315304658364578e-05, 0.0011169744803839242, 0.00012828786020250315, 6.442003323698357e-05, 6.442003323698444e-05, 8.816765258145732e-05, 0.532702742009239, 6.404163835495419e-05, 0.0004620011828258284, 6.372533419707064e-05, 0.00010473302381465176, 9.058911408811242e-05, 5.638176215959359e-05, 8.938582799368708e-05, 6.0973809909615096e-05, 0.266780813234922, 6.334629334443225e-05]"
hMpxV/USA/CA-LACPHL-MA00410/2023|EPI_ISL_16997460|2023-01-03,"[0.0, 0.0, 0.0, 0.0, 0.0, 0.0, 0.0, 0.0, 0.0, 0.0, 0.0, 0.0, 0.0, 0.0, 0.0, 0.0, 0.0, 0.0, 0.0, 0.0, 0.0, 0.0, 0.0, 0.0, 0.0, 0.0, 0.0, 0.0, 0.0, 1.0, 0.0]"
NODE_0000372,"[6.048553794015212e-07, 2.441389801569613e-07, 0.9994837042850483, 1.60333069474042e-07, 2.0185068993641373e-06, 1.8935741644081447e-07, 2.3593774566031653e-07, 1.5758308572581722e-07, 1.5813638735898316e-07, 1.5928492165980036e-07, 1.575633512428364e-07, 1.594337798190065e-07, 1.5036627389431766e-07, 2.01942795067023e-07, 1.5651880482996468e-07, 1.4931753483231792e-06, 2.182549489252024e-07, 1.5943377981890178e-07, 1.5943377981893386e-07, 1.9317712039343608e-07, 0.00037611438918688794, 1.5726587573082908e-07, 2.292710690805758e-06, 1.5759652662475592e-07, 2.283108395307988e-07, 1.827513950667943e-07, 1.346005462214439e-07, 1.8265612029342135e-07, 1.4931095747566547e-07, 0.00012956210392822654, 1.565850174438862e-07]"
hMpxV/Brazil/RJ-FIOCRUZ-29820/2022|EPI_ISL_17614032|2022-12-27,"[0.0, 0.0, 0.9999999999999999, 0.0, 0.0, 0.0, 0.0, 0.0, 0.0, 0.0, 0.0, 0.0, 0.0, 0.0, 0.0, 0.0, 0.0, 0.0, 0.0, 0.0, 0.0, 0.0, 0.0, 0.0, 0.0, 0.0, 0.0, 0.0, 0.0, 0.0, 0.0]"
hMpxV/Brazil/RJ-FIOCRUZ-3014/2023|EPI_ISL_17485343|2023-01-02,"[0.0, 0.0, 1.0, 0.0, 0.0, 0.0, 0.0, 0.0, 0.0, 0.0, 0.0, 0.0, 0.0, 0.0, 0.0, 0.0, 0.0, 0.0, 0.0, 0.0, 0.0, 0.0, 0.0, 0.0, 0.0, 0.0, 0.0, 0.0, 0.0, 0.0, 0.0]"
NODE_0000390,"[1.747376867373115e-05, 0.9965370539556635, 3.433328480202472e-05, 2.0644731491654966e-05, 7.974996163963737e-05, 2.5111316971438958e-05, 2.7025650794910308e-05, 1.914769510149228e-05, 1.934684727174758e-05, 2.0261717251766055e-05, 1.928683188118544e-05, 2.0089506291996917e-05, 1.7895760059811144e-05, 2.7254682695868855e-05, 1.5238842027111572e-05, 7.177495138764219e-05, 2.0788154188812137e-05, 2.0089506291995985e-05, 2.008950629199761e-05, 2.562152035386211e-05, 0.0027283386562171378, 2.0728795926956984e-05, 1.7108953583888972e-05, 1.91481264519568e-05, 1.3843729072135887e-05, 1.9053117850586537e-05, 1.6116799832822203e-05, 1.914655843891853e-05, 1.8050502302572642e-05, 5.145618321558818e-05, 1.8730385975381632e-05]"
hMpxV/Belgium/ITM-02022023G/2023|EPI_ISL_17260709|2023-02-02,"[0.0, 1.0, 0.0, 0.0, 0.0, 0.0, 0.0, 0.0, 0.0, 0.0, 0.0, 0.0, 0.0, 0.0, 0.0, 0.0, 0.0, 0.0, 0.0, 0.0, 0.0, 0.0, 0.0, 0.0, 0.0, 0.0, 0.0, 0.0, 0.0, 0.0, 0.0]"
NODE_0000391,"[1.200193115642373e-09, 0.9999998023757466, 1.7085418843602914e-09, 1.9426132277883584e-09, 5.0340887350851105e-09, 2.144164000177571e-09, 2.217075708875896e-09, 1.790154421892012e-09, 1.8100237158422945e-09, 1.8994381598242658e-09, 1.8025734269291508e-09, 1.8865614773183372e-09, 1.6426863139368228e-09, 2.2258147271764893e-09, 1.0881712504281606e-09, 3.7972555379075835e-09, 1.8589886296514336e-09, 1.886561477315657e-09, 1.8865614773205814e-09, 2.06048834483636e-09, 1.4167078008862034e-07, 1.931747271736265e-09, 1.218750145409483e-09, 1.7902683969085996e-09, 8.83333543901505e-10, 1.7584104477042633e-09, 1.3963857740168196e-09, 1.7745913888709005e-09, 1.6487552801205366e-09, 1.9219625767154e-09, 1.7473130212838028e-09]"
hMpxV/Belgium/ITM-02022023A/2023|EPI_ISL_17261959|2023-02-02,"[0.0, 1.0, 0.0, 0.0, 0.0, 0.0, 0.0, 0.0, 0.0, 0.0, 0.0, 0.0, 0.0, 0.0, 0.0, 0.0, 0.0, 0.0, 0.0, 0.0, 0.0, 0.0, 0.0, 0.0, 0.0, 0.0, 0.0, 0.0, 0.0, 0.0, 0.0]"
hMpxV/Belgium/ITM-26012023A/2023|EPI_ISL_17260600|2023-01-26,"[0.0, 1.0, 0.0, 0.0, 0.0, 0.0, 0.0, 0.0, 0.0, 0.0, 0.0, 0.0, 0.0, 0.0, 0.0, 0.0, 0.0, 0.0, 0.0, 0.0, 0.0, 0.0, 0.0, 0.0, 0.0, 0.0, 0.0, 0.0, 0.0, 0.0, 0.0]"
NODE_0000448,"[6.112753286136181e-09, 1.4098090826914132e-08, 1.0486268005601037e-07, 2.4247924640156654e-09, 1.9987893935348392e-07, 4.9994666088675545e-09, 6.980689153082251e-09, 2.326632844165736e-09, 2.343472592090243e-09, 2.404299204262527e-09, 2.3365931917222194e-09, 2.3870743880183764e-09, 2.2571596328606824e-09, 6.935606961939993e-09, 5.235362344524808e-09, 4.620011014915636e-07, 2.860009095070212e-09, 2.387074388018266e-09, 2.387074388018355e-09, 6.7130730536252774e-09, 0.9999981038953873, 2.448126106294539e-09, 7.065879195635052e-09, 2.3265988609619628e-09, 5.128504357102617e-09, 2.348048409222781e-09, 2.260079048827739e-09, 2.3490475291232632e-09, 2.2802343805339155e-09, 1.0256670138950157e-06, 2.2991351248211152e-09]"
hMpxV/Peru/LIM-INS-429/2023|EPI_ISL_19343466|2023-01-21,"[0.0, 0.0, 0.0, 0.0, 0.0, 0.0, 0.0, 0.0, 0.0, 0.0, 0.0, 0.0, 0.0, 0.0, 0.0, 0.0, 0.0, 0.0, 0.0, 0.0, 1.0, 0.0, 0.0, 0.0, 0.0, 0.0, 0.0, 0.0, 0.0, 0.0, 0.0]"
NODE_0000449,"[5.4260323763470426e-11, 1.3770416627752464e-10, 1.1106989298630467e-09, 2.0113470059191903e-11, 2.2564143388719274e-09, 4.410030552836781e-11, 6.460184049567032e-11, 1.9345658528580115e-11, 1.9466971167712867e-11, 1.9931636864713878e-11, 1.9413499074214494e-11, 1.9827338982037954e-11, 1.8771967556309514e-11, 6.398703127211178e-11, 4.868599743068201e-11, 5.389873337952766e-09, 2.340859089383302e-11, 1.9827338982035226e-11, 1.9827338982036713e-11, 6.183322462362212e-11, 0.999999978504029, 2.023736193970652e-11, 6.594291752670094e-11, 1.9345568795146793e-11, 4.5838231317812084e-11, 1.92843206696538e-11, 1.859718086133335e-11, 1.9317647480186126e-11, 1.8891393414124524e-11, 1.1817298534440247e-08, 1.9124327761045653e-11]"
hMpxV/Peru/LIM-INS-379/2023|EPI_ISL_19343478|2023-01-23,"[0.0, 0.0, 0.0, 0.0, 0.0, 0.0, 0.0, 0.0, 0.0, 0.0, 0.0, 0.0, 0.0, 0.0, 0.0, 0.0, 0.0, 0.0, 0.0, 0.0, 0.9999999999999999, 0.0, 0.0, 0.0, 0.0, 0.0, 0.0, 0.0, 0.0, 0.0, 0.0]"
hMpxV/Peru/CAL-INS-367/2023|EPI_ISL_19343513|2023-01-20,"[0.0, 0.0, 0.0, 0.0, 0.0, 0.0, 0.0, 0.0, 0.0, 0.0, 0.0, 0.0, 0.0, 0.0, 0.0, 0.0, 0.0, 0.0, 0.0, 0.0, 0.9999999999999999, 0.0, 0.0, 0.0, 0.0, 0.0, 0.0, 0.0, 0.0, 0.0, 0.0]"
NODE_0000450,"[0.00041938145862159695, 0.0007897215746649089, 0.0012953212143019847, 0.000451251816730992, 0.0017685771448849583, 0.2363788802819664, 0.0006230913728496564, 0.00042227688114353934, 0.00042603275345454465, 0.00044378364061103373, 0.00042498392597846907, 0.0004406659416041098, 0.0003976966441116891, 0.0006265403281342892, 0.00037347407857898283, 0.3745316546557078, 0.00045693548315744103, 0.00044066594160411886, 0.00044066594160411724, 0.0005928071691652907, 0.37134551526888504, 0.00045246301744436866, 0.0004199160944530142, 0.00042228457057650383, 0.00034026119918635324, 0.0004195771886019066, 0.000362021942201754, 0.000421503142253635, 0.00040044853152803396, 0.0032575610213201314, 0.00041403977467341385]"
hMpxV/Mexico/VER_InDRE_F158/2023|EPI_ISL_17672246|2023-01-23,"[0.0, 0.0, 0.0, 0.0, 0.0, 0.0, 0.0, 0.0, 0.0, 0.0, 0.0, 0.0, 0.0, 0.0, 0.0, 0.9999999999999999, 0.0, 0.0, 0.0, 0.0, 0.0, 0.0, 0.0, 0.0, 0.0, 0.0, 0.0, 0.0, 0.0, 0.0, 0.0]"
NODE_0000451,"[3.599268729607053e-07, 7.376472637834042e-07, 7.089812895926863e-07, 5.005431187782823e-07, 1.3783957934046769e-06, 0.9997925115987479, 6.169772627999429e-07, 4.6444678579572175e-07, 4.6921951454616695e-07, 4.904064978247839e-07, 4.673813947095956e-07, 4.872773845201368e-07, 4.301582113767309e-07, 6.19483034975636e-07, 3.265135056513043e-07, 0.00011988936030765435, 4.874733946304657e-07, 4.872773845203498e-07, 4.872773845203248e-07, 5.778168062009164e-07, 7.263870110152881e-05, 4.987548269264784e-07, 3.674911788317419e-07, 4.6447058366264984e-07, 2.7279569597043533e-07, 4.572663874205499e-07, 3.7355273777082373e-07, 4.6086954964579484e-07, 4.3182403084469653e-07, 1.081854337169811e-06, 4.542576142497747e-07]"
hMpxV/Dominican_Republic/LNSPDD-270/2022|EPI_ISL_17960865|2022-12-28,"[0.0, 0.0, 0.0, 0.0, 0.0, 1.0, 0.0, 0.0, 0.0, 0.0, 0.0, 0.0, 0.0, 0.0, 0.0, 0.0, 0.0, 0.0, 0.0, 0.0, 0.0, 0.0, 0.0, 0.0, 0.0, 0.0, 0.0, 0.0, 0.0, 0.0, 0.0]"
hMpxV/Dominican_Republic/LNSPDD-271/2023|EPI_ISL_17960866|2023-01-04,"[0.0, 0.0, 0.0, 0.0, 0.0, 1.0, 0.0, 0.0, 0.0, 0.0, 0.0, 0.0, 0.0, 0.0, 0.0, 0.0, 0.0, 0.0, 0.0, 0.0, 0.0, 0.0, 0.0, 0.0, 0.0, 0.0, 0.0, 0.0, 0.0, 0.0, 0.0]"
NODE_0000455,"[2.2708268897687435e-13, 7.255073523341832e-13, 1.1050248491419867e-11, 6.413363066996459e-14, 2.6952493808484776e-11, 1.7379975505269465e-13, 2.790753151639602e-13, 6.260044698078801e-14, 6.293483006936978e-14, 6.373087407928998e-14, 6.270157975108392e-14, 6.355176219990976e-14, 6.056947424586869e-14, 2.714590969798379e-13, 2.056691342345735e-13, 8.652049603838206e-11, 7.963850848563108e-14, 6.355176219988149e-14, 6.355176219990013e-14, 2.618755474115551e-13, 0.9999999996489939, 6.383827313470741e-14, 3.1959225859707697e-13, 6.260234604053826e-14, 1.7570212070033331e-13, 6.277877216780717e-14, 5.96606592600165e-14, 6.305152989010511e-14, 6.073768804388916e-14, 2.2276131613493637e-10, 6.213212501238645e-14]"
hMpxV/Peru/LIM-INS-369/2023|EPI_ISL_19343510|2023-01-04,"[0.0, 0.0, 0.0, 0.0, 0.0, 0.0, 0.0, 0.0, 0.0, 0.0, 0.0, 0.0, 0.0, 0.0, 0.0, 0.0, 0.0, 0.0, 0.0, 0.0, 1.0, 0.0, 0.0, 0.0, 0.0, 0.0, 0.0, 0.0, 0.0, 0.0, 0.0]"
hMpxV/Peru/LIM-INS-386/2023|EPI_ISL_19343504|2023-01-06,"[0.0, 0.0, 0.0, 0.0, 0.0, 0.0, 0.0, 0.0, 0.0, 0.0, 0.0, 0.0, 0.0, 0.0, 0.0, 0.0, 0.0, 0.0, 0.0, 0.0, 1.0, 0.0, 0.0, 0.0, 0.0, 0.0, 0.0, 0.0, 0.0, 0.0, 0.0]"
hMpxV/Peru/CAL-INS-370/2023|EPI_ISL_19343517|2023-01-18,"[0.0, 0.0, 0.0, 0.0, 0.0, 0.0, 0.0, 0.0, 0.0, 0.0, 0.0, 0.0, 0.0, 0.0, 0.0, 0.0, 0.0, 0.0, 0.0, 0.0, 1.0, 0.0, 0.0, 0.0, 0.0, 0.0, 0.0, 0.0, 0.0, 0.0, 0.0]"
NODE_0000456,"[5.914167045431e-11, 1.2062800330559983e-10, 4.834077858361045e-09, 6.585678472999754e-11, 2.7666533824501175e-10, 8.413707977489217e-11, 9.446339837341522e-11, 6.359166550019808e-11, 6.427278240255513e-11, 2.1373654109480355e-10, 6.34352030806388e-11, 6.486752634825162e-11, 6.00681139667224e-11, 1.3882192440781184e-09, 5.707804574671348e-11, 3.025648460894494e-10, 1.0497097459351396e-09, 6.486752634832875e-11, 6.486752634829953e-11, 2.241622263770574e-10, 1.2058045941390861e-07, 6.507937613901654e-11, 0.9999998478283536, 6.359642252269001e-11, 2.0491399934044773e-08, 6.194093489738576e-11, 5.3085564914979546e-11, 6.262275802008205e-11, 5.958921558572511e-11, 1.4544657435802562e-09, 6.299596088212474e-11]"
hMpxV/Portugal/INSA-PT0596/2022|EPI_ISL_18545153|2022-11-29,"[0.0, 0.0, 0.0, 0.0, 0.0, 0.0, 0.0, 0.0, 0.0, 0.0, 0.0, 0.0, 0.0, 0.0, 0.0, 0.0, 0.0, 0.0, 0.0, 0.0, 0.0, 0.0, 1.0, 0.0, 0.0, 0.0, 0.0, 0.0, 0.0, 0.0, 0.0]"
hMpxV/Portugal/INSA-PT0607/2022|EPI_ISL_18545144|2022-12-07,"[0.0, 0.0, 0.0, 0.0, 0.0, 0.0, 0.0, 0.0, 0.0, 0.0, 0.0, 0.0, 0.0, 0.0, 0.0, 0.0, 0.0, 0.0, 0.0, 0.0, 0.0, 0.0, 0.9999999999999999, 0.0, 0.0, 0.0, 0.0, 0.0, 0.0, 0.0, 0.0]"
hMpxV/Portugal/INSA-PT0598/2022|EPI_ISL_18544953|2022-11-25,"[0.0, 0.0, 0.0, 0.0, 0.0, 0.0, 0.0, 0.0, 0.0, 0.0, 0.0, 0.0, 0.0, 0.0, 0.0, 0.0, 0.0, 0.0, 0.0, 0.0, 0.0, 0.0, 1.0, 0.0, 0.0, 0.0, 0.0, 0.0, 0.0, 0.0, 0.0]"
NODE_0000325,"[3.3655077487823736e-09, 8.219898812407374e-09, 6.385355948212217e-08, 1.2826188680066275e-09, 1.2628185120347675e-07, 2.7430010120047647e-09, 3.940597204359955e-09, 1.2325211557719374e-09, 1.24076693149919e-09, 1.2713652439178213e-09, 1.237247848686368e-09, 1.263684552639851e-09, 1.1958259412814811e-09, 3.907647941717537e-09, 2.963136620269313e-09, 2.9561158638850926e-07, 1.5020203003091059e-09, 1.2636845526398004e-09, 1.263684552639843e-09, 3.7788756103391666e-09, 0.9999988101956572, 1.2923362099633232e-09, 4.008333782281697e-09, 1.232510004580442e-09, 2.8347446881574214e-09, 1.2351098342061118e-09, 1.1903959441743248e-09, 1.2365763342135425e-09, 1.2054720274133125e-09, 6.469315196173166e-07, 1.2182621983722196e-09]"
hMpxV/Peru/LAL-INS-281/2022|EPI_ISL_16999073|2022-12-06,"[0.0, 0.0, 0.0, 0.0, 0.0, 0.0, 0.0, 0.0, 0.0, 0.0, 0.0, 0.0, 0.0, 0.0, 0.0, 0.0, 0.0, 0.0, 0.0, 0.0, 0.9999999999999999, 0.0, 0.0, 0.0, 0.0, 0.0, 0.0, 0.0, 0.0, 0.0, 0.0]"
NODE_0000326,"[1.6701176541612435e-13, 5.601868746326647e-13, 8.848259086398645e-12, 4.5592478649152617e-14, 2.226279265636898e-11, 1.274497986183653e-13, 2.0970674688008924e-13, 4.4556777675894384e-14, 4.477324071737317e-14, 4.5292459996771875e-14, 4.461153228298859e-14, 4.520963845114211e-14, 4.311563757365681e-14, 2.0366623780309546e-13, 1.549317808497494e-13, 7.22840470722759e-11, 5.623358490207957e-14, 4.5209638451122257e-14, 4.520963845113556e-14, 1.9631745280129835e-13, 0.9999999997098077, 4.5303870787103384e-14, 2.410809039509e-13, 4.4558346788037634e-14, 1.297148563616637e-13, 4.44045861351349e-14, 4.224571509913855e-14, 4.462685696270763e-14, 4.315310199019788e-14, 1.8403876331733216e-10, 4.4232113889814234e-14]"
hMpxV/Peru/LAL-INS-348/2022|EPI_ISL_16999070|2022-12-23,"[0.0, 0.0, 0.0, 0.0, 0.0, 0.0, 0.0, 0.0, 0.0, 0.0, 0.0, 0.0, 0.0, 0.0, 0.0, 0.0, 0.0, 0.0, 0.0, 0.0, 1.0, 0.0, 0.0, 0.0, 0.0, 0.0, 0.0, 0.0, 0.0, 0.0, 0.0]"
hMpxV/Peru/LAL-INS-333/2022|EPI_ISL_16999069|2022-12-10,"[0.0, 0.0, 0.0, 0.0, 0.0, 0.0, 0.0, 0.0, 0.0, 0.0, 0.0, 0.0, 0.0, 0.0, 0.0, 0.0, 0.0, 0.0, 0.0, 0.0, 0.9999999999999999, 0.0, 0.0, 0.0, 0.0, 0.0, 0.0, 0.0, 0.0, 0.0, 0.0]"
hMpxV/Peru/LAL-INS-337/2022|EPI_ISL_16999071|2022-12-19,"[0.0, 0.0, 0.0, 0.0, 0.0, 0.0, 0.0, 0.0, 0.0, 0.0, 0.0, 0.0, 0.0, 0.0, 0.0, 0.0, 0.0, 0.0, 0.0, 0.0, 1.0, 0.0, 0.0, 0.0, 0.0, 0.0, 0.0, 0.0, 0.0, 0.0, 0.0]"
NODE_0000452,"[0.00028384721747539603, 0.0001518572486894466, 0.0012092173239037867, 8.749608513863706e-05, 0.00041074823669267084, 0.0001104653973060577, 0.00012103663654239557, 8.475777200623225e-05, 8.526580526113812e-05, 8.700729794147417e-05, 8.504122019162707e-05, 8.644394634059124e-05, 8.231673635434451e-05, 0.0001228251006554286, 0.00013714455046337295, 0.001196519224239986, 0.00020509840820067356, 8.644394634059157e-05, 8.644394634059069e-05, 0.00011740884751924501, 0.1394386666586849, 8.83109888731657e-05, 0.00021941282077288604, 8.475809122944238e-05, 0.0001366513595361369, 0.00013097305682181984, 7.972748543400283e-05, 0.0001282231845194199, 8.270705282388789e-05, 0.8546892195012642, 8.39648524365401e-05]"
NODE_0000453,"[0.00047387658302863565, 0.0002318355108480931, 0.0007756687045760585, 0.00023225352553541458, 0.0002587620657795906, 0.0002328244486513123, 0.00022955241425610487, 0.0002223173160194928, 0.00022398811595908372, 0.00023048260319063734, 0.00022293726641228024, 0.00022848788382558117, 0.00025536463673907466, 0.00039465844326965475, 0.00023741336054542033, 0.0005310785230177539, 0.01817900526313226, 0.00022848788382558632, 0.0002284878838255779, 0.00022214983363372798, 0.0013250990643696977, 0.00023535132423593087, 0.0006963480071476851, 0.00022232259670171116, 0.0003372241247210571, 0.00034087499017621496, 0.00019608347704206029, 0.00044772935013252183, 0.00021317332419425408, 0.9719266746868406, 0.00021948678836684386]"
hMpxV/USA/WA-UW-288850/2024|EPI_ISL_19131278|2024-04-18,"[0.0, 0.0, 0.0, 0.0, 0.0, 0.0, 0.0, 0.0, 0.0, 0.0, 0.0, 0.0, 0.0, 0.0, 0.0, 0.0, 0.0, 0.0, 0.0, 0.0, 0.0, 0.0, 0.0, 0.0, 0.0, 0.0, 0.0, 0.0, 0.0, 1.0, 0.0]"
hMpxV/Netherlands/un-EMC-NL109/2024|EPI_ISL_19356930|2024-07-02,"[0.0, 0.0, 0.0, 0.0, 0.0, 0.0, 0.0, 0.0, 0.0, 0.0, 0.0, 0.0, 0.0, 0.0, 0.0, 0.0, 1.0, 0.0, 0.0, 0.0, 0.0, 0.0, 0.0, 0.0, 0.0, 0.0, 0.0, 0.0, 0.0, 0.0, 0.0]"
NODE_0000454,"[2.1040508177227354e-07, 5.220580964530199e-08, 1.3349088234406139e-06, 3.0785068242875285e-08, 1.5419871258493348e-07, 3.857899606033156e-08, 4.245320534059359e-08, 3.094380734216381e-08, 3.098093807759344e-08, 3.0741885166302106e-08, 3.087698372935879e-08, 3.085874393093609e-08, 2.984338159555678e-08, 4.1550190477090314e-08, 6.949689716928464e-08, 9.573769371389003e-07, 1.4361135065080117e-07, 3.0858743930938436e-08, 3.085874393093486e-08, 3.984495235505202e-08, 0.00035572574256708534, 3.02438520057167e-08, 1.614864736758958e-07, 3.094704470139686e-08, 5.404268033762103e-08, 7.051785042597449e-08, 2.7103526898809143e-08, 6.799106018240024e-08, 2.9512877211150174e-08, 0.9996404100903379, 3.094247702278463e-08]"
hMpxV/USA/CA-CDPH-1M1000245/2023|EPI_ISL_18458964|2023-01-10,"[0.0, 0.0, 0.0, 0.0, 0.0, 0.0, 0.0, 0.0, 0.0, 0.0, 0.0, 0.0, 0.0, 0.0, 0.0, 0.0, 0.0, 0.0, 0.0, 0.0, 0.0, 0.0, 0.0, 0.0, 0.0, 0.0, 0.0, 0.0, 0.0, 1.0, 0.0]"
hMpxV/USA/CA-LACPHL-MA00478/2023|EPI_ISL_17211332|2023-01-08,"[0.0, 0.0, 0.0, 0.0, 0.0, 0.0, 0.0, 0.0, 0.0, 0.0, 0.0, 0.0, 0.0, 0.0, 0.0, 0.0, 0.0, 0.0, 0.0, 0.0, 0.0, 0.0, 0.0, 0.0, 0.0, 0.0, 0.0, 0.0, 0.0, 1.0, 0.0]"
NODE_0000349,"[8.594185716357228e-06, 2.909608254877484e-06, 4.7164500597274236e-05, 1.6836110418761192e-06, 8.499426405167817e-06, 2.1269206102968867e-06, 2.33681430265475e-06, 1.6660296696009698e-06, 1.6714126472737528e-06, 1.679696845020527e-06, 1.6673641927109688e-06, 1.6773321549224875e-06, 1.6108957847906304e-06, 2.326368918347158e-06, 3.2636155171257427e-06, 3.8795356288087416e-05, 5.8385991476456855e-06, 1.6773321549225516e-06, 1.6773321549224347e-06, 2.224395066777321e-06, 0.009534368144727636, 1.6746563037850708e-06, 6.565849301528118e-06, 1.666114891138612e-06, 2.841328262634301e-06, 3.241019324114533e-06, 1.5154263860202142e-06, 3.138077656623437e-06, 1.6074412552108776e-06, 0.9903026317937405, 1.6593506803478972e-06]"
hMpxV/USA/CA-LACPHL-MA00491/2023|EPI_ISL_18161268|2023-04-10,"[0.0, 0.0, 0.0, 0.0, 0.0, 0.0, 0.0, 0.0, 0.0, 0.0, 0.0, 0.0, 0.0, 0.0, 0.0, 0.0, 0.0, 0.0, 0.0, 0.0, 0.0, 0.0, 0.0, 0.0, 0.0, 0.0, 0.0, 0.0, 0.0, 1.0, 0.0]"
NODE_0000350,"[1.6360966823257502e-12, 9.977688275137052e-14, 2.7578057878699343e-11, 5.602801794866452e-14, 4.1608415683705414e-13, 7.274959083411179e-14, 8.114531431415203e-14, 6.00583481124776e-14, 5.971523367999139e-14, 5.672428727534322e-14, 5.949486528228886e-14, 5.754168937584469e-14, 5.749706651786378e-14, 7.75948242739025e-14, 2.3544990634966084e-13, 1.0392209054702203e-11, 8.910747550882893e-13, 5.754168937588175e-14, 5.754168937585181e-14, 7.197312420001485e-14, 8.46732750055436e-08, 5.299419008677872e-14, 1.1409189022311132e-12, 6.007234013158178e-14, 1.3105601233601843e-13, 2.6763541524556077e-13, 4.852300136700052e-14, 2.5055799655417873e-13, 5.560400046863495e-14, 0.9999999152825821, 6.106431582814074e-14]"
hMpxV/USA/CA-LACPHL-MA00398/2023|EPI_ISL_16679240|2023-01-03,"[0.0, 0.0, 0.0, 0.0, 0.0, 0.0, 0.0, 0.0, 0.0, 0.0, 0.0, 0.0, 0.0, 0.0, 0.0, 0.0, 0.0, 0.0, 0.0, 0.0, 0.0, 0.0, 0.0, 0.0, 0.0, 0.0, 0.0, 0.0, 0.0, 1.0, 0.0]"
hMpxV/USA/CA-LACPHL-MA00396/2023|EPI_ISL_16679238|2023-01-03,"[0.0, 0.0, 0.0, 0.0, 0.0, 0.0, 0.0, 0.0, 0.0, 0.0, 0.0, 0.0, 0.0, 0.0, 0.0, 0.0, 0.0, 0.0, 0.0, 0.0, 0.0, 0.0, 0.0, 0.0, 0.0, 0.0, 0.0, 0.0, 0.0, 1.0, 0.0]"
hMpxV/USA/CA-LACPHL-MA00514/2023|EPI_ISL_18161291|2023-05-04,"[0.0, 0.0, 0.0, 0.0, 0.0, 0.0, 0.0, 0.0, 0.0, 0.0, 0.0, 0.0, 0.0, 0.0, 0.0, 0.0, 0.0, 0.0, 0.0, 0.0, 0.0, 0.0, 0.0, 0.0, 0.0, 0.0, 0.0, 0.0, 0.0, 1.0, 0.0]"
hMpxV/USA/CA-LACPHL-MA00512/2023|EPI_ISL_18161289|2023-05-04,"[0.0, 0.0, 0.0, 0.0, 0.0, 0.0, 0.0, 0.0, 0.0, 0.0, 0.0, 0.0, 0.0, 0.0, 0.0, 0.0, 0.0, 0.0, 0.0, 0.0, 0.0, 0.0, 0.0, 0.0, 0.0, 0.0, 0.0, 0.0, 0.0, 1.0, 0.0]"
NODE_0000352,"[5.729832689871224e-12, 3.657174844718304e-13, 7.900413556829703e-11, 2.1678254273256842e-13, 1.339625243357492e-12, 2.729006187992046e-13, 3.0408671672028764e-13, 2.3268954179354895e-13, 2.310711251241903e-13, 2.1846129660995137e-13, 2.3009984538540075e-13, 2.2292572686131682e-13, 2.2188859962042018e-13, 2.817628504066625e-13, 9.38749198267946e-13, 3.218539625059173e-11, 3.423586805326885e-12, 2.2292572686137147e-13, 2.229257268612609e-13, 2.692000813412587e-13, 1.3580774967132272e-07, 2.0343763885699968e-13, 4.304571087277343e-12, 2.32752478877178e-13, 4.804636282736435e-13, 1.0506291513559975e-12, 1.8187479382035804e-13, 9.856326032262027e-13, 2.1372095997173268e-13, 0.9999998640582257, 2.3659870488257445e-13]"
hMpxV/USA/CA-LACPHL-MA00462/2023|EPI_ISL_16997413|2023-01-30,"[0.0, 0.0, 0.0, 0.0, 0.0, 0.0, 0.0, 0.0, 0.0, 0.0, 0.0, 0.0, 0.0, 0.0, 0.0, 0.0, 0.0, 0.0, 0.0, 0.0, 0.0, 0.0, 0.0, 0.0, 0.0, 0.0, 0.0, 0.0, 0.0, 0.9999999999999999, 0.0]"
hMpxV/USA/CA-LACPHL-MA00409/2023|EPI_ISL_16997443|2023-01-17,"[0.0, 0.0, 0.0, 0.0, 0.0, 0.0, 0.0, 0.0, 0.0, 0.0, 0.0, 0.0, 0.0, 0.0, 0.0, 0.0, 0.0, 0.0, 0.0, 0.0, 0.0, 0.0, 0.0, 0.0, 0.0, 0.0, 0.0, 0.0, 0.0, 0.9999999999999999, 0.0]"
hMpxV/USA/CA-CDPH-11000300/2023|EPI_ISL_18325003|2023-01-30,"[0.0, 0.0, 0.0, 0.0, 0.0, 0.0, 0.0, 0.0, 0.0, 0.0, 0.0, 0.0, 0.0, 0.0, 0.0, 0.0, 0.0, 0.0, 0.0, 0.0, 0.0, 0.0, 0.0, 0.0, 0.0, 0.0, 0.0, 0.0, 0.0, 0.9999999999999999, 0.0]"
NODE_0000353,"[1.5375301963160283e-10, 1.5866427036394588e-11, 5.662946242907555e-10, 1.5743262278394367e-11, 2.2040405127548876e-11, 1.5868895023588863e-11, 1.6000430552370365e-11, 1.608699071561119e-11, 1.605553436467053e-11, 1.5735207102845667e-11, 1.6012425292681302e-11, 1.5892775369403134e-11, 1.5461788165262956e-11, 1.5450500472543543e-11, 3.6586910049446815e-11, 1.9093054556366758e-10, 1.223542463856631e-10, 1.589277536941056e-11, 1.589277536939588e-11, 1.489998590715231e-11, 7.071872643631608e-09, 1.5282815190400825e-11, 1.016178937667842e-10, 1.608941571380029e-11, 2.5410326885767667e-11, 5.068101575266789e-11, 1.3419275508855971e-11, 4.8076898916865715e-11, 1.515784993365475e-11, 0.9999999913134237, 1.6148843634358538e-11]"
hMpxV/USA/CA-LACPHL-MA00471/2023|EPI_ISL_17211325|2023-02-13,"[0.0, 0.0, 0.0, 0.0, 0.0, 0.0, 0.0, 0.0, 0.0, 0.0, 0.0, 0.0, 0.0, 0.0, 0.0, 0.0, 0.0, 0.0, 0.0, 0.0, 0.0, 0.0, 0.0, 0.0, 0.0, 0.0, 0.0, 0.0, 0.0, 1.0, 0.0]"
hMpxV/USA/CA-LACPHL-MA00470/2023|EPI_ISL_17211324|2023-02-13,"[0.0, 0.0, 0.0, 0.0, 0.0, 0.0, 0.0, 0.0, 0.0, 0.0, 0.0, 0.0, 0.0, 0.0, 0.0, 0.0, 0.0, 0.0, 0.0, 0.0, 0.0, 0.0, 0.0, 0.0, 0.0, 0.0, 0.0, 0.0, 0.0, 1.0, 0.0]"
NODE_0000465,"[2.8258788076001692e-06, 5.035090434107652e-06, 1.3184068881224656e-05, 2.706371035339546e-06, 1.2164223799162742e-05, 9.299350462795649e-06, 3.8998043338164956e-06, 2.552280693464304e-06, 2.5708766439132463e-06, 2.6678566631727307e-06, 2.5676958115720523e-06, 2.651303654183674e-06, 2.4291934470346987e-06, 3.919226210947145e-06, 2.540666613789122e-06, 0.9578960304041364, 2.765039785349593e-06, 2.6513036541837137e-06, 2.65130365418423e-06, 3.742066781429682e-06, 0.04194319736222513, 2.7171601628997304e-06, 2.8300739504437635e-06, 2.55228101861556e-06, 2.3971454702208692e-06, 2.539661815342416e-06, 2.2571450844540745e-06, 2.5478196160937246e-06, 2.445188803767839e-06, 5.5154628360273435e-05, 2.5075279888462376e-06]"
hMpxV/Mexico/TLA_InDRE_F448/2023|EPI_ISL_17703611|2023-03-21,"[0.0, 0.0, 0.0, 0.0, 0.0, 0.0, 0.0, 0.0, 0.0, 0.0, 0.0, 0.0, 0.0, 0.0, 0.0, 1.0, 0.0, 0.0, 0.0, 0.0, 0.0, 0.0, 0.0, 0.0, 0.0, 0.0, 0.0, 0.0, 0.0, 0.0, 0.0]"
NODE_0000466,"[3.457309613978923e-11, 8.08804342791382e-11, 2.739498556456582e-10, 4.426266500272831e-11, 1.865083345867735e-10, 3.9221785062540454e-10, 6.344794228597164e-11, 4.238836447082198e-11, 4.263337191725607e-11, 4.359461954390267e-11, 4.248948400833542e-11, 4.3633803934004365e-11, 3.94062791778411e-11, 6.216566617857102e-11, 3.4558577585471304e-11, 0.9999890678245883, 4.3757196074246584e-11, 4.363380393400193e-11, 4.363380393401131e-11, 5.82680578680065e-11, 1.092839418873467e-05, 4.3198906510952306e-11, 4.171363520780412e-11, 4.239280522800983e-11, 2.4840823612055684e-11, 4.143501609435569e-11, 3.3399009560665396e-11, 4.1957312424675705e-11, 3.9117782373695413e-11, 1.8153772168611211e-09, 4.17873319355611e-11]"
hMpxV/Mexico/TAM_InDRE_F5537/2022|EPI_ISL_17672224|2022-11-29,"[0.0, 0.0, 0.0, 0.0, 0.0, 0.0, 0.0, 0.0, 0.0, 0.0, 0.0, 0.0, 0.0, 0.0, 0.0, 1.0, 0.0, 0.0, 0.0, 0.0, 0.0, 0.0, 0.0, 0.0, 0.0, 0.0, 0.0, 0.0, 0.0, 0.0, 0.0]"
hMpxV/Mexico/HID_InDRE_F5581/2022|EPI_ISL_17672226|2022-12-07,"[0.0, 0.0, 0.0, 0.0, 0.0, 0.0, 0.0, 0.0, 0.0, 0.0, 0.0, 0.0, 0.0, 0.0, 0.0, 0.9999999999999999, 0.0, 0.0, 0.0, 0.0, 0.0, 0.0, 0.0, 0.0, 0.0, 0.0, 0.0, 0.0, 0.0, 0.0, 0.0]"
NODE_0000467,"[3.061557322778004e-08, 4.889434229898948e-08, 7.646763145940771e-08, 4.9818227838840874e-08, 4.507403328891188e-08, 2.556813725525226e-07, 4.856439896912068e-08, 4.6731171374311636e-08, 4.710299848772298e-08, 4.897003977605261e-08, 4.700692559432249e-08, 4.8718696278080305e-08, 4.385562773676523e-08, 4.8914397197989684e-08, 2.8335725133493168e-08, 0.9999946053057722, 4.717410514505832e-08, 4.8718696278079385e-08, 4.871869627808397e-08, 4.6231284457876593e-08, 3.701454284663406e-06, 4.9678762243811136e-08, 2.91102317557935e-08, 4.673275383570063e-08, 2.4990494474395194e-08, 4.609733013245466e-08, 3.8725411346517665e-08, 4.6386098249455756e-08, 4.400234757144379e-08, 2.1609108396786821e-07, 4.5831486243022684e-08]"
hMpxV/Mexico/HID_InDRE_F152/2023|EPI_ISL_17672244|2023-01-23,"[0.0, 0.0, 0.0, 0.0, 0.0, 0.0, 0.0, 0.0, 0.0, 0.0, 0.0, 0.0, 0.0, 0.0, 0.0, 1.0, 0.0, 0.0, 0.0, 0.0, 0.0, 0.0, 0.0, 0.0, 0.0, 0.0, 0.0, 0.0, 0.0, 0.0, 0.0]"
NODE_0000468,"[5.424940780699336e-09, 8.811191039657886e-09, 1.3884014558940275e-08, 9.014302451495647e-09, 7.995057403951726e-09, 4.8680625186779944e-08, 8.771638916459547e-09, 8.467677788595517e-09, 8.536345915551201e-09, 8.860498053181357e-09, 8.51372501296465e-09, 8.818547178765106e-09, 7.935966171611156e-09, 8.82255108174879e-09, 5.055495162341168e-09, 0.9999990296188215, 8.509919389172329e-09, 8.818547178765063e-09, 8.818547178766307e-09, 8.328126843849821e-09, 6.615695814052341e-07, 8.974793819161324e-09, 5.221088317753629e-09, 8.468038460686348e-09, 4.3650859813051505e-09, 8.334791355833862e-09, 6.9709436173254735e-09, 8.392699491589512e-09, 7.955525062857006e-09, 3.975240918575279e-08, 8.308504467388349e-09]"
hMpxV/Mexico/CHP_InDRE_F5684/2022|EPI_ISL_17672231|2022-12-18,"[0.0, 0.0, 0.0, 0.0, 0.0, 0.0, 0.0, 0.0, 0.0, 0.0, 0.0, 0.0, 0.0, 0.0, 0.0, 1.0, 0.0, 0.0, 0.0, 0.0, 0.0, 0.0, 0.0, 0.0, 0.0, 0.0, 0.0, 0.0, 0.0, 0.0, 0.0]"
hMpxV/Mexico/CHP_InDRE_F108/2023|EPI_ISL_17672239|2023-01-11,"[0.0, 0.0, 0.0, 0.0, 0.0, 0.0, 0.0, 0.0, 0.0, 0.0, 0.0, 0.0, 0.0, 0.0, 0.0, 1.0, 0.0, 0.0, 0.0, 0.0, 0.0, 0.0, 0.0, 0.0, 0.0, 0.0, 0.0, 0.0, 0.0, 0.0, 0.0]"
NODE_0000463,"[4.5405816890699956e-24, 6.94683333484158e-23, 2.4650923518982993e-21, 1.8936389726329816e-23, 0.9999999999999937, 2.42313139871823e-23, 2.767251247365143e-23, 1.800803909834763e-23, 1.8101370386949392e-23, 1.834357816979292e-23, 1.7961286417983503e-23, 1.8688558389481968e-23, 1.4873509849261562e-23, 2.5224987475511363e-23, 6.13230658766476e-24, 5.2836769435620654e-23, 1.6169611189304808e-23, 1.868855838946112e-23, 1.868855838945913e-23, 2.1425884488471242e-23, 6.3201763130168486e-15, 1.6933308263917737e-23, 9.827049300909327e-24, 1.8015920058962833e-23, 1.7963425340331882e-24, 1.649834648267985e-23, 8.69060363743442e-24, 1.7251265983427456e-23, 1.417740036788884e-23, 7.616734964606407e-24, 1.764963623369138e-23]"
hMpxV/Chile/VS-ISP-130350/2022|EPI_ISL_19345328|2022-11-19,"[0.0, 0.0, 0.0, 0.0, 1.0, 0.0, 0.0, 0.0, 0.0, 0.0, 0.0, 0.0, 0.0, 0.0, 0.0, 0.0, 0.0, 0.0, 0.0, 0.0, 0.0, 0.0, 0.0, 0.0, 0.0, 0.0, 0.0, 0.0, 0.0, 0.0, 0.0]"
hMpxV/Chile/VS-ISP-132267/2022|EPI_ISL_19345333|2022-11-25,"[0.0, 0.0, 0.0, 0.0, 1.0, 0.0, 0.0, 0.0, 0.0, 0.0, 0.0, 0.0, 0.0, 0.0, 0.0, 0.0, 0.0, 0.0, 0.0, 0.0, 0.0, 0.0, 0.0, 0.0, 0.0, 0.0, 0.0, 0.0, 0.0, 0.0, 0.0]"
hMpxV/Chile/VS-ISP-133976/2022|EPI_ISL_19345337|2022-12-02,"[0.0, 0.0, 0.0, 0.0, 1.0, 0.0, 0.0, 0.0, 0.0, 0.0, 0.0, 0.0, 0.0, 0.0, 0.0, 0.0, 0.0, 0.0, 0.0, 0.0, 0.0, 0.0, 0.0, 0.0, 0.0, 0.0, 0.0, 0.0, 0.0, 0.0, 0.0]"
hMpxV/Chile/VS-ISP-135200/2022|EPI_ISL_19345345|2022-12-07,"[0.0, 0.0, 0.0, 0.0, 1.0, 0.0, 0.0, 0.0, 0.0, 0.0, 0.0, 0.0, 0.0, 0.0, 0.0, 0.0, 0.0, 0.0, 0.0, 0.0, 0.0, 0.0, 0.0, 0.0, 0.0, 0.0, 0.0, 0.0, 0.0, 0.0, 0.0]"
hMpxV/Chile/VS-ISP-137085/2022|EPI_ISL_19345351|2022-12-14,"[0.0, 0.0, 0.0, 0.0, 1.0, 0.0, 0.0, 0.0, 0.0, 0.0, 0.0, 0.0, 0.0, 0.0, 0.0, 0.0, 0.0, 0.0, 0.0, 0.0, 0.0, 0.0, 0.0, 0.0, 0.0, 0.0, 0.0, 0.0, 0.0, 0.0, 0.0]"
hMpxV/Chile/VS-ISP-140320/2022|EPI_ISL_19345357|2022-12-26,"[0.0, 0.0, 0.0, 0.0, 1.0, 0.0, 0.0, 0.0, 0.0, 0.0, 0.0, 0.0, 0.0, 0.0, 0.0, 0.0, 0.0, 0.0, 0.0, 0.0, 0.0, 0.0, 0.0, 0.0, 0.0, 0.0, 0.0, 0.0, 0.0, 0.0, 0.0]"
hMpxV/Chile/VS-ISP-141144/2022|EPI_ISL_19345359|2022-12-29,"[0.0, 0.0, 0.0, 0.0, 1.0, 0.0, 0.0, 0.0, 0.0, 0.0, 0.0, 0.0, 0.0, 0.0, 0.0, 0.0, 0.0, 0.0, 0.0, 0.0, 0.0, 0.0, 0.0, 0.0, 0.0, 0.0, 0.0, 0.0, 0.0, 0.0, 0.0]"
hMpxV/Chile/VS-ISP-2855/2023|EPI_ISL_19345363|2023-01-10,"[0.0, 0.0, 0.0, 0.0, 1.0, 0.0, 0.0, 0.0, 0.0, 0.0, 0.0, 0.0, 0.0, 0.0, 0.0, 0.0, 0.0, 0.0, 0.0, 0.0, 0.0, 0.0, 0.0, 0.0, 0.0, 0.0, 0.0, 0.0, 0.0, 0.0, 0.0]"
hMpxV/Chile/VS-ISP-134877/2022|EPI_ISL_19345344|2022-12-06,"[0.0, 0.0, 0.0, 0.0, 1.0, 0.0, 0.0, 0.0, 0.0, 0.0, 0.0, 0.0, 0.0, 0.0, 0.0, 0.0, 0.0, 0.0, 0.0, 0.0, 0.0, 0.0, 0.0, 0.0, 0.0, 0.0, 0.0, 0.0, 0.0, 0.0, 0.0]"
NODE_0000416,"[1.2181511499999558e-06, 2.2299075981163356e-06, 5.919165592471426e-06, 1.2496489167730303e-06, 5.108037431108275e-06, 4.886901794750136e-06, 1.7536320108772706e-06, 1.1822430899204127e-06, 1.1914490473476444e-06, 1.2319192846590874e-06, 1.188241742082346e-06, 1.2251085876908272e-06, 1.1209313868521698e-06, 1.7564163360184592e-06, 1.104491826214385e-06, 0.9907360897868273, 1.271452330942496e-06, 1.2251085876907944e-06, 1.2251085876908761e-06, 1.6720544289806741e-06, 0.009190214829056383, 1.2499805191017135e-06, 1.2476956410362457e-06, 1.1822703198116893e-06, 9.948784423642787e-07, 1.1734927945815559e-06, 1.0289549005622845e-06, 1.1790644520003853e-06, 1.1266230783835024e-06, 2.558969294231202e-05, 1.1627612961829181e-06]"
NODE_0000419,"[1.2492179319726357e-07, 2.064529729485702e-07, 4.150950900842442e-07, 1.7141604994602367e-07, 3.0975684481977297e-07, 7.867512513396808e-07, 1.8738620171896495e-07, 1.6093750583325015e-07, 1.6217683715782993e-07, 1.6864514330396198e-07, 1.6193674636980027e-07, 1.6769140840770574e-07, 1.5165263393349392e-07, 1.8858191884766447e-07, 1.1368457660957635e-07, 0.9997815245470908, 1.6646795316471558e-07, 1.6769140840769873e-07, 1.6769140840771453e-07, 1.7891205967596883e-07, 0.00021146808021761136, 1.713384061139447e-07, 1.2067509480125324e-07, 1.6094089300561545e-07, 1.0337633918131116e-07, 1.5954406495919417e-07, 1.3610771398643523e-07, 1.6035854220944014e-07, 1.523785208376952e-07, 1.526920734200787e-06, 1.5788257834321215e-07]"
hMpxV/Mexico/NLE_InDRE_F410/2023|EPI_ISL_17703606|2023-03-13,"[0.0, 0.0, 0.0, 0.0, 0.0, 0.0, 0.0, 0.0, 0.0, 0.0, 0.0, 0.0, 0.0, 0.0, 0.0, 1.0, 0.0, 0.0, 0.0, 0.0, 0.0, 0.0, 0.0, 0.0, 0.0, 0.0, 0.0, 0.0, 0.0, 0.0, 0.0]"
NODE_0000420,"[6.091151491235294e-10, 1.0244033910535395e-09, 1.7524632421560741e-09, 1.0109715724607896e-09, 1.0369186634560433e-09, 5.842092794236027e-09, 1.0036697749339885e-09, 9.516390034747803e-10, 9.593853344878436e-10, 9.93809238041324e-10, 9.563225581838328e-10, 9.89660073834316e-10, 8.906086197344734e-10, 1.0069147835530763e-09, 5.719594140455082e-10, 0.9999992459495547, 9.548703933673052e-10, 9.896600738343111e-10, 9.89660073834511e-10, 9.493268722675626e-10, 7.173214404385576e-07, 1.004361236459834e-09, 5.99657095773894e-10, 9.516885726709028e-10, 4.815661014973077e-10, 9.350280921211769e-10, 7.779902891534614e-10, 9.422653792334434e-10, 8.918120580856925e-10, 5.7268638496629845e-09, 9.343212970623927e-10]"
hMpxV/Mexico/MEX_InDRE_F75/2023|EPI_ISL_17672238|2023-01-09,"[0.0, 0.0, 0.0, 0.0, 0.0, 0.0, 0.0, 0.0, 0.0, 0.0, 0.0, 0.0, 0.0, 0.0, 0.0, 1.0, 0.0, 0.0, 0.0, 0.0, 0.0, 0.0, 0.0, 0.0, 0.0, 0.0, 0.0, 0.0, 0.0, 0.0, 0.0]"
NODE_0000421,"[4.4505147142482526e-11, 7.36938875403546e-11, 1.1693211553490093e-10, 7.578434507309415e-11, 6.552757443175824e-11, 4.313347224543912e-10, 7.35710334127247e-11, 7.13150585410311e-11, 7.1912254223264e-11, 7.448903049512827e-11, 7.16595400637257e-11, 7.416855985975156e-11, 6.673898990462687e-11, 7.38854547445293e-11, 4.17965380981123e-11, 0.9999999900312977, 7.128196564189815e-11, 7.416855985974395e-11, 7.416855985978731e-11, 6.964339246893264e-11, 7.352640823485017e-09, 7.532148660352176e-11, 4.344583088414125e-11, 7.131881446876727e-11, 3.515966080824271e-11, 7.000165105710504e-11, 5.828983828558722e-11, 7.05442942517481e-11, 6.683728783089467e-11, 3.385482481310982e-10, 7.001776444255429e-11]"
hMpxV/Mexico/NLE_InDRE_F78/2023|EPI_ISL_17703587|2023-01-09,"[0.0, 0.0, 0.0, 0.0, 0.0, 0.0, 0.0, 0.0, 0.0, 0.0, 0.0, 0.0, 0.0, 0.0, 0.0, 0.9999999999999999, 0.0, 0.0, 0.0, 0.0, 0.0, 0.0, 0.0, 0.0, 0.0, 0.0, 0.0, 0.0, 0.0, 0.0, 0.0]"
hMpxV/Mexico/NLE_InDRE_F77/2023|EPI_ISL_17703586|2023-01-06,"[0.0, 0.0, 0.0, 0.0, 0.0, 0.0, 0.0, 0.0, 0.0, 0.0, 0.0, 0.0, 0.0, 0.0, 0.0, 1.0, 0.0, 0.0, 0.0, 0.0, 0.0, 0.0, 0.0, 0.0, 0.0, 0.0, 0.0, 0.0, 0.0, 0.0, 0.0]"
NODE_0000417,"[2.8881584382124195e-17, 9.444231214619525e-17, 4.4037764712304015e-16, 6.240542360545775e-17, 1.8947337098142918e-16, 2.307311745080861e-15, 7.953849672295785e-17, 6.064256401899756e-17, 6.075758999569881e-17, 6.133551596678778e-17, 6.062208935900592e-17, 6.200890130799572e-17, 5.43291104634315e-17, 7.523409704484902e-17, 3.3303276008211946e-17, 0.9999999997258351, 5.833142000392629e-17, 6.200890130799021e-17, 6.200890130802356e-17, 6.867055755880803e-17, 2.741553502285157e-10, 5.844532199567211e-17, 4.394676938209855e-17, 6.065657130822597e-17, 1.6913224439272605e-17, 5.83744661986534e-17, 3.995904893300554e-17, 5.984588196848532e-17, 5.291555457080052e-17, 5.835565595540937e-15, 5.988783701248665e-17]"
hMpxV/Mexico/COA_InDRE_F5645/2022|EPI_ISL_17672229|2022-12-14,"[0.0, 0.0, 0.0, 0.0, 0.0, 0.0, 0.0, 0.0, 0.0, 0.0, 0.0, 0.0, 0.0, 0.0, 0.0, 0.9999999999999999, 0.0, 0.0, 0.0, 0.0, 0.0, 0.0, 0.0, 0.0, 0.0, 0.0, 0.0, 0.0, 0.0, 0.0, 0.0]"
hMpxV/Mexico/NLE_InDRE_F130/2023|EPI_ISL_17672242|2023-01-17,"[0.0, 0.0, 0.0, 0.0, 0.0, 0.0, 0.0, 0.0, 0.0, 0.0, 0.0, 0.0, 0.0, 0.0, 0.0, 0.9999999999999999, 0.0, 0.0, 0.0, 0.0, 0.0, 0.0, 0.0, 0.0, 0.0, 0.0, 0.0, 0.0, 0.0, 0.0, 0.0]"
hMpxV/Mexico/CMX_InDRE_F378/2023|EPI_ISL_17672259|2023-03-10,"[0.0, 0.0, 0.0, 0.0, 0.0, 0.0, 0.0, 0.0, 0.0, 0.0, 0.0, 0.0, 0.0, 0.0, 0.0, 1.0, 0.0, 0.0, 0.0, 0.0, 0.0, 0.0, 0.0, 0.0, 0.0, 0.0, 0.0, 0.0, 0.0, 0.0, 0.0]"
hMpxV/Mexico/NLE_InDRE_F309/2023|EPI_ISL_17672256|2023-02-17,"[0.0, 0.0, 0.0, 0.0, 0.0, 0.0, 0.0, 0.0, 0.0, 0.0, 0.0, 0.0, 0.0, 0.0, 0.0, 1.0, 0.0, 0.0, 0.0, 0.0, 0.0, 0.0, 0.0, 0.0, 0.0, 0.0, 0.0, 0.0, 0.0, 0.0, 0.0]"
hMpxV/Mexico/NLE_InDRE_F276/2023|EPI_ISL_17703600|2023-02-07,"[0.0, 0.0, 0.0, 0.0, 0.0, 0.0, 0.0, 0.0, 0.0, 0.0, 0.0, 0.0, 0.0, 0.0, 0.0, 1.0, 0.0, 0.0, 0.0, 0.0, 0.0, 0.0, 0.0, 0.0, 0.0, 0.0, 0.0, 0.0, 0.0, 0.0, 0.0]"
NODE_0000418,"[1.3457269632307549e-11, 2.5037063393504667e-11, 4.595483368746676e-11, 2.5390214877041467e-11, 2.3086000803345335e-11, 2.1972456792616603e-10, 2.4909231456859697e-11, 2.4001279310038308e-11, 2.4159829461208576e-11, 2.4946686905810552e-11, 2.4105874264943502e-11, 2.4918543904691693e-11, 2.2232544786972034e-11, 2.4728007041109453e-11, 1.3200432924465732e-11, 0.9999999908177949, 2.369033529809272e-11, 2.4918543904692288e-11, 2.49185439047212e-11, 2.314118451132222e-11, 8.169956358222063e-09, 2.4918199614111114e-11, 1.4189380076085319e-11, 2.4003338398018514e-11, 1.0091129708381348e-11, 2.349718521451328e-11, 1.865437496762266e-11, 2.3760851923137713e-11, 2.2137569538154074e-11, 1.709032630024254e-10, 2.357260608943944e-11]"
hMpxV/Mexico/NLE_InDRE_F14/2022|EPI_ISL_17703582|2022-12-27,"[0.0, 0.0, 0.0, 0.0, 0.0, 0.0, 0.0, 0.0, 0.0, 0.0, 0.0, 0.0, 0.0, 0.0, 0.0, 0.9999999999999999, 0.0, 0.0, 0.0, 0.0, 0.0, 0.0, 0.0, 0.0, 0.0, 0.0, 0.0, 0.0, 0.0, 0.0, 0.0]"
hMpxV/Mexico/GUA_InDRE_F244/2023|EPI_ISL_17672251|2023-02-04,"[0.0, 0.0, 0.0, 0.0, 0.0, 0.0, 0.0, 0.0, 0.0, 0.0, 0.0, 0.0, 0.0, 0.0, 0.0, 1.0, 0.0, 0.0, 0.0, 0.0, 0.0, 0.0, 0.0, 0.0, 0.0, 0.0, 0.0, 0.0, 0.0, 0.0, 0.0]"
hMpxV/Mexico/NLE_InDRE_F321/2023|EPI_ISL_17703603|2023-02-21,"[0.0, 0.0, 0.0, 0.0, 0.0, 0.0, 0.0, 0.0, 0.0, 0.0, 0.0, 0.0, 0.0, 0.0, 0.0, 1.0, 0.0, 0.0, 0.0, 0.0, 0.0, 0.0, 0.0, 0.0, 0.0, 0.0, 0.0, 0.0, 0.0, 0.0, 0.0]"
NODE_0000320,"[1.096695360363455e-07, 6.932127543277646e-08, 3.676500377300683e-05, 1.9444367685645622e-08, 8.13430141469527e-07, 3.282299111250655e-08, 4.445569845808912e-08, 1.9423373827745548e-08, 1.9458425882895893e-08, 1.946206976966545e-08, 1.9371444435324915e-08, 1.9450709134411602e-08, 1.8643612346757213e-08, 4.1546823552068005e-08, 4.459397649692704e-08, 2.3854938427216786e-06, 4.401167986701014e-08, 1.9450709134412115e-08, 1.945070913441151e-08, 3.9482751580821206e-08, 0.9945892204302547, 1.899501484252363e-08, 1.9560002120263474e-07, 1.9425234393962646e-08, 4.234600406829084e-08, 2.8578072670313382e-08, 1.6915360624109686e-08, 2.8224393453166787e-08, 1.8420174669869847e-08, 0.005369827691845712, 1.9385712850149628e-08]"
hMpxV/Peru/ICA-INS-282/2022|EPI_ISL_16999065|2022-11-29,"[0.0, 0.0, 0.0, 0.0, 0.0, 0.0, 0.0, 0.0, 0.0, 0.0, 0.0, 0.0, 0.0, 0.0, 0.0, 0.0, 0.0, 0.0, 0.0, 0.0, 1.0, 0.0, 0.0, 0.0, 0.0, 0.0, 0.0, 0.0, 0.0, 0.0, 0.0]"
hMpxV/USA/CA-LACPHL-MA00451/2022|EPI_ISL_16997421|2022-11-27,"[0.0, 0.0, 0.0, 0.0, 0.0, 0.0, 0.0, 0.0, 0.0, 0.0, 0.0, 0.0, 0.0, 0.0, 0.0, 0.0, 0.0, 0.0, 0.0, 0.0, 0.0, 0.0, 0.0, 0.0, 0.0, 0.0, 0.0, 0.0, 0.0, 1.0, 0.0]"
NODE_0000321,"[1.2827795380693273e-10, 3.338486822305386e-11, 0.9999998648517222, 2.200167070561833e-11, 9.080761887257038e-10, 2.6380063570008067e-11, 3.6795205285185654e-11, 2.2284580428900702e-11, 2.230490107422321e-11, 2.206700452783885e-11, 2.2159635906758987e-11, 2.2128555259413018e-11, 2.0902043345194564e-11, 2.7487529213778382e-11, 1.6835896618806746e-11, 3.197914124046715e-10, 2.2947097734372095e-11, 2.212855525939598e-11, 2.2128555259401657e-11, 2.5688397309877386e-11, 1.2528930265803114e-07, 2.085889638658098e-11, 2.088522905531816e-09, 2.228866460310956e-11, 3.356596666078002e-11, 2.1962798985608787e-11, 1.728933413755309e-11, 2.2354105158985222e-11, 2.043795503527746e-11, 5.845613363602118e-09, 2.231100734598383e-11]"
hMpxV/Brazil/RJ-FIOCRUZ-4196/2023|EPI_ISL_17614042|2023-04-13,"[0.0, 0.0, 0.9999999999999999, 0.0, 0.0, 0.0, 0.0, 0.0, 0.0, 0.0, 0.0, 0.0, 0.0, 0.0, 0.0, 0.0, 0.0, 0.0, 0.0, 0.0, 0.0, 0.0, 0.0, 0.0, 0.0, 0.0, 0.0, 0.0, 0.0, 0.0, 0.0]"
NODE_0000324,"[7.866506848933596e-10, 2.405044642803919e-10, 0.9999999733141641, 2.430776731933651e-10, 1.7059716561144855e-09, 2.4184922945715066e-10, 2.9587699428939433e-10, 2.381900279522669e-10, 2.390663332914633e-10, 2.4157147358403014e-10, 2.380767481989491e-10, 2.4150501091962966e-10, 2.2600588201297504e-10, 2.3934067334075885e-10, 1.5494557035473445e-10, 5.857273256304666e-10, 2.342912564346762e-10, 2.4150501091895964e-10, 2.415050109191616e-10, 2.2746742342460616e-10, 7.280144567080134e-09, 2.373261507508828e-10, 5.7095499446289525e-09, 2.382122876885897e-10, 2.970503020484068e-10, 2.334374290884912e-10, 1.9700971470946622e-10, 2.358760777907791e-10, 2.2390981833554645e-10, 4.9337577789632265e-09, 2.3643330006663824e-10]"
hMpxV/Brazil/RJ-FIOCRUZ-4195/2023|EPI_ISL_17614039|2023-04-10,"[0.0, 0.0, 1.0, 0.0, 0.0, 0.0, 0.0, 0.0, 0.0, 0.0, 0.0, 0.0, 0.0, 0.0, 0.0, 0.0, 0.0, 0.0, 0.0, 0.0, 0.0, 0.0, 0.0, 0.0, 0.0, 0.0, 0.0, 0.0, 0.0, 0.0, 0.0]"
hMpxV/Brazil/RJ-FIOCRUZ-3018/2023|EPI_ISL_17614041|2023-03-03,"[0.0, 0.0, 0.9999999999999999, 0.0, 0.0, 0.0, 0.0, 0.0, 0.0, 0.0, 0.0, 0.0, 0.0, 0.0, 0.0, 0.0, 0.0, 0.0, 0.0, 0.0, 0.0, 0.0, 0.0, 0.0, 0.0, 0.0, 0.0, 0.0, 0.0, 0.0, 0.0]"
NODE_0000322,"[1.840205745773157e-15, 2.519201807181111e-16, 0.999999999999764, 2.5181874268576994e-16, 7.197946929062189e-15, 2.525925819455329e-16, 3.6186428509943276e-16, 2.588757546756246e-16, 2.5837142706519943e-16, 2.5150848894898335e-16, 2.5668849134892623e-16, 2.549490879583229e-16, 2.405131146245171e-16, 2.4223958537452325e-16, 1.4150269045924027e-16, 1.2811626827774868e-15, 2.355447107609346e-16, 2.549490879573782e-16, 2.5494908795758227e-16, 2.2690531028631433e-16, 1.1508966279610456e-13, 2.33909544609712e-16, 6.80667313897893e-14, 2.589422374739896e-16, 3.323066305228339e-16, 2.476692796645173e-16, 1.8570774313791873e-16, 2.5380343626417457e-16, 2.3228819360021114e-16, 3.663568276342322e-14, 2.600236118623925e-16]"
hMpxV/Brazil/RJ-FIOCRUZ-4194/2023|EPI_ISL_17614030|2023-04-06,"[0.0, 0.0, 1.0, 0.0, 0.0, 0.0, 0.0, 0.0, 0.0, 0.0, 0.0, 0.0, 0.0, 0.0, 0.0, 0.0, 0.0, 0.0, 0.0, 0.0, 0.0, 0.0, 0.0, 0.0, 0.0, 0.0, 0.0, 0.0, 0.0, 0.0, 0.0]"
hMpxV/Brazil/RJ-FIOCRUZ-3611/2023|EPI_ISL_17536785|2023-04-03,"[0.0, 0.0, 1.0, 0.0, 0.0, 0.0, 0.0, 0.0, 0.0, 0.0, 0.0, 0.0, 0.0, 0.0, 0.0, 0.0, 0.0, 0.0, 0.0, 0.0, 0.0, 0.0, 0.0, 0.0, 0.0, 0.0, 0.0, 0.0, 0.0, 0.0, 0.0]"
hMpxV/Brazil/RJ-FIOCRUZ-3610/2023|EPI_ISL_17536784|2023-03-30,"[0.0, 0.0, 1.0, 0.0, 0.0, 0.0, 0.0, 0.0, 0.0, 0.0, 0.0, 0.0, 0.0, 0.0, 0.0, 0.0, 0.0, 0.0, 0.0, 0.0, 0.0, 0.0, 0.0, 0.0, 0.0, 0.0, 0.0, 0.0, 0.0, 0.0, 0.0]"
hMpxV/Brazil/RJ-FIOCRUZ-3611-1P/2023|EPI_ISL_19205405|2023-04-03,"[0.0, 0.0, 1.0, 0.0, 0.0, 0.0, 0.0, 0.0, 0.0, 0.0, 0.0, 0.0, 0.0, 0.0, 0.0, 0.0, 0.0, 0.0, 0.0, 0.0, 0.0, 0.0, 0.0, 0.0, 0.0, 0.0, 0.0, 0.0, 0.0, 0.0, 0.0]"
NODE_0000323,"[2.1065937503559802e-13, 3.030602908984266e-14, 0.9999999999753425, 3.019050195681078e-14, 7.988963661950194e-13, 3.034222608852702e-14, 4.291640069005731e-14, 3.093342968329284e-14, 3.088782553757795e-14, 3.024254724675837e-14, 3.068240656293806e-14, 3.05244202636165e-14, 2.877996502226746e-14, 2.944126591719176e-14, 1.7222923703472754e-14, 1.490103447673729e-13, 2.8759419867997745e-14, 3.0524420263579953e-14, 3.0524420263589325e-14, 2.7396706529968408e-14, 1.1663978942535423e-11, 2.8145237246926124e-14, 7.05382406263707e-12, 3.0940814380884926e-14, 4.0954673546772724e-14, 2.971658224246948e-14, 2.2406771538329316e-14, 3.0412255567463335e-14, 2.7835886834863692e-14, 4.060014057484844e-12, 3.104513333059054e-14]"
hMpxV/Brazil/RJ-FIOCRUZ-4239/2023|EPI_ISL_17614033|2023-04-20,"[0.0, 0.0, 1.0, 0.0, 0.0, 0.0, 0.0, 0.0, 0.0, 0.0, 0.0, 0.0, 0.0, 0.0, 0.0, 0.0, 0.0, 0.0, 0.0, 0.0, 0.0, 0.0, 0.0, 0.0, 0.0, 0.0, 0.0, 0.0, 0.0, 0.0, 0.0]"
hMpxV/Brazil/RJ-FIOCRUZ-3608/2023|EPI_ISL_17536782|2023-03-24,"[0.0, 0.0, 0.9999999999999999, 0.0, 0.0, 0.0, 0.0, 0.0, 0.0, 0.0, 0.0, 0.0, 0.0, 0.0, 0.0, 0.0, 0.0, 0.0, 0.0, 0.0, 0.0, 0.0, 0.0, 0.0, 0.0, 0.0, 0.0, 0.0, 0.0, 0.0, 0.0]"
hMpxV/Brazil/RJ-FIOCRUZ-3609/2023|EPI_ISL_17536783|2023-03-27,"[0.0, 0.0, 1.0, 0.0, 0.0, 0.0, 0.0, 0.0, 0.0, 0.0, 0.0, 0.0, 0.0, 0.0, 0.0, 0.0, 0.0, 0.0, 0.0, 0.0, 0.0, 0.0, 0.0, 0.0, 0.0, 0.0, 0.0, 0.0, 0.0, 0.0, 0.0]"
hMpxV/Brazil/RJ-FIOCRUZ-4239-1P/2023|EPI_ISL_19205407|2023-04-20,"[0.0, 0.0, 1.0, 0.0, 0.0, 0.0, 0.0, 0.0, 0.0, 0.0, 0.0, 0.0, 0.0, 0.0, 0.0, 0.0, 0.0, 0.0, 0.0, 0.0, 0.0, 0.0, 0.0, 0.0, 0.0, 0.0, 0.0, 0.0, 0.0, 0.0, 0.0]"
NODE_0000373,"[9.68476882642617e-07, 1.6542203327304173e-06, 0.00033779589986737934, 7.521771589450634e-07, 0.8630742227723117, 9.718111875820442e-07, 1.156343222173909e-06, 7.164791773555746e-07, 7.215449368367243e-07, 7.44032615299184e-07, 7.181934720894203e-07, 7.396017928773043e-07, 6.675254919074763e-07, 1.098094549225528e-06, 6.106253159338552e-07, 4.861761717347543e-06, 7.619685479356987e-07, 7.396017928771542e-07, 7.396017928771958e-07, 1.018035566920957e-06, 0.13655341422216713, 7.387282028943929e-07, 1.896798121520392e-06, 7.16537960484912e-07, 6.045536450676902e-07, 7.020339356029969e-07, 5.733192853963888e-07, 7.095227645286538e-07, 6.638640040977107e-07, 7.616074305490932e-06, 7.055778753717742e-07]"
hMpxV/Chile/RM-ISP-136952/2022|EPI_ISL_19345349|2022-12-14,"[0.0, 0.0, 0.0, 0.0, 1.0, 0.0, 0.0, 0.0, 0.0, 0.0, 0.0, 0.0, 0.0, 0.0, 0.0, 0.0, 0.0, 0.0, 0.0, 0.0, 0.0, 0.0, 0.0, 0.0, 0.0, 0.0, 0.0, 0.0, 0.0, 0.0, 0.0]"
NODE_0000377,"[8.31789902758852e-12, 2.6182460655316232e-11, 3.927882668847576e-10, 1.1344749067569731e-11, 0.9999992507617317, 1.4364370924347488e-11, 1.608982915460195e-11, 1.064700008870123e-11, 1.0742190146196364e-11, 1.1121068283930167e-11, 1.0690156474677529e-11, 1.109452093487279e-11, 9.782665600210999e-12, 1.5883379673017572e-11, 7.955903422277983e-12, 4.5700777294949016e-11, 1.105410213841057e-11, 1.1094520934858486e-11, 1.10945209348576e-11, 1.4703024395396914e-11, 7.48470148193401e-07, 1.114300566132703e-11, 9.933925355962243e-12, 1.06480730982602e-11, 5.816168633000249e-12, 1.036253809894298e-11, 8.186505788992656e-12, 1.0491722839209594e-11, 9.744757419296535e-12, 3.070049010116959e-11, 1.0441554564584781e-11]"
hMpxV/Chile/RM-ISP-130458/2022|EPI_ISL_19345329|2022-11-22,"[0.0, 0.0, 0.0, 0.0, 1.0, 0.0, 0.0, 0.0, 0.0, 0.0, 0.0, 0.0, 0.0, 0.0, 0.0, 0.0, 0.0, 0.0, 0.0, 0.0, 0.0, 0.0, 0.0, 0.0, 0.0, 0.0, 0.0, 0.0, 0.0, 0.0, 0.0]"
hMpxV/Chile/BI-ISP-134054/2022|EPI_ISL_19345338|2022-12-02,"[0.0, 0.0, 0.0, 0.0, 0.9999999999999999, 0.0, 0.0, 0.0, 0.0, 0.0, 0.0, 0.0, 0.0, 0.0, 0.0, 0.0, 0.0, 0.0, 0.0, 0.0, 0.0, 0.0, 0.0, 0.0, 0.0, 0.0, 0.0, 0.0, 0.0, 0.0, 0.0]"
NODE_0000378,"[4.927113890786798e-10, 1.1436036925041377e-09, 3.0030290708243987e-09, 9.302107618309613e-10, 0.9999999521657499, 9.106276289844444e-10, 8.937867858563589e-10, 8.585248322856213e-10, 8.678048290695528e-10, 9.098121148198979e-10, 8.642294954845056e-10, 9.038574720181005e-10, 7.916272943546317e-10, 9.022200117392471e-10, 4.52549625101728e-10, 5.640052961521127e-10, 8.621152473894477e-10, 9.038574720178415e-10, 9.038574720177605e-10, 8.38437234008255e-10, 2.2888004758879013e-08, 9.269934295518058e-10, 4.720029588818312e-10, 8.585718867627626e-10, 3.7622375572184267e-10, 8.400108159782051e-10, 6.748171197465521e-10, 8.471118002456316e-10, 7.943675651848912e-10, 3.2088265284766904e-10, 8.383957942024749e-10]"
hMpxV/Chile/BI-ISP-134055/2022|EPI_ISL_19345339|2022-12-02,"[0.0, 0.0, 0.0, 0.0, 1.0, 0.0, 0.0, 0.0, 0.0, 0.0, 0.0, 0.0, 0.0, 0.0, 0.0, 0.0, 0.0, 0.0, 0.0, 0.0, 0.0, 0.0, 0.0, 0.0, 0.0, 0.0, 0.0, 0.0, 0.0, 0.0, 0.0]"
hMpxV/Chile/BI-ISP-134056/2022|EPI_ISL_19345340|2022-12-03,"[0.0, 0.0, 0.0, 0.0, 1.0, 0.0, 0.0, 0.0, 0.0, 0.0, 0.0, 0.0, 0.0, 0.0, 0.0, 0.0, 0.0, 0.0, 0.0, 0.0, 0.0, 0.0, 0.0, 0.0, 0.0, 0.0, 0.0, 0.0, 0.0, 0.0, 0.0]"
NODE_0000374,"[0.0002524050028280765, 0.00017344779751041529, 0.9731590333951676, 0.00015902440576177584, 0.016639219470269122, 0.00016052787240524875, 0.00017553391282343, 0.000150764350984295, 0.00015189382114624364, 0.0001580675431358553, 0.00015135989455672508, 0.0001560258986625097, 0.00014325467233917928, 0.0001645204006001529, 0.00010397470773731418, 0.0002793166494283468, 0.0001588805749852343, 0.00015602589866249708, 0.0001560258986625008, 0.0001544555384344347, 0.004470307584409328, 0.00015906271041184295, 0.0005969834228933908, 0.00015076542340204346, 0.0001580024656461184, 0.000150059270252705, 0.0001302241947544698, 0.00015062250021406065, 0.00014362755532515791, 0.0009382257860066021, 0.00014836138058377683]"
hMpxV/Brazil/RJ-FIOCRUZ-3017/2023|EPI_ISL_17614017|2023-02-15,"[0.0, 0.0, 1.0, 0.0, 0.0, 0.0, 0.0, 0.0, 0.0, 0.0, 0.0, 0.0, 0.0, 0.0, 0.0, 0.0, 0.0, 0.0, 0.0, 0.0, 0.0, 0.0, 0.0, 0.0, 0.0, 0.0, 0.0, 0.0, 0.0, 0.0, 0.0]"
NODE_0000375,"[6.048070525919974e-07, 2.599609561713712e-07, 0.9998182194003766, 2.586655391716103e-07, 2.0989152456635564e-06, 2.5885473396230405e-07, 3.0144465222160565e-07, 2.586591993086565e-07, 2.632611767920022e-07, 3.476622583215328e-07, 2.5370008298553547e-07, 2.563423519588782e-07, 2.4696926412791296e-07, 5.291331981848556e-07, 1.6813715935016185e-07, 5.144023197670217e-07, 5.308508207293029e-07, 2.563423519588095e-07, 2.5634235195883064e-07, 3.065675534893616e-07, 4.336739392298533e-06, 2.545480820119066e-07, 0.00016202600094369923, 2.5869007676768937e-07, 1.4502067761265845e-06, 2.4828320333446813e-07, 2.1442951819543117e-07, 2.51912599546096e-07, 2.4031054775694515e-07, 4.2687598597242e-06, 2.597003551696562e-07]"
hMpxV/Brazil/RS-CEVS-362/2023|EPI_ISL_18971016|2023-09-14,"[0.0, 0.0, 1.0, 0.0, 0.0, 0.0, 0.0, 0.0, 0.0, 0.0, 0.0, 0.0, 0.0, 0.0, 0.0, 0.0, 0.0, 0.0, 0.0, 0.0, 0.0, 0.0, 0.0, 0.0, 0.0, 0.0, 0.0, 0.0, 0.0, 0.0, 0.0]"
hMpxV/Portugal/INSA-PT0802/2023|EPI_ISL_18702213|2023-11-23,"[0.0, 0.0, 0.0, 0.0, 0.0, 0.0, 0.0, 0.0, 0.0, 0.0, 0.0, 0.0, 0.0, 0.0, 0.0, 0.0, 0.0, 0.0, 0.0, 0.0, 0.0, 0.0, 1.0, 0.0, 0.0, 0.0, 0.0, 0.0, 0.0, 0.0, 0.0]"
NODE_0000376,"[1.1309982444250895e-16, 1.182606580371314e-17, 0.9999999999999686, 1.16683461927899e-17, 5.514883752100038e-16, 1.1803402232604573e-17, 1.7704934421189373e-17, 1.2190379921280023e-17, 1.215120775937797e-17, 1.1841203924866431e-17, 1.20443067102272e-17, 1.188401141024807e-17, 1.1249680421460288e-17, 1.1680270729837014e-17, 6.386200638185488e-18, 7.921985542146754e-17, 1.1450546729580823e-17, 1.1884011410209706e-17, 1.1884011410221419e-17, 1.0543362662008556e-17, 1.4969542077497006e-14, 1.0671037249025463e-17, 1.1907023633567489e-14, 1.2193983149262816e-17, 1.8137009516409822e-17, 1.163122420754434e-17, 8.349789697966613e-18, 1.1965632414683249e-17, 1.076309139726489e-17, 3.69984595189401e-15, 1.2295409213216381e-17]"
hMpxV/Brazil/SP-IAL-3280/2023|EPI_ISL_19446284|2023-10-09,"[0.0, 0.0, 1.0, 0.0, 0.0, 0.0, 0.0, 0.0, 0.0, 0.0, 0.0, 0.0, 0.0, 0.0, 0.0, 0.0, 0.0, 0.0, 0.0, 0.0, 0.0, 0.0, 0.0, 0.0, 0.0, 0.0, 0.0, 0.0, 0.0, 0.0, 0.0]"
hMpxV/Brazil/SP-IAL-3281/2023|EPI_ISL_19446285|2023-10-09,"[0.0, 0.0, 1.0, 0.0, 0.0, 0.0, 0.0, 0.0, 0.0, 0.0, 0.0, 0.0, 0.0, 0.0, 0.0, 0.0, 0.0, 0.0, 0.0, 0.0, 0.0, 0.0, 0.0, 0.0, 0.0, 0.0, 0.0, 0.0, 0.0, 0.0, 0.0]"
hMpxV/Brazil/SP-IAL-357399029/2023|EPI_ISL_19446287|2023-11-29,"[0.0, 0.0, 1.0, 0.0, 0.0, 0.0, 0.0, 0.0, 0.0, 0.0, 0.0, 0.0, 0.0, 0.0, 0.0, 0.0, 0.0, 0.0, 0.0, 0.0, 0.0, 0.0, 0.0, 0.0, 0.0, 0.0, 0.0, 0.0, 0.0, 0.0, 0.0]"
hMpxV/Brazil/SP-IAL-3284/2023|EPI_ISL_19446288|2023-12-18,"[0.0, 0.0, 1.0, 0.0, 0.0, 0.0, 0.0, 0.0, 0.0, 0.0, 0.0, 0.0, 0.0, 0.0, 0.0, 0.0, 0.0, 0.0, 0.0, 0.0, 0.0, 0.0, 0.0, 0.0, 0.0, 0.0, 0.0, 0.0, 0.0, 0.0, 0.0]"
hMpxV/Brazil/SP-IAL-3282/2023|EPI_ISL_19446286|2023-10-11,"[0.0, 0.0, 1.0, 0.0, 0.0, 0.0, 0.0, 0.0, 0.0, 0.0, 0.0, 0.0, 0.0, 0.0, 0.0, 0.0, 0.0, 0.0, 0.0, 0.0, 0.0, 0.0, 0.0, 0.0, 0.0, 0.0, 0.0, 0.0, 0.0, 0.0, 0.0]"
NODE_0000327,"[2.094443513695168e-32, 4.164842671657902e-31, 4.260171376843935e-28, 8.419970065389193e-34, 4.2092649717611656e-27, 1.0847217683156641e-32, 3.7827277023075616e-32, 9.07820559540989e-34, 9.034967788770187e-34, 8.483733448388639e-34, 8.957845458383705e-34, 8.6631899392921e-34, 8.642575180914181e-34, 3.254045294253422e-32, 2.4955314284763206e-32, 9.46938705892514e-26, 1.4464928930680206e-33, 8.663189939287176e-34, 8.663189939290434e-34, 3.0831037072525236e-32, 1.0, 7.73178200345045e-34, 8.98713716147374e-32, 9.080817389417141e-34, 9.88361496528933e-33, 8.903922014284477e-34, 7.815085159754503e-34, 9.139398751623296e-34, 8.329631443934007e-34, 6.147349632602255e-25, 9.244992232283594e-34]"
hMpxV/Peru/LIM-INS-328/2022|EPI_ISL_16999077|2022-11-21,"[0.0, 0.0, 0.0, 0.0, 0.0, 0.0, 0.0, 0.0, 0.0, 0.0, 0.0, 0.0, 0.0, 0.0, 0.0, 0.0, 0.0, 0.0, 0.0, 0.0, 0.9999999999999999, 0.0, 0.0, 0.0, 0.0, 0.0, 0.0, 0.0, 0.0, 0.0, 0.0]"
hMpxV/Peru/LIM-INS-289/2022|EPI_ISL_16999078|2022-11-24,"[0.0, 0.0, 0.0, 0.0, 0.0, 0.0, 0.0, 0.0, 0.0, 0.0, 0.0, 0.0, 0.0, 0.0, 0.0, 0.0, 0.0, 0.0, 0.0, 0.0, 0.9999999999999999, 0.0, 0.0, 0.0, 0.0, 0.0, 0.0, 0.0, 0.0, 0.0, 0.0]"
hMpxV/Peru/LIM-INS-355/2022|EPI_ISL_16999081|2022-12-29,"[0.0, 0.0, 0.0, 0.0, 0.0, 0.0, 0.0, 0.0, 0.0, 0.0, 0.0, 0.0, 0.0, 0.0, 0.0, 0.0, 0.0, 0.0, 0.0, 0.0, 1.0, 0.0, 0.0, 0.0, 0.0, 0.0, 0.0, 0.0, 0.0, 0.0, 0.0]"
hMpxV/Peru/LIM-INS-294/2022|EPI_ISL_16999089|2022-11-24,"[0.0, 0.0, 0.0, 0.0, 0.0, 0.0, 0.0, 0.0, 0.0, 0.0, 0.0, 0.0, 0.0, 0.0, 0.0, 0.0, 0.0, 0.0, 0.0, 0.0, 0.9999999999999999, 0.0, 0.0, 0.0, 0.0, 0.0, 0.0, 0.0, 0.0, 0.0, 0.0]"
hMpxV/Peru/LIM-INS-329/2022|EPI_ISL_16999098|2022-11-28,"[0.0, 0.0, 0.0, 0.0, 0.0, 0.0, 0.0, 0.0, 0.0, 0.0, 0.0, 0.0, 0.0, 0.0, 0.0, 0.0, 0.0, 0.0, 0.0, 0.0, 1.0, 0.0, 0.0, 0.0, 0.0, 0.0, 0.0, 0.0, 0.0, 0.0, 0.0]"
NODE_0000328,"[3.72527515299727e-10, 9.109601471332695e-10, 7.0737555971562085e-09, 1.4185619251329534e-10, 1.3992594658861122e-08, 3.0361588757263066e-10, 4.3655896891659487e-10, 1.3631420692544295e-10, 1.3722162220972695e-10, 1.406065741636587e-10, 1.368342746603293e-10, 1.3976436035178689e-10, 1.3226001296566786e-10, 4.329229826434016e-10, 3.2837170632076204e-10, 3.2748449944858335e-08, 1.6596553864875475e-10, 1.3976436035176825e-10, 1.3976436035178226e-10, 4.1863062133079707e-10, 0.9999998682082527, 1.4292265675717848e-10, 4.439372070471835e-10, 1.3631301464621938e-10, 3.1397020631240635e-10, 1.3653526263655228e-10, 1.3159902896165247e-10, 1.367016887911529e-10, 1.333074066720157e-10, 7.165298598065721e-08, 1.347353032726754e-10]"
hMpxV/Peru/LIM-INS-343/2022|EPI_ISL_16999085|2022-12-19,"[0.0, 0.0, 0.0, 0.0, 0.0, 0.0, 0.0, 0.0, 0.0, 0.0, 0.0, 0.0, 0.0, 0.0, 0.0, 0.0, 0.0, 0.0, 0.0, 0.0, 1.0, 0.0, 0.0, 0.0, 0.0, 0.0, 0.0, 0.0, 0.0, 0.0, 0.0]"
hMpxV/Peru/LIM-INS-293/2022|EPI_ISL_16999083|2022-11-25,"[0.0, 0.0, 0.0, 0.0, 0.0, 0.0, 0.0, 0.0, 0.0, 0.0, 0.0, 0.0, 0.0, 0.0, 0.0, 0.0, 0.0, 0.0, 0.0, 0.0, 1.0, 0.0, 0.0, 0.0, 0.0, 0.0, 0.0, 0.0, 0.0, 0.0, 0.0]"
NODE_0000331,"[3.1403869173616756e-12, 9.968910799337606e-12, 1.5154189529516882e-10, 8.908213857202989e-13, 3.6855747558715166e-10, 2.404158102206293e-12, 3.845884174833058e-12, 8.694557285803075e-13, 8.741900789427621e-13, 8.853110879602201e-13, 8.709207345727285e-13, 8.826626146543686e-13, 8.411894278544999e-13, 3.741149949268526e-12, 2.8319647644565006e-12, 1.1827169999155665e-09, 1.1088165203353366e-12, 8.826626146542624e-13, 8.826626146543552e-13, 3.6097585757297556e-12, 0.9999999951962996, 8.869436464439739e-13, 4.405519099019122e-12, 8.694812717351757e-13, 2.4260427008364286e-12, 8.731948885785592e-13, 8.296517720360701e-13, 8.768880206170586e-13, 8.438936105986161e-13, 3.0494784271729555e-09, 8.629613180565627e-13]"
hMpxV/Peru/LIM-INS-344/2022|EPI_ISL_16999102|2022-12-20,"[0.0, 0.0, 0.0, 0.0, 0.0, 0.0, 0.0, 0.0, 0.0, 0.0, 0.0, 0.0, 0.0, 0.0, 0.0, 0.0, 0.0, 0.0, 0.0, 0.0, 1.0, 0.0, 0.0, 0.0, 0.0, 0.0, 0.0, 0.0, 0.0, 0.0, 0.0]"
hMpxV/Peru/LIM-INS-437/2022|EPI_ISL_19343488|2022-11-30,"[0.0, 0.0, 0.0, 0.0, 0.0, 0.0, 0.0, 0.0, 0.0, 0.0, 0.0, 0.0, 0.0, 0.0, 0.0, 0.0, 0.0, 0.0, 0.0, 0.0, 0.9999999999999999, 0.0, 0.0, 0.0, 0.0, 0.0, 0.0, 0.0, 0.0, 0.0, 0.0]"
hMpxV/Peru/LIM-INS-390/2023|EPI_ISL_19343505|2023-01-06,"[0.0, 0.0, 0.0, 0.0, 0.0, 0.0, 0.0, 0.0, 0.0, 0.0, 0.0, 0.0, 0.0, 0.0, 0.0, 0.0, 0.0, 0.0, 0.0, 0.0, 1.0, 0.0, 0.0, 0.0, 0.0, 0.0, 0.0, 0.0, 0.0, 0.0, 0.0]"
NODE_0000332,"[2.2057283191554642e-11, 6.633839149034287e-11, 9.709913625661844e-10, 6.496669278478705e-12, 2.2838604529327645e-09, 1.6939370808310093e-11, 2.636428378422362e-11, 6.3325912126059616e-12, 6.370621325206662e-12, 6.458863882336326e-12, 6.346047785491021e-12, 6.432313180538368e-12, 6.1258100864471624e-12, 2.568840885527211e-11, 1.9354766066491422e-11, 7.2496938247299636e-09, 8.154928993009947e-12, 6.432313180538018e-12, 6.432313180538308e-12, 2.4809555610786747e-11, 0.9999999701957182, 6.480942192294538e-12, 3.008822269239255e-11, 6.332741853307615e-12, 1.6956568111190295e-11, 6.40674364725308e-12, 6.079352006067776e-12, 6.429028841584448e-12, 6.159173082699203e-12, 1.8941384906497017e-08, 6.284062453578481e-12]"
hMpxV/Peru/LIM-INS-413/2023|EPI_ISL_19343498|2023-02-10,"[0.0, 0.0, 0.0, 0.0, 0.0, 0.0, 0.0, 0.0, 0.0, 0.0, 0.0, 0.0, 0.0, 0.0, 0.0, 0.0, 0.0, 0.0, 0.0, 0.0, 1.0, 0.0, 0.0, 0.0, 0.0, 0.0, 0.0, 0.0, 0.0, 0.0, 0.0]"
hMpxV/Peru/CAL-INS-403/2023|EPI_ISL_19343516|2023-02-02,"[0.0, 0.0, 0.0, 0.0, 0.0, 0.0, 0.0, 0.0, 0.0, 0.0, 0.0, 0.0, 0.0, 0.0, 0.0, 0.0, 0.0, 0.0, 0.0, 0.0, 1.0, 0.0, 0.0, 0.0, 0.0, 0.0, 0.0, 0.0, 0.0, 0.0, 0.0]"
hMpxV/Peru/LIM-INS-376/2023|EPI_ISL_19343540|2023-01-13,"[0.0, 0.0, 0.0, 0.0, 0.0, 0.0, 0.0, 0.0, 0.0, 0.0, 0.0, 0.0, 0.0, 0.0, 0.0, 0.0, 0.0, 0.0, 0.0, 0.0, 0.9999999999999999, 0.0, 0.0, 0.0, 0.0, 0.0, 0.0, 0.0, 0.0, 0.0, 0.0]"
NODE_0000329,"[4.332842047346152e-10, 1.0414739043842228e-09, 7.997553024986484e-09, 1.669727205356819e-10, 1.5658459505681347e-08, 3.5347312356728847e-10, 5.037380400400283e-10, 1.6038696346636584e-10, 1.614853920947539e-10, 1.6552421480066283e-10, 1.610223798830473e-10, 1.64471104538625e-10, 1.556065561701765e-10, 4.997797410563995e-10, 3.784742217699733e-10, 3.653287215851601e-08, 1.9597100278787425e-10, 1.644711045385561e-10, 1.644711045386017e-10, 4.834381364180795e-10, 0.9999998521922238, 1.6833331392423373e-10, 5.117748168872951e-10, 1.6038525835249973e-10, 3.644815046033545e-10, 1.6105597207484386e-10, 1.5516600243536612e-10, 1.6121240209417835e-10, 1.5695940302431615e-10, 8.026695752820706e-08, 1.5852127053835477e-10]"
hMpxV/Peru/LIM-INS-332/2022|EPI_ISL_16999097|2022-12-01,"[0.0, 0.0, 0.0, 0.0, 0.0, 0.0, 0.0, 0.0, 0.0, 0.0, 0.0, 0.0, 0.0, 0.0, 0.0, 0.0, 0.0, 0.0, 0.0, 0.0, 1.0, 0.0, 0.0, 0.0, 0.0, 0.0, 0.0, 0.0, 0.0, 0.0, 0.0]"
NODE_0000330,"[5.848352037069193e-12, 1.8488851244174826e-11, 2.803271021388316e-10, 1.663711419565076e-12, 6.801139770710804e-10, 4.4782826040647406e-12, 7.148503225989808e-12, 1.6236588349566045e-12, 1.632574580004866e-12, 1.653474598289187e-12, 1.6264514599356747e-12, 1.648379861457744e-12, 1.5708479050159177e-12, 6.954606667373505e-12, 5.262435742427443e-12, 2.1809704644966148e-09, 2.072434670569712e-12, 1.6483798614576353e-12, 1.6483798614576884e-12, 6.710887425162486e-12, 0.9999999911338906, 1.6567169063982409e-12, 8.187012981465867e-12, 1.6237058064001284e-12, 4.515899142474172e-12, 1.6316412942100966e-12, 1.5501110119826463e-12, 1.6384451358156024e-12, 1.5761883599696556e-12, 5.629026351782836e-09, 1.6115121045258083e-12]"
hMpxV/Peru/LIM-INS-402/2023|EPI_ISL_19343500|2023-02-02,"[0.0, 0.0, 0.0, 0.0, 0.0, 0.0, 0.0, 0.0, 0.0, 0.0, 0.0, 0.0, 0.0, 0.0, 0.0, 0.0, 0.0, 0.0, 0.0, 0.0, 1.0, 0.0, 0.0, 0.0, 0.0, 0.0, 0.0, 0.0, 0.0, 0.0, 0.0]"
hMpxV/Peru/LIM-INS-368/2023|EPI_ISL_19343525|2023-01-03,"[0.0, 0.0, 0.0, 0.0, 0.0, 0.0, 0.0, 0.0, 0.0, 0.0, 0.0, 0.0, 0.0, 0.0, 0.0, 0.0, 0.0, 0.0, 0.0, 0.0, 0.9999999999999999, 0.0, 0.0, 0.0, 0.0, 0.0, 0.0, 0.0, 0.0, 0.0, 0.0]"
hMpxV/Peru/LIM-INS-371/2023|EPI_ISL_19343562|2023-01-06,"[0.0, 0.0, 0.0, 0.0, 0.0, 0.0, 0.0, 0.0, 0.0, 0.0, 0.0, 0.0, 0.0, 0.0, 0.0, 0.0, 0.0, 0.0, 0.0, 0.0, 0.9999999999999999, 0.0, 0.0, 0.0, 0.0, 0.0, 0.0, 0.0, 0.0, 0.0, 0.0]"
NODE_0000458,"[2.1130914195481046e-07, 5.051481536426382e-07, 1.9183660835181504e-06, 2.317481315676863e-07, 0.9910898991939162, 2.9688418796027875e-07, 3.331674595790129e-07, 2.1684046393761972e-07, 2.188502501194323e-07, 2.276526438405535e-07, 2.180556936590871e-07, 2.2626673863067662e-07, 2.0338762665325731e-07, 3.3421914308520977e-07, 1.9273261244582968e-07, 1.0604970177301535e-06, 2.315762232948037e-07, 2.2626673863062603e-07, 2.2626673863062513e-07, 3.1467210720034433e-07, 0.008899901494472912, 2.3169166669979682e-07, 2.1909900441716985e-07, 2.16848017125897e-07, 1.6708850466791136e-07, 2.1342632464194695e-07, 1.8227517563667333e-07, 2.1475064928530482e-07, 2.0427908288601817e-07, 9.433304592712109e-07, 2.1261557035868182e-07]"
hMpxV/Chile/TA-ISP-131515/2022|EPI_ISL_19345330|2022-11-21,"[0.0, 0.0, 0.0, 0.0, 1.0, 0.0, 0.0, 0.0, 0.0, 0.0, 0.0, 0.0, 0.0, 0.0, 0.0, 0.0, 0.0, 0.0, 0.0, 0.0, 0.0, 0.0, 0.0, 0.0, 0.0, 0.0, 0.0, 0.0, 0.0, 0.0, 0.0]"
NODE_0000459,"[1.4639907387791765e-23, 1.635272311268516e-22, 3.698263250914334e-21, 6.086428456510473e-23, 0.9999999999999992, 6.939856051682205e-23, 7.501569401184022e-23, 5.731045460647745e-23, 5.766017150011547e-23, 5.897689278237588e-23, 5.72923479211678e-23, 5.983150726269731e-23, 4.795184777677201e-23, 6.958066490764581e-23, 1.8569863191719855e-23, 1.1098599495283345e-22, 5.1553269249471345e-23, 5.983150726264788e-23, 5.983150726263927e-23, 5.984581689334376e-23, 7.220862400761372e-16, 5.533429292994143e-23, 2.738800972042994e-23, 5.73319935705155e-23, 6.471189233114702e-24, 5.305412931352271e-23, 2.938248881400319e-23, 5.51744760509014e-23, 4.608885252737753e-23, 2.0920087412994174e-23, 5.604245170342258e-23]"
hMpxV/Chile/RM-ISP-133151/2022|EPI_ISL_19345336|2022-11-30,"[0.0, 0.0, 0.0, 0.0, 1.0, 0.0, 0.0, 0.0, 0.0, 0.0, 0.0, 0.0, 0.0, 0.0, 0.0, 0.0, 0.0, 0.0, 0.0, 0.0, 0.0, 0.0, 0.0, 0.0, 0.0, 0.0, 0.0, 0.0, 0.0, 0.0, 0.0]"
hMpxV/Chile/RM-ISP-134481/2022|EPI_ISL_19345342|2022-12-06,"[0.0, 0.0, 0.0, 0.0, 1.0, 0.0, 0.0, 0.0, 0.0, 0.0, 0.0, 0.0, 0.0, 0.0, 0.0, 0.0, 0.0, 0.0, 0.0, 0.0, 0.0, 0.0, 0.0, 0.0, 0.0, 0.0, 0.0, 0.0, 0.0, 0.0, 0.0]"
hMpxV/Chile/RM-ISP-134390/2022|EPI_ISL_19345341|2022-11-30,"[0.0, 0.0, 0.0, 0.0, 1.0, 0.0, 0.0, 0.0, 0.0, 0.0, 0.0, 0.0, 0.0, 0.0, 0.0, 0.0, 0.0, 0.0, 0.0, 0.0, 0.0, 0.0, 0.0, 0.0, 0.0, 0.0, 0.0, 0.0, 0.0, 0.0, 0.0]"
hMpxV/Chile/RM-ISP-137742/2022|EPI_ISL_19345352|2022-12-15,"[0.0, 0.0, 0.0, 0.0, 0.9999999999999999, 0.0, 0.0, 0.0, 0.0, 0.0, 0.0, 0.0, 0.0, 0.0, 0.0, 0.0, 0.0, 0.0, 0.0, 0.0, 0.0, 0.0, 0.0, 0.0, 0.0, 0.0, 0.0, 0.0, 0.0, 0.0, 0.0]"
hMpxV/Chile/VS-ISP-7728/2023|EPI_ISL_19345370|2023-01-27,"[0.0, 0.0, 0.0, 0.0, 1.0, 0.0, 0.0, 0.0, 0.0, 0.0, 0.0, 0.0, 0.0, 0.0, 0.0, 0.0, 0.0, 0.0, 0.0, 0.0, 0.0, 0.0, 0.0, 0.0, 0.0, 0.0, 0.0, 0.0, 0.0, 0.0, 0.0]"
hMpxV/Chile/RM-ISP-7794/2023|EPI_ISL_19345371|2023-01-30,"[0.0, 0.0, 0.0, 0.0, 1.0, 0.0, 0.0, 0.0, 0.0, 0.0, 0.0, 0.0, 0.0, 0.0, 0.0, 0.0, 0.0, 0.0, 0.0, 0.0, 0.0, 0.0, 0.0, 0.0, 0.0, 0.0, 0.0, 0.0, 0.0, 0.0, 0.0]"
hMpxV/Chile/RM-ISP-8717/2023|EPI_ISL_19345372|2023-02-02,"[0.0, 0.0, 0.0, 0.0, 1.0, 0.0, 0.0, 0.0, 0.0, 0.0, 0.0, 0.0, 0.0, 0.0, 0.0, 0.0, 0.0, 0.0, 0.0, 0.0, 0.0, 0.0, 0.0, 0.0, 0.0, 0.0, 0.0, 0.0, 0.0, 0.0, 0.0]"
NODE_0000460,"[6.644130543372504e-28, 9.971802832531708e-27, 2.4687441969478498e-25, 4.806672623472539e-27, 1.0, 4.70007344569437e-27, 4.6945820492026104e-27, 4.51063715936578e-27, 4.541519877452272e-27, 4.635731452310692e-27, 4.502723754042458e-27, 4.721285075553165e-27, 3.660012785726288e-27, 4.3044453922996175e-27, 9.051452508051724e-28, 1.758691844494316e-27, 3.804662042945197e-27, 4.721285075543917e-27, 4.721285075542783e-27, 3.606208738762851e-27, 1.2026633919965887e-21, 4.282156617414321e-27, 1.3335555189091383e-27, 4.512713470025497e-27, 2.518608722994021e-28, 4.105316379127917e-27, 2.029881296660487e-27, 4.3033244593058355e-27, 3.484488323811037e-27, 1.593103023633352e-28, 4.4037132132770205e-27]"
hMpxV/Chile/VS-ISP-131906/2022|EPI_ISL_19345332|2022-11-26,"[0.0, 0.0, 0.0, 0.0, 1.0, 0.0, 0.0, 0.0, 0.0, 0.0, 0.0, 0.0, 0.0, 0.0, 0.0, 0.0, 0.0, 0.0, 0.0, 0.0, 0.0, 0.0, 0.0, 0.0, 0.0, 0.0, 0.0, 0.0, 0.0, 0.0, 0.0]"
hMpxV/Chile/RM-ISP-134774/2022|EPI_ISL_19345343|2022-12-01,"[0.0, 0.0, 0.0, 0.0, 1.0, 0.0, 0.0, 0.0, 0.0, 0.0, 0.0, 0.0, 0.0, 0.0, 0.0, 0.0, 0.0, 0.0, 0.0, 0.0, 0.0, 0.0, 0.0, 0.0, 0.0, 0.0, 0.0, 0.0, 0.0, 0.0, 0.0]"
hMpxV/Chile/RM-ISP-135958/2022|EPI_ISL_19345348|2022-12-04,"[0.0, 0.0, 0.0, 0.0, 1.0, 0.0, 0.0, 0.0, 0.0, 0.0, 0.0, 0.0, 0.0, 0.0, 0.0, 0.0, 0.0, 0.0, 0.0, 0.0, 0.0, 0.0, 0.0, 0.0, 0.0, 0.0, 0.0, 0.0, 0.0, 0.0, 0.0]"
hMpxV/Chile/VS-ISP-138625/2022|EPI_ISL_19345356|2022-12-19,"[0.0, 0.0, 0.0, 0.0, 1.0, 0.0, 0.0, 0.0, 0.0, 0.0, 0.0, 0.0, 0.0, 0.0, 0.0, 0.0, 0.0, 0.0, 0.0, 0.0, 0.0, 0.0, 0.0, 0.0, 0.0, 0.0, 0.0, 0.0, 0.0, 0.0, 0.0]"
hMpxV/Chile/RM-ISP-140628/2022|EPI_ISL_19345358|2022-12-28,"[0.0, 0.0, 0.0, 0.0, 1.0, 0.0, 0.0, 0.0, 0.0, 0.0, 0.0, 0.0, 0.0, 0.0, 0.0, 0.0, 0.0, 0.0, 0.0, 0.0, 0.0, 0.0, 0.0, 0.0, 0.0, 0.0, 0.0, 0.0, 0.0, 0.0, 0.0]"
hMpxV/Chile/VS-ISP-1163/2023|EPI_ISL_19345353|2023-01-03,"[0.0, 0.0, 0.0, 0.0, 1.0, 0.0, 0.0, 0.0, 0.0, 0.0, 0.0, 0.0, 0.0, 0.0, 0.0, 0.0, 0.0, 0.0, 0.0, 0.0, 0.0, 0.0, 0.0, 0.0, 0.0, 0.0, 0.0, 0.0, 0.0, 0.0, 0.0]"
hMpxV/Chile/RM-ISP-135491/2022|EPI_ISL_19345346|2022-12-09,"[0.0, 0.0, 0.0, 0.0, 1.0, 0.0, 0.0, 0.0, 0.0, 0.0, 0.0, 0.0, 0.0, 0.0, 0.0, 0.0, 0.0, 0.0, 0.0, 0.0, 0.0, 0.0, 0.0, 0.0, 0.0, 0.0, 0.0, 0.0, 0.0, 0.0, 0.0]"
hMpxV/Chile/VS-ISP-7726/2023|EPI_ISL_19345368|2023-01-27,"[0.0, 0.0, 0.0, 0.0, 1.0, 0.0, 0.0, 0.0, 0.0, 0.0, 0.0, 0.0, 0.0, 0.0, 0.0, 0.0, 0.0, 0.0, 0.0, 0.0, 0.0, 0.0, 0.0, 0.0, 0.0, 0.0, 0.0, 0.0, 0.0, 0.0, 0.0]"
NODE_0000461,"[4.669054583860843e-08, 1.0382901613548012e-07, 2.6245465311466684e-07, 8.516007808928293e-08, 0.999996054841772, 8.34800073606764e-08, 8.201264490192052e-08, 7.847077550171225e-08, 7.927655224683685e-08, 8.331446082067666e-08, 7.905232027920802e-08, 8.273134761224855e-08, 7.256578254519512e-08, 8.292634903143243e-08, 4.260819767847243e-08, 5.4019694902160814e-08, 7.908995733331822e-08, 8.273134761224372e-08, 8.273134761224188e-08, 7.729381166357402e-08, 1.660950074064144e-06, 8.505405996012532e-08, 4.4050945206111585e-08, 7.847410398204363e-08, 3.681832547979556e-08, 7.697033415461271e-08, 6.241574493947915e-08, 7.754051051661118e-08, 7.290296059341685e-08, 3.2960558342394584e-08, 7.658172069805119e-08]"
hMpxV/Chile/VS-ISP-4661/2023|EPI_ISL_19345366|2023-01-17,"[0.0, 0.0, 0.0, 0.0, 0.9999999999999999, 0.0, 0.0, 0.0, 0.0, 0.0, 0.0, 0.0, 0.0, 0.0, 0.0, 0.0, 0.0, 0.0, 0.0, 0.0, 0.0, 0.0, 0.0, 0.0, 0.0, 0.0, 0.0, 0.0, 0.0, 0.0, 0.0]"
NODE_0000462,"[3.9075638738538465e-10, 9.119935816611174e-10, 2.415908091037706e-09, 7.405380770905922e-10, 0.9999999616041129, 7.249581055102242e-10, 7.11601037864489e-10, 6.834969615170103e-10, 6.908725129806467e-10, 7.242668540754149e-10, 6.880241090906601e-10, 7.19583102303058e-10, 6.29988959324377e-10, 7.18096404025094e-10, 3.5929367187556805e-10, 4.484999956445465e-10, 6.85986202234456e-10, 7.195831023028436e-10, 7.195831023027626e-10, 6.671228252304124e-10, 1.8518656773712073e-08, 7.377186997627497e-10, 3.7511757941008505e-10, 6.83535254874111e-10, 2.978754756183282e-10, 6.686130168316451e-10, 5.363366668897916e-10, 6.743447159303707e-10, 6.320675834667638e-10, 2.5400080811057213e-10, 6.674671056077126e-10]"
hMpxV/Chile/VS-ISP-189/2022|EPI_ISL_19345361|2022-12-30,"[0.0, 0.0, 0.0, 0.0, 1.0, 0.0, 0.0, 0.0, 0.0, 0.0, 0.0, 0.0, 0.0, 0.0, 0.0, 0.0, 0.0, 0.0, 0.0, 0.0, 0.0, 0.0, 0.0, 0.0, 0.0, 0.0, 0.0, 0.0, 0.0, 0.0, 0.0]"
hMpxV/Chile/VS-ISP-445/2022|EPI_ISL_19345362|2022-12-31,"[0.0, 0.0, 0.0, 0.0, 1.0, 0.0, 0.0, 0.0, 0.0, 0.0, 0.0, 0.0, 0.0, 0.0, 0.0, 0.0, 0.0, 0.0, 0.0, 0.0, 0.0, 0.0, 0.0, 0.0, 0.0, 0.0, 0.0, 0.0, 0.0, 0.0, 0.0]"
NODE_0000422,"[0.0011001415748851928, 0.0016344165383924503, 0.009527409845108508, 0.0008915002378583135, 0.00447303615765633, 0.001139969750991204, 0.20722382101617207, 0.0008335024660568737, 0.0008417924372266912, 0.0008817288079256173, 0.000838401591872819, 0.0008695147249626885, 0.0007945923267688926, 0.0013045790934430475, 0.0008368422829041297, 0.00480889372428344, 0.0009333716494438739, 0.0008695147249626701, 0.0008695147249626708, 0.0012316930410752702, 0.7437368661780934, 0.0009036659498250419, 0.0011743390523231605, 0.0008334849560181695, 0.0009251067899176266, 0.0008331331306380279, 0.0007512922032377226, 0.0008338162667046913, 0.0008024139922185844, 0.006484041402196058, 0.0008176033618746342]"
hMpxV/Egypt/MOH-NRC-0023/2022|EPI_ISL_18879931|2022-12-18,"[0.0, 0.0, 0.0, 0.0, 0.0, 0.0, 1.0, 0.0, 0.0, 0.0, 0.0, 0.0, 0.0, 0.0, 0.0, 0.0, 0.0, 0.0, 0.0, 0.0, 0.0, 0.0, 0.0, 0.0, 0.0, 0.0, 0.0, 0.0, 0.0, 0.0, 0.0]"
NODE_0000423,"[3.1952944561058434e-10, 6.51628163765775e-11, 0.9999999667961953, 6.025823380380135e-11, 1.1597347713772194e-09, 6.315196703428984e-11, 1.2867968052547813e-10, 6.0632139194727e-11, 6.074206891106678e-11, 6.121578467836113e-11, 6.024806211692165e-11, 6.04525735569834e-11, 5.684079251748375e-11, 6.466352472750079e-11, 3.8314852936428363e-11, 3.293105921363027e-10, 6.474772453039976e-11, 6.045257355691288e-11, 6.045257355693568e-11, 5.841529698619203e-11, 1.602274887182822e-08, 5.736626338180104e-11, 5.386827713734662e-09, 6.064070690557427e-11, 9.172443075732724e-11, 6.028237810020003e-11, 4.660391440796742e-11, 6.121479450531219e-11, 5.5474241813619506e-11, 8.467322688038526e-09, 6.059327154122402e-11]"
hMpxV/Brazil/RJ-UG_UFRJ_0544/2024|EPI_ISL_19434489|2024-03-06,"[0.0, 0.0, 1.0, 0.0, 0.0, 0.0, 0.0, 0.0, 0.0, 0.0, 0.0, 0.0, 0.0, 0.0, 0.0, 0.0, 0.0, 0.0, 0.0, 0.0, 0.0, 0.0, 0.0, 0.0, 0.0, 0.0, 0.0, 0.0, 0.0, 0.0, 0.0]"
hMpxV/Brazil/RJ-UG_UFRJ_0548/2024|EPI_ISL_19434492|2024-04-15,"[0.0, 0.0, 1.0, 0.0, 0.0, 0.0, 0.0, 0.0, 0.0, 0.0, 0.0, 0.0, 0.0, 0.0, 0.0, 0.0, 0.0, 0.0, 0.0, 0.0, 0.0, 0.0, 0.0, 0.0, 0.0, 0.0, 0.0, 0.0, 0.0, 0.0, 0.0]"
NODE_0000424,"[1.0662382705404858e-10, 2.4208440387272237e-11, 0.9999999945543853, 2.4193702159768075e-11, 2.9048253204792323e-10, 2.425327073274674e-11, 3.1293697359398716e-11, 2.411888705197556e-11, 2.41658202021209e-11, 2.42275431710213e-11, 2.4025991116184793e-11, 2.4196218772741296e-11, 2.27149814450892e-11, 2.4130288421674245e-11, 1.491817192165159e-11, 7.908848660233909e-11, 2.375174323531445e-11, 2.419621877270854e-11, 2.41962187727196e-11, 2.251357956624017e-11, 1.8531271263973458e-09, 2.3216394593392276e-11, 1.421281398558078e-09, 2.412224804998802e-11, 3.215503393562859e-11, 2.354207099331622e-11, 1.8966588108916165e-11, 2.3892334324401597e-11, 2.2286311042240842e-11, 1.1216813253836875e-09, 2.4044225122635585e-11]"
hMpxV/Brazil/SC-FIOCRUZ-10555/2024|EPI_ISL_19416191|2024-03-01,"[0.0, 0.0, 1.0, 0.0, 0.0, 0.0, 0.0, 0.0, 0.0, 0.0, 0.0, 0.0, 0.0, 0.0, 0.0, 0.0, 0.0, 0.0, 0.0, 0.0, 0.0, 0.0, 0.0, 0.0, 0.0, 0.0, 0.0, 0.0, 0.0, 0.0, 0.0]"
NODE_0000425,"[2.64581236479131e-07, 8.86147408140919e-08, 0.999992206285212, 8.91180062413415e-08, 5.394984500810522e-07, 8.893330168126127e-08, 1.0631133601151763e-07, 8.680890778648412e-08, 8.720803929445018e-08, 8.897624046494353e-08, 8.681717490383501e-08, 8.832381406022827e-08, 8.258646975040285e-08, 8.968756122098257e-08, 5.8307808129056805e-08, 2.0184130401798204e-07, 8.848591860775192e-08, 8.832381406019144e-08, 8.832381406020294e-08, 8.437603722891051e-08, 1.5646392505181374e-06, 8.7586982156209e-08, 1.5891408286499498e-06, 8.681428694592246e-08, 1.1353431345088087e-07, 8.567650870910032e-08, 7.309597359946895e-08, 8.636978162805054e-08, 8.203581030241802e-08, 1.5416516618367897e-06, 8.604541517820335e-08]"
hMpxV/Brazil/RJ-UG_UFRJ_0542/2024|EPI_ISL_19434488|2024-02-08,"[0.0, 0.0, 1.0, 0.0, 0.0, 0.0, 0.0, 0.0, 0.0, 0.0, 0.0, 0.0, 0.0, 0.0, 0.0, 0.0, 0.0, 0.0, 0.0, 0.0, 0.0, 0.0, 0.0, 0.0, 0.0, 0.0, 0.0, 0.0, 0.0, 0.0, 0.0]"
hMpxV/Brazil/RJ-FIOCRUZ-10485/2024|EPI_ISL_19416149|2024-04-07,"[0.0, 0.0, 1.0, 0.0, 0.0, 0.0, 0.0, 0.0, 0.0, 0.0, 0.0, 0.0, 0.0, 0.0, 0.0, 0.0, 0.0, 0.0, 0.0, 0.0, 0.0, 0.0, 0.0, 0.0, 0.0, 0.0, 0.0, 0.0, 0.0, 0.0, 0.0]"
NODE_0000426,"[2.684295018774642e-09, 8.117039371827444e-10, 0.999999913004732, 8.210708899112223e-10, 5.849909848241416e-09, 8.165606009202954e-10, 1.001696649688672e-09, 8.051232969797528e-10, 8.079932352590674e-10, 8.155605035189073e-10, 8.046895483772712e-10, 8.159981459522116e-10, 7.636931884197719e-10, 8.06332566589549e-10, 5.21697103450788e-10, 1.9884028811927567e-09, 7.886844118141236e-10, 8.159981459512822e-10, 8.159981459515369e-10, 7.67196554152825e-10, 2.0554743787293595e-08, 8.010073738161178e-10, 1.989478491585078e-08, 8.052015252014204e-10, 9.987606737769924e-10, 7.884058919402485e-10, 6.644873359626685e-10, 7.968614714479156e-10, 7.563739223732817e-10, 1.683271904508205e-08, 7.993174670453604e-10]"
hMpxV/Brazil/RJ-FIOCRUZ-331/2024|EPI_ISL_19408591|2024-01-12,"[0.0, 0.0, 0.9999999999999999, 0.0, 0.0, 0.0, 0.0, 0.0, 0.0, 0.0, 0.0, 0.0, 0.0, 0.0, 0.0, 0.0, 0.0, 0.0, 0.0, 0.0, 0.0, 0.0, 0.0, 0.0, 0.0, 0.0, 0.0, 0.0, 0.0, 0.0, 0.0]"
hMpxV/Brazil/RJ-FIOCRUZ-14479/2023|EPI_ISL_19012435|2023-12-18,"[0.0, 0.0, 1.0, 0.0, 0.0, 0.0, 0.0, 0.0, 0.0, 0.0, 0.0, 0.0, 0.0, 0.0, 0.0, 0.0, 0.0, 0.0, 0.0, 0.0, 0.0, 0.0, 0.0, 0.0, 0.0, 0.0, 0.0, 0.0, 0.0, 0.0, 0.0]"
NODE_0000427,"[4.688811975748476e-08, 2.5756560106731917e-10, 0.999999888513282, 2.5644754788316936e-10, 3.02011250168475e-09, 2.576503260107731e-10, 3.3293492865491033e-10, 2.59562430140567e-10, 2.5997839385851216e-10, 2.5717737167094496e-10, 2.578219582345882e-10, 2.578043891214715e-10, 2.4211984094854346e-10, 2.5420016461246885e-10, 1.9699197547618947e-10, 8.099250633637631e-10, 2.5050161410972704e-10, 2.5780438912133643e-10, 2.578043891213806e-10, 2.34915097771824e-10, 2.3556232688430303e-08, 2.423770051365216e-10, 1.4562755400300964e-08, 2.5961192795617036e-10, 4.3909318076882217e-10, 2.5100873360426216e-10, 1.9591052273475952e-10, 2.559141204197512e-10, 2.3616228353430413e-10, 1.6418381991894455e-08, 2.598323245508996e-10]"
hMpxV/Brazil/RJ-UG_UFRJ_0545/2024|EPI_ISL_19434490|2024-03-28,"[0.0, 0.0, 1.0, 0.0, 0.0, 0.0, 0.0, 0.0, 0.0, 0.0, 0.0, 0.0, 0.0, 0.0, 0.0, 0.0, 0.0, 0.0, 0.0, 0.0, 0.0, 0.0, 0.0, 0.0, 0.0, 0.0, 0.0, 0.0, 0.0, 0.0, 0.0]"
hMpxV/Brazil/SP-IAL-357523319/2024|EPI_ISL_19359683|2024-02-26,"[0.0, 0.0, 1.0, 0.0, 0.0, 0.0, 0.0, 0.0, 0.0, 0.0, 0.0, 0.0, 0.0, 0.0, 0.0, 0.0, 0.0, 0.0, 0.0, 0.0, 0.0, 0.0, 0.0, 0.0, 0.0, 0.0, 0.0, 0.0, 0.0, 0.0, 0.0]"
hMpxV/Brazil/RJ-FIOCRUZ-09214/2024|EPI_ISL_19416144|2024-03-25,"[0.0, 0.0, 0.9999999999999999, 0.0, 0.0, 0.0, 0.0, 0.0, 0.0, 0.0, 0.0, 0.0, 0.0, 0.0, 0.0, 0.0, 0.0, 0.0, 0.0, 0.0, 0.0, 0.0, 0.0, 0.0, 0.0, 0.0, 0.0, 0.0, 0.0, 0.0, 0.0]"
NODE_0000428,"[0.9999891091548095, 9.109559470321526e-08, 7.463917942489156e-06, 9.239413767269773e-08, 1.4116030903300386e-07, 9.172812769944624e-08, 9.558211915373615e-08, 8.922708304451e-08, 8.975380399841477e-08, 9.173639967601681e-08, 8.932130088267583e-08, 9.127365579825121e-08, 8.416935793003728e-08, 9.162517886828093e-08, 1.2400877203904616e-07, 9.049373134274579e-08, 8.96445136529163e-08, 9.127365579824166e-08, 9.12736557982509e-08, 8.609258703913174e-08, 1.963004223063023e-07, 9.081540447337754e-08, 1.4883157981201901e-07, 8.923358094797622e-08, 2.0764332414634113e-07, 8.76536505292138e-08, 7.345052807227475e-08, 8.845511358421234e-08, 8.370399421389548e-08, 5.607540488124374e-07, 8.823161707466818e-08]"
hMpxV/Australia/VIC-VIDRL-1795/2024|EPI_ISL_19459732|2024-05-22,"[1.0, 0.0, 0.0, 0.0, 0.0, 0.0, 0.0, 0.0, 0.0, 0.0, 0.0, 0.0, 0.0, 0.0, 0.0, 0.0, 0.0, 0.0, 0.0, 0.0, 0.0, 0.0, 0.0, 0.0, 0.0, 0.0, 0.0, 0.0, 0.0, 0.0, 0.0]"
hMpxV/Australia/VIC-VIDRL-40804/2024|EPI_ISL_19459740|2024-05-30,"[1.0, 0.0, 0.0, 0.0, 0.0, 0.0, 0.0, 0.0, 0.0, 0.0, 0.0, 0.0, 0.0, 0.0, 0.0, 0.0, 0.0, 0.0, 0.0, 0.0, 0.0, 0.0, 0.0, 0.0, 0.0, 0.0, 0.0, 0.0, 0.0, 0.0, 0.0]"
NODE_0000429,"[7.583699223766973e-07, 1.2737387544668003e-07, 0.9991807290042437, 1.260802982901726e-07, 8.219679083922047e-07, 1.272149412985434e-07, 1.5200712241453606e-07, 1.2698765968305447e-07, 1.2707300951631878e-07, 1.267222196993529e-07, 1.2638647330373625e-07, 1.2656868155456389e-07, 1.2030354997676297e-07, 1.2704002179227222e-07, 1.1993188506723731e-07, 6.750279275578098e-07, 2.4762841663336023e-07, 1.2656868155454345e-07, 1.2656868155455092e-07, 1.1852605860393457e-07, 2.0038590302980278e-05, 1.2125523564414218e-07, 4.077930264535017e-06, 1.2700549879657257e-07, 1.8634609647710668e-07, 1.8195031723433786e-07, 1.0135102925877401e-07, 1.8065799570266233e-07, 1.1784404293889798e-07, 0.0007896027599469518, 1.2695769122637195e-07]"
NODE_0000430,"[3.0041332282997317e-09, 9.266199202607948e-10, 0.9999998872927747, 9.350802699606947e-10, 6.302859758115544e-09, 9.312323549469263e-10, 1.1322228410906326e-09, 9.15428079738797e-10, 9.189377318529172e-10, 9.302588627887533e-10, 9.150884728833727e-10, 9.286594702221414e-10, 8.69179547900128e-10, 9.252920888422821e-10, 6.058813767518225e-10, 2.262158102981251e-09, 9.255534090805329e-10, 9.286594702192467e-10, 9.286594702198098e-10, 8.774335951318514e-10, 2.2411575509620687e-08, 9.142139058737964e-10, 2.0601366875572992e-08, 9.155078671532054e-10, 1.1556035382580696e-09, 9.075376903275268e-10, 7.602083693489075e-10, 9.159877625680475e-10, 8.615530824603435e-10, 3.6191849559906915e-08, 9.084829137277405e-10]"
hMpxV/Brazil/RJ-FIOCRUZ-10504/2024|EPI_ISL_19416157|2024-05-15,"[0.0, 0.0, 1.0, 0.0, 0.0, 0.0, 0.0, 0.0, 0.0, 0.0, 0.0, 0.0, 0.0, 0.0, 0.0, 0.0, 0.0, 0.0, 0.0, 0.0, 0.0, 0.0, 0.0, 0.0, 0.0, 0.0, 0.0, 0.0, 0.0, 0.0, 0.0]"
hMpxV/Brazil/RJ-FIOCRUZ-10507/2024|EPI_ISL_19416159|2024-05-22,"[0.0, 0.0, 1.0, 0.0, 0.0, 0.0, 0.0, 0.0, 0.0, 0.0, 0.0, 0.0, 0.0, 0.0, 0.0, 0.0, 0.0, 0.0, 0.0, 0.0, 0.0, 0.0, 0.0, 0.0, 0.0, 0.0, 0.0, 0.0, 0.0, 0.0, 0.0]"
NODE_0000432,"[1.7416635675542552e-09, 4.6021646632591346e-10, 0.9999995411484456, 4.6323674993214445e-10, 3.262874888976357e-09, 4.619001702763421e-10, 5.632566010966433e-10, 4.563158113465148e-10, 4.5768974259256367e-10, 4.607533097275576e-10, 4.55786019935939e-10, 4.6116825387861027e-10, 4.3284312544687087e-10, 4.563673829564267e-10, 3.2294021219474134e-10, 1.3698752914119766e-09, 5.307779825781941e-10, 4.6116825387718933e-10, 4.6116825387746297e-10, 4.335272263922054e-10, 2.8752349166674862e-08, 4.5094708317454414e-10, 1.2564933330227898e-08, 4.563641860757969e-10, 5.811005113009836e-10, 4.872688508636308e-10, 3.74882232936776e-10, 4.901580603010091e-10, 4.279667394835739e-10, 4.0009848045212907e-07, 4.535743486133133e-10]"
hMpxV/Brazil/RJ-FIOCRUZ-3526/2024|EPI_ISL_19205399|2024-04-03,"[0.0, 0.0, 1.0, 0.0, 0.0, 0.0, 0.0, 0.0, 0.0, 0.0, 0.0, 0.0, 0.0, 0.0, 0.0, 0.0, 0.0, 0.0, 0.0, 0.0, 0.0, 0.0, 0.0, 0.0, 0.0, 0.0, 0.0, 0.0, 0.0, 0.0, 0.0]"
hMpxV/Brazil/RJ-FIOCRUZ-3528/2024|EPI_ISL_19205401|2024-04-24,"[0.0, 0.0, 1.0, 0.0, 0.0, 0.0, 0.0, 0.0, 0.0, 0.0, 0.0, 0.0, 0.0, 0.0, 0.0, 0.0, 0.0, 0.0, 0.0, 0.0, 0.0, 0.0, 0.0, 0.0, 0.0, 0.0, 0.0, 0.0, 0.0, 0.0, 0.0]"
NODE_0000431,"[7.574682342820488e-08, 6.668706011936885e-09, 6.467664288710778e-05, 6.465793719160903e-09, 1.8525590176125898e-08, 6.6252388678514375e-09, 7.1515156174782754e-09, 6.6739831711175665e-09, 6.6578744350905985e-09, 6.490738140929394e-09, 6.636062324352411e-09, 6.550720529286987e-09, 6.374736356912139e-09, 6.498896285812874e-09, 1.2273292360938299e-08, 9.214249623227323e-08, 3.974310783134941e-08, 6.550720529287231e-09, 6.550720529286377e-09, 6.121257674903497e-09, 6.742653016764979e-06, 6.2078292269919144e-09, 1.0634673343144109e-07, 6.675146303627328e-09, 1.071250908262733e-08, 1.8227679116814697e-08, 5.419365522071621e-09, 1.747362818588304e-08, 6.222707392106479e-09, 0.9999280662534952, 6.716728500668852e-09]"
hMpxV/USA/CA-LACPHL-MA00622/2024|EPI_ISL_19139151|2024-04-11,"[0.0, 0.0, 0.0, 0.0, 0.0, 0.0, 0.0, 0.0, 0.0, 0.0, 0.0, 0.0, 0.0, 0.0, 0.0, 0.0, 0.0, 0.0, 0.0, 0.0, 0.0, 0.0, 0.0, 0.0, 0.0, 0.0, 0.0, 0.0, 0.0, 1.0, 0.0]"
hMpxV/USA/CA-LACPHL-MA00626/2024|EPI_ISL_19196359|2024-05-17,"[0.0, 0.0, 0.0, 0.0, 0.0, 0.0, 0.0, 0.0, 0.0, 0.0, 0.0, 0.0, 0.0, 0.0, 0.0, 0.0, 0.0, 0.0, 0.0, 0.0, 0.0, 0.0, 0.0, 0.0, 0.0, 0.0, 0.0, 0.0, 0.0, 0.9999999999999999, 0.0]"
hMpxV/USA/CA-LACPHL-MA00650/2024|EPI_ISL_19319388|2024-07-10,"[0.0, 0.0, 0.0, 0.0, 0.0, 0.0, 0.0, 0.0, 0.0, 0.0, 0.0, 0.0, 0.0, 0.0, 0.0, 0.0, 0.0, 0.0, 0.0, 0.0, 0.0, 0.0, 0.0, 0.0, 0.0, 0.0, 0.0, 0.0, 0.0, 1.0, 0.0]"
NODE_0000435,"[0.00019994868840229454, 0.00037593814912195906, 0.0013562906990403946, 0.00020498017931433693, 0.0008658165426468501, 0.0002616075677549332, 0.0002927242370360375, 0.0001956967357025327, 0.00019881619403615573, 0.0002878204005983176, 0.0001947061052792972, 0.0002005154377809911, 0.0001858246585107757, 0.0006682972215909056, 0.00018246611071268622, 0.0009533736712792368, 0.0004803480684579798, 0.0002005154377809838, 0.00020051543778098368, 0.6955589876384701, 0.24769909163512277, 0.00020585313247672497, 0.04547799133208035, 0.00019570400209828297, 0.0010658091239393551, 0.00019053735064411315, 0.00016927311501713124, 0.00019203309180282398, 0.00018488228073301513, 0.0013600294535375402, 0.0001936063012500402]"
NODE_0000447,"[1.3497088192675343e-07, 2.208921179835868e-07, 1.8214345567839845e-06, 1.92777068902115e-07, 2.9901243358755903e-07, 2.0137474946570825e-07, 2.0450575825061766e-07, 1.8218652194095963e-07, 1.8453090551620538e-07, 4.1527135246869813e-07, 1.8224738120193573e-07, 1.8837384800843226e-07, 1.7183988291124493e-07, 1.224704349216509e-06, 1.2313338606006884e-07, 2.9021279462080937e-07, 1.1505876292774075e-06, 1.883738480086393e-07, 1.8837384800856e-07, 2.789752556086552e-05, 1.0141524847205867e-05, 1.9311801788466136e-07, 0.9999460251939755, 1.8219261156910652e-07, 6.332265426015519e-06, 1.7831185838504742e-07, 1.535436791742331e-07, 1.79628364620488e-07, 1.716899525259907e-07, 8.007557575351254e-07, 1.7944663481696066e-07]"
hMpxV/Portugal/INSA-PT0615/2022|EPI_ISL_18544967|2022-12-26,"[0.0, 0.0, 0.0, 0.0, 0.0, 0.0, 0.0, 0.0, 0.0, 0.0, 0.0, 0.0, 0.0, 0.0, 0.0, 0.0, 0.0, 0.0, 0.0, 0.0, 0.0, 0.0, 1.0, 0.0, 0.0, 0.0, 0.0, 0.0, 0.0, 0.0, 0.0]"
hMpxV/Portugal/INSA-PT0618/2023|EPI_ISL_18544281|2023-01-12,"[0.0, 0.0, 0.0, 0.0, 0.0, 0.0, 0.0, 0.0, 0.0, 0.0, 0.0, 0.0, 0.0, 0.0, 0.0, 0.0, 0.0, 0.0, 0.0, 0.0, 0.0, 0.0, 1.0, 0.0, 0.0, 0.0, 0.0, 0.0, 0.0, 0.0, 0.0]"
NODE_0000436,"[4.613229129839164e-13, 1.8352605780970316e-12, 1.822689259660006e-12, 1.0468981294677255e-12, 3.70633916408353e-12, 1.3073025399522304e-12, 1.4600791329772677e-12, 9.979803320231105e-13, 1.0099208703730882e-12, 1.327649382457267e-12, 9.920728718570587e-13, 1.0280982284869338e-12, 8.788212920697044e-13, 2.6386695199024755e-12, 5.219604697880084e-13, 3.1810390363531454e-12, 1.8489543847421445e-12, 1.0280982284868343e-12, 1.0280982284870067e-12, 0.9999999981979442, 1.477815399425712e-09, 9.8868158631277e-13, 2.876570300637209e-10, 9.982319945178534e-13, 1.2334314173409394e-12, 9.374475019234625e-13, 6.284148108359923e-13, 9.641680858204997e-13, 8.523642913349246e-13, 8.765470960904761e-13, 9.831865687434028e-13]"
hMpxV/Paraguay/601896/2023|EPI_ISL_17988355|2023-02-15,"[0.0, 0.0, 0.0, 0.0, 0.0, 0.0, 0.0, 0.0, 0.0, 0.0, 0.0, 0.0, 0.0, 0.0, 0.0, 0.0, 0.0, 0.0, 0.0, 1.0, 0.0, 0.0, 0.0, 0.0, 0.0, 0.0, 0.0, 0.0, 0.0, 0.0, 0.0]"
hMpxV/Paraguay/742315/2022|EPI_ISL_17988367|2022-11-26,"[0.0, 0.0, 0.0, 0.0, 0.0, 0.0, 0.0, 0.0, 0.0, 0.0, 0.0, 0.0, 0.0, 0.0, 0.0, 0.0, 0.0, 0.0, 0.0, 1.0, 0.0, 0.0, 0.0, 0.0, 0.0, 0.0, 0.0, 0.0, 0.0, 0.0, 0.0]"
NODE_0000446,"[2.0704413690165538e-07, 3.7783946141567057e-07, 1.5709520146265475e-07, 3.927885407657283e-07, 3.236902621833633e-07, 3.838566226267429e-07, 3.762298475071106e-07, 3.6108828748773205e-07, 3.647393852518498e-07, 3.843639617836966e-07, 3.638760662972551e-07, 3.813928315683339e-07, 3.3262644349514713e-07, 3.816944218667663e-07, 1.9086473030145284e-07, 2.349501897713968e-07, 3.6355213680987273e-07, 3.813928315683201e-07, 3.813928315683279e-07, 0.9999902943679, 2.1796754810743944e-07, 3.91516638573712e-07, 4.5303270554167306e-07, 3.611058115134504e-07, 1.654221382611726e-07, 3.536491330070577e-07, 2.831299036400767e-07, 3.565000585111667e-07, 3.3390540186546814e-07, 9.684601562959994e-08, 3.520785545836561e-07]"
hMpxV/Paraguay/595736/2023|EPI_ISL_17988354|2023-02-07,"[0.0, 0.0, 0.0, 0.0, 0.0, 0.0, 0.0, 0.0, 0.0, 0.0, 0.0, 0.0, 0.0, 0.0, 0.0, 0.0, 0.0, 0.0, 0.0, 1.0, 0.0, 0.0, 0.0, 0.0, 0.0, 0.0, 0.0, 0.0, 0.0, 0.0, 0.0]"
hMpxV/Paraguay/585623/2023|EPI_ISL_17988349|2023-01-23,"[0.0, 0.0, 0.0, 0.0, 0.0, 0.0, 0.0, 0.0, 0.0, 0.0, 0.0, 0.0, 0.0, 0.0, 0.0, 0.0, 0.0, 0.0, 0.0, 0.9999999999999999, 0.0, 0.0, 0.0, 0.0, 0.0, 0.0, 0.0, 0.0, 0.0, 0.0, 0.0]"
NODE_0000444,"[4.290398438283886e-10, 9.6445314623525e-10, 3.045787587912679e-10, 1.0054653492810866e-09, 8.029541689406384e-10, 9.812054128700359e-10, 9.633230559475703e-10, 9.257705034637694e-10, 9.345142510359102e-10, 9.820257280425302e-10, 9.318890319794504e-10, 9.776798461073197e-10, 8.358013121893208e-10, 9.64949976115914e-10, 4.207274307561387e-10, 5.452646949462162e-10, 9.082504394569069e-10, 9.77679846107234e-10, 9.776798461072515e-10, 0.9999999755481175, 6.565154923025564e-10, 9.851271949628365e-10, 1.3830811893233304e-09, 9.258719607954476e-10, 3.114460332694384e-10, 8.966248420857978e-10, 6.65485712112648e-10, 9.092090519756687e-10, 8.323143298089589e-10, 1.506288846366383e-10, 9.023250732774048e-10]"
hMpxV/Paraguay/593520/2023|EPI_ISL_17988352|2023-02-02,"[0.0, 0.0, 0.0, 0.0, 0.0, 0.0, 0.0, 0.0, 0.0, 0.0, 0.0, 0.0, 0.0, 0.0, 0.0, 0.0, 0.0, 0.0, 0.0, 1.0, 0.0, 0.0, 0.0, 0.0, 0.0, 0.0, 0.0, 0.0, 0.0, 0.0, 0.0]"
hMpxV/Paraguay/607376/2023|EPI_ISL_17988357|2023-02-18,"[0.0, 0.0, 0.0, 0.0, 0.0, 0.0, 0.0, 0.0, 0.0, 0.0, 0.0, 0.0, 0.0, 0.0, 0.0, 0.0, 0.0, 0.0, 0.0, 1.0, 0.0, 0.0, 0.0, 0.0, 0.0, 0.0, 0.0, 0.0, 0.0, 0.0, 0.0]"
NODE_0000445,"[1.001573196611099e-08, 1.867274822335289e-08, 7.506120859016392e-09, 1.94227799595484e-08, 1.5942014481127197e-08, 1.8980492524491913e-08, 1.8603313243892386e-08, 1.787647211642999e-08, 1.8064071266581063e-08, 1.8995789368326532e-08, 1.800459402194026e-08, 1.8862176473005677e-08, 1.6431576982394098e-08, 1.8826661716796836e-08, 9.259825295035246e-09, 1.1478055053348715e-08, 1.7935717877238806e-08, 1.8862176473004986e-08, 1.8862176473005932e-08, 0.9999995206186172, 1.1248119220489554e-08, 1.9327296376857138e-08, 2.3157421236771e-08, 1.7877502716725302e-08, 7.762681523600645e-09, 1.747774041377999e-08, 1.389332773185158e-08, 1.7632132846391324e-08, 1.64803171119023e-08, 4.483795976050804e-09, 1.743855319364931e-08]"
hMpxV/Paraguay/595642/2023|EPI_ISL_17988353|2023-02-07,"[0.0, 0.0, 0.0, 0.0, 0.0, 0.0, 0.0, 0.0, 0.0, 0.0, 0.0, 0.0, 0.0, 0.0, 0.0, 0.0, 0.0, 0.0, 0.0, 1.0, 0.0, 0.0, 0.0, 0.0, 0.0, 0.0, 0.0, 0.0, 0.0, 0.0, 0.0]"
hMpxV/Paraguay/747046/2023|EPI_ISL_17988377|2023-01-02,"[0.0, 0.0, 0.0, 0.0, 0.0, 0.0, 0.0, 0.0, 0.0, 0.0, 0.0, 0.0, 0.0, 0.0, 0.0, 0.0, 0.0, 0.0, 0.0, 0.9999999999999999, 0.0, 0.0, 0.0, 0.0, 0.0, 0.0, 0.0, 0.0, 0.0, 0.0, 0.0]"
NODE_0000437,"[5.991423603911536e-12, 1.4112577403016465e-11, 4.134314761053505e-12, 1.4731777330851377e-11, 1.1663429645957955e-11, 1.4376067980785929e-11, 1.411327508065812e-11, 1.3602991670552291e-11, 1.3744439611010308e-11, 1.437014483436362e-11, 1.3675062538596652e-11, 1.4329387045443815e-11, 1.2223063952106947e-11, 1.4057803888038232e-11, 5.908650962613724e-12, 7.780462023257889e-12, 1.3243774359255051e-11, 1.4329387045440463e-11, 1.4329387045443802e-11, 0.9999999996413909, 1.0627533304122053e-11, 1.4382008659303283e-11, 2.1854455264623308e-11, 1.3604779450593945e-11, 4.052323917202461e-12, 1.312360957639356e-11, 9.592056442503272e-12, 1.3330392028038344e-11, 1.2149026188721245e-11, 1.9019083235719577e-12, 1.3273782201667217e-11]"
NODE_0000442,"[9.372626915821918e-09, 1.745825797104291e-08, 7.026568534161389e-09, 1.8159144188229323e-08, 1.490742378584913e-08, 1.77457423907491e-08, 1.739300453746095e-08, 1.6713057845566277e-08, 1.6888387528884245e-08, 1.7760206399212227e-08, 1.6833048423898953e-08, 1.7634885131999916e-08, 1.5363714585191485e-08, 1.7603284618642345e-08, 8.663676371801832e-09, 1.0736666018748275e-08, 1.6770843785254157e-08, 1.7634885131998093e-08, 1.763488513199954e-08, 0.9999995517807664, 1.050331685024071e-08, 1.8071366166503593e-08, 2.1625423782457547e-08, 1.6714016879680153e-08, 7.269634529184439e-09, 1.63413360980433e-08, 1.2994299926139569e-08, 1.6485178993225734e-08, 1.5409895070545844e-08, 4.20090885819102e-09, 1.6303547265915948e-08]"
hMpxV/Paraguay/591628/2023|EPI_ISL_17988351|2023-01-31,"[0.0, 0.0, 0.0, 0.0, 0.0, 0.0, 0.0, 0.0, 0.0, 0.0, 0.0, 0.0, 0.0, 0.0, 0.0, 0.0, 0.0, 0.0, 0.0, 1.0, 0.0, 0.0, 0.0, 0.0, 0.0, 0.0, 0.0, 0.0, 0.0, 0.0, 0.0]"
hMpxV/Paraguay/745948/2022|EPI_ISL_17988370|2022-12-21,"[0.0, 0.0, 0.0, 0.0, 0.0, 0.0, 0.0, 0.0, 0.0, 0.0, 0.0, 0.0, 0.0, 0.0, 0.0, 0.0, 0.0, 0.0, 0.0, 1.0, 0.0, 0.0, 0.0, 0.0, 0.0, 0.0, 0.0, 0.0, 0.0, 0.0, 0.0]"
NODE_0000443,"[1.090954842270571e-11, 2.4568900668803663e-11, 7.703165598125339e-12, 2.5620214105286662e-11, 2.0441650139428248e-11, 2.500366701119783e-11, 2.4544831077351214e-11, 2.3607771499876953e-11, 2.383876040356865e-11, 2.5015783236000487e-11, 2.375578680704169e-11, 2.4912549007250735e-11, 2.1310135158329897e-11, 2.4561811322626904e-11, 1.0678440948484725e-11, 1.386024582901659e-11, 2.314180509821092e-11, 2.4912549007241458e-11, 2.4912549007244146e-11, 0.9999999993765237, 1.7054603073118317e-11, 2.510159890107482e-11, 3.563258146863657e-11, 2.3610387547382473e-11, 7.7797834526588e-12, 2.2852769780725994e-11, 1.6963775182383816e-11, 2.3176793137973605e-11, 2.1219430874451244e-11, 3.765930637366141e-12, 2.3018614087343942e-11]"
hMpxV/Paraguay/635677/2023|EPI_ISL_17988361|2023-03-27,"[0.0, 0.0, 0.0, 0.0, 0.0, 0.0, 0.0, 0.0, 0.0, 0.0, 0.0, 0.0, 0.0, 0.0, 0.0, 0.0, 0.0, 0.0, 0.0, 1.0, 0.0, 0.0, 0.0, 0.0, 0.0, 0.0, 0.0, 0.0, 0.0, 0.0, 0.0]"
hMpxV/Paraguay/746338/2022|EPI_ISL_17988372|2022-12-26,"[0.0, 0.0, 0.0, 0.0, 0.0, 0.0, 0.0, 0.0, 0.0, 0.0, 0.0, 0.0, 0.0, 0.0, 0.0, 0.0, 0.0, 0.0, 0.0, 1.0, 0.0, 0.0, 0.0, 0.0, 0.0, 0.0, 0.0, 0.0, 0.0, 0.0, 0.0]"
hMpxV/Paraguay/747004/2023|EPI_ISL_17988374|2023-01-02,"[0.0, 0.0, 0.0, 0.0, 0.0, 0.0, 0.0, 0.0, 0.0, 0.0, 0.0, 0.0, 0.0, 0.0, 0.0, 0.0, 0.0, 0.0, 0.0, 1.0, 0.0, 0.0, 0.0, 0.0, 0.0, 0.0, 0.0, 0.0, 0.0, 0.0, 0.0]"
NODE_0000438,"[1.7759253908703382e-11, 3.95966786329562e-11, 1.2618780113210153e-11, 4.127930234083672e-11, 3.2996740216022044e-11, 4.0285889061812844e-11, 3.954733606398434e-11, 3.801233367979502e-11, 3.83759431422635e-11, 4.0316770539672244e-11, 3.826183874403465e-11, 4.01363093028736e-11, 3.4347315304091475e-11, 3.9623566806546e-11, 1.7363535344161173e-11, 2.245911843340979e-11, 3.7323641738229185e-11, 4.0136309302867456e-11, 4.013630930288026e-11, 0.9999999989955839, 2.6881008831094313e-11, 4.047437947724779e-11, 5.647359572716231e-11, 3.801636476542101e-11, 1.2866032485897033e-11, 3.682777272314188e-11, 2.742644408789587e-11, 3.733630283589341e-11, 3.421492432675103e-11, 6.2685144173949936e-12, 3.705393976491533e-11]"
hMpxV/Paraguay/617799/2023|EPI_ISL_17988359|2023-03-03,"[0.0, 0.0, 0.0, 0.0, 0.0, 0.0, 0.0, 0.0, 0.0, 0.0, 0.0, 0.0, 0.0, 0.0, 0.0, 0.0, 0.0, 0.0, 0.0, 1.0, 0.0, 0.0, 0.0, 0.0, 0.0, 0.0, 0.0, 0.0, 0.0, 0.0, 0.0]"
NODE_0000439,"[4.967755016104813e-08, 9.089311297289441e-08, 3.7621520399772244e-08, 9.449796139940575e-08, 7.783034294782527e-08, 9.234899888372502e-08, 9.051312844300671e-08, 8.688860305500195e-08, 8.777337693762901e-08, 9.246300776560464e-08, 8.755146169849556e-08, 9.175811562955426e-08, 8.001890471897851e-08, 9.179335383510205e-08, 4.580343247482799e-08, 5.6432478421510076e-08, 8.743928365786078e-08, 9.175811562954738e-08, 9.175811562955671e-08, 0.9999976653118482, 5.277391334221188e-08, 9.417350766962796e-08, 1.094990176183618e-07, 8.689290240255487e-08, 3.9487690708144184e-08, 8.507766570386231e-08, 6.80589599369326e-08, 8.577200989216863e-08, 8.031784650221695e-08, 2.3086090486727735e-08, 8.472768271525515e-08]"
hMpxV/Paraguay/590800/2023|EPI_ISL_17988350|2023-01-29,"[0.0, 0.0, 0.0, 0.0, 0.0, 0.0, 0.0, 0.0, 0.0, 0.0, 0.0, 0.0, 0.0, 0.0, 0.0, 0.0, 0.0, 0.0, 0.0, 1.0, 0.0, 0.0, 0.0, 0.0, 0.0, 0.0, 0.0, 0.0, 0.0, 0.0, 0.0]"
hMpxV/Paraguay/613691/2023|EPI_ISL_17988358|2023-02-28,"[0.0, 0.0, 0.0, 0.0, 0.0, 0.0, 0.0, 0.0, 0.0, 0.0, 0.0, 0.0, 0.0, 0.0, 0.0, 0.0, 0.0, 0.0, 0.0, 1.0, 0.0, 0.0, 0.0, 0.0, 0.0, 0.0, 0.0, 0.0, 0.0, 0.0, 0.0]"
NODE_0000440,"[7.60388320570943e-10, 1.4435636401039398e-09, 5.639059965471337e-10, 1.502272630503261e-09, 1.2289557528643244e-09, 1.4680331784590333e-09, 1.4388532093510895e-09, 1.3840787292513728e-09, 1.399058681348357e-09, 1.4685678591257754e-09, 1.393347266925531e-09, 1.4590993418713142e-09, 1.2698761850484004e-09, 1.4530862648232059e-09, 7.047437653643507e-10, 8.788090288948115e-10, 1.3846141626176932e-09, 1.4590993418711204e-09, 1.4590993418713586e-09, 0.9999999629507067, 9.021690786443631e-10, 1.4927775364524133e-09, 1.8421024894463827e-09, 1.3841696834591345e-09, 5.743999052493991e-10, 1.3512267657044643e-09, 1.0676548134672035e-09, 1.3640447573103723e-09, 1.2727064863918178e-09, 3.2787485082131096e-10, 1.3507140268738046e-09]"
hMpxV/Paraguay/744881/2022|EPI_ISL_17988369|2022-12-12,"[0.0, 0.0, 0.0, 0.0, 0.0, 0.0, 0.0, 0.0, 0.0, 0.0, 0.0, 0.0, 0.0, 0.0, 0.0, 0.0, 0.0, 0.0, 0.0, 1.0, 0.0, 0.0, 0.0, 0.0, 0.0, 0.0, 0.0, 0.0, 0.0, 0.0, 0.0]"
NODE_0000441,"[5.356645103323037e-10, 1.0145810145446262e-09, 3.977973656952036e-10, 1.0557748794062863e-09, 8.640743861727309e-10, 1.0317154443517515e-09, 1.0112094050015166e-09, 9.725802639799432e-10, 9.830640680453456e-10, 1.0321510489872223e-09, 9.791536051601154e-10, 1.0254161603818733e-09, 8.92541913662603e-10, 1.021494713729158e-09, 4.963172888455122e-10, 6.184366912734129e-10, 9.733310135023904e-10, 1.0254161603815007e-09, 1.025416160381607e-09, 0.9999999739599359, 6.310379932278701e-10, 1.0492931468859077e-09, 1.2898815754079845e-09, 9.726432366037195e-10, 4.0603428228613214e-10, 9.496777782821185e-10, 7.509507431315042e-10, 9.586064160332966e-10, 8.946165171072409e-10, 2.321014429209539e-10, 9.490850105862998e-10]"
hMpxV/Paraguay/747006/2023|EPI_ISL_17988376|2023-01-02,"[0.0, 0.0, 0.0, 0.0, 0.0, 0.0, 0.0, 0.0, 0.0, 0.0, 0.0, 0.0, 0.0, 0.0, 0.0, 0.0, 0.0, 0.0, 0.0, 1.0, 0.0, 0.0, 0.0, 0.0, 0.0, 0.0, 0.0, 0.0, 0.0, 0.0, 0.0]"
hMpxV/Paraguay/747536/2023|EPI_ISL_17988378|2023-01-09,"[0.0, 0.0, 0.0, 0.0, 0.0, 0.0, 0.0, 0.0, 0.0, 0.0, 0.0, 0.0, 0.0, 0.0, 0.0, 0.0, 0.0, 0.0, 0.0, 1.0, 0.0, 0.0, 0.0, 0.0, 0.0, 0.0, 0.0, 0.0, 0.0, 0.0, 0.0]"
NODE_0000335,"[2.3544158576834627e-13, 6.684080070999202e-14, 1.0686977168888778e-09, 3.349185131798044e-14, 4.517589536978033e-13, 2.2783461494087212e-11, 5.6438031816352574e-14, 3.633211128770939e-14, 3.598675588323736e-14, 3.35829412398162e-14, 3.5754029503948624e-14, 3.4681020671080226e-14, 3.2127571324468663e-14, 4.706822716021239e-14, 5.493318265583323e-14, 0.9997533758258991, 2.0140438686586182e-13, 3.468102067108796e-14, 3.468102067111152e-14, 4.1535741897687747e-14, 0.00023808796174014184, 2.922319221901837e-14, 6.642793400454199e-13, 3.6350168919521766e-14, 1.948604132586036e-14, 9.495866082912949e-14, 2.041334609349326e-14, 9.378364570093044e-14, 2.9949749968757885e-14, 8.53511838773336e-06, 3.693149827496852e-14]"
hMpxV/USA/CA-LACPHL-MA00405/2023|EPI_ISL_16997468|2023-01-10,"[0.0, 0.0, 0.0, 0.0, 0.0, 0.0, 0.0, 0.0, 0.0, 0.0, 0.0, 0.0, 0.0, 0.0, 0.0, 0.0, 0.0, 0.0, 0.0, 0.0, 0.0, 0.0, 0.0, 0.0, 0.0, 0.0, 0.0, 0.0, 0.0, 1.0, 0.0]"
hMpxV/Mexico/YUC_InDRE_F5465/2022|EPI_ISL_17703578|2022-11-22,"[0.0, 0.0, 0.0, 0.0, 0.0, 0.0, 0.0, 0.0, 0.0, 0.0, 0.0, 0.0, 0.0, 0.0, 0.0, 0.9999999999999999, 0.0, 0.0, 0.0, 0.0, 0.0, 0.0, 0.0, 0.0, 0.0, 0.0, 0.0, 0.0, 0.0, 0.0, 0.0]"
hMpxV/Dominican_Republic/LNSPDD-6/2023|EPI_ISL_17960864|2023-01-19,"[0.0, 0.0, 0.0, 0.0, 0.0, 1.0, 0.0, 0.0, 0.0, 0.0, 0.0, 0.0, 0.0, 0.0, 0.0, 0.0, 0.0, 0.0, 0.0, 0.0, 0.0, 0.0, 0.0, 0.0, 0.0, 0.0, 0.0, 0.0, 0.0, 0.0, 0.0]"
NODE_0000342,"[1.085907248599473e-07, 1.7138586921803618e-07, 2.6741735360733605e-07, 1.7389911262551054e-07, 1.6043434957064317e-07, 8.620952311453161e-07, 1.698574815945627e-07, 1.6296225190776977e-07, 1.642387413523733e-07, 1.70943973817354e-07, 1.6397853638476636e-07, 1.700197589969542e-07, 1.5307794956629737e-07, 1.7124183926928886e-07, 9.998947599356586e-08, 0.9999832928800653, 1.650942004062154e-07, 1.7001975899694958e-07, 1.7001975899696003e-07, 1.619935209145007e-07, 1.0806056806991209e-05, 1.7360160348740463e-07, 1.0238724274134433e-07, 1.6296677736732448e-07, 8.953206666575694e-08, 1.6102721949250355e-07, 1.3566841698769483e-07, 1.6195714348559916e-07, 1.5368435716883951e-07, 7.63206467804078e-07, 1.5977194353772774e-07]"
hMpxV/Mexico/NLE_InDRE_F250/2023|EPI_ISL_17703595|2023-02-03,"[0.0, 0.0, 0.0, 0.0, 0.0, 0.0, 0.0, 0.0, 0.0, 0.0, 0.0, 0.0, 0.0, 0.0, 0.0, 1.0, 0.0, 0.0, 0.0, 0.0, 0.0, 0.0, 0.0, 0.0, 0.0, 0.0, 0.0, 0.0, 0.0, 0.0, 0.0]"
hMpxV/Mexico/NLE_InDRE_F251/2023|EPI_ISL_17703596|2023-02-01,"[0.0, 0.0, 0.0, 0.0, 0.0, 0.0, 0.0, 0.0, 0.0, 0.0, 0.0, 0.0, 0.0, 0.0, 0.0, 1.0, 0.0, 0.0, 0.0, 0.0, 0.0, 0.0, 0.0, 0.0, 0.0, 0.0, 0.0, 0.0, 0.0, 0.0, 0.0]"
NODE_0000346,"[8.22422775887747e-09, 2.022799257405571e-09, 2.6912073079840932e-08, 2.0339784630674026e-09, 2.4325767926096732e-09, 3.51732579914884e-09, 2.0353475134368886e-09, 2.025133399334265e-09, 2.0269170350458705e-09, 2.021055797103731e-09, 2.0215677427274336e-09, 2.033880132060607e-09, 1.9293759141442902e-09, 1.981242764071138e-09, 3.0431538559699434e-09, 2.262592923165516e-06, 8.185790036509213e-09, 2.0338801320615136e-09, 2.033880132059684e-09, 1.904659511248482e-09, 5.269189747749546e-07, 1.9868935662450727e-09, 6.177158758334953e-09, 2.025383029006448e-09, 2.2307654320314847e-09, 4.446218476776413e-09, 1.6701977294506724e-09, 4.298400891925889e-09, 1.9028175718199247e-09, 0.9999971053129499, 2.018451422556487e-09]"
hMpxV/USA/CA-CDPH-1M1000241/2022|EPI_ISL_18458960|2022-12-14,"[0.0, 0.0, 0.0, 0.0, 0.0, 0.0, 0.0, 0.0, 0.0, 0.0, 0.0, 0.0, 0.0, 0.0, 0.0, 0.0, 0.0, 0.0, 0.0, 0.0, 0.0, 0.0, 0.0, 0.0, 0.0, 0.0, 0.0, 0.0, 0.0, 1.0, 0.0]"
hMpxV/USA/CA-CDPH-1M1000240/2022|EPI_ISL_18458959|2022-12-14,"[0.0, 0.0, 0.0, 0.0, 0.0, 0.0, 0.0, 0.0, 0.0, 0.0, 0.0, 0.0, 0.0, 0.0, 0.0, 0.0, 0.0, 0.0, 0.0, 0.0, 0.0, 0.0, 0.0, 0.0, 0.0, 0.0, 0.0, 0.0, 0.0, 1.0, 0.0]"
NODE_0000339,"[1.2584916845878486e-09, 2.7069699760462923e-09, 8.607347560860011e-09, 1.5117430885424876e-09, 6.28218618793392e-09, 1.030044396576999e-08, 2.132033719714584e-09, 1.443001245559783e-09, 1.4525396625554427e-09, 1.489689582308825e-09, 1.44757541060437e-09, 1.4877576883366183e-09, 1.3491889222565794e-09, 2.102464028109698e-09, 1.2106341559580435e-09, 0.9998075290011982, 1.51728193919351e-09, 1.4877576883365635e-09, 1.4877576883367996e-09, 1.980191365843455e-09, 0.00019231279647668247, 1.4866095067712345e-09, 1.4411299201897792e-09, 1.443118881433574e-09, 9.310824869142867e-10, 1.4213366862739448e-09, 1.173104272936338e-09, 1.4357004399070563e-09, 1.3450560711712726e-09, 9.484830298401566e-08, 1.4218284663595137e-09]"
hMpxV/Peru/SAM-INS-347/2022|EPI_ISL_16999107|2022-12-22,"[0.0, 0.0, 0.0, 0.0, 0.0, 0.0, 0.0, 0.0, 0.0, 0.0, 0.0, 0.0, 0.0, 0.0, 0.0, 0.0, 0.0, 0.0, 0.0, 0.0, 1.0, 0.0, 0.0, 0.0, 0.0, 0.0, 0.0, 0.0, 0.0, 0.0, 0.0]"
hMpxV/Mexico/CAM_InDRE_F58/2023|EPI_ISL_17672237|2023-01-03,"[0.0, 0.0, 0.0, 0.0, 0.0, 0.0, 0.0, 0.0, 0.0, 0.0, 0.0, 0.0, 0.0, 0.0, 0.0, 1.0, 0.0, 0.0, 0.0, 0.0, 0.0, 0.0, 0.0, 0.0, 0.0, 0.0, 0.0, 0.0, 0.0, 0.0, 0.0]"
NODE_0000340,"[1.218649961424957e-09, 2.004003255907488e-09, 3.3452688894996978e-09, 1.97326175564064e-09, 2.0488858535340244e-09, 1.0560288865001973e-08, 1.9602963651542226e-09, 1.8545419580468648e-09, 1.869609757649822e-09, 1.9398278213073988e-09, 1.8644612282194597e-09, 1.930670883172117e-09, 1.7388344673922922e-09, 1.970826380064138e-09, 1.1351508233988106e-09, 0.999996024270264, 1.868296129740289e-09, 1.930670883172137e-09, 1.9306708831728193e-09, 1.861087405448556e-09, 3.90538086452102e-06, 1.9647323036708613e-09, 1.1807047478980796e-09, 1.8546209678949752e-09, 9.799314111826563e-10, 1.8253628236267547e-09, 1.5297070172250378e-09, 1.8380103932202197e-09, 1.7431177021494679e-09, 1.060738126246722e-08, 1.8199991856803839e-09]"
hMpxV/Mexico/CAM_InDRE_F123/2023|EPI_ISL_17703591|2023-01-05,"[0.0, 0.0, 0.0, 0.0, 0.0, 0.0, 0.0, 0.0, 0.0, 0.0, 0.0, 0.0, 0.0, 0.0, 0.0, 1.0, 0.0, 0.0, 0.0, 0.0, 0.0, 0.0, 0.0, 0.0, 0.0, 0.0, 0.0, 0.0, 0.0, 0.0, 0.0]"
hMpxV/Mexico/YUC_InDRE_F5709/2022|EPI_ISL_17672232|2022-12-05,"[0.0, 0.0, 0.0, 0.0, 0.0, 0.0, 0.0, 0.0, 0.0, 0.0, 0.0, 0.0, 0.0, 0.0, 0.0, 1.0, 0.0, 0.0, 0.0, 0.0, 0.0, 0.0, 0.0, 0.0, 0.0, 0.0, 0.0, 0.0, 0.0, 0.0, 0.0]"
NODE_0000341,"[4.593037368003084e-15, 1.042858583249218e-14, 2.3415383426263364e-14, 1.0495559532136195e-14, 9.651037921776022e-15, 1.7363208710822568e-13, 1.0389184077950059e-14, 1.0037796756002688e-14, 1.0094853028746564e-14, 1.030710958349526e-14, 1.0053382940788593e-14, 1.0347734076263919e-14, 9.147189126844402e-15, 1.0127124836237713e-14, 4.854892590743485e-15, 0.9999999999187765, 9.594048655907887e-15, 1.0347734076264167e-14, 1.0347734076276613e-14, 9.354496167830311e-15, 8.063041518908506e-11, 1.009580843269762e-14, 5.553923179911669e-15, 1.0039415014437824e-14, 3.042274868966713e-15, 9.702520432201925e-15, 7.197984103873666e-15, 9.876871577671208e-15, 9.018219843447202e-15, 1.61412651227059e-13, 9.885437574807596e-15]"
hMpxV/Mexico/ROO_InDRE_F5579/2022|EPI_ISL_17703579|2022-12-05,"[0.0, 0.0, 0.0, 0.0, 0.0, 0.0, 0.0, 0.0, 0.0, 0.0, 0.0, 0.0, 0.0, 0.0, 0.0, 1.0, 0.0, 0.0, 0.0, 0.0, 0.0, 0.0, 0.0, 0.0, 0.0, 0.0, 0.0, 0.0, 0.0, 0.0, 0.0]"
hMpxV/Mexico/YUC_InDRE_F45/2022|EPI_ISL_17703585|2022-12-20,"[0.0, 0.0, 0.0, 0.0, 0.0, 0.0, 0.0, 0.0, 0.0, 0.0, 0.0, 0.0, 0.0, 0.0, 0.0, 1.0, 0.0, 0.0, 0.0, 0.0, 0.0, 0.0, 0.0, 0.0, 0.0, 0.0, 0.0, 0.0, 0.0, 0.0, 0.0]"
hMpxV/Mexico/ROO_InDRE_F81/2023|EPI_ISL_17703588|2023-01-01,"[0.0, 0.0, 0.0, 0.0, 0.0, 0.0, 0.0, 0.0, 0.0, 0.0, 0.0, 0.0, 0.0, 0.0, 0.0, 1.0, 0.0, 0.0, 0.0, 0.0, 0.0, 0.0, 0.0, 0.0, 0.0, 0.0, 0.0, 0.0, 0.0, 0.0, 0.0]"
hMpxV/Mexico/ROO_InDRE_F5733/2022|EPI_ISL_17672233|2022-12-19,"[0.0, 0.0, 0.0, 0.0, 0.0, 0.0, 0.0, 0.0, 0.0, 0.0, 0.0, 0.0, 0.0, 0.0, 0.0, 1.0, 0.0, 0.0, 0.0, 0.0, 0.0, 0.0, 0.0, 0.0, 0.0, 0.0, 0.0, 0.0, 0.0, 0.0, 0.0]"
NODE_0000343,"[1.5281424401213132e-05, 4.1227307429269576e-06, 4.774191173309999e-05, 4.091980290212714e-06, 5.0981406491159375e-06, 6.863335337233708e-06, 4.1147237208484765e-06, 4.044841648317863e-06, 4.052153753433113e-06, 4.0689263417485474e-06, 4.045209635840834e-06, 4.080122247840112e-06, 3.8650817645956446e-06, 4.066341103544183e-06, 5.780214700818475e-06, 0.0018864410150244407, 1.4884431388351656e-05, 4.080122247840201e-06, 4.0801222478401026e-06, 3.880689715864793e-06, 0.0007365223412979189, 4.0275056210055675e-06, 1.1191529545907167e-05, 4.045204095107724e-06, 4.578518374042605e-06, 8.365603945223774e-06, 3.425118578014468e-06, 8.097189113032287e-06, 3.8300315558688355e-06, 0.9971772094101596, 4.024029019019165e-06]"
hMpxV/USA/un-CDPH-1000191/2023|EPI_ISL_17972012|2023-01-12,"[0.0, 0.0, 0.0, 0.0, 0.0, 0.0, 0.0, 0.0, 0.0, 0.0, 0.0, 0.0, 0.0, 0.0, 0.0, 0.0, 0.0, 0.0, 0.0, 0.0, 0.0, 0.0, 0.0, 0.0, 0.0, 0.0, 0.0, 0.0, 0.0, 1.0, 0.0]"
NODE_0000344,"[3.449124519508841e-12, 1.8920022489382762e-13, 2.043443329423373e-11, 1.8408593008911042e-13, 3.0116809120011345e-13, 2.1253205677465716e-13, 1.913552801887091e-13, 1.9438950679035908e-13, 1.9320537683002558e-13, 1.8478984594414984e-13, 1.9257650863149241e-13, 1.8824156932070806e-13, 1.8544522343291807e-13, 1.7981573466425234e-13, 5.816493355960572e-13, 4.266430085311831e-11, 2.596183691929756e-12, 1.8824156932076453e-13, 1.8824156932069488e-13, 1.7240128743882184e-13, 1.0594148406617824e-09, 1.7430168483794719e-13, 2.2878556212776026e-12, 1.9443637629925296e-13, 3.2236636566619156e-13, 8.475491959692711e-13, 1.5156769841582123e-13, 7.945527176578921e-13, 1.7911776446664616e-13, 0.9999999988627652, 1.9675579426811352e-13]"
hMpxV/USA/un-CDPH-1000194/2023|EPI_ISL_17972015|2023-02-14,"[0.0, 0.0, 0.0, 0.0, 0.0, 0.0, 0.0, 0.0, 0.0, 0.0, 0.0, 0.0, 0.0, 0.0, 0.0, 0.0, 0.0, 0.0, 0.0, 0.0, 0.0, 0.0, 0.0, 0.0, 0.0, 0.0, 0.0, 0.0, 0.0, 0.9999999999999999, 0.0]"
hMpxV/USA/CA-CDPH-1MPX1000194/2023|EPI_ISL_17206616|2023-02-14,"[0.0, 0.0, 0.0, 0.0, 0.0, 0.0, 0.0, 0.0, 0.0, 0.0, 0.0, 0.0, 0.0, 0.0, 0.0, 0.0, 0.0, 0.0, 0.0, 0.0, 0.0, 0.0, 0.0, 0.0, 0.0, 0.0, 0.0, 0.0, 0.0, 0.9999999999999999, 0.0]"
NODE_0000345,"[9.311543909530595e-12, 9.020309020772526e-13, 3.4857751178833143e-11, 9.006242909759872e-13, 1.2400075383692393e-12, 9.040472097984399e-13, 9.132726866757145e-13, 9.23675807091123e-13, 9.212849656324584e-13, 8.997761864126271e-13, 9.18567669249253e-13, 9.10586169650191e-13, 8.867240015630307e-13, 8.744041421202868e-13, 2.1802656036139176e-12, 1.1510441594081701e-11, 7.446755899928697e-12, 9.105861696506628e-13, 9.10586169649825e-13, 8.475073640201382e-13, 4.70729790884156e-10, 8.709501473160377e-13, 6.213419194797536e-12, 9.238299872765313e-13, 1.4596036088291027e-12, 3.0191078833895195e-12, 7.605935218393664e-13, 2.861035798655645e-12, 8.671547192189371e-13, 0.9999999994321961, 9.28053876965372e-13]"
hMpxV/USA/un-CDPH-1000193/2023|EPI_ISL_17972014|2023-02-14,"[0.0, 0.0, 0.0, 0.0, 0.0, 0.0, 0.0, 0.0, 0.0, 0.0, 0.0, 0.0, 0.0, 0.0, 0.0, 0.0, 0.0, 0.0, 0.0, 0.0, 0.0, 0.0, 0.0, 0.0, 0.0, 0.0, 0.0, 0.0, 0.0, 1.0, 0.0]"
hMpxV/USA/CA-CDPH-1MPX1000193/2023|EPI_ISL_17206615|2023-02-14,"[0.0, 0.0, 0.0, 0.0, 0.0, 0.0, 0.0, 0.0, 0.0, 0.0, 0.0, 0.0, 0.0, 0.0, 0.0, 0.0, 0.0, 0.0, 0.0, 0.0, 0.0, 0.0, 0.0, 0.0, 0.0, 0.0, 0.0, 0.0, 0.0, 1.0, 0.0]"
NODE_0000336,"[1.1932380632504838e-11, 2.9054405469539095e-12, 0.9999999959711041, 2.90525071050863e-12, 4.033689113745867e-11, 5.0059689954563205e-12, 3.854936694891694e-12, 2.9375231871487714e-12, 2.936645903509994e-12, 2.895451229535405e-12, 2.919631710975317e-12, 2.9235629137681206e-12, 2.721823562168908e-12, 2.813188909810877e-12, 1.5878727840522457e-12, 1.8213381964768617e-09, 2.7284710024984503e-12, 2.923562913764749e-12, 2.9235629137658773e-12, 2.6220154229590057e-12, 1.6317831271999626e-09, 2.7237457456010187e-12, 2.1188602097342507e-10, 2.9381871177148975e-12, 2.9049636385571815e-12, 2.8236552662884507e-12, 2.121868130615524e-12, 2.8872292532944503e-12, 2.642279050460857e-12, 2.4203535610951014e-10, 2.937201291804837e-12]"
hMpxV/Brazil/RJ-FIOCRUZ-29818/2022|EPI_ISL_17614035|2022-12-23,"[0.0, 0.0, 1.0, 0.0, 0.0, 0.0, 0.0, 0.0, 0.0, 0.0, 0.0, 0.0, 0.0, 0.0, 0.0, 0.0, 0.0, 0.0, 0.0, 0.0, 0.0, 0.0, 0.0, 0.0, 0.0, 0.0, 0.0, 0.0, 0.0, 0.0, 0.0]"
hMpxV/Brazil/RJ-FIOCRUZ-29819/2022|EPI_ISL_17614044|2022-12-27,"[0.0, 0.0, 1.0, 0.0, 0.0, 0.0, 0.0, 0.0, 0.0, 0.0, 0.0, 0.0, 0.0, 0.0, 0.0, 0.0, 0.0, 0.0, 0.0, 0.0, 0.0, 0.0, 0.0, 0.0, 0.0, 0.0, 0.0, 0.0, 0.0, 0.0, 0.0]"
NODE_0000337,"[1.3956783526914297e-10, 4.090355267631565e-11, 0.9999999953285074, 4.146570936616821e-11, 3.101373659498149e-10, 4.1187992360642494e-11, 5.093467979437875e-11, 4.074599705482743e-11, 4.0879022563834995e-11, 4.110997169975389e-11, 4.0715346132708325e-11, 4.124480697397928e-11, 3.8614782244034906e-11, 4.0369393193591674e-11, 2.6095852274581004e-11, 1.034483655816484e-10, 3.9370832453372916e-11, 4.12448069739053e-11, 4.124480697392389e-11, 3.85714521513263e-11, 1.1564201989464185e-09, 4.035992446549577e-11, 1.1011931910765573e-09, 4.0750422531443044e-11, 4.955864656149175e-11, 3.9795821138782856e-11, 3.3423346861327473e-11, 4.0256381405466976e-11, 3.820986816930116e-11, 8.931990390590687e-10, 4.047316873017011e-11]"
hMpxV/Brazil/RJ-FIOCRUZ-29654/2022|EPI_ISL_16871163|2022-12-22,"[0.0, 0.0, 0.9999999999999999, 0.0, 0.0, 0.0, 0.0, 0.0, 0.0, 0.0, 0.0, 0.0, 0.0, 0.0, 0.0, 0.0, 0.0, 0.0, 0.0, 0.0, 0.0, 0.0, 0.0, 0.0, 0.0, 0.0, 0.0, 0.0, 0.0, 0.0, 0.0]"
hMpxV/Brazil/RJ-FIOCRUZ-29817/2022|EPI_ISL_17614018|2022-12-22,"[0.0, 0.0, 0.9999999999999999, 0.0, 0.0, 0.0, 0.0, 0.0, 0.0, 0.0, 0.0, 0.0, 0.0, 0.0, 0.0, 0.0, 0.0, 0.0, 0.0, 0.0, 0.0, 0.0, 0.0, 0.0, 0.0, 0.0, 0.0, 0.0, 0.0, 0.0, 0.0]"
NODE_0000338,"[4.172402039173197e-09, 1.2941966812995235e-09, 0.9999998681380932, 1.307013634582449e-09, 8.946869020985582e-09, 1.3010500317457145e-09, 1.5856970674812907e-09, 1.2794735590626785e-09, 1.2843533913884866e-09, 1.3000784361117348e-09, 1.2789971133835558e-09, 1.2980426439487104e-09, 1.214520888521525e-09, 1.2920606904102536e-09, 8.367461843628782e-10, 3.1149240779927704e-09, 1.2666479605151581e-09, 1.298042643944786e-09, 1.298042643945525e-09, 1.2255065420098515e-09, 2.997029492187173e-08, 1.277437777320836e-09, 2.9361766737909137e-08, 1.2795862989907278e-09, 1.6106816530576336e-09, 1.2554695439153424e-09, 1.0612457235111373e-09, 1.2680894821173045e-09, 1.2037661114679264e-09, 2.570917751931618e-08, 1.2697260734240734e-09]"
hMpxV/Brazil/RJ-FIOCRUZ-3015/2023|EPI_ISL_17614021|2023-01-26,"[0.0, 0.0, 0.9999999999999999, 0.0, 0.0, 0.0, 0.0, 0.0, 0.0, 0.0, 0.0, 0.0, 0.0, 0.0, 0.0, 0.0, 0.0, 0.0, 0.0, 0.0, 0.0, 0.0, 0.0, 0.0, 0.0, 0.0, 0.0, 0.0, 0.0, 0.0, 0.0]"
hMpxV/Brazil/RJ-FIOCRUZ-3016/2023|EPI_ISL_17614040|2023-02-08,"[0.0, 0.0, 1.0, 0.0, 0.0, 0.0, 0.0, 0.0, 0.0, 0.0, 0.0, 0.0, 0.0, 0.0, 0.0, 0.0, 0.0, 0.0, 0.0, 0.0, 0.0, 0.0, 0.0, 0.0, 0.0, 0.0, 0.0, 0.0, 0.0, 0.0, 0.0]"
NODE_0000392,"[6.857326417055799e-08, 1.3099503156130425e-07, 3.558895543014393e-07, 7.006522195869732e-08, 3.0674732564253585e-07, 2.895654489774597e-07, 1.01602153749346e-07, 6.640765549597854e-08, 6.691353006720533e-08, 6.905262113405567e-08, 6.670069486457198e-08, 6.873640831834824e-08, 6.290879493759758e-08, 1.0157868551488755e-07, 6.350419612635116e-08, 0.9891033488209886, 7.06987910858109e-08, 6.873640831834306e-08, 6.873640831836546e-08, 9.654829858924384e-08, 0.010892301977026347, 6.992531247675373e-08, 7.200237644765661e-08, 6.640985450926539e-08, 5.5518812684661286e-08, 6.549684262210585e-08, 5.729915241180541e-08, 6.587176711684155e-08, 6.309935199786842e-08, 1.57427284870253e-06, 6.534517284570886e-08]"
NODE_0000412,"[9.863847934282765e-09, 1.796232257215027e-08, 4.38433427943432e-08, 1.1781454703969722e-08, 3.59009741089619e-08, 5.445446928654427e-08, 1.490678880265129e-08, 1.1126942721706047e-08, 1.1213632096382356e-08, 1.160010405296714e-08, 1.1181381034729583e-08, 1.1545257362935689e-08, 1.049850221338847e-08, 1.4931393635993285e-08, 9.117720376109359e-09, 0.9997760582443429, 1.1617131609303158e-08, 1.1545257362935378e-08, 1.1545257362937e-08, 1.4166905432906487e-08, 0.00022333511359427986, 1.1749004350847111e-08, 1.0085146645489614e-08, 1.1127339728810709e-08, 7.990032111664017e-09, 1.097708013810868e-08, 9.442338083557843e-09, 1.104382861281323e-08, 1.0530466905976867e-08, 1.8395760212566011e-07, 1.0936538642786983e-08]"
hMpxV/Mexico/CMX_InDRE_F5430/2022|EPI_ISL_17703577|2022-11-28,"[0.0, 0.0, 0.0, 0.0, 0.0, 0.0, 0.0, 0.0, 0.0, 0.0, 0.0, 0.0, 0.0, 0.0, 0.0, 1.0, 0.0, 0.0, 0.0, 0.0, 0.0, 0.0, 0.0, 0.0, 0.0, 0.0, 0.0, 0.0, 0.0, 0.0, 0.0]"
NODE_0000413,"[1.6696490757548065e-09, 2.6870907518558656e-09, 4.26455082187624e-09, 2.7195724910547654e-09, 2.5300894495875716e-09, 1.4145592175945749e-08, 2.66102892360487e-09, 2.552463489414431e-09, 2.5729143387985527e-09, 2.673316345886571e-09, 2.5671051948706517e-09, 2.6599225927947077e-09, 2.3946244843683378e-09, 2.678810899732994e-09, 1.5482182582441776e-09, 0.9999995223117547, 2.5745581883241733e-09, 2.6599225927948053e-09, 2.6599225927978505e-09, 2.5311005336788318e-09, 3.843637014974416e-07, 2.7106724541198174e-09, 1.5957151298415872e-09, 2.5525569270021592e-09, 1.3564055489516827e-09, 2.5161803432755055e-09, 2.1118158121620396e-09, 2.5324632853630395e-09, 2.4019992855633747e-09, 1.2292495351641097e-08, 2.503786511045471e-09]"
hMpxV/Mexico/GRO_InDRE_F5598/2022|EPI_ISL_17672228|2022-12-10,"[0.0, 0.0, 0.0, 0.0, 0.0, 0.0, 0.0, 0.0, 0.0, 0.0, 0.0, 0.0, 0.0, 0.0, 0.0, 1.0, 0.0, 0.0, 0.0, 0.0, 0.0, 0.0, 0.0, 0.0, 0.0, 0.0, 0.0, 0.0, 0.0, 0.0, 0.0]"
NODE_0000414,"[7.460636038552903e-08, 1.1711504556638052e-07, 1.8154397097481088e-07, 1.1898054542226386e-07, 1.0926169488053422e-07, 5.815233211126562e-07, 1.161236227675441e-07, 1.1144550363103882e-07, 1.123131766440545e-07, 1.1695853144478875e-07, 1.1215670042033287e-07, 1.1631238693829638e-07, 1.0472489152682775e-07, 1.1712235731341961e-07, 6.858003606792734e-08, 0.9999896218542902, 1.1300501914879681e-07, 1.1631238693829062e-07, 1.1631238693830369e-07, 1.1083545390075383e-07, 6.3666036520633406e-06, 1.1883300815538432e-07, 7.006827428372407e-08, 1.114482895162127e-07, 6.1794785381335e-08, 1.1017947368625341e-07, 9.294987887175306e-08, 1.107941684701707e-07, 1.0516705599777901e-07, 5.058268281388201e-07, 1.0924690311060194e-07]"
hMpxV/Mexico/OAX_InDRE_F180/2023|EPI_ISL_17672249|2023-01-25,"[0.0, 0.0, 0.0, 0.0, 0.0, 0.0, 0.0, 0.0, 0.0, 0.0, 0.0, 0.0, 0.0, 0.0, 0.0, 0.9999999999999999, 0.0, 0.0, 0.0, 0.0, 0.0, 0.0, 0.0, 0.0, 0.0, 0.0, 0.0, 0.0, 0.0, 0.0, 0.0]"
NODE_0000415,"[5.280915789549227e-09, 8.468462524505782e-09, 1.3245736925855329e-08, 8.646850605145353e-09, 7.745467628643717e-09, 4.49002136859371e-08, 8.4204372600632e-09, 8.114367908906779e-09, 8.179499309205847e-09, 8.499567395812773e-09, 8.16107215409244e-09, 8.456755741277602e-09, 7.61249628406756e-09, 8.478308307574475e-09, 4.8961362169502435e-09, 0.9999991547480654, 8.18054674307801e-09, 8.45675574127762e-09, 8.456755741279491e-09, 8.010496304544128e-09, 5.511724905045186e-07, 8.619296069597323e-09, 5.03705797072831e-09, 8.114660591720473e-09, 4.291477895315027e-09, 7.999087926289406e-09, 6.713282084413586e-09, 8.05067803213433e-09, 7.636258689101865e-09, 3.744748620001706e-08, 7.959316401201114e-09]"
hMpxV/Mexico/CMX_InDRE_F411/2023|EPI_ISL_17703607|2023-03-16,"[0.0, 0.0, 0.0, 0.0, 0.0, 0.0, 0.0, 0.0, 0.0, 0.0, 0.0, 0.0, 0.0, 0.0, 0.0, 1.0, 0.0, 0.0, 0.0, 0.0, 0.0, 0.0, 0.0, 0.0, 0.0, 0.0, 0.0, 0.0, 0.0, 0.0, 0.0]"
hMpxV/Mexico/CMX_InDRE_F419/2023|EPI_ISL_17703608|2023-03-21,"[0.0, 0.0, 0.0, 0.0, 0.0, 0.0, 0.0, 0.0, 0.0, 0.0, 0.0, 0.0, 0.0, 0.0, 0.0, 1.0, 0.0, 0.0, 0.0, 0.0, 0.0, 0.0, 0.0, 0.0, 0.0, 0.0, 0.0, 0.0, 0.0, 0.0, 0.0]"
NODE_0000393,"[7.04648017074061e-20, 2.5561438736917854e-19, 1.3120143629529272e-18, 1.479190670346261e-19, 5.519263673604879e-19, 6.209363731049734e-18, 2.0622501081213918e-19, 1.448928889778744e-19, 1.4525524891952246e-19, 1.4543376107959412e-19, 1.445093082322497e-19, 1.472867182314577e-19, 1.2949725249123103e-19, 1.9387458854386408e-19, 8.391795227495092e-20, 0.9999999999893273, 1.380617870501432e-19, 1.4728671823144222e-19, 1.472867182315092e-19, 1.7633523604836717e-19, 1.0672639218580309e-11, 1.3776013468395458e-19, 1.146162661750949e-19, 1.4493145248526948e-19, 3.916021337307573e-20, 1.3791057371963547e-19, 9.40564729290376e-20, 1.4175111016913379e-19, 1.2565936240979048e-19, 1.83811301861419e-17, 1.4347096190002572e-19]"
hMpxV/Mexico/BCN_InDRE_F5516/2022|EPI_ISL_17672223|2022-11-29,"[0.0, 0.0, 0.0, 0.0, 0.0, 0.0, 0.0, 0.0, 0.0, 0.0, 0.0, 0.0, 0.0, 0.0, 0.0, 0.9999999999999999, 0.0, 0.0, 0.0, 0.0, 0.0, 0.0, 0.0, 0.0, 0.0, 0.0, 0.0, 0.0, 0.0, 0.0, 0.0]"
NODE_0000408,"[9.708023088740405e-09, 1.5534603276174413e-08, 2.4270696218934765e-08, 1.5855819745111916e-08, 1.4230381330569068e-08, 8.181735507033093e-08, 1.5443046264733606e-08, 1.4876770189277834e-08, 1.4995902156263053e-08, 1.5585811368727756e-08, 1.496325367909576e-08, 1.5506534778058884e-08, 1.3958959949958169e-08, 1.5551900707507494e-08, 8.993053612257785e-09, 0.9999984703297822, 1.5006236694116744e-08, 1.5506534778058626e-08, 1.5506534778060316e-08, 1.469606051007645e-08, 9.909930669996712e-07, 1.5808415394312265e-08, 9.24561242079435e-09, 1.4877290579055916e-08, 7.903200711829577e-09, 1.4669329115031335e-08, 1.2318063053104047e-08, 1.4762696314108443e-08, 1.4004061424934963e-08, 6.848934724945793e-08, 1.4591656303653224e-08]"
hMpxV/Mexico/CHH_InDRE_F5453/2022|EPI_ISL_17672221|2022-11-30,"[0.0, 0.0, 0.0, 0.0, 0.0, 0.0, 0.0, 0.0, 0.0, 0.0, 0.0, 0.0, 0.0, 0.0, 0.0, 1.0, 0.0, 0.0, 0.0, 0.0, 0.0, 0.0, 0.0, 0.0, 0.0, 0.0, 0.0, 0.0, 0.0, 0.0, 0.0]"
hMpxV/Mexico/TAM_InDRE_F153/2023|EPI_ISL_17672245|2023-01-19,"[0.0, 0.0, 0.0, 0.0, 0.0, 0.0, 0.0, 0.0, 0.0, 0.0, 0.0, 0.0, 0.0, 0.0, 0.0, 1.0, 0.0, 0.0, 0.0, 0.0, 0.0, 0.0, 0.0, 0.0, 0.0, 0.0, 0.0, 0.0, 0.0, 0.0, 0.0]"
NODE_0000411,"[4.3971406982835074e-07, 6.826747842351104e-07, 1.053812535852222e-06, 6.915131933808438e-07, 6.442654819544026e-07, 3.2770048951928247e-06, 6.758062481946239e-07, 6.470705519521198e-07, 6.520156964561116e-07, 6.797734366849019e-07, 6.514207875613495e-07, 6.758481219495697e-07, 6.085657188706533e-07, 6.822198674595394e-07, 4.0241676190511646e-07, 0.9999429037803309, 6.581416481797585e-07, 6.758481219495542e-07, 6.758481219495824e-07, 6.461379124607783e-07, 3.387155268850168e-05, 6.913490793729157e-07, 4.0962636751662223e-07, 6.470830564526027e-07, 3.680109253814113e-07, 6.407123918748611e-07, 5.419225804227511e-07, 6.439937799252794e-07, 6.114826597890665e-07, 2.9163027717676854e-06, 6.340854120234388e-07]"
hMpxV/Mexico/NLE_InDRE_F280/2023|EPI_ISL_17703601|2023-02-08,"[0.0, 0.0, 0.0, 0.0, 0.0, 0.0, 0.0, 0.0, 0.0, 0.0, 0.0, 0.0, 0.0, 0.0, 0.0, 1.0, 0.0, 0.0, 0.0, 0.0, 0.0, 0.0, 0.0, 0.0, 0.0, 0.0, 0.0, 0.0, 0.0, 0.0, 0.0]"
hMpxV/Mexico/NLE_InDRE_F311/2023|EPI_ISL_17703602|2023-02-15,"[0.0, 0.0, 0.0, 0.0, 0.0, 0.0, 0.0, 0.0, 0.0, 0.0, 0.0, 0.0, 0.0, 0.0, 0.0, 1.0, 0.0, 0.0, 0.0, 0.0, 0.0, 0.0, 0.0, 0.0, 0.0, 0.0, 0.0, 0.0, 0.0, 0.0, 0.0]"
NODE_0000409,"[3.864285859792233e-09, 6.1501473001729646e-09, 9.581741558470979e-09, 6.273033451734491e-09, 5.649270829600705e-09, 3.188354904557633e-08, 6.1112646994174615e-09, 5.88334403721272e-09, 5.930297525051879e-09, 6.166308272268742e-09, 5.91828798897027e-09, 6.134161606278041e-09, 5.52269139341205e-09, 6.157030419262715e-09, 3.5715359639757113e-09, 0.9999994085398978, 5.942541076879681e-09, 6.134161606277622e-09, 6.134161606279788e-09, 5.820383974013156e-09, 3.788996178286696e-07, 6.257404859091678e-09, 3.666653675144213e-09, 5.8835317923325324e-09, 3.157812763063e-09, 5.805023997364682e-09, 4.881725295995585e-09, 5.840771456115643e-09, 5.542060182208417e-09, 2.692742412119375e-08, 5.769878036655663e-09]"
hMpxV/Mexico/DUR_InDRE_F268/2023|EPI_ISL_17672254|2023-02-02,"[0.0, 0.0, 0.0, 0.0, 0.0, 0.0, 0.0, 0.0, 0.0, 0.0, 0.0, 0.0, 0.0, 0.0, 0.0, 1.0, 0.0, 0.0, 0.0, 0.0, 0.0, 0.0, 0.0, 0.0, 0.0, 0.0, 0.0, 0.0, 0.0, 0.0, 0.0]"
NODE_0000410,"[1.2638271210822157e-09, 2.071718439156462e-09, 3.276821627656926e-09, 2.124489208715919e-09, 1.8625361140767531e-09, 1.1782452319112198e-08, 2.0651104166671205e-09, 1.9972761414378667e-09, 2.0136811402775093e-09, 2.088205223610583e-09, 2.007596647583767e-09, 2.0787617059914256e-09, 1.8705164061634567e-09, 2.0755456195515464e-09, 1.182131829858191e-09, 0.9999997596805004, 2.002215337059775e-09, 2.0787617059912374e-09, 2.0787617059916886e-09, 1.9578746923343686e-09, 1.672406438279081e-07, 2.113380028085748e-09, 1.2245364014860127e-09, 1.9973706224965113e-09, 1.008458752426259e-09, 1.9634866485100326e-09, 1.6384734961279772e-09, 1.9778718602101497e-09, 1.8742343185943297e-09, 9.442491975973837e-09, 1.960268407574216e-09]"
hMpxV/Mexico/VER_InDRE_F5457/2022|EPI_ISL_17672222|2022-11-29,"[0.0, 0.0, 0.0, 0.0, 0.0, 0.0, 0.0, 0.0, 0.0, 0.0, 0.0, 0.0, 0.0, 0.0, 0.0, 1.0, 0.0, 0.0, 0.0, 0.0, 0.0, 0.0, 0.0, 0.0, 0.0, 0.0, 0.0, 0.0, 0.0, 0.0, 0.0]"
hMpxV/Mexico/JAL_InDRE_F5746/2022|EPI_ISL_17672234|2022-12-14,"[0.0, 0.0, 0.0, 0.0, 0.0, 0.0, 0.0, 0.0, 0.0, 0.0, 0.0, 0.0, 0.0, 0.0, 0.0, 1.0, 0.0, 0.0, 0.0, 0.0, 0.0, 0.0, 0.0, 0.0, 0.0, 0.0, 0.0, 0.0, 0.0, 0.0, 0.0]"
NODE_0000405,"[2.5343481327044035e-13, 5.55354722947744e-13, 1.2057249918389295e-12, 5.608503254411833e-13, 5.107133875252169e-13, 8.46500451632961e-12, 5.537079047693433e-13, 5.347071142787789e-13, 5.375430521571378e-13, 5.50790503747242e-13, 5.36081186721468e-13, 5.525271674563614e-13, 4.884713686470794e-13, 5.412828640538369e-13, 2.6461959725163643e-13, 0.9999999989150239, 5.147511056633872e-13, 5.52527167456357e-13, 5.52527167456509e-13, 5.011790096603947e-13, 1.0567756878309076e-09, 5.411552343036221e-13, 2.9857013409913793e-13, 5.347837584441179e-13, 1.732508290560972e-13, 5.189024216464008e-13, 3.881476935486611e-13, 5.275255923586006e-13, 4.824256359054722e-13, 5.978148679857857e-12, 5.26031829584316e-13]"
hMpxV/Mexico/ROO_InDRE_F162/2023|EPI_ISL_17672247|2023-01-16,"[0.0, 0.0, 0.0, 0.0, 0.0, 0.0, 0.0, 0.0, 0.0, 0.0, 0.0, 0.0, 0.0, 0.0, 0.0, 1.0, 0.0, 0.0, 0.0, 0.0, 0.0, 0.0, 0.0, 0.0, 0.0, 0.0, 0.0, 0.0, 0.0, 0.0, 0.0]"
hMpxV/Mexico/ROO_InDRE_F288/2023|EPI_ISL_17672257|2023-02-02,"[0.0, 0.0, 0.0, 0.0, 0.0, 0.0, 0.0, 0.0, 0.0, 0.0, 0.0, 0.0, 0.0, 0.0, 0.0, 0.9999999999999999, 0.0, 0.0, 0.0, 0.0, 0.0, 0.0, 0.0, 0.0, 0.0, 0.0, 0.0, 0.0, 0.0, 0.0, 0.0]"
hMpxV/Mexico/CMX_InDRE_F266/2023|EPI_ISL_17672253|2023-02-09,"[0.0, 0.0, 0.0, 0.0, 0.0, 0.0, 0.0, 0.0, 0.0, 0.0, 0.0, 0.0, 0.0, 0.0, 0.0, 1.0, 0.0, 0.0, 0.0, 0.0, 0.0, 0.0, 0.0, 0.0, 0.0, 0.0, 0.0, 0.0, 0.0, 0.0, 0.0]"
NODE_0000406,"[2.9875501991570565e-10, 4.906858070231715e-10, 7.757727378380609e-10, 5.036797364026942e-10, 4.395292394906417e-10, 2.8031022531364475e-09, 4.893629416129279e-10, 4.736291981544121e-10, 4.7754601527877e-10, 4.950768485236638e-10, 4.760345769401452e-10, 4.928568560369274e-10, 4.435101961278386e-10, 4.917717639619621e-10, 2.7967562452725125e-10, 0.9999999431180271, 4.744563693818128e-10, 4.928568560368928e-10, 4.928568560371215e-10, 4.6381721650072986e-10, 3.956044939610672e-08, 5.009684590278389e-10, 2.899111741674547e-10, 4.736521876201983e-10, 2.3781257605845775e-10, 4.6543025609663244e-10, 3.882864097658975e-10, 4.688831448467484e-10, 4.4434687092309364e-10, 2.2323604007935115e-09, 4.6489586479574796e-10]"
hMpxV/Mexico/NLE_InDRE_F163/2023|EPI_ISL_17703592|2023-01-19,"[0.0, 0.0, 0.0, 0.0, 0.0, 0.0, 0.0, 0.0, 0.0, 0.0, 0.0, 0.0, 0.0, 0.0, 0.0, 1.0, 0.0, 0.0, 0.0, 0.0, 0.0, 0.0, 0.0, 0.0, 0.0, 0.0, 0.0, 0.0, 0.0, 0.0, 0.0]"
NODE_0000407,"[5.703103180290759e-10, 9.31559301946387e-10, 1.469135526716436e-09, 9.550286176344961e-10, 8.385880344022833e-10, 5.230026620884131e-09, 9.283919793035038e-10, 8.976217881667772e-10, 9.049927120350483e-10, 9.387262025832594e-10, 9.023223748295994e-10, 9.343973821457697e-10, 8.408998796382746e-10, 9.33379622529563e-10, 5.327123403872751e-10, 0.9999998959735662, 9.005115881163688e-10, 9.343973821457434e-10, 9.34397382146e-10, 8.806815750243382e-10, 7.127018774435876e-08, 9.503706733439357e-10, 5.512245920554163e-10, 8.976628257915332e-10, 4.561808470564706e-10, 8.827259813571991e-10, 7.374240442976646e-10, 8.890769087825477e-10, 8.427253358588641e-10, 4.20984473651319e-09, 8.80929572555866e-10]"
hMpxV/Mexico/ROO_InDRE_F263/2023|EPI_ISL_17703598|2023-01-30,"[0.0, 0.0, 0.0, 0.0, 0.0, 0.0, 0.0, 0.0, 0.0, 0.0, 0.0, 0.0, 0.0, 0.0, 0.0, 1.0, 0.0, 0.0, 0.0, 0.0, 0.0, 0.0, 0.0, 0.0, 0.0, 0.0, 0.0, 0.0, 0.0, 0.0, 0.0]"
hMpxV/Mexico/ROO_InDRE_F97/2023|EPI_ISL_17703589|2023-01-06,"[0.0, 0.0, 0.0, 0.0, 0.0, 0.0, 0.0, 0.0, 0.0, 0.0, 0.0, 0.0, 0.0, 0.0, 0.0, 0.9999999999999999, 0.0, 0.0, 0.0, 0.0, 0.0, 0.0, 0.0, 0.0, 0.0, 0.0, 0.0, 0.0, 0.0, 0.0, 0.0]"
NODE_0000394,"[9.80680233066812e-10, 1.5946433134185464e-09, 2.5153669161874746e-09, 1.6319363943648022e-09, 1.444949804533181e-09, 8.862795054005982e-09, 1.5877815008004717e-09, 1.5331097166852769e-09, 1.5455425595258845e-09, 1.6040888733737464e-09, 1.5414114311628196e-09, 1.5965453279897316e-09, 1.4366847676741391e-09, 1.596807535182117e-09, 9.142540536798054e-10, 0.9999998211907912, 1.5404014585118351e-09, 1.596545327989608e-09, 1.596545327990338e-09, 1.5071824343689271e-09, 1.228354864802352e-07, 1.624573021312059e-09, 9.446347045311568e-10, 1.5331754709878641e-09, 7.882922152144189e-10, 1.5089126146514783e-09, 1.2614887600960338e-09, 1.5194651369758812e-09, 1.4401357467386674e-09, 7.2214464988067744e-09, 1.5043261264699871e-09]"
hMpxV/Mexico/MEX_InDRE_F5758/2022|EPI_ISL_17672235|2022-12-30,"[0.0, 0.0, 0.0, 0.0, 0.0, 0.0, 0.0, 0.0, 0.0, 0.0, 0.0, 0.0, 0.0, 0.0, 0.0, 1.0, 0.0, 0.0, 0.0, 0.0, 0.0, 0.0, 0.0, 0.0, 0.0, 0.0, 0.0, 0.0, 0.0, 0.0, 0.0]"
NODE_0000395,"[1.3486921940739843e-09, 2.1690345457873297e-09, 3.4011938517468023e-09, 2.215611014319338e-09, 1.9802942866336205e-09, 1.1642979974009056e-08, 2.157296925792397e-09, 2.0796201023962603e-09, 2.0963232082965246e-09, 2.177859251161889e-09, 2.091462367305777e-09, 2.1670528970184837e-09, 1.9505080321950245e-09, 2.1715324657135446e-09, 1.2517490284698298e-09, 0.9999997737411077, 2.0952936349549855e-09, 2.167052897018344e-09, 2.167052897019002e-09, 2.051273331663734e-09, 1.507115845926409e-07, 2.2078877040839553e-09, 1.2890699380955491e-09, 2.079697452514221e-09, 1.093575626167842e-09, 2.049522288648505e-09, 1.7184908064868413e-09, 2.0629697965243714e-09, 1.9562977318805095e-09, 9.667905911451736e-09, 2.0400075373668662e-09]"
hMpxV/Mexico/JAL_InDRE_F171/2023|EPI_ISL_17703593|2023-01-20,"[0.0, 0.0, 0.0, 0.0, 0.0, 0.0, 0.0, 0.0, 0.0, 0.0, 0.0, 0.0, 0.0, 0.0, 0.0, 1.0, 0.0, 0.0, 0.0, 0.0, 0.0, 0.0, 0.0, 0.0, 0.0, 0.0, 0.0, 0.0, 0.0, 0.0, 0.0]"
NODE_0000396,"[1.7954106110847917e-17, 4.7628214392748616e-17, 1.238644495503865e-16, 4.820394831114754e-17, 4.259613398673417e-17, 1.374556885349767e-15, 4.7758731535747205e-17, 4.646212294718419e-17, 4.6662353982082944e-17, 4.7314561706334325e-17, 4.6461455469481494e-17, 4.769739830844166e-17, 4.1770173825017034e-17, 4.5871348342352267e-17, 2.0172408702524607e-17, 0.9999999999993122, 4.3306423775662907e-17, 4.769739830844003e-17, 4.769739830846329e-17, 4.193663762506371e-17, 6.84804962213795e-13, 4.5612581433779323e-17, 2.4111481071153634e-17, 4.6472095938945746e-17, 1.0914374474445055e-17, 4.453209164897662e-17, 3.117486763556725e-17, 4.5564383125688504e-17, 4.0859690882684465e-17, 8.364379759794624e-16, 4.582173660460924e-17]"
hMpxV/Mexico/PUE_InDRE_F57/2023|EPI_ISL_17672236|2023-01-02,"[0.0, 0.0, 0.0, 0.0, 0.0, 0.0, 0.0, 0.0, 0.0, 0.0, 0.0, 0.0, 0.0, 0.0, 0.0, 1.0, 0.0, 0.0, 0.0, 0.0, 0.0, 0.0, 0.0, 0.0, 0.0, 0.0, 0.0, 0.0, 0.0, 0.0, 0.0]"
NODE_0000397,"[4.411564084235276e-09, 7.192310801775703e-09, 1.1334426694801727e-08, 7.36907116760392e-09, 6.490040139688231e-09, 4.012479280099629e-08, 7.165530381727253e-09, 6.924845282143012e-09, 6.981510256768325e-09, 7.243294644802823e-09, 6.961543052763353e-09, 7.2095798791492085e-09, 6.4882172394115874e-09, 7.205147245171796e-09, 4.117753747360435e-09, 0.9999992091798344, 6.9508387731602486e-09, 7.209579879149088e-09, 7.209579879150154e-09, 6.799359101681402e-09, 5.382809761038165e-07, 7.334413843066631e-09, 4.257779446149798e-09, 6.925155792111305e-09, 3.5357371138354196e-09, 6.811781426981094e-09, 5.693005339774211e-09, 6.860238559877086e-09, 6.502941554131383e-09, 3.2433519615104156e-08, 6.795631971970372e-09]"
hMpxV/Mexico/YUC_InDRE_F5757/2022|EPI_ISL_17703581|2022-12-16,"[0.0, 0.0, 0.0, 0.0, 0.0, 0.0, 0.0, 0.0, 0.0, 0.0, 0.0, 0.0, 0.0, 0.0, 0.0, 1.0, 0.0, 0.0, 0.0, 0.0, 0.0, 0.0, 0.0, 0.0, 0.0, 0.0, 0.0, 0.0, 0.0, 0.0, 0.0]"
hMpxV/Mexico/TAB_InDRE_F5681/2022|EPI_ISL_17672230|2022-12-13,"[0.0, 0.0, 0.0, 0.0, 0.0, 0.0, 0.0, 0.0, 0.0, 0.0, 0.0, 0.0, 0.0, 0.0, 0.0, 1.0, 0.0, 0.0, 0.0, 0.0, 0.0, 0.0, 0.0, 0.0, 0.0, 0.0, 0.0, 0.0, 0.0, 0.0, 0.0]"
NODE_0000398,"[1.1015481363591364e-11, 2.0442471730760745e-11, 3.7427456818702385e-11, 2.0739938186367473e-11, 1.8821004719651328e-11, 1.7794099447183532e-10, 2.0341180252429726e-11, 1.9603492341565217e-11, 1.9733634218603887e-11, 2.0377912902185164e-11, 1.9689240861180953e-11, 2.0353577265494836e-11, 1.816262855799839e-11, 2.0197696069165463e-11, 1.0793386661629871e-11, 0.9999999926830685, 1.9357721088868254e-11, 2.035357726549364e-11, 2.0353577265501838e-11, 1.8904359559368184e-11, 6.4926705483310405e-09, 2.035951434083111e-11, 1.1597682108278047e-11, 1.960514491934904e-11, 8.264808030731862e-12, 1.9194657531567824e-11, 1.5252701817770423e-11, 1.940851885815771e-11, 1.808732512483379e-11, 1.3862820415357338e-10, 1.9253165456910126e-11]"
hMpxV/Mexico/CHH_InDRE_F43/2023|EPI_ISL_17703584|2023-01-02,"[0.0, 0.0, 0.0, 0.0, 0.0, 0.0, 0.0, 0.0, 0.0, 0.0, 0.0, 0.0, 0.0, 0.0, 0.0, 1.0, 0.0, 0.0, 0.0, 0.0, 0.0, 0.0, 0.0, 0.0, 0.0, 0.0, 0.0, 0.0, 0.0, 0.0, 0.0]"
hMpxV/Mexico/CAM_InDRE_F5554/2022|EPI_ISL_17672225|2022-11-30,"[0.0, 0.0, 0.0, 0.0, 0.0, 0.0, 0.0, 0.0, 0.0, 0.0, 0.0, 0.0, 0.0, 0.0, 0.0, 1.0, 0.0, 0.0, 0.0, 0.0, 0.0, 0.0, 0.0, 0.0, 0.0, 0.0, 0.0, 0.0, 0.0, 0.0, 0.0]"
hMpxV/Mexico/SLP_InDRE_F293/2023|EPI_ISL_17672255|2023-02-13,"[0.0, 0.0, 0.0, 0.0, 0.0, 0.0, 0.0, 0.0, 0.0, 0.0, 0.0, 0.0, 0.0, 0.0, 0.0, 0.9999999999999999, 0.0, 0.0, 0.0, 0.0, 0.0, 0.0, 0.0, 0.0, 0.0, 0.0, 0.0, 0.0, 0.0, 0.0, 0.0]"
NODE_0000399,"[1.4541593519330402e-08, 2.3461781403790583e-08, 3.682858573309532e-08, 2.3973829749140303e-08, 2.139419539655325e-08, 1.2683308761255428e-07, 2.3339891080937553e-08, 2.250758921656279e-08, 2.2688828454366837e-08, 2.356506871019405e-08, 2.2634006919774037e-08, 2.3449817443273192e-08, 2.1105299497904944e-08, 2.3488404722503544e-08, 1.351617974099716e-08, 0.9999975609082281, 2.2657490897751017e-08, 2.3449817443272686e-08, 2.3449817443275588e-08, 2.2182890922006026e-08, 1.6208855953209532e-06, 2.3883656701495707e-08, 1.3928107894764132e-08, 2.2508475732651307e-08, 1.1767250815635787e-08, 2.2172376511359282e-08, 1.857645084493834e-08, 2.2320559551957165e-08, 2.116453991192431e-08, 1.0473606891767735e-07, 2.2080513750935324e-08]"
hMpxV/Mexico/MEX_InDRE_F98/2023|EPI_ISL_17703590|2023-01-11,"[0.0, 0.0, 0.0, 0.0, 0.0, 0.0, 0.0, 0.0, 0.0, 0.0, 0.0, 0.0, 0.0, 0.0, 0.0, 1.0, 0.0, 0.0, 0.0, 0.0, 0.0, 0.0, 0.0, 0.0, 0.0, 0.0, 0.0, 0.0, 0.0, 0.0, 0.0]"
NODE_0000400,"[1.264144304041591e-09, 2.074258391376344e-09, 3.2866045006011965e-09, 2.1264639132048703e-09, 1.866531078487152e-09, 1.1860903692689092e-08, 2.0674162402251074e-09, 1.9992041479450207e-09, 2.0155847690573687e-09, 2.090138763974384e-09, 2.0095323108826567e-09, 2.0807486150636396e-09, 1.872146358542166e-09, 2.0776368450044293e-09, 1.1828052552994948e-09, 0.9999997525716753, 2.00398393219548e-09, 2.080748615063508e-09, 2.080748615064048e-09, 1.959728067700649e-09, 1.7415238617062405e-07, 2.1150989294548514e-09, 1.2255814294707285e-09, 1.999299309367744e-09, 1.0084804251073494e-09, 1.965366572654005e-09, 1.6393226307668603e-09, 1.9798243613284863e-09, 1.8757702354381017e-09, 9.505705902794679e-09, 1.96216018538523e-09]"
hMpxV/Mexico/QUE_InDRE_F144/2023|EPI_ISL_17672243|2023-01-16,"[0.0, 0.0, 0.0, 0.0, 0.0, 0.0, 0.0, 0.0, 0.0, 0.0, 0.0, 0.0, 0.0, 0.0, 0.0, 1.0, 0.0, 0.0, 0.0, 0.0, 0.0, 0.0, 0.0, 0.0, 0.0, 0.0, 0.0, 0.0, 0.0, 0.0, 0.0]"
hMpxV/Mexico/QUE_InDRE_F18/2022|EPI_ISL_17672248|2022-12-30,"[0.0, 0.0, 0.0, 0.0, 0.0, 0.0, 0.0, 0.0, 0.0, 0.0, 0.0, 0.0, 0.0, 0.0, 0.0, 0.9999999999999999, 0.0, 0.0, 0.0, 0.0, 0.0, 0.0, 0.0, 0.0, 0.0, 0.0, 0.0, 0.0, 0.0, 0.0, 0.0]"
NODE_0000401,"[2.7540247558098156e-07, 4.277670809949791e-07, 6.599119474788188e-07, 4.336040639367623e-07, 4.026574835067646e-07, 2.0557588618158118e-06, 4.236037182019957e-07, 4.0578084068137374e-07, 4.088979654654028e-07, 4.262444520602629e-07, 4.0849043467369196e-07, 4.2378556554958443e-07, 3.816237713968804e-07, 4.2761323962040266e-07, 2.5207608017718874e-07, 0.9999642081637246, 4.126132368243541e-07, 4.237855655495768e-07, 4.237855655495971e-07, 4.049742138202381e-07, 2.123646726128368e-05, 4.3348856050380584e-07, 2.56693329982586e-07, 4.0578873606817684e-07, 2.3018271220072823e-07, 4.0172630279114674e-07, 3.398066191925933e-07, 4.037964879635602e-07, 3.834433648490882e-07, 1.8244089642142675e-06, 3.9765737342716843e-07]"
hMpxV/Mexico/NLE_InDRE_F382/2023|EPI_ISL_17703604|2023-03-10,"[0.0, 0.0, 0.0, 0.0, 0.0, 0.0, 0.0, 0.0, 0.0, 0.0, 0.0, 0.0, 0.0, 0.0, 0.0, 1.0, 0.0, 0.0, 0.0, 0.0, 0.0, 0.0, 0.0, 0.0, 0.0, 0.0, 0.0, 0.0, 0.0, 0.0, 0.0]"
NODE_0000402,"[1.2525301482797284e-11, 2.3765907020001193e-11, 4.4408924710889724e-11, 2.4129325858075934e-11, 2.177364294238329e-11, 2.245918120144435e-10, 2.3668922879264598e-11, 2.2840916900275327e-11, 2.2992084164362627e-11, 2.3706823716068164e-11, 2.2931639524828787e-11, 2.3691884532683076e-11, 2.112314795471106e-11, 2.3454587133232907e-11, 1.2376040999534865e-11, 0.9999999881986108, 2.2456970023891217e-11, 2.369188453268229e-11, 2.369188453268783e-11, 2.1919146294890704e-11, 1.0815542409466325e-08, 2.363398082091549e-11, 1.339046183811644e-11, 2.284305831712352e-11, 9.260935241649834e-12, 2.2322669534332548e-11, 1.7612885131807805e-11, 2.2589433928554713e-11, 2.1011659178371956e-11, 1.7099920560038367e-10, 2.2441587866316467e-11]"
hMpxV/Mexico/NLE_InDRE_F472/2023|EPI_ISL_17703612|2023-03-31,"[0.0, 0.0, 0.0, 0.0, 0.0, 0.0, 0.0, 0.0, 0.0, 0.0, 0.0, 0.0, 0.0, 0.0, 0.0, 1.0, 0.0, 0.0, 0.0, 0.0, 0.0, 0.0, 0.0, 0.0, 0.0, 0.0, 0.0, 0.0, 0.0, 0.0, 0.0]"
NODE_0000403,"[1.0619800901253343e-09, 1.7384877231751066e-09, 2.7438402572144687e-09, 1.7832466659818737e-09, 1.5617386794670954e-09, 9.822211674723503e-09, 1.7330914624564093e-09, 1.6763808135862943e-09, 1.6901917849359135e-09, 1.7527989679033806e-09, 1.6850486022273247e-09, 1.7448027255107615e-09, 1.5701863309352424e-09, 1.7421029485110589e-09, 9.928682686744905e-10, 0.9999998038598621, 1.6807434441366824e-09, 1.7448027255105901e-09, 1.7448027255111358e-09, 1.6434771436644846e-09, 1.3492676791867367e-07, 1.7741995245207595e-09, 1.0280746328540015e-09, 1.6764594772145754e-09, 8.47792324060111e-10, 1.648050397236511e-09, 1.3760628081613847e-09, 1.660056350661622e-09, 1.573417567837417e-09, 7.87113735289954e-09, 1.6453165399520076e-09]"
hMpxV/Mexico/JAL_InDRE_F242/2023|EPI_ISL_17703594|2023-01-24,"[0.0, 0.0, 0.0, 0.0, 0.0, 0.0, 0.0, 0.0, 0.0, 0.0, 0.0, 0.0, 0.0, 0.0, 0.0, 1.0, 0.0, 0.0, 0.0, 0.0, 0.0, 0.0, 0.0, 0.0, 0.0, 0.0, 0.0, 0.0, 0.0, 0.0, 0.0]"
hMpxV/Mexico/NLE_InDRE_F264/2023|EPI_ISL_17703599|2023-02-07,"[0.0, 0.0, 0.0, 0.0, 0.0, 0.0, 0.0, 0.0, 0.0, 0.0, 0.0, 0.0, 0.0, 0.0, 0.0, 1.0, 0.0, 0.0, 0.0, 0.0, 0.0, 0.0, 0.0, 0.0, 0.0, 0.0, 0.0, 0.0, 0.0, 0.0, 0.0]"
NODE_0000404,"[1.4308926145368649e-08, 2.2940856474106615e-08, 3.588916681786849e-08, 2.3417104357913283e-08, 2.100691799051495e-08, 1.2155736429533961e-07, 2.280743882877041e-08, 2.1973895666287543e-08, 2.214986026913651e-08, 2.3018182994904654e-08, 2.210084604877561e-08, 2.2902178534375705e-08, 2.061508665815076e-08, 2.296450903207786e-08, 1.3265800695049702e-08, 0.9999977122232943, 2.2155577563719257e-08, 2.2902178534374967e-08, 2.2902178534378216e-08, 2.169796516661635e-08, 1.49123172358576e-06, 2.334282002744075e-08, 1.3644553541172808e-08, 2.1974687937556125e-08, 1.16360096335555e-08, 2.16632957598799e-08, 1.8180527845082827e-08, 2.1802694145664602e-08, 2.067967135950106e-08, 1.0149118570066213e-07, 2.155350160979703e-08]"
hMpxV/Mexico/NLE_InDRE_F252/2023|EPI_ISL_17703597|2023-02-02,"[0.0, 0.0, 0.0, 0.0, 0.0, 0.0, 0.0, 0.0, 0.0, 0.0, 0.0, 0.0, 0.0, 0.0, 0.0, 1.0, 0.0, 0.0, 0.0, 0.0, 0.0, 0.0, 0.0, 0.0, 0.0, 0.0, 0.0, 0.0, 0.0, 0.0, 0.0]"
hMpxV/Mexico/VER_InDRE_F379/2023|EPI_ISL_17672260|2023-03-08,"[0.0, 0.0, 0.0, 0.0, 0.0, 0.0, 0.0, 0.0, 0.0, 0.0, 0.0, 0.0, 0.0, 0.0, 0.0, 1.0, 0.0, 0.0, 0.0, 0.0, 0.0, 0.0, 0.0, 0.0, 0.0, 0.0, 0.0, 0.0, 0.0, 0.0, 0.0]"
NODE_0000354,"[1.9134843665871326e-13, 3.522754120872362e-13, 1.467320625669366e-11, 2.904555917470399e-14, 1.992557614001498e-11, 8.079730077425814e-14, 1.306090251693701e-13, 2.9228903302266565e-14, 2.9296186460118336e-14, 2.9007887185601076e-14, 2.9158827438285043e-14, 2.911138196912575e-14, 2.8127098025424625e-14, 1.2394259133505055e-13, 1.2295790669379663e-13, 1.0857317104183402e-10, 6.454814323225143e-14, 2.911138196912408e-14, 2.911138196912444e-14, 1.1933814686182834e-13, 0.9999999465775415, 2.8335618082082617e-14, 2.655815337801408e-13, 2.923200150920453e-14, 8.803841640564989e-14, 4.0066306478165875e-14, 2.6634201449759244e-14, 3.9746904531627036e-14, 2.7917058969996267e-14, 5.3277264748050106e-08, 2.924380680711583e-14]"
hMpxV/Peru/LIM-INS-424/2023|EPI_ISL_19343529|2023-02-14,"[0.0, 0.0, 0.0, 0.0, 0.0, 0.0, 0.0, 0.0, 0.0, 0.0, 0.0, 0.0, 0.0, 0.0, 0.0, 0.0, 0.0, 0.0, 0.0, 0.0, 1.0, 0.0, 0.0, 0.0, 0.0, 0.0, 0.0, 0.0, 0.0, 0.0, 0.0]"
NODE_0000370,"[8.060491954127103e-26, 1.1317144053968045e-24, 3.930031778517164e-22, 7.755175509405244e-27, 9.285683720337775e-19, 5.849018754391689e-26, 1.5586089419837772e-25, 8.109694900746582e-27, 8.097887207206729e-27, 7.763289494688816e-27, 8.031802093737057e-27, 7.890139990565162e-27, 7.611345743137529e-27, 1.3774755594831433e-25, 9.175824852339109e-26, 1.692601446235577e-20, 1.1746410401839778e-26, 7.89013999056019e-27, 7.890139990563104e-27, 1.2927361350051059e-25, 1.0, 7.198584660658746e-27, 2.636477084443428e-25, 8.111822502943956e-27, 3.9910928161197955e-26, 7.954584868436866e-27, 6.657933589974923e-27, 8.151476174721512e-27, 7.3830471334933e-27, 6.198752866550383e-20, 8.189758176148702e-27]"
hMpxV/Peru/LIM-INS-401/2023|EPI_ISL_19343470|2023-02-01,"[0.0, 0.0, 0.0, 0.0, 0.0, 0.0, 0.0, 0.0, 0.0, 0.0, 0.0, 0.0, 0.0, 0.0, 0.0, 0.0, 0.0, 0.0, 0.0, 0.0, 1.0, 0.0, 0.0, 0.0, 0.0, 0.0, 0.0, 0.0, 0.0, 0.0, 0.0]"
hMpxV/Peru/LIM-INS-388/2023|EPI_ISL_19343483|2023-01-21,"[0.0, 0.0, 0.0, 0.0, 0.0, 0.0, 0.0, 0.0, 0.0, 0.0, 0.0, 0.0, 0.0, 0.0, 0.0, 0.0, 0.0, 0.0, 0.0, 0.0, 1.0, 0.0, 0.0, 0.0, 0.0, 0.0, 0.0, 0.0, 0.0, 0.0, 0.0]"
hMpxV/Peru/LIM-INS-410/2023|EPI_ISL_19343485|2023-02-06,"[0.0, 0.0, 0.0, 0.0, 0.0, 0.0, 0.0, 0.0, 0.0, 0.0, 0.0, 0.0, 0.0, 0.0, 0.0, 0.0, 0.0, 0.0, 0.0, 0.0, 0.9999999999999999, 0.0, 0.0, 0.0, 0.0, 0.0, 0.0, 0.0, 0.0, 0.0, 0.0]"
hMpxV/Peru/LIM-INS-418/2023|EPI_ISL_19343493|2023-02-09,"[0.0, 0.0, 0.0, 0.0, 0.0, 0.0, 0.0, 0.0, 0.0, 0.0, 0.0, 0.0, 0.0, 0.0, 0.0, 0.0, 0.0, 0.0, 0.0, 0.0, 1.0, 0.0, 0.0, 0.0, 0.0, 0.0, 0.0, 0.0, 0.0, 0.0, 0.0]"
hMpxV/Peru/LIM-INS-439/2023|EPI_ISL_19343533|2023-01-06,"[0.0, 0.0, 0.0, 0.0, 0.0, 0.0, 0.0, 0.0, 0.0, 0.0, 0.0, 0.0, 0.0, 0.0, 0.0, 0.0, 0.0, 0.0, 0.0, 0.0, 0.9999999999999999, 0.0, 0.0, 0.0, 0.0, 0.0, 0.0, 0.0, 0.0, 0.0, 0.0]"
hMpxV/Peru/LIM-INS-389/2023|EPI_ISL_19343548|2023-01-11,"[0.0, 0.0, 0.0, 0.0, 0.0, 0.0, 0.0, 0.0, 0.0, 0.0, 0.0, 0.0, 0.0, 0.0, 0.0, 0.0, 0.0, 0.0, 0.0, 0.0, 1.0, 0.0, 0.0, 0.0, 0.0, 0.0, 0.0, 0.0, 0.0, 0.0, 0.0]"
hMpxV/Peru/LIM-INS-380/2023|EPI_ISL_19343566|2023-01-11,"[0.0, 0.0, 0.0, 0.0, 0.0, 0.0, 0.0, 0.0, 0.0, 0.0, 0.0, 0.0, 0.0, 0.0, 0.0, 0.0, 0.0, 0.0, 0.0, 0.0, 1.0, 0.0, 0.0, 0.0, 0.0, 0.0, 0.0, 0.0, 0.0, 0.0, 0.0]"
hMpxV/Chile/RM-ISP-3703/2023|EPI_ISL_19345365|2023-01-13,"[0.0, 0.0, 0.0, 0.0, 0.9999999999999999, 0.0, 0.0, 0.0, 0.0, 0.0, 0.0, 0.0, 0.0, 0.0, 0.0, 0.0, 0.0, 0.0, 0.0, 0.0, 0.0, 0.0, 0.0, 0.0, 0.0, 0.0, 0.0, 0.0, 0.0, 0.0, 0.0]"
NODE_0000367,"[2.271255584168854e-09, 5.482664963577828e-09, 4.2239784916851084e-08, 8.726680039495793e-10, 8.293032169981447e-08, 1.852407287854412e-09, 2.6454371048508926e-09, 8.383423460759627e-10, 8.440509472753124e-10, 8.65078070196497e-10, 8.416365040466197e-10, 8.596449014807289e-10, 8.133591272829451e-10, 2.624266088045418e-09, 1.9879664282113515e-09, 1.9367102949359028e-07, 1.0237322023839008e-09, 8.596449014806872e-10, 8.596449014807115e-10, 2.5382951788613824e-09, 0.999999217525284, 8.796474716139556e-10, 2.688671244624558e-09, 8.383337667795781e-10, 1.9111031210122912e-09, 8.414157819966195e-10, 8.107232486395147e-10, 8.422796668049268e-10, 8.203058942763529e-10, 4.250923982928622e-07, 8.286069117261721e-10]"
hMpxV/Peru/LIM-INS-405/2023|EPI_ISL_19343509|2023-02-09,"[0.0, 0.0, 0.0, 0.0, 0.0, 0.0, 0.0, 0.0, 0.0, 0.0, 0.0, 0.0, 0.0, 0.0, 0.0, 0.0, 0.0, 0.0, 0.0, 0.0, 1.0, 0.0, 0.0, 0.0, 0.0, 0.0, 0.0, 0.0, 0.0, 0.0, 0.0]"
NODE_0000368,"[2.2880170991588556e-42, 1.825224390485946e-40, 9.346760423042212e-36, 1.7766326889424833e-44, 2.866432911869686e-34, 8.221073712977669e-43, 4.9705441923266815e-42, 2.094184005065418e-44, 2.0729391544781139e-44, 1.8208760543134366e-44, 2.0431556506026963e-44, 1.8863898745340687e-44, 1.958892721381186e-44, 3.830068300300294e-42, 2.8583867491540105e-42, 4.169262256504055e-32, 4.547906833376261e-44, 1.8863898745330519e-44, 1.8863898745336674e-44, 3.59254473502339e-42, 1.0, 1.5290701349621644e-44, 2.3846304848639014e-41, 2.095228017928985e-44, 6.300959183697453e-43, 2.137666251029086e-44, 1.7141064628499135e-44, 2.228644113023801e-44, 1.848921895008193e-44, 7.621565428336149e-31, 2.1850498246520084e-44]"
hMpxV/Peru/MOQ-INS-459/2023|EPI_ISL_19343464|2023-04-03,"[0.0, 0.0, 0.0, 0.0, 0.0, 0.0, 0.0, 0.0, 0.0, 0.0, 0.0, 0.0, 0.0, 0.0, 0.0, 0.0, 0.0, 0.0, 0.0, 0.0, 1.0, 0.0, 0.0, 0.0, 0.0, 0.0, 0.0, 0.0, 0.0, 0.0, 0.0]"
hMpxV/Peru/MOQ-INS-454/2023|EPI_ISL_19343465|2023-03-24,"[0.0, 0.0, 0.0, 0.0, 0.0, 0.0, 0.0, 0.0, 0.0, 0.0, 0.0, 0.0, 0.0, 0.0, 0.0, 0.0, 0.0, 0.0, 0.0, 0.0, 1.0, 0.0, 0.0, 0.0, 0.0, 0.0, 0.0, 0.0, 0.0, 0.0, 0.0]"
hMpxV/Peru/TAC-INS-426/2023|EPI_ISL_19343472|2023-02-21,"[0.0, 0.0, 0.0, 0.0, 0.0, 0.0, 0.0, 0.0, 0.0, 0.0, 0.0, 0.0, 0.0, 0.0, 0.0, 0.0, 0.0, 0.0, 0.0, 0.0, 1.0, 0.0, 0.0, 0.0, 0.0, 0.0, 0.0, 0.0, 0.0, 0.0, 0.0]"
hMpxV/Peru/LIM-INS-474/2023|EPI_ISL_19343522|2023-03-14,"[0.0, 0.0, 0.0, 0.0, 0.0, 0.0, 0.0, 0.0, 0.0, 0.0, 0.0, 0.0, 0.0, 0.0, 0.0, 0.0, 0.0, 0.0, 0.0, 0.0, 1.0, 0.0, 0.0, 0.0, 0.0, 0.0, 0.0, 0.0, 0.0, 0.0, 0.0]"
hMpxV/Peru/LIM-INS-458/2023|EPI_ISL_19343527|2023-04-04,"[0.0, 0.0, 0.0, 0.0, 0.0, 0.0, 0.0, 0.0, 0.0, 0.0, 0.0, 0.0, 0.0, 0.0, 0.0, 0.0, 0.0, 0.0, 0.0, 0.0, 1.0, 0.0, 0.0, 0.0, 0.0, 0.0, 0.0, 0.0, 0.0, 0.0, 0.0]"
hMpxV/Peru/LIM-INS-448/2023|EPI_ISL_19343544|2023-03-18,"[0.0, 0.0, 0.0, 0.0, 0.0, 0.0, 0.0, 0.0, 0.0, 0.0, 0.0, 0.0, 0.0, 0.0, 0.0, 0.0, 0.0, 0.0, 0.0, 0.0, 1.0, 0.0, 0.0, 0.0, 0.0, 0.0, 0.0, 0.0, 0.0, 0.0, 0.0]"
hMpxV/Peru/TAC-INS-468/2023|EPI_ISL_19343577|2023-02-24,"[0.0, 0.0, 0.0, 0.0, 0.0, 0.0, 0.0, 0.0, 0.0, 0.0, 0.0, 0.0, 0.0, 0.0, 0.0, 0.0, 0.0, 0.0, 0.0, 0.0, 0.9999999999999999, 0.0, 0.0, 0.0, 0.0, 0.0, 0.0, 0.0, 0.0, 0.0, 0.0]"
hMpxV/Peru/TAC-INS-481/2023|EPI_ISL_19343578|2023-02-24,"[0.0, 0.0, 0.0, 0.0, 0.0, 0.0, 0.0, 0.0, 0.0, 0.0, 0.0, 0.0, 0.0, 0.0, 0.0, 0.0, 0.0, 0.0, 0.0, 0.0, 0.9999999999999999, 0.0, 0.0, 0.0, 0.0, 0.0, 0.0, 0.0, 0.0, 0.0, 0.0]"
hMpxV/Peru/TAC-INS-463/2023|EPI_ISL_19343581|2023-02-20,"[0.0, 0.0, 0.0, 0.0, 0.0, 0.0, 0.0, 0.0, 0.0, 0.0, 0.0, 0.0, 0.0, 0.0, 0.0, 0.0, 0.0, 0.0, 0.0, 0.0, 1.0, 0.0, 0.0, 0.0, 0.0, 0.0, 0.0, 0.0, 0.0, 0.0, 0.0]"
hMpxV/Peru/TAC-INS-423/2023|EPI_ISL_19343582|2023-02-15,"[0.0, 0.0, 0.0, 0.0, 0.0, 0.0, 0.0, 0.0, 0.0, 0.0, 0.0, 0.0, 0.0, 0.0, 0.0, 0.0, 0.0, 0.0, 0.0, 0.0, 1.0, 0.0, 0.0, 0.0, 0.0, 0.0, 0.0, 0.0, 0.0, 0.0, 0.0]"
hMpxV/Peru/TAC-INS-421/2023|EPI_ISL_19343575|2023-02-14,"[0.0, 0.0, 0.0, 0.0, 0.0, 0.0, 0.0, 0.0, 0.0, 0.0, 0.0, 0.0, 0.0, 0.0, 0.0, 0.0, 0.0, 0.0, 0.0, 0.0, 1.0, 0.0, 0.0, 0.0, 0.0, 0.0, 0.0, 0.0, 0.0, 0.0, 0.0]"
hMpxV/Peru/TAC-INS-409/2023|EPI_ISL_19343583|2023-02-02,"[0.0, 0.0, 0.0, 0.0, 0.0, 0.0, 0.0, 0.0, 0.0, 0.0, 0.0, 0.0, 0.0, 0.0, 0.0, 0.0, 0.0, 0.0, 0.0, 0.0, 0.9999999999999999, 0.0, 0.0, 0.0, 0.0, 0.0, 0.0, 0.0, 0.0, 0.0, 0.0]"
hMpxV/Peru/MDD-INS-475/2023|EPI_ISL_19343586|2023-03-08,"[0.0, 0.0, 0.0, 0.0, 0.0, 0.0, 0.0, 0.0, 0.0, 0.0, 0.0, 0.0, 0.0, 0.0, 0.0, 0.0, 0.0, 0.0, 0.0, 0.0, 1.0, 0.0, 0.0, 0.0, 0.0, 0.0, 0.0, 0.0, 0.0, 0.0, 0.0]"
hMpxV/Peru/CUS-INS-471/2023|EPI_ISL_19343590|2023-03-01,"[0.0, 0.0, 0.0, 0.0, 0.0, 0.0, 0.0, 0.0, 0.0, 0.0, 0.0, 0.0, 0.0, 0.0, 0.0, 0.0, 0.0, 0.0, 0.0, 0.0, 1.0, 0.0, 0.0, 0.0, 0.0, 0.0, 0.0, 0.0, 0.0, 0.0, 0.0]"
NODE_0000369,"[2.6196932973648796e-09, 5.9465435253499395e-09, 4.386622846494152e-08, 1.050582435445958e-09, 8.28932834506279e-08, 2.1442784156918477e-09, 2.9683007275059445e-09, 1.0077485985512508e-09, 1.0152476031841528e-09, 1.0418732042717396e-09, 1.012211142166534e-09, 1.034015200276599e-09, 9.775612965270893e-10, 2.950115823862095e-09, 2.2230410136417912e-09, 1.911791222535552e-07, 1.2440189823392116e-09, 1.0340152002761797e-09, 1.0340152002764574e-09, 2.856493554552133e-09, 0.9999992116497106, 1.0613203075405238e-09, 3.003690122792042e-09, 1.0077319350599868e-09, 2.1923547228677485e-09, 1.0198386392675163e-09, 9.811874704164502e-10, 1.020021483849094e-09, 9.883761024120668e-10, 4.2598156112170736e-07, 9.958182325222016e-10]"
hMpxV/Peru/LIM-INS-449/2023|EPI_ISL_19343537|2023-03-22,"[0.0, 0.0, 0.0, 0.0, 0.0, 0.0, 0.0, 0.0, 0.0, 0.0, 0.0, 0.0, 0.0, 0.0, 0.0, 0.0, 0.0, 0.0, 0.0, 0.0, 0.9999999999999999, 0.0, 0.0, 0.0, 0.0, 0.0, 0.0, 0.0, 0.0, 0.0, 0.0]"
hMpxV/Peru/LIM-INS-462/2023|EPI_ISL_19343552|2023-04-21,"[0.0, 0.0, 0.0, 0.0, 0.0, 0.0, 0.0, 0.0, 0.0, 0.0, 0.0, 0.0, 0.0, 0.0, 0.0, 0.0, 0.0, 0.0, 0.0, 0.0, 1.0, 0.0, 0.0, 0.0, 0.0, 0.0, 0.0, 0.0, 0.0, 0.0, 0.0]"
NODE_0000355,"[3.814423121564011e-08, 3.2376045891335413e-08, 5.363086194655234e-07, 8.503324333290561e-09, 2.7377216912727636e-07, 1.4855700880880448e-08, 1.915599323884655e-08, 8.387108043705478e-09, 8.416382177241484e-09, 8.46245787171595e-09, 8.388343712186366e-09, 8.462224705925967e-09, 8.101388156363578e-09, 1.8707321484998294e-08, 2.1044450335621513e-08, 1.1436358307853502e-06, 1.9677485128324357e-08, 8.462224705927403e-09, 8.46222470592388e-09, 1.8080196019299768e-08, 0.983113865469948, 8.429128035148638e-09, 3.830068015670332e-08, 8.387643812487034e-09, 1.7612810034153473e-08, 1.2571671518828763e-08, 7.661242245933746e-09, 1.2362318932329907e-08, 8.077057269758373e-09, 0.01688380137810847, 8.345669320698313e-09]"
hMpxV/USA/CA-LACPHL-MA00408/2023|EPI_ISL_16997442|2023-01-11,"[0.0, 0.0, 0.0, 0.0, 0.0, 0.0, 0.0, 0.0, 0.0, 0.0, 0.0, 0.0, 0.0, 0.0, 0.0, 0.0, 0.0, 0.0, 0.0, 0.0, 0.0, 0.0, 0.0, 0.0, 0.0, 0.0, 0.0, 0.0, 0.0, 0.9999999999999999, 0.0]"
hMpxV/Peru/LIM-INS-377/2023|EPI_ISL_19343474|2023-01-13,"[0.0, 0.0, 0.0, 0.0, 0.0, 0.0, 0.0, 0.0, 0.0, 0.0, 0.0, 0.0, 0.0, 0.0, 0.0, 0.0, 0.0, 0.0, 0.0, 0.0, 1.0, 0.0, 0.0, 0.0, 0.0, 0.0, 0.0, 0.0, 0.0, 0.0, 0.0]"
NODE_0000356,"[1.0714656404199696e-05, 1.6906336281292577e-05, 7.192802239086209e-05, 5.7929827896409875e-06, 0.00010012815355036578, 9.12341637040926e-06, 1.081439415041838e-05, 5.476676594889262e-06, 5.529398944311245e-06, 5.74094232298237e-06, 5.514561047230475e-06, 5.667734095111292e-06, 5.3229887898534784e-06, 1.0969697971444165e-05, 8.19259152669268e-06, 0.00018385727542669138, 6.722596723084079e-06, 5.667734095110987e-06, 5.66773409511109e-06, 1.0644752466242808e-05, 0.9990187841485928, 5.9318085762140625e-06, 1.000919817631078e-05, 5.476391744056158e-06, 9.33725171107905e-06, 5.651907932201712e-06, 5.441389759993227e-06, 5.628937133904553e-06, 5.424314175323235e-06, 0.0004325393253137793, 5.3926808485392585e-06]"
NODE_0000366,"[5.496099959809539e-10, 1.196388114088215e-09, 8.400747543916866e-09, 2.269939904100474e-10, 1.5312137814393766e-08, 4.511759905068903e-10, 6.138866910519247e-10, 2.1740443042197314e-10, 2.1905845922478045e-10, 2.2509294979998093e-10, 2.1841445260398312e-10, 2.2328039667723068e-10, 2.1094524692925722e-10, 6.115440505503189e-10, 4.6047037742886137e-10, 3.475859237622646e-08, 2.680443403817558e-10, 2.2328039667713023e-10, 2.232803966771954e-10, 5.921768626919516e-10, 0.9999998535726077, 2.2961840430807837e-10, 6.161656239974792e-10, 2.1740031483687363e-10, 4.614526493039004e-10, 2.2042557679426062e-10, 2.118851973349107e-10, 2.2037303664177822e-10, 2.1338322577815756e-10, 7.861941864990591e-08, 2.1474476137510172e-10]"
hMpxV/Peru/LIM-INS-553/2024|EPI_ISL_19449529|2024-07-04,"[0.0, 0.0, 0.0, 0.0, 0.0, 0.0, 0.0, 0.0, 0.0, 0.0, 0.0, 0.0, 0.0, 0.0, 0.0, 0.0, 0.0, 0.0, 0.0, 0.0, 1.0, 0.0, 0.0, 0.0, 0.0, 0.0, 0.0, 0.0, 0.0, 0.0, 0.0]"
hMpxV/Peru/LIM-INS-558/2024|EPI_ISL_19449534|2024-07-02,"[0.0, 0.0, 0.0, 0.0, 0.0, 0.0, 0.0, 0.0, 0.0, 0.0, 0.0, 0.0, 0.0, 0.0, 0.0, 0.0, 0.0, 0.0, 0.0, 0.0, 1.0, 0.0, 0.0, 0.0, 0.0, 0.0, 0.0, 0.0, 0.0, 0.0, 0.0]"
NODE_0000357,"[1.1364733021405488e-11, 3.3835293260363926e-13, 1.4810979155122665e-11, 2.0231133300881713e-14, 2.9140644788426386e-11, 6.586651575557989e-14, 1.10754435032716e-13, 2.041584489205704e-14, 2.0500728078246664e-14, 2.0215236325804625e-14, 2.0352015134685987e-14, 2.0277681489855177e-14, 1.9434418614056642e-14, 1.0384788633463479e-13, 1.0244151547480951e-13, 1.3372084108508488e-10, 2.7580118139069578e-14, 2.0277681489852378e-14, 2.0277681489854555e-14, 9.910243078471093e-14, 0.9999999990148231, 1.9556139259775047e-14, 1.4378791703559818e-13, 2.041862772253124e-14, 8.487833805112312e-14, 2.0840742569100377e-14, 1.8278473086310763e-14, 2.1087216488690017e-14, 1.9306785682892488e-14, 7.947411869062963e-10, 2.044765487047445e-14]"
hMpxV/Australia/VIC-VIDRL-2388/2024|EPI_ISL_19459749|2024-04-18,"[1.0, 0.0, 0.0, 0.0, 0.0, 0.0, 0.0, 0.0, 0.0, 0.0, 0.0, 0.0, 0.0, 0.0, 0.0, 0.0, 0.0, 0.0, 0.0, 0.0, 0.0, 0.0, 0.0, 0.0, 0.0, 0.0, 0.0, 0.0, 0.0, 0.0, 0.0]"
hMpxV/Peru/LIM-INS-525/2024|EPI_ISL_19353804|2024-04-05,"[0.0, 0.0, 0.0, 0.0, 0.0, 0.0, 0.0, 0.0, 0.0, 0.0, 0.0, 0.0, 0.0, 0.0, 0.0, 0.0, 0.0, 0.0, 0.0, 0.0, 1.0, 0.0, 0.0, 0.0, 0.0, 0.0, 0.0, 0.0, 0.0, 0.0, 0.0]"
hMpxV/Peru/LIM-INS-532/2024|EPI_ISL_19353819|2024-03-14,"[0.0, 0.0, 0.0, 0.0, 0.0, 0.0, 0.0, 0.0, 0.0, 0.0, 0.0, 0.0, 0.0, 0.0, 0.0, 0.0, 0.0, 0.0, 0.0, 0.0, 1.0, 0.0, 0.0, 0.0, 0.0, 0.0, 0.0, 0.0, 0.0, 0.0, 0.0]"
NODE_0000358,"[3.832370608702101e-10, 1.0201026046909564e-09, 1.3428008013008411e-08, 1.2308727295336245e-10, 2.9041513614881e-08, 2.9672015059320506e-10, 4.355215191840211e-10, 1.1956321090286697e-10, 1.204057571822015e-10, 1.2243171005634457e-10, 1.1992449622400516e-10, 1.2165577552605013e-10, 1.1565898827527312e-10, 4.26339955302533e-10, 3.185721324551684e-10, 8.92052039322489e-08, 1.5609816085732502e-10, 1.216557755260424e-10, 1.2165577552604734e-10, 4.124138327974038e-10, 0.9999996218794602, 1.2331582391771795e-10, 4.901796773578847e-10, 1.1956472414485735e-10, 2.933902188904281e-10, 1.2254457645466076e-10, 1.1600228224315355e-10, 1.2278115712260696e-10, 1.1675278719937736e-10, 2.402876718914474e-07, 1.1856710835982043e-10]"
hMpxV/Peru/LIM-INS-563/2024|EPI_ISL_19449539|2024-06-05,"[0.0, 0.0, 0.0, 0.0, 0.0, 0.0, 0.0, 0.0, 0.0, 0.0, 0.0, 0.0, 0.0, 0.0, 0.0, 0.0, 0.0, 0.0, 0.0, 0.0, 1.0, 0.0, 0.0, 0.0, 0.0, 0.0, 0.0, 0.0, 0.0, 0.0, 0.0]"
hMpxV/Peru/CAL-INS-524/2024|EPI_ISL_19353791|2024-04-06,"[0.0, 0.0, 0.0, 0.0, 0.0, 0.0, 0.0, 0.0, 0.0, 0.0, 0.0, 0.0, 0.0, 0.0, 0.0, 0.0, 0.0, 0.0, 0.0, 0.0, 1.0, 0.0, 0.0, 0.0, 0.0, 0.0, 0.0, 0.0, 0.0, 0.0, 0.0]"
NODE_0000359,"[5.5183044969291856e-08, 1.1777201747766679e-07, 8.174900949079262e-07, 2.313482378664603e-08, 1.4764584672412703e-06, 4.537216835767277e-08, 6.104504121455889e-08, 2.214892804421581e-08, 2.2323851072218367e-08, 2.2946278260400455e-08, 2.2256400254668773e-08, 2.27496348075206e-08, 2.148775083586267e-08, 6.083339176439562e-08, 4.568375300389631e-08, 3.338908691054753e-06, 2.7459181918153515e-08, 2.274963480751994e-08, 2.2749634807520277e-08, 5.8940428363393586e-08, 0.9999858733871605, 2.3421220364011065e-08, 6.122583897255536e-08, 2.2148446601707173e-08, 4.619175491440404e-08, 2.25359258931212e-08, 2.16600485587142e-08, 2.2523417394804207e-08, 2.1762178316831698e-08, 7.55557315738197e-06, 2.1877634321028102e-08]"
hMpxV/Peru/LIM-INS-550/2024|EPI_ISL_19449526|2024-07-25,"[0.0, 0.0, 0.0, 0.0, 0.0, 0.0, 0.0, 0.0, 0.0, 0.0, 0.0, 0.0, 0.0, 0.0, 0.0, 0.0, 0.0, 0.0, 0.0, 0.0, 1.0, 0.0, 0.0, 0.0, 0.0, 0.0, 0.0, 0.0, 0.0, 0.0, 0.0]"
hMpxV/Peru/LIM-INS-559/2024|EPI_ISL_19449535|2024-08-05,"[0.0, 0.0, 0.0, 0.0, 0.0, 0.0, 0.0, 0.0, 0.0, 0.0, 0.0, 0.0, 0.0, 0.0, 0.0, 0.0, 0.0, 0.0, 0.0, 0.0, 0.9999999999999999, 0.0, 0.0, 0.0, 0.0, 0.0, 0.0, 0.0, 0.0, 0.0, 0.0]"
NODE_0000360,"[1.480352895504836e-15, 6.975631732191278e-15, 3.698420797189804e-13, 2.5456707275503636e-16, 1.2539526737676348e-12, 1.0075491620176669e-15, 1.872688262230837e-15, 2.554947806982649e-16, 2.5658023663413994e-16, 2.5452244356031602e-16, 2.550923326486985e-16, 2.546519485545992e-16, 2.457244286189164e-16, 1.7602343180519782e-15, 1.3137364927133158e-15, 7.36513428579911e-12, 3.6466343544511917e-16, 2.546519485545581e-16, 2.546519485545966e-16, 1.6944248260165622e-15, 0.9999999999637452, 2.4863540405624347e-16, 2.694036640469439e-15, 2.555186013648812e-16, 9.519607159858673e-16, 2.6211912451821767e-16, 2.412787262923049e-16, 2.6436365358331764e-16, 2.4539288601435044e-16, 2.724155576142132e-11, 2.5556295908603834e-16]"
hMpxV/Peru/LIM-INS-562/2024|EPI_ISL_19449538|2024-07-04,"[0.0, 0.0, 0.0, 0.0, 0.0, 0.0, 0.0, 0.0, 0.0, 0.0, 0.0, 0.0, 0.0, 0.0, 0.0, 0.0, 0.0, 0.0, 0.0, 0.0, 1.0, 0.0, 0.0, 0.0, 0.0, 0.0, 0.0, 0.0, 0.0, 0.0, 0.0]"
hMpxV/Peru/CAL-INS-521/2024|EPI_ISL_19353792|2024-04-23,"[0.0, 0.0, 0.0, 0.0, 0.0, 0.0, 0.0, 0.0, 0.0, 0.0, 0.0, 0.0, 0.0, 0.0, 0.0, 0.0, 0.0, 0.0, 0.0, 0.0, 1.0, 0.0, 0.0, 0.0, 0.0, 0.0, 0.0, 0.0, 0.0, 0.0, 0.0]"
NODE_0000365,"[6.166195277773044e-10, 1.454182477103334e-09, 1.1008568145683667e-08, 2.408040677322447e-10, 2.129262710391361e-08, 5.036157875777326e-10, 7.109262942616261e-10, 2.3119355381564887e-10, 2.3281950718210566e-10, 2.387416581078946e-10, 2.321439896612257e-10, 2.3713291722228404e-10, 2.242952594889529e-10, 7.057830448577407e-10, 5.336577875053935e-10, 4.9470671178292664e-08, 2.8332351409330464e-10, 2.3713291722218525e-10, 2.371329172222496e-10, 6.829129223926797e-10, 0.9999997985607442, 2.4293032344027874e-10, 7.211269240410514e-10, 2.3119066527526254e-10, 5.17991768850618e-10, 2.327118330523665e-10, 2.2410269796628146e-10, 2.328786035635646e-10, 2.2640836971304668e-10, 1.0920714464966536e-07, 2.2848553800700681e-10]"
hMpxV/Peru/LIM-INS-565/2024|EPI_ISL_19449541|2024-06-15,"[0.0, 0.0, 0.0, 0.0, 0.0, 0.0, 0.0, 0.0, 0.0, 0.0, 0.0, 0.0, 0.0, 0.0, 0.0, 0.0, 0.0, 0.0, 0.0, 0.0, 1.0, 0.0, 0.0, 0.0, 0.0, 0.0, 0.0, 0.0, 0.0, 0.0, 0.0]"
hMpxV/Peru/LIM-INS-572/2024|EPI_ISL_19449548|2024-06-06,"[0.0, 0.0, 0.0, 0.0, 0.0, 0.0, 0.0, 0.0, 0.0, 0.0, 0.0, 0.0, 0.0, 0.0, 0.0, 0.0, 0.0, 0.0, 0.0, 0.0, 1.0, 0.0, 0.0, 0.0, 0.0, 0.0, 0.0, 0.0, 0.0, 0.0, 0.0]"
NODE_0000363,"[8.427160714365153e-08, 1.8414970724508087e-07, 1.322015112904121e-06, 3.4704385286085806e-08, 2.4395236523105163e-06, 6.913295340316369e-08, 9.387691858581943e-08, 3.3258389225217426e-08, 3.3518816029566894e-08, 3.442530401553604e-08, 3.341590854529828e-08, 3.413892552019326e-08, 3.2259069158336904e-08, 9.341220061133955e-08, 7.016308715467689e-08, 5.582539734442947e-06, 4.132887911685486e-08, 3.413892552019217e-08, 3.4138925520192994e-08, 9.050636684148539e-08, 0.9999766695798417, 3.510691018578844e-08, 9.473269760483329e-08, 3.3257709767069975e-08, 7.029504203278653e-08, 3.3828722404720934e-08, 3.251725840663676e-08, 3.3817096225949045e-08, 3.266608437465269e-08, 1.2556419849025732e-05, 3.28599195146967e-08]"
hMpxV/Peru/LIM-INS-560/2024|EPI_ISL_19449536|2024-07-29,"[0.0, 0.0, 0.0, 0.0, 0.0, 0.0, 0.0, 0.0, 0.0, 0.0, 0.0, 0.0, 0.0, 0.0, 0.0, 0.0, 0.0, 0.0, 0.0, 0.0, 1.0, 0.0, 0.0, 0.0, 0.0, 0.0, 0.0, 0.0, 0.0, 0.0, 0.0]"
NODE_0000364,"[7.860267778204794e-11, 1.9838763628342835e-10, 1.6682708824330158e-09, 2.9079992368142312e-11, 3.414059479596672e-09, 6.372231745500882e-11, 9.288849189284385e-11, 2.797870402584904e-11, 2.8158191110400823e-11, 2.88247555589402e-11, 2.8078362888839075e-11, 2.8666629773314135e-11, 2.7142817288094144e-11, 9.19550903664119e-11, 6.985615974574329e-11, 8.463938132462176e-09, 3.4094044527357397e-11, 2.8666629773301553e-11, 2.8666629773310002e-11, 8.887999430326714e-11, 0.999999965921566, 2.926199821791076e-11, 9.544786058104343e-11, 2.797857081485362e-11, 6.590037155856866e-11, 2.798652482122018e-11, 2.6937785846224463e-11, 2.803053327459587e-11, 2.7331514368653105e-11, 1.9201978590340898e-08, 2.7662507475521068e-11]"
hMpxV/Peru/LIM-INS-555/2024|EPI_ISL_19449531|2024-06-11,"[0.0, 0.0, 0.0, 0.0, 0.0, 0.0, 0.0, 0.0, 0.0, 0.0, 0.0, 0.0, 0.0, 0.0, 0.0, 0.0, 0.0, 0.0, 0.0, 0.0, 1.0, 0.0, 0.0, 0.0, 0.0, 0.0, 0.0, 0.0, 0.0, 0.0, 0.0]"
hMpxV/Peru/LIM-INS-568/2024|EPI_ISL_19449544|2024-06-21,"[0.0, 0.0, 0.0, 0.0, 0.0, 0.0, 0.0, 0.0, 0.0, 0.0, 0.0, 0.0, 0.0, 0.0, 0.0, 0.0, 0.0, 0.0, 0.0, 0.0, 1.0, 0.0, 0.0, 0.0, 0.0, 0.0, 0.0, 0.0, 0.0, 0.0, 0.0]"
NODE_0000361,"[2.540294701964462e-09, 5.7706254634214634e-09, 4.258578245304084e-08, 1.0182184167755784e-09, 8.050693531492994e-08, 2.079210150765238e-09, 2.8793813324351382e-09, 9.767186743405273e-10, 9.839777921290721e-10, 1.0097702365831168e-09, 9.810372232709701e-10, 1.0021718275761535e-09, 9.474647765372143e-10, 2.8616927296106443e-09, 2.1565798559111823e-09, 1.8569477827668774e-07, 1.2054897045890014e-09, 1.002171827575744e-09, 1.002171827576015e-09, 2.770831507419707e-09, 0.9999992344411022, 1.028597130639911e-09, 2.9137666879096434e-09, 9.76702609376877e-10, 2.126141064656814e-09, 9.88313542689226e-10, 9.50877084057282e-10, 9.885019153054003e-10, 9.579108518957475e-10, 4.136876256815868e-07, 9.651569025068017e-10]"
hMpxV/Peru/LIM-INS-510/2024|EPI_ISL_19353795|2024-05-21,"[0.0, 0.0, 0.0, 0.0, 0.0, 0.0, 0.0, 0.0, 0.0, 0.0, 0.0, 0.0, 0.0, 0.0, 0.0, 0.0, 0.0, 0.0, 0.0, 0.0, 1.0, 0.0, 0.0, 0.0, 0.0, 0.0, 0.0, 0.0, 0.0, 0.0, 0.0]"
NODE_0000362,"[1.5587383999948915e-12, 4.96820118958096e-12, 7.556893749505002e-11, 4.409500039307656e-13, 1.8407278444241876e-10, 1.1931431916092181e-12, 1.9134346945194677e-12, 4.303879526947649e-13, 4.326994964357134e-13, 4.381907273106433e-13, 4.3109251977625853e-13, 4.36935030781621e-13, 4.16419264100928e-13, 1.8613190967001216e-12, 1.4098738340124437e-12, 5.906911686461206e-10, 5.478532371702992e-13, 4.369350307815554e-13, 4.369350307815995e-13, 1.795698156225347e-12, 0.999999997602405, 4.389579702271667e-13, 2.1910717799169604e-12, 4.304008866061884e-13, 1.2056468913293097e-12, 4.317854622339898e-13, 4.103125607357801e-13, 4.3364569957674905e-13, 4.176256322387878e-13, 1.5217268204045875e-09, 4.2716635892478964e-13]"
hMpxV/Peru/LIM-INS-551/2024|EPI_ISL_19449527|2024-07-12,"[0.0, 0.0, 0.0, 0.0, 0.0, 0.0, 0.0, 0.0, 0.0, 0.0, 0.0, 0.0, 0.0, 0.0, 0.0, 0.0, 0.0, 0.0, 0.0, 0.0, 1.0, 0.0, 0.0, 0.0, 0.0, 0.0, 0.0, 0.0, 0.0, 0.0, 0.0]"
hMpxV/Peru/LIM-INS-564/2024|EPI_ISL_19449540|2024-07-11,"[0.0, 0.0, 0.0, 0.0, 0.0, 0.0, 0.0, 0.0, 0.0, 0.0, 0.0, 0.0, 0.0, 0.0, 0.0, 0.0, 0.0, 0.0, 0.0, 0.0, 1.0, 0.0, 0.0, 0.0, 0.0, 0.0, 0.0, 0.0, 0.0, 0.0, 0.0]"
hMpxV/Peru/ICA-INS-574/2024|EPI_ISL_19449550|2024-07-22,"[0.0, 0.0, 0.0, 0.0, 0.0, 0.0, 0.0, 0.0, 0.0, 0.0, 0.0, 0.0, 0.0, 0.0, 0.0, 0.0, 0.0, 0.0, 0.0, 0.0, 1.0, 0.0, 0.0, 0.0, 0.0, 0.0, 0.0, 0.0, 0.0, 0.0, 0.0]"
NODE_0000379,"[8.61819152225351e-06, 2.2529672038308436e-06, 4.0075918849220274e-05, 1.5841617681067734e-06, 5.441451231116165e-06, 1.8539475370821945e-06, 1.945134212656529e-06, 1.5752646375715907e-06, 1.5794427864439173e-06, 1.5804406915778824e-06, 1.5751182167929245e-06, 1.5812099616373635e-06, 1.5199054839375248e-06, 1.9168122060212106e-06, 2.980693529787249e-06, 2.7980924755135863e-05, 6.409441725482587e-06, 1.5812099616374e-06, 1.581209961637361e-06, 1.8481906917053336e-06, 0.0022683253104338373, 1.5694272076031792e-06, 6.329218141857703e-06, 1.5753795685584456e-06, 2.5139367774504196e-06, 3.3742164967533146e-06, 1.4102105658019775e-06, 3.254123224257436e-06, 1.5140911467595051e-06, 0.99759308149405, 1.5709554534051288e-06]"
hMpxV/USA/CA-CDPH-1M1000243/2023|EPI_ISL_18458962|2023-04-13,"[0.0, 0.0, 0.0, 0.0, 0.0, 0.0, 0.0, 0.0, 0.0, 0.0, 0.0, 0.0, 0.0, 0.0, 0.0, 0.0, 0.0, 0.0, 0.0, 0.0, 0.0, 0.0, 0.0, 0.0, 0.0, 0.0, 0.0, 0.0, 0.0, 1.0, 0.0]"
NODE_0000380,"[1.0250954272407206e-08, 1.259335923675674e-09, 4.599218962026345e-08, 1.0994190923041877e-09, 2.367684906862862e-09, 1.1683904635822193e-09, 1.1976397838865791e-09, 1.119904899558093e-09, 1.1186211223106091e-09, 1.0996898092772178e-09, 1.1156926024694996e-09, 1.108211471719586e-09, 1.0772925685476778e-09, 1.1636157817218372e-09, 2.53008186330464e-09, 1.9754535710142538e-08, 7.838687409501555e-09, 1.108211471719856e-09, 1.1082114717193364e-09, 1.1168955435156914e-09, 2.8575177464118862e-06, 1.0708635210160918e-09, 6.9295874316955194e-09, 1.1200573781124608e-09, 1.816743720576439e-09, 3.3279113864311393e-09, 9.491910207720773e-10, 3.164186917692643e-09, 1.0592823390821227e-09, 0.9999970173257134, 1.1234507000200224e-09]"
hMpxV/USA/CA-CDPH-1M1000244/2023|EPI_ISL_18458963|2023-04-13,"[0.0, 0.0, 0.0, 0.0, 0.0, 0.0, 0.0, 0.0, 0.0, 0.0, 0.0, 0.0, 0.0, 0.0, 0.0, 0.0, 0.0, 0.0, 0.0, 0.0, 0.0, 0.0, 0.0, 0.0, 0.0, 0.0, 0.0, 0.0, 0.0, 1.0, 0.0]"
NODE_0000381,"[5.991435694344682e-15, 7.075482914837128e-17, 2.0556681023120656e-13, 4.746892665042681e-17, 3.2390694593017087e-16, 5.867810343629992e-17, 6.276577372389578e-17, 5.456338838325984e-17, 5.384578849653711e-17, 4.8713035453142075e-17, 5.3600003516032426e-17, 5.005405407948485e-17, 5.1739308464953597e-17, 5.795597445095741e-17, 3.5676723272654506e-16, 3.5201527430253813e-14, 2.975182096740916e-15, 5.005405407949659e-17, 5.0054054079472674e-17, 5.249667461524978e-17, 1.094489697561722e-09, 4.3009833564729755e-17, 3.719942320477016e-15, 5.4584746024830637e-17, 1.3711014241397866e-16, 5.198144997073034e-16, 3.9905707820012464e-17, 4.719221104819446e-16, 4.8810316079984276e-17, 0.9999999989052542, 5.649007795297396e-17]"
hMpxV/USA/CA-CDPH-11000316/2023|EPI_ISL_18323786|2023-07-21,"[0.0, 0.0, 0.0, 0.0, 0.0, 0.0, 0.0, 0.0, 0.0, 0.0, 0.0, 0.0, 0.0, 0.0, 0.0, 0.0, 0.0, 0.0, 0.0, 0.0, 0.0, 0.0, 0.0, 0.0, 0.0, 0.0, 0.0, 0.0, 0.0, 0.9999999999999999, 0.0]"
hMpxV/Peru/LIM-INS-503/2023|EPI_ISL_19343555|2023-10-30,"[0.0, 0.0, 0.0, 0.0, 0.0, 0.0, 0.0, 0.0, 0.0, 0.0, 0.0, 0.0, 0.0, 0.0, 0.0, 0.0, 0.0, 0.0, 0.0, 0.0, 1.0, 0.0, 0.0, 0.0, 0.0, 0.0, 0.0, 0.0, 0.0, 0.0, 0.0]"
hMpxV/USA/CA-CDPH-11000297/2023|EPI_ISL_18325000|2023-07-06,"[0.0, 0.0, 0.0, 0.0, 0.0, 0.0, 0.0, 0.0, 0.0, 0.0, 0.0, 0.0, 0.0, 0.0, 0.0, 0.0, 0.0, 0.0, 0.0, 0.0, 0.0, 0.0, 0.0, 0.0, 0.0, 0.0, 0.0, 0.0, 0.0, 1.0, 0.0]"
hMpxV/USA/CA-CDPH-1M1000275/2023|EPI_ISL_18443042|2023-05-12,"[0.0, 0.0, 0.0, 0.0, 0.0, 0.0, 0.0, 0.0, 0.0, 0.0, 0.0, 0.0, 0.0, 0.0, 0.0, 0.0, 0.0, 0.0, 0.0, 0.0, 0.0, 0.0, 0.0, 0.0, 0.0, 0.0, 0.0, 0.0, 0.0, 1.0, 0.0]"
NODE_0000388,"[1.171428960309731e-08, 1.2948245491388352e-09, 4.230234172117962e-08, 1.2778773744985936e-09, 1.8118481424924376e-09, 1.2929496482384815e-09, 1.3009728875197775e-09, 1.3006800131860757e-09, 1.2990103669949707e-09, 1.2776524215872544e-09, 1.2958029067734277e-09, 1.2878911734965992e-09, 1.2516283993628648e-09, 1.2667007177054017e-09, 2.8424532462019266e-09, 1.4589094448180458e-08, 9.279189070332237e-09, 1.2878911734967462e-09, 1.2878911734966492e-09, 1.21595806881288e-09, 4.833334845298778e-07, 1.2453874816208984e-09, 7.667027123056155e-09, 1.3008548571774482e-09, 2.0505822278523587e-09, 3.937142564825703e-09, 1.09901858034327e-09, 3.7391689446252125e-09, 1.2300741411707717e-09, 0.9999993926158682, 1.3044443056511619e-09]"
hMpxV/USA/CA-CDPH-11000305/2023|EPI_ISL_18325008|2023-07-06,"[0.0, 0.0, 0.0, 0.0, 0.0, 0.0, 0.0, 0.0, 0.0, 0.0, 0.0, 0.0, 0.0, 0.0, 0.0, 0.0, 0.0, 0.0, 0.0, 0.0, 0.0, 0.0, 0.0, 0.0, 0.0, 0.0, 0.0, 0.0, 0.0, 1.0, 0.0]"
hMpxV/USA/CA-CDPH-11000304/2023|EPI_ISL_18325007|2023-07-06,"[0.0, 0.0, 0.0, 0.0, 0.0, 0.0, 0.0, 0.0, 0.0, 0.0, 0.0, 0.0, 0.0, 0.0, 0.0, 0.0, 0.0, 0.0, 0.0, 0.0, 0.0, 0.0, 0.0, 0.0, 0.0, 0.0, 0.0, 0.0, 0.0, 1.0, 0.0]"
NODE_0000389,"[3.2326727617228835e-10, 3.5481249315265564e-11, 1.1690876477648443e-09, 3.5049611761158836e-11, 4.9555870068415554e-11, 3.544215254921644e-11, 3.5669527355535484e-11, 3.569013163843592e-11, 3.5641707894586684e-11, 3.5040972152226075e-11, 3.5552202322352854e-11, 3.53305697161753e-11, 3.433908413543161e-11, 3.469105987030718e-11, 7.832486434399608e-11, 4.0224663624856243e-10, 2.5624087786159985e-10, 3.533056971619158e-11, 3.533056971615903e-11, 3.3325094053581705e-11, 1.3465575748553783e-08, 3.414267428544857e-11, 2.1182702732927949e-10, 3.569500114857067e-11, 5.625566283713468e-11, 1.0847733326541667e-10, 3.0106876874993254e-11, 1.030116249203162e-10, 3.373735054289581e-11, 0.9999999831147359, 3.579710138581275e-11]"
hMpxV/USA/CA-CDPH-11000306/2023|EPI_ISL_18325009|2023-07-05,"[0.0, 0.0, 0.0, 0.0, 0.0, 0.0, 0.0, 0.0, 0.0, 0.0, 0.0, 0.0, 0.0, 0.0, 0.0, 0.0, 0.0, 0.0, 0.0, 0.0, 0.0, 0.0, 0.0, 0.0, 0.0, 0.0, 0.0, 0.0, 0.0, 1.0, 0.0]"
hMpxV/USA/CA-CDPH-11000307/2023|EPI_ISL_18325010|2023-07-05,"[0.0, 0.0, 0.0, 0.0, 0.0, 0.0, 0.0, 0.0, 0.0, 0.0, 0.0, 0.0, 0.0, 0.0, 0.0, 0.0, 0.0, 0.0, 0.0, 0.0, 0.0, 0.0, 0.0, 0.0, 0.0, 0.0, 0.0, 0.0, 0.0, 1.0, 0.0]"
NODE_0000382,"[9.426892940408099e-58, 2.3649960895935162e-66, 3.7360899384162575e-52, 1.3613335365208704e-66, 1.5347598904203e-64, 2.0160651089823847e-66, 2.526471991177305e-66, 3.243618538751647e-66, 2.939677712117476e-66, 1.5799399683583013e-66, 2.895356636775601e-66, 1.89858820548165e-66, 2.789019482964009e-66, 1.5207031716892847e-66, 1.3029547737085258e-62, 6.037670736895802e-56, 7.777256657805136e-59, 1.8985882054824586e-66, 1.8985882054811635e-66, 1.1075801543963369e-66, 8.68367597011932e-39, 7.669469358135303e-67, 3.211023400920395e-58, 3.250470153440833e-66, 7.051441180208977e-65, 5.735817658960486e-62, 7.565483169143104e-67, 3.867016439155086e-62, 1.962567605930257e-66, 1.0, 4.04829158232332e-66]"
hMpxV/USA/CA-CDPH-1M1000433/2023|EPI_ISL_18781818|2023-10-16,"[0.0, 0.0, 0.0, 0.0, 0.0, 0.0, 0.0, 0.0, 0.0, 0.0, 0.0, 0.0, 0.0, 0.0, 0.0, 0.0, 0.0, 0.0, 0.0, 0.0, 0.0, 0.0, 0.0, 0.0, 0.0, 0.0, 0.0, 0.0, 0.0, 0.9999999999999999, 0.0]"
hMpxV/USA/CA-CDPH-1M1000420/2023|EPI_ISL_18781849|2023-10-13,"[0.0, 0.0, 0.0, 0.0, 0.0, 0.0, 0.0, 0.0, 0.0, 0.0, 0.0, 0.0, 0.0, 0.0, 0.0, 0.0, 0.0, 0.0, 0.0, 0.0, 0.0, 0.0, 0.0, 0.0, 0.0, 0.0, 0.0, 0.0, 0.0, 0.9999999999999999, 0.0]"
hMpxV/USA/CA-CDPH-1M1000486/2023|EPI_ISL_19143448|2023-12-05,"[0.0, 0.0, 0.0, 0.0, 0.0, 0.0, 0.0, 0.0, 0.0, 0.0, 0.0, 0.0, 0.0, 0.0, 0.0, 0.0, 0.0, 0.0, 0.0, 0.0, 0.0, 0.0, 0.0, 0.0, 0.0, 0.0, 0.0, 0.0, 0.0, 1.0, 0.0]"
hMpxV/USA/CA-CDPH-1M1000344/2023|EPI_ISL_18452335|2023-09-26,"[0.0, 0.0, 0.0, 0.0, 0.0, 0.0, 0.0, 0.0, 0.0, 0.0, 0.0, 0.0, 0.0, 0.0, 0.0, 0.0, 0.0, 0.0, 0.0, 0.0, 0.0, 0.0, 0.0, 0.0, 0.0, 0.0, 0.0, 0.0, 0.0, 1.0, 0.0]"
hMpxV/USA/CA-CDPH-1M1000343/2023|EPI_ISL_18452334|2023-09-26,"[0.0, 0.0, 0.0, 0.0, 0.0, 0.0, 0.0, 0.0, 0.0, 0.0, 0.0, 0.0, 0.0, 0.0, 0.0, 0.0, 0.0, 0.0, 0.0, 0.0, 0.0, 0.0, 0.0, 0.0, 0.0, 0.0, 0.0, 0.0, 0.0, 1.0, 0.0]"
hMpxV/USA/CA-CDPH-1M1000381/2023|EPI_ISL_18781793|2023-10-20,"[0.0, 0.0, 0.0, 0.0, 0.0, 0.0, 0.0, 0.0, 0.0, 0.0, 0.0, 0.0, 0.0, 0.0, 0.0, 0.0, 0.0, 0.0, 0.0, 0.0, 0.0, 0.0, 0.0, 0.0, 0.0, 0.0, 0.0, 0.0, 0.0, 1.0, 0.0]"
hMpxV/USA/CA-CDPH-1M1000451/2023|EPI_ISL_18959309|2023-12-12,"[0.0, 0.0, 0.0, 0.0, 0.0, 0.0, 0.0, 0.0, 0.0, 0.0, 0.0, 0.0, 0.0, 0.0, 0.0, 0.0, 0.0, 0.0, 0.0, 0.0, 0.0, 0.0, 0.0, 0.0, 0.0, 0.0, 0.0, 0.0, 0.0, 1.0, 0.0]"
hMpxV/USA/CA-CDPH-1M1000453/2023|EPI_ISL_18959311|2023-12-14,"[0.0, 0.0, 0.0, 0.0, 0.0, 0.0, 0.0, 0.0, 0.0, 0.0, 0.0, 0.0, 0.0, 0.0, 0.0, 0.0, 0.0, 0.0, 0.0, 0.0, 0.0, 0.0, 0.0, 0.0, 0.0, 0.0, 0.0, 0.0, 0.0, 1.0, 0.0]"
hMpxV/USA/CA-CDPH-1M1000463/2023|EPI_ISL_18959320|2023-12-25,"[0.0, 0.0, 0.0, 0.0, 0.0, 0.0, 0.0, 0.0, 0.0, 0.0, 0.0, 0.0, 0.0, 0.0, 0.0, 0.0, 0.0, 0.0, 0.0, 0.0, 0.0, 0.0, 0.0, 0.0, 0.0, 0.0, 0.0, 0.0, 0.0, 1.0, 0.0]"
hMpxV/USA/CA-CDPH-1M1000464/2023|EPI_ISL_18959321|2023-12-25,"[0.0, 0.0, 0.0, 0.0, 0.0, 0.0, 0.0, 0.0, 0.0, 0.0, 0.0, 0.0, 0.0, 0.0, 0.0, 0.0, 0.0, 0.0, 0.0, 0.0, 0.0, 0.0, 0.0, 0.0, 0.0, 0.0, 0.0, 0.0, 0.0, 1.0, 0.0]"
hMpxV/USA/CA-LACPHL-MA00612/2023|EPI_ISL_18993203|2023-11-07,"[0.0, 0.0, 0.0, 0.0, 0.0, 0.0, 0.0, 0.0, 0.0, 0.0, 0.0, 0.0, 0.0, 0.0, 0.0, 0.0, 0.0, 0.0, 0.0, 0.0, 0.0, 0.0, 0.0, 0.0, 0.0, 0.0, 0.0, 0.0, 0.0, 1.0, 0.0]"
hMpxV/USA/CA-CDPH-1M1000400/2023|EPI_ISL_18781924|2023-10-25,"[0.0, 0.0, 0.0, 0.0, 0.0, 0.0, 0.0, 0.0, 0.0, 0.0, 0.0, 0.0, 0.0, 0.0, 0.0, 0.0, 0.0, 0.0, 0.0, 0.0, 0.0, 0.0, 0.0, 0.0, 0.0, 0.0, 0.0, 0.0, 0.0, 1.0, 0.0]"
hMpxV/USA/CA-CDPH-1M1000399/2023|EPI_ISL_18781923|2023-10-18,"[0.0, 0.0, 0.0, 0.0, 0.0, 0.0, 0.0, 0.0, 0.0, 0.0, 0.0, 0.0, 0.0, 0.0, 0.0, 0.0, 0.0, 0.0, 0.0, 0.0, 0.0, 0.0, 0.0, 0.0, 0.0, 0.0, 0.0, 0.0, 0.0, 1.0, 0.0]"
hMpxV/USA/CA-CDPH-1M1000398/2023|EPI_ISL_18781922|2023-11-11,"[0.0, 0.0, 0.0, 0.0, 0.0, 0.0, 0.0, 0.0, 0.0, 0.0, 0.0, 0.0, 0.0, 0.0, 0.0, 0.0, 0.0, 0.0, 0.0, 0.0, 0.0, 0.0, 0.0, 0.0, 0.0, 0.0, 0.0, 0.0, 0.0, 1.0, 0.0]"
hMpxV/USA/CA-CDPH-1M1000440/2023|EPI_ISL_18781628|2023-11-09,"[0.0, 0.0, 0.0, 0.0, 0.0, 0.0, 0.0, 0.0, 0.0, 0.0, 0.0, 0.0, 0.0, 0.0, 0.0, 0.0, 0.0, 0.0, 0.0, 0.0, 0.0, 0.0, 0.0, 0.0, 0.0, 0.0, 0.0, 0.0, 0.0, 1.0, 0.0]"
hMpxV/USA/CA-CDPH-1M1000450/2023|EPI_ISL_18781637|2023-10-16,"[0.0, 0.0, 0.0, 0.0, 0.0, 0.0, 0.0, 0.0, 0.0, 0.0, 0.0, 0.0, 0.0, 0.0, 0.0, 0.0, 0.0, 0.0, 0.0, 0.0, 0.0, 0.0, 0.0, 0.0, 0.0, 0.0, 0.0, 0.0, 0.0, 0.9999999999999999, 0.0]"
hMpxV/USA/CA-CDPH-1M1000531/2023|EPI_ISL_19170460|2023-10-16,"[0.0, 0.0, 0.0, 0.0, 0.0, 0.0, 0.0, 0.0, 0.0, 0.0, 0.0, 0.0, 0.0, 0.0, 0.0, 0.0, 0.0, 0.0, 0.0, 0.0, 0.0, 0.0, 0.0, 0.0, 0.0, 0.0, 0.0, 0.0, 0.0, 0.9999999999999999, 0.0]"
hMpxV/USA/CA-CDPH-1M1000533/2023|EPI_ISL_19170462|2023-10-06,"[0.0, 0.0, 0.0, 0.0, 0.0, 0.0, 0.0, 0.0, 0.0, 0.0, 0.0, 0.0, 0.0, 0.0, 0.0, 0.0, 0.0, 0.0, 0.0, 0.0, 0.0, 0.0, 0.0, 0.0, 0.0, 0.0, 0.0, 0.0, 0.0, 1.0, 0.0]"
hMpxV/USA/CA-CDPH-1M1000535/2023|EPI_ISL_19170464|2023-10-18,"[0.0, 0.0, 0.0, 0.0, 0.0, 0.0, 0.0, 0.0, 0.0, 0.0, 0.0, 0.0, 0.0, 0.0, 0.0, 0.0, 0.0, 0.0, 0.0, 0.0, 0.0, 0.0, 0.0, 0.0, 0.0, 0.0, 0.0, 0.0, 0.0, 1.0, 0.0]"
hMpxV/USA/CA-CDPH-1M1000536/2023|EPI_ISL_19170465|2023-10-19,"[0.0, 0.0, 0.0, 0.0, 0.0, 0.0, 0.0, 0.0, 0.0, 0.0, 0.0, 0.0, 0.0, 0.0, 0.0, 0.0, 0.0, 0.0, 0.0, 0.0, 0.0, 0.0, 0.0, 0.0, 0.0, 0.0, 0.0, 0.0, 0.0, 1.0, 0.0]"
hMpxV/USA/CA-CDPH-1M1000620/2023|EPI_ISL_19295765|2023-10-10,"[0.0, 0.0, 0.0, 0.0, 0.0, 0.0, 0.0, 0.0, 0.0, 0.0, 0.0, 0.0, 0.0, 0.0, 0.0, 0.0, 0.0, 0.0, 0.0, 0.0, 0.0, 0.0, 0.0, 0.0, 0.0, 0.0, 0.0, 0.0, 0.0, 0.9999999999999999, 0.0]"
hMpxV/USA/CA-CDPH-1M1000622/2023|EPI_ISL_19295767|2023-09-19,"[0.0, 0.0, 0.0, 0.0, 0.0, 0.0, 0.0, 0.0, 0.0, 0.0, 0.0, 0.0, 0.0, 0.0, 0.0, 0.0, 0.0, 0.0, 0.0, 0.0, 0.0, 0.0, 0.0, 0.0, 0.0, 0.0, 0.0, 0.0, 0.0, 1.0, 0.0]"
hMpxV/USA/CA-CDPH-1M1000357/2023|EPI_ISL_18786340|2023-09-12,"[0.0, 0.0, 0.0, 0.0, 0.0, 0.0, 0.0, 0.0, 0.0, 0.0, 0.0, 0.0, 0.0, 0.0, 0.0, 0.0, 0.0, 0.0, 0.0, 0.0, 0.0, 0.0, 0.0, 0.0, 0.0, 0.0, 0.0, 0.0, 0.0, 1.0, 0.0]"
hMpxV/USA/CA-CDPH-1M1000362/2023|EPI_ISL_18786347|2023-09-21,"[0.0, 0.0, 0.0, 0.0, 0.0, 0.0, 0.0, 0.0, 0.0, 0.0, 0.0, 0.0, 0.0, 0.0, 0.0, 0.0, 0.0, 0.0, 0.0, 0.0, 0.0, 0.0, 0.0, 0.0, 0.0, 0.0, 0.0, 0.0, 0.0, 1.0, 0.0]"
hMpxV/USA/IL-RIPHL-050-0110/2023|EPI_ISL_19016746|2023-09-27,"[0.0, 0.0, 0.0, 0.0, 0.0, 0.0, 0.0, 0.0, 0.0, 0.0, 0.0, 0.0, 0.0, 0.0, 0.0, 0.0, 0.0, 0.0, 0.0, 0.0, 0.0, 0.0, 0.0, 0.0, 0.0, 0.0, 0.0, 0.0, 0.0, 1.0, 0.0]"
NODE_0000387,"[1.5928246664405643e-09, 1.6517357198809183e-10, 5.860740207438953e-09, 1.6378224990338698e-10, 2.297584226767914e-10, 1.6515800326215902e-10, 1.6650306526014716e-10, 1.6730902047755248e-10, 1.6699033361402034e-10, 1.6370673215844104e-10, 1.6654704224805903e-10, 1.6531721958462255e-10, 1.6082344686682395e-10, 1.6090727419891515e-10, 3.794061484178786e-10, 1.9792040864210994e-09, 1.266950000690475e-09, 1.6531721958466328e-10, 1.6531721958458408e-10, 1.5509551151146559e-10, 7.27734609711084e-08, 1.5904345419733315e-10, 1.0518683284208793e-09, 1.6733400539809115e-10, 2.6431689704205695e-10, 5.25604897255617e-10, 1.3972614578940163e-10, 4.986348498860572e-10, 1.5769609469403226e-10, 0.9999999104875427, 1.6794030835624988e-10]"
hMpxV/USA/CA-CDPH-1M1000377/2023|EPI_ISL_18781788|2023-09-16,"[0.0, 0.0, 0.0, 0.0, 0.0, 0.0, 0.0, 0.0, 0.0, 0.0, 0.0, 0.0, 0.0, 0.0, 0.0, 0.0, 0.0, 0.0, 0.0, 0.0, 0.0, 0.0, 0.0, 0.0, 0.0, 0.0, 0.0, 0.0, 0.0, 1.0, 0.0]"
hMpxV/USA/CA-CDPH-1M1000437/2023|EPI_ISL_18781626|2023-10-11,"[0.0, 0.0, 0.0, 0.0, 0.0, 0.0, 0.0, 0.0, 0.0, 0.0, 0.0, 0.0, 0.0, 0.0, 0.0, 0.0, 0.0, 0.0, 0.0, 0.0, 0.0, 0.0, 0.0, 0.0, 0.0, 0.0, 0.0, 0.0, 0.0, 1.0, 0.0]"
NODE_0000385,"[5.871764482205985e-08, 5.261740038836731e-09, 2.7975165043213917e-07, 4.982850348285561e-09, 8.565326557764915e-09, 5.199059554728744e-09, 5.2068818102536484e-09, 5.108656893940954e-09, 5.104548627953306e-09, 5.013524121551289e-09, 5.093437224082608e-09, 5.031363067607298e-09, 4.928275117365421e-09, 5.2012333677629746e-09, 1.150870838414598e-08, 8.410054465297829e-08, 4.198260518299543e-08, 5.0313630676074935e-09, 5.031363067607189e-09, 4.839949844242587e-09, 4.941003813738781e-06, 4.868540212461061e-09, 3.558124791269816e-08, 5.109252511793437e-09, 8.64292342829782e-09, 1.6538507937424222e-08, 4.415043048648345e-09, 1.5630765537476945e-08, 4.851166355298142e-09, 0.9999944025632145, 5.13479875133722e-09]"
hMpxV/USA/CA-CDPH-1M1000497/2024|EPI_ISL_19143456|2024-01-17,"[0.0, 0.0, 0.0, 0.0, 0.0, 0.0, 0.0, 0.0, 0.0, 0.0, 0.0, 0.0, 0.0, 0.0, 0.0, 0.0, 0.0, 0.0, 0.0, 0.0, 0.0, 0.0, 0.0, 0.0, 0.0, 0.0, 0.0, 0.0, 0.0, 1.0, 0.0]"
hMpxV/USA/CA-CDPH-1M1000482/2024|EPI_ISL_19143475|2024-03-06,"[0.0, 0.0, 0.0, 0.0, 0.0, 0.0, 0.0, 0.0, 0.0, 0.0, 0.0, 0.0, 0.0, 0.0, 0.0, 0.0, 0.0, 0.0, 0.0, 0.0, 0.0, 0.0, 0.0, 0.0, 0.0, 0.0, 0.0, 0.0, 0.0, 1.0, 0.0]"
hMpxV/USA/CA-CDPH-1M1000608/2024|EPI_ISL_19295757|2024-06-10,"[0.0, 0.0, 0.0, 0.0, 0.0, 0.0, 0.0, 0.0, 0.0, 0.0, 0.0, 0.0, 0.0, 0.0, 0.0, 0.0, 0.0, 0.0, 0.0, 0.0, 0.0, 0.0, 0.0, 0.0, 0.0, 0.0, 0.0, 0.0, 0.0, 1.0, 0.0]"
NODE_0000386,"[1.5407568661593502e-10, 6.741743279283529e-12, 1.1682508922008391e-09, 6.24146150311016e-12, 1.284185467338492e-11, 6.611470489365757e-12, 6.685927328237769e-12, 6.624632040751831e-12, 6.592429743583509e-12, 6.317808563094008e-12, 6.575957471407565e-12, 6.386677079073001e-12, 6.3609473982543294e-12, 6.547560557035904e-12, 2.0353845961742218e-11, 2.5856600688102164e-10, 1.0103314627602048e-10, 6.3866770790745006e-12, 6.386677079071529e-12, 6.025921337571576e-12, 6.580705320345437e-08, 5.9623853188586405e-12, 9.138735138778188e-11, 6.625935410649643e-12, 1.247853107690112e-11, 3.0637256774594437e-11, 5.43269666307181e-12, 2.855289173095887e-11, 6.177241304803065e-12, 0.9999999321933672, 6.7178727560917275e-12]"
hMpxV/USA/CA-CDPH-1M1000473/2024|EPI_ISL_19143467|2024-02-06,"[0.0, 0.0, 0.0, 0.0, 0.0, 0.0, 0.0, 0.0, 0.0, 0.0, 0.0, 0.0, 0.0, 0.0, 0.0, 0.0, 0.0, 0.0, 0.0, 0.0, 0.0, 0.0, 0.0, 0.0, 0.0, 0.0, 0.0, 0.0, 0.0, 1.0, 0.0]"
hMpxV/USA/CA-CDPH-1M1000474/2024|EPI_ISL_19143468|2024-02-09,"[0.0, 0.0, 0.0, 0.0, 0.0, 0.0, 0.0, 0.0, 0.0, 0.0, 0.0, 0.0, 0.0, 0.0, 0.0, 0.0, 0.0, 0.0, 0.0, 0.0, 0.0, 0.0, 0.0, 0.0, 0.0, 0.0, 0.0, 0.0, 0.0, 1.0, 0.0]"
hMpxV/USA/CA-LACPHL-MA00618/2024|EPI_ISL_18993206|2024-02-07,"[0.0, 0.0, 0.0, 0.0, 0.0, 0.0, 0.0, 0.0, 0.0, 0.0, 0.0, 0.0, 0.0, 0.0, 0.0, 0.0, 0.0, 0.0, 0.0, 0.0, 0.0, 0.0, 0.0, 0.0, 0.0, 0.0, 0.0, 0.0, 0.0, 1.0, 0.0]"
hMpxV/USA/CA-CDPH-1M1000394/2023|EPI_ISL_18781918|2023-11-07,"[0.0, 0.0, 0.0, 0.0, 0.0, 0.0, 0.0, 0.0, 0.0, 0.0, 0.0, 0.0, 0.0, 0.0, 0.0, 0.0, 0.0, 0.0, 0.0, 0.0, 0.0, 0.0, 0.0, 0.0, 0.0, 0.0, 0.0, 0.0, 0.0, 1.0, 0.0]"
NODE_0000383,"[8.334814032030237e-10, 4.7390339849037263e-11, 4.644648126943997e-09, 4.5882201100738196e-11, 7.638336266792079e-11, 4.705470671873898e-11, 4.7751819741466593e-11, 4.8230286404694245e-11, 4.798949449702878e-11, 4.612612339653832e-11, 4.784703007692669e-11, 4.681566128635651e-11, 4.620857574169849e-11, 4.560892694208816e-11, 1.4027129698447358e-10, 1.2008174873729893e-09, 6.076282990346337e-10, 4.681566128635819e-11, 4.681566128635531e-11, 4.3368135783134793e-11, 1.5421413449333638e-07, 4.378627374372761e-11, 5.33406096768751e-10, 4.824043867929188e-11, 8.384547682277514e-11, 2.0280914176376467e-10, 3.876871827638489e-11, 1.901398527051943e-10, 4.483479527668793e-11, 0.9999998363941281, 4.8771800104806984e-11]"
hMpxV/USA/CA-CDPH-1M1000488/2023|EPI_ISL_19143450|2023-12-04,"[0.0, 0.0, 0.0, 0.0, 0.0, 0.0, 0.0, 0.0, 0.0, 0.0, 0.0, 0.0, 0.0, 0.0, 0.0, 0.0, 0.0, 0.0, 0.0, 0.0, 0.0, 0.0, 0.0, 0.0, 0.0, 0.0, 0.0, 0.0, 0.0, 1.0, 0.0]"
hMpxV/USA/CA-CDPH-1M1000487/2023|EPI_ISL_19143449|2023-12-11,"[0.0, 0.0, 0.0, 0.0, 0.0, 0.0, 0.0, 0.0, 0.0, 0.0, 0.0, 0.0, 0.0, 0.0, 0.0, 0.0, 0.0, 0.0, 0.0, 0.0, 0.0, 0.0, 0.0, 0.0, 0.0, 0.0, 0.0, 0.0, 0.0, 1.0, 0.0]"
NODE_0000384,"[1.5844237526207607e-16, 1.751403038890993e-18, 2.306443230540862e-15, 1.6683710253423925e-18, 3.64545002811855e-18, 1.730352640195655e-18, 1.8026855432585904e-18, 1.903340614702499e-18, 1.874204974915449e-18, 1.6935215761477028e-18, 1.8651403428805213e-18, 1.757646061525444e-18, 1.7982551477265504e-18, 1.5988662908500878e-18, 1.1710615319934681e-17, 3.026868301657774e-16, 9.9716198902984e-17, 1.7576460615259418e-18, 1.7576460615250185e-18, 1.5208082091385688e-18, 9.713447506454296e-13, 1.5005463085481555e-18, 1.0113209727352584e-16, 1.9041661376421793e-18, 4.066822887541624e-18, 1.8470251253761793e-17, 1.309563501187751e-18, 1.6786501346027578e-17, 1.682343881189077e-18, 0.9999999999990256, 1.9651025184590478e-18]"
hMpxV/USA/CA-CDPH-1M1000485/2023|EPI_ISL_19143447|2023-12-15,"[0.0, 0.0, 0.0, 0.0, 0.0, 0.0, 0.0, 0.0, 0.0, 0.0, 0.0, 0.0, 0.0, 0.0, 0.0, 0.0, 0.0, 0.0, 0.0, 0.0, 0.0, 0.0, 0.0, 0.0, 0.0, 0.0, 0.0, 0.0, 0.0, 0.9999999999999999, 0.0]"
hMpxV/USA/CA-CDPH-1M1000502/2023|EPI_ISL_19143460|2023-12-05,"[0.0, 0.0, 0.0, 0.0, 0.0, 0.0, 0.0, 0.0, 0.0, 0.0, 0.0, 0.0, 0.0, 0.0, 0.0, 0.0, 0.0, 0.0, 0.0, 0.0, 0.0, 0.0, 0.0, 0.0, 0.0, 0.0, 0.0, 0.0, 0.0, 1.0, 0.0]"
hMpxV/USA/CA-CDPH-1M1000454/2023|EPI_ISL_18959312|2023-12-18,"[0.0, 0.0, 0.0, 0.0, 0.0, 0.0, 0.0, 0.0, 0.0, 0.0, 0.0, 0.0, 0.0, 0.0, 0.0, 0.0, 0.0, 0.0, 0.0, 0.0, 0.0, 0.0, 0.0, 0.0, 0.0, 0.0, 0.0, 0.0, 0.0, 1.0, 0.0]"
hMpxV/USA/CA-CDPH-1M1000456/2023|EPI_ISL_18959314|2023-12-18,"[0.0, 0.0, 0.0, 0.0, 0.0, 0.0, 0.0, 0.0, 0.0, 0.0, 0.0, 0.0, 0.0, 0.0, 0.0, 0.0, 0.0, 0.0, 0.0, 0.0, 0.0, 0.0, 0.0, 0.0, 0.0, 0.0, 0.0, 0.0, 0.0, 1.0, 0.0]"
hMpxV/USA/CA-CDPH-1M1000459/2023|EPI_ISL_18959316|2023-12-22,"[0.0, 0.0, 0.0, 0.0, 0.0, 0.0, 0.0, 0.0, 0.0, 0.0, 0.0, 0.0, 0.0, 0.0, 0.0, 0.0, 0.0, 0.0, 0.0, 0.0, 0.0, 0.0, 0.0, 0.0, 0.0, 0.0, 0.0, 0.0, 0.0, 0.9999999999999999, 0.0]"
NODE_0000003,"[0.00012295896940054367, 0.00013413347556896896, 0.00016160480652230167, 8.464481087755764e-05, 0.0002758529051424277, 0.00010226553119190116, 0.00010967896537693216, 8.048900845656604e-05, 8.139195352516617e-05, 8.347752337184247e-05, 0.000137190890848636, 8.289395165040344e-05, 7.861857842359513e-05, 0.00011030529138023864, 0.9714578700176191, 0.0003062990435235857, 8.711838278824258e-05, 8.289395165039018e-05, 8.28939516504108e-05, 0.00010544995397695697, 0.00483675331270361, 0.00017096910847551425, 8.217503236399354e-05, 8.049045490995843e-05, 0.00031388152572337506, 8.004972290995169e-05, 0.01985932093400641, 8.046415210659065e-05, 0.00025527356952087554, 0.00039317558435860545, 7.941463997551857e-05]"
hMpxV/South_Korea/KDCA-P033/2023|EPI_ISL_18147350|2023-04-25,"[0.0, 0.0, 0.0, 0.0, 0.0, 0.0, 0.0, 0.0, 0.0, 0.0, 0.0, 0.0, 0.0, 0.0, 0.0, 0.0, 0.0, 0.0, 0.0, 0.0, 0.0, 0.0, 0.0, 0.0, 0.0, 0.0, 1.0, 0.0, 0.0, 0.0, 0.0]"
NODE_0000004,"[2.6704958653089046e-38, 8.532004355819466e-39, 8.247803926115293e-41, 1.473180593060576e-38, 1.1452761499847955e-38, 6.569327270909109e-39, 7.608983393280332e-39, 9.21490992723919e-39, 1.0639265420907453e-38, 5.3906089970226045e-39, 1.3904620954106794e-36, 5.8274870578147646e-39, 2.3454512310625645e-38, 5.679629305214249e-39, 0.9999999947909373, 4.4278859570083766e-39, 4.7881196392924703e-39, 5.827487057805443e-39, 5.827487057819401e-39, 4.0527117225145073e-39, 1.4952599497945614e-36, 1.233099140597237e-35, 8.878766861676138e-39, 9.245027968648783e-39, 2.7460753736782895e-32, 4.961169215556346e-39, 5.2090628819844594e-09, 5.854827846596547e-39, 6.967002311567119e-29, 8.398242083765847e-41, 1.1181868446750633e-38]"
hMpxV/China/SZ-CDC/Strain157,"[0.0, 0.0, 0.0, 0.0, 0.0, 0.0, 0.0, 0.0, 0.0, 0.0, 0.0, 0.0, 0.0, 0.0, 0.0, 0.0, 0.0, 0.0, 0.0, 0.0, 0.0, 0.0, 0.0, 0.0, 1.0, 0.0, 0.0, 0.0, 0.0, 0.0, 0.0]"
hMpxV/Japan/TMIPH-0318/2022|EPI_ISL_17008294|2023-01-25,"[0.0, 0.0, 0.0, 0.0, 0.0, 0.0, 0.0, 0.0, 0.0, 0.0, 0.0, 0.0, 0.0, 0.0, 1.0, 0.0, 0.0, 0.0, 0.0, 0.0, 0.0, 0.0, 0.0, 0.0, 0.0, 0.0, 0.0, 0.0, 0.0, 0.0, 0.0]"
hMpxV/Japan/TMIPH-0325/2022|EPI_ISL_17008295|2023-01-30,"[0.0, 0.0, 0.0, 0.0, 0.0, 0.0, 0.0, 0.0, 0.0, 0.0, 0.0, 0.0, 0.0, 0.0, 1.0, 0.0, 0.0, 0.0, 0.0, 0.0, 0.0, 0.0, 0.0, 0.0, 0.0, 0.0, 0.0, 0.0, 0.0, 0.0, 0.0]"
hMpxV/Japan/TMIPH-0342/2022|EPI_ISL_17008296|2023-02-09,"[0.0, 0.0, 0.0, 0.0, 0.0, 0.0, 0.0, 0.0, 0.0, 0.0, 0.0, 0.0, 0.0, 0.0, 1.0, 0.0, 0.0, 0.0, 0.0, 0.0, 0.0, 0.0, 0.0, 0.0, 0.0, 0.0, 0.0, 0.0, 0.0, 0.0, 0.0]"
hMpxV/South_Korea/KDCA-P010/2023|EPI_ISL_18147334|2023-04-13,"[0.0, 0.0, 0.0, 0.0, 0.0, 0.0, 0.0, 0.0, 0.0, 0.0, 0.0, 0.0, 0.0, 0.0, 0.0, 0.0, 0.0, 0.0, 0.0, 0.0, 0.0, 0.0, 0.0, 0.0, 0.0, 0.0, 1.0, 0.0, 0.0, 0.0, 0.0]"
hMpxV/South_Korea/KDCA-P012/2023|EPI_ISL_18147342|2023-04-15,"[0.0, 0.0, 0.0, 0.0, 0.0, 0.0, 0.0, 0.0, 0.0, 0.0, 0.0, 0.0, 0.0, 0.0, 0.0, 0.0, 0.0, 0.0, 0.0, 0.0, 0.0, 0.0, 0.0, 0.0, 0.0, 0.0, 1.0, 0.0, 0.0, 0.0, 0.0]"
hMpxV/South_Korea/KDCA-P034/2023|EPI_ISL_18147346|2023-04-25,"[0.0, 0.0, 0.0, 0.0, 0.0, 0.0, 0.0, 0.0, 0.0, 0.0, 0.0, 0.0, 0.0, 0.0, 0.0, 0.0, 0.0, 0.0, 0.0, 0.0, 0.0, 0.0, 0.0, 0.0, 0.0, 0.0, 1.0, 0.0, 0.0, 0.0, 0.0]"
hMpxV/South_Korea/KDCA-P027/2023|EPI_ISL_18147349|2023-04-22,"[0.0, 0.0, 0.0, 0.0, 0.0, 0.0, 0.0, 0.0, 0.0, 0.0, 0.0, 0.0, 0.0, 0.0, 0.0, 0.0, 0.0, 0.0, 0.0, 0.0, 0.0, 0.0, 0.0, 0.0, 0.0, 0.0, 1.0, 0.0, 0.0, 0.0, 0.0]"
hMpxV/South_Korea/KDCA-P024/2023|EPI_ISL_18147351|2023-04-21,"[0.0, 0.0, 0.0, 0.0, 0.0, 0.0, 0.0, 0.0, 0.0, 0.0, 0.0, 0.0, 0.0, 0.0, 0.0, 0.0, 0.0, 0.0, 0.0, 0.0, 0.0, 0.0, 0.0, 0.0, 0.0, 0.0, 1.0, 0.0, 0.0, 0.0, 0.0]"
hMpxV/South_Korea/KDCA-P008/2023|EPI_ISL_18147360|2023-04-11,"[0.0, 0.0, 0.0, 0.0, 0.0, 0.0, 0.0, 0.0, 0.0, 0.0, 0.0, 0.0, 0.0, 0.0, 0.0, 0.0, 0.0, 0.0, 0.0, 0.0, 0.0, 0.0, 0.0, 0.0, 0.0, 0.0, 1.0, 0.0, 0.0, 0.0, 0.0]"
hMpxV/South_Korea/KDCA-P015/2023|EPI_ISL_18147358|2023-04-18,"[0.0, 0.0, 0.0, 0.0, 0.0, 0.0, 0.0, 0.0, 0.0, 0.0, 0.0, 0.0, 0.0, 0.0, 0.0, 0.0, 0.0, 0.0, 0.0, 0.0, 0.0, 0.0, 0.0, 0.0, 0.0, 0.0, 1.0, 0.0, 0.0, 0.0, 0.0]"
hMpxV/South_Korea/KDCA-P009/2023|EPI_ISL_18147359|2023-04-12,"[0.0, 0.0, 0.0, 0.0, 0.0, 0.0, 0.0, 0.0, 0.0, 0.0, 0.0, 0.0, 0.0, 0.0, 0.0, 0.0, 0.0, 0.0, 0.0, 0.0, 0.0, 0.0, 0.0, 0.0, 0.0, 0.0, 1.0, 0.0, 0.0, 0.0, 0.0]"
hMpxV/Thailand/KCMH-296/2023|EPI_ISL_19437778|2023-07-03,"[0.0, 0.0, 0.0, 0.0, 0.0, 0.0, 0.0, 0.0, 0.0, 0.0, 0.0, 0.0, 0.0, 0.0, 0.0, 0.0, 0.0, 0.0, 0.0, 0.0, 0.0, 0.0, 0.0, 0.0, 0.0, 0.0, 0.0, 0.0, 1.0, 0.0, 0.0]"
hMpxV/Japan/FKTMIPH-220304/2023|EPI_ISL_17246657|2023-01-23,"[0.0, 0.0, 0.0, 0.0, 0.0, 0.0, 0.0, 0.0, 0.0, 0.0, 0.0, 0.0, 0.0, 0.0, 1.0, 0.0, 0.0, 0.0, 0.0, 0.0, 0.0, 0.0, 0.0, 0.0, 0.0, 0.0, 0.0, 0.0, 0.0, 0.0, 0.0]"
hMpxV/Japan/FKTMIPH-220343/2023|EPI_ISL_17246659|2023-02-13,"[0.0, 0.0, 0.0, 0.0, 0.0, 0.0, 0.0, 0.0, 0.0, 0.0, 0.0, 0.0, 0.0, 0.0, 1.0, 0.0, 0.0, 0.0, 0.0, 0.0, 0.0, 0.0, 0.0, 0.0, 0.0, 0.0, 0.0, 0.0, 0.0, 0.0, 0.0]"
NODE_0000151,"[0.0002940091418811368, 0.00026625209322802954, 0.00014556931486026857, 0.00041340442274393575, 0.0002376465990341077, 0.0002693390081321112, 0.00026474944705321676, 0.00025895692367061473, 0.0002629385829891408, 0.00026953983841909935, 0.0004926066429110545, 0.00026751234318045283, 0.00031717491746458725, 0.0002692287383563919, 0.45064806712938377, 0.00018772825761165625, 0.0002626619422809786, 0.0002675123431804442, 0.00026751234318046427, 0.00025506232548716344, 0.00010924378720225568, 0.00047002586247366226, 0.00017289473147908077, 0.0002589641894028011, 0.0008252496602820656, 0.0002526022009601372, 0.00538219084074663, 0.00025460952816208437, 0.5359326072563204, 0.00016890979798450664, 0.00025522978993791526]"
hMpxV/Japan/TMIPH-0258/2023|EPI_ISL_18352304|2023-09-14,"[0.0, 0.0, 0.0, 0.0, 0.0, 0.0, 0.0, 0.0, 0.0, 0.0, 0.0, 0.0, 0.0, 0.0, 1.0, 0.0, 0.0, 0.0, 0.0, 0.0, 0.0, 0.0, 0.0, 0.0, 0.0, 0.0, 0.0, 0.0, 0.0, 0.0, 0.0]"
hMpxV/Thailand/KCMH-294/2023|EPI_ISL_19437774|2023-07-03,"[0.0, 0.0, 0.0, 0.0, 0.0, 0.0, 0.0, 0.0, 0.0, 0.0, 0.0, 0.0, 0.0, 0.0, 0.0, 0.0, 0.0, 0.0, 0.0, 0.0, 0.0, 0.0, 0.0, 0.0, 0.0, 0.0, 0.0, 0.0, 0.9999999999999999, 0.0, 0.0]"
NODE_0000152,"[1.9908037197888093e-06, 2.3883023984531144e-06, 1.150772412283005e-06, 2.4778615416007066e-06, 2.1082947475582823e-06, 2.4183791310309745e-06, 2.3809680825046294e-06, 2.3260949573573893e-06, 2.3547132408263673e-06, 2.4188506105085175e-06, 3.4700906817965553e-06, 2.4068749052850843e-06, 2.2273103090665872e-06, 2.3993400230448187e-06, 0.005150243285090465, 1.6196777699020453e-06, 2.3239872513549273e-06, 2.406874905284988e-06, 2.406874905285113e-06, 2.2608432994352615e-06, 8.337608846121329e-07, 7.278903668807415e-06, 1.4670506710737632e-06, 2.326206434992887e-06, 1.3329876349328612e-05, 2.2671657997172376e-06, 0.9947675629086237, 2.2886068463098498e-06, 5.565610011739488e-06, 1.0097580756496382e-06, 2.289952651140173e-06]"
hMpxV/South_Korea/KDCA-P026/2023|EPI_ISL_18147347|2023-04-22,"[0.0, 0.0, 0.0, 0.0, 0.0, 0.0, 0.0, 0.0, 0.0, 0.0, 0.0, 0.0, 0.0, 0.0, 0.0, 0.0, 0.0, 0.0, 0.0, 0.0, 0.0, 0.0, 0.0, 0.0, 0.0, 0.0, 1.0, 0.0, 0.0, 0.0, 0.0]"
hMpxV/South_Korea/KDCA-P017/2023|EPI_ISL_18147363|2023-04-18,"[0.0, 0.0, 0.0, 0.0, 0.0, 0.0, 0.0, 0.0, 0.0, 0.0, 0.0, 0.0, 0.0, 0.0, 0.0, 0.0, 0.0, 0.0, 0.0, 0.0, 0.0, 0.0, 0.0, 0.0, 0.0, 0.0, 1.0, 0.0, 0.0, 0.0, 0.0]"
NODE_0000143,"[2.9820745778009576e-10, 1.257568437093964e-10, 5.70283266181301e-11, 1.3028857091554096e-10, 1.1253049133456801e-10, 1.2693956394222692e-10, 1.2586747036017682e-10, 1.2477682831318367e-10, 1.2610542328777375e-10, 1.2679982164526437e-10, 7.540810883624063e-10, 1.2686966071726967e-10, 1.274911197991168e-10, 1.246931142228593e-10, 0.9999997212348937, 8.7558337648803e-11, 1.2130007156971287e-10, 1.2686966071723803e-10, 1.268696607172957e-10, 1.1780783088283912e-10, 1.3949499086883009e-10, 5.320156682397779e-10, 8.288790888595282e-11, 1.2478899179632994e-10, 1.3411866916979478e-09, 1.2061737097752696e-10, 2.660730123644022e-07, 1.2232412737709893e-10, 6.906312848855358e-09, 1.308590984719595e-10, 1.2376518294019734e-10]"
hMpxV/Japan/TMIPH-0162/2023|EPI_ISL_17837266|2023-06-02,"[0.0, 0.0, 0.0, 0.0, 0.0, 0.0, 0.0, 0.0, 0.0, 0.0, 0.0, 0.0, 0.0, 0.0, 1.0, 0.0, 0.0, 0.0, 0.0, 0.0, 0.0, 0.0, 0.0, 0.0, 0.0, 0.0, 0.0, 0.0, 0.0, 0.0, 0.0]"
hMpxV/Japan/TMIPH-220512/2023|EPI_ISL_17445516|2023-03-28,"[0.0, 0.0, 0.0, 0.0, 0.0, 0.0, 0.0, 0.0, 0.0, 0.0, 0.0, 0.0, 0.0, 0.0, 1.0, 0.0, 0.0, 0.0, 0.0, 0.0, 0.0, 0.0, 0.0, 0.0, 0.0, 0.0, 0.0, 0.0, 0.0, 0.0, 0.0]"
hMpxV/Japan/TMIPH-0012/2023|EPI_ISL_17592666|2023-04-04,"[0.0, 0.0, 0.0, 0.0, 0.0, 0.0, 0.0, 0.0, 0.0, 0.0, 0.0, 0.0, 0.0, 0.0, 1.0, 0.0, 0.0, 0.0, 0.0, 0.0, 0.0, 0.0, 0.0, 0.0, 0.0, 0.0, 0.0, 0.0, 0.0, 0.0, 0.0]"
NODE_0000147,"[0.9999816945232709, 5.240759625489708e-07, 9.123213946674409e-07, 5.398611494265284e-07, 4.7452282093123316e-07, 5.293641606862115e-07, 5.228323918048894e-07, 5.125844491455998e-07, 5.174498945949789e-07, 5.295795301911326e-07, 5.453880748639406e-07, 5.27295814606936e-07, 4.893952417074552e-07, 5.266009156646142e-07, 1.5065607200235784e-06, 3.8302592206367e-07, 5.135310880758515e-07, 5.272958146069255e-07, 5.272958146069359e-07, 5.020820991212886e-07, 3.728611097103082e-07, 5.682364008491007e-07, 3.476978090908974e-07, 5.126182110410879e-07, 1.2246071604043621e-06, 5.028170307418844e-07, 6.807338058225118e-07, 5.063812326739609e-07, 5.750756848182332e-07, 1.3975332373253133e-06, 5.058517869558404e-07]"
hMpxV/Australia/VIC-VIDRL-2389/2024|EPI_ISL_19459797|2024-04-18,"[1.0, 0.0, 0.0, 0.0, 0.0, 0.0, 0.0, 0.0, 0.0, 0.0, 0.0, 0.0, 0.0, 0.0, 0.0, 0.0, 0.0, 0.0, 0.0, 0.0, 0.0, 0.0, 0.0, 0.0, 0.0, 0.0, 0.0, 0.0, 0.0, 0.0, 0.0]"
NODE_0000148,"[0.9999999948738979, 1.3614909453016668e-10, 3.311508187525428e-10, 1.395192600370834e-10, 1.218342813334876e-10, 1.374847244953428e-10, 1.3652575050369104e-10, 1.3488772763435636e-10, 1.357816686093999e-10, 1.3733517663845441e-10, 1.389690758358048e-10, 1.3758449275039265e-10, 1.2668981492249476e-10, 1.3467786322932464e-10, 3.905353636156936e-10, 9.452002977814724e-11, 1.3050708369571804e-10, 1.3758449275037634e-10, 1.3758449275039267e-10, 1.2723680898355015e-10, 1.37373357347538e-10, 1.398569303778354e-10, 8.704859140693377e-11, 1.3490454029881254e-10, 4.22032167422373e-10, 1.3104613340264522e-10, 1.3640492625096807e-10, 1.3273502282121065e-10, 1.3632329525621754e-10, 5.682742766718832e-10, 1.3354505267660294e-10]"
hMpxV/Australia/VIC-VIDRL-2390/2024|EPI_ISL_19459734|2024-04-18,"[0.9999999999999999, 0.0, 0.0, 0.0, 0.0, 0.0, 0.0, 0.0, 0.0, 0.0, 0.0, 0.0, 0.0, 0.0, 0.0, 0.0, 0.0, 0.0, 0.0, 0.0, 0.0, 0.0, 0.0, 0.0, 0.0, 0.0, 0.0, 0.0, 0.0, 0.0, 0.0]"
hMpxV/Australia/VIC-VIDRL-40803/2024|EPI_ISL_19459753|2024-04-24,"[1.0, 0.0, 0.0, 0.0, 0.0, 0.0, 0.0, 0.0, 0.0, 0.0, 0.0, 0.0, 0.0, 0.0, 0.0, 0.0, 0.0, 0.0, 0.0, 0.0, 0.0, 0.0, 0.0, 0.0, 0.0, 0.0, 0.0, 0.0, 0.0, 0.0, 0.0]"
NODE_0000149,"[5.303727960096768e-07, 2.794396781862462e-07, 1.53663194094548e-07, 2.895339336574581e-07, 2.5283057291903443e-07, 2.821691971524276e-07, 2.786008831001993e-07, 2.737978476169026e-07, 2.769495916421964e-07, 2.821596285276189e-07, 1.0360880915513304e-06, 2.8096424814997385e-07, 2.7681235008752037e-07, 2.8052507343843765e-07, 0.9999019332580819, 2.0353975620262957e-07, 2.740113723558925e-07, 2.8096424814995967e-07, 2.809642481499844e-07, 2.6724832174179594e-07, 2.2611131510180183e-07, 8.289340871814744e-07, 1.8817248728007562e-07, 2.7380740993578036e-07, 1.6520734758817162e-06, 2.6760611857698714e-07, 8.234180576137523e-05, 2.6982214640477843e-07, 5.370890814349793e-06, 2.96319888771104e-07, 2.705633805861606e-07]"
hMpxV/Japan/OIPH-001/2023|EPI_ISL_17518107|2023-03-17,"[0.0, 0.0, 0.0, 0.0, 0.0, 0.0, 0.0, 0.0, 0.0, 0.0, 0.0, 0.0, 0.0, 0.0, 1.0, 0.0, 0.0, 0.0, 0.0, 0.0, 0.0, 0.0, 0.0, 0.0, 0.0, 0.0, 0.0, 0.0, 0.0, 0.0, 0.0]"
NODE_0000150,"[2.0138940963692075e-08, 1.0159263600165138e-08, 5.417582213198982e-09, 1.0482855405138966e-08, 9.17225831950449e-09, 1.0261886883828091e-08, 1.0137706371774091e-08, 9.947930746568378e-09, 1.0044816993366739e-08, 1.0260306662146262e-08, 4.079683888853815e-08, 1.0224432015213785e-08, 1.0050924701601292e-08, 1.0181625318288634e-08, 0.9999957222431342, 7.3413126476879696e-09, 9.919605357977665e-09, 1.0224432015212207e-08, 1.0224432015215749e-08, 9.69034202205174e-09, 8.939762730764152e-09, 3.18052371272331e-08, 6.688492290180152e-09, 9.948374415904057e-09, 6.55846597467896e-08, 9.738788573432027e-09, 3.664752604319218e-06, 9.817320056279856e-09, 2.2507803931793038e-07, 1.0904724871484302e-08, 9.82136906888191e-09]"
hMpxV/Japan/TMIPH-0129/2023|EPI_ISL_17762485|2023-05-17,"[0.0, 0.0, 0.0, 0.0, 0.0, 0.0, 0.0, 0.0, 0.0, 0.0, 0.0, 0.0, 0.0, 0.0, 1.0, 0.0, 0.0, 0.0, 0.0, 0.0, 0.0, 0.0, 0.0, 0.0, 0.0, 0.0, 0.0, 0.0, 0.0, 0.0, 0.0]"
hMpxV/Japan/TMIPH-0112/2023|EPI_ISL_17959215|2023-05-11,"[0.0, 0.0, 0.0, 0.0, 0.0, 0.0, 0.0, 0.0, 0.0, 0.0, 0.0, 0.0, 0.0, 0.0, 1.0, 0.0, 0.0, 0.0, 0.0, 0.0, 0.0, 0.0, 0.0, 0.0, 0.0, 0.0, 0.0, 0.0, 0.0, 0.0, 0.0]"
NODE_0000153,"[1.0409256646100035e-10, 1.5390469644385664e-10, 5.6625004697357724e-11, 1.5991654714470238e-10, 1.3265828925309118e-10, 1.5600873638370304e-10, 1.540358993363882e-10, 1.5127263953673717e-10, 1.530243347125229e-10, 1.5586747826176578e-10, 2.2343271296971607e-10, 1.558080997510531e-10, 1.4225257915489838e-10, 1.5269365843621765e-10, 2.2197331512477078e-06, 9.600880406969989e-11, 1.466148909433811e-10, 1.5580809975092461e-10, 1.5580809975112153e-10, 1.4179470715803127e-10, 4.746655597368484e-11, 6.867841787538899e-10, 8.767501498481799e-11, 1.5129050951352464e-10, 1.5354603239718251e-09, 1.4565437213509286e-10, 0.9999977741823183, 1.4797794906830164e-10, 3.4651691240221904e-10, 3.8915476574092276e-11, 1.4916148638883199e-10]"
hMpxV/South_Korea/KDCA-P007/2023|EPI_ISL_18147345|2023-04-10,"[0.0, 0.0, 0.0, 0.0, 0.0, 0.0, 0.0, 0.0, 0.0, 0.0, 0.0, 0.0, 0.0, 0.0, 0.0, 0.0, 0.0, 0.0, 0.0, 0.0, 0.0, 0.0, 0.0, 0.0, 0.0, 0.0, 1.0, 0.0, 0.0, 0.0, 0.0]"
hMpxV/South_Korea/KDCA-P018/2023|EPI_ISL_18147348|2023-04-18,"[0.0, 0.0, 0.0, 0.0, 0.0, 0.0, 0.0, 0.0, 0.0, 0.0, 0.0, 0.0, 0.0, 0.0, 0.0, 0.0, 0.0, 0.0, 0.0, 0.0, 0.0, 0.0, 0.0, 0.0, 0.0, 0.0, 1.0, 0.0, 0.0, 0.0, 0.0]"
hMpxV/South_Korea/NMC-P003/2023|EPI_ISL_18744050|2023-05-03,"[0.0, 0.0, 0.0, 0.0, 0.0, 0.0, 0.0, 0.0, 0.0, 0.0, 0.0, 0.0, 0.0, 0.0, 0.0, 0.0, 0.0, 0.0, 0.0, 0.0, 0.0, 0.0, 0.0, 0.0, 0.0, 0.0, 0.9999999999999999, 0.0, 0.0, 0.0, 0.0]"
NODE_0000138,"[7.69958626395555e-12, 3.1553237214872928e-12, 1.4021847752822014e-12, 3.2609739379467295e-12, 2.8197211625497697e-12, 3.1855839702292703e-12, 3.159874778416347e-12, 3.129933619290318e-12, 3.159932811274129e-12, 3.1817652170229458e-12, 1.9961148409206635e-11, 3.1851226345643865e-12, 3.1971661961593823e-12, 3.1249725726777886e-12, 0.9999999919173268, 2.1857225395328036e-12, 3.0351740051889797e-12, 3.185122634559971e-12, 3.185122634566769e-12, 2.9505156638865116e-12, 3.694213641892752e-12, 1.3841328260578622e-11, 2.0520620935328552e-12, 3.1302552445901036e-12, 3.571773416307896e-11, 3.02821130754819e-12, 7.742350555926009e-09, 3.070835602159175e-12, 1.9121243928884252e-10, 3.307508160096545e-12, 3.102983310701176e-12]"
hMpxV/Japan/TMIPH-220531/2023|EPI_ISL_17445518|2023-03-31,"[0.0, 0.0, 0.0, 0.0, 0.0, 0.0, 0.0, 0.0, 0.0, 0.0, 0.0, 0.0, 0.0, 0.0, 1.0, 0.0, 0.0, 0.0, 0.0, 0.0, 0.0, 0.0, 0.0, 0.0, 0.0, 0.0, 0.0, 0.0, 0.0, 0.0, 0.0]"
hMpxV/Japan/TMIPH-0113/2023|EPI_ISL_17959216|2023-05-12,"[0.0, 0.0, 0.0, 0.0, 0.0, 0.0, 0.0, 0.0, 0.0, 0.0, 0.0, 0.0, 0.0, 0.0, 1.0, 0.0, 0.0, 0.0, 0.0, 0.0, 0.0, 0.0, 0.0, 0.0, 0.0, 0.0, 0.0, 0.0, 0.0, 0.0, 0.0]"
NODE_0000139,"[4.999225483701405e-10, 2.393839164541097e-10, 1.230752813560267e-10, 2.458435830828723e-10, 2.1560382810212077e-10, 2.418882676858211e-10, 2.39122117504741e-10, 2.342575301017726e-10, 2.360661219174418e-10, 2.4181027844537553e-10, 1.0581642488232521e-09, 2.4118256000046665e-10, 2.3653499272314e-10, 2.39412722623477e-10, 0.9999998746110713, 1.7139324213562054e-10, 2.3256426331067915e-10, 2.4118256000037085e-10, 2.4118256000056534e-10, 2.276006066244077e-10, 2.326160039256437e-10, 7.994876097382107e-10, 1.5364836785732866e-10, 2.3427028609765677e-10, 1.7176247626886108e-09, 2.2973968769299548e-10, 1.095964603391246e-07, 2.3154518505721236e-10, 6.295631453467465e-09, 2.6067035701706283e-10, 2.3104340702828967e-10]"
hMpxV/Japan/TMIPH-0037/2023|EPI_ISL_17665625|2023-04-18,"[0.0, 0.0, 0.0, 0.0, 0.0, 0.0, 0.0, 0.0, 0.0, 0.0, 0.0, 0.0, 0.0, 0.0, 1.0, 0.0, 0.0, 0.0, 0.0, 0.0, 0.0, 0.0, 0.0, 0.0, 0.0, 0.0, 0.0, 0.0, 0.0, 0.0, 0.0]"
hMpxV/Japan/TMIPH-0007/2023|EPI_ISL_17592665|2023-04-03,"[0.0, 0.0, 0.0, 0.0, 0.0, 0.0, 0.0, 0.0, 0.0, 0.0, 0.0, 0.0, 0.0, 0.0, 1.0, 0.0, 0.0, 0.0, 0.0, 0.0, 0.0, 0.0, 0.0, 0.0, 0.0, 0.0, 0.0, 0.0, 0.0, 0.0, 0.0]"
NODE_0000144,"[1.3274776597187716e-08, 6.85113472432672e-09, 3.7134276418053476e-09, 7.084027159379841e-09, 6.192370941868061e-09, 6.919214433266838e-09, 6.83345793452139e-09, 6.710418179447949e-09, 6.781779656027672e-09, 6.918632589509967e-09, 2.637188940815418e-08, 6.89170112713828e-09, 6.781831953651144e-09, 6.872464921455199e-09, 0.9999973917513384, 4.971465349788195e-09, 6.704409341003529e-09, 6.89170112712995e-09, 6.891701127142235e-09, 6.544244439709233e-09, 5.770938136391937e-09, 2.0841067059473888e-08, 4.5621138600961485e-09, 6.710685544051999e-09, 4.219717119214266e-08, 6.5642434399023605e-09, 2.210232374330609e-06, 6.6177519493344e-09, 1.406138204127795e-07, 7.309832561220964e-09, 6.628014407750708e-09]"
hMpxV/Japan/TMIPH-230002/2023|EPI_ISL_17445519|2023-03-31,"[0.0, 0.0, 0.0, 0.0, 0.0, 0.0, 0.0, 0.0, 0.0, 0.0, 0.0, 0.0, 0.0, 0.0, 1.0, 0.0, 0.0, 0.0, 0.0, 0.0, 0.0, 0.0, 0.0, 0.0, 0.0, 0.0, 0.0, 0.0, 0.0, 0.0, 0.0]"
NODE_0000145,"[2.0236545521324463e-09, 9.91652881336732e-10, 5.181334847134767e-10, 1.0207651842970068e-09, 8.941732453363413e-10, 1.0018387357774031e-09, 9.900999480875503e-10, 9.70807234799402e-10, 9.792536451745685e-10, 1.0015713932083665e-09, 4.203818744461756e-09, 9.985863008247107e-10, 9.806476475269858e-10, 9.926221733980674e-10, 0.9999995266840006, 7.130034279463071e-10, 9.655938089505193e-10, 9.985863008234898e-10, 9.985863008253096e-10, 9.44124922695927e-10, 9.212892233421896e-10, 3.2201527539076636e-09, 6.445373808633965e-10, 9.708547365222337e-10, 6.797455773934512e-09, 9.511754175170704e-10, 4.1039552570426797e-07, 9.587897248181576e-10, 2.423830533343979e-08, 1.072398252703247e-09, 9.579952770101957e-10]"
hMpxV/Japan/TMIPH-0072/2023|EPI_ISL_17692268|2023-04-28,"[0.0, 0.0, 0.0, 0.0, 0.0, 0.0, 0.0, 0.0, 0.0, 0.0, 0.0, 0.0, 0.0, 0.0, 0.9999999999999999, 0.0, 0.0, 0.0, 0.0, 0.0, 0.0, 0.0, 0.0, 0.0, 0.0, 0.0, 0.0, 0.0, 0.0, 0.0, 0.0]"
NODE_0000146,"[2.3530393337818512e-09, 1.1576694772921694e-09, 6.065872406572797e-10, 1.1920840180238382e-09, 1.0440681729519874e-09, 1.1695282430637283e-09, 1.1557646751756855e-09, 1.133385934502473e-09, 1.1434219796788237e-09, 1.1692309256587797e-09, 4.87145073275098e-09, 1.165665167117183e-09, 1.1449287823894231e-09, 1.1589859858410354e-09, 0.9999994571687375, 8.329686553663655e-10, 1.1276835926562612e-09, 1.165665167115753e-09, 1.1656651671178775e-09, 1.102459103288915e-09, 1.0673678110857424e-09, 3.740492726669083e-09, 7.53913928094884e-10, 1.1334404914941503e-09, 7.870713570826863e-09, 1.1103179951344175e-09, 4.6988559960975224e-07, 1.119222709562271e-09, 2.7920822641488364e-08, 1.2506039400427634e-09, 1.1185145047587178e-09]"
hMpxV/Japan/TMIPH-0174/2023|EPI_ISL_17837267|2023-06-12,"[0.0, 0.0, 0.0, 0.0, 0.0, 0.0, 0.0, 0.0, 0.0, 0.0, 0.0, 0.0, 0.0, 0.0, 1.0, 0.0, 0.0, 0.0, 0.0, 0.0, 0.0, 0.0, 0.0, 0.0, 0.0, 0.0, 0.0, 0.0, 0.0, 0.0, 0.0]"
hMpxV/Japan/TMIPH-0109/2023|EPI_ISL_17959214|2023-05-11,"[0.0, 0.0, 0.0, 0.0, 0.0, 0.0, 0.0, 0.0, 0.0, 0.0, 0.0, 0.0, 0.0, 0.0, 1.0, 0.0, 0.0, 0.0, 0.0, 0.0, 0.0, 0.0, 0.0, 0.0, 0.0, 0.0, 0.0, 0.0, 0.0, 0.0, 0.0]"
NODE_0000140,"[1.1738207297279593e-09, 5.746759617474805e-10, 2.910211615932842e-10, 5.974108530965178e-10, 5.167157175935488e-10, 5.801323299315106e-10, 5.738038539205137e-10, 5.673259508530534e-10, 5.743671223462002e-10, 5.800909567587867e-10, 2.539112224444306e-09, 5.786404940723547e-10, 5.784158854698907e-10, 5.743933514994481e-10, 0.9999995523149604, 4.0963173337455255e-10, 5.607332048384149e-10, 5.786404940716432e-10, 5.786404940727132e-10, 5.448859124435262e-10, 5.080895412390583e-10, 2.1012915184646296e-09, 3.866388187348173e-10, 5.673775910224915e-10, 4.248515610224085e-09, 5.502914929087143e-10, 4.0809819464472487e-07, 5.595269340253357e-10, 1.654057493469728e-08, 5.899822274560926e-10, 5.620977407349212e-10]"
hMpxV/Japan/TMIPH-0047/2023|EPI_ISL_17665626|2023-04-19,"[0.0, 0.0, 0.0, 0.0, 0.0, 0.0, 0.0, 0.0, 0.0, 0.0, 0.0, 0.0, 0.0, 0.0, 1.0, 0.0, 0.0, 0.0, 0.0, 0.0, 0.0, 0.0, 0.0, 0.0, 0.0, 0.0, 0.0, 0.0, 0.0, 0.0, 0.0]"
hMpxV/Japan/TMIPH-0019/2023|EPI_ISL_17592670|2023-04-11,"[0.0, 0.0, 0.0, 0.0, 0.0, 0.0, 0.0, 0.0, 0.0, 0.0, 0.0, 0.0, 0.0, 0.0, 0.9999999999999999, 0.0, 0.0, 0.0, 0.0, 0.0, 0.0, 0.0, 0.0, 0.0, 0.0, 0.0, 0.0, 0.0, 0.0, 0.0, 0.0]"
NODE_0000141,"[0.0006738930274230134, 0.0005607683475255858, 0.00035019061774097893, 0.0005831964252247965, 0.0005045430815548349, 0.0005669993147176836, 0.0005568454363237804, 0.0005407538022847133, 0.0005475281002947467, 0.0005681937375087697, 0.0010055177689962086, 0.0005628603156777677, 0.0005962166859141264, 0.0005704333614535196, 0.963270506255916, 0.00041026704473201656, 0.0005588668976986223, 0.0005628603156777512, 0.0005628603156777785, 0.0005453428621707443, 0.0002510320013626611, 0.008659860610743555, 0.00036663045193796546, 0.0005407536616082955, 0.0012690254561714238, 0.0005331272103884638, 0.010457341223243918, 0.0006484558103732176, 0.0021808632869184555, 0.0004631525856969199, 0.0005311139870414191]"
hMpxV/Japan/NCGHM-001/2024|EPI_ISL_19293742|2024-03-03,"[0.0, 0.0, 0.0, 0.0, 0.0, 0.0, 0.0, 0.0, 0.0, 0.0, 0.0, 0.0, 0.0, 0.0, 1.0, 0.0, 0.0, 0.0, 0.0, 0.0, 0.0, 0.0, 0.0, 0.0, 0.0, 0.0, 0.0, 0.0, 0.0, 0.0, 0.0]"
NODE_0000142,"[5.193347982987759e-09, 7.57017488103699e-09, 3.393149672777076e-09, 7.932937258294318e-09, 6.542274391263693e-09, 7.686797721341398e-09, 7.532932395182664e-09, 7.2989969366944495e-09, 7.404950145788046e-09, 7.691652580905989e-09, 9.037604678158226e-09, 7.632822851326732e-09, 1.1237893148790129e-08, 7.646601409315505e-09, 9.191550879633276e-08, 4.846783677224931e-09, 7.471617731054692e-09, 7.632822851320291e-09, 7.632822851312819e-09, 7.129113059512292e-09, 1.886291141582285e-09, 0.9999996596850765, 4.252815540238422e-09, 7.299441949949227e-09, 7.783182027271087e-09, 7.108463910288417e-09, 4.4283538008187354e-08, 1.5923600081564147e-08, 1.1626352891398385e-08, 2.5680915874636358e-09, 7.152341466483354e-09]"
hMpxV/Philippines/RITM-028/2024|EPI_ISL_19456608|2024-09-12,"[0.0, 0.0, 0.0, 0.0, 0.0, 0.0, 0.0, 0.0, 0.0, 0.0, 0.0, 0.0, 0.0, 0.0, 0.0, 0.0, 0.0, 0.0, 0.0, 0.0, 0.0, 1.0, 0.0, 0.0, 0.0, 0.0, 0.0, 0.0, 0.0, 0.0, 0.0]"
hMpxV/Philippines/RITM-029/2024|EPI_ISL_19456609|2024-09-12,"[0.0, 0.0, 0.0, 0.0, 0.0, 0.0, 0.0, 0.0, 0.0, 0.0, 0.0, 0.0, 0.0, 0.0, 0.0, 0.0, 0.0, 0.0, 0.0, 0.0, 0.0, 1.0, 0.0, 0.0, 0.0, 0.0, 0.0, 0.0, 0.0, 0.0, 0.0]"
NODE_0000124,"[1.5667198848459313e-14, 2.2054355012381513e-14, 5.18985581425102e-15, 2.3195366555968422e-14, 1.7921226007253842e-14, 2.2338338643590496e-14, 2.2351831524115966e-14, 4.198431885387197e-14, 5.397116292951895e-14, 2.3000879038988273e-14, 4.627935457579507e-14, 2.2598032010953388e-14, 5.248055677506694e-14, 2.3331172392518917e-14, 2.7919455136942724e-08, 1.0954657062742752e-14, 3.267963505904308e-14, 2.2598032010941407e-14, 2.2598032010963365e-14, 1.9104793648734915e-14, 6.873615524316305e-15, 6.162142936236986e-12, 1.0258760823715072e-13, 4.212875182406233e-14, 4.509182554684697e-11, 2.069282568817109e-14, 0.9999999720284245, 2.9357645905452094e-14, 1.0891752662515896e-13, 1.9246197479346925e-15, 5.351119882108764e-14]"
hMpxV/China/SZ-CDC/Strain085,"[0.0, 0.0, 0.0, 0.0, 0.0, 0.0, 0.0, 0.0, 0.0, 0.0, 0.0, 0.0, 0.0, 0.0, 0.0, 0.0, 0.0, 0.0, 0.0, 0.0, 0.0, 0.0, 0.0, 0.0, 1.0, 0.0, 0.0, 0.0, 0.0, 0.0, 0.0]"
hMpxV/China/SZ-CDC/Strain126,"[0.0, 0.0, 0.0, 0.0, 0.0, 0.0, 0.0, 0.0, 0.0, 0.0, 0.0, 0.0, 0.0, 0.0, 0.0, 0.0, 0.0, 0.0, 0.0, 0.0, 0.0, 0.0, 0.0, 0.0, 1.0, 0.0, 0.0, 0.0, 0.0, 0.0, 0.0]"
hMpxV/South_Korea/KDCA-P011/2023|EPI_ISL_18147340|2023-04-14,"[0.0, 0.0, 0.0, 0.0, 0.0, 0.0, 0.0, 0.0, 0.0, 0.0, 0.0, 0.0, 0.0, 0.0, 0.0, 0.0, 0.0, 0.0, 0.0, 0.0, 0.0, 0.0, 0.0, 0.0, 0.0, 0.0, 1.0, 0.0, 0.0, 0.0, 0.0]"
hMpxV/South_Korea/KDCA-P028/2023|EPI_ISL_18147336|2023-04-22,"[0.0, 0.0, 0.0, 0.0, 0.0, 0.0, 0.0, 0.0, 0.0, 0.0, 0.0, 0.0, 0.0, 0.0, 0.0, 0.0, 0.0, 0.0, 0.0, 0.0, 0.0, 0.0, 0.0, 0.0, 0.0, 0.0, 1.0, 0.0, 0.0, 0.0, 0.0]"
hMpxV/South_Korea/KDCA-P021/2023|EPI_ISL_18147343|2023-04-21,"[0.0, 0.0, 0.0, 0.0, 0.0, 0.0, 0.0, 0.0, 0.0, 0.0, 0.0, 0.0, 0.0, 0.0, 0.0, 0.0, 0.0, 0.0, 0.0, 0.0, 0.0, 0.0, 0.0, 0.0, 0.0, 0.0, 1.0, 0.0, 0.0, 0.0, 0.0]"
hMpxV/South_Korea/KDCA-P032/2023|EPI_ISL_18147337|2023-04-25,"[0.0, 0.0, 0.0, 0.0, 0.0, 0.0, 0.0, 0.0, 0.0, 0.0, 0.0, 0.0, 0.0, 0.0, 0.0, 0.0, 0.0, 0.0, 0.0, 0.0, 0.0, 0.0, 0.0, 0.0, 0.0, 0.0, 1.0, 0.0, 0.0, 0.0, 0.0]"
hMpxV/Japan/TMIPH-230367/2024|EPI_ISL_19151800|2024-01-31,"[0.0, 0.0, 0.0, 0.0, 0.0, 0.0, 0.0, 0.0, 0.0, 0.0, 0.0, 0.0, 0.0, 0.0, 1.0, 0.0, 0.0, 0.0, 0.0, 0.0, 0.0, 0.0, 0.0, 0.0, 0.0, 0.0, 0.0, 0.0, 0.0, 0.0, 0.0]"
hMpxV/Philippines/RITM-006/2023|EPI_ISL_19409300|2023-07-07,"[0.0, 0.0, 0.0, 0.0, 0.0, 0.0, 0.0, 0.0, 0.0, 0.0, 0.0, 0.0, 0.0, 0.0, 0.0, 0.0, 0.0, 0.0, 0.0, 0.0, 0.0, 1.0, 0.0, 0.0, 0.0, 0.0, 0.0, 0.0, 0.0, 0.0, 0.0]"
NODE_0000118,"[1.0898643326458994e-06, 9.996679282979774e-07, 4.996468524356709e-07, 2.4834783786017802e-06, 8.623818116768013e-07, 1.0115469280094022e-06, 1.0001419081417143e-06, 1.7815816946208268e-06, 2.2038019388324204e-06, 1.0203592071429634e-06, 1.6125251973119928e-06, 1.011539256871475e-06, 3.0193568681276454e-06, 1.0196692179304735e-06, 0.00022753687735430815, 6.282984475118251e-07, 1.4971921182624424e-06, 1.0115392568713755e-06, 1.0115392568716332e-06, 9.289737606276472e-07, 3.7493704988742147e-07, 1.519363101442075e-06, 3.7935120046541094e-06, 1.782908031165346e-06, 0.0002442828574979944, 9.444513531013353e-07, 8.139177794885103e-06, 9.604337117449616e-07, 0.9994834742331954, 3.459951998668681e-07, 2.1521493449091293e-06]"
hMpxV/Thailand/KCMH-462/2023|EPI_ISL_19437780|2023-12-22,"[0.0, 0.0, 0.0, 0.0, 0.0, 0.0, 0.0, 0.0, 0.0, 0.0, 0.0, 0.0, 0.0, 0.0, 0.0, 0.0, 0.0, 0.0, 0.0, 0.0, 0.0, 0.0, 0.0, 0.0, 0.0, 0.0, 0.0, 0.0, 0.9999999999999999, 0.0, 0.0]"
NODE_0000123,"[4.1076240885107324e-10, 5.047537748660419e-10, 2.0074387479117597e-10, 1.7770382623589717e-09, 4.2642958352483583e-10, 5.120437180698588e-10, 5.055402546950556e-10, 7.981844866191834e-10, 9.595273997671523e-10, 5.151137222838744e-10, 7.303143406552607e-10, 5.120710898701522e-10, 1.5995893311551684e-09, 5.099168907705311e-10, 2.0828482643820187e-07, 2.969110855226673e-10, 6.783124207577498e-10, 5.120710898699084e-10, 5.120710898705361e-10, 4.6159661021950337e-10, 1.4897579595499392e-10, 6.964189816635972e-10, 1.3761110931403323e-09, 7.987390551846135e-10, 1.0247328604468574e-07, 4.741705105869426e-10, 2.8270033146157236e-09, 4.830432823956131e-10, 0.9999996689628549, 1.1581360488844851e-10, 9.357655532389328e-10]"
hMpxV/Thailand/KCMH-295/2023|EPI_ISL_19437772|2023-07-03,"[0.0, 0.0, 0.0, 0.0, 0.0, 0.0, 0.0, 0.0, 0.0, 0.0, 0.0, 0.0, 0.0, 0.0, 0.0, 0.0, 0.0, 0.0, 0.0, 0.0, 0.0, 0.0, 0.0, 0.0, 0.0, 0.0, 0.0, 0.0, 1.0, 0.0, 0.0]"
hMpxV/Thailand/KCMH-283/2023|EPI_ISL_19437779|2023-06-28,"[0.0, 0.0, 0.0, 0.0, 0.0, 0.0, 0.0, 0.0, 0.0, 0.0, 0.0, 0.0, 0.0, 0.0, 0.0, 0.0, 0.0, 0.0, 0.0, 0.0, 0.0, 0.0, 0.0, 0.0, 0.0, 0.0, 0.0, 0.0, 1.0, 0.0, 0.0]"
NODE_0000119,"[6.575790541386797e-07, 3.110004637404227e-07, 2.675984539930577e-07, 4.5414479771510926e-07, 2.7970037826098244e-07, 3.1383146361719364e-07, 3.115818520764303e-07, 1.2067844381803644e-06, 1.8892347792887058e-06, 3.139803529287414e-07, 5.051028407781936e-07, 3.138928643111566e-07, 1.8069876943405378e-06, 3.09791041664161e-07, 3.0028187025881023e-06, 2.192028033222849e-07, 8.385225915357726e-07, 3.138928643113051e-07, 3.138928643112147e-07, 2.921538080939424e-07, 2.064906703399414e-07, 4.613152825924051e-07, 1.224440356539789e-05, 1.2072233833200172e-06, 0.999890142061632, 2.9924434704032164e-07, 1.5730028879251684e-06, 3.026954064437032e-07, 7.758991672327603e-05, 1.935989378544409e-07, 1.8583530548171831e-06]"
hMpxV/China/SZ-CDC/Strain065,"[0.0, 0.0, 0.0, 0.0, 0.0, 0.0, 0.0, 0.0, 0.0, 0.0, 0.0, 0.0, 0.0, 0.0, 0.0, 0.0, 0.0, 0.0, 0.0, 0.0, 0.0, 0.0, 0.0, 0.0, 1.0, 0.0, 0.0, 0.0, 0.0, 0.0, 0.0]"
NODE_0000120,"[2.639537726578426e-10, 7.195331630343821e-11, 7.755610500963772e-11, 8.647450175773493e-11, 6.541994510985055e-11, 7.241719923867056e-11, 7.24014239224049e-11, 5.50256555212446e-10, 1.0664676125763812e-09, 7.238240205654743e-11, 1.4978645857289425e-10, 7.274440499005017e-11, 8.38148586146447e-10, 7.083040808348119e-11, 1.0040122063063896e-09, 5.159171429313535e-11, 3.153809238783952e-10, 7.274440499016451e-11, 7.274440499008342e-11, 6.680123204630088e-11, 7.698898832066014e-11, 1.2540987186874765e-10, 2.234773194886251e-08, 5.505490768591277e-10, 0.9999999580265965, 6.991807426559579e-11, 8.445568958796929e-10, 7.104186559719941e-11, 1.1658862893049017e-08, 5.5363573711847806e-11, 1.0589128006592632e-09]"
hMpxV/China/SZ-CDC/Strain142,"[0.0, 0.0, 0.0, 0.0, 0.0, 0.0, 0.0, 0.0, 0.0, 0.0, 0.0, 0.0, 0.0, 0.0, 0.0, 0.0, 0.0, 0.0, 0.0, 0.0, 0.0, 0.0, 0.0, 0.0, 0.9999999999999999, 0.0, 0.0, 0.0, 0.0, 0.0, 0.0]"
hMpxV/China/SZ-CDC/Strain158,"[0.0, 0.0, 0.0, 0.0, 0.0, 0.0, 0.0, 0.0, 0.0, 0.0, 0.0, 0.0, 0.0, 0.0, 0.0, 0.0, 0.0, 0.0, 0.0, 0.0, 0.0, 0.0, 0.0, 0.0, 0.9999999999999999, 0.0, 0.0, 0.0, 0.0, 0.0, 0.0]"
NODE_0000121,"[5.9410853754759975e-08, 1.2459562203574547e-07, 4.181857500905091e-08, 8.132954779878475e-05, 1.0381419576964641e-07, 1.268582140664501e-07, 1.2435251580039533e-07, 1.2013621171255448e-07, 1.2170484529845427e-07, 1.2692162848324204e-07, 1.2178675786300033e-07, 1.263251114079012e-07, 1.949104922989197e-07, 1.2476728659548015e-07, 1.0640650426313722e-06, 7.131383503512558e-08, 1.1838728970111559e-07, 1.2632511140788927e-07, 1.2632511140791195e-07, 1.1448242044494575e-07, 2.2796686404470982e-08, 1.2965258518363622e-07, 6.172595876146142e-08, 1.2014880255372158e-07, 1.6790978891898117e-07, 1.1602934264683042e-07, 9.868276484441486e-08, 1.1743413485874373e-07, 0.9999145586005279, 2.1788952598092795e-08, 1.1738153574594812e-07]"
hMpxV/Thailand/KCMH-455/2023|EPI_ISL_19437773|2023-12-01,"[0.0, 0.0, 0.0, 0.0, 0.0, 0.0, 0.0, 0.0, 0.0, 0.0, 0.0, 0.0, 0.0, 0.0, 0.0, 0.0, 0.0, 0.0, 0.0, 0.0, 0.0, 0.0, 0.0, 0.0, 0.0, 0.0, 0.0, 0.0, 1.0, 0.0, 0.0]"
hMpxV/Cambodia/NPHL1211017/2023|EPI_ISL_18697752|2023-12-11,"[0.0, 0.0, 0.0, 1.0, 0.0, 0.0, 0.0, 0.0, 0.0, 0.0, 0.0, 0.0, 0.0, 0.0, 0.0, 0.0, 0.0, 0.0, 0.0, 0.0, 0.0, 0.0, 0.0, 0.0, 0.0, 0.0, 0.0, 0.0, 0.0, 0.0, 0.0]"
NODE_0000122,"[1.7591369106061492e-08, 3.200968777315269e-08, 1.30978755922029e-08, 1.1847742544637337e-06, 2.7337941526292895e-08, 3.2547475587960684e-08, 3.1886853103967506e-08, 3.072039583090822e-08, 3.108323187252208e-08, 3.2564577043105e-08, 3.106155749242911e-08, 3.234303653580566e-08, 5.4510611750110834e-08, 3.225508831013227e-08, 4.261983157824959e-07, 1.9762639221094827e-08, 3.083979430913073e-08, 3.2343036535803534e-08, 3.234303653580881e-08, 2.9949268556418906e-08, 6.716063068300404e-09, 3.336844406495065e-08, 1.684729901875134e-08, 3.0722048457913884e-08, 6.143824781716056e-08, 2.999778876964757e-08, 2.5410081287184975e-08, 3.0245395668674114e-08, 0.9999975721138704, 7.917533365410383e-09, 3.000318126286263e-08]"
hMpxV/Thailand/KCMH-459/2023|EPI_ISL_19437775|2023-12-12,"[0.0, 0.0, 0.0, 0.0, 0.0, 0.0, 0.0, 0.0, 0.0, 0.0, 0.0, 0.0, 0.0, 0.0, 0.0, 0.0, 0.0, 0.0, 0.0, 0.0, 0.0, 0.0, 0.0, 0.0, 0.0, 0.0, 0.0, 0.0, 0.9999999999999999, 0.0, 0.0]"
hMpxV/Thailand/KCMH-465/2023|EPI_ISL_19437776|2023-12-28,"[0.0, 0.0, 0.0, 0.0, 0.0, 0.0, 0.0, 0.0, 0.0, 0.0, 0.0, 0.0, 0.0, 0.0, 0.0, 0.0, 0.0, 0.0, 0.0, 0.0, 0.0, 0.0, 0.0, 0.0, 0.0, 0.0, 0.0, 0.0, 1.0, 0.0, 0.0]"
NODE_0000113,"[0.0006198376824413414, 0.0005212983590230006, 0.0003211465562363679, 0.0008051199620067362, 0.0004638895385192287, 0.0005273509696256138, 0.0005192629240830138, 0.0007519562188102068, 0.0008829049400211567, 0.0005316955355501438, 0.0008137590932855911, 0.0005245405103658722, 0.011773140859888025, 0.0005387267833350724, 0.05806218655688783, 0.00036152509520849963, 0.0007231897476307475, 0.0005245405103658555, 0.0005245405103658985, 0.0004985545758204821, 0.0002153565758787004, 0.0008426057717731246, 0.0013741051938876464, 0.0007524915434619905, 0.0428908724143748, 0.0004950248934312291, 0.003858815151561255, 0.0005000847987337847, 0.867629368985755, 0.0002913304545277246, 0.00086077728714375]"
hMpxV/Thailand/KCMH-026/2023|EPI_ISL_19437777|2023-05-12,"[0.0, 0.0, 0.0, 0.0, 0.0, 0.0, 0.0, 0.0, 0.0, 0.0, 0.0, 0.0, 0.0, 0.0, 0.0, 0.0, 0.0, 0.0, 0.0, 0.0, 0.0, 0.0, 0.0, 0.0, 0.0, 0.0, 0.0, 0.0, 1.0, 0.0, 0.0]"
NODE_0000114,"[2.040684160153857e-06, 2.2230442509986946e-06, 8.111011366721021e-07, 3.17271706027936e-06, 1.8057796006684357e-06, 2.2532739296193834e-06, 2.242471210531178e-06, 6.574252166522121e-06, 9.628783595347636e-06, 2.3001686815534715e-06, 3.3740659008121996e-06, 2.273978088382542e-06, 0.2654013340197089, 3.0369727775523435e-06, 2.8798035110078234e-05, 1.1548178450993137e-06, 4.7317842524728906e-05, 2.2739780883843885e-06, 2.2739780883830854e-06, 1.9704589605666424e-06, 7.202578740362574e-07, 7.379032871339232e-05, 5.168424261444427e-05, 6.586233603681923e-06, 0.7339679129998155, 2.0813158381413676e-06, 1.1177716050693763e-05, 3.175542107403611e-06, 0.0003461568052751128, 3.9808224310079984e-07, 9.456052979446148e-06]"
hMpxV/China/SZ-CDC/Strain072,"[0.0, 0.0, 0.0, 0.0, 0.0, 0.0, 0.0, 0.0, 0.0, 0.0, 0.0, 0.0, 0.0, 0.0, 0.0, 0.0, 0.0, 0.0, 0.0, 0.0, 0.0, 0.0, 0.0, 0.0, 1.0, 0.0, 0.0, 0.0, 0.0, 0.0, 0.0]"
hMpxV/Indonesia/JK-NIHRD-MP010/2023|EPI_ISL_18436041|2023-10-20,"[0.0, 0.0, 0.0, 0.0, 0.0, 0.0, 0.0, 0.0, 0.0, 0.0, 0.0, 0.0, 1.0, 0.0, 0.0, 0.0, 0.0, 0.0, 0.0, 0.0, 0.0, 0.0, 0.0, 0.0, 0.0, 0.0, 0.0, 0.0, 0.0, 0.0, 0.0]"
hMpxV/Indonesia/JK-NIHRD-MP005/2023|EPI_ISL_18436040|2023-10-12,"[0.0, 0.0, 0.0, 0.0, 0.0, 0.0, 0.0, 0.0, 0.0, 0.0, 0.0, 0.0, 1.0, 0.0, 0.0, 0.0, 0.0, 0.0, 0.0, 0.0, 0.0, 0.0, 0.0, 0.0, 0.0, 0.0, 0.0, 0.0, 0.0, 0.0, 0.0]"
hMpxV/Netherlands/un-EMC-NL105/2024|EPI_ISL_19002300|2024-03-07,"[0.0, 0.0, 0.0, 0.0, 0.0, 0.0, 0.0, 0.0, 0.0, 0.0, 0.0, 0.0, 0.0, 0.0, 0.0, 0.0, 1.0, 0.0, 0.0, 0.0, 0.0, 0.0, 0.0, 0.0, 0.0, 0.0, 0.0, 0.0, 0.0, 0.0, 0.0]"
NODE_0000115,"[6.102547670859971e-07, 3.313437422503785e-07, 2.668431925384434e-07, 3.4999368885822486e-07, 2.95489210524887e-07, 3.34566898544761e-07, 3.318987786000818e-07, 1.1781789260031016e-06, 1.825196655139092e-06, 3.3841665719119967e-07, 5.167367823093743e-07, 3.3456343799571e-07, 0.00602824163284674, 3.5077948671503785e-07, 1.5858025567120725e-06, 2.274831873998866e-07, 1.7939260521427625e-06, 3.3456343799613544e-07, 3.34563437995934e-07, 3.119353419217664e-07, 1.9067212732310862e-07, 1.5376550712178512e-06, 1.2364619310924996e-05, 1.1795479698343176e-06, 0.9939336169331046, 3.173323042461418e-07, 1.5347255127438454e-06, 3.3430484918169993e-07, 7.04896449387342e-06, 1.8536537732407677e-07, 1.7957107942440173e-06]"
hMpxV/China/SZ-CDC/Strain032,"[0.0, 0.0, 0.0, 0.0, 0.0, 0.0, 0.0, 0.0, 0.0, 0.0, 0.0, 0.0, 0.0, 0.0, 0.0, 0.0, 0.0, 0.0, 0.0, 0.0, 0.0, 0.0, 0.0, 0.0, 1.0, 0.0, 0.0, 0.0, 0.0, 0.0, 0.0]"
hMpxV/China/SZ-CDC/Strain146,"[0.0, 0.0, 0.0, 0.0, 0.0, 0.0, 0.0, 0.0, 0.0, 0.0, 0.0, 0.0, 0.0, 0.0, 0.0, 0.0, 0.0, 0.0, 0.0, 0.0, 0.0, 0.0, 0.0, 0.0, 1.0, 0.0, 0.0, 0.0, 0.0, 0.0, 0.0]"
NODE_0000117,"[1.1782767721828536e-07, 1.6023404623526535e-07, 8.105828586655754e-08, 1.6666311379313296e-07, 1.3850369692955885e-07, 1.6266582118259092e-07, 1.5962596108809412e-07, 2.0524692096802328e-07, 2.3242209103907292e-07, 1.6476708590839667e-07, 1.7017537632893014e-07, 1.6168729071832892e-07, 1.255322042067021e-06, 1.6811541021683035e-07, 2.7726541267449136e-07, 1.0189797294761274e-07, 2.0252605980738365e-07, 1.616872907182566e-07, 1.6168729071817322e-07, 1.5168352527238107e-07, 4.075945524787162e-08, 0.9999922897205509, 2.6086534754318115e-07, 2.0549704398486956e-07, 1.4472066126773104e-06, 1.5055935445222192e-07, 4.081726463957628e-07, 3.353141539283952e-07, 1.834696730686604e-07, 5.194416271292886e-08, 2.2542862757275738e-07]"
hMpxV/Philippines/RITM-007/2023|EPI_ISL_19420626|2023-12-05,"[0.0, 0.0, 0.0, 0.0, 0.0, 0.0, 0.0, 0.0, 0.0, 0.0, 0.0, 0.0, 0.0, 0.0, 0.0, 0.0, 0.0, 0.0, 0.0, 0.0, 0.0, 1.0, 0.0, 0.0, 0.0, 0.0, 0.0, 0.0, 0.0, 0.0, 0.0]"
hMpxV/Philippines/RITM-008/2023|EPI_ISL_19420632|2023-12-12,"[0.0, 0.0, 0.0, 0.0, 0.0, 0.0, 0.0, 0.0, 0.0, 0.0, 0.0, 0.0, 0.0, 0.0, 0.0, 0.0, 0.0, 0.0, 0.0, 0.0, 0.0, 1.0, 0.0, 0.0, 0.0, 0.0, 0.0, 0.0, 0.0, 0.0, 0.0]"
NODE_0000116,"[2.0906150045575325e-11, 3.365670771666599e-11, 1.2093460768378392e-11, 3.5143741680926526e-11, 2.8011260664382397e-11, 3.4215911464567545e-11, 3.3715166837202005e-11, 5.085298585414239e-11, 6.032851422813126e-11, 3.4704299145295736e-11, 3.812826459938795e-11, 3.419101933140399e-11, 0.9999999928982493, 3.505277113970083e-11, 2.832861232303529e-11, 1.8790613925307173e-11, 1.0957352423445665e-10, 3.419101933141662e-11, 3.419101933142467e-11, 3.067518457547268e-11, 7.528445465843182e-12, 9.548282836570123e-11, 7.451373780232429e-11, 5.0922454779903355e-11, 5.900696257369104e-09, 3.142984539150747e-11, 4.1955655428494714e-11, 3.2179637802775084e-11, 9.62322142731017e-11, 5.387698203713334e-12, 5.86717454319536e-11]"
hMpxV/Indonesia/JK-NIHRD-MP044/2023|EPI_ISL_18467805|2023-10-25,"[0.0, 0.0, 0.0, 0.0, 0.0, 0.0, 0.0, 0.0, 0.0, 0.0, 0.0, 0.0, 1.0, 0.0, 0.0, 0.0, 0.0, 0.0, 0.0, 0.0, 0.0, 0.0, 0.0, 0.0, 0.0, 0.0, 0.0, 0.0, 0.0, 0.0, 0.0]"
hMpxV/Indonesia/JK-NIHRD-MP088/2023|EPI_ISL_18467807|2023-10-30,"[0.0, 0.0, 0.0, 0.0, 0.0, 0.0, 0.0, 0.0, 0.0, 0.0, 0.0, 0.0, 0.9999999999999999, 0.0, 0.0, 0.0, 0.0, 0.0, 0.0, 0.0, 0.0, 0.0, 0.0, 0.0, 0.0, 0.0, 0.0, 0.0, 0.0, 0.0, 0.0]"
hMpxV/Indonesia/JK-Biokes-MP302/2023|EPI_ISL_19159111|2023-12-12,"[0.0, 0.0, 0.0, 0.0, 0.0, 0.0, 0.0, 0.0, 0.0, 0.0, 0.0, 0.0, 1.0, 0.0, 0.0, 0.0, 0.0, 0.0, 0.0, 0.0, 0.0, 0.0, 0.0, 0.0, 0.0, 0.0, 0.0, 0.0, 0.0, 0.0, 0.0]"
hMpxV/Indonesia/JB-Biokes-MP294/2023|EPI_ISL_19159109|2023-12-07,"[0.0, 0.0, 0.0, 0.0, 0.0, 0.0, 0.0, 0.0, 0.0, 0.0, 0.0, 0.0, 1.0, 0.0, 0.0, 0.0, 0.0, 0.0, 0.0, 0.0, 0.0, 0.0, 0.0, 0.0, 0.0, 0.0, 0.0, 0.0, 0.0, 0.0, 0.0]"
NODE_0000125,"[1.0955796762760493e-13, 2.298993790269026e-13, 4.9173343000590975e-14, 2.398320695326695e-13, 1.8765213242295865e-13, 2.332948155104238e-13, 2.3192090502965647e-13, 2.3466460244675664e-13, 2.3916377968095836e-13, 2.3289229603936456e-13, 3.651790610175964e-13, 2.350576093796804e-13, 2.1579992309757853e-13, 2.222924844488779e-13, 3.1757545341972016e-07, 1.201074163776978e-13, 2.1115042405546415e-13, 2.350576093796262e-13, 2.350576093797025e-13, 2.0079064920630598e-13, 5.6478850891001986e-14, 2.2852511147224574e-12, 1.2842706762042256e-13, 2.3472891308792733e-13, 7.738583336915158e-12, 2.1568714547040578e-13, 0.9999996824087444, 2.2354678964935436e-13, 6.343700499796118e-13, 2.255559025751466e-14, 2.343040028475454e-13]"
hMpxV/South_Korea/KDCA-P02/2023|EPI_ISL_18542113|2023-06-01,"[0.0, 0.0, 0.0, 0.0, 0.0, 0.0, 0.0, 0.0, 0.0, 0.0, 0.0, 0.0, 0.0, 0.0, 0.0, 0.0, 0.0, 0.0, 0.0, 0.0, 0.0, 0.0, 0.0, 0.0, 0.0, 0.0, 0.9999999999999999, 0.0, 0.0, 0.0, 0.0]"
hMpxV/South_Korea/KDCA-P19/2023|EPI_ISL_18542119|2023-07-12,"[0.0, 0.0, 0.0, 0.0, 0.0, 0.0, 0.0, 0.0, 0.0, 0.0, 0.0, 0.0, 0.0, 0.0, 0.0, 0.0, 0.0, 0.0, 0.0, 0.0, 0.0, 0.0, 0.0, 0.0, 0.0, 0.0, 1.0, 0.0, 0.0, 0.0, 0.0]"
hMpxV/South_Korea/KDCA-P11/2023|EPI_ISL_18540495|2023-07-05,"[0.0, 0.0, 0.0, 0.0, 0.0, 0.0, 0.0, 0.0, 0.0, 0.0, 0.0, 0.0, 0.0, 0.0, 0.0, 0.0, 0.0, 0.0, 0.0, 0.0, 0.0, 0.0, 0.0, 0.0, 0.0, 0.0, 1.0, 0.0, 0.0, 0.0, 0.0]"
NODE_0000137,"[2.800095607689953e-08, 4.4597019696215933e-08, 2.1194758414152092e-08, 4.6125783959557594e-08, 3.902425682642339e-08, 4.5204751173908884e-08, 4.4442134692835574e-08, 4.340588461591755e-08, 4.400821552141683e-08, 4.524653212256265e-08, 4.520052516376091e-08, 4.498163674597148e-08, 4.082545283522367e-08, 4.490803571888007e-08, 7.614245908216046e-06, 2.9638111568028533e-08, 4.3410997743237047e-08, 4.4981636745936476e-08, 4.4981636745990806e-08, 4.2250854633549925e-08, 1.160209635199714e-08, 1.3059009316758446e-07, 2.7217886291574184e-08, 4.3407944226146695e-08, 2.2405006437337193e-07, 4.219565110241336e-08, 0.9999909786910812, 4.261720219012987e-08, 4.580425731914693e-08, 1.4438726692622075e-08, 4.270990772973389e-08]"
hMpxV/South_Korea/KDCA-P10/2023|EPI_ISL_18542116|2023-09-15,"[0.0, 0.0, 0.0, 0.0, 0.0, 0.0, 0.0, 0.0, 0.0, 0.0, 0.0, 0.0, 0.0, 0.0, 0.0, 0.0, 0.0, 0.0, 0.0, 0.0, 0.0, 0.0, 0.0, 0.0, 0.0, 0.0, 1.0, 0.0, 0.0, 0.0, 0.0]"
hMpxV/South_Korea/KDCA-P09/2023|EPI_ISL_18542104|2023-07-05,"[0.0, 0.0, 0.0, 0.0, 0.0, 0.0, 0.0, 0.0, 0.0, 0.0, 0.0, 0.0, 0.0, 0.0, 0.0, 0.0, 0.0, 0.0, 0.0, 0.0, 0.0, 0.0, 0.0, 0.0, 0.0, 0.0, 1.0, 0.0, 0.0, 0.0, 0.0]"
NODE_0000132,"[1.0817857289073007e-07, 1.774460826171094e-07, 8.170485115443975e-08, 1.8351949941544496e-07, 1.5494017894943658e-07, 1.7990624901530837e-07, 1.7691332595085476e-07, 1.7257233482801773e-07, 1.7480198594118138e-07, 1.800194239927995e-07, 1.7860975136504857e-07, 1.7906020128690266e-07, 1.6175562971996267e-07, 1.7841516508588407e-07, 3.594339935018885e-05, 1.1688612285327333e-07, 1.7218296675549638e-07, 1.7906020128688795e-07, 1.7906020128691068e-07, 1.6755421189694062e-07, 4.5512720693427104e-08, 5.421291068250856e-07, 1.0610047180112264e-07, 1.7258125751489103e-07, 9.517255564792323e-07, 1.6787911598473463e-07, 0.9999583973115277, 1.6956625261472205e-07, 1.7773108248246613e-07, 5.378928202295409e-08, 1.696873192105373e-07]"
hMpxV/South_Korea/KDCA-P22/2023|EPI_ISL_18540494|2023-08-03,"[0.0, 0.0, 0.0, 0.0, 0.0, 0.0, 0.0, 0.0, 0.0, 0.0, 0.0, 0.0, 0.0, 0.0, 0.0, 0.0, 0.0, 0.0, 0.0, 0.0, 0.0, 0.0, 0.0, 0.0, 0.0, 0.0, 1.0, 0.0, 0.0, 0.0, 0.0]"
NODE_0000133,"[3.192855434357264e-10, 5.815392877192566e-10, 2.3792518082936996e-10, 6.016046186902489e-10, 5.032687438691608e-10, 5.900385596482619e-10, 5.808273546007846e-10, 5.651208223928942e-10, 5.709207582223913e-10, 5.899175749929722e-10, 5.758057909673937e-10, 5.879224095069609e-10, 5.23687540491343e-10, 5.815387554402629e-10, 3.0980641245311853e-07, 3.700572389296352e-10, 5.580803115527036e-10, 5.879224095068197e-10, 5.879224095070359e-10, 5.423729899683697e-10, 1.4142264977433813e-10, 2.1037928220645886e-09, 3.250010501032665e-10, 5.651664711231727e-10, 4.061955408624186e-09, 5.498414534390365e-10, 0.9999996705973242, 5.559594260945157e-10, 5.438710348219499e-10, 1.3872806579961056e-10, 5.547666249902861e-10]"
hMpxV/South_Korea/KDCA-P15/2023|EPI_ISL_18542109|2023-07-05,"[0.0, 0.0, 0.0, 0.0, 0.0, 0.0, 0.0, 0.0, 0.0, 0.0, 0.0, 0.0, 0.0, 0.0, 0.0, 0.0, 0.0, 0.0, 0.0, 0.0, 0.0, 0.0, 0.0, 0.0, 0.0, 0.0, 1.0, 0.0, 0.0, 0.0, 0.0]"
NODE_0000134,"[5.6531311591531666e-11, 1.0162753290032043e-10, 4.271828421209753e-11, 1.0511273061104376e-10, 8.822768580078783e-11, 1.0311121299966038e-10, 1.0145869789515985e-10, 9.847013604202367e-11, 9.940158245719994e-11, 1.0309023928904096e-10, 9.95002724403064e-11, 1.0268433371427907e-10, 9.130079346809091e-11, 1.0177599810671345e-10, 3.27697015973172e-08, 6.529797235612216e-11, 9.769443804385017e-11, 1.0268433371423891e-10, 1.0268433371429995e-10, 9.505363624117503e-11, 2.4925060590089824e-11, 3.493329143189633e-10, 5.650132032496296e-11, 9.847727389690965e-11, 6.536733260973764e-10, 9.614068499955835e-11, 0.9999999638817801, 9.70762733367014e-11, 9.221136936919018e-11, 2.519508619515079e-11, 9.655937630841383e-11]"
hMpxV/South_Korea/KDCA-P14/2023|EPI_ISL_18542105|2023-07-05,"[0.0, 0.0, 0.0, 0.0, 0.0, 0.0, 0.0, 0.0, 0.0, 0.0, 0.0, 0.0, 0.0, 0.0, 0.0, 0.0, 0.0, 0.0, 0.0, 0.0, 0.0, 0.0, 0.0, 0.0, 0.0, 0.0, 1.0, 0.0, 0.0, 0.0, 0.0]"
NODE_0000135,"[2.904022976068409e-14, 6.370494343216393e-14, 2.0468298502626e-14, 6.596732487682544e-14, 5.4001740201653534e-14, 6.470205738042452e-14, 6.385093385059198e-14, 6.231957080528637e-14, 6.287284028847786e-14, 6.46193611871815e-14, 6.303690482639819e-14, 6.466277596537859e-14, 5.6785702131170095e-14, 6.300121560153301e-14, 1.516779730390742e-10, 3.766141825273562e-14, 5.995778591554321e-14, 6.466277596534046e-14, 6.466277596540795e-14, 5.799802811619963e-14, 1.3954129952748405e-14, 3.210982964391778e-13, 3.2967834313811597e-14, 6.232840122458746e-14, 7.347745542071332e-13, 6.008570275872511e-14, 0.9999999998458237, 6.106768334321674e-14, 5.728272818026005e-14, 9.561185242232598e-15, 6.122070801676013e-14]"
hMpxV/South_Korea/KDCA-P17/2023|EPI_ISL_18542114|2023-07-12,"[0.0, 0.0, 0.0, 0.0, 0.0, 0.0, 0.0, 0.0, 0.0, 0.0, 0.0, 0.0, 0.0, 0.0, 0.0, 0.0, 0.0, 0.0, 0.0, 0.0, 0.0, 0.0, 0.0, 0.0, 0.0, 0.0, 1.0, 0.0, 0.0, 0.0, 0.0]"
hMpxV/South_Korea/KDCA-P08/2023|EPI_ISL_18542108|2023-07-05,"[0.0, 0.0, 0.0, 0.0, 0.0, 0.0, 0.0, 0.0, 0.0, 0.0, 0.0, 0.0, 0.0, 0.0, 0.0, 0.0, 0.0, 0.0, 0.0, 0.0, 0.0, 0.0, 0.0, 0.0, 0.0, 0.0, 1.0, 0.0, 0.0, 0.0, 0.0]"
NODE_0000136,"[4.2073000313484216e-10, 7.141510259608764e-10, 3.1821670405397666e-10, 7.386358627400555e-10, 6.223313866871389e-10, 7.242479755497524e-10, 7.123491682617688e-10, 6.93420973285679e-10, 7.014248118674215e-10, 7.24487397339521e-10, 7.106803861048021e-10, 7.209735867463702e-10, 6.473082654569373e-10, 7.170643459177431e-10, 1.6792834059879772e-07, 4.662864348366776e-10, 6.906032039519055e-10, 7.209735867459822e-10, 7.209735867467294e-10, 6.720414548999424e-10, 1.801256298912825e-10, 2.274152669246766e-09, 4.1495257099534837e-10, 6.934629738188496e-10, 4.0822949284089435e-09, 6.756460713715388e-10, 0.9999998090628744, 6.822967013789676e-10, 6.869490335341972e-10, 2.0093845149016159e-10, 6.810656944521218e-10]"
hMpxV/South_Korea/KDCA-P13/2023|EPI_ISL_18542112|2023-07-05,"[0.0, 0.0, 0.0, 0.0, 0.0, 0.0, 0.0, 0.0, 0.0, 0.0, 0.0, 0.0, 0.0, 0.0, 0.0, 0.0, 0.0, 0.0, 0.0, 0.0, 0.0, 0.0, 0.0, 0.0, 0.0, 0.0, 1.0, 0.0, 0.0, 0.0, 0.0]"
hMpxV/South_Korea/KDCA-P18/2023|EPI_ISL_18541180|2023-09-15,"[0.0, 0.0, 0.0, 0.0, 0.0, 0.0, 0.0, 0.0, 0.0, 0.0, 0.0, 0.0, 0.0, 0.0, 0.0, 0.0, 0.0, 0.0, 0.0, 0.0, 0.0, 0.0, 0.0, 0.0, 0.0, 0.0, 1.0, 0.0, 0.0, 0.0, 0.0]"
NODE_0000126,"[6.109783519000796e-10, 1.044666311523455e-09, 4.6144649509575494e-10, 1.0804866946479605e-09, 9.097183441146705e-10, 1.059491342950233e-09, 1.0421706971495153e-09, 1.0143845796811526e-09, 1.0259411395726975e-09, 1.0597733282739397e-09, 1.03887891179691e-09, 1.0547976364651654e-09, 9.461806106417964e-10, 1.0484735178651006e-09, 2.892353240699804e-07, 6.803031056324232e-10, 1.0094009850951105e-09, 1.0547976364646044e-09, 1.054797636465433e-09, 9.821564781022633e-10, 2.6251576523661713e-10, 3.371198077144756e-09, 6.045210018289322e-10, 1.0144475518916175e-09, 6.099129513593872e-09, 9.882854187865866e-10, 0.999999676960725, 9.981262598800057e-10, 1.0015815892763326e-09, 2.890628993381861e-10, 9.962389147504988e-10]"
NODE_0000131,"[2.6839700222495145e-08, 4.280230500772721e-08, 2.0316068021574753e-08, 4.426956212582612e-08, 3.745085784875056e-08, 4.338602794097795e-08, 4.2654450280854444e-08, 4.1656782412181595e-08, 4.2232755260543956e-08, 4.342560828919438e-08, 4.336414258296821e-08, 4.317221210989485e-08, 3.9174307797733756e-08, 4.309840920592094e-08, 7.351406866374012e-06, 2.8435608860046445e-08, 4.165852609429559e-08, 4.3172212109861244e-08, 4.317221210991341e-08, 4.0545190218349845e-08, 1.1128302297140557e-08, 1.2553837209825584e-07, 2.609574649651617e-08, 4.165877056567632e-08, 2.1557141801191683e-07, 4.0497556134241216e-08, 0.9999912976686091, 4.090189641130661e-08, 4.3899328258262305e-08, 1.381898263044438e-08, 4.0987213116957304e-08]"
hMpxV/South_Korea/KDCA-P04/2023|EPI_ISL_18542110|2023-09-15,"[0.0, 0.0, 0.0, 0.0, 0.0, 0.0, 0.0, 0.0, 0.0, 0.0, 0.0, 0.0, 0.0, 0.0, 0.0, 0.0, 0.0, 0.0, 0.0, 0.0, 0.0, 0.0, 0.0, 0.0, 0.0, 0.0, 1.0, 0.0, 0.0, 0.0, 0.0]"
hMpxV/South_Korea/KDCA-P03/2023|EPI_ISL_18541890|2023-06-23,"[0.0, 0.0, 0.0, 0.0, 0.0, 0.0, 0.0, 0.0, 0.0, 0.0, 0.0, 0.0, 0.0, 0.0, 0.0, 0.0, 0.0, 0.0, 0.0, 0.0, 0.0, 0.0, 0.0, 0.0, 0.0, 0.0, 1.0, 0.0, 0.0, 0.0, 0.0]"
NODE_0000127,"[2.533485131101463e-10, 4.3494283461803406e-10, 1.9113452724872688e-10, 4.498672365609091e-10, 3.7857588567556623e-10, 4.4112536246237453e-10, 4.3393914585199057e-10, 4.2240694426497344e-10, 4.272088375232914e-10, 4.412322529762414e-10, 4.325554103280694e-10, 4.3920205130734813e-10, 3.938550542838942e-10, 4.364161556216547e-10, 1.2426216670569687e-07, 2.827699525356868e-10, 4.200745381470438e-10, 4.392020513069821e-10, 4.3920205130761996e-10, 4.0869067707574277e-10, 1.0904053436698396e-10, 1.416030420695291e-09, 2.512667870010209e-10, 4.2243377846648784e-10, 2.5760956874010906e-09, 4.1144478194068434e-10, 0.9999998616193765, 4.1559346970158793e-10, 4.1670751475343084e-10, 1.1923373102795682e-10, 4.1486079733106246e-10]"
hMpxV/South_Korea/KDCA-P05/2023|EPI_ISL_18542117|2023-06-23,"[0.0, 0.0, 0.0, 0.0, 0.0, 0.0, 0.0, 0.0, 0.0, 0.0, 0.0, 0.0, 0.0, 0.0, 0.0, 0.0, 0.0, 0.0, 0.0, 0.0, 0.0, 0.0, 0.0, 0.0, 0.0, 0.0, 1.0, 0.0, 0.0, 0.0, 0.0]"
NODE_0000128,"[2.3846585322170874e-16, 4.820575351392938e-16, 1.2207318667373685e-16, 4.997333804012564e-16, 3.946269243877164e-16, 4.889976662110973e-16, 4.870847596981038e-16, 7.475950680214737e-16, 8.846623384357038e-16, 4.955956743476184e-16, 6.002322802047309e-16, 4.931715373443757e-16, 7.338122326600483e-16, 4.885626880579219e-16, 3.549538869500534e-11, 2.5041975288182394e-16, 6.108894101657165e-16, 4.931715373438018e-16, 4.931715373447506e-16, 4.2284246302985493e-16, 1.135966600191931e-16, 4.316868100852659e-15, 1.0677486154896662e-15, 7.487814509215368e-16, 2.581734018003518e-13, 4.53094313980422e-16, 0.9999999999642282, 4.704252160495655e-16, 7.169862015954301e-16, 4.035161640607046e-17, 8.710174863143681e-16]"
hMpxV/South_Korea/KDCA-P022/2023|EPI_ISL_18147353|2023-04-21,"[0.0, 0.0, 0.0, 0.0, 0.0, 0.0, 0.0, 0.0, 0.0, 0.0, 0.0, 0.0, 0.0, 0.0, 0.0, 0.0, 0.0, 0.0, 0.0, 0.0, 0.0, 0.0, 0.0, 0.0, 0.0, 0.0, 1.0, 0.0, 0.0, 0.0, 0.0]"
hMpxV/South_Korea/KDCA-P06/2023|EPI_ISL_18542111|2023-07-05,"[0.0, 0.0, 0.0, 0.0, 0.0, 0.0, 0.0, 0.0, 0.0, 0.0, 0.0, 0.0, 0.0, 0.0, 0.0, 0.0, 0.0, 0.0, 0.0, 0.0, 0.0, 0.0, 0.0, 0.0, 0.0, 0.0, 1.0, 0.0, 0.0, 0.0, 0.0]"
hMpxV/South_Korea/KDCA-P01/2023|EPI_ISL_18542106|2023-05-03,"[0.0, 0.0, 0.0, 0.0, 0.0, 0.0, 0.0, 0.0, 0.0, 0.0, 0.0, 0.0, 0.0, 0.0, 0.0, 0.0, 0.0, 0.0, 0.0, 0.0, 0.0, 0.0, 0.0, 0.0, 0.0, 0.0, 1.0, 0.0, 0.0, 0.0, 0.0]"
hMpxV/South_Korea/KDCA-P07/2023|EPI_ISL_18540666|2023-07-05,"[0.0, 0.0, 0.0, 0.0, 0.0, 0.0, 0.0, 0.0, 0.0, 0.0, 0.0, 0.0, 0.0, 0.0, 0.0, 0.0, 0.0, 0.0, 0.0, 0.0, 0.0, 0.0, 0.0, 0.0, 0.0, 0.0, 1.0, 0.0, 0.0, 0.0, 0.0]"
NODE_0000130,"[2.0856609163089992e-10, 3.421721925206689e-10, 1.585841483698955e-10, 3.539457118504816e-10, 2.990288500853579e-10, 3.469182304670148e-10, 3.411070151947362e-10, 3.323478829888961e-10, 3.364769570476719e-10, 3.471577691563183e-10, 3.4235601474412215e-10, 3.452320851936057e-10, 3.1144492235905273e-10, 3.442490495233796e-10, 6.390650676911154e-08, 2.2594890214336741e-10, 3.321403748917728e-10, 3.4523208519307263e-10, 3.4523208519390115e-10, 3.2332913882025614e-10, 8.773049356388775e-11, 1.031742067782334e-09, 2.0287710379604563e-10, 3.323671152896984e-10, 1.7981615171628798e-09, 3.2377358315474054e-10, 0.9999999252416113, 3.268648991716436e-10, 3.362045449410825e-10, 1.0408594773749278e-10, 3.2660490827542504e-10]"
hMpxV/South_Korea/KDCA-P24/2023|EPI_ISL_18542115|2023-08-28,"[0.0, 0.0, 0.0, 0.0, 0.0, 0.0, 0.0, 0.0, 0.0, 0.0, 0.0, 0.0, 0.0, 0.0, 0.0, 0.0, 0.0, 0.0, 0.0, 0.0, 0.0, 0.0, 0.0, 0.0, 0.0, 0.0, 1.0, 0.0, 0.0, 0.0, 0.0]"
hMpxV/South_Korea/KDCA-P23/2023|EPI_ISL_18542118|2023-08-28,"[0.0, 0.0, 0.0, 0.0, 0.0, 0.0, 0.0, 0.0, 0.0, 0.0, 0.0, 0.0, 0.0, 0.0, 0.0, 0.0, 0.0, 0.0, 0.0, 0.0, 0.0, 0.0, 0.0, 0.0, 0.0, 0.0, 1.0, 0.0, 0.0, 0.0, 0.0]"
NODE_0000129,"[3.5424063334345396e-07, 1.5923880236783238e-07, 1.4818235456900347e-07, 1.6244023829496777e-07, 1.446359479467502e-07, 1.6050249696922202e-07, 1.5942328530979437e-07, 6.034708767816805e-07, 9.406975663801262e-07, 1.6106689595920267e-07, 2.614894069972583e-07, 1.605060428984188e-07, 7.449965730342686e-07, 1.6031494940901216e-07, 2.7678544498476467e-06, 1.1589927439111085e-07, 4.2423263369174137e-07, 1.6050604289870578e-07, 1.6050604289849974e-07, 1.51060085954362e-07, 1.1169172769798521e-07, 3.066753532082593e-07, 6.314006974896793e-06, 6.037770946792386e-07, 0.9999648295970518, 1.5356748058768288e-07, 1.7931306711937655e-05, 1.5552636891773576e-07, 4.508221950169524e-07, 1.1528613782140371e-07, 9.264783034833705e-07]"
hMpxV/China/SZ-CDC/Strain149,"[0.0, 0.0, 0.0, 0.0, 0.0, 0.0, 0.0, 0.0, 0.0, 0.0, 0.0, 0.0, 0.0, 0.0, 0.0, 0.0, 0.0, 0.0, 0.0, 0.0, 0.0, 0.0, 0.0, 0.0, 1.0, 0.0, 0.0, 0.0, 0.0, 0.0, 0.0]"
hMpxV/China/SZ-CDC/Strain162,"[0.0, 0.0, 0.0, 0.0, 0.0, 0.0, 0.0, 0.0, 0.0, 0.0, 0.0, 0.0, 0.0, 0.0, 0.0, 0.0, 0.0, 0.0, 0.0, 0.0, 0.0, 0.0, 0.0, 0.0, 0.9999999999999999, 0.0, 0.0, 0.0, 0.0, 0.0, 0.0]"
NODE_0000005,"[4.543774429275696e-18, 1.205851190368565e-18, 2.358159506542053e-19, 1.2929257901933945e-18, 1.019744776461242e-18, 1.213349879570449e-18, 1.2237549731529942e-18, 1.3130801033593585e-18, 1.3546670216287277e-18, 1.2080014220028726e-18, 4.27612317076333e-17, 1.2312172679123688e-18, 1.4003975567486278e-18, 1.1382822208796266e-18, 0.9999999997004179, 6.763597989466295e-19, 1.1166334750815136e-18, 1.231217267910795e-18, 1.2312172679131202e-18, 1.02899394896974e-18, 2.4511015986065312e-18, 2.20958586577542e-17, 9.204185370694633e-19, 1.3137157812753407e-18, 2.2338836446027253e-16, 1.1518447228692885e-18, 2.995796812225321e-10, 1.2094100209082335e-18, 2.1610417852212895e-15, 6.684089924056125e-19, 1.3511767996134533e-18]"
hMpxV/Japan/TMIPH-220323/2023|EPI_ISL_17445514|2023-01-30,"[0.0, 0.0, 0.0, 0.0, 0.0, 0.0, 0.0, 0.0, 0.0, 0.0, 0.0, 0.0, 0.0, 0.0, 1.0, 0.0, 0.0, 0.0, 0.0, 0.0, 0.0, 0.0, 0.0, 0.0, 0.0, 0.0, 0.0, 0.0, 0.0, 0.0, 0.0]"
hMpxV/South_Korea/KDCA-P005/2023|EPI_ISL_18147355|2023-03-13,"[0.0, 0.0, 0.0, 0.0, 0.0, 0.0, 0.0, 0.0, 0.0, 0.0, 0.0, 0.0, 0.0, 0.0, 0.0, 0.0, 0.0, 0.0, 0.0, 0.0, 0.0, 0.0, 0.0, 0.0, 0.0, 0.0, 1.0, 0.0, 0.0, 0.0, 0.0]"
hMpxV/Japan/TMIPH-0085/2023|EPI_ISL_18075507|2023-05-01,"[0.0, 0.0, 0.0, 0.0, 0.0, 0.0, 0.0, 0.0, 0.0, 0.0, 0.0, 0.0, 0.0, 0.0, 1.0, 0.0, 0.0, 0.0, 0.0, 0.0, 0.0, 0.0, 0.0, 0.0, 0.0, 0.0, 0.0, 0.0, 0.0, 0.0, 0.0]"
hMpxV/Japan/TMIPH-0223/2023|EPI_ISL_18075508|2023-07-07,"[0.0, 0.0, 0.0, 0.0, 0.0, 0.0, 0.0, 0.0, 0.0, 0.0, 0.0, 0.0, 0.0, 0.0, 0.9999999999999999, 0.0, 0.0, 0.0, 0.0, 0.0, 0.0, 0.0, 0.0, 0.0, 0.0, 0.0, 0.0, 0.0, 0.0, 0.0, 0.0]"
hMpxV/Japan/TMIPH-0204/2023|EPI_ISL_18055899|2023-06-26,"[0.0, 0.0, 0.0, 0.0, 0.0, 0.0, 0.0, 0.0, 0.0, 0.0, 0.0, 0.0, 0.0, 0.0, 1.0, 0.0, 0.0, 0.0, 0.0, 0.0, 0.0, 0.0, 0.0, 0.0, 0.0, 0.0, 0.0, 0.0, 0.0, 0.0, 0.0]"
NODE_0000112,"[2.282878160401605e-09, 1.0978242911458798e-09, 5.494258881641973e-10, 1.144580153033089e-09, 9.874345604661537e-10, 1.1078638737950629e-09, 1.0962402981744182e-09, 1.0869266769867754e-09, 1.1016772796413677e-09, 1.107503120884717e-09, 5.057772180697926e-09, 1.1051906166012016e-09, 1.108384021150536e-09, 1.0958521854470498e-09, 0.9999989110698181, 7.817821074929922e-10, 1.0711766714561355e-09, 1.105190616599865e-09, 1.1051906166018333e-09, 1.0388251652422749e-09, 9.767923026683548e-10, 3.86430282424173e-09, 7.496954207149624e-10, 1.0870236942407322e-09, 8.620814335882248e-09, 1.0509884913942762e-09, 1.0086966630193922e-06, 1.0646738181552618e-09, 3.5586246210216926e-08, 1.1227564077485778e-09, 1.0785067801534583e-09]"
hMpxV/Japan/TMIPH-0267/2023|EPI_ISL_18557816|2023-09-22,"[0.0, 0.0, 0.0, 0.0, 0.0, 0.0, 0.0, 0.0, 0.0, 0.0, 0.0, 0.0, 0.0, 0.0, 1.0, 0.0, 0.0, 0.0, 0.0, 0.0, 0.0, 0.0, 0.0, 0.0, 0.0, 0.0, 0.0, 0.0, 0.0, 0.0, 0.0]"
hMpxV/Japan/TMIPH-0304/2023|EPI_ISL_18557818|2023-10-25,"[0.0, 0.0, 0.0, 0.0, 0.0, 0.0, 0.0, 0.0, 0.0, 0.0, 0.0, 0.0, 0.0, 0.0, 1.0, 0.0, 0.0, 0.0, 0.0, 0.0, 0.0, 0.0, 0.0, 0.0, 0.0, 0.0, 0.0, 0.0, 0.0, 0.0, 0.0]"
hMpxV/Japan/TMIPH-0336/2023|EPI_ISL_18739594|2023-11-29,"[0.0, 0.0, 0.0, 0.0, 0.0, 0.0, 0.0, 0.0, 0.0, 0.0, 0.0, 0.0, 0.0, 0.0, 1.0, 0.0, 0.0, 0.0, 0.0, 0.0, 0.0, 0.0, 0.0, 0.0, 0.0, 0.0, 0.0, 0.0, 0.0, 0.0, 0.0]"
NODE_0000107,"[3.0270458146756293e-12, 1.0696556433768006e-12, 4.1301092388703864e-13, 1.1133145918132285e-12, 9.48832166757486e-13, 1.0789082462093995e-12, 1.0737475362783364e-12, 1.0756764799304418e-12, 1.088346054907805e-12, 1.0766788195775828e-12, 9.549933200736713e-12, 1.0816315840395616e-12, 1.1117354993647916e-12, 1.0493147284278205e-12, 0.9999999864547118, 7.17923104300622e-13, 1.019506259640492e-12, 1.0816315840382393e-12, 1.0816315840401868e-12, 9.84148109707361e-13, 1.487043401830103e-12, 6.105466720824018e-12, 7.07950649672156e-13, 1.0758362081763298e-12, 1.880574663401696e-11, 1.0263755705692646e-12, 1.3337888769788053e-08, 1.0472895939894408e-12, 1.453519458048942e-10, 1.0770570980850573e-12, 1.0721293948051816e-12]"
hMpxV/Japan/TMIPH-0029/2023|EPI_ISL_17665624|2023-04-17,"[0.0, 0.0, 0.0, 0.0, 0.0, 0.0, 0.0, 0.0, 0.0, 0.0, 0.0, 0.0, 0.0, 0.0, 1.0, 0.0, 0.0, 0.0, 0.0, 0.0, 0.0, 0.0, 0.0, 0.0, 0.0, 0.0, 0.0, 0.0, 0.0, 0.0, 0.0]"
hMpxV/Japan/TMIPH-0176/2023|EPI_ISL_17837268|2023-06-09,"[0.0, 0.0, 0.0, 0.0, 0.0, 0.0, 0.0, 0.0, 0.0, 0.0, 0.0, 0.0, 0.0, 0.0, 0.9999999999999999, 0.0, 0.0, 0.0, 0.0, 0.0, 0.0, 0.0, 0.0, 0.0, 0.0, 0.0, 0.0, 0.0, 0.0, 0.0, 0.0]"
hMpxV/Japan/TMIPH-0171/2023|EPI_ISL_18352302|2023-06-06,"[0.0, 0.0, 0.0, 0.0, 0.0, 0.0, 0.0, 0.0, 0.0, 0.0, 0.0, 0.0, 0.0, 0.0, 1.0, 0.0, 0.0, 0.0, 0.0, 0.0, 0.0, 0.0, 0.0, 0.0, 0.0, 0.0, 0.0, 0.0, 0.0, 0.0, 0.0]"
hMpxV/Japan/TMIPH-0117/2023|EPI_ISL_17817239|2023-05-15,"[0.0, 0.0, 0.0, 0.0, 0.0, 0.0, 0.0, 0.0, 0.0, 0.0, 0.0, 0.0, 0.0, 0.0, 1.0, 0.0, 0.0, 0.0, 0.0, 0.0, 0.0, 0.0, 0.0, 0.0, 0.0, 0.0, 0.0, 0.0, 0.0, 0.0, 0.0]"
NODE_0000108,"[4.0882687531576285e-11, 1.6724922128680742e-11, 7.422477385001303e-12, 1.7285016222546457e-11, 1.4945929242150096e-11, 1.68850964267042e-11, 1.6749399663906035e-11, 1.6591485121423298e-11, 1.6750466445580157e-11, 1.6864445405404253e-11, 1.0618465733209926e-10, 1.6882996820138528e-11, 1.694922451161253e-11, 1.6561875063474763e-11, 0.9999999570676611, 1.1583222971678066e-11, 1.6085685227882882e-11, 1.6882996820117826e-11, 1.6882996820148655e-11, 1.5636733827617065e-11, 1.9633732260766876e-11, 7.355202139360545e-11, 1.08794551403725e-11, 1.659317592368656e-11, 1.9009941651342185e-10, 1.6051201451377804e-11, 4.1120651868923104e-08, 1.62776709492572e-11, 1.0198661826879934e-09, 1.7533084837907226e-11, 1.6449092143625794e-11]"
hMpxV/Japan/TMIPH-0055/2023|EPI_ISL_17665627|2023-04-21,"[0.0, 0.0, 0.0, 0.0, 0.0, 0.0, 0.0, 0.0, 0.0, 0.0, 0.0, 0.0, 0.0, 0.0, 1.0, 0.0, 0.0, 0.0, 0.0, 0.0, 0.0, 0.0, 0.0, 0.0, 0.0, 0.0, 0.0, 0.0, 0.0, 0.0, 0.0]"
hMpxV/Japan/TMIPH-0017/2023|EPI_ISL_17592667|2023-04-06,"[0.0, 0.0, 0.0, 0.0, 0.0, 0.0, 0.0, 0.0, 0.0, 0.0, 0.0, 0.0, 0.0, 0.0, 1.0, 0.0, 0.0, 0.0, 0.0, 0.0, 0.0, 0.0, 0.0, 0.0, 0.0, 0.0, 0.0, 0.0, 0.0, 0.0, 0.0]"
NODE_0000109,"[1.1131737774737955e-22, 1.7376076945365704e-23, 3.384323428066375e-24, 1.7861847192996486e-23, 1.4812293831884747e-23, 1.752240919650335e-23, 1.7697810552883183e-23, 1.812802261330584e-23, 1.8199405892225585e-23, 1.7419998727151275e-23, 8.684399568677674e-22, 1.7801528257223614e-23, 1.932045746869222e-23, 1.6320473871179595e-23, 0.9999999999999998, 9.923634824541494e-24, 1.5541059568170475e-23, 1.7801528257196572e-23, 1.7801528257237167e-23, 1.487996329321216e-23, 8.222219560235878e-23, 3.479296187775919e-22, 1.0102828935619408e-23, 1.813452292909206e-23, 2.4505701275938652e-21, 1.6801039869929114e-23, 1.6747465479817397e-16, 1.7440664418535618e-23, 9.20024383311036e-20, 1.7149557321405406e-23, 1.8228738317064745e-23]"
hMpxV/Japan/TMIPH-0206/2023|EPI_ISL_18055900|2023-06-26,"[0.0, 0.0, 0.0, 0.0, 0.0, 0.0, 0.0, 0.0, 0.0, 0.0, 0.0, 0.0, 0.0, 0.0, 1.0, 0.0, 0.0, 0.0, 0.0, 0.0, 0.0, 0.0, 0.0, 0.0, 0.0, 0.0, 0.0, 0.0, 0.0, 0.0, 0.0]"
hMpxV/Japan/Osaka-OMU001-A3/2023|EPI_ISL_19022858|2023-05-08,"[0.0, 0.0, 0.0, 0.0, 0.0, 0.0, 0.0, 0.0, 0.0, 0.0, 0.0, 0.0, 0.0, 0.0, 1.0, 0.0, 0.0, 0.0, 0.0, 0.0, 0.0, 0.0, 0.0, 0.0, 0.0, 0.0, 0.0, 0.0, 0.0, 0.0, 0.0]"
hMpxV/Japan/Osaka-OMU001-C5/2023|EPI_ISL_19022860|2023-05-08,"[0.0, 0.0, 0.0, 0.0, 0.0, 0.0, 0.0, 0.0, 0.0, 0.0, 0.0, 0.0, 0.0, 0.0, 1.0, 0.0, 0.0, 0.0, 0.0, 0.0, 0.0, 0.0, 0.0, 0.0, 0.0, 0.0, 0.0, 0.0, 0.0, 0.0, 0.0]"
hMpxV/Japan/TMIPH-0138/2023|EPI_ISL_17817240|2023-05-19,"[0.0, 0.0, 0.0, 0.0, 0.0, 0.0, 0.0, 0.0, 0.0, 0.0, 0.0, 0.0, 0.0, 0.0, 1.0, 0.0, 0.0, 0.0, 0.0, 0.0, 0.0, 0.0, 0.0, 0.0, 0.0, 0.0, 0.0, 0.0, 0.0, 0.0, 0.0]"
hMpxV/Japan/Osaka-OMU001-A4/2023|EPI_ISL_19022859|2023-05-08,"[0.0, 0.0, 0.0, 0.0, 0.0, 0.0, 0.0, 0.0, 0.0, 0.0, 0.0, 0.0, 0.0, 0.0, 1.0, 0.0, 0.0, 0.0, 0.0, 0.0, 0.0, 0.0, 0.0, 0.0, 0.0, 0.0, 0.0, 0.0, 0.0, 0.0, 0.0]"
hMpxV/Japan/TMIPH-0087/2023|EPI_ISL_18097375|2023-05-02,"[0.0, 0.0, 0.0, 0.0, 0.0, 0.0, 0.0, 0.0, 0.0, 0.0, 0.0, 0.0, 0.0, 0.0, 1.0, 0.0, 0.0, 0.0, 0.0, 0.0, 0.0, 0.0, 0.0, 0.0, 0.0, 0.0, 0.0, 0.0, 0.0, 0.0, 0.0]"
hMpxV/Japan/Osaka-OMU001-D3/2023|EPI_ISL_19022862|2023-05-08,"[0.0, 0.0, 0.0, 0.0, 0.0, 0.0, 0.0, 0.0, 0.0, 0.0, 0.0, 0.0, 0.0, 0.0, 1.0, 0.0, 0.0, 0.0, 0.0, 0.0, 0.0, 0.0, 0.0, 0.0, 0.0, 0.0, 0.0, 0.0, 0.0, 0.0, 0.0]"
NODE_0000006,"[9.851891184494316e-06, 5.263378143727673e-06, 3.303696263980463e-06, 5.4391048303777455e-06, 4.733890564176871e-06, 5.315803073504675e-06, 5.2532052816554425e-06, 7.92747045486241e-06, 9.387854094786388e-06, 5.345588564166059e-06, 0.00045046983067586213, 5.298416980701947e-06, 8.58361369874466e-06, 5.369267858502537e-06, 0.9978326380882085, 3.7509307787408413e-06, 7.061110996341891e-06, 5.298416980701098e-06, 5.298416980702536e-06, 5.020133044923402e-06, 3.720941312610507e-06, 1.2098190129628641e-05, 1.5911009814451027e-05, 7.931955335698305e-06, 0.0011204931461869215, 5.034406502427953e-06, 0.00037590763226275846, 5.085980864193938e-06, 4.951173512717623e-05, 4.4964953383245075e-06, 9.198398466241772e-06]"
hMpxV/Japan/TMIPH-0076/2023|EPI_ISL_17692269|2023-04-28,"[0.0, 0.0, 0.0, 0.0, 0.0, 0.0, 0.0, 0.0, 0.0, 0.0, 0.0, 0.0, 0.0, 0.0, 1.0, 0.0, 0.0, 0.0, 0.0, 0.0, 0.0, 0.0, 0.0, 0.0, 0.0, 0.0, 0.0, 0.0, 0.0, 0.0, 0.0]"
NODE_0000007,"[0.0007523167338368252, 0.0004689004266206982, 0.0003009807494857651, 0.0004832962436593605, 0.0004175850683739574, 0.000474084795026608, 0.0004684449861597951, 0.0008967899272302869, 0.0011251744379234142, 0.0004748450142375863, 0.21146063325459033, 0.0004727739200730522, 0.000980077812467211, 0.0004715160393600789, 0.2684893975790194, 0.00032365526416839544, 0.0007523458898058614, 0.000472773920073036, 0.0004727739200730501, 0.00044270849892832226, 0.0002673988422148953, 0.0008320766266911603, 0.0022088461946037606, 0.000897036709823483, 0.4940821140021159, 0.00044769671887096317, 0.007159221253620742, 0.0004522679906130617, 0.0020607197089305886, 0.0002917293362880127, 0.00109981813511451]"
NODE_0000104,"[5.712073961281288e-05, 3.857132371838832e-05, 2.3497938376149742e-05, 4.0010555823382056e-05, 3.429737364402809e-05, 3.900105399735239e-05, 3.8498234013850794e-05, 6.548675916558667e-05, 8.020285644752026e-05, 3.9154004986332885e-05, 0.879515704066675, 3.8861522812647097e-05, 7.063558369887566e-05, 3.913992615870544e-05, 0.10606888220472663, 2.6510107316592443e-05, 5.654858394190936e-05, 3.886152281251736e-05, 3.88615228125718e-05, 3.6484156102210055e-05, 2.0195151855207244e-05, 7.04368092594086e-05, 0.0001467307175414866, 6.551518200045534e-05, 0.011948865307061327, 3.673028523975605e-05, 0.0009910520778818267, 3.7151857604975456e-05, 0.0001955438652317807, 2.310226263822988e-05, 7.834644684251369e-05]"
hMpxV/China/HZCDC-0001/2023|EPI_ISL_17809521|2023-06-15,"[0.0, 0.0, 0.0, 0.0, 0.0, 0.0, 0.0, 0.0, 0.0, 0.0, 0.9999999999999999, 0.0, 0.0, 0.0, 0.0, 0.0, 0.0, 0.0, 0.0, 0.0, 0.0, 0.0, 0.0, 0.0, 0.0, 0.0, 0.0, 0.0, 0.0, 0.0, 0.0]"
NODE_0000105,"[1.6504726133486246e-05, 8.731925730649762e-06, 5.183832444550606e-06, 9.038269484367578e-06, 7.756578002596935e-06, 8.81756775174024e-06, 8.73583907342651e-06, 1.6035643886594218e-05, 1.994502186189985e-05, 8.87447308908069e-06, 0.0008478645450982827, 8.812158935429216e-06, 1.768763280467118e-05, 8.871708792024834e-06, 0.9934378019359713, 5.95880548295629e-06, 1.3458431687155195e-05, 8.812158935427835e-06, 8.812158935430085e-06, 8.209670612201053e-06, 6.029669376057494e-06, 1.9985963118740436e-05, 3.884808738923912e-05, 1.604567295362188e-05, 0.004706196057568144, 8.340143975039969e-06, 0.0006126633785649752, 8.462480263966896e-06, 8.199318518678138e-05, 5.9612678510032886e-06, 1.9561009039032633e-05]"
hMpxV/China/SZ-CDC/Strain180,"[0.0, 0.0, 0.0, 0.0, 0.0, 0.0, 0.0, 0.0, 0.0, 0.0, 0.0, 0.0, 0.0, 0.0, 0.0, 0.0, 0.0, 0.0, 0.0, 0.0, 0.0, 0.0, 0.0, 0.0, 1.0, 0.0, 0.0, 0.0, 0.0, 0.0, 0.0]"
hMpxV/Japan/TMIPH-0353/2024|EPI_ISL_19001887|2024-01-25,"[0.0, 0.0, 0.0, 0.0, 0.0, 0.0, 0.0, 0.0, 0.0, 0.0, 0.0, 0.0, 0.0, 0.0, 1.0, 0.0, 0.0, 0.0, 0.0, 0.0, 0.0, 0.0, 0.0, 0.0, 0.0, 0.0, 0.0, 0.0, 0.0, 0.0, 0.0]"
NODE_0000106,"[5.057191089381522e-09, 2.13919745912877e-09, 1.0880405197336254e-09, 2.20904182674052e-09, 1.8873078371328514e-09, 2.1596250813992773e-09, 2.1471512569594435e-09, 3.855380658698509e-09, 4.756709761583342e-09, 2.1709031488596e-09, 2.8500810602797013e-07, 2.164737255274521e-09, 4.284625828376333e-09, 2.1499708352251617e-09, 0.9999967994810501, 1.4167624748730077e-09, 3.1783589606763625e-09, 2.1647372552719112e-09, 2.1647372552758684e-09, 1.9800941029492186e-09, 2.053159062953619e-09, 6.882782262779535e-09, 8.808136421000111e-09, 3.85794961753586e-09, 1.761764962416646e-06, 2.0482157430958564e-09, 1.0193681878640675e-06, 2.086454204287614e-09, 5.5429384426487153e-08, 1.5515663643826626e-09, 4.6854730049036785e-09]"
hMpxV/Japan/TMIPH-0255/2024|EPI_ISL_18352303|2023-09-11,"[0.0, 0.0, 0.0, 0.0, 0.0, 0.0, 0.0, 0.0, 0.0, 0.0, 0.0, 0.0, 0.0, 0.0, 1.0, 0.0, 0.0, 0.0, 0.0, 0.0, 0.0, 0.0, 0.0, 0.0, 0.0, 0.0, 0.0, 0.0, 0.0, 0.0, 0.0]"
hMpxV/Japan/TMIPH-0264/2023|EPI_ISL_18352306|2023-09-19,"[0.0, 0.0, 0.0, 0.0, 0.0, 0.0, 0.0, 0.0, 0.0, 0.0, 0.0, 0.0, 0.0, 0.0, 1.0, 0.0, 0.0, 0.0, 0.0, 0.0, 0.0, 0.0, 0.0, 0.0, 0.0, 0.0, 0.0, 0.0, 0.0, 0.0, 0.0]"
NODE_0000008,"[4.3388267245800386e-38, 6.748920389085525e-40, 3.4369229049587704e-38, 6.68344793239807e-40, 4.864843598882613e-40, 6.6993915515296395e-40, 7.491758337416882e-40, 1.4209686411254023e-30, 2.635830468399473e-28, 4.1319495826893995e-39, 3.2421398636737136e-36, 7.370730265615892e-40, 3.8840179273279e-35, 4.4923810408623893e-38, 1.250956582108075e-33, 1.4444533937453825e-40, 2.655361404896194e-35, 7.37073026564131e-40, 7.370730265622074e-40, 1.4844199909084902e-39, 6.943072596923118e-38, 6.726064313557083e-39, 1.0963830022776306e-17, 1.8934463630578577e-35, 1.0, 6.594828985160185e-40, 1.5026816987080054e-34, 8.176351079913096e-40, 1.1989795744708515e-36, 3.838530498560174e-41, 5.8593707873970416e-30]"
hMpxV/China/SZ-CDC/Strain009,"[0.0, 0.0, 0.0, 0.0, 0.0, 0.0, 0.0, 0.0, 0.0, 0.0, 0.0, 0.0, 0.0, 0.0, 0.0, 0.0, 0.0, 0.0, 0.0, 0.0, 0.0, 0.0, 0.0, 0.0, 1.0, 0.0, 0.0, 0.0, 0.0, 0.0, 0.0]"
hMpxV/China/SZ-CDC/Strain024,"[0.0, 0.0, 0.0, 0.0, 0.0, 0.0, 0.0, 0.0, 0.0, 0.0, 0.0, 0.0, 0.0, 0.0, 0.0, 0.0, 0.0, 0.0, 0.0, 0.0, 0.0, 0.0, 0.0, 0.0, 1.0, 0.0, 0.0, 0.0, 0.0, 0.0, 0.0]"
hMpxV/China/SZ-CDC/Strain040,"[0.0, 0.0, 0.0, 0.0, 0.0, 0.0, 0.0, 0.0, 0.0, 0.0, 0.0, 0.0, 0.0, 0.0, 0.0, 0.0, 0.0, 0.0, 0.0, 0.0, 0.0, 0.0, 0.0, 0.0, 1.0, 0.0, 0.0, 0.0, 0.0, 0.0, 0.0]"
hMpxV/China/SZ-CDC/Strain045,"[0.0, 0.0, 0.0, 0.0, 0.0, 0.0, 0.0, 0.0, 0.0, 0.0, 0.0, 0.0, 0.0, 0.0, 0.0, 0.0, 0.0, 0.0, 0.0, 0.0, 0.0, 0.0, 0.0, 0.0, 1.0, 0.0, 0.0, 0.0, 0.0, 0.0, 0.0]"
hMpxV/China/SZ-CDC/Strain066,"[0.0, 0.0, 0.0, 0.0, 0.0, 0.0, 0.0, 0.0, 0.0, 0.0, 0.0, 0.0, 0.0, 0.0, 0.0, 0.0, 0.0, 0.0, 0.0, 0.0, 0.0, 0.0, 0.0, 0.0, 0.9999999999999999, 0.0, 0.0, 0.0, 0.0, 0.0, 0.0]"
hMpxV/China/SZ-CDC/Strain079,"[0.0, 0.0, 0.0, 0.0, 0.0, 0.0, 0.0, 0.0, 0.0, 0.0, 0.0, 0.0, 0.0, 0.0, 0.0, 0.0, 0.0, 0.0, 0.0, 0.0, 0.0, 0.0, 0.0, 0.0, 1.0, 0.0, 0.0, 0.0, 0.0, 0.0, 0.0]"
hMpxV/China/SZ-CDC/Strain154,"[0.0, 0.0, 0.0, 0.0, 0.0, 0.0, 0.0, 0.0, 0.0, 0.0, 0.0, 0.0, 0.0, 0.0, 0.0, 0.0, 0.0, 0.0, 0.0, 0.0, 0.0, 0.0, 0.0, 0.0, 1.0, 0.0, 0.0, 0.0, 0.0, 0.0, 0.0]"
hMpxV/China/YN-CDC-0002/2023|EPI_ISL_18059183|2023-06-28,"[0.0, 0.0, 0.0, 0.0, 0.0, 0.0, 0.0, 0.0, 0.0, 0.0, 0.0, 0.0, 0.0, 0.0, 0.0, 0.0, 0.0, 0.0, 0.0, 0.0, 0.0, 0.0, 0.0, 0.0, 0.0, 0.0, 0.0, 0.0, 0.0, 0.0, 1.0]"
hMpxV/China/YN-CDC-0003/2023|EPI_ISL_18059184|2023-07-03,"[0.0, 0.0, 0.0, 0.0, 0.0, 0.0, 0.0, 0.0, 0.0, 0.0, 0.0, 0.0, 0.0, 0.0, 0.0, 0.0, 0.0, 0.0, 0.0, 0.0, 0.0, 0.0, 0.0, 0.0, 0.0, 0.0, 0.0, 0.0, 0.0, 0.0, 1.0]"
hMpxV/Portugal/INSA-PT0791/2023|EPI_ISL_18702242|2023-11-08,"[0.0, 0.0, 0.0, 0.0, 0.0, 0.0, 0.0, 0.0, 0.0, 0.0, 0.0, 0.0, 0.0, 0.0, 0.0, 0.0, 0.0, 0.0, 0.0, 0.0, 0.0, 0.0, 1.0, 0.0, 0.0, 0.0, 0.0, 0.0, 0.0, 0.0, 0.0]"
hMpxV/Portugal/INSA-PT0778/2023|EPI_ISL_18702243|2023-10-27,"[0.0, 0.0, 0.0, 0.0, 0.0, 0.0, 0.0, 0.0, 0.0, 0.0, 0.0, 0.0, 0.0, 0.0, 0.0, 0.0, 0.0, 0.0, 0.0, 0.0, 0.0, 0.0, 0.9999999999999999, 0.0, 0.0, 0.0, 0.0, 0.0, 0.0, 0.0, 0.0]"
hMpxV/Portugal/INSA-PT0645/2023|EPI_ISL_18076380|2023-07-07,"[0.0, 0.0, 0.0, 0.0, 0.0, 0.0, 0.0, 0.0, 0.0, 0.0, 0.0, 0.0, 0.0, 0.0, 0.0, 0.0, 0.0, 0.0, 0.0, 0.0, 0.0, 0.0, 0.9999999999999999, 0.0, 0.0, 0.0, 0.0, 0.0, 0.0, 0.0, 0.0]"
hMpxV/China/FS-GCDC_M108/2023|EPI_ISL_19058866|2023-06-22,"[0.0, 0.0, 0.0, 0.0, 0.0, 0.0, 0.0, 1.0, 0.0, 0.0, 0.0, 0.0, 0.0, 0.0, 0.0, 0.0, 0.0, 0.0, 0.0, 0.0, 0.0, 0.0, 0.0, 0.0, 0.0, 0.0, 0.0, 0.0, 0.0, 0.0, 0.0]"
hMpxV/China/GZ-GCDC_M008/2023|EPI_ISL_19058868|2023-06-08,"[0.0, 0.0, 0.0, 0.0, 0.0, 0.0, 0.0, 0.0, 1.0, 0.0, 0.0, 0.0, 0.0, 0.0, 0.0, 0.0, 0.0, 0.0, 0.0, 0.0, 0.0, 0.0, 0.0, 0.0, 0.0, 0.0, 0.0, 0.0, 0.0, 0.0, 0.0]"
hMpxV/China/FS-GCDC_M028/2023|EPI_ISL_19058872|2023-06-13,"[0.0, 0.0, 0.0, 0.0, 0.0, 0.0, 0.0, 1.0, 0.0, 0.0, 0.0, 0.0, 0.0, 0.0, 0.0, 0.0, 0.0, 0.0, 0.0, 0.0, 0.0, 0.0, 0.0, 0.0, 0.0, 0.0, 0.0, 0.0, 0.0, 0.0, 0.0]"
hMpxV/China/GZ-GCDC_M050/2023|EPI_ISL_19058873|2023-06-16,"[0.0, 0.0, 0.0, 0.0, 0.0, 0.0, 0.0, 0.0, 1.0, 0.0, 0.0, 0.0, 0.0, 0.0, 0.0, 0.0, 0.0, 0.0, 0.0, 0.0, 0.0, 0.0, 0.0, 0.0, 0.0, 0.0, 0.0, 0.0, 0.0, 0.0, 0.0]"
hMpxV/Portugal/INSA-PT0686/2023|EPI_ISL_18553842|2023-07-13,"[0.0, 0.0, 0.0, 0.0, 0.0, 0.0, 0.0, 0.0, 0.0, 0.0, 0.0, 0.0, 0.0, 0.0, 0.0, 0.0, 0.0, 0.0, 0.0, 0.0, 0.0, 0.0, 1.0, 0.0, 0.0, 0.0, 0.0, 0.0, 0.0, 0.0, 0.0]"
hMpxV/Portugal/INSA-PT0671/2023|EPI_ISL_18228634|2023-08-02,"[0.0, 0.0, 0.0, 0.0, 0.0, 0.0, 0.0, 0.0, 0.0, 0.0, 0.0, 0.0, 0.0, 0.0, 0.0, 0.0, 0.0, 0.0, 0.0, 0.0, 0.0, 0.0, 0.9999999999999999, 0.0, 0.0, 0.0, 0.0, 0.0, 0.0, 0.0, 0.0]"
hMpxV/China/SZ-CDC/Strain185,"[0.0, 0.0, 0.0, 0.0, 0.0, 0.0, 0.0, 0.0, 0.0, 0.0, 0.0, 0.0, 0.0, 0.0, 0.0, 0.0, 0.0, 0.0, 0.0, 0.0, 0.0, 0.0, 0.0, 0.0, 1.0, 0.0, 0.0, 0.0, 0.0, 0.0, 0.0]"
hMpxV/China/SZ-CDC/Strain181,"[0.0, 0.0, 0.0, 0.0, 0.0, 0.0, 0.0, 0.0, 0.0, 0.0, 0.0, 0.0, 0.0, 0.0, 0.0, 0.0, 0.0, 0.0, 0.0, 0.0, 0.0, 0.0, 0.0, 0.0, 1.0, 0.0, 0.0, 0.0, 0.0, 0.0, 0.0]"
hMpxV/China/SZ-CDC/Strain193,"[0.0, 0.0, 0.0, 0.0, 0.0, 0.0, 0.0, 0.0, 0.0, 0.0, 0.0, 0.0, 0.0, 0.0, 0.0, 0.0, 0.0, 0.0, 0.0, 0.0, 0.0, 0.0, 0.0, 0.0, 1.0, 0.0, 0.0, 0.0, 0.0, 0.0, 0.0]"
NODE_0000091,"[1.4915951960669317e-06, 5.289814132476238e-07, 6.32043389067377e-07, 5.399005741603824e-07, 4.892800033240599e-07, 5.32281758821814e-07, 5.289430703182244e-07, 2.4710954132115708e-06, 4.2330184900811906e-06, 5.465379024294343e-07, 9.015101656327285e-07, 5.316238342402758e-07, 3.2369373240361587e-06, 5.753830650433821e-07, 2.6966201983872706e-06, 4.0225146854038714e-07, 1.7008370461368682e-06, 5.316238342404627e-07, 5.316238342403462e-07, 5.140771393826607e-07, 4.183676103068525e-07, 8.230596117917159e-07, 5.2454944706205444e-05, 2.477186152654625e-06, 0.9999092725306635, 5.110539961868437e-07, 3.57576325201334e-06, 5.182217912233042e-07, 1.6378554624881659e-06, 5.068116726404462e-07, 4.188039960438281e-06]"
hMpxV/China/SZ-CDC/Strain067,"[0.0, 0.0, 0.0, 0.0, 0.0, 0.0, 0.0, 0.0, 0.0, 0.0, 0.0, 0.0, 0.0, 0.0, 0.0, 0.0, 0.0, 0.0, 0.0, 0.0, 0.0, 0.0, 0.0, 0.0, 1.0, 0.0, 0.0, 0.0, 0.0, 0.0, 0.0]"
hMpxV/China/SZ-CDC/Strain183,"[0.0, 0.0, 0.0, 0.0, 0.0, 0.0, 0.0, 0.0, 0.0, 0.0, 0.0, 0.0, 0.0, 0.0, 0.0, 0.0, 0.0, 0.0, 0.0, 0.0, 0.0, 0.0, 0.0, 0.0, 1.0, 0.0, 0.0, 0.0, 0.0, 0.0, 0.0]"
NODE_0000102,"[1.3524098182281685e-09, 1.4976342481279774e-09, 2.9492566781385153e-08, 1.5368272379680162e-09, 1.3546301785044362e-09, 1.5119694045063374e-09, 1.4983271694507237e-09, 2.306842338512188e-09, 2.7480026065706426e-09, 4.81594049149378e-09, 1.7132280813071768e-09, 1.5088376866991606e-09, 2.396058589016501e-09, 2.134370375144443e-08, 1.6005915151387523e-09, 1.0521964234793366e-09, 2.9439207060760065e-08, 1.50883768669948e-09, 1.5088376866993967e-09, 3.4758593392829332e-09, 2.2051285138172574e-09, 1.709133913805993e-09, 0.9999920328648988, 2.3099700818093496e-09, 7.833460014967891e-06, 1.4330883909017972e-09, 2.2052268686995006e-09, 1.458193644422139e-09, 1.9331893637635966e-09, 4.060028985569689e-09, 2.6986184607326427e-09]"
hMpxV/Portugal/INSA-PT0773/2023|EPI_ISL_18702208|2023-10-17,"[0.0, 0.0, 0.0, 0.0, 0.0, 0.0, 0.0, 0.0, 0.0, 0.0, 0.0, 0.0, 0.0, 0.0, 0.0, 0.0, 0.0, 0.0, 0.0, 0.0, 0.0, 0.0, 1.0, 0.0, 0.0, 0.0, 0.0, 0.0, 0.0, 0.0, 0.0]"
hMpxV/Portugal/INSA-PT0780/2023|EPI_ISL_18702234|2023-10-29,"[0.0, 0.0, 0.0, 0.0, 0.0, 0.0, 0.0, 0.0, 0.0, 0.0, 0.0, 0.0, 0.0, 0.0, 0.0, 0.0, 0.0, 0.0, 0.0, 0.0, 0.0, 0.0, 1.0, 0.0, 0.0, 0.0, 0.0, 0.0, 0.0, 0.0, 0.0]"
NODE_0000103,"[1.3189869109570271e-14, 2.2727095131359392e-14, 1.2687376743890455e-12, 2.334719714782576e-14, 2.0178139038676376e-14, 2.2995674018793102e-14, 2.2747811410769874e-14, 2.2685993986402835e-14, 2.3084242284987066e-14, 1.1300606267360997e-13, 2.244174347371165e-14, 2.2948157246691263e-14, 2.1308785316268392e-14, 8.394053776601549e-13, 1.3001594771328692e-14, 1.5351333063934026e-14, 8.9572292888303e-13, 2.294815724672541e-14, 2.2948157246712578e-14, 7.382565797676319e-14, 4.47843884709529e-14, 2.306721564069204e-14, 0.9999999999092517, 2.2688659161481153e-14, 8.695844364281144e-11, 2.1702978828120618e-14, 1.819113137612169e-14, 2.1989237800872756e-14, 2.095218525392984e-14, 9.154023329066654e-14, 2.2573589324997616e-14]"
hMpxV/Portugal/INSA-PT0757/2023|EPI_ISL_18702211|2023-10-04,"[0.0, 0.0, 0.0, 0.0, 0.0, 0.0, 0.0, 0.0, 0.0, 0.0, 0.0, 0.0, 0.0, 0.0, 0.0, 0.0, 0.0, 0.0, 0.0, 0.0, 0.0, 0.0, 1.0, 0.0, 0.0, 0.0, 0.0, 0.0, 0.0, 0.0, 0.0]"
hMpxV/Portugal/INSA-PT0750/2023|EPI_ISL_18702235|2023-10-02,"[0.0, 0.0, 0.0, 0.0, 0.0, 0.0, 0.0, 0.0, 0.0, 0.0, 0.0, 0.0, 0.0, 0.0, 0.0, 0.0, 0.0, 0.0, 0.0, 0.0, 0.0, 0.0, 0.9999999999999999, 0.0, 0.0, 0.0, 0.0, 0.0, 0.0, 0.0, 0.0]"
hMpxV/Portugal/INSA-PT0775/2023|EPI_ISL_18702253|2023-10-19,"[0.0, 0.0, 0.0, 0.0, 0.0, 0.0, 0.0, 0.0, 0.0, 0.0, 0.0, 0.0, 0.0, 0.0, 0.0, 0.0, 0.0, 0.0, 0.0, 0.0, 0.0, 0.0, 1.0, 0.0, 0.0, 0.0, 0.0, 0.0, 0.0, 0.0, 0.0]"
NODE_0000009,"[1.193207965816766e-10, 2.9448151459058574e-11, 3.5243221906752025e-11, 2.9794937287102786e-11, 2.7078311624314615e-11, 2.961555172389728e-11, 2.96063191929392e-11, 2.330787815701359e-10, 4.5564174221697405e-10, 2.9592826693743643e-11, 6.205923350784602e-11, 2.9726167562467334e-11, 3.294189347722226e-10, 2.9028647383534085e-11, 2.7019370523070903e-10, 2.186762107769939e-11, 1.3363613987520405e-10, 2.97261675625194e-11, 2.9726167562481745e-11, 2.75688529808355e-11, 3.4301979170474925e-11, 5.203027386514303e-11, 1.0323694846856035e-08, 2.331919678264474e-10, 0.9999999863372497, 2.8699963577794143e-11, 3.6476064632471374e-10, 2.910633799885375e-11, 1.3625549236368426e-10, 2.6817143508114742e-11, 4.525195025704404e-10]"
hMpxV/China/SZ-CDC/Strain004,"[0.0, 0.0, 0.0, 0.0, 0.0, 0.0, 0.0, 0.0, 0.0, 0.0, 0.0, 0.0, 0.0, 0.0, 0.0, 0.0, 0.0, 0.0, 0.0, 0.0, 0.0, 0.0, 0.0, 0.0, 0.9999999999999999, 0.0, 0.0, 0.0, 0.0, 0.0, 0.0]"
NODE_0000010,"[7.349446531961748e-10, 1.893887646962384e-10, 2.2770080771939136e-10, 1.9185982909055e-10, 1.7430092945715444e-10, 1.9046541619434152e-10, 1.9026957299810122e-10, 1.4113580963749027e-09, 2.7239132402129166e-09, 1.9133224427526568e-10, 3.889113030390483e-10, 1.9105504037373924e-10, 1.9797790512178614e-09, 1.9020970750794646e-10, 1.626822507520294e-09, 1.4103728888959622e-10, 8.272438662671799e-10, 1.9105504037403886e-10, 1.910550403738456e-10, 1.783473995665353e-10, 2.0986146655847003e-10, 3.2948527924439153e-10, 5.858158688472178e-08, 1.4124620352449525e-09, 0.9999999210573948, 1.8433961036174058e-10, 2.192623342350184e-09, 1.8700114517085538e-10, 8.36103028961921e-10, 1.7359410276150614e-10, 2.7044986166506187e-09]"
NODE_0000011,"[3.2512994272054925e-10, 8.056186777670779e-11, 9.649042120890221e-11, 8.152192086584942e-11, 7.408577544059156e-11, 8.101942228196057e-11, 8.098860983357223e-11, 6.343295984399441e-10, 1.2391893999253841e-09, 8.101044911999505e-11, 1.6935735739012504e-10, 8.13168276488505e-11, 8.961250920388162e-10, 7.959691657869831e-11, 7.351380164668341e-10, 5.98393794432132e-11, 3.643971975169026e-10, 8.131682764896091e-11, 8.13168276488863e-11, 7.547056753071916e-11, 9.33714125866808e-11, 1.4213047583550254e-10, 2.810970758621541e-08, 6.34660302100326e-10, 0.9999999627961309, 7.85037801489856e-11, 9.923707042903083e-10, 7.961949584095652e-11, 3.7118581591382676e-10, 7.341063259381247e-11, 1.2307064584142767e-09]"
hMpxV/China/SZ-CDC/Strain003,"[0.0, 0.0, 0.0, 0.0, 0.0, 0.0, 0.0, 0.0, 0.0, 0.0, 0.0, 0.0, 0.0, 0.0, 0.0, 0.0, 0.0, 0.0, 0.0, 0.0, 0.0, 0.0, 0.0, 0.0, 0.9999999999999999, 0.0, 0.0, 0.0, 0.0, 0.0, 0.0]"
hMpxV/China/SZ-CDC/Strain006,"[0.0, 0.0, 0.0, 0.0, 0.0, 0.0, 0.0, 0.0, 0.0, 0.0, 0.0, 0.0, 0.0, 0.0, 0.0, 0.0, 0.0, 0.0, 0.0, 0.0, 0.0, 0.0, 0.0, 0.0, 1.0, 0.0, 0.0, 0.0, 0.0, 0.0, 0.0]"
NODE_0000013,"[1.471940873920072e-07, 3.983856348859135e-08, 4.8158460179786165e-08, 4.0416487311290216e-08, 3.6702493319242994e-08, 4.006464138289688e-08, 3.99909194973506e-08, 2.771828211318279e-07, 5.269789256975827e-07, 4.0495535228273885e-08, 7.943398982543643e-08, 4.015938141153136e-08, 3.854232853086412e-07, 4.0892505815981896e-08, 3.1737552724406844e-07, 2.976496922059315e-08, 1.6660332371791723e-07, 4.015938141153628e-08, 4.015938141153265e-08, 3.7770230535730526e-08, 4.1697563105162e-08, 6.810051135404553e-08, 1.0567055581519404e-05, 2.7749156046946523e-07, 0.9999853993943889, 3.871888932155911e-08, 4.2692781717520024e-07, 3.9291010254505026e-08, 1.6673103557838507e-07, 3.678705683866282e-08, 5.230396752355347e-07]"
hMpxV/China/SZ-CDC/Strain043,"[0.0, 0.0, 0.0, 0.0, 0.0, 0.0, 0.0, 0.0, 0.0, 0.0, 0.0, 0.0, 0.0, 0.0, 0.0, 0.0, 0.0, 0.0, 0.0, 0.0, 0.0, 0.0, 0.0, 0.0, 1.0, 0.0, 0.0, 0.0, 0.0, 0.0, 0.0]"
NODE_0000014,"[4.3093833354332535e-08, 1.1312064519921066e-08, 1.3652104777148152e-08, 1.1466688151770602e-08, 1.0415399670068178e-08, 1.1376129535709121e-08, 1.1360922342821648e-08, 8.223829276638065e-08, 1.5804887619355782e-07, 1.1462704871123722e-08, 2.2968227352952154e-08, 1.140806231864308e-08, 1.1506270958443945e-07, 1.1482305380685097e-08, 9.462419229329988e-08, 8.434355444777373e-09, 4.8664387905506126e-08, 1.1408062318645745e-08, 1.1408062318643925e-08, 1.068511608997006e-08, 1.2255672159889134e-08, 1.954766543076122e-08, 3.3633817895937656e-06, 8.231528809836553e-08, 0.9999954460047878, 1.1003504172282186e-08, 1.274732451426545e-07, 1.1164787001087739e-08, 4.89641731246902e-08, 1.0399622331770589e-08, 1.569169678139036e-07]"
hMpxV/China/SZ-CDC/Strain055,"[0.0, 0.0, 0.0, 0.0, 0.0, 0.0, 0.0, 0.0, 0.0, 0.0, 0.0, 0.0, 0.0, 0.0, 0.0, 0.0, 0.0, 0.0, 0.0, 0.0, 0.0, 0.0, 0.0, 0.0, 0.9999999999999999, 0.0, 0.0, 0.0, 0.0, 0.0, 0.0]"
hMpxV/China/SZ-CDC/Strain070,"[0.0, 0.0, 0.0, 0.0, 0.0, 0.0, 0.0, 0.0, 0.0, 0.0, 0.0, 0.0, 0.0, 0.0, 0.0, 0.0, 0.0, 0.0, 0.0, 0.0, 0.0, 0.0, 0.0, 0.0, 0.9999999999999999, 0.0, 0.0, 0.0, 0.0, 0.0, 0.0]"
NODE_0000093,"[1.4779868794456139e-06, 4.98736067752852e-07, 5.93649366761111e-07, 5.083168188083228e-07, 4.6085843092031324e-07, 5.01839673835824e-07, 4.990989370842242e-07, 2.4984484915281732e-06, 4.345594651404877e-06, 5.124615362133444e-07, 8.755140712982152e-07, 5.015779735203336e-07, 3.302121974194862e-06, 5.321628445369487e-07, 2.744892198474877e-06, 3.780341121949607e-07, 1.6765321324567467e-06, 5.015779735203926e-07, 5.015779735203435e-07, 4.8164134709559e-07, 4.176773048633596e-07, 7.897951876130405e-07, 5.738847282449983e-05, 2.5037355381904213e-06, 0.9999044836654305, 4.825167987053605e-07, 3.646870861315186e-06, 4.891477359107342e-07, 1.630203856161517e-06, 4.7444670966922643e-07, 4.300844297944353e-06]"
NODE_0000094,"[2.3412733142631786e-08, 6.959569934440504e-09, 8.45466853610102e-09, 7.078651187167273e-09, 6.421767148603938e-09, 6.999781259448907e-09, 6.97649304545804e-09, 4.2417492171334946e-08, 7.840746726658797e-08, 7.1397157008925354e-09, 1.3134654443747383e-08, 7.00753575758917e-09, 5.800319891885408e-08, 7.371302857233061e-09, 4.799196471791534e-08, 5.228207046275473e-09, 2.6781473926826242e-08, 7.0075357576019295e-09, 7.007535757592746e-09, 6.6704685276847565e-09, 6.5563505704819715e-09, 1.1517152640925633e-08, 1.4467315676253508e-06, 4.2498711065068594e-08, 0.9999979236846487, 6.747491879095262e-09, 6.434184497855916e-08, 6.850453503065142e-09, 2.6302056153217322e-08, 6.5053798057278416e-09, 7.779212601666508e-08]"
hMpxV/China/SZ-CDC/Strain078,"[0.0, 0.0, 0.0, 0.0, 0.0, 0.0, 0.0, 0.0, 0.0, 0.0, 0.0, 0.0, 0.0, 0.0, 0.0, 0.0, 0.0, 0.0, 0.0, 0.0, 0.0, 0.0, 0.0, 0.0, 1.0, 0.0, 0.0, 0.0, 0.0, 0.0, 0.0]"
hMpxV/China/SZ-CDC/Strain116,"[0.0, 0.0, 0.0, 0.0, 0.0, 0.0, 0.0, 0.0, 0.0, 0.0, 0.0, 0.0, 0.0, 0.0, 0.0, 0.0, 0.0, 0.0, 0.0, 0.0, 0.0, 0.0, 0.0, 0.0, 1.0, 0.0, 0.0, 0.0, 0.0, 0.0, 0.0]"
NODE_0000095,"[7.516481507707327e-11, 1.2229664530436976e-11, 1.756611888012968e-11, 1.2389641570777068e-11, 1.1240296130993838e-11, 1.2257769576832017e-11, 1.2354756590285876e-11, 1.9602418113940494e-10, 5.061650811766023e-10, 1.2848289936900633e-11, 3.249490621606916e-11, 1.2368658141019293e-11, 3.223322164503502e-10, 1.3891361294331544e-11, 2.639323786837881e-10, 8.731452969771612e-12, 9.486312597831232e-11, 1.2368658141032707e-11, 1.2368658141022653e-11, 1.1521495680057298e-11, 1.8208056649571894e-11, 2.5116838157665552e-11, 5.899882793595622e-08, 1.968825102937513e-10, 0.9999999380952886, 1.19229145400881e-11, 3.7327422311516164e-10, 1.2309479422150936e-11, 9.397505453007027e-11, 1.028535348343397e-11, 5.107955222401217e-10]"
hMpxV/China/SZ-CDC/Strain188,"[0.0, 0.0, 0.0, 0.0, 0.0, 0.0, 0.0, 0.0, 0.0, 0.0, 0.0, 0.0, 0.0, 0.0, 0.0, 0.0, 0.0, 0.0, 0.0, 0.0, 0.0, 0.0, 0.0, 0.0, 1.0, 0.0, 0.0, 0.0, 0.0, 0.0, 0.0]"
NODE_0000100,"[1.8432117580979025e-06, 6.497283871013809e-07, 7.842167652479356e-07, 6.633878175571789e-07, 6.011403941600127e-07, 6.536803203760399e-07, 6.496555994857754e-07, 3.0804614623566735e-06, 5.326748310355971e-06, 6.738248961091847e-07, 1.1099296612621197e-06, 6.528747121881207e-07, 4.055353119098772e-06, 7.156499795101544e-07, 3.378244569889551e-06, 4.937972294419481e-07, 2.11614971252679e-06, 6.528747121883324e-07, 6.528747121882077e-07, 6.32863327305803e-07, 5.118518004127385e-07, 1.0126881879549681e-06, 6.999487753821972e-05, 3.088590587570061e-06, 0.9998823292689778, 6.274647588849634e-07, 4.486757885497915e-06, 6.367470848309888e-07, 2.0298493864136344e-06, 6.221468558846252e-07, 5.2730894899459146e-06]"
hMpxV/China/SZ-CDC/Strain107,"[0.0, 0.0, 0.0, 0.0, 0.0, 0.0, 0.0, 0.0, 0.0, 0.0, 0.0, 0.0, 0.0, 0.0, 0.0, 0.0, 0.0, 0.0, 0.0, 0.0, 0.0, 0.0, 0.0, 0.0, 0.9999999999999999, 0.0, 0.0, 0.0, 0.0, 0.0, 0.0]"
hMpxV/China/SZ-CDC/Strain119,"[0.0, 0.0, 0.0, 0.0, 0.0, 0.0, 0.0, 0.0, 0.0, 0.0, 0.0, 0.0, 0.0, 0.0, 0.0, 0.0, 0.0, 0.0, 0.0, 0.0, 0.0, 0.0, 0.0, 0.0, 0.9999999999999999, 0.0, 0.0, 0.0, 0.0, 0.0, 0.0]"
NODE_0000099,"[2.7971972283806315e-07, 2.134748611878948e-10, 3.814119257762336e-10, 2.1579188214311853e-10, 1.9414219352979076e-10, 2.1420872352246138e-10, 2.160664820575317e-10, 2.269179353676196e-09, 4.990750537698715e-09, 2.1987364126351404e-10, 4.962069930427607e-10, 2.1645876515496862e-10, 3.3752620818500804e-09, 2.2592157591568898e-10, 3.676810950152033e-09, 1.4810284551272823e-10, 1.181672650515628e-09, 2.164587651551722e-10, 2.164587651550595e-10, 1.9647178497632512e-10, 3.7401282273802876e-10, 3.894754446627406e-10, 2.191332033499984e-07, 2.2752303952271293e-09, 0.999999468716819, 2.084118259074852e-10, 3.599498105284642e-09, 2.1468539844754152e-10, 1.1930500594156283e-09, 2.8779925360712584e-10, 5.023366537823799e-09]"
hMpxV/China/SZ-CDC/Strain096,"[0.0, 0.0, 0.0, 0.0, 0.0, 0.0, 0.0, 0.0, 0.0, 0.0, 0.0, 0.0, 0.0, 0.0, 0.0, 0.0, 0.0, 0.0, 0.0, 0.0, 0.0, 0.0, 0.0, 0.0, 1.0, 0.0, 0.0, 0.0, 0.0, 0.0, 0.0]"
hMpxV/China/SZ-CDC/Strain117,"[0.0, 0.0, 0.0, 0.0, 0.0, 0.0, 0.0, 0.0, 0.0, 0.0, 0.0, 0.0, 0.0, 0.0, 0.0, 0.0, 0.0, 0.0, 0.0, 0.0, 0.0, 0.0, 0.0, 0.0, 1.0, 0.0, 0.0, 0.0, 0.0, 0.0, 0.0]"
hMpxV/China/SZ-CDC/Strain190,"[0.0, 0.0, 0.0, 0.0, 0.0, 0.0, 0.0, 0.0, 0.0, 0.0, 0.0, 0.0, 0.0, 0.0, 0.0, 0.0, 0.0, 0.0, 0.0, 0.0, 0.0, 0.0, 0.0, 0.0, 0.9999999999999999, 0.0, 0.0, 0.0, 0.0, 0.0, 0.0]"
hMpxV/Australia/VIC-VIDRL-6948/2024|EPI_ISL_19459747|2024-05-06,"[1.0, 0.0, 0.0, 0.0, 0.0, 0.0, 0.0, 0.0, 0.0, 0.0, 0.0, 0.0, 0.0, 0.0, 0.0, 0.0, 0.0, 0.0, 0.0, 0.0, 0.0, 0.0, 0.0, 0.0, 0.0, 0.0, 0.0, 0.0, 0.0, 0.0, 0.0]"
NODE_0000097,"[9.319869718677088e-12, 1.20013290601215e-12, 1.949126913219708e-12, 1.2192269983204814e-12, 1.1036884561354583e-12, 1.20008717539122e-12, 1.2157011300545576e-12, 2.8902796533209066e-11, 8.857206290214808e-11, 1.3047903887411895e-12, 3.6335429253887954e-12, 1.2147389549049522e-12, 5.212632634838459e-11, 1.5219093592636827e-12, 4.285583133859367e-11, 8.350694578231324e-13, 1.2830230807975133e-11, 1.2147389549064559e-12, 1.214738954905286e-12, 1.1404046787732035e-12, 1.9795314288202753e-12, 2.6916235786695673e-12, 2.8641103326866462e-08, 2.9132282796129344e-11, 0.9999999709020063, 1.1685938432076637e-12, 6.244749352693997e-11, 1.2229586802560804e-12, 1.234877279454089e-11, 9.551492204042546e-13, 9.036895749868918e-11]"
hMpxV/China/SZ-CDC/Strain106,"[0.0, 0.0, 0.0, 0.0, 0.0, 0.0, 0.0, 0.0, 0.0, 0.0, 0.0, 0.0, 0.0, 0.0, 0.0, 0.0, 0.0, 0.0, 0.0, 0.0, 0.0, 0.0, 0.0, 0.0, 1.0, 0.0, 0.0, 0.0, 0.0, 0.0, 0.0]"
hMpxV/China/SZ-CDC/Strain110,"[0.0, 0.0, 0.0, 0.0, 0.0, 0.0, 0.0, 0.0, 0.0, 0.0, 0.0, 0.0, 0.0, 0.0, 0.0, 0.0, 0.0, 0.0, 0.0, 0.0, 0.0, 0.0, 0.0, 0.0, 1.0, 0.0, 0.0, 0.0, 0.0, 0.0, 0.0]"
hMpxV/China/SZ-CDC/Strain111,"[0.0, 0.0, 0.0, 0.0, 0.0, 0.0, 0.0, 0.0, 0.0, 0.0, 0.0, 0.0, 0.0, 0.0, 0.0, 0.0, 0.0, 0.0, 0.0, 0.0, 0.0, 0.0, 0.0, 0.0, 1.0, 0.0, 0.0, 0.0, 0.0, 0.0, 0.0]"
hMpxV/China/SZ-CDC/Strain114,"[0.0, 0.0, 0.0, 0.0, 0.0, 0.0, 0.0, 0.0, 0.0, 0.0, 0.0, 0.0, 0.0, 0.0, 0.0, 0.0, 0.0, 0.0, 0.0, 0.0, 0.0, 0.0, 0.0, 0.0, 1.0, 0.0, 0.0, 0.0, 0.0, 0.0, 0.0]"
hMpxV/China/SZ-CDC/Strain120,"[0.0, 0.0, 0.0, 0.0, 0.0, 0.0, 0.0, 0.0, 0.0, 0.0, 0.0, 0.0, 0.0, 0.0, 0.0, 0.0, 0.0, 0.0, 0.0, 0.0, 0.0, 0.0, 0.0, 0.0, 1.0, 0.0, 0.0, 0.0, 0.0, 0.0, 0.0]"
NODE_0000098,"[6.018509597275784e-10, 1.6655284468668525e-10, 2.0051832907997005e-10, 1.6903109148463452e-10, 1.5347272969714723e-10, 1.6751298977459843e-10, 1.6714556968803457e-10, 1.1198408399973019e-09, 2.107922323689998e-09, 1.693014979111718e-10, 3.2798410852413494e-10, 1.6786577691753665e-10, 1.5483189364279474e-09, 1.7093702931127894e-10, 1.2762774800118167e-09, 1.2460785205895073e-10, 6.806764971579423e-10, 1.678657769180275e-10, 1.6786577691769715e-10, 1.5807181882877537e-10, 1.706540470614369e-10, 2.8260648356691515e-10, 4.158003176255228e-08, 1.1211972931854117e-09, 0.9999999420661183, 1.6181886740089475e-10, 1.7144258818154502e-09, 1.641751288231636e-10, 6.796735330854617e-10, 1.541851922211562e-10, 2.0914934595475445e-09]"
hMpxV/China/SZ-CDC/Strain092,"[0.0, 0.0, 0.0, 0.0, 0.0, 0.0, 0.0, 0.0, 0.0, 0.0, 0.0, 0.0, 0.0, 0.0, 0.0, 0.0, 0.0, 0.0, 0.0, 0.0, 0.0, 0.0, 0.0, 0.0, 0.9999999999999999, 0.0, 0.0, 0.0, 0.0, 0.0, 0.0]"
hMpxV/China/SZ-CDC/Strain101,"[0.0, 0.0, 0.0, 0.0, 0.0, 0.0, 0.0, 0.0, 0.0, 0.0, 0.0, 0.0, 0.0, 0.0, 0.0, 0.0, 0.0, 0.0, 0.0, 0.0, 0.0, 0.0, 0.0, 0.0, 1.0, 0.0, 0.0, 0.0, 0.0, 0.0, 0.0]"
NODE_0000055,"[3.269851682632489e-33, 6.577424154891848e-36, 1.7439310057941748e-35, 6.336257766615945e-36, 5.610418402206921e-36, 6.471379391858604e-36, 7.090345820625303e-36, 1.3848790165989935e-31, 3.487871905242339e-30, 7.075899362452709e-36, 2.4545772476628366e-34, 6.957261283508892e-36, 7.935544495438914e-31, 7.444028076938253e-36, 5.019221596214054e-31, 2.948632453189658e-36, 7.84003783133586e-33, 6.957261283508635e-36, 6.957261283496667e-36, 4.772016923056849e-36, 4.131266899814392e-34, 6.877063113770757e-35, 5.500326795388544e-23, 1.398157645662059e-31, 1.0, 6.776793952146584e-36, 1.087660748265179e-30, 7.70087760817739e-36, 1.0137289838948734e-32, 1.5315646773033116e-36, 4.55588603495893e-26]"
hMpxV/China/SZ-CDC/Strain030,"[0.0, 0.0, 0.0, 0.0, 0.0, 0.0, 0.0, 0.0, 0.0, 0.0, 0.0, 0.0, 0.0, 0.0, 0.0, 0.0, 0.0, 0.0, 0.0, 0.0, 0.0, 0.0, 0.0, 0.0, 1.0, 0.0, 0.0, 0.0, 0.0, 0.0, 0.0]"
hMpxV/China/SZ-CDC/Strain034,"[0.0, 0.0, 0.0, 0.0, 0.0, 0.0, 0.0, 0.0, 0.0, 0.0, 0.0, 0.0, 0.0, 0.0, 0.0, 0.0, 0.0, 0.0, 0.0, 0.0, 0.0, 0.0, 0.0, 0.0, 1.0, 0.0, 0.0, 0.0, 0.0, 0.0, 0.0]"
hMpxV/China/SZ-CDC/Strain048,"[0.0, 0.0, 0.0, 0.0, 0.0, 0.0, 0.0, 0.0, 0.0, 0.0, 0.0, 0.0, 0.0, 0.0, 0.0, 0.0, 0.0, 0.0, 0.0, 0.0, 0.0, 0.0, 0.0, 0.0, 1.0, 0.0, 0.0, 0.0, 0.0, 0.0, 0.0]"
hMpxV/China/SZ-CDC/Strain057,"[0.0, 0.0, 0.0, 0.0, 0.0, 0.0, 0.0, 0.0, 0.0, 0.0, 0.0, 0.0, 0.0, 0.0, 0.0, 0.0, 0.0, 0.0, 0.0, 0.0, 0.0, 0.0, 0.0, 0.0, 1.0, 0.0, 0.0, 0.0, 0.0, 0.0, 0.0]"
hMpxV/China/SZ-CDC/Strain083,"[0.0, 0.0, 0.0, 0.0, 0.0, 0.0, 0.0, 0.0, 0.0, 0.0, 0.0, 0.0, 0.0, 0.0, 0.0, 0.0, 0.0, 0.0, 0.0, 0.0, 0.0, 0.0, 0.0, 0.0, 1.0, 0.0, 0.0, 0.0, 0.0, 0.0, 0.0]"
hMpxV/China/SZ-CDC/Strain132,"[0.0, 0.0, 0.0, 0.0, 0.0, 0.0, 0.0, 0.0, 0.0, 0.0, 0.0, 0.0, 0.0, 0.0, 0.0, 0.0, 0.0, 0.0, 0.0, 0.0, 0.0, 0.0, 0.0, 0.0, 1.0, 0.0, 0.0, 0.0, 0.0, 0.0, 0.0]"
hMpxV/China/SZ-CDC/Strain144,"[0.0, 0.0, 0.0, 0.0, 0.0, 0.0, 0.0, 0.0, 0.0, 0.0, 0.0, 0.0, 0.0, 0.0, 0.0, 0.0, 0.0, 0.0, 0.0, 0.0, 0.0, 0.0, 0.0, 0.0, 1.0, 0.0, 0.0, 0.0, 0.0, 0.0, 0.0]"
hMpxV/China/SZ-CDC/Strain156,"[0.0, 0.0, 0.0, 0.0, 0.0, 0.0, 0.0, 0.0, 0.0, 0.0, 0.0, 0.0, 0.0, 0.0, 0.0, 0.0, 0.0, 0.0, 0.0, 0.0, 0.0, 0.0, 0.0, 0.0, 1.0, 0.0, 0.0, 0.0, 0.0, 0.0, 0.0]"
hMpxV/China/SZ-CDC/Strain182,"[0.0, 0.0, 0.0, 0.0, 0.0, 0.0, 0.0, 0.0, 0.0, 0.0, 0.0, 0.0, 0.0, 0.0, 0.0, 0.0, 0.0, 0.0, 0.0, 0.0, 0.0, 0.0, 0.0, 0.0, 1.0, 0.0, 0.0, 0.0, 0.0, 0.0, 0.0]"
hMpxV/China/SZ-CDC/Strain195,"[0.0, 0.0, 0.0, 0.0, 0.0, 0.0, 0.0, 0.0, 0.0, 0.0, 0.0, 0.0, 0.0, 0.0, 0.0, 0.0, 0.0, 0.0, 0.0, 0.0, 0.0, 0.0, 0.0, 0.0, 1.0, 0.0, 0.0, 0.0, 0.0, 0.0, 0.0]"
hMpxV/China/YN-CDC-0001/2023|EPI_ISL_18059182|2023-06-27,"[0.0, 0.0, 0.0, 0.0, 0.0, 0.0, 0.0, 0.0, 0.0, 0.0, 0.0, 0.0, 0.0, 0.0, 0.0, 0.0, 0.0, 0.0, 0.0, 0.0, 0.0, 0.0, 0.0, 0.0, 0.0, 0.0, 0.0, 0.0, 0.0, 0.0, 1.0]"
NODE_0000057,"[9.645468780272264e-11, 2.472869922754967e-11, 2.96861731650158e-11, 2.5046330044005015e-11, 2.2755602462276937e-11, 2.4869498786877156e-11, 2.4846169602197757e-11, 1.8540365358030627e-10, 3.578151665801359e-10, 2.4956431042103582e-11, 5.0947023765042756e-11, 2.4948623766859247e-11, 2.601035957775915e-10, 2.4747107215172356e-11, 2.136886829070279e-10, 1.8409194201669277e-11, 1.0841663708459531e-10, 2.494862376694709e-11, 2.4948623766883555e-11, 2.3263616555619504e-11, 2.7585224512462844e-11, 4.310580152164017e-11, 7.574907848453853e-09, 1.8553772968933635e-10, 0.9999999897537687, 2.4074267040645686e-11, 2.879867940213858e-10, 2.4419623359559602e-11, 1.0974387528177466e-10, 2.2646208005817266e-11, 3.552397590560945e-10]"
hMpxV/China/SZ-CDC/Strain039,"[0.0, 0.0, 0.0, 0.0, 0.0, 0.0, 0.0, 0.0, 0.0, 0.0, 0.0, 0.0, 0.0, 0.0, 0.0, 0.0, 0.0, 0.0, 0.0, 0.0, 0.0, 0.0, 0.0, 0.0, 0.9999999999999999, 0.0, 0.0, 0.0, 0.0, 0.0, 0.0]"
hMpxV/China/SZ-CDC/Strain080,"[0.0, 0.0, 0.0, 0.0, 0.0, 0.0, 0.0, 0.0, 0.0, 0.0, 0.0, 0.0, 0.0, 0.0, 0.0, 0.0, 0.0, 0.0, 0.0, 0.0, 0.0, 0.0, 0.0, 0.0, 0.9999999999999999, 0.0, 0.0, 0.0, 0.0, 0.0, 0.0]"
NODE_0000060,"[1.3713235398948676e-10, 3.57373814065165e-11, 4.295166663761467e-11, 3.6212872067197976e-11, 3.289626483653905e-11, 3.5941108056836485e-11, 3.589769883638533e-11, 2.618301595753784e-10, 5.027331802289411e-10, 3.613057378532169e-11, 7.291353050530426e-11, 3.604696218034481e-11, 3.662261255927468e-10, 3.5987633627248493e-11, 3.0108727903396396e-10, 2.663309324165759e-11, 1.5438610224488326e-10, 3.60469621804716e-11, 3.60469621803802e-11, 3.368919800735443e-11, 3.9130095513223534e-11, 6.193452228612048e-11, 1.0417313067196714e-08, 2.62048042083855e-10, 0.9999999857998382, 3.4775572218593e-11, 4.0550474130529335e-10, 3.527720345723251e-11, 1.5579047366986042e-10, 3.280559697733312e-11, 4.990556159277982e-10]"
hMpxV/China/SZ-CDC/Strain056,"[0.0, 0.0, 0.0, 0.0, 0.0, 0.0, 0.0, 0.0, 0.0, 0.0, 0.0, 0.0, 0.0, 0.0, 0.0, 0.0, 0.0, 0.0, 0.0, 0.0, 0.0, 0.0, 0.0, 0.0, 0.9999999999999999, 0.0, 0.0, 0.0, 0.0, 0.0, 0.0]"
hMpxV/China/SZ-CDC/Strain164,"[0.0, 0.0, 0.0, 0.0, 0.0, 0.0, 0.0, 0.0, 0.0, 0.0, 0.0, 0.0, 0.0, 0.0, 0.0, 0.0, 0.0, 0.0, 0.0, 0.0, 0.0, 0.0, 0.0, 0.0, 0.9999999999999999, 0.0, 0.0, 0.0, 0.0, 0.0, 0.0]"
NODE_0000056,"[3.0014040561880104e-09, 7.727222861213821e-10, 9.283011904713619e-10, 7.827529352775105e-10, 7.111370725274117e-10, 7.771185071139589e-10, 7.76334853701816e-10, 5.760452727506949e-09, 1.1104873775098067e-08, 7.803340211165629e-10, 1.5879248572322278e-09, 7.795399967531824e-10, 8.076038020074219e-09, 7.750513117880811e-10, 6.6360458262924705e-09, 5.754155435881268e-10, 3.3756678820182047e-09, 7.795399967537944e-10, 7.795399967533841e-10, 7.27420048377785e-10, 8.576440154447505e-10, 1.344911176935566e-09, 2.3404587617918112e-07, 5.7647945647648965e-09, 0.9999996828952125, 7.521665602166642e-10, 8.942124374079835e-09, 7.629891134545141e-10, 3.4138238640744476e-09, 7.08121553336958e-10, 1.1024721204885565e-08]"
hMpxV/China/SZ-CDC/Strain033,"[0.0, 0.0, 0.0, 0.0, 0.0, 0.0, 0.0, 0.0, 0.0, 0.0, 0.0, 0.0, 0.0, 0.0, 0.0, 0.0, 0.0, 0.0, 0.0, 0.0, 0.0, 0.0, 0.0, 0.0, 1.0, 0.0, 0.0, 0.0, 0.0, 0.0, 0.0]"
hMpxV/China/SZ-CDC/Strain053,"[0.0, 0.0, 0.0, 0.0, 0.0, 0.0, 0.0, 0.0, 0.0, 0.0, 0.0, 0.0, 0.0, 0.0, 0.0, 0.0, 0.0, 0.0, 0.0, 0.0, 0.0, 0.0, 0.0, 0.0, 1.0, 0.0, 0.0, 0.0, 0.0, 0.0, 0.0]"
NODE_0000058,"[1.664040235296998e-08, 4.690846907563971e-09, 5.673635159935e-09, 4.763792595643026e-09, 4.324600299666649e-09, 4.7176895971512974e-09, 4.7058757031995124e-09, 3.0774636040664516e-08, 5.76743599351715e-08, 4.784604541812533e-09, 9.132153671172424e-09, 4.726189595356801e-09, 4.2439134458735756e-08, 4.873219978262945e-09, 3.5009089258245355e-08, 3.513953902024835e-09, 1.8884662161213152e-08, 4.726189595365213e-09, 4.726189595359113e-09, 4.466894733508647e-09, 4.6949387331857784e-09, 7.905148183633473e-09, 1.0800768372540408e-06, 3.081645052060789e-08, 0.9999984687325633, 4.554321785828588e-09, 4.700309757871776e-08, 4.621927107085574e-09, 1.876989688236564e-08, 4.355901057528562e-09, 5.722079736692775e-08]"
hMpxV/China/SZ-CDC/Strain044,"[0.0, 0.0, 0.0, 0.0, 0.0, 0.0, 0.0, 0.0, 0.0, 0.0, 0.0, 0.0, 0.0, 0.0, 0.0, 0.0, 0.0, 0.0, 0.0, 0.0, 0.0, 0.0, 0.0, 0.0, 1.0, 0.0, 0.0, 0.0, 0.0, 0.0, 0.0]"
hMpxV/China/SZ-CDC/Strain082,"[0.0, 0.0, 0.0, 0.0, 0.0, 0.0, 0.0, 0.0, 0.0, 0.0, 0.0, 0.0, 0.0, 0.0, 0.0, 0.0, 0.0, 0.0, 0.0, 0.0, 0.0, 0.0, 0.0, 0.0, 1.0, 0.0, 0.0, 0.0, 0.0, 0.0, 0.0]"
NODE_0000061,"[1.782861772926488e-07, 4.9799890502692886e-08, 6.027357527978815e-08, 5.0564372910104266e-08, 4.5906107468236774e-08, 5.008369798908847e-08, 4.9965678257802394e-08, 3.3117416650556897e-07, 6.228473888174983e-07, 5.0773285406485694e-08, 9.746262111580542e-08, 5.017980014527865e-08, 4.5762821695811363e-07, 5.166067915540038e-08, 3.7735223047043306e-07, 3.728430815812099e-08, 2.0228265548507404e-07, 5.017980014528648e-08, 5.017980014528031e-08, 4.7387119568179816e-08, 5.031829482537385e-08, 8.418792891626226e-08, 1.184797507528095e-05, 3.3160738390510947e-07, 0.9999833048082887, 4.8359527564855577e-08, 5.068756716664574e-07, 4.907885783569496e-08, 2.0131502535601444e-07, 4.619028632406178e-08, 6.180120879294944e-07]"
hMpxV/China/SZ-CDC/Strain128,"[0.0, 0.0, 0.0, 0.0, 0.0, 0.0, 0.0, 0.0, 0.0, 0.0, 0.0, 0.0, 0.0, 0.0, 0.0, 0.0, 0.0, 0.0, 0.0, 0.0, 0.0, 0.0, 0.0, 0.0, 0.9999999999999999, 0.0, 0.0, 0.0, 0.0, 0.0, 0.0]"
hMpxV/China/SZ-CDC/Strain140,"[0.0, 0.0, 0.0, 0.0, 0.0, 0.0, 0.0, 0.0, 0.0, 0.0, 0.0, 0.0, 0.0, 0.0, 0.0, 0.0, 0.0, 0.0, 0.0, 0.0, 0.0, 0.0, 0.0, 0.0, 0.9999999999999999, 0.0, 0.0, 0.0, 0.0, 0.0, 0.0]"
NODE_0000063,"[1.0686611215941822e-35, 3.0616532968694425e-38, 7.773124414437815e-37, 2.949375993194784e-38, 2.713527683408128e-38, 3.0059180440528214e-38, 3.296979872187886e-38, 3.8936246590304765e-34, 8.538383390898379e-33, 6.384551377016964e-38, 9.436145500154347e-37, 3.2256452023291726e-38, 2.0755940497514187e-33, 1.6608250837168987e-37, 1.343392286308889e-33, 1.4651423499828725e-38, 1.2068179640010992e-34, 3.225645202341632e-38, 3.22564520233263e-38, 3.761415914536835e-38, 3.377644695822615e-36, 2.7916473218794724e-37, 6.539465157818689e-22, 3.937151461917837e-34, 1.0, 3.1584376823540245e-38, 2.781934590516724e-33, 3.6159776079830646e-38, 3.2209408369882173e-35, 2.2837169061384702e-38, 9.571641819129375e-33]"
hMpxV/China/SZ-CDC/Strain018,"[0.0, 0.0, 0.0, 0.0, 0.0, 0.0, 0.0, 0.0, 0.0, 0.0, 0.0, 0.0, 0.0, 0.0, 0.0, 0.0, 0.0, 0.0, 0.0, 0.0, 0.0, 0.0, 0.0, 0.0, 1.0, 0.0, 0.0, 0.0, 0.0, 0.0, 0.0]"
hMpxV/China/SZ-CDC/Strain020,"[0.0, 0.0, 0.0, 0.0, 0.0, 0.0, 0.0, 0.0, 0.0, 0.0, 0.0, 0.0, 0.0, 0.0, 0.0, 0.0, 0.0, 0.0, 0.0, 0.0, 0.0, 0.0, 0.0, 0.0, 1.0, 0.0, 0.0, 0.0, 0.0, 0.0, 0.0]"
hMpxV/China/SZ-CDC/Strain027,"[0.0, 0.0, 0.0, 0.0, 0.0, 0.0, 0.0, 0.0, 0.0, 0.0, 0.0, 0.0, 0.0, 0.0, 0.0, 0.0, 0.0, 0.0, 0.0, 0.0, 0.0, 0.0, 0.0, 0.0, 1.0, 0.0, 0.0, 0.0, 0.0, 0.0, 0.0]"
hMpxV/China/SZ-CDC/Strain035,"[0.0, 0.0, 0.0, 0.0, 0.0, 0.0, 0.0, 0.0, 0.0, 0.0, 0.0, 0.0, 0.0, 0.0, 0.0, 0.0, 0.0, 0.0, 0.0, 0.0, 0.0, 0.0, 0.0, 0.0, 1.0, 0.0, 0.0, 0.0, 0.0, 0.0, 0.0]"
hMpxV/China/SZ-CDC/Strain049,"[0.0, 0.0, 0.0, 0.0, 0.0, 0.0, 0.0, 0.0, 0.0, 0.0, 0.0, 0.0, 0.0, 0.0, 0.0, 0.0, 0.0, 0.0, 0.0, 0.0, 0.0, 0.0, 0.0, 0.0, 1.0, 0.0, 0.0, 0.0, 0.0, 0.0, 0.0]"
hMpxV/China/SZ-CDC/Strain051,"[0.0, 0.0, 0.0, 0.0, 0.0, 0.0, 0.0, 0.0, 0.0, 0.0, 0.0, 0.0, 0.0, 0.0, 0.0, 0.0, 0.0, 0.0, 0.0, 0.0, 0.0, 0.0, 0.0, 0.0, 1.0, 0.0, 0.0, 0.0, 0.0, 0.0, 0.0]"
hMpxV/China/SZ-CDC/Strain133,"[0.0, 0.0, 0.0, 0.0, 0.0, 0.0, 0.0, 0.0, 0.0, 0.0, 0.0, 0.0, 0.0, 0.0, 0.0, 0.0, 0.0, 0.0, 0.0, 0.0, 0.0, 0.0, 0.0, 0.0, 1.0, 0.0, 0.0, 0.0, 0.0, 0.0, 0.0]"
hMpxV/China/SZ-CDC/Strain138,"[0.0, 0.0, 0.0, 0.0, 0.0, 0.0, 0.0, 0.0, 0.0, 0.0, 0.0, 0.0, 0.0, 0.0, 0.0, 0.0, 0.0, 0.0, 0.0, 0.0, 0.0, 0.0, 0.0, 0.0, 1.0, 0.0, 0.0, 0.0, 0.0, 0.0, 0.0]"
hMpxV/China/SZ-CDC/Strain148,"[0.0, 0.0, 0.0, 0.0, 0.0, 0.0, 0.0, 0.0, 0.0, 0.0, 0.0, 0.0, 0.0, 0.0, 0.0, 0.0, 0.0, 0.0, 0.0, 0.0, 0.0, 0.0, 0.0, 0.0, 1.0, 0.0, 0.0, 0.0, 0.0, 0.0, 0.0]"
hMpxV/China/SZ-CDC/Strain155,"[0.0, 0.0, 0.0, 0.0, 0.0, 0.0, 0.0, 0.0, 0.0, 0.0, 0.0, 0.0, 0.0, 0.0, 0.0, 0.0, 0.0, 0.0, 0.0, 0.0, 0.0, 0.0, 0.0, 0.0, 1.0, 0.0, 0.0, 0.0, 0.0, 0.0, 0.0]"
hMpxV/China/SZ-CDC/Strain169,"[0.0, 0.0, 0.0, 0.0, 0.0, 0.0, 0.0, 0.0, 0.0, 0.0, 0.0, 0.0, 0.0, 0.0, 0.0, 0.0, 0.0, 0.0, 0.0, 0.0, 0.0, 0.0, 0.0, 0.0, 1.0, 0.0, 0.0, 0.0, 0.0, 0.0, 0.0]"
hMpxV/China/SZ-CDC/Strain179,"[0.0, 0.0, 0.0, 0.0, 0.0, 0.0, 0.0, 0.0, 0.0, 0.0, 0.0, 0.0, 0.0, 0.0, 0.0, 0.0, 0.0, 0.0, 0.0, 0.0, 0.0, 0.0, 0.0, 0.0, 1.0, 0.0, 0.0, 0.0, 0.0, 0.0, 0.0]"
hMpxV/China/SZ-CDC/Strain194,"[0.0, 0.0, 0.0, 0.0, 0.0, 0.0, 0.0, 0.0, 0.0, 0.0, 0.0, 0.0, 0.0, 0.0, 0.0, 0.0, 0.0, 0.0, 0.0, 0.0, 0.0, 0.0, 0.0, 0.0, 1.0, 0.0, 0.0, 0.0, 0.0, 0.0, 0.0]"
NODE_0000070,"[4.1390262283800434e-10, 7.596328680288319e-11, 9.956865553779563e-11, 7.673799187622366e-11, 6.974056242586248e-11, 7.625485640330623e-11, 7.665199506514259e-11, 9.707441343891625e-10, 2.2445464201923644e-09, 7.751832423693665e-11, 1.8919749844460197e-10, 7.683047156669371e-11, 1.5050920505564126e-09, 7.851968493958755e-11, 1.2281124312062188e-09, 5.502189884023249e-11, 4.886924850345642e-10, 7.683047156671933e-11, 7.683047156670083e-11, 7.07001220722193e-11, 1.1004557397802131e-10, 1.4916147594923828e-10, 1.2638203534529618e-07, 9.72460815560216e-10, 0.9999998596927812, 7.420037999808045e-11, 1.703081344634008e-09, 7.591389026415688e-11, 4.988727564580719e-10, 6.573007271581331e-11, 2.2482607790627068e-09]"
hMpxV/China/SZ-CDC/Strain127,"[0.0, 0.0, 0.0, 0.0, 0.0, 0.0, 0.0, 0.0, 0.0, 0.0, 0.0, 0.0, 0.0, 0.0, 0.0, 0.0, 0.0, 0.0, 0.0, 0.0, 0.0, 0.0, 0.0, 0.0, 1.0, 0.0, 0.0, 0.0, 0.0, 0.0, 0.0]"
hMpxV/China/SZ-CDC/Strain136,"[0.0, 0.0, 0.0, 0.0, 0.0, 0.0, 0.0, 0.0, 0.0, 0.0, 0.0, 0.0, 0.0, 0.0, 0.0, 0.0, 0.0, 0.0, 0.0, 0.0, 0.0, 0.0, 0.0, 0.0, 0.9999999999999999, 0.0, 0.0, 0.0, 0.0, 0.0, 0.0]"
hMpxV/China/SZ-CDC/Strain165,"[0.0, 0.0, 0.0, 0.0, 0.0, 0.0, 0.0, 0.0, 0.0, 0.0, 0.0, 0.0, 0.0, 0.0, 0.0, 0.0, 0.0, 0.0, 0.0, 0.0, 0.0, 0.0, 0.0, 0.0, 1.0, 0.0, 0.0, 0.0, 0.0, 0.0, 0.0]"
NODE_0000089,"[3.7766222467407973e-10, 3.945056049534576e-10, 7.535345348854033e-09, 4.043494834746223e-10, 3.5744103671340814e-10, 3.981824832659377e-10, 3.94921531838994e-10, 6.555039874921774e-10, 7.97451228864665e-10, 1.243868130683663e-09, 4.6454544567049693e-10, 3.975591862598347e-10, 6.896634791441451e-10, 5.393594756320526e-09, 4.6140925336136824e-10, 2.7736724573980994e-10, 7.87394359726357e-09, 3.9755918626027967e-10, 3.9755918626010876e-10, 9.00008138858159e-10, 5.996780588666585e-10, 4.584851393997105e-10, 0.999996572542199, 6.562353801349497e-10, 3.3921580284571654e-06, 3.778912260271536e-10, 6.362334977071684e-10, 3.847778933422373e-10, 5.393744551121849e-10, 1.0511340733476963e-09, 7.835221106350976e-10]"
hMpxV/Portugal/INSA-PT0756/2023|EPI_ISL_18702225|2023-10-06,"[0.0, 0.0, 0.0, 0.0, 0.0, 0.0, 0.0, 0.0, 0.0, 0.0, 0.0, 0.0, 0.0, 0.0, 0.0, 0.0, 0.0, 0.0, 0.0, 0.0, 0.0, 0.0, 0.9999999999999999, 0.0, 0.0, 0.0, 0.0, 0.0, 0.0, 0.0, 0.0]"
hMpxV/Portugal/INSA-PT0785/2023|EPI_ISL_18702257|2023-10-31,"[0.0, 0.0, 0.0, 0.0, 0.0, 0.0, 0.0, 0.0, 0.0, 0.0, 0.0, 0.0, 0.0, 0.0, 0.0, 0.0, 0.0, 0.0, 0.0, 0.0, 0.0, 0.0, 1.0, 0.0, 0.0, 0.0, 0.0, 0.0, 0.0, 0.0, 0.0]"
hMpxV/Portugal/INSA-PT0733/2023|EPI_ISL_18553811|2023-09-19,"[0.0, 0.0, 0.0, 0.0, 0.0, 0.0, 0.0, 0.0, 0.0, 0.0, 0.0, 0.0, 0.0, 0.0, 0.0, 0.0, 0.0, 0.0, 0.0, 0.0, 0.0, 0.0, 0.9999999999999999, 0.0, 0.0, 0.0, 0.0, 0.0, 0.0, 0.0, 0.0]"
NODE_0000064,"[8.924578383581905e-06, 1.8265325979526194e-06, 6.441658819825812e-06, 1.8298755108251883e-06, 1.956511921551758e-06, 1.826656569028819e-06, 1.8269209504244764e-06, 7.429239397832745e-06, 1.2221632674203092e-05, 1.8719550718352808e-06, 2.9515028587282946e-06, 1.8169645713311544e-06, 9.4876361177222e-06, 2.0073908605869514e-06, 1.0526132418483805e-05, 3.110986254316798e-06, 9.401634591963181e-06, 1.8169645713316331e-06, 1.8169645713312829e-06, 1.7467759721212812e-06, 1.0975021422420391e-05, 2.632076316738609e-06, 0.0002400607476746089, 7.452592325451282e-06, 0.9994429943598572, 2.452347843876139e-06, 1.0039652756350642e-05, 2.4552208983920352e-06, 5.020028530145148e-06, 0.000172857978500033, 1.2221459189662751e-05]"
hMpxV/China/SZ-CDC/Strain168,"[0.0, 0.0, 0.0, 0.0, 0.0, 0.0, 0.0, 0.0, 0.0, 0.0, 0.0, 0.0, 0.0, 0.0, 0.0, 0.0, 0.0, 0.0, 0.0, 0.0, 0.0, 0.0, 0.0, 0.0, 1.0, 0.0, 0.0, 0.0, 0.0, 0.0, 0.0]"
NODE_0000069,"[8.505089396446566e-07, 1.2681795510351459e-07, 1.4929156087963107e-06, 1.2709407690010845e-07, 1.535961051332682e-07, 1.271112867452032e-07, 1.2765763354254806e-07, 2.2519244777336573e-07, 2.7338258981639815e-07, 1.277046770903473e-07, 1.553173474958447e-07, 1.2735561215614233e-07, 2.42071947149756e-07, 1.283164195901185e-07, 4.0688761862934845e-07, 6.136754795229355e-07, 7.659802328487005e-07, 1.2735561215617452e-07, 1.2735561215611308e-07, 1.203376464620673e-07, 7.2524333404501815e-06, 1.4488246355856603e-07, 2.3750276389294685e-06, 2.253859820260173e-07, 1.3829043448214418e-05, 2.74401833067407e-07, 2.2744381180635923e-07, 2.6622901302458443e-07, 1.8607477421247634e-07, 0.9999684987321085, 2.7371073744578217e-07]"
hMpxV/USA/WA-UW-11099/2024|EPI_ISL_19109197|2024-02-01,"[0.0, 0.0, 0.0, 0.0, 0.0, 0.0, 0.0, 0.0, 0.0, 0.0, 0.0, 0.0, 0.0, 0.0, 0.0, 0.0, 0.0, 0.0, 0.0, 0.0, 0.0, 0.0, 0.0, 0.0, 0.0, 0.0, 0.0, 0.0, 0.0, 1.0, 0.0]"
hMpxV/USA/CA-UW-301960/2024|EPI_ISL_19053766|2024-02-14,"[0.0, 0.0, 0.0, 0.0, 0.0, 0.0, 0.0, 0.0, 0.0, 0.0, 0.0, 0.0, 0.0, 0.0, 0.0, 0.0, 0.0, 0.0, 0.0, 0.0, 0.0, 0.0, 0.0, 0.0, 0.0, 0.0, 0.0, 0.0, 0.0, 0.9999999999999999, 0.0]"
NODE_0000065,"[2.5177031860279245e-06, 8.648507851240989e-07, 1.0478945581458736e-06, 8.823345938895329e-07, 8.003748616768341e-07, 8.700625073606219e-07, 8.650460562179286e-07, 4.240849233809695e-06, 7.388628841817964e-06, 8.948553674741747e-07, 1.4982299537376605e-06, 8.692205939705255e-07, 5.607613349708814e-06, 9.453064008353034e-07, 4.669036819485932e-06, 6.583866248440588e-07, 2.8831428899142522e-06, 8.692205939706563e-07, 8.692205939705662e-07, 8.400642779972009e-07, 7.090460403087525e-07, 1.3589953010535348e-06, 0.00010045855846504188, 4.251297763917961e-06, 0.9998342881850566, 8.364060285545567e-07, 6.202893401926384e-06, 8.486464129290834e-07, 2.7728939047735262e-06, 8.754665914286985e-07, 7.315568943611704e-06]"
hMpxV/China/SZ-CDC/Strain103,"[0.0, 0.0, 0.0, 0.0, 0.0, 0.0, 0.0, 0.0, 0.0, 0.0, 0.0, 0.0, 0.0, 0.0, 0.0, 0.0, 0.0, 0.0, 0.0, 0.0, 0.0, 0.0, 0.0, 0.0, 1.0, 0.0, 0.0, 0.0, 0.0, 0.0, 0.0]"
NODE_0000066,"[7.47249609394535e-18, 3.43563647052609e-19, 6.01252229112322e-19, 3.416734292162643e-19, 3.1151151207354e-19, 3.426953395270814e-19, 3.531898014044874e-19, 3.829615573588917e-17, 1.7838615773051645e-16, 3.550037474060963e-19, 1.8894923086335514e-18, 3.5167855504674134e-19, 8.763251923315102e-17, 3.6220896940649963e-19, 6.921111106821884e-17, 2.2323289299989137e-19, 1.0255367528195107e-17, 3.516785550473916e-19, 3.5167855504700124e-19, 2.9917323494172362e-19, 1.6105795985142975e-18, 1.1044312310126895e-18, 4.3804355060145734e-13, 3.845096369366049e-17, 0.9999999999995611, 3.4193639174632785e-19, 1.0698806349505485e-16, 3.598602551533817e-19, 1.1221603775646866e-17, 2.4335617735119713e-19, 1.846534960920815e-16]"
hMpxV/China/SZ-CDC/Strain088,"[0.0, 0.0, 0.0, 0.0, 0.0, 0.0, 0.0, 0.0, 0.0, 0.0, 0.0, 0.0, 0.0, 0.0, 0.0, 0.0, 0.0, 0.0, 0.0, 0.0, 0.0, 0.0, 0.0, 0.0, 1.0, 0.0, 0.0, 0.0, 0.0, 0.0, 0.0]"
hMpxV/China/SZ-CDC/Strain089,"[0.0, 0.0, 0.0, 0.0, 0.0, 0.0, 0.0, 0.0, 0.0, 0.0, 0.0, 0.0, 0.0, 0.0, 0.0, 0.0, 0.0, 0.0, 0.0, 0.0, 0.0, 0.0, 0.0, 0.0, 1.0, 0.0, 0.0, 0.0, 0.0, 0.0, 0.0]"
hMpxV/China/SZ-CDC/Strain090,"[0.0, 0.0, 0.0, 0.0, 0.0, 0.0, 0.0, 0.0, 0.0, 0.0, 0.0, 0.0, 0.0, 0.0, 0.0, 0.0, 0.0, 0.0, 0.0, 0.0, 0.0, 0.0, 0.0, 0.0, 1.0, 0.0, 0.0, 0.0, 0.0, 0.0, 0.0]"
hMpxV/China/SZ-CDC/Strain104,"[0.0, 0.0, 0.0, 0.0, 0.0, 0.0, 0.0, 0.0, 0.0, 0.0, 0.0, 0.0, 0.0, 0.0, 0.0, 0.0, 0.0, 0.0, 0.0, 0.0, 0.0, 0.0, 0.0, 0.0, 1.0, 0.0, 0.0, 0.0, 0.0, 0.0, 0.0]"
hMpxV/China/SZ-CDC/Strain118,"[0.0, 0.0, 0.0, 0.0, 0.0, 0.0, 0.0, 0.0, 0.0, 0.0, 0.0, 0.0, 0.0, 0.0, 0.0, 0.0, 0.0, 0.0, 0.0, 0.0, 0.0, 0.0, 0.0, 0.0, 1.0, 0.0, 0.0, 0.0, 0.0, 0.0, 0.0]"
NODE_0000067,"[3.366087640943838e-19, 1.4361567416144745e-20, 2.5962108718669622e-20, 1.429425944376998e-20, 1.3021622655017986e-20, 1.4314349946891947e-20, 1.477635365344045e-20, 1.818986944784355e-18, 8.891863433301613e-18, 1.4982766593996932e-20, 8.239128004900339e-20, 1.4704258192461944e-20, 4.274167562844428e-18, 1.5620817548933444e-20, 3.3762697769293887e-18, 9.246123618157545e-21, 4.723762239560625e-19, 1.470425819250998e-20, 1.4704258192475907e-20, 1.2529040262488329e-20, 6.919040428834633e-20, 4.7492004290701515e-20, 2.7335236679415062e-14, 1.8278920425978697e-18, 0.9999999999999726, 1.4282375559364725e-20, 5.263699941001236e-18, 1.5094044047394377e-20, 5.146924803738561e-19, 9.7102645696956e-21, 9.230039304810825e-18]"
hMpxV/China/SZ-CDC/Strain093,"[0.0, 0.0, 0.0, 0.0, 0.0, 0.0, 0.0, 0.0, 0.0, 0.0, 0.0, 0.0, 0.0, 0.0, 0.0, 0.0, 0.0, 0.0, 0.0, 0.0, 0.0, 0.0, 0.0, 0.0, 1.0, 0.0, 0.0, 0.0, 0.0, 0.0, 0.0]"
hMpxV/China/SZ-CDC/Strain099,"[0.0, 0.0, 0.0, 0.0, 0.0, 0.0, 0.0, 0.0, 0.0, 0.0, 0.0, 0.0, 0.0, 0.0, 0.0, 0.0, 0.0, 0.0, 0.0, 0.0, 0.0, 0.0, 0.0, 0.0, 0.9999999999999999, 0.0, 0.0, 0.0, 0.0, 0.0, 0.0]"
hMpxV/China/SZ-CDC/Strain100,"[0.0, 0.0, 0.0, 0.0, 0.0, 0.0, 0.0, 0.0, 0.0, 0.0, 0.0, 0.0, 0.0, 0.0, 0.0, 0.0, 0.0, 0.0, 0.0, 0.0, 0.0, 0.0, 0.0, 0.0, 0.9999999999999999, 0.0, 0.0, 0.0, 0.0, 0.0, 0.0]"
hMpxV/China/SZ-CDC/Strain102,"[0.0, 0.0, 0.0, 0.0, 0.0, 0.0, 0.0, 0.0, 0.0, 0.0, 0.0, 0.0, 0.0, 0.0, 0.0, 0.0, 0.0, 0.0, 0.0, 0.0, 0.0, 0.0, 0.0, 0.0, 1.0, 0.0, 0.0, 0.0, 0.0, 0.0, 0.0]"
hMpxV/China/SZ-CDC/Strain109,"[0.0, 0.0, 0.0, 0.0, 0.0, 0.0, 0.0, 0.0, 0.0, 0.0, 0.0, 0.0, 0.0, 0.0, 0.0, 0.0, 0.0, 0.0, 0.0, 0.0, 0.0, 0.0, 0.0, 0.0, 1.0, 0.0, 0.0, 0.0, 0.0, 0.0, 0.0]"
hMpxV/China/SZ-CDC/Strain112,"[0.0, 0.0, 0.0, 0.0, 0.0, 0.0, 0.0, 0.0, 0.0, 0.0, 0.0, 0.0, 0.0, 0.0, 0.0, 0.0, 0.0, 0.0, 0.0, 0.0, 0.0, 0.0, 0.0, 0.0, 1.0, 0.0, 0.0, 0.0, 0.0, 0.0, 0.0]"
hMpxV/China/SZ-CDC/Strain115,"[0.0, 0.0, 0.0, 0.0, 0.0, 0.0, 0.0, 0.0, 0.0, 0.0, 0.0, 0.0, 0.0, 0.0, 0.0, 0.0, 0.0, 0.0, 0.0, 0.0, 0.0, 0.0, 0.0, 0.0, 1.0, 0.0, 0.0, 0.0, 0.0, 0.0, 0.0]"
NODE_0000071,"[6.48097316445662e-06, 3.804442798324864e-06, 0.0007811186267489029, 3.871732377491996e-06, 5.650774702450056e-06, 3.831982319269216e-06, 3.9693378948636465e-06, 6.97242498597418e-06, 8.654566787009998e-06, 6.351540918779649e-06, 4.65938412701462e-06, 3.816033567376905e-06, 7.5023701280943396e-06, 1.2630099328029667e-05, 5.467107768764734e-06, 3.7077626669822433e-06, 2.5912265375027764e-05, 3.81603356737732e-06, 3.816033567377175e-06, 5.356668046001708e-06, 8.746618636189651e-06, 4.564525075431575e-06, 0.9904335686248531, 6.976108725070885e-06, 0.008597949355835537, 3.661332822754082e-06, 7.213303284183447e-06, 3.7005586887721314e-06, 5.704654627597961e-06, 1.20176522279801e-05, 8.507104383957451e-06]"
NODE_0000088,"[6.052562305026456e-10, 6.167255231456974e-10, 1.6403418044941833e-07, 6.316872360564056e-10, 7.889717027876052e-10, 6.230198744038518e-10, 6.420725783161246e-10, 1.102045177233081e-09, 1.3583463940621403e-09, 1.5208510971925148e-09, 7.491696675538315e-10, 6.250268980212529e-10, 1.6179341151874886e-09, 1.3411819137176992e-08, 6.285220822263131e-10, 4.691355008142983e-10, 7.862853937564286e-06, 6.250268980219717e-10, 6.2502689802169e-10, 1.1099178099050949e-09, 1.5446155245960342e-09, 7.170776109289999e-10, 0.9999842237344181, 1.1027654727090543e-09, 7.710504171506082e-06, 5.87707987923243e-10, 9.386105009529184e-10, 1.067807948645047e-09, 8.537359631635318e-10, 2.972675202874295e-09, 1.337741416316008e-09]"
hMpxV/Netherlands/un-EMC-NL090/2023|EPI_ISL_18659846|2023-11-07,"[0.0, 0.0, 0.0, 0.0, 0.0, 0.0, 0.0, 0.0, 0.0, 0.0, 0.0, 0.0, 0.0, 0.0, 0.0, 0.0, 1.0, 0.0, 0.0, 0.0, 0.0, 0.0, 0.0, 0.0, 0.0, 0.0, 0.0, 0.0, 0.0, 0.0, 0.0]"
hMpxV/Netherlands/un-EMC-NL089/2023|EPI_ISL_18659829|2023-10-15,"[0.0, 0.0, 0.0, 0.0, 0.0, 0.0, 0.0, 0.0, 0.0, 0.0, 0.0, 0.0, 0.0, 0.0, 0.0, 0.0, 1.0, 0.0, 0.0, 0.0, 0.0, 0.0, 0.0, 0.0, 0.0, 0.0, 0.0, 0.0, 0.0, 0.0, 0.0]"
hMpxV/Portugal/INSA-PT0713/2023|EPI_ISL_18553850|2023-08-21,"[0.0, 0.0, 0.0, 0.0, 0.0, 0.0, 0.0, 0.0, 0.0, 0.0, 0.0, 0.0, 0.0, 0.0, 0.0, 0.0, 0.0, 0.0, 0.0, 0.0, 0.0, 0.0, 1.0, 0.0, 0.0, 0.0, 0.0, 0.0, 0.0, 0.0, 0.0]"
hMpxV/Portugal/INSA-PT0666/2023|EPI_ISL_18228630|2023-08-01,"[0.0, 0.0, 0.0, 0.0, 0.0, 0.0, 0.0, 0.0, 0.0, 0.0, 0.0, 0.0, 0.0, 0.0, 0.0, 0.0, 0.0, 0.0, 0.0, 0.0, 0.0, 0.0, 1.0, 0.0, 0.0, 0.0, 0.0, 0.0, 0.0, 0.0, 0.0]"
NODE_0000072,"[1.6699899954139987e-06, 9.42888342571505e-07, 0.07859864229851324, 9.397078540169487e-07, 3.195818001542964e-06, 9.440973861092343e-07, 1.0528024511334327e-06, 1.0009023969005826e-06, 1.0490661543951778e-06, 1.9184395474136906e-06, 9.383709676826674e-07, 9.309257263995104e-07, 9.651439283858857e-07, 4.9769535613543405e-06, 6.43245153733655e-07, 1.5078002280702196e-06, 5.320751485710082e-06, 9.309257263995906e-07, 9.309257263995788e-07, 1.5326916508377253e-06, 1.094683026817878e-05, 9.348715424390468e-07, 0.92124796650805, 1.0011248666039707e-06, 8.941393290472583e-05, 9.050536120534235e-07, 8.316369581383921e-07, 9.183786903165646e-07, 9.05693168677665e-07, 1.5107425149160404e-05, 1.0347999923430301e-06]"
hMpxV/Brazil/RS-CEVS-378/2023|EPI_ISL_18971017|2023-11-08,"[0.0, 0.0, 1.0, 0.0, 0.0, 0.0, 0.0, 0.0, 0.0, 0.0, 0.0, 0.0, 0.0, 0.0, 0.0, 0.0, 0.0, 0.0, 0.0, 0.0, 0.0, 0.0, 0.0, 0.0, 0.0, 0.0, 0.0, 0.0, 0.0, 0.0, 0.0]"
hMpxV/Brazil/RJ-FIOCRUZ-10491/2024|EPI_ISL_19416152|2024-04-18,"[0.0, 0.0, 0.9999999999999999, 0.0, 0.0, 0.0, 0.0, 0.0, 0.0, 0.0, 0.0, 0.0, 0.0, 0.0, 0.0, 0.0, 0.0, 0.0, 0.0, 0.0, 0.0, 0.0, 0.0, 0.0, 0.0, 0.0, 0.0, 0.0, 0.0, 0.0, 0.0]"
hMpxV/Portugal/INSA-PT0734/2023|EPI_ISL_18553812|2023-09-19,"[0.0, 0.0, 0.0, 0.0, 0.0, 0.0, 0.0, 0.0, 0.0, 0.0, 0.0, 0.0, 0.0, 0.0, 0.0, 0.0, 0.0, 0.0, 0.0, 0.0, 0.0, 0.0, 1.0, 0.0, 0.0, 0.0, 0.0, 0.0, 0.0, 0.0, 0.0]"
NODE_0000073,"[9.541965363303908e-25, 3.3890120395560667e-26, 0.9999999999999999, 3.2645890772226337e-26, 1.1000556237165988e-23, 3.356438406395982e-26, 6.247257665401379e-26, 3.794047627998359e-26, 3.8153337629280413e-26, 3.941090727732578e-26, 3.6090244307776097e-26, 3.418061132056948e-26, 3.427719863531856e-26, 4.8528501186595464e-26, 1.5417626128823775e-26, 6.383827646881585e-25, 4.803818898294087e-26, 3.4180611320337805e-26, 3.4180611320385175e-26, 3.166774348588302e-26, 2.9689017669254674e-21, 2.7906916485660847e-26, 6.37283780201341e-21, 3.7966159204878665e-26, 1.5292005167805578e-25, 3.383015304128356e-26, 2.106722577965106e-26, 3.578006052548728e-26, 3.077935378899278e-26, 2.012388958285795e-22, 3.961957728007682e-26]"
hMpxV/Brazil/SP-IAL-357640019/2024|EPI_ISL_19359696|2024-04-03,"[0.0, 0.0, 1.0, 0.0, 0.0, 0.0, 0.0, 0.0, 0.0, 0.0, 0.0, 0.0, 0.0, 0.0, 0.0, 0.0, 0.0, 0.0, 0.0, 0.0, 0.0, 0.0, 0.0, 0.0, 0.0, 0.0, 0.0, 0.0, 0.0, 0.0, 0.0]"
hMpxV/Brazil/RJ-FIOCRUZ-09216/2024|EPI_ISL_19416146|2024-03-31,"[0.0, 0.0, 1.0, 0.0, 0.0, 0.0, 0.0, 0.0, 0.0, 0.0, 0.0, 0.0, 0.0, 0.0, 0.0, 0.0, 0.0, 0.0, 0.0, 0.0, 0.0, 0.0, 0.0, 0.0, 0.0, 0.0, 0.0, 0.0, 0.0, 0.0, 0.0]"
hMpxV/Brazil/RJ-FIOCRUZ-09217/2024|EPI_ISL_19416147|2024-03-29,"[0.0, 0.0, 1.0, 0.0, 0.0, 0.0, 0.0, 0.0, 0.0, 0.0, 0.0, 0.0, 0.0, 0.0, 0.0, 0.0, 0.0, 0.0, 0.0, 0.0, 0.0, 0.0, 0.0, 0.0, 0.0, 0.0, 0.0, 0.0, 0.0, 0.0, 0.0]"
hMpxV/Brazil/RJ-FIOCRUZ-10495/2024|EPI_ISL_19416154|2024-05-02,"[0.0, 0.0, 1.0, 0.0, 0.0, 0.0, 0.0, 0.0, 0.0, 0.0, 0.0, 0.0, 0.0, 0.0, 0.0, 0.0, 0.0, 0.0, 0.0, 0.0, 0.0, 0.0, 0.0, 0.0, 0.0, 0.0, 0.0, 0.0, 0.0, 0.0, 0.0]"
hMpxV/Brazil/RJ-FIOCRUZ-10490/2024|EPI_ISL_19416151|2024-04-10,"[0.0, 0.0, 1.0, 0.0, 0.0, 0.0, 0.0, 0.0, 0.0, 0.0, 0.0, 0.0, 0.0, 0.0, 0.0, 0.0, 0.0, 0.0, 0.0, 0.0, 0.0, 0.0, 0.0, 0.0, 0.0, 0.0, 0.0, 0.0, 0.0, 0.0, 0.0]"
hMpxV/Brazil/RJ-FIOCRUZ-10505/2024|EPI_ISL_19416158|2024-05-16,"[0.0, 0.0, 1.0, 0.0, 0.0, 0.0, 0.0, 0.0, 0.0, 0.0, 0.0, 0.0, 0.0, 0.0, 0.0, 0.0, 0.0, 0.0, 0.0, 0.0, 0.0, 0.0, 0.0, 0.0, 0.0, 0.0, 0.0, 0.0, 0.0, 0.0, 0.0]"
hMpxV/Brazil/RJ-FIOCRUZ-09215/2024|EPI_ISL_19416145|2024-03-29,"[0.0, 0.0, 1.0, 0.0, 0.0, 0.0, 0.0, 0.0, 0.0, 0.0, 0.0, 0.0, 0.0, 0.0, 0.0, 0.0, 0.0, 0.0, 0.0, 0.0, 0.0, 0.0, 0.0, 0.0, 0.0, 0.0, 0.0, 0.0, 0.0, 0.0, 0.0]"
NODE_0000074,"[2.50580841674101e-24, 3.584468138948709e-26, 1.0, 3.259471900087414e-26, 5.562724974572427e-23, 3.480761802589882e-26, 7.379209019621967e-26, 3.818092451611326e-26, 3.7624520670442003e-26, 3.4713113493980204e-26, 3.6876736402191987e-26, 3.468456379547375e-26, 3.3527692341199833e-26, 3.5418419214166463e-26, 1.444639406708068e-26, 1.746843996307549e-24, 3.6208675163849713e-26, 3.468456379535188e-26, 3.468456379538552e-26, 2.841930994774404e-26, 6.840652117129092e-20, 2.657683492783941e-26, 8.688928097229444e-21, 3.820347456648568e-26, 8.654812590035039e-26, 3.560528935581428e-26, 1.8693441483392857e-26, 3.768864215936634e-26, 3.005672323317531e-26, 2.5664610193690997e-21, 3.9625079250639205e-26]"
hMpxV/Brazil/RJ-UG_UFRJ_0568/2024|EPI_ISL_19434513|2024-08-15,"[0.0, 0.0, 1.0, 0.0, 0.0, 0.0, 0.0, 0.0, 0.0, 0.0, 0.0, 0.0, 0.0, 0.0, 0.0, 0.0, 0.0, 0.0, 0.0, 0.0, 0.0, 0.0, 0.0, 0.0, 0.0, 0.0, 0.0, 0.0, 0.0, 0.0, 0.0]"
hMpxV/Brazil/SP-IAL-357886830/2024|EPI_ISL_19372757|2024-08-06,"[0.0, 0.0, 1.0, 0.0, 0.0, 0.0, 0.0, 0.0, 0.0, 0.0, 0.0, 0.0, 0.0, 0.0, 0.0, 0.0, 0.0, 0.0, 0.0, 0.0, 0.0, 0.0, 0.0, 0.0, 0.0, 0.0, 0.0, 0.0, 0.0, 0.0, 0.0]"
hMpxV/Brazil/SP-IAL-357903632/2024|EPI_ISL_19372770|2024-08-19,"[0.0, 0.0, 1.0, 0.0, 0.0, 0.0, 0.0, 0.0, 0.0, 0.0, 0.0, 0.0, 0.0, 0.0, 0.0, 0.0, 0.0, 0.0, 0.0, 0.0, 0.0, 0.0, 0.0, 0.0, 0.0, 0.0, 0.0, 0.0, 0.0, 0.0, 0.0]"
hMpxV/Brazil/RJ-FIOCRUZ-10527/2024|EPI_ISL_19416172|2024-08-16,"[0.0, 0.0, 1.0, 0.0, 0.0, 0.0, 0.0, 0.0, 0.0, 0.0, 0.0, 0.0, 0.0, 0.0, 0.0, 0.0, 0.0, 0.0, 0.0, 0.0, 0.0, 0.0, 0.0, 0.0, 0.0, 0.0, 0.0, 0.0, 0.0, 0.0, 0.0]"
hMpxV/Brazil/PR-FIOCRUZ-10548/2024|EPI_ISL_19416185|2024-07-19,"[0.0, 0.0, 1.0, 0.0, 0.0, 0.0, 0.0, 0.0, 0.0, 0.0, 0.0, 0.0, 0.0, 0.0, 0.0, 0.0, 0.0, 0.0, 0.0, 0.0, 0.0, 0.0, 0.0, 0.0, 0.0, 0.0, 0.0, 0.0, 0.0, 0.0, 0.0]"
hMpxV/Brazil/PR-FIOCRUZ-10549/2024|EPI_ISL_19416186|2024-07-20,"[0.0, 0.0, 1.0, 0.0, 0.0, 0.0, 0.0, 0.0, 0.0, 0.0, 0.0, 0.0, 0.0, 0.0, 0.0, 0.0, 0.0, 0.0, 0.0, 0.0, 0.0, 0.0, 0.0, 0.0, 0.0, 0.0, 0.0, 0.0, 0.0, 0.0, 0.0]"
hMpxV/Brazil/SP-IAL-357981172/2024|EPI_ISL_19524888|2024-10-04,"[0.0, 0.0, 1.0, 0.0, 0.0, 0.0, 0.0, 0.0, 0.0, 0.0, 0.0, 0.0, 0.0, 0.0, 0.0, 0.0, 0.0, 0.0, 0.0, 0.0, 0.0, 0.0, 0.0, 0.0, 0.0, 0.0, 0.0, 0.0, 0.0, 0.0, 0.0]"
hMpxV/Brazil/SP-IAL-357914556/2024|EPI_ISL_19446289|2024-08-26,"[0.0, 0.0, 1.0, 0.0, 0.0, 0.0, 0.0, 0.0, 0.0, 0.0, 0.0, 0.0, 0.0, 0.0, 0.0, 0.0, 0.0, 0.0, 0.0, 0.0, 0.0, 0.0, 0.0, 0.0, 0.0, 0.0, 0.0, 0.0, 0.0, 0.0, 0.0]"
NODE_0000077,"[1.2676564189306377e-07, 4.10016117376558e-08, 0.9999961513038234, 4.1318149260969545e-08, 2.6438645327828113e-07, 4.118321991370057e-08, 4.9668569475483074e-08, 4.033911183296776e-08, 4.051033698808461e-08, 4.1178622471004356e-08, 4.033423518386221e-08, 4.0988533126097514e-08, 3.833814717968764e-08, 4.12308249237205e-08, 2.676251488518936e-08, 9.57271139171659e-08, 4.055708813760556e-08, 4.0988533126083055e-08, 4.098853312608754e-08, 3.894191287075201e-08, 8.184104184715505e-07, 4.05055251315915e-08, 8.178058354524364e-07, 4.034210055880255e-08, 5.1796979081841297e-08, 3.97052909937461e-08, 3.3735015362720755e-08, 4.006242880330226e-08, 3.8044332921561384e-08, 7.570728949127944e-07, 4.00062019186772e-08]"
hMpxV/Brazil/RJ-UG_UFRJ_0572/2024|EPI_ISL_19434500|2024-08-27,"[0.0, 0.0, 0.9999999999999999, 0.0, 0.0, 0.0, 0.0, 0.0, 0.0, 0.0, 0.0, 0.0, 0.0, 0.0, 0.0, 0.0, 0.0, 0.0, 0.0, 0.0, 0.0, 0.0, 0.0, 0.0, 0.0, 0.0, 0.0, 0.0, 0.0, 0.0, 0.0]"
hMpxV/Brazil/SP-IAL-357899716/2024|EPI_ISL_19372765|2024-08-15,"[0.0, 0.0, 1.0, 0.0, 0.0, 0.0, 0.0, 0.0, 0.0, 0.0, 0.0, 0.0, 0.0, 0.0, 0.0, 0.0, 0.0, 0.0, 0.0, 0.0, 0.0, 0.0, 0.0, 0.0, 0.0, 0.0, 0.0, 0.0, 0.0, 0.0, 0.0]"
NODE_0000078,"[3.1596727799613155e-08, 1.0602623525291618e-08, 0.9999990770438473, 1.068458551179316e-08, 6.402974848510616e-08, 1.0651830829446903e-08, 1.2739261203541001e-08, 1.0410046210136316e-08, 1.045870129551893e-08, 1.065066982683917e-08, 1.0410481517711118e-08, 1.0589572307420495e-08, 9.904820897811182e-09, 1.0689560737670782e-08, 6.971468947450021e-09, 2.3974933016064592e-08, 1.0531496311924314e-08, 1.0589572307412563e-08, 1.058957230741444e-08, 1.0093957848773844e-08, 1.840360485536861e-07, 1.0501029925160037e-08, 1.8743011194573326e-07, 1.0410727501971629e-08, 1.33813442527641e-08, 1.0263762885763084e-08, 8.768783060250692e-09, 1.0348575069098983e-08, 9.839057350685791e-09, 1.814874812160851e-07, 1.0319600217670119e-08]"
hMpxV/Brazil/SP-IAL-357981364/2024|EPI_ISL_19524870|2024-10-07,"[0.0, 0.0, 1.0, 0.0, 0.0, 0.0, 0.0, 0.0, 0.0, 0.0, 0.0, 0.0, 0.0, 0.0, 0.0, 0.0, 0.0, 0.0, 0.0, 0.0, 0.0, 0.0, 0.0, 0.0, 0.0, 0.0, 0.0, 0.0, 0.0, 0.0, 0.0]"
hMpxV/Brazil/SP-IAL-357985080/2024|EPI_ISL_19524871|2024-10-09,"[0.0, 0.0, 0.9999999999999999, 0.0, 0.0, 0.0, 0.0, 0.0, 0.0, 0.0, 0.0, 0.0, 0.0, 0.0, 0.0, 0.0, 0.0, 0.0, 0.0, 0.0, 0.0, 0.0, 0.0, 0.0, 0.0, 0.0, 0.0, 0.0, 0.0, 0.0, 0.0]"
NODE_0000075,"[9.020965050108402e-10, 1.9759942665755046e-10, 0.9999999523948104, 1.9778036735802812e-10, 2.512686697042901e-09, 1.980685054214946e-10, 2.576759751837393e-10, 1.9761067603962813e-10, 1.979128780651817e-10, 1.9779203082015575e-10, 1.9681555171146786e-10, 1.9799355799800366e-10, 1.859021577024419e-10, 1.9591066995843628e-10, 1.2078154343657028e-10, 6.624811031161865e-10, 1.923094198312115e-10, 1.9799355799794645e-10, 1.9799355799796922e-10, 1.833024875352112e-10, 1.6411068860946217e-08, 1.8928803838626286e-10, 1.2855295597363537e-08, 1.9764048991831686e-10, 2.600572467170546e-10, 1.9239902299518823e-10, 1.5426442293337256e-10, 1.9543199330007672e-10, 1.8220678106439361e-10, 9.579731424092933e-09, 1.9709908809999025e-10]"
hMpxV/Brazil/RJ-UG_UFRJ_0552/2024|EPI_ISL_19434496|2024-08-15,"[0.0, 0.0, 1.0, 0.0, 0.0, 0.0, 0.0, 0.0, 0.0, 0.0, 0.0, 0.0, 0.0, 0.0, 0.0, 0.0, 0.0, 0.0, 0.0, 0.0, 0.0, 0.0, 0.0, 0.0, 0.0, 0.0, 0.0, 0.0, 0.0, 0.0, 0.0]"
hMpxV/Brazil/RJ-UG_UFRJ_0553/2024|EPI_ISL_19434497|2024-08-19,"[0.0, 0.0, 0.9999999999999999, 0.0, 0.0, 0.0, 0.0, 0.0, 0.0, 0.0, 0.0, 0.0, 0.0, 0.0, 0.0, 0.0, 0.0, 0.0, 0.0, 0.0, 0.0, 0.0, 0.0, 0.0, 0.0, 0.0, 0.0, 0.0, 0.0, 0.0, 0.0]"
hMpxV/Brazil/RJ-UG_UFRJ_0551/2024|EPI_ISL_19434495|2024-08-09,"[0.0, 0.0, 1.0, 0.0, 0.0, 0.0, 0.0, 0.0, 0.0, 0.0, 0.0, 0.0, 0.0, 0.0, 0.0, 0.0, 0.0, 0.0, 0.0, 0.0, 0.0, 0.0, 0.0, 0.0, 0.0, 0.0, 0.0, 0.0, 0.0, 0.0, 0.0]"
NODE_0000076,"[1.2367925831442956e-13, 2.6147478999939678e-14, 0.9999999999931383, 2.6251422963879395e-14, 3.5172395462613904e-13, 2.6245674348973228e-14, 3.44650858553583e-14, 2.6294617221810448e-14, 2.6326519906016994e-14, 2.6185150607921513e-14, 2.6181687822126334e-14, 2.6305788561533506e-14, 2.4712428185338106e-14, 2.5703569238035195e-14, 1.5846081063999104e-14, 8.965674355251649e-14, 2.5137929131979627e-14, 2.6305788561358855e-14, 2.6305788561411756e-14, 2.4190480495743995e-14, 2.448989475421683e-12, 2.50583458831902e-14, 1.8880399210157263e-12, 2.6298951637769176e-14, 3.366213295477961e-14, 2.551760191970593e-14, 2.0385959170091034e-14, 2.5946028066298065e-14, 2.4195789665595827e-14, 1.3399939509965938e-12, 2.6243221448671772e-14]"
hMpxV/Brazil/SP-IAL-357798278/2024|EPI_ISL_19359678|2024-06-04,"[0.0, 0.0, 1.0, 0.0, 0.0, 0.0, 0.0, 0.0, 0.0, 0.0, 0.0, 0.0, 0.0, 0.0, 0.0, 0.0, 0.0, 0.0, 0.0, 0.0, 0.0, 0.0, 0.0, 0.0, 0.0, 0.0, 0.0, 0.0, 0.0, 0.0, 0.0]"
hMpxV/Brazil/SP-IAL-357802143/2024|EPI_ISL_19359679|2024-06-06,"[0.0, 0.0, 1.0, 0.0, 0.0, 0.0, 0.0, 0.0, 0.0, 0.0, 0.0, 0.0, 0.0, 0.0, 0.0, 0.0, 0.0, 0.0, 0.0, 0.0, 0.0, 0.0, 0.0, 0.0, 0.0, 0.0, 0.0, 0.0, 0.0, 0.0, 0.0]"
hMpxV/Brazil/SP-IAL-357896065/2024|EPI_ISL_19359682|2024-08-13,"[0.0, 0.0, 1.0, 0.0, 0.0, 0.0, 0.0, 0.0, 0.0, 0.0, 0.0, 0.0, 0.0, 0.0, 0.0, 0.0, 0.0, 0.0, 0.0, 0.0, 0.0, 0.0, 0.0, 0.0, 0.0, 0.0, 0.0, 0.0, 0.0, 0.0, 0.0]"
NODE_0000079,"[1.667898548397123e-19, 5.937414460444406e-21, 0.9999999999999994, 5.5689335830798174e-21, 1.854979127698196e-18, 5.824102105665343e-21, 1.0482017346713776e-20, 6.184819035407308e-21, 6.12774319116628e-21, 5.8125145096037306e-21, 6.035238359283751e-21, 5.8060607569644106e-21, 5.5574611389361165e-21, 5.886019929730282e-21, 2.7520943463187e-21, 1.1867705677936534e-19, 5.941557378180039e-21, 5.806060756953886e-21, 5.80606075695692e-21, 4.961803237207955e-21, 3.975289356309087e-16, 4.790932717492006e-21, 9.258065936143864e-17, 6.1875491574800006e-21, 1.179619252353141e-20, 5.8549653814125e-21, 3.5392231671388155e-21, 6.112070240658773e-21, 5.132841784801676e-21, 3.741677999480414e-17, 6.333787940400707e-21]"
hMpxV/Brazil/SP-IAL-357904928/2024|EPI_ISL_19372767|2024-08-19,"[0.0, 0.0, 1.0, 0.0, 0.0, 0.0, 0.0, 0.0, 0.0, 0.0, 0.0, 0.0, 0.0, 0.0, 0.0, 0.0, 0.0, 0.0, 0.0, 0.0, 0.0, 0.0, 0.0, 0.0, 0.0, 0.0, 0.0, 0.0, 0.0, 0.0, 0.0]"
hMpxV/Brazil/SP-IAL-357911339/2024|EPI_ISL_19372775|2024-08-23,"[0.0, 0.0, 1.0, 0.0, 0.0, 0.0, 0.0, 0.0, 0.0, 0.0, 0.0, 0.0, 0.0, 0.0, 0.0, 0.0, 0.0, 0.0, 0.0, 0.0, 0.0, 0.0, 0.0, 0.0, 0.0, 0.0, 0.0, 0.0, 0.0, 0.0, 0.0]"
hMpxV/Brazil/SP-IAL-357979688/2024|EPI_ISL_19524878|2024-10-06,"[0.0, 0.0, 1.0, 0.0, 0.0, 0.0, 0.0, 0.0, 0.0, 0.0, 0.0, 0.0, 0.0, 0.0, 0.0, 0.0, 0.0, 0.0, 0.0, 0.0, 0.0, 0.0, 0.0, 0.0, 0.0, 0.0, 0.0, 0.0, 0.0, 0.0, 0.0]"
hMpxV/Brazil/BA-LACEN-293860175/2024|EPI_ISL_19361755|2024-08-07,"[0.0, 0.0, 1.0, 0.0, 0.0, 0.0, 0.0, 0.0, 0.0, 0.0, 0.0, 0.0, 0.0, 0.0, 0.0, 0.0, 0.0, 0.0, 0.0, 0.0, 0.0, 0.0, 0.0, 0.0, 0.0, 0.0, 0.0, 0.0, 0.0, 0.0, 0.0]"
NODE_0000084,"[4.552510949639286e-09, 1.4366182332554954e-09, 0.9999998586147372, 1.4498210748569788e-09, 9.647253754185905e-09, 1.4438565901646347e-09, 1.7522713708842022e-09, 1.4177532194860155e-09, 1.423423371696545e-09, 1.4430734010407004e-09, 1.4173581828457206e-09, 1.4392130900494713e-09, 1.3464687066839153e-09, 1.4379943818434717e-09, 9.323885662478481e-10, 3.41303653797149e-09, 1.4115056443133782e-09, 1.4392130900450807e-09, 1.4392130900459287e-09, 1.3620150600247537e-09, 3.126987116837249e-08, 1.4187664395785363e-09, 3.088889646775621e-08, 1.4178703891888012e-09, 1.7964069268279846e-09, 1.3927986857269206e-09, 1.1799370585212059e-09, 1.4062186860665228e-09, 1.3351983134365699e-09, 2.766770831229197e-08, 1.4066021468668908e-09]"
hMpxV/Brazil/SP-IAL-357899878/2024|EPI_ISL_19372763|2024-08-15,"[0.0, 0.0, 1.0, 0.0, 0.0, 0.0, 0.0, 0.0, 0.0, 0.0, 0.0, 0.0, 0.0, 0.0, 0.0, 0.0, 0.0, 0.0, 0.0, 0.0, 0.0, 0.0, 0.0, 0.0, 0.0, 0.0, 0.0, 0.0, 0.0, 0.0, 0.0]"
hMpxV/Brazil/SP-IAL-357911479/2024|EPI_ISL_19372776|2024-08-24,"[0.0, 0.0, 1.0, 0.0, 0.0, 0.0, 0.0, 0.0, 0.0, 0.0, 0.0, 0.0, 0.0, 0.0, 0.0, 0.0, 0.0, 0.0, 0.0, 0.0, 0.0, 0.0, 0.0, 0.0, 0.0, 0.0, 0.0, 0.0, 0.0, 0.0, 0.0]"
NODE_0000087,"[4.752158635023322e-09, 1.5233999331778441e-09, 0.9999998547488295, 1.5366297425024412e-09, 9.958793133780743e-09, 1.530828579392814e-09, 1.850729313838372e-09, 1.5012064735816377e-09, 1.507469892150723e-09, 1.5302203655741934e-09, 1.50091102576217e-09, 1.524758120075983e-09, 1.4263969804660984e-09, 1.52806747439204e-09, 9.920970602914708e-10, 3.5750677083830775e-09, 1.5015035072919258e-09, 1.524758120071242e-09, 1.5247581200721642e-09, 1.4458588850961164e-09, 3.1311495771561263e-08, 1.5054006750726746e-09, 3.116807401678231e-08, 1.5013234689624114e-09, 1.9111702025996564e-09, 1.4762584545115855e-09, 1.2532685749052234e-09, 1.4899427375146012e-09, 1.4150878461224166e-09, 2.8494462538614628e-08, 1.489073615716408e-09]"
hMpxV/Brazil/SP-IAL-357921858/2024|EPI_ISL_19446293|2024-09-01,"[0.0, 0.0, 1.0, 0.0, 0.0, 0.0, 0.0, 0.0, 0.0, 0.0, 0.0, 0.0, 0.0, 0.0, 0.0, 0.0, 0.0, 0.0, 0.0, 0.0, 0.0, 0.0, 0.0, 0.0, 0.0, 0.0, 0.0, 0.0, 0.0, 0.0, 0.0]"
hMpxV/Brazil/SP-IAL-357933783/2024|EPI_ISL_19446300|2024-09-08,"[0.0, 0.0, 1.0, 0.0, 0.0, 0.0, 0.0, 0.0, 0.0, 0.0, 0.0, 0.0, 0.0, 0.0, 0.0, 0.0, 0.0, 0.0, 0.0, 0.0, 0.0, 0.0, 0.0, 0.0, 0.0, 0.0, 0.0, 0.0, 0.0, 0.0, 0.0]"
NODE_0000082,"[5.4085596176924404e-12, 1.2114997118150947e-12, 0.9999999997246237, 1.2118933324595912e-12, 1.482499256081887e-11, 1.2141888246888002e-12, 1.571054428306532e-12, 1.2092519838261537e-12, 1.211409933316514e-12, 1.2126907964053946e-12, 1.2045100454749498e-12, 1.2124948951124903e-12, 1.1383795708580116e-12, 1.2044338960761262e-12, 7.441257880677702e-13, 3.99036511950685e-12, 1.1839944529851644e-12, 1.2124948951063912e-12, 1.2124948951080852e-12, 1.125565707320426e-12, 9.270866931152927e-11, 1.161702287931289e-12, 7.341669999678097e-11, 1.2094264667737613e-12, 1.6001071574057405e-12, 1.1789674613933847e-12, 9.481991803650255e-13, 1.1969500628901612e-12, 1.1164471945453997e-12, 5.632882144344745e-11, 1.2057649970869439e-12]"
hMpxV/Brazil/SP-IAL-357821026/2024|EPI_ISL_19359691|2024-06-18,"[0.0, 0.0, 1.0, 0.0, 0.0, 0.0, 0.0, 0.0, 0.0, 0.0, 0.0, 0.0, 0.0, 0.0, 0.0, 0.0, 0.0, 0.0, 0.0, 0.0, 0.0, 0.0, 0.0, 0.0, 0.0, 0.0, 0.0, 0.0, 0.0, 0.0, 0.0]"
hMpxV/Brazil/SP-IAL-357909129/2024|EPI_ISL_19372769|2024-08-19,"[0.0, 0.0, 1.0, 0.0, 0.0, 0.0, 0.0, 0.0, 0.0, 0.0, 0.0, 0.0, 0.0, 0.0, 0.0, 0.0, 0.0, 0.0, 0.0, 0.0, 0.0, 0.0, 0.0, 0.0, 0.0, 0.0, 0.0, 0.0, 0.0, 0.0, 0.0]"
NODE_0000083,"[1.0272347961831884e-08, 3.2837016786630732e-09, 0.9999996846357603, 3.3108827334874175e-09, 2.159463102823753e-08, 3.298955753852103e-09, 3.990321858248489e-09, 3.2348407027628418e-09, 3.24817701942473e-09, 3.298050278612056e-09, 3.234224956747113e-09, 3.2854986511566453e-09, 3.0733223454896734e-09, 3.295717396024268e-09, 2.1376811167231596e-09, 7.733424639645907e-09, 3.238914305039698e-09, 3.2854986511468705e-09, 3.285498651148712e-09, 3.116148203417404e-09, 6.835411893208185e-08, 3.2430237728699196e-09, 6.792220059437935e-08, 3.235092737334398e-09, 4.1324929297106445e-09, 3.181338990574763e-09, 2.6990205414229884e-09, 3.2108799273274765e-09, 3.0487418120166435e-09, 6.19107816110498e-08, 3.208709942393684e-09]"
hMpxV/Brazil/SP-IAL-357899889/2024|EPI_ISL_19372764|2024-08-15,"[0.0, 0.0, 1.0, 0.0, 0.0, 0.0, 0.0, 0.0, 0.0, 0.0, 0.0, 0.0, 0.0, 0.0, 0.0, 0.0, 0.0, 0.0, 0.0, 0.0, 0.0, 0.0, 0.0, 0.0, 0.0, 0.0, 0.0, 0.0, 0.0, 0.0, 0.0]"
hMpxV/Brazil/SP-IAL-357929674/2024|EPI_ISL_19446297|2024-09-04,"[0.0, 0.0, 1.0, 0.0, 0.0, 0.0, 0.0, 0.0, 0.0, 0.0, 0.0, 0.0, 0.0, 0.0, 0.0, 0.0, 0.0, 0.0, 0.0, 0.0, 0.0, 0.0, 0.0, 0.0, 0.0, 0.0, 0.0, 0.0, 0.0, 0.0, 0.0]"
NODE_0000085,"[1.1547695334411511e-17, 8.182023452235624e-19, 0.9999999999999932, 8.018680249283034e-19, 7.435713639752387e-17, 8.150195584186668e-19, 1.3179810338395766e-18, 8.566966688029519e-19, 8.514665587017018e-19, 8.109166316536377e-19, 8.434495942817267e-19, 8.240512228335337e-19, 7.82614039102029e-19, 7.80871994285537e-19, 4.14255523132599e-19, 7.858531845538144e-18, 7.635651779290443e-19, 8.240512228324615e-19, 8.240512228327928e-19, 7.091384039692111e-19, 4.211792357835669e-15, 7.161258841190783e-19, 1.6215200368304927e-15, 8.5701359618855395e-19, 1.2227086496290393e-18, 8.0915549976162655e-19, 5.483759899737246e-19, 8.378248528353684e-19, 7.399189214220252e-19, 6.641495995702595e-16, 8.687494004077087e-19]"
hMpxV/Brazil/SP-IAL-357980969/2024|EPI_ISL_19524874|2024-09-30,"[0.0, 0.0, 0.9999999999999999, 0.0, 0.0, 0.0, 0.0, 0.0, 0.0, 0.0, 0.0, 0.0, 0.0, 0.0, 0.0, 0.0, 0.0, 0.0, 0.0, 0.0, 0.0, 0.0, 0.0, 0.0, 0.0, 0.0, 0.0, 0.0, 0.0, 0.0, 0.0]"
hMpxV/Brazil/SP-IAL-357928627/2024|EPI_ISL_19446296|2024-09-04,"[0.0, 0.0, 1.0, 0.0, 0.0, 0.0, 0.0, 0.0, 0.0, 0.0, 0.0, 0.0, 0.0, 0.0, 0.0, 0.0, 0.0, 0.0, 0.0, 0.0, 0.0, 0.0, 0.0, 0.0, 0.0, 0.0, 0.0, 0.0, 0.0, 0.0, 0.0]"
hMpxV/Brazil/SP-IAL-357934564/2024|EPI_ISL_19446301|2024-09-09,"[0.0, 0.0, 1.0, 0.0, 0.0, 0.0, 0.0, 0.0, 0.0, 0.0, 0.0, 0.0, 0.0, 0.0, 0.0, 0.0, 0.0, 0.0, 0.0, 0.0, 0.0, 0.0, 0.0, 0.0, 0.0, 0.0, 0.0, 0.0, 0.0, 0.0, 0.0]"
hMpxV/Brazil/SP-IAL-357941922/2024|EPI_ISL_19446305|2024-09-11,"[0.0, 0.0, 0.9999999999999999, 0.0, 0.0, 0.0, 0.0, 0.0, 0.0, 0.0, 0.0, 0.0, 0.0, 0.0, 0.0, 0.0, 0.0, 0.0, 0.0, 0.0, 0.0, 0.0, 0.0, 0.0, 0.0, 0.0, 0.0, 0.0, 0.0, 0.0, 0.0]"
hMpxV/Brazil/SP-IAL-357944650/2024|EPI_ISL_19446308|2024-09-15,"[0.0, 0.0, 0.9999999999999999, 0.0, 0.0, 0.0, 0.0, 0.0, 0.0, 0.0, 0.0, 0.0, 0.0, 0.0, 0.0, 0.0, 0.0, 0.0, 0.0, 0.0, 0.0, 0.0, 0.0, 0.0, 0.0, 0.0, 0.0, 0.0, 0.0, 0.0, 0.0]"
NODE_0000086,"[2.789172651563994e-08, 8.630340525271059e-09, 0.9999991164293371, 8.717063560089564e-09, 5.99025689144929e-08, 8.676551496092665e-09, 1.0581411241126951e-08, 8.534746478671769e-09, 8.56708563852926e-09, 8.669709214621618e-09, 8.531439913522415e-09, 8.657804400656882e-09, 8.100903233087001e-09, 8.612171267474631e-09, 5.576682244429039e-09, 2.0807391834061052e-08, 8.441003400485853e-09, 8.65780440065324e-09, 8.657804400654367e-09, 8.170832220020878e-09, 2.0157899965593758e-07, 8.518293439752632e-09, 1.9726212897335928e-07, 8.535505815120384e-09, 1.0730139964930406e-08, 8.37302965538055e-09, 7.0756535233698065e-09, 8.457727450729368e-09, 8.028604484810345e-09, 1.7215548833737486e-07, 8.470050679192148e-09]"
hMpxV/Brazil/SP-IAL-357996884/2024|EPI_ISL_19524880|2024-10-18,"[0.0, 0.0, 1.0, 0.0, 0.0, 0.0, 0.0, 0.0, 0.0, 0.0, 0.0, 0.0, 0.0, 0.0, 0.0, 0.0, 0.0, 0.0, 0.0, 0.0, 0.0, 0.0, 0.0, 0.0, 0.0, 0.0, 0.0, 0.0, 0.0, 0.0, 0.0]"
hMpxV/Brazil/SP-IAL-357994370/2024|EPI_ISL_19524885|2024-10-16,"[0.0, 0.0, 1.0, 0.0, 0.0, 0.0, 0.0, 0.0, 0.0, 0.0, 0.0, 0.0, 0.0, 0.0, 0.0, 0.0, 0.0, 0.0, 0.0, 0.0, 0.0, 0.0, 0.0, 0.0, 0.0, 0.0, 0.0, 0.0, 0.0, 0.0, 0.0]"
NODE_0000080,"[2.3702660347906583e-19, 1.512481268716579e-20, 0.9999999999999786, 8.961549630298274e-21, 5.589786727312162e-18, 1.1296137796087688e-20, 2.1201004233977753e-20, 9.902331783606892e-21, 9.812566437284203e-21, 9.149469474631521e-21, 9.69695894457557e-21, 9.325966919838883e-21, 8.944209808595856e-21, 1.1629948321207935e-20, 5.847246038545316e-21, 6.189973991663809e-19, 9.214995347232716e-21, 9.325966919825345e-21, 9.325966919830051e-21, 1.0370152977841751e-20, 2.1231486231282597e-14, 7.76559842677554e-21, 7.498438888204894e-17, 9.906886814553402e-21, 1.7673983211403676e-20, 9.359703577514509e-21, 5.938369067597146e-21, 9.765601616123612e-21, 8.338259719071881e-21, 1.0709344196248863e-16, 1.0129290003073283e-20]"
hMpxV/Brazil/RJ-UG_UFRJ_0554/2024|EPI_ISL_19434498|2024-08-21,"[0.0, 0.0, 0.9999999999999999, 0.0, 0.0, 0.0, 0.0, 0.0, 0.0, 0.0, 0.0, 0.0, 0.0, 0.0, 0.0, 0.0, 0.0, 0.0, 0.0, 0.0, 0.0, 0.0, 0.0, 0.0, 0.0, 0.0, 0.0, 0.0, 0.0, 0.0, 0.0]"
hMpxV/Brazil/SP-IAL-357897410/2024|EPI_ISL_19372760|2024-08-13,"[0.0, 0.0, 1.0, 0.0, 0.0, 0.0, 0.0, 0.0, 0.0, 0.0, 0.0, 0.0, 0.0, 0.0, 0.0, 0.0, 0.0, 0.0, 0.0, 0.0, 0.0, 0.0, 0.0, 0.0, 0.0, 0.0, 0.0, 0.0, 0.0, 0.0, 0.0]"
hMpxV/Brazil/SP-IAL-357901450/2024|EPI_ISL_19372766|2024-08-18,"[0.0, 0.0, 0.9999999999999999, 0.0, 0.0, 0.0, 0.0, 0.0, 0.0, 0.0, 0.0, 0.0, 0.0, 0.0, 0.0, 0.0, 0.0, 0.0, 0.0, 0.0, 0.0, 0.0, 0.0, 0.0, 0.0, 0.0, 0.0, 0.0, 0.0, 0.0, 0.0]"
hMpxV/Peru/LIM-INS-579/2024|EPI_ISL_19564180|2024-10-07,"[0.0, 0.0, 0.0, 0.0, 0.0, 0.0, 0.0, 0.0, 0.0, 0.0, 0.0, 0.0, 0.0, 0.0, 0.0, 0.0, 0.0, 0.0, 0.0, 0.0, 1.0, 0.0, 0.0, 0.0, 0.0, 0.0, 0.0, 0.0, 0.0, 0.0, 0.0]"
hMpxV/Brazil/SP-IAL-357981061/2024|EPI_ISL_19524872|2024-10-06,"[0.0, 0.0, 1.0, 0.0, 0.0, 0.0, 0.0, 0.0, 0.0, 0.0, 0.0, 0.0, 0.0, 0.0, 0.0, 0.0, 0.0, 0.0, 0.0, 0.0, 0.0, 0.0, 0.0, 0.0, 0.0, 0.0, 0.0, 0.0, 0.0, 0.0, 0.0]"
hMpxV/Brazil/SP-IAL-357938508/2024|EPI_ISL_19446303|2024-09-10,"[0.0, 0.0, 1.0, 0.0, 0.0, 0.0, 0.0, 0.0, 0.0, 0.0, 0.0, 0.0, 0.0, 0.0, 0.0, 0.0, 0.0, 0.0, 0.0, 0.0, 0.0, 0.0, 0.0, 0.0, 0.0, 0.0, 0.0, 0.0, 0.0, 0.0, 0.0]"
hMpxV/Brazil/SP-IAL-357949045/2024|EPI_ISL_19446312|2024-09-17,"[0.0, 0.0, 1.0, 0.0, 0.0, 0.0, 0.0, 0.0, 0.0, 0.0, 0.0, 0.0, 0.0, 0.0, 0.0, 0.0, 0.0, 0.0, 0.0, 0.0, 0.0, 0.0, 0.0, 0.0, 0.0, 0.0, 0.0, 0.0, 0.0, 0.0, 0.0]"
NODE_0000081,"[2.8651036809351797e-12, 5.798158566978021e-13, 0.9999999998293089, 5.831999629338266e-13, 8.394593366028595e-12, 5.82388822730435e-13, 7.73105578588819e-13, 5.857473709353107e-13, 5.86185493293366e-13, 5.80734885241999e-13, 5.8309221215808e-13, 5.850830936559676e-13, 5.497863632759352e-13, 5.661525007489059e-13, 3.4795403790181783e-13, 2.05444807070233e-12, 5.518874601259187e-13, 5.850830936549808e-13, 5.850830936553086e-13, 5.347715620610374e-13, 6.352432133389897e-11, 5.549520767880779e-13, 4.796322863758613e-11, 5.858521101130764e-13, 7.372645919890947e-13, 5.667213597732268e-13, 4.5022685996584545e-13, 5.768428440104124e-13, 5.376257506990433e-13, 3.2134742589248126e-11, 5.849721466040107e-13]"
hMpxV/Brazil/SP-IAL-357890330/2024|EPI_ISL_19372759|2024-08-07,"[0.0, 0.0, 1.0, 0.0, 0.0, 0.0, 0.0, 0.0, 0.0, 0.0, 0.0, 0.0, 0.0, 0.0, 0.0, 0.0, 0.0, 0.0, 0.0, 0.0, 0.0, 0.0, 0.0, 0.0, 0.0, 0.0, 0.0, 0.0, 0.0, 0.0, 0.0]"
hMpxV/Brazil/SP-IAL-357903502/2024|EPI_ISL_19372771|2024-08-19,"[0.0, 0.0, 1.0, 0.0, 0.0, 0.0, 0.0, 0.0, 0.0, 0.0, 0.0, 0.0, 0.0, 0.0, 0.0, 0.0, 0.0, 0.0, 0.0, 0.0, 0.0, 0.0, 0.0, 0.0, 0.0, 0.0, 0.0, 0.0, 0.0, 0.0, 0.0]"
hMpxV/Brazil/SP-IAL-357909240/2024|EPI_ISL_19372773|2024-08-21,"[0.0, 0.0, 1.0, 0.0, 0.0, 0.0, 0.0, 0.0, 0.0, 0.0, 0.0, 0.0, 0.0, 0.0, 0.0, 0.0, 0.0, 0.0, 0.0, 0.0, 0.0, 0.0, 0.0, 0.0, 0.0, 0.0, 0.0, 0.0, 0.0, 0.0, 0.0]"
NODE_0000015,"[8.196998874110041e-26, 4.69222085622677e-27, 7.071238969188784e-25, 4.655210700466572e-27, 4.014360501289404e-27, 4.664929430238014e-27, 4.9535815094700196e-27, 1.484899562417465e-24, 1.1264390231424167e-19, 2.816164189867271e-26, 3.742036656621872e-26, 4.900980058156139e-27, 3.911774218039771e-24, 2.886608583300811e-25, 1.8571959506314836e-24, 2.1494535005379686e-27, 1.533691882100287e-23, 4.9009800581890185e-27, 4.900980058167204e-27, 1.379541323545108e-26, 1.709776708181051e-25, 1.7191452056482474e-26, 1.0873204819965035e-08, 2.244861616014587e-24, 0.9999999891267951, 4.6460814140089294e-27, 3.776122499178798e-24, 5.211396749667207e-27, 2.94097845422056e-25, 6.897879535731906e-27, 1.0726330446933243e-23]"
hMpxV/China/SZ-CDC/Strain007,"[0.0, 0.0, 0.0, 0.0, 0.0, 0.0, 0.0, 0.0, 0.0, 0.0, 0.0, 0.0, 0.0, 0.0, 0.0, 0.0, 0.0, 0.0, 0.0, 0.0, 0.0, 0.0, 0.0, 0.0, 1.0, 0.0, 0.0, 0.0, 0.0, 0.0, 0.0]"
hMpxV/China/SZ-CDC/Strain069,"[0.0, 0.0, 0.0, 0.0, 0.0, 0.0, 0.0, 0.0, 0.0, 0.0, 0.0, 0.0, 0.0, 0.0, 0.0, 0.0, 0.0, 0.0, 0.0, 0.0, 0.0, 0.0, 0.0, 0.0, 1.0, 0.0, 0.0, 0.0, 0.0, 0.0, 0.0]"
hMpxV/China/SZ-CDC/Strain084,"[0.0, 0.0, 0.0, 0.0, 0.0, 0.0, 0.0, 0.0, 0.0, 0.0, 0.0, 0.0, 0.0, 0.0, 0.0, 0.0, 0.0, 0.0, 0.0, 0.0, 0.0, 0.0, 0.0, 0.0, 1.0, 0.0, 0.0, 0.0, 0.0, 0.0, 0.0]"
hMpxV/China/SZ-CDC/Strain153,"[0.0, 0.0, 0.0, 0.0, 0.0, 0.0, 0.0, 0.0, 0.0, 0.0, 0.0, 0.0, 0.0, 0.0, 0.0, 0.0, 0.0, 0.0, 0.0, 0.0, 0.0, 0.0, 0.0, 0.0, 1.0, 0.0, 0.0, 0.0, 0.0, 0.0, 0.0]"
hMpxV/China/SZ-CDC/Strain163,"[0.0, 0.0, 0.0, 0.0, 0.0, 0.0, 0.0, 0.0, 0.0, 0.0, 0.0, 0.0, 0.0, 0.0, 0.0, 0.0, 0.0, 0.0, 0.0, 0.0, 0.0, 0.0, 0.0, 0.0, 1.0, 0.0, 0.0, 0.0, 0.0, 0.0, 0.0]"
hMpxV/China/SZ-CDC/Strain178,"[0.0, 0.0, 0.0, 0.0, 0.0, 0.0, 0.0, 0.0, 0.0, 0.0, 0.0, 0.0, 0.0, 0.0, 0.0, 0.0, 0.0, 0.0, 0.0, 0.0, 0.0, 0.0, 0.0, 0.0, 1.0, 0.0, 0.0, 0.0, 0.0, 0.0, 0.0]"
hMpxV/Portugal/INSA-PT0629/2023|EPI_ISL_18044983|2023-06-20,"[0.0, 0.0, 0.0, 0.0, 0.0, 0.0, 0.0, 0.0, 0.0, 0.0, 0.0, 0.0, 0.0, 0.0, 0.0, 0.0, 0.0, 0.0, 0.0, 0.0, 0.0, 0.0, 1.0, 0.0, 0.0, 0.0, 0.0, 0.0, 0.0, 0.0, 0.0]"
hMpxV/China/GZ-GCDC_M011/2023|EPI_ISL_19058867|2023-06-07,"[0.0, 0.0, 0.0, 0.0, 0.0, 0.0, 0.0, 0.0, 0.9999999999999999, 0.0, 0.0, 0.0, 0.0, 0.0, 0.0, 0.0, 0.0, 0.0, 0.0, 0.0, 0.0, 0.0, 0.0, 0.0, 0.0, 0.0, 0.0, 0.0, 0.0, 0.0, 0.0]"
hMpxV/Portugal/INSA-PT0691/2023|EPI_ISL_18553837|2023-07-15,"[0.0, 0.0, 0.0, 0.0, 0.0, 0.0, 0.0, 0.0, 0.0, 0.0, 0.0, 0.0, 0.0, 0.0, 0.0, 0.0, 0.0, 0.0, 0.0, 0.0, 0.0, 0.0, 1.0, 0.0, 0.0, 0.0, 0.0, 0.0, 0.0, 0.0, 0.0]"
hMpxV/Portugal/INSA-PT0660/2023|EPI_ISL_18228621|2023-07-26,"[0.0, 0.0, 0.0, 0.0, 0.0, 0.0, 0.0, 0.0, 0.0, 0.0, 0.0, 0.0, 0.0, 0.0, 0.0, 0.0, 0.0, 0.0, 0.0, 0.0, 0.0, 0.0, 1.0, 0.0, 0.0, 0.0, 0.0, 0.0, 0.0, 0.0, 0.0]"
NODE_0000032,"[8.517016217650117e-09, 2.3070778435800002e-09, 2.7853148055768464e-09, 2.3404645644463498e-09, 2.125404494569194e-09, 2.320207014164494e-09, 2.3159154453541254e-09, 1.6019036939854693e-08, 3.0413866448641675e-08, 2.3440250737956274e-09, 4.598709810519265e-09, 2.3256968266761725e-09, 2.2258527032047722e-08, 2.36421515574247e-09, 1.832969431392214e-08, 1.7237795731028035e-09, 9.633017171174329e-09, 2.3256968266803287e-09, 2.325696826677306e-09, 2.186633059856869e-09, 2.414479200280276e-09, 3.943082122224948e-09, 6.018413655246826e-07, 1.603668720595141e-08, 0.9999991650769704, 2.24232893797389e-09, 2.4651284088394973e-08, 2.2753113170158324e-09, 9.644000498876912e-09, 2.1302380008745545e-09, 3.018425727046423e-08]"
hMpxV/China/SZ-CDC/Strain015,"[0.0, 0.0, 0.0, 0.0, 0.0, 0.0, 0.0, 0.0, 0.0, 0.0, 0.0, 0.0, 0.0, 0.0, 0.0, 0.0, 0.0, 0.0, 0.0, 0.0, 0.0, 0.0, 0.0, 0.0, 0.9999999999999999, 0.0, 0.0, 0.0, 0.0, 0.0, 0.0]"
hMpxV/China/SZ-CDC/Strain061,"[0.0, 0.0, 0.0, 0.0, 0.0, 0.0, 0.0, 0.0, 0.0, 0.0, 0.0, 0.0, 0.0, 0.0, 0.0, 0.0, 0.0, 0.0, 0.0, 0.0, 0.0, 0.0, 0.0, 0.0, 0.9999999999999999, 0.0, 0.0, 0.0, 0.0, 0.0, 0.0]"
NODE_0000033,"[1.4437282096436744e-09, 3.218547816689373e-10, 4.201725176878088e-10, 3.266216762341849e-10, 2.9638353689202675e-10, 3.232010941859611e-10, 3.2384641771901684e-10, 3.0958992377148813e-09, 6.662208334762949e-09, 3.3292325081044724e-10, 7.156199177680256e-10, 3.2478692298247704e-10, 4.6057426369183684e-09, 3.4902215650246893e-10, 3.789992981473654e-09, 2.3609206312967314e-10, 1.7187903393506656e-09, 3.2478692298305317e-10, 3.247869229826364e-10, 3.053215895295263e-10, 3.79576345592247e-10, 5.904960261237811e-10, 2.7208938092142735e-07, 3.1046447379250193e-09, 0.9999996831075881, 3.129669092841207e-10, 5.204728522835396e-09, 3.201213050836965e-10, 1.7032399326144329e-09, 2.860480119958698e-10, 6.659427636138219e-09]"
hMpxV/China/SZ-CDC/Strain076,"[0.0, 0.0, 0.0, 0.0, 0.0, 0.0, 0.0, 0.0, 0.0, 0.0, 0.0, 0.0, 0.0, 0.0, 0.0, 0.0, 0.0, 0.0, 0.0, 0.0, 0.0, 0.0, 0.0, 0.0, 0.9999999999999999, 0.0, 0.0, 0.0, 0.0, 0.0, 0.0]"
hMpxV/China/SZ-CDC/Strain087,"[0.0, 0.0, 0.0, 0.0, 0.0, 0.0, 0.0, 0.0, 0.0, 0.0, 0.0, 0.0, 0.0, 0.0, 0.0, 0.0, 0.0, 0.0, 0.0, 0.0, 0.0, 0.0, 0.0, 0.0, 1.0, 0.0, 0.0, 0.0, 0.0, 0.0, 0.0]"
hMpxV/China/SZ-CDC/Strain122,"[0.0, 0.0, 0.0, 0.0, 0.0, 0.0, 0.0, 0.0, 0.0, 0.0, 0.0, 0.0, 0.0, 0.0, 0.0, 0.0, 0.0, 0.0, 0.0, 0.0, 0.0, 0.0, 0.0, 0.0, 0.9999999999999999, 0.0, 0.0, 0.0, 0.0, 0.0, 0.0]"
NODE_0000034,"[1.0791014458015284e-36, 3.5759535521064306e-36, 2.1277066129052136e-30, 3.6213061906351935e-36, 3.0216224023389624e-36, 3.595529991025595e-36, 3.7232489230141734e-36, 9.717364829398864e-36, 1.388720504454941e-35, 5.7075549745976326e-34, 5.126882198457129e-36, 3.7120574560499136e-36, 1.0204051188066117e-35, 3.9919668711151875e-31, 3.0028210329764707e-36, 1.580635958525558e-36, 9.949848929010488e-31, 3.712057456054885e-36, 3.712057456053078e-36, 1.4094130340669361e-34, 4.276345985012945e-34, 3.812895090060918e-36, 1.0, 9.751166456472684e-36, 2.4182231082287162e-23, 3.429120260732397e-36, 5.8231288203788216e-36, 3.8426066941366616e-36, 5.835283190267201e-36, 2.2295923885021507e-34, 1.422485415723127e-35]"
hMpxV/Portugal/INSA-PT0769/2023|EPI_ISL_18702222|2023-10-12,"[0.0, 0.0, 0.0, 0.0, 0.0, 0.0, 0.0, 0.0, 0.0, 0.0, 0.0, 0.0, 0.0, 0.0, 0.0, 0.0, 0.0, 0.0, 0.0, 0.0, 0.0, 0.0, 1.0, 0.0, 0.0, 0.0, 0.0, 0.0, 0.0, 0.0, 0.0]"
hMpxV/Portugal/INSA-PT0774/2023|EPI_ISL_18702226|2023-10-18,"[0.0, 0.0, 0.0, 0.0, 0.0, 0.0, 0.0, 0.0, 0.0, 0.0, 0.0, 0.0, 0.0, 0.0, 0.0, 0.0, 0.0, 0.0, 0.0, 0.0, 0.0, 0.0, 1.0, 0.0, 0.0, 0.0, 0.0, 0.0, 0.0, 0.0, 0.0]"
hMpxV/Portugal/INSA-PT0748/2023|EPI_ISL_18702230|2023-09-29,"[0.0, 0.0, 0.0, 0.0, 0.0, 0.0, 0.0, 0.0, 0.0, 0.0, 0.0, 0.0, 0.0, 0.0, 0.0, 0.0, 0.0, 0.0, 0.0, 0.0, 0.0, 0.0, 1.0, 0.0, 0.0, 0.0, 0.0, 0.0, 0.0, 0.0, 0.0]"
hMpxV/Portugal/INSA-PT0738/2023|EPI_ISL_18702236|2023-09-22,"[0.0, 0.0, 0.0, 0.0, 0.0, 0.0, 0.0, 0.0, 0.0, 0.0, 0.0, 0.0, 0.0, 0.0, 0.0, 0.0, 0.0, 0.0, 0.0, 0.0, 0.0, 0.0, 1.0, 0.0, 0.0, 0.0, 0.0, 0.0, 0.0, 0.0, 0.0]"
hMpxV/Portugal/INSA-PT0759/2023|EPI_ISL_18702238|2023-10-10,"[0.0, 0.0, 0.0, 0.0, 0.0, 0.0, 0.0, 0.0, 0.0, 0.0, 0.0, 0.0, 0.0, 0.0, 0.0, 0.0, 0.0, 0.0, 0.0, 0.0, 0.0, 0.0, 1.0, 0.0, 0.0, 0.0, 0.0, 0.0, 0.0, 0.0, 0.0]"
hMpxV/Portugal/INSA-PT0784/2023|EPI_ISL_18702240|2023-11-01,"[0.0, 0.0, 0.0, 0.0, 0.0, 0.0, 0.0, 0.0, 0.0, 0.0, 0.0, 0.0, 0.0, 0.0, 0.0, 0.0, 0.0, 0.0, 0.0, 0.0, 0.0, 0.0, 1.0, 0.0, 0.0, 0.0, 0.0, 0.0, 0.0, 0.0, 0.0]"
hMpxV/Portugal/INSA-PT0754/2023|EPI_ISL_18702244|2023-10-04,"[0.0, 0.0, 0.0, 0.0, 0.0, 0.0, 0.0, 0.0, 0.0, 0.0, 0.0, 0.0, 0.0, 0.0, 0.0, 0.0, 0.0, 0.0, 0.0, 0.0, 0.0, 0.0, 0.9999999999999999, 0.0, 0.0, 0.0, 0.0, 0.0, 0.0, 0.0, 0.0]"
hMpxV/Portugal/INSA-PT0752/2023|EPI_ISL_18702247|2023-10-03,"[0.0, 0.0, 0.0, 0.0, 0.0, 0.0, 0.0, 0.0, 0.0, 0.0, 0.0, 0.0, 0.0, 0.0, 0.0, 0.0, 0.0, 0.0, 0.0, 0.0, 0.0, 0.0, 1.0, 0.0, 0.0, 0.0, 0.0, 0.0, 0.0, 0.0, 0.0]"
hMpxV/Portugal/INSA-PT0776/2023|EPI_ISL_18702249|2023-10-20,"[0.0, 0.0, 0.0, 0.0, 0.0, 0.0, 0.0, 0.0, 0.0, 0.0, 0.0, 0.0, 0.0, 0.0, 0.0, 0.0, 0.0, 0.0, 0.0, 0.0, 0.0, 0.0, 1.0, 0.0, 0.0, 0.0, 0.0, 0.0, 0.0, 0.0, 0.0]"
hMpxV/Portugal/INSA-PT0736/2023|EPI_ISL_18702255|2023-09-19,"[0.0, 0.0, 0.0, 0.0, 0.0, 0.0, 0.0, 0.0, 0.0, 0.0, 0.0, 0.0, 0.0, 0.0, 0.0, 0.0, 0.0, 0.0, 0.0, 0.0, 0.0, 0.0, 1.0, 0.0, 0.0, 0.0, 0.0, 0.0, 0.0, 0.0, 0.0]"
hMpxV/Portugal/INSA-PT0727/2023|EPI_ISL_18553826|2023-09-12,"[0.0, 0.0, 0.0, 0.0, 0.0, 0.0, 0.0, 0.0, 0.0, 0.0, 0.0, 0.0, 0.0, 0.0, 0.0, 0.0, 0.0, 0.0, 0.0, 0.0, 0.0, 0.0, 0.9999999999999999, 0.0, 0.0, 0.0, 0.0, 0.0, 0.0, 0.0, 0.0]"
hMpxV/Portugal/INSA-PT0724/2023|EPI_ISL_18553813|2023-09-08,"[0.0, 0.0, 0.0, 0.0, 0.0, 0.0, 0.0, 0.0, 0.0, 0.0, 0.0, 0.0, 0.0, 0.0, 0.0, 0.0, 0.0, 0.0, 0.0, 0.0, 0.0, 0.0, 0.9999999999999999, 0.0, 0.0, 0.0, 0.0, 0.0, 0.0, 0.0, 0.0]"
NODE_0000035,"[0.0006498190238023998, 0.0004828119560739291, 0.0007126098830094544, 0.000495069907553011, 0.00044381256830116527, 0.0004872677174863821, 0.00048121272532061034, 0.0009485938476652172, 0.0012107135974083285, 0.000580005791014275, 0.0006037016374115569, 0.0004848105336504129, 0.0012037459032125028, 0.001164743439504524, 0.0007783799223660178, 0.00035975760863609524, 0.02106254065090576, 0.0004848105336504459, 0.00048481053365042465, 0.0005296415341534575, 0.0002820946138995562, 0.0006096523780068995, 0.04444671950583307, 0.0009489548123550815, 0.9153688116016161, 0.0004624057589836594, 0.0010301974691202134, 0.0005927340290439015, 0.0007678331448316341, 0.0006599805061615333, 0.0011817568653723254]"
hMpxV/China/SZ-CDC/Strain123,"[0.0, 0.0, 0.0, 0.0, 0.0, 0.0, 0.0, 0.0, 0.0, 0.0, 0.0, 0.0, 0.0, 0.0, 0.0, 0.0, 0.0, 0.0, 0.0, 0.0, 0.0, 0.0, 0.0, 0.0, 1.0, 0.0, 0.0, 0.0, 0.0, 0.0, 0.0]"
hMpxV/Netherlands/un-EMC-NL110/2024|EPI_ISL_19470168|2024-08-07,"[0.0, 0.0, 0.0, 0.0, 0.0, 0.0, 0.0, 0.0, 0.0, 0.0, 0.0, 0.0, 0.0, 0.0, 0.0, 0.0, 0.9999999999999999, 0.0, 0.0, 0.0, 0.0, 0.0, 0.0, 0.0, 0.0, 0.0, 0.0, 0.0, 0.0, 0.0, 0.0]"
NODE_0000042,"[6.823578948857749e-12, 1.0816430769418162e-11, 4.320274575778159e-10, 1.1099408811057935e-11, 9.812786323139013e-12, 1.0931278369079e-11, 1.08154367750546e-11, 1.1027781500175983e-11, 1.1363300141884089e-11, 4.565148530206885e-11, 1.071515598537195e-11, 1.0894264346921691e-11, 1.0514351282811884e-11, 2.905794804413625e-10, 6.645534708569718e-12, 7.574773913691955e-12, 3.0620637815661366e-10, 1.0894264346934372e-11, 1.0894264346929498e-11, 3.105347752879387e-11, 1.7805944538316747e-11, 1.1091276372585791e-11, 0.9999999884940118, 1.1029340361570939e-11, 1.0119208448525925e-08, 1.0327977680809118e-11, 9.134184325185882e-12, 1.0510380808689047e-11, 1.017389526401527e-11, 3.926425260399125e-11, 1.1101459403438058e-11]"
hMpxV/Portugal/INSA-PT0814/2024|EPI_ISL_18993959|2024-01-15,"[0.0, 0.0, 0.0, 0.0, 0.0, 0.0, 0.0, 0.0, 0.0, 0.0, 0.0, 0.0, 0.0, 0.0, 0.0, 0.0, 0.0, 0.0, 0.0, 0.0, 0.0, 0.0, 1.0, 0.0, 0.0, 0.0, 0.0, 0.0, 0.0, 0.0, 0.0]"
hMpxV/Portugal/INSA-PT0807/2023|EPI_ISL_18993961|2023-12-27,"[0.0, 0.0, 0.0, 0.0, 0.0, 0.0, 0.0, 0.0, 0.0, 0.0, 0.0, 0.0, 0.0, 0.0, 0.0, 0.0, 0.0, 0.0, 0.0, 0.0, 0.0, 0.0, 1.0, 0.0, 0.0, 0.0, 0.0, 0.0, 0.0, 0.0, 0.0]"
hMpxV/Portugal/INSA-PT0809/2023|EPI_ISL_18993967|2023-12-21,"[0.0, 0.0, 0.0, 0.0, 0.0, 0.0, 0.0, 0.0, 0.0, 0.0, 0.0, 0.0, 0.0, 0.0, 0.0, 0.0, 0.0, 0.0, 0.0, 0.0, 0.0, 0.0, 0.9999999999999999, 0.0, 0.0, 0.0, 0.0, 0.0, 0.0, 0.0, 0.0]"
NODE_0000036,"[1.4192424627319672e-28, 5.092297102010264e-28, 8.3320105148207e-24, 5.196145205929379e-28, 4.337821046502575e-28, 5.1463601223316915e-28, 5.20266722248972e-28, 5.688527460382801e-28, 5.934263659677007e-28, 2.213847855005122e-26, 5.320115794764135e-28, 5.225299284722851e-28, 5.134278884265693e-28, 2.6351078420328868e-24, 1.9970570631639816e-28, 2.678019487734686e-28, 3.0807649484635036e-24, 5.2252992847305e-28, 5.225299284727518e-28, 8.043186812758373e-27, 1.0701468663432872e-26, 4.761108230747519e-28, 1.0, 5.691091925461369e-28, 2.2464366631760293e-20, 4.865167092470242e-28, 3.34084202081841e-28, 5.1382699533529e-28, 4.617866460930094e-28, 1.1915784035150265e-26, 5.915957955317842e-28]"
hMpxV/Portugal/INSA-PT0739/2023|EPI_ISL_18702212|2023-09-24,"[0.0, 0.0, 0.0, 0.0, 0.0, 0.0, 0.0, 0.0, 0.0, 0.0, 0.0, 0.0, 0.0, 0.0, 0.0, 0.0, 0.0, 0.0, 0.0, 0.0, 0.0, 0.0, 0.9999999999999999, 0.0, 0.0, 0.0, 0.0, 0.0, 0.0, 0.0, 0.0]"
hMpxV/Portugal/INSA-PT0793/2023|EPI_ISL_18702221|2023-11-07,"[0.0, 0.0, 0.0, 0.0, 0.0, 0.0, 0.0, 0.0, 0.0, 0.0, 0.0, 0.0, 0.0, 0.0, 0.0, 0.0, 0.0, 0.0, 0.0, 0.0, 0.0, 0.0, 1.0, 0.0, 0.0, 0.0, 0.0, 0.0, 0.0, 0.0, 0.0]"
hMpxV/Portugal/INSA-PT0744/2023|EPI_ISL_18702231|2023-09-26,"[0.0, 0.0, 0.0, 0.0, 0.0, 0.0, 0.0, 0.0, 0.0, 0.0, 0.0, 0.0, 0.0, 0.0, 0.0, 0.0, 0.0, 0.0, 0.0, 0.0, 0.0, 0.0, 1.0, 0.0, 0.0, 0.0, 0.0, 0.0, 0.0, 0.0, 0.0]"
hMpxV/Portugal/INSA-PT0740/2023|EPI_ISL_18702250|2023-09-22,"[0.0, 0.0, 0.0, 0.0, 0.0, 0.0, 0.0, 0.0, 0.0, 0.0, 0.0, 0.0, 0.0, 0.0, 0.0, 0.0, 0.0, 0.0, 0.0, 0.0, 0.0, 0.0, 0.9999999999999999, 0.0, 0.0, 0.0, 0.0, 0.0, 0.0, 0.0, 0.0]"
hMpxV/Portugal/INSA-PT0771/2023|EPI_ISL_18702256|2023-10-12,"[0.0, 0.0, 0.0, 0.0, 0.0, 0.0, 0.0, 0.0, 0.0, 0.0, 0.0, 0.0, 0.0, 0.0, 0.0, 0.0, 0.0, 0.0, 0.0, 0.0, 0.0, 0.0, 0.9999999999999999, 0.0, 0.0, 0.0, 0.0, 0.0, 0.0, 0.0, 0.0]"
NODE_0000038,"[1.278460518480057e-09, 1.848616636231726e-09, 3.264648625107122e-08, 1.8995715804201737e-09, 1.6780440108372772e-09, 1.8692091342872586e-09, 1.8428618608207877e-09, 1.832891012069276e-09, 1.871374259467591e-09, 5.785786554025086e-09, 1.8109152607314185e-09, 1.8584333329930684e-09, 1.750009911777662e-09, 2.4673024222605228e-08, 1.1774491310043403e-09, 1.3340605713247468e-09, 2.5594876507235015e-08, 1.8584333329951473e-09, 1.858433332994346e-09, 4.272601354913213e-09, 2.1900386269544065e-09, 1.913419889693495e-09, 0.9999994740600422, 1.8329657191798102e-09, 3.8736665949423336e-07, 1.764967196679491e-09, 1.5797042607241732e-09, 1.7819656112085848e-09, 1.7287119986986416e-09, 5.2171405687986354e-09, 1.8228455394033773e-09]"
hMpxV/Portugal/INSA-PT0800/2023|EPI_ISL_18702209|2023-11-18,"[0.0, 0.0, 0.0, 0.0, 0.0, 0.0, 0.0, 0.0, 0.0, 0.0, 0.0, 0.0, 0.0, 0.0, 0.0, 0.0, 0.0, 0.0, 0.0, 0.0, 0.0, 0.0, 1.0, 0.0, 0.0, 0.0, 0.0, 0.0, 0.0, 0.0, 0.0]"
hMpxV/Portugal/INSA-PT0787/2023|EPI_ISL_18702223|2023-11-02,"[0.0, 0.0, 0.0, 0.0, 0.0, 0.0, 0.0, 0.0, 0.0, 0.0, 0.0, 0.0, 0.0, 0.0, 0.0, 0.0, 0.0, 0.0, 0.0, 0.0, 0.0, 0.0, 1.0, 0.0, 0.0, 0.0, 0.0, 0.0, 0.0, 0.0, 0.0]"
NODE_0000041,"[4.5719153036100245e-10, 6.744054251848466e-10, 1.2713580050443117e-08, 6.93196632144481e-10, 6.090849974807656e-10, 6.821201488741928e-10, 6.724279989978744e-10, 6.63406834152137e-10, 6.744023012365358e-10, 2.1837670505644905e-09, 6.595642517453338e-10, 6.783633669259303e-10, 6.307600744047725e-10, 9.590060010739899e-09, 4.212363812419477e-10, 4.827985573928588e-10, 9.951915662421023e-09, 6.783633669266952e-10, 6.783633669264026e-10, 1.599620956941989e-09, 8.285117593815897e-10, 6.961552596800323e-10, 0.9999997910905178, 6.634289442842836e-10, 1.5623848437514884e-07, 6.438994713294881e-10, 5.672561433065291e-10, 6.493380259890062e-10, 6.265689305732937e-10, 1.9442167848686075e-09, 6.569936234497654e-10]"
hMpxV/Portugal/INSA-PT0767/2023|EPI_ISL_18702237|2023-10-13,"[0.0, 0.0, 0.0, 0.0, 0.0, 0.0, 0.0, 0.0, 0.0, 0.0, 0.0, 0.0, 0.0, 0.0, 0.0, 0.0, 0.0, 0.0, 0.0, 0.0, 0.0, 0.0, 0.9999999999999999, 0.0, 0.0, 0.0, 0.0, 0.0, 0.0, 0.0, 0.0]"
hMpxV/Portugal/INSA-PT0781/2023|EPI_ISL_18702251|2023-10-26,"[0.0, 0.0, 0.0, 0.0, 0.0, 0.0, 0.0, 0.0, 0.0, 0.0, 0.0, 0.0, 0.0, 0.0, 0.0, 0.0, 0.0, 0.0, 0.0, 0.0, 0.0, 0.0, 1.0, 0.0, 0.0, 0.0, 0.0, 0.0, 0.0, 0.0, 0.0]"
NODE_0000037,"[6.199834534024831e-10, 6.986378167291482e-10, 3.0554790649875323e-07, 7.098780657143069e-10, 9.949317804762838e-10, 7.039368942883606e-10, 7.247602502947516e-10, 6.933929848334797e-10, 7.060240410334463e-10, 2.2070217128972874e-09, 6.843326148286992e-10, 6.984741004704742e-10, 6.569732240536933e-10, 9.595143985953612e-09, 4.2607055170725015e-10, 6.510781362156118e-10, 1.002479160401341e-08, 6.984741004712506e-10, 6.984741004709524e-10, 1.6073118133805431e-09, 2.151554172911258e-09, 7.039662868514326e-10, 0.9999994862656754, 6.934436519266833e-10, 1.635107302742928e-07, 6.679079366308386e-10, 5.709950913410472e-10, 6.765082922109123e-10, 6.446010993219606e-10, 4.0757591968669316e-09, 6.912608006597259e-10]"
hMpxV/Brazil/SP-IAL-357531200/2024|EPI_ISL_19359677|2024-02-27,"[0.0, 0.0, 1.0, 0.0, 0.0, 0.0, 0.0, 0.0, 0.0, 0.0, 0.0, 0.0, 0.0, 0.0, 0.0, 0.0, 0.0, 0.0, 0.0, 0.0, 0.0, 0.0, 0.0, 0.0, 0.0, 0.0, 0.0, 0.0, 0.0, 0.0, 0.0]"
hMpxV/Portugal/INSA-PT0772/2023|EPI_ISL_18702224|2023-10-12,"[0.0, 0.0, 0.0, 0.0, 0.0, 0.0, 0.0, 0.0, 0.0, 0.0, 0.0, 0.0, 0.0, 0.0, 0.0, 0.0, 0.0, 0.0, 0.0, 0.0, 0.0, 0.0, 1.0, 0.0, 0.0, 0.0, 0.0, 0.0, 0.0, 0.0, 0.0]"
hMpxV/Portugal/INSA-PT0794/2023|EPI_ISL_18702227|2023-11-09,"[0.0, 0.0, 0.0, 0.0, 0.0, 0.0, 0.0, 0.0, 0.0, 0.0, 0.0, 0.0, 0.0, 0.0, 0.0, 0.0, 0.0, 0.0, 0.0, 0.0, 0.0, 0.0, 0.9999999999999999, 0.0, 0.0, 0.0, 0.0, 0.0, 0.0, 0.0, 0.0]"
NODE_0000039,"[1.8099970898689987e-18, 3.8274724109999086e-18, 1.2195969184191175e-15, 3.9207118911174125e-18, 3.388683735386118e-18, 3.868748755209837e-18, 3.855549964889342e-18, 4.007393066248631e-18, 4.137072784410597e-18, 3.6367073942239785e-17, 3.856921803949792e-18, 3.880710539010913e-18, 3.741986151230327e-18, 6.360043537099359e-16, 1.9979781803928596e-18, 2.4209342468576386e-18, 6.943033196941078e-16, 3.880710539019583e-18, 3.880710539016258e-18, 1.9898739550765885e-17, 1.526844724543069e-17, 3.79756163219598e-18, 0.9999999999998518, 4.008286626642942e-18, 1.454383969389377e-13, 3.65532353459268e-18, 2.941210130907193e-18, 3.764297888457636e-18, 3.542598520016856e-18, 2.645071241887161e-17, 4.069755936544671e-18]"
hMpxV/Portugal/INSA-PT0770/2023|EPI_ISL_18702219|2023-10-12,"[0.0, 0.0, 0.0, 0.0, 0.0, 0.0, 0.0, 0.0, 0.0, 0.0, 0.0, 0.0, 0.0, 0.0, 0.0, 0.0, 0.0, 0.0, 0.0, 0.0, 0.0, 0.0, 0.9999999999999999, 0.0, 0.0, 0.0, 0.0, 0.0, 0.0, 0.0, 0.0]"
hMpxV/Portugal/INSA-PT0783/2023|EPI_ISL_18702229|2023-10-29,"[0.0, 0.0, 0.0, 0.0, 0.0, 0.0, 0.0, 0.0, 0.0, 0.0, 0.0, 0.0, 0.0, 0.0, 0.0, 0.0, 0.0, 0.0, 0.0, 0.0, 0.0, 0.0, 1.0, 0.0, 0.0, 0.0, 0.0, 0.0, 0.0, 0.0, 0.0]"
hMpxV/Portugal/INSA-PT0768/2023|EPI_ISL_18702248|2023-10-12,"[0.0, 0.0, 0.0, 0.0, 0.0, 0.0, 0.0, 0.0, 0.0, 0.0, 0.0, 0.0, 0.0, 0.0, 0.0, 0.0, 0.0, 0.0, 0.0, 0.0, 0.0, 0.0, 0.9999999999999999, 0.0, 0.0, 0.0, 0.0, 0.0, 0.0, 0.0, 0.0]"
hMpxV/Portugal/INSA-PT0806/2023|EPI_ISL_18993964|2023-11-30,"[0.0, 0.0, 0.0, 0.0, 0.0, 0.0, 0.0, 0.0, 0.0, 0.0, 0.0, 0.0, 0.0, 0.0, 0.0, 0.0, 0.0, 0.0, 0.0, 0.0, 0.0, 0.0, 1.0, 0.0, 0.0, 0.0, 0.0, 0.0, 0.0, 0.0, 0.0]"
NODE_0000040,"[5.68950188233202e-10, 8.304015692627756e-10, 1.5091695144099924e-08, 8.534154694837495e-10, 7.519555819064094e-10, 8.39773453485473e-10, 8.278808119439189e-10, 8.201183975353724e-10, 8.35535918358678e-10, 2.638839222435887e-09, 8.127927763466087e-10, 8.350277301513193e-10, 7.814388251901803e-10, 1.1397431210975467e-08, 5.239779498600498e-10, 5.970184471504061e-10, 1.1824861672803616e-08, 8.35027730152269e-10, 8.350277301519057e-10, 1.9417233949560384e-09, 9.999089270772155e-10, 8.584246635816271e-10, 0.9999997548457091, 8.201505440573584e-10, 1.8178215221050738e-07, 7.928337925084077e-10, 7.042097728325135e-10, 8.000003483917797e-10, 7.74091495790564e-10, 2.3657157371472514e-09, 8.139102169992116e-10]"
hMpxV/Portugal/INSA-PT0803/2023|EPI_ISL_18702217|2023-11-28,"[0.0, 0.0, 0.0, 0.0, 0.0, 0.0, 0.0, 0.0, 0.0, 0.0, 0.0, 0.0, 0.0, 0.0, 0.0, 0.0, 0.0, 0.0, 0.0, 0.0, 0.0, 0.0, 0.9999999999999999, 0.0, 0.0, 0.0, 0.0, 0.0, 0.0, 0.0, 0.0]"
hMpxV/Portugal/INSA-PT0799/2023|EPI_ISL_18702252|2023-11-20,"[0.0, 0.0, 0.0, 0.0, 0.0, 0.0, 0.0, 0.0, 0.0, 0.0, 0.0, 0.0, 0.0, 0.0, 0.0, 0.0, 0.0, 0.0, 0.0, 0.0, 0.0, 0.0, 0.9999999999999999, 0.0, 0.0, 0.0, 0.0, 0.0, 0.0, 0.0, 0.0]"
NODE_0000043,"[8.747632363182256e-07, 7.150618473968342e-07, 5.012360222569369e-06, 7.314894800227148e-07, 6.536182743448221e-07, 7.216363045140663e-07, 7.144647883890298e-07, 1.3677603368645813e-06, 1.7223622092746617e-06, 1.5145373675324555e-06, 8.90082044919968e-07, 7.193778026308603e-07, 1.4834891677588492e-06, 3.937774089293598e-06, 1.0709766489544668e-06, 5.237001441145492e-07, 6.471935904941703e-06, 7.193778026310016e-07, 7.193778026309376e-07, 1.2133555020968856e-06, 8.029545351196067e-07, 8.769169317861515e-07, 0.9924593930717587, 1.3682758150490027e-06, 0.0074987899670959654, 6.868340129965876e-07, 1.435965836057512e-06, 6.949254801336528e-07, 1.1088413751921042e-06, 1.3766043922473386e-06, 1.6881417893873444e-06]"
hMpxV/Portugal/INSA-PT0702/2023|EPI_ISL_18553847|2023-08-08,"[0.0, 0.0, 0.0, 0.0, 0.0, 0.0, 0.0, 0.0, 0.0, 0.0, 0.0, 0.0, 0.0, 0.0, 0.0, 0.0, 0.0, 0.0, 0.0, 0.0, 0.0, 0.0, 1.0, 0.0, 0.0, 0.0, 0.0, 0.0, 0.0, 0.0, 0.0]"
NODE_0000044,"[7.950792028301565e-36, 2.6143302664273565e-35, 1.4141630148852128e-29, 2.5950013173671324e-35, 2.3856878801021426e-35, 2.62139753237592e-35, 2.726675076794438e-35, 6.036898855636749e-35, 7.961100205449861e-35, 5.50079947093838e-32, 3.5558856648440716e-35, 2.693072164810893e-35, 5.810417703755643e-35, 2.897347324374685e-27, 1.6149755639611642e-35, 1.8564656442920666e-35, 1.6175940697173092e-29, 2.69307216481482e-35, 2.693072164813169e-35, 8.411864211162248e-34, 1.7249279412753946e-32, 2.521086836727025e-35, 1.0, 6.044322430648674e-35, 4.918585896906681e-23, 3.1638026718116275e-35, 2.7642073437608954e-35, 3.512833257034361e-35, 3.542554421561494e-35, 1.6713979434846969e-32, 8.160171364590051e-35]"
hMpxV/Portugal/INSA-PT0633/2023|EPI_ISL_18044987|2023-06-25,"[0.0, 0.0, 0.0, 0.0, 0.0, 0.0, 0.0, 0.0, 0.0, 0.0, 0.0, 0.0, 0.0, 0.0, 0.0, 0.0, 0.0, 0.0, 0.0, 0.0, 0.0, 0.0, 0.9999999999999999, 0.0, 0.0, 0.0, 0.0, 0.0, 0.0, 0.0, 0.0]"
hMpxV/Germany/BY-IMB-2541/2023|EPI_ISL_18627266|2023-11-22,"[0.0, 0.0, 0.0, 0.0, 0.0, 0.0, 0.0, 0.0, 0.0, 0.9999999999999999, 0.0, 0.0, 0.0, 0.0, 0.0, 0.0, 0.0, 0.0, 0.0, 0.0, 0.0, 0.0, 0.0, 0.0, 0.0, 0.0, 0.0, 0.0, 0.0, 0.0, 0.0]"
hMpxV/Portugal/INSA-PT0646/2023|EPI_ISL_18076389|2023-07-07,"[0.0, 0.0, 0.0, 0.0, 0.0, 0.0, 0.0, 0.0, 0.0, 0.0, 0.0, 0.0, 0.0, 0.0, 0.0, 0.0, 0.0, 0.0, 0.0, 0.0, 0.0, 0.0, 1.0, 0.0, 0.0, 0.0, 0.0, 0.0, 0.0, 0.0, 0.0]"
hMpxV/Portugal/INSA-PT0685/2023|EPI_ISL_18553816|2023-07-13,"[0.0, 0.0, 0.0, 0.0, 0.0, 0.0, 0.0, 0.0, 0.0, 0.0, 0.0, 0.0, 0.0, 0.0, 0.0, 0.0, 0.0, 0.0, 0.0, 0.0, 0.0, 0.0, 1.0, 0.0, 0.0, 0.0, 0.0, 0.0, 0.0, 0.0, 0.0]"
hMpxV/Portugal/INSA-PT0689/2023|EPI_ISL_18553822|2023-07-17,"[0.0, 0.0, 0.0, 0.0, 0.0, 0.0, 0.0, 0.0, 0.0, 0.0, 0.0, 0.0, 0.0, 0.0, 0.0, 0.0, 0.0, 0.0, 0.0, 0.0, 0.0, 0.0, 1.0, 0.0, 0.0, 0.0, 0.0, 0.0, 0.0, 0.0, 0.0]"
hMpxV/Portugal/INSA-PT0716/2023|EPI_ISL_18553820|2023-08-31,"[0.0, 0.0, 0.0, 0.0, 0.0, 0.0, 0.0, 0.0, 0.0, 0.0, 0.0, 0.0, 0.0, 0.0, 0.0, 0.0, 0.0, 0.0, 0.0, 0.0, 0.0, 0.0, 1.0, 0.0, 0.0, 0.0, 0.0, 0.0, 0.0, 0.0, 0.0]"
hMpxV/Portugal/INSA-PT0701/2023|EPI_ISL_18553829|2023-08-07,"[0.0, 0.0, 0.0, 0.0, 0.0, 0.0, 0.0, 0.0, 0.0, 0.0, 0.0, 0.0, 0.0, 0.0, 0.0, 0.0, 0.0, 0.0, 0.0, 0.0, 0.0, 0.0, 1.0, 0.0, 0.0, 0.0, 0.0, 0.0, 0.0, 0.0, 0.0]"
hMpxV/Portugal/INSA-PT0694/2023|EPI_ISL_18553835|2023-07-18,"[0.0, 0.0, 0.0, 0.0, 0.0, 0.0, 0.0, 0.0, 0.0, 0.0, 0.0, 0.0, 0.0, 0.0, 0.0, 0.0, 0.0, 0.0, 0.0, 0.0, 0.0, 0.0, 0.9999999999999999, 0.0, 0.0, 0.0, 0.0, 0.0, 0.0, 0.0, 0.0]"
hMpxV/Portugal/INSA-PT0656/2023|EPI_ISL_18228645|2023-07-21,"[0.0, 0.0, 0.0, 0.0, 0.0, 0.0, 0.0, 0.0, 0.0, 0.0, 0.0, 0.0, 0.0, 0.0, 0.0, 0.0, 0.0, 0.0, 0.0, 0.0, 0.0, 0.0, 1.0, 0.0, 0.0, 0.0, 0.0, 0.0, 0.0, 0.0, 0.0]"
hMpxV/Portugal/INSA-PT0653/2023|EPI_ISL_18228631|2023-07-21,"[0.0, 0.0, 0.0, 0.0, 0.0, 0.0, 0.0, 0.0, 0.0, 0.0, 0.0, 0.0, 0.0, 0.0, 0.0, 0.0, 0.0, 0.0, 0.0, 0.0, 0.0, 0.0, 1.0, 0.0, 0.0, 0.0, 0.0, 0.0, 0.0, 0.0, 0.0]"
hMpxV/Portugal/INSA-PT0655/2023|EPI_ISL_18228637|2023-07-21,"[0.0, 0.0, 0.0, 0.0, 0.0, 0.0, 0.0, 0.0, 0.0, 0.0, 0.0, 0.0, 0.0, 0.0, 0.0, 0.0, 0.0, 0.0, 0.0, 0.0, 0.0, 0.0, 1.0, 0.0, 0.0, 0.0, 0.0, 0.0, 0.0, 0.0, 0.0]"
hMpxV/Portugal/INSA-PT0661/2023|EPI_ISL_18228640|2023-07-26,"[0.0, 0.0, 0.0, 0.0, 0.0, 0.0, 0.0, 0.0, 0.0, 0.0, 0.0, 0.0, 0.0, 0.0, 0.0, 0.0, 0.0, 0.0, 0.0, 0.0, 0.0, 0.0, 1.0, 0.0, 0.0, 0.0, 0.0, 0.0, 0.0, 0.0, 0.0]"
NODE_0000052,"[0.00017867379596312195, 0.00025204646263388744, 0.0003356627268473049, 0.0002606891951774256, 0.0002261924952995136, 0.00025528557710023073, 0.0002504332435131884, 0.00024900783048799964, 0.00025593584501960013, 0.00033020931197780024, 0.00024466202485773575, 0.00025314019770538224, 0.0002541853939914042, 0.9743490948206488, 0.00015862213398204394, 0.00017760496568964765, 0.003749035363443528, 0.0002531401977054087, 0.0002531401977053918, 0.0002953117050158053, 0.00013707587095946008, 0.00026727910191095557, 0.014549004051672816, 0.0002490267302645496, 0.0007971222144934869, 0.00023848039553204896, 0.00021664148662243536, 0.0002692982616369788, 0.00023449898700280043, 0.00021203634610150631, 0.0002474630690376511]"
hMpxV/Ireland/D-NVRL-Z22IRL00925/2023|EPI_ISL_18634756|2023-10-18,"[0.0, 0.0, 0.0, 0.0, 0.0, 0.0, 0.0, 0.0, 0.0, 0.0, 0.0, 0.0, 0.0, 1.0, 0.0, 0.0, 0.0, 0.0, 0.0, 0.0, 0.0, 0.0, 0.0, 0.0, 0.0, 0.0, 0.0, 0.0, 0.0, 0.0, 0.0]"
hMpxV/Netherlands/un-EMC-NL106/2024|EPI_ISL_19356931|2024-08-13,"[0.0, 0.0, 0.0, 0.0, 0.0, 0.0, 0.0, 0.0, 0.0, 0.0, 0.0, 0.0, 0.0, 0.0, 0.0, 0.0, 1.0, 0.0, 0.0, 0.0, 0.0, 0.0, 0.0, 0.0, 0.0, 0.0, 0.0, 0.0, 0.0, 0.0, 0.0]"
NODE_0000051,"[6.187123365786475e-13, 9.987482838585888e-13, 4.262519877829399e-11, 1.025112184033072e-12, 9.021138212640177e-13, 1.0096011993574147e-12, 9.988479708091445e-13, 1.0117682421393772e-12, 1.0388312031605e-12, 4.357466221474269e-12, 9.88134912233419e-13, 1.0064412684813634e-12, 9.612122818658224e-13, 2.8594746375052974e-11, 6.032150613709974e-13, 6.943570597115971e-13, 3.0146889838409087e-11, 1.0064412684827894e-12, 1.0064412684822496e-12, 2.9402389922997836e-12, 1.70336589117379e-12, 1.0216098317928098e-12, 0.9999999988283232, 1.0119004348573365e-12, 1.0369971756432206e-09, 9.53656168176347e-13, 8.319875678019168e-13, 9.696068006570812e-13, 9.342618023318122e-13, 3.7034296106074094e-12, 1.0150305519667621e-12]"
hMpxV/Portugal/INSA-PT0764/2023|EPI_ISL_18702215|2023-10-13,"[0.0, 0.0, 0.0, 0.0, 0.0, 0.0, 0.0, 0.0, 0.0, 0.0, 0.0, 0.0, 0.0, 0.0, 0.0, 0.0, 0.0, 0.0, 0.0, 0.0, 0.0, 0.0, 1.0, 0.0, 0.0, 0.0, 0.0, 0.0, 0.0, 0.0, 0.0]"
hMpxV/Portugal/INSA-PT0747/2023|EPI_ISL_18702218|2023-09-26,"[0.0, 0.0, 0.0, 0.0, 0.0, 0.0, 0.0, 0.0, 0.0, 0.0, 0.0, 0.0, 0.0, 0.0, 0.0, 0.0, 0.0, 0.0, 0.0, 0.0, 0.0, 0.0, 1.0, 0.0, 0.0, 0.0, 0.0, 0.0, 0.0, 0.0, 0.0]"
hMpxV/Portugal/INSA-PT0741/2023|EPI_ISL_18702246|2023-09-25,"[0.0, 0.0, 0.0, 0.0, 0.0, 0.0, 0.0, 0.0, 0.0, 0.0, 0.0, 0.0, 0.0, 0.0, 0.0, 0.0, 0.0, 0.0, 0.0, 0.0, 0.0, 0.0, 1.0, 0.0, 0.0, 0.0, 0.0, 0.0, 0.0, 0.0, 0.0]"
NODE_0000053,"[7.040607783915782e-10, 1.5268790263806303e-09, 1.401728033565729e-09, 1.590564028458002e-09, 1.2855014364462528e-09, 1.5536310250026204e-09, 1.526507253732887e-09, 1.5004988027150588e-09, 1.5308434586341205e-09, 2.1695329256112763e-09, 1.4874331727898492e-09, 1.547597226338686e-09, 1.3681195653483335e-09, 0.999998833061063, 6.899102906567066e-10, 8.762529825489902e-10, 2.3013905352716063e-08, 1.5475972263389848e-09, 1.5475972263387863e-09, 1.8042835263501804e-09, 1.3185167896263508e-09, 1.565744650689071e-09, 1.1036603210982578e-06, 1.5007046719428577e-09, 2.996623956016043e-09, 1.4242504937373315e-09, 1.0935287411859818e-09, 1.4520975768538386e-09, 1.3427198251571056e-09, 4.322902957584759e-10, 1.4796954013978425e-09]"
hMpxV/Ireland/un-NVRL-Z22IRL00908/2023|EPI_ISL_18308397|2023-08-18,"[0.0, 0.0, 0.0, 0.0, 0.0, 0.0, 0.0, 0.0, 0.0, 0.0, 0.0, 0.0, 0.0, 1.0, 0.0, 0.0, 0.0, 0.0, 0.0, 0.0, 0.0, 0.0, 0.0, 0.0, 0.0, 0.0, 0.0, 0.0, 0.0, 0.0, 0.0]"
hMpxV/Ireland/un-NVRL-Z22IRL00910/2023|EPI_ISL_18308399|2023-08-28,"[0.0, 0.0, 0.0, 0.0, 0.0, 0.0, 0.0, 0.0, 0.0, 0.0, 0.0, 0.0, 0.0, 0.9999999999999999, 0.0, 0.0, 0.0, 0.0, 0.0, 0.0, 0.0, 0.0, 0.0, 0.0, 0.0, 0.0, 0.0, 0.0, 0.0, 0.0, 0.0]"
NODE_0000054,"[4.965200275352428e-10, 9.729154254793435e-10, 3.6750972458119775e-10, 1.0149480350458017e-09, 8.209299757384144e-10, 9.904684826060011e-10, 9.695747827496575e-10, 9.309151383753837e-10, 9.41721147100406e-10, 9.940511774185291e-10, 9.373336908485752e-10, 9.840257642207647e-10, 8.507716089765098e-10, 0.9999999553703659, 4.584595760432881e-10, 5.773199373552396e-10, 6.80975553152012e-09, 9.840257642210753e-10, 9.84025764220871e-10, 9.043186528566783e-10, 5.882269130975868e-10, 1.0086017794570069e-09, 1.5228241477725275e-08, 9.309803389720317e-10, 3.826336626188656e-10, 9.074419622374865e-10, 7.085336615187629e-10, 9.178594728686305e-10, 8.521347280094145e-10, 2.0798052931439946e-10, 9.074092888989559e-10]"
hMpxV/Ireland/un-NVRL-G23IRL50393/2023|EPI_ISL_18308396|2023-08-16,"[0.0, 0.0, 0.0, 0.0, 0.0, 0.0, 0.0, 0.0, 0.0, 0.0, 0.0, 0.0, 0.0, 1.0, 0.0, 0.0, 0.0, 0.0, 0.0, 0.0, 0.0, 0.0, 0.0, 0.0, 0.0, 0.0, 0.0, 0.0, 0.0, 0.0, 0.0]"
hMpxV/Ireland/un-NVRL-Z22IRL00909/2023|EPI_ISL_18308398|2023-08-31,"[0.0, 0.0, 0.0, 0.0, 0.0, 0.0, 0.0, 0.0, 0.0, 0.0, 0.0, 0.0, 0.0, 1.0, 0.0, 0.0, 0.0, 0.0, 0.0, 0.0, 0.0, 0.0, 0.0, 0.0, 0.0, 0.0, 0.0, 0.0, 0.0, 0.0, 0.0]"
NODE_0000049,"[8.138961036684312e-09, 1.1841725416748567e-08, 2.1398732688558884e-07, 1.216903562522698e-08, 1.0733249776900883e-08, 1.1974607797299148e-08, 1.180567907444712e-08, 1.1717069214730299e-08, 1.1949677138772821e-08, 3.74928329621763e-08, 1.1595529065976867e-08, 1.1906668809273805e-08, 1.1175219694651503e-08, 1.6659011580172773e-07, 7.499758644406285e-09, 8.524241492005318e-09, 1.7900200150769205e-07, 1.1906668809275456e-08, 1.1906668809275046e-08, 2.7608297288518715e-08, 1.4202456169893832e-08, 1.2246547516643168e-08, 0.9999965088338246, 1.1717484310723181e-08, 2.5743222803672896e-06, 1.130586619522976e-08, 1.0073807875360423e-08, 1.1413116984367188e-08, 1.1053572765849027e-08, 3.3665363286739265e-08, 1.1640344921185045e-08]"
hMpxV/Portugal/INSA-PT0703/2023|EPI_ISL_18553833|2023-08-10,"[0.0, 0.0, 0.0, 0.0, 0.0, 0.0, 0.0, 0.0, 0.0, 0.0, 0.0, 0.0, 0.0, 0.0, 0.0, 0.0, 0.0, 0.0, 0.0, 0.0, 0.0, 0.0, 1.0, 0.0, 0.0, 0.0, 0.0, 0.0, 0.0, 0.0, 0.0]"
NODE_0000050,"[3.568263726764091e-11, 7.765327251318214e-11, 9.750564630550924e-10, 8.030222517996723e-11, 6.627208208656663e-11, 7.875978359191378e-11, 7.785618642320963e-11, 7.683313488993198e-11, 7.795807755775057e-11, 2.5947479754488613e-10, 7.632399036845506e-11, 7.87512746816683e-11, 8.704702521791706e-11, 7.268125926702468e-08, 3.688508509688681e-11, 4.643603892370531e-11, 1.6178345259590148e-07, 7.875127468172738e-11, 7.875127468170136e-11, 1.7927354490763767e-10, 9.819375976381481e-11, 7.871328364094817e-11, 0.9999997422588387, 7.6844261207259e-11, 2.00016277642802e-08, 7.320602883208637e-11, 5.581514696009703e-11, 1.047936176366979e-10, 6.889709371185976e-11, 1.7434846826314693e-10, 7.594182299971081e-11]"
hMpxV/Netherlands/un-EMC-NL088/2023|EPI_ISL_18659828|2023-08-29,"[0.0, 0.0, 0.0, 0.0, 0.0, 0.0, 0.0, 0.0, 0.0, 0.0, 0.0, 0.0, 0.0, 0.0, 0.0, 0.0, 1.0, 0.0, 0.0, 0.0, 0.0, 0.0, 0.0, 0.0, 0.0, 0.0, 0.0, 0.0, 0.0, 0.0, 0.0]"
hMpxV/Ireland/D-NVRL-Z22IRL00922/2023|EPI_ISL_18634755|2023-10-09,"[0.0, 0.0, 0.0, 0.0, 0.0, 0.0, 0.0, 0.0, 0.0, 0.0, 0.0, 0.0, 0.0, 0.9999999999999999, 0.0, 0.0, 0.0, 0.0, 0.0, 0.0, 0.0, 0.0, 0.0, 0.0, 0.0, 0.0, 0.0, 0.0, 0.0, 0.0, 0.0]"
hMpxV/Portugal/INSA-PT0708/2023|EPI_ISL_18553824|2023-08-10,"[0.0, 0.0, 0.0, 0.0, 0.0, 0.0, 0.0, 0.0, 0.0, 0.0, 0.0, 0.0, 0.0, 0.0, 0.0, 0.0, 0.0, 0.0, 0.0, 0.0, 0.0, 0.0, 0.9999999999999999, 0.0, 0.0, 0.0, 0.0, 0.0, 0.0, 0.0, 0.0]"
hMpxV/Portugal/INSA-PT0652/2023|EPI_ISL_18228633|2023-07-19,"[0.0, 0.0, 0.0, 0.0, 0.0, 0.0, 0.0, 0.0, 0.0, 0.0, 0.0, 0.0, 0.0, 0.0, 0.0, 0.0, 0.0, 0.0, 0.0, 0.0, 0.0, 0.0, 1.0, 0.0, 0.0, 0.0, 0.0, 0.0, 0.0, 0.0, 0.0]"
NODE_0000045,"[4.801273009776984e-06, 1.2652558612690207e-06, 0.0004768348812444176, 1.2447728160950185e-06, 2.4408909706221748e-06, 1.2628409133674754e-06, 1.317549187504393e-06, 1.2841724434830009e-06, 1.3078310915303773e-06, 1.6109730308546276e-06, 1.2496260537136643e-06, 1.244951197233504e-06, 1.4833766138927482e-06, 4.079304288924659e-06, 1.4835169255108572e-06, 5.966521529584586e-06, 0.0003664989873410609, 1.2449511972337587e-06, 1.2449511972335776e-06, 1.4121619670566832e-06, 9.632702804697109e-05, 1.220501245594087e-06, 0.00041014190384453057, 1.284452838662303e-06, 8.348673238820677e-06, 2.3328537025336364e-06, 1.0173798328342532e-06, 3.134478037658556e-06, 1.1706329451086742e-06, 0.9985944415850662, 1.3017223208979464e-06]"
hMpxV/USA/CA-CDPH-1M1000432/2023|EPI_ISL_18781817|2023-10-14,"[0.0, 0.0, 0.0, 0.0, 0.0, 0.0, 0.0, 0.0, 0.0, 0.0, 0.0, 0.0, 0.0, 0.0, 0.0, 0.0, 0.0, 0.0, 0.0, 0.0, 0.0, 0.0, 0.0, 0.0, 0.0, 0.0, 0.0, 0.0, 0.0, 1.0, 0.0]"
hMpxV/USA/IL-RIPHL-004-0142/2024|EPI_ISL_19158946|2024-02-07,"[0.0, 0.0, 0.0, 0.0, 0.0, 0.0, 0.0, 0.0, 0.0, 0.0, 0.0, 0.0, 0.0, 0.0, 0.0, 0.0, 0.0, 0.0, 0.0, 0.0, 0.0, 0.0, 0.0, 0.0, 0.0, 0.0, 0.0, 0.0, 0.0, 1.0, 0.0]"
NODE_0000046,"[3.0652947626519117e-09, 5.536508912303494e-10, 0.999999525396752, 5.458598462646535e-10, 4.667843751895743e-09, 5.531769153035904e-10, 6.827707890469244e-10, 5.483591606679166e-10, 5.490253734394445e-10, 5.451411960918954e-10, 5.466361942424935e-10, 5.473686923961812e-10, 5.19042426315376e-10, 5.45761573350434e-10, 4.3146752539197835e-10, 2.6126308110430524e-09, 8.252583910901105e-10, 5.473686923957339e-10, 5.473686923958234e-10, 5.107150209682083e-10, 8.165584625364956e-08, 5.253435996048113e-10, 2.2366053007062227e-08, 5.484383561232418e-10, 7.402991946236892e-10, 6.807111850191293e-10, 4.4045006270006587e-10, 6.814440909723589e-10, 5.097835219805702e-10, 3.465622762090726e-07, 5.478617187914826e-10]"
hMpxV/Brazil/SP-IAL-357514864/2024|EPI_ISL_19359676|2024-02-22,"[0.0, 0.0, 0.9999999999999999, 0.0, 0.0, 0.0, 0.0, 0.0, 0.0, 0.0, 0.0, 0.0, 0.0, 0.0, 0.0, 0.0, 0.0, 0.0, 0.0, 0.0, 0.0, 0.0, 0.0, 0.0, 0.0, 0.0, 0.0, 0.0, 0.0, 0.0, 0.0]"
hMpxV/Brazil/SP-IAL-357496487/2024|EPI_ISL_19359675|2024-02-16,"[0.0, 0.0, 1.0, 0.0, 0.0, 0.0, 0.0, 0.0, 0.0, 0.0, 0.0, 0.0, 0.0, 0.0, 0.0, 0.0, 0.0, 0.0, 0.0, 0.0, 0.0, 0.0, 0.0, 0.0, 0.0, 0.0, 0.0, 0.0, 0.0, 0.0, 0.0]"
hMpxV/Brazil/SP-IAL-357531658/2024|EPI_ISL_19359684|2024-02-28,"[0.0, 0.0, 0.9999999999999999, 0.0, 0.0, 0.0, 0.0, 0.0, 0.0, 0.0, 0.0, 0.0, 0.0, 0.0, 0.0, 0.0, 0.0, 0.0, 0.0, 0.0, 0.0, 0.0, 0.0, 0.0, 0.0, 0.0, 0.0, 0.0, 0.0, 0.0, 0.0]"
NODE_0000047,"[3.916330807404084e-07, 3.241102112662937e-07, 4.842167196283896e-07, 3.2894945500738393e-07, 3.283962826252634e-07, 3.2693738553885216e-07, 3.2215578610990235e-07, 3.113347640836783e-07, 3.1392406725007703e-07, 3.241162521322951e-07, 3.1265768154085934e-07, 3.225204152483829e-07, 4.7274787371626483e-07, 1.2291932960542904e-06, 2.38995538948513e-07, 4.6792886171504005e-07, 0.9999492510676666, 3.2252041524843993e-07, 3.2252041524844046e-07, 3.020398865945409e-07, 6.830400999732208e-07, 3.313431990827179e-07, 2.141811658357079e-06, 3.1135597178858354e-07, 5.498357478266923e-07, 4.167588165092034e-07, 2.5088327841243227e-07, 8.895464536142323e-07, 2.8998330254988846e-07, 3.713129503675206e-05, 3.0618037963231513e-07]"
hMpxV/Netherlands/un-EMC-NL092/2023|EPI_ISL_18746884|2023-12-18,"[0.0, 0.0, 0.0, 0.0, 0.0, 0.0, 0.0, 0.0, 0.0, 0.0, 0.0, 0.0, 0.0, 0.0, 0.0, 0.0, 0.9999999999999999, 0.0, 0.0, 0.0, 0.0, 0.0, 0.0, 0.0, 0.0, 0.0, 0.0, 0.0, 0.0, 0.0, 0.0]"
NODE_0000048,"[7.122401133467294e-12, 1.087471088511251e-11, 6.558316238152469e-12, 1.1252769351991753e-11, 9.662872997410104e-12, 1.1043915152132302e-11, 1.0842124706532454e-11, 1.0455057253927282e-11, 1.056540595230652e-11, 1.10147022302343e-11, 1.0509368895509044e-11, 1.0959950973713203e-11, 1.9849378269127498e-11, 7.981804204675651e-11, 5.692494286681907e-12, 8.860027356460208e-12, 0.9999999990623287, 1.0959950973728695e-11, 1.0959950973727092e-11, 1.0016331093546661e-11, 7.939624885285902e-12, 1.1357929546265469e-11, 1.1097572908621396e-10, 1.0456015630109496e-11, 2.018513735118713e-11, 1.1306337871263626e-11, 7.89631106974442e-12, 3.582493415873764e-11, 9.542704538700838e-12, 4.349413211632875e-10, 1.0227595735819941e-11]"
hMpxV/Netherlands/un-EMC-NL093/2023|EPI_ISL_18746885|2023-12-19,"[0.0, 0.0, 0.0, 0.0, 0.0, 0.0, 0.0, 0.0, 0.0, 0.0, 0.0, 0.0, 0.0, 0.0, 0.0, 0.0, 1.0, 0.0, 0.0, 0.0, 0.0, 0.0, 0.0, 0.0, 0.0, 0.0, 0.0, 0.0, 0.0, 0.0, 0.0]"
hMpxV/Netherlands/un-EMC-NL098/2023|EPI_ISL_19356927|2023-12-19,"[0.0, 0.0, 0.0, 0.0, 0.0, 0.0, 0.0, 0.0, 0.0, 0.0, 0.0, 0.0, 0.0, 0.0, 0.0, 0.0, 1.0, 0.0, 0.0, 0.0, 0.0, 0.0, 0.0, 0.0, 0.0, 0.0, 0.0, 0.0, 0.0, 0.0, 0.0]"
NODE_0000016,"[1.7337105328764782e-17, 1.0815508546378636e-18, 1.4568057596963303e-18, 1.0855044006788094e-18, 9.519573721571735e-19, 1.0806963377133343e-18, 1.1134086517244732e-18, 1.088135433279078e-16, 1.7235582301554404e-15, 1.145133014685444e-18, 5.657021051757727e-18, 1.1102989122082394e-18, 2.421317463076703e-16, 1.2210349692201208e-18, 1.665808437514976e-16, 6.327333177499157e-19, 2.991341824354038e-17, 1.1102989122109906e-18, 1.1102989122084715e-18, 9.334189872710846e-19, 3.607297855168117e-18, 3.338473059219124e-18, 1.1090174123094065e-12, 4.428570514826212e-13, 0.999999999998445, 1.0630985030897483e-18, 2.7837393268990565e-16, 1.1304688308526109e-18, 3.15979855809774e-17, 4.37526961498435e-19, 5.206178850772167e-16]"
hMpxV/China/SZ-CDC/Strain013,"[0.0, 0.0, 0.0, 0.0, 0.0, 0.0, 0.0, 0.0, 0.0, 0.0, 0.0, 0.0, 0.0, 0.0, 0.0, 0.0, 0.0, 0.0, 0.0, 0.0, 0.0, 0.0, 0.0, 0.0, 0.9999999999999999, 0.0, 0.0, 0.0, 0.0, 0.0, 0.0]"
hMpxV/China/SZ-CDC/Strain029,"[0.0, 0.0, 0.0, 0.0, 0.0, 0.0, 0.0, 0.0, 0.0, 0.0, 0.0, 0.0, 0.0, 0.0, 0.0, 0.0, 0.0, 0.0, 0.0, 0.0, 0.0, 0.0, 0.0, 0.0, 1.0, 0.0, 0.0, 0.0, 0.0, 0.0, 0.0]"
hMpxV/China/SZ-CDC/Strain068,"[0.0, 0.0, 0.0, 0.0, 0.0, 0.0, 0.0, 0.0, 0.0, 0.0, 0.0, 0.0, 0.0, 0.0, 0.0, 0.0, 0.0, 0.0, 0.0, 0.0, 0.0, 0.0, 0.0, 0.0, 1.0, 0.0, 0.0, 0.0, 0.0, 0.0, 0.0]"
hMpxV/China/SZ-CDC/Strain151,"[0.0, 0.0, 0.0, 0.0, 0.0, 0.0, 0.0, 0.0, 0.0, 0.0, 0.0, 0.0, 0.0, 0.0, 0.0, 0.0, 0.0, 0.0, 0.0, 0.0, 0.0, 0.0, 0.0, 0.0, 1.0, 0.0, 0.0, 0.0, 0.0, 0.0, 0.0]"
hMpxV/China/SZ-CDC/Strain152,"[0.0, 0.0, 0.0, 0.0, 0.0, 0.0, 0.0, 0.0, 0.0, 0.0, 0.0, 0.0, 0.0, 0.0, 0.0, 0.0, 0.0, 0.0, 0.0, 0.0, 0.0, 0.0, 0.0, 0.0, 1.0, 0.0, 0.0, 0.0, 0.0, 0.0, 0.0]"
hMpxV/China/SZ-CDC/Strain177,"[0.0, 0.0, 0.0, 0.0, 0.0, 0.0, 0.0, 0.0, 0.0, 0.0, 0.0, 0.0, 0.0, 0.0, 0.0, 0.0, 0.0, 0.0, 0.0, 0.0, 0.0, 0.0, 0.0, 0.0, 1.0, 0.0, 0.0, 0.0, 0.0, 0.0, 0.0]"
NODE_0000030,"[9.302028019797377e-08, 1.0003851451608913e-07, 4.837176248414963e-08, 1.0360803865768821e-07, 8.543362141993429e-08, 1.015816717550258e-07, 1.0008758465068582e-07, 1.940463460457734e-07, 0.0006006008345076995, 1.0150190939697724e-07, 1.252887898773956e-07, 1.0133725034971728e-07, 2.0295134563491285e-07, 9.954848791836596e-08, 1.1774310649271275e-07, 6.07379108631584e-08, 1.597060419562977e-07, 1.0133725034996626e-07, 1.013372503497052e-07, 9.190560525130094e-08, 3.1886193335415085e-08, 1.236276523834896e-07, 4.1749708305261264e-07, 0.9977611283639317, 0.0016348212192665958, 9.427950332160241e-08, 1.8073088753727474e-07, 9.558050624266856e-08, 1.5103070117568628e-07, 2.7572028920296694e-08, 2.3779497009723074e-07]"
hMpxV/China/SZ-GCDC_M024/2023|EPI_ISL_19058869|2023-06-11,"[0.0, 0.0, 0.0, 0.0, 0.0, 0.0, 0.0, 0.0, 0.0, 0.0, 0.0, 0.0, 0.0, 0.0, 0.0, 0.0, 0.0, 0.0, 0.0, 0.0, 0.0, 0.0, 0.0, 1.0, 0.0, 0.0, 0.0, 0.0, 0.0, 0.0, 0.0]"
NODE_0000031,"[8.860677445642399e-08, 1.0438330745761068e-07, 4.775410565209437e-08, 1.0828727215133176e-07, 8.8797196335013e-08, 1.0606133769935969e-07, 1.043703799635158e-07, 1.8553960045612487e-07, 0.0008731903773986787, 1.0599724858853719e-07, 1.2574656746215847e-07, 1.0573404073989413e-07, 1.9158254219387108e-07, 1.0406872324133842e-07, 1.0935699966383087e-07, 6.275963892695098e-08, 1.5546312503274012e-07, 1.0573404074015978e-07, 1.0573404073988925e-07, 9.594094404547915e-08, 3.065318990518197e-08, 1.2556539664427698e-07, 3.6857816724120486e-07, 0.9979944971210495, 0.001128922760461504, 9.815197646021285e-08, 1.6897581557503593e-07, 9.946578859555989e-08, 1.4642276485484334e-07, 2.679055775937563e-08, 2.2321954781407032e-07]"
hMpxV/China/SZ-GCDC_M022/2023|EPI_ISL_19058865|2023-06-10,"[0.0, 0.0, 0.0, 0.0, 0.0, 0.0, 0.0, 0.0, 0.0, 0.0, 0.0, 0.0, 0.0, 0.0, 0.0, 0.0, 0.0, 0.0, 0.0, 0.0, 0.0, 0.0, 0.0, 1.0, 0.0, 0.0, 0.0, 0.0, 0.0, 0.0, 0.0]"
hMpxV/China/GZ-GCDC_M021/2023|EPI_ISL_19058870|2023-06-11,"[0.0, 0.0, 0.0, 0.0, 0.0, 0.0, 0.0, 0.0, 1.0, 0.0, 0.0, 0.0, 0.0, 0.0, 0.0, 0.0, 0.0, 0.0, 0.0, 0.0, 0.0, 0.0, 0.0, 0.0, 0.0, 0.0, 0.0, 0.0, 0.0, 0.0, 0.0]"
NODE_0000017,"[1.3935581022888042e-50, 8.892970490213382e-55, 5.384968596533597e-54, 8.303372379480022e-55, 7.380076454209165e-55, 8.594832454807935e-55, 1.0030959300810735e-54, 4.4060111848373864e-48, 1.0125498164550412e-45, 1.036250238009886e-54, 2.3740439666393e-52, 9.670493745323388e-55, 6.903513980311863e-47, 1.2464227805488019e-54, 4.063226725838597e-47, 3.0066827357036903e-55, 5.268592039540278e-50, 9.670493745346233e-55, 9.670493745328617e-55, 5.639137942620829e-55, 8.943417654650777e-52, 3.1893538433745386e-53, 1.8900688690460121e-34, 2.4517942851576287e-45, 0.9999999999999999, 9.52508824565702e-55, 1.1704969555899804e-46, 1.1754356963080948e-54, 7.700901451443139e-50, 1.1546192494618566e-55, 8.324821688974996e-46]"
hMpxV/China/SZ-CDC/Strain016,"[0.0, 0.0, 0.0, 0.0, 0.0, 0.0, 0.0, 0.0, 0.0, 0.0, 0.0, 0.0, 0.0, 0.0, 0.0, 0.0, 0.0, 0.0, 0.0, 0.0, 0.0, 0.0, 0.0, 0.0, 1.0, 0.0, 0.0, 0.0, 0.0, 0.0, 0.0]"
hMpxV/China/SZ-CDC/Strain021,"[0.0, 0.0, 0.0, 0.0, 0.0, 0.0, 0.0, 0.0, 0.0, 0.0, 0.0, 0.0, 0.0, 0.0, 0.0, 0.0, 0.0, 0.0, 0.0, 0.0, 0.0, 0.0, 0.0, 0.0, 1.0, 0.0, 0.0, 0.0, 0.0, 0.0, 0.0]"
hMpxV/China/SZ-CDC/Strain022,"[0.0, 0.0, 0.0, 0.0, 0.0, 0.0, 0.0, 0.0, 0.0, 0.0, 0.0, 0.0, 0.0, 0.0, 0.0, 0.0, 0.0, 0.0, 0.0, 0.0, 0.0, 0.0, 0.0, 0.0, 1.0, 0.0, 0.0, 0.0, 0.0, 0.0, 0.0]"
hMpxV/China/SZ-CDC/Strain025,"[0.0, 0.0, 0.0, 0.0, 0.0, 0.0, 0.0, 0.0, 0.0, 0.0, 0.0, 0.0, 0.0, 0.0, 0.0, 0.0, 0.0, 0.0, 0.0, 0.0, 0.0, 0.0, 0.0, 0.0, 1.0, 0.0, 0.0, 0.0, 0.0, 0.0, 0.0]"
hMpxV/China/SZ-CDC/Strain036,"[0.0, 0.0, 0.0, 0.0, 0.0, 0.0, 0.0, 0.0, 0.0, 0.0, 0.0, 0.0, 0.0, 0.0, 0.0, 0.0, 0.0, 0.0, 0.0, 0.0, 0.0, 0.0, 0.0, 0.0, 1.0, 0.0, 0.0, 0.0, 0.0, 0.0, 0.0]"
hMpxV/China/SZ-CDC/Strain037,"[0.0, 0.0, 0.0, 0.0, 0.0, 0.0, 0.0, 0.0, 0.0, 0.0, 0.0, 0.0, 0.0, 0.0, 0.0, 0.0, 0.0, 0.0, 0.0, 0.0, 0.0, 0.0, 0.0, 0.0, 1.0, 0.0, 0.0, 0.0, 0.0, 0.0, 0.0]"
hMpxV/China/SZ-CDC/Strain041,"[0.0, 0.0, 0.0, 0.0, 0.0, 0.0, 0.0, 0.0, 0.0, 0.0, 0.0, 0.0, 0.0, 0.0, 0.0, 0.0, 0.0, 0.0, 0.0, 0.0, 0.0, 0.0, 0.0, 0.0, 1.0, 0.0, 0.0, 0.0, 0.0, 0.0, 0.0]"
hMpxV/China/SZ-CDC/Strain050,"[0.0, 0.0, 0.0, 0.0, 0.0, 0.0, 0.0, 0.0, 0.0, 0.0, 0.0, 0.0, 0.0, 0.0, 0.0, 0.0, 0.0, 0.0, 0.0, 0.0, 0.0, 0.0, 0.0, 0.0, 0.9999999999999999, 0.0, 0.0, 0.0, 0.0, 0.0, 0.0]"
hMpxV/China/SZ-CDC/Strain052,"[0.0, 0.0, 0.0, 0.0, 0.0, 0.0, 0.0, 0.0, 0.0, 0.0, 0.0, 0.0, 0.0, 0.0, 0.0, 0.0, 0.0, 0.0, 0.0, 0.0, 0.0, 0.0, 0.0, 0.0, 1.0, 0.0, 0.0, 0.0, 0.0, 0.0, 0.0]"
hMpxV/China/SZ-CDC/Strain054,"[0.0, 0.0, 0.0, 0.0, 0.0, 0.0, 0.0, 0.0, 0.0, 0.0, 0.0, 0.0, 0.0, 0.0, 0.0, 0.0, 0.0, 0.0, 0.0, 0.0, 0.0, 0.0, 0.0, 0.0, 1.0, 0.0, 0.0, 0.0, 0.0, 0.0, 0.0]"
hMpxV/China/SZ-CDC/Strain058,"[0.0, 0.0, 0.0, 0.0, 0.0, 0.0, 0.0, 0.0, 0.0, 0.0, 0.0, 0.0, 0.0, 0.0, 0.0, 0.0, 0.0, 0.0, 0.0, 0.0, 0.0, 0.0, 0.0, 0.0, 1.0, 0.0, 0.0, 0.0, 0.0, 0.0, 0.0]"
hMpxV/China/SZ-CDC/Strain060,"[0.0, 0.0, 0.0, 0.0, 0.0, 0.0, 0.0, 0.0, 0.0, 0.0, 0.0, 0.0, 0.0, 0.0, 0.0, 0.0, 0.0, 0.0, 0.0, 0.0, 0.0, 0.0, 0.0, 0.0, 1.0, 0.0, 0.0, 0.0, 0.0, 0.0, 0.0]"
hMpxV/China/SZ-CDC/Strain062,"[0.0, 0.0, 0.0, 0.0, 0.0, 0.0, 0.0, 0.0, 0.0, 0.0, 0.0, 0.0, 0.0, 0.0, 0.0, 0.0, 0.0, 0.0, 0.0, 0.0, 0.0, 0.0, 0.0, 0.0, 0.9999999999999999, 0.0, 0.0, 0.0, 0.0, 0.0, 0.0]"
hMpxV/China/SZ-CDC/Strain064,"[0.0, 0.0, 0.0, 0.0, 0.0, 0.0, 0.0, 0.0, 0.0, 0.0, 0.0, 0.0, 0.0, 0.0, 0.0, 0.0, 0.0, 0.0, 0.0, 0.0, 0.0, 0.0, 0.0, 0.0, 0.9999999999999999, 0.0, 0.0, 0.0, 0.0, 0.0, 0.0]"
hMpxV/China/SZ-CDC/Strain071,"[0.0, 0.0, 0.0, 0.0, 0.0, 0.0, 0.0, 0.0, 0.0, 0.0, 0.0, 0.0, 0.0, 0.0, 0.0, 0.0, 0.0, 0.0, 0.0, 0.0, 0.0, 0.0, 0.0, 0.0, 0.9999999999999999, 0.0, 0.0, 0.0, 0.0, 0.0, 0.0]"
hMpxV/China/SZ-CDC/Strain077,"[0.0, 0.0, 0.0, 0.0, 0.0, 0.0, 0.0, 0.0, 0.0, 0.0, 0.0, 0.0, 0.0, 0.0, 0.0, 0.0, 0.0, 0.0, 0.0, 0.0, 0.0, 0.0, 0.0, 0.0, 1.0, 0.0, 0.0, 0.0, 0.0, 0.0, 0.0]"
hMpxV/China/SZ-CDC/Strain131,"[0.0, 0.0, 0.0, 0.0, 0.0, 0.0, 0.0, 0.0, 0.0, 0.0, 0.0, 0.0, 0.0, 0.0, 0.0, 0.0, 0.0, 0.0, 0.0, 0.0, 0.0, 0.0, 0.0, 0.0, 1.0, 0.0, 0.0, 0.0, 0.0, 0.0, 0.0]"
hMpxV/China/SZ-CDC/Strain159,"[0.0, 0.0, 0.0, 0.0, 0.0, 0.0, 0.0, 0.0, 0.0, 0.0, 0.0, 0.0, 0.0, 0.0, 0.0, 0.0, 0.0, 0.0, 0.0, 0.0, 0.0, 0.0, 0.0, 0.0, 0.9999999999999999, 0.0, 0.0, 0.0, 0.0, 0.0, 0.0]"
hMpxV/China/SZ-CDC/Strain166,"[0.0, 0.0, 0.0, 0.0, 0.0, 0.0, 0.0, 0.0, 0.0, 0.0, 0.0, 0.0, 0.0, 0.0, 0.0, 0.0, 0.0, 0.0, 0.0, 0.0, 0.0, 0.0, 0.0, 0.0, 1.0, 0.0, 0.0, 0.0, 0.0, 0.0, 0.0]"
hMpxV/China/SZ-CDC/Strain172,"[0.0, 0.0, 0.0, 0.0, 0.0, 0.0, 0.0, 0.0, 0.0, 0.0, 0.0, 0.0, 0.0, 0.0, 0.0, 0.0, 0.0, 0.0, 0.0, 0.0, 0.0, 0.0, 0.0, 0.0, 1.0, 0.0, 0.0, 0.0, 0.0, 0.0, 0.0]"
hMpxV/China/SZ-CDC/Strain173,"[0.0, 0.0, 0.0, 0.0, 0.0, 0.0, 0.0, 0.0, 0.0, 0.0, 0.0, 0.0, 0.0, 0.0, 0.0, 0.0, 0.0, 0.0, 0.0, 0.0, 0.0, 0.0, 0.0, 0.0, 1.0, 0.0, 0.0, 0.0, 0.0, 0.0, 0.0]"
hMpxV/China/SZ-SZTH41/2023|EPI_ISL_18213375|2023-06-19,"[0.0, 0.0, 0.0, 0.0, 0.0, 0.0, 0.0, 0.0, 0.0, 0.0, 0.0, 0.0, 0.0, 0.0, 0.0, 0.0, 0.0, 0.0, 0.0, 0.0, 0.0, 0.0, 0.0, 1.0, 0.0, 0.0, 0.0, 0.0, 0.0, 0.0, 0.0]"
NODE_0000027,"[1.6210599249099718e-10, 2.9848530854923194e-11, 3.893002780429079e-11, 3.014856327675808e-11, 2.739922722973775e-11, 2.996543932643148e-11, 3.012014698327665e-11, 3.786753779228775e-10, 8.721748583988656e-10, 3.040295530906929e-11, 7.425141649496486e-11, 3.0191929315628705e-11, 5.858743346488322e-10, 3.064938823586444e-11, 4.781487535353125e-10, 2.162265166203213e-11, 1.909233488175602e-10, 3.019192931563944e-11, 3.019192931562918e-11, 2.774761151398263e-11, 4.3255027461512724e-11, 5.856723487799224e-11, 4.8114648457756005e-08, 3.793339176881781e-10, 0.9999999464585455, 2.9161339312627197e-11, 6.626666584918301e-10, 2.9826027759348684e-11, 1.9514811193835797e-10, 2.582480434788762e-11, 8.734586077715563e-10]"
hMpxV/China/SZ-CDC/Strain081,"[0.0, 0.0, 0.0, 0.0, 0.0, 0.0, 0.0, 0.0, 0.0, 0.0, 0.0, 0.0, 0.0, 0.0, 0.0, 0.0, 0.0, 0.0, 0.0, 0.0, 0.0, 0.0, 0.0, 0.0, 1.0, 0.0, 0.0, 0.0, 0.0, 0.0, 0.0]"
hMpxV/China/SZ-CDC/Strain187,"[0.0, 0.0, 0.0, 0.0, 0.0, 0.0, 0.0, 0.0, 0.0, 0.0, 0.0, 0.0, 0.0, 0.0, 0.0, 0.0, 0.0, 0.0, 0.0, 0.0, 0.0, 0.0, 0.0, 0.0, 0.9999999999999999, 0.0, 0.0, 0.0, 0.0, 0.0, 0.0]"
hMpxV/China/SZ-CDC/Strain192,"[0.0, 0.0, 0.0, 0.0, 0.0, 0.0, 0.0, 0.0, 0.0, 0.0, 0.0, 0.0, 0.0, 0.0, 0.0, 0.0, 0.0, 0.0, 0.0, 0.0, 0.0, 0.0, 0.0, 0.0, 0.9999999999999999, 0.0, 0.0, 0.0, 0.0, 0.0, 0.0]"
NODE_0000018,"[3.1109316353442045e-13, 5.134429416323528e-14, 6.672118818142149e-14, 5.1712469709752575e-14, 4.704063652779468e-14, 5.1539801199611974e-14, 5.1899465847334444e-14, 7.617659472985085e-13, 1.820010796430154e-12, 5.1770923102894966e-14, 1.3624843388032649e-13, 5.200913024313771e-14, 1.2039291167538147e-12, 5.087854859812377e-14, 9.778860054215765e-13, 3.69328658496523e-14, 3.633344718296849e-13, 5.200913024334564e-14, 5.20091302432034e-14, 4.7138078459609316e-14, 8.40052518922968e-14, 1.0470338590463827e-13, 1.1749402099788093e-10, 7.625692896090495e-13, 0.9999999998716071, 5.030643978560285e-14, 1.3618074862788407e-12, 5.143917027942211e-14, 3.7859582643619793e-13, 4.374067704197879e-14, 1.8243857280043705e-12]"
hMpxV/China/SZ-CDC/Strain010,"[0.0, 0.0, 0.0, 0.0, 0.0, 0.0, 0.0, 0.0, 0.0, 0.0, 0.0, 0.0, 0.0, 0.0, 0.0, 0.0, 0.0, 0.0, 0.0, 0.0, 0.0, 0.0, 0.0, 0.0, 1.0, 0.0, 0.0, 0.0, 0.0, 0.0, 0.0]"
hMpxV/China/SZ-CDC/Strain028,"[0.0, 0.0, 0.0, 0.0, 0.0, 0.0, 0.0, 0.0, 0.0, 0.0, 0.0, 0.0, 0.0, 0.0, 0.0, 0.0, 0.0, 0.0, 0.0, 0.0, 0.0, 0.0, 0.0, 0.0, 0.9999999999999999, 0.0, 0.0, 0.0, 0.0, 0.0, 0.0]"
hMpxV/China/SZ-CDC/Strain002,"[0.0, 0.0, 0.0, 0.0, 0.0, 0.0, 0.0, 0.0, 0.0, 0.0, 0.0, 0.0, 0.0, 0.0, 0.0, 0.0, 0.0, 0.0, 0.0, 0.0, 0.0, 0.0, 0.0, 0.0, 1.0, 0.0, 0.0, 0.0, 0.0, 0.0, 0.0]"
NODE_0000025,"[1.2217225949689505e-07, 3.483953821539892e-08, 4.217385647513893e-08, 3.539265933482776e-08, 3.212653491898564e-08, 3.5039066089098596e-08, 3.494465524426068e-08, 2.2487548246559748e-07, 4.199120435611588e-07, 3.5580599103164875e-08, 6.736086076938492e-08, 3.5096349415384826e-08, 3.0945464149971774e-07, 3.6354804243829466e-08, 2.5540405960024527e-07, 2.6118414329379395e-08, 1.3880444611686527e-07, 3.509634941539725e-08, 3.509634941538764e-08, 3.32244821434799e-08, 3.441563616257017e-08, 5.847207831957139e-08, 7.745048452400986e-06, 2.2519816800412963e-07, 0.9999889502813277, 3.38145284596566e-08, 3.427436759463419e-07, 3.431834382412367e-08, 1.3765954152065266e-07, 3.2406348046118275e-08, 4.1657444747841513e-07]"
hMpxV/China/SZ-CDC/Strain135,"[0.0, 0.0, 0.0, 0.0, 0.0, 0.0, 0.0, 0.0, 0.0, 0.0, 0.0, 0.0, 0.0, 0.0, 0.0, 0.0, 0.0, 0.0, 0.0, 0.0, 0.0, 0.0, 0.0, 0.0, 1.0, 0.0, 0.0, 0.0, 0.0, 0.0, 0.0]"
NODE_0000026,"[7.964305181057764e-12, 1.0810209956159578e-12, 1.6596882744903e-12, 1.095228752541337e-12, 9.930998374473668e-13, 1.0820346705736587e-12, 1.0944935640291578e-12, 2.3370149529079675e-11, 6.739196704582702e-11, 1.1521312430779396e-12, 3.181245201639154e-12, 1.094410494714332e-12, 4.08266654401485e-11, 1.2847880795754313e-12, 3.3394313645246885e-11, 7.589434392887554e-13, 1.0486654530953974e-11, 1.0944104947162904e-12, 1.094410494714875e-12, 1.0176438591609474e-12, 1.8052722967543464e-12, 2.3718016455919434e-12, 1.4285034592951506e-08, 2.3505286768003392e-11, 0.9999999853562832, 1.0545662358238244e-12, 4.8098174761553234e-11, 1.0965067288854263e-12, 1.0328843585703774e-11, 8.77193468712816e-13, 6.842682090652638e-11]"
hMpxV/China/SZ-CDC/Strain073,"[0.0, 0.0, 0.0, 0.0, 0.0, 0.0, 0.0, 0.0, 0.0, 0.0, 0.0, 0.0, 0.0, 0.0, 0.0, 0.0, 0.0, 0.0, 0.0, 0.0, 0.0, 0.0, 0.0, 0.0, 0.9999999999999999, 0.0, 0.0, 0.0, 0.0, 0.0, 0.0]"
hMpxV/China/SZ-CDC/Strain074,"[0.0, 0.0, 0.0, 0.0, 0.0, 0.0, 0.0, 0.0, 0.0, 0.0, 0.0, 0.0, 0.0, 0.0, 0.0, 0.0, 0.0, 0.0, 0.0, 0.0, 0.0, 0.0, 0.0, 0.0, 1.0, 0.0, 0.0, 0.0, 0.0, 0.0, 0.0]"
hMpxV/China/SZ-CDC/Strain075,"[0.0, 0.0, 0.0, 0.0, 0.0, 0.0, 0.0, 0.0, 0.0, 0.0, 0.0, 0.0, 0.0, 0.0, 0.0, 0.0, 0.0, 0.0, 0.0, 0.0, 0.0, 0.0, 0.0, 0.0, 1.0, 0.0, 0.0, 0.0, 0.0, 0.0, 0.0]"
hMpxV/China/SZ-CDC/Strain139,"[0.0, 0.0, 0.0, 0.0, 0.0, 0.0, 0.0, 0.0, 0.0, 0.0, 0.0, 0.0, 0.0, 0.0, 0.0, 0.0, 0.0, 0.0, 0.0, 0.0, 0.0, 0.0, 0.0, 0.0, 1.0, 0.0, 0.0, 0.0, 0.0, 0.0, 0.0]"
hMpxV/China/SZ-CDC/Strain145,"[0.0, 0.0, 0.0, 0.0, 0.0, 0.0, 0.0, 0.0, 0.0, 0.0, 0.0, 0.0, 0.0, 0.0, 0.0, 0.0, 0.0, 0.0, 0.0, 0.0, 0.0, 0.0, 0.0, 0.0, 0.9999999999999999, 0.0, 0.0, 0.0, 0.0, 0.0, 0.0]"
NODE_0000020,"[4.698121699120157e-07, 1.3386268449854324e-07, 1.623331238481487e-07, 1.3599581378876339e-07, 1.2344594129333715e-07, 1.346256964207792e-07, 1.3426422129076375e-07, 8.658689857628597e-07, 1.6189200747183638e-06, 1.368051299702771e-07, 2.5887924207065637e-07, 1.3484461842338003e-07, 1.19236444400205e-06, 1.4003623922326726e-07, 9.840405843186647e-07, 1.0035229914202769e-07, 5.342356142551224e-07, 1.3484461842339353e-07, 1.3484461842338267e-07, 1.2771666324429605e-07, 1.3218730684439398e-07, 2.2469531064389978e-07, 3.0091198422341946e-05, 8.671204514838911e-07, 0.9999571838547446, 1.299145881259975e-07, 1.3208176347160178e-06, 1.318633142201923e-07, 5.295758400963648e-07, 1.2452786137042608e-07, 1.6061517423255396e-06]"
NODE_0000024,"[6.533427872127776e-11, 1.1508735542051611e-11, 1.5054215396997974e-11, 1.1613135047932877e-11, 1.0557755294418593e-11, 1.155265044678453e-11, 1.1620685095756701e-11, 1.5590361461487068e-10, 3.6534254205318785e-10, 1.1695897092351383e-11, 2.937160229474048e-11, 1.164669980305692e-11, 2.4361002355317954e-10, 1.1723347371698244e-11, 1.9842338322865104e-10, 8.313490593493233e-12, 7.687809374255624e-11, 1.1646699803070751e-11, 1.1646699803063054e-11, 1.0658734406432984e-11, 1.746490616904743e-11, 2.292964236501989e-11, 2.184954840493263e-08, 1.5613851094471532e-10, 0.9999999759163712, 1.1254389611076508e-11, 2.756484980074414e-10, 1.1512405021530185e-11, 7.9059013116165e-11, 9.900470661475564e-12, 3.6607006644684993e-10]"
hMpxV/China/SZ-CDC/Strain130,"[0.0, 0.0, 0.0, 0.0, 0.0, 0.0, 0.0, 0.0, 0.0, 0.0, 0.0, 0.0, 0.0, 0.0, 0.0, 0.0, 0.0, 0.0, 0.0, 0.0, 0.0, 0.0, 0.0, 0.0, 0.9999999999999999, 0.0, 0.0, 0.0, 0.0, 0.0, 0.0]"
hMpxV/China/SZ-CDC/Strain141,"[0.0, 0.0, 0.0, 0.0, 0.0, 0.0, 0.0, 0.0, 0.0, 0.0, 0.0, 0.0, 0.0, 0.0, 0.0, 0.0, 0.0, 0.0, 0.0, 0.0, 0.0, 0.0, 0.0, 0.0, 1.0, 0.0, 0.0, 0.0, 0.0, 0.0, 0.0]"
hMpxV/China/SZ-CDC/Strain191,"[0.0, 0.0, 0.0, 0.0, 0.0, 0.0, 0.0, 0.0, 0.0, 0.0, 0.0, 0.0, 0.0, 0.0, 0.0, 0.0, 0.0, 0.0, 0.0, 0.0, 0.0, 0.0, 0.0, 0.0, 1.0, 0.0, 0.0, 0.0, 0.0, 0.0, 0.0]"
NODE_0000021,"[7.596466084555708e-09, 1.9433329134782805e-09, 2.34776822582141e-09, 1.968734034094262e-09, 1.7884921072316643e-09, 1.9542778879771607e-09, 1.9524977590068518e-09, 1.4685131424374391e-08, 2.8546637352880554e-08, 1.965904050635972e-09, 4.005587489090389e-09, 1.9604694072761517e-09, 2.0677984618823957e-08, 1.9601899386424686e-09, 1.6987489220877776e-08, 1.4463412050882588e-09, 8.578412130796855e-09, 1.9604694072773652e-09, 1.960469407276424e-09, 1.831126413092278e-09, 2.1639143595970417e-09, 3.3886134455609342e-09, 6.557390167084872e-07, 1.469760140258705e-08, 0.9999991323652387, 1.8915002319487547e-09, 2.2922926356898817e-08, 1.919313886559784e-09, 8.659113372428948e-09, 1.7802012699847695e-09, 2.8354778993090637e-08]"
hMpxV/China/SZ-CDC/Strain042,"[0.0, 0.0, 0.0, 0.0, 0.0, 0.0, 0.0, 0.0, 0.0, 0.0, 0.0, 0.0, 0.0, 0.0, 0.0, 0.0, 0.0, 0.0, 0.0, 0.0, 0.0, 0.0, 0.0, 0.0, 1.0, 0.0, 0.0, 0.0, 0.0, 0.0, 0.0]"
NODE_0000022,"[4.7060792080873845e-11, 7.878552310817972e-12, 1.0262296426132983e-11, 7.938694089000055e-12, 7.220434696564395e-12, 7.908462968738933e-12, 7.961717843834327e-12, 1.1463551354790776e-10, 2.7284940840770245e-10, 7.960903705612575e-12, 2.072626258810584e-11, 7.978700378592615e-12, 1.8076740841440435e-10, 7.866168472793861e-12, 1.4691440625470306e-10, 5.672350197442882e-12, 5.507647323035853e-11, 7.978700378595749e-12, 7.978700378593106e-12, 7.2491064374313585e-12, 1.2669474878322098e-11, 1.5983602390855752e-11, 1.736601091829351e-08, 1.1476845956647592e-10, 0.9999999809931543, 7.7155764163365e-12, 2.044998909964146e-10, 7.890408688990927e-12, 5.720867167214092e-11, 6.727049248670928e-12, 2.734864900830398e-10]"
hMpxV/China/SZ-CDC/Strain121,"[0.0, 0.0, 0.0, 0.0, 0.0, 0.0, 0.0, 0.0, 0.0, 0.0, 0.0, 0.0, 0.0, 0.0, 0.0, 0.0, 0.0, 0.0, 0.0, 0.0, 0.0, 0.0, 0.0, 0.0, 1.0, 0.0, 0.0, 0.0, 0.0, 0.0, 0.0]"
hMpxV/China/SZ-CDC/Strain147,"[0.0, 0.0, 0.0, 0.0, 0.0, 0.0, 0.0, 0.0, 0.0, 0.0, 0.0, 0.0, 0.0, 0.0, 0.0, 0.0, 0.0, 0.0, 0.0, 0.0, 0.0, 0.0, 0.0, 0.0, 1.0, 0.0, 0.0, 0.0, 0.0, 0.0, 0.0]"
NODE_0000023,"[1.0004623173734168e-11, 1.7065029830473372e-12, 2.224964682100659e-12, 1.7203980919256783e-12, 1.5644953121625472e-12, 1.7130034729821992e-12, 1.7240083631308324e-12, 2.4180116891423895e-11, 5.720718324249561e-11, 1.7275776686258279e-12, 4.439830158482694e-12, 1.727758651417375e-12, 3.799591234376547e-11, 1.7150352201720814e-12, 3.090547932926614e-11, 1.2301318625006923e-12, 1.1728094701972672e-11, 1.7277586514197347e-12, 1.7277586514182073e-12, 1.5736779140765911e-12, 2.6869917469387268e-12, 3.4392570344742334e-12, 3.551295264759607e-09, 2.42111143478536e-11, 0.9999999961025249, 1.6703523681913752e-12, 4.2985676842142517e-11, 1.7083240176330946e-12, 1.2140310516315593e-11, 1.460965697807949e-12, 5.7332504983401635e-11]"
hMpxV/China/SZ-CDC/Strain124,"[0.0, 0.0, 0.0, 0.0, 0.0, 0.0, 0.0, 0.0, 0.0, 0.0, 0.0, 0.0, 0.0, 0.0, 0.0, 0.0, 0.0, 0.0, 0.0, 0.0, 0.0, 0.0, 0.0, 0.0, 0.9999999999999999, 0.0, 0.0, 0.0, 0.0, 0.0, 0.0]"
hMpxV/China/SZ-CDC/Strain150,"[0.0, 0.0, 0.0, 0.0, 0.0, 0.0, 0.0, 0.0, 0.0, 0.0, 0.0, 0.0, 0.0, 0.0, 0.0, 0.0, 0.0, 0.0, 0.0, 0.0, 0.0, 0.0, 0.0, 0.0, 1.0, 0.0, 0.0, 0.0, 0.0, 0.0, 0.0]"
hMpxV/China/SZ-CDC/Strain196,"[0.0, 0.0, 0.0, 0.0, 0.0, 0.0, 0.0, 0.0, 0.0, 0.0, 0.0, 0.0, 0.0, 0.0, 0.0, 0.0, 0.0, 0.0, 0.0, 0.0, 0.0, 0.0, 0.0, 0.0, 1.0, 0.0, 0.0, 0.0, 0.0, 0.0, 0.0]"
NODE_0000154,"[4.1926490476994316e-06, 1.1480644199250454e-06, 2.9290578748037954e-05, 6.37195717104838e-07, 3.732369766852675e-06, 8.248690692837104e-07, 9.10886784011122e-07, 6.370265876897102e-07, 6.38762572501882e-07, 6.380665453739204e-07, 6.369378785228183e-07, 6.37009116892317e-07, 6.160749122082308e-07, 9.122461748161577e-07, 1.3535644123224194e-06, 2.138164119294235e-05, 2.6256152979163933e-06, 6.370091168923345e-07, 6.370091168923231e-07, 8.59293846741493e-07, 0.01120172059229736, 6.315207774471692e-07, 3.080561143958342e-06, 6.370676758041009e-07, 1.1506478656263384e-06, 1.3540823537983194e-06, 5.773870653572488e-07, 1.3053357801052834e-06, 6.129788162493842e-07, 0.9887153466933366, 6.362625631274214e-07]"
hMpxV/USA/NE-UNMC-375/2022|EPI_ISL_17269839|2022-12-28,"[0.0, 0.0, 0.0, 0.0, 0.0, 0.0, 0.0, 0.0, 0.0, 0.0, 0.0, 0.0, 0.0, 0.0, 0.0, 0.0, 0.0, 0.0, 0.0, 0.0, 0.0, 0.0, 0.0, 0.0, 0.0, 0.0, 0.0, 0.0, 0.0, 1.0, 0.0]"
hMpxV/USA/CA-CDPH-1M1000501/2023|EPI_ISL_19143459|2023-11-28,"[0.0, 0.0, 0.0, 0.0, 0.0, 0.0, 0.0, 0.0, 0.0, 0.0, 0.0, 0.0, 0.0, 0.0, 0.0, 0.0, 0.0, 0.0, 0.0, 0.0, 0.0, 0.0, 0.0, 0.0, 0.0, 0.0, 0.0, 0.0, 0.0, 1.0, 0.0]"
NODE_0000155,"[3.589308503203815e-10, 1.8445833423421232e-11, 2.601352915077612e-09, 1.661200980390366e-11, 3.6914172576633333e-11, 1.7730743944552826e-11, 1.8025517352720568e-11, 1.754573766513989e-11, 1.747011538016524e-11, 1.6780036982375645e-11, 1.741581955815449e-11, 1.696676597067372e-11, 1.6843563300273133e-11, 1.7549276134667875e-11, 5.2036161853413575e-11, 6.519746720271863e-10, 2.383535338175878e-10, 1.696676597067559e-11, 1.696676597067304e-11, 1.630757476532509e-11, 2.1200775441009848e-07, 1.589459254278944e-11, 2.1721563360354976e-10, 1.754919374485321e-11, 3.233337732457369e-11, 7.604618803512799e-11, 1.437799308592643e-11, 7.109084537886725e-11, 1.6369021513319173e-11, 0.9999997833324091, 1.7770653027098675e-11]"
hMpxV/USA/CT-DPH-1197699001/2023|EPI_ISL_18719999|2023-12-26,"[0.0, 0.0, 0.0, 0.0, 0.0, 0.0, 0.0, 0.0, 0.0, 0.0, 0.0, 0.0, 0.0, 0.0, 0.0, 0.0, 0.0, 0.0, 0.0, 0.0, 0.0, 0.0, 0.0, 0.0, 0.0, 0.0, 0.0, 0.0, 0.0, 0.9999999999999999, 0.0]"
NODE_0000314,"[2.6746783108090534e-14, 5.362500418023237e-16, 3.141073805075704e-13, 4.979708460142525e-16, 1.1195283571591166e-15, 5.269235730059409e-16, 5.398905550538624e-16, 5.500001689834024e-16, 5.444872121842491e-16, 5.058004342561622e-16, 5.423656838033404e-16, 5.175869453000487e-16, 5.2412940327477945e-16, 5.062255723616239e-16, 2.43602446662081e-15, 5.025370838674599e-14, 1.651361195205126e-14, 5.175869453002321e-16, 5.175869452999493e-16, 4.693625214281243e-16, 6.339938749982132e-11, 4.614879659060227e-16, 1.5991215168990183e-14, 5.501738205309347e-16, 1.1293879039576994e-15, 3.801871707216295e-15, 4.1445264026802223e-16, 3.4922456793137256e-15, 4.993811324646068e-16, 0.9999999999361552, 5.633886217178002e-16]"
hMpxV/USA/CA-LACPHL-MA00526/2023|EPI_ISL_18161303|2023-06-09,"[0.0, 0.0, 0.0, 0.0, 0.0, 0.0, 0.0, 0.0, 0.0, 0.0, 0.0, 0.0, 0.0, 0.0, 0.0, 0.0, 0.0, 0.0, 0.0, 0.0, 0.0, 0.0, 0.0, 0.0, 0.0, 0.0, 0.0, 0.0, 0.0, 1.0, 0.0]"
hMpxV/USA/CA-LACPHL-MA00494/2023|EPI_ISL_18161271|2023-04-30,"[0.0, 0.0, 0.0, 0.0, 0.0, 0.0, 0.0, 0.0, 0.0, 0.0, 0.0, 0.0, 0.0, 0.0, 0.0, 0.0, 0.0, 0.0, 0.0, 0.0, 0.0, 0.0, 0.0, 0.0, 0.0, 0.0, 0.0, 0.0, 0.0, 1.0, 0.0]"
hMpxV/USA/CA-LACPHL-MA00492/2023|EPI_ISL_18161269|2023-03-30,"[0.0, 0.0, 0.0, 0.0, 0.0, 0.0, 0.0, 0.0, 0.0, 0.0, 0.0, 0.0, 0.0, 0.0, 0.0, 0.0, 0.0, 0.0, 0.0, 0.0, 0.0, 0.0, 0.0, 0.0, 0.0, 0.0, 0.0, 0.0, 0.0, 1.0, 0.0]"
hMpxV/USA/CA-LACPHL-MA00499/2023|EPI_ISL_18161276|2023-04-30,"[0.0, 0.0, 0.0, 0.0, 0.0, 0.0, 0.0, 0.0, 0.0, 0.0, 0.0, 0.0, 0.0, 0.0, 0.0, 0.0, 0.0, 0.0, 0.0, 0.0, 0.0, 0.0, 0.0, 0.0, 0.0, 0.0, 0.0, 0.0, 0.0, 1.0, 0.0]"
NODE_0000315,"[6.955784239762366e-07, 7.964546122606374e-08, 2.988141703012048e-06, 7.541969561650285e-08, 1.2609950253174335e-07, 7.885209109871613e-08, 7.847367134872778e-08, 7.635116879583393e-08, 7.644208943122043e-08, 7.581610574797852e-08, 7.626532841082478e-08, 7.575773170701913e-08, 7.385264688319569e-08, 7.956722676125076e-08, 1.5137290716784717e-07, 9.703977563517732e-07, 4.974510999284213e-07, 7.575773170702016e-08, 7.575773170701788e-08, 7.37914378739002e-08, 3.711715290145216e-05, 7.445513671628226e-08, 4.135630441436113e-07, 7.635730843571321e-08, 1.25556659841319e-07, 2.1545336551656912e-07, 6.780611287240647e-08, 2.045897293309773e-07, 7.312481494854846e-08, 0.9999550546444765, 7.650493873442367e-08]"
NODE_0000317,"[5.024982418404125e-07, 7.291726091022988e-08, 1.723349527998292e-06, 7.119499527248518e-08, 1.0213112424230206e-07, 7.269130063814527e-08, 7.25438429887831e-08, 7.136917600743447e-08, 7.146381472527135e-08, 7.118504960372005e-08, 7.129371453850403e-08, 7.129364309314668e-08, 6.894933746366317e-08, 7.238727909303837e-08, 1.3326122393449194e-07, 6.307217351581868e-07, 3.901041254807832e-07, 7.129364309314766e-08, 7.129364309314639e-08, 6.876288607528365e-08, 1.6307713515869494e-05, 7.035689505676418e-08, 3.1641118924508664e-07, 7.13750480951563e-08, 1.1009270358066803e-07, 1.835362653687927e-07, 6.278978786574421e-08, 1.751912102172251e-07, 6.831520886108463e-08, 0.9999780821989688, 7.131364190288919e-08]"
hMpxV/USA/WA-UW-440651/2023|EPI_ISL_19524788|2023-11-29,"[0.0, 0.0, 0.0, 0.0, 0.0, 0.0, 0.0, 0.0, 0.0, 0.0, 0.0, 0.0, 0.0, 0.0, 0.0, 0.0, 0.0, 0.0, 0.0, 0.0, 0.0, 0.0, 0.0, 0.0, 0.0, 0.0, 0.0, 0.0, 0.0, 1.0, 0.0]"
hMpxV/USA/WA-UW-246476/2024|EPI_ISL_19336733|2024-07-16,"[0.0, 0.0, 0.0, 0.0, 0.0, 0.0, 0.0, 0.0, 0.0, 0.0, 0.0, 0.0, 0.0, 0.0, 0.0, 0.0, 0.0, 0.0, 0.0, 0.0, 0.0, 0.0, 0.0, 0.0, 0.0, 0.0, 0.0, 0.0, 0.0, 1.0, 0.0]"
NODE_0000318,"[1.6537586094303589e-09, 2.361640782090611e-10, 5.345483121833213e-09, 2.324950931557523e-10, 3.230178610507489e-10, 2.3610486556396776e-10, 2.3596366839688286e-10, 2.33511091985318e-10, 2.337085246869004e-10, 2.3231405375441907e-10, 2.331354432447637e-10, 2.3303053750466647e-10, 2.2538635873385545e-10, 2.3382902162121324e-10, 4.4571199439373596e-10, 2.01103237836898e-09, 1.3090746614828552e-09, 2.3303053750477396e-10, 2.330305375045595e-10, 2.232518574047294e-10, 4.132664103628398e-08, 2.2915526759368953e-10, 1.0595251801542386e-09, 2.335327487007323e-10, 3.586189830575989e-10, 6.123363937763405e-10, 2.0354536838501284e-10, 5.843545660155078e-10, 2.2296552650213523e-10, 0.9999999405928646, 2.3342613205502985e-10]"
hMpxV/USA/CA-CDPH-1M1000656/2024|EPI_ISL_19367821|2024-06-11,"[0.0, 0.0, 0.0, 0.0, 0.0, 0.0, 0.0, 0.0, 0.0, 0.0, 0.0, 0.0, 0.0, 0.0, 0.0, 0.0, 0.0, 0.0, 0.0, 0.0, 0.0, 0.0, 0.0, 0.0, 0.0, 0.0, 0.0, 0.0, 0.0, 1.0, 0.0]"
hMpxV/USA/CA-CDPH-1M1000639/2024|EPI_ISL_19295782|2024-06-11,"[0.0, 0.0, 0.0, 0.0, 0.0, 0.0, 0.0, 0.0, 0.0, 0.0, 0.0, 0.0, 0.0, 0.0, 0.0, 0.0, 0.0, 0.0, 0.0, 0.0, 0.0, 0.0, 0.0, 0.0, 0.0, 0.0, 0.0, 0.0, 0.0, 1.0, 0.0]"
NODE_0000316,"[3.917536477375443e-09, 2.3632634970611997e-10, 2.156080997689702e-08, 2.2725320025114703e-10, 3.8570463618329607e-10, 2.340923662565493e-10, 2.3713876049901007e-10, 2.3805125323278547e-10, 2.3700731155690974e-10, 2.2857047407043856e-10, 2.3636908496691333e-10, 2.3153484452911766e-10, 2.283395183673278e-10, 2.2842731841526682e-10, 6.683489100422274e-10, 5.682325271589296e-09, 2.8402568522803377e-09, 2.3153484452912674e-10, 2.3153484452911006e-10, 2.1608331610658886e-10, 6.710867403255732e-07, 2.1767772477041177e-10, 2.4831730105868476e-09, 2.380975832504809e-10, 4.140137924989286e-10, 9.668419332315342e-10, 1.9381049177724145e-10, 9.073000869534847e-10, 2.2208521453502654e-10, 0.9999992847324936, 2.4052082042832265e-10]"
hMpxV/USA/CA-CDPH-1M1000498/2024|EPI_ISL_19143457|2024-01-26,"[0.0, 0.0, 0.0, 0.0, 0.0, 0.0, 0.0, 0.0, 0.0, 0.0, 0.0, 0.0, 0.0, 0.0, 0.0, 0.0, 0.0, 0.0, 0.0, 0.0, 0.0, 0.0, 0.0, 0.0, 0.0, 0.0, 0.0, 0.0, 0.0, 1.0, 0.0]"
hMpxV/USA/WA-UW-279946/2024|EPI_ISL_19524786|2024-01-17,"[0.0, 0.0, 0.0, 0.0, 0.0, 0.0, 0.0, 0.0, 0.0, 0.0, 0.0, 0.0, 0.0, 0.0, 0.0, 0.0, 0.0, 0.0, 0.0, 0.0, 0.0, 0.0, 0.0, 0.0, 0.0, 0.0, 0.0, 0.0, 0.0, 1.0, 0.0]"
hMpxV/USA/IL-RIPHL-050-0163/2024|EPI_ISL_19031635|2024-03-04,"[0.0, 0.0, 0.0, 0.0, 0.0, 0.0, 0.0, 0.0, 0.0, 0.0, 0.0, 0.0, 0.0, 0.0, 0.0, 0.0, 0.0, 0.0, 0.0, 0.0, 0.0, 0.0, 0.0, 0.0, 0.0, 0.0, 0.0, 0.0, 0.0, 1.0, 0.0]"
NODE_0000299,"[9.76957900311002e-07, 1.2022833462876773e-07, 3.4308785734174912e-06, 1.174330930833215e-07, 1.7112759416709194e-07, 1.1964508613706934e-07, 1.1999953958895105e-07, 1.1878650000850439e-07, 1.1876164236996165e-07, 1.1749572506851843e-07, 1.1852031014466736e-07, 1.1804318497504013e-07, 1.1453605233517784e-07, 1.1852153010288537e-07, 2.437255914351729e-07, 1.2259751350324108e-06, 7.674790468304572e-07, 1.1804318497504362e-07, 1.1804318497504133e-07, 1.128208558190666e-07, 3.431153980343766e-05, 1.1518822169467045e-07, 6.291558076650783e-07, 1.1879922811046414e-07, 1.8709364773728277e-07, 3.37763609878132e-07, 1.0257998275966593e-07, 3.21342590665906e-07, 1.1303192072912577e-07, 0.999955177532592, 1.1895052986359901e-07]"
hMpxV/USA/CA-LACPHL-MA00520/2023|EPI_ISL_18161297|2023-05-23,"[0.0, 0.0, 0.0, 0.0, 0.0, 0.0, 0.0, 0.0, 0.0, 0.0, 0.0, 0.0, 0.0, 0.0, 0.0, 0.0, 0.0, 0.0, 0.0, 0.0, 0.0, 0.0, 0.0, 0.0, 0.0, 0.0, 0.0, 0.0, 0.0, 1.0, 0.0]"
NODE_0000300,"[5.5231581315295846e-17, 3.9208779822279407e-19, 1.1705654045482123e-15, 3.5914695555950815e-19, 9.696424247138149e-19, 3.8274311628944216e-19, 3.9946579615556505e-19, 4.177667482673707e-19, 4.1075319240636243e-19, 3.670486291282195e-19, 4.0889213662815284e-19, 3.809998860740304e-19, 3.9456971858933575e-19, 3.5758213045233915e-19, 3.0031759807974563e-18, 1.2385448915179142e-16, 3.1455119502276434e-17, 3.8099988607419867e-19, 3.809998860740141e-19, 3.3143803331864404e-19, 1.0890247208462211e-12, 3.2048049895776436e-19, 3.334888833887318e-17, 4.1795672560589643e-19, 9.807528328891365e-19, 4.947156100769484e-18, 2.85644707669619e-19, 4.4548175819636845e-18, 3.6749749992790853e-19, 0.9999999999989095, 4.335619023916991e-19]"
hMpxV/USA/CA-LACPHL-MA00536/2023|EPI_ISL_18161312|2023-06-28,"[0.0, 0.0, 0.0, 0.0, 0.0, 0.0, 0.0, 0.0, 0.0, 0.0, 0.0, 0.0, 0.0, 0.0, 0.0, 0.0, 0.0, 0.0, 0.0, 0.0, 0.0, 0.0, 0.0, 0.0, 0.0, 0.0, 0.0, 0.0, 0.0, 1.0, 0.0]"
hMpxV/USA/CA-LACPHL-MA00556/2023|EPI_ISL_18285971|2023-07-31,"[0.0, 0.0, 0.0, 0.0, 0.0, 0.0, 0.0, 0.0, 0.0, 0.0, 0.0, 0.0, 0.0, 0.0, 0.0, 0.0, 0.0, 0.0, 0.0, 0.0, 0.0, 0.0, 0.0, 0.0, 0.0, 0.0, 0.0, 0.0, 0.0, 1.0, 0.0]"
hMpxV/USA/CA-LACPHL-MA00557/2023|EPI_ISL_18285972|2023-06-29,"[0.0, 0.0, 0.0, 0.0, 0.0, 0.0, 0.0, 0.0, 0.0, 0.0, 0.0, 0.0, 0.0, 0.0, 0.0, 0.0, 0.0, 0.0, 0.0, 0.0, 0.0, 0.0, 0.0, 0.0, 0.0, 0.0, 0.0, 0.0, 0.0, 0.9999999999999999, 0.0]"
NODE_0000313,"[1.1542335167852766e-10, 3.9913745592053634e-12, 9.480525463363205e-10, 3.737190809103211e-12, 7.56790393692321e-12, 3.923395508868011e-12, 3.995233932892769e-12, 4.018272759017838e-12, 3.989988435647013e-12, 3.781245157200524e-12, 3.978472900727066e-12, 3.844938154194306e-12, 3.844565405338678e-12, 3.82287634660018e-12, 1.410108427267559e-11, 1.9416278598160658e-10, 7.650672258206818e-11, 3.844938154194542e-12, 3.844938154194279e-12, 3.5578345813772307e-12, 7.395718595251522e-08, 3.526714920181434e-12, 7.04722496160094e-11, 4.019259475165959e-12, 7.676811535896494e-12, 2.128799682210045e-11, 3.1739793086136973e-12, 1.975708666670961e-11, 3.705789193630177e-12, 0.9999999244951168, 4.087624114188637e-12]"
hMpxV/USA/CA-CDPH-1M1000409/2023|EPI_ISL_18781837|2023-09-19,"[0.0, 0.0, 0.0, 0.0, 0.0, 0.0, 0.0, 0.0, 0.0, 0.0, 0.0, 0.0, 0.0, 0.0, 0.0, 0.0, 0.0, 0.0, 0.0, 0.0, 0.0, 0.0, 0.0, 0.0, 0.0, 0.0, 0.0, 0.0, 0.0, 1.0, 0.0]"
hMpxV/USA/CA-CDPH-1M1000352/2023|EPI_ISL_18452343|2023-10-04,"[0.0, 0.0, 0.0, 0.0, 0.0, 0.0, 0.0, 0.0, 0.0, 0.0, 0.0, 0.0, 0.0, 0.0, 0.0, 0.0, 0.0, 0.0, 0.0, 0.0, 0.0, 0.0, 0.0, 0.0, 0.0, 0.0, 0.0, 0.0, 0.0, 1.0, 0.0]"
hMpxV/USA/CA-CDPH-1M1000345/2023|EPI_ISL_18452336|2023-09-26,"[0.0, 0.0, 0.0, 0.0, 0.0, 0.0, 0.0, 0.0, 0.0, 0.0, 0.0, 0.0, 0.0, 0.0, 0.0, 0.0, 0.0, 0.0, 0.0, 0.0, 0.0, 0.0, 0.0, 0.0, 0.0, 0.0, 0.0, 0.0, 0.0, 1.0, 0.0]"
hMpxV/USA/CA-LACPHL-MA00552/2023|EPI_ISL_18285966|2023-07-27,"[0.0, 0.0, 0.0, 0.0, 0.0, 0.0, 0.0, 0.0, 0.0, 0.0, 0.0, 0.0, 0.0, 0.0, 0.0, 0.0, 0.0, 0.0, 0.0, 0.0, 0.0, 0.0, 0.0, 0.0, 0.0, 0.0, 0.0, 0.0, 0.0, 0.9999999999999999, 0.0]"
NODE_0000307,"[3.713521251330356e-08, 4.007718717444776e-09, 1.3535301192009787e-07, 3.9588115153020435e-09, 5.609566878242376e-09, 4.002377030302097e-09, 4.030039133673263e-09, 4.034619975169205e-09, 4.028567329479389e-09, 3.958013314332515e-09, 4.018502313809819e-09, 3.9919756128265644e-09, 3.881127864713665e-09, 3.91537045092351e-09, 8.935311778588278e-09, 4.628553836976306e-08, 2.9440801673805076e-08, 3.991975612826834e-09, 3.9919756128265355e-09, 3.7622325634550924e-09, 1.6109391759535006e-06, 3.853571499603591e-09, 2.4372878142969103e-08, 4.035181430141695e-09, 6.371137647904016e-09, 1.238087799464317e-08, 3.3969156011977614e-09, 1.1753270262112166e-08, 3.811548455208533e-09, 0.9999979967051389, 4.0475539212477166e-09]"
hMpxV/USA/CA-NLACPHL-MA00561/2023|EPI_ISL_18386999|2023-08-09,"[0.0, 0.0, 0.0, 0.0, 0.0, 0.0, 0.0, 0.0, 0.0, 0.0, 0.0, 0.0, 0.0, 0.0, 0.0, 0.0, 0.0, 0.0, 0.0, 0.0, 0.0, 0.0, 0.0, 0.0, 0.0, 0.0, 0.0, 0.0, 0.0, 1.0, 0.0]"
NODE_0000308,"[5.040906209430061e-09, 5.024889770989368e-10, 1.8908306792695394e-08, 4.993878409949805e-10, 6.975999667104851e-10, 5.027754778394618e-10, 5.073882444488362e-10, 5.111901449335112e-10, 5.100452169358773e-10, 4.990975566200654e-10, 5.086317674641555e-10, 5.044972225523558e-10, 4.910849910368771e-10, 4.883664770738665e-10, 1.1838214667212627e-09, 6.275354700940021e-09, 4.0117117418856325e-09, 5.044972225524096e-10, 5.044972225523394e-10, 4.717190051233708e-10, 2.5834223111619727e-07, 4.839819219657117e-10, 3.342210360655128e-09, 5.112706846286902e-10, 8.088932348765131e-10, 1.6407441502978913e-09, 4.2419298938688974e-10, 1.5554977039441743e-09, 4.809283219417742e-10, 0.9999996887733034, 5.133778527334504e-10]"
hMpxV/USA/CA-LACPHL-MA00590/2023|EPI_ISL_18993207|2023-08-10,"[0.0, 0.0, 0.0, 0.0, 0.0, 0.0, 0.0, 0.0, 0.0, 0.0, 0.0, 0.0, 0.0, 0.0, 0.0, 0.0, 0.0, 0.0, 0.0, 0.0, 0.0, 0.0, 0.0, 0.0, 0.0, 0.0, 0.0, 0.0, 0.0, 1.0, 0.0]"
NODE_0000309,"[5.835817660115267e-22, 9.1865016292812e-25, 3.104387685244512e-20, 8.198964718735959e-25, 2.9705284653758313e-24, 8.897898109449788e-25, 9.495926014936266e-25, 1.027375154019025e-24, 1.0009326691834376e-24, 8.465851838368946e-25, 9.949376001574377e-25, 8.952446749702483e-25, 9.590350772599821e-25, 8.0177606164988e-25, 1.44794007439346e-23, 1.7419914403191913e-21, 2.8457852507775476e-22, 8.952446749706448e-25, 8.952446749700023e-25, 7.370183146911786e-25, 3.0630942429049875e-16, 6.946892028054827e-25, 3.4507178279009806e-22, 1.0280399573246798e-24, 2.9525133774434185e-24, 2.601438134206551e-23, 6.160759751177276e-25, 2.275909143343465e-23, 8.653299775355485e-25, 0.9999999999999996, 1.0866265944954233e-24]"
hMpxV/USA/CA-CDPH-1M1000408/2023|EPI_ISL_18781836|2023-09-29,"[0.0, 0.0, 0.0, 0.0, 0.0, 0.0, 0.0, 0.0, 0.0, 0.0, 0.0, 0.0, 0.0, 0.0, 0.0, 0.0, 0.0, 0.0, 0.0, 0.0, 0.0, 0.0, 0.0, 0.0, 0.0, 0.0, 0.0, 0.0, 0.0, 1.0, 0.0]"
hMpxV/USA/CA-LACPHL-MA00589/2023|EPI_ISL_18993199|2023-09-08,"[0.0, 0.0, 0.0, 0.0, 0.0, 0.0, 0.0, 0.0, 0.0, 0.0, 0.0, 0.0, 0.0, 0.0, 0.0, 0.0, 0.0, 0.0, 0.0, 0.0, 0.0, 0.0, 0.0, 0.0, 0.0, 0.0, 0.0, 0.0, 0.0, 0.9999999999999999, 0.0]"
hMpxV/USA/CA-CDPH-1M1000335/2023|EPI_ISL_18399143|2023-08-18,"[0.0, 0.0, 0.0, 0.0, 0.0, 0.0, 0.0, 0.0, 0.0, 0.0, 0.0, 0.0, 0.0, 0.0, 0.0, 0.0, 0.0, 0.0, 0.0, 0.0, 0.0, 0.0, 0.0, 0.0, 0.0, 0.0, 0.0, 0.0, 0.0, 0.9999999999999999, 0.0]"
hMpxV/USA/CA-CDPH-1M1000358/2023|EPI_ISL_18786341|2023-09-18,"[0.0, 0.0, 0.0, 0.0, 0.0, 0.0, 0.0, 0.0, 0.0, 0.0, 0.0, 0.0, 0.0, 0.0, 0.0, 0.0, 0.0, 0.0, 0.0, 0.0, 0.0, 0.0, 0.0, 0.0, 0.0, 0.0, 0.0, 0.0, 0.0, 1.0, 0.0]"
hMpxV/USA/CA-CDPH-1M1000359/2023|EPI_ISL_18786342|2023-09-18,"[0.0, 0.0, 0.0, 0.0, 0.0, 0.0, 0.0, 0.0, 0.0, 0.0, 0.0, 0.0, 0.0, 0.0, 0.0, 0.0, 0.0, 0.0, 0.0, 0.0, 0.0, 0.0, 0.0, 0.0, 0.0, 0.0, 0.0, 0.0, 0.0, 1.0, 0.0]"
hMpxV/USA/CA-CDPH-1M1000366/2023|EPI_ISL_18786351|2023-09-21,"[0.0, 0.0, 0.0, 0.0, 0.0, 0.0, 0.0, 0.0, 0.0, 0.0, 0.0, 0.0, 0.0, 0.0, 0.0, 0.0, 0.0, 0.0, 0.0, 0.0, 0.0, 0.0, 0.0, 0.0, 0.0, 0.0, 0.0, 0.0, 0.0, 1.0, 0.0]"
NODE_0000310,"[3.5491960933959595e-15, 1.5945572623699214e-16, 2.112403409767452e-14, 1.574819014456317e-16, 2.495837603413916e-16, 1.5931259485308081e-16, 1.6281752038889e-16, 1.677895820952822e-16, 1.6656516662117646e-16, 1.581166209591939e-16, 1.6593478457030174e-16, 1.6160067131562239e-16, 1.6008393310567834e-16, 1.5101062428818462e-16, 5.596691843693213e-16, 5.052657675786826e-15, 2.630239030069584e-15, 1.616006713157098e-16, 1.6160067131555427e-16, 1.4600401528961623e-16, 9.473833321167801e-13, 1.4824555007775374e-16, 2.3497986703579475e-15, 1.678344874958709e-16, 2.9316675141407087e-16, 8.090690551072584e-16, 1.289061618079526e-16, 7.555545554327701e-16, 1.5397875977167584e-16, 0.9999999999990122, 1.702292825261472e-16]"
hMpxV/USA/CA-LACPHL-MA00593/2023|EPI_ISL_18993210|2023-08-18,"[0.0, 0.0, 0.0, 0.0, 0.0, 0.0, 0.0, 0.0, 0.0, 0.0, 0.0, 0.0, 0.0, 0.0, 0.0, 0.0, 0.0, 0.0, 0.0, 0.0, 0.0, 0.0, 0.0, 0.0, 0.0, 0.0, 0.0, 0.0, 0.0, 1.0, 0.0]"
hMpxV/USA/CA-CDPH-1M1000334/2023|EPI_ISL_18399142|2023-08-18,"[0.0, 0.0, 0.0, 0.0, 0.0, 0.0, 0.0, 0.0, 0.0, 0.0, 0.0, 0.0, 0.0, 0.0, 0.0, 0.0, 0.0, 0.0, 0.0, 0.0, 0.0, 0.0, 0.0, 0.0, 0.0, 0.0, 0.0, 0.0, 0.0, 1.0, 0.0]"
hMpxV/USA/CA-CDPH-1M1000337/2023|EPI_ISL_18399145|2023-08-21,"[0.0, 0.0, 0.0, 0.0, 0.0, 0.0, 0.0, 0.0, 0.0, 0.0, 0.0, 0.0, 0.0, 0.0, 0.0, 0.0, 0.0, 0.0, 0.0, 0.0, 0.0, 0.0, 0.0, 0.0, 0.0, 0.0, 0.0, 0.0, 0.0, 1.0, 0.0]"
NODE_0000311,"[2.2468131748971194e-08, 2.4249246901976523e-09, 8.178061484855652e-08, 2.3961951535998947e-09, 3.3906538414210928e-09, 2.4220720577070336e-09, 2.4388509516068993e-09, 2.4421727332754313e-09, 2.438487756035514e-09, 2.395633229271033e-09, 2.432359781292436e-09, 2.4163113538659857e-09, 2.349195608556332e-09, 2.3688213731228275e-09, 5.410151192123211e-09, 2.798156081644896e-08, 1.7819498228497026e-08, 2.4163113538663306e-09, 2.4163113538659906e-09, 2.2766860075487277e-09, 9.663206385291475e-07, 2.332323055831429e-09, 1.4750720495532124e-08, 2.4425134802272715e-09, 3.855193991287946e-09, 7.495405688126498e-09, 2.055463036524748e-09, 7.115522922477497e-09, 2.306952053411953e-09, 0.9999987963903, 2.4500227053143606e-09]"
hMpxV/USA/CA-CDPH-1M1000370/2023|EPI_ISL_18786357|2023-09-29,"[0.0, 0.0, 0.0, 0.0, 0.0, 0.0, 0.0, 0.0, 0.0, 0.0, 0.0, 0.0, 0.0, 0.0, 0.0, 0.0, 0.0, 0.0, 0.0, 0.0, 0.0, 0.0, 0.0, 0.0, 0.0, 0.0, 0.0, 0.0, 0.0, 1.0, 0.0]"
NODE_0000312,"[6.142974132038163e-10, 6.104585449469079e-11, 2.300064422413469e-09, 6.071800409503816e-11, 8.458606837201255e-11, 6.109916362480236e-11, 6.166810248363594e-11, 6.216841044914638e-11, 6.202618069913025e-11, 6.067870419876759e-11, 6.185253514193655e-11, 6.134589083976577e-11, 5.971716090435079e-11, 5.930856424496243e-11, 1.4432177282007954e-10, 7.634773752641452e-10, 4.893560424853443e-10, 6.134589083978247e-11, 6.134589083975325e-11, 5.7318936688095086e-11, 3.114635675594845e-08, 5.882685893739537e-11, 4.077136782835925e-10, 6.217828889445243e-11, 9.833418984316917e-11, 1.9998364854790844e-10, 5.1529781758569184e-11, 1.89585904459416e-10, 5.847026205801407e-11, 0.9999999624168401, 6.243811668302774e-11]"
hMpxV/USA/CA-CDPH-1M1000449/2023|EPI_ISL_18781636|2023-10-10,"[0.0, 0.0, 0.0, 0.0, 0.0, 0.0, 0.0, 0.0, 0.0, 0.0, 0.0, 0.0, 0.0, 0.0, 0.0, 0.0, 0.0, 0.0, 0.0, 0.0, 0.0, 0.0, 0.0, 0.0, 0.0, 0.0, 0.0, 0.0, 0.0, 1.0, 0.0]"
hMpxV/USA/CA-CDPH-1M1000371/2023|EPI_ISL_18786358|2023-09-29,"[0.0, 0.0, 0.0, 0.0, 0.0, 0.0, 0.0, 0.0, 0.0, 0.0, 0.0, 0.0, 0.0, 0.0, 0.0, 0.0, 0.0, 0.0, 0.0, 0.0, 0.0, 0.0, 0.0, 0.0, 0.0, 0.0, 0.0, 0.0, 0.0, 0.9999999999999999, 0.0]"
NODE_0000301,"[3.0311477659011296e-08, 3.6027238171927825e-09, 1.0737232766697142e-07, 3.531710230753909e-09, 5.09577488222522e-09, 3.5896606717442655e-09, 3.604055566252542e-09, 3.5796815768301713e-09, 3.577675290563306e-09, 3.5326944621668118e-09, 3.569850010768844e-09, 3.553100824746458e-09, 3.449292131333219e-09, 3.5425547539497947e-09, 7.497024545057868e-09, 3.792879038567187e-08, 2.387961120418799e-08, 3.553100824747295e-09, 3.5531008247456506e-09, 3.3819209120946417e-09, 1.1202831854062143e-06, 3.4568208647313446e-09, 1.96254354208731e-08, 3.580097613855702e-09, 5.638345182794915e-09, 1.0387049616901709e-08, 3.0688491876797374e-09, 9.876527162110618e-09, 3.3992955425990735e-09, 0.9999985553918734, 3.5863924168728186e-09]"
hMpxV/USA/CA-CDPH-11000324/2023|EPI_ISL_18323794|2023-08-21,"[0.0, 0.0, 0.0, 0.0, 0.0, 0.0, 0.0, 0.0, 0.0, 0.0, 0.0, 0.0, 0.0, 0.0, 0.0, 0.0, 0.0, 0.0, 0.0, 0.0, 0.0, 0.0, 0.0, 0.0, 0.0, 0.0, 0.0, 0.0, 0.0, 1.0, 0.0]"
NODE_0000302,"[2.5166191078767503e-28, 4.797031854558911e-32, 5.0968640395712437e-26, 4.0784857559247854e-32, 2.3420717792249187e-31, 4.5806225052176755e-32, 5.032272141153436e-32, 5.666606242222176e-32, 5.453342069110046e-32, 4.278723357040358e-32, 5.410537866124334e-32, 4.634016897951076e-32, 5.21018484373258e-32, 3.955598565643982e-32, 2.0131062731691054e-30, 1.1585858683601466e-27, 9.634577392843966e-29, 4.6340168979524053e-32, 4.63401689794969e-32, 3.561200861001555e-32, 1.444791550627764e-20, 3.2233024178017655e-32, 1.4134658260098886e-28, 5.671721645789606e-32, 2.191062985122858e-31, 4.1151676897463644e-30, 2.863144835121161e-32, 3.456576045407337e-30, 4.505035781726677e-32, 1.0, 6.153935631620147e-32]"
hMpxV/USA/CA-CDPH-1M1000422/2023|EPI_ISL_18781806|2023-10-13,"[0.0, 0.0, 0.0, 0.0, 0.0, 0.0, 0.0, 0.0, 0.0, 0.0, 0.0, 0.0, 0.0, 0.0, 0.0, 0.0, 0.0, 0.0, 0.0, 0.0, 0.0, 0.0, 0.0, 0.0, 0.0, 0.0, 0.0, 0.0, 0.0, 1.0, 0.0]"
hMpxV/USA/CA-CDPH-1M1000428/2023|EPI_ISL_18781812|2023-09-28,"[0.0, 0.0, 0.0, 0.0, 0.0, 0.0, 0.0, 0.0, 0.0, 0.0, 0.0, 0.0, 0.0, 0.0, 0.0, 0.0, 0.0, 0.0, 0.0, 0.0, 0.0, 0.0, 0.0, 0.0, 0.0, 0.0, 0.0, 0.0, 0.0, 1.0, 0.0]"
hMpxV/USA/CA-CDPH-1M1000427/2023|EPI_ISL_18781811|2023-10-03,"[0.0, 0.0, 0.0, 0.0, 0.0, 0.0, 0.0, 0.0, 0.0, 0.0, 0.0, 0.0, 0.0, 0.0, 0.0, 0.0, 0.0, 0.0, 0.0, 0.0, 0.0, 0.0, 0.0, 0.0, 0.0, 0.0, 0.0, 0.0, 0.0, 1.0, 0.0]"
hMpxV/USA/CA-CDPH-1M1000342/2023|EPI_ISL_18452333|2023-09-25,"[0.0, 0.0, 0.0, 0.0, 0.0, 0.0, 0.0, 0.0, 0.0, 0.0, 0.0, 0.0, 0.0, 0.0, 0.0, 0.0, 0.0, 0.0, 0.0, 0.0, 0.0, 0.0, 0.0, 0.0, 0.0, 0.0, 0.0, 0.0, 0.0, 1.0, 0.0]"
hMpxV/USA/CA-CDPH-1M1000401/2023|EPI_ISL_18781925|2023-11-06,"[0.0, 0.0, 0.0, 0.0, 0.0, 0.0, 0.0, 0.0, 0.0, 0.0, 0.0, 0.0, 0.0, 0.0, 0.0, 0.0, 0.0, 0.0, 0.0, 0.0, 0.0, 0.0, 0.0, 0.0, 0.0, 0.0, 0.0, 0.0, 0.0, 0.9999999999999999, 0.0]"
hMpxV/USA/CA-CDPH-1M1000444/2023|EPI_ISL_18781631|2023-11-09,"[0.0, 0.0, 0.0, 0.0, 0.0, 0.0, 0.0, 0.0, 0.0, 0.0, 0.0, 0.0, 0.0, 0.0, 0.0, 0.0, 0.0, 0.0, 0.0, 0.0, 0.0, 0.0, 0.0, 0.0, 0.0, 0.0, 0.0, 0.0, 0.0, 1.0, 0.0]"
hMpxV/USA/CA-CDPH-1M1000551/2023|EPI_ISL_19170480|2023-11-03,"[0.0, 0.0, 0.0, 0.0, 0.0, 0.0, 0.0, 0.0, 0.0, 0.0, 0.0, 0.0, 0.0, 0.0, 0.0, 0.0, 0.0, 0.0, 0.0, 0.0, 0.0, 0.0, 0.0, 0.0, 0.0, 0.0, 0.0, 0.0, 0.0, 1.0, 0.0]"
hMpxV/USA/CA-CDPH-1M1000619/2023|EPI_ISL_19295764|2023-10-10,"[0.0, 0.0, 0.0, 0.0, 0.0, 0.0, 0.0, 0.0, 0.0, 0.0, 0.0, 0.0, 0.0, 0.0, 0.0, 0.0, 0.0, 0.0, 0.0, 0.0, 0.0, 0.0, 0.0, 0.0, 0.0, 0.0, 0.0, 0.0, 0.0, 1.0, 0.0]"
hMpxV/USA/CA-CDPH-1M1000365/2023|EPI_ISL_18786350|2023-09-22,"[0.0, 0.0, 0.0, 0.0, 0.0, 0.0, 0.0, 0.0, 0.0, 0.0, 0.0, 0.0, 0.0, 0.0, 0.0, 0.0, 0.0, 0.0, 0.0, 0.0, 0.0, 0.0, 0.0, 0.0, 0.0, 0.0, 0.0, 0.0, 0.0, 1.0, 0.0]"
NODE_0000306,"[1.0466765616965362e-08, 1.210382055482946e-09, 3.7281139112907873e-08, 1.190836804655667e-09, 1.6997530867312022e-09, 1.2075827189797927e-09, 1.2134390987394527e-09, 1.2090085770810565e-09, 1.2079818080367886e-09, 1.1908377245503799e-09, 1.2051449167188134e-09, 1.198886748610345e-09, 1.1642919281788434e-09, 1.1875436488554407e-09, 2.5743634861541493e-09, 1.3050284056456646e-08, 8.268572795104393e-09, 1.1988867486106474e-09, 1.1988867486100764e-09, 1.1368476071777203e-09, 4.01285735905938e-07, 1.1634721335844537e-09, 6.808702320222545e-09, 1.2091586653886245e-09, 1.9027838052734066e-09, 3.565023637849866e-09, 1.0298130297761966e-09, 3.388381965734234e-09, 1.14603646185406e-09, 0.9999994872276959, 1.2117608222419315e-09]"
hMpxV/USA/CA-CDPH-1M1000483/2023|EPI_ISL_19143445|2023-12-08,"[0.0, 0.0, 0.0, 0.0, 0.0, 0.0, 0.0, 0.0, 0.0, 0.0, 0.0, 0.0, 0.0, 0.0, 0.0, 0.0, 0.0, 0.0, 0.0, 0.0, 0.0, 0.0, 0.0, 0.0, 0.0, 0.0, 0.0, 0.0, 0.0, 1.0, 0.0]"
hMpxV/USA/CA-CDPH-1M1000499/2023|EPI_ISL_19143476|2023-11-29,"[0.0, 0.0, 0.0, 0.0, 0.0, 0.0, 0.0, 0.0, 0.0, 0.0, 0.0, 0.0, 0.0, 0.0, 0.0, 0.0, 0.0, 0.0, 0.0, 0.0, 0.0, 0.0, 0.0, 0.0, 0.0, 0.0, 0.0, 0.0, 0.0, 1.0, 0.0]"
NODE_0000303,"[1.411468287427596e-08, 1.441756268540009e-09, 5.2160426133832895e-08, 1.431241097541076e-09, 2.00259076820292e-09, 1.4420902981034651e-09, 1.4545033345580481e-09, 1.4633150290338093e-09, 1.4603113590459164e-09, 1.4304799029294367e-09, 1.4563695877179456e-09, 1.4451769055593926e-09, 1.4062231936685668e-09, 1.403106971999186e-09, 3.3476396879165863e-09, 1.7527758424211602e-08, 1.1238449264781975e-08, 1.4451769055595022e-09, 1.4451769055594127e-09, 1.3537623446729221e-09, 6.604635493455538e-07, 1.3886364969763596e-09, 9.341144044735544e-09, 1.4635387694536832e-09, 2.3128258019983526e-09, 4.637682839158767e-09, 1.2186637744008646e-09, 4.3985886351808895e-09, 1.378132884442631e-09, 0.9999991914578588, 1.4691413042524983e-09]"
hMpxV/USA/CA-CDPH-1M1000426/2023|EPI_ISL_18781810|2023-10-11,"[0.0, 0.0, 0.0, 0.0, 0.0, 0.0, 0.0, 0.0, 0.0, 0.0, 0.0, 0.0, 0.0, 0.0, 0.0, 0.0, 0.0, 0.0, 0.0, 0.0, 0.0, 0.0, 0.0, 0.0, 0.0, 0.0, 0.0, 0.0, 0.0, 1.0, 0.0]"
NODE_0000304,"[1.7587831385350164e-18, 1.0831820499989509e-20, 3.872707712490591e-17, 1.0058739363746277e-20, 2.6189515388319225e-20, 1.0622014986585342e-20, 1.113287927730633e-20, 1.1796597874049078e-20, 1.1582188702473321e-20, 1.0270553432628433e-20, 1.1523180123710236e-20, 1.0707603683998067e-20, 1.1112357512859887e-20, 9.780964126761152e-21, 9.215364709798236e-20, 3.904533151635559e-18, 1.0124381298054355e-18, 1.0707603684001239e-20, 1.0707603683995589e-20, 9.165870539586191e-21, 4.352213956177365e-14, 8.900227874965748e-21, 1.0846247431249729e-18, 1.1802384285164767e-20, 2.7730735151204505e-20, 1.5169768629417659e-19, 7.83931303647016e-21, 1.36283478816693e-19, 1.0293876979787401e-20, 0.9999999999999565, 1.2266913705818049e-20]"
hMpxV/USA/CA-CDPH-1M1000419/2023|EPI_ISL_18781848|2023-10-11,"[0.0, 0.0, 0.0, 0.0, 0.0, 0.0, 0.0, 0.0, 0.0, 0.0, 0.0, 0.0, 0.0, 0.0, 0.0, 0.0, 0.0, 0.0, 0.0, 0.0, 0.0, 0.0, 0.0, 0.0, 0.0, 0.0, 0.0, 0.0, 0.0, 0.9999999999999999, 0.0]"
hMpxV/USA/CA-CDPH-1M1000356/2023|EPI_ISL_18452347|2023-10-03,"[0.0, 0.0, 0.0, 0.0, 0.0, 0.0, 0.0, 0.0, 0.0, 0.0, 0.0, 0.0, 0.0, 0.0, 0.0, 0.0, 0.0, 0.0, 0.0, 0.0, 0.0, 0.0, 0.0, 0.0, 0.0, 0.0, 0.0, 0.0, 0.0, 1.0, 0.0]"
hMpxV/USA/CA-CDPH-1M1000465/2023|EPI_ISL_18959322|2023-12-12,"[0.0, 0.0, 0.0, 0.0, 0.0, 0.0, 0.0, 0.0, 0.0, 0.0, 0.0, 0.0, 0.0, 0.0, 0.0, 0.0, 0.0, 0.0, 0.0, 0.0, 0.0, 0.0, 0.0, 0.0, 0.0, 0.0, 0.0, 0.0, 0.0, 1.0, 0.0]"
hMpxV/USA/CA-CDPH-1M1000438/2023|EPI_ISL_18781627|2023-11-02,"[0.0, 0.0, 0.0, 0.0, 0.0, 0.0, 0.0, 0.0, 0.0, 0.0, 0.0, 0.0, 0.0, 0.0, 0.0, 0.0, 0.0, 0.0, 0.0, 0.0, 0.0, 0.0, 0.0, 0.0, 0.0, 0.0, 0.0, 0.0, 0.0, 0.9999999999999999, 0.0]"
hMpxV/USA/CA-CDPH-1M1000421/2023|EPI_ISL_19170459|2023-10-06,"[0.0, 0.0, 0.0, 0.0, 0.0, 0.0, 0.0, 0.0, 0.0, 0.0, 0.0, 0.0, 0.0, 0.0, 0.0, 0.0, 0.0, 0.0, 0.0, 0.0, 0.0, 0.0, 0.0, 0.0, 0.0, 0.0, 0.0, 0.0, 0.0, 1.0, 0.0]"
NODE_0000305,"[2.865519915554862e-09, 1.9262715453134863e-10, 1.1588130092967583e-08, 1.848355772399207e-10, 3.1266853668919143e-10, 1.9032822763533928e-10, 1.9206019618777694e-10, 1.922259015451835e-10, 1.9223794771189755e-10, 1.843424508578119e-10, 2.4820985320381286e-10, 1.8623759889590946e-10, 1.8693226440700878e-10, 1.8723753869496807e-10, 7.772843522494273e-09, 3.5912481986364637e-09, 1.8237766310114049e-09, 1.8623759889595232e-10, 1.862375988958671e-10, 1.743500522483849e-10, 3.323828856419493e-07, 2.198049264446336e-10, 1.6074648070579943e-09, 1.9226424582516382e-10, 4.638850063013415e-10, 6.779581075999637e-10, 6.382043052250842e-10, 6.423080908181162e-10, 3.4461185674850545e-10, 0.9999996319977202, 1.9460596904867643e-10]"
hMpxV/USA/CA-CDPH-1M1000475/2024|EPI_ISL_19143469|2024-02-10,"[0.0, 0.0, 0.0, 0.0, 0.0, 0.0, 0.0, 0.0, 0.0, 0.0, 0.0, 0.0, 0.0, 0.0, 0.0, 0.0, 0.0, 0.0, 0.0, 0.0, 0.0, 0.0, 0.0, 0.0, 0.0, 0.0, 0.0, 0.0, 0.0, 1.0, 0.0]"
hMpxV/USA/CA-CDPH-1M1000479/2024|EPI_ISL_19143473|2024-02-13,"[0.0, 0.0, 0.0, 0.0, 0.0, 0.0, 0.0, 0.0, 0.0, 0.0, 0.0, 0.0, 0.0, 0.0, 0.0, 0.0, 0.0, 0.0, 0.0, 0.0, 0.0, 0.0, 0.0, 0.0, 0.0, 0.0, 0.0, 0.0, 0.0, 0.9999999999999999, 0.0]"
hMpxV/Japan/TMIPH-0002/2024|EPI_ISL_19151801|2024-04-06,"[0.0, 0.0, 0.0, 0.0, 0.0, 0.0, 0.0, 0.0, 0.0, 0.0, 0.0, 0.0, 0.0, 0.0, 1.0, 0.0, 0.0, 0.0, 0.0, 0.0, 0.0, 0.0, 0.0, 0.0, 0.0, 0.0, 0.0, 0.0, 0.0, 0.0, 0.0]"
hMpxV/USA/IL-RIPHL-050-0134/2023|EPI_ISL_19016764|2023-10-31,"[0.0, 0.0, 0.0, 0.0, 0.0, 0.0, 0.0, 0.0, 0.0, 0.0, 0.0, 0.0, 0.0, 0.0, 0.0, 0.0, 0.0, 0.0, 0.0, 0.0, 0.0, 0.0, 0.0, 0.0, 0.0, 0.0, 0.0, 0.0, 0.0, 1.0, 0.0]"
NODE_0000156,"[8.459958621290497e-08, 9.295291625622212e-09, 3.067082105908218e-07, 9.164238490195233e-09, 1.3055538206470201e-08, 9.276583415975687e-09, 9.335922882244628e-09, 9.330139015123187e-09, 9.317776283717576e-09, 9.16364778653446e-09, 9.295313699744887e-09, 9.23702610106819e-09, 8.978241124402953e-09, 9.092959566091983e-09, 2.0450492604783446e-08, 1.055776344886086e-07, 6.69862829024579e-08, 9.237026101068776e-09, 9.237026101068324e-09, 8.724050238159232e-09, 3.5477976942278904e-06, 8.930284643655813e-09, 5.537950901359722e-08, 9.331393975691146e-09, 1.4734750719963318e-08, 2.8339914119167537e-08, 7.885009823377997e-09, 2.691100584619025e-08, 8.823553760001093e-09, 0.9999955564461896, 9.357706800558128e-09]"
hMpxV/USA/IL-RIPHL-050-0058/2023|EPI_ISL_17821100|2023-05-17,"[0.0, 0.0, 0.0, 0.0, 0.0, 0.0, 0.0, 0.0, 0.0, 0.0, 0.0, 0.0, 0.0, 0.0, 0.0, 0.0, 0.0, 0.0, 0.0, 0.0, 0.0, 0.0, 0.0, 0.0, 0.0, 0.0, 0.0, 0.0, 0.0, 1.0, 0.0]"
NODE_0000157,"[1.2692842882961878e-51, 3.0953077455983382e-59, 1.5578439428122614e-46, 1.8131995337805077e-59, 1.4497711701556736e-57, 2.6819559324693957e-59, 3.2034512178303084e-59, 3.850968952926797e-59, 3.5477740289283975e-59, 2.0808749966252844e-59, 3.495831823611439e-59, 2.414726360067356e-59, 3.384351981530057e-59, 2.1700838527798543e-59, 5.086721873802181e-56, 5.824918471627487e-50, 1.1852219815035728e-52, 2.4147263600681457e-59, 2.4147263600667388e-59, 1.5577491509652701e-59, 1.1275904127863773e-34, 1.1236274190690285e-59, 3.9872221114158136e-52, 3.857877734022854e-59, 6.309444410666229e-58, 2.0199814549192682e-55, 1.1287662686930588e-59, 1.6762319411843587e-55, 2.5066182417716e-59, 1.0, 4.67058067913069e-59]"
hMpxV/USA/CA-CDPH-1M1000346/2023|EPI_ISL_18452337|2023-09-30,"[0.0, 0.0, 0.0, 0.0, 0.0, 0.0, 0.0, 0.0, 0.0, 0.0, 0.0, 0.0, 0.0, 0.0, 0.0, 0.0, 0.0, 0.0, 0.0, 0.0, 0.0, 0.0, 0.0, 0.0, 0.0, 0.0, 0.0, 0.0, 0.0, 1.0, 0.0]"
hMpxV/USA/IL-RIPHL-050-0057/2023|EPI_ISL_17821099|2023-05-18,"[0.0, 0.0, 0.0, 0.0, 0.0, 0.0, 0.0, 0.0, 0.0, 0.0, 0.0, 0.0, 0.0, 0.0, 0.0, 0.0, 0.0, 0.0, 0.0, 0.0, 0.0, 0.0, 0.0, 0.0, 0.0, 0.0, 0.0, 0.0, 0.0, 0.9999999999999999, 0.0]"
hMpxV/USA/IL-RIPHL-052-0038/2023|EPI_ISL_17821097|2023-05-11,"[0.0, 0.0, 0.0, 0.0, 0.0, 0.0, 0.0, 0.0, 0.0, 0.0, 0.0, 0.0, 0.0, 0.0, 0.0, 0.0, 0.0, 0.0, 0.0, 0.0, 0.0, 0.0, 0.0, 0.0, 0.0, 0.0, 0.0, 0.0, 0.0, 1.0, 0.0]"
hMpxV/USA/CA-LACPHL-MA00529/2023|EPI_ISL_18161306|2023-07-03,"[0.0, 0.0, 0.0, 0.0, 0.0, 0.0, 0.0, 0.0, 0.0, 0.0, 0.0, 0.0, 0.0, 0.0, 0.0, 0.0, 0.0, 0.0, 0.0, 0.0, 0.0, 0.0, 0.0, 0.0, 0.0, 0.0, 0.0, 0.0, 0.0, 1.0, 0.0]"
hMpxV/USA/CA-LACPHL-MA00544/2023|EPI_ISL_18161320|2023-06-28,"[0.0, 0.0, 0.0, 0.0, 0.0, 0.0, 0.0, 0.0, 0.0, 0.0, 0.0, 0.0, 0.0, 0.0, 0.0, 0.0, 0.0, 0.0, 0.0, 0.0, 0.0, 0.0, 0.0, 0.0, 0.0, 0.0, 0.0, 0.0, 0.0, 1.0, 0.0]"
hMpxV/USA/CA-LACPHL-MA00527/2023|EPI_ISL_18161304|2023-06-07,"[0.0, 0.0, 0.0, 0.0, 0.0, 0.0, 0.0, 0.0, 0.0, 0.0, 0.0, 0.0, 0.0, 0.0, 0.0, 0.0, 0.0, 0.0, 0.0, 0.0, 0.0, 0.0, 0.0, 0.0, 0.0, 0.0, 0.0, 0.0, 0.0, 1.0, 0.0]"
hMpxV/USA/IL-RIPHL-050-0059/2023|EPI_ISL_17821101|2023-05-23,"[0.0, 0.0, 0.0, 0.0, 0.0, 0.0, 0.0, 0.0, 0.0, 0.0, 0.0, 0.0, 0.0, 0.0, 0.0, 0.0, 0.0, 0.0, 0.0, 0.0, 0.0, 0.0, 0.0, 0.0, 0.0, 0.0, 0.0, 0.0, 0.0, 1.0, 0.0]"
hMpxV/USA/IL-RIPHL-04-0075/2023|EPI_ISL_18137802|2023-06-22,"[0.0, 0.0, 0.0, 0.0, 0.0, 0.0, 0.0, 0.0, 0.0, 0.0, 0.0, 0.0, 0.0, 0.0, 0.0, 0.0, 0.0, 0.0, 0.0, 0.0, 0.0, 0.0, 0.0, 0.0, 0.0, 0.0, 0.0, 0.0, 0.0, 1.0, 0.0]"
hMpxV/USA/IL-RIPHL-04-0019/2023|EPI_ISL_18137814|2023-04-20,"[0.0, 0.0, 0.0, 0.0, 0.0, 0.0, 0.0, 0.0, 0.0, 0.0, 0.0, 0.0, 0.0, 0.0, 0.0, 0.0, 0.0, 0.0, 0.0, 0.0, 0.0, 0.0, 0.0, 0.0, 0.0, 0.0, 0.0, 0.0, 0.0, 1.0, 0.0]"
hMpxV/USA/IL-RIPHL-052-0079/2023|EPI_ISL_18137805|2023-07-02,"[0.0, 0.0, 0.0, 0.0, 0.0, 0.0, 0.0, 0.0, 0.0, 0.0, 0.0, 0.0, 0.0, 0.0, 0.0, 0.0, 0.0, 0.0, 0.0, 0.0, 0.0, 0.0, 0.0, 0.0, 0.0, 0.0, 0.0, 0.0, 0.0, 1.0, 0.0]"
hMpxV/USA/IL-RIPHL-04-0022/2023|EPI_ISL_18137816|2023-05-04,"[0.0, 0.0, 0.0, 0.0, 0.0, 0.0, 0.0, 0.0, 0.0, 0.0, 0.0, 0.0, 0.0, 0.0, 0.0, 0.0, 0.0, 0.0, 0.0, 0.0, 0.0, 0.0, 0.0, 0.0, 0.0, 0.0, 0.0, 0.0, 0.0, 1.0, 0.0]"
hMpxV/USA/IL-RIPHL-050-0087/2023|EPI_ISL_18137812|2023-07-12,"[0.0, 0.0, 0.0, 0.0, 0.0, 0.0, 0.0, 0.0, 0.0, 0.0, 0.0, 0.0, 0.0, 0.0, 0.0, 0.0, 0.0, 0.0, 0.0, 0.0, 0.0, 0.0, 0.0, 0.0, 0.0, 0.0, 0.0, 0.0, 0.0, 1.0, 0.0]"
hMpxV/USA/IL-RIPHL-04-0023/2023|EPI_ISL_18137817|2023-05-07,"[0.0, 0.0, 0.0, 0.0, 0.0, 0.0, 0.0, 0.0, 0.0, 0.0, 0.0, 0.0, 0.0, 0.0, 0.0, 0.0, 0.0, 0.0, 0.0, 0.0, 0.0, 0.0, 0.0, 0.0, 0.0, 0.0, 0.0, 0.0, 0.0, 0.9999999999999999, 0.0]"
hMpxV/USA/IL-RIPHL-04-0045/2023|EPI_ISL_18137819|2023-05-16,"[0.0, 0.0, 0.0, 0.0, 0.0, 0.0, 0.0, 0.0, 0.0, 0.0, 0.0, 0.0, 0.0, 0.0, 0.0, 0.0, 0.0, 0.0, 0.0, 0.0, 0.0, 0.0, 0.0, 0.0, 0.0, 0.0, 0.0, 0.0, 0.0, 0.9999999999999999, 0.0]"
hMpxV/USA/IL-RIPHL-04-0044/2023|EPI_ISL_18137818|2023-05-10,"[0.0, 0.0, 0.0, 0.0, 0.0, 0.0, 0.0, 0.0, 0.0, 0.0, 0.0, 0.0, 0.0, 0.0, 0.0, 0.0, 0.0, 0.0, 0.0, 0.0, 0.0, 0.0, 0.0, 0.0, 0.0, 0.0, 0.0, 0.0, 0.0, 1.0, 0.0]"
hMpxV/USA/IL-RIPHL-04-0020/2023|EPI_ISL_18137815|2023-04-27,"[0.0, 0.0, 0.0, 0.0, 0.0, 0.0, 0.0, 0.0, 0.0, 0.0, 0.0, 0.0, 0.0, 0.0, 0.0, 0.0, 0.0, 0.0, 0.0, 0.0, 0.0, 0.0, 0.0, 0.0, 0.0, 0.0, 0.0, 0.0, 0.0, 1.0, 0.0]"
hMpxV/USA/CA-LACPHL-MA00502/2023|EPI_ISL_18161279|2023-05-02,"[0.0, 0.0, 0.0, 0.0, 0.0, 0.0, 0.0, 0.0, 0.0, 0.0, 0.0, 0.0, 0.0, 0.0, 0.0, 0.0, 0.0, 0.0, 0.0, 0.0, 0.0, 0.0, 0.0, 0.0, 0.0, 0.0, 0.0, 0.0, 0.0, 0.9999999999999999, 0.0]"
hMpxV/USA/IL-RIPHL-050-0095/2023|EPI_ISL_18285985|2023-08-03,"[0.0, 0.0, 0.0, 0.0, 0.0, 0.0, 0.0, 0.0, 0.0, 0.0, 0.0, 0.0, 0.0, 0.0, 0.0, 0.0, 0.0, 0.0, 0.0, 0.0, 0.0, 0.0, 0.0, 0.0, 0.0, 0.0, 0.0, 0.0, 0.0, 1.0, 0.0]"
hMpxV/USA/IL-RIPHL-0061/2023|EPI_ISL_17979001|2023-05-31,"[0.0, 0.0, 0.0, 0.0, 0.0, 0.0, 0.0, 0.0, 0.0, 0.0, 0.0, 0.0, 0.0, 0.0, 0.0, 0.0, 0.0, 0.0, 0.0, 0.0, 0.0, 0.0, 0.0, 0.0, 0.0, 0.0, 0.0, 0.0, 0.0, 1.0, 0.0]"
hMpxV/USA/IL-RIPHL-0060/2023|EPI_ISL_17979000|2023-05-31,"[0.0, 0.0, 0.0, 0.0, 0.0, 0.0, 0.0, 0.0, 0.0, 0.0, 0.0, 0.0, 0.0, 0.0, 0.0, 0.0, 0.0, 0.0, 0.0, 0.0, 0.0, 0.0, 0.0, 0.0, 0.0, 0.0, 0.0, 0.0, 0.0, 1.0, 0.0]"
hMpxV/USA/CA-CDPH-1M1000616/2023|EPI_ISL_19295761|2023-10-12,"[0.0, 0.0, 0.0, 0.0, 0.0, 0.0, 0.0, 0.0, 0.0, 0.0, 0.0, 0.0, 0.0, 0.0, 0.0, 0.0, 0.0, 0.0, 0.0, 0.0, 0.0, 0.0, 0.0, 0.0, 0.0, 0.0, 0.0, 0.0, 0.0, 1.0, 0.0]"
NODE_0000297,"[1.2303521625991444e-08, 1.3604652577900484e-09, 4.4518439655321326e-08, 1.3407437462992663e-09, 1.911549763248161e-09, 1.3575930055452765e-09, 1.3660087147161533e-09, 1.3645266247806718e-09, 1.3628028504076462e-09, 1.340688605024483e-09, 1.3595381160009769e-09, 1.3511888650752705e-09, 1.3132007116586653e-09, 1.3313984911708411e-09, 2.979851206003217e-09, 1.5356492642736263e-08, 9.738129354596431e-09, 1.3511888650755925e-09, 1.3511888650749585e-09, 1.2769075367811312e-09, 5.103857892374508e-07, 1.306975727666366e-09, 8.046877505747578e-09, 1.364708191525114e-09, 2.154369109174419e-09, 4.129318631428822e-09, 1.1544661229984434e-09, 3.921547560587777e-09, 1.2908572927904865e-09, 0.999999359241226, 1.3684399294751086e-09]"
hMpxV/USA/IL-RIPHL-052-0039/2023|EPI_ISL_17821098|2023-05-15,"[0.0, 0.0, 0.0, 0.0, 0.0, 0.0, 0.0, 0.0, 0.0, 0.0, 0.0, 0.0, 0.0, 0.0, 0.0, 0.0, 0.0, 0.0, 0.0, 0.0, 0.0, 0.0, 0.0, 0.0, 0.0, 0.0, 0.0, 0.0, 0.0, 1.0, 0.0]"
hMpxV/USA/IL-RIPHL-0068/2023|EPI_ISL_17979002|2023-06-14,"[0.0, 0.0, 0.0, 0.0, 0.0, 0.0, 0.0, 0.0, 0.0, 0.0, 0.0, 0.0, 0.0, 0.0, 0.0, 0.0, 0.0, 0.0, 0.0, 0.0, 0.0, 0.0, 0.0, 0.0, 0.0, 0.0, 0.0, 0.0, 0.0, 0.9999999999999999, 0.0]"
NODE_0000298,"[3.6536313540620526e-10, 2.860660992495531e-11, 1.7230137529405702e-09, 2.7842596848361655e-11, 4.373499246446388e-11, 2.8519632892410715e-11, 2.8734531431286775e-11, 2.880531934389824e-11, 2.872869259435359e-11, 2.7941287303537595e-11, 2.8637301224943005e-11, 2.822656540992488e-11, 2.7678792727170346e-11, 2.78584847676991e-11, 7.160619526415524e-11, 4.995462828032923e-10, 2.699375673323204e-10, 2.8226565409932688e-11, 2.822656540991835e-11, 2.6475614274465313e-11, 3.383756564985665e-08, 2.6893781270451094e-11, 2.3069322312650868e-10, 2.8810195479793117e-11, 4.8010436670402496e-11, 1.0193741378631636e-10, 2.3860243163869724e-11, 9.61667170245249e-11, 2.7039993567279146e-11, 0.9999999621822975, 2.901430946182149e-11]"
hMpxV/USA/IL-RIPHL-050-0158/2024|EPI_ISL_19031633|2024-02-19,"[0.0, 0.0, 0.0, 0.0, 0.0, 0.0, 0.0, 0.0, 0.0, 0.0, 0.0, 0.0, 0.0, 0.0, 0.0, 0.0, 0.0, 0.0, 0.0, 0.0, 0.0, 0.0, 0.0, 0.0, 0.0, 0.0, 0.0, 0.0, 0.0, 1.0, 0.0]"
hMpxV/USA/IL-RIPHL-050-0165/2024|EPI_ISL_19031637|2024-03-01,"[0.0, 0.0, 0.0, 0.0, 0.0, 0.0, 0.0, 0.0, 0.0, 0.0, 0.0, 0.0, 0.0, 0.0, 0.0, 0.0, 0.0, 0.0, 0.0, 0.0, 0.0, 0.0, 0.0, 0.0, 0.0, 0.0, 0.0, 0.0, 0.0, 1.0, 0.0]"
hMpxV/USA/IL-RIPHL-050-0164/2024|EPI_ISL_19031636|2024-03-01,"[0.0, 0.0, 0.0, 0.0, 0.0, 0.0, 0.0, 0.0, 0.0, 0.0, 0.0, 0.0, 0.0, 0.0, 0.0, 0.0, 0.0, 0.0, 0.0, 0.0, 0.0, 0.0, 0.0, 0.0, 0.0, 0.0, 0.0, 0.0, 0.0, 1.0, 0.0]"
NODE_0000273,"[8.149245891647669e-11, 4.694883954053976e-12, 1.0228509321866163e-08, 4.477726682608106e-12, 1.1416788384339371e-11, 4.650647576971635e-12, 4.887022875246062e-12, 4.874453847326692e-12, 4.920190583900587e-12, 5.2834879338306e-12, 4.726688267952816e-12, 4.576306579548267e-12, 4.684198509079007e-12, 6.793993263887796e-12, 1.1706581992123307e-11, 1.1962539993047029e-10, 7.01812190657955e-11, 4.5763065795493875e-12, 4.576306579547225e-12, 4.749827164918974e-12, 2.4996737936408904e-08, 4.260738091382171e-12, 8.42475973731097e-10, 4.876070463037386e-12, 2.197668961784567e-11, 1.731010129587021e-11, 3.822686114223472e-12, 1.6471662397250758e-11, 4.431881653038621e-12, 0.999999963491225, 5.00740259558088e-12]"
hMpxV/USA/IL-RIPHL-050-0155/2024|EPI_ISL_19031631|2024-02-29,"[0.0, 0.0, 0.0, 0.0, 0.0, 0.0, 0.0, 0.0, 0.0, 0.0, 0.0, 0.0, 0.0, 0.0, 0.0, 0.0, 0.0, 0.0, 0.0, 0.0, 0.0, 0.0, 0.0, 0.0, 0.0, 0.0, 0.0, 0.0, 0.0, 1.0, 0.0]"
hMpxV/USA/IL-RIPHL-004-0159/2024|EPI_ISL_19158948|2024-03-08,"[0.0, 0.0, 0.0, 0.0, 0.0, 0.0, 0.0, 0.0, 0.0, 0.0, 0.0, 0.0, 0.0, 0.0, 0.0, 0.0, 0.0, 0.0, 0.0, 0.0, 0.0, 0.0, 0.0, 0.0, 0.0, 0.0, 0.0, 0.0, 0.0, 1.0, 0.0]"
hMpxV/USA/IL-RIPHL-050-0153/2024|EPI_ISL_19016819|2024-02-19,"[0.0, 0.0, 0.0, 0.0, 0.0, 0.0, 0.0, 0.0, 0.0, 0.0, 0.0, 0.0, 0.0, 0.0, 0.0, 0.0, 0.0, 0.0, 0.0, 0.0, 0.0, 0.0, 0.0, 0.0, 0.0, 0.0, 0.0, 0.0, 0.0, 0.9999999999999999, 0.0]"
NODE_0000274,"[0.00020804607821983722, 7.32191194890443e-05, 0.0013685022126536715, 7.242047655343303e-05, 8.831891686293443e-05, 7.327605162285537e-05, 7.263229688621814e-05, 7.089944409250662e-05, 7.130832369207716e-05, 0.00010723832494631155, 7.09451209152349e-05, 7.18115233831021e-05, 6.813964736420832e-05, 0.00018094285430654767, 8.720583127451701e-05, 0.00024381775198708527, 0.0005050541644224618, 7.181152338310806e-05, 7.181152338310524e-05, 9.475969112516932e-05, 0.0018396056544259841, 7.225255905687855e-05, 0.1940786743761734, 7.090253686060767e-05, 0.0005997579017818873, 0.00012495961487192349, 6.265237574860711e-05, 0.00012165330880711803, 6.792326578904054e-05, 0.7992190200813899, 7.043744853136689e-05]"
hMpxV/Portugal/INSA-PT0828/2024|EPI_ISL_19366742|2024-08-13,"[0.0, 0.0, 0.0, 0.0, 0.0, 0.0, 0.0, 0.0, 0.0, 0.0, 0.0, 0.0, 0.0, 0.0, 0.0, 0.0, 0.0, 0.0, 0.0, 0.0, 0.0, 0.0, 0.9999999999999999, 0.0, 0.0, 0.0, 0.0, 0.0, 0.0, 0.0, 0.0]"
hMpxV/USA/IL-RIPHL-050-0201/2024|EPI_ISL_19474703|2024-08-23,"[0.0, 0.0, 0.0, 0.0, 0.0, 0.0, 0.0, 0.0, 0.0, 0.0, 0.0, 0.0, 0.0, 0.0, 0.0, 0.0, 0.0, 0.0, 0.0, 0.0, 0.0, 0.0, 0.0, 0.0, 0.0, 0.0, 0.0, 0.0, 0.0, 1.0, 0.0]"
NODE_0000275,"[1.9200740439511414e-05, 5.634304286545147e-06, 0.9987261760886366, 5.575999549571585e-06, 2.2474025845544477e-05, 5.636377751162098e-06, 6.3744518927045435e-06, 5.442913633362171e-06, 5.468732006264157e-06, 5.561754284321262e-06, 5.45110359247863e-06, 5.5282486872500695e-06, 5.212871662227658e-06, 5.689869509647811e-06, 4.58257157132497e-06, 1.6942093362135783e-05, 8.066341033424565e-06, 5.52824868724927e-06, 5.528248687249534e-06, 5.345187269569492e-06, 0.00014713997781382423, 5.525975224806386e-06, 5.7979647405418786e-05, 5.4431536774237895e-06, 7.3063048987876445e-06, 6.641844581752115e-06, 4.750060112187129e-06, 6.6028346129886114e-06, 5.197869933195065e-06, 0.0008725925653996813, 5.399593951752474e-06]"
hMpxV/Brazil/PR-FIOCRUZ-10550/2024|EPI_ISL_19416187|2024-08-05,"[0.0, 0.0, 1.0, 0.0, 0.0, 0.0, 0.0, 0.0, 0.0, 0.0, 0.0, 0.0, 0.0, 0.0, 0.0, 0.0, 0.0, 0.0, 0.0, 0.0, 0.0, 0.0, 0.0, 0.0, 0.0, 0.0, 0.0, 0.0, 0.0, 0.0, 0.0]"
NODE_0000276,"[4.317894868067271e-08, 1.2706453569540648e-08, 0.9999981221970435, 1.2752272446208957e-08, 8.687231759699042e-08, 1.2743393203514636e-08, 1.546601986870797e-08, 1.2504828621868134e-08, 1.2551370272098907e-08, 1.2701877242873301e-08, 1.2498508768123762e-08, 1.2671896791332427e-08, 1.1874420689542592e-08, 1.2697721318457493e-08, 8.46361954752849e-09, 3.352678914592295e-08, 1.3257458700774972e-08, 1.2671896791325646e-08, 1.2671896791327821e-08, 1.1999860626574349e-08, 3.9390409501157733e-07, 1.2462135447333185e-08, 2.8940794039406047e-07, 1.2505929655588056e-08, 1.6037544759243542e-08, 1.2698209338023704e-08, 1.0383512497046326e-08, 1.2799377417999924e-08, 1.176551159098015e-08, 7.296115893638035e-07, 1.2415560170220723e-08]"
hMpxV/Brazil/SP-IAL-357924058/2024|EPI_ISL_19446294|2024-09-02,"[0.0, 0.0, 0.9999999999999999, 0.0, 0.0, 0.0, 0.0, 0.0, 0.0, 0.0, 0.0, 0.0, 0.0, 0.0, 0.0, 0.0, 0.0, 0.0, 0.0, 0.0, 0.0, 0.0, 0.0, 0.0, 0.0, 0.0, 0.0, 0.0, 0.0, 0.0, 0.0]"
hMpxV/Brazil/SP-IAL-357947559/2024|EPI_ISL_19446310|2024-09-16,"[0.0, 0.0, 1.0, 0.0, 0.0, 0.0, 0.0, 0.0, 0.0, 0.0, 0.0, 0.0, 0.0, 0.0, 0.0, 0.0, 0.0, 0.0, 0.0, 0.0, 0.0, 0.0, 0.0, 0.0, 0.0, 0.0, 0.0, 0.0, 0.0, 0.0, 0.0]"
NODE_0000292,"[0.00010641908723457912, 4.219172246576138e-05, 0.0001966675244469847, 4.218564939511439e-05, 4.8720184057635176e-05, 4.241044818887973e-05, 4.188195462752912e-05, 4.062334083665252e-05, 4.08485565937671e-05, 4.1841364303162135e-05, 4.077359310743605e-05, 4.1631404521156205e-05, 3.961694251825782e-05, 4.529587752682303e-05, 4.66207824623202e-05, 0.0001223748398382756, 0.0003863269176819534, 4.163140452115833e-05, 4.1631404521155086e-05, 4.0060912549949694e-05, 0.0004536234633274689, 6.470500005061814e-05, 8.191361032356031e-05, 4.0624796718220785e-05, 4.4358370608939524e-05, 6.910209510912968e-05, 3.547585082319624e-05, 0.0035221706471628574, 3.876816644290786e-05, 0.994119359632583, 4.014445545150367e-05]"
hMpxV/USA/CA-CDPH-1M1000492/2023|EPI_ISL_19143454|2023-12-28,"[0.0, 0.0, 0.0, 0.0, 0.0, 0.0, 0.0, 0.0, 0.0, 0.0, 0.0, 0.0, 0.0, 0.0, 0.0, 0.0, 0.0, 0.0, 0.0, 0.0, 0.0, 0.0, 0.0, 0.0, 0.0, 0.0, 0.0, 0.0, 0.0, 1.0, 0.0]"
NODE_0000293,"[0.0008033866440155664, 0.0006269347485677681, 0.0010141198493287308, 0.0006365795732127684, 0.000637044279312259, 0.000632061655990503, 0.0006227534612379413, 0.0006019344626612307, 0.0006071827387053872, 0.0006288910115523549, 0.0006043340801894675, 0.0006237917144141688, 0.0006946037609374646, 0.0010617642333904387, 0.0005071255505832633, 0.0009349428789641327, 0.054256496366657025, 0.0006237917144142714, 0.000623791714414329, 0.0005890435703660799, 0.0013344510515070423, 0.0031389817314480227, 0.0013242070423204085, 0.0006019663223123275, 0.0006233696037380581, 0.0008133517451207322, 0.0005176935926484318, 0.8700645496007368, 0.0005641617593535265, 0.05309474007833761, 0.0005919534635617972]"
NODE_0000296,"[3.6563767396423433e-09, 6.212616007872771e-09, 2.9598207219771967e-09, 6.454467732786413e-09, 5.3788182643347874e-09, 6.3140574879770245e-09, 6.18350894024781e-09, 5.933228741920834e-09, 5.99629438280703e-09, 6.310480068791433e-09, 5.978520397989457e-09, 6.265010811848267e-09, 8.970914714102102e-09, 2.3991220924037004e-08, 3.2042256206275804e-09, 4.179929458560196e-09, 0.9999993448352759, 6.265010811856746e-09, 6.265010811855848e-09, 5.80777703748293e-09, 2.1103921114083046e-09, 9.352781702647867e-09, 2.2145825917641206e-08, 5.933513099753228e-09, 7.717610937889033e-09, 5.963529259259249e-09, 4.672260922935322e-09, 4.296431631263356e-07, 5.485858065070198e-09, 3.0026186803751714e-08, 5.786312631964098e-09]"
hMpxV/Netherlands/un-EMC-NL108/2024|EPI_ISL_19356929|2024-05-15,"[0.0, 0.0, 0.0, 0.0, 0.0, 0.0, 0.0, 0.0, 0.0, 0.0, 0.0, 0.0, 0.0, 0.0, 0.0, 0.0, 1.0, 0.0, 0.0, 0.0, 0.0, 0.0, 0.0, 0.0, 0.0, 0.0, 0.0, 0.0, 0.0, 0.0, 0.0]"
hMpxV/Netherlands/un-EMC-NL107/2024|EPI_ISL_19356928|2024-05-15,"[0.0, 0.0, 0.0, 0.0, 0.0, 0.0, 0.0, 0.0, 0.0, 0.0, 0.0, 0.0, 0.0, 0.0, 0.0, 0.0, 1.0, 0.0, 0.0, 0.0, 0.0, 0.0, 0.0, 0.0, 0.0, 0.0, 0.0, 0.0, 0.0, 0.0, 0.0]"
NODE_0000294,"[0.00015994950959376635, 0.00014286549974514018, 0.0001923451861818565, 0.00014551625766867009, 0.00014161166308543846, 0.0001441804438262103, 0.00014207966859243915, 0.00013722724286718165, 0.00013839330418512034, 0.00014351298078149862, 0.00013797777613043532, 0.00014253528091530464, 0.00017233046985041685, 0.000234265413426977, 0.00012603572454382805, 0.0001949497085353539, 0.010624161070493295, 0.00014253528091535768, 0.00014253528091538978, 0.00013275862856327434, 0.0002577281263378795, 0.0027732337338656522, 0.00026604950900504647, 0.00013723711395041406, 0.00013001227491993286, 0.00018099519745325078, 0.00013583484196722068, 0.9742437157553246, 0.0001276910771687575, 0.008074946181984658, 0.00013478979720545542]"
hMpxV/Spain/GA-CHUAC-01/2024|EPI_ISL_19416107|2024-02-27,"[0.0, 0.0, 0.0, 0.0, 0.0, 0.0, 0.0, 0.0, 0.0, 0.0, 0.0, 0.0, 0.0, 0.0, 0.0, 0.0, 0.0, 0.0, 0.0, 0.0, 0.0, 0.0, 0.0, 0.0, 0.0, 0.0, 0.0, 1.0, 0.0, 0.0, 0.0]"
NODE_0000295,"[7.2361234877212434e-12, 1.9928860060378266e-11, 4.752524908471058e-12, 2.0930757696249043e-11, 1.5930928909077984e-11, 2.0348300052962692e-11, 1.996266420647771e-11, 1.918073474756377e-11, 1.9376179808829488e-11, 2.0334875647982365e-11, 1.9322806371617125e-11, 2.0325293603662413e-11, 4.311088491051436e-11, 1.99402514820143e-11, 3.4040915125451515e-11, 1.0075566937160799e-11, 2.6145981738912898e-11, 2.0325293603653472e-11, 2.032529360364275e-11, 1.7660754696714167e-11, 3.0163250056019214e-12, 0.9999999982634606, 8.44701127446241e-12, 1.9183861951334068e-11, 9.717481099174419e-12, 1.843251614512945e-11, 5.874794058748678e-11, 1.1814676649294765e-09, 1.6836856187085356e-11, 2.773263093536846e-12, 1.8661296079135508e-11]"
hMpxV/Philippines/RITM-010/2024|EPI_ISL_19420633|2024-08-08,"[0.0, 0.0, 0.0, 0.0, 0.0, 0.0, 0.0, 0.0, 0.0, 0.0, 0.0, 0.0, 0.0, 0.0, 0.0, 0.0, 0.0, 0.0, 0.0, 0.0, 0.0, 1.0, 0.0, 0.0, 0.0, 0.0, 0.0, 0.0, 0.0, 0.0, 0.0]"
hMpxV/Philippines/RITM-020/2024|EPI_ISL_19456606|2024-09-03,"[0.0, 0.0, 0.0, 0.0, 0.0, 0.0, 0.0, 0.0, 0.0, 0.0, 0.0, 0.0, 0.0, 0.0, 0.0, 0.0, 0.0, 0.0, 0.0, 0.0, 0.0, 1.0, 0.0, 0.0, 0.0, 0.0, 0.0, 0.0, 0.0, 0.0, 0.0]"
hMpxV/Philippines/RITM-024/2024|EPI_ISL_19456607|2024-09-07,"[0.0, 0.0, 0.0, 0.0, 0.0, 0.0, 0.0, 0.0, 0.0, 0.0, 0.0, 0.0, 0.0, 0.0, 0.0, 0.0, 0.0, 0.0, 0.0, 0.0, 0.0, 1.0, 0.0, 0.0, 0.0, 0.0, 0.0, 0.0, 0.0, 0.0, 0.0]"
hMpxV/Philippines/RITM-011/2024|EPI_ISL_19456511|2024-08-22,"[0.0, 0.0, 0.0, 0.0, 0.0, 0.0, 0.0, 0.0, 0.0, 0.0, 0.0, 0.0, 0.0, 0.0, 0.0, 0.0, 0.0, 0.0, 0.0, 0.0, 0.0, 1.0, 0.0, 0.0, 0.0, 0.0, 0.0, 0.0, 0.0, 0.0, 0.0]"
NODE_0000277,"[9.362156721685815e-06, 1.7784704306710075e-06, 2.7153754264555777e-05, 1.7282548823085036e-06, 2.4407690336854942e-06, 1.772279893654062e-06, 1.7575824499075779e-06, 1.7089977025523318e-06, 1.714784921839787e-06, 1.7274995514776257e-06, 1.7115090819619781e-06, 1.721080735938048e-06, 1.6563746073460223e-06, 1.7894337619909264e-06, 2.789766305778892e-06, 1.1265661675724067e-05, 7.348700281077393e-06, 1.7210807359381394e-06, 1.7210807359380905e-06, 1.6871220238226929e-06, 0.00013983721266467753, 1.728096094144468e-06, 5.81614214118474e-06, 1.7090590358260469e-06, 2.5768876394562674e-06, 3.8124216895861827e-06, 1.5569012123396609e-06, 3.656748824309582e-06, 1.6531577742724077e-06, 0.9997513951191648, 1.7018939615804602e-06]"
NODE_0000278,"[1.4236242082394627e-06, 6.783433671443443e-10, 6.608600402886698e-08, 6.423767103334791e-10, 1.1112249340787594e-09, 6.693311062970771e-10, 6.778510971339063e-10, 6.777683672525897e-10, 6.750856862249421e-10, 6.470641106067723e-10, 6.722936182031191e-10, 6.559533922083675e-10, 6.438643670570135e-10, 6.535807933620026e-10, 2.2046608237736406e-09, 1.3021586400161616e-08, 6.555762997610572e-09, 6.559533922084446e-10, 6.559533922083674e-10, 6.05571691802927e-10, 1.7220710335639785e-06, 6.088436891786385e-10, 5.656853653854489e-09, 6.7791973822909e-10, 1.5586881662198752e-09, 2.4371850123879888e-09, 5.339073624539994e-10, 2.3090417111300215e-09, 6.241988370203063e-10, 0.9999967410217767, 6.861128151039537e-10]"
hMpxV/USA/CA-LACPHL-MA00633/2024|EPI_ISL_19204035|2024-05-30,"[0.0, 0.0, 0.0, 0.0, 0.0, 0.0, 0.0, 0.0, 0.0, 0.0, 0.0, 0.0, 0.0, 0.0, 0.0, 0.0, 0.0, 0.0, 0.0, 0.0, 0.0, 0.0, 0.0, 0.0, 0.0, 0.0, 0.0, 0.0, 0.0, 1.0, 0.0]"
hMpxV/USA/CA-CDPH-1M1000635/2024|EPI_ISL_19295778|2024-06-21,"[0.0, 0.0, 0.0, 0.0, 0.0, 0.0, 0.0, 0.0, 0.0, 0.0, 0.0, 0.0, 0.0, 0.0, 0.0, 0.0, 0.0, 0.0, 0.0, 0.0, 0.0, 0.0, 0.0, 0.0, 0.0, 0.0, 0.0, 0.0, 0.0, 1.0, 0.0]"
NODE_0000280,"[5.639831522021629e-08, 1.4649792306598495e-09, 4.5423051779873553e-08, 1.4393662729520077e-09, 2.0586238394626554e-09, 1.4612638827814127e-09, 1.4670896847954747e-09, 1.4592050700764643e-09, 1.4583718496713564e-09, 1.4393922880264852e-09, 1.454903544088433e-09, 1.4481785613961329e-09, 1.4056459938145326e-09, 1.4392516769699164e-09, 3.0691332242893827e-09, 1.5503331129903758e-08, 9.724798038241944e-09, 1.448178561396341e-09, 1.4481785613961742e-09, 1.3761247893778465e-09, 6.16439649102722e-07, 1.408142569283765e-09, 8.001345812148823e-09, 1.4593789781901257e-09, 2.301400791230027e-09, 4.230382559717967e-09, 1.247472613959601e-09, 4.0229692139955485e-09, 1.384670028367117e-09, 0.9999992056551741, 1.462030910605846e-09]"
hMpxV/USA/CA-LACPHL-MA00621/2024|EPI_ISL_19093415|2024-04-11,"[0.0, 0.0, 0.0, 0.0, 0.0, 0.0, 0.0, 0.0, 0.0, 0.0, 0.0, 0.0, 0.0, 0.0, 0.0, 0.0, 0.0, 0.0, 0.0, 0.0, 0.0, 0.0, 0.0, 0.0, 0.0, 0.0, 0.0, 0.0, 0.0, 1.0, 0.0]"
NODE_0000281,"[5.0896722358194894e-12, 1.4572253841380644e-13, 4.399397258847149e-11, 1.3872430342450272e-13, 2.6943867026165455e-13, 1.4398627328052034e-13, 1.474651207441012e-13, 1.5078716995173007e-13, 1.4944473468283748e-13, 1.4020465909534344e-13, 1.4891180358784633e-13, 1.4337887911852616e-13, 1.4377538061843284e-13, 1.3775100296950819e-13, 5.910546871867214e-13, 8.466315796429633e-12, 3.4210597190032392e-12, 1.433788791185389e-13, 1.4337887911852353e-13, 1.2998273952099574e-13, 4.3595563327484236e-09, 1.294646442910987e-13, 3.1956442554753528e-12, 1.5083123377290905e-13, 2.8903021881879817e-13, 8.918432584399237e-13, 1.147840486074278e-13, 8.251216375249317e-13, 1.376072303394497e-13, 0.9999999955707171, 1.5379369784098722e-13]"
hMpxV/USA/CA-LACPHL-MA00655/2024|EPI_ISL_19347729|2024-07-22,"[0.0, 0.0, 0.0, 0.0, 0.0, 0.0, 0.0, 0.0, 0.0, 0.0, 0.0, 0.0, 0.0, 0.0, 0.0, 0.0, 0.0, 0.0, 0.0, 0.0, 0.0, 0.0, 0.0, 0.0, 0.0, 0.0, 0.0, 0.0, 0.0, 0.9999999999999999, 0.0]"
hMpxV/USA/CA-LACPHL-MA00657/2024|EPI_ISL_19347733|2024-07-25,"[0.0, 0.0, 0.0, 0.0, 0.0, 0.0, 0.0, 0.0, 0.0, 0.0, 0.0, 0.0, 0.0, 0.0, 0.0, 0.0, 0.0, 0.0, 0.0, 0.0, 0.0, 0.0, 0.0, 0.0, 0.0, 0.0, 0.0, 0.0, 0.0, 1.0, 0.0]"
hMpxV/USA/CA-LACPHL-MA00660/2024|EPI_ISL_19364552|2024-08-06,"[0.0, 0.0, 0.0, 0.0, 0.0, 0.0, 0.0, 0.0, 0.0, 0.0, 0.0, 0.0, 0.0, 0.0, 0.0, 0.0, 0.0, 0.0, 0.0, 0.0, 0.0, 0.0, 0.0, 0.0, 0.0, 0.0, 0.0, 0.0, 0.0, 0.9999999999999999, 0.0]"
NODE_0000282,"[4.1793476794546443e-10, 4.1544992621471185e-11, 1.5547756460526548e-09, 4.136324508800169e-11, 5.740328293069764e-11, 4.159690646647125e-11, 4.1989048702737534e-11, 4.235768287771775e-11, 4.225910128230734e-11, 4.1332616358409255e-11, 4.213964899371866e-11, 4.179406600922001e-11, 4.0683609785758003e-11, 4.034994707136001e-11, 9.846982715494133e-11, 5.17767029924867e-10, 3.3351857170547695e-10, 4.179406600923223e-11, 4.179406600921182e-11, 3.902161398651031e-11, 2.0353959848828917e-08, 4.006451873872084e-11, 2.7776089217875916e-10, 4.2364463381544296e-11, 6.694218213300305e-11, 1.3638565912077516e-10, 3.5072313602862206e-11, 1.292981048439599e-10, 3.982730744274925e-11, 0.9999999752758921, 4.254279452862287e-11]"
hMpxV/USA/CA-CDPH-1M1000654/2024|EPI_ISL_19367819|2024-07-16,"[0.0, 0.0, 0.0, 0.0, 0.0, 0.0, 0.0, 0.0, 0.0, 0.0, 0.0, 0.0, 0.0, 0.0, 0.0, 0.0, 0.0, 0.0, 0.0, 0.0, 0.0, 0.0, 0.0, 0.0, 0.0, 0.0, 0.0, 0.0, 0.0, 1.0, 0.0]"
hMpxV/USA/CA-CDPH-1M1000660/2024|EPI_ISL_19367825|2024-07-25,"[0.0, 0.0, 0.0, 0.0, 0.0, 0.0, 0.0, 0.0, 0.0, 0.0, 0.0, 0.0, 0.0, 0.0, 0.0, 0.0, 0.0, 0.0, 0.0, 0.0, 0.0, 0.0, 0.0, 0.0, 0.0, 0.0, 0.0, 0.0, 0.0, 1.0, 0.0]"
NODE_0000279,"[1.0, 4.72289121516014e-22, 1.2431353777921547e-20, 4.691410278663449e-22, 4.658934820355989e-22, 4.732822086897793e-22, 4.851585510122573e-22, 5.042285690018762e-22, 5.0186465429669815e-22, 4.669733054405144e-22, 4.9580775349356235e-22, 4.829865705709536e-22, 4.459309255835265e-22, 4.31048649087584e-22, 3.8304471746433186e-21, 6.277571422536891e-22, 7.76033533041767e-22, 4.829865705708644e-22, 4.829865705709746e-22, 3.8901403925404715e-22, 1.7379912855456827e-20, 4.107327015943296e-22, 5.424304546286944e-22, 5.0447241414565215e-22, 5.441216320269313e-21, 6.632903393531537e-22, 2.888621180841354e-22, 6.796080518321994e-22, 4.1898677654901116e-22, 1.9602346827676177e-18, 5.120432516386071e-22]"
hMpxV/Australia/VIC-VIDRL-4940/2024|EPI_ISL_19459796|2024-06-03,"[1.0, 0.0, 0.0, 0.0, 0.0, 0.0, 0.0, 0.0, 0.0, 0.0, 0.0, 0.0, 0.0, 0.0, 0.0, 0.0, 0.0, 0.0, 0.0, 0.0, 0.0, 0.0, 0.0, 0.0, 0.0, 0.0, 0.0, 0.0, 0.0, 0.0, 0.0]"
hMpxV/Australia/VIC-VIDRL-6554/2024|EPI_ISL_19459726|2024-06-07,"[1.0, 0.0, 0.0, 0.0, 0.0, 0.0, 0.0, 0.0, 0.0, 0.0, 0.0, 0.0, 0.0, 0.0, 0.0, 0.0, 0.0, 0.0, 0.0, 0.0, 0.0, 0.0, 0.0, 0.0, 0.0, 0.0, 0.0, 0.0, 0.0, 0.0, 0.0]"
hMpxV/Australia/VIC-VIDRL-8012/2024|EPI_ISL_19459738|2024-05-08,"[0.9999999999999999, 0.0, 0.0, 0.0, 0.0, 0.0, 0.0, 0.0, 0.0, 0.0, 0.0, 0.0, 0.0, 0.0, 0.0, 0.0, 0.0, 0.0, 0.0, 0.0, 0.0, 0.0, 0.0, 0.0, 0.0, 0.0, 0.0, 0.0, 0.0, 0.0, 0.0]"
hMpxV/Australia/VIC-VIDRL-3531/2024|EPI_ISL_19459735|2024-05-28,"[1.0, 0.0, 0.0, 0.0, 0.0, 0.0, 0.0, 0.0, 0.0, 0.0, 0.0, 0.0, 0.0, 0.0, 0.0, 0.0, 0.0, 0.0, 0.0, 0.0, 0.0, 0.0, 0.0, 0.0, 0.0, 0.0, 0.0, 0.0, 0.0, 0.0, 0.0]"
hMpxV/Australia/VIC-VIDRL-7518/2024|EPI_ISL_19459756|2024-05-07,"[0.9999999999999999, 0.0, 0.0, 0.0, 0.0, 0.0, 0.0, 0.0, 0.0, 0.0, 0.0, 0.0, 0.0, 0.0, 0.0, 0.0, 0.0, 0.0, 0.0, 0.0, 0.0, 0.0, 0.0, 0.0, 0.0, 0.0, 0.0, 0.0, 0.0, 0.0, 0.0]"
hMpxV/Australia/VIC-VIDRL-7519/2024|EPI_ISL_19459767|2024-05-07,"[0.9999999999999999, 0.0, 0.0, 0.0, 0.0, 0.0, 0.0, 0.0, 0.0, 0.0, 0.0, 0.0, 0.0, 0.0, 0.0, 0.0, 0.0, 0.0, 0.0, 0.0, 0.0, 0.0, 0.0, 0.0, 0.0, 0.0, 0.0, 0.0, 0.0, 0.0, 0.0]"
hMpxV/Australia/VIC-VIDRL-4069/2024|EPI_ISL_19459793|2024-05-27,"[1.0, 0.0, 0.0, 0.0, 0.0, 0.0, 0.0, 0.0, 0.0, 0.0, 0.0, 0.0, 0.0, 0.0, 0.0, 0.0, 0.0, 0.0, 0.0, 0.0, 0.0, 0.0, 0.0, 0.0, 0.0, 0.0, 0.0, 0.0, 0.0, 0.0, 0.0]"
NODE_0000283,"[5.353365556946925e-12, 1.006679440838007e-13, 8.870133158031248e-11, 8.705825394197515e-14, 2.636426603147741e-13, 9.732606301814477e-14, 9.821722322194728e-14, 9.589909488338038e-14, 9.523849419562944e-14, 8.928021792107024e-14, 9.489678611261834e-14, 9.02203157655407e-14, 9.206275205772748e-14, 9.785142044881103e-14, 3.846586035047916e-13, 1.2383491980444523e-11, 2.777594521828523e-12, 9.022031576554912e-14, 9.022031576553828e-14, 8.574989509506495e-14, 2.1841983521674644e-08, 8.201469538601583e-14, 2.7463925512918576e-12, 9.59224086948457e-14, 2.146113363274367e-13, 6.311625637364403e-13, 7.748901388445289e-14, 5.782624254047579e-13, 8.85565519665853e-14, 0.9999999780422348, 9.824348550991596e-14]"
hMpxV/USA/IL-RIPHL-004-0197/2024|EPI_ISL_19533457|2024-07-12,"[0.0, 0.0, 0.0, 0.0, 0.0, 0.0, 0.0, 0.0, 0.0, 0.0, 0.0, 0.0, 0.0, 0.0, 0.0, 0.0, 0.0, 0.0, 0.0, 0.0, 0.0, 0.0, 0.0, 0.0, 0.0, 0.0, 0.0, 0.0, 0.0, 1.0, 0.0]"
hMpxV/USA/CA-LACPHL-MA00675/2024|EPI_ISL_19437166|2024-08-31,"[0.0, 0.0, 0.0, 0.0, 0.0, 0.0, 0.0, 0.0, 0.0, 0.0, 0.0, 0.0, 0.0, 0.0, 0.0, 0.0, 0.0, 0.0, 0.0, 0.0, 0.0, 0.0, 0.0, 0.0, 0.0, 0.0, 0.0, 0.0, 0.0, 1.0, 0.0]"
hMpxV/USA/CA-LACPHL-MA00645/2024|EPI_ISL_19273374|2024-06-23,"[0.0, 0.0, 0.0, 0.0, 0.0, 0.0, 0.0, 0.0, 0.0, 0.0, 0.0, 0.0, 0.0, 0.0, 0.0, 0.0, 0.0, 0.0, 0.0, 0.0, 0.0, 0.0, 0.0, 0.0, 0.0, 0.0, 0.0, 0.0, 0.0, 1.0, 0.0]"
NODE_0000289,"[2.0759629910176236e-06, 3.386476735100504e-07, 6.568945784341889e-06, 3.2769978714160334e-07, 4.789533500672112e-07, 3.3665430986236123e-07, 3.3491535649005194e-07, 3.264759782083223e-07, 3.272377725767551e-07, 3.279040819539054e-07, 3.266613378241762e-07, 3.2731702054016507e-07, 3.160386888672344e-07, 3.3904591679659845e-07, 5.729591190043741e-07, 2.5769127987261917e-06, 1.6158103276750594e-06, 3.273170205401899e-07, 3.2731702054017005e-07, 3.19331415017982e-07, 4.3865405919435245e-05, 3.2592034134230625e-07, 1.2956125308941484e-06, 3.264933401156258e-07, 5.03295370548946e-07, 7.898058048032117e-07, 2.9372329516660206e-07, 7.55262882063234e-07, 3.1448747324832803e-07, 0.9999327121619306, 3.257233609918455e-07]"
hMpxV/USA/CA-LACPHL-MA00691/2024|EPI_ISL_19468223|2024-09-13,"[0.0, 0.0, 0.0, 0.0, 0.0, 0.0, 0.0, 0.0, 0.0, 0.0, 0.0, 0.0, 0.0, 0.0, 0.0, 0.0, 0.0, 0.0, 0.0, 0.0, 0.0, 0.0, 0.0, 0.0, 0.0, 0.0, 0.0, 0.0, 0.0, 1.0, 0.0]"
hMpxV/USA/CA-CDPH-1M1000603/2024|EPI_ISL_19295752|2024-05-29,"[0.0, 0.0, 0.0, 0.0, 0.0, 0.0, 0.0, 0.0, 0.0, 0.0, 0.0, 0.0, 0.0, 0.0, 0.0, 0.0, 0.0, 0.0, 0.0, 0.0, 0.0, 0.0, 0.0, 0.0, 0.0, 0.0, 0.0, 0.0, 0.0, 0.9999999999999999, 0.0]"
NODE_0000290,"[5.525568885059871e-07, 7.35331229420985e-08, 1.8877494210512787e-06, 7.160515044908302e-08, 1.0460510446341625e-07, 7.314474936763488e-08, 7.319145988745106e-08, 7.212247451796605e-08, 7.215940820570563e-08, 7.164902202555828e-08, 7.201931255592412e-08, 7.184873490682315e-08, 6.962119333921377e-08, 7.281285318609473e-08, 1.416114208550309e-07, 6.921371676172957e-07, 4.3267204377045404e-07, 7.184873490682822e-08, 7.184873490682185e-08, 6.908459505554168e-08, 1.6910802580763854e-05, 7.051456337709876e-08, 3.525363181095818e-07, 7.212907752704196e-08, 1.1297923439797349e-07, 1.960163087409882e-07, 6.302482346770893e-08, 1.8674933994736534e-07, 6.887064482726687e-08, 0.9999770764079079, 7.214760824764362e-08]"
hMpxV/USA/IL-RIPHL-004-0160/2024|EPI_ISL_19158949|2024-03-07,"[0.0, 0.0, 0.0, 0.0, 0.0, 0.0, 0.0, 0.0, 0.0, 0.0, 0.0, 0.0, 0.0, 0.0, 0.0, 0.0, 0.0, 0.0, 0.0, 0.0, 0.0, 0.0, 0.0, 0.0, 0.0, 0.0, 0.0, 0.0, 0.0, 1.0, 0.0]"
NODE_0000291,"[6.618610493014041e-08, 8.575061008244356e-09, 2.2793952723174437e-07, 8.366741991956986e-09, 1.2168053180934154e-08, 8.53460755722961e-09, 8.546971723515858e-09, 8.44001368418018e-09, 8.442134576711033e-09, 8.370839702043696e-09, 8.425056721230203e-09, 8.400574041040144e-09, 8.143548921258808e-09, 8.475810273360882e-09, 1.683108440381649e-08, 8.283699579723711e-08, 5.191422016433192e-08, 8.400574041042113e-09, 8.4005740410382e-09, 8.055876162427732e-09, 2.115808173209025e-06, 8.226803216038822e-09, 4.238592004542299e-08, 8.440839508998226e-09, 1.3232257408564426e-08, 2.3298281799322144e-08, 7.338997614266323e-09, 2.2186762017566298e-08, 8.048045329127587e-09, 0.9999971671334823, 8.446067492881318e-09]"
hMpxV/USA/CA-CDPH-1M1000650/2024|EPI_ISL_19367815|2024-07-10,"[0.0, 0.0, 0.0, 0.0, 0.0, 0.0, 0.0, 0.0, 0.0, 0.0, 0.0, 0.0, 0.0, 0.0, 0.0, 0.0, 0.0, 0.0, 0.0, 0.0, 0.0, 0.0, 0.0, 0.0, 0.0, 0.0, 0.0, 0.0, 0.0, 1.0, 0.0]"
hMpxV/USA/CA-LACPHL-MA00632/2024|EPI_ISL_19204034|2024-05-30,"[0.0, 0.0, 0.0, 0.0, 0.0, 0.0, 0.0, 0.0, 0.0, 0.0, 0.0, 0.0, 0.0, 0.0, 0.0, 0.0, 0.0, 0.0, 0.0, 0.0, 0.0, 0.0, 0.0, 0.0, 0.0, 0.0, 0.0, 0.0, 0.0, 1.0, 0.0]"
NODE_0000284,"[3.413700785062017e-10, 2.7321669104396158e-11, 1.6752602537662316e-09, 2.61500893857551e-11, 4.3719974632526115e-11, 2.7088976696651403e-11, 2.7223144512710897e-11, 2.6986568677078397e-11, 2.6934290100787992e-11, 2.6291777399646382e-11, 2.686361793255923e-11, 2.647773386618651e-11, 2.5978992931726393e-11, 2.6790196874526688e-11, 6.497887737178741e-11, 4.852014878060858e-10, 2.462318560663533e-10, 2.64777338661952e-11, 2.6477733866181036e-11, 2.5148457539123042e-11, 3.423909673736287e-08, 2.537755145845578e-11, 2.104401104219928e-10, 2.699048815711767e-11, 4.57110751576807e-11, 9.332321680874353e-11, 2.2796688718451074e-11, 8.803797992475843e-11, 2.5461498276385865e-11, 0.9999999619666233, 2.7167758268173134e-11]"
hMpxV/USA/WA-UW-247031/2024|EPI_ISL_19524787|2024-01-16,"[0.0, 0.0, 0.0, 0.0, 0.0, 0.0, 0.0, 0.0, 0.0, 0.0, 0.0, 0.0, 0.0, 0.0, 0.0, 0.0, 0.0, 0.0, 0.0, 0.0, 0.0, 0.0, 0.0, 0.0, 0.0, 0.0, 0.0, 0.0, 0.0, 0.9999999999999999, 0.0]"
NODE_0000285,"[5.060080144506474e-09, 6.491878448215724e-10, 1.726672705130098e-08, 6.379513290305178e-10, 9.037061432072465e-10, 6.48053085032692e-10, 6.493070770788693e-10, 6.441694368921247e-10, 6.441964200842616e-10, 6.378236822455844e-10, 6.426801270296018e-10, 6.408119862544387e-10, 6.211357115989019e-10, 6.401747674468444e-10, 1.2968962069845193e-09, 6.2569220433497865e-09, 3.991472492364913e-09, 6.408119862546273e-10, 6.408119862542904e-10, 6.113630422980834e-10, 1.5897203601446113e-07, 6.262197423631991e-10, 3.259463826717758e-09, 6.442381381929773e-10, 1.0033817169155937e-09, 1.7907133125283333e-09, 5.558568667676515e-10, 1.7053093909378232e-09, 6.130604848329338e-10, 0.9999997864606558, 6.447821050809921e-10]"
hMpxV/USA/WA-UW-490338/2024|EPI_ISL_19243973|2024-05-30,"[0.0, 0.0, 0.0, 0.0, 0.0, 0.0, 0.0, 0.0, 0.0, 0.0, 0.0, 0.0, 0.0, 0.0, 0.0, 0.0, 0.0, 0.0, 0.0, 0.0, 0.0, 0.0, 0.0, 0.0, 0.0, 0.0, 0.0, 0.0, 0.0, 1.0, 0.0]"
hMpxV/USA/WA-UW-429625/2024|EPI_ISL_19243972|2024-05-28,"[0.0, 0.0, 0.0, 0.0, 0.0, 0.0, 0.0, 0.0, 0.0, 0.0, 0.0, 0.0, 0.0, 0.0, 0.0, 0.0, 0.0, 0.0, 0.0, 0.0, 0.0, 0.0, 0.0, 0.0, 0.0, 0.0, 0.0, 0.0, 0.0, 1.0, 0.0]"
NODE_0000286,"[1.4554878588462487e-06, 2.0779454755307296e-07, 4.816367749398576e-06, 2.024379198622806e-07, 2.9283602045425443e-07, 2.0686681256507733e-07, 2.0661853058543822e-07, 2.0316851218732858e-07, 2.0338805569038874e-07, 2.0250435409454702e-07, 2.029820610169722e-07, 2.02825808451479e-07, 1.9626890187711911e-07, 2.0637764557990446e-07, 3.8456933069224547e-07, 1.8076247714864843e-06, 1.1401166795783636e-06, 2.0282580845148935e-07, 2.028258084514803e-07, 1.956640511021533e-07, 3.898256769585478e-05, 1.9993477456320785e-07, 9.236531200965777e-07, 2.0318502589328543e-07, 3.1557689131466387e-07, 5.308706737666939e-07, 1.7887864707045677e-07, 5.064611222748094e-07, 1.9447110355280702e-07, 0.9999450217887912, 2.0306092656727993e-07]"
hMpxV/USA/WA-UW-185727/2024|EPI_ISL_19336734|2024-07-11,"[0.0, 0.0, 0.0, 0.0, 0.0, 0.0, 0.0, 0.0, 0.0, 0.0, 0.0, 0.0, 0.0, 0.0, 0.0, 0.0, 0.0, 0.0, 0.0, 0.0, 0.0, 0.0, 0.0, 0.0, 0.0, 0.0, 0.0, 0.0, 0.0, 1.0, 0.0]"
NODE_0000287,"[4.658838035705692e-09, 2.3107755852698254e-10, 2.3402451287081556e-08, 2.1946019060475025e-10, 3.9228408714131993e-10, 2.2805343969525707e-10, 2.305695984089517e-10, 2.2971836768406495e-10, 2.2882549066813112e-10, 2.2103830980713474e-10, 2.2822697283440152e-10, 2.2346758663310183e-10, 2.205926881296818e-10, 2.2417479912553277e-10, 6.356960553121002e-10, 5.910731249567014e-09, 2.7364900214049514e-09, 2.2346758663310984e-10, 2.2346758663309857e-10, 2.102765177743679e-10, 8.957409879012299e-07, 2.107691796541701e-10, 2.4062109823482826e-09, 2.2976036705594016e-10, 4.0522431439564133e-10, 9.2548387439076e-10, 1.8908272483129462e-10, 8.680867933557391e-10, 2.1488741890019948e-10, 0.999999057698513, 2.3208601436961385e-10]"
hMpxV/USA/WA-UW-012709/2024|EPI_ISL_19420219|2024-09-02,"[0.0, 0.0, 0.0, 0.0, 0.0, 0.0, 0.0, 0.0, 0.0, 0.0, 0.0, 0.0, 0.0, 0.0, 0.0, 0.0, 0.0, 0.0, 0.0, 0.0, 0.0, 0.0, 0.0, 0.0, 0.0, 0.0, 0.0, 0.0, 0.0, 1.0, 0.0]"
hMpxV/USA/WA-UW-026851/2024|EPI_ISL_19420221|2024-08-30,"[0.0, 0.0, 0.0, 0.0, 0.0, 0.0, 0.0, 0.0, 0.0, 0.0, 0.0, 0.0, 0.0, 0.0, 0.0, 0.0, 0.0, 0.0, 0.0, 0.0, 0.0, 0.0, 0.0, 0.0, 0.0, 0.0, 0.0, 0.0, 0.0, 1.0, 0.0]"
NODE_0000288,"[4.1414575085128556e-07, 1.7188473922921056e-09, 6.373639914279972e-08, 1.6848840153014146e-09, 2.40421830553369e-09, 1.712848990416596e-09, 1.7271846228195782e-09, 1.7330515115238028e-09, 1.7320126899170012e-09, 1.6858353891303538e-09, 1.7232243678751424e-09, 1.7032580872760787e-09, 1.6553729541090318e-09, 1.6704030301999056e-09, 4.3238981417346e-09, 1.7462393219445336e-08, 1.122118833967644e-08, 1.703258087276478e-09, 1.703258087276145e-09, 1.5862945169790566e-09, 6.791922999456349e-07, 1.6262569765127452e-09, 9.380878682653683e-09, 1.7333421627312998e-09, 3.3374791371181824e-09, 4.963067831963653e-09, 1.4330581557086127e-09, 4.740345991707459e-09, 1.6230461349039095e-09, 0.9999987531931326, 1.7435107822880567e-09]"
hMpxV/Australia/QLD-MX000147/2024|EPI_ISL_19539788|2024-10-14,"[1.0, 0.0, 0.0, 0.0, 0.0, 0.0, 0.0, 0.0, 0.0, 0.0, 0.0, 0.0, 0.0, 0.0, 0.0, 0.0, 0.0, 0.0, 0.0, 0.0, 0.0, 0.0, 0.0, 0.0, 0.0, 0.0, 0.0, 0.0, 0.0, 0.0, 0.0]"
hMpxV/USA/CA-LACPHL-MA00644/2024|EPI_ISL_19273376|2024-06-20,"[0.0, 0.0, 0.0, 0.0, 0.0, 0.0, 0.0, 0.0, 0.0, 0.0, 0.0, 0.0, 0.0, 0.0, 0.0, 0.0, 0.0, 0.0, 0.0, 0.0, 0.0, 0.0, 0.0, 0.0, 0.0, 0.0, 0.0, 0.0, 0.0, 0.9999999999999999, 0.0]"
hMpxV/USA/un-UW-276161/2024|EPI_ISL_19502000|2024-09-18,"[0.0, 0.0, 0.0, 0.0, 0.0, 0.0, 0.0, 0.0, 0.0, 0.0, 0.0, 0.0, 0.0, 0.0, 0.0, 0.0, 0.0, 0.0, 0.0, 0.0, 0.0, 0.0, 0.0, 0.0, 0.0, 0.0, 0.0, 0.0, 0.0, 0.9999999999999999, 0.0]"
NODE_0000253,"[1.6609457664943702e-12, 4.449668158184555e-14, 1.4719926392810225e-11, 4.2432390178915005e-14, 8.251603643532956e-14, 4.396618622369018e-14, 4.5116097213389945e-14, 4.628682709246136e-14, 4.5847336807741005e-14, 4.288615425275047e-14, 4.568224490348062e-14, 4.392152733946516e-14, 4.409459472264011e-14, 4.1913439929543444e-14, 1.882486332516177e-13, 2.7716129340627364e-12, 1.118777035695085e-12, 4.3921527339478e-14, 4.392152733946698e-14, 3.9637249603699946e-14, 1.6045701044267853e-09, 3.9473395207550764e-14, 1.0505534842168561e-12, 4.630092512757374e-14, 8.921893138214591e-14, 2.844384296417314e-13, 3.491014685507545e-14, 2.6283728978750257e-13, 4.212303992644689e-14, 0.9999999983723766, 4.725051894856562e-14]"
hMpxV/USA/IL-RIPHL-04-0074/2023|EPI_ISL_18137801|2023-06-22,"[0.0, 0.0, 0.0, 0.0, 0.0, 0.0, 0.0, 0.0, 0.0, 0.0, 0.0, 0.0, 0.0, 0.0, 0.0, 0.0, 0.0, 0.0, 0.0, 0.0, 0.0, 0.0, 0.0, 0.0, 0.0, 0.0, 0.0, 0.0, 0.0, 1.0, 0.0]"
hMpxV/USA/IL-RIPHL-04-0076/2023|EPI_ISL_18137803|2023-06-27,"[0.0, 0.0, 0.0, 0.0, 0.0, 0.0, 0.0, 0.0, 0.0, 0.0, 0.0, 0.0, 0.0, 0.0, 0.0, 0.0, 0.0, 0.0, 0.0, 0.0, 0.0, 0.0, 0.0, 0.0, 0.0, 0.0, 0.0, 0.0, 0.0, 1.0, 0.0]"
hMpxV/USA/IL-RIPHL-04-0067/2023|EPI_ISL_18137820|2023-06-08,"[0.0, 0.0, 0.0, 0.0, 0.0, 0.0, 0.0, 0.0, 0.0, 0.0, 0.0, 0.0, 0.0, 0.0, 0.0, 0.0, 0.0, 0.0, 0.0, 0.0, 0.0, 0.0, 0.0, 0.0, 0.0, 0.0, 0.0, 0.0, 0.0, 1.0, 0.0]"
NODE_0000254,"[3.0788992626003184e-12, 7.10906631123377e-14, 9.823679430213945e-11, 6.538469999614079e-14, 1.6368871263096762e-13, 6.960612948320552e-14, 7.168502086642538e-14, 7.168214345377557e-14, 7.105392819636165e-14, 6.653005146451219e-14, 7.078284644810206e-14, 6.775140798469029e-14, 6.839057826862272e-14, 6.78469450612751e-14, 2.858200469441345e-13, 5.7339703563316866e-12, 1.829438453077233e-12, 6.775140798470072e-14, 6.77514079846902e-14, 6.222985119614914e-14, 5.385411444518539e-09, 6.095855348060788e-14, 2.0387991553134533e-12, 7.170260754622976e-14, 1.4743964787305755e-13, 4.469124944761426e-13, 5.503689318414149e-14, 4.121271681852858e-13, 6.541896810871173e-14, 0.9999999945009287, 7.329251403598974e-14]"
hMpxV/USA/IL-RIPHL-04-0089/2023|EPI_ISL_18137808|2023-07-21,"[0.0, 0.0, 0.0, 0.0, 0.0, 0.0, 0.0, 0.0, 0.0, 0.0, 0.0, 0.0, 0.0, 0.0, 0.0, 0.0, 0.0, 0.0, 0.0, 0.0, 0.0, 0.0, 0.0, 0.0, 0.0, 0.0, 0.0, 0.0, 0.0, 1.0, 0.0]"
NODE_0000272,"[7.496190840685684e-13, 4.071637560396325e-14, 4.218732717973727e-12, 3.964734289357011e-14, 6.48994972124545e-14, 4.051191010527728e-14, 4.116860063143784e-14, 4.179034851110665e-14, 4.1561986149336024e-14, 3.9841027540208775e-14, 4.142803861342234e-14, 4.050061727561212e-14, 4.000079058078923e-14, 3.9045505880755656e-14, 1.2491254977650134e-13, 1.074273448333407e-12, 5.488419035059203e-13, 4.0500617275633415e-14, 4.050061727559452e-14, 3.729167717928958e-14, 1.4770399153756165e-10, 3.772431083140935e-14, 4.833720532894516e-13, 4.179968160807169e-14, 7.257856171303147e-14, 1.8048463855189594e-13, 3.324290222141049e-14, 1.690900976191029e-13, 3.8735748646089144e-14, 0.999999999843851, 4.228758844615075e-14]"
hMpxV/USA/CA-CDPH-1M1000595/2023|EPI_ISL_19295744|2023-09-26,"[0.0, 0.0, 0.0, 0.0, 0.0, 0.0, 0.0, 0.0, 0.0, 0.0, 0.0, 0.0, 0.0, 0.0, 0.0, 0.0, 0.0, 0.0, 0.0, 0.0, 0.0, 0.0, 0.0, 0.0, 0.0, 0.0, 0.0, 0.0, 0.0, 1.0, 0.0]"
hMpxV/USA/CA-CDPH-1M1000363/2023|EPI_ISL_18786348|2023-09-22,"[0.0, 0.0, 0.0, 0.0, 0.0, 0.0, 0.0, 0.0, 0.0, 0.0, 0.0, 0.0, 0.0, 0.0, 0.0, 0.0, 0.0, 0.0, 0.0, 0.0, 0.0, 0.0, 0.0, 0.0, 0.0, 0.0, 0.0, 0.0, 0.0, 1.0, 0.0]"
hMpxV/USA/CA-CDPH-1M1000364/2023|EPI_ISL_18786349|2023-09-22,"[0.0, 0.0, 0.0, 0.0, 0.0, 0.0, 0.0, 0.0, 0.0, 0.0, 0.0, 0.0, 0.0, 0.0, 0.0, 0.0, 0.0, 0.0, 0.0, 0.0, 0.0, 0.0, 0.0, 0.0, 0.0, 0.0, 0.0, 0.0, 0.0, 1.0, 0.0]"
NODE_0000269,"[1.8077764330484648e-07, 1.2342021495128498e-08, 0.03508512353407127, 1.1888980605327608e-08, 6.604973252086995e-08, 1.2252149076171844e-08, 1.420454947063355e-08, 1.247196378928642e-08, 1.242202357248801e-08, 1.19700994698898e-08, 1.236523680273173e-08, 1.212024686200751e-08, 1.1810260272602006e-08, 1.1928937379130515e-08, 1.975491227382553e-08, 2.1070100936474417e-07, 6.354661081349356e-08, 1.2120246862006467e-08, 1.2120246862006123e-08, 1.1111664830872225e-08, 3.4335915998549705e-05, 1.1208343529393869e-08, 5.496185439270234e-07, 1.2474837829172583e-08, 2.0201000036137258e-08, 3.132361704803721e-08, 9.600093935433407e-09, 3.030302085137454e-08, 1.1423829251518012e-08, 0.9648791398358668, 1.2602241372027793e-08]"
hMpxV/Brazil/SC-FIOCRUZ-10552/2024|EPI_ISL_19416189|2024-01-09,"[0.0, 0.0, 1.0, 0.0, 0.0, 0.0, 0.0, 0.0, 0.0, 0.0, 0.0, 0.0, 0.0, 0.0, 0.0, 0.0, 0.0, 0.0, 0.0, 0.0, 0.0, 0.0, 0.0, 0.0, 0.0, 0.0, 0.0, 0.0, 0.0, 0.0, 0.0]"
hMpxV/Brazil/SC-FIOCRUZ-10553/2024|EPI_ISL_19416190|2024-01-09,"[0.0, 0.0, 1.0, 0.0, 0.0, 0.0, 0.0, 0.0, 0.0, 0.0, 0.0, 0.0, 0.0, 0.0, 0.0, 0.0, 0.0, 0.0, 0.0, 0.0, 0.0, 0.0, 0.0, 0.0, 0.0, 0.0, 0.0, 0.0, 0.0, 0.0, 0.0]"
hMpxV/USA/IL-RIPHL-004-0125/2024|EPI_ISL_19158945|2024-01-23,"[0.0, 0.0, 0.0, 0.0, 0.0, 0.0, 0.0, 0.0, 0.0, 0.0, 0.0, 0.0, 0.0, 0.0, 0.0, 0.0, 0.0, 0.0, 0.0, 0.0, 0.0, 0.0, 0.0, 0.0, 0.0, 0.0, 0.0, 0.0, 0.0, 1.0, 0.0]"
NODE_0000270,"[8.012564977910557e-13, 2.0096819707561862e-14, 1.1844500692112094e-08, 1.8682383931442082e-14, 7.558275363190319e-14, 1.9730271679015284e-14, 2.165944115925473e-14, 2.0478360246673217e-14, 2.029318526443657e-14, 1.8945879714194928e-14, 2.0210301760196448e-14, 1.936464865946678e-14, 1.9412467616434396e-14, 1.9000348477557388e-14, 6.325374469547342e-14, 1.30750076080327e-12, 3.5007107361204314e-13, 1.9364648659460733e-14, 1.9364648659455198e-14, 1.751884725664462e-14, 1.871317554182481e-09, 1.7270498901443392e-14, 1.091533416187087e-12, 2.0484744354323643e-14, 3.9361116531369275e-14, 1.0257875074673099e-13, 1.5248036653113968e-14, 9.598175647510531e-14, 1.8519932707152604e-14, 0.999999986279888, 2.093173282043978e-14]"
hMpxV/USA/CA-CDPH-1M1000468/2024|EPI_ISL_19143462|2024-02-05,"[0.0, 0.0, 0.0, 0.0, 0.0, 0.0, 0.0, 0.0, 0.0, 0.0, 0.0, 0.0, 0.0, 0.0, 0.0, 0.0, 0.0, 0.0, 0.0, 0.0, 0.0, 0.0, 0.0, 0.0, 0.0, 0.0, 0.0, 0.0, 0.0, 0.9999999999999999, 0.0]"
hMpxV/USA/CA-CDPH-1M1000477/2024|EPI_ISL_19143471|2024-02-16,"[0.0, 0.0, 0.0, 0.0, 0.0, 0.0, 0.0, 0.0, 0.0, 0.0, 0.0, 0.0, 0.0, 0.0, 0.0, 0.0, 0.0, 0.0, 0.0, 0.0, 0.0, 0.0, 0.0, 0.0, 0.0, 0.0, 0.0, 0.0, 0.0, 1.0, 0.0]"
hMpxV/USA/CA-CDPH-1M1000461/2023|EPI_ISL_18959318|2023-12-27,"[0.0, 0.0, 0.0, 0.0, 0.0, 0.0, 0.0, 0.0, 0.0, 0.0, 0.0, 0.0, 0.0, 0.0, 0.0, 0.0, 0.0, 0.0, 0.0, 0.0, 0.0, 0.0, 0.0, 0.0, 0.0, 0.0, 0.0, 0.0, 0.0, 1.0, 0.0]"
hMpxV/USA/CA-LACPHL-MA00627/2024|EPI_ISL_19196357|2024-05-20,"[0.0, 0.0, 0.0, 0.0, 0.0, 0.0, 0.0, 0.0, 0.0, 0.0, 0.0, 0.0, 0.0, 0.0, 0.0, 0.0, 0.0, 0.0, 0.0, 0.0, 0.0, 0.0, 0.0, 0.0, 0.0, 0.0, 0.0, 0.0, 0.0, 0.9999999999999999, 0.0]"
NODE_0000271,"[5.43430450732092e-09, 5.921689063356597e-10, 1.9722717000249643e-08, 5.847257608769536e-10, 8.287953887410891e-10, 5.913447057997852e-10, 5.952707282006354e-10, 5.956222652033473e-10, 5.947788713914197e-10, 5.846150568329864e-10, 5.933018123457715e-10, 5.895001264415528e-10, 5.73040677639405e-10, 5.788365926681279e-10, 1.3121930531612729e-09, 6.7700894434975e-09, 4.307345597412639e-09, 5.895001264416977e-10, 5.895001264414184e-10, 5.559726932669106e-10, 2.299082396550696e-07, 5.694485638297546e-10, 3.5629563097478917e-09, 5.957040272264024e-10, 9.399804708284747e-10, 1.8179235258980062e-09, 5.021963627371277e-10, 1.726067406115245e-09, 5.629291635305839e-10, 0.9999997126334729, 5.97458245720157e-10]"
hMpxV/USA/CA-CDPH-1M1000476/2024|EPI_ISL_19143470|2024-02-15,"[0.0, 0.0, 0.0, 0.0, 0.0, 0.0, 0.0, 0.0, 0.0, 0.0, 0.0, 0.0, 0.0, 0.0, 0.0, 0.0, 0.0, 0.0, 0.0, 0.0, 0.0, 0.0, 0.0, 0.0, 0.0, 0.0, 0.0, 0.0, 0.0, 1.0, 0.0]"
hMpxV/USA/CA-CDPH-1M1000471/2024|EPI_ISL_19143465|2024-02-07,"[0.0, 0.0, 0.0, 0.0, 0.0, 0.0, 0.0, 0.0, 0.0, 0.0, 0.0, 0.0, 0.0, 0.0, 0.0, 0.0, 0.0, 0.0, 0.0, 0.0, 0.0, 0.0, 0.0, 0.0, 0.0, 0.0, 0.0, 0.0, 0.0, 0.9999999999999999, 0.0]"
NODE_0000255,"[1.710195678140358e-07, 2.0891325900710248e-08, 5.987951315664777e-07, 2.04804034582597e-08, 2.945089178563452e-08, 2.0822506785849893e-08, 2.0889607064481443e-08, 2.0729163298189997e-08, 2.0722390198744493e-08, 2.048439301754921e-08, 2.0676602583793807e-08, 2.0592282091977568e-08, 1.9980421829031753e-08, 2.056847792668023e-08, 4.27767916590677e-08, 2.134396258571492e-07, 1.3468755854271855e-07, 2.059228209197856e-08, 2.0592282091977594e-08, 1.9627386705139005e-08, 5.990804161434444e-06, 2.0069961841128474e-08, 1.1044706649687482e-07, 2.0731482567400693e-08, 3.254967147874195e-08, 5.9216459758700854e-08, 1.78267722431224e-08, 5.6335551576959385e-08, 1.970400614051139e-08, 0.9999921737348886, 2.076088565194429e-08]"
NODE_0000257,"[1.476102962458668e-11, 7.029296992112996e-13, 8.685158807885072e-11, 6.894897983326767e-13, 1.1144981971638902e-12, 7.006041577261381e-13, 7.14750710364967e-13, 7.320690888481075e-13, 7.271682678234344e-13, 6.926073478459483e-13, 7.246219448609701e-13, 7.064834610399238e-13, 6.992656929993238e-13, 6.68630911810786e-13, 2.35801513153256e-12, 2.1156519942322963e-11, 1.0877619835388332e-11, 7.064834610400494e-13, 7.064834610399338e-13, 6.430630179553013e-13, 3.672100563135402e-09, 6.514637089148231e-13, 9.678822415735385e-12, 7.322534027828299e-13, 1.2798936160098669e-12, 3.410979614289638e-12, 5.696803376053834e-13, 3.1883037534755155e-12, 6.742233842799075e-13, 0.9999999961600377, 7.420885083791647e-13]"
hMpxV/USA/CA-CDPH-1M1000430/2023|EPI_ISL_18781815|2023-10-16,"[0.0, 0.0, 0.0, 0.0, 0.0, 0.0, 0.0, 0.0, 0.0, 0.0, 0.0, 0.0, 0.0, 0.0, 0.0, 0.0, 0.0, 0.0, 0.0, 0.0, 0.0, 0.0, 0.0, 0.0, 0.0, 0.0, 0.0, 0.0, 0.0, 0.9999999999999999, 0.0]"
hMpxV/USA/CA-CDPH-1M1000435/2023|EPI_ISL_18781820|2023-10-12,"[0.0, 0.0, 0.0, 0.0, 0.0, 0.0, 0.0, 0.0, 0.0, 0.0, 0.0, 0.0, 0.0, 0.0, 0.0, 0.0, 0.0, 0.0, 0.0, 0.0, 0.0, 0.0, 0.0, 0.0, 0.0, 0.0, 0.0, 0.0, 0.0, 1.0, 0.0]"
NODE_0000258,"[4.54947545929244e-11, 4.4298240796526605e-12, 1.7010178811904634e-10, 4.420365561137028e-12, 6.096081209544559e-12, 4.438823470550311e-12, 4.483435292671447e-12, 4.532133792798871e-12, 4.520638825982371e-12, 4.416385644985454e-12, 4.507419331240212e-12, 4.468690074244249e-12, 4.3512631884332e-12, 4.295804323853176e-12, 1.0665402644399003e-11, 5.6259413425838594e-11, 3.636786968341815e-11, 4.468690074246359e-12, 4.4686900742434796e-12, 4.161777509216746e-12, 2.2830433875304014e-09, 4.2760933224875565e-12, 3.0333360791391e-11, 4.532884074008208e-12, 7.1620363168865355e-12, 1.4769587317805313e-11, 3.73609722012243e-12, 1.3997427724312084e-11, 4.256126509302684e-12, 0.9999999972423905, 4.55328082889088e-12]"
hMpxV/USA/CA-CDPH-1M1000434/2023|EPI_ISL_18781819|2023-10-12,"[0.0, 0.0, 0.0, 0.0, 0.0, 0.0, 0.0, 0.0, 0.0, 0.0, 0.0, 0.0, 0.0, 0.0, 0.0, 0.0, 0.0, 0.0, 0.0, 0.0, 0.0, 0.0, 0.0, 0.0, 0.0, 0.0, 0.0, 0.0, 0.0, 0.9999999999999999, 0.0]"
hMpxV/USA/CA-CDPH-1M1000617/2023|EPI_ISL_19295762|2023-10-13,"[0.0, 0.0, 0.0, 0.0, 0.0, 0.0, 0.0, 0.0, 0.0, 0.0, 0.0, 0.0, 0.0, 0.0, 0.0, 0.0, 0.0, 0.0, 0.0, 0.0, 0.0, 0.0, 0.0, 0.0, 0.0, 0.0, 0.0, 0.0, 0.0, 1.0, 0.0]"
NODE_0000256,"[1.8427070278614365e-17, 1.1026095956500902e-19, 4.331574982953357e-16, 1.0147759006804714e-19, 2.7454737889741087e-19, 1.0776289117458246e-19, 1.1288815987453351e-19, 1.1902901996641035e-19, 1.1688312296535445e-19, 1.0371818451511038e-19, 1.1631415643040413e-19, 1.0801721876612489e-19, 1.1219223007036595e-19, 9.975556810527175e-20, 9.301246795472008e-19, 4.222744551301003e-17, 1.0423060261672555e-17, 1.0801721876615756e-19, 1.0801721876610218e-19, 9.29461307983208e-20, 6.052143758468641e-13, 8.989686803710752e-20, 1.1224271874850129e-17, 1.1908663496782156e-19, 2.8298224802508524e-19, 1.5398827324851393e-18, 7.961267435202283e-20, 1.3823987144509564e-18, 1.040181699670434e-19, 0.9999999999993942, 1.2378579574540457e-19]"
hMpxV/USA/NV-SNPHL-783216/2023|EPI_ISL_18567806|2023-10-18,"[0.0, 0.0, 0.0, 0.0, 0.0, 0.0, 0.0, 0.0, 0.0, 0.0, 0.0, 0.0, 0.0, 0.0, 0.0, 0.0, 0.0, 0.0, 0.0, 0.0, 0.0, 0.0, 0.0, 0.0, 0.0, 0.0, 0.0, 0.0, 0.0, 1.0, 0.0]"
hMpxV/USA/NV-SNPHL-784061/2023|EPI_ISL_18567807|2023-10-25,"[0.0, 0.0, 0.0, 0.0, 0.0, 0.0, 0.0, 0.0, 0.0, 0.0, 0.0, 0.0, 0.0, 0.0, 0.0, 0.0, 0.0, 0.0, 0.0, 0.0, 0.0, 0.0, 0.0, 0.0, 0.0, 0.0, 0.0, 0.0, 0.0, 0.9999999999999999, 0.0]"
hMpxV/USA/CA-CDPH-1M1000431/2023|EPI_ISL_18781816|2023-10-13,"[0.0, 0.0, 0.0, 0.0, 0.0, 0.0, 0.0, 0.0, 0.0, 0.0, 0.0, 0.0, 0.0, 0.0, 0.0, 0.0, 0.0, 0.0, 0.0, 0.0, 0.0, 0.0, 0.0, 0.0, 0.0, 0.0, 0.0, 0.0, 0.0, 1.0, 0.0]"
hMpxV/USA/CA-CDPH-1M1000380/2023|EPI_ISL_18781792|2023-09-27,"[0.0, 0.0, 0.0, 0.0, 0.0, 0.0, 0.0, 0.0, 0.0, 0.0, 0.0, 0.0, 0.0, 0.0, 0.0, 0.0, 0.0, 0.0, 0.0, 0.0, 0.0, 0.0, 0.0, 0.0, 0.0, 0.0, 0.0, 0.0, 0.0, 1.0, 0.0]"
hMpxV/USA/CA-CDPH-1M1000404/2023|EPI_ISL_18781929|2023-11-09,"[0.0, 0.0, 0.0, 0.0, 0.0, 0.0, 0.0, 0.0, 0.0, 0.0, 0.0, 0.0, 0.0, 0.0, 0.0, 0.0, 0.0, 0.0, 0.0, 0.0, 0.0, 0.0, 0.0, 0.0, 0.0, 0.0, 0.0, 0.0, 0.0, 1.0, 0.0]"
hMpxV/USA/CA-CDPH-1M1000403/2023|EPI_ISL_18781928|2023-11-09,"[0.0, 0.0, 0.0, 0.0, 0.0, 0.0, 0.0, 0.0, 0.0, 0.0, 0.0, 0.0, 0.0, 0.0, 0.0, 0.0, 0.0, 0.0, 0.0, 0.0, 0.0, 0.0, 0.0, 0.0, 0.0, 0.0, 0.0, 0.0, 0.0, 1.0, 0.0]"
NODE_0000259,"[8.690265859551105e-12, 4.620552616274658e-13, 4.946930028250077e-11, 4.4928502999386364e-13, 7.41394390959999e-13, 4.593167636144445e-13, 4.670500403228249e-13, 4.740551095355692e-13, 4.713865676323898e-13, 4.515690177172763e-13, 4.699092586123026e-13, 4.591491757951738e-13, 4.536865012407092e-13, 4.428040698981847e-13, 1.4326512353544753e-12, 1.2506547524863264e-11, 6.359278103732131e-12, 4.591491757955346e-13, 4.591491757952982e-13, 4.2268764427637403e-13, 1.8030164105871462e-09, 4.271920285289467e-13, 5.611056871191811e-12, 4.741619841769107e-13, 8.264818147101037e-13, 2.0723101613685536e-12, 3.7663681903348256e-13, 1.9406077264518704e-12, 4.3919465908661364e-13, 0.9999999980987354, 4.798143333286303e-13]"
hMpxV/USA/IL-RIPHL-04-0078/2023|EPI_ISL_18137807|2023-07-03,"[0.0, 0.0, 0.0, 0.0, 0.0, 0.0, 0.0, 0.0, 0.0, 0.0, 0.0, 0.0, 0.0, 0.0, 0.0, 0.0, 0.0, 0.0, 0.0, 0.0, 0.0, 0.0, 0.0, 0.0, 0.0, 0.0, 0.0, 0.0, 0.0, 1.0, 0.0]"
hMpxV/USA/IL-RIPHL-050-0094/2023|EPI_ISL_18168623|2023-07-26,"[0.0, 0.0, 0.0, 0.0, 0.0, 0.0, 0.0, 0.0, 0.0, 0.0, 0.0, 0.0, 0.0, 0.0, 0.0, 0.0, 0.0, 0.0, 0.0, 0.0, 0.0, 0.0, 0.0, 0.0, 0.0, 0.0, 0.0, 0.0, 0.0, 0.9999999999999999, 0.0]"
NODE_0000260,"[6.931651244522003e-32, 7.915152370236986e-37, 1.33893554488091e-28, 5.50702733969152e-37, 1.0032669838266225e-35, 7.129498271754007e-37, 7.957323494567366e-37, 8.686960409776279e-37, 8.269250831261026e-37, 6.001069559054143e-37, 8.207302791431358e-37, 6.552147296120072e-37, 7.937266930426565e-37, 6.390312462271213e-37, 8.69672853639467e-35, 7.954803263611279e-31, 1.4964394792831293e-32, 6.552147296121744e-37, 6.552147296118392e-37, 5.044481998722941e-37, 4.900880058599129e-21, 4.098982803940994e-37, 2.8902816207122104e-32, 8.696399650847763e-37, 5.805361154822817e-36, 2.291785109810103e-34, 4.028580100359844e-37, 1.817405420770093e-34, 6.624420751214826e-37, 1.0, 9.75608973894901e-37]"
hMpxV/USA/CA-CDPH-1M1000423/2023|EPI_ISL_18781807|2023-10-17,"[0.0, 0.0, 0.0, 0.0, 0.0, 0.0, 0.0, 0.0, 0.0, 0.0, 0.0, 0.0, 0.0, 0.0, 0.0, 0.0, 0.0, 0.0, 0.0, 0.0, 0.0, 0.0, 0.0, 0.0, 0.0, 0.0, 0.0, 0.0, 0.0, 1.0, 0.0]"
hMpxV/USA/CA-CDPH-1M1000350/2023|EPI_ISL_18452341|2023-10-02,"[0.0, 0.0, 0.0, 0.0, 0.0, 0.0, 0.0, 0.0, 0.0, 0.0, 0.0, 0.0, 0.0, 0.0, 0.0, 0.0, 0.0, 0.0, 0.0, 0.0, 0.0, 0.0, 0.0, 0.0, 0.0, 0.0, 0.0, 0.0, 0.0, 1.0, 0.0]"
hMpxV/USA/CA-CDPH-1M1000402/2023|EPI_ISL_18781926|2023-11-07,"[0.0, 0.0, 0.0, 0.0, 0.0, 0.0, 0.0, 0.0, 0.0, 0.0, 0.0, 0.0, 0.0, 0.0, 0.0, 0.0, 0.0, 0.0, 0.0, 0.0, 0.0, 0.0, 0.0, 0.0, 0.0, 0.0, 0.0, 0.0, 0.0, 0.9999999999999999, 0.0]"
hMpxV/USA/CA-CDPH-1M1000336/2023|EPI_ISL_18399144|2023-08-20,"[0.0, 0.0, 0.0, 0.0, 0.0, 0.0, 0.0, 0.0, 0.0, 0.0, 0.0, 0.0, 0.0, 0.0, 0.0, 0.0, 0.0, 0.0, 0.0, 0.0, 0.0, 0.0, 0.0, 0.0, 0.0, 0.0, 0.0, 0.0, 0.0, 1.0, 0.0]"
hMpxV/USA/CA-CDPH-1M1000442/2023|EPI_ISL_18781629|2023-10-30,"[0.0, 0.0, 0.0, 0.0, 0.0, 0.0, 0.0, 0.0, 0.0, 0.0, 0.0, 0.0, 0.0, 0.0, 0.0, 0.0, 0.0, 0.0, 0.0, 0.0, 0.0, 0.0, 0.0, 0.0, 0.0, 0.0, 0.0, 0.0, 0.0, 1.0, 0.0]"
hMpxV/USA/CA-CDPH-1M1000542/2023|EPI_ISL_19170471|2023-10-25,"[0.0, 0.0, 0.0, 0.0, 0.0, 0.0, 0.0, 0.0, 0.0, 0.0, 0.0, 0.0, 0.0, 0.0, 0.0, 0.0, 0.0, 0.0, 0.0, 0.0, 0.0, 0.0, 0.0, 0.0, 0.0, 0.0, 0.0, 0.0, 0.0, 1.0, 0.0]"
hMpxV/USA/CA-CDPH-1M1000544/2023|EPI_ISL_19170473|2023-10-27,"[0.0, 0.0, 0.0, 0.0, 0.0, 0.0, 0.0, 0.0, 0.0, 0.0, 0.0, 0.0, 0.0, 0.0, 0.0, 0.0, 0.0, 0.0, 0.0, 0.0, 0.0, 0.0, 0.0, 0.0, 0.0, 0.0, 0.0, 0.0, 0.0, 1.0, 0.0]"
hMpxV/USA/CA-CDPH-1M1000540/2023|EPI_ISL_19170469|2023-11-01,"[0.0, 0.0, 0.0, 0.0, 0.0, 0.0, 0.0, 0.0, 0.0, 0.0, 0.0, 0.0, 0.0, 0.0, 0.0, 0.0, 0.0, 0.0, 0.0, 0.0, 0.0, 0.0, 0.0, 0.0, 0.0, 0.0, 0.0, 0.0, 0.0, 1.0, 0.0]"
hMpxV/USA/CA-CDPH-1M1000546/2023|EPI_ISL_19170475|2023-10-29,"[0.0, 0.0, 0.0, 0.0, 0.0, 0.0, 0.0, 0.0, 0.0, 0.0, 0.0, 0.0, 0.0, 0.0, 0.0, 0.0, 0.0, 0.0, 0.0, 0.0, 0.0, 0.0, 0.0, 0.0, 0.0, 0.0, 0.0, 0.0, 0.0, 1.0, 0.0]"
hMpxV/USA/CA-CDPH-1M1000541/2023|EPI_ISL_19170470|2023-10-25,"[0.0, 0.0, 0.0, 0.0, 0.0, 0.0, 0.0, 0.0, 0.0, 0.0, 0.0, 0.0, 0.0, 0.0, 0.0, 0.0, 0.0, 0.0, 0.0, 0.0, 0.0, 0.0, 0.0, 0.0, 0.0, 0.0, 0.0, 0.0, 0.0, 1.0, 0.0]"
hMpxV/USA/CA-CDPH-1M1000549/2023|EPI_ISL_19170478|2023-10-30,"[0.0, 0.0, 0.0, 0.0, 0.0, 0.0, 0.0, 0.0, 0.0, 0.0, 0.0, 0.0, 0.0, 0.0, 0.0, 0.0, 0.0, 0.0, 0.0, 0.0, 0.0, 0.0, 0.0, 0.0, 0.0, 0.0, 0.0, 0.0, 0.0, 1.0, 0.0]"
hMpxV/USA/CA-CDPH-1M1000615/2023|EPI_ISL_19295760|2023-09-23,"[0.0, 0.0, 0.0, 0.0, 0.0, 0.0, 0.0, 0.0, 0.0, 0.0, 0.0, 0.0, 0.0, 0.0, 0.0, 0.0, 0.0, 0.0, 0.0, 0.0, 0.0, 0.0, 0.0, 0.0, 0.0, 0.0, 0.0, 0.0, 0.0, 0.9999999999999999, 0.0]"
hMpxV/USA/IL-RIPHL-050-0112/2023|EPI_ISL_19016768|2023-10-04,"[0.0, 0.0, 0.0, 0.0, 0.0, 0.0, 0.0, 0.0, 0.0, 0.0, 0.0, 0.0, 0.0, 0.0, 0.0, 0.0, 0.0, 0.0, 0.0, 0.0, 0.0, 0.0, 0.0, 0.0, 0.0, 0.0, 0.0, 0.0, 0.0, 1.0, 0.0]"
NODE_0000267,"[7.260786075933725e-08, 8.326616661281235e-09, 2.5958633327575374e-07, 8.190612464895587e-09, 1.1711316769626386e-08, 8.305762993958397e-09, 8.348105261091529e-09, 8.319123049501427e-09, 8.311472736059603e-09, 8.190953287198289e-09, 8.29209187798953e-09, 8.247437848402311e-09, 8.010738992688745e-09, 8.166647120933524e-09, 1.7793854165367516e-08, 9.06213190980729e-08, 5.736164107019615e-08, 8.24743784840292e-09, 8.247437848402273e-09, 7.81820345669464e-09, 2.831261400880621e-06, 7.999689743716443e-09, 4.726670149464828e-08, 8.320165687060428e-09, 1.3107626217655191e-08, 2.4648593372693094e-08, 7.080353354325896e-09, 2.3423424637248023e-08, 7.883705518220635e-09, 0.9999963959644581, 8.338914253042045e-09]"
hMpxV/USA/CA-CDPH-1M1000391/2023|EPI_ISL_18781915|2023-10-20,"[0.0, 0.0, 0.0, 0.0, 0.0, 0.0, 0.0, 0.0, 0.0, 0.0, 0.0, 0.0, 0.0, 0.0, 0.0, 0.0, 0.0, 0.0, 0.0, 0.0, 0.0, 0.0, 0.0, 0.0, 0.0, 0.0, 0.0, 0.0, 0.0, 1.0, 0.0]"
hMpxV/USA/CA-CDPH-1M1000543/2023|EPI_ISL_19170472|2023-10-29,"[0.0, 0.0, 0.0, 0.0, 0.0, 0.0, 0.0, 0.0, 0.0, 0.0, 0.0, 0.0, 0.0, 0.0, 0.0, 0.0, 0.0, 0.0, 0.0, 0.0, 0.0, 0.0, 0.0, 0.0, 0.0, 0.0, 0.0, 0.0, 0.0, 1.0, 0.0]"
NODE_0000268,"[2.2261765283304446e-09, 2.518492687782759e-10, 7.974787762191916e-09, 2.483132090916235e-10, 3.5241228749323623e-10, 2.5144659901715004e-10, 2.528314217289895e-10, 2.5242343185182373e-10, 2.5215380436259256e-10, 2.4827707211601974e-10, 2.515386534807315e-10, 2.5012577259771064e-10, 2.429876553089415e-10, 2.4671009006977026e-10, 5.444445617053282e-10, 2.7713731606574714e-09, 1.7615943634420124e-09, 2.501257725977846e-10, 2.5012577259764844e-10, 2.3658747930179385e-10, 8.820725413970278e-08, 2.42287244597326e-10, 1.4529105944824029e-09, 2.524561757251604e-10, 3.9734222699347263e-10, 7.538800225197782e-10, 2.1405180365676413e-10, 7.162702328150674e-10, 2.3897440327453395e-10, 0.9999998881552122, 2.5307619127933925e-10]"
hMpxV/USA/CA-CDPH-1M1000443/2023|EPI_ISL_18781630|2023-10-27,"[0.0, 0.0, 0.0, 0.0, 0.0, 0.0, 0.0, 0.0, 0.0, 0.0, 0.0, 0.0, 0.0, 0.0, 0.0, 0.0, 0.0, 0.0, 0.0, 0.0, 0.0, 0.0, 0.0, 0.0, 0.0, 0.0, 0.0, 0.0, 0.0, 1.0, 0.0]"
hMpxV/USA/CA-CDPH-1M1000547/2023|EPI_ISL_19170476|2023-10-25,"[0.0, 0.0, 0.0, 0.0, 0.0, 0.0, 0.0, 0.0, 0.0, 0.0, 0.0, 0.0, 0.0, 0.0, 0.0, 0.0, 0.0, 0.0, 0.0, 0.0, 0.0, 0.0, 0.0, 0.0, 0.0, 0.0, 0.0, 0.0, 0.0, 1.0, 0.0]"
NODE_0000261,"[5.773345556054761e-11, 3.1079216920915715e-12, 3.2677717136962047e-10, 3.0233592873710868e-12, 4.973145722389657e-12, 3.0906192100483917e-12, 3.141483720177351e-12, 3.18803678993283e-12, 3.1704212160276842e-12, 3.0384936578190592e-12, 3.1603773289701583e-12, 3.0889270849655495e-12, 3.0514158501224704e-12, 2.9798879921003906e-12, 9.570628999151046e-12, 8.294567112016964e-11, 4.2246473338960646e-11, 3.0889270849660297e-12, 3.0889270849654784e-12, 2.844686262718e-12, 1.1666706147043877e-08, 2.8760817080243585e-12, 3.723783513549827e-11, 3.1887503425691396e-12, 5.547867116634821e-12, 1.3836947018431789e-11, 2.5356160297339197e-12, 1.2960798974627434e-11, 2.954683262811423e-12, 0.9999999876816189, 3.2262782628151216e-12]"
hMpxV/USA/CA-CDPH-1M1000539/2023|EPI_ISL_19170468|2023-11-02,"[0.0, 0.0, 0.0, 0.0, 0.0, 0.0, 0.0, 0.0, 0.0, 0.0, 0.0, 0.0, 0.0, 0.0, 0.0, 0.0, 0.0, 0.0, 0.0, 0.0, 0.0, 0.0, 0.0, 0.0, 0.0, 0.0, 0.0, 0.0, 0.0, 0.9999999999999999, 0.0]"
hMpxV/USA/CA-CDPH-1M1000557/2023|EPI_ISL_19170486|2023-11-02,"[0.0, 0.0, 0.0, 0.0, 0.0, 0.0, 0.0, 0.0, 0.0, 0.0, 0.0, 0.0, 0.0, 0.0, 0.0, 0.0, 0.0, 0.0, 0.0, 0.0, 0.0, 0.0, 0.0, 0.0, 0.0, 0.0, 0.0, 0.0, 0.0, 0.9999999999999999, 0.0]"
NODE_0000262,"[5.432785559313449e-10, 5.501516881810036e-11, 2.012951939874767e-09, 5.4667936849152767e-11, 7.627326665699398e-11, 5.5047457948802256e-11, 5.5535206347709e-11, 5.592114820296743e-11, 5.580159476175643e-11, 5.4634752481506784e-11, 5.564826531590898e-11, 5.521187041578262e-11, 5.373018147861389e-11, 5.350421651724008e-11, 1.2857582921667508e-10, 6.742466565614434e-10, 4.3283829275670094e-10, 5.5211870415800826e-11, 5.521187041577206e-11, 5.166384929402493e-11, 2.588500309855644e-08, 5.301201090722205e-11, 3.600098512460865e-10, 5.592982920689322e-11, 8.837332301550182e-11, 1.781060146178423e-10, 4.6482919259862785e-11, 1.689010151220761e-10, 5.2638006040947e-11, 0.9999999684204234, 5.6150693899122566e-11]"
hMpxV/USA/CA-CDPH-1M1000554/2023|EPI_ISL_19170483|2023-10-30,"[0.0, 0.0, 0.0, 0.0, 0.0, 0.0, 0.0, 0.0, 0.0, 0.0, 0.0, 0.0, 0.0, 0.0, 0.0, 0.0, 0.0, 0.0, 0.0, 0.0, 0.0, 0.0, 0.0, 0.0, 0.0, 0.0, 0.0, 0.0, 0.0, 1.0, 0.0]"
NODE_0000263,"[4.8762868082755644e-08, 5.289378642063043e-09, 1.7739028570978852e-07, 5.220962458472099e-09, 7.415233914759807e-09, 5.28075072976691e-09, 5.316578514283281e-09, 5.319418701488841e-09, 5.311691063510232e-09, 5.220214401278788e-09, 5.298625956162072e-09, 5.2640735239704834e-09, 5.117585495721966e-09, 5.169598009365311e-09, 1.1747507257553105e-08, 6.080416068084454e-08, 3.864771844876969e-08, 5.264073523971217e-09, 5.26407352397059e-09, 4.964656128780621e-09, 2.084332307470319e-06, 5.08380295129433e-09, 3.1981424767187754e-08, 5.3201512446894765e-09, 8.40227047845113e-09, 1.6278833325947496e-08, 4.484054403733326e-09, 1.545477897333013e-08, 5.026961818615678e-09, 0.9999974002298652, 5.336094517170044e-09]"
hMpxV/USA/CA-CDPH-1M1000500/2023|EPI_ISL_19143458|2023-11-19,"[0.0, 0.0, 0.0, 0.0, 0.0, 0.0, 0.0, 0.0, 0.0, 0.0, 0.0, 0.0, 0.0, 0.0, 0.0, 0.0, 0.0, 0.0, 0.0, 0.0, 0.0, 0.0, 0.0, 0.0, 0.0, 0.0, 0.0, 0.0, 0.0, 1.0, 0.0]"
hMpxV/USA/CA-CDPH-1M1000466/2023|EPI_ISL_18959323|2023-12-14,"[0.0, 0.0, 0.0, 0.0, 0.0, 0.0, 0.0, 0.0, 0.0, 0.0, 0.0, 0.0, 0.0, 0.0, 0.0, 0.0, 0.0, 0.0, 0.0, 0.0, 0.0, 0.0, 0.0, 0.0, 0.0, 0.0, 0.0, 0.0, 0.0, 1.0, 0.0]"
NODE_0000264,"[5.442611529973839e-07, 7.332357817156419e-08, 1.8475266679380487e-06, 7.144124903911936e-08, 1.0399407387932604e-07, 7.296238253998142e-08, 7.298628838124511e-08, 7.191469780230288e-08, 7.195808966671924e-08, 7.147800291025593e-08, 7.181592333216475e-08, 7.166686388067644e-08, 6.942713055671615e-08, 7.26338276270127e-08, 1.4034120689338905e-07, 6.801843855752387e-07, 4.263565079585128e-07, 7.166686388068407e-08, 7.166686388067865e-08, 6.892741810233063e-08, 1.62193102015468e-05, 7.038275217823393e-08, 3.470314709958334e-07, 7.192118835537522e-08, 1.124292625467303e-07, 1.941301943858987e-07, 6.289725296572698e-08, 1.8499886209018935e-07, 6.869328095589008e-08, 0.9999778497430258, 7.192933318793222e-08]"
hMpxV/USA/CA-LACPHL-MA00614/2023|EPI_ISL_18993204|2023-12-05,"[0.0, 0.0, 0.0, 0.0, 0.0, 0.0, 0.0, 0.0, 0.0, 0.0, 0.0, 0.0, 0.0, 0.0, 0.0, 0.0, 0.0, 0.0, 0.0, 0.0, 0.0, 0.0, 0.0, 0.0, 0.0, 0.0, 0.0, 0.0, 0.0, 1.0, 0.0]"
NODE_0000265,"[2.0009486703080178e-08, 1.6919893239790857e-09, 9.723787812089281e-08, 1.6069904732664337e-09, 2.7500821711439602e-09, 1.6728363798324705e-09, 1.6782858273159152e-09, 1.65285449022559e-09, 1.650624372386407e-09, 1.6166606117348049e-09, 1.646851248134582e-09, 1.6248209782199348e-09, 1.593053359862874e-09, 1.6665573717214813e-09, 3.848554227978343e-09, 2.867400275834378e-08, 1.4346959614058613e-08, 1.6248209782202611e-09, 1.624820978219933e-09, 1.555365746395552e-09, 1.8652456457980527e-06, 1.565317796690775e-09, 1.2215116409978963e-08, 1.6530676305103313e-09, 2.8053184927261686e-09, 5.533513771038281e-09, 1.4149121605634096e-09, 5.224465732001563e-09, 1.565178296728282e-09, 0.999997911341365, 1.6626032449101414e-09]"
hMpxV/USA/CA-CDPH-1M1000496/2024|EPI_ISL_19143455|2024-01-13,"[0.0, 0.0, 0.0, 0.0, 0.0, 0.0, 0.0, 0.0, 0.0, 0.0, 0.0, 0.0, 0.0, 0.0, 0.0, 0.0, 0.0, 0.0, 0.0, 0.0, 0.0, 0.0, 0.0, 0.0, 0.0, 0.0, 0.0, 0.0, 0.0, 1.0, 0.0]"
hMpxV/USA/WA-UW-251694/2024|EPI_ISL_19131279|2024-04-16,"[0.0, 0.0, 0.0, 0.0, 0.0, 0.0, 0.0, 0.0, 0.0, 0.0, 0.0, 0.0, 0.0, 0.0, 0.0, 0.0, 0.0, 0.0, 0.0, 0.0, 0.0, 0.0, 0.0, 0.0, 0.0, 0.0, 0.0, 0.0, 0.0, 1.0, 0.0]"
NODE_0000266,"[8.110329225007066e-10, 5.359882372789802e-11, 4.2423454436753466e-09, 5.1799496850726e-11, 8.532965915455549e-11, 5.3253930521653256e-11, 5.382227070644342e-11, 5.40237291235079e-11, 5.3822470404233393e-11, 5.2059153781345715e-11, 5.3663388292060436e-11, 5.268131841424861e-11, 5.185380200113708e-11, 5.195971161643433e-11, 1.4498927843301353e-10, 1.1536893928597916e-09, 5.904463611455969e-10, 5.268131841424969e-11, 5.268131841424558e-11, 4.9235010196665045e-11, 1.1221570622204447e-07, 4.976758627077579e-11, 5.120960279276325e-10, 5.403374585166401e-11, 9.252282318469571e-11, 2.0869719560668218e-10, 4.4246492334519646e-11, 1.9621277796409723e-10, 5.051018004140734e-11, 0.9999998787567125, 5.452568402612014e-11]"
hMpxV/USA/CA-LACPHL-MA00647/2024|EPI_ISL_19273375|2024-06-26,"[0.0, 0.0, 0.0, 0.0, 0.0, 0.0, 0.0, 0.0, 0.0, 0.0, 0.0, 0.0, 0.0, 0.0, 0.0, 0.0, 0.0, 0.0, 0.0, 0.0, 0.0, 0.0, 0.0, 0.0, 0.0, 0.0, 0.0, 0.0, 0.0, 1.0, 0.0]"
hMpxV/USA/CA-CDPH-1M1000640/2024|EPI_ISL_19295783|2024-06-26,"[0.0, 0.0, 0.0, 0.0, 0.0, 0.0, 0.0, 0.0, 0.0, 0.0, 0.0, 0.0, 0.0, 0.0, 0.0, 0.0, 0.0, 0.0, 0.0, 0.0, 0.0, 0.0, 0.0, 0.0, 0.0, 0.0, 0.0, 0.0, 0.0, 1.0, 0.0]"
hMpxV/USA/WA-UW-190625/2024|EPI_ISL_19336732|2024-07-12,"[0.0, 0.0, 0.0, 0.0, 0.0, 0.0, 0.0, 0.0, 0.0, 0.0, 0.0, 0.0, 0.0, 0.0, 0.0, 0.0, 0.0, 0.0, 0.0, 0.0, 0.0, 0.0, 0.0, 0.0, 0.0, 0.0, 0.0, 0.0, 0.0, 1.0, 0.0]"
NODE_0000158,"[3.687151280119557e-07, 5.0149695195198817e-08, 1.2375964435485836e-06, 4.9032062363895874e-08, 7.035402601300485e-08, 4.997961029525392e-08, 4.999064107763584e-08, 4.934467383998617e-08, 4.9374898635316405e-08, 4.903818792349832e-08, 4.926928206918587e-08, 4.918279329117656e-08, 4.762981081225396e-08, 4.965144316978834e-08, 9.604561698815289e-08, 4.5725888534502546e-07, 2.8971518827823306e-07, 4.9182793291179495e-08, 4.9182793291177364e-08, 4.721812297910255e-08, 1.0576092142478694e-05, 4.829410912353028e-08, 2.355593650985437e-07, 4.9349236663904474e-08, 7.677447438308305e-08, 1.3261669274389572e-07, 4.306385176232183e-08, 1.2641432236027952e-07, 4.7112744295215544e-08, 0.9999854074594593, 4.935150524585933e-08]"
NODE_0000252,"[1.927607016700106e-11, 9.41105214066239e-13, 1.1273560066850179e-10, 9.207593402266997e-13, 1.498723865278851e-12, 9.371948261959268e-13, 9.553939708006947e-13, 9.762046678867608e-13, 9.699148533950897e-13, 9.250871152507023e-13, 9.666186500805952e-13, 9.428753347499949e-13, 9.329043740769227e-13, 8.967928446365161e-13, 3.098345864696791e-12, 2.7687354934874e-11, 1.4174345587616768e-11, 9.428753347501363e-13, 9.428753347499664e-13, 8.607510628272276e-13, 4.616536598940572e-09, 8.713000175642975e-13, 1.2589650597219973e-11, 9.76444172959849e-13, 1.7065748422210324e-12, 4.482629382508126e-12, 7.635841766238418e-13, 4.1916922269653375e-12, 9.00373907161405e-13, 0.9999999951644102, 9.892184250709677e-13]"
hMpxV/USA/CA-CDPH-1M1000424/2023|EPI_ISL_18781808|2023-10-09,"[0.0, 0.0, 0.0, 0.0, 0.0, 0.0, 0.0, 0.0, 0.0, 0.0, 0.0, 0.0, 0.0, 0.0, 0.0, 0.0, 0.0, 0.0, 0.0, 0.0, 0.0, 0.0, 0.0, 0.0, 0.0, 0.0, 0.0, 0.0, 0.0, 1.0, 0.0]"
hMpxV/USA/CA-CDPH-1M1000425/2023|EPI_ISL_18781809|2023-09-26,"[0.0, 0.0, 0.0, 0.0, 0.0, 0.0, 0.0, 0.0, 0.0, 0.0, 0.0, 0.0, 0.0, 0.0, 0.0, 0.0, 0.0, 0.0, 0.0, 0.0, 0.0, 0.0, 0.0, 0.0, 0.0, 0.0, 0.0, 0.0, 0.0, 1.0, 0.0]"
hMpxV/USA/CA-CDPH-1M1000411/2023|EPI_ISL_18781840|2023-09-27,"[0.0, 0.0, 0.0, 0.0, 0.0, 0.0, 0.0, 0.0, 0.0, 0.0, 0.0, 0.0, 0.0, 0.0, 0.0, 0.0, 0.0, 0.0, 0.0, 0.0, 0.0, 0.0, 0.0, 0.0, 0.0, 0.0, 0.0, 0.0, 0.0, 1.0, 0.0]"
NODE_0000159,"[2.93375700152785e-23, 6.392832280237935e-28, 9.56071117833889e-22, 4.95555818327858e-28, 3.913054372537008e-27, 5.971924131870261e-28, 6.404774566413506e-28, 6.686059611710993e-28, 6.483463688246884e-28, 5.244010720927462e-28, 6.4383134497673185e-28, 5.554700902999408e-28, 6.146847346494922e-28, 5.542580050363293e-28, 1.603310438529003e-26, 9.776754084218127e-24, 5.799844419850344e-25, 5.554700903000843e-28, 5.554700902998066e-28, 4.554693461188814e-28, 9.478766499850068e-17, 4.0327689104268443e-28, 8.66301398598037e-25, 6.691119506296383e-28, 2.7604931838972185e-27, 2.791309182367311e-25, 3.722274874831909e-28, 2.682209101531469e-26, 5.43270817308623e-28, 0.9999999999999999, 7.210782061289979e-28]"
hMpxV/USA/CA-LACPHL-MA00582/2024|EPI_ISL_18952716|2024-01-22,"[0.0, 0.0, 0.0, 0.0, 0.0, 0.0, 0.0, 0.0, 0.0, 0.0, 0.0, 0.0, 0.0, 0.0, 0.0, 0.0, 0.0, 0.0, 0.0, 0.0, 0.0, 0.0, 0.0, 0.0, 0.0, 0.0, 0.0, 0.0, 0.0, 0.9999999999999999, 0.0]"
hMpxV/USA/CA-CDPH-1M1000491/2023|EPI_ISL_19143453|2023-12-12,"[0.0, 0.0, 0.0, 0.0, 0.0, 0.0, 0.0, 0.0, 0.0, 0.0, 0.0, 0.0, 0.0, 0.0, 0.0, 0.0, 0.0, 0.0, 0.0, 0.0, 0.0, 0.0, 0.0, 0.0, 0.0, 0.0, 0.0, 0.0, 0.0, 1.0, 0.0]"
hMpxV/USA/CA-CDPH-1M1000489/2023|EPI_ISL_19143451|2023-12-06,"[0.0, 0.0, 0.0, 0.0, 0.0, 0.0, 0.0, 0.0, 0.0, 0.0, 0.0, 0.0, 0.0, 0.0, 0.0, 0.0, 0.0, 0.0, 0.0, 0.0, 0.0, 0.0, 0.0, 0.0, 0.0, 0.0, 0.0, 0.0, 0.0, 1.0, 0.0]"
hMpxV/USA/CA-CDPH-1M1000376/2023|EPI_ISL_18781787|2023-09-08,"[0.0, 0.0, 0.0, 0.0, 0.0, 0.0, 0.0, 0.0, 0.0, 0.0, 0.0, 0.0, 0.0, 0.0, 0.0, 0.0, 0.0, 0.0, 0.0, 0.0, 0.0, 0.0, 0.0, 0.0, 0.0, 0.0, 0.0, 0.0, 0.0, 1.0, 0.0]"
hMpxV/USA/CA-CDPH-1M1000462/2023|EPI_ISL_18959319|2023-12-27,"[0.0, 0.0, 0.0, 0.0, 0.0, 0.0, 0.0, 0.0, 0.0, 0.0, 0.0, 0.0, 0.0, 0.0, 0.0, 0.0, 0.0, 0.0, 0.0, 0.0, 0.0, 0.0, 0.0, 0.0, 0.0, 0.0, 0.0, 0.0, 0.0, 1.0, 0.0]"
hMpxV/USA/CA-LACPHL-MA00605/2023|EPI_ISL_18993201|2023-10-19,"[0.0, 0.0, 0.0, 0.0, 0.0, 0.0, 0.0, 0.0, 0.0, 0.0, 0.0, 0.0, 0.0, 0.0, 0.0, 0.0, 0.0, 0.0, 0.0, 0.0, 0.0, 0.0, 0.0, 0.0, 0.0, 0.0, 0.0, 0.0, 0.0, 1.0, 0.0]"
hMpxV/USA/IL-RIPHL-004-0161/2024|EPI_ISL_19158950|2024-03-04,"[0.0, 0.0, 0.0, 0.0, 0.0, 0.0, 0.0, 0.0, 0.0, 0.0, 0.0, 0.0, 0.0, 0.0, 0.0, 0.0, 0.0, 0.0, 0.0, 0.0, 0.0, 0.0, 0.0, 0.0, 0.0, 0.0, 0.0, 0.0, 0.0, 1.0, 0.0]"
hMpxV/USA/CA-LACPHL-MA00610/2023|EPI_ISL_18993198|2023-11-29,"[0.0, 0.0, 0.0, 0.0, 0.0, 0.0, 0.0, 0.0, 0.0, 0.0, 0.0, 0.0, 0.0, 0.0, 0.0, 0.0, 0.0, 0.0, 0.0, 0.0, 0.0, 0.0, 0.0, 0.0, 0.0, 0.0, 0.0, 0.0, 0.0, 1.0, 0.0]"
hMpxV/USA/CA-LACPHL-MA00601/2023|EPI_ISL_18993188|2023-10-23,"[0.0, 0.0, 0.0, 0.0, 0.0, 0.0, 0.0, 0.0, 0.0, 0.0, 0.0, 0.0, 0.0, 0.0, 0.0, 0.0, 0.0, 0.0, 0.0, 0.0, 0.0, 0.0, 0.0, 0.0, 0.0, 0.0, 0.0, 0.0, 0.0, 0.9999999999999999, 0.0]"
hMpxV/USA/CA-CDPH-1M1000550/2023|EPI_ISL_19170479|2023-10-27,"[0.0, 0.0, 0.0, 0.0, 0.0, 0.0, 0.0, 0.0, 0.0, 0.0, 0.0, 0.0, 0.0, 0.0, 0.0, 0.0, 0.0, 0.0, 0.0, 0.0, 0.0, 0.0, 0.0, 0.0, 0.0, 0.0, 0.0, 0.0, 0.0, 0.9999999999999999, 0.0]"
NODE_0000244,"[2.7630244878531147e-12, 1.3235875830489723e-13, 1.6187274033277248e-11, 1.2982901653796647e-13, 2.0970460894414792e-13, 1.3192856472946766e-13, 1.3457236782757064e-13, 1.3780718815961044e-13, 1.368904757363392e-13, 1.304153883830054e-13, 1.3641284348198525e-13, 1.3301351155598312e-13, 1.3164116002785545e-13, 1.2594356211522642e-13, 4.4259027627954813e-13, 3.955075046529034e-12, 2.0368494464334006e-12, 1.330135115560143e-13, 1.3301351155594568e-13, 1.211072268739066e-13, 6.715041972583534e-10, 1.2269922260284849e-13, 1.811188688258179e-12, 1.3784174451507385e-13, 2.408141978081894e-13, 6.401472696261635e-13, 1.0731926201319088e-13, 5.984206301842718e-13, 1.269468289869448e-13, 0.9999999992971281, 1.3968329974328942e-13]"
hMpxV/USA/CA-CDPH-1M1000374/2023|EPI_ISL_18781786|2023-09-19,"[0.0, 0.0, 0.0, 0.0, 0.0, 0.0, 0.0, 0.0, 0.0, 0.0, 0.0, 0.0, 0.0, 0.0, 0.0, 0.0, 0.0, 0.0, 0.0, 0.0, 0.0, 0.0, 0.0, 0.0, 0.0, 0.0, 0.0, 0.0, 0.0, 0.9999999999999999, 0.0]"
hMpxV/USA/CA-CDPH-1M1000379/2023|EPI_ISL_18781791|2023-10-04,"[0.0, 0.0, 0.0, 0.0, 0.0, 0.0, 0.0, 0.0, 0.0, 0.0, 0.0, 0.0, 0.0, 0.0, 0.0, 0.0, 0.0, 0.0, 0.0, 0.0, 0.0, 0.0, 0.0, 0.0, 0.0, 0.0, 0.0, 0.0, 0.0, 1.0, 0.0]"
hMpxV/USA/CA-CDPH-1M1000623/2023|EPI_ISL_19295768|2023-09-22,"[0.0, 0.0, 0.0, 0.0, 0.0, 0.0, 0.0, 0.0, 0.0, 0.0, 0.0, 0.0, 0.0, 0.0, 0.0, 0.0, 0.0, 0.0, 0.0, 0.0, 0.0, 0.0, 0.0, 0.0, 0.0, 0.0, 0.0, 0.0, 0.0, 1.0, 0.0]"
NODE_0000245,"[9.912483743366299e-10, 7.930384244274462e-11, 4.748488402111145e-09, 7.648246131935261e-11, 1.2417879655015995e-10, 7.8819564631298e-11, 7.92939066884303e-11, 7.898232031076588e-11, 7.880756941774448e-11, 7.682757284872311e-11, 7.85822291063261e-11, 7.747074747894369e-11, 7.597541829694066e-11, 7.754420721092007e-11, 1.9219223073990434e-10, 1.3811142418416755e-09, 7.235914856210177e-10, 7.747074747896292e-11, 7.747074747892604e-11, 7.319588551320705e-11, 9.344614854482408e-08, 7.408975502188171e-11, 6.178967529933534e-10, 7.899457273293006e-11, 1.3265549526542525e-10, 2.7474235441801513e-10, 6.618897796807006e-11, 2.592322529569861e-10, 7.436836971426872e-11, 0.9999998956491195, 7.952256658283192e-11]"
hMpxV/USA/CA-CDPH-1M1000601/2024|EPI_ISL_19295750|2024-05-19,"[0.0, 0.0, 0.0, 0.0, 0.0, 0.0, 0.0, 0.0, 0.0, 0.0, 0.0, 0.0, 0.0, 0.0, 0.0, 0.0, 0.0, 0.0, 0.0, 0.0, 0.0, 0.0, 0.0, 0.0, 0.0, 0.0, 0.0, 0.0, 0.0, 1.0, 0.0]"
hMpxV/USA/CA-CDPH-1M1000605/2024|EPI_ISL_19295754|2024-05-28,"[0.0, 0.0, 0.0, 0.0, 0.0, 0.0, 0.0, 0.0, 0.0, 0.0, 0.0, 0.0, 0.0, 0.0, 0.0, 0.0, 0.0, 0.0, 0.0, 0.0, 0.0, 0.0, 0.0, 0.0, 0.0, 0.0, 0.0, 0.0, 0.0, 1.0, 0.0]"
NODE_0000246,"[1.5052675367113895e-09, 9.002967232554041e-11, 8.302572881148131e-09, 8.659629068870847e-11, 1.4697175106331188e-10, 8.918262852054781e-11, 9.036334496857229e-11, 9.075140519391085e-11, 9.034649339078288e-11, 8.710023090932844e-11, 9.010431873460936e-11, 8.824441447837682e-11, 8.704017538008348e-11, 8.699647748709295e-11, 2.5598491052348294e-10, 2.1827269049203364e-09, 1.0918196158665857e-09, 8.824441447838879e-11, 8.824441447836815e-11, 8.230709123848816e-11, 2.602012516052905e-07, 8.291616065096049e-11, 9.550221306981266e-10, 9.076919073385162e-11, 1.5797500035158055e-10, 3.7043515500960087e-10, 7.381299475385309e-11, 3.475647065992376e-10, 8.46385125157487e-11, 0.999999722823017, 9.170266767157205e-11]"
hMpxV/USA/CA-LACPHL-MA00659/2024|EPI_ISL_19347730|2024-07-05,"[0.0, 0.0, 0.0, 0.0, 0.0, 0.0, 0.0, 0.0, 0.0, 0.0, 0.0, 0.0, 0.0, 0.0, 0.0, 0.0, 0.0, 0.0, 0.0, 0.0, 0.0, 0.0, 0.0, 0.0, 0.0, 0.0, 0.0, 0.0, 0.0, 0.9999999999999999, 0.0]"
hMpxV/USA/WA-UW-902910/2024|EPI_ISL_19370101|2024-08-10,"[0.0, 0.0, 0.0, 0.0, 0.0, 0.0, 0.0, 0.0, 0.0, 0.0, 0.0, 0.0, 0.0, 0.0, 0.0, 0.0, 0.0, 0.0, 0.0, 0.0, 0.0, 0.0, 0.0, 0.0, 0.0, 0.0, 0.0, 0.0, 0.0, 1.0, 0.0]"
hMpxV/USA/WA-UW-500470/2024|EPI_ISL_19370102|2024-08-10,"[0.0, 0.0, 0.0, 0.0, 0.0, 0.0, 0.0, 0.0, 0.0, 0.0, 0.0, 0.0, 0.0, 0.0, 0.0, 0.0, 0.0, 0.0, 0.0, 0.0, 0.0, 0.0, 0.0, 0.0, 0.0, 0.0, 0.0, 0.0, 0.0, 1.0, 0.0]"
NODE_0000247,"[2.2446027213324657e-05, 2.320136139962212e-05, 2.4486408965999133e-05, 2.3517946595210967e-05, 2.2957325212712e-05, 2.3435093737545407e-05, 2.29144723694102e-05, 2.1866453146285808e-05, 2.2087877457358387e-05, 2.3144641359046872e-05, 2.203413946400546e-05, 2.2903242604135583e-05, 2.0530492241775815e-05, 2.3632429136781317e-05, 1.5130510790312519e-05, 2.536326653318188e-05, 2.9953309937879482e-05, 2.2903242604133825e-05, 2.2903242604132395e-05, 2.1921361874782217e-05, 2.0120525965606847e-05, 2.3727948813234362e-05, 1.7895978245972895e-05, 2.1866589856616805e-05, 1.4509328952122531e-05, 0.999120965081741, 1.853246640640696e-05, 2.5197643918177296e-05, 2.070102828487449e-05, 0.00023774546226353115, 2.1405100304779974e-05]"
NODE_0000248,"[1.789937129088845e-07, 2.4712605861096683e-07, 1.7060561310366583e-07, 2.5345036116189925e-07, 2.2869056711307147e-07, 2.5048225260146864e-07, 2.450744935498062e-07, 2.3414615959309473e-07, 2.3647445278749074e-07, 2.484326966810497e-07, 2.359480629733377e-07, 2.4647667336891167e-07, 2.1615269207146688e-07, 2.497889773720626e-07, 1.365682031670081e-07, 2.144784318610513e-07, 2.8587779989058423e-07, 2.464766733688703e-07, 2.4647667336883787e-07, 2.2985610215949044e-07, 1.3595306280607577e-07, 2.529031671019792e-07, 1.571374840205194e-07, 2.3415680546670118e-07, 1.172026920489257e-07, 0.9999921707205293, 1.8522909987974593e-07, 2.552130022734497e-07, 2.1693769949317578e-07, 1.4443341928812101e-06, 2.2863560711028249e-07]"
hMpxV/South_Africa/NICD-SVPL_360/2024|EPI_ISL_19542508|2024-06-28,"[0.0, 0.0, 0.0, 0.0, 0.0, 0.0, 0.0, 0.0, 0.0, 0.0, 0.0, 0.0, 0.0, 0.0, 0.0, 0.0, 0.0, 0.0, 0.0, 0.0, 0.0, 0.0, 0.0, 0.0, 0.0, 1.0, 0.0, 0.0, 0.0, 0.0, 0.0]"
NODE_0000249,"[1.7580797469240591e-09, 3.194984693898849e-09, 1.3409539460310245e-09, 3.3260462212541984e-09, 2.7351836622888077e-09, 3.2501750540243322e-09, 3.1803784419232878e-09, 3.0495417657917075e-09, 3.083577023327742e-09, 3.248721974643718e-09, 3.0727502373425694e-09, 3.2249037202448685e-09, 2.7994050387570244e-09, 3.222466043200578e-09, 1.5764610269180185e-09, 2.0172751761443456e-09, 3.1378405681657835e-09, 3.224903720241689e-09, 3.2249037202397045e-09, 2.979185665136956e-09, 7.445520574118458e-10, 3.317376002107197e-09, 1.6526422614014077e-09, 3.049703909276765e-09, 1.3118284042073091e-09, 0.9999999180977904, 2.368818623242939e-09, 3.0433439318671277e-09, 2.8108188532305142e-09, 3.983313131638238e-09, 2.9720748909326425e-09]"
hMpxV/South_Africa/NICD-SVPL_231/2024|EPI_ISL_19542510|2024-06-10,"[0.0, 0.0, 0.0, 0.0, 0.0, 0.0, 0.0, 0.0, 0.0, 0.0, 0.0, 0.0, 0.0, 0.0, 0.0, 0.0, 0.0, 0.0, 0.0, 0.0, 0.0, 0.0, 0.0, 0.0, 0.0, 1.0, 0.0, 0.0, 0.0, 0.0, 0.0]"
hMpxV/South_Africa/NICD-SVPL_164/2024|EPI_ISL_19542512|2024-05-10,"[0.0, 0.0, 0.0, 0.0, 0.0, 0.0, 0.0, 0.0, 0.0, 0.0, 0.0, 0.0, 0.0, 0.0, 0.0, 0.0, 0.0, 0.0, 0.0, 0.0, 0.0, 0.0, 0.0, 0.0, 0.0, 1.0, 0.0, 0.0, 0.0, 0.0, 0.0]"
NODE_0000250,"[1.0443648010393157e-07, 1.6550073568670678e-07, 8.949919117919092e-08, 1.7115916881489358e-07, 1.4683178410596862e-07, 1.6808527461934242e-07, 1.6443868408624476e-07, 1.5739552387270536e-07, 1.5906924708539792e-07, 1.6746151922698765e-07, 1.5862166577373273e-07, 1.6614601703281948e-07, 1.4505511985882828e-07, 1.6722848814104215e-07, 8.663196298917063e-08, 1.214751576054582e-07, 1.7457067234612623e-07, 1.6614601703279518e-07, 1.661460170327829e-07, 1.544808966607366e-07, 6.014179903506749e-08, 1.70965285305339e-07, 9.429408910643262e-08, 1.5740264594491534e-07, 7.407804385559246e-08, 0.9999953519167097, 1.2401519718780194e-07, 1.6305386603058198e-07, 1.4570579834749254e-07, 5.04530422425323e-07, 1.535165200090684e-07]"
hMpxV/South_Africa/NICD-SVPL_193/2024|EPI_ISL_19542511|2024-06-06,"[0.0, 0.0, 0.0, 0.0, 0.0, 0.0, 0.0, 0.0, 0.0, 0.0, 0.0, 0.0, 0.0, 0.0, 0.0, 0.0, 0.0, 0.0, 0.0, 0.0, 0.0, 0.0, 0.0, 0.0, 0.0, 0.9999999999999999, 0.0, 0.0, 0.0, 0.0, 0.0]"
NODE_0000251,"[4.495952754042312e-10, 8.392822877296131e-10, 3.330629129913493e-10, 8.750368322650708e-10, 7.130353289318072e-10, 8.541702097858445e-10, 8.357548092496626e-10, 8.021599150480596e-10, 8.114843832438769e-10, 8.544421822439476e-10, 8.080363144460226e-10, 8.48123610041593e-10, 7.36213767450354e-10, 8.465660975509725e-10, 4.09319174993802e-10, 5.105099963853946e-10, 8.089007222840675e-10, 8.481236100409277e-10, 8.48123610040456e-10, 7.830760985249947e-10, 1.702556565309429e-10, 8.731193976987069e-10, 4.2592361175292064e-10, 8.022034411565142e-10, 3.3805309900923076e-10, 0.9999999789642465, 6.231235269805833e-10, 7.91950233150641e-10, 7.393703690340069e-10, 6.748403187852882e-10, 7.818967396276944e-10]"
hMpxV/South_Africa/NICD-SVPL_189/2024|EPI_ISL_19542513|2024-06-01,"[0.0, 0.0, 0.0, 0.0, 0.0, 0.0, 0.0, 0.0, 0.0, 0.0, 0.0, 0.0, 0.0, 0.0, 0.0, 0.0, 0.0, 0.0, 0.0, 0.0, 0.0, 0.0, 0.0, 0.0, 0.0, 1.0, 0.0, 0.0, 0.0, 0.0, 0.0]"
hMpxV/South_Africa/NICD-SVPL_180/2024|EPI_ISL_19542514|2024-05-31,"[0.0, 0.0, 0.0, 0.0, 0.0, 0.0, 0.0, 0.0, 0.0, 0.0, 0.0, 0.0, 0.0, 0.0, 0.0, 0.0, 0.0, 0.0, 0.0, 0.0, 0.0, 0.0, 0.0, 0.0, 0.0, 1.0, 0.0, 0.0, 0.0, 0.0, 0.0]"
NODE_0000160,"[0.2507912674381316, 2.3630310429548223e-05, 0.03363013581138938, 2.309687866987065e-05, 5.414842624939206e-05, 2.3549642599536558e-05, 2.5089254148946744e-05, 2.3286516664759394e-05, 2.330690633330943e-05, 2.3114212852642937e-05, 2.3214083840424354e-05, 2.3189121992403637e-05, 2.2084981091210975e-05, 2.333176455359697e-05, 3.968371262441926e-05, 0.00011544460880320373, 6.619626491232175e-05, 2.3189121992402722e-05, 2.3189121992402963e-05, 2.1741655063251077e-05, 0.002373030524254963, 2.232340628359819e-05, 0.00015067376098395338, 2.3289789109680773e-05, 4.672495330446176e-05, 4.151935064992972e-05, 1.887110069090648e-05, 4.069248988591392e-05, 2.1696278110871975e-05, 0.7122159985739501, 2.3289938440949583e-05]"
hMpxV/Australia/VIC-VIDRL-7136/2024|EPI_ISL_19459786|2024-01-24,"[0.9999999999999999, 0.0, 0.0, 0.0, 0.0, 0.0, 0.0, 0.0, 0.0, 0.0, 0.0, 0.0, 0.0, 0.0, 0.0, 0.0, 0.0, 0.0, 0.0, 0.0, 0.0, 0.0, 0.0, 0.0, 0.0, 0.0, 0.0, 0.0, 0.0, 0.0, 0.0]"
hMpxV/USA/CA-LACPHL-MA00616/2024|EPI_ISL_18993192|2024-02-12,"[0.0, 0.0, 0.0, 0.0, 0.0, 0.0, 0.0, 0.0, 0.0, 0.0, 0.0, 0.0, 0.0, 0.0, 0.0, 0.0, 0.0, 0.0, 0.0, 0.0, 0.0, 0.0, 0.0, 0.0, 0.0, 0.0, 0.0, 0.0, 0.0, 1.0, 0.0]"
NODE_0000161,"[9.283796725310039e-05, 2.2154812255040444e-08, 0.9998642729619345, 2.1892574400383434e-08, 1.3847121545759182e-07, 2.209794283517063e-08, 2.662836660897164e-08, 3.581511053688792e-08, 4.245753392100037e-08, 2.2128149859335018e-08, 2.6029271887189146e-08, 2.2068789081368896e-08, 3.698899334843954e-08, 2.227996631950532e-08, 3.773966809362357e-08, 8.165487136814187e-08, 4.527342240681907e-08, 2.2068789081348167e-08, 2.206878908135336e-08, 2.0162981435189025e-08, 3.0888358444101456e-06, 2.336547236531751e-08, 2.733601638233804e-06, 3.584473055132567e-08, 2.2284951031635837e-06, 2.6656362862155573e-08, 3.1536731262389244e-08, 2.6917435904211534e-08, 2.89852957439299e-08, 3.395417429345277e-05, 4.2676656539361386e-08]"
NODE_0000242,"[8.031614935319737e-08, 1.642134842597382e-08, 0.9999983025575125, 1.657628680506316e-08, 1.1184010553589125e-07, 1.6504822260304012e-08, 2.007085497249213e-08, 1.6225342159703653e-08, 1.629105717936612e-08, 1.649467815292607e-08, 1.62161375720036e-08, 1.6459465540461973e-08, 1.5405650157060224e-08, 1.641638773771879e-08, 1.0675494663490136e-08, 3.929030257547977e-08, 1.6124347201298628e-08, 1.645946554045653e-08, 1.6459465540458148e-08, 1.555674969098577e-08, 3.725109047471328e-07, 1.6210270349131365e-08, 3.647327000319591e-07, 1.62267499654697e-08, 2.0951145933920578e-08, 1.5932427181160985e-08, 1.3477276182419112e-08, 1.6089326450452125e-08, 1.5269468743613076e-08, 3.4013530566457495e-07, 1.6102801335653747e-08]"
hMpxV/Brazil/SC-FIOCRUZ-10557/2024|EPI_ISL_19416193|2024-04-17,"[0.0, 0.0, 1.0, 0.0, 0.0, 0.0, 0.0, 0.0, 0.0, 0.0, 0.0, 0.0, 0.0, 0.0, 0.0, 0.0, 0.0, 0.0, 0.0, 0.0, 0.0, 0.0, 0.0, 0.0, 0.0, 0.0, 0.0, 0.0, 0.0, 0.0, 0.0]"
NODE_0000243,"[2.7469164090730816e-14, 3.858257790166963e-15, 0.9999999999966926, 3.84595138679069e-15, 1.04416530779214e-13, 3.863953366312053e-15, 5.484093404703271e-15, 3.944334264503287e-15, 3.938048695137e-15, 3.850393419554735e-15, 3.9118514856959445e-15, 3.889951581275678e-15, 3.668291787982147e-15, 3.7397069090553824e-15, 2.185994994386531e-15, 1.9190970263437417e-14, 3.6496938899162676e-15, 3.8899515812626915e-15, 3.8899515812653894e-15, 3.484368069694953e-15, 1.582869453466474e-12, 3.58183743484971e-15, 9.46058670344776e-13, 3.945294045830341e-15, 5.1916384953738266e-15, 3.785549065122682e-15, 2.849374953994423e-15, 3.8755111530694376e-15, 3.5464128814247256e-15, 5.354077420793894e-13, 3.959521299015016e-15]"
hMpxV/Brazil/SC-FIOCRUZ-10556/2024|EPI_ISL_19416192|2024-04-15,"[0.0, 0.0, 1.0, 0.0, 0.0, 0.0, 0.0, 0.0, 0.0, 0.0, 0.0, 0.0, 0.0, 0.0, 0.0, 0.0, 0.0, 0.0, 0.0, 0.0, 0.0, 0.0, 0.0, 0.0, 0.0, 0.0, 0.0, 0.0, 0.0, 0.0, 0.0]"
hMpxV/Brazil/SC-FIOCRUZ-10558/2024|EPI_ISL_19416194|2024-04-22,"[0.0, 0.0, 1.0, 0.0, 0.0, 0.0, 0.0, 0.0, 0.0, 0.0, 0.0, 0.0, 0.0, 0.0, 0.0, 0.0, 0.0, 0.0, 0.0, 0.0, 0.0, 0.0, 0.0, 0.0, 0.0, 0.0, 0.0, 0.0, 0.0, 0.0, 0.0]"
hMpxV/Brazil/SC-FIOCRUZ-10559/2024|EPI_ISL_19416195|2024-05-16,"[0.0, 0.0, 1.0, 0.0, 0.0, 0.0, 0.0, 0.0, 0.0, 0.0, 0.0, 0.0, 0.0, 0.0, 0.0, 0.0, 0.0, 0.0, 0.0, 0.0, 0.0, 0.0, 0.0, 0.0, 0.0, 0.0, 0.0, 0.0, 0.0, 0.0, 0.0]"
hMpxV/Brazil/SC-FIOCRUZ-10560/2024|EPI_ISL_19416196|2024-05-17,"[0.0, 0.0, 1.0, 0.0, 0.0, 0.0, 0.0, 0.0, 0.0, 0.0, 0.0, 0.0, 0.0, 0.0, 0.0, 0.0, 0.0, 0.0, 0.0, 0.0, 0.0, 0.0, 0.0, 0.0, 0.0, 0.0, 0.0, 0.0, 0.0, 0.0, 0.0]"
NODE_0000206,"[4.091304551564361e-07, 1.3412895679683973e-07, 0.999989048756733, 1.347313853058223e-07, 7.598720620784368e-07, 1.3456094230809348e-07, 1.5924316734510424e-07, 1.3092242170936572e-07, 1.315876469508752e-07, 1.346712858317422e-07, 1.3095799215942023e-07, 1.3338718270608312e-07, 1.2470933487220314e-07, 1.364612323054942e-07, 8.912591879581435e-08, 2.9560138431587136e-07, 1.3502891742453027e-07, 1.3338718270601184e-07, 1.3338718270603537e-07, 1.2807182108068142e-07, 2.0377655231505467e-06, 1.3280625966185295e-07, 2.1084001505303687e-06, 1.3092900731660585e-07, 1.7357935572636997e-07, 1.2955146745191296e-07, 1.1114392960707398e-07, 1.304769566628801e-07, 1.2402015398516819e-07, 2.1739025411332085e-06, 1.297014492646193e-07]"
hMpxV/Brazil/RJ-FIOCRUZ-10510/2024|EPI_ISL_19416160|2024-06-11,"[0.0, 0.0, 1.0, 0.0, 0.0, 0.0, 0.0, 0.0, 0.0, 0.0, 0.0, 0.0, 0.0, 0.0, 0.0, 0.0, 0.0, 0.0, 0.0, 0.0, 0.0, 0.0, 0.0, 0.0, 0.0, 0.0, 0.0, 0.0, 0.0, 0.0, 0.0]"
NODE_0000207,"[2.108914515185637e-13, 3.193430819179813e-14, 0.9999993345566159, 1.6269010841158295e-14, 3.532613342207638e-12, 2.161166899665845e-14, 3.6691277083218164e-14, 1.721395893746855e-14, 1.713073807264884e-14, 1.649451945232687e-14, 1.6975936988362733e-14, 1.6652689296197412e-14, 1.5866493786126694e-14, 2.3893190531117296e-14, 1.3389620661008245e-14, 7.448664595808487e-13, 1.6828291111644304e-14, 1.66526892961877e-14, 1.6652689296193133e-14, 2.164398594875401e-14, 6.653853723274505e-07, 1.4729233291566452e-14, 1.48139422411423e-11, 1.7219431074727774e-14, 3.1682932140638545e-14, 1.6413403864822817e-14, 1.1694196187963649e-14, 1.6922801332594962e-14, 1.5098794880136848e-14, 3.825239145964552e-11, 1.741680073216474e-14]"
hMpxV/Peru/LIM-INS-549/2024|EPI_ISL_19449525|2024-07-31,"[0.0, 0.0, 0.0, 0.0, 0.0, 0.0, 0.0, 0.0, 0.0, 0.0, 0.0, 0.0, 0.0, 0.0, 0.0, 0.0, 0.0, 0.0, 0.0, 0.0, 1.0, 0.0, 0.0, 0.0, 0.0, 0.0, 0.0, 0.0, 0.0, 0.0, 0.0]"
hMpxV/Brazil/RJ-UG_UFRJ_0567/2024|EPI_ISL_19434508|2024-09-02,"[0.0, 0.0, 1.0, 0.0, 0.0, 0.0, 0.0, 0.0, 0.0, 0.0, 0.0, 0.0, 0.0, 0.0, 0.0, 0.0, 0.0, 0.0, 0.0, 0.0, 0.0, 0.0, 0.0, 0.0, 0.0, 0.0, 0.0, 0.0, 0.0, 0.0, 0.0]"
hMpxV/Brazil/RJ-FIOCRUZ-10535/2024|EPI_ISL_19416177|2024-08-20,"[0.0, 0.0, 0.9999999999999999, 0.0, 0.0, 0.0, 0.0, 0.0, 0.0, 0.0, 0.0, 0.0, 0.0, 0.0, 0.0, 0.0, 0.0, 0.0, 0.0, 0.0, 0.0, 0.0, 0.0, 0.0, 0.0, 0.0, 0.0, 0.0, 0.0, 0.0, 0.0]"
hMpxV/Brazil/RJ-FIOCRUZ-10537/2024|EPI_ISL_19416179|2024-08-26,"[0.0, 0.0, 1.0, 0.0, 0.0, 0.0, 0.0, 0.0, 0.0, 0.0, 0.0, 0.0, 0.0, 0.0, 0.0, 0.0, 0.0, 0.0, 0.0, 0.0, 0.0, 0.0, 0.0, 0.0, 0.0, 0.0, 0.0, 0.0, 0.0, 0.0, 0.0]"
hMpxV/Brazil/RJ-FIOCRUZ-10544/2024|EPI_ISL_19416183|2024-08-31,"[0.0, 0.0, 1.0, 0.0, 0.0, 0.0, 0.0, 0.0, 0.0, 0.0, 0.0, 0.0, 0.0, 0.0, 0.0, 0.0, 0.0, 0.0, 0.0, 0.0, 0.0, 0.0, 0.0, 0.0, 0.0, 0.0, 0.0, 0.0, 0.0, 0.0, 0.0]"
hMpxV/Brazil/RJ-FIOCRUZ-10566/2024|EPI_ISL_19416202|2024-09-04,"[0.0, 0.0, 0.9999999999999999, 0.0, 0.0, 0.0, 0.0, 0.0, 0.0, 0.0, 0.0, 0.0, 0.0, 0.0, 0.0, 0.0, 0.0, 0.0, 0.0, 0.0, 0.0, 0.0, 0.0, 0.0, 0.0, 0.0, 0.0, 0.0, 0.0, 0.0, 0.0]"
NODE_0000208,"[2.8734183829818884e-11, 8.658837271342315e-15, 0.9999999998092869, 8.280969123844447e-15, 3.4518071591398644e-13, 8.548649915687836e-15, 1.2200216524735134e-14, 9.867416478319879e-15, 1.042169249946349e-14, 8.55507771337816e-15, 8.888667916252332e-15, 8.436040812794132e-15, 9.37782940052387e-15, 8.876883169307921e-15, 6.8968368903548155e-15, 6.735526627573249e-14, 1.1267371714738066e-14, 8.436040812782672e-15, 8.43604081278605e-15, 7.672449249347302e-15, 3.680246312437534e-11, 7.786764240107334e-15, 1.3683487743628769e-11, 9.87210554348409e-15, 2.7494160380908857e-13, 8.953134189480016e-15, 6.9831663952554246e-15, 9.168187913455006e-15, 8.341111161613838e-15, 1.1059875926234195e-10, 1.0585258882515867e-14]"
hMpxV/Brazil/RJ-UG_UFRJ_0564/2024|EPI_ISL_19434506|2024-06-26,"[0.0, 0.0, 0.9999999999999999, 0.0, 0.0, 0.0, 0.0, 0.0, 0.0, 0.0, 0.0, 0.0, 0.0, 0.0, 0.0, 0.0, 0.0, 0.0, 0.0, 0.0, 0.0, 0.0, 0.0, 0.0, 0.0, 0.0, 0.0, 0.0, 0.0, 0.0, 0.0]"
hMpxV/Brazil/RJ-UG_UFRJ_0571/2024|EPI_ISL_19434509|2024-08-16,"[0.0, 0.0, 1.0, 0.0, 0.0, 0.0, 0.0, 0.0, 0.0, 0.0, 0.0, 0.0, 0.0, 0.0, 0.0, 0.0, 0.0, 0.0, 0.0, 0.0, 0.0, 0.0, 0.0, 0.0, 0.0, 0.0, 0.0, 0.0, 0.0, 0.0, 0.0]"
hMpxV/Brazil/RJ-FIOCRUZ-10511/2024|EPI_ISL_19416161|2024-06-14,"[0.0, 0.0, 1.0, 0.0, 0.0, 0.0, 0.0, 0.0, 0.0, 0.0, 0.0, 0.0, 0.0, 0.0, 0.0, 0.0, 0.0, 0.0, 0.0, 0.0, 0.0, 0.0, 0.0, 0.0, 0.0, 0.0, 0.0, 0.0, 0.0, 0.0, 0.0]"
NODE_0000239,"[8.377830502811385e-10, 2.0658612473427437e-10, 0.9999999628803065, 2.0573872477292275e-10, 2.152091486741456e-09, 2.0668782875308632e-10, 2.6113579852829183e-10, 2.040441347062958e-10, 2.0461092805530809e-10, 2.0670381071422851e-10, 2.0336023615681637e-10, 2.053150220104989e-10, 1.926260523389946e-10, 2.0859870612438532e-10, 1.2964445904904281e-10, 6.336256765824981e-10, 2.0657221607884844e-10, 2.0531502200989337e-10, 2.0531502201000594e-10, 1.9324157586723172e-10, 1.121644880731792e-08, 1.98583692402268e-10, 9.298092366449807e-09, 2.0406725160682683e-10, 2.8132108703902026e-10, 2.002948048881845e-10, 1.6303558931026058e-10, 2.0287309717771804e-10, 1.8943676471383853e-10, 8.093381349066049e-09, 2.0316286316469712e-10]"
hMpxV/Brazil/RJ-FIOCRUZ-10513/2024|EPI_ISL_19416163|2024-06-20,"[0.0, 0.0, 0.9999999999999999, 0.0, 0.0, 0.0, 0.0, 0.0, 0.0, 0.0, 0.0, 0.0, 0.0, 0.0, 0.0, 0.0, 0.0, 0.0, 0.0, 0.0, 0.0, 0.0, 0.0, 0.0, 0.0, 0.0, 0.0, 0.0, 0.0, 0.0, 0.0]"
hMpxV/Brazil/RJ-FIOCRUZ-10523/2024|EPI_ISL_19416168|2024-08-08,"[0.0, 0.0, 1.0, 0.0, 0.0, 0.0, 0.0, 0.0, 0.0, 0.0, 0.0, 0.0, 0.0, 0.0, 0.0, 0.0, 0.0, 0.0, 0.0, 0.0, 0.0, 0.0, 0.0, 0.0, 0.0, 0.0, 0.0, 0.0, 0.0, 0.0, 0.0]"
NODE_0000240,"[1.376876164724173e-07, 4.443846472771902e-08, 0.9999957952217884, 4.476236876143181e-08, 2.8805048105337836e-07, 4.4625531186732355e-08, 5.383161811213402e-08, 4.3703534881170244e-08, 4.388784162327126e-08, 4.462562457464218e-08, 4.369817890127629e-08, 4.440664001143578e-08, 4.153307873073865e-08, 4.4718520980718534e-08, 2.9002668086529245e-08, 1.0406918572791518e-07, 4.399918329981707e-08, 4.440664001141662e-08, 4.440664001142231e-08, 4.220358753737581e-08, 9.00665341780715e-07, 4.387802712405288e-08, 8.964667880878677e-07, 4.370675834136996e-08, 5.6316056922179266e-08, 4.302355959296871e-08, 3.653651206062144e-08, 4.3410223150091344e-08, 4.1212726645711425e-08, 8.281619853451301e-07, 4.334282787675906e-08]"
hMpxV/Brazil/SP-IAL-357942002/2024|EPI_ISL_19446307|2024-09-12,"[0.0, 0.0, 1.0, 0.0, 0.0, 0.0, 0.0, 0.0, 0.0, 0.0, 0.0, 0.0, 0.0, 0.0, 0.0, 0.0, 0.0, 0.0, 0.0, 0.0, 0.0, 0.0, 0.0, 0.0, 0.0, 0.0, 0.0, 0.0, 0.0, 0.0, 0.0]"
NODE_0000241,"[5.449371638064466e-09, 1.5659919928273874e-09, 0.9999998053505702, 1.582456038487287e-09, 1.243875621308941e-08, 1.574782758361525e-09, 1.9492950368778607e-09, 1.5559424192166005e-09, 1.5609940756525407e-09, 1.572690235232125e-09, 1.554379688275126e-09, 1.5743509543137073e-09, 1.4741044560329157e-09, 1.553549324229534e-09, 9.988822786094405e-10, 4.0261425838987655e-09, 1.5193720525842743e-09, 1.5743509543126967e-09, 1.5743509543129833e-09, 1.4760462188970516e-09, 5.109373590152225e-08, 1.5394947236196687e-09, 4.6605226935251136e-08, 1.5561075878151024e-09, 1.939192629724456e-09, 1.521827200528811e-09, 1.2739386689374407e-09, 1.5393488259628497e-09, 1.4578536821374458e-09, 3.800112852462279e-08, 1.5457653177428427e-09]"
hMpxV/Brazil/RJ-UG_UFRJ_0563/2024|EPI_ISL_19434510|2024-08-21,"[0.0, 0.0, 1.0, 0.0, 0.0, 0.0, 0.0, 0.0, 0.0, 0.0, 0.0, 0.0, 0.0, 0.0, 0.0, 0.0, 0.0, 0.0, 0.0, 0.0, 0.0, 0.0, 0.0, 0.0, 0.0, 0.0, 0.0, 0.0, 0.0, 0.0, 0.0]"
hMpxV/Brazil/BA-LACEN-293858477/2024|EPI_ISL_19361754|2024-08-12,"[0.0, 0.0, 1.0, 0.0, 0.0, 0.0, 0.0, 0.0, 0.0, 0.0, 0.0, 0.0, 0.0, 0.0, 0.0, 0.0, 0.0, 0.0, 0.0, 0.0, 0.0, 0.0, 0.0, 0.0, 0.0, 0.0, 0.0, 0.0, 0.0, 0.0, 0.0]"
NODE_0000209,"[5.272436861499904e-47, 2.3886561879365447e-50, 0.9999999999999999, 2.0916036604225374e-50, 1.480993442310656e-44, 2.29657799049908e-50, 9.703125340613564e-50, 3.011310752093356e-50, 2.89380863425184e-50, 2.2560277676094685e-50, 2.813323577091241e-50, 2.4150161226306297e-50, 2.4132947345448012e-50, 1.992615507429846e-50, 5.279284402696836e-51, 2.6891973901713615e-47, 1.9511009843517618e-50, 2.41501612262026e-50, 2.4150161226224598e-50, 1.531547075743581e-50, 1.3463996182113216e-38, 1.3737074741155818e-50, 2.08151174742333e-40, 3.0152737632601337e-50, 7.147317485344489e-50, 2.511994331714367e-50, 7.95935056786319e-51, 2.8284051920127023e-50, 1.9407146389760188e-50, 6.954780639168429e-42, 3.2874198842947255e-50]"
hMpxV/Brazil/RJ-UG_UFRJ_0555/2024|EPI_ISL_19434499|2024-08-26,"[0.0, 0.0, 1.0, 0.0, 0.0, 0.0, 0.0, 0.0, 0.0, 0.0, 0.0, 0.0, 0.0, 0.0, 0.0, 0.0, 0.0, 0.0, 0.0, 0.0, 0.0, 0.0, 0.0, 0.0, 0.0, 0.0, 0.0, 0.0, 0.0, 0.0, 0.0]"
hMpxV/Brazil/RJ-UG_UFRJ_0557/2024|EPI_ISL_19434501|2024-08-22,"[0.0, 0.0, 1.0, 0.0, 0.0, 0.0, 0.0, 0.0, 0.0, 0.0, 0.0, 0.0, 0.0, 0.0, 0.0, 0.0, 0.0, 0.0, 0.0, 0.0, 0.0, 0.0, 0.0, 0.0, 0.0, 0.0, 0.0, 0.0, 0.0, 0.0, 0.0]"
hMpxV/Brazil/RJ-UG_UFRJ_0561/2024|EPI_ISL_19434511|2024-07-30,"[0.0, 0.0, 1.0, 0.0, 0.0, 0.0, 0.0, 0.0, 0.0, 0.0, 0.0, 0.0, 0.0, 0.0, 0.0, 0.0, 0.0, 0.0, 0.0, 0.0, 0.0, 0.0, 0.0, 0.0, 0.0, 0.0, 0.0, 0.0, 0.0, 0.0, 0.0]"
hMpxV/Brazil/RJ-UG_UFRJ_0556/2024|EPI_ISL_19434505|2024-08-29,"[0.0, 0.0, 0.9999999999999999, 0.0, 0.0, 0.0, 0.0, 0.0, 0.0, 0.0, 0.0, 0.0, 0.0, 0.0, 0.0, 0.0, 0.0, 0.0, 0.0, 0.0, 0.0, 0.0, 0.0, 0.0, 0.0, 0.0, 0.0, 0.0, 0.0, 0.0, 0.0]"
hMpxV/Brazil/RJ-UG_UFRJ_0566/2024|EPI_ISL_19434507|2024-08-27,"[0.0, 0.0, 1.0, 0.0, 0.0, 0.0, 0.0, 0.0, 0.0, 0.0, 0.0, 0.0, 0.0, 0.0, 0.0, 0.0, 0.0, 0.0, 0.0, 0.0, 0.0, 0.0, 0.0, 0.0, 0.0, 0.0, 0.0, 0.0, 0.0, 0.0, 0.0]"
hMpxV/Brazil/RJ-UG_UFRJ_0570/2024|EPI_ISL_19434514|2024-09-02,"[0.0, 0.0, 0.9999999999999999, 0.0, 0.0, 0.0, 0.0, 0.0, 0.0, 0.0, 0.0, 0.0, 0.0, 0.0, 0.0, 0.0, 0.0, 0.0, 0.0, 0.0, 0.0, 0.0, 0.0, 0.0, 0.0, 0.0, 0.0, 0.0, 0.0, 0.0, 0.0]"
hMpxV/Brazil/RJ-FIOCRUZ-10517/2024|EPI_ISL_19416164|2024-07-23,"[0.0, 0.0, 0.9999999999999999, 0.0, 0.0, 0.0, 0.0, 0.0, 0.0, 0.0, 0.0, 0.0, 0.0, 0.0, 0.0, 0.0, 0.0, 0.0, 0.0, 0.0, 0.0, 0.0, 0.0, 0.0, 0.0, 0.0, 0.0, 0.0, 0.0, 0.0, 0.0]"
hMpxV/Brazil/RJ-FIOCRUZ-10522/2024|EPI_ISL_19416167|2024-08-08,"[0.0, 0.0, 1.0, 0.0, 0.0, 0.0, 0.0, 0.0, 0.0, 0.0, 0.0, 0.0, 0.0, 0.0, 0.0, 0.0, 0.0, 0.0, 0.0, 0.0, 0.0, 0.0, 0.0, 0.0, 0.0, 0.0, 0.0, 0.0, 0.0, 0.0, 0.0]"
hMpxV/Brazil/RJ-FIOCRUZ-10524/2024|EPI_ISL_19416169|2024-08-10,"[0.0, 0.0, 1.0, 0.0, 0.0, 0.0, 0.0, 0.0, 0.0, 0.0, 0.0, 0.0, 0.0, 0.0, 0.0, 0.0, 0.0, 0.0, 0.0, 0.0, 0.0, 0.0, 0.0, 0.0, 0.0, 0.0, 0.0, 0.0, 0.0, 0.0, 0.0]"
hMpxV/Brazil/RJ-FIOCRUZ-10526/2024|EPI_ISL_19416171|2024-08-15,"[0.0, 0.0, 1.0, 0.0, 0.0, 0.0, 0.0, 0.0, 0.0, 0.0, 0.0, 0.0, 0.0, 0.0, 0.0, 0.0, 0.0, 0.0, 0.0, 0.0, 0.0, 0.0, 0.0, 0.0, 0.0, 0.0, 0.0, 0.0, 0.0, 0.0, 0.0]"
hMpxV/Brazil/RJ-FIOCRUZ-10528/2024|EPI_ISL_19416173|2024-08-19,"[0.0, 0.0, 1.0, 0.0, 0.0, 0.0, 0.0, 0.0, 0.0, 0.0, 0.0, 0.0, 0.0, 0.0, 0.0, 0.0, 0.0, 0.0, 0.0, 0.0, 0.0, 0.0, 0.0, 0.0, 0.0, 0.0, 0.0, 0.0, 0.0, 0.0, 0.0]"
hMpxV/Brazil/RJ-FIOCRUZ-10529/2024|EPI_ISL_19416174|2024-08-19,"[0.0, 0.0, 1.0, 0.0, 0.0, 0.0, 0.0, 0.0, 0.0, 0.0, 0.0, 0.0, 0.0, 0.0, 0.0, 0.0, 0.0, 0.0, 0.0, 0.0, 0.0, 0.0, 0.0, 0.0, 0.0, 0.0, 0.0, 0.0, 0.0, 0.0, 0.0]"
hMpxV/Brazil/RJ-FIOCRUZ-10536/2024|EPI_ISL_19416178|2024-08-23,"[0.0, 0.0, 1.0, 0.0, 0.0, 0.0, 0.0, 0.0, 0.0, 0.0, 0.0, 0.0, 0.0, 0.0, 0.0, 0.0, 0.0, 0.0, 0.0, 0.0, 0.0, 0.0, 0.0, 0.0, 0.0, 0.0, 0.0, 0.0, 0.0, 0.0, 0.0]"
hMpxV/Brazil/RJ-FIOCRUZ-10534/2024|EPI_ISL_19416176|2024-08-20,"[0.0, 0.0, 1.0, 0.0, 0.0, 0.0, 0.0, 0.0, 0.0, 0.0, 0.0, 0.0, 0.0, 0.0, 0.0, 0.0, 0.0, 0.0, 0.0, 0.0, 0.0, 0.0, 0.0, 0.0, 0.0, 0.0, 0.0, 0.0, 0.0, 0.0, 0.0]"
hMpxV/Brazil/RJ-FIOCRUZ-10541/2024|EPI_ISL_19416181|2024-08-29,"[0.0, 0.0, 0.9999999999999999, 0.0, 0.0, 0.0, 0.0, 0.0, 0.0, 0.0, 0.0, 0.0, 0.0, 0.0, 0.0, 0.0, 0.0, 0.0, 0.0, 0.0, 0.0, 0.0, 0.0, 0.0, 0.0, 0.0, 0.0, 0.0, 0.0, 0.0, 0.0]"
hMpxV/Brazil/RJ-FIOCRUZ-10542/2024|EPI_ISL_19416182|2024-08-31,"[0.0, 0.0, 1.0, 0.0, 0.0, 0.0, 0.0, 0.0, 0.0, 0.0, 0.0, 0.0, 0.0, 0.0, 0.0, 0.0, 0.0, 0.0, 0.0, 0.0, 0.0, 0.0, 0.0, 0.0, 0.0, 0.0, 0.0, 0.0, 0.0, 0.0, 0.0]"
NODE_0000211,"[1.398315530919219e-09, 4.2530263878542495e-10, 0.9999999549550476, 4.3004954122845895e-10, 3.0360289648941727e-09, 4.27779178418408e-10, 5.239912329357993e-10, 4.215344748643422e-10, 4.2306077181113005e-10, 4.273028250573893e-10, 4.2132366266869855e-10, 4.2732537106652213e-10, 3.999094370994606e-10, 4.229734583080037e-10, 2.7371944264978763e-10, 1.037661370272861e-09, 4.139304658853853e-10, 4.2732537106518334e-10, 4.273253710654388e-10, 4.0215280634772494e-10, 1.054716814857415e-08, 4.1971782760814964e-10, 1.0239530303066994e-08, 4.215745594877749e-10, 5.246977068595487e-10, 4.129750672788558e-10, 3.482963218458397e-10, 4.173406159623114e-10, 3.9614325929709664e-10, 8.732041308577064e-09, 4.1845531685869173e-10]"
hMpxV/Brazil/RJ-UG_UFRJ_0562/2024|EPI_ISL_19434502|2024-08-26,"[0.0, 0.0, 1.0, 0.0, 0.0, 0.0, 0.0, 0.0, 0.0, 0.0, 0.0, 0.0, 0.0, 0.0, 0.0, 0.0, 0.0, 0.0, 0.0, 0.0, 0.0, 0.0, 0.0, 0.0, 0.0, 0.0, 0.0, 0.0, 0.0, 0.0, 0.0]"
hMpxV/Brazil/SC-FIOCRUZ-10562/2024|EPI_ISL_19416198|2024-08-20,"[0.0, 0.0, 0.9999999999999999, 0.0, 0.0, 0.0, 0.0, 0.0, 0.0, 0.0, 0.0, 0.0, 0.0, 0.0, 0.0, 0.0, 0.0, 0.0, 0.0, 0.0, 0.0, 0.0, 0.0, 0.0, 0.0, 0.0, 0.0, 0.0, 0.0, 0.0, 0.0]"
NODE_0000212,"[1.606512651303864e-08, 5.1850692759505785e-09, 0.9999995108510721, 5.224230417531084e-09, 3.3574955433427557e-08, 5.207522920557709e-09, 6.283121560774245e-09, 5.100906481045956e-09, 5.12240096192638e-09, 5.20719989319324e-09, 5.100275811993677e-09, 5.182805912820305e-09, 4.8475372477578595e-09, 5.214962575971724e-09, 3.3832292024479098e-09, 1.2133659871497175e-08, 5.129866530994029e-09, 5.182805912805007e-09, 5.1828059128078844e-09, 4.924024059916557e-09, 1.0442526246785054e-07, 5.120773652294839e-09, 1.0421997564324281e-07, 5.10128542895871e-09, 6.5586769587881825e-09, 5.020709675403068e-09, 4.264004908591803e-09, 5.0659990053908256e-09, 4.81011327444116e-09, 9.625074013097207e-08, 5.058880399234537e-09]"
hMpxV/Brazil/RJ-UG_UFRJ_0559/2024|EPI_ISL_19434503|2024-08-26,"[0.0, 0.0, 1.0, 0.0, 0.0, 0.0, 0.0, 0.0, 0.0, 0.0, 0.0, 0.0, 0.0, 0.0, 0.0, 0.0, 0.0, 0.0, 0.0, 0.0, 0.0, 0.0, 0.0, 0.0, 0.0, 0.0, 0.0, 0.0, 0.0, 0.0, 0.0]"
hMpxV/Brazil/SP-IAL-357991445/2024|EPI_ISL_19524879|2024-10-15,"[0.0, 0.0, 0.9999999999999999, 0.0, 0.0, 0.0, 0.0, 0.0, 0.0, 0.0, 0.0, 0.0, 0.0, 0.0, 0.0, 0.0, 0.0, 0.0, 0.0, 0.0, 0.0, 0.0, 0.0, 0.0, 0.0, 0.0, 0.0, 0.0, 0.0, 0.0, 0.0]"
NODE_0000213,"[5.276671251598519e-09, 1.5919335230874906e-09, 0.9999998286150553, 1.6104761275104855e-09, 1.1516904120161148e-08, 1.6015208297671543e-09, 1.9657772520686093e-09, 1.5794263259139509e-09, 1.5850158500346257e-09, 1.5995116771108463e-09, 1.5785563689026557e-09, 1.6006261088316057e-09, 1.4980476723719065e-09, 1.5808076037633418e-09, 1.0226255119876772e-09, 3.906349457314802e-09, 1.5459252805727915e-09, 1.600626108830385e-09, 1.6006261088307435e-09, 1.5043954199635562e-09, 4.062084924250024e-08, 1.5708570200990233e-09, 3.928704476274448e-08, 1.5795810029364305e-09, 1.9574129860481132e-09, 1.5463730773369466e-09, 1.3029342434112867e-09, 1.5630470533786802e-09, 1.4835927051837085e-09, 3.3139340008819154e-08, 1.5680899470838896e-09]"
hMpxV/Brazil/RJ-UG_UFRJ_0565/2024|EPI_ISL_19434512|2024-08-15,"[0.0, 0.0, 1.0, 0.0, 0.0, 0.0, 0.0, 0.0, 0.0, 0.0, 0.0, 0.0, 0.0, 0.0, 0.0, 0.0, 0.0, 0.0, 0.0, 0.0, 0.0, 0.0, 0.0, 0.0, 0.0, 0.0, 0.0, 0.0, 0.0, 0.0, 0.0]"
hMpxV/Brazil/RJ-FIOCRUZ-10532/2024|EPI_ISL_19416175|2024-08-17,"[0.0, 0.0, 1.0, 0.0, 0.0, 0.0, 0.0, 0.0, 0.0, 0.0, 0.0, 0.0, 0.0, 0.0, 0.0, 0.0, 0.0, 0.0, 0.0, 0.0, 0.0, 0.0, 0.0, 0.0, 0.0, 0.0, 0.0, 0.0, 0.0, 0.0, 0.0]"
NODE_0000210,"[6.797309781585899e-16, 9.321811945624146e-17, 0.999999999999913, 9.315947745186643e-17, 2.6565808527669964e-15, 9.34566986849946e-17, 1.3382057181574098e-16, 9.57585688491736e-17, 9.557285104930214e-17, 9.306220697279196e-17, 9.495108951478854e-17, 9.431333855671017e-17, 8.897079508394507e-17, 8.968675397841783e-17, 5.238892789299238e-17, 4.73627916366775e-16, 8.722840714507784e-17, 9.431333855611626e-17, 9.431333855630793e-17, 8.397403422297791e-17, 4.233447414824573e-14, 8.654481853838947e-17, 2.506957461249278e-14, 9.578308596029374e-17, 1.231681808000208e-16, 9.163134971261326e-17, 6.871713408481242e-17, 9.389557486756653e-17, 8.593255893380181e-17, 1.3524079197256018e-14, 9.617998035211887e-17]"
hMpxV/Brazil/RJ-UG_UFRJ_0550/2024|EPI_ISL_19434494|2024-07-22,"[0.0, 0.0, 1.0, 0.0, 0.0, 0.0, 0.0, 0.0, 0.0, 0.0, 0.0, 0.0, 0.0, 0.0, 0.0, 0.0, 0.0, 0.0, 0.0, 0.0, 0.0, 0.0, 0.0, 0.0, 0.0, 0.0, 0.0, 0.0, 0.0, 0.0, 0.0]"
hMpxV/Brazil/RJ-FIOCRUZ-10521/2024|EPI_ISL_19416166|2024-08-07,"[0.0, 0.0, 0.9999999999999999, 0.0, 0.0, 0.0, 0.0, 0.0, 0.0, 0.0, 0.0, 0.0, 0.0, 0.0, 0.0, 0.0, 0.0, 0.0, 0.0, 0.0, 0.0, 0.0, 0.0, 0.0, 0.0, 0.0, 0.0, 0.0, 0.0, 0.0, 0.0]"
hMpxV/Brazil/RJ-FIOCRUZ-10520/2024|EPI_ISL_19416165|2024-08-05,"[0.0, 0.0, 1.0, 0.0, 0.0, 0.0, 0.0, 0.0, 0.0, 0.0, 0.0, 0.0, 0.0, 0.0, 0.0, 0.0, 0.0, 0.0, 0.0, 0.0, 0.0, 0.0, 0.0, 0.0, 0.0, 0.0, 0.0, 0.0, 0.0, 0.0, 0.0]"
hMpxV/Brazil/PR-FIOCRUZ-10551/2024|EPI_ISL_19416188|2024-08-05,"[0.0, 0.0, 1.0, 0.0, 0.0, 0.0, 0.0, 0.0, 0.0, 0.0, 0.0, 0.0, 0.0, 0.0, 0.0, 0.0, 0.0, 0.0, 0.0, 0.0, 0.0, 0.0, 0.0, 0.0, 0.0, 0.0, 0.0, 0.0, 0.0, 0.0, 0.0]"
NODE_0000214,"[4.529251159619252e-11, 1.1043016559741166e-11, 0.9999999979668467, 1.1024351738846952e-11, 1.1678059251044513e-10, 1.1061548379029442e-11, 1.4023397114459322e-11, 1.0944323869276675e-11, 1.0974195178836163e-11, 1.1054392868953029e-11, 1.0906204363161569e-11, 1.100537923018123e-11, 1.0329370163565746e-11, 1.1089541921307048e-11, 6.907216582636595e-12, 3.397198920313981e-11, 1.0958087192755198e-11, 1.1005379230140409e-11, 1.1005379230148773e-11, 1.0319430494181982e-11, 6.242561239738965e-10, 1.0631826835623499e-11, 5.130909714501992e-10, 1.0945642971462284e-11, 1.4775397510416678e-11, 1.07241503635574e-11, 8.727197339240013e-12, 1.0867100736293941e-11, 1.0155000971528723e-11, 4.3838343461719833e-10, 1.090019413776071e-11]"
hMpxV/Brazil/SP-IAL-357711946/2024|EPI_ISL_19359688|2024-04-29,"[0.0, 0.0, 1.0, 0.0, 0.0, 0.0, 0.0, 0.0, 0.0, 0.0, 0.0, 0.0, 0.0, 0.0, 0.0, 0.0, 0.0, 0.0, 0.0, 0.0, 0.0, 0.0, 0.0, 0.0, 0.0, 0.0, 0.0, 0.0, 0.0, 0.0, 0.0]"
NODE_0000229,"[7.059521850403713e-07, 2.484077334779236e-07, 0.9999801665279523, 2.4984232837638507e-07, 1.3848806161031045e-06, 2.493730975167522e-07, 2.9479744040086485e-07, 2.4269661713791807e-07, 2.4394848678512905e-07, 2.494931006098477e-07, 2.4277785969410805e-07, 2.473103695656663e-07, 2.3123844004427322e-07, 2.522531993866438e-07, 1.650524493647969e-07, 5.418452410488428e-07, 2.4936889499323806e-07, 2.4731036956561744e-07, 2.473103695656331e-07, 2.3727759655145067e-07, 3.643075820924609e-06, 2.463825630070455e-07, 3.7925932633500945e-06, 2.427089596700494e-07, 3.17765973382254e-07, 2.400567576456362e-07, 2.0633662313624306e-07, 2.417662841850142e-07, 2.3001911365371293e-07, 3.901212148063583e-06, 2.404181455572752e-07]"
hMpxV/Brazil/SP-IAL-357897281/2024|EPI_ISL_19359695|2024-08-14,"[0.0, 0.0, 1.0, 0.0, 0.0, 0.0, 0.0, 0.0, 0.0, 0.0, 0.0, 0.0, 0.0, 0.0, 0.0, 0.0, 0.0, 0.0, 0.0, 0.0, 0.0, 0.0, 0.0, 0.0, 0.0, 0.0, 0.0, 0.0, 0.0, 0.0, 0.0]"
NODE_0000230,"[1.8552764754475865e-08, 5.498226918601684e-09, 0.999999372024461, 5.551193052070562e-09, 4.127599416892755e-08, 5.527041893413563e-09, 6.796346642679777e-09, 5.448631394779825e-09, 5.467740231196976e-09, 5.521479357148626e-09, 5.444275975154472e-09, 5.518795666768804e-09, 5.166157695032277e-09, 5.474582097370919e-09, 3.5274712264130474e-09, 1.3793746929405792e-08, 5.362973328357907e-09, 5.518795666766582e-09, 5.5187956667672594e-09, 5.192250080324193e-09, 1.5488675346865892e-07, 5.410834755321513e-09, 1.45634131135493e-07, 5.449165864906035e-09, 6.849817454889512e-09, 5.338198528158858e-09, 4.4847339922755936e-09, 5.396244694600273e-09, 5.1134519480474685e-09, 1.2384424258195627e-07, 5.410701975029903e-09]"
hMpxV/Brazil/SP-IAL-357913268/2024|EPI_ISL_19372777|2024-08-25,"[0.0, 0.0, 1.0, 0.0, 0.0, 0.0, 0.0, 0.0, 0.0, 0.0, 0.0, 0.0, 0.0, 0.0, 0.0, 0.0, 0.0, 0.0, 0.0, 0.0, 0.0, 0.0, 0.0, 0.0, 0.0, 0.0, 0.0, 0.0, 0.0, 0.0, 0.0]"
NODE_0000231,"[6.029452398530415e-09, 1.8081054288548249e-09, 0.9999998015812501, 1.829128100933579e-09, 1.3235737044328333e-08, 1.818976720429171e-09, 2.235222598431905e-09, 1.7944418138353446e-09, 1.800718172242331e-09, 1.8166414765894103e-09, 1.7933669241060982e-09, 1.8181735548856147e-09, 1.7017414340173723e-09, 1.7948254104383076e-09, 1.160369461476829e-09, 4.460850100046671e-09, 1.754989710044447e-09, 1.8181735548843936e-09, 1.818173554884801e-09, 1.7081057870521075e-09, 4.7798191068983224e-08, 1.7835293911627387e-09, 4.5794503055574425e-08, 1.7946198294422797e-09, 2.2232761341626774e-09, 1.7565244701652036e-09, 1.4789069133816212e-09, 1.7756466858600422e-09, 1.6850457198037802e-09, 3.834960875908798e-08, 1.781704495151976e-09]"
NODE_0000238,"[3.883406654693416e-08, 1.187364302889089e-08, 0.9999987545796922, 1.1999725266833543e-08, 8.407545953488581e-08, 1.1939785463182814e-08, 1.4604544214535938e-08, 1.1757613675739052e-08, 1.180068041649382e-08, 1.1928416101176151e-08, 1.1752265636404892e-08, 1.1921946415952125e-08, 1.1156019611612379e-08, 1.1825509433311913e-08, 7.651797331858245e-09, 2.887978025405968e-08, 1.1579641390467978e-08, 1.1921946415948436e-08, 1.192194641594982e-08, 1.1231924638696965e-08, 2.8944123044409947e-07, 1.1716013634894988e-08, 2.816219444851056e-07, 1.175870609028872e-08, 1.4706243914625343e-08, 1.1524927988880127e-08, 9.724667118109837e-09, 1.1644926828931437e-08, 1.1052699145379515e-08, 2.4190167827563565e-07, 1.167055810900484e-08]"
hMpxV/Brazil/SP-IAL-357929242/2024|EPI_ISL_19446298|2024-09-05,"[0.0, 0.0, 1.0, 0.0, 0.0, 0.0, 0.0, 0.0, 0.0, 0.0, 0.0, 0.0, 0.0, 0.0, 0.0, 0.0, 0.0, 0.0, 0.0, 0.0, 0.0, 0.0, 0.0, 0.0, 0.0, 0.0, 0.0, 0.0, 0.0, 0.0, 0.0]"
hMpxV/Brazil/SP-IAL-357939968/2024|EPI_ISL_19446306|2024-09-11,"[0.0, 0.0, 1.0, 0.0, 0.0, 0.0, 0.0, 0.0, 0.0, 0.0, 0.0, 0.0, 0.0, 0.0, 0.0, 0.0, 0.0, 0.0, 0.0, 0.0, 0.0, 0.0, 0.0, 0.0, 0.0, 0.0, 0.0, 0.0, 0.0, 0.0, 0.0]"
NODE_0000232,"[6.252448994355693e-11, 1.3406999699707928e-11, 0.9999999965762821, 1.3435406195009083e-11, 1.7670192415035036e-10, 1.3445854915920829e-11, 1.7583582840460938e-11, 1.3442385568913173e-11, 1.346037107376665e-11, 1.3421993886289764e-11, 1.3386269639350625e-11, 1.3457384708354132e-11, 1.263850139718964e-11, 1.3241375710233966e-11, 8.15641077843518e-12, 4.5640415941227303e-11, 1.2975922117241812e-11, 1.3457384708340146e-11, 1.345738470834495e-11, 1.2418351016291245e-11, 1.209687568067293e-09, 1.2839415339495423e-11, 9.345015232730472e-10, 1.3444509559272499e-11, 1.7493442105966944e-11, 1.3067162705470898e-11, 1.0451837958962712e-11, 1.328020557111472e-11, 1.2379687849462485e-11, 6.769080908166205e-10, 1.3412149153434218e-11]"
hMpxV/Brazil/SP-IAL-357977766/2024|EPI_ISL_19524881|2024-10-03,"[0.0, 0.0, 1.0, 0.0, 0.0, 0.0, 0.0, 0.0, 0.0, 0.0, 0.0, 0.0, 0.0, 0.0, 0.0, 0.0, 0.0, 0.0, 0.0, 0.0, 0.0, 0.0, 0.0, 0.0, 0.0, 0.0, 0.0, 0.0, 0.0, 0.0, 0.0]"
hMpxV/Brazil/SP-IAL-357934958/2024|EPI_ISL_19446302|2024-09-09,"[0.0, 0.0, 1.0, 0.0, 0.0, 0.0, 0.0, 0.0, 0.0, 0.0, 0.0, 0.0, 0.0, 0.0, 0.0, 0.0, 0.0, 0.0, 0.0, 0.0, 0.0, 0.0, 0.0, 0.0, 0.0, 0.0, 0.0, 0.0, 0.0, 0.0, 0.0]"
NODE_0000233,"[4.2792485102348226e-10, 1.266282767721097e-10, 0.9999999857981232, 1.282634806531234e-10, 9.458038188935448e-10, 1.2746008867362753e-10, 1.572141373346553e-10, 1.2595150904409457e-10, 1.2637462621071275e-10, 1.272518921731275e-10, 1.2586519312212255e-10, 1.275450607929331e-10, 1.1939725936859822e-10, 1.2526438485226105e-10, 8.098319920744394e-11, 3.149149908223324e-10, 1.2229262049671486e-10, 1.2754506079269892e-10, 1.2754506079276458e-10, 1.1949814072512528e-10, 3.4706484428716695e-09, 1.2493504830656856e-10, 3.32001487704437e-09, 1.2596470450648946e-10, 1.5432142326892677e-10, 1.2312548322748349e-10, 1.0351787817014803e-10, 1.2451573297372684e-10, 1.1817911331274848e-10, 2.727843395651054e-09, 1.2508699817619877e-10]"
hMpxV/Brazil/SP-IAL-357912456/2024|EPI_ISL_19372779|2024-08-26,"[0.0, 0.0, 0.9999999999999999, 0.0, 0.0, 0.0, 0.0, 0.0, 0.0, 0.0, 0.0, 0.0, 0.0, 0.0, 0.0, 0.0, 0.0, 0.0, 0.0, 0.0, 0.0, 0.0, 0.0, 0.0, 0.0, 0.0, 0.0, 0.0, 0.0, 0.0, 0.0]"
NODE_0000234,"[1.9820954295906124e-10, 5.8105217859224e-11, 0.9999999933208169, 5.887514963229959e-11, 4.4132120718422565e-10, 5.849575683988722e-11, 7.230015617761088e-11, 5.784656474469212e-11, 5.803660880367785e-11, 5.839277740313945e-11, 5.7802779902358055e-11, 5.855857458083656e-11, 5.482316544288305e-11, 5.7405981835017366e-11, 3.709241265214791e-11, 1.4555895078885006e-10, 5.601411073395621e-11, 5.855857458070905e-11, 5.855857458075832e-11, 5.480055753728271e-11, 1.663525692232469e-09, 5.731314073856839e-11, 1.5766089568124327e-09, 5.785277998049651e-11, 7.063949230757719e-11, 5.6517312711401766e-11, 4.746592698378004e-11, 5.716714029116871e-11, 5.424957588861479e-11, 1.2796286877534916e-09, 5.745759101426958e-11]"
NODE_0000235,"[1.1289471805882815e-09, 3.353009961518775e-10, 0.9999999627287516, 3.395626816642907e-10, 2.4886259642628324e-09, 3.374731763431879e-10, 4.1588927033646466e-10, 3.333639663508859e-10, 3.344941833462296e-10, 3.3694409411899466e-10, 3.3314461433543103e-10, 3.37629143002968e-10, 3.160473222784732e-10, 3.319034936507956e-10, 2.1460529859221325e-10, 8.316567458477783e-10, 3.241193989168012e-10, 3.376291430025271e-10, 3.376291430026748e-10, 3.1650061247768606e-10, 9.044699447239694e-09, 3.308332702360231e-10, 8.679842128231125e-09, 3.3339849276147563e-10, 4.0922371789186035e-10, 3.259700681229093e-10, 2.741708747055239e-10, 3.29621293179414e-10, 3.128555637653409e-10, 7.168110726784235e-09, 3.3105645141420924e-10]"
hMpxV/Brazil/SP-IAL-357905818/2024|EPI_ISL_19372772|2024-08-20,"[0.0, 0.0, 1.0, 0.0, 0.0, 0.0, 0.0, 0.0, 0.0, 0.0, 0.0, 0.0, 0.0, 0.0, 0.0, 0.0, 0.0, 0.0, 0.0, 0.0, 0.0, 0.0, 0.0, 0.0, 0.0, 0.0, 0.0, 0.0, 0.0, 0.0, 0.0]"
hMpxV/Brazil/SP-IAL-357920310/2024|EPI_ISL_19446291|2024-08-29,"[0.0, 0.0, 0.9999999999999999, 0.0, 0.0, 0.0, 0.0, 0.0, 0.0, 0.0, 0.0, 0.0, 0.0, 0.0, 0.0, 0.0, 0.0, 0.0, 0.0, 0.0, 0.0, 0.0, 0.0, 0.0, 0.0, 0.0, 0.0, 0.0, 0.0, 0.0, 0.0]"
NODE_0000236,"[6.548473027474626e-09, 1.9631128813238466e-09, 0.9999997856045465, 1.9865096938413983e-09, 1.435767775322545e-08, 1.9751489787084387e-09, 2.428065579728422e-09, 1.948987804567914e-09, 1.955770144804966e-09, 1.972495997703577e-09, 1.9478304548841827e-09, 1.974682850556619e-09, 1.8482409911430853e-09, 1.9474889751910514e-09, 1.2593436636186417e-09, 4.840448889393659e-09, 1.9036719566992437e-09, 1.974682850555324e-09, 1.974682850555714e-09, 1.8543529214821851e-09, 5.136840662957124e-08, 1.936791449641168e-09, 4.947015145652174e-08, 1.94918259435483e-09, 2.4092128063432112e-09, 1.907389307663678e-09, 1.605883986034011e-09, 1.9282461098459824e-09, 1.8300744172123204e-09, 4.139326000526089e-08, 1.9351863987578517e-09]"
hMpxV/Brazil/SP-IAL-357914012/2024|EPI_ISL_19372780|2024-08-26,"[0.0, 0.0, 1.0, 0.0, 0.0, 0.0, 0.0, 0.0, 0.0, 0.0, 0.0, 0.0, 0.0, 0.0, 0.0, 0.0, 0.0, 0.0, 0.0, 0.0, 0.0, 0.0, 0.0, 0.0, 0.0, 0.0, 0.0, 0.0, 0.0, 0.0, 0.0]"
NODE_0000237,"[5.7296437908953513e-08, 1.7996948755993283e-08, 0.9999982103803216, 1.816067245134558e-08, 1.2188693497125047e-07, 1.8086163919055556e-08, 2.1972293403976112e-08, 1.7763237624454948e-08, 1.7833194695985513e-08, 1.8076902966083778e-08, 1.775806843287041e-08, 1.8029859925832655e-08, 1.6867597563188597e-08, 1.8011538540443067e-08, 1.1669887280556777e-08, 4.293900506452232e-08, 1.7677103044683463e-08, 1.802985992582566e-08, 1.8029859925827573e-08, 1.705742010005514e-08, 3.9901668014614136e-07, 1.776601190328578e-08, 3.931309134564948e-07, 1.776472347302392e-08, 2.2523909017492396e-08, 1.7447607908477083e-08, 1.4769918868679848e-08, 1.761718720496938e-08, 1.6724315244819027e-08, 3.5009107873543035e-07, 1.7624346090849674e-08]"
hMpxV/Brazil/SP-IAL-357999368/2024|EPI_ISL_19524887|2024-10-21,"[0.0, 0.0, 1.0, 0.0, 0.0, 0.0, 0.0, 0.0, 0.0, 0.0, 0.0, 0.0, 0.0, 0.0, 0.0, 0.0, 0.0, 0.0, 0.0, 0.0, 0.0, 0.0, 0.0, 0.0, 0.0, 0.0, 0.0, 0.0, 0.0, 0.0, 0.0]"
hMpxV/Brazil/SP-IAL-357937870/2024|EPI_ISL_19446304|2024-09-10,"[0.0, 0.0, 1.0, 0.0, 0.0, 0.0, 0.0, 0.0, 0.0, 0.0, 0.0, 0.0, 0.0, 0.0, 0.0, 0.0, 0.0, 0.0, 0.0, 0.0, 0.0, 0.0, 0.0, 0.0, 0.0, 0.0, 0.0, 0.0, 0.0, 0.0, 0.0]"
NODE_0000215,"[1.5288270856607103e-10, 4.693660000941746e-11, 0.9999999950989235, 4.7436207742740485e-11, 3.301771869075163e-10, 4.720141354222571e-11, 5.767127791806406e-11, 4.646831122310997e-11, 4.664191024150073e-11, 4.715499658646976e-11, 4.644706013401701e-11, 4.7123088708894186e-11, 4.4097711340700726e-11, 4.6759121878558615e-11, 3.02775445964042e-11, 1.1376174615563115e-10, 4.5798855170799314e-11, 4.712308870859522e-11, 4.712308870871255e-11, 4.441340370739009e-11, 1.1380711718437639e-09, 4.63304723323734e-11, 1.1035490499228634e-09, 4.6472573272344836e-11, 5.810219806758584e-11, 4.555906613847381e-11, 3.847156897235988e-11, 4.602921351344514e-11, 4.3694340019313314e-11, 9.531791101304348e-10, 4.612239773966324e-11]"
hMpxV/Brazil/SP-IAL-357536254/2024|EPI_ISL_19359685|2024-02-29,"[0.0, 0.0, 1.0, 0.0, 0.0, 0.0, 0.0, 0.0, 0.0, 0.0, 0.0, 0.0, 0.0, 0.0, 0.0, 0.0, 0.0, 0.0, 0.0, 0.0, 0.0, 0.0, 0.0, 0.0, 0.0, 0.0, 0.0, 0.0, 0.0, 0.0, 0.0]"
NODE_0000216,"[1.16126221424916e-12, 1.942303467524678e-13, 0.9999999998976712, 1.9219429083101226e-13, 3.97578443131669e-12, 1.9396800952824997e-13, 2.6428097139978895e-13, 1.9506560057862433e-13, 1.9508595285550332e-13, 1.937123980411192e-13, 1.936498533805266e-13, 1.935432793839951e-13, 1.8229296856866508e-13, 1.9325538034243064e-13, 1.141650579068659e-13, 8.535206043712404e-13, 1.9095343292726623e-13, 1.9354327938337251e-13, 1.9354327938348826e-13, 1.7746395159441024e-13, 4.352617538870331e-11, 1.811245768957911e-13, 2.8319244215976346e-11, 1.9510269568193392e-13, 2.7478392060433427e-13, 1.8938850909834573e-13, 1.4554275858699998e-13, 1.9311362693196907e-13, 1.770736749957464e-13, 1.9880259651799305e-11, 1.9533427360974308e-13]"
hMpxV/Brazil/SP-IAL-357827872/2024|EPI_ISL_19359680|2024-06-21,"[0.0, 0.0, 1.0, 0.0, 0.0, 0.0, 0.0, 0.0, 0.0, 0.0, 0.0, 0.0, 0.0, 0.0, 0.0, 0.0, 0.0, 0.0, 0.0, 0.0, 0.0, 0.0, 0.0, 0.0, 0.0, 0.0, 0.0, 0.0, 0.0, 0.0, 0.0]"
hMpxV/Brazil/SP-IAL-357683862/2024|EPI_ISL_19359686|2024-04-18,"[0.0, 0.0, 1.0, 0.0, 0.0, 0.0, 0.0, 0.0, 0.0, 0.0, 0.0, 0.0, 0.0, 0.0, 0.0, 0.0, 0.0, 0.0, 0.0, 0.0, 0.0, 0.0, 0.0, 0.0, 0.0, 0.0, 0.0, 0.0, 0.0, 0.0, 0.0]"
hMpxV/Brazil/SP-IAL-357670600/2024|EPI_ISL_19359697|2024-04-14,"[0.0, 0.0, 0.9999999999999999, 0.0, 0.0, 0.0, 0.0, 0.0, 0.0, 0.0, 0.0, 0.0, 0.0, 0.0, 0.0, 0.0, 0.0, 0.0, 0.0, 0.0, 0.0, 0.0, 0.0, 0.0, 0.0, 0.0, 0.0, 0.0, 0.0, 0.0, 0.0]"
NODE_0000217,"[1.2214323064503034e-11, 1.9691876566855256e-12, 0.9999999988475241, 1.951577308475165e-12, 4.288606421576391e-11, 1.9676549227964337e-12, 2.7054057238468442e-12, 1.9852812641564547e-12, 1.9847137985104288e-12, 1.9641711659869786e-12, 1.970470010562731e-12, 1.9671898992438456e-12, 1.8532740237456987e-12, 1.948246101202147e-12, 1.1480285152830916e-12, 8.89571737115466e-12, 1.919776982683694e-12, 1.9671898992430604e-12, 1.9671898992432894e-12, 1.7945600824228876e-12, 5.04166370439872e-10, 1.834332635328989e-12, 3.221237863319491e-10, 1.9856821444582143e-12, 2.7568863266811067e-12, 1.9226108798396307e-12, 1.4706004818283187e-12, 1.9621619747025758e-12, 1.7983322437506149e-12, 2.1540588717060535e-10, 1.989080867464463e-12]"
hMpxV/Brazil/SP-IAL-357889812/2024|EPI_ISL_19359693|2024-08-07,"[0.0, 0.0, 1.0, 0.0, 0.0, 0.0, 0.0, 0.0, 0.0, 0.0, 0.0, 0.0, 0.0, 0.0, 0.0, 0.0, 0.0, 0.0, 0.0, 0.0, 0.0, 0.0, 0.0, 0.0, 0.0, 0.0, 0.0, 0.0, 0.0, 0.0, 0.0]"
hMpxV/Brazil/SP-IAL-357895451/2024|EPI_ISL_19359694|2024-08-12,"[0.0, 0.0, 0.9999999999999999, 0.0, 0.0, 0.0, 0.0, 0.0, 0.0, 0.0, 0.0, 0.0, 0.0, 0.0, 0.0, 0.0, 0.0, 0.0, 0.0, 0.0, 0.0, 0.0, 0.0, 0.0, 0.0, 0.0, 0.0, 0.0, 0.0, 0.0, 0.0]"
hMpxV/Brazil/SP-IAL-357945993/2024|EPI_ISL_19446309|2024-09-16,"[0.0, 0.0, 1.0, 0.0, 0.0, 0.0, 0.0, 0.0, 0.0, 0.0, 0.0, 0.0, 0.0, 0.0, 0.0, 0.0, 0.0, 0.0, 0.0, 0.0, 0.0, 0.0, 0.0, 0.0, 0.0, 0.0, 0.0, 0.0, 0.0, 0.0, 0.0]"
NODE_0000218,"[2.868694845157282e-09, 8.612753565964612e-10, 0.9999999060725553, 8.714342810718639e-10, 6.2857867014654686e-09, 8.665194546553027e-10, 1.0647206738004442e-09, 8.548782288077202e-10, 8.578708303825671e-10, 8.653813552168245e-10, 8.543760548929365e-10, 8.662039184376062e-10, 8.107307943594418e-10, 8.547377055816097e-10, 5.5275455373865e-10, 2.1215773301014698e-09, 8.356653460522215e-10, 8.662039184364855e-10, 8.662039184367541e-10, 8.136668214221965e-10, 2.249812277412708e-08, 8.497374812959973e-10, 2.164495570195581e-08, 8.549630859426512e-10, 1.0578805974587298e-09, 8.367619901346634e-10, 7.046351569391513e-10, 8.458710019650631e-10, 8.027993310526254e-10, 1.8144232879831818e-08, 8.488025522154796e-10]"
hMpxV/Brazil/SP-IAL-357907042/2024|EPI_ISL_19372774|2024-08-21,"[0.0, 0.0, 1.0, 0.0, 0.0, 0.0, 0.0, 0.0, 0.0, 0.0, 0.0, 0.0, 0.0, 0.0, 0.0, 0.0, 0.0, 0.0, 0.0, 0.0, 0.0, 0.0, 0.0, 0.0, 0.0, 0.0, 0.0, 0.0, 0.0, 0.0, 0.0]"
NODE_0000219,"[8.263541369105851e-10, 2.462162109536311e-10, 0.9999999722848265, 2.4898304918621164e-10, 1.8277590492128913e-09, 2.4766619653975265e-10, 3.045518188829919e-10, 2.4432805193883435e-10, 2.451795540126357e-10, 2.4735480553515265e-10, 2.4416328445293574e-10, 2.475151760869725e-10, 2.3168113393736518e-10, 2.4451344980200613e-10, 1.5793609082600147e-10, 6.116124196345299e-10, 2.391693570241143e-10, 2.475151760864592e-10, 2.4751517608662163e-10, 2.3254490770886303e-10, 6.817464932889238e-09, 2.427198764385903e-10, 6.440097016964585e-09, 2.443523611502366e-10, 3.0351229049090335e-10, 2.3918479307967664e-10, 2.0122221874322491e-10, 2.4179994586985315e-10, 2.2936872572317357e-10, 5.370280564588181e-09, 2.426116353273828e-10]"
hMpxV/Brazil/SP-IAL-357921794/2024|EPI_ISL_19446292|2024-08-31,"[0.0, 0.0, 1.0, 0.0, 0.0, 0.0, 0.0, 0.0, 0.0, 0.0, 0.0, 0.0, 0.0, 0.0, 0.0, 0.0, 0.0, 0.0, 0.0, 0.0, 0.0, 0.0, 0.0, 0.0, 0.0, 0.0, 0.0, 0.0, 0.0, 0.0, 0.0]"
NODE_0000220,"[2.15554457422635e-09, 6.79562720161595e-10, 0.9999999327490695, 6.859170869164079e-10, 4.572984538529996e-09, 6.830633779404783e-10, 8.290319249055768e-10, 6.707930395480805e-10, 6.734889170942454e-10, 6.826414319416069e-10, 6.705857938618591e-10, 6.809049619964347e-10, 6.370727463662782e-10, 6.799812687414682e-10, 4.410176409447404e-10, 1.6152229290241336e-09, 6.674263699506596e-10, 6.809049619949899e-10, 6.809049619954136e-10, 6.442500103818227e-10, 1.4971797625766668e-08, 6.712188991888622e-10, 1.4714847817548307e-08, 6.708486931467517e-10, 8.485760185632719e-10, 6.58937851504606e-10, 5.58279424303635e-10, 6.653008164233672e-10, 6.317230204374595e-10, 1.3162564245453992e-08, 6.655368069855173e-10]"
hMpxV/Brazil/SP-IAL-357988309/2024|EPI_ISL_19524873|2024-10-11,"[0.0, 0.0, 1.0, 0.0, 0.0, 0.0, 0.0, 0.0, 0.0, 0.0, 0.0, 0.0, 0.0, 0.0, 0.0, 0.0, 0.0, 0.0, 0.0, 0.0, 0.0, 0.0, 0.0, 0.0, 0.0, 0.0, 0.0, 0.0, 0.0, 0.0, 0.0]"
NODE_0000221,"[1.1966134758976564e-11, 2.6740202789503065e-12, 0.9999999993841816, 2.6746223731285086e-12, 3.2894707605135395e-11, 2.6799155317313882e-12, 3.468320183867136e-12, 2.6690575677396453e-12, 2.67383507088181e-12, 2.676576225556868e-12, 2.6584990849312103e-12, 2.6760244952896236e-12, 2.5125521238495673e-12, 2.6586621001063253e-12, 1.6421436369249352e-12, 8.829102483531187e-12, 2.6138807226727748e-12, 2.6760244952792717e-12, 2.6760244952818243e-12, 2.484148838260039e-12, 2.0878308326010522e-10, 2.5636845027743323e-12, 1.641834218904551e-10, 2.6694431607506356e-12, 3.5338337709581175e-12, 2.602275773102908e-12, 2.092430758296797e-12, 2.6420143541956855e-12, 2.463993791865609e-12, 1.258183731748258e-10, 2.6614432353005573e-12]"
hMpxV/Brazil/SP-IAL-358000513/2024|EPI_ISL_19524877|2024-10-22,"[0.0, 0.0, 1.0, 0.0, 0.0, 0.0, 0.0, 0.0, 0.0, 0.0, 0.0, 0.0, 0.0, 0.0, 0.0, 0.0, 0.0, 0.0, 0.0, 0.0, 0.0, 0.0, 0.0, 0.0, 0.0, 0.0, 0.0, 0.0, 0.0, 0.0, 0.0]"
hMpxV/Brazil/SP-IAL-357949071/2024|EPI_ISL_19446311|2024-09-17,"[0.0, 0.0, 1.0, 0.0, 0.0, 0.0, 0.0, 0.0, 0.0, 0.0, 0.0, 0.0, 0.0, 0.0, 0.0, 0.0, 0.0, 0.0, 0.0, 0.0, 0.0, 0.0, 0.0, 0.0, 0.0, 0.0, 0.0, 0.0, 0.0, 0.0, 0.0]"
NODE_0000222,"[9.0046553198204e-12, 2.6131614275483154e-12, 0.9999999996926349, 2.649642271718483e-12, 2.0183018864255593e-11, 2.6315456824405283e-12, 3.2608289293273826e-12, 2.605102124437835e-12, 2.6134266163997613e-12, 2.6263512461212814e-12, 2.602938993535225e-12, 2.636105398209927e-12, 2.4682588421752753e-12, 2.5763541143167128e-12, 1.664293057188129e-12, 6.591477807786807e-12, 2.5116058528120046e-12, 2.63610539819592e-12, 2.6361053982012117e-12, 2.46274507328036e-12, 7.786765622039222e-11, 2.5774944752489373e-12, 7.326553492980045e-11, 2.605391426759306e-12, 3.1609721844877924e-12, 2.543142548780065e-12, 2.133525780666921e-12, 2.5730659024421487e-12, 2.4417225275103826e-12, 5.863489300725123e-11, 2.5880198560609143e-12]"
NODE_0000226,"[1.4287414716680607e-09, 4.239340848840374e-10, 0.9999999526080876, 4.292301820150228e-10, 3.154926021422958e-09, 4.266394952396606e-10, 5.257756266759986e-10, 4.21401894583715e-10, 4.2283059416063015e-10, 4.259882904863723e-10, 4.2111998519596883e-10, 4.267883582528056e-10, 3.9950742156183614e-10, 4.1978987160708144e-10, 2.7134446320839364e-10, 1.0530648195120075e-09, 4.1001618044676965e-10, 4.267883582522249e-10, 4.2678835825243477e-10, 4.001605249101246e-10, 1.1558074719645891e-08, 4.181909637067539e-10, 1.105083850842719e-08, 4.21445452477393e-10, 5.181382190261053e-10, 4.1209732473742307e-10, 3.4655571155264935e-10, 4.1670936521530215e-10, 3.9546399253668897e-10, 9.121075333106659e-09, 4.184867668748465e-10]"
NODE_0000227,"[9.939782684761666e-09, 3.011646930957053e-09, 0.9999996784247428, 3.0457437171245613e-09, 2.163887107952713e-08, 3.029359194028316e-09, 3.7141945195747566e-09, 2.9861474977129698e-09, 2.9968382667095687e-09, 3.0258446852386756e-09, 2.9845909596556956e-09, 3.026755926096236e-09, 2.832636560359874e-09, 2.9934111812191366e-09, 1.936618049400099e-09, 7.369138645464636e-09, 2.9285880024285703e-09, 3.0267559260943396e-09, 3.0267559260948707e-09, 2.8469557129568472e-09, 7.575845471987587e-08, 2.9717594038960533e-09, 7.339733468591461e-08, 2.986435120333901e-09, 3.7115537203157494e-09, 2.9247451309594206e-09, 2.465480913460777e-09, 2.955933388667501e-09, 2.8056559288676645e-09, 6.227276941322575e-08, 2.964499402150866e-09]"
hMpxV/Brazil/SP-IAL-357899649/2024|EPI_ISL_19372762|2024-08-15,"[0.0, 0.0, 1.0, 0.0, 0.0, 0.0, 0.0, 0.0, 0.0, 0.0, 0.0, 0.0, 0.0, 0.0, 0.0, 0.0, 0.0, 0.0, 0.0, 0.0, 0.0, 0.0, 0.0, 0.0, 0.0, 0.0, 0.0, 0.0, 0.0, 0.0, 0.0]"
hMpxV/Brazil/SP-IAL-357928626/2024|EPI_ISL_19446295|2024-09-04,"[0.0, 0.0, 1.0, 0.0, 0.0, 0.0, 0.0, 0.0, 0.0, 0.0, 0.0, 0.0, 0.0, 0.0, 0.0, 0.0, 0.0, 0.0, 0.0, 0.0, 0.0, 0.0, 0.0, 0.0, 0.0, 0.0, 0.0, 0.0, 0.0, 0.0, 0.0]"
NODE_0000228,"[5.3326200435297115e-08, 1.6350350383652396e-08, 0.9999982943640304, 1.6520550619050196e-08, 1.1525300637245656e-07, 1.6439936574774237e-08, 2.0094481013710766e-08, 1.6184140212282566e-08, 1.6243841411174577e-08, 1.6425296466577456e-08, 1.6177102174575485e-08, 1.6412209369325055e-08, 1.5357269570430963e-08, 1.6293945487721828e-08, 1.0543761365994454e-08, 3.9694115124916566e-08, 1.5959454997758496e-08, 1.6412209369321187e-08, 1.641220936932251e-08, 1.546990247794383e-08, 3.947381568831625e-07, 1.6133256481998386e-08, 3.8457085506252536e-07, 1.6185627032094373e-08, 2.028092392910687e-08, 1.5867656200332394e-08, 1.3393123636160547e-08, 1.6031650831835828e-08, 1.5216284876063228e-08, 3.3158490480817543e-07, 1.6063546862857728e-08]"
hMpxV/Brazil/SP-IAL-357917433/2024|EPI_ISL_19446290|2024-08-28,"[0.0, 0.0, 0.9999999999999999, 0.0, 0.0, 0.0, 0.0, 0.0, 0.0, 0.0, 0.0, 0.0, 0.0, 0.0, 0.0, 0.0, 0.0, 0.0, 0.0, 0.0, 0.0, 0.0, 0.0, 0.0, 0.0, 0.0, 0.0, 0.0, 0.0, 0.0, 0.0]"
hMpxV/Brazil/SP-IAL-357930578/2024|EPI_ISL_19446299|2024-09-05,"[0.0, 0.0, 1.0, 0.0, 0.0, 0.0, 0.0, 0.0, 0.0, 0.0, 0.0, 0.0, 0.0, 0.0, 0.0, 0.0, 0.0, 0.0, 0.0, 0.0, 0.0, 0.0, 0.0, 0.0, 0.0, 0.0, 0.0, 0.0, 0.0, 0.0, 0.0]"
NODE_0000223,"[5.898015781775064e-12, 1.2560672387267924e-12, 0.9999999996730694, 1.259304510861893e-12, 1.6744317032253788e-11, 1.2599910190006157e-12, 1.6504034315377527e-12, 1.2605355329809013e-12, 1.2621616327208284e-12, 1.2575568746737812e-12, 1.255194909435772e-12, 1.2615856211389717e-12, 1.1849475709316468e-12, 1.238865239272129e-12, 7.630252875649111e-13, 4.2963970864128945e-12, 1.2133773373013705e-12, 1.2615856211356777e-12, 1.261585621136725e-12, 1.1628889939394564e-12, 1.1641097098088011e-10, 1.2028890748477414e-12, 8.948084722697609e-11, 1.260737653793722e-12, 1.6334179165475498e-12, 1.224710808806597e-12, 9.789064439181363e-13, 1.2448932416033534e-12, 1.160447545120384e-12, 6.432729812333995e-11, 1.2578502354157727e-12]"
hMpxV/Brazil/SP-IAL-357914860/2024|EPI_ISL_19372778|2024-08-26,"[0.0, 0.0, 1.0, 0.0, 0.0, 0.0, 0.0, 0.0, 0.0, 0.0, 0.0, 0.0, 0.0, 0.0, 0.0, 0.0, 0.0, 0.0, 0.0, 0.0, 0.0, 0.0, 0.0, 0.0, 0.0, 0.0, 0.0, 0.0, 0.0, 0.0, 0.0]"
hMpxV/Brazil/SP-IAL-357979151/2024|EPI_ISL_19524875|2024-10-04,"[0.0, 0.0, 1.0, 0.0, 0.0, 0.0, 0.0, 0.0, 0.0, 0.0, 0.0, 0.0, 0.0, 0.0, 0.0, 0.0, 0.0, 0.0, 0.0, 0.0, 0.0, 0.0, 0.0, 0.0, 0.0, 0.0, 0.0, 0.0, 0.0, 0.0, 0.0]"
NODE_0000224,"[5.748520341730714e-10, 1.797204486468546e-10, 0.9999999819220364, 1.8146345691693471e-10, 1.2264203300111885e-09, 1.8067017756177514e-10, 2.197293314043688e-10, 1.7755577672841615e-10, 1.7825406522805136e-10, 1.8053954305481308e-10, 1.7749191484138566e-10, 1.8017735205626598e-10, 1.6858883623777956e-10, 1.7960255573435204e-10, 1.1642086906296483e-10, 4.298872923066812e-10, 1.7618067066958277e-10, 1.8017735205558536e-10, 1.8017735205584117e-10, 1.702813358826648e-10, 4.074555319376937e-09, 1.774688356716047e-10, 3.990701029865245e-09, 1.775709752636883e-10, 2.2389157920279002e-10, 1.7431868391832743e-10, 1.4753224282576843e-10, 1.7603722852345995e-10, 1.671327293440633e-10, 3.534378066440985e-09, 1.7618635710302123e-10]"
hMpxV/Brazil/SP-IAL-357982862/2024|EPI_ISL_19524882|2024-10-08,"[0.0, 0.0, 1.0, 0.0, 0.0, 0.0, 0.0, 0.0, 0.0, 0.0, 0.0, 0.0, 0.0, 0.0, 0.0, 0.0, 0.0, 0.0, 0.0, 0.0, 0.0, 0.0, 0.0, 0.0, 0.0, 0.0, 0.0, 0.0, 0.0, 0.0, 0.0]"
NODE_0000225,"[3.2461346239952697e-10, 1.0123816910841457e-10, 0.9999999897391136, 1.0221438661491751e-10, 6.942184929125578e-10, 1.0177152301863754e-10, 1.2382222433182437e-10, 1.0002567068126472e-10, 1.0041781372918724e-10, 1.016973717773042e-10, 9.998731924940293e-11, 1.0149472345325929e-10, 9.496916544444867e-11, 1.0116783373145841e-10, 6.555827943764633e-11, 2.4272580319289427e-10, 9.924183641097017e-11, 1.0149472345276949e-10, 1.0149472345290185e-10, 9.590938818853535e-11, 2.3277318708667588e-09, 9.995215766244993e-11, 2.271373315165187e-09, 1.0003427010138185e-10, 1.2616319956542546e-10, 9.819775998063239e-11, 8.308270499222045e-11, 9.916919058688399e-11, 9.414253998772711e-11, 2.007719299740823e-09, 9.925734909854628e-11]"
hMpxV/Brazil/SP-IAL-357888132/2024|EPI_ISL_19372758|2024-08-07,"[0.0, 0.0, 1.0, 0.0, 0.0, 0.0, 0.0, 0.0, 0.0, 0.0, 0.0, 0.0, 0.0, 0.0, 0.0, 0.0, 0.0, 0.0, 0.0, 0.0, 0.0, 0.0, 0.0, 0.0, 0.0, 0.0, 0.0, 0.0, 0.0, 0.0, 0.0]"
hMpxV/Brazil/SP-IAL-357985711/2024|EPI_ISL_19524886|2024-10-09,"[0.0, 0.0, 1.0, 0.0, 0.0, 0.0, 0.0, 0.0, 0.0, 0.0, 0.0, 0.0, 0.0, 0.0, 0.0, 0.0, 0.0, 0.0, 0.0, 0.0, 0.0, 0.0, 0.0, 0.0, 0.0, 0.0, 0.0, 0.0, 0.0, 0.0, 0.0]"
NODE_0000162,"[0.24431939747739162, 0.0009396849274162345, 0.16445110710255573, 0.0009523672417094064, 0.001617243686399811, 0.0009452768233477029, 0.0009998348802816403, 0.0017927356127285198, 0.0022353008126278703, 0.0009476098704487169, 0.0011748976745665674, 0.0009434263080122073, 0.0019321899990875245, 0.0009469596310672408, 0.001981790365428804, 0.001006857914721503, 0.0015107256129657002, 0.0009434263080122284, 0.0009434263080122098, 0.0008899254899460617, 0.0024168587598132093, 0.0011256215649260728, 0.014111100103699249, 0.0017933679744760603, 0.5380294495102508, 0.0009089188373485279, 0.0018489573744819895, 0.0009184093785066732, 0.0014526172484143553, 0.003714745422006931, 0.0022057697793485187]"
hMpxV/China/SZ-CDC/Strain170,"[0.0, 0.0, 0.0, 0.0, 0.0, 0.0, 0.0, 0.0, 0.0, 0.0, 0.0, 0.0, 0.0, 0.0, 0.0, 0.0, 0.0, 0.0, 0.0, 0.0, 0.0, 0.0, 0.0, 0.0, 1.0, 0.0, 0.0, 0.0, 0.0, 0.0, 0.0]"
NODE_0000164,"[0.9999999999986349, 2.63606912845609e-15, 2.8939631354970593e-13, 2.6598742788516197e-15, 2.9912233242107233e-15, 2.6510992942334613e-15, 2.7401528085973245e-15, 4.401823124709816e-15, 5.224787750100701e-15, 2.67343159721799e-15, 3.1789228673825744e-15, 2.6885751186478617e-15, 4.3961330273309934e-15, 2.601463081485091e-15, 1.573313953770149e-14, 1.8531178707217987e-15, 3.461566802776732e-15, 2.6885751186477588e-15, 2.688575118647869e-15, 2.3056659008659687e-15, 1.2372887437352324e-14, 2.7538544285026418e-15, 1.2018792053086679e-14, 4.406119221752159e-15, 9.212011600146549e-13, 2.563279260223938e-15, 3.3449204754331977e-15, 2.6515882105563324e-15, 3.392212450622148e-15, 3.8366014587925224e-14, 5.256046044567898e-15]"
hMpxV/Australia/VIC-VIDRL-2984/2024|EPI_ISL_19459723|2024-05-27,"[1.0, 0.0, 0.0, 0.0, 0.0, 0.0, 0.0, 0.0, 0.0, 0.0, 0.0, 0.0, 0.0, 0.0, 0.0, 0.0, 0.0, 0.0, 0.0, 0.0, 0.0, 0.0, 0.0, 0.0, 0.0, 0.0, 0.0, 0.0, 0.0, 0.0, 0.0]"
hMpxV/Australia/VIC-VIDRL-0369/2024|EPI_ISL_19459704|2024-05-16,"[1.0, 0.0, 0.0, 0.0, 0.0, 0.0, 0.0, 0.0, 0.0, 0.0, 0.0, 0.0, 0.0, 0.0, 0.0, 0.0, 0.0, 0.0, 0.0, 0.0, 0.0, 0.0, 0.0, 0.0, 0.0, 0.0, 0.0, 0.0, 0.0, 0.0, 0.0]"
NODE_0000205,"[1.0, 2.729085940175241e-26, 2.4610224739049025e-25, 2.7598820922199e-26, 2.3114706438221675e-26, 2.752074550917418e-26, 2.7970454726521164e-26, 2.8736729489797947e-26, 2.8657636028550783e-26, 2.733034327193966e-26, 2.837567532485757e-26, 2.810236649146862e-26, 2.5404666169165485e-26, 2.5262148506419675e-26, 1.7697210813448742e-25, 1.5055610542017623e-26, 2.3853166393931192e-26, 2.8102366491462594e-26, 2.810236649147142e-26, 2.2903354143703656e-26, 1.1684057902097663e-25, 2.4493685499302728e-26, 1.514861188344059e-26, 2.8749196225652815e-26, 3.094069095753644e-25, 2.658327848946545e-26, 1.6610440202642637e-26, 2.7681602764835516e-26, 2.4034467085698002e-26, 6.756103730195464e-25, 2.8923540866255884e-26]"
hMpxV/Australia/VIC-VIDRL-9624/2024|EPI_ISL_19459799|2024-05-15,"[0.9999999999999999, 0.0, 0.0, 0.0, 0.0, 0.0, 0.0, 0.0, 0.0, 0.0, 0.0, 0.0, 0.0, 0.0, 0.0, 0.0, 0.0, 0.0, 0.0, 0.0, 0.0, 0.0, 0.0, 0.0, 0.0, 0.0, 0.0, 0.0, 0.0, 0.0, 0.0]"
hMpxV/Australia/VIC-VIDRL-0994/2024|EPI_ISL_19459725|2024-05-20,"[1.0, 0.0, 0.0, 0.0, 0.0, 0.0, 0.0, 0.0, 0.0, 0.0, 0.0, 0.0, 0.0, 0.0, 0.0, 0.0, 0.0, 0.0, 0.0, 0.0, 0.0, 0.0, 0.0, 0.0, 0.0, 0.0, 0.0, 0.0, 0.0, 0.0, 0.0]"
hMpxV/Australia/VIC-VIDRL-9625/2024|EPI_ISL_19459739|2024-05-15,"[0.9999999999999999, 0.0, 0.0, 0.0, 0.0, 0.0, 0.0, 0.0, 0.0, 0.0, 0.0, 0.0, 0.0, 0.0, 0.0, 0.0, 0.0, 0.0, 0.0, 0.0, 0.0, 0.0, 0.0, 0.0, 0.0, 0.0, 0.0, 0.0, 0.0, 0.0, 0.0]"
hMpxV/Australia/VIC-VIDRL-9373/2024|EPI_ISL_19459741|2024-05-14,"[0.9999999999999999, 0.0, 0.0, 0.0, 0.0, 0.0, 0.0, 0.0, 0.0, 0.0, 0.0, 0.0, 0.0, 0.0, 0.0, 0.0, 0.0, 0.0, 0.0, 0.0, 0.0, 0.0, 0.0, 0.0, 0.0, 0.0, 0.0, 0.0, 0.0, 0.0, 0.0]"
hMpxV/Australia/VIC-VIDRL-9428/2024|EPI_ISL_19459746|2024-05-14,"[0.9999999999999999, 0.0, 0.0, 0.0, 0.0, 0.0, 0.0, 0.0, 0.0, 0.0, 0.0, 0.0, 0.0, 0.0, 0.0, 0.0, 0.0, 0.0, 0.0, 0.0, 0.0, 0.0, 0.0, 0.0, 0.0, 0.0, 0.0, 0.0, 0.0, 0.0, 0.0]"
hMpxV/Australia/VIC-VIDRL-9623/2024|EPI_ISL_19459703|2024-05-15,"[0.9999999999999999, 0.0, 0.0, 0.0, 0.0, 0.0, 0.0, 0.0, 0.0, 0.0, 0.0, 0.0, 0.0, 0.0, 0.0, 0.0, 0.0, 0.0, 0.0, 0.0, 0.0, 0.0, 0.0, 0.0, 0.0, 0.0, 0.0, 0.0, 0.0, 0.0, 0.0]"
NODE_0000185,"[1.0, 1.5844689983891744e-77, 2.108176312420781e-73, 1.481870225157867e-77, 1.132186290073216e-77, 1.5563655649294597e-77, 1.817215266192814e-77, 2.42384725594494e-77, 2.369805377403066e-77, 1.4954932040544548e-77, 2.199887666560644e-77, 1.7705166028388985e-77, 1.5953658636292433e-77, 1.0168982496898148e-77, 5.835812069556031e-74, 3.267058705594836e-78, 9.33554862545618e-78, 1.7705166028385173e-77, 1.7705166028390496e-77, 7.342952041495335e-78, 1.478984952694724e-73, 8.144963496054649e-78, 7.638470020922652e-78, 2.428978478000411e-77, 2.275066368044001e-73, 1.669445122184442e-77, 3.5234986603089254e-78, 2.0118992703088483e-77, 1.2354909885016592e-77, 1.0704067907491573e-71, 2.7503041416170327e-77]"
hMpxV/Australia/QLD-MX000018/2024|EPI_ISL_19539667|2024-05-22,"[1.0, 0.0, 0.0, 0.0, 0.0, 0.0, 0.0, 0.0, 0.0, 0.0, 0.0, 0.0, 0.0, 0.0, 0.0, 0.0, 0.0, 0.0, 0.0, 0.0, 0.0, 0.0, 0.0, 0.0, 0.0, 0.0, 0.0, 0.0, 0.0, 0.0, 0.0]"
hMpxV/Australia/QLD-MX000016/2024|EPI_ISL_19539666|2024-05-21,"[1.0, 0.0, 0.0, 0.0, 0.0, 0.0, 0.0, 0.0, 0.0, 0.0, 0.0, 0.0, 0.0, 0.0, 0.0, 0.0, 0.0, 0.0, 0.0, 0.0, 0.0, 0.0, 0.0, 0.0, 0.0, 0.0, 0.0, 0.0, 0.0, 0.0, 0.0]"
hMpxV/Australia/QLD-MX000019/2024|EPI_ISL_19539668|2024-05-22,"[1.0, 0.0, 0.0, 0.0, 0.0, 0.0, 0.0, 0.0, 0.0, 0.0, 0.0, 0.0, 0.0, 0.0, 0.0, 0.0, 0.0, 0.0, 0.0, 0.0, 0.0, 0.0, 0.0, 0.0, 0.0, 0.0, 0.0, 0.0, 0.0, 0.0, 0.0]"
hMpxV/Australia/QLD-MX000020/2024|EPI_ISL_19539670|2024-05-23,"[1.0, 0.0, 0.0, 0.0, 0.0, 0.0, 0.0, 0.0, 0.0, 0.0, 0.0, 0.0, 0.0, 0.0, 0.0, 0.0, 0.0, 0.0, 0.0, 0.0, 0.0, 0.0, 0.0, 0.0, 0.0, 0.0, 0.0, 0.0, 0.0, 0.0, 0.0]"
hMpxV/Australia/QLD-MX000014/2024|EPI_ISL_19539665|2024-05-21,"[1.0, 0.0, 0.0, 0.0, 0.0, 0.0, 0.0, 0.0, 0.0, 0.0, 0.0, 0.0, 0.0, 0.0, 0.0, 0.0, 0.0, 0.0, 0.0, 0.0, 0.0, 0.0, 0.0, 0.0, 0.0, 0.0, 0.0, 0.0, 0.0, 0.0, 0.0]"
hMpxV/Australia/QLD-MX000021/2024|EPI_ISL_19539671|2024-05-23,"[1.0, 0.0, 0.0, 0.0, 0.0, 0.0, 0.0, 0.0, 0.0, 0.0, 0.0, 0.0, 0.0, 0.0, 0.0, 0.0, 0.0, 0.0, 0.0, 0.0, 0.0, 0.0, 0.0, 0.0, 0.0, 0.0, 0.0, 0.0, 0.0, 0.0, 0.0]"
hMpxV/Australia/QLD-MX000028/2024|EPI_ISL_19539678|2024-06-17,"[1.0, 0.0, 0.0, 0.0, 0.0, 0.0, 0.0, 0.0, 0.0, 0.0, 0.0, 0.0, 0.0, 0.0, 0.0, 0.0, 0.0, 0.0, 0.0, 0.0, 0.0, 0.0, 0.0, 0.0, 0.0, 0.0, 0.0, 0.0, 0.0, 0.0, 0.0]"
hMpxV/Australia/QLD-MX000031/2024|EPI_ISL_19539681|2024-06-21,"[0.9999999999999999, 0.0, 0.0, 0.0, 0.0, 0.0, 0.0, 0.0, 0.0, 0.0, 0.0, 0.0, 0.0, 0.0, 0.0, 0.0, 0.0, 0.0, 0.0, 0.0, 0.0, 0.0, 0.0, 0.0, 0.0, 0.0, 0.0, 0.0, 0.0, 0.0, 0.0]"
hMpxV/Australia/QLD-MX000027/2024|EPI_ISL_19539677|2024-05-29,"[1.0, 0.0, 0.0, 0.0, 0.0, 0.0, 0.0, 0.0, 0.0, 0.0, 0.0, 0.0, 0.0, 0.0, 0.0, 0.0, 0.0, 0.0, 0.0, 0.0, 0.0, 0.0, 0.0, 0.0, 0.0, 0.0, 0.0, 0.0, 0.0, 0.0, 0.0]"
hMpxV/Australia/QLD-MX000026/2024|EPI_ISL_19539676|2024-05-27,"[0.9999999999999999, 0.0, 0.0, 0.0, 0.0, 0.0, 0.0, 0.0, 0.0, 0.0, 0.0, 0.0, 0.0, 0.0, 0.0, 0.0, 0.0, 0.0, 0.0, 0.0, 0.0, 0.0, 0.0, 0.0, 0.0, 0.0, 0.0, 0.0, 0.0, 0.0, 0.0]"
hMpxV/Australia/VIC-VIDRL-0241/2024|EPI_ISL_19459729|2024-05-16,"[0.9999999999999999, 0.0, 0.0, 0.0, 0.0, 0.0, 0.0, 0.0, 0.0, 0.0, 0.0, 0.0, 0.0, 0.0, 0.0, 0.0, 0.0, 0.0, 0.0, 0.0, 0.0, 0.0, 0.0, 0.0, 0.0, 0.0, 0.0, 0.0, 0.0, 0.0, 0.0]"
hMpxV/Australia/VIC-VIDRL-3765/2024|EPI_ISL_19459727|2024-05-29,"[1.0, 0.0, 0.0, 0.0, 0.0, 0.0, 0.0, 0.0, 0.0, 0.0, 0.0, 0.0, 0.0, 0.0, 0.0, 0.0, 0.0, 0.0, 0.0, 0.0, 0.0, 0.0, 0.0, 0.0, 0.0, 0.0, 0.0, 0.0, 0.0, 0.0, 0.0]"
hMpxV/Australia/VIC-VIDRL-0239/2024|EPI_ISL_19459737|2024-05-16,"[0.9999999999999999, 0.0, 0.0, 0.0, 0.0, 0.0, 0.0, 0.0, 0.0, 0.0, 0.0, 0.0, 0.0, 0.0, 0.0, 0.0, 0.0, 0.0, 0.0, 0.0, 0.0, 0.0, 0.0, 0.0, 0.0, 0.0, 0.0, 0.0, 0.0, 0.0, 0.0]"
hMpxV/Australia/VIC-VIDRL-3002/2024|EPI_ISL_19459791|2024-05-25,"[1.0, 0.0, 0.0, 0.0, 0.0, 0.0, 0.0, 0.0, 0.0, 0.0, 0.0, 0.0, 0.0, 0.0, 0.0, 0.0, 0.0, 0.0, 0.0, 0.0, 0.0, 0.0, 0.0, 0.0, 0.0, 0.0, 0.0, 0.0, 0.0, 0.0, 0.0]"
hMpxV/Australia/QLD-MX000012/2024|EPI_ISL_19539663|2024-05-17,"[0.9999999999999999, 0.0, 0.0, 0.0, 0.0, 0.0, 0.0, 0.0, 0.0, 0.0, 0.0, 0.0, 0.0, 0.0, 0.0, 0.0, 0.0, 0.0, 0.0, 0.0, 0.0, 0.0, 0.0, 0.0, 0.0, 0.0, 0.0, 0.0, 0.0, 0.0, 0.0]"
hMpxV/Australia/QLD-MX000048/2024|EPI_ISL_19539696|2024-08-29,"[1.0, 0.0, 0.0, 0.0, 0.0, 0.0, 0.0, 0.0, 0.0, 0.0, 0.0, 0.0, 0.0, 0.0, 0.0, 0.0, 0.0, 0.0, 0.0, 0.0, 0.0, 0.0, 0.0, 0.0, 0.0, 0.0, 0.0, 0.0, 0.0, 0.0, 0.0]"
hMpxV/Australia/QLD-MX000150/2024|EPI_ISL_19539791|2024-10-14,"[1.0, 0.0, 0.0, 0.0, 0.0, 0.0, 0.0, 0.0, 0.0, 0.0, 0.0, 0.0, 0.0, 0.0, 0.0, 0.0, 0.0, 0.0, 0.0, 0.0, 0.0, 0.0, 0.0, 0.0, 0.0, 0.0, 0.0, 0.0, 0.0, 0.0, 0.0]"
hMpxV/Australia/QLD-MX000062/2024|EPI_ISL_19539710|2024-09-04,"[1.0, 0.0, 0.0, 0.0, 0.0, 0.0, 0.0, 0.0, 0.0, 0.0, 0.0, 0.0, 0.0, 0.0, 0.0, 0.0, 0.0, 0.0, 0.0, 0.0, 0.0, 0.0, 0.0, 0.0, 0.0, 0.0, 0.0, 0.0, 0.0, 0.0, 0.0]"
hMpxV/Australia/QLD-MX000077/2024|EPI_ISL_19539725|2024-09-11,"[0.9999999999999999, 0.0, 0.0, 0.0, 0.0, 0.0, 0.0, 0.0, 0.0, 0.0, 0.0, 0.0, 0.0, 0.0, 0.0, 0.0, 0.0, 0.0, 0.0, 0.0, 0.0, 0.0, 0.0, 0.0, 0.0, 0.0, 0.0, 0.0, 0.0, 0.0, 0.0]"
hMpxV/Australia/QLD-MX000063/2024|EPI_ISL_19539711|2024-09-07,"[1.0, 0.0, 0.0, 0.0, 0.0, 0.0, 0.0, 0.0, 0.0, 0.0, 0.0, 0.0, 0.0, 0.0, 0.0, 0.0, 0.0, 0.0, 0.0, 0.0, 0.0, 0.0, 0.0, 0.0, 0.0, 0.0, 0.0, 0.0, 0.0, 0.0, 0.0]"
hMpxV/Australia/QLD-MX000083/2024|EPI_ISL_19539731|2024-09-15,"[0.9999999999999999, 0.0, 0.0, 0.0, 0.0, 0.0, 0.0, 0.0, 0.0, 0.0, 0.0, 0.0, 0.0, 0.0, 0.0, 0.0, 0.0, 0.0, 0.0, 0.0, 0.0, 0.0, 0.0, 0.0, 0.0, 0.0, 0.0, 0.0, 0.0, 0.0, 0.0]"
hMpxV/Australia/QLD-MX000091/2024|EPI_ISL_19539740|2024-09-17,"[1.0, 0.0, 0.0, 0.0, 0.0, 0.0, 0.0, 0.0, 0.0, 0.0, 0.0, 0.0, 0.0, 0.0, 0.0, 0.0, 0.0, 0.0, 0.0, 0.0, 0.0, 0.0, 0.0, 0.0, 0.0, 0.0, 0.0, 0.0, 0.0, 0.0, 0.0]"
hMpxV/Australia/QLD-MX000102/2024|EPI_ISL_19539749|2024-09-19,"[1.0, 0.0, 0.0, 0.0, 0.0, 0.0, 0.0, 0.0, 0.0, 0.0, 0.0, 0.0, 0.0, 0.0, 0.0, 0.0, 0.0, 0.0, 0.0, 0.0, 0.0, 0.0, 0.0, 0.0, 0.0, 0.0, 0.0, 0.0, 0.0, 0.0, 0.0]"
hMpxV/Australia/QLD-MX000105/2024|EPI_ISL_19539752|2024-09-24,"[1.0, 0.0, 0.0, 0.0, 0.0, 0.0, 0.0, 0.0, 0.0, 0.0, 0.0, 0.0, 0.0, 0.0, 0.0, 0.0, 0.0, 0.0, 0.0, 0.0, 0.0, 0.0, 0.0, 0.0, 0.0, 0.0, 0.0, 0.0, 0.0, 0.0, 0.0]"
NODE_0000186,"[0.9999999994895612, 1.406266328814739e-11, 3.479617736652822e-11, 1.43757193215507e-11, 1.2599459456104646e-11, 1.420343913012067e-11, 1.409900303237014e-11, 1.3893900669554819e-11, 1.3973142448419742e-11, 1.418687470795731e-11, 1.3908752010601312e-11, 1.4208895703188037e-11, 1.3019766437157932e-11, 1.3920158604943519e-11, 2.7036591978020863e-11, 9.801784134714397e-12, 1.3479257209360739e-11, 1.420889570318537e-11, 1.4208895703188037e-11, 1.3165259305858668e-11, 1.4158134254123744e-11, 1.4048746410142436e-11, 8.922686148462906e-12, 1.389535046206859e-11, 4.1705996528804216e-11, 1.3539798811749402e-11, 1.1129938363740534e-11, 1.3697667893896596e-11, 1.2925209832897701e-11, 5.952768561377704e-11, 1.373899121729269e-11]"
hMpxV/Australia/QLD-MX000023/2024|EPI_ISL_19539673|2024-05-28,"[1.0, 0.0, 0.0, 0.0, 0.0, 0.0, 0.0, 0.0, 0.0, 0.0, 0.0, 0.0, 0.0, 0.0, 0.0, 0.0, 0.0, 0.0, 0.0, 0.0, 0.0, 0.0, 0.0, 0.0, 0.0, 0.0, 0.0, 0.0, 0.0, 0.0, 0.0]"
hMpxV/Australia/QLD-MX000024/2024|EPI_ISL_19539674|2024-05-28,"[1.0, 0.0, 0.0, 0.0, 0.0, 0.0, 0.0, 0.0, 0.0, 0.0, 0.0, 0.0, 0.0, 0.0, 0.0, 0.0, 0.0, 0.0, 0.0, 0.0, 0.0, 0.0, 0.0, 0.0, 0.0, 0.0, 0.0, 0.0, 0.0, 0.0, 0.0]"
NODE_0000190,"[0.9999999974698689, 7.060672852068829e-11, 1.6888976115494053e-10, 7.21704130560586e-11, 6.356287815983266e-11, 7.128767850081611e-11, 7.072967505641742e-11, 6.96660930225727e-11, 7.01232494850902e-11, 7.121447002913418e-11, 6.975479393998635e-11, 7.126508960202133e-11, 6.543205423053066e-11, 7.00293748001611e-11, 1.3000755481765916e-10, 4.988978948747087e-11, 6.802984362658177e-11, 7.126508960200812e-11, 7.126508960202138e-11, 6.632356411550127e-11, 6.770337111848093e-11, 7.080910504933092e-11, 4.559811141692679e-11, 6.967242369645232e-11, 2.003279173825084e-10, 6.797909876395368e-11, 5.68863330454147e-11, 6.869371326993003e-11, 6.51456613037988e-11, 2.869128717526218e-10, 6.888905897281829e-11]"
hMpxV/Australia/VIC-VIDRL-4022/2024|EPI_ISL_19459715|2024-07-08,"[0.9999999999999999, 0.0, 0.0, 0.0, 0.0, 0.0, 0.0, 0.0, 0.0, 0.0, 0.0, 0.0, 0.0, 0.0, 0.0, 0.0, 0.0, 0.0, 0.0, 0.0, 0.0, 0.0, 0.0, 0.0, 0.0, 0.0, 0.0, 0.0, 0.0, 0.0, 0.0]"
hMpxV/Australia/VIC-VIDRL-4178/2024|EPI_ISL_19459784|2024-07-08,"[0.9999999999999999, 0.0, 0.0, 0.0, 0.0, 0.0, 0.0, 0.0, 0.0, 0.0, 0.0, 0.0, 0.0, 0.0, 0.0, 0.0, 0.0, 0.0, 0.0, 0.0, 0.0, 0.0, 0.0, 0.0, 0.0, 0.0, 0.0, 0.0, 0.0, 0.0, 0.0]"
NODE_0000198,"[0.9999996889916837, 8.887430805503442e-09, 1.9911996328589172e-08, 9.085106613201653e-09, 8.056461205485059e-09, 8.969892573636615e-09, 8.890103779225371e-09, 8.743863205645097e-09, 8.81161087802895e-09, 8.963319647683951e-09, 8.759363019657447e-09, 8.955447765932049e-09, 8.244485809118795e-09, 8.849214165663469e-09, 1.5155687638267612e-08, 6.413828816043054e-09, 8.634921712998247e-09, 8.955447765931774e-09, 8.955447765932049e-09, 8.400479884720009e-09, 7.816866680428644e-09, 8.973548063179977e-09, 5.870095290420772e-09, 8.744492816063752e-09, 2.3264397609264655e-08, 8.555317503629556e-09, 7.345940683134259e-09, 8.628515789084743e-09, 8.24382822811066e-09, 3.327803417625412e-08, 8.643170105395954e-09]"
hMpxV/Australia/QLD-MX000131/2024|EPI_ISL_19539775|2024-10-02,"[1.0, 0.0, 0.0, 0.0, 0.0, 0.0, 0.0, 0.0, 0.0, 0.0, 0.0, 0.0, 0.0, 0.0, 0.0, 0.0, 0.0, 0.0, 0.0, 0.0, 0.0, 0.0, 0.0, 0.0, 0.0, 0.0, 0.0, 0.0, 0.0, 0.0, 0.0]"
hMpxV/Australia/QLD-MX000133/2024|EPI_ISL_19539777|2024-10-02,"[1.0, 0.0, 0.0, 0.0, 0.0, 0.0, 0.0, 0.0, 0.0, 0.0, 0.0, 0.0, 0.0, 0.0, 0.0, 0.0, 0.0, 0.0, 0.0, 0.0, 0.0, 0.0, 0.0, 0.0, 0.0, 0.0, 0.0, 0.0, 0.0, 0.0, 0.0]"
NODE_0000196,"[0.999997539412842, 7.035124438759325e-08, 1.573656768433478e-07, 7.191005567301123e-08, 6.382413837836706e-08, 7.099679726684644e-08, 7.036634707850584e-08, 6.921532094650076e-08, 6.976258131430136e-08, 7.09447762122658e-08, 6.9336907609208e-08, 7.087907350543468e-08, 6.527763003670288e-08, 7.005366114705641e-08, 1.1952546489033102e-07, 5.0869804474882175e-08, 6.839747659431177e-08, 7.0879073505433e-08, 7.087907350543353e-08, 6.651154818460277e-08, 6.161431508427618e-08, 7.105751558254655e-08, 4.664124915588572e-08, 6.922013580265919e-08, 1.8354212568973233e-07, 6.772365884811209e-08, 5.832687521559406e-08, 6.829511875322032e-08, 6.53025444742626e-08, 2.6309266382237643e-07, 6.842430402520545e-08]"
hMpxV/Australia/QLD-MX000106/2024|EPI_ISL_19539753|2024-09-24,"[0.9999999999999999, 0.0, 0.0, 0.0, 0.0, 0.0, 0.0, 0.0, 0.0, 0.0, 0.0, 0.0, 0.0, 0.0, 0.0, 0.0, 0.0, 0.0, 0.0, 0.0, 0.0, 0.0, 0.0, 0.0, 0.0, 0.0, 0.0, 0.0, 0.0, 0.0, 0.0]"
NODE_0000197,"[0.9999999988018174, 3.295022052830562e-11, 8.191302387439591e-11, 3.368232366023856e-11, 2.9518028624528003e-11, 3.3279708223285373e-11, 3.303763090634152e-11, 3.256185972586975e-11, 3.274699913020134e-11, 3.32402555003627e-11, 3.2595069973420005e-11, 3.329461915398403e-11, 3.050772170657389e-11, 3.2609372496288306e-11, 6.360796093407491e-11, 2.2951960817515915e-11, 3.157536047316729e-11, 3.329461915398071e-11, 3.329461915398508e-11, 3.083671606064787e-11, 3.334103870793033e-11, 3.290660881748158e-11, 2.090200325756394e-11, 3.2565293334932164e-11, 9.817183283056027e-11, 3.172656337917575e-11, 2.606021671644136e-11, 3.2099358985827924e-11, 3.028207052133242e-11, 1.4042858065137263e-10, 3.220096789034003e-11]"
hMpxV/Australia/QLD-MX000120/2024|EPI_ISL_19539764|2024-10-01,"[0.9999999999999999, 0.0, 0.0, 0.0, 0.0, 0.0, 0.0, 0.0, 0.0, 0.0, 0.0, 0.0, 0.0, 0.0, 0.0, 0.0, 0.0, 0.0, 0.0, 0.0, 0.0, 0.0, 0.0, 0.0, 0.0, 0.0, 0.0, 0.0, 0.0, 0.0, 0.0]"
hMpxV/Australia/QLD-MX000119/2024|EPI_ISL_19539763|2024-09-30,"[0.9999999999999999, 0.0, 0.0, 0.0, 0.0, 0.0, 0.0, 0.0, 0.0, 0.0, 0.0, 0.0, 0.0, 0.0, 0.0, 0.0, 0.0, 0.0, 0.0, 0.0, 0.0, 0.0, 0.0, 0.0, 0.0, 0.0, 0.0, 0.0, 0.0, 0.0, 0.0]"
NODE_0000201,"[0.9999999999998416, 3.3885578752544845e-15, 1.4400319545599177e-14, 3.4450190480129867e-15, 2.990476628058908e-15, 3.416874398403229e-15, 3.4264389907694004e-15, 3.441000383531857e-15, 3.453891960418011e-15, 3.4045975619010473e-15, 3.4236203323842186e-15, 3.446077588306458e-15, 3.1529661564538962e-15, 3.263892789219036e-15, 1.0513932407475482e-14, 2.1832079610916334e-15, 3.147834793068614e-15, 3.4460775883061384e-15, 3.446077588306531e-15, 3.034581872870004e-15, 6.081186728726389e-15, 3.2456552267483402e-15, 2.1047201701463057e-15, 3.4418016844696127e-15, 1.7183204614383534e-14, 3.280960579370164e-15, 2.4682929443468172e-15, 3.356315477428227e-15, 3.080103622348042e-15, 3.046021984940719e-14, 3.431803981867563e-15]"
hMpxV/Australia/QLD-MX000140/2024|EPI_ISL_19539784|2024-09-30,"[1.0, 0.0, 0.0, 0.0, 0.0, 0.0, 0.0, 0.0, 0.0, 0.0, 0.0, 0.0, 0.0, 0.0, 0.0, 0.0, 0.0, 0.0, 0.0, 0.0, 0.0, 0.0, 0.0, 0.0, 0.0, 0.0, 0.0, 0.0, 0.0, 0.0, 0.0]"
hMpxV/Australia/QLD-MX000141/2024|EPI_ISL_19539785|2024-09-30,"[1.0, 0.0, 0.0, 0.0, 0.0, 0.0, 0.0, 0.0, 0.0, 0.0, 0.0, 0.0, 0.0, 0.0, 0.0, 0.0, 0.0, 0.0, 0.0, 0.0, 0.0, 0.0, 0.0, 0.0, 0.0, 0.0, 0.0, 0.0, 0.0, 0.0, 0.0]"
hMpxV/Australia/QLD-MX000107/2024|EPI_ISL_19539754|2024-09-25,"[0.9999999999999999, 0.0, 0.0, 0.0, 0.0, 0.0, 0.0, 0.0, 0.0, 0.0, 0.0, 0.0, 0.0, 0.0, 0.0, 0.0, 0.0, 0.0, 0.0, 0.0, 0.0, 0.0, 0.0, 0.0, 0.0, 0.0, 0.0, 0.0, 0.0, 0.0, 0.0]"
hMpxV/Australia/QLD-MX000117/2024|EPI_ISL_19539761|2024-09-30,"[1.0, 0.0, 0.0, 0.0, 0.0, 0.0, 0.0, 0.0, 0.0, 0.0, 0.0, 0.0, 0.0, 0.0, 0.0, 0.0, 0.0, 0.0, 0.0, 0.0, 0.0, 0.0, 0.0, 0.0, 0.0, 0.0, 0.0, 0.0, 0.0, 0.0, 0.0]"
NODE_0000191,"[0.9999946398887462, 1.5332844281179743e-07, 3.424673763560854e-07, 1.567195691448565e-07, 1.391672967570694e-07, 1.5472707218794438e-07, 1.5335255854753154e-07, 1.5084879472476297e-07, 1.5205515724364737e-07, 1.54614161138438e-07, 1.511133852880979e-07, 1.5446480752033278e-07, 1.4228914302123273e-07, 1.526912402211342e-07, 2.59820281147972e-07, 1.1100023205312098e-07, 1.491314508685056e-07, 1.544648075203316e-07, 1.544648075203344e-07, 1.449853164096774e-07, 1.3388511463614633e-07, 1.5490502251673396e-07, 1.0186578011371104e-07, 1.5085907535456137e-07, 3.990333365291247e-07, 1.4760286151640602e-07, 1.2734742885856408e-07, 1.4883679559226642e-07, 1.4238224814417833e-07, 5.725569065493111e-07, 1.4913078366103488e-07]"
hMpxV/Australia/QLD-MX000109/2024|EPI_ISL_19539756|2024-09-24,"[1.0, 0.0, 0.0, 0.0, 0.0, 0.0, 0.0, 0.0, 0.0, 0.0, 0.0, 0.0, 0.0, 0.0, 0.0, 0.0, 0.0, 0.0, 0.0, 0.0, 0.0, 0.0, 0.0, 0.0, 0.0, 0.0, 0.0, 0.0, 0.0, 0.0, 0.0]"
NODE_0000192,"[0.9999999999233686, 1.837978931047149e-12, 6.258616967177697e-12, 1.8735369840908773e-12, 1.6266911621813752e-12, 1.855285691329781e-12, 1.852513482877601e-12, 1.844952145974879e-12, 1.85219122690733e-12, 1.850470230411459e-12, 1.8405564288167385e-12, 1.8652716357289832e-12, 1.7048537233059687e-12, 1.7896830947342032e-12, 4.744614791199215e-12, 1.2138068652052559e-12, 1.7244006021647476e-12, 1.8652716357289323e-12, 1.865271635729057e-12, 1.6753537954991985e-12, 2.6314970756730736e-12, 1.7892168541600574e-12, 1.1364421765997184e-12, 1.8452893457772e-12, 7.557307421378739e-12, 1.7749287883731137e-12, 1.3709839366324349e-12, 1.8081253519289616e-12, 1.6738676882550575e-12, 1.2069484389143593e-11, 1.832768542176135e-12]"
hMpxV/Australia/QLD-MX000135/2024|EPI_ISL_19539779|2024-10-02,"[1.0, 0.0, 0.0, 0.0, 0.0, 0.0, 0.0, 0.0, 0.0, 0.0, 0.0, 0.0, 0.0, 0.0, 0.0, 0.0, 0.0, 0.0, 0.0, 0.0, 0.0, 0.0, 0.0, 0.0, 0.0, 0.0, 0.0, 0.0, 0.0, 0.0, 0.0]"
hMpxV/Australia/QLD-MX000134/2024|EPI_ISL_19539778|2024-10-02,"[1.0, 0.0, 0.0, 0.0, 0.0, 0.0, 0.0, 0.0, 0.0, 0.0, 0.0, 0.0, 0.0, 0.0, 0.0, 0.0, 0.0, 0.0, 0.0, 0.0, 0.0, 0.0, 0.0, 0.0, 0.0, 0.0, 0.0, 0.0, 0.0, 0.0, 0.0]"
NODE_0000193,"[0.9999999935182821, 1.7830848863042044e-10, 4.4289237364861605e-10, 1.8228153295084894e-10, 1.596614768993565e-10, 1.801022509240468e-10, 1.787869794571791e-10, 1.7619412821568468e-10, 1.771800802358491e-10, 1.79889524230126e-10, 1.763787914812715e-10, 1.8018589406606236e-10, 1.650645388305317e-10, 1.7646288879213942e-10, 3.4453676029460795e-10, 1.2407639756606953e-10, 1.7080502303259439e-10, 1.8018589406605342e-10, 1.8018589406606239e-10, 1.6686558582198077e-10, 1.8054129153253876e-10, 1.7805208316933443e-10, 1.1287923715288621e-10, 1.7621281393111158e-10, 5.315205956316719e-10, 1.716792494364431e-10, 1.408101199378193e-10, 1.7370417871421207e-10, 1.6380716903801576e-10, 7.582384194310806e-10, 1.74228336368638e-10]"
hMpxV/Australia/QLD-MX000122/2024|EPI_ISL_19539766|2024-10-02,"[0.9999999999999999, 0.0, 0.0, 0.0, 0.0, 0.0, 0.0, 0.0, 0.0, 0.0, 0.0, 0.0, 0.0, 0.0, 0.0, 0.0, 0.0, 0.0, 0.0, 0.0, 0.0, 0.0, 0.0, 0.0, 0.0, 0.0, 0.0, 0.0, 0.0, 0.0, 0.0]"
hMpxV/Australia/QLD-MX000132/2024|EPI_ISL_19539776|2024-10-02,"[0.9999999999999999, 0.0, 0.0, 0.0, 0.0, 0.0, 0.0, 0.0, 0.0, 0.0, 0.0, 0.0, 0.0, 0.0, 0.0, 0.0, 0.0, 0.0, 0.0, 0.0, 0.0, 0.0, 0.0, 0.0, 0.0, 0.0, 0.0, 0.0, 0.0, 0.0, 0.0]"
NODE_0000199,"[0.9999999855308233, 3.677043734341381e-10, 1.1078870323682206e-09, 3.74775314661411e-10, 3.3031710101164955e-10, 3.707974606424267e-10, 3.695613174457816e-10, 3.672334325049645e-10, 3.696399963069754e-10, 3.7002684935388094e-10, 3.6666580079630014e-10, 3.71886238724733e-10, 3.4196438746584223e-10, 3.6058403495022967e-10, 8.181765782030269e-10, 2.5372321199982215e-10, 3.5085779283057307e-10, 3.718862387247183e-10, 3.718862387247383e-10, 3.3914011881720043e-10, 4.449042064916533e-10, 3.626893895345797e-10, 2.396817928047025e-10, 3.6728475274783243e-10, 1.2958469882188955e-09, 3.5499833988172735e-10, 2.9002942752850626e-10, 3.602578419147433e-10, 3.388582110438186e-10, 2.07523241926334e-09, 3.646796967971544e-10]"
hMpxV/Australia/QLD-MX000139/2024|EPI_ISL_19539783|2024-09-30,"[1.0, 0.0, 0.0, 0.0, 0.0, 0.0, 0.0, 0.0, 0.0, 0.0, 0.0, 0.0, 0.0, 0.0, 0.0, 0.0, 0.0, 0.0, 0.0, 0.0, 0.0, 0.0, 0.0, 0.0, 0.0, 0.0, 0.0, 0.0, 0.0, 0.0, 0.0]"
hMpxV/Australia/QLD-MX000156/2024|EPI_ISL_19539797|2024-10-14,"[1.0, 0.0, 0.0, 0.0, 0.0, 0.0, 0.0, 0.0, 0.0, 0.0, 0.0, 0.0, 0.0, 0.0, 0.0, 0.0, 0.0, 0.0, 0.0, 0.0, 0.0, 0.0, 0.0, 0.0, 0.0, 0.0, 0.0, 0.0, 0.0, 0.0, 0.0]"
NODE_0000200,"[0.9999999999612037, 9.339482834539903e-13, 3.156453126074592e-12, 9.5207886448594e-13, 8.26794398200644e-13, 9.427550000412422e-13, 9.412234304471799e-13, 9.371572375621135e-13, 9.408691401279364e-13, 9.403382342749854e-13, 9.34998560706479e-13, 9.477265442109982e-13, 8.66261376403318e-13, 9.097335013025415e-13, 2.3947425870816795e-12, 6.174954753426389e-13, 8.766305823325458e-13, 9.477265442109343e-13, 9.47726544211015e-13, 8.518153200616754e-13, 1.3262393341769106e-12, 9.096900403744833e-13, 5.777867550372613e-13, 9.37326758958549e-13, 3.811384574085348e-12, 9.01843851422782e-13, 6.975621663906325e-13, 9.18569753344269e-13, 8.507254099301006e-13, 6.068122258757067e-12, 9.308704480521004e-13]"
hMpxV/Australia/QLD-MX000097/2024|EPI_ISL_19539745|2024-09-17,"[0.9999999999999999, 0.0, 0.0, 0.0, 0.0, 0.0, 0.0, 0.0, 0.0, 0.0, 0.0, 0.0, 0.0, 0.0, 0.0, 0.0, 0.0, 0.0, 0.0, 0.0, 0.0, 0.0, 0.0, 0.0, 0.0, 0.0, 0.0, 0.0, 0.0, 0.0, 0.0]"
hMpxV/Australia/QLD-MX000103/2024|EPI_ISL_19539750|2024-09-24,"[1.0, 0.0, 0.0, 0.0, 0.0, 0.0, 0.0, 0.0, 0.0, 0.0, 0.0, 0.0, 0.0, 0.0, 0.0, 0.0, 0.0, 0.0, 0.0, 0.0, 0.0, 0.0, 0.0, 0.0, 0.0, 0.0, 0.0, 0.0, 0.0, 0.0, 0.0]"
hMpxV/Australia/QLD-MX000118/2024|EPI_ISL_19539762|2024-09-30,"[1.0, 0.0, 0.0, 0.0, 0.0, 0.0, 0.0, 0.0, 0.0, 0.0, 0.0, 0.0, 0.0, 0.0, 0.0, 0.0, 0.0, 0.0, 0.0, 0.0, 0.0, 0.0, 0.0, 0.0, 0.0, 0.0, 0.0, 0.0, 0.0, 0.0, 0.0]"
NODE_0000202,"[0.9999978655435927, 6.082018594758128e-08, 1.3735612146106147e-07, 6.216413934646529e-08, 5.5139957188397696e-08, 6.13785091517437e-08, 6.084439848644413e-08, 5.986586141717656e-08, 6.03329730778779e-08, 6.133068681667147e-08, 5.996571959393353e-08, 6.128778737865478e-08, 5.643213996730802e-08, 6.052772080579645e-08, 1.0439450430618706e-07, 4.38760212266183e-08, 5.907356887362507e-08, 6.128778737865411e-08, 6.128778737865478e-08, 5.745054262703223e-08, 5.388243476015735e-08, 6.137585450394091e-08, 4.025785196437924e-08, 5.987013018667326e-08, 1.604372590550324e-07, 5.855079794479748e-08, 5.030104059998644e-08, 5.905938813810261e-08, 5.6428812474262934e-08, 2.3028845527734822e-07, 5.9187969941004914e-08]"
NODE_0000204,"[0.9999999993683666, 1.74058542727492e-11, 4.304037817713651e-11, 1.7792762521515468e-11, 1.560038577983342e-11, 1.7579413474876977e-11, 1.7450137024792438e-11, 1.719683975165824e-11, 1.729608473199799e-11, 1.755894816972921e-11, 1.721510875948557e-11, 1.758566312818494e-11, 1.611667791534771e-11, 1.723053129549208e-11, 3.3405957672358526e-11, 1.214280407870313e-11, 1.6689216947652957e-11, 1.7585663128181602e-11, 1.758566312818494e-11, 1.6297037274792414e-11, 1.7492723216258352e-11, 1.739158942923511e-11, 1.1060446464675503e-11, 1.719862177924611e-11, 5.1539872094537976e-11, 1.6758989420189592e-11, 1.3793177861367395e-11, 1.6953462257124614e-11, 1.600270736257312e-11, 7.3660991153293e-11, 1.7005686566713644e-11]"
hMpxV/Australia/QLD-MX000096/2024|EPI_ISL_19539744|2024-09-17,"[1.0, 0.0, 0.0, 0.0, 0.0, 0.0, 0.0, 0.0, 0.0, 0.0, 0.0, 0.0, 0.0, 0.0, 0.0, 0.0, 0.0, 0.0, 0.0, 0.0, 0.0, 0.0, 0.0, 0.0, 0.0, 0.0, 0.0, 0.0, 0.0, 0.0, 0.0]"
hMpxV/Australia/QLD-MX000098/2024|EPI_ISL_19539746|2024-09-17,"[1.0, 0.0, 0.0, 0.0, 0.0, 0.0, 0.0, 0.0, 0.0, 0.0, 0.0, 0.0, 0.0, 0.0, 0.0, 0.0, 0.0, 0.0, 0.0, 0.0, 0.0, 0.0, 0.0, 0.0, 0.0, 0.0, 0.0, 0.0, 0.0, 0.0, 0.0]"
NODE_0000203,"[0.9999999999999999, 1.686019998407898e-18, 1.0994450883387113e-17, 1.7086221377386664e-18, 1.4560697732551244e-18, 1.6997868988834974e-18, 1.7176858194184064e-18, 1.7479089342744344e-18, 1.748588897418666e-18, 1.6904516101849523e-18, 1.7315183224170848e-18, 1.7262931515298143e-18, 1.570039508530994e-18, 1.5878442040861917e-18, 7.913633291617595e-18, 9.987102923398896e-19, 1.5149830373645247e-18, 1.7262931515297679e-18, 1.7262931515299368e-18, 1.4557878863541298e-18, 4.934592152784334e-18, 1.5573614184394212e-18, 9.906401441659878e-19, 1.7485063582965596e-18, 1.3459549327099067e-17, 1.638139486393376e-18, 1.116300409379645e-18, 1.6923933935012244e-18, 1.5075434157988811e-18, 2.709078661016223e-17, 1.7527153987089752e-18]"
hMpxV/Australia/QLD-MX000065/2024|EPI_ISL_19539713|2024-09-06,"[1.0, 0.0, 0.0, 0.0, 0.0, 0.0, 0.0, 0.0, 0.0, 0.0, 0.0, 0.0, 0.0, 0.0, 0.0, 0.0, 0.0, 0.0, 0.0, 0.0, 0.0, 0.0, 0.0, 0.0, 0.0, 0.0, 0.0, 0.0, 0.0, 0.0, 0.0]"
hMpxV/Australia/QLD-MX000067/2024|EPI_ISL_19539715|2024-09-09,"[1.0, 0.0, 0.0, 0.0, 0.0, 0.0, 0.0, 0.0, 0.0, 0.0, 0.0, 0.0, 0.0, 0.0, 0.0, 0.0, 0.0, 0.0, 0.0, 0.0, 0.0, 0.0, 0.0, 0.0, 0.0, 0.0, 0.0, 0.0, 0.0, 0.0, 0.0]"
hMpxV/Australia/QLD-MX000080/2024|EPI_ISL_19539728|2024-09-13,"[0.9999999999999999, 0.0, 0.0, 0.0, 0.0, 0.0, 0.0, 0.0, 0.0, 0.0, 0.0, 0.0, 0.0, 0.0, 0.0, 0.0, 0.0, 0.0, 0.0, 0.0, 0.0, 0.0, 0.0, 0.0, 0.0, 0.0, 0.0, 0.0, 0.0, 0.0, 0.0]"
hMpxV/Australia/QLD-MX000104/2024|EPI_ISL_19539751|2024-09-23,"[1.0, 0.0, 0.0, 0.0, 0.0, 0.0, 0.0, 0.0, 0.0, 0.0, 0.0, 0.0, 0.0, 0.0, 0.0, 0.0, 0.0, 0.0, 0.0, 0.0, 0.0, 0.0, 0.0, 0.0, 0.0, 0.0, 0.0, 0.0, 0.0, 0.0, 0.0]"
hMpxV/Australia/QLD-MX000110/2024|EPI_ISL_19539757|2024-09-25,"[1.0, 0.0, 0.0, 0.0, 0.0, 0.0, 0.0, 0.0, 0.0, 0.0, 0.0, 0.0, 0.0, 0.0, 0.0, 0.0, 0.0, 0.0, 0.0, 0.0, 0.0, 0.0, 0.0, 0.0, 0.0, 0.0, 0.0, 0.0, 0.0, 0.0, 0.0]"
NODE_0000194,"[1.0, 3.627606552884758e-23, 5.128892112735699e-22, 3.6465319536951793e-23, 3.070434715371215e-23, 3.6477281819388285e-23, 3.7408535807102853e-23, 3.9126967056059693e-23, 3.9045679313563213e-23, 3.614957468337549e-23, 3.8417622128260975e-23, 3.7480036109707875e-23, 3.404267166629305e-23, 3.284576116030324e-23, 3.3652229897676945e-22, 1.9261317713456473e-23, 3.1195409672537963e-23, 3.7480036109708927e-23, 3.74800361097116e-23, 2.939166997551804e-23, 2.415245785222849e-22, 3.1554895745824316e-23, 2.0848681635478355e-23, 3.9147333539513413e-23, 6.222235645497649e-22, 3.553289071186305e-23, 2.1455684996567126e-23, 3.729406411826122e-23, 3.197053653546165e-23, 1.7114837173162402e-21, 3.972838529031562e-23]"
hMpxV/Australia/QLD-MX000121/2024|EPI_ISL_19539765|2024-10-02,"[1.0, 0.0, 0.0, 0.0, 0.0, 0.0, 0.0, 0.0, 0.0, 0.0, 0.0, 0.0, 0.0, 0.0, 0.0, 0.0, 0.0, 0.0, 0.0, 0.0, 0.0, 0.0, 0.0, 0.0, 0.0, 0.0, 0.0, 0.0, 0.0, 0.0, 0.0]"
hMpxV/Australia/QLD-MX000129/2024|EPI_ISL_19539773|2024-10-02,"[1.0, 0.0, 0.0, 0.0, 0.0, 0.0, 0.0, 0.0, 0.0, 0.0, 0.0, 0.0, 0.0, 0.0, 0.0, 0.0, 0.0, 0.0, 0.0, 0.0, 0.0, 0.0, 0.0, 0.0, 0.0, 0.0, 0.0, 0.0, 0.0, 0.0, 0.0]"
hMpxV/Australia/QLD-MX000130/2024|EPI_ISL_19539774|2024-10-02,"[1.0, 0.0, 0.0, 0.0, 0.0, 0.0, 0.0, 0.0, 0.0, 0.0, 0.0, 0.0, 0.0, 0.0, 0.0, 0.0, 0.0, 0.0, 0.0, 0.0, 0.0, 0.0, 0.0, 0.0, 0.0, 0.0, 0.0, 0.0, 0.0, 0.0, 0.0]"
hMpxV/Australia/QLD-MX000148/2024|EPI_ISL_19539789|2024-10-15,"[1.0, 0.0, 0.0, 0.0, 0.0, 0.0, 0.0, 0.0, 0.0, 0.0, 0.0, 0.0, 0.0, 0.0, 0.0, 0.0, 0.0, 0.0, 0.0, 0.0, 0.0, 0.0, 0.0, 0.0, 0.0, 0.0, 0.0, 0.0, 0.0, 0.0, 0.0]"
hMpxV/Australia/QLD-MX000149/2024|EPI_ISL_19539790|2024-10-15,"[1.0, 0.0, 0.0, 0.0, 0.0, 0.0, 0.0, 0.0, 0.0, 0.0, 0.0, 0.0, 0.0, 0.0, 0.0, 0.0, 0.0, 0.0, 0.0, 0.0, 0.0, 0.0, 0.0, 0.0, 0.0, 0.0, 0.0, 0.0, 0.0, 0.0, 0.0]"
hMpxV/Australia/QLD-MX000157/2024|EPI_ISL_19539798|2024-10-15,"[1.0, 0.0, 0.0, 0.0, 0.0, 0.0, 0.0, 0.0, 0.0, 0.0, 0.0, 0.0, 0.0, 0.0, 0.0, 0.0, 0.0, 0.0, 0.0, 0.0, 0.0, 0.0, 0.0, 0.0, 0.0, 0.0, 0.0, 0.0, 0.0, 0.0, 0.0]"
hMpxV/Australia/QLD-MX000158/2024|EPI_ISL_19539799|2024-10-17,"[0.9999999999999999, 0.0, 0.0, 0.0, 0.0, 0.0, 0.0, 0.0, 0.0, 0.0, 0.0, 0.0, 0.0, 0.0, 0.0, 0.0, 0.0, 0.0, 0.0, 0.0, 0.0, 0.0, 0.0, 0.0, 0.0, 0.0, 0.0, 0.0, 0.0, 0.0, 0.0]"
NODE_0000195,"[0.9999999991846057, 2.245405584183858e-11, 5.562446730955622e-11, 2.2954030821962756e-11, 2.011414613936813e-11, 2.2679167415702725e-11, 2.2512777785757633e-11, 2.2185619799245315e-11, 2.2311400045212812e-11, 2.265261288570581e-11, 2.220918536749798e-11, 2.2688451804590283e-11, 2.078813144241784e-11, 2.22249932559389e-11, 4.323650657104881e-11, 1.5642853900837485e-11, 2.1518383532190953e-11, 2.268845180458475e-11, 2.2688451804590367e-11, 2.1018684756180135e-11, 2.2646949591502814e-11, 2.2428671848068502e-11, 1.4237292621670617e-11, 2.2187946560341314e-11, 6.66966068522009e-11, 2.161925460057314e-11, 1.7759227903925187e-11, 2.1872231688136333e-11, 2.0634853878051042e-11, 9.518059421853715e-11, 2.193822793458608e-11]"
hMpxV/Australia/QLD-MX000125/2024|EPI_ISL_19539769|2024-10-03,"[1.0, 0.0, 0.0, 0.0, 0.0, 0.0, 0.0, 0.0, 0.0, 0.0, 0.0, 0.0, 0.0, 0.0, 0.0, 0.0, 0.0, 0.0, 0.0, 0.0, 0.0, 0.0, 0.0, 0.0, 0.0, 0.0, 0.0, 0.0, 0.0, 0.0, 0.0]"
hMpxV/Australia/QLD-MX000108/2024|EPI_ISL_19539755|2024-09-23,"[0.9999999999999999, 0.0, 0.0, 0.0, 0.0, 0.0, 0.0, 0.0, 0.0, 0.0, 0.0, 0.0, 0.0, 0.0, 0.0, 0.0, 0.0, 0.0, 0.0, 0.0, 0.0, 0.0, 0.0, 0.0, 0.0, 0.0, 0.0, 0.0, 0.0, 0.0, 0.0]"
NODE_0000187,"[0.9999999999187088, 1.98175762501013e-12, 6.5278760721843434e-12, 2.020026954976093e-12, 1.7608231305616968e-12, 1.999865221765696e-12, 1.9959233341200852e-12, 1.986606049687729e-12, 1.9957906718016624e-12, 1.9949404418691925e-12, 1.982326328246807e-12, 2.0093614230449185e-12, 1.839489981505845e-12, 1.9331790405683343e-12, 4.917889816173411e-12, 1.3239978324817083e-12, 1.867449175149977e-12, 2.0093614230447008e-12, 2.0093614230449326e-12, 1.812030895134888e-12, 2.7114856230050707e-12, 1.9358886811328627e-12, 1.2431281514742953e-12, 1.9869441302848775e-12, 7.820725141253732e-12, 1.9135739754427934e-12, 1.5007280303156764e-12, 1.9473917717157497e-12, 1.8105455261581876e-12, 1.24794127617687e-11, 1.97330555094969e-12]"
hMpxV/Australia/VIC-VIDRL-6937/2024|EPI_ISL_19459780|2024-06-11,"[1.0, 0.0, 0.0, 0.0, 0.0, 0.0, 0.0, 0.0, 0.0, 0.0, 0.0, 0.0, 0.0, 0.0, 0.0, 0.0, 0.0, 0.0, 0.0, 0.0, 0.0, 0.0, 0.0, 0.0, 0.0, 0.0, 0.0, 0.0, 0.0, 0.0, 0.0]"
hMpxV/Australia/VIC-VIDRL-6445/2024|EPI_ISL_19459705|2024-06-07,"[1.0, 0.0, 0.0, 0.0, 0.0, 0.0, 0.0, 0.0, 0.0, 0.0, 0.0, 0.0, 0.0, 0.0, 0.0, 0.0, 0.0, 0.0, 0.0, 0.0, 0.0, 0.0, 0.0, 0.0, 0.0, 0.0, 0.0, 0.0, 0.0, 0.0, 0.0]"
NODE_0000188,"[0.9999999999999999, 4.234359766054852e-24, 9.0029091050296e-23, 4.2295791405495734e-24, 3.607605390473205e-24, 4.242986001651784e-24, 4.388429709335262e-24, 4.6713033720946865e-24, 4.67096121709538e-24, 4.196816025209269e-24, 4.561613281963235e-24, 4.382788678341045e-24, 4.012455670611881e-24, 3.75932227348524e-24, 5.304573548849752e-23, 2.207364161912808e-24, 3.609457272921249e-24, 4.382788678340629e-24, 4.382788678341045e-24, 3.326509622884973e-24, 4.10861698905521e-23, 3.588268043871603e-24, 2.5915860040301622e-24, 4.674045754268235e-24, 1.0369805534409962e-22, 4.1709199845777466e-24, 2.4999434025578664e-24, 4.405475957122171e-24, 3.756794982923668e-24, 3.626990979669892e-22, 4.7858864520748794e-24]"
hMpxV/Australia/VIC-VIDRL-3955/2024|EPI_ISL_19459711|2024-07-07,"[0.9999999999999999, 0.0, 0.0, 0.0, 0.0, 0.0, 0.0, 0.0, 0.0, 0.0, 0.0, 0.0, 0.0, 0.0, 0.0, 0.0, 0.0, 0.0, 0.0, 0.0, 0.0, 0.0, 0.0, 0.0, 0.0, 0.0, 0.0, 0.0, 0.0, 0.0, 0.0]"
hMpxV/Australia/QLD-MX000038/2024|EPI_ISL_19539687|2024-07-30,"[1.0, 0.0, 0.0, 0.0, 0.0, 0.0, 0.0, 0.0, 0.0, 0.0, 0.0, 0.0, 0.0, 0.0, 0.0, 0.0, 0.0, 0.0, 0.0, 0.0, 0.0, 0.0, 0.0, 0.0, 0.0, 0.0, 0.0, 0.0, 0.0, 0.0, 0.0]"
hMpxV/Australia/QLD-MX000040/2024|EPI_ISL_19539689|2024-07-30,"[1.0, 0.0, 0.0, 0.0, 0.0, 0.0, 0.0, 0.0, 0.0, 0.0, 0.0, 0.0, 0.0, 0.0, 0.0, 0.0, 0.0, 0.0, 0.0, 0.0, 0.0, 0.0, 0.0, 0.0, 0.0, 0.0, 0.0, 0.0, 0.0, 0.0, 0.0]"
hMpxV/Australia/QLD-MX000138/2024|EPI_ISL_19539782|2024-09-12,"[1.0, 0.0, 0.0, 0.0, 0.0, 0.0, 0.0, 0.0, 0.0, 0.0, 0.0, 0.0, 0.0, 0.0, 0.0, 0.0, 0.0, 0.0, 0.0, 0.0, 0.0, 0.0, 0.0, 0.0, 0.0, 0.0, 0.0, 0.0, 0.0, 0.0, 0.0]"
hMpxV/Australia/QLD-MX000066/2024|EPI_ISL_19539714|2024-09-05,"[1.0, 0.0, 0.0, 0.0, 0.0, 0.0, 0.0, 0.0, 0.0, 0.0, 0.0, 0.0, 0.0, 0.0, 0.0, 0.0, 0.0, 0.0, 0.0, 0.0, 0.0, 0.0, 0.0, 0.0, 0.0, 0.0, 0.0, 0.0, 0.0, 0.0, 0.0]"
hMpxV/Australia/QLD-MX000079/2024|EPI_ISL_19539726|2024-09-12,"[1.0, 0.0, 0.0, 0.0, 0.0, 0.0, 0.0, 0.0, 0.0, 0.0, 0.0, 0.0, 0.0, 0.0, 0.0, 0.0, 0.0, 0.0, 0.0, 0.0, 0.0, 0.0, 0.0, 0.0, 0.0, 0.0, 0.0, 0.0, 0.0, 0.0, 0.0]"
hMpxV/Australia/QLD-MX000082/2024|EPI_ISL_19539730|2024-09-15,"[0.9999999999999999, 0.0, 0.0, 0.0, 0.0, 0.0, 0.0, 0.0, 0.0, 0.0, 0.0, 0.0, 0.0, 0.0, 0.0, 0.0, 0.0, 0.0, 0.0, 0.0, 0.0, 0.0, 0.0, 0.0, 0.0, 0.0, 0.0, 0.0, 0.0, 0.0, 0.0]"
hMpxV/Australia/QLD-MX000081/2024|EPI_ISL_19539729|2024-09-12,"[1.0, 0.0, 0.0, 0.0, 0.0, 0.0, 0.0, 0.0, 0.0, 0.0, 0.0, 0.0, 0.0, 0.0, 0.0, 0.0, 0.0, 0.0, 0.0, 0.0, 0.0, 0.0, 0.0, 0.0, 0.0, 0.0, 0.0, 0.0, 0.0, 0.0, 0.0]"
hMpxV/Australia/QLD-MX000094/2024|EPI_ISL_19539742|2024-09-19,"[0.9999999999999999, 0.0, 0.0, 0.0, 0.0, 0.0, 0.0, 0.0, 0.0, 0.0, 0.0, 0.0, 0.0, 0.0, 0.0, 0.0, 0.0, 0.0, 0.0, 0.0, 0.0, 0.0, 0.0, 0.0, 0.0, 0.0, 0.0, 0.0, 0.0, 0.0, 0.0]"
NODE_0000189,"[0.9999997685771285, 6.52172310971146e-09, 1.5189033028942165e-08, 6.6653030418942846e-09, 5.894851498774007e-09, 6.5824586914088455e-09, 6.528606089574735e-09, 6.428287443882236e-09, 6.47519268178484e-09, 6.576390972220645e-09, 6.43742951996559e-09, 6.576703636398166e-09, 6.048817815240733e-09, 6.478326953164555e-09, 1.1598021030122851e-08, 4.66095212286351e-09, 6.310639986372502e-09, 6.5767036363975514e-09, 6.576703636398166e-09, 6.142510687744847e-09, 6.01237724889994e-09, 6.5607834968838754e-09, 4.277220695747363e-09, 6.428796903518552e-09, 1.7859441033231018e-08, 6.2788850548082546e-09, 5.334682436111905e-09, 6.339033191714014e-09, 6.037106872203521e-09, 2.566904303858963e-08, 6.356845996111451e-09]"
hMpxV/Australia/QLD-MX000056/2024|EPI_ISL_19539704|2024-09-01,"[1.0, 0.0, 0.0, 0.0, 0.0, 0.0, 0.0, 0.0, 0.0, 0.0, 0.0, 0.0, 0.0, 0.0, 0.0, 0.0, 0.0, 0.0, 0.0, 0.0, 0.0, 0.0, 0.0, 0.0, 0.0, 0.0, 0.0, 0.0, 0.0, 0.0, 0.0]"
hMpxV/Australia/QLD-MX000116/2024|EPI_ISL_19539760|2024-09-30,"[1.0, 0.0, 0.0, 0.0, 0.0, 0.0, 0.0, 0.0, 0.0, 0.0, 0.0, 0.0, 0.0, 0.0, 0.0, 0.0, 0.0, 0.0, 0.0, 0.0, 0.0, 0.0, 0.0, 0.0, 0.0, 0.0, 0.0, 0.0, 0.0, 0.0, 0.0]"
NODE_0000165,"[1.0, 2.481355463810346e-71, 2.0186834650767597e-67, 2.3509596738033956e-71, 1.6747648078102907e-71, 2.4602841964999685e-71, 2.839809633313251e-71, 3.679162705334529e-71, 3.556517318419927e-71, 2.3693187803561682e-71, 3.369227590350966e-71, 2.7899635177110933e-71, 2.431457090402018e-71, 1.6196468369657394e-71, 7.666477325393264e-68, 4.678696205956659e-72, 1.4124267925835646e-71, 2.7899635177107703e-71, 2.789963517711252e-71, 1.1832328580118006e-71, 1.7215253448079013e-67, 1.2947418491210535e-71, 9.230329047833772e-72, 3.686714242009967e-71, 2.7119768531296824e-67, 2.5827972285343116e-71, 4.788267642119261e-72, 3.1067455263505307e-71, 1.8487043356635676e-71, 7.436625139860282e-66, 4.1040061701715025e-71]"
hMpxV/Australia/QLD-MX000033/2024|EPI_ISL_19539683|2024-06-24,"[1.0, 0.0, 0.0, 0.0, 0.0, 0.0, 0.0, 0.0, 0.0, 0.0, 0.0, 0.0, 0.0, 0.0, 0.0, 0.0, 0.0, 0.0, 0.0, 0.0, 0.0, 0.0, 0.0, 0.0, 0.0, 0.0, 0.0, 0.0, 0.0, 0.0, 0.0]"
hMpxV/Australia/QLD-MX000037/2024|EPI_ISL_19539686|2024-07-29,"[1.0, 0.0, 0.0, 0.0, 0.0, 0.0, 0.0, 0.0, 0.0, 0.0, 0.0, 0.0, 0.0, 0.0, 0.0, 0.0, 0.0, 0.0, 0.0, 0.0, 0.0, 0.0, 0.0, 0.0, 0.0, 0.0, 0.0, 0.0, 0.0, 0.0, 0.0]"
hMpxV/Australia/VIC-VIDRL-9145/2024|EPI_ISL_19459712|2024-06-18,"[0.9999999999999999, 0.0, 0.0, 0.0, 0.0, 0.0, 0.0, 0.0, 0.0, 0.0, 0.0, 0.0, 0.0, 0.0, 0.0, 0.0, 0.0, 0.0, 0.0, 0.0, 0.0, 0.0, 0.0, 0.0, 0.0, 0.0, 0.0, 0.0, 0.0, 0.0, 0.0]"
hMpxV/Australia/VIC-VIDRL-6180/2024|EPI_ISL_19459716|2024-06-06,"[1.0, 0.0, 0.0, 0.0, 0.0, 0.0, 0.0, 0.0, 0.0, 0.0, 0.0, 0.0, 0.0, 0.0, 0.0, 0.0, 0.0, 0.0, 0.0, 0.0, 0.0, 0.0, 0.0, 0.0, 0.0, 0.0, 0.0, 0.0, 0.0, 0.0, 0.0]"
hMpxV/Australia/VIC-VIDRL-8561/2024|EPI_ISL_19459719|2024-06-17,"[1.0, 0.0, 0.0, 0.0, 0.0, 0.0, 0.0, 0.0, 0.0, 0.0, 0.0, 0.0, 0.0, 0.0, 0.0, 0.0, 0.0, 0.0, 0.0, 0.0, 0.0, 0.0, 0.0, 0.0, 0.0, 0.0, 0.0, 0.0, 0.0, 0.0, 0.0]"
hMpxV/Australia/VIC-VIDRL-8119/2024|EPI_ISL_19459721|2024-06-14,"[1.0, 0.0, 0.0, 0.0, 0.0, 0.0, 0.0, 0.0, 0.0, 0.0, 0.0, 0.0, 0.0, 0.0, 0.0, 0.0, 0.0, 0.0, 0.0, 0.0, 0.0, 0.0, 0.0, 0.0, 0.0, 0.0, 0.0, 0.0, 0.0, 0.0, 0.0]"
hMpxV/Australia/VIC-VIDRL-0967/2024|EPI_ISL_19459728|2024-06-25,"[1.0, 0.0, 0.0, 0.0, 0.0, 0.0, 0.0, 0.0, 0.0, 0.0, 0.0, 0.0, 0.0, 0.0, 0.0, 0.0, 0.0, 0.0, 0.0, 0.0, 0.0, 0.0, 0.0, 0.0, 0.0, 0.0, 0.0, 0.0, 0.0, 0.0, 0.0]"
hMpxV/Australia/VIC-VIDRL-0493/2024|EPI_ISL_19459731|2024-06-24,"[1.0, 0.0, 0.0, 0.0, 0.0, 0.0, 0.0, 0.0, 0.0, 0.0, 0.0, 0.0, 0.0, 0.0, 0.0, 0.0, 0.0, 0.0, 0.0, 0.0, 0.0, 0.0, 0.0, 0.0, 0.0, 0.0, 0.0, 0.0, 0.0, 0.0, 0.0]"
hMpxV/Australia/VIC-VIDRL-8843/2024|EPI_ISL_19459744|2024-06-17,"[1.0, 0.0, 0.0, 0.0, 0.0, 0.0, 0.0, 0.0, 0.0, 0.0, 0.0, 0.0, 0.0, 0.0, 0.0, 0.0, 0.0, 0.0, 0.0, 0.0, 0.0, 0.0, 0.0, 0.0, 0.0, 0.0, 0.0, 0.0, 0.0, 0.0, 0.0]"
hMpxV/Australia/VIC-VIDRL-8126/2024|EPI_ISL_19459743|2024-06-14,"[1.0, 0.0, 0.0, 0.0, 0.0, 0.0, 0.0, 0.0, 0.0, 0.0, 0.0, 0.0, 0.0, 0.0, 0.0, 0.0, 0.0, 0.0, 0.0, 0.0, 0.0, 0.0, 0.0, 0.0, 0.0, 0.0, 0.0, 0.0, 0.0, 0.0, 0.0]"
hMpxV/Australia/VIC-VIDRL-8844/2024|EPI_ISL_19459750|2024-06-17,"[1.0, 0.0, 0.0, 0.0, 0.0, 0.0, 0.0, 0.0, 0.0, 0.0, 0.0, 0.0, 0.0, 0.0, 0.0, 0.0, 0.0, 0.0, 0.0, 0.0, 0.0, 0.0, 0.0, 0.0, 0.0, 0.0, 0.0, 0.0, 0.0, 0.0, 0.0]"
hMpxV/Australia/VIC-VIDRL-5416/2024|EPI_ISL_19459762|2024-06-03,"[1.0, 0.0, 0.0, 0.0, 0.0, 0.0, 0.0, 0.0, 0.0, 0.0, 0.0, 0.0, 0.0, 0.0, 0.0, 0.0, 0.0, 0.0, 0.0, 0.0, 0.0, 0.0, 0.0, 0.0, 0.0, 0.0, 0.0, 0.0, 0.0, 0.0, 0.0]"
hMpxV/Australia/VIC-VIDRL-8778/2024|EPI_ISL_19459766|2024-06-17,"[1.0, 0.0, 0.0, 0.0, 0.0, 0.0, 0.0, 0.0, 0.0, 0.0, 0.0, 0.0, 0.0, 0.0, 0.0, 0.0, 0.0, 0.0, 0.0, 0.0, 0.0, 0.0, 0.0, 0.0, 0.0, 0.0, 0.0, 0.0, 0.0, 0.0, 0.0]"
hMpxV/Australia/VIC-VIDRL-9661/2024|EPI_ISL_19459771|2024-06-20,"[1.0, 0.0, 0.0, 0.0, 0.0, 0.0, 0.0, 0.0, 0.0, 0.0, 0.0, 0.0, 0.0, 0.0, 0.0, 0.0, 0.0, 0.0, 0.0, 0.0, 0.0, 0.0, 0.0, 0.0, 0.0, 0.0, 0.0, 0.0, 0.0, 0.0, 0.0]"
hMpxV/Australia/VIC-VIDRL-4120/2024|EPI_ISL_19459773|2024-07-08,"[1.0, 0.0, 0.0, 0.0, 0.0, 0.0, 0.0, 0.0, 0.0, 0.0, 0.0, 0.0, 0.0, 0.0, 0.0, 0.0, 0.0, 0.0, 0.0, 0.0, 0.0, 0.0, 0.0, 0.0, 0.0, 0.0, 0.0, 0.0, 0.0, 0.0, 0.0]"
hMpxV/Australia/VIC-VIDRL-9874/2024|EPI_ISL_19459776|2024-06-20,"[1.0, 0.0, 0.0, 0.0, 0.0, 0.0, 0.0, 0.0, 0.0, 0.0, 0.0, 0.0, 0.0, 0.0, 0.0, 0.0, 0.0, 0.0, 0.0, 0.0, 0.0, 0.0, 0.0, 0.0, 0.0, 0.0, 0.0, 0.0, 0.0, 0.0, 0.0]"
hMpxV/Australia/VIC-VIDRL-6919/2024|EPI_ISL_19459775|2024-07-17,"[1.0, 0.0, 0.0, 0.0, 0.0, 0.0, 0.0, 0.0, 0.0, 0.0, 0.0, 0.0, 0.0, 0.0, 0.0, 0.0, 0.0, 0.0, 0.0, 0.0, 0.0, 0.0, 0.0, 0.0, 0.0, 0.0, 0.0, 0.0, 0.0, 0.0, 0.0]"
hMpxV/Australia/VIC-VIDRL-8557/2024|EPI_ISL_19459781|2024-06-17,"[1.0, 0.0, 0.0, 0.0, 0.0, 0.0, 0.0, 0.0, 0.0, 0.0, 0.0, 0.0, 0.0, 0.0, 0.0, 0.0, 0.0, 0.0, 0.0, 0.0, 0.0, 0.0, 0.0, 0.0, 0.0, 0.0, 0.0, 0.0, 0.0, 0.0, 0.0]"
hMpxV/Australia/VIC-VIDRL-4827/2024|EPI_ISL_19459787|2024-07-08,"[1.0, 0.0, 0.0, 0.0, 0.0, 0.0, 0.0, 0.0, 0.0, 0.0, 0.0, 0.0, 0.0, 0.0, 0.0, 0.0, 0.0, 0.0, 0.0, 0.0, 0.0, 0.0, 0.0, 0.0, 0.0, 0.0, 0.0, 0.0, 0.0, 0.0, 0.0]"
hMpxV/Australia/VIC-VIDRL-8608/2024|EPI_ISL_19459790|2024-06-17,"[1.0, 0.0, 0.0, 0.0, 0.0, 0.0, 0.0, 0.0, 0.0, 0.0, 0.0, 0.0, 0.0, 0.0, 0.0, 0.0, 0.0, 0.0, 0.0, 0.0, 0.0, 0.0, 0.0, 0.0, 0.0, 0.0, 0.0, 0.0, 0.0, 0.0, 0.0]"
hMpxV/Australia/VIC-VIDRL-8550/2024|EPI_ISL_19459707|2024-07-24,"[1.0, 0.0, 0.0, 0.0, 0.0, 0.0, 0.0, 0.0, 0.0, 0.0, 0.0, 0.0, 0.0, 0.0, 0.0, 0.0, 0.0, 0.0, 0.0, 0.0, 0.0, 0.0, 0.0, 0.0, 0.0, 0.0, 0.0, 0.0, 0.0, 0.0, 0.0]"
hMpxV/Australia/VIC-VIDRL-8845/2024|EPI_ISL_19459706|2024-06-17,"[1.0, 0.0, 0.0, 0.0, 0.0, 0.0, 0.0, 0.0, 0.0, 0.0, 0.0, 0.0, 0.0, 0.0, 0.0, 0.0, 0.0, 0.0, 0.0, 0.0, 0.0, 0.0, 0.0, 0.0, 0.0, 0.0, 0.0, 0.0, 0.0, 0.0, 0.0]"
hMpxV/Australia/VIC-VIDRL-9037/2024|EPI_ISL_19459801|2024-06-18,"[0.9999999999999999, 0.0, 0.0, 0.0, 0.0, 0.0, 0.0, 0.0, 0.0, 0.0, 0.0, 0.0, 0.0, 0.0, 0.0, 0.0, 0.0, 0.0, 0.0, 0.0, 0.0, 0.0, 0.0, 0.0, 0.0, 0.0, 0.0, 0.0, 0.0, 0.0, 0.0]"
hMpxV/Australia/VIC-VIDRL-9660/2024|EPI_ISL_19459802|2024-06-20,"[1.0, 0.0, 0.0, 0.0, 0.0, 0.0, 0.0, 0.0, 0.0, 0.0, 0.0, 0.0, 0.0, 0.0, 0.0, 0.0, 0.0, 0.0, 0.0, 0.0, 0.0, 0.0, 0.0, 0.0, 0.0, 0.0, 0.0, 0.0, 0.0, 0.0, 0.0]"
NODE_0000184,"[0.9999999983486212, 4.584979355106189e-11, 1.1116842346823963e-10, 4.6866542497506444e-11, 4.1201754848323325e-11, 4.62978770772885e-11, 4.594466208196945e-11, 4.526390189966607e-11, 4.554646589298851e-11, 4.624766763559438e-11, 4.531759622597146e-11, 4.629608229780644e-11, 4.2475240935408966e-11, 4.5438584049933944e-11, 8.586811097679129e-11, 3.2228994302189016e-11, 4.408827660987218e-11, 4.6296082297797794e-11, 4.629608229780644e-11, 4.301103020466708e-11, 4.481340026477578e-11, 4.591182714923776e-11, 2.9419733585957034e-11, 4.526824066643241e-11, 1.323825782695216e-10, 4.41442626965964e-11, 3.669496903363619e-11, 4.462802407467704e-11, 4.224309877584284e-11, 1.8940958894379415e-10, 4.475995001856512e-11]"
hMpxV/Australia/VIC-VIDRL-3577/2024|EPI_ISL_19459774|2024-07-04,"[1.0, 0.0, 0.0, 0.0, 0.0, 0.0, 0.0, 0.0, 0.0, 0.0, 0.0, 0.0, 0.0, 0.0, 0.0, 0.0, 0.0, 0.0, 0.0, 0.0, 0.0, 0.0, 0.0, 0.0, 0.0, 0.0, 0.0, 0.0, 0.0, 0.0, 0.0]"
hMpxV/Australia/VIC-VIDRL-3576/2024|EPI_ISL_19459778|2024-07-04,"[1.0, 0.0, 0.0, 0.0, 0.0, 0.0, 0.0, 0.0, 0.0, 0.0, 0.0, 0.0, 0.0, 0.0, 0.0, 0.0, 0.0, 0.0, 0.0, 0.0, 0.0, 0.0, 0.0, 0.0, 0.0, 0.0, 0.0, 0.0, 0.0, 0.0, 0.0]"
NODE_0000181,"[0.9999999999432795, 1.3733596266993288e-12, 4.587517297207202e-12, 1.399959186833838e-12, 1.2177632930175131e-12, 1.3861306512772416e-12, 1.3836647582815296e-12, 1.3774680140473044e-12, 1.3833286535403556e-12, 1.382639002399022e-12, 1.3743890796564408e-12, 1.3931179266384102e-12, 1.2742412749117758e-12, 1.3386086022883337e-12, 3.470117154494268e-12, 9.122272983023034e-13, 1.2913084253079012e-12, 1.393117926638269e-12, 1.3931179266384227e-12, 1.2539879603829165e-12, 1.917726448541514e-12, 1.339414057077676e-12, 8.549092725718322e-13, 1.3777104290019663e-12, 5.5205915343619176e-12, 1.3261246734039127e-12, 1.0320946896134903e-12, 1.350203551474183e-12, 1.2526377599346287e-12, 8.794685550176394e-12, 1.368232866541402e-12]"
hMpxV/Australia/QLD-MX000034/2024|EPI_ISL_19539684|2024-06-27,"[1.0, 0.0, 0.0, 0.0, 0.0, 0.0, 0.0, 0.0, 0.0, 0.0, 0.0, 0.0, 0.0, 0.0, 0.0, 0.0, 0.0, 0.0, 0.0, 0.0, 0.0, 0.0, 0.0, 0.0, 0.0, 0.0, 0.0, 0.0, 0.0, 0.0, 0.0]"
hMpxV/Australia/VIC-VIDRL-8603/2024|EPI_ISL_19459759|2024-06-17,"[1.0, 0.0, 0.0, 0.0, 0.0, 0.0, 0.0, 0.0, 0.0, 0.0, 0.0, 0.0, 0.0, 0.0, 0.0, 0.0, 0.0, 0.0, 0.0, 0.0, 0.0, 0.0, 0.0, 0.0, 0.0, 0.0, 0.0, 0.0, 0.0, 0.0, 0.0]"
hMpxV/Australia/VIC-VIDRL-1781/2024|EPI_ISL_19459789|2024-06-27,"[1.0, 0.0, 0.0, 0.0, 0.0, 0.0, 0.0, 0.0, 0.0, 0.0, 0.0, 0.0, 0.0, 0.0, 0.0, 0.0, 0.0, 0.0, 0.0, 0.0, 0.0, 0.0, 0.0, 0.0, 0.0, 0.0, 0.0, 0.0, 0.0, 0.0, 0.0]"
NODE_0000182,"[0.9999999996427607, 8.753279856856381e-12, 2.8531670621912372e-11, 8.921768444339485e-12, 7.790384605717882e-12, 8.832015880252025e-12, 8.81341761583588e-12, 8.771260086091654e-12, 8.814480608047448e-12, 8.810620856996238e-12, 8.752848289306489e-12, 8.871991631207875e-12, 8.127785126145967e-12, 8.543824321279647e-12, 2.142223972156443e-11, 5.875308141049302e-12, 8.262714221678353e-12, 8.871991631207017e-12, 8.871991631207883e-12, 8.012104244413033e-12, 1.17894258091215e-11, 8.561329886209753e-12, 5.526511794193113e-12, 8.772710265834608e-12, 3.405981220114936e-11, 8.452063423954156e-12, 6.670337219271705e-12, 8.598236258214491e-12, 8.007963722159866e-12, 5.4436680081022403e-11, 8.712778585209065e-12]"
hMpxV/Australia/VIC-VIDRL-7288/2024|EPI_ISL_19459713|2024-07-18,"[0.9999999999999999, 0.0, 0.0, 0.0, 0.0, 0.0, 0.0, 0.0, 0.0, 0.0, 0.0, 0.0, 0.0, 0.0, 0.0, 0.0, 0.0, 0.0, 0.0, 0.0, 0.0, 0.0, 0.0, 0.0, 0.0, 0.0, 0.0, 0.0, 0.0, 0.0, 0.0]"
hMpxV/Australia/VIC-VIDRL-0686/2024|EPI_ISL_19459736|2024-06-20,"[0.9999999999999999, 0.0, 0.0, 0.0, 0.0, 0.0, 0.0, 0.0, 0.0, 0.0, 0.0, 0.0, 0.0, 0.0, 0.0, 0.0, 0.0, 0.0, 0.0, 0.0, 0.0, 0.0, 0.0, 0.0, 0.0, 0.0, 0.0, 0.0, 0.0, 0.0, 0.0]"
hMpxV/Australia/VIC-VIDRL-4354/2024|EPI_ISL_19459779|2024-07-08,"[1.0, 0.0, 0.0, 0.0, 0.0, 0.0, 0.0, 0.0, 0.0, 0.0, 0.0, 0.0, 0.0, 0.0, 0.0, 0.0, 0.0, 0.0, 0.0, 0.0, 0.0, 0.0, 0.0, 0.0, 0.0, 0.0, 0.0, 0.0, 0.0, 0.0, 0.0]"
NODE_0000183,"[0.999999999979592, 4.96027663396561e-13, 1.6439863522818741e-12, 5.056369983701077e-13, 4.4022244662900845e-13, 5.006146993371743e-13, 4.996609741678832e-13, 4.973437638077908e-13, 4.995365125735632e-13, 4.993716171624895e-13, 4.962601065173189e-13, 5.030586421491602e-13, 4.602946967931307e-13, 4.837057720782233e-13, 1.2415560884260347e-12, 3.3035724054510946e-13, 4.668869698727908e-13, 5.030586421491269e-13, 5.030586421491656e-13, 4.5325661498032e-13, 6.853508547217802e-13, 4.841713491969094e-13, 3.096777751502756e-13, 4.974301276331068e-13, 1.9743945627089437e-12, 4.789612175269155e-13, 3.7398382324533366e-13, 4.87540834478646e-13, 4.527383053283174e-13, 3.145864120271037e-12, 4.939921489950282e-13]"
hMpxV/Australia/VIC-VIDRL-5972/2024|EPI_ISL_19459718|2024-07-12,"[1.0, 0.0, 0.0, 0.0, 0.0, 0.0, 0.0, 0.0, 0.0, 0.0, 0.0, 0.0, 0.0, 0.0, 0.0, 0.0, 0.0, 0.0, 0.0, 0.0, 0.0, 0.0, 0.0, 0.0, 0.0, 0.0, 0.0, 0.0, 0.0, 0.0, 0.0]"
hMpxV/Australia/VIC-VIDRL-6170/2024|EPI_ISL_19459761|2024-07-15,"[0.9999999999999999, 0.0, 0.0, 0.0, 0.0, 0.0, 0.0, 0.0, 0.0, 0.0, 0.0, 0.0, 0.0, 0.0, 0.0, 0.0, 0.0, 0.0, 0.0, 0.0, 0.0, 0.0, 0.0, 0.0, 0.0, 0.0, 0.0, 0.0, 0.0, 0.0, 0.0]"
hMpxV/Australia/VIC-VIDRL-5973/2024|EPI_ISL_19459765|2024-07-12,"[1.0, 0.0, 0.0, 0.0, 0.0, 0.0, 0.0, 0.0, 0.0, 0.0, 0.0, 0.0, 0.0, 0.0, 0.0, 0.0, 0.0, 0.0, 0.0, 0.0, 0.0, 0.0, 0.0, 0.0, 0.0, 0.0, 0.0, 0.0, 0.0, 0.0, 0.0]"
NODE_0000166,"[0.9999999999999999, 6.0697938720221406e-27, 1.2087312772328228e-25, 6.0834300873654444e-27, 5.06395130871474e-27, 6.100190333408944e-27, 6.295659530445167e-27, 6.658989373012108e-27, 6.631097288729658e-27, 6.036014432785077e-27, 6.51443850424153e-27, 6.302296051157213e-27, 5.705509428351378e-27, 5.3977947778525185e-27, 7.767993562483199e-26, 3.0326395982654353e-27, 5.094175223222379e-27, 6.3022960511554844e-27, 6.3022960511573455e-27, 4.7773953346890985e-27, 5.919974072000655e-26, 5.132391772541886e-27, 3.380657570781117e-27, 6.663005164697122e-27, 1.485370148802641e-25, 5.963423861423418e-27, 3.35842146740144e-27, 6.3068257823259144e-27, 5.292397764692673e-27, 4.570409214208254e-25, 6.79384233293104e-27]"
hMpxV/Australia/VIC-VIDRL-3747/2024|EPI_ISL_19459795|2024-05-29,"[0.9999999999999999, 0.0, 0.0, 0.0, 0.0, 0.0, 0.0, 0.0, 0.0, 0.0, 0.0, 0.0, 0.0, 0.0, 0.0, 0.0, 0.0, 0.0, 0.0, 0.0, 0.0, 0.0, 0.0, 0.0, 0.0, 0.0, 0.0, 0.0, 0.0, 0.0, 0.0]"
hMpxV/Australia/VIC-VIDRL-0139/2024|EPI_ISL_19459717|2024-06-20,"[1.0, 0.0, 0.0, 0.0, 0.0, 0.0, 0.0, 0.0, 0.0, 0.0, 0.0, 0.0, 0.0, 0.0, 0.0, 0.0, 0.0, 0.0, 0.0, 0.0, 0.0, 0.0, 0.0, 0.0, 0.0, 0.0, 0.0, 0.0, 0.0, 0.0, 0.0]"
hMpxV/Australia/VIC-VIDRL-3575/2024|EPI_ISL_19459710|2024-07-04,"[0.9999999999999999, 0.0, 0.0, 0.0, 0.0, 0.0, 0.0, 0.0, 0.0, 0.0, 0.0, 0.0, 0.0, 0.0, 0.0, 0.0, 0.0, 0.0, 0.0, 0.0, 0.0, 0.0, 0.0, 0.0, 0.0, 0.0, 0.0, 0.0, 0.0, 0.0, 0.0]"
hMpxV/Australia/VIC-VIDRL-0350/2024|EPI_ISL_19459745|2024-06-21,"[1.0, 0.0, 0.0, 0.0, 0.0, 0.0, 0.0, 0.0, 0.0, 0.0, 0.0, 0.0, 0.0, 0.0, 0.0, 0.0, 0.0, 0.0, 0.0, 0.0, 0.0, 0.0, 0.0, 0.0, 0.0, 0.0, 0.0, 0.0, 0.0, 0.0, 0.0]"
hMpxV/Australia/VIC-VIDRL-8558/2024|EPI_ISL_19459758|2024-06-17,"[1.0, 0.0, 0.0, 0.0, 0.0, 0.0, 0.0, 0.0, 0.0, 0.0, 0.0, 0.0, 0.0, 0.0, 0.0, 0.0, 0.0, 0.0, 0.0, 0.0, 0.0, 0.0, 0.0, 0.0, 0.0, 0.0, 0.0, 0.0, 0.0, 0.0, 0.0]"
NODE_0000175,"[0.9999999634422203, 1.0174335222631596e-09, 2.4512766338192512e-09, 1.0399534329642953e-09, 9.152349806707e-10, 1.0272850695759868e-09, 1.0193666712691984e-09, 1.004198223847399e-09, 1.010657440609192e-09, 1.026195392263526e-09, 1.0054218879255815e-09, 1.0271075479175892e-09, 9.427615141379845e-10, 1.0086706454698629e-09, 1.8894097241234565e-09, 7.172396420637873e-10, 9.793875743152426e-10, 1.0271075479174868e-09, 1.0271075479175886e-09, 9.550537633643738e-10, 9.84940772177643e-10, 1.0195834513577708e-09, 6.555004909972089e-10, 1.0042914388061282e-09, 2.912581534950154e-09, 9.795834816956165e-10, 8.174665873494552e-10, 9.900932647300012e-10, 9.381950487143082e-10, 4.171636010220475e-09, 9.930388090868352e-10]"
hMpxV/Australia/QLD-MX000036/2024|EPI_ISL_19539685|2024-07-12,"[0.9999999999999999, 0.0, 0.0, 0.0, 0.0, 0.0, 0.0, 0.0, 0.0, 0.0, 0.0, 0.0, 0.0, 0.0, 0.0, 0.0, 0.0, 0.0, 0.0, 0.0, 0.0, 0.0, 0.0, 0.0, 0.0, 0.0, 0.0, 0.0, 0.0, 0.0, 0.0]"
hMpxV/Australia/VIC-VIDRL-3563/2024|EPI_ISL_19459754|2024-07-04,"[1.0, 0.0, 0.0, 0.0, 0.0, 0.0, 0.0, 0.0, 0.0, 0.0, 0.0, 0.0, 0.0, 0.0, 0.0, 0.0, 0.0, 0.0, 0.0, 0.0, 0.0, 0.0, 0.0, 0.0, 0.0, 0.0, 0.0, 0.0, 0.0, 0.0, 0.0]"
NODE_0000176,"[0.999999966771789, 9.216112355758755e-10, 2.240622308592353e-09, 9.42033304661589e-10, 8.280124689692728e-10, 9.306196359557549e-10, 9.235671129537917e-10, 9.099526617852461e-10, 9.156040189348059e-10, 9.295971549365576e-10, 9.110102181173369e-10, 9.306325619097345e-10, 8.5376837966603e-10, 9.131882959782506e-10, 1.7311835637411842e-09, 6.473810604163052e-10, 8.859404405792489e-10, 9.306325619096463e-10, 9.306325619097401e-10, 8.64332166002869e-10, 9.037780759220586e-10, 9.226171935474519e-10, 5.910946054228655e-10, 9.100402773088537e-10, 2.6695225992346446e-09, 8.873350760554757e-10, 7.37076884868915e-10, 8.971236722571919e-10, 8.489932160703115e-10, 3.820460281385228e-09, 8.998471984301479e-10]"
hMpxV/Australia/VIC-VIDRL-7987/2024|EPI_ISL_19459724|2024-06-13,"[1.0, 0.0, 0.0, 0.0, 0.0, 0.0, 0.0, 0.0, 0.0, 0.0, 0.0, 0.0, 0.0, 0.0, 0.0, 0.0, 0.0, 0.0, 0.0, 0.0, 0.0, 0.0, 0.0, 0.0, 0.0, 0.0, 0.0, 0.0, 0.0, 0.0, 0.0]"
NODE_0000177,"[0.9999999503061758, 1.3813787184813369e-09, 3.338599199435913e-09, 1.4119497104039477e-09, 1.2421914997652644e-09, 1.3947806251251828e-09, 1.384100661583626e-09, 1.3635952659760318e-09, 1.3722846863001855e-09, 1.3932808337796192e-09, 1.3652253023932353e-09, 1.3946276537217193e-09, 1.2799265273130514e-09, 1.3692201469941828e-09, 2.574925109397649e-09, 9.727852651692155e-10, 1.3291688818070303e-09, 1.3946276537215824e-09, 1.3946276537217203e-09, 1.2962926693888363e-09, 1.3429064896682585e-09, 1.3838385099252432e-09, 8.889866401967524e-10, 1.3637230734418842e-09, 3.9699938979949744e-09, 1.3299968477867285e-09, 1.1084825920986094e-09, 1.3443939772878877e-09, 1.2734554792812706e-09, 5.68599559547601e-09, 1.3484630534705546e-09]"
hMpxV/Australia/VIC-VIDRL-2252/2024|EPI_ISL_19459720|2024-07-01,"[0.9999999999999999, 0.0, 0.0, 0.0, 0.0, 0.0, 0.0, 0.0, 0.0, 0.0, 0.0, 0.0, 0.0, 0.0, 0.0, 0.0, 0.0, 0.0, 0.0, 0.0, 0.0, 0.0, 0.0, 0.0, 0.0, 0.0, 0.0, 0.0, 0.0, 0.0, 0.0]"
hMpxV/Australia/VIC-VIDRL-8879/2024|EPI_ISL_19459800|2024-07-23,"[1.0, 0.0, 0.0, 0.0, 0.0, 0.0, 0.0, 0.0, 0.0, 0.0, 0.0, 0.0, 0.0, 0.0, 0.0, 0.0, 0.0, 0.0, 0.0, 0.0, 0.0, 0.0, 0.0, 0.0, 0.0, 0.0, 0.0, 0.0, 0.0, 0.0, 0.0]"
NODE_0000178,"[0.9999974009703524, 7.30810678559113e-08, 1.7124099808217118e-07, 7.469009143092566e-08, 6.600881015763507e-08, 7.376494355286419e-08, 7.31684295129551e-08, 7.205255335755513e-08, 7.25692006066991e-08, 7.36949444747962e-08, 7.215196549487802e-08, 7.370950398643563e-08, 6.777348922154208e-08, 7.256839043462478e-08, 1.309283640923159e-07, 5.211813674805786e-08, 7.065637990831941e-08, 7.370950398643527e-08, 7.370950398643587e-08, 6.879115908183503e-08, 6.793476449323083e-08, 7.347070496277203e-08, 4.781282062199683e-08, 7.205840323662073e-08, 2.0167105458071334e-07, 7.036056090370662e-08, 5.962120528916804e-08, 7.104800118510442e-08, 6.761238660269164e-08, 2.8979895828944634e-07, 7.125335147624672e-08]"
NODE_0000179,"[0.9999999950888809, 1.3475530578971177e-10, 3.3688916282512965e-10, 1.3773854268179013e-10, 1.207316491538728e-10, 1.3609650900281187e-10, 1.351203022732341e-10, 1.3320282310940854e-10, 1.3396418104118307e-10, 1.3593197571093085e-10, 1.3332993907457823e-10, 1.3616591401792714e-10, 1.2478176937413688e-10, 1.333301432924839e-10, 2.6121643638365695e-10, 9.385408786560438e-11, 1.2912161004210388e-10, 1.3616591401791173e-10, 1.3616591401792665e-10, 1.2606748156642622e-10, 1.370794174585346e-10, 1.345376396897118e-10, 8.556269274551049e-11, 1.3321694834977224e-10, 4.0350372973216406e-10, 1.2975924003771804e-10, 1.0659320884822457e-10, 1.312933378402458e-10, 1.2385703489077403e-10, 5.79344920014407e-10, 1.3174116705369926e-10]"
hMpxV/Australia/VIC-VIDRL-9574/2024|EPI_ISL_19459764|2024-07-26,"[1.0, 0.0, 0.0, 0.0, 0.0, 0.0, 0.0, 0.0, 0.0, 0.0, 0.0, 0.0, 0.0, 0.0, 0.0, 0.0, 0.0, 0.0, 0.0, 0.0, 0.0, 0.0, 0.0, 0.0, 0.0, 0.0, 0.0, 0.0, 0.0, 0.0, 0.0]"
hMpxV/Australia/QLD-MX000041/2024|EPI_ISL_19539690|2024-08-01,"[0.9999999999999999, 0.0, 0.0, 0.0, 0.0, 0.0, 0.0, 0.0, 0.0, 0.0, 0.0, 0.0, 0.0, 0.0, 0.0, 0.0, 0.0, 0.0, 0.0, 0.0, 0.0, 0.0, 0.0, 0.0, 0.0, 0.0, 0.0, 0.0, 0.0, 0.0, 0.0]"
NODE_0000180,"[0.9999999832021579, 4.647428996664689e-10, 1.137296358909145e-09, 4.75049167343146e-10, 4.1719061082816626e-10, 4.69316050480356e-10, 4.658010883083195e-10, 4.589809841875067e-10, 4.6176129413040146e-10, 4.687884671749338e-10, 4.5949531948456417e-10, 4.693819816160684e-10, 4.3046208769149694e-10, 4.6033190891838616e-10, 8.800133503275445e-10, 3.256578543818101e-10, 4.4634540183914934e-10, 4.69381981616022e-10, 4.69381981616068e-10, 4.3558861488216815e-10, 4.5996538510032076e-10, 4.649226046191627e-10, 2.971184971687389e-10, 4.590264024939976e-10, 1.3573605673783282e-09, 4.474658628878724e-10, 3.704813243759808e-10, 4.524959133458035e-10, 4.278280094222102e-10, 1.942323241814351e-09, 4.538868301441873e-10]"
hMpxV/Australia/QLD-MX000043/2024|EPI_ISL_19539692|2024-08-08,"[1.0, 0.0, 0.0, 0.0, 0.0, 0.0, 0.0, 0.0, 0.0, 0.0, 0.0, 0.0, 0.0, 0.0, 0.0, 0.0, 0.0, 0.0, 0.0, 0.0, 0.0, 0.0, 0.0, 0.0, 0.0, 0.0, 0.0, 0.0, 0.0, 0.0, 0.0]"
hMpxV/Australia/QLD-MX000044/2024|EPI_ISL_19539693|2024-08-15,"[1.0, 0.0, 0.0, 0.0, 0.0, 0.0, 0.0, 0.0, 0.0, 0.0, 0.0, 0.0, 0.0, 0.0, 0.0, 0.0, 0.0, 0.0, 0.0, 0.0, 0.0, 0.0, 0.0, 0.0, 0.0, 0.0, 0.0, 0.0, 0.0, 0.0, 0.0]"
NODE_0000167,"[1.0, 1.1212267037243226e-22, 1.8641933288384914e-21, 1.1232625774813943e-22, 9.583636018599078e-23, 1.124869488941299e-22, 1.1578596476278775e-22, 1.221128194314648e-22, 1.2212576062587136e-22, 1.1138807213734065e-22, 1.1959858967574912e-22, 1.1578354096670108e-22, 1.0587791792923669e-22, 1.0077079255305108e-22, 1.1437142307078454e-21, 6.007769603711764e-23, 9.665864792015483e-23, 1.1578354096668994e-22, 1.1578354096670179e-22, 8.983232415446717e-23, 8.466381994333339e-22, 9.674130329030502e-23, 6.8180290126467e-23, 1.2217817344700834e-22, 2.1724774322965256e-21, 1.1013172591872055e-22, 6.789304803672735e-23, 1.157865728393681e-22, 9.96742686135754e-23, 6.78118276598345e-21, 1.2455903456854075e-22]"
hMpxV/Australia/VIC-VIDRL-6081/2024|EPI_ISL_19459768|2024-07-15,"[1.0, 0.0, 0.0, 0.0, 0.0, 0.0, 0.0, 0.0, 0.0, 0.0, 0.0, 0.0, 0.0, 0.0, 0.0, 0.0, 0.0, 0.0, 0.0, 0.0, 0.0, 0.0, 0.0, 0.0, 0.0, 0.0, 0.0, 0.0, 0.0, 0.0, 0.0]"
hMpxV/Australia/VIC-VIDRL-8559/2024|EPI_ISL_19459772|2024-06-17,"[0.9999999999999999, 0.0, 0.0, 0.0, 0.0, 0.0, 0.0, 0.0, 0.0, 0.0, 0.0, 0.0, 0.0, 0.0, 0.0, 0.0, 0.0, 0.0, 0.0, 0.0, 0.0, 0.0, 0.0, 0.0, 0.0, 0.0, 0.0, 0.0, 0.0, 0.0, 0.0]"
hMpxV/Australia/QLD-MX000042/2024|EPI_ISL_19539691|2024-08-06,"[1.0, 0.0, 0.0, 0.0, 0.0, 0.0, 0.0, 0.0, 0.0, 0.0, 0.0, 0.0, 0.0, 0.0, 0.0, 0.0, 0.0, 0.0, 0.0, 0.0, 0.0, 0.0, 0.0, 0.0, 0.0, 0.0, 0.0, 0.0, 0.0, 0.0, 0.0]"
hMpxV/Australia/QLD-MX000050/2024|EPI_ISL_19539699|2024-08-29,"[0.9999999999999999, 0.0, 0.0, 0.0, 0.0, 0.0, 0.0, 0.0, 0.0, 0.0, 0.0, 0.0, 0.0, 0.0, 0.0, 0.0, 0.0, 0.0, 0.0, 0.0, 0.0, 0.0, 0.0, 0.0, 0.0, 0.0, 0.0, 0.0, 0.0, 0.0, 0.0]"
hMpxV/Australia/VIC-VIDRL-7894/2024|EPI_ISL_19459708|2024-07-22,"[1.0, 0.0, 0.0, 0.0, 0.0, 0.0, 0.0, 0.0, 0.0, 0.0, 0.0, 0.0, 0.0, 0.0, 0.0, 0.0, 0.0, 0.0, 0.0, 0.0, 0.0, 0.0, 0.0, 0.0, 0.0, 0.0, 0.0, 0.0, 0.0, 0.0, 0.0]"
NODE_0000172,"[0.9999989192417583, 3.04302130818614e-08, 7.10433261937728e-08, 3.110072372786124e-08, 2.7493820804713484e-08, 3.0714743402324604e-08, 3.046434289687785e-08, 2.999682654190573e-08, 3.0213397369923394e-08, 3.0686153952589955e-08, 3.003914983061015e-08, 3.0689480358643145e-08, 2.8221016265060813e-08, 3.022357983246871e-08, 5.4294873069630204e-08, 2.1722995157036034e-08, 2.943281946320346e-08, 3.0689480358642636e-08, 3.0689480358643635e-08, 2.8653702507228343e-08, 2.815861115108865e-08, 3.0603401164185576e-08, 1.9924549724799336e-08, 2.999924014399146e-08, 8.360895170921818e-08, 2.929713393831682e-08, 2.4852591482183457e-08, 2.9580423511119424e-08, 2.815933436184798e-08, 1.2011076491664037e-07, 2.966311458847273e-08]"
hMpxV/Australia/QLD-MX000055/2024|EPI_ISL_19539703|2024-08-19,"[1.0, 0.0, 0.0, 0.0, 0.0, 0.0, 0.0, 0.0, 0.0, 0.0, 0.0, 0.0, 0.0, 0.0, 0.0, 0.0, 0.0, 0.0, 0.0, 0.0, 0.0, 0.0, 0.0, 0.0, 0.0, 0.0, 0.0, 0.0, 0.0, 0.0, 0.0]"
hMpxV/Australia/QLD-MX000074/2024|EPI_ISL_19539722|2024-09-05,"[1.0, 0.0, 0.0, 0.0, 0.0, 0.0, 0.0, 0.0, 0.0, 0.0, 0.0, 0.0, 0.0, 0.0, 0.0, 0.0, 0.0, 0.0, 0.0, 0.0, 0.0, 0.0, 0.0, 0.0, 0.0, 0.0, 0.0, 0.0, 0.0, 0.0, 0.0]"
NODE_0000170,"[0.9999999998287166, 4.216017637897576e-12, 1.3611649060651428e-11, 4.297484392305228e-12, 3.754500266581479e-12, 4.253989636227151e-12, 4.24423141506499e-12, 4.222675851496112e-12, 4.243851420437746e-12, 4.243900027448723e-12, 4.21419372982652e-12, 4.272466052639495e-12, 3.914773491864945e-12, 4.117637253608497e-12, 1.0213714083838215e-11, 2.8358985860341484e-12, 3.9835245475074925e-12, 4.272466052639311e-12, 4.272466052639511e-12, 3.862403740526864e-12, 5.6147505634312155e-12, 4.127209221580284e-12, 2.664485102595536e-12, 4.223369004438202e-12, 1.6225403893341634e-11, 4.070810429920285e-12, 3.2192901828190554e-12, 4.140219295891585e-12, 3.858547005703329e-12, 2.58974253339566e-11, 4.194020323576092e-12]"
hMpxV/Australia/QLD-MX000052/2024|EPI_ISL_19539700|2024-08-28,"[0.9999999999999999, 0.0, 0.0, 0.0, 0.0, 0.0, 0.0, 0.0, 0.0, 0.0, 0.0, 0.0, 0.0, 0.0, 0.0, 0.0, 0.0, 0.0, 0.0, 0.0, 0.0, 0.0, 0.0, 0.0, 0.0, 0.0, 0.0, 0.0, 0.0, 0.0, 0.0]"
hMpxV/Australia/QLD-MX000054/2024|EPI_ISL_19539702|2024-08-29,"[1.0, 0.0, 0.0, 0.0, 0.0, 0.0, 0.0, 0.0, 0.0, 0.0, 0.0, 0.0, 0.0, 0.0, 0.0, 0.0, 0.0, 0.0, 0.0, 0.0, 0.0, 0.0, 0.0, 0.0, 0.0, 0.0, 0.0, 0.0, 0.0, 0.0, 0.0]"
NODE_0000171,"[0.9999999996867192, 8.618008105232028e-12, 2.14070680411792e-11, 8.810051506582256e-12, 7.716599145690644e-12, 8.704727131253864e-12, 8.641155650599729e-12, 8.515821295977896e-12, 8.563439230957624e-12, 8.694445735065857e-12, 8.524748330905199e-12, 8.708781932869162e-12, 7.97785310493308e-12, 8.528788735308598e-12, 1.6653887801152926e-11, 5.996545651830095e-12, 8.255209049619745e-12, 8.70878193286747e-12, 8.708781932869162e-12, 8.064895213972847e-12, 8.726988518751685e-12, 8.605531323526413e-12, 5.455122737895168e-12, 8.516725023890861e-12, 2.5691946833449795e-11, 8.297602051202486e-12, 6.805066283145191e-12, 8.395498203014563e-12, 7.916983166940028e-12, 3.664912228309694e-11, 8.420793122230056e-12]"
hMpxV/Australia/QLD-MX000061/2024|EPI_ISL_19539709|2024-09-03,"[0.9999999999999999, 0.0, 0.0, 0.0, 0.0, 0.0, 0.0, 0.0, 0.0, 0.0, 0.0, 0.0, 0.0, 0.0, 0.0, 0.0, 0.0, 0.0, 0.0, 0.0, 0.0, 0.0, 0.0, 0.0, 0.0, 0.0, 0.0, 0.0, 0.0, 0.0, 0.0]"
hMpxV/Australia/QLD-MX000060/2024|EPI_ISL_19539708|2024-09-03,"[0.9999999999999999, 0.0, 0.0, 0.0, 0.0, 0.0, 0.0, 0.0, 0.0, 0.0, 0.0, 0.0, 0.0, 0.0, 0.0, 0.0, 0.0, 0.0, 0.0, 0.0, 0.0, 0.0, 0.0, 0.0, 0.0, 0.0, 0.0, 0.0, 0.0, 0.0, 0.0]"
NODE_0000173,"[1.0, 3.0939606189106392e-27, 3.5970764659327986e-26, 3.1198083431713375e-27, 2.6087474774651172e-27, 3.1165773413521185e-27, 3.1830823548890664e-27, 3.30104167076531e-27, 3.290613470236269e-27, 3.091436170219661e-27, 3.2497989394349844e-27, 3.1942549596255876e-27, 2.8893866031056547e-27, 2.8277589769665808e-27, 2.490658018898318e-26, 1.6547162839337187e-27, 2.670357878098032e-27, 3.1942549596245408e-27, 3.1942549596257225e-27, 2.543904182486671e-27, 1.7229188086051734e-26, 2.724662861324032e-27, 1.7202908170825733e-27, 3.302656713840836e-27, 4.4822596547868184e-26, 3.022262592646535e-27, 1.8274561412658353e-27, 3.162673548102012e-27, 2.7165997872377774e-27, 1.0953317594490842e-25, 3.337092454603032e-27]"
hMpxV/Australia/QLD-MX000064/2024|EPI_ISL_19539712|2024-09-05,"[0.9999999999999999, 0.0, 0.0, 0.0, 0.0, 0.0, 0.0, 0.0, 0.0, 0.0, 0.0, 0.0, 0.0, 0.0, 0.0, 0.0, 0.0, 0.0, 0.0, 0.0, 0.0, 0.0, 0.0, 0.0, 0.0, 0.0, 0.0, 0.0, 0.0, 0.0, 0.0]"
hMpxV/Australia/QLD-MX000070/2024|EPI_ISL_19539718|2024-09-08,"[1.0, 0.0, 0.0, 0.0, 0.0, 0.0, 0.0, 0.0, 0.0, 0.0, 0.0, 0.0, 0.0, 0.0, 0.0, 0.0, 0.0, 0.0, 0.0, 0.0, 0.0, 0.0, 0.0, 0.0, 0.0, 0.0, 0.0, 0.0, 0.0, 0.0, 0.0]"
hMpxV/Australia/QLD-MX000069/2024|EPI_ISL_19539717|2024-09-09,"[1.0, 0.0, 0.0, 0.0, 0.0, 0.0, 0.0, 0.0, 0.0, 0.0, 0.0, 0.0, 0.0, 0.0, 0.0, 0.0, 0.0, 0.0, 0.0, 0.0, 0.0, 0.0, 0.0, 0.0, 0.0, 0.0, 0.0, 0.0, 0.0, 0.0, 0.0]"
hMpxV/Australia/QLD-MX000073/2024|EPI_ISL_19539721|2024-09-05,"[0.9999999999999999, 0.0, 0.0, 0.0, 0.0, 0.0, 0.0, 0.0, 0.0, 0.0, 0.0, 0.0, 0.0, 0.0, 0.0, 0.0, 0.0, 0.0, 0.0, 0.0, 0.0, 0.0, 0.0, 0.0, 0.0, 0.0, 0.0, 0.0, 0.0, 0.0, 0.0]"
hMpxV/Australia/QLD-MX000075/2024|EPI_ISL_19539723|2024-09-05,"[0.9999999999999999, 0.0, 0.0, 0.0, 0.0, 0.0, 0.0, 0.0, 0.0, 0.0, 0.0, 0.0, 0.0, 0.0, 0.0, 0.0, 0.0, 0.0, 0.0, 0.0, 0.0, 0.0, 0.0, 0.0, 0.0, 0.0, 0.0, 0.0, 0.0, 0.0, 0.0]"
hMpxV/Australia/QLD-MX000087/2024|EPI_ISL_19539735|2024-09-09,"[1.0, 0.0, 0.0, 0.0, 0.0, 0.0, 0.0, 0.0, 0.0, 0.0, 0.0, 0.0, 0.0, 0.0, 0.0, 0.0, 0.0, 0.0, 0.0, 0.0, 0.0, 0.0, 0.0, 0.0, 0.0, 0.0, 0.0, 0.0, 0.0, 0.0, 0.0]"
NODE_0000174,"[0.9999999998335704, 4.573027280008498e-12, 1.13931531676837e-11, 4.675017280287783e-12, 4.092755311760651e-12, 4.619232001015414e-12, 4.585670067984847e-12, 4.519299706846033e-12, 4.544175243877633e-12, 4.613724240918657e-12, 4.5239677502081624e-12, 4.621673142836718e-12, 4.232903258155814e-12, 4.524921426680352e-12, 8.872066307731001e-12, 3.17775172008373e-12, 4.3783466769966265e-12, 4.621673142835784e-12, 4.621673142836679e-12, 4.278240439760413e-12, 4.651599026032725e-12, 4.564792662959478e-12, 2.8892843566206967e-12, 4.519785612636435e-12, 1.3687677323763224e-11, 4.4030159654646755e-12, 3.6045185853288432e-12, 4.455434381364414e-12, 4.199393805051416e-12, 1.9515947853414006e-11, 4.468829048610236e-12]"
hMpxV/Australia/QLD-MX000086/2024|EPI_ISL_19539734|2024-09-09,"[1.0, 0.0, 0.0, 0.0, 0.0, 0.0, 0.0, 0.0, 0.0, 0.0, 0.0, 0.0, 0.0, 0.0, 0.0, 0.0, 0.0, 0.0, 0.0, 0.0, 0.0, 0.0, 0.0, 0.0, 0.0, 0.0, 0.0, 0.0, 0.0, 0.0, 0.0]"
hMpxV/Australia/QLD-MX000088/2024|EPI_ISL_19539736|2024-09-09,"[1.0, 0.0, 0.0, 0.0, 0.0, 0.0, 0.0, 0.0, 0.0, 0.0, 0.0, 0.0, 0.0, 0.0, 0.0, 0.0, 0.0, 0.0, 0.0, 0.0, 0.0, 0.0, 0.0, 0.0, 0.0, 0.0, 0.0, 0.0, 0.0, 0.0, 0.0]"
NODE_0000168,"[1.0, 3.947757810730667e-32, 1.1561771685295348e-30, 3.9472105613513396e-32, 3.2167249094641863e-32, 3.9690748432763774e-32, 4.123886535632204e-32, 4.4109021508789475e-32, 4.375615139328247e-32, 3.9206905106439974e-32, 4.298914273852639e-32, 4.1270624101616876e-32, 3.708426025800334e-32, 3.4399698264168915e-32, 7.429045030261615e-31, 1.811002069463478e-32, 3.2051991577209127e-32, 4.127062410161207e-32, 4.127062410161918e-32, 3.004507305275333e-32, 6.06286457734424e-31, 3.226232097832414e-32, 2.0500300304174293e-32, 4.41404660835319e-32, 1.4679531985563209e-30, 3.8899974338290166e-32, 1.973499283055255e-32, 4.152831496593344e-32, 3.379176166329904e-32, 4.980107917059459e-30, 4.5196667898593175e-32]"
hMpxV/Australia/VIC-VIDRL-9071/2024|EPI_ISL_19459798|2024-07-25,"[1.0, 0.0, 0.0, 0.0, 0.0, 0.0, 0.0, 0.0, 0.0, 0.0, 0.0, 0.0, 0.0, 0.0, 0.0, 0.0, 0.0, 0.0, 0.0, 0.0, 0.0, 0.0, 0.0, 0.0, 0.0, 0.0, 0.0, 0.0, 0.0, 0.0, 0.0]"
hMpxV/Australia/VIC-VIDRL-5661/2024|EPI_ISL_19459714|2024-07-12,"[0.9999999999999999, 0.0, 0.0, 0.0, 0.0, 0.0, 0.0, 0.0, 0.0, 0.0, 0.0, 0.0, 0.0, 0.0, 0.0, 0.0, 0.0, 0.0, 0.0, 0.0, 0.0, 0.0, 0.0, 0.0, 0.0, 0.0, 0.0, 0.0, 0.0, 0.0, 0.0]"
hMpxV/Australia/VIC-VIDRL-5843/2024|EPI_ISL_19459730|2024-07-13,"[0.9999999999999999, 0.0, 0.0, 0.0, 0.0, 0.0, 0.0, 0.0, 0.0, 0.0, 0.0, 0.0, 0.0, 0.0, 0.0, 0.0, 0.0, 0.0, 0.0, 0.0, 0.0, 0.0, 0.0, 0.0, 0.0, 0.0, 0.0, 0.0, 0.0, 0.0, 0.0]"
hMpxV/Australia/VIC-VIDRL-9070/2024|EPI_ISL_19459742|2024-07-25,"[1.0, 0.0, 0.0, 0.0, 0.0, 0.0, 0.0, 0.0, 0.0, 0.0, 0.0, 0.0, 0.0, 0.0, 0.0, 0.0, 0.0, 0.0, 0.0, 0.0, 0.0, 0.0, 0.0, 0.0, 0.0, 0.0, 0.0, 0.0, 0.0, 0.0, 0.0]"
hMpxV/Australia/VIC-VIDRL-8988/2024|EPI_ISL_19459752|2024-07-25,"[1.0, 0.0, 0.0, 0.0, 0.0, 0.0, 0.0, 0.0, 0.0, 0.0, 0.0, 0.0, 0.0, 0.0, 0.0, 0.0, 0.0, 0.0, 0.0, 0.0, 0.0, 0.0, 0.0, 0.0, 0.0, 0.0, 0.0, 0.0, 0.0, 0.0, 0.0]"
hMpxV/Australia/VIC-VIDRL-6721/2024|EPI_ISL_19459770|2024-07-16,"[1.0, 0.0, 0.0, 0.0, 0.0, 0.0, 0.0, 0.0, 0.0, 0.0, 0.0, 0.0, 0.0, 0.0, 0.0, 0.0, 0.0, 0.0, 0.0, 0.0, 0.0, 0.0, 0.0, 0.0, 0.0, 0.0, 0.0, 0.0, 0.0, 0.0, 0.0]"
hMpxV/Australia/VIC-VIDRL-7979/2024|EPI_ISL_19459782|2024-07-22,"[1.0, 0.0, 0.0, 0.0, 0.0, 0.0, 0.0, 0.0, 0.0, 0.0, 0.0, 0.0, 0.0, 0.0, 0.0, 0.0, 0.0, 0.0, 0.0, 0.0, 0.0, 0.0, 0.0, 0.0, 0.0, 0.0, 0.0, 0.0, 0.0, 0.0, 0.0]"
hMpxV/Australia/VIC-VIDRL-6355/2024|EPI_ISL_19459788|2024-07-16,"[1.0, 0.0, 0.0, 0.0, 0.0, 0.0, 0.0, 0.0, 0.0, 0.0, 0.0, 0.0, 0.0, 0.0, 0.0, 0.0, 0.0, 0.0, 0.0, 0.0, 0.0, 0.0, 0.0, 0.0, 0.0, 0.0, 0.0, 0.0, 0.0, 0.0, 0.0]"
hMpxV/Australia/VIC-VIDRL-6920/2024|EPI_ISL_19459709|2024-07-17,"[1.0, 0.0, 0.0, 0.0, 0.0, 0.0, 0.0, 0.0, 0.0, 0.0, 0.0, 0.0, 0.0, 0.0, 0.0, 0.0, 0.0, 0.0, 0.0, 0.0, 0.0, 0.0, 0.0, 0.0, 0.0, 0.0, 0.0, 0.0, 0.0, 0.0, 0.0]"
NODE_0000169,"[0.9999999999999999, 2.4913286695050022e-26, 6.280875371040627e-25, 2.4892281216449863e-26, 2.0763548303865748e-26, 2.5002032460345023e-26, 2.592505681959711e-26, 2.7676938309492176e-26, 2.7567738763159076e-26, 2.471191395704243e-26, 2.6996887234086067e-26, 2.591593958191844e-26, 2.3512543089083082e-26, 2.1896938383747838e-26, 3.857318628670684e-25, 1.21812249276139e-26, 2.0717954241932804e-26, 2.591593958191582e-26, 2.5915939581918426e-26, 1.924758831034022e-26, 3.0686774376567015e-25, 2.0718154452452416e-26, 1.4100054117338546e-26, 2.7694872824822096e-26, 7.593100811217011e-25, 2.454588928969629e-26, 1.355569589053964e-26, 2.6069031998755237e-26, 2.172047321357031e-26, 2.6270763545836033e-24, 2.836544782117462e-26]"
hMpxV/Australia/QLD-MX000123/2024|EPI_ISL_19539767|2024-10-06,"[1.0, 0.0, 0.0, 0.0, 0.0, 0.0, 0.0, 0.0, 0.0, 0.0, 0.0, 0.0, 0.0, 0.0, 0.0, 0.0, 0.0, 0.0, 0.0, 0.0, 0.0, 0.0, 0.0, 0.0, 0.0, 0.0, 0.0, 0.0, 0.0, 0.0, 0.0]"
hMpxV/Australia/QLD-MX000127/2024|EPI_ISL_19539771|2024-10-08,"[1.0, 0.0, 0.0, 0.0, 0.0, 0.0, 0.0, 0.0, 0.0, 0.0, 0.0, 0.0, 0.0, 0.0, 0.0, 0.0, 0.0, 0.0, 0.0, 0.0, 0.0, 0.0, 0.0, 0.0, 0.0, 0.0, 0.0, 0.0, 0.0, 0.0, 0.0]"
hMpxV/Australia/QLD-MX000124/2024|EPI_ISL_19539768|2024-10-03,"[0.9999999999999999, 0.0, 0.0, 0.0, 0.0, 0.0, 0.0, 0.0, 0.0, 0.0, 0.0, 0.0, 0.0, 0.0, 0.0, 0.0, 0.0, 0.0, 0.0, 0.0, 0.0, 0.0, 0.0, 0.0, 0.0, 0.0, 0.0, 0.0, 0.0, 0.0, 0.0]"
hMpxV/Australia/QLD-MX000126/2024|EPI_ISL_19539770|2024-10-07,"[1.0, 0.0, 0.0, 0.0, 0.0, 0.0, 0.0, 0.0, 0.0, 0.0, 0.0, 0.0, 0.0, 0.0, 0.0, 0.0, 0.0, 0.0, 0.0, 0.0, 0.0, 0.0, 0.0, 0.0, 0.0, 0.0, 0.0, 0.0, 0.0, 0.0, 0.0]"
hMpxV/Australia/QLD-MX000137/2024|EPI_ISL_19539781|2024-10-06,"[1.0, 0.0, 0.0, 0.0, 0.0, 0.0, 0.0, 0.0, 0.0, 0.0, 0.0, 0.0, 0.0, 0.0, 0.0, 0.0, 0.0, 0.0, 0.0, 0.0, 0.0, 0.0, 0.0, 0.0, 0.0, 0.0, 0.0, 0.0, 0.0, 0.0, 0.0]"
hMpxV/Australia/QLD-MX000146/2024|EPI_ISL_19539787|2024-10-12,"[1.0, 0.0, 0.0, 0.0, 0.0, 0.0, 0.0, 0.0, 0.0, 0.0, 0.0, 0.0, 0.0, 0.0, 0.0, 0.0, 0.0, 0.0, 0.0, 0.0, 0.0, 0.0, 0.0, 0.0, 0.0, 0.0, 0.0, 0.0, 0.0, 0.0, 0.0]"
hMpxV/Australia/QLD-MX000154/2024|EPI_ISL_19539795|2024-10-12,"[1.0, 0.0, 0.0, 0.0, 0.0, 0.0, 0.0, 0.0, 0.0, 0.0, 0.0, 0.0, 0.0, 0.0, 0.0, 0.0, 0.0, 0.0, 0.0, 0.0, 0.0, 0.0, 0.0, 0.0, 0.0, 0.0, 0.0, 0.0, 0.0, 0.0, 0.0]"
hMpxV/Australia/QLD-MX000151/2024|EPI_ISL_19539792|2024-10-15,"[0.9999999999999999, 0.0, 0.0, 0.0, 0.0, 0.0, 0.0, 0.0, 0.0, 0.0, 0.0, 0.0, 0.0, 0.0, 0.0, 0.0, 0.0, 0.0, 0.0, 0.0, 0.0, 0.0, 0.0, 0.0, 0.0, 0.0, 0.0, 0.0, 0.0, 0.0, 0.0]"
hMpxV/Australia/QLD-MX000152/2024|EPI_ISL_19539793|2024-10-08,"[1.0, 0.0, 0.0, 0.0, 0.0, 0.0, 0.0, 0.0, 0.0, 0.0, 0.0, 0.0, 0.0, 0.0, 0.0, 0.0, 0.0, 0.0, 0.0, 0.0, 0.0, 0.0, 0.0, 0.0, 0.0, 0.0, 0.0, 0.0, 0.0, 0.0, 0.0]"
hMpxV/Australia/QLD-MX000085/2024|EPI_ISL_19539733|2024-09-09,"[0.9999999999999999, 0.0, 0.0, 0.0, 0.0, 0.0, 0.0, 0.0, 0.0, 0.0, 0.0, 0.0, 0.0, 0.0, 0.0, 0.0, 0.0, 0.0, 0.0, 0.0, 0.0, 0.0, 0.0, 0.0, 0.0, 0.0, 0.0, 0.0, 0.0, 0.0, 0.0]"
