name,state
NODE_0000000,"[0.023187910044381622, 0.025877373905310353, 0.04233416456173172, 0.01871838470989344, 0.04722780941711403, 0.02143115678909782, 0.02207344120543937, 0.018061037540051963, 0.017949514880695114, 0.01846721494487178, 0.01766101084958528, 0.01818415366964291, 0.018216792368787864, 0.02281216653234847, 0.01834079016313034, 0.05500864999653955, 0.020711600275578623, 0.018184153669642922, 0.01818415366964294, 0.022367912176766272, 0.2543382377201739, 0.019888329649563448, 0.02030807920865143, 0.018118640647175867, 0.019414399711246113, 0.01772332334249996, 0.018654111786990217, 0.017564269550699285, 0.01860791351062634, 0.09237083828285177, 0.018012465219269205]"
NC_063383.1,"[0.023225254297070494, 0.02590890677642093, 0.042364851187619255, 0.018754085516242143, 0.04724697962899618, 0.021466394694985937, 0.022106011191533735, 0.018095390661165268, 0.017983663177821407, 0.01850243479774786, 0.017694525057757326, 0.018218729963493382, 0.018251600564070998, 0.022846274454407827, 0.018368117190004588, 0.05502149216461373, 0.020751033685989705, 0.018218729963493413, 0.01821872996349341, 0.02240140985662315, 0.2533582743357354, 0.019926616937184415, 0.020337081934690165, 0.018153097148449863, 0.01944407173692124, 0.01775726334494122, 0.01868999566147842, 0.017597826012101983, 0.01864355507702305, 0.09240086870321136, 0.018046734314712144]"
NODE_0000002,"[4.6149602236206706e-92, 1.8458604868607607e-88, 2.9667650410812506e-66, 7.981823573124643e-99, 5.0869446842009444e-58, 8.030797102615122e-92, 1.629982277030957e-92, 1.476247621021577e-98, 1.8821118247645687e-98, 1.500736536214921e-98, 2.551750638551578e-98, 1.1636230112137985e-98, 4.303131272265255e-99, 3.195364106007306e-92, 9.222838235823078e-93, 1.429988992318427e-47, 8.535924343301304e-93, 1.1636230112136667e-98, 1.1636230112151215e-98, 1.44567527563997e-92, 1.0, 2.9339326867676792e-99, 2.8800595548858655e-84, 1.3204462584239753e-98, 5.973458298877878e-93, 2.7764416903324076e-96, 5.356556402218832e-99, 3.0491033168780225e-96, 7.918340137817996e-99, 6.944962603552321e-38, 1.6173762163336066e-98]"
hMpxV/China/SZ-CDC/Strain189,"[0.0, 0.0, 0.0, 0.0, 0.0, 0.0, 0.0, 0.0, 0.0, 0.0, 0.0, 0.0, 0.0, 0.0, 0.0, 0.0, 0.0, 0.0, 0.0, 0.0, 0.0, 0.0, 0.0, 0.0, 0.9999999999999999, 0.0, 0.0, 0.0, 0.0, 0.0, 0.0]"
hMpxV/Peru/LAM-INS-290/2022|EPI_ISL_16999067|2022-11-23,"[0.0, 0.0, 0.0, 0.0, 0.0, 0.0, 0.0, 0.0, 0.0, 0.0, 0.0, 0.0, 0.0, 0.0, 0.0, 0.0, 0.0, 0.0, 0.0, 0.0, 0.9999999999999999, 0.0, 0.0, 0.0, 0.0, 0.0, 0.0, 0.0, 0.0, 0.0, 0.0]"
hMpxV/Peru/LIM-INS-292/2022|EPI_ISL_16999095|2022-11-25,"[0.0, 0.0, 0.0, 0.0, 0.0, 0.0, 0.0, 0.0, 0.0, 0.0, 0.0, 0.0, 0.0, 0.0, 0.0, 0.0, 0.0, 0.0, 0.0, 0.0, 1.0, 0.0, 0.0, 0.0, 0.0, 0.0, 0.0, 0.0, 0.0, 0.0, 0.0]"
hMpxV/Peru/LIM-INS-349/2022|EPI_ISL_16999091|2022-12-26,"[0.0, 0.0, 0.0, 0.0, 0.0, 0.0, 0.0, 0.0, 0.0, 0.0, 0.0, 0.0, 0.0, 0.0, 0.0, 0.0, 0.0, 0.0, 0.0, 0.0, 1.0, 0.0, 0.0, 0.0, 0.0, 0.0, 0.0, 0.0, 0.0, 0.0, 0.0]"
hMpxV/USA/CA-CDPH-1000169/2023|EPI_ISL_16997397|2023-01-09,"[0.0, 0.0, 0.0, 0.0, 0.0, 0.0, 0.0, 0.0, 0.0, 0.0, 0.0, 0.0, 0.0, 0.0, 0.0, 0.0, 0.0, 0.0, 0.0, 0.0, 0.0, 0.0, 0.0, 0.0, 0.0, 0.0, 0.0, 0.0, 0.0, 1.0, 0.0]"
hMpxV/Peru/LIM-INS-338/2022|EPI_ISL_16999113|2022-12-19,"[0.0, 0.0, 0.0, 0.0, 0.0, 0.0, 0.0, 0.0, 0.0, 0.0, 0.0, 0.0, 0.0, 0.0, 0.0, 0.0, 0.0, 0.0, 0.0, 0.0, 1.0, 0.0, 0.0, 0.0, 0.0, 0.0, 0.0, 0.0, 0.0, 0.0, 0.0]"
hMpxV/Peru/LIM-INS-357/2022|EPI_ISL_16999116|2022-12-26,"[0.0, 0.0, 0.0, 0.0, 0.0, 0.0, 0.0, 0.0, 0.0, 0.0, 0.0, 0.0, 0.0, 0.0, 0.0, 0.0, 0.0, 0.0, 0.0, 0.0, 1.0, 0.0, 0.0, 0.0, 0.0, 0.0, 0.0, 0.0, 0.0, 0.0, 0.0]"
hMpxV/Peru/LIM-INS-342/2022|EPI_ISL_16999121|2022-12-17,"[0.0, 0.0, 0.0, 0.0, 0.0, 0.0, 0.0, 0.0, 0.0, 0.0, 0.0, 0.0, 0.0, 0.0, 0.0, 0.0, 0.0, 0.0, 0.0, 0.0, 1.0, 0.0, 0.0, 0.0, 0.0, 0.0, 0.0, 0.0, 0.0, 0.0, 0.0]"
hMpxV/Peru/LIM-INS-345/2022|EPI_ISL_16999118|2022-12-20,"[0.0, 0.0, 0.0, 0.0, 0.0, 0.0, 0.0, 0.0, 0.0, 0.0, 0.0, 0.0, 0.0, 0.0, 0.0, 0.0, 0.0, 0.0, 0.0, 0.0, 1.0, 0.0, 0.0, 0.0, 0.0, 0.0, 0.0, 0.0, 0.0, 0.0, 0.0]"
hMpxV/Peru/LIM-INS-291/2022|EPI_ISL_16999139|2022-11-22,"[0.0, 0.0, 0.0, 0.0, 0.0, 0.0, 0.0, 0.0, 0.0, 0.0, 0.0, 0.0, 0.0, 0.0, 0.0, 0.0, 0.0, 0.0, 0.0, 0.0, 1.0, 0.0, 0.0, 0.0, 0.0, 0.0, 0.0, 0.0, 0.0, 0.0, 0.0]"
hMpxV/Peru/LIM-INS-350/2022|EPI_ISL_16999138|2022-12-26,"[0.0, 0.0, 0.0, 0.0, 0.0, 0.0, 0.0, 0.0, 0.0, 0.0, 0.0, 0.0, 0.0, 0.0, 0.0, 0.0, 0.0, 0.0, 0.0, 0.0, 1.0, 0.0, 0.0, 0.0, 0.0, 0.0, 0.0, 0.0, 0.0, 0.0, 0.0]"
hMpxV/Brazil/RJ-FIOCRUZ-29814/2022|EPI_ISL_17614024|2022-11-24,"[0.0, 0.0, 1.0, 0.0, 0.0, 0.0, 0.0, 0.0, 0.0, 0.0, 0.0, 0.0, 0.0, 0.0, 0.0, 0.0, 0.0, 0.0, 0.0, 0.0, 0.0, 0.0, 0.0, 0.0, 0.0, 0.0, 0.0, 0.0, 0.0, 0.0, 0.0]"
hMpxV/USA/IL-RIPHL-052-0034/2023|EPI_ISL_17821096|2023-05-10,"[0.0, 0.0, 0.0, 0.0, 0.0, 0.0, 0.0, 0.0, 0.0, 0.0, 0.0, 0.0, 0.0, 0.0, 0.0, 0.0, 0.0, 0.0, 0.0, 0.0, 0.0, 0.0, 0.0, 0.0, 0.0, 0.0, 0.0, 0.0, 0.0, 1.0, 0.0]"
hMpxV/Peru/LIM-INS-443/2022|EPI_ISL_19343459|2022-12-26,"[0.0, 0.0, 0.0, 0.0, 0.0, 0.0, 0.0, 0.0, 0.0, 0.0, 0.0, 0.0, 0.0, 0.0, 0.0, 0.0, 0.0, 0.0, 0.0, 0.0, 1.0, 0.0, 0.0, 0.0, 0.0, 0.0, 0.0, 0.0, 0.0, 0.0, 0.0]"
hMpxV/Peru/AYA-INS-427/2023|EPI_ISL_19343467|2023-02-19,"[0.0, 0.0, 0.0, 0.0, 0.0, 0.0, 0.0, 0.0, 0.0, 0.0, 0.0, 0.0, 0.0, 0.0, 0.0, 0.0, 0.0, 0.0, 0.0, 0.0, 1.0, 0.0, 0.0, 0.0, 0.0, 0.0, 0.0, 0.0, 0.0, 0.0, 0.0]"
hMpxV/Peru/LIM-INS-375/2023|EPI_ISL_19343480|2023-01-07,"[0.0, 0.0, 0.0, 0.0, 0.0, 0.0, 0.0, 0.0, 0.0, 0.0, 0.0, 0.0, 0.0, 0.0, 0.0, 0.0, 0.0, 0.0, 0.0, 0.0, 1.0, 0.0, 0.0, 0.0, 0.0, 0.0, 0.0, 0.0, 0.0, 0.0, 0.0]"
hMpxV/Peru/LIM-INS-406/2023|EPI_ISL_19343490|2023-02-01,"[0.0, 0.0, 0.0, 0.0, 0.0, 0.0, 0.0, 0.0, 0.0, 0.0, 0.0, 0.0, 0.0, 0.0, 0.0, 0.0, 0.0, 0.0, 0.0, 0.0, 1.0, 0.0, 0.0, 0.0, 0.0, 0.0, 0.0, 0.0, 0.0, 0.0, 0.0]"
hMpxV/Peru/LIM-INS-364/2023|EPI_ISL_19343503|2023-01-19,"[0.0, 0.0, 0.0, 0.0, 0.0, 0.0, 0.0, 0.0, 0.0, 0.0, 0.0, 0.0, 0.0, 0.0, 0.0, 0.0, 0.0, 0.0, 0.0, 0.0, 0.9999999999999999, 0.0, 0.0, 0.0, 0.0, 0.0, 0.0, 0.0, 0.0, 0.0, 0.0]"
hMpxV/Peru/LIM-INS-433/2023|EPI_ISL_19343501|2023-01-27,"[0.0, 0.0, 0.0, 0.0, 0.0, 0.0, 0.0, 0.0, 0.0, 0.0, 0.0, 0.0, 0.0, 0.0, 0.0, 0.0, 0.0, 0.0, 0.0, 0.0, 0.9999999999999999, 0.0, 0.0, 0.0, 0.0, 0.0, 0.0, 0.0, 0.0, 0.0, 0.0]"
hMpxV/Peru/CAL-INS-383/2023|EPI_ISL_19343521|2023-01-10,"[0.0, 0.0, 0.0, 0.0, 0.0, 0.0, 0.0, 0.0, 0.0, 0.0, 0.0, 0.0, 0.0, 0.0, 0.0, 0.0, 0.0, 0.0, 0.0, 0.0, 1.0, 0.0, 0.0, 0.0, 0.0, 0.0, 0.0, 0.0, 0.0, 0.0, 0.0]"
hMpxV/Peru/LIM-INS-416/2023|EPI_ISL_19343572|2023-02-07,"[0.0, 0.0, 0.0, 0.0, 0.0, 0.0, 0.0, 0.0, 0.0, 0.0, 0.0, 0.0, 0.0, 0.0, 0.0, 0.0, 0.0, 0.0, 0.0, 0.0, 1.0, 0.0, 0.0, 0.0, 0.0, 0.0, 0.0, 0.0, 0.0, 0.0, 0.0]"
hMpxV/Peru/LIM-INS-436/2023|EPI_ISL_19343568|2023-02-16,"[0.0, 0.0, 0.0, 0.0, 0.0, 0.0, 0.0, 0.0, 0.0, 0.0, 0.0, 0.0, 0.0, 0.0, 0.0, 0.0, 0.0, 0.0, 0.0, 0.0, 1.0, 0.0, 0.0, 0.0, 0.0, 0.0, 0.0, 0.0, 0.0, 0.0, 0.0]"
hMpxV/Peru/AYA-INS-411/2023|EPI_ISL_19343573|2023-01-31,"[0.0, 0.0, 0.0, 0.0, 0.0, 0.0, 0.0, 0.0, 0.0, 0.0, 0.0, 0.0, 0.0, 0.0, 0.0, 0.0, 0.0, 0.0, 0.0, 0.0, 1.0, 0.0, 0.0, 0.0, 0.0, 0.0, 0.0, 0.0, 0.0, 0.0, 0.0]"
hMpxV/Peru/AYA-INS-412/2023|EPI_ISL_19343574|2023-01-31,"[0.0, 0.0, 0.0, 0.0, 0.0, 0.0, 0.0, 0.0, 0.0, 0.0, 0.0, 0.0, 0.0, 0.0, 0.0, 0.0, 0.0, 0.0, 0.0, 0.0, 1.0, 0.0, 0.0, 0.0, 0.0, 0.0, 0.0, 0.0, 0.0, 0.0, 0.0]"
hMpxV/Peru/ARE-INS-420/2023|EPI_ISL_19343594|2023-02-08,"[0.0, 0.0, 0.0, 0.0, 0.0, 0.0, 0.0, 0.0, 0.0, 0.0, 0.0, 0.0, 0.0, 0.0, 0.0, 0.0, 0.0, 0.0, 0.0, 0.0, 1.0, 0.0, 0.0, 0.0, 0.0, 0.0, 0.0, 0.0, 0.0, 0.0, 0.0]"
hMpxV/Peru/ARE-INS-478/2023|EPI_ISL_19343595|2023-01-31,"[0.0, 0.0, 0.0, 0.0, 0.0, 0.0, 0.0, 0.0, 0.0, 0.0, 0.0, 0.0, 0.0, 0.0, 0.0, 0.0, 0.0, 0.0, 0.0, 0.0, 1.0, 0.0, 0.0, 0.0, 0.0, 0.0, 0.0, 0.0, 0.0, 0.0, 0.0]"
hMpxV/Chile/RM-ISP-132423/2022|EPI_ISL_19345334|2022-11-27,"[0.0, 0.0, 0.0, 0.0, 1.0, 0.0, 0.0, 0.0, 0.0, 0.0, 0.0, 0.0, 0.0, 0.0, 0.0, 0.0, 0.0, 0.0, 0.0, 0.0, 0.0, 0.0, 0.0, 0.0, 0.0, 0.0, 0.0, 0.0, 0.0, 0.0, 0.0]"
hMpxV/Mexico/CMX_InDRE_F5592/2022|EPI_ISL_17672227|2022-12-08,"[0.0, 0.0, 0.0, 0.0, 0.0, 0.0, 0.0, 0.0, 0.0, 0.0, 0.0, 0.0, 0.0, 0.0, 0.0, 1.0, 0.0, 0.0, 0.0, 0.0, 0.0, 0.0, 0.0, 0.0, 0.0, 0.0, 0.0, 0.0, 0.0, 0.0, 0.0]"
hMpxV/Mexico/VER_InDRE_F254/2023|EPI_ISL_17672252|2023-01-31,"[0.0, 0.0, 0.0, 0.0, 0.0, 0.0, 0.0, 0.0, 0.0, 0.0, 0.0, 0.0, 0.0, 0.0, 0.0, 1.0, 0.0, 0.0, 0.0, 0.0, 0.0, 0.0, 0.0, 0.0, 0.0, 0.0, 0.0, 0.0, 0.0, 0.0, 0.0]"
hMpxV/Mexico/YUC_InDRE_F217/2023|EPI_ISL_17672250|2023-01-17,"[0.0, 0.0, 0.0, 0.0, 0.0, 0.0, 0.0, 0.0, 0.0, 0.0, 0.0, 0.0, 0.0, 0.0, 0.0, 1.0, 0.0, 0.0, 0.0, 0.0, 0.0, 0.0, 0.0, 0.0, 0.0, 0.0, 0.0, 0.0, 0.0, 0.0, 0.0]"
hMpxV/USA/CA-LACPHL-MA00474/2022|EPI_ISL_17211328|2022-11-18,"[0.0, 0.0, 0.0, 0.0, 0.0, 0.0, 0.0, 0.0, 0.0, 0.0, 0.0, 0.0, 0.0, 0.0, 0.0, 0.0, 0.0, 0.0, 0.0, 0.0, 0.0, 0.0, 0.0, 0.0, 0.0, 0.0, 0.0, 0.0, 0.0, 0.9999999999999999, 0.0]"
hMpxV/USA/CA-LACPHL-MA00475/2022|EPI_ISL_17211329|2022-11-22,"[0.0, 0.0, 0.0, 0.0, 0.0, 0.0, 0.0, 0.0, 0.0, 0.0, 0.0, 0.0, 0.0, 0.0, 0.0, 0.0, 0.0, 0.0, 0.0, 0.0, 0.0, 0.0, 0.0, 0.0, 0.0, 0.0, 0.0, 0.0, 0.0, 1.0, 0.0]"
hMpxV/USA/CA-LACPHL-MA00479/2022|EPI_ISL_17211333|2022-12-01,"[0.0, 0.0, 0.0, 0.0, 0.0, 0.0, 0.0, 0.0, 0.0, 0.0, 0.0, 0.0, 0.0, 0.0, 0.0, 0.0, 0.0, 0.0, 0.0, 0.0, 0.0, 0.0, 0.0, 0.0, 0.0, 0.0, 0.0, 0.0, 0.0, 1.0, 0.0]"
hMpxV/Mexico/CHH_InDRE_F390/2023|EPI_ISL_17703605|2023-03-10,"[0.0, 0.0, 0.0, 0.0, 0.0, 0.0, 0.0, 0.0, 0.0, 0.0, 0.0, 0.0, 0.0, 0.0, 0.0, 1.0, 0.0, 0.0, 0.0, 0.0, 0.0, 0.0, 0.0, 0.0, 0.0, 0.0, 0.0, 0.0, 0.0, 0.0, 0.0]"
hMpxV/Mexico/CMX_InDRE_F422/2023|EPI_ISL_17703610|2023-03-22,"[0.0, 0.0, 0.0, 0.0, 0.0, 0.0, 0.0, 0.0, 0.0, 0.0, 0.0, 0.0, 0.0, 0.0, 0.0, 1.0, 0.0, 0.0, 0.0, 0.0, 0.0, 0.0, 0.0, 0.0, 0.0, 0.0, 0.0, 0.0, 0.0, 0.0, 0.0]"
NODE_0000334,"[1.236014520135643e-05, 9.497434883613381e-06, 8.444224361712862e-05, 4.7186801547078655e-06, 0.0011988448376581279, 6.104398826238418e-06, 6.93085332156219e-06, 4.644726781304953e-06, 4.627220754988558e-06, 4.668671600019644e-06, 4.592207185641253e-06, 4.66831515085988e-06, 4.46098513541548e-06, 6.836292761243338e-06, 7.3521382541295346e-06, 6.269230898241928e-05, 9.909855318335027e-06, 4.668315150861355e-06, 4.6683151508609725e-06, 6.5781471207373545e-06, 0.6844341305965179, 4.725841809835391e-06, 1.200197467995688e-05, 4.656594560862894e-06, 7.2278681665825e-06, 6.734171070653281e-06, 4.115086518540811e-06, 6.625708913975693e-06, 4.489441579574905e-06, 0.31405739465689286, 4.631966279841638e-06]"
hMpxV/USA/NY-NYCPHL-001178/2022|EPI_ISL_16955305|2022-11-18,"[0.0, 0.0, 0.0, 0.0, 0.0, 0.0, 0.0, 0.0, 0.0, 0.0, 0.0, 0.0, 0.0, 0.0, 0.0, 0.0, 0.0, 0.0, 0.0, 0.0, 0.0, 0.0, 0.0, 0.0, 0.0, 0.0, 0.0, 0.0, 0.0, 1.0, 0.0]"
hMpxV/Chile/RM-ISP-7201/2023|EPI_ISL_19345367|2023-01-25,"[0.0, 0.0, 0.0, 0.0, 1.0, 0.0, 0.0, 0.0, 0.0, 0.0, 0.0, 0.0, 0.0, 0.0, 0.0, 0.0, 0.0, 0.0, 0.0, 0.0, 0.0, 0.0, 0.0, 0.0, 0.0, 0.0, 0.0, 0.0, 0.0, 0.0, 0.0]"
NODE_0000348,"[2.0149077439684147e-06, 6.21954491976285e-07, 1.2862690754359556e-05, 3.262111348169524e-07, 1.964229469627634e-06, 4.2637694612672055e-07, 4.85726953896436e-07, 3.2652183395176547e-07, 3.2707748958497915e-07, 3.252993615183303e-07, 3.254866137392977e-07, 3.2630629657849663e-07, 3.130218536957911e-07, 4.764540520314754e-07, 7.692313631680689e-07, 1.0485210257664812e-05, 1.2786151842143941e-06, 3.263062965785195e-07, 3.263062965785129e-07, 4.589251685332234e-07, 0.04149772053403896, 3.214740490741085e-07, 1.6690970789502907e-06, 3.264462859010517e-07, 7.702625185417471e-07, 6.813352638084564e-07, 2.9263819765235267e-07, 6.588758101318071e-07, 3.132433240749559e-07, 0.9584621527601846, 3.2647368571024296e-07]"
hMpxV/USA/CA-LACPHL-MA00394/2022|EPI_ISL_16679206|2022-12-23,"[0.0, 0.0, 0.0, 0.0, 0.0, 0.0, 0.0, 0.0, 0.0, 0.0, 0.0, 0.0, 0.0, 0.0, 0.0, 0.0, 0.0, 0.0, 0.0, 0.0, 0.0, 0.0, 0.0, 0.0, 0.0, 0.0, 0.0, 0.0, 0.0, 0.9999999999999999, 0.0]"
hMpxV/USA/CA-LACPHL-MA00374/2022|EPI_ISL_16679235|2022-11-23,"[0.0, 0.0, 0.0, 0.0, 0.0, 0.0, 0.0, 0.0, 0.0, 0.0, 0.0, 0.0, 0.0, 0.0, 0.0, 0.0, 0.0, 0.0, 0.0, 0.0, 0.0, 0.0, 0.0, 0.0, 0.0, 0.0, 0.0, 0.0, 0.0, 0.9999999999999999, 0.0]"
NODE_0000351,"[3.472461762328751e-09, 8.844945334193126e-10, 1.8997884664299524e-08, 5.566376209738083e-10, 2.3969610920492337e-09, 6.773850103794871e-10, 7.353183974960375e-10, 5.580725701636973e-10, 5.595661786836218e-10, 5.55127770743954e-10, 5.564888637542884e-10, 5.571881435864173e-10, 5.326110815838575e-10, 7.150270038358376e-10, 1.2311448308944254e-09, 1.3795549106940122e-08, 2.4165131215369233e-09, 5.57188143587194e-10, 5.571881435862895e-10, 6.947234589682721e-10, 2.8194269526969916e-06, 5.47297095486193e-10, 2.7593494378471243e-09, 5.576904900151832e-10, 1.2305305915337352e-09, 1.2445195793004678e-09, 4.964703963664749e-10, 1.2001768733030484e-09, 5.341157486448441e-10, 0.9999971204371393, 5.582262296762605e-10]"
hMpxV/USA/CA-LACPHL-MA00467/2023|EPI_ISL_16997411|2023-01-26,"[0.0, 0.0, 0.0, 0.0, 0.0, 0.0, 0.0, 0.0, 0.0, 0.0, 0.0, 0.0, 0.0, 0.0, 0.0, 0.0, 0.0, 0.0, 0.0, 0.0, 0.0, 0.0, 0.0, 0.0, 0.0, 0.0, 0.0, 0.0, 0.0, 1.0, 0.0]"
hMpxV/USA/CA-LACPHL-MA00463/2023|EPI_ISL_16997407|2023-01-26,"[0.0, 0.0, 0.0, 0.0, 0.0, 0.0, 0.0, 0.0, 0.0, 0.0, 0.0, 0.0, 0.0, 0.0, 0.0, 0.0, 0.0, 0.0, 0.0, 0.0, 0.0, 0.0, 0.0, 0.0, 0.0, 0.0, 0.0, 0.0, 0.0, 1.0, 0.0]"
NODE_0000433,"[0.00019554479110953378, 0.00039380316756343255, 0.0004176950389838667, 0.00022083896427389487, 0.0008603714075448157, 0.0002782828418215633, 0.0003089872047438321, 0.00021346949010666287, 0.0002118911685887637, 0.00021718118412730747, 0.0002086971832054537, 0.00021546241404048585, 0.0002897891269639643, 0.8763115355746439, 0.00018791382558253262, 0.0009069054273059734, 0.039524975467131705, 0.0002154624140405784, 0.00021546241404053046, 0.0002921369611005303, 0.07392584721048988, 0.00022661729427896684, 0.0015026180024012425, 0.00021445483753546827, 0.00018741611676108649, 0.0002026238442200298, 0.00018234368654190732, 0.0002865347735519462, 0.00020631150410303843, 0.0011663621799254578, 0.00021246448327167408]"
hMpxV/Netherlands/NH-AUMC-0001/2023|EPI_ISL_17502583|2023-01-05,"[0.0, 0.0, 0.0, 0.0, 0.0, 0.0, 0.0, 0.0, 0.0, 0.0, 0.0, 0.0, 0.0, 0.0, 0.0, 0.0, 0.9999999999999999, 0.0, 0.0, 0.0, 0.0, 0.0, 0.0, 0.0, 0.0, 0.0, 0.0, 0.0, 0.0, 0.0, 0.0]"
hMpxV/Ireland/un-NVRL-Z22IRL00794/2022|EPI_ISL_18308395|2022-12-02,"[0.0, 0.0, 0.0, 0.0, 0.0, 0.0, 0.0, 0.0, 0.0, 0.0, 0.0, 0.0, 0.0, 1.0, 0.0, 0.0, 0.0, 0.0, 0.0, 0.0, 0.0, 0.0, 0.0, 0.0, 0.0, 0.0, 0.0, 0.0, 0.0, 0.0, 0.0]"
NODE_0000434,"[8.802894712768395e-06, 1.5079581329001766e-05, 3.914485153743261e-05, 8.333196945726955e-06, 3.549816024319869e-05, 2.824877283688829e-05, 1.1788352986824338e-05, 8.10257793455442e-06, 8.050230139290341e-06, 8.211346157223247e-06, 7.957461097016606e-06, 8.16568017980526e-06, 7.855908060075635e-06, 1.180999769333121e-05, 8.24343656400261e-06, 0.9483282028283697, 8.750979024262868e-06, 8.165680179805952e-06, 8.165680179806074e-06, 1.1343743792928396e-05, 0.051182387982917604, 8.505573131601395e-06, 9.799256699913556e-06, 8.133582833429126e-06, 8.134314480989718e-06, 7.823782112099981e-06, 7.366649595061356e-06, 7.838333152571936e-06, 7.959791869396292e-06, 0.00016405761371906757, 8.071759524484184e-06]"
hMpxV/Mexico/HID_InDRE_F5587/2022|EPI_ISL_17703580|2022-12-09,"[0.0, 0.0, 0.0, 0.0, 0.0, 0.0, 0.0, 0.0, 0.0, 0.0, 0.0, 0.0, 0.0, 0.0, 0.0, 1.0, 0.0, 0.0, 0.0, 0.0, 0.0, 0.0, 0.0, 0.0, 0.0, 0.0, 0.0, 0.0, 0.0, 0.0, 0.0]"
hMpxV/Mexico/CMX_InDRE_F420/2023|EPI_ISL_17703609|2023-03-21,"[0.0, 0.0, 0.0, 0.0, 0.0, 0.0, 0.0, 0.0, 0.0, 0.0, 0.0, 0.0, 0.0, 0.0, 0.0, 1.0, 0.0, 0.0, 0.0, 0.0, 0.0, 0.0, 0.0, 0.0, 0.0, 0.0, 0.0, 0.0, 0.0, 0.0, 0.0]"
NODE_0000457,"[5.45949021566611e-09, 1.2836370396846432e-08, 4.9159709120819166e-08, 5.888564853822684e-09, 0.9996710002135367, 7.530096350150529e-09, 8.458821161373545e-09, 5.702758311838219e-09, 5.663188925744894e-09, 5.7805665028039675e-09, 5.582211343963568e-09, 5.752620269068513e-09, 5.441046794215213e-09, 8.449559423354837e-09, 5.273846734358428e-09, 2.6364530100026158e-08, 6.031945042211595e-09, 5.752620269059353e-09, 5.7526202690696705e-09, 7.999697526254554e-09, 0.00032873707166045075, 5.991656069822993e-09, 6.382056188017397e-09, 5.7273971482269655e-09, 5.0559775816986134e-09, 5.412796241689321e-09, 4.925336934568971e-09, 5.441173890922765e-09, 5.52141812096689e-09, 2.3699057690887417e-08, 5.677669360684058e-09]"
hMpxV/Chile/RM-ISP-129697/2022|EPI_ISL_19345324|2022-11-18,"[0.0, 0.0, 0.0, 0.0, 1.0, 0.0, 0.0, 0.0, 0.0, 0.0, 0.0, 0.0, 0.0, 0.0, 0.0, 0.0, 0.0, 0.0, 0.0, 0.0, 0.0, 0.0, 0.0, 0.0, 0.0, 0.0, 0.0, 0.0, 0.0, 0.0, 0.0]"
hMpxV/Chile/RM-ISP-129922/2022|EPI_ISL_19345327|2022-11-19,"[0.0, 0.0, 0.0, 0.0, 1.0, 0.0, 0.0, 0.0, 0.0, 0.0, 0.0, 0.0, 0.0, 0.0, 0.0, 0.0, 0.0, 0.0, 0.0, 0.0, 0.0, 0.0, 0.0, 0.0, 0.0, 0.0, 0.0, 0.0, 0.0, 0.0, 0.0]"
NODE_0000464,"[0.00015353072845760275, 0.017234285050746874, 0.000661847654665138, 0.0001613311756558882, 0.16553263053551323, 0.0002054925008763103, 0.00023005104920602375, 0.0001558436478883194, 0.00015455537926230875, 0.00015831257247873575, 0.0001524522448681143, 0.00015740632063268673, 0.00014949511660710123, 0.00023052326395365985, 0.00014689872315212451, 0.0007269777406341255, 0.00016599688930899064, 0.000157406320632685, 0.00015740632063269194, 0.00021887687895033448, 0.8110745579131315, 0.00016495475641377125, 0.0001755426425319081, 0.000156612960788055, 0.0001425814557234785, 0.0001480862098723965, 0.0001362410919048663, 0.000148642598809884, 0.00015171617954150719, 0.0006346702930965861, 0.00015507378406270865]"
hMpxV/Chile/RM-ISP-135494/2022|EPI_ISL_19345347|2022-12-09,"[0.0, 0.0, 0.0, 0.0, 0.9999999999999999, 0.0, 0.0, 0.0, 0.0, 0.0, 0.0, 0.0, 0.0, 0.0, 0.0, 0.0, 0.0, 0.0, 0.0, 0.0, 0.0, 0.0, 0.0, 0.0, 0.0, 0.0, 0.0, 0.0, 0.0, 0.0, 0.0]"
hMpxV/Belgium/ITM-19012023A/2023|EPI_ISL_17261491|2023-01-19,"[0.0, 1.0, 0.0, 0.0, 0.0, 0.0, 0.0, 0.0, 0.0, 0.0, 0.0, 0.0, 0.0, 0.0, 0.0, 0.0, 0.0, 0.0, 0.0, 0.0, 0.0, 0.0, 0.0, 0.0, 0.0, 0.0, 0.0, 0.0, 0.0, 0.0, 0.0]"
NODE_0000319,"[1.2919843796407575e-10, 1.9962269410661682e-11, 1.1619375426054744e-09, 1.1254058218815593e-11, 6.757274215292118e-11, 1.4406254100518002e-11, 1.6092520461580346e-11, 1.1450255122425293e-11, 1.1534535813486817e-11, 1.129283519479174e-11, 1.1492373371924242e-11, 1.138002547692865e-11, 1.0750383503113773e-11, 1.5550335330661744e-11, 3.3279420501611056e-11, 6.841103771442817e-10, 7.765019636135059e-11, 1.1380025476944528e-11, 1.1380025476926033e-11, 1.4842121202596058e-11, 9.51329709977856e-07, 1.0806726970738801e-11, 9.788700671240928e-11, 1.1417679364621242e-11, 3.3490259103604436e-11, 3.342662722830103e-11, 9.822763297963706e-12, 3.191889134390814e-11, 1.0707895665868283e-11, 0.999999046082821, 1.1474502408412675e-11]"
hMpxV/USA/CA-CDPH-1000174/2022|EPI_ISL_16930174|2022-12-23,"[0.0, 0.0, 0.0, 0.0, 0.0, 0.0, 0.0, 0.0, 0.0, 0.0, 0.0, 0.0, 0.0, 0.0, 0.0, 0.0, 0.0, 0.0, 0.0, 0.0, 0.0, 0.0, 0.0, 0.0, 0.0, 0.0, 0.0, 0.0, 0.0, 1.0, 0.0]"
hMpxV/USA/CA-CDPH-1M1000229/2023|EPI_ISL_18460505|2023-03-31,"[0.0, 0.0, 0.0, 0.0, 0.0, 0.0, 0.0, 0.0, 0.0, 0.0, 0.0, 0.0, 0.0, 0.0, 0.0, 0.0, 0.0, 0.0, 0.0, 0.0, 0.0, 0.0, 0.0, 0.0, 0.0, 0.0, 0.0, 0.0, 0.0, 1.0, 0.0]"
hMpxV/USA/CA-CDPH-1MPX1000174/2022|EPI_ISL_17206608|2022-12-23,"[0.0, 0.0, 0.0, 0.0, 0.0, 0.0, 0.0, 0.0, 0.0, 0.0, 0.0, 0.0, 0.0, 0.0, 0.0, 0.0, 0.0, 0.0, 0.0, 0.0, 0.0, 0.0, 0.0, 0.0, 0.0, 0.0, 0.0, 0.0, 0.0, 1.0, 0.0]"
NODE_0000333,"[6.925318935479055e-13, 2.2606620400973137e-12, 3.5564989248864825e-11, 1.8812860552015402e-13, 8.798333727581695e-11, 5.211314655562034e-13, 8.536027780878345e-13, 1.8621743082709295e-13, 1.860081666895511e-13, 1.8690907369122163e-13, 1.846206547503429e-13, 1.8657831750826194e-13, 1.8097576042615832e-13, 8.279059326552643e-13, 6.577871812738359e-13, 2.8487180362658575e-10, 2.337464452317874e-13, 1.8657831750826855e-13, 1.8657831750828794e-13, 8.025301842925372e-13, 0.9999999988365142, 1.880399419765751e-13, 1.0509175247121722e-12, 1.864013305215042e-13, 6.627533983362231e-13, 1.834278751601055e-13, 1.7948155999280607e-13, 1.8420063808510614e-13, 1.8241900069517e-13, 7.435393440242678e-10, 1.8600680229914334e-13]"
hMpxV/Peru/LIM-INS-340/2022|EPI_ISL_16999084|2022-12-20,"[0.0, 0.0, 0.0, 0.0, 0.0, 0.0, 0.0, 0.0, 0.0, 0.0, 0.0, 0.0, 0.0, 0.0, 0.0, 0.0, 0.0, 0.0, 0.0, 0.0, 1.0, 0.0, 0.0, 0.0, 0.0, 0.0, 0.0, 0.0, 0.0, 0.0, 0.0]"
hMpxV/Peru/LIM-INS-335/2022|EPI_ISL_16999124|2022-12-02,"[0.0, 0.0, 0.0, 0.0, 0.0, 0.0, 0.0, 0.0, 0.0, 0.0, 0.0, 0.0, 0.0, 0.0, 0.0, 0.0, 0.0, 0.0, 0.0, 0.0, 1.0, 0.0, 0.0, 0.0, 0.0, 0.0, 0.0, 0.0, 0.0, 0.0, 0.0]"
hMpxV/Peru/LIM-INS-330/2022|EPI_ISL_16999111|2022-11-30,"[0.0, 0.0, 0.0, 0.0, 0.0, 0.0, 0.0, 0.0, 0.0, 0.0, 0.0, 0.0, 0.0, 0.0, 0.0, 0.0, 0.0, 0.0, 0.0, 0.0, 1.0, 0.0, 0.0, 0.0, 0.0, 0.0, 0.0, 0.0, 0.0, 0.0, 0.0]"
NODE_0000347,"[3.239923145567318e-06, 2.6325838720196918e-06, 0.6869657514598132, 1.3109092465070552e-06, 0.26137369457334364, 1.6847209335802376e-06, 2.178657028630063e-06, 1.2970902207739564e-06, 1.295618590515156e-06, 1.3002830079328066e-06, 1.2821885952159265e-06, 1.300750018366854e-06, 1.2113032500912317e-06, 1.8692471247364474e-06, 1.1780798667626312e-06, 1.308953966840648e-05, 1.3310506814639146e-06, 1.3007500183652386e-06, 1.3007500183670336e-06, 1.7592932601764903e-06, 0.05154147711579605, 1.2807634629949612e-06, 1.4883943141598414e-05, 1.2990767576454032e-06, 2.0122720355820964e-06, 1.2488875834615713e-06, 1.063896992567883e-06, 1.2643042867076054e-06, 1.2176818145983906e-06, 5.294885481503674e-05, 1.294431609567588e-06]"
hMpxV/Brazil/RJ-FIOCRUZ-29653/2022|EPI_ISL_16871162|2022-12-11,"[0.0, 0.0, 0.9999999999999999, 0.0, 0.0, 0.0, 0.0, 0.0, 0.0, 0.0, 0.0, 0.0, 0.0, 0.0, 0.0, 0.0, 0.0, 0.0, 0.0, 0.0, 0.0, 0.0, 0.0, 0.0, 0.0, 0.0, 0.0, 0.0, 0.0, 0.0, 0.0]"
hMpxV/Brazil/RJ-FIOCRUZ-29816/2022|EPI_ISL_17614048|2022-12-11,"[0.0, 0.0, 0.9999999999999999, 0.0, 0.0, 0.0, 0.0, 0.0, 0.0, 0.0, 0.0, 0.0, 0.0, 0.0, 0.0, 0.0, 0.0, 0.0, 0.0, 0.0, 0.0, 0.0, 0.0, 0.0, 0.0, 0.0, 0.0, 0.0, 0.0, 0.0, 0.0]"
hMpxV/Chile/CO-ISP-131666/2022|EPI_ISL_19345331|2022-11-24,"[0.0, 0.0, 0.0, 0.0, 0.9999999999999999, 0.0, 0.0, 0.0, 0.0, 0.0, 0.0, 0.0, 0.0, 0.0, 0.0, 0.0, 0.0, 0.0, 0.0, 0.0, 0.0, 0.0, 0.0, 0.0, 0.0, 0.0, 0.0, 0.0, 0.0, 0.0, 0.0]"
NODE_0000371,"[0.0002725560106912434, 0.00011899061569437172, 0.19684333830924314, 6.560800400313287e-05, 0.0006170841710774625, 8.397426950836837e-05, 0.00010049414643118875, 6.521329698662576e-05, 6.525022901227404e-05, 6.535483215746757e-05, 6.470169847593854e-05, 6.524589839694717e-05, 6.26424090857858e-05, 9.333375094584839e-05, 9.825892946710699e-05, 0.001120738863402369, 0.0001302200859765684, 6.524589839694751e-05, 6.524589839694744e-05, 8.94184165165622e-05, 0.5294251827750963, 6.516701240856348e-05, 0.0004965690196302485, 6.523370773622641e-05, 0.00013206639443833157, 9.159777126335545e-05, 5.876878846552732e-05, 9.035715237734704e-05, 6.294438281647982e-05, 0.2692940232601172, 6.51740017839735e-05]"
hMpxV/USA/CA-LACPHL-MA00410/2023|EPI_ISL_16997460|2023-01-03,"[0.0, 0.0, 0.0, 0.0, 0.0, 0.0, 0.0, 0.0, 0.0, 0.0, 0.0, 0.0, 0.0, 0.0, 0.0, 0.0, 0.0, 0.0, 0.0, 0.0, 0.0, 0.0, 0.0, 0.0, 0.0, 0.0, 0.0, 0.0, 0.0, 1.0, 0.0]"
NODE_0000372,"[6.230510245903251e-07, 2.472424220951406e-07, 0.9994813951871417, 1.6287194224145405e-07, 2.033439354172972e-06, 1.9206570388548028e-07, 2.3940919589470713e-07, 1.6172080142706873e-07, 1.6168321616669513e-07, 1.6183392457140375e-07, 1.603721518473752e-07, 1.6195634425518628e-07, 1.5401382136884995e-07, 2.0482184176751014e-07, 1.6635423833031355e-07, 1.5035063961521635e-06, 2.2195781143750102e-07, 1.619563442551777e-07, 1.6195634425518003e-07, 1.9638657116810687e-07, 0.00037450450697973934, 1.6053694749585086e-07, 2.462784756551735e-06, 1.6185242649861147e-07, 2.982023481019677e-07, 1.855795983049643e-07, 1.40900985723431e-07, 1.8538561546829034e-07, 1.5473571464417328e-07, 0.00013311219870537806, 1.6152933054434752e-07]"
hMpxV/Brazil/RJ-FIOCRUZ-29820/2022|EPI_ISL_17614032|2022-12-27,"[0.0, 0.0, 1.0, 0.0, 0.0, 0.0, 0.0, 0.0, 0.0, 0.0, 0.0, 0.0, 0.0, 0.0, 0.0, 0.0, 0.0, 0.0, 0.0, 0.0, 0.0, 0.0, 0.0, 0.0, 0.0, 0.0, 0.0, 0.0, 0.0, 0.0, 0.0]"
hMpxV/Brazil/RJ-FIOCRUZ-3014/2023|EPI_ISL_17485343|2023-01-02,"[0.0, 0.0, 1.0, 0.0, 0.0, 0.0, 0.0, 0.0, 0.0, 0.0, 0.0, 0.0, 0.0, 0.0, 0.0, 0.0, 0.0, 0.0, 0.0, 0.0, 0.0, 0.0, 0.0, 0.0, 0.0, 0.0, 0.0, 0.0, 0.0, 0.0, 0.0]"
NODE_0000390,"[1.8662639191708374e-05, 0.996443131584305, 3.5488619273530476e-05, 2.1669658518230477e-05, 8.184468317905879e-05, 2.6248602719985632e-05, 2.825068141473087e-05, 2.0913196336998123e-05, 2.0765873345594928e-05, 2.1253413966472993e-05, 2.0420054729176253e-05, 2.1100223616512695e-05, 1.994344320441014e-05, 2.834776563375568e-05, 1.728280879222262e-05, 7.334756536733338e-05, 2.2488630217934065e-05, 2.1100223616512176e-05, 2.1100223616513162e-05, 2.6820149776161543e-05, 0.0027762338944058744, 2.2205719300073438e-05, 2.0922207252830123e-05, 2.1005196967908573e-05, 1.6839101088616352e-05, 1.995544830187291e-05, 1.8136160871855253e-05, 2.0029975168054675e-05, 2.0315776746918512e-05, 5.3355998384943735e-05, 2.082048068977272e-05]"
hMpxV/Belgium/ITM-02022023G/2023|EPI_ISL_17260709|2023-02-02,"[0.0, 1.0, 0.0, 0.0, 0.0, 0.0, 0.0, 0.0, 0.0, 0.0, 0.0, 0.0, 0.0, 0.0, 0.0, 0.0, 0.0, 0.0, 0.0, 0.0, 0.0, 0.0, 0.0, 0.0, 0.0, 0.0, 0.0, 0.0, 0.0, 0.0, 0.0]"
NODE_0000391,"[1.3053733820980272e-09, 0.9999997926930623, 1.797994284764348e-09, 2.0712251828931603e-09, 5.255379398352925e-09, 2.2780552186000966e-09, 2.356028419741703e-09, 1.9918152172085132e-09, 1.9757050473744866e-09, 2.023620114857799e-09, 1.9395361278620082e-09, 2.0128257858693413e-09, 1.8609320759511884e-09, 2.3530307976094922e-09, 1.2650718197901562e-09, 3.9477774209748736e-09, 2.0432843920776295e-09, 2.012825785866857e-09, 2.0128257858701275e-09, 2.1925398208237945e-09, 1.4651322487783472e-07, 2.105959079101068e-09, 1.5247604160716759e-09, 2.0022412828264487e-09, 1.1930877987871245e-09, 1.870529583030997e-09, 1.60806965313733e-09, 1.8853806902237705e-09, 1.8964522322505436e-09, 2.030368710249877e-09, 1.981017506435181e-09]"
hMpxV/Belgium/ITM-02022023A/2023|EPI_ISL_17261959|2023-02-02,"[0.0, 1.0, 0.0, 0.0, 0.0, 0.0, 0.0, 0.0, 0.0, 0.0, 0.0, 0.0, 0.0, 0.0, 0.0, 0.0, 0.0, 0.0, 0.0, 0.0, 0.0, 0.0, 0.0, 0.0, 0.0, 0.0, 0.0, 0.0, 0.0, 0.0, 0.0]"
hMpxV/Belgium/ITM-26012023A/2023|EPI_ISL_17260600|2023-01-26,"[0.0, 1.0, 0.0, 0.0, 0.0, 0.0, 0.0, 0.0, 0.0, 0.0, 0.0, 0.0, 0.0, 0.0, 0.0, 0.0, 0.0, 0.0, 0.0, 0.0, 0.0, 0.0, 0.0, 0.0, 0.0, 0.0, 0.0, 0.0, 0.0, 0.0, 0.0]"
NODE_0000448,"[6.250721212710753e-09, 1.415593923072813e-08, 1.0485265529671515e-07, 2.4525912911646855e-09, 1.9846193804434242e-07, 5.037072394498145e-09, 7.034560916511963e-09, 2.4075411223096353e-09, 2.4014459784934945e-09, 2.4314051488494626e-09, 2.3758003406087047e-09, 2.4154528134445793e-09, 2.368369843849719e-09, 6.968280527625651e-09, 5.551290319162648e-09, 4.5766926421140007e-07, 2.9423387588780828e-09, 2.415452813444653e-09, 2.415452813444749e-09, 6.782629910591064e-09, 0.9999980987758201, 2.5027367669880243e-09, 7.872885142107044e-09, 2.4113524519370493e-09, 5.698137697276632e-09, 2.3725051577184358e-09, 2.378660811917088e-09, 2.3716767414566946e-09, 2.3993115446423827e-09, 1.0334228112054368e-06, 2.4038991369803257e-09]"
hMpxV/Peru/LIM-INS-429/2023|EPI_ISL_19343466|2023-01-21,"[0.0, 0.0, 0.0, 0.0, 0.0, 0.0, 0.0, 0.0, 0.0, 0.0, 0.0, 0.0, 0.0, 0.0, 0.0, 0.0, 0.0, 0.0, 0.0, 0.0, 1.0, 0.0, 0.0, 0.0, 0.0, 0.0, 0.0, 0.0, 0.0, 0.0, 0.0]"
NODE_0000449,"[5.506460113141563e-11, 1.375972863952182e-10, 1.108066704136908e-09, 2.0161612461736543e-11, 2.2372467777235642e-09, 4.4122337067328033e-11, 6.469764238061637e-11, 1.9790980536290104e-11, 1.9714279345046906e-11, 1.9973037389017057e-11, 1.954946278458681e-11, 1.9882929054945047e-11, 1.9462720493681807e-11, 6.390464193397022e-11, 5.124841311073451e-11, 5.333528722978101e-09, 2.381027769754979e-11, 1.988292905494646e-11, 1.9882929054950236e-11, 6.2089028954349e-11, 0.9999999784883031, 2.048291170184896e-11, 7.243815333269583e-11, 1.9835909435720457e-11, 5.178639472542325e-11, 1.9315076550934534e-11, 1.9329995836553073e-11, 1.933507159700407e-11, 1.9647161302472612e-11, 1.1890101977574835e-08, 1.9747036354748142e-11]"
hMpxV/Peru/LIM-INS-379/2023|EPI_ISL_19343478|2023-01-23,"[0.0, 0.0, 0.0, 0.0, 0.0, 0.0, 0.0, 0.0, 0.0, 0.0, 0.0, 0.0, 0.0, 0.0, 0.0, 0.0, 0.0, 0.0, 0.0, 0.0, 1.0, 0.0, 0.0, 0.0, 0.0, 0.0, 0.0, 0.0, 0.0, 0.0, 0.0]"
hMpxV/Peru/CAL-INS-367/2023|EPI_ISL_19343513|2023-01-20,"[0.0, 0.0, 0.0, 0.0, 0.0, 0.0, 0.0, 0.0, 0.0, 0.0, 0.0, 0.0, 0.0, 0.0, 0.0, 0.0, 0.0, 0.0, 0.0, 0.0, 1.0, 0.0, 0.0, 0.0, 0.0, 0.0, 0.0, 0.0, 0.0, 0.0, 0.0]"
NODE_0000450,"[0.00043849677105469386, 0.0008055985637609399, 0.0013157764085738974, 0.00046267292741453017, 0.0017826466469008317, 0.23605370479051313, 0.0006370708373280036, 0.00044829133354932344, 0.0004452675451633291, 0.00045474185405653447, 0.00043902265976597087, 0.0004520573366935062, 0.00043012410850254445, 0.0006379218079559839, 0.00041224564576979066, 0.3744284371174519, 0.00048116499298279106, 0.0004520573366935267, 0.00045205733669353006, 0.0006072165872892868, 0.37107716809969243, 0.00047233161250566586, 0.0004961562318201297, 0.0004501462031695145, 0.00040215015085934627, 0.0004294543787224534, 0.000395257596848161, 0.0004309318645508034, 0.0004368383776351184, 0.0033265697094646716, 0.00044642316661786734]"
hMpxV/Mexico/VER_InDRE_F158/2023|EPI_ISL_17672246|2023-01-23,"[0.0, 0.0, 0.0, 0.0, 0.0, 0.0, 0.0, 0.0, 0.0, 0.0, 0.0, 0.0, 0.0, 0.0, 0.0, 1.0, 0.0, 0.0, 0.0, 0.0, 0.0, 0.0, 0.0, 0.0, 0.0, 0.0, 0.0, 0.0, 0.0, 0.0, 0.0]"
NODE_0000451,"[3.8294456186887204e-07, 7.661995272034014e-07, 7.318438252017868e-07, 5.224731051661639e-07, 1.4130800016123377e-06, 0.9997878782278855, 6.423055074682504e-07, 5.040139995541938e-07, 5.001920913150227e-07, 5.115139549672517e-07, 4.919213305592022e-07, 5.089346477257653e-07, 4.75061502052298e-07, 6.418599428562822e-07, 3.6960308303551216e-07, 0.0001223198441471205, 5.233006705723068e-07, 5.089346477259878e-07, 5.089346477260038e-07, 6.023895177184082e-07, 7.388103290603783e-05, 5.312762652531658e-07, 4.454963597051315e-07, 5.064524156040987e-07, 3.5115406984210433e-07, 4.7632078014986246e-07, 4.1839157793863933e-07, 4.795100636219239e-07, 4.832452750050167e-07, 1.1220384903627278e-06, 5.015031993053203e-07]"
hMpxV/Dominican_Republic/LNSPDD-270/2022|EPI_ISL_17960865|2022-12-28,"[0.0, 0.0, 0.0, 0.0, 0.0, 0.9999999999999999, 0.0, 0.0, 0.0, 0.0, 0.0, 0.0, 0.0, 0.0, 0.0, 0.0, 0.0, 0.0, 0.0, 0.0, 0.0, 0.0, 0.0, 0.0, 0.0, 0.0, 0.0, 0.0, 0.0, 0.0, 0.0]"
hMpxV/Dominican_Republic/LNSPDD-271/2023|EPI_ISL_17960866|2023-01-04,"[0.0, 0.0, 0.0, 0.0, 0.0, 1.0, 0.0, 0.0, 0.0, 0.0, 0.0, 0.0, 0.0, 0.0, 0.0, 0.0, 0.0, 0.0, 0.0, 0.0, 0.0, 0.0, 0.0, 0.0, 0.0, 0.0, 0.0, 0.0, 0.0, 0.0, 0.0]"
NODE_0000455,"[2.2996503410519123e-13, 7.215774438540205e-13, 1.1021549692641925e-11, 6.420431792961156e-14, 2.6596049813778168e-11, 1.7340558459725901e-13, 2.7854342327625e-13, 6.35510283704672e-14, 6.351217256367514e-14, 6.380601201605962e-14, 6.298077116688765e-14, 6.364120912980312e-14, 6.177240815325291e-14, 2.704751571472457e-13, 2.1434003315912838e-13, 8.538960807653108e-11, 8.025654033118255e-14, 6.364120912980462e-14, 6.364120912983947e-14, 2.6236675366091677e-13, 0.9999999996481186, 6.428728095177332e-14, 3.4295668205657343e-13, 6.35971114190982e-14, 2.1732911490267108e-13, 6.283778397435704e-14, 6.15204122440052e-14, 6.306791659341843e-14, 6.234857222250171e-14, 2.250710340096452e-10, 6.349635238688664e-14]"
hMpxV/Peru/LIM-INS-369/2023|EPI_ISL_19343510|2023-01-04,"[0.0, 0.0, 0.0, 0.0, 0.0, 0.0, 0.0, 0.0, 0.0, 0.0, 0.0, 0.0, 0.0, 0.0, 0.0, 0.0, 0.0, 0.0, 0.0, 0.0, 1.0, 0.0, 0.0, 0.0, 0.0, 0.0, 0.0, 0.0, 0.0, 0.0, 0.0]"
hMpxV/Peru/LIM-INS-386/2023|EPI_ISL_19343504|2023-01-06,"[0.0, 0.0, 0.0, 0.0, 0.0, 0.0, 0.0, 0.0, 0.0, 0.0, 0.0, 0.0, 0.0, 0.0, 0.0, 0.0, 0.0, 0.0, 0.0, 0.0, 1.0, 0.0, 0.0, 0.0, 0.0, 0.0, 0.0, 0.0, 0.0, 0.0, 0.0]"
hMpxV/Peru/CAL-INS-370/2023|EPI_ISL_19343517|2023-01-18,"[0.0, 0.0, 0.0, 0.0, 0.0, 0.0, 0.0, 0.0, 0.0, 0.0, 0.0, 0.0, 0.0, 0.0, 0.0, 0.0, 0.0, 0.0, 0.0, 0.0, 1.0, 0.0, 0.0, 0.0, 0.0, 0.0, 0.0, 0.0, 0.0, 0.0, 0.0]"
NODE_0000456,"[8.585161752361266e-11, 1.8531349009830712e-10, 6.57881136534451e-09, 1.01609868337669e-10, 4.167328775750954e-10, 1.2949726319545236e-10, 1.454929431908354e-10, 1.0034039212261398e-10, 1.0072774496646437e-10, 3.2899351105294306e-10, 9.833535341750472e-11, 1.0013772022306046e-10, 9.391668810393657e-11, 2.118847164553339e-09, 8.792881929469242e-11, 4.423895050190674e-10, 2.6382785892373927e-09, 1.0013772022311743e-10, 1.0013772022301258e-10, 3.434119252057202e-10, 1.6766345852428113e-07, 1.0075767114452099e-10, 0.9999997838891448, 1.0024572519872706e-10, 3.1585077211636664e-08, 9.50560408835658e-11, 8.280207575954237e-11, 9.63032869842108e-11, 9.427404782049379e-11, 1.8955925672410964e-09, 1.0039564922258299e-10]"
hMpxV/Portugal/INSA-PT0596/2022|EPI_ISL_18545153|2022-11-29,"[0.0, 0.0, 0.0, 0.0, 0.0, 0.0, 0.0, 0.0, 0.0, 0.0, 0.0, 0.0, 0.0, 0.0, 0.0, 0.0, 0.0, 0.0, 0.0, 0.0, 0.0, 0.0, 1.0, 0.0, 0.0, 0.0, 0.0, 0.0, 0.0, 0.0, 0.0]"
hMpxV/Portugal/INSA-PT0607/2022|EPI_ISL_18545144|2022-12-07,"[0.0, 0.0, 0.0, 0.0, 0.0, 0.0, 0.0, 0.0, 0.0, 0.0, 0.0, 0.0, 0.0, 0.0, 0.0, 0.0, 0.0, 0.0, 0.0, 0.0, 0.0, 0.0, 0.9999999999999999, 0.0, 0.0, 0.0, 0.0, 0.0, 0.0, 0.0, 0.0]"
hMpxV/Portugal/INSA-PT0598/2022|EPI_ISL_18544953|2022-11-25,"[0.0, 0.0, 0.0, 0.0, 0.0, 0.0, 0.0, 0.0, 0.0, 0.0, 0.0, 0.0, 0.0, 0.0, 0.0, 0.0, 0.0, 0.0, 0.0, 0.0, 0.0, 0.0, 0.9999999999999999, 0.0, 0.0, 0.0, 0.0, 0.0, 0.0, 0.0, 0.0]"
NODE_0000325,"[3.4243062559702098e-09, 8.225958083082529e-09, 6.374385626807975e-08, 1.2897456659178723e-09, 1.252668012299392e-07, 2.7507956891662562e-09, 3.954315814018632e-09, 1.2661377160045492e-09, 1.262017586339423e-09, 1.2780992737727059e-09, 1.2501979186034653e-09, 1.2712312450581237e-09, 1.2451579062394236e-09, 3.909977220625568e-09, 3.1264931214933636e-09, 2.9262724436670354e-07, 1.5342157493068768e-09, 1.27123124505815e-09, 1.2712312450582118e-09, 3.80201620599057e-09, 0.9999988087316203, 1.3126651541705823e-09, 4.426479846544305e-09, 1.2686135536444812e-09, 3.1796018596092383e-09, 1.2409079476128808e-09, 1.243090105506783e-09, 1.2414774988715957e-09, 1.259007430792791e-09, 6.510617707640001e-07, 1.2637357753846066e-09]"
hMpxV/Peru/LAL-INS-281/2022|EPI_ISL_16999073|2022-12-06,"[0.0, 0.0, 0.0, 0.0, 0.0, 0.0, 0.0, 0.0, 0.0, 0.0, 0.0, 0.0, 0.0, 0.0, 0.0, 0.0, 0.0, 0.0, 0.0, 0.0, 1.0, 0.0, 0.0, 0.0, 0.0, 0.0, 0.0, 0.0, 0.0, 0.0, 0.0]"
NODE_0000326,"[1.6844458739092385e-13, 5.556836101661844e-13, 8.814169406280675e-12, 4.5424055284579577e-14, 2.1952667197799642e-11, 1.266836194200924e-13, 2.0860525426693454e-13, 4.496182788260788e-14, 4.490415336964594e-14, 4.512569788110561e-14, 4.458098588553037e-14, 4.505614487017693e-14, 4.3695643166029593e-14, 2.0226790335948377e-13, 1.6083091113952236e-13, 7.130002787848169e-11, 5.6333406866581675e-14, 4.5056144870178163e-14, 4.50561448702007e-14, 1.9602756378672277e-13, 0.9999999997093452, 4.538109631106916e-14, 2.568010941306943e-13, 4.500985781002382e-14, 1.6176101005175053e-13, 4.423942734555504e-14, 4.327897226173107e-14, 4.443250937305991e-14, 4.4026167934068437e-14, 1.857793532219042e-10, 4.490724485651006e-14]"
hMpxV/Peru/LAL-INS-348/2022|EPI_ISL_16999070|2022-12-23,"[0.0, 0.0, 0.0, 0.0, 0.0, 0.0, 0.0, 0.0, 0.0, 0.0, 0.0, 0.0, 0.0, 0.0, 0.0, 0.0, 0.0, 0.0, 0.0, 0.0, 1.0, 0.0, 0.0, 0.0, 0.0, 0.0, 0.0, 0.0, 0.0, 0.0, 0.0]"
hMpxV/Peru/LAL-INS-333/2022|EPI_ISL_16999069|2022-12-10,"[0.0, 0.0, 0.0, 0.0, 0.0, 0.0, 0.0, 0.0, 0.0, 0.0, 0.0, 0.0, 0.0, 0.0, 0.0, 0.0, 0.0, 0.0, 0.0, 0.0, 1.0, 0.0, 0.0, 0.0, 0.0, 0.0, 0.0, 0.0, 0.0, 0.0, 0.0]"
hMpxV/Peru/LAL-INS-337/2022|EPI_ISL_16999071|2022-12-19,"[0.0, 0.0, 0.0, 0.0, 0.0, 0.0, 0.0, 0.0, 0.0, 0.0, 0.0, 0.0, 0.0, 0.0, 0.0, 0.0, 0.0, 0.0, 0.0, 0.0, 1.0, 0.0, 0.0, 0.0, 0.0, 0.0, 0.0, 0.0, 0.0, 0.0, 0.0]"
NODE_0000452,"[0.0003014493395377781, 0.00015998271187731987, 0.0012542504339738394, 9.266382873108158e-05, 0.0004281924341252558, 0.00011662557067597988, 0.00012778084213198706, 9.148543111997267e-05, 9.147736147865488e-05, 9.215302493818259e-05, 9.042726157678517e-05, 9.156336449849026e-05, 8.978106445942676e-05, 0.00012943627875670131, 0.0001512808822275988, 0.0012325978468768104, 0.0002172877809454137, 9.156336449849118e-05, 9.156336449848987e-05, 0.00012423532444813103, 0.1412641411005548, 9.436763165433502e-05, 0.00025362407875254234, 9.152295101596224e-05, 0.00015786966552462157, 0.00013792014421061942, 8.755713669273958e-05, 0.00013497596138672632, 9.043981612467544e-05, 0.8525303403064889, 9.144369621780525e-05]"
NODE_0000453,"[0.0005107257204103968, 0.0002490202360106438, 0.0008195671190474303, 0.0002504266725916852, 0.00027432684272275684, 0.0002503880391272608, 0.0002469740226621389, 0.00024527099213860924, 0.00024439228518402837, 0.0002488189286182306, 0.00024147439997501227, 0.0002464504714364623, 0.00032132974563090335, 0.0004213933097201042, 0.00026862170891159086, 0.0005551596808902118, 0.018435911267323357, 0.0002464504714364736, 0.0002464504714364631, 0.0002394332456387179, 0.001354323723599398, 0.0002569709846120767, 0.0009455608867057112, 0.0002458555551138305, 0.0002876315044676409, 0.0003655837014953655, 0.00022025764883138666, 0.0004783072698706719, 0.00023987060650127077, 0.9707983871801478, 0.0002446653077422604]"
hMpxV/USA/WA-UW-288850/2024|EPI_ISL_19131278|2024-04-18,"[0.0, 0.0, 0.0, 0.0, 0.0, 0.0, 0.0, 0.0, 0.0, 0.0, 0.0, 0.0, 0.0, 0.0, 0.0, 0.0, 0.0, 0.0, 0.0, 0.0, 0.0, 0.0, 0.0, 0.0, 0.0, 0.0, 0.0, 0.0, 0.0, 1.0, 0.0]"
hMpxV/Netherlands/un-EMC-NL109/2024|EPI_ISL_19356930|2024-07-02,"[0.0, 0.0, 0.0, 0.0, 0.0, 0.0, 0.0, 0.0, 0.0, 0.0, 0.0, 0.0, 0.0, 0.0, 0.0, 0.0, 1.0, 0.0, 0.0, 0.0, 0.0, 0.0, 0.0, 0.0, 0.0, 0.0, 0.0, 0.0, 0.0, 0.0, 0.0]"
NODE_0000454,"[2.2134673095700123e-07, 5.434939886705854e-08, 1.394652995260502e-06, 3.216888326254809e-08, 1.6027377492548185e-07, 4.023719812323669e-08, 4.425222359952602e-08, 3.233170488624574e-08, 3.2458936603530184e-08, 3.2140920298262784e-08, 3.225537286526482e-08, 3.223798813658313e-08, 3.086711626884949e-08, 4.3377118926000786e-08, 7.456489163138555e-08, 9.885880836662344e-07, 1.4750064411397876e-07, 3.2237988136585985e-08, 3.2237988136582445e-08, 4.166973665014909e-08, 0.0003601750698283621, 3.1575493133957657e-08, 1.746360506567535e-07, 3.2289072620739415e-08, 7.546264431375015e-08, 7.347840614734251e-08, 2.8756478282830984e-08, 7.08724364012605e-08, 3.086540849658308e-08, 0.9996357748851582, 3.235932814833838e-08]"
hMpxV/USA/CA-CDPH-1M1000245/2023|EPI_ISL_18458964|2023-01-10,"[0.0, 0.0, 0.0, 0.0, 0.0, 0.0, 0.0, 0.0, 0.0, 0.0, 0.0, 0.0, 0.0, 0.0, 0.0, 0.0, 0.0, 0.0, 0.0, 0.0, 0.0, 0.0, 0.0, 0.0, 0.0, 0.0, 0.0, 0.0, 0.0, 1.0, 0.0]"
hMpxV/USA/CA-LACPHL-MA00478/2023|EPI_ISL_17211332|2023-01-08,"[0.0, 0.0, 0.0, 0.0, 0.0, 0.0, 0.0, 0.0, 0.0, 0.0, 0.0, 0.0, 0.0, 0.0, 0.0, 0.0, 0.0, 0.0, 0.0, 0.0, 0.0, 0.0, 0.0, 0.0, 0.0, 0.0, 0.0, 0.0, 0.0, 1.0, 0.0]"
NODE_0000349,"[8.882116873414417e-06, 2.973647190918253e-06, 4.82751038372845e-05, 1.7278262673166248e-06, 8.648610727797569e-06, 2.178345909791455e-06, 2.3919436794152283e-06, 1.7246834910198383e-06, 1.7297323127967681e-06, 1.7245691324308952e-06, 1.7142831873637648e-06, 1.7212698513550228e-06, 1.6648776428018231e-06, 2.383595654885624e-06, 3.4542837183440315e-06, 3.922676652629098e-05, 5.948358012893461e-06, 1.7212698513550946e-06, 1.7212698513550224e-06, 2.2833940591495337e-06, 0.009528714004231624, 1.724593215539403e-06, 7.135073215271029e-06, 1.7230903289492263e-06, 3.577484356227429e-06, 3.3117706435550875e-06, 1.5962063353776897e-06, 3.2072147055496527e-06, 1.6735748712129381e-06, 0.9903035152498578, 1.7257904609247073e-06]"
hMpxV/USA/CA-LACPHL-MA00491/2023|EPI_ISL_18161268|2023-04-10,"[0.0, 0.0, 0.0, 0.0, 0.0, 0.0, 0.0, 0.0, 0.0, 0.0, 0.0, 0.0, 0.0, 0.0, 0.0, 0.0, 0.0, 0.0, 0.0, 0.0, 0.0, 0.0, 0.0, 0.0, 0.0, 0.0, 0.0, 0.0, 0.0, 1.0, 0.0]"
NODE_0000350,"[1.6931276141404208e-12, 1.0322695972655579e-13, 2.913178319630462e-11, 5.79999380725761e-14, 4.3414040935668726e-13, 7.535236454698756e-14, 8.392336413126301e-14, 6.040317953178584e-14, 6.138790714464794e-14, 5.884459626824723e-14, 6.117981589365026e-14, 5.951017901443858e-14, 5.5367240020706545e-14, 8.101056043607649e-14, 2.412611416491706e-13, 1.0758072532957605e-11, 8.624847538626005e-13, 5.951017901446998e-14, 5.951017901444655e-14, 7.490493493795651e-14, 8.475220004459181e-08, 5.395491677709885e-14, 1.1137084577447944e-12, 5.99796104827078e-14, 2.515008015213247e-13, 2.7467054050789855e-13, 4.9554063214766846e-14, 2.5756787465444017e-13, 5.4685394732599895e-14, 0.9999999152015505, 6.075515099052038e-14]"
hMpxV/USA/CA-LACPHL-MA00398/2023|EPI_ISL_16679240|2023-01-03,"[0.0, 0.0, 0.0, 0.0, 0.0, 0.0, 0.0, 0.0, 0.0, 0.0, 0.0, 0.0, 0.0, 0.0, 0.0, 0.0, 0.0, 0.0, 0.0, 0.0, 0.0, 0.0, 0.0, 0.0, 0.0, 0.0, 0.0, 0.0, 0.0, 1.0, 0.0]"
hMpxV/USA/CA-LACPHL-MA00396/2023|EPI_ISL_16679238|2023-01-03,"[0.0, 0.0, 0.0, 0.0, 0.0, 0.0, 0.0, 0.0, 0.0, 0.0, 0.0, 0.0, 0.0, 0.0, 0.0, 0.0, 0.0, 0.0, 0.0, 0.0, 0.0, 0.0, 0.0, 0.0, 0.0, 0.0, 0.0, 0.0, 0.0, 1.0, 0.0]"
hMpxV/USA/CA-LACPHL-MA00514/2023|EPI_ISL_18161291|2023-05-04,"[0.0, 0.0, 0.0, 0.0, 0.0, 0.0, 0.0, 0.0, 0.0, 0.0, 0.0, 0.0, 0.0, 0.0, 0.0, 0.0, 0.0, 0.0, 0.0, 0.0, 0.0, 0.0, 0.0, 0.0, 0.0, 0.0, 0.0, 0.0, 0.0, 1.0, 0.0]"
hMpxV/USA/CA-LACPHL-MA00512/2023|EPI_ISL_18161289|2023-05-04,"[0.0, 0.0, 0.0, 0.0, 0.0, 0.0, 0.0, 0.0, 0.0, 0.0, 0.0, 0.0, 0.0, 0.0, 0.0, 0.0, 0.0, 0.0, 0.0, 0.0, 0.0, 0.0, 0.0, 0.0, 0.0, 0.0, 0.0, 0.0, 0.0, 1.0, 0.0]"
NODE_0000352,"[5.841098530686868e-12, 3.681590915002721e-13, 8.240728624556796e-11, 2.1842900372899926e-13, 1.366613834363917e-12, 2.7507856982908776e-13, 3.060408554315512e-13, 2.268725404766164e-13, 2.2970163304586197e-13, 2.2045615157975972e-13, 2.3008328203846023e-13, 2.2440656229748907e-13, 2.065978360843184e-13, 2.858388572737379e-13, 9.44291490183883e-13, 3.287767622022219e-11, 3.275137447558294e-12, 2.2440656229764896e-13, 2.244065622974624e-13, 2.7237298333228026e-13, 1.354708783693282e-07, 2.0132551946041655e-13, 4.085529480837809e-12, 2.257257595798516e-13, 9.22435999280799e-13, 1.0588254427705091e-12, 1.796733109749772e-13, 9.949526478936325e-13, 2.040413037167246e-13, 0.9999998643907964, 2.2774862017720435e-13]"
hMpxV/USA/CA-LACPHL-MA00462/2023|EPI_ISL_16997413|2023-01-30,"[0.0, 0.0, 0.0, 0.0, 0.0, 0.0, 0.0, 0.0, 0.0, 0.0, 0.0, 0.0, 0.0, 0.0, 0.0, 0.0, 0.0, 0.0, 0.0, 0.0, 0.0, 0.0, 0.0, 0.0, 0.0, 0.0, 0.0, 0.0, 0.0, 1.0, 0.0]"
hMpxV/USA/CA-LACPHL-MA00409/2023|EPI_ISL_16997443|2023-01-17,"[0.0, 0.0, 0.0, 0.0, 0.0, 0.0, 0.0, 0.0, 0.0, 0.0, 0.0, 0.0, 0.0, 0.0, 0.0, 0.0, 0.0, 0.0, 0.0, 0.0, 0.0, 0.0, 0.0, 0.0, 0.0, 0.0, 0.0, 0.0, 0.0, 1.0, 0.0]"
hMpxV/USA/CA-CDPH-11000300/2023|EPI_ISL_18325003|2023-01-30,"[0.0, 0.0, 0.0, 0.0, 0.0, 0.0, 0.0, 0.0, 0.0, 0.0, 0.0, 0.0, 0.0, 0.0, 0.0, 0.0, 0.0, 0.0, 0.0, 0.0, 0.0, 0.0, 0.0, 0.0, 0.0, 0.0, 0.0, 0.0, 0.0, 1.0, 0.0]"
NODE_0000353,"[1.58304884018299e-10, 1.614233223946964e-11, 5.87575447641501e-10, 1.5999741627620287e-11, 2.2584936661140112e-11, 1.6140267605097738e-11, 1.6265854538248877e-11, 1.6191925821317228e-11, 1.6259700644102455e-11, 1.5999990084276544e-11, 1.6231304480718677e-11, 1.6144221627867717e-11, 1.5270634094202146e-11, 1.5762187648899653e-11, 3.804833714208093e-11, 1.9521785760206682e-10, 1.217007262658616e-10, 1.6144221627890142e-11, 1.6144221627863827e-11, 1.5190941901778838e-11, 7.089237713616743e-09, 1.5448185904310246e-11, 1.0452697533993236e-10, 1.6171076102100523e-11, 3.740757541164966e-11, 5.148726787267894e-11, 1.3703647626237217e-11, 4.889167948625739e-11, 1.519692387779235e-11, 0.9999999912444066, 1.620256308082615e-11]"
hMpxV/USA/CA-LACPHL-MA00471/2023|EPI_ISL_17211325|2023-02-13,"[0.0, 0.0, 0.0, 0.0, 0.0, 0.0, 0.0, 0.0, 0.0, 0.0, 0.0, 0.0, 0.0, 0.0, 0.0, 0.0, 0.0, 0.0, 0.0, 0.0, 0.0, 0.0, 0.0, 0.0, 0.0, 0.0, 0.0, 0.0, 0.0, 1.0, 0.0]"
hMpxV/USA/CA-LACPHL-MA00470/2023|EPI_ISL_17211324|2023-02-13,"[0.0, 0.0, 0.0, 0.0, 0.0, 0.0, 0.0, 0.0, 0.0, 0.0, 0.0, 0.0, 0.0, 0.0, 0.0, 0.0, 0.0, 0.0, 0.0, 0.0, 0.0, 0.0, 0.0, 0.0, 0.0, 0.0, 0.0, 0.0, 0.0, 1.0, 0.0]"
NODE_0000465,"[2.9738612400943472e-06, 5.16470057471818e-06, 1.3510098449158884e-05, 2.78568245995572e-06, 1.2353852852120196e-05, 9.493453566109535e-06, 4.007013786282829e-06, 2.708442396518735e-06, 2.690327854680178e-06, 2.7445879477076168e-06, 2.660280226160825e-06, 2.7301571384825393e-06, 2.6263424990092503e-06, 4.013446615582019e-06, 2.805249976569323e-06, 0.957792220555872, 2.9163708356328784e-06, 2.730157138483158e-06, 2.730157138483399e-06, 3.85389865681508e-06, 0.04204069075530061, 2.8417353216815155e-06, 3.3294925758020596e-06, 2.7191177001172977e-06, 2.76098932855514e-06, 2.610565451672215e-06, 2.4585852878237706e-06, 2.6159490624336937e-06, 2.659465523300813e-06, 5.689687959608657e-05, 2.6978276273335613e-06]"
hMpxV/Mexico/TLA_InDRE_F448/2023|EPI_ISL_17703611|2023-03-21,"[0.0, 0.0, 0.0, 0.0, 0.0, 0.0, 0.0, 0.0, 0.0, 0.0, 0.0, 0.0, 0.0, 0.0, 0.0, 1.0, 0.0, 0.0, 0.0, 0.0, 0.0, 0.0, 0.0, 0.0, 0.0, 0.0, 0.0, 0.0, 0.0, 0.0, 0.0]"
NODE_0000466,"[3.609572469729156e-11, 8.180295096854472e-11, 2.8133465391941116e-10, 4.4873046751160804e-11, 1.8756788343529553e-10, 3.956596756252307e-10, 6.424257156219203e-11, 4.3953047758353785e-11, 4.3745820185457914e-11, 4.418554645432967e-11, 4.327439088141635e-11, 4.424570945552404e-11, 4.1053658989905575e-11, 6.284864864400694e-11, 3.775002221064595e-11, 0.9999891054366649, 4.4922593680613775e-11, 4.4245709455532344e-11, 4.424570945553637e-11, 5.922519166014787e-11, 1.0890643266022615e-05, 4.43382918673238e-11, 4.737983930545545e-11, 4.410252102694363e-11, 3.517051002142561e-11, 4.199086207914703e-11, 3.574858932104923e-11, 4.2466350512186206e-11, 4.143321203038403e-11, 1.898380855226463e-09, 4.378527713526515e-11]"
hMpxV/Mexico/TAM_InDRE_F5537/2022|EPI_ISL_17672224|2022-11-29,"[0.0, 0.0, 0.0, 0.0, 0.0, 0.0, 0.0, 0.0, 0.0, 0.0, 0.0, 0.0, 0.0, 0.0, 0.0, 1.0, 0.0, 0.0, 0.0, 0.0, 0.0, 0.0, 0.0, 0.0, 0.0, 0.0, 0.0, 0.0, 0.0, 0.0, 0.0]"
hMpxV/Mexico/HID_InDRE_F5581/2022|EPI_ISL_17672226|2022-12-07,"[0.0, 0.0, 0.0, 0.0, 0.0, 0.0, 0.0, 0.0, 0.0, 0.0, 0.0, 0.0, 0.0, 0.0, 0.0, 0.9999999999999999, 0.0, 0.0, 0.0, 0.0, 0.0, 0.0, 0.0, 0.0, 0.0, 0.0, 0.0, 0.0, 0.0, 0.0, 0.0]"
NODE_0000467,"[3.2062252077826446e-08, 4.970007659868929e-08, 7.804302626229271e-08, 5.078048835903994e-08, 4.538779995304387e-08, 2.591961329174791e-07, 4.941963147852474e-08, 4.923374951135813e-08, 4.8873506127205713e-08, 4.98858937076608e-08, 4.8247000343012366e-08, 4.967936986453324e-08, 4.7028864954181106e-08, 4.961253112910459e-08, 3.1303976679041286e-08, 0.9999945693638451, 4.93379653505647e-08, 4.9679369864539324e-08, 4.967936986453999e-08, 4.71523655829479e-08, 3.675675355163299e-06, 5.1550254000259037e-08, 3.431579249927258e-08, 4.945440157069382e-08, 2.990318031819185e-08, 4.6919062419760165e-08, 4.2094520991078483e-08, 4.715097348591085e-08, 4.7658661184566075e-08, 2.2260183082124796e-07, 4.9008751804271107e-08]"
hMpxV/Mexico/HID_InDRE_F152/2023|EPI_ISL_17672244|2023-01-23,"[0.0, 0.0, 0.0, 0.0, 0.0, 0.0, 0.0, 0.0, 0.0, 0.0, 0.0, 0.0, 0.0, 0.0, 0.0, 1.0, 0.0, 0.0, 0.0, 0.0, 0.0, 0.0, 0.0, 0.0, 0.0, 0.0, 0.0, 0.0, 0.0, 0.0, 0.0]"
NODE_0000468,"[5.657510698461869e-09, 8.921406445680182e-09, 1.4133735650049785e-08, 9.151662305815635e-09, 8.021801356993186e-09, 4.923491104434659e-08, 8.890820441944366e-09, 8.878872679034841e-09, 8.817145659855605e-09, 8.99029579969022e-09, 8.701891082274122e-09, 8.956344509880107e-09, 8.460007000078764e-09, 8.914359721521508e-09, 5.561057770793372e-09, 0.9999990252582251, 8.85497256662296e-09, 8.95634450988135e-09, 8.956344509882236e-09, 8.460708829835249e-09, 6.558532157176462e-07, 9.272225459480635e-09, 6.109777712615341e-09, 8.917301676524872e-09, 5.285608662508342e-09, 8.449643930760783e-09, 7.541539862878081e-09, 8.497380007789017e-09, 8.572842307071075e-09, 4.088265010620725e-08, 8.839396798432519e-09]"
hMpxV/Mexico/CHP_InDRE_F5684/2022|EPI_ISL_17672231|2022-12-18,"[0.0, 0.0, 0.0, 0.0, 0.0, 0.0, 0.0, 0.0, 0.0, 0.0, 0.0, 0.0, 0.0, 0.0, 0.0, 1.0, 0.0, 0.0, 0.0, 0.0, 0.0, 0.0, 0.0, 0.0, 0.0, 0.0, 0.0, 0.0, 0.0, 0.0, 0.0]"
hMpxV/Mexico/CHP_InDRE_F108/2023|EPI_ISL_17672239|2023-01-11,"[0.0, 0.0, 0.0, 0.0, 0.0, 0.0, 0.0, 0.0, 0.0, 0.0, 0.0, 0.0, 0.0, 0.0, 0.0, 1.0, 0.0, 0.0, 0.0, 0.0, 0.0, 0.0, 0.0, 0.0, 0.0, 0.0, 0.0, 0.0, 0.0, 0.0, 0.0]"
NODE_0000463,"[5.152232662261002e-24, 7.379164880967076e-23, 2.742485955084857e-21, 2.0178807378017576e-23, 0.9999999999999934, 2.579314463404426e-23, 2.945988770538936e-23, 1.968683814094052e-23, 1.9558374263047777e-23, 1.9549465434366976e-23, 1.9231187701312502e-23, 1.9919294025749486e-23, 1.5871275081677942e-23, 2.6858915695842257e-23, 7.453351468969044e-24, 5.684859891743626e-23, 1.720692329732052e-23, 1.991929402572385e-23, 1.9919294025754552e-23, 2.3011747289093108e-23, 6.579885677967208e-15, 1.8341102886310418e-23, 1.202492917172831e-23, 1.9811603214854694e-23, 5.7557613506376466e-24, 1.7608766728081124e-23, 1.0161530216719198e-23, 1.8369613059107023e-23, 1.5988934205408356e-23, 9.010552771970565e-24, 1.952757736449666e-23]"
hMpxV/Chile/VS-ISP-130350/2022|EPI_ISL_19345328|2022-11-19,"[0.0, 0.0, 0.0, 0.0, 0.9999999999999999, 0.0, 0.0, 0.0, 0.0, 0.0, 0.0, 0.0, 0.0, 0.0, 0.0, 0.0, 0.0, 0.0, 0.0, 0.0, 0.0, 0.0, 0.0, 0.0, 0.0, 0.0, 0.0, 0.0, 0.0, 0.0, 0.0]"
hMpxV/Chile/VS-ISP-132267/2022|EPI_ISL_19345333|2022-11-25,"[0.0, 0.0, 0.0, 0.0, 0.9999999999999999, 0.0, 0.0, 0.0, 0.0, 0.0, 0.0, 0.0, 0.0, 0.0, 0.0, 0.0, 0.0, 0.0, 0.0, 0.0, 0.0, 0.0, 0.0, 0.0, 0.0, 0.0, 0.0, 0.0, 0.0, 0.0, 0.0]"
hMpxV/Chile/VS-ISP-133976/2022|EPI_ISL_19345337|2022-12-02,"[0.0, 0.0, 0.0, 0.0, 0.9999999999999999, 0.0, 0.0, 0.0, 0.0, 0.0, 0.0, 0.0, 0.0, 0.0, 0.0, 0.0, 0.0, 0.0, 0.0, 0.0, 0.0, 0.0, 0.0, 0.0, 0.0, 0.0, 0.0, 0.0, 0.0, 0.0, 0.0]"
hMpxV/Chile/VS-ISP-135200/2022|EPI_ISL_19345345|2022-12-07,"[0.0, 0.0, 0.0, 0.0, 1.0, 0.0, 0.0, 0.0, 0.0, 0.0, 0.0, 0.0, 0.0, 0.0, 0.0, 0.0, 0.0, 0.0, 0.0, 0.0, 0.0, 0.0, 0.0, 0.0, 0.0, 0.0, 0.0, 0.0, 0.0, 0.0, 0.0]"
hMpxV/Chile/VS-ISP-137085/2022|EPI_ISL_19345351|2022-12-14,"[0.0, 0.0, 0.0, 0.0, 0.9999999999999999, 0.0, 0.0, 0.0, 0.0, 0.0, 0.0, 0.0, 0.0, 0.0, 0.0, 0.0, 0.0, 0.0, 0.0, 0.0, 0.0, 0.0, 0.0, 0.0, 0.0, 0.0, 0.0, 0.0, 0.0, 0.0, 0.0]"
hMpxV/Chile/VS-ISP-140320/2022|EPI_ISL_19345357|2022-12-26,"[0.0, 0.0, 0.0, 0.0, 1.0, 0.0, 0.0, 0.0, 0.0, 0.0, 0.0, 0.0, 0.0, 0.0, 0.0, 0.0, 0.0, 0.0, 0.0, 0.0, 0.0, 0.0, 0.0, 0.0, 0.0, 0.0, 0.0, 0.0, 0.0, 0.0, 0.0]"
hMpxV/Chile/VS-ISP-141144/2022|EPI_ISL_19345359|2022-12-29,"[0.0, 0.0, 0.0, 0.0, 1.0, 0.0, 0.0, 0.0, 0.0, 0.0, 0.0, 0.0, 0.0, 0.0, 0.0, 0.0, 0.0, 0.0, 0.0, 0.0, 0.0, 0.0, 0.0, 0.0, 0.0, 0.0, 0.0, 0.0, 0.0, 0.0, 0.0]"
hMpxV/Chile/VS-ISP-2855/2023|EPI_ISL_19345363|2023-01-10,"[0.0, 0.0, 0.0, 0.0, 1.0, 0.0, 0.0, 0.0, 0.0, 0.0, 0.0, 0.0, 0.0, 0.0, 0.0, 0.0, 0.0, 0.0, 0.0, 0.0, 0.0, 0.0, 0.0, 0.0, 0.0, 0.0, 0.0, 0.0, 0.0, 0.0, 0.0]"
hMpxV/Chile/VS-ISP-134877/2022|EPI_ISL_19345344|2022-12-06,"[0.0, 0.0, 0.0, 0.0, 1.0, 0.0, 0.0, 0.0, 0.0, 0.0, 0.0, 0.0, 0.0, 0.0, 0.0, 0.0, 0.0, 0.0, 0.0, 0.0, 0.0, 0.0, 0.0, 0.0, 0.0, 0.0, 0.0, 0.0, 0.0, 0.0, 0.0]"
NODE_0000416,"[1.2659424431501242e-06, 2.2585246156179623e-06, 6.008996612697895e-06, 1.2709032476365362e-06, 5.1244672253366836e-06, 4.950636420435517e-06, 1.7794189357663347e-06, 1.2378653029923276e-06, 1.2310606614809052e-06, 1.2523075647640955e-06, 1.2160174166826592e-06, 1.2464379268814307e-06, 1.1921963694783734e-06, 1.776714622741711e-06, 1.2037358501328148e-06, 0.9907560730498022, 1.3220076146245768e-06, 1.246437926881537e-06, 1.2464379268815673e-06, 1.7007282112070979e-06, 0.009168090214505237, 1.2907036240536972e-06, 1.440793224137554e-06, 1.242098729774161e-06, 1.173885822091856e-06, 1.1919335583453742e-06, 1.1063069894718399e-06, 1.1962526345003292e-06, 1.208003435660269e-06, 2.6222357707182153e-05, 1.2335630715975029e-06]"
NODE_0000419,"[1.3122591769958463e-07, 2.1064084473513656e-07, 4.2407875066905077e-07, 1.7557049337236849e-07, 3.126396301609189e-07, 7.998423993575621e-07, 1.9150709387062733e-07, 1.7032986090436783e-07, 1.691088012542849e-07, 1.7263369948748676e-07, 1.670122656776834e-07, 1.7182543965052408e-07, 1.6346522731188988e-07, 1.9208552579755163e-07, 1.2570783017948268e-07, 0.9997817985926367, 1.7496877016714575e-07, 1.7182543965054094e-07, 1.718254396505463e-07, 1.832745708686168e-07, 0.00021092421564974662, 1.7859349396733233e-07, 1.4246159404794612e-07, 1.710687252511751e-07, 1.217465593242416e-07, 1.6317846438937588e-07, 1.484408804478464e-07, 1.6379915113417488e-07, 1.6566784444060334e-07, 1.5730846187783599e-06, 1.6958238119246057e-07]"
hMpxV/Mexico/NLE_InDRE_F410/2023|EPI_ISL_17703606|2023-03-13,"[0.0, 0.0, 0.0, 0.0, 0.0, 0.0, 0.0, 0.0, 0.0, 0.0, 0.0, 0.0, 0.0, 0.0, 0.0, 1.0, 0.0, 0.0, 0.0, 0.0, 0.0, 0.0, 0.0, 0.0, 0.0, 0.0, 0.0, 0.0, 0.0, 0.0, 0.0]"
NODE_0000420,"[6.332690988826964e-10, 1.034209372724145e-09, 1.7817947662779342e-09, 1.0233652910045255e-09, 1.03780848338867e-09, 5.89852949735896e-09, 1.0143536137637573e-09, 9.93882500534696e-10, 9.874091500126866e-10, 1.0054479120413768e-09, 9.743671350712159e-10, 1.002157550596577e-09, 9.442089697051289e-10, 1.0146457603769499e-09, 6.268125157835033e-10, 0.9999992491504185, 9.892370553337074e-10, 1.0021575505968607e-09, 1.002157550596924e-09, 9.617399915305689e-10, 7.130254046554374e-07, 1.0340403216229479e-09, 6.964676835725388e-10, 9.979979712250434e-10, 5.932101814665012e-10, 9.451994828746273e-10, 8.383234410621065e-10, 9.513084790846224e-10, 9.566325454555169e-10, 5.8938307465523504e-09, 9.896124007493808e-10]"
hMpxV/Mexico/MEX_InDRE_F75/2023|EPI_ISL_17672238|2023-01-09,"[0.0, 0.0, 0.0, 0.0, 0.0, 0.0, 0.0, 0.0, 0.0, 0.0, 0.0, 0.0, 0.0, 0.0, 0.0, 1.0, 0.0, 0.0, 0.0, 0.0, 0.0, 0.0, 0.0, 0.0, 0.0, 0.0, 0.0, 0.0, 0.0, 0.0, 0.0]"
NODE_0000421,"[4.6176058471862655e-11, 7.427207395560215e-11, 1.1867065760182738e-10, 7.65780252432859e-11, 6.546350849422159e-11, 4.3515380268182787e-10, 7.422381713507191e-11, 7.435845628181881e-11, 7.387959879586046e-11, 7.522764423652199e-11, 7.288439974572307e-11, 7.49726149501321e-11, 7.06457293437754e-11, 7.432108266917627e-11, 4.573461744011351e-11, 0.9999999900293101, 7.372324232274886e-11, 7.497261495018211e-11, 7.497261495020642e-11, 7.042435135917185e-11, 7.280897299986388e-09, 7.741655446927916e-11, 5.0368065341907976e-11, 7.466374293143841e-11, 4.319854435025928e-11, 7.06339345617792e-11, 6.270060549164592e-11, 7.10924441270852e-11, 7.158827897667902e-11, 3.474337660872481e-10, 7.404188351276265e-11]"
hMpxV/Mexico/NLE_InDRE_F78/2023|EPI_ISL_17703587|2023-01-09,"[0.0, 0.0, 0.0, 0.0, 0.0, 0.0, 0.0, 0.0, 0.0, 0.0, 0.0, 0.0, 0.0, 0.0, 0.0, 1.0, 0.0, 0.0, 0.0, 0.0, 0.0, 0.0, 0.0, 0.0, 0.0, 0.0, 0.0, 0.0, 0.0, 0.0, 0.0]"
hMpxV/Mexico/NLE_InDRE_F77/2023|EPI_ISL_17703586|2023-01-06,"[0.0, 0.0, 0.0, 0.0, 0.0, 0.0, 0.0, 0.0, 0.0, 0.0, 0.0, 0.0, 0.0, 0.0, 0.0, 1.0, 0.0, 0.0, 0.0, 0.0, 0.0, 0.0, 0.0, 0.0, 0.0, 0.0, 0.0, 0.0, 0.0, 0.0, 0.0]"
NODE_0000417,"[3.0874574117850344e-17, 9.616795345522494e-17, 4.637197407641415e-16, 6.367479174056872e-17, 1.9264351496996734e-16, 2.3183517051517677e-15, 8.104241002531137e-17, 6.282283350927246e-17, 6.255932927296763e-17, 6.259264139349166e-17, 6.201916038996938e-17, 6.32671838394905e-17, 5.563589352440824e-17, 7.672411626385376e-17, 3.7118429611090734e-17, 0.9999999997280798, 5.955399015492594e-17, 6.326718383953312e-17, 6.326718383954083e-17, 7.043544556867813e-17, 2.7190934490727954e-10, 6.020924955448109e-17, 4.995376236895317e-17, 6.30612447134027e-17, 3.239205598478057e-17, 5.962955576853551e-17, 4.32788645333233e-17, 6.102332668066266e-17, 5.586552129962628e-17, 6.331934619009287e-15, 6.252071460699556e-17]"
hMpxV/Mexico/COA_InDRE_F5645/2022|EPI_ISL_17672229|2022-12-14,"[0.0, 0.0, 0.0, 0.0, 0.0, 0.0, 0.0, 0.0, 0.0, 0.0, 0.0, 0.0, 0.0, 0.0, 0.0, 1.0, 0.0, 0.0, 0.0, 0.0, 0.0, 0.0, 0.0, 0.0, 0.0, 0.0, 0.0, 0.0, 0.0, 0.0, 0.0]"
hMpxV/Mexico/NLE_InDRE_F130/2023|EPI_ISL_17672242|2023-01-17,"[0.0, 0.0, 0.0, 0.0, 0.0, 0.0, 0.0, 0.0, 0.0, 0.0, 0.0, 0.0, 0.0, 0.0, 0.0, 1.0, 0.0, 0.0, 0.0, 0.0, 0.0, 0.0, 0.0, 0.0, 0.0, 0.0, 0.0, 0.0, 0.0, 0.0, 0.0]"
hMpxV/Mexico/CMX_InDRE_F378/2023|EPI_ISL_17672259|2023-03-10,"[0.0, 0.0, 0.0, 0.0, 0.0, 0.0, 0.0, 0.0, 0.0, 0.0, 0.0, 0.0, 0.0, 0.0, 0.0, 1.0, 0.0, 0.0, 0.0, 0.0, 0.0, 0.0, 0.0, 0.0, 0.0, 0.0, 0.0, 0.0, 0.0, 0.0, 0.0]"
hMpxV/Mexico/NLE_InDRE_F309/2023|EPI_ISL_17672256|2023-02-17,"[0.0, 0.0, 0.0, 0.0, 0.0, 0.0, 0.0, 0.0, 0.0, 0.0, 0.0, 0.0, 0.0, 0.0, 0.0, 1.0, 0.0, 0.0, 0.0, 0.0, 0.0, 0.0, 0.0, 0.0, 0.0, 0.0, 0.0, 0.0, 0.0, 0.0, 0.0]"
hMpxV/Mexico/NLE_InDRE_F276/2023|EPI_ISL_17703600|2023-02-07,"[0.0, 0.0, 0.0, 0.0, 0.0, 0.0, 0.0, 0.0, 0.0, 0.0, 0.0, 0.0, 0.0, 0.0, 0.0, 0.9999999999999999, 0.0, 0.0, 0.0, 0.0, 0.0, 0.0, 0.0, 0.0, 0.0, 0.0, 0.0, 0.0, 0.0, 0.0, 0.0]"
NODE_0000418,"[1.4156254480050286e-11, 2.543533991892104e-11, 4.7241630412944634e-11, 2.5854520588070594e-11, 2.3281623249845095e-11, 2.22105594917279e-10, 2.5326812674662708e-11, 2.5161431535900966e-11, 2.4993320188794387e-11, 2.5391831295770764e-11, 2.469265883592282e-11, 2.5381467761447517e-11, 2.355490820372332e-11, 2.5085323273053925e-11, 1.462126384569749e-11, 0.9999999908565451, 2.46075362553307e-11, 2.538146776147801e-11, 2.5381467761491286e-11, 2.3606742457695382e-11, 8.095562868933405e-09, 2.5786399152407573e-11, 1.659373641498658e-11, 2.527224551030154e-11, 1.3598058842031717e-11, 2.3906177931214648e-11, 2.0254845855755153e-11, 2.413948103081819e-11, 2.3819029772916114e-11, 1.7821830925696726e-10, 2.5042450037979436e-11]"
hMpxV/Mexico/NLE_InDRE_F14/2022|EPI_ISL_17703582|2022-12-27,"[0.0, 0.0, 0.0, 0.0, 0.0, 0.0, 0.0, 0.0, 0.0, 0.0, 0.0, 0.0, 0.0, 0.0, 0.0, 1.0, 0.0, 0.0, 0.0, 0.0, 0.0, 0.0, 0.0, 0.0, 0.0, 0.0, 0.0, 0.0, 0.0, 0.0, 0.0]"
hMpxV/Mexico/GUA_InDRE_F244/2023|EPI_ISL_17672251|2023-02-04,"[0.0, 0.0, 0.0, 0.0, 0.0, 0.0, 0.0, 0.0, 0.0, 0.0, 0.0, 0.0, 0.0, 0.0, 0.0, 1.0, 0.0, 0.0, 0.0, 0.0, 0.0, 0.0, 0.0, 0.0, 0.0, 0.0, 0.0, 0.0, 0.0, 0.0, 0.0]"
hMpxV/Mexico/NLE_InDRE_F321/2023|EPI_ISL_17703603|2023-02-21,"[0.0, 0.0, 0.0, 0.0, 0.0, 0.0, 0.0, 0.0, 0.0, 0.0, 0.0, 0.0, 0.0, 0.0, 0.0, 1.0, 0.0, 0.0, 0.0, 0.0, 0.0, 0.0, 0.0, 0.0, 0.0, 0.0, 0.0, 0.0, 0.0, 0.0, 0.0]"
NODE_0000320,"[1.1223406979198606e-07, 7.008810253406254e-08, 3.6805297507021904e-05, 1.968879935512336e-08, 8.177053800654554e-07, 3.321338369302489e-08, 4.4965465039411145e-08, 1.9721512203509353e-08, 1.9770535424896822e-08, 1.9726999314806374e-08, 1.9622880436785994e-08, 1.969340589518357e-08, 1.876073781896736e-08, 4.217767686955915e-08, 4.681046759418545e-08, 2.404784036468717e-06, 4.4601633620565934e-08, 1.9693405895184358e-08, 1.969340589518464e-08, 4.012797315025971e-08, 0.9944945849879763, 1.9241355058339574e-08, 2.0406202892978784e-07, 1.970989963950311e-08, 5.885451685104489e-08, 2.8946143381214602e-08, 1.745208029800169e-08, 2.8582369527069318e-08, 1.876101069127331e-08, 0.005464361300974835, 1.972426607526061e-08]"
hMpxV/Peru/ICA-INS-282/2022|EPI_ISL_16999065|2022-11-29,"[0.0, 0.0, 0.0, 0.0, 0.0, 0.0, 0.0, 0.0, 0.0, 0.0, 0.0, 0.0, 0.0, 0.0, 0.0, 0.0, 0.0, 0.0, 0.0, 0.0, 0.9999999999999999, 0.0, 0.0, 0.0, 0.0, 0.0, 0.0, 0.0, 0.0, 0.0, 0.0]"
hMpxV/USA/CA-LACPHL-MA00451/2022|EPI_ISL_16997421|2022-11-27,"[0.0, 0.0, 0.0, 0.0, 0.0, 0.0, 0.0, 0.0, 0.0, 0.0, 0.0, 0.0, 0.0, 0.0, 0.0, 0.0, 0.0, 0.0, 0.0, 0.0, 0.0, 0.0, 0.0, 0.0, 0.0, 0.0, 0.0, 0.0, 0.0, 0.9999999999999999, 0.0]"
NODE_0000321,"[1.3493617286604436e-10, 3.4526028902927755e-11, 0.9999998633352787, 2.2873901205370956e-11, 9.31516848076616e-10, 2.736293857758981e-11, 3.813840462195214e-11, 2.310337822273312e-11, 2.3246221795312597e-11, 2.2981940657027722e-11, 2.3013838819553563e-11, 2.299717673843778e-11, 2.118014110394758e-11, 2.864569135961556e-11, 1.817321076927269e-11, 3.297281296762409e-10, 2.375385387152863e-11, 2.2997176738436098e-11, 2.2997176738437148e-11, 2.675056076212915e-11, 1.2620871979919743e-07, 2.1634756492081497e-11, 2.174133731599531e-09, 2.3056331115515098e-11, 5.5633773085383476e-11, 2.2851623652400578e-11, 1.8323815225671812e-11, 2.3237952686201935e-11, 2.116777963484298e-11, 6.273908722910862e-09, 2.313002160553323e-11]"
hMpxV/Brazil/RJ-FIOCRUZ-4196/2023|EPI_ISL_17614042|2023-04-13,"[0.0, 0.0, 1.0, 0.0, 0.0, 0.0, 0.0, 0.0, 0.0, 0.0, 0.0, 0.0, 0.0, 0.0, 0.0, 0.0, 0.0, 0.0, 0.0, 0.0, 0.0, 0.0, 0.0, 0.0, 0.0, 0.0, 0.0, 0.0, 0.0, 0.0, 0.0]"
NODE_0000324,"[8.206364987592107e-10, 2.4717600583957685e-10, 0.9999999721503627, 2.500414088694226e-10, 1.7444771932997581e-09, 2.486321870956307e-10, 3.043806911999864e-10, 2.478787891282216e-10, 2.4767626081763655e-10, 2.485801870115229e-10, 2.454088676278121e-10, 2.4841213135020495e-10, 2.347197136136471e-10, 2.4632625008405454e-10, 1.6780461489047797e-10, 5.98651629002634e-10, 2.428971532093181e-10, 2.48412131350135e-10, 2.4841213135016364e-10, 2.3442178581192977e-10, 7.320573224686454e-09, 2.455471609401502e-10, 6.221106591994547e-09, 2.481692202123378e-10, 3.941251615822872e-10, 2.400231092425375e-10, 2.0945198405329198e-10, 2.4233075662365244e-10, 2.356019751571804e-10, 5.170275955279514e-09, 2.4748654926047693e-10]"
hMpxV/Brazil/RJ-FIOCRUZ-4195/2023|EPI_ISL_17614039|2023-04-10,"[0.0, 0.0, 1.0, 0.0, 0.0, 0.0, 0.0, 0.0, 0.0, 0.0, 0.0, 0.0, 0.0, 0.0, 0.0, 0.0, 0.0, 0.0, 0.0, 0.0, 0.0, 0.0, 0.0, 0.0, 0.0, 0.0, 0.0, 0.0, 0.0, 0.0, 0.0]"
hMpxV/Brazil/RJ-FIOCRUZ-3018/2023|EPI_ISL_17614041|2023-03-03,"[0.0, 0.0, 1.0, 0.0, 0.0, 0.0, 0.0, 0.0, 0.0, 0.0, 0.0, 0.0, 0.0, 0.0, 0.0, 0.0, 0.0, 0.0, 0.0, 0.0, 0.0, 0.0, 0.0, 0.0, 0.0, 0.0, 0.0, 0.0, 0.0, 0.0, 0.0]"
NODE_0000322,"[1.9207680180303368e-15, 2.588939469188071e-16, 0.9999999999997584, 2.583992380658914e-16, 7.429443853141838e-15, 2.5946359046576135e-16, 3.7206559126711173e-16, 2.6229244216115463e-16, 2.6362332864318155e-16, 2.5837666873983546e-16, 2.624584170345182e-16, 2.614556287733127e-16, 2.3607687512224766e-16, 2.5015575455871755e-16, 1.508674442625045e-16, 1.3286933771927632e-15, 2.3678850367181967e-16, 2.614556287732189e-16, 2.614556287732827e-16, 2.340296867085738e-16, 1.1598961547118242e-13, 2.384324738266382e-16, 6.851032285037025e-14, 2.619654606160246e-16, 6.147991426944408e-16, 2.5454117204796784e-16, 1.9242828646608302e-16, 2.6066521923314306e-16, 2.344080693474593e-16, 3.9720100561511313e-14, 2.62318318156504e-16]"
hMpxV/Brazil/RJ-FIOCRUZ-4194/2023|EPI_ISL_17614030|2023-04-06,"[0.0, 0.0, 1.0, 0.0, 0.0, 0.0, 0.0, 0.0, 0.0, 0.0, 0.0, 0.0, 0.0, 0.0, 0.0, 0.0, 0.0, 0.0, 0.0, 0.0, 0.0, 0.0, 0.0, 0.0, 0.0, 0.0, 0.0, 0.0, 0.0, 0.0, 0.0]"
hMpxV/Brazil/RJ-FIOCRUZ-3611/2023|EPI_ISL_17536785|2023-04-03,"[0.0, 0.0, 1.0, 0.0, 0.0, 0.0, 0.0, 0.0, 0.0, 0.0, 0.0, 0.0, 0.0, 0.0, 0.0, 0.0, 0.0, 0.0, 0.0, 0.0, 0.0, 0.0, 0.0, 0.0, 0.0, 0.0, 0.0, 0.0, 0.0, 0.0, 0.0]"
hMpxV/Brazil/RJ-FIOCRUZ-3610/2023|EPI_ISL_17536784|2023-03-30,"[0.0, 0.0, 0.9999999999999999, 0.0, 0.0, 0.0, 0.0, 0.0, 0.0, 0.0, 0.0, 0.0, 0.0, 0.0, 0.0, 0.0, 0.0, 0.0, 0.0, 0.0, 0.0, 0.0, 0.0, 0.0, 0.0, 0.0, 0.0, 0.0, 0.0, 0.0, 0.0]"
hMpxV/Brazil/RJ-FIOCRUZ-3611-1P/2023|EPI_ISL_19205405|2023-04-03,"[0.0, 0.0, 1.0, 0.0, 0.0, 0.0, 0.0, 0.0, 0.0, 0.0, 0.0, 0.0, 0.0, 0.0, 0.0, 0.0, 0.0, 0.0, 0.0, 0.0, 0.0, 0.0, 0.0, 0.0, 0.0, 0.0, 0.0, 0.0, 0.0, 0.0, 0.0]"
NODE_0000323,"[2.2099234073046534e-13, 3.1351085309605837e-14, 0.9999999999746655, 3.1190806179431434e-14, 8.269765542663567e-13, 3.137727213775985e-14, 4.439957216429095e-14, 3.163084093324612e-14, 3.180135907039289e-14, 3.1294504845319833e-14, 3.1603002862557226e-14, 3.151812792436953e-14, 2.8559833520011327e-14, 3.064044857835427e-14, 1.8513899772473266e-14, 1.551324542741237e-13, 2.932194004782107e-14, 3.151812792436883e-14, 3.1518127924368747e-14, 2.8456264189558716e-14, 1.178606714446005e-11, 2.8915135605716013e-14, 7.158741741541022e-12, 3.1584984776120803e-14, 7.424888887189429e-14, 3.0745536597246614e-14, 2.3434488933093684e-14, 3.144050590284789e-14, 2.8363025537650172e-14, 4.411661011001478e-12, 3.164200158404351e-14]"
hMpxV/Brazil/RJ-FIOCRUZ-4239/2023|EPI_ISL_17614033|2023-04-20,"[0.0, 0.0, 1.0, 0.0, 0.0, 0.0, 0.0, 0.0, 0.0, 0.0, 0.0, 0.0, 0.0, 0.0, 0.0, 0.0, 0.0, 0.0, 0.0, 0.0, 0.0, 0.0, 0.0, 0.0, 0.0, 0.0, 0.0, 0.0, 0.0, 0.0, 0.0]"
hMpxV/Brazil/RJ-FIOCRUZ-3608/2023|EPI_ISL_17536782|2023-03-24,"[0.0, 0.0, 1.0, 0.0, 0.0, 0.0, 0.0, 0.0, 0.0, 0.0, 0.0, 0.0, 0.0, 0.0, 0.0, 0.0, 0.0, 0.0, 0.0, 0.0, 0.0, 0.0, 0.0, 0.0, 0.0, 0.0, 0.0, 0.0, 0.0, 0.0, 0.0]"
hMpxV/Brazil/RJ-FIOCRUZ-3609/2023|EPI_ISL_17536783|2023-03-27,"[0.0, 0.0, 1.0, 0.0, 0.0, 0.0, 0.0, 0.0, 0.0, 0.0, 0.0, 0.0, 0.0, 0.0, 0.0, 0.0, 0.0, 0.0, 0.0, 0.0, 0.0, 0.0, 0.0, 0.0, 0.0, 0.0, 0.0, 0.0, 0.0, 0.0, 0.0]"
hMpxV/Brazil/RJ-FIOCRUZ-4239-1P/2023|EPI_ISL_19205407|2023-04-20,"[0.0, 0.0, 1.0, 0.0, 0.0, 0.0, 0.0, 0.0, 0.0, 0.0, 0.0, 0.0, 0.0, 0.0, 0.0, 0.0, 0.0, 0.0, 0.0, 0.0, 0.0, 0.0, 0.0, 0.0, 0.0, 0.0, 0.0, 0.0, 0.0, 0.0, 0.0]"
NODE_0000373,"[1.0147958791211187e-06, 1.6926739513464161e-06, 0.00034091225598035965, 7.716707090268416e-07, 0.8628776403499965, 9.954400416352308e-07, 1.184414184510484e-06, 7.546778160220428e-07, 7.517481279631185e-07, 7.636072341917979e-07, 7.408538799203153e-07, 7.590147532473621e-07, 7.079493071482796e-07, 1.1249885030761137e-06, 6.744402053547202e-07, 4.924271118470175e-06, 7.997620731338837e-07, 7.590147532473363e-07, 7.590147532474802e-07, 1.0471006378045769e-06, 0.1367452154546144, 7.683521696567366e-07, 2.163519627632285e-06, 7.568817868480574e-07, 8.294489367989779e-07, 7.19633131976967e-07, 6.222155897081953e-07, 7.264057940562942e-07, 7.14525256222215e-07, 7.953304623413393e-06, 7.52214564076349e-07]"
hMpxV/Chile/RM-ISP-136952/2022|EPI_ISL_19345349|2022-12-14,"[0.0, 0.0, 0.0, 0.0, 1.0, 0.0, 0.0, 0.0, 0.0, 0.0, 0.0, 0.0, 0.0, 0.0, 0.0, 0.0, 0.0, 0.0, 0.0, 0.0, 0.0, 0.0, 0.0, 0.0, 0.0, 0.0, 0.0, 0.0, 0.0, 0.0, 0.0]"
NODE_0000377,"[8.784837598481628e-12, 2.6804121168365083e-11, 4.0507631987987193e-10, 1.1651314926840976e-11, 0.999999243709913, 1.472075712436713e-11, 1.649736620058702e-11, 1.1299107064406167e-11, 1.1225023140641753e-11, 1.1416110168029697e-11, 1.1055150916080193e-11, 1.139980124823283e-11, 1.0493845942837121e-11, 1.6233333489567993e-11, 8.901623608815587e-12, 4.6346711791980266e-11, 1.1596539014545163e-11, 1.139980124821762e-11, 1.1399801248234524e-11, 1.5123485595365133e-11, 7.554911535128167e-07, 1.1649041379490823e-11, 1.1692451270056986e-11, 1.134975173602729e-11, 8.304406422579325e-12, 1.063049360867557e-11, 8.998976651798478e-12, 1.0748671462689374e-11, 1.0640628702088105e-11, 3.224926745618252e-11, 1.1244534444302498e-11]"
hMpxV/Chile/RM-ISP-130458/2022|EPI_ISL_19345329|2022-11-22,"[0.0, 0.0, 0.0, 0.0, 1.0, 0.0, 0.0, 0.0, 0.0, 0.0, 0.0, 0.0, 0.0, 0.0, 0.0, 0.0, 0.0, 0.0, 0.0, 0.0, 0.0, 0.0, 0.0, 0.0, 0.0, 0.0, 0.0, 0.0, 0.0, 0.0, 0.0]"
hMpxV/Chile/BI-ISP-134054/2022|EPI_ISL_19345338|2022-12-02,"[0.0, 0.0, 0.0, 0.0, 0.9999999999999999, 0.0, 0.0, 0.0, 0.0, 0.0, 0.0, 0.0, 0.0, 0.0, 0.0, 0.0, 0.0, 0.0, 0.0, 0.0, 0.0, 0.0, 0.0, 0.0, 0.0, 0.0, 0.0, 0.0, 0.0, 0.0, 0.0]"
NODE_0000378,"[5.203955398438774e-10, 1.1713774971920467e-09, 3.0816024206939084e-09, 9.560253407848093e-10, 0.9999999508361869, 9.336263827989952e-10, 9.167684906565419e-10, 9.195028224844212e-10, 9.116354661131805e-10, 9.343336007829845e-10, 8.960025434512136e-10, 9.294945288022041e-10, 8.650762749019212e-10, 9.212218189112067e-10, 5.101754840382029e-10, 5.692428089687649e-10, 9.141109406982796e-10, 9.294945288018665e-10, 9.294945288022135e-10, 8.61697654909221e-10, 2.2938157989421912e-08, 9.742268301328305e-10, 5.715094353242721e-10, 9.244478272268029e-10, 4.779246612367312e-10, 8.616111256341815e-10, 7.493173016090576e-10, 8.676743338483367e-10, 8.802229483693191e-10, 3.330019902893327e-10, 9.144397700556961e-10]"
hMpxV/Chile/BI-ISP-134055/2022|EPI_ISL_19345339|2022-12-02,"[0.0, 0.0, 0.0, 0.0, 0.9999999999999999, 0.0, 0.0, 0.0, 0.0, 0.0, 0.0, 0.0, 0.0, 0.0, 0.0, 0.0, 0.0, 0.0, 0.0, 0.0, 0.0, 0.0, 0.0, 0.0, 0.0, 0.0, 0.0, 0.0, 0.0, 0.0, 0.0]"
hMpxV/Chile/BI-ISP-134056/2022|EPI_ISL_19345340|2022-12-03,"[0.0, 0.0, 0.0, 0.0, 1.0, 0.0, 0.0, 0.0, 0.0, 0.0, 0.0, 0.0, 0.0, 0.0, 0.0, 0.0, 0.0, 0.0, 0.0, 0.0, 0.0, 0.0, 0.0, 0.0, 0.0, 0.0, 0.0, 0.0, 0.0, 0.0, 0.0]"
NODE_0000374,"[0.00027088685511768247, 0.00018310026740112038, 0.9722721366055894, 0.0001684949048885576, 0.016973748342593745, 0.00016976366316896586, 0.00018551076877487205, 0.00016460152482637168, 0.00016403945035699775, 0.00016756617168017858, 0.00016138361555466377, 0.00016536812546996059, 0.0001586861053961626, 0.00017400570125865504, 0.0001178980205334829, 0.00028942055260388374, 0.0001738648805467442, 0.00016536812546995896, 0.00016536812546995918, 0.00016380194941703155, 0.004545745063996349, 0.0001711032459638493, 0.0007030704951741726, 0.00016498011871184383, 0.00018531186770501061, 0.00015873657782245653, 0.00014584949927541578, 0.00015914354797551028, 0.00016015694090788245, 0.0009866775506005361, 0.00016421133574865196]"
hMpxV/Brazil/RJ-FIOCRUZ-3017/2023|EPI_ISL_17614017|2023-02-15,"[0.0, 0.0, 1.0, 0.0, 0.0, 0.0, 0.0, 0.0, 0.0, 0.0, 0.0, 0.0, 0.0, 0.0, 0.0, 0.0, 0.0, 0.0, 0.0, 0.0, 0.0, 0.0, 0.0, 0.0, 0.0, 0.0, 0.0, 0.0, 0.0, 0.0, 0.0]"
NODE_0000375,"[6.641635037190122e-07, 2.8668415983073844e-07, 0.9998197435363942, 2.8596738412641633e-07, 2.228460743313569e-06, 2.858156340007554e-07, 3.326487038738741e-07, 2.903184159656232e-07, 2.975780364914945e-07, 3.8340855764794476e-07, 2.814204839510215e-07, 2.834075370405246e-07, 2.7190968213983854e-07, 5.817360472694441e-07, 1.910819149700976e-07, 5.542363867146878e-07, 6.736231824378204e-07, 2.8340753704052066e-07, 2.8340753704052463e-07, 3.382616910824233e-07, 4.475900215442251e-06, 2.8171522148451977e-07, 0.00015865477309959648, 2.8690016846414646e-07, 1.8747972464688107e-06, 2.7391038725542064e-07, 2.4149919049233595e-07, 2.781996057463736e-07, 2.6759213101618725e-07, 4.530046668411116e-06, 2.9359253286828156e-07]"
hMpxV/Brazil/RS-CEVS-362/2023|EPI_ISL_18971016|2023-09-14,"[0.0, 0.0, 1.0, 0.0, 0.0, 0.0, 0.0, 0.0, 0.0, 0.0, 0.0, 0.0, 0.0, 0.0, 0.0, 0.0, 0.0, 0.0, 0.0, 0.0, 0.0, 0.0, 0.0, 0.0, 0.0, 0.0, 0.0, 0.0, 0.0, 0.0, 0.0]"
hMpxV/Portugal/INSA-PT0802/2023|EPI_ISL_18702213|2023-11-23,"[0.0, 0.0, 0.0, 0.0, 0.0, 0.0, 0.0, 0.0, 0.0, 0.0, 0.0, 0.0, 0.0, 0.0, 0.0, 0.0, 0.0, 0.0, 0.0, 0.0, 0.0, 0.0, 1.0, 0.0, 0.0, 0.0, 0.0, 0.0, 0.0, 0.0, 0.0]"
NODE_0000376,"[1.1985106193445144e-16, 1.2386995660893915e-17, 0.9999999999999686, 1.2195815311928738e-17, 5.774364171479318e-16, 1.2356281609312731e-17, 1.8531707853935933e-17, 1.2503056923746257e-17, 1.2620155822746255e-17, 1.2408999877351804e-17, 1.25255259129624e-17, 1.2411544236887797e-17, 1.1058038114369944e-17, 1.2349686393129615e-17, 6.90883683591348e-18, 8.374878142231909e-17, 1.1820322035987605e-17, 1.2411544236884606e-17, 1.2411544236886051e-17, 1.1099594719231727e-17, 1.524171385427527e-14, 1.1037779096129235e-17, 1.1153763045214367e-14, 1.2462671858802382e-17, 3.767717919992168e-17, 1.218341534782773e-17, 8.761029866226316e-18, 1.252389908545267e-17, 1.092180789490922e-17, 4.109278567621689e-15, 1.2526118310007106e-17]"
hMpxV/Brazil/SP-IAL-3280/2023|EPI_ISL_19446284|2023-10-09,"[0.0, 0.0, 1.0, 0.0, 0.0, 0.0, 0.0, 0.0, 0.0, 0.0, 0.0, 0.0, 0.0, 0.0, 0.0, 0.0, 0.0, 0.0, 0.0, 0.0, 0.0, 0.0, 0.0, 0.0, 0.0, 0.0, 0.0, 0.0, 0.0, 0.0, 0.0]"
hMpxV/Brazil/SP-IAL-3281/2023|EPI_ISL_19446285|2023-10-09,"[0.0, 0.0, 1.0, 0.0, 0.0, 0.0, 0.0, 0.0, 0.0, 0.0, 0.0, 0.0, 0.0, 0.0, 0.0, 0.0, 0.0, 0.0, 0.0, 0.0, 0.0, 0.0, 0.0, 0.0, 0.0, 0.0, 0.0, 0.0, 0.0, 0.0, 0.0]"
hMpxV/Brazil/SP-IAL-357399029/2023|EPI_ISL_19446287|2023-11-29,"[0.0, 0.0, 0.9999999999999999, 0.0, 0.0, 0.0, 0.0, 0.0, 0.0, 0.0, 0.0, 0.0, 0.0, 0.0, 0.0, 0.0, 0.0, 0.0, 0.0, 0.0, 0.0, 0.0, 0.0, 0.0, 0.0, 0.0, 0.0, 0.0, 0.0, 0.0, 0.0]"
hMpxV/Brazil/SP-IAL-3284/2023|EPI_ISL_19446288|2023-12-18,"[0.0, 0.0, 1.0, 0.0, 0.0, 0.0, 0.0, 0.0, 0.0, 0.0, 0.0, 0.0, 0.0, 0.0, 0.0, 0.0, 0.0, 0.0, 0.0, 0.0, 0.0, 0.0, 0.0, 0.0, 0.0, 0.0, 0.0, 0.0, 0.0, 0.0, 0.0]"
hMpxV/Brazil/SP-IAL-3282/2023|EPI_ISL_19446286|2023-10-11,"[0.0, 0.0, 1.0, 0.0, 0.0, 0.0, 0.0, 0.0, 0.0, 0.0, 0.0, 0.0, 0.0, 0.0, 0.0, 0.0, 0.0, 0.0, 0.0, 0.0, 0.0, 0.0, 0.0, 0.0, 0.0, 0.0, 0.0, 0.0, 0.0, 0.0, 0.0]"
NODE_0000327,"[2.0239272046496425e-32, 3.942588662127298e-31, 4.201619070013252e-28, 8.030330083068058e-34, 4.010911161702801e-27, 1.0315850335276528e-32, 3.598885038456701e-32, 8.353792073118464e-34, 8.459114347261037e-34, 8.10589257052853e-34, 8.481691667459816e-34, 8.2592616609278e-34, 7.561927762885553e-34, 3.113371875226799e-32, 2.3708987379254467e-32, 9.153864461987605e-26, 1.308902888064933e-33, 8.259261660928209e-34, 8.259261660934545e-34, 2.9649089738223195e-32, 0.9999999999999999, 7.218581094814525e-34, 7.852719153547895e-32, 8.31014809246044e-34, 2.2796477317470236e-32, 8.531766168419005e-34, 7.255585739757768e-34, 8.755527593433413e-34, 7.49680968196298e-34, 6.333360777305126e-25, 8.386513134557877e-34]"
hMpxV/Peru/LIM-INS-328/2022|EPI_ISL_16999077|2022-11-21,"[0.0, 0.0, 0.0, 0.0, 0.0, 0.0, 0.0, 0.0, 0.0, 0.0, 0.0, 0.0, 0.0, 0.0, 0.0, 0.0, 0.0, 0.0, 0.0, 0.0, 1.0, 0.0, 0.0, 0.0, 0.0, 0.0, 0.0, 0.0, 0.0, 0.0, 0.0]"
hMpxV/Peru/LIM-INS-289/2022|EPI_ISL_16999078|2022-11-24,"[0.0, 0.0, 0.0, 0.0, 0.0, 0.0, 0.0, 0.0, 0.0, 0.0, 0.0, 0.0, 0.0, 0.0, 0.0, 0.0, 0.0, 0.0, 0.0, 0.0, 1.0, 0.0, 0.0, 0.0, 0.0, 0.0, 0.0, 0.0, 0.0, 0.0, 0.0]"
hMpxV/Peru/LIM-INS-355/2022|EPI_ISL_16999081|2022-12-29,"[0.0, 0.0, 0.0, 0.0, 0.0, 0.0, 0.0, 0.0, 0.0, 0.0, 0.0, 0.0, 0.0, 0.0, 0.0, 0.0, 0.0, 0.0, 0.0, 0.0, 1.0, 0.0, 0.0, 0.0, 0.0, 0.0, 0.0, 0.0, 0.0, 0.0, 0.0]"
hMpxV/Peru/LIM-INS-294/2022|EPI_ISL_16999089|2022-11-24,"[0.0, 0.0, 0.0, 0.0, 0.0, 0.0, 0.0, 0.0, 0.0, 0.0, 0.0, 0.0, 0.0, 0.0, 0.0, 0.0, 0.0, 0.0, 0.0, 0.0, 1.0, 0.0, 0.0, 0.0, 0.0, 0.0, 0.0, 0.0, 0.0, 0.0, 0.0]"
hMpxV/Peru/LIM-INS-329/2022|EPI_ISL_16999098|2022-11-28,"[0.0, 0.0, 0.0, 0.0, 0.0, 0.0, 0.0, 0.0, 0.0, 0.0, 0.0, 0.0, 0.0, 0.0, 0.0, 0.0, 0.0, 0.0, 0.0, 0.0, 1.0, 0.0, 0.0, 0.0, 0.0, 0.0, 0.0, 0.0, 0.0, 0.0, 0.0]"
NODE_0000328,"[3.790395333377201e-10, 9.117069263745202e-10, 7.06193624863996e-09, 1.426419576914873e-10, 1.3880894643389491e-08, 3.044896661286033e-10, 4.3810868121298573e-10, 1.4002275737550413e-10, 1.3955622657975521e-10, 1.4134792594022874e-10, 1.3826127107193135e-10, 1.4059662350882793e-10, 1.3771368657386276e-10, 4.3321491855484184e-10, 3.4650751011305904e-10, 3.2419079131776366e-08, 1.6950775875495767e-10, 1.4059662350883734e-10, 1.4059662350885823e-10, 4.212223938892863e-10, 0.9999998680422472, 1.4516680286186942e-10, 4.902199362854059e-10, 1.4030186416777734e-10, 3.5224758633754355e-10, 1.371720890495612e-10, 1.3740624909023276e-10, 1.3723978837906641e-10, 1.3922131907402675e-10, 7.211198420857544e-08, 1.3975180584740648e-10]"
hMpxV/Peru/LIM-INS-343/2022|EPI_ISL_16999085|2022-12-19,"[0.0, 0.0, 0.0, 0.0, 0.0, 0.0, 0.0, 0.0, 0.0, 0.0, 0.0, 0.0, 0.0, 0.0, 0.0, 0.0, 0.0, 0.0, 0.0, 0.0, 1.0, 0.0, 0.0, 0.0, 0.0, 0.0, 0.0, 0.0, 0.0, 0.0, 0.0]"
hMpxV/Peru/LIM-INS-293/2022|EPI_ISL_16999083|2022-11-25,"[0.0, 0.0, 0.0, 0.0, 0.0, 0.0, 0.0, 0.0, 0.0, 0.0, 0.0, 0.0, 0.0, 0.0, 0.0, 0.0, 0.0, 0.0, 0.0, 0.0, 1.0, 0.0, 0.0, 0.0, 0.0, 0.0, 0.0, 0.0, 0.0, 0.0, 0.0]"
NODE_0000331,"[3.1811844044890927e-12, 9.915145338526997e-12, 1.5114663253140868e-10, 8.921670047019021e-13, 3.6365532260274194e-10, 2.3992210606733947e-12, 3.838999160583707e-12, 8.831907280476459e-13, 8.828326718866723e-13, 8.867330663360656e-13, 8.752131577444884e-13, 8.842656818349609e-13, 8.583520254685248e-13, 3.727919987667228e-12, 2.9516798757893263e-12, 1.1672003867704287e-09, 1.1181336553261191e-12, 8.842656818349716e-13, 8.842656818351299e-13, 3.6169578311968348e-12, 0.9999999951842905, 8.936017869774948e-13, 4.730889924380676e-12, 8.837414740057441e-13, 2.997374992374061e-12, 8.74382841207976e-13, 8.561684584871386e-13, 8.774763127779043e-13, 8.667687226327458e-13, 3.0811638430688925e-09, 8.825215841679418e-13]"
hMpxV/Peru/LIM-INS-344/2022|EPI_ISL_16999102|2022-12-20,"[0.0, 0.0, 0.0, 0.0, 0.0, 0.0, 0.0, 0.0, 0.0, 0.0, 0.0, 0.0, 0.0, 0.0, 0.0, 0.0, 0.0, 0.0, 0.0, 0.0, 1.0, 0.0, 0.0, 0.0, 0.0, 0.0, 0.0, 0.0, 0.0, 0.0, 0.0]"
hMpxV/Peru/LIM-INS-437/2022|EPI_ISL_19343488|2022-11-30,"[0.0, 0.0, 0.0, 0.0, 0.0, 0.0, 0.0, 0.0, 0.0, 0.0, 0.0, 0.0, 0.0, 0.0, 0.0, 0.0, 0.0, 0.0, 0.0, 0.0, 1.0, 0.0, 0.0, 0.0, 0.0, 0.0, 0.0, 0.0, 0.0, 0.0, 0.0]"
hMpxV/Peru/LIM-INS-390/2023|EPI_ISL_19343505|2023-01-06,"[0.0, 0.0, 0.0, 0.0, 0.0, 0.0, 0.0, 0.0, 0.0, 0.0, 0.0, 0.0, 0.0, 0.0, 0.0, 0.0, 0.0, 0.0, 0.0, 0.0, 1.0, 0.0, 0.0, 0.0, 0.0, 0.0, 0.0, 0.0, 0.0, 0.0, 0.0]"
NODE_0000332,"[2.2442741246793693e-11, 6.616409778818904e-11, 9.697352708556112e-10, 6.5406870147041265e-12, 2.2550587161803835e-09, 1.6973172662395497e-11, 2.6411420459210634e-11, 6.475327457161997e-12, 6.477982518552831e-12, 6.503751431737805e-12, 6.4132501887188786e-12, 6.477904276148794e-12, 6.293850088590924e-12, 2.568628404609131e-11, 2.025706306094225e-11, 7.158455161864018e-09, 8.277638164912801e-12, 6.477904276149105e-12, 6.477904276150148e-12, 2.4948021955411036e-11, 0.999999970092065, 6.567570641024331e-12, 3.257217600609495e-11, 6.476684671336808e-12, 2.0761550034171126e-11, 6.448316481203167e-12, 6.319237635572929e-12, 6.465977619815661e-12, 6.368814964982986e-12, 1.915693332162384e-08, 6.473179267912047e-12]"
hMpxV/Peru/LIM-INS-413/2023|EPI_ISL_19343498|2023-02-10,"[0.0, 0.0, 0.0, 0.0, 0.0, 0.0, 0.0, 0.0, 0.0, 0.0, 0.0, 0.0, 0.0, 0.0, 0.0, 0.0, 0.0, 0.0, 0.0, 0.0, 0.9999999999999999, 0.0, 0.0, 0.0, 0.0, 0.0, 0.0, 0.0, 0.0, 0.0, 0.0]"
hMpxV/Peru/CAL-INS-403/2023|EPI_ISL_19343516|2023-02-02,"[0.0, 0.0, 0.0, 0.0, 0.0, 0.0, 0.0, 0.0, 0.0, 0.0, 0.0, 0.0, 0.0, 0.0, 0.0, 0.0, 0.0, 0.0, 0.0, 0.0, 1.0, 0.0, 0.0, 0.0, 0.0, 0.0, 0.0, 0.0, 0.0, 0.0, 0.0]"
hMpxV/Peru/LIM-INS-376/2023|EPI_ISL_19343540|2023-01-13,"[0.0, 0.0, 0.0, 0.0, 0.0, 0.0, 0.0, 0.0, 0.0, 0.0, 0.0, 0.0, 0.0, 0.0, 0.0, 0.0, 0.0, 0.0, 0.0, 0.0, 0.9999999999999999, 0.0, 0.0, 0.0, 0.0, 0.0, 0.0, 0.0, 0.0, 0.0, 0.0]"
NODE_0000329,"[4.4144315740177807e-10, 1.043137916658231e-09, 7.987071376697745e-09, 1.6816547851930129e-10, 1.553605074281292e-08, 3.549146082838738e-10, 5.06047681159327e-10, 1.6508737953970636e-10, 1.6458637648908677e-10, 1.6666709842629644e-10, 1.6298187778056612e-10, 1.6571470467792157e-10, 1.6236143312156468e-10, 5.006114381408662e-10, 3.9985286143304646e-10, 3.617023701424189e-08, 2.005627026771756e-10, 1.6571470467792328e-10, 1.657147046780033e-10, 4.869326737402047e-10, 0.9999998519559734, 1.7127936019483256e-10, 5.665323672319458e-10, 1.653916171829018e-10, 4.0773302179296625e-10, 1.6205997922407948e-10, 1.6238187582304992e-10, 1.6209716271144976e-10, 1.6426093446867846e-10, 8.08036407869755e-08, 1.6479330149664068e-10]"
hMpxV/Peru/LIM-INS-332/2022|EPI_ISL_16999097|2022-12-01,"[0.0, 0.0, 0.0, 0.0, 0.0, 0.0, 0.0, 0.0, 0.0, 0.0, 0.0, 0.0, 0.0, 0.0, 0.0, 0.0, 0.0, 0.0, 0.0, 0.0, 1.0, 0.0, 0.0, 0.0, 0.0, 0.0, 0.0, 0.0, 0.0, 0.0, 0.0]"
NODE_0000330,"[5.926179191167416e-12, 1.8392427630302514e-11, 2.796188502935888e-10, 1.666852084601866e-12, 6.710913034730811e-10, 4.47034039535748e-12, 7.137421160669748e-12, 1.6501064282229292e-12, 1.6495561818842649e-12, 1.6567654309899694e-12, 1.6351328480907817e-12, 1.6519961595761526e-12, 1.6036889681656672e-12, 6.9316082844888384e-12, 5.4864164031841755e-12, 2.1524179220709874e-09, 2.0908590028377837e-12, 1.65199615957618e-12, 1.6519961595763675e-12, 6.7258880615863174e-12, 0.9999999911111745, 1.6698522894108657e-12, 8.796830015419521e-12, 1.651075541445946e-12, 5.575510106399346e-12, 1.6344636352940525e-12, 1.6005164446898544e-12, 1.6401424427616295e-12, 1.619703370162769e-12, 5.687881032125527e-09, 1.6489175205443601e-12]"
hMpxV/Peru/LIM-INS-402/2023|EPI_ISL_19343500|2023-02-02,"[0.0, 0.0, 0.0, 0.0, 0.0, 0.0, 0.0, 0.0, 0.0, 0.0, 0.0, 0.0, 0.0, 0.0, 0.0, 0.0, 0.0, 0.0, 0.0, 0.0, 1.0, 0.0, 0.0, 0.0, 0.0, 0.0, 0.0, 0.0, 0.0, 0.0, 0.0]"
hMpxV/Peru/LIM-INS-368/2023|EPI_ISL_19343525|2023-01-03,"[0.0, 0.0, 0.0, 0.0, 0.0, 0.0, 0.0, 0.0, 0.0, 0.0, 0.0, 0.0, 0.0, 0.0, 0.0, 0.0, 0.0, 0.0, 0.0, 0.0, 1.0, 0.0, 0.0, 0.0, 0.0, 0.0, 0.0, 0.0, 0.0, 0.0, 0.0]"
hMpxV/Peru/LIM-INS-371/2023|EPI_ISL_19343562|2023-01-06,"[0.0, 0.0, 0.0, 0.0, 0.0, 0.0, 0.0, 0.0, 0.0, 0.0, 0.0, 0.0, 0.0, 0.0, 0.0, 0.0, 0.0, 0.0, 0.0, 0.0, 1.0, 0.0, 0.0, 0.0, 0.0, 0.0, 0.0, 0.0, 0.0, 0.0, 0.0]"
NODE_0000458,"[2.2084041731086672e-07, 5.146101171371287e-07, 1.9555785062046657e-06, 2.368493839576557e-07, 0.9910540616978492, 3.027509942594553e-07, 3.399704312388134e-07, 2.2934241558909232e-07, 2.2772421142763475e-07, 2.3251750080836224e-07, 2.2449872029427e-07, 2.3137091441320032e-07, 2.190062440786473e-07, 3.39696540177358e-07, 2.1296564024535119e-07, 1.0664109250405754e-06, 2.4283088846846746e-07, 2.3137091441315143e-07, 2.3137091441322224e-07, 3.2180287219140004e-07, 0.008935365902582964, 2.411192086411721e-07, 2.5755425732907734e-07, 2.3034431181679914e-07, 2.0457194219275785e-07, 2.1777806817825468e-07, 1.9852448085164709e-07, 2.1887388700202903e-07, 2.222340225762795e-07, 9.71566347361881e-07, 2.2832449072431747e-07]"
hMpxV/Chile/TA-ISP-131515/2022|EPI_ISL_19345330|2022-11-21,"[0.0, 0.0, 0.0, 0.0, 1.0, 0.0, 0.0, 0.0, 0.0, 0.0, 0.0, 0.0, 0.0, 0.0, 0.0, 0.0, 0.0, 0.0, 0.0, 0.0, 0.0, 0.0, 0.0, 0.0, 0.0, 0.0, 0.0, 0.0, 0.0, 0.0, 0.0]"
NODE_0000459,"[1.6682959286437547e-23, 1.7491381288023191e-22, 4.10717230466903e-21, 6.538093637860826e-23, 0.9999999999999992, 7.44314155856741e-23, 8.045622094902844e-23, 6.348625954069616e-23, 6.299582739121704e-23, 6.334995757700455e-23, 6.191216860075925e-23, 6.429131578566241e-23, 5.229232828747395e-23, 7.457454626587354e-23, 2.268878463673922e-23, 1.1972415833441838e-22, 5.573147281532534e-23, 6.429131578560755e-23, 6.42913157856677e-23, 6.469077459255996e-23, 7.537409180293437e-16, 6.057161690181899e-23, 3.417164494052598e-23, 6.391097085186041e-23, 1.808206034924332e-23, 5.704690248666923e-23, 3.4723857958119645e-23, 5.9190793790835e-23, 5.2795970068870076e-23, 2.4562935452678747e-23, 6.296681484987765e-23]"
hMpxV/Chile/RM-ISP-133151/2022|EPI_ISL_19345336|2022-11-30,"[0.0, 0.0, 0.0, 0.0, 1.0, 0.0, 0.0, 0.0, 0.0, 0.0, 0.0, 0.0, 0.0, 0.0, 0.0, 0.0, 0.0, 0.0, 0.0, 0.0, 0.0, 0.0, 0.0, 0.0, 0.0, 0.0, 0.0, 0.0, 0.0, 0.0, 0.0]"
hMpxV/Chile/RM-ISP-134481/2022|EPI_ISL_19345342|2022-12-06,"[0.0, 0.0, 0.0, 0.0, 1.0, 0.0, 0.0, 0.0, 0.0, 0.0, 0.0, 0.0, 0.0, 0.0, 0.0, 0.0, 0.0, 0.0, 0.0, 0.0, 0.0, 0.0, 0.0, 0.0, 0.0, 0.0, 0.0, 0.0, 0.0, 0.0, 0.0]"
hMpxV/Chile/RM-ISP-134390/2022|EPI_ISL_19345341|2022-11-30,"[0.0, 0.0, 0.0, 0.0, 1.0, 0.0, 0.0, 0.0, 0.0, 0.0, 0.0, 0.0, 0.0, 0.0, 0.0, 0.0, 0.0, 0.0, 0.0, 0.0, 0.0, 0.0, 0.0, 0.0, 0.0, 0.0, 0.0, 0.0, 0.0, 0.0, 0.0]"
hMpxV/Chile/RM-ISP-137742/2022|EPI_ISL_19345352|2022-12-15,"[0.0, 0.0, 0.0, 0.0, 1.0, 0.0, 0.0, 0.0, 0.0, 0.0, 0.0, 0.0, 0.0, 0.0, 0.0, 0.0, 0.0, 0.0, 0.0, 0.0, 0.0, 0.0, 0.0, 0.0, 0.0, 0.0, 0.0, 0.0, 0.0, 0.0, 0.0]"
hMpxV/Chile/VS-ISP-7728/2023|EPI_ISL_19345370|2023-01-27,"[0.0, 0.0, 0.0, 0.0, 1.0, 0.0, 0.0, 0.0, 0.0, 0.0, 0.0, 0.0, 0.0, 0.0, 0.0, 0.0, 0.0, 0.0, 0.0, 0.0, 0.0, 0.0, 0.0, 0.0, 0.0, 0.0, 0.0, 0.0, 0.0, 0.0, 0.0]"
hMpxV/Chile/RM-ISP-7794/2023|EPI_ISL_19345371|2023-01-30,"[0.0, 0.0, 0.0, 0.0, 1.0, 0.0, 0.0, 0.0, 0.0, 0.0, 0.0, 0.0, 0.0, 0.0, 0.0, 0.0, 0.0, 0.0, 0.0, 0.0, 0.0, 0.0, 0.0, 0.0, 0.0, 0.0, 0.0, 0.0, 0.0, 0.0, 0.0]"
hMpxV/Chile/RM-ISP-8717/2023|EPI_ISL_19345372|2023-02-02,"[0.0, 0.0, 0.0, 0.0, 1.0, 0.0, 0.0, 0.0, 0.0, 0.0, 0.0, 0.0, 0.0, 0.0, 0.0, 0.0, 0.0, 0.0, 0.0, 0.0, 0.0, 0.0, 0.0, 0.0, 0.0, 0.0, 0.0, 0.0, 0.0, 0.0, 0.0]"
NODE_0000460,"[7.607340011972652e-28, 1.0637214824955675e-26, 2.762985254452161e-25, 5.143752905476683e-27, 1.0, 5.023153390711169e-27, 5.0169560221586134e-27, 4.9856044576398e-27, 4.9464378786936475e-27, 4.9607175444692535e-27, 4.8479787072419655e-27, 5.053829327096417e-27, 3.955483746027075e-27, 4.598326794118392e-27, 1.1207024348580903e-27, 1.8967146526614006e-27, 4.086781498796046e-27, 5.053829327085584e-27, 5.053829327097226e-27, 3.8871128132385496e-27, 1.2487800411444167e-21, 4.677048309972303e-27, 1.676300899911222e-27, 5.021884047146943e-27, 8.41975288410488e-28, 4.398427515356617e-27, 2.415949855121226e-27, 4.59881286722355e-27, 3.9960183530440836e-27, 1.8967226265152436e-28, 4.9402673221356084e-27]"
hMpxV/Chile/VS-ISP-131906/2022|EPI_ISL_19345332|2022-11-26,"[0.0, 0.0, 0.0, 0.0, 1.0, 0.0, 0.0, 0.0, 0.0, 0.0, 0.0, 0.0, 0.0, 0.0, 0.0, 0.0, 0.0, 0.0, 0.0, 0.0, 0.0, 0.0, 0.0, 0.0, 0.0, 0.0, 0.0, 0.0, 0.0, 0.0, 0.0]"
hMpxV/Chile/RM-ISP-134774/2022|EPI_ISL_19345343|2022-12-01,"[0.0, 0.0, 0.0, 0.0, 1.0, 0.0, 0.0, 0.0, 0.0, 0.0, 0.0, 0.0, 0.0, 0.0, 0.0, 0.0, 0.0, 0.0, 0.0, 0.0, 0.0, 0.0, 0.0, 0.0, 0.0, 0.0, 0.0, 0.0, 0.0, 0.0, 0.0]"
hMpxV/Chile/RM-ISP-135958/2022|EPI_ISL_19345348|2022-12-04,"[0.0, 0.0, 0.0, 0.0, 1.0, 0.0, 0.0, 0.0, 0.0, 0.0, 0.0, 0.0, 0.0, 0.0, 0.0, 0.0, 0.0, 0.0, 0.0, 0.0, 0.0, 0.0, 0.0, 0.0, 0.0, 0.0, 0.0, 0.0, 0.0, 0.0, 0.0]"
hMpxV/Chile/VS-ISP-138625/2022|EPI_ISL_19345356|2022-12-19,"[0.0, 0.0, 0.0, 0.0, 0.9999999999999999, 0.0, 0.0, 0.0, 0.0, 0.0, 0.0, 0.0, 0.0, 0.0, 0.0, 0.0, 0.0, 0.0, 0.0, 0.0, 0.0, 0.0, 0.0, 0.0, 0.0, 0.0, 0.0, 0.0, 0.0, 0.0, 0.0]"
hMpxV/Chile/RM-ISP-140628/2022|EPI_ISL_19345358|2022-12-28,"[0.0, 0.0, 0.0, 0.0, 1.0, 0.0, 0.0, 0.0, 0.0, 0.0, 0.0, 0.0, 0.0, 0.0, 0.0, 0.0, 0.0, 0.0, 0.0, 0.0, 0.0, 0.0, 0.0, 0.0, 0.0, 0.0, 0.0, 0.0, 0.0, 0.0, 0.0]"
hMpxV/Chile/VS-ISP-1163/2023|EPI_ISL_19345353|2023-01-03,"[0.0, 0.0, 0.0, 0.0, 1.0, 0.0, 0.0, 0.0, 0.0, 0.0, 0.0, 0.0, 0.0, 0.0, 0.0, 0.0, 0.0, 0.0, 0.0, 0.0, 0.0, 0.0, 0.0, 0.0, 0.0, 0.0, 0.0, 0.0, 0.0, 0.0, 0.0]"
hMpxV/Chile/RM-ISP-135491/2022|EPI_ISL_19345346|2022-12-09,"[0.0, 0.0, 0.0, 0.0, 0.9999999999999999, 0.0, 0.0, 0.0, 0.0, 0.0, 0.0, 0.0, 0.0, 0.0, 0.0, 0.0, 0.0, 0.0, 0.0, 0.0, 0.0, 0.0, 0.0, 0.0, 0.0, 0.0, 0.0, 0.0, 0.0, 0.0, 0.0]"
hMpxV/Chile/VS-ISP-7726/2023|EPI_ISL_19345368|2023-01-27,"[0.0, 0.0, 0.0, 0.0, 1.0, 0.0, 0.0, 0.0, 0.0, 0.0, 0.0, 0.0, 0.0, 0.0, 0.0, 0.0, 0.0, 0.0, 0.0, 0.0, 0.0, 0.0, 0.0, 0.0, 0.0, 0.0, 0.0, 0.0, 0.0, 0.0, 0.0]"
NODE_0000461,"[4.968784173531568e-08, 1.0702068319549944e-07, 2.703441765790391e-07, 8.812506304027532e-08, 0.9999959139612156, 8.617595562561471e-08, 8.469784439608236e-08, 8.469027977482272e-08, 8.390507939077639e-08, 8.614589880679352e-08, 8.253844858717047e-08, 8.566412810023022e-08, 8.005965304172471e-08, 8.523990603795724e-08, 4.8388017045321204e-08, 5.488340067550692e-08, 8.456886343756342e-08, 8.566412810022191e-08, 8.566412810022918e-08, 7.998340716033012e-08, 1.6683014304477292e-06, 9.003601267170904e-08, 5.39749340756188e-08, 8.517126229833427e-08, 4.5769322300824494e-08, 7.949481727092759e-08, 6.983361774292326e-08, 7.996857521576663e-08, 8.142779379960937e-08, 3.441144197628444e-08, 8.420267364621797e-08]"
hMpxV/Chile/VS-ISP-4661/2023|EPI_ISL_19345366|2023-01-17,"[0.0, 0.0, 0.0, 0.0, 1.0, 0.0, 0.0, 0.0, 0.0, 0.0, 0.0, 0.0, 0.0, 0.0, 0.0, 0.0, 0.0, 0.0, 0.0, 0.0, 0.0, 0.0, 0.0, 0.0, 0.0, 0.0, 0.0, 0.0, 0.0, 0.0, 0.0]"
NODE_0000462,"[4.128220797758784e-10, 9.343198843437649e-10, 2.480232980899519e-09, 7.612263207039825e-10, 0.999999960539342, 7.434044904351547e-10, 7.300317624850125e-10, 7.321589117733594e-10, 7.258909534059891e-10, 7.439231230647651e-10, 7.13442759086506e-10, 7.401264806737285e-10, 6.884627709244598e-10, 7.333616474298327e-10, 4.0517419446915925e-10, 4.5277767062069785e-10, 7.274320911563223e-10, 7.401264806734145e-10, 7.401264806737426e-10, 6.857672378695891e-10, 1.8559881075646382e-08, 7.754431849228313e-10, 4.5428709241228066e-10, 7.361033040018953e-10, 3.7934537094950764e-10, 6.859360688759547e-10, 5.957048150635788e-10, 6.908424640415007e-10, 7.004976190501065e-10, 2.63692048029028e-10, 7.281167195431668e-10]"
hMpxV/Chile/VS-ISP-189/2022|EPI_ISL_19345361|2022-12-30,"[0.0, 0.0, 0.0, 0.0, 1.0, 0.0, 0.0, 0.0, 0.0, 0.0, 0.0, 0.0, 0.0, 0.0, 0.0, 0.0, 0.0, 0.0, 0.0, 0.0, 0.0, 0.0, 0.0, 0.0, 0.0, 0.0, 0.0, 0.0, 0.0, 0.0, 0.0]"
hMpxV/Chile/VS-ISP-445/2022|EPI_ISL_19345362|2022-12-31,"[0.0, 0.0, 0.0, 0.0, 0.9999999999999999, 0.0, 0.0, 0.0, 0.0, 0.0, 0.0, 0.0, 0.0, 0.0, 0.0, 0.0, 0.0, 0.0, 0.0, 0.0, 0.0, 0.0, 0.0, 0.0, 0.0, 0.0, 0.0, 0.0, 0.0, 0.0, 0.0]"
NODE_0000422,"[0.001149688773657743, 0.0016851637244819212, 0.00921296619442415, 0.0009233030236824359, 0.004506377068700973, 0.0011772521653157187, 0.20912415987132885, 0.0008953016679215958, 0.0008906502720566588, 0.0009129682435640103, 0.0008751797156063219, 0.0009010249859817133, 0.0008723096143249444, 0.0013437375023729351, 0.0009286403081674097, 0.004840897653672073, 0.0009996952712457469, 0.0009010249859817427, 0.0009010249859817401, 0.0012749604382436917, 0.7405698098207154, 0.0009531762046824405, 0.0013831221420532735, 0.0008980794396791145, 0.001007706086351308, 0.0008607640559061469, 0.0008264575113341021, 0.0008605767535899546, 0.000884406724139435, 0.006546957454225938, 0.0008926173406102607]"
hMpxV/Egypt/MOH-NRC-0023/2022|EPI_ISL_18879931|2022-12-18,"[0.0, 0.0, 0.0, 0.0, 0.0, 0.0, 1.0, 0.0, 0.0, 0.0, 0.0, 0.0, 0.0, 0.0, 0.0, 0.0, 0.0, 0.0, 0.0, 0.0, 0.0, 0.0, 0.0, 0.0, 0.0, 0.0, 0.0, 0.0, 0.0, 0.0, 0.0]"
NODE_0000423,"[3.52577061876687e-10, 7.13530574247518e-11, 0.999999964845998, 6.627296879921498e-11, 1.2293319371393512e-09, 6.930797313599982e-11, 1.3592725694432488e-10, 6.692614183816854e-11, 6.748885133830505e-11, 6.756859699178006e-11, 6.627146665081004e-11, 6.646115993834382e-11, 6.146595780572363e-11, 7.173530038137404e-11, 4.4105761602707814e-11, 3.521236607349451e-10, 7.257629895859727e-11, 6.64611599383353e-11, 6.646115993834476e-11, 6.451333791603939e-11, 1.6269334753286334e-08, 6.311597577712725e-11, 5.87511935783747e-09, 6.671035958149536e-11, 1.5250583376971805e-10, 6.629718742255391e-11, 5.266688597007421e-11, 6.723877337617876e-11, 6.115776707190524e-11, 9.353839977255782e-09, 6.70860738875107e-11]"
hMpxV/Brazil/RJ-UG_UFRJ_0544/2024|EPI_ISL_19434489|2024-03-06,"[0.0, 0.0, 1.0, 0.0, 0.0, 0.0, 0.0, 0.0, 0.0, 0.0, 0.0, 0.0, 0.0, 0.0, 0.0, 0.0, 0.0, 0.0, 0.0, 0.0, 0.0, 0.0, 0.0, 0.0, 0.0, 0.0, 0.0, 0.0, 0.0, 0.0, 0.0]"
hMpxV/Brazil/RJ-UG_UFRJ_0548/2024|EPI_ISL_19434492|2024-04-15,"[0.0, 0.0, 1.0, 0.0, 0.0, 0.0, 0.0, 0.0, 0.0, 0.0, 0.0, 0.0, 0.0, 0.0, 0.0, 0.0, 0.0, 0.0, 0.0, 0.0, 0.0, 0.0, 0.0, 0.0, 0.0, 0.0, 0.0, 0.0, 0.0, 0.0, 0.0]"
NODE_0000424,"[1.126566354736472e-10, 2.5270202455310357e-11, 0.9999999942892204, 2.5258993373912112e-11, 3.008127408055284e-10, 2.532075233941128e-11, 3.266443591727858e-11, 2.5288828688770322e-11, 2.535960706127726e-11, 2.5332194266989827e-11, 2.5092563378277495e-11, 2.5255328009941496e-11, 2.350369361183606e-11, 2.531610571874167e-11, 1.633247847189986e-11, 8.22358924038593e-11, 2.4959634365002708e-11, 2.525532800993806e-11, 2.5255328009938778e-11, 2.3594162958700034e-11, 1.8782053787709254e-09, 2.4279385018394755e-11, 1.5167945713748554e-09, 2.5276883370363117e-11, 4.844590836418352e-11, 2.4585031709181893e-11, 2.0329228830105568e-11, 2.492796686280838e-11, 2.34740823729692e-11, 1.2044125869656223e-09, 2.5283657320764224e-11]"
hMpxV/Brazil/SC-FIOCRUZ-10555/2024|EPI_ISL_19416191|2024-03-01,"[0.0, 0.0, 1.0, 0.0, 0.0, 0.0, 0.0, 0.0, 0.0, 0.0, 0.0, 0.0, 0.0, 0.0, 0.0, 0.0, 0.0, 0.0, 0.0, 0.0, 0.0, 0.0, 0.0, 0.0, 0.0, 0.0, 0.0, 0.0, 0.0, 0.0, 0.0]"
NODE_0000425,"[2.7879133867213865e-07, 9.224539630058797e-08, 0.9999917693828968, 9.288873629032024e-08, 5.550316447942918e-07, 9.262317313288807e-08, 1.106988842839659e-07, 9.192591121297253e-08, 9.19018442123383e-08, 9.283726084261177e-08, 9.07654275343281e-08, 9.206237220839171e-08, 8.755566181241156e-08, 9.365846842640781e-08, 6.413552409586182e-08, 2.0790199952708131e-07, 9.404378506898553e-08, 9.206237220839065e-08, 9.206237220839337e-08, 8.813646122566462e-08, 1.5794676357530876e-06, 9.199390141334957e-08, 1.7601410478147936e-06, 9.200030519136592e-08, 1.4540695102569952e-07, 8.924005388779215e-08, 7.90867612208639e-08, 8.987479854102572e-08, 8.791687135209745e-08, 1.622338103367076e-06, 9.182203978084564e-08]"
hMpxV/Brazil/RJ-UG_UFRJ_0542/2024|EPI_ISL_19434488|2024-02-08,"[0.0, 0.0, 1.0, 0.0, 0.0, 0.0, 0.0, 0.0, 0.0, 0.0, 0.0, 0.0, 0.0, 0.0, 0.0, 0.0, 0.0, 0.0, 0.0, 0.0, 0.0, 0.0, 0.0, 0.0, 0.0, 0.0, 0.0, 0.0, 0.0, 0.0, 0.0]"
hMpxV/Brazil/RJ-FIOCRUZ-10485/2024|EPI_ISL_19416149|2024-04-07,"[0.0, 0.0, 1.0, 0.0, 0.0, 0.0, 0.0, 0.0, 0.0, 0.0, 0.0, 0.0, 0.0, 0.0, 0.0, 0.0, 0.0, 0.0, 0.0, 0.0, 0.0, 0.0, 0.0, 0.0, 0.0, 0.0, 0.0, 0.0, 0.0, 0.0, 0.0]"
NODE_0000426,"[2.7967090468855774e-09, 8.328860322080914e-10, 0.999999909173549, 8.431994715514138e-10, 5.977108495043244e-09, 8.380988011362597e-10, 1.0289184959925407e-09, 8.360747490401638e-10, 8.353318874949323e-10, 8.377750485764613e-10, 8.280101670465736e-10, 8.379448891135066e-10, 7.911362995746771e-10, 8.28380533749823e-10, 5.639117329249114e-10, 2.0301783747120187e-09, 8.152472512817051e-10, 8.379448891134252e-10, 8.379448891134953e-10, 7.893246500954836e-10, 2.0624262175739856e-08, 8.272072768742958e-10, 2.1638258120796974e-08, 8.370927950775634e-10, 1.3304982229365324e-09, 8.093375501052866e-10, 7.049298309599693e-10, 8.173567273938985e-10, 7.940755289260675e-10, 1.7622602580845846e-08, 8.347044209912615e-10]"
hMpxV/Brazil/RJ-FIOCRUZ-331/2024|EPI_ISL_19408591|2024-01-12,"[0.0, 0.0, 1.0, 0.0, 0.0, 0.0, 0.0, 0.0, 0.0, 0.0, 0.0, 0.0, 0.0, 0.0, 0.0, 0.0, 0.0, 0.0, 0.0, 0.0, 0.0, 0.0, 0.0, 0.0, 0.0, 0.0, 0.0, 0.0, 0.0, 0.0, 0.0]"
hMpxV/Brazil/RJ-FIOCRUZ-14479/2023|EPI_ISL_19012435|2023-12-18,"[0.0, 0.0, 1.0, 0.0, 0.0, 0.0, 0.0, 0.0, 0.0, 0.0, 0.0, 0.0, 0.0, 0.0, 0.0, 0.0, 0.0, 0.0, 0.0, 0.0, 0.0, 0.0, 0.0, 0.0, 0.0, 0.0, 0.0, 0.0, 0.0, 0.0, 0.0]"
NODE_0000427,"[4.740588316447202e-08, 2.693911467166739e-10, 0.999999885007839, 2.6810837869928045e-10, 3.1374842830697337e-09, 2.6948754861983815e-10, 3.480473561213804e-10, 2.711464026902789e-10, 2.7334533960906303e-10, 2.693490468029869e-10, 2.6936325697757317e-10, 2.694181890361637e-10, 2.466000318816338e-10, 2.6747946119961074e-10, 2.141701500371514e-10, 8.456362590577916e-10, 2.613040551715762e-10, 2.6941818903615275e-10, 2.6941818903617214e-10, 2.467145135583003e-10, 2.3787618949474268e-08, 2.52888441990813e-10, 1.5388729431242628e-08, 2.703568953107773e-10, 7.470616598079052e-10, 2.625812318257074e-10, 2.0932240080882751e-10, 2.6744988081403844e-10, 2.4617007359864966e-10, 1.761653472816632e-08, 2.7168204137343045e-10]"
hMpxV/Brazil/RJ-UG_UFRJ_0545/2024|EPI_ISL_19434490|2024-03-28,"[0.0, 0.0, 1.0, 0.0, 0.0, 0.0, 0.0, 0.0, 0.0, 0.0, 0.0, 0.0, 0.0, 0.0, 0.0, 0.0, 0.0, 0.0, 0.0, 0.0, 0.0, 0.0, 0.0, 0.0, 0.0, 0.0, 0.0, 0.0, 0.0, 0.0, 0.0]"
hMpxV/Brazil/SP-IAL-357523319/2024|EPI_ISL_19359683|2024-02-26,"[0.0, 0.0, 1.0, 0.0, 0.0, 0.0, 0.0, 0.0, 0.0, 0.0, 0.0, 0.0, 0.0, 0.0, 0.0, 0.0, 0.0, 0.0, 0.0, 0.0, 0.0, 0.0, 0.0, 0.0, 0.0, 0.0, 0.0, 0.0, 0.0, 0.0, 0.0]"
hMpxV/Brazil/RJ-FIOCRUZ-09214/2024|EPI_ISL_19416144|2024-03-25,"[0.0, 0.0, 1.0, 0.0, 0.0, 0.0, 0.0, 0.0, 0.0, 0.0, 0.0, 0.0, 0.0, 0.0, 0.0, 0.0, 0.0, 0.0, 0.0, 0.0, 0.0, 0.0, 0.0, 0.0, 0.0, 0.0, 0.0, 0.0, 0.0, 0.0, 0.0]"
NODE_0000428,"[0.9999886169591778, 9.668425738767842e-08, 7.66016720524022e-06, 9.824987987171642e-08, 1.4787788583620088e-07, 9.742406976822865e-08, 1.0146792099797433e-07, 9.680121549998357e-08, 9.668312613140614e-08, 9.757956597445321e-08, 9.535527737118507e-08, 9.707013342725889e-08, 9.146117262680964e-08, 9.732978252659553e-08, 1.3893737779113834e-07, 9.446012187179123e-08, 9.687854570398881e-08, 9.707013342728537e-08, 9.707013342728544e-08, 9.153382598529325e-08, 2.002732043425346e-07, 9.745633246064456e-08, 1.719876630611939e-07, 9.694142122800819e-08, 2.8315479192796976e-07, 9.305855812250435e-08, 8.130992467682039e-08, 9.38441696687748e-08, 9.20991497930461e-08, 5.861858631679574e-07, 9.662811275877147e-08]"
hMpxV/Australia/VIC-VIDRL-1795/2024|EPI_ISL_19459732|2024-05-22,"[1.0, 0.0, 0.0, 0.0, 0.0, 0.0, 0.0, 0.0, 0.0, 0.0, 0.0, 0.0, 0.0, 0.0, 0.0, 0.0, 0.0, 0.0, 0.0, 0.0, 0.0, 0.0, 0.0, 0.0, 0.0, 0.0, 0.0, 0.0, 0.0, 0.0, 0.0]"
hMpxV/Australia/VIC-VIDRL-40804/2024|EPI_ISL_19459740|2024-05-30,"[1.0, 0.0, 0.0, 0.0, 0.0, 0.0, 0.0, 0.0, 0.0, 0.0, 0.0, 0.0, 0.0, 0.0, 0.0, 0.0, 0.0, 0.0, 0.0, 0.0, 0.0, 0.0, 0.0, 0.0, 0.0, 0.0, 0.0, 0.0, 0.0, 0.0, 0.0]"
NODE_0000429,"[7.923263384204673e-07, 1.3182393285692287e-07, 0.99914459838738, 1.3045555630393415e-07, 8.443295953358626e-07, 1.316698178605122e-07, 1.571823311968476e-07, 1.3135587039694413e-07, 1.3197910612913142e-07, 1.3135587790249611e-07, 1.3068980074154537e-07, 1.3091489365402165e-07, 1.2237757128801983e-07, 1.3228417281138957e-07, 1.2902292530929948e-07, 6.961822864987833e-07, 2.565442418898182e-07, 1.3091489365402134e-07, 1.3091489365402097e-07, 1.2316329109894332e-07, 2.0094815706935846e-05, 1.25349236894779e-07, 4.263619324641567e-06, 1.3116188310859576e-07, 2.8096634630893773e-07, 1.882237178093844e-07, 1.0695395462492554e-07, 1.8681711550183101e-07, 1.2193597504975906e-07, 0.0008252048234980719, 1.314584642130063e-07]"
NODE_0000430,"[3.1429598184511185e-09, 9.554701914321415e-10, 0.9999998816487412, 9.651129375688414e-10, 6.45611512924165e-09, 9.605521498000808e-10, 1.1683952792017288e-09, 9.565863978483287e-10, 9.559725626678452e-10, 9.60616117682614e-10, 9.466175773489645e-10, 9.584533006163078e-10, 9.069103808654669e-10, 9.55803572182673e-10, 6.586174994304414e-10, 2.3182839815364197e-09, 9.650064434993529e-10, 9.584533006160334e-10, 9.584533006162034e-10, 9.073749450389437e-10, 2.2562139257724232e-08, 9.493631244544906e-10, 2.2524773358831084e-08, 9.57606560998289e-10, 1.5243065038810018e-09, 9.364145075030618e-10, 8.115516211209171e-10, 9.443300434346516e-10, 9.1034358616661e-10, 3.821948588321206e-08, 9.551894544585104e-10]"
hMpxV/Brazil/RJ-FIOCRUZ-10504/2024|EPI_ISL_19416157|2024-05-15,"[0.0, 0.0, 1.0, 0.0, 0.0, 0.0, 0.0, 0.0, 0.0, 0.0, 0.0, 0.0, 0.0, 0.0, 0.0, 0.0, 0.0, 0.0, 0.0, 0.0, 0.0, 0.0, 0.0, 0.0, 0.0, 0.0, 0.0, 0.0, 0.0, 0.0, 0.0]"
hMpxV/Brazil/RJ-FIOCRUZ-10507/2024|EPI_ISL_19416159|2024-05-22,"[0.0, 0.0, 0.9999999999999999, 0.0, 0.0, 0.0, 0.0, 0.0, 0.0, 0.0, 0.0, 0.0, 0.0, 0.0, 0.0, 0.0, 0.0, 0.0, 0.0, 0.0, 0.0, 0.0, 0.0, 0.0, 0.0, 0.0, 0.0, 0.0, 0.0, 0.0, 0.0]"
NODE_0000432,"[1.8243207595016314e-09, 4.743315389761213e-10, 0.9999995135225057, 4.777402918689372e-10, 3.3457330793708335e-09, 4.76175735895086e-10, 5.80906618153494e-10, 4.748528426737253e-10, 4.747817637326566e-10, 4.753797481158516e-10, 4.707785174251078e-10, 4.755691842420353e-10, 4.483213170135933e-10, 4.711509765206287e-10, 3.500792711609266e-10, 1.4108160094685862e-09, 5.507511021011916e-10, 4.755691842419011e-10, 4.755691842419784e-10, 4.480519863157158e-10, 2.901944075264241e-08, 4.671316726662004e-10, 1.3484883210202885e-08, 4.752657984554848e-10, 7.974748597078213e-10, 5.031930752387247e-10, 3.984220179271672e-10, 5.057955272228517e-10, 4.495093375866945e-10, 4.25721279777762e-07, 4.742190519470024e-10]"
hMpxV/Brazil/RJ-FIOCRUZ-3526/2024|EPI_ISL_19205399|2024-04-03,"[0.0, 0.0, 1.0, 0.0, 0.0, 0.0, 0.0, 0.0, 0.0, 0.0, 0.0, 0.0, 0.0, 0.0, 0.0, 0.0, 0.0, 0.0, 0.0, 0.0, 0.0, 0.0, 0.0, 0.0, 0.0, 0.0, 0.0, 0.0, 0.0, 0.0, 0.0]"
hMpxV/Brazil/RJ-FIOCRUZ-3528/2024|EPI_ISL_19205401|2024-04-24,"[0.0, 0.0, 0.9999999999999999, 0.0, 0.0, 0.0, 0.0, 0.0, 0.0, 0.0, 0.0, 0.0, 0.0, 0.0, 0.0, 0.0, 0.0, 0.0, 0.0, 0.0, 0.0, 0.0, 0.0, 0.0, 0.0, 0.0, 0.0, 0.0, 0.0, 0.0, 0.0]"
NODE_0000431,"[7.731914332818003e-08, 6.760479773200734e-09, 6.597319722422561e-05, 6.54699382599505e-09, 1.8884433130636983e-08, 6.715290370454495e-09, 7.244851270541768e-09, 6.672788728738151e-09, 6.725747917191657e-09, 6.58020653075752e-09, 6.697600009899936e-09, 6.629005057841879e-09, 6.213901025152041e-09, 6.6214389268037185e-09, 1.2642213724091606e-08, 9.353429019742721e-08, 3.892942809566603e-08, 6.629005057843287e-09, 6.6290050578417865e-09, 6.2254938871990936e-09, 6.662369485873723e-06, 6.239949564710037e-09, 1.0690002079557522e-07, 6.652618959182873e-09, 1.698287578794491e-08, 1.8380813546049594e-08, 5.513313021658052e-09, 1.7634731466230114e-08, 6.172216180839388e-09, 0.9999268390680949, 6.687339861069726e-09]"
hMpxV/USA/CA-LACPHL-MA00622/2024|EPI_ISL_19139151|2024-04-11,"[0.0, 0.0, 0.0, 0.0, 0.0, 0.0, 0.0, 0.0, 0.0, 0.0, 0.0, 0.0, 0.0, 0.0, 0.0, 0.0, 0.0, 0.0, 0.0, 0.0, 0.0, 0.0, 0.0, 0.0, 0.0, 0.0, 0.0, 0.0, 0.0, 1.0, 0.0]"
hMpxV/USA/CA-LACPHL-MA00626/2024|EPI_ISL_19196359|2024-05-17,"[0.0, 0.0, 0.0, 0.0, 0.0, 0.0, 0.0, 0.0, 0.0, 0.0, 0.0, 0.0, 0.0, 0.0, 0.0, 0.0, 0.0, 0.0, 0.0, 0.0, 0.0, 0.0, 0.0, 0.0, 0.0, 0.0, 0.0, 0.0, 0.0, 0.9999999999999999, 0.0]"
hMpxV/USA/CA-LACPHL-MA00650/2024|EPI_ISL_19319388|2024-07-10,"[0.0, 0.0, 0.0, 0.0, 0.0, 0.0, 0.0, 0.0, 0.0, 0.0, 0.0, 0.0, 0.0, 0.0, 0.0, 0.0, 0.0, 0.0, 0.0, 0.0, 0.0, 0.0, 0.0, 0.0, 0.0, 0.0, 0.0, 0.0, 0.0, 1.0, 0.0]"
NODE_0000435,"[0.0002048193288023079, 0.00038607207093254613, 0.001327930657070377, 0.0002113554722147299, 0.0008761536210411355, 0.0002690667722547805, 0.0003012498906465517, 0.00020816216053348323, 0.0002097631420231886, 0.00029597428265314114, 0.00020215583770116585, 0.00020686114165960367, 0.00019848146425423182, 0.0006820690120782644, 0.00019645283558250202, 0.0009528104069637031, 0.0005845546279929119, 0.0002068611416595859, 0.00020686114165958613, 0.700459034475097, 0.24334138435420172, 0.00021467430245121854, 0.044571678308550015, 0.00020750934581173332, 0.0011746107273078751, 0.0001958332324029166, 0.00018163883803371775, 0.00019749232180228045, 0.00019904204003724405, 0.001320662665129464, 0.00020878438145094998]"
NODE_0000447,"[1.6281918067413562e-07, 2.743485288036833e-07, 2.0723948200227866e-06, 2.406130863913315e-07, 3.6409385850212763e-07, 2.5062552217759896e-07, 2.5464147094884154e-07, 2.3512927646602565e-07, 2.3541069413326795e-07, 5.171300076861718e-07, 2.2910473358458595e-07, 2.3526449990362048e-07, 2.2285641859133133e-07, 1.5116085938657932e-06, 1.5807556147324055e-07, 3.455366429751614e-07, 2.0146221284702015e-06, 2.3526449990374018e-07, 2.352644999035123e-07, 3.3763255389946606e-05, 1.1674816804228965e-05, 2.4383377374199955e-07, 0.9999345938322919, 2.3519322302967214e-07, 7.706430817877042e-06, 2.2148690995823508e-07, 1.9856371151301732e-07, 2.2336628102475687e-07, 2.246201965144962e-07, 8.847711274327359e-07, 2.350254482252283e-07]"
hMpxV/Portugal/INSA-PT0615/2022|EPI_ISL_18544967|2022-12-26,"[0.0, 0.0, 0.0, 0.0, 0.0, 0.0, 0.0, 0.0, 0.0, 0.0, 0.0, 0.0, 0.0, 0.0, 0.0, 0.0, 0.0, 0.0, 0.0, 0.0, 0.0, 0.0, 1.0, 0.0, 0.0, 0.0, 0.0, 0.0, 0.0, 0.0, 0.0]"
hMpxV/Portugal/INSA-PT0618/2023|EPI_ISL_18544281|2023-01-12,"[0.0, 0.0, 0.0, 0.0, 0.0, 0.0, 0.0, 0.0, 0.0, 0.0, 0.0, 0.0, 0.0, 0.0, 0.0, 0.0, 0.0, 0.0, 0.0, 0.0, 0.0, 0.0, 1.0, 0.0, 0.0, 0.0, 0.0, 0.0, 0.0, 0.0, 0.0]"
NODE_0000436,"[5.28580855379582e-13, 2.0684483505270506e-12, 2.0186373037025412e-12, 1.1834768211791717e-12, 4.1346352612227325e-12, 1.4750468740087511e-12, 1.6481614267050647e-12, 1.1626811589809094e-12, 1.1667013906534082e-12, 1.5006920377935466e-12, 1.1285194103048914e-12, 1.1627564358730197e-12, 1.008515882129641e-12, 2.9727266970318515e-12, 6.376043762219371e-13, 3.529449171491513e-12, 2.3957057732616744e-12, 1.1627564358725508e-12, 1.1627564358727014e-12, 0.9999999980400334, 1.604584330950435e-09, 1.1317657647377299e-12, 3.124722031616367e-10, 1.1630032497404336e-12, 2.5174599734791707e-12, 1.057832801911108e-12, 7.555543902295244e-13, 1.0877812379735176e-12, 1.0107402333090579e-12, 9.769566203482795e-13, 1.1611157571981346e-12]"
hMpxV/Paraguay/601896/2023|EPI_ISL_17988355|2023-02-15,"[0.0, 0.0, 0.0, 0.0, 0.0, 0.0, 0.0, 0.0, 0.0, 0.0, 0.0, 0.0, 0.0, 0.0, 0.0, 0.0, 0.0, 0.0, 0.0, 1.0, 0.0, 0.0, 0.0, 0.0, 0.0, 0.0, 0.0, 0.0, 0.0, 0.0, 0.0]"
hMpxV/Paraguay/742315/2022|EPI_ISL_17988367|2022-11-26,"[0.0, 0.0, 0.0, 0.0, 0.0, 0.0, 0.0, 0.0, 0.0, 0.0, 0.0, 0.0, 0.0, 0.0, 0.0, 0.0, 0.0, 0.0, 0.0, 1.0, 0.0, 0.0, 0.0, 0.0, 0.0, 0.0, 0.0, 0.0, 0.0, 0.0, 0.0]"
NODE_0000446,"[2.2742398083855163e-07, 4.050846006930555e-07, 1.6723008047681485e-07, 4.2267251978820793e-07, 3.4242182510597507e-07, 4.120130843573028e-07, 4.0402234065043015e-07, 4.0571468587327366e-07, 4.017149855530063e-07, 4.133000865601301e-07, 3.95140541401312e-07, 4.106778597419196e-07, 3.8166699441916305e-07, 4.0793671713518406e-07, 2.245971106179729e-07, 2.471692219085118e-07, 4.047356947451031e-07, 4.106778597419167e-07, 4.106778597419127e-07, 0.9999892600126905, 2.274886408021407e-07, 4.309537821886861e-07, 5.782766168941971e-07, 4.081705096900007e-07, 2.147861013535446e-07, 3.796255188055051e-07, 3.290547074178334e-07, 3.8221382312582164e-07, 3.8815147604814625e-07, 1.0317468856566347e-07, 4.032133951855768e-07]"
hMpxV/Paraguay/595736/2023|EPI_ISL_17988354|2023-02-07,"[0.0, 0.0, 0.0, 0.0, 0.0, 0.0, 0.0, 0.0, 0.0, 0.0, 0.0, 0.0, 0.0, 0.0, 0.0, 0.0, 0.0, 0.0, 0.0, 1.0, 0.0, 0.0, 0.0, 0.0, 0.0, 0.0, 0.0, 0.0, 0.0, 0.0, 0.0]"
hMpxV/Paraguay/585623/2023|EPI_ISL_17988349|2023-01-23,"[0.0, 0.0, 0.0, 0.0, 0.0, 0.0, 0.0, 0.0, 0.0, 0.0, 0.0, 0.0, 0.0, 0.0, 0.0, 0.0, 0.0, 0.0, 0.0, 0.9999999999999999, 0.0, 0.0, 0.0, 0.0, 0.0, 0.0, 0.0, 0.0, 0.0, 0.0, 0.0]"
NODE_0000444,"[4.857025733907067e-10, 1.0622880947084055e-09, 3.347868127839315e-10, 1.1113428087792544e-09, 8.734853712857079e-10, 1.0819245194783985e-09, 1.0626623499638413e-09, 1.0674998772595775e-09, 1.0568387216011368e-09, 1.0847927321691268e-09, 1.0391082106958248e-09, 1.081305002019018e-09, 9.777671999811524e-10, 1.060057712851795e-09, 5.11918414917976e-10, 5.906081711870814e-10, 1.035040700378979e-09, 1.08130500201894e-09, 1.0813050020189282e-09, 0.9999999721306934, 7.037347864242459e-10, 1.1134852903258496e-09, 1.8141676920188375e-09, 1.0744134536014371e-09, 4.762557134278972e-10, 9.889158159055572e-10, 7.975584333160525e-10, 1.0014613554648545e-09, 9.932538507951851e-10, 1.6613110342671197e-10, 1.060189906816739e-09]"
hMpxV/Paraguay/593520/2023|EPI_ISL_17988352|2023-02-02,"[0.0, 0.0, 0.0, 0.0, 0.0, 0.0, 0.0, 0.0, 0.0, 0.0, 0.0, 0.0, 0.0, 0.0, 0.0, 0.0, 0.0, 0.0, 0.0, 1.0, 0.0, 0.0, 0.0, 0.0, 0.0, 0.0, 0.0, 0.0, 0.0, 0.0, 0.0]"
hMpxV/Paraguay/607376/2023|EPI_ISL_17988357|2023-02-18,"[0.0, 0.0, 0.0, 0.0, 0.0, 0.0, 0.0, 0.0, 0.0, 0.0, 0.0, 0.0, 0.0, 0.0, 0.0, 0.0, 0.0, 0.0, 0.0, 1.0, 0.0, 0.0, 0.0, 0.0, 0.0, 0.0, 0.0, 0.0, 0.0, 0.0, 0.0]"
NODE_0000445,"[1.094049136777824e-08, 1.9926905804784502e-08, 7.943847024774199e-09, 2.080412103193321e-08, 1.6786350296861183e-08, 2.0278701447294333e-08, 1.988539015318775e-08, 1.998142664394856e-08, 1.9794936198744415e-08, 2.0330441929675387e-08, 1.9458587701637253e-08, 2.0216616651645996e-08, 1.8728553013759728e-08, 2.0025577945647558e-08, 1.0837643519648982e-08, 1.2016883153263389e-08, 1.9839222229300317e-08, 2.021661665164369e-08, 2.021661665164346e-08, 0.9999994720082723, 1.168940591625169e-08, 2.1169571524845572e-08, 2.9351051870840164e-08, 2.0097981946695426e-08, 1.024018244408092e-08, 1.8674248160964664e-08, 1.606153960835723e-08, 1.881662857601972e-08, 1.9052788880725384e-08, 4.747536408935327e-09, 1.9861862906990762e-08]"
hMpxV/Paraguay/595642/2023|EPI_ISL_17988353|2023-02-07,"[0.0, 0.0, 0.0, 0.0, 0.0, 0.0, 0.0, 0.0, 0.0, 0.0, 0.0, 0.0, 0.0, 0.0, 0.0, 0.0, 0.0, 0.0, 0.0, 1.0, 0.0, 0.0, 0.0, 0.0, 0.0, 0.0, 0.0, 0.0, 0.0, 0.0, 0.0]"
hMpxV/Paraguay/747046/2023|EPI_ISL_17988377|2023-01-02,"[0.0, 0.0, 0.0, 0.0, 0.0, 0.0, 0.0, 0.0, 0.0, 0.0, 0.0, 0.0, 0.0, 0.0, 0.0, 0.0, 0.0, 0.0, 0.0, 1.0, 0.0, 0.0, 0.0, 0.0, 0.0, 0.0, 0.0, 0.0, 0.0, 0.0, 0.0]"
NODE_0000437,"[6.669613843107025e-12, 1.5318975744572193e-11, 4.46594505043243e-12, 1.60471421118493e-11, 1.2503239392537805e-11, 1.5621842724561242e-11, 1.534296643497229e-11, 1.5436084113124922e-11, 1.530151265411687e-11, 1.564161458721598e-11, 1.5022186104242964e-11, 1.561813668349853e-11, 1.4024442584748435e-11, 1.5214420055199152e-11, 7.071806551192663e-12, 8.30152794026166e-12, 1.4810004360268086e-11, 1.5618136683494474e-11, 1.5618136683494674e-11, 0.9999999995974149, 1.1233068066404743e-11, 1.6008825529870308e-11, 2.8069920601042544e-11, 1.552767613215021e-11, 6.398859638199799e-12, 1.4263251472491276e-11, 1.1309859207897176e-11, 1.4469844101626416e-11, 1.4258324111164736e-11, 2.0603700898125515e-12, 1.5337409235302607e-11]"
NODE_0000442,"[1.0236859575275893e-08, 1.862792025682083e-08, 7.4355910192186216e-09, 1.944756432556931e-08, 1.5694547729093476e-08, 1.8956521326228356e-08, 1.8588749231695213e-08, 1.8678285215776864e-08, 1.85038019737646e-08, 1.9005077293068855e-08, 1.8189627019218472e-08, 1.8898232185854926e-08, 1.7509713037688695e-08, 1.8721385968250773e-08, 1.0138580695635086e-08, 1.1239099916521145e-08, 1.854864786047882e-08, 1.8898232185852756e-08, 1.889823218585285e-08, 0.9999995064105284, 1.091315271173116e-08, 1.9790998956158658e-08, 2.740445139992025e-08, 1.878727923043306e-08, 9.582577273282438e-09, 1.7457333154374662e-08, 1.502007416174629e-08, 1.7589861007182194e-08, 1.7812846698855005e-08, 4.4477222923857226e-09, 1.856650587771242e-08]"
hMpxV/Paraguay/591628/2023|EPI_ISL_17988351|2023-01-31,"[0.0, 0.0, 0.0, 0.0, 0.0, 0.0, 0.0, 0.0, 0.0, 0.0, 0.0, 0.0, 0.0, 0.0, 0.0, 0.0, 0.0, 0.0, 0.0, 1.0, 0.0, 0.0, 0.0, 0.0, 0.0, 0.0, 0.0, 0.0, 0.0, 0.0, 0.0]"
hMpxV/Paraguay/745948/2022|EPI_ISL_17988370|2022-12-21,"[0.0, 0.0, 0.0, 0.0, 0.0, 0.0, 0.0, 0.0, 0.0, 0.0, 0.0, 0.0, 0.0, 0.0, 0.0, 0.0, 0.0, 0.0, 0.0, 1.0, 0.0, 0.0, 0.0, 0.0, 0.0, 0.0, 0.0, 0.0, 0.0, 0.0, 0.0]"
NODE_0000443,"[1.2306170810969496e-11, 2.6979372984913457e-11, 8.434694595815373e-12, 2.8232789906780203e-11, 2.2169197180416736e-11, 2.7486928367535188e-11, 2.6994131734546677e-11, 2.713023403765371e-11, 2.6870756149713545e-11, 2.7548899185426896e-11, 2.6407256337238002e-11, 2.7469802061653595e-11, 2.4830955237678334e-11, 2.6897856958381948e-11, 1.2943027699701306e-11, 1.496528529311272e-11, 2.626411737865549e-11, 2.746980206162841e-11, 2.7469802061638732e-11, 0.9999999992917125, 1.8229221212461128e-11, 2.8281865082418472e-11, 4.650237292167012e-11, 2.730037029287968e-11, 1.1947000164870134e-11, 2.512834422249374e-11, 2.0256584087783898e-11, 2.5451422098485407e-11, 2.523213708535237e-11, 4.137177915242758e-12, 2.69497875018754e-11]"
hMpxV/Paraguay/635677/2023|EPI_ISL_17988361|2023-03-27,"[0.0, 0.0, 0.0, 0.0, 0.0, 0.0, 0.0, 0.0, 0.0, 0.0, 0.0, 0.0, 0.0, 0.0, 0.0, 0.0, 0.0, 0.0, 0.0, 1.0, 0.0, 0.0, 0.0, 0.0, 0.0, 0.0, 0.0, 0.0, 0.0, 0.0, 0.0]"
hMpxV/Paraguay/746338/2022|EPI_ISL_17988372|2022-12-26,"[0.0, 0.0, 0.0, 0.0, 0.0, 0.0, 0.0, 0.0, 0.0, 0.0, 0.0, 0.0, 0.0, 0.0, 0.0, 0.0, 0.0, 0.0, 0.0, 1.0, 0.0, 0.0, 0.0, 0.0, 0.0, 0.0, 0.0, 0.0, 0.0, 0.0, 0.0]"
hMpxV/Paraguay/747004/2023|EPI_ISL_17988374|2023-01-02,"[0.0, 0.0, 0.0, 0.0, 0.0, 0.0, 0.0, 0.0, 0.0, 0.0, 0.0, 0.0, 0.0, 0.0, 0.0, 0.0, 0.0, 0.0, 0.0, 1.0, 0.0, 0.0, 0.0, 0.0, 0.0, 0.0, 0.0, 0.0, 0.0, 0.0, 0.0]"
NODE_0000438,"[2.010919706873269e-11, 4.3625442964069796e-11, 1.3871701632439884e-11, 4.563922898396852e-11, 3.590438551098229e-11, 4.4433650480011664e-11, 4.363774921902462e-11, 4.38428238087477e-11, 4.3410866089420846e-11, 4.454774941150329e-11, 4.267654631556776e-11, 4.440300127355036e-11, 4.019742261689168e-11, 4.353918107862888e-11, 2.1124756886224544e-11, 2.433256714547581e-11, 4.254059308431883e-11, 4.440300127353364e-11, 4.440300127353639e-11, 0.9999999988550361, 2.8824302936587035e-11, 4.576065372070471e-11, 7.405423774597711e-11, 4.4123229798580566e-11, 1.9620533068526508e-11, 4.062990238178186e-11, 3.287153585077045e-11, 4.1136530357520256e-11, 4.083904210991018e-11, 6.914453591642191e-12, 4.354658978536633e-11]"
hMpxV/Paraguay/617799/2023|EPI_ISL_17988359|2023-03-03,"[0.0, 0.0, 0.0, 0.0, 0.0, 0.0, 0.0, 0.0, 0.0, 0.0, 0.0, 0.0, 0.0, 0.0, 0.0, 0.0, 0.0, 0.0, 0.0, 1.0, 0.0, 0.0, 0.0, 0.0, 0.0, 0.0, 0.0, 0.0, 0.0, 0.0, 0.0]"
NODE_0000439,"[5.453395319662305e-08, 9.740178133787861e-08, 4.002172812813331e-08, 1.0164023138335616e-07, 8.229549445038234e-08, 9.9076712479489e-08, 9.715410924561718e-08, 9.757258037214782e-08, 9.662013867354269e-08, 9.937655375811295e-08, 9.502772586986805e-08, 9.875753836800263e-08, 9.174521551293564e-08, 9.805625971187246e-08, 5.3864703854521725e-08, 5.9337699076319e-08, 9.72700388836901e-08, 9.875753836799051e-08, 9.875753836799165e-08, 0.9999974177490264, 5.505739939926862e-08, 1.0360635600007953e-07, 1.3964705303595574e-07, 9.815900519837681e-08, 5.140099144033799e-08, 9.1283772966938e-08, 7.905191487836183e-08, 9.191586565630946e-08, 9.330949068463408e-08, 2.4576844565200693e-08, 9.697473872194955e-08]"
hMpxV/Paraguay/590800/2023|EPI_ISL_17988350|2023-01-29,"[0.0, 0.0, 0.0, 0.0, 0.0, 0.0, 0.0, 0.0, 0.0, 0.0, 0.0, 0.0, 0.0, 0.0, 0.0, 0.0, 0.0, 0.0, 0.0, 1.0, 0.0, 0.0, 0.0, 0.0, 0.0, 0.0, 0.0, 0.0, 0.0, 0.0, 0.0]"
hMpxV/Paraguay/613691/2023|EPI_ISL_17988358|2023-02-28,"[0.0, 0.0, 0.0, 0.0, 0.0, 0.0, 0.0, 0.0, 0.0, 0.0, 0.0, 0.0, 0.0, 0.0, 0.0, 0.0, 0.0, 0.0, 0.0, 1.0, 0.0, 0.0, 0.0, 0.0, 0.0, 0.0, 0.0, 0.0, 0.0, 0.0, 0.0]"
NODE_0000440,"[8.261040510554416e-10, 1.5333719075588902e-09, 5.934415750462542e-10, 1.601643656499739e-09, 1.288015876669097e-09, 1.5611546139839696e-09, 1.5308708127470943e-09, 1.5390888815575251e-09, 1.5254103371872617e-09, 1.5643731006575397e-09, 1.4986894056921755e-09, 1.5565981875840999e-09, 1.4381514307500342e-09, 1.538270801922708e-09, 8.204860236929636e-10, 9.156547939019465e-10, 1.5221003374272245e-09, 1.5565981875836743e-09, 1.556598187583654e-09, 0.9999999593863813, 9.334097240928005e-10, 1.6270603041186002e-09, 2.318801436318356e-09, 1.5477784921020379e-09, 7.674954522694739e-10, 1.4369792458820078e-09, 1.2278460361535802e-09, 1.4489115157794448e-09, 1.463455513994541e-09, 3.451417601854435e-10, 1.5301172247718758e-09]"
hMpxV/Paraguay/744881/2022|EPI_ISL_17988369|2022-12-12,"[0.0, 0.0, 0.0, 0.0, 0.0, 0.0, 0.0, 0.0, 0.0, 0.0, 0.0, 0.0, 0.0, 0.0, 0.0, 0.0, 0.0, 0.0, 0.0, 0.9999999999999999, 0.0, 0.0, 0.0, 0.0, 0.0, 0.0, 0.0, 0.0, 0.0, 0.0, 0.0]"
NODE_0000441,"[5.822996677301214e-10, 1.0782174850886794e-09, 4.188914208879854e-10, 1.1261507360995362e-09, 9.060362693443578e-10, 1.0976864190809673e-09, 1.0763942447576158e-09, 1.08209363171147e-09, 1.072411683248132e-09, 1.100020109378563e-09, 1.0537026471255412e-09, 1.0944613704042037e-09, 1.0115313565274166e-09, 1.0819126811375605e-09, 5.781588340224648e-10, 6.446896424598567e-10, 1.0707105618437446e-09, 1.094461370403195e-09, 1.0944613704036049e-09, 0.9999999714407566, 6.531749988502179e-10, 1.1442692746162415e-09, 1.6248994434040832e-09, 1.0882304321067191e-09, 5.415620018669967e-10, 1.0104354576371676e-09, 8.641041061680923e-10, 1.018736488464383e-09, 1.029292036801966e-09, 2.4448443167794125e-10, 1.0757630579351177e-09]"
hMpxV/Paraguay/747006/2023|EPI_ISL_17988376|2023-01-02,"[0.0, 0.0, 0.0, 0.0, 0.0, 0.0, 0.0, 0.0, 0.0, 0.0, 0.0, 0.0, 0.0, 0.0, 0.0, 0.0, 0.0, 0.0, 0.0, 1.0, 0.0, 0.0, 0.0, 0.0, 0.0, 0.0, 0.0, 0.0, 0.0, 0.0, 0.0]"
hMpxV/Paraguay/747536/2023|EPI_ISL_17988378|2023-01-09,"[0.0, 0.0, 0.0, 0.0, 0.0, 0.0, 0.0, 0.0, 0.0, 0.0, 0.0, 0.0, 0.0, 0.0, 0.0, 0.0, 0.0, 0.0, 0.0, 0.9999999999999999, 0.0, 0.0, 0.0, 0.0, 0.0, 0.0, 0.0, 0.0, 0.0, 0.0, 0.0]"
NODE_0000335,"[2.3812481030781527e-13, 6.560229517875578e-14, 1.1042603418650002e-09, 3.275431715781944e-14, 4.510048075305191e-13, 2.165394734844116e-11, 5.528258936331402e-14, 3.4213039211174166e-14, 3.466880192791589e-14, 3.2922439167931204e-14, 3.4644836926757286e-14, 3.3877308420328625e-14, 2.8192312334788076e-14, 4.6667552926417614e-14, 5.544662517579911e-14, 0.9997604857411797, 1.8354638939606373e-13, 3.387730842036178e-14, 3.3877308420366055e-14, 4.1098016809823754e-14, 0.00023058641972362713, 2.8039240528111343e-14, 6.077384889021287e-13, 3.4069171588947154e-14, 6.32246337961582e-14, 9.280508387030194e-14, 1.9951049880265524e-14, 9.168199364079085e-14, 2.7649599592507125e-14, 8.926710747181559e-06, 3.427895799937162e-14]"
hMpxV/USA/CA-LACPHL-MA00405/2023|EPI_ISL_16997468|2023-01-10,"[0.0, 0.0, 0.0, 0.0, 0.0, 0.0, 0.0, 0.0, 0.0, 0.0, 0.0, 0.0, 0.0, 0.0, 0.0, 0.0, 0.0, 0.0, 0.0, 0.0, 0.0, 0.0, 0.0, 0.0, 0.0, 0.0, 0.0, 0.0, 0.0, 1.0, 0.0]"
hMpxV/Mexico/YUC_InDRE_F5465/2022|EPI_ISL_17703578|2022-11-22,"[0.0, 0.0, 0.0, 0.0, 0.0, 0.0, 0.0, 0.0, 0.0, 0.0, 0.0, 0.0, 0.0, 0.0, 0.0, 0.9999999999999999, 0.0, 0.0, 0.0, 0.0, 0.0, 0.0, 0.0, 0.0, 0.0, 0.0, 0.0, 0.0, 0.0, 0.0, 0.0]"
hMpxV/Dominican_Republic/LNSPDD-6/2023|EPI_ISL_17960864|2023-01-19,"[0.0, 0.0, 0.0, 0.0, 0.0, 1.0, 0.0, 0.0, 0.0, 0.0, 0.0, 0.0, 0.0, 0.0, 0.0, 0.0, 0.0, 0.0, 0.0, 0.0, 0.0, 0.0, 0.0, 0.0, 0.0, 0.0, 0.0, 0.0, 0.0, 0.0, 0.0]"
NODE_0000342,"[1.140466496549922e-07, 1.7466334348767176e-07, 2.7334910581579176e-07, 1.7774550298542559e-07, 1.618945544001972e-07, 8.752975600562379e-07, 1.7331083056968564e-07, 1.7225110850327378e-07, 1.7094531926261242e-07, 1.746172639910611e-07, 1.6878728156639148e-07, 1.7385080122961722e-07, 1.648257982269999e-07, 1.741325202398317e-07, 1.1078589206893598e-07, 0.9999831650760937, 1.7327474452668778e-07, 1.7385080122963006e-07, 1.738508012296339e-07, 1.6565995366776534e-07, 1.07035480419026e-05, 1.8068332918716522e-07, 1.2131295010614916e-07, 1.7304230476423448e-07, 1.062192737968138e-07, 1.643464199785017e-07, 1.4795487742336203e-07, 1.650753864025279e-07, 1.6703786808020787e-07, 7.871153735518848e-07, 1.7144824821709117e-07]"
hMpxV/Mexico/NLE_InDRE_F250/2023|EPI_ISL_17703595|2023-02-03,"[0.0, 0.0, 0.0, 0.0, 0.0, 0.0, 0.0, 0.0, 0.0, 0.0, 0.0, 0.0, 0.0, 0.0, 0.0, 0.9999999999999999, 0.0, 0.0, 0.0, 0.0, 0.0, 0.0, 0.0, 0.0, 0.0, 0.0, 0.0, 0.0, 0.0, 0.0, 0.0]"
hMpxV/Mexico/NLE_InDRE_F251/2023|EPI_ISL_17703596|2023-02-01,"[0.0, 0.0, 0.0, 0.0, 0.0, 0.0, 0.0, 0.0, 0.0, 0.0, 0.0, 0.0, 0.0, 0.0, 0.0, 1.0, 0.0, 0.0, 0.0, 0.0, 0.0, 0.0, 0.0, 0.0, 0.0, 0.0, 0.0, 0.0, 0.0, 0.0, 0.0]"
NODE_0000346,"[8.421789612845311e-09, 2.032589944519497e-09, 2.749564213596261e-08, 2.043878736834752e-09, 2.4509209821267602e-09, 3.5301901350987584e-09, 2.044714688267207e-09, 2.0407340283717593e-09, 2.0409629168138402e-09, 2.031111068899074e-09, 2.031718310947018e-09, 2.043367521246356e-09, 1.9280626959404876e-09, 1.99284243451076e-09, 3.190110257336067e-09, 2.2734566456892088e-06, 8.179175812633208e-09, 2.043367521249272e-09, 2.0433675212459576e-09, 1.9185022257045794e-09, 5.212137746990436e-07, 1.999613865759753e-09, 6.544432994232296e-09, 2.042300429614965e-09, 3.077441926204121e-09, 4.469061240101606e-09, 1.7160820364912927e-09, 4.321759999365314e-09, 1.9289176312764555e-09, 0.9999970976887408, 2.0381801912461905e-09]"
hMpxV/USA/CA-CDPH-1M1000241/2022|EPI_ISL_18458960|2022-12-14,"[0.0, 0.0, 0.0, 0.0, 0.0, 0.0, 0.0, 0.0, 0.0, 0.0, 0.0, 0.0, 0.0, 0.0, 0.0, 0.0, 0.0, 0.0, 0.0, 0.0, 0.0, 0.0, 0.0, 0.0, 0.0, 0.0, 0.0, 0.0, 0.0, 0.9999999999999999, 0.0]"
hMpxV/USA/CA-CDPH-1M1000240/2022|EPI_ISL_18458959|2022-12-14,"[0.0, 0.0, 0.0, 0.0, 0.0, 0.0, 0.0, 0.0, 0.0, 0.0, 0.0, 0.0, 0.0, 0.0, 0.0, 0.0, 0.0, 0.0, 0.0, 0.0, 0.0, 0.0, 0.0, 0.0, 0.0, 0.0, 0.0, 0.0, 0.0, 0.9999999999999999, 0.0]"
NODE_0000339,"[1.3088518082655804e-09, 2.730115271011316e-09, 8.775031991828754e-09, 1.5308663012235928e-09, 6.28408039753145e-09, 1.0385157935539983e-08, 2.1539886587712664e-09, 1.4976314047035268e-09, 1.4909497469916883e-09, 1.5081432377677647e-09, 1.4734420297253764e-09, 1.506990079406241e-09, 1.410911716181824e-09, 2.119894912712274e-09, 1.3175371169416645e-09, 0.9998120353699228, 1.560392842367085e-09, 1.5069900794065177e-09, 1.5069900794066306e-09, 2.0074895803044995e-09, 0.00018780006799139828, 1.5253724985023525e-09, 1.640272261373974e-09, 1.5023699627875655e-09, 1.2472330486227922e-09, 1.4384139722772143e-09, 1.2549838432198362e-09, 1.4511607206585961e-09, 1.4267194461140017e-09, 9.950768295792023e-08, 1.4924218421612886e-09]"
hMpxV/Peru/SAM-INS-347/2022|EPI_ISL_16999107|2022-12-22,"[0.0, 0.0, 0.0, 0.0, 0.0, 0.0, 0.0, 0.0, 0.0, 0.0, 0.0, 0.0, 0.0, 0.0, 0.0, 0.0, 0.0, 0.0, 0.0, 0.0, 1.0, 0.0, 0.0, 0.0, 0.0, 0.0, 0.0, 0.0, 0.0, 0.0, 0.0]"
hMpxV/Mexico/CAM_InDRE_F58/2023|EPI_ISL_17672237|2023-01-03,"[0.0, 0.0, 0.0, 0.0, 0.0, 0.0, 0.0, 0.0, 0.0, 0.0, 0.0, 0.0, 0.0, 0.0, 0.0, 0.9999999999999999, 0.0, 0.0, 0.0, 0.0, 0.0, 0.0, 0.0, 0.0, 0.0, 0.0, 0.0, 0.0, 0.0, 0.0, 0.0]"
NODE_0000340,"[1.2679543799505098e-09, 2.0246986206645564e-09, 3.393997015091518e-09, 2.000644983466752e-09, 2.046731461726504e-09, 1.0671375220664625e-08, 1.983426808900072e-09, 1.9414909552939464e-09, 1.9281995640088077e-09, 1.965615325500017e-09, 1.9030109920135335e-09, 1.9582037773259596e-09, 1.8503577901673009e-09, 1.987891396012982e-09, 1.2453206739734558e-09, 0.9999961190318368, 1.9407878169418633e-09, 1.958203777326935e-09, 1.958203777326993e-09, 1.8873863710984e-09, 3.808475890378409e-06, 2.026806455120822e-09, 1.3764884809673422e-09, 1.9497811349585806e-09, 1.184624431045863e-09, 1.8480267512556245e-09, 1.6517464960751404e-09, 1.858461350407036e-09, 1.874975895931539e-09, 1.0874889021545114e-08, 1.932971887733927e-09]"
hMpxV/Mexico/CAM_InDRE_F123/2023|EPI_ISL_17703591|2023-01-05,"[0.0, 0.0, 0.0, 0.0, 0.0, 0.0, 0.0, 0.0, 0.0, 0.0, 0.0, 0.0, 0.0, 0.0, 0.0, 0.9999999999999999, 0.0, 0.0, 0.0, 0.0, 0.0, 0.0, 0.0, 0.0, 0.0, 0.0, 0.0, 0.0, 0.0, 0.0, 0.0]"
hMpxV/Mexico/YUC_InDRE_F5709/2022|EPI_ISL_17672232|2022-12-05,"[0.0, 0.0, 0.0, 0.0, 0.0, 0.0, 0.0, 0.0, 0.0, 0.0, 0.0, 0.0, 0.0, 0.0, 0.0, 0.9999999999999999, 0.0, 0.0, 0.0, 0.0, 0.0, 0.0, 0.0, 0.0, 0.0, 0.0, 0.0, 0.0, 0.0, 0.0, 0.0]"
NODE_0000341,"[4.791518954798825e-15, 1.0462238452459231e-14, 2.4029486631957898e-14, 1.0550556550758519e-14, 9.6284325824834e-15, 1.7379096850610028e-13, 1.0429216556593066e-14, 1.032577395555378e-14, 1.0273887385202762e-14, 1.0358916957682649e-14, 1.0151424115634588e-14, 1.0403403436100562e-14, 9.41247730893941e-15, 1.0157043100879339e-14, 5.320346341122632e-15, 0.9999999999212807, 9.750988583808745e-15, 1.0403403436113788e-14, 1.0403403436119274e-14, 9.431728272485146e-15, 7.810990822621477e-11, 1.0285216429532544e-14, 6.304992580515962e-15, 1.0365945245340412e-14, 4.755537772727842e-15, 9.751577442792996e-15, 7.697392101311515e-15, 9.91185224689707e-15, 9.496225672815361e-15, 1.7043029266926665e-13, 1.0279006110679868e-14]"
hMpxV/Mexico/ROO_InDRE_F5579/2022|EPI_ISL_17703579|2022-12-05,"[0.0, 0.0, 0.0, 0.0, 0.0, 0.0, 0.0, 0.0, 0.0, 0.0, 0.0, 0.0, 0.0, 0.0, 0.0, 1.0, 0.0, 0.0, 0.0, 0.0, 0.0, 0.0, 0.0, 0.0, 0.0, 0.0, 0.0, 0.0, 0.0, 0.0, 0.0]"
hMpxV/Mexico/YUC_InDRE_F45/2022|EPI_ISL_17703585|2022-12-20,"[0.0, 0.0, 0.0, 0.0, 0.0, 0.0, 0.0, 0.0, 0.0, 0.0, 0.0, 0.0, 0.0, 0.0, 0.0, 0.9999999999999999, 0.0, 0.0, 0.0, 0.0, 0.0, 0.0, 0.0, 0.0, 0.0, 0.0, 0.0, 0.0, 0.0, 0.0, 0.0]"
hMpxV/Mexico/ROO_InDRE_F81/2023|EPI_ISL_17703588|2023-01-01,"[0.0, 0.0, 0.0, 0.0, 0.0, 0.0, 0.0, 0.0, 0.0, 0.0, 0.0, 0.0, 0.0, 0.0, 0.0, 1.0, 0.0, 0.0, 0.0, 0.0, 0.0, 0.0, 0.0, 0.0, 0.0, 0.0, 0.0, 0.0, 0.0, 0.0, 0.0]"
hMpxV/Mexico/ROO_InDRE_F5733/2022|EPI_ISL_17672233|2022-12-19,"[0.0, 0.0, 0.0, 0.0, 0.0, 0.0, 0.0, 0.0, 0.0, 0.0, 0.0, 0.0, 0.0, 0.0, 0.0, 0.9999999999999999, 0.0, 0.0, 0.0, 0.0, 0.0, 0.0, 0.0, 0.0, 0.0, 0.0, 0.0, 0.0, 0.0, 0.0, 0.0]"
NODE_0000343,"[1.572516929954663e-05, 4.1717027930486905e-06, 4.881519021465895e-05, 4.1427707926597365e-06, 5.158707645891449e-06, 6.929038310493202e-06, 4.163573135571768e-06, 4.1261116173671704e-06, 4.127355169313961e-06, 4.120209443955755e-06, 4.1007211707034845e-06, 4.130226698571744e-06, 3.9286138737723515e-06, 4.119247691563174e-06, 6.105153610394849e-06, 0.001893663402128188, 1.4994188940354494e-05, 4.1302266985719056e-06, 4.130226698571771e-06, 3.9373941323552965e-06, 0.0007283120199627866, 4.092909478780671e-06, 1.2083860465407959e-05, 4.128558930693001e-06, 6.0445461382416184e-06, 8.451567492793418e-06, 3.5678347508510864e-06, 8.181624055470403e-06, 3.937474250858867e-06, 0.9971723583506295, 4.122023779248457e-06]"
hMpxV/USA/un-CDPH-1000191/2023|EPI_ISL_17972012|2023-01-12,"[0.0, 0.0, 0.0, 0.0, 0.0, 0.0, 0.0, 0.0, 0.0, 0.0, 0.0, 0.0, 0.0, 0.0, 0.0, 0.0, 0.0, 0.0, 0.0, 0.0, 0.0, 0.0, 0.0, 0.0, 0.0, 0.0, 0.0, 0.0, 0.0, 0.9999999999999999, 0.0]"
NODE_0000344,"[3.533108734026187e-12, 1.914571618938771e-13, 2.138216973814758e-11, 1.858152811407702e-13, 3.0897928499920703e-13, 2.1453838079706864e-13, 1.9334054374270454e-13, 1.9116065157261336e-13, 1.9275958640120218e-13, 1.8672155397247393e-13, 1.9315931010389525e-13, 1.898543431830639e-13, 1.7570326568518059e-13, 1.828788626947509e-13, 5.92930443238397e-13, 4.33198089998934e-11, 2.512108686000249e-12, 1.8985434318312105e-13, 1.8985434318307833e-13, 1.749201304722097e-13, 1.0564920915821378e-09, 1.73512989357352e-13, 2.2273012032439623e-12, 1.9056948609568541e-13, 5.716948383859424e-13, 8.560786205390252e-13, 1.5113461011765581e-13, 8.037996300865631e-13, 1.7356292851923675e-13, 0.9999999988638677, 1.9155413997818257e-13]"
hMpxV/USA/un-CDPH-1000194/2023|EPI_ISL_17972015|2023-02-14,"[0.0, 0.0, 0.0, 0.0, 0.0, 0.0, 0.0, 0.0, 0.0, 0.0, 0.0, 0.0, 0.0, 0.0, 0.0, 0.0, 0.0, 0.0, 0.0, 0.0, 0.0, 0.0, 0.0, 0.0, 0.0, 0.0, 0.0, 0.0, 0.0, 1.0, 0.0]"
hMpxV/USA/CA-CDPH-1MPX1000194/2023|EPI_ISL_17206616|2023-02-14,"[0.0, 0.0, 0.0, 0.0, 0.0, 0.0, 0.0, 0.0, 0.0, 0.0, 0.0, 0.0, 0.0, 0.0, 0.0, 0.0, 0.0, 0.0, 0.0, 0.0, 0.0, 0.0, 0.0, 0.0, 0.0, 0.0, 0.0, 0.0, 0.0, 1.0, 0.0]"
NODE_0000345,"[9.5707435274906e-12, 9.14846634445017e-13, 3.616603362543551e-11, 9.122045904888597e-13, 1.2685190045166876e-12, 9.16508616614801e-13, 9.2541305904678e-13, 9.242440178325864e-13, 9.278358627862799e-13, 9.117715299747213e-13, 9.274143329716198e-13, 9.218342720234846e-13, 8.686010992003833e-13, 8.891541466470413e-13, 2.2600324034665182e-12, 1.1765179704311869e-11, 7.382886959470078e-12, 9.21834272024844e-13, 9.21834272023221e-13, 8.61218230420514e-13, 4.718358700662063e-10, 8.763679316224907e-13, 6.336139507955768e-12, 9.232226533104425e-13, 2.1925058378700118e-12, 3.0611359174428413e-12, 7.71452440538498e-13, 2.9040485978222616e-12, 8.634815138768692e-13, 0.999999999428153, 9.246460747920607e-13]"
hMpxV/USA/un-CDPH-1000193/2023|EPI_ISL_17972014|2023-02-14,"[0.0, 0.0, 0.0, 0.0, 0.0, 0.0, 0.0, 0.0, 0.0, 0.0, 0.0, 0.0, 0.0, 0.0, 0.0, 0.0, 0.0, 0.0, 0.0, 0.0, 0.0, 0.0, 0.0, 0.0, 0.0, 0.0, 0.0, 0.0, 0.0, 1.0, 0.0]"
hMpxV/USA/CA-CDPH-1MPX1000193/2023|EPI_ISL_17206615|2023-02-14,"[0.0, 0.0, 0.0, 0.0, 0.0, 0.0, 0.0, 0.0, 0.0, 0.0, 0.0, 0.0, 0.0, 0.0, 0.0, 0.0, 0.0, 0.0, 0.0, 0.0, 0.0, 0.0, 0.0, 0.0, 0.0, 0.0, 0.0, 0.0, 0.0, 1.0, 0.0]"
NODE_0000336,"[1.2426131085564758e-11, 2.9665710623129968e-12, 0.9999999958996498, 2.964154853594966e-12, 4.121980816636607e-11, 5.102848229883248e-12, 3.937330890143128e-12, 2.984706967764402e-12, 2.993644082536434e-12, 2.9572531618411562e-12, 2.9739348567239674e-12, 2.9815662171450525e-12, 2.6999520929168835e-12, 2.884516535277171e-12, 1.7010389174766998e-12, 1.86625225692136e-09, 2.7542936101274913e-12, 2.9815662171447892e-12, 2.9815662171450768e-12, 2.6880315989105744e-12, 1.6291816478821871e-09, 2.773391938139261e-12, 2.1864693200410675e-10, 2.9840225055648433e-12, 5.090139283913752e-12, 2.884219842395593e-12, 2.2122894349135457e-12, 2.9464794714645673e-12, 2.6896784694172727e-12, 2.595079346666773e-10, 2.9823606523307605e-12]"
hMpxV/Brazil/RJ-FIOCRUZ-29818/2022|EPI_ISL_17614035|2022-12-23,"[0.0, 0.0, 1.0, 0.0, 0.0, 0.0, 0.0, 0.0, 0.0, 0.0, 0.0, 0.0, 0.0, 0.0, 0.0, 0.0, 0.0, 0.0, 0.0, 0.0, 0.0, 0.0, 0.0, 0.0, 0.0, 0.0, 0.0, 0.0, 0.0, 0.0, 0.0]"
hMpxV/Brazil/RJ-FIOCRUZ-29819/2022|EPI_ISL_17614044|2022-12-27,"[0.0, 0.0, 1.0, 0.0, 0.0, 0.0, 0.0, 0.0, 0.0, 0.0, 0.0, 0.0, 0.0, 0.0, 0.0, 0.0, 0.0, 0.0, 0.0, 0.0, 0.0, 0.0, 0.0, 0.0, 0.0, 0.0, 0.0, 0.0, 0.0, 0.0, 0.0]"
NODE_0000337,"[1.4495183690379155e-10, 4.179675174881675e-11, 0.999999995138639, 4.240106292528638e-11, 3.1630480463385097e-10, 4.2096028819868404e-11, 5.211563816916673e-11, 4.206788115675199e-11, 4.2022122211838355e-11, 4.203696680528391e-11, 4.170199290965654e-11, 4.2171960977068966e-11, 3.972714432568437e-11, 4.12702291633948e-11, 2.806189678579331e-11, 1.053819572215991e-10, 4.033479855542837e-11, 4.2171960977062064e-11, 4.2171960977062064e-11, 3.950832605736308e-11, 1.158400827413063e-09, 4.147455147522559e-11, 1.1914847121874485e-09, 4.212452312140118e-11, 6.68722466165269e-11, 4.068087037837517e-11, 3.5250117118253176e-11, 4.11209619045681e-11, 3.9870260547515625e-11, 9.337943754766096e-10, 4.1992182629249444e-11]"
hMpxV/Brazil/RJ-FIOCRUZ-29654/2022|EPI_ISL_16871163|2022-12-22,"[0.0, 0.0, 0.9999999999999999, 0.0, 0.0, 0.0, 0.0, 0.0, 0.0, 0.0, 0.0, 0.0, 0.0, 0.0, 0.0, 0.0, 0.0, 0.0, 0.0, 0.0, 0.0, 0.0, 0.0, 0.0, 0.0, 0.0, 0.0, 0.0, 0.0, 0.0, 0.0]"
hMpxV/Brazil/RJ-FIOCRUZ-29817/2022|EPI_ISL_17614018|2022-12-22,"[0.0, 0.0, 0.9999999999999999, 0.0, 0.0, 0.0, 0.0, 0.0, 0.0, 0.0, 0.0, 0.0, 0.0, 0.0, 0.0, 0.0, 0.0, 0.0, 0.0, 0.0, 0.0, 0.0, 0.0, 0.0, 0.0, 0.0, 0.0, 0.0, 0.0, 0.0, 0.0]"
NODE_0000338,"[4.358725427133708e-09, 1.3325587421004285e-09, 0.9999998619572761, 1.3470223458963798e-09, 9.155700972085214e-09, 1.3400567850648897e-09, 1.634083028313186e-09, 1.3349956498576204e-09, 1.334021452374036e-09, 1.3405355092823667e-09, 1.3211091404835473e-09, 1.337728440858025e-09, 1.2652950718006009e-09, 1.3327117417674605e-09, 9.083013006683631e-10, 3.186875588190011e-09, 1.3186068568293407e-09, 1.3377284408576583e-09, 1.3377284408578965e-09, 1.2654760960303795e-09, 3.011349793058954e-08, 1.3246145724269214e-09, 3.2074795001173774e-08, 1.336483673770332e-09, 2.123999749291516e-09, 1.2933049052375318e-09, 1.1312583653657629e-09, 1.3051900133254023e-09, 1.2701178475858245e-09, 2.6947222051190728e-08, 1.3329790237383415e-09]"
hMpxV/Brazil/RJ-FIOCRUZ-3015/2023|EPI_ISL_17614021|2023-01-26,"[0.0, 0.0, 1.0, 0.0, 0.0, 0.0, 0.0, 0.0, 0.0, 0.0, 0.0, 0.0, 0.0, 0.0, 0.0, 0.0, 0.0, 0.0, 0.0, 0.0, 0.0, 0.0, 0.0, 0.0, 0.0, 0.0, 0.0, 0.0, 0.0, 0.0, 0.0]"
hMpxV/Brazil/RJ-FIOCRUZ-3016/2023|EPI_ISL_17614040|2023-02-08,"[0.0, 0.0, 1.0, 0.0, 0.0, 0.0, 0.0, 0.0, 0.0, 0.0, 0.0, 0.0, 0.0, 0.0, 0.0, 0.0, 0.0, 0.0, 0.0, 0.0, 0.0, 0.0, 0.0, 0.0, 0.0, 0.0, 0.0, 0.0, 0.0, 0.0, 0.0]"
NODE_0000392,"[7.088283532031729e-08, 1.3213695114608523e-07, 3.604418709024018e-07, 7.086156714846038e-08, 3.068562590058702e-07, 2.9233600534316385e-07, 1.0262920079393228e-07, 6.904956979392397e-08, 6.865616480406244e-08, 6.980378887403095e-08, 6.785647788032311e-08, 6.954411045283692e-08, 6.637732634702586e-08, 1.0230795256417048e-07, 6.885252223589411e-08, 0.9891366779524994, 7.297759023397477e-08, 6.954411045286164e-08, 6.954411045287326e-08, 9.776063293585728e-08, 0.010858863402968984, 7.175899767624255e-08, 8.230666810852003e-08, 6.929448469125838e-08, 6.650320680524739e-08, 6.616078632427867e-08, 6.115000253928508e-08, 6.646868042795355e-08, 6.716714345480452e-08, 1.6106165872030567e-06, 6.879892762211758e-08]"
NODE_0000412,"[1.0213373539506714e-08, 1.811662187192469e-08, 4.4380770194872124e-08, 1.1921207332026509e-08, 3.588437094951515e-08, 5.494575522850483e-08, 1.505736354381955e-08, 1.1597103281029024e-08, 1.1525853416280446e-08, 1.1731672643181452e-08, 1.1384838097214539e-08, 1.1686655005833425e-08, 1.1112166984666711e-08, 1.503697161974441e-08, 9.917102417236442e-09, 0.9997772774576654, 1.201787974297493e-08, 1.1686655005835216e-08, 1.168665500583584e-08, 1.434441125169673e-08, 0.00022210020238252565, 1.2077039380294312e-08, 1.160253978985882e-08, 1.1641477405112676e-08, 9.55510053395984e-09, 1.1092861126382265e-08, 1.0120802794822677e-08, 1.1147371380533277e-08, 1.125224742667044e-08, 1.880514549128573e-07, 1.1551630428906383e-08]"
hMpxV/Mexico/CMX_InDRE_F5430/2022|EPI_ISL_17703577|2022-11-28,"[0.0, 0.0, 0.0, 0.0, 0.0, 0.0, 0.0, 0.0, 0.0, 0.0, 0.0, 0.0, 0.0, 0.0, 0.0, 1.0, 0.0, 0.0, 0.0, 0.0, 0.0, 0.0, 0.0, 0.0, 0.0, 0.0, 0.0, 0.0, 0.0, 0.0, 0.0]"
NODE_0000413,"[1.745674856183105e-09, 2.72731373615421e-09, 4.347253937354898e-09, 2.7680766838967655e-09, 2.543730312329281e-09, 1.4327964151435083e-08, 2.703917907348969e-09, 2.6844834670504313e-09, 2.665226184698289e-09, 2.7193818987990727e-09, 2.6308352266436117e-09, 2.7084217571002576e-09, 2.562392207151386e-09, 2.7131939914841266e-09, 1.7073791900051735e-09, 0.9999995219702175, 2.687655446261176e-09, 2.708421757103454e-09, 2.7084217571048542e-09, 2.5777650447040447e-09, 3.81445138411123e-07, 2.8082849824990177e-09, 1.8755733937053493e-09, 2.6963430011926447e-09, 1.6287919320110312e-09, 2.5573355652581157e-09, 2.2914117391536114e-09, 2.5705322025421544e-09, 2.5966727331910972e-09, 1.264982686731221e-08, 2.6723621254792175e-09]"
hMpxV/Mexico/GRO_InDRE_F5598/2022|EPI_ISL_17672228|2022-12-10,"[0.0, 0.0, 0.0, 0.0, 0.0, 0.0, 0.0, 0.0, 0.0, 0.0, 0.0, 0.0, 0.0, 0.0, 0.0, 1.0, 0.0, 0.0, 0.0, 0.0, 0.0, 0.0, 0.0, 0.0, 0.0, 0.0, 0.0, 0.0, 0.0, 0.0, 0.0]"
NODE_0000414,"[7.848191275494165e-08, 1.195383184704265e-07, 1.858031060374662e-07, 1.2179244052002414e-07, 1.1044424944987893e-07, 5.909527613506592e-07, 1.1866366039708212e-07, 1.1800112797764737e-07, 1.1709238746640392e-07, 1.1964805124533612e-07, 1.156232190251476e-07, 1.1910997890362508e-07, 1.1299799844092335e-07, 1.1927453976670607e-07, 7.611315756419379e-08, 0.9999894989969494, 1.1882256118650175e-07, 1.1910997890363533e-07, 1.1910997890364156e-07, 1.1351460821657968e-07, 6.3268783196842825e-06, 1.2387924996528735e-07, 8.324027469882158e-08, 1.1854928393879383e-07, 7.307766985821343e-08, 1.1261608038532298e-07, 1.0154523244542229e-07, 1.13092631509266e-07, 1.1451612131092722e-07, 5.220680946574715e-07, 1.174460558145711e-07]"
hMpxV/Mexico/OAX_InDRE_F180/2023|EPI_ISL_17672249|2023-01-25,"[0.0, 0.0, 0.0, 0.0, 0.0, 0.0, 0.0, 0.0, 0.0, 0.0, 0.0, 0.0, 0.0, 0.0, 0.0, 1.0, 0.0, 0.0, 0.0, 0.0, 0.0, 0.0, 0.0, 0.0, 0.0, 0.0, 0.0, 0.0, 0.0, 0.0, 0.0]"
NODE_0000415,"[5.524646128142059e-09, 8.600035092821113e-09, 1.3510900652977155e-08, 8.805545634188154e-09, 7.792596020196244e-09, 4.549687089773721e-08, 8.560695476732718e-09, 8.53902692616355e-09, 8.47762423929712e-09, 8.650417550049824e-09, 8.368060925572167e-09, 8.6153315235499e-09, 8.151151205401076e-09, 8.591667182803712e-09, 5.403175807538227e-09, 0.9999991485301128, 8.544987726793863e-09, 8.615331523552005e-09, 8.615331523552622e-09, 8.16246850102651e-09, 5.469326667542278e-07, 8.934604550640788e-09, 5.925527272139964e-09, 8.576825034829869e-09, 5.153674821141128e-09, 8.133990771183888e-09, 7.28869799335516e-09, 8.175779404202804e-09, 8.260392058996555e-09, 3.8561454409220605e-08, 8.500409342037573e-09]"
hMpxV/Mexico/CMX_InDRE_F411/2023|EPI_ISL_17703607|2023-03-16,"[0.0, 0.0, 0.0, 0.0, 0.0, 0.0, 0.0, 0.0, 0.0, 0.0, 0.0, 0.0, 0.0, 0.0, 0.0, 0.9999999999999999, 0.0, 0.0, 0.0, 0.0, 0.0, 0.0, 0.0, 0.0, 0.0, 0.0, 0.0, 0.0, 0.0, 0.0, 0.0]"
hMpxV/Mexico/CMX_InDRE_F419/2023|EPI_ISL_17703608|2023-03-21,"[0.0, 0.0, 0.0, 0.0, 0.0, 0.0, 0.0, 0.0, 0.0, 0.0, 0.0, 0.0, 0.0, 0.0, 0.0, 1.0, 0.0, 0.0, 0.0, 0.0, 0.0, 0.0, 0.0, 0.0, 0.0, 0.0, 0.0, 0.0, 0.0, 0.0, 0.0]"
NODE_0000393,"[7.342275913593204e-20, 2.5457961614954365e-19, 1.3583303606745646e-18, 1.4745351304973033e-19, 5.49974070248509e-19, 6.151180203680636e-18, 2.0543867759772665e-19, 1.4600652018367026e-19, 1.4563773041944238e-19, 1.4500907271184193e-19, 1.4429549825371091e-19, 1.4680845356724836e-19, 1.283414591428513e-19, 1.9342017741769237e-19, 9.105776129081973e-20, 0.9999999999894892, 1.3692624654978836e-19, 1.4680845356732053e-19, 1.4680845356734655e-19, 1.7683689345759473e-19, 1.0510842683093798e-11, 1.383322400424121e-19, 1.2492505309000008e-19, 1.464502770054209e-19, 7.791249516635816e-20, 1.3764785953587794e-19, 9.891816580385841e-20, 1.4125456398463255e-19, 1.2875438572998872e-19, 1.9668704911374928e-17, 1.4539921710100856e-19]"
hMpxV/Mexico/BCN_InDRE_F5516/2022|EPI_ISL_17672223|2022-11-29,"[0.0, 0.0, 0.0, 0.0, 0.0, 0.0, 0.0, 0.0, 0.0, 0.0, 0.0, 0.0, 0.0, 0.0, 0.0, 1.0, 0.0, 0.0, 0.0, 0.0, 0.0, 0.0, 0.0, 0.0, 0.0, 0.0, 0.0, 0.0, 0.0, 0.0, 0.0]"
NODE_0000408,"[1.0161649125441368e-08, 1.5784058910806947e-08, 2.4765148219642533e-08, 1.615528896205751e-08, 1.4323777813157173e-08, 8.293052628717509e-08, 1.5708425533120116e-08, 1.566499821057942e-08, 1.555164368270722e-08, 1.587070539870396e-08, 1.5351138406029615e-08, 1.5805615245609474e-08, 1.4958081025100104e-08, 1.5767738478484956e-08, 9.929967297732853e-09, 0.9999984583650159, 1.5685119496568843e-08, 1.580561524561221e-08, 1.5805615245612955e-08, 1.498258636021265e-08, 9.83530396644429e-07, 1.6396065096147078e-08, 1.0886646232515388e-08, 1.573463884461364e-08, 9.477289635249148e-09, 1.492449784133838e-08, 1.3382139525009986e-08, 1.4999865747168175e-08, 1.5158651612248783e-08, 7.054318213588892e-08, 1.5593912020583763e-08]"
hMpxV/Mexico/CHH_InDRE_F5453/2022|EPI_ISL_17672221|2022-11-30,"[0.0, 0.0, 0.0, 0.0, 0.0, 0.0, 0.0, 0.0, 0.0, 0.0, 0.0, 0.0, 0.0, 0.0, 0.0, 1.0, 0.0, 0.0, 0.0, 0.0, 0.0, 0.0, 0.0, 0.0, 0.0, 0.0, 0.0, 0.0, 0.0, 0.0, 0.0]"
hMpxV/Mexico/TAM_InDRE_F153/2023|EPI_ISL_17672245|2023-01-19,"[0.0, 0.0, 0.0, 0.0, 0.0, 0.0, 0.0, 0.0, 0.0, 0.0, 0.0, 0.0, 0.0, 0.0, 0.0, 1.0, 0.0, 0.0, 0.0, 0.0, 0.0, 0.0, 0.0, 0.0, 0.0, 0.0, 0.0, 0.0, 0.0, 0.0, 0.0]"
NODE_0000411,"[4.6383193188452613e-07, 6.985357476824326e-07, 1.0802731880584906e-06, 7.096533577511933e-07, 6.527531063758279e-07, 3.3346039248388414e-06, 6.923262082402316e-07, 6.872319285159095e-07, 6.817429115513427e-07, 6.971594142829449e-07, 6.733391896058981e-07, 6.938684552584326e-07, 6.591868501411901e-07, 6.964289564590735e-07, 4.4789124852839106e-07, 0.9999420940525628, 6.943170049454827e-07, 6.938684552584747e-07, 6.938684552584777e-07, 6.63412869807128e-07, 3.3683164455137634e-05, 7.227261167157374e-07, 4.891346389112301e-07, 6.905095152454827e-07, 4.315486881647523e-07, 6.565399152208804e-07, 5.93876996401118e-07, 6.59004242269747e-07, 6.680447135123166e-07, 3.0131774974484783e-06, 6.83927453743649e-07]"
hMpxV/Mexico/NLE_InDRE_F280/2023|EPI_ISL_17703601|2023-02-08,"[0.0, 0.0, 0.0, 0.0, 0.0, 0.0, 0.0, 0.0, 0.0, 0.0, 0.0, 0.0, 0.0, 0.0, 0.0, 0.9999999999999999, 0.0, 0.0, 0.0, 0.0, 0.0, 0.0, 0.0, 0.0, 0.0, 0.0, 0.0, 0.0, 0.0, 0.0, 0.0]"
hMpxV/Mexico/NLE_InDRE_F311/2023|EPI_ISL_17703602|2023-02-15,"[0.0, 0.0, 0.0, 0.0, 0.0, 0.0, 0.0, 0.0, 0.0, 0.0, 0.0, 0.0, 0.0, 0.0, 0.0, 1.0, 0.0, 0.0, 0.0, 0.0, 0.0, 0.0, 0.0, 0.0, 0.0, 0.0, 0.0, 0.0, 0.0, 0.0, 0.0]"
NODE_0000409,"[4.0526688273492755e-09, 6.260510942009117e-09, 9.79074908881634e-09, 6.40370210025402e-09, 5.6960020673943485e-09, 3.2358046000768675e-08, 6.2279686825610635e-09, 6.208221069732274e-09, 6.1627664666433945e-09, 6.290977450009228e-09, 6.083593932360584e-09, 6.264414177911355e-09, 5.9325355500578895e-09, 6.254050282882676e-09, 3.951329869595439e-09, 0.9999994031125512, 6.225178252652495e-09, 6.264414177913709e-09, 6.264414177914143e-09, 5.9449894812612965e-09, 3.7627107009430683e-07, 6.503096788079259e-09, 4.329139716786532e-09, 6.236034535632491e-09, 3.776697759408896e-09, 5.917177501791658e-09, 5.314646782335791e-09, 5.945806585723751e-09, 6.0122998473075155e-09, 2.776505449293462e-08, 6.1798921784866255e-09]"
hMpxV/Mexico/DUR_InDRE_F268/2023|EPI_ISL_17672254|2023-02-02,"[0.0, 0.0, 0.0, 0.0, 0.0, 0.0, 0.0, 0.0, 0.0, 0.0, 0.0, 0.0, 0.0, 0.0, 0.0, 1.0, 0.0, 0.0, 0.0, 0.0, 0.0, 0.0, 0.0, 0.0, 0.0, 0.0, 0.0, 0.0, 0.0, 0.0, 0.0]"
NODE_0000410,"[1.3150859481990758e-09, 2.0933884153329137e-09, 3.3314538130467853e-09, 2.152402377831315e-09, 1.8652658469221453e-09, 1.1903348888572855e-08, 2.0888861512153358e-09, 2.089053235640176e-09, 2.074995327791801e-09, 2.1144421887839647e-09, 2.0475292366396675e-09, 2.106861575144729e-09, 1.987759371407259e-09, 2.093031912849881e-09, 1.2973759450647657e-09, 0.9999997589767858, 2.077791980783949e-09, 2.106861575145414e-09, 2.1068615751455006e-09, 1.9849995766543306e-09, 1.6570256505800598e-07, 2.1784452792518368e-09, 1.4271146589522621e-09, 2.0978956619781376e-09, 1.2295918203053963e-09, 1.9864449510614803e-09, 1.7681385564395717e-09, 1.9984500181524614e-09, 2.014244807057484e-09, 9.702997541086198e-09, 2.0799307382560843e-09]"
hMpxV/Mexico/VER_InDRE_F5457/2022|EPI_ISL_17672222|2022-11-29,"[0.0, 0.0, 0.0, 0.0, 0.0, 0.0, 0.0, 0.0, 0.0, 0.0, 0.0, 0.0, 0.0, 0.0, 0.0, 1.0, 0.0, 0.0, 0.0, 0.0, 0.0, 0.0, 0.0, 0.0, 0.0, 0.0, 0.0, 0.0, 0.0, 0.0, 0.0]"
hMpxV/Mexico/JAL_InDRE_F5746/2022|EPI_ISL_17672234|2022-12-14,"[0.0, 0.0, 0.0, 0.0, 0.0, 0.0, 0.0, 0.0, 0.0, 0.0, 0.0, 0.0, 0.0, 0.0, 0.0, 1.0, 0.0, 0.0, 0.0, 0.0, 0.0, 0.0, 0.0, 0.0, 0.0, 0.0, 0.0, 0.0, 0.0, 0.0, 0.0]"
NODE_0000405,"[2.6702956632885606e-13, 5.623215725127705e-13, 1.2460712314663488e-12, 5.689199772602772e-13, 5.145230153962446e-13, 8.516463595942904e-12, 5.609563202975035e-13, 5.559647253347872e-13, 5.527015266812276e-13, 5.585707907892693e-13, 5.464379046142262e-13, 5.605714142635853e-13, 5.093055188157354e-13, 5.477091696438601e-13, 2.9300908113572736e-13, 0.999999998926524, 5.291938781757351e-13, 5.605714142637674e-13, 5.605714142638373e-13, 5.099473193871898e-13, 1.0443810943671705e-09, 5.567886771669294e-13, 3.448415713224543e-13, 5.58330824719706e-13, 2.645647390464423e-13, 5.262413293806482e-13, 4.196321640204666e-13, 5.341469661425338e-13, 5.138721161759467e-13, 6.3025305325637085e-12, 5.532765417095136e-13]"
hMpxV/Mexico/ROO_InDRE_F162/2023|EPI_ISL_17672247|2023-01-16,"[0.0, 0.0, 0.0, 0.0, 0.0, 0.0, 0.0, 0.0, 0.0, 0.0, 0.0, 0.0, 0.0, 0.0, 0.0, 1.0, 0.0, 0.0, 0.0, 0.0, 0.0, 0.0, 0.0, 0.0, 0.0, 0.0, 0.0, 0.0, 0.0, 0.0, 0.0]"
hMpxV/Mexico/ROO_InDRE_F288/2023|EPI_ISL_17672257|2023-02-02,"[0.0, 0.0, 0.0, 0.0, 0.0, 0.0, 0.0, 0.0, 0.0, 0.0, 0.0, 0.0, 0.0, 0.0, 0.0, 1.0, 0.0, 0.0, 0.0, 0.0, 0.0, 0.0, 0.0, 0.0, 0.0, 0.0, 0.0, 0.0, 0.0, 0.0, 0.0]"
hMpxV/Mexico/CMX_InDRE_F266/2023|EPI_ISL_17672253|2023-02-09,"[0.0, 0.0, 0.0, 0.0, 0.0, 0.0, 0.0, 0.0, 0.0, 0.0, 0.0, 0.0, 0.0, 0.0, 0.0, 1.0, 0.0, 0.0, 0.0, 0.0, 0.0, 0.0, 0.0, 0.0, 0.0, 0.0, 0.0, 0.0, 0.0, 0.0, 0.0]"
NODE_0000406,"[3.1060067347925626e-10, 4.954424845394613e-10, 7.882458797271047e-10, 5.099053379058906e-10, 4.3985295685686824e-10, 2.8307334433908125e-09, 4.94619113939321e-10, 4.949523587501066e-10, 4.916616196678324e-10, 5.009136979202817e-10, 4.851172287759554e-10, 4.991341197162332e-10, 4.708060023453015e-10, 4.955482074831631e-10, 3.0666804944878906e-10, 0.9999999429723522, 4.918992790613785e-10, 4.991341197164933e-10, 4.991341197166043e-10, 4.698820933427217e-10, 3.918745665998012e-08, 5.159630720603717e-10, 3.373699260877539e-10, 4.970291546682093e-10, 2.904047200085376e-10, 4.705088514104603e-10, 4.1862223476190477e-10, 4.733992458827655e-10, 4.770883566461978e-10, 2.2927472298468705e-09, 4.928074080576092e-10]"
hMpxV/Mexico/NLE_InDRE_F163/2023|EPI_ISL_17703592|2023-01-19,"[0.0, 0.0, 0.0, 0.0, 0.0, 0.0, 0.0, 0.0, 0.0, 0.0, 0.0, 0.0, 0.0, 0.0, 0.0, 1.0, 0.0, 0.0, 0.0, 0.0, 0.0, 0.0, 0.0, 0.0, 0.0, 0.0, 0.0, 0.0, 0.0, 0.0, 0.0]"
NODE_0000407,"[5.937236723548009e-10, 9.417577834601897e-10, 1.4939619130554297e-09, 9.680600121148652e-10, 8.401700781673987e-10, 5.285329960424768e-09, 9.39542057953105e-10, 9.39457907030155e-10, 9.330911224387244e-10, 9.509918125732942e-10, 9.207576456288814e-10, 9.475037718282922e-10, 8.943556771263116e-10, 9.416818012216012e-10, 5.849396091249708e-10, 0.9999998955988468, 9.351464930863067e-10, 9.475037718287482e-10, 9.4750377182886e-10, 8.933102699623235e-10, 7.062472402328988e-08, 9.801802009627579e-10, 6.430269299936664e-10, 9.434513007399359e-10, 5.548458652697339e-10, 8.934849147095502e-10, 7.962518578232479e-10, 8.987657912690389e-10, 9.062998210174478e-10, 4.325989014327425e-09, 9.353441733274663e-10]"
hMpxV/Mexico/ROO_InDRE_F263/2023|EPI_ISL_17703598|2023-01-30,"[0.0, 0.0, 0.0, 0.0, 0.0, 0.0, 0.0, 0.0, 0.0, 0.0, 0.0, 0.0, 0.0, 0.0, 0.0, 1.0, 0.0, 0.0, 0.0, 0.0, 0.0, 0.0, 0.0, 0.0, 0.0, 0.0, 0.0, 0.0, 0.0, 0.0, 0.0]"
hMpxV/Mexico/ROO_InDRE_F97/2023|EPI_ISL_17703589|2023-01-06,"[0.0, 0.0, 0.0, 0.0, 0.0, 0.0, 0.0, 0.0, 0.0, 0.0, 0.0, 0.0, 0.0, 0.0, 0.0, 0.9999999999999999, 0.0, 0.0, 0.0, 0.0, 0.0, 0.0, 0.0, 0.0, 0.0, 0.0, 0.0, 0.0, 0.0, 0.0, 0.0]"
NODE_0000394,"[1.0229838297078562e-09, 1.614964320353505e-09, 2.561390389296926e-09, 1.6571954618281606e-09, 1.4501087629429909e-09, 8.9652792912907e-09, 1.6097294489453729e-09, 1.6078712293044857e-09, 1.5967260825959798e-09, 1.627976895650436e-09, 1.575836598114165e-09, 1.6218732985392705e-09, 1.5317382394501651e-09, 1.6138266701862083e-09, 1.0059204275543874e-09, 0.999999820408065, 1.6031365435111989e-09, 1.6218732985401258e-09, 1.6218732985402637e-09, 1.5315472087996771e-09, 1.2177882074334262e-07, 1.6787785430274682e-09, 1.1054768748799354e-09, 1.6148176577107445e-09, 9.558248860974355e-10, 1.5300693253508828e-09, 1.365047146140128e-09, 1.538783730998564e-09, 1.5521568894333587e-09, 7.429575664880056e-09, 1.6007320020770143e-09]"
hMpxV/Mexico/MEX_InDRE_F5758/2022|EPI_ISL_17672235|2022-12-30,"[0.0, 0.0, 0.0, 0.0, 0.0, 0.0, 0.0, 0.0, 0.0, 0.0, 0.0, 0.0, 0.0, 0.0, 0.0, 1.0, 0.0, 0.0, 0.0, 0.0, 0.0, 0.0, 0.0, 0.0, 0.0, 0.0, 0.0, 0.0, 0.0, 0.0, 0.0]"
NODE_0000395,"[1.4108761181353842e-09, 2.2025873029377856e-09, 3.469733941074392e-09, 2.256115032598116e-09, 1.9922562614625473e-09, 1.1797293299623377e-08, 2.1930769842810235e-09, 2.1880614866593908e-09, 2.1724318484012397e-09, 2.216366820995288e-09, 2.1443025992466007e-09, 2.2075258178971887e-09, 2.087770675356756e-09, 2.2004787362249586e-09, 1.3812717818278634e-09, 0.9999997722351637, 2.1881300022760263e-09, 2.2075258178984125e-09, 2.2075258178984634e-09, 2.090075355799674e-09, 1.4953631792586078e-07, 2.288379410033874e-09, 1.5156708650705002e-09, 2.1977062729100867e-09, 1.3165533734473812e-09, 2.0839524430948935e-09, 1.865529687725444e-09, 2.0948942915850587e-09, 2.1157088175407933e-09, 9.958521916598932e-09, 2.1781958415909515e-09]"
hMpxV/Mexico/JAL_InDRE_F171/2023|EPI_ISL_17703593|2023-01-20,"[0.0, 0.0, 0.0, 0.0, 0.0, 0.0, 0.0, 0.0, 0.0, 0.0, 0.0, 0.0, 0.0, 0.0, 0.0, 1.0, 0.0, 0.0, 0.0, 0.0, 0.0, 0.0, 0.0, 0.0, 0.0, 0.0, 0.0, 0.0, 0.0, 0.0, 0.0]"
NODE_0000396,"[1.8827822378853386e-17, 4.7788461115601184e-17, 1.2822114048723408e-16, 4.842333096061323e-17, 4.264028656783869e-17, 1.372037424554613e-15, 4.792774256203434e-17, 4.757183153615283e-17, 4.736291298028603e-17, 4.752788779190761e-17, 4.683591891589729e-17, 4.7915749522691425e-17, 4.2470838721798204e-17, 4.6039747822070886e-17, 2.2183205990236568e-17, 0.9999999999993229, 4.372383170826739e-17, 4.7915749522723053e-17, 4.7915749522730967e-17, 4.231404593972196e-17, 6.738885113459418e-13, 4.635642737891464e-17, 2.7176728030577983e-17, 4.775371578371103e-17, 1.928309794542564e-17, 4.475302516624383e-17, 3.3316832582887256e-17, 4.571507053482195e-17, 4.275480756420315e-17, 8.895001612537523e-16, 4.734799463128934e-17]"
hMpxV/Mexico/PUE_InDRE_F57/2023|EPI_ISL_17672236|2023-01-02,"[0.0, 0.0, 0.0, 0.0, 0.0, 0.0, 0.0, 0.0, 0.0, 0.0, 0.0, 0.0, 0.0, 0.0, 0.0, 1.0, 0.0, 0.0, 0.0, 0.0, 0.0, 0.0, 0.0, 0.0, 0.0, 0.0, 0.0, 0.0, 0.0, 0.0, 0.0]"
NODE_0000397,"[4.594190159997946e-09, 7.273124087632075e-09, 1.1527570472179904e-08, 7.47177145694935e-09, 6.504064856905481e-09, 4.055409013930828e-08, 7.2536725836902655e-09, 7.2503611283020745e-09, 7.200818754527089e-09, 7.340020106455623e-09, 7.105965161284196e-09, 7.31282534432905e-09, 6.9043179499029715e-09, 7.271152068327905e-09, 4.523046357922949e-09, 0.9999992060729845, 7.2212613971899785e-09, 7.3128253443305384e-09, 7.3128253443307204e-09, 6.898813121091152e-09, 5.334536926928141e-07, 7.566992925233671e-09, 4.9708260602668056e-09, 7.281357863235269e-09, 4.2930589676635666e-09, 6.89679002783083e-09, 6.149551200448986e-09, 6.936967355417466e-09, 6.9964969676868146e-09, 3.3330105660860775e-08, 7.218460020784551e-09]"
hMpxV/Mexico/YUC_InDRE_F5757/2022|EPI_ISL_17703581|2022-12-16,"[0.0, 0.0, 0.0, 0.0, 0.0, 0.0, 0.0, 0.0, 0.0, 0.0, 0.0, 0.0, 0.0, 0.0, 0.0, 1.0, 0.0, 0.0, 0.0, 0.0, 0.0, 0.0, 0.0, 0.0, 0.0, 0.0, 0.0, 0.0, 0.0, 0.0, 0.0]"
hMpxV/Mexico/TAB_InDRE_F5681/2022|EPI_ISL_17672230|2022-12-13,"[0.0, 0.0, 0.0, 0.0, 0.0, 0.0, 0.0, 0.0, 0.0, 0.0, 0.0, 0.0, 0.0, 0.0, 0.0, 1.0, 0.0, 0.0, 0.0, 0.0, 0.0, 0.0, 0.0, 0.0, 0.0, 0.0, 0.0, 0.0, 0.0, 0.0, 0.0]"
NODE_0000398,"[1.1600258929445623e-11, 2.079124388997991e-11, 3.8511377811615566e-11, 2.1144010398554462e-11, 1.8999704274943448e-11, 1.8003924287060234e-10, 2.0706016380678017e-11, 2.057642347467924e-11, 2.0439204552451625e-11, 2.0765934441028406e-11, 2.0192535361402922e-11, 2.075603605075429e-11, 1.926849959807887e-11, 2.0513301112759123e-11, 1.1968141325721013e-11, 0.9999999927091175, 2.013238203554888e-11, 2.075603605076698e-11, 2.0756036050769875e-11, 1.930678889240893e-11, 6.436681463973954e-09, 2.1094223116726577e-11, 1.357765180683272e-11, 2.0666852398003587e-11, 1.1134832535358214e-11, 1.9551364543359408e-11, 1.6580937706855625e-11, 1.974068231691658e-11, 1.9485535455645054e-11, 1.4466620719989067e-10, 2.0479398377401308e-11]"
hMpxV/Mexico/CHH_InDRE_F43/2023|EPI_ISL_17703584|2023-01-02,"[0.0, 0.0, 0.0, 0.0, 0.0, 0.0, 0.0, 0.0, 0.0, 0.0, 0.0, 0.0, 0.0, 0.0, 0.0, 1.0, 0.0, 0.0, 0.0, 0.0, 0.0, 0.0, 0.0, 0.0, 0.0, 0.0, 0.0, 0.0, 0.0, 0.0, 0.0]"
hMpxV/Mexico/CAM_InDRE_F5554/2022|EPI_ISL_17672225|2022-11-30,"[0.0, 0.0, 0.0, 0.0, 0.0, 0.0, 0.0, 0.0, 0.0, 0.0, 0.0, 0.0, 0.0, 0.0, 0.0, 1.0, 0.0, 0.0, 0.0, 0.0, 0.0, 0.0, 0.0, 0.0, 0.0, 0.0, 0.0, 0.0, 0.0, 0.0, 0.0]"
hMpxV/Mexico/SLP_InDRE_F293/2023|EPI_ISL_17672255|2023-02-13,"[0.0, 0.0, 0.0, 0.0, 0.0, 0.0, 0.0, 0.0, 0.0, 0.0, 0.0, 0.0, 0.0, 0.0, 0.0, 1.0, 0.0, 0.0, 0.0, 0.0, 0.0, 0.0, 0.0, 0.0, 0.0, 0.0, 0.0, 0.0, 0.0, 0.0, 0.0]"
NODE_0000399,"[1.518543757441409e-08, 2.3784989953523227e-08, 3.751889072989079e-08, 2.4370267043242926e-08, 2.149055627078953e-08, 1.2836842868584715e-07, 2.3686963560352506e-08, 2.3637558118342753e-08, 2.346982895178799e-08, 2.3940623803347248e-08, 2.3165353828281986e-08, 2.384683388810067e-08, 2.2544463167278266e-08, 2.3761443650413835e-08, 1.4888702588935834e-08, 0.9999975466496617, 2.3616387257456973e-08, 2.3846833888103674e-08, 2.384683388810528e-08, 2.2564241946021013e-08, 1.6074490763423461e-06, 2.4710251784286383e-08, 1.634124059018462e-08, 2.3741294444133095e-08, 1.4178410826523229e-08, 2.2506447631616256e-08, 2.01283371336415e-08, 2.262744367648948e-08, 2.284561827012317e-08, 1.0775627303088494e-07, 2.3531305913709957e-08]"
hMpxV/Mexico/MEX_InDRE_F98/2023|EPI_ISL_17703590|2023-01-11,"[0.0, 0.0, 0.0, 0.0, 0.0, 0.0, 0.0, 0.0, 0.0, 0.0, 0.0, 0.0, 0.0, 0.0, 0.0, 0.9999999999999999, 0.0, 0.0, 0.0, 0.0, 0.0, 0.0, 0.0, 0.0, 0.0, 0.0, 0.0, 0.0, 0.0, 0.0, 0.0]"
NODE_0000400,"[1.3155749324465276e-09, 2.0960824564068505e-09, 3.341762359534742e-09, 2.1545307844904754e-09, 1.869401810674929e-09, 1.1982080313528728e-08, 2.091343088192671e-09, 2.0911550057596012e-09, 2.0770698890796576e-09, 2.1165274236307732e-09, 2.049614056295853e-09, 2.1089987237280308e-09, 1.989504315553549e-09, 2.0952772437722057e-09, 1.2982538997029451e-09, 0.9999997519444372, 2.0797009763743445e-09, 2.1089987237286983e-09, 2.108998723728845e-09, 1.9870176757801427e-09, 1.725285606506158e-07, 2.1803347138957516e-09, 1.4284823440507331e-09, 2.1000161171105887e-09, 1.2303237394629332e-09, 1.9884765742760642e-09, 1.7692034287181319e-09, 2.0005484288287014e-09, 2.0159694218105163e-09, 9.769744581236958e-09, 2.082010301822172e-09]"
hMpxV/Mexico/QUE_InDRE_F144/2023|EPI_ISL_17672243|2023-01-16,"[0.0, 0.0, 0.0, 0.0, 0.0, 0.0, 0.0, 0.0, 0.0, 0.0, 0.0, 0.0, 0.0, 0.0, 0.0, 1.0, 0.0, 0.0, 0.0, 0.0, 0.0, 0.0, 0.0, 0.0, 0.0, 0.0, 0.0, 0.0, 0.0, 0.0, 0.0]"
hMpxV/Mexico/QUE_InDRE_F18/2022|EPI_ISL_17672248|2022-12-30,"[0.0, 0.0, 0.0, 0.0, 0.0, 0.0, 0.0, 0.0, 0.0, 0.0, 0.0, 0.0, 0.0, 0.0, 0.0, 0.9999999999999999, 0.0, 0.0, 0.0, 0.0, 0.0, 0.0, 0.0, 0.0, 0.0, 0.0, 0.0, 0.0, 0.0, 0.0, 0.0]"
NODE_0000401,"[2.905434617466684e-07, 4.3778778641503854e-07, 6.766325442250579e-07, 4.45067571930238e-07, 4.080236657430306e-07, 2.092459646470128e-06, 4.3404206154268247e-07, 4.310300195503468e-07, 4.276095137675327e-07, 4.3723511096208333e-07, 4.2231508752275983e-07, 4.3517126385213137e-07, 4.1339620889521053e-07, 4.3661230930169593e-07, 2.8059186836713796e-07, 0.9999636948273634, 4.3534442927536295e-07, 4.351712638521643e-07, 4.351712638521713e-07, 4.15881033921379e-07, 2.1121310485987445e-05, 4.5324105917038886e-07, 3.0644024771857514e-07, 4.3307524015599165e-07, 2.702557673206685e-07, 4.117293254955986e-07, 3.7242709765796335e-07, 4.13289888466339e-07, 4.1896184894984265e-07, 1.8853880662308392e-06, 4.2896749842760615e-07]"
hMpxV/Mexico/NLE_InDRE_F382/2023|EPI_ISL_17703604|2023-03-10,"[0.0, 0.0, 0.0, 0.0, 0.0, 0.0, 0.0, 0.0, 0.0, 0.0, 0.0, 0.0, 0.0, 0.0, 0.0, 1.0, 0.0, 0.0, 0.0, 0.0, 0.0, 0.0, 0.0, 0.0, 0.0, 0.0, 0.0, 0.0, 0.0, 0.0, 0.0]"
NODE_0000402,"[1.3157338136307272e-11, 2.4107634898301953e-11, 4.5646171578408006e-11, 2.453225063916611e-11, 2.193036216858428e-11, 2.2682278570220174e-10, 2.4028734415271857e-11, 2.3890658598274582e-11, 2.3737738309685955e-11, 2.4092877686144658e-11, 2.3449343277615423e-11, 2.4093991454326112e-11, 2.2302544393757506e-11, 2.3760884412970315e-11, 1.3686222330612796e-11, 0.999999988269401, 2.3265600195648856e-11, 2.409399145433501e-11, 2.4093991454337383e-11, 2.232765726346541e-11, 1.0711401768758351e-08, 2.4411021165386405e-11, 1.559344149854441e-11, 2.3993326580930195e-11, 1.2670028925333202e-11, 2.2676930291149757e-11, 1.9085118199905693e-11, 2.2914936552845882e-11, 2.2549055727772705e-11, 1.785030234900316e-10, 2.377945060090505e-11]"
hMpxV/Mexico/NLE_InDRE_F472/2023|EPI_ISL_17703612|2023-03-31,"[0.0, 0.0, 0.0, 0.0, 0.0, 0.0, 0.0, 0.0, 0.0, 0.0, 0.0, 0.0, 0.0, 0.0, 0.0, 1.0, 0.0, 0.0, 0.0, 0.0, 0.0, 0.0, 0.0, 0.0, 0.0, 0.0, 0.0, 0.0, 0.0, 0.0, 0.0]"
NODE_0000403,"[1.1048362133415435e-09, 1.7564419046075997e-09, 2.788998806027745e-09, 1.8064449771808809e-09, 1.563794900673579e-09, 9.922586282014858e-09, 1.7528181673053527e-09, 1.753232967947426e-09, 1.7414449912989683e-09, 1.7745919937473792e-09, 1.7183569486509024e-09, 1.768163217772064e-09, 1.6685209387651831e-09, 1.7565401521584662e-09, 1.0894635318110502e-09, 0.9999998032333345, 1.7440283354525246e-09, 1.7681632177727131e-09, 1.76816321777284e-09, 1.6660117584515968e-09, 1.336831375132535e-07, 1.8286065455557322e-09, 1.1979579949744113e-09, 1.7606450723431472e-09, 1.0326957891354393e-09, 1.6670943751628797e-09, 1.4847359165771775e-09, 1.6771047514138491e-09, 1.6907993972092018e-09, 8.085696079020937e-09, 1.7455895299446829e-09]"
hMpxV/Mexico/JAL_InDRE_F242/2023|EPI_ISL_17703594|2023-01-24,"[0.0, 0.0, 0.0, 0.0, 0.0, 0.0, 0.0, 0.0, 0.0, 0.0, 0.0, 0.0, 0.0, 0.0, 0.0, 1.0, 0.0, 0.0, 0.0, 0.0, 0.0, 0.0, 0.0, 0.0, 0.0, 0.0, 0.0, 0.0, 0.0, 0.0, 0.0]"
hMpxV/Mexico/NLE_InDRE_F264/2023|EPI_ISL_17703599|2023-02-07,"[0.0, 0.0, 0.0, 0.0, 0.0, 0.0, 0.0, 0.0, 0.0, 0.0, 0.0, 0.0, 0.0, 0.0, 0.0, 1.0, 0.0, 0.0, 0.0, 0.0, 0.0, 0.0, 0.0, 0.0, 0.0, 0.0, 0.0, 0.0, 0.0, 0.0, 0.0]"
NODE_0000404,"[1.496794720407634e-08, 2.329448057588062e-08, 3.660272447966252e-08, 2.3843807803368346e-08, 2.113272434139773e-08, 1.23154810726228e-07, 2.3184474273706048e-08, 2.312147524422278e-08, 2.29546255512602e-08, 2.3423646893542843e-08, 2.265857815635093e-08, 2.3328646155501984e-08, 2.2072341317302503e-08, 2.3268422541380466e-08, 1.4638387123006379e-08, 0.9999976955710166, 2.3140517984508694e-08, 2.3328646155506477e-08, 2.3328646155506894e-08, 2.210687208836384e-08, 1.4796578130808493e-06, 2.4193928295513813e-08, 1.6052821552939955e-08, 2.322409913429306e-08, 1.3964775655270618e-08, 2.202588851561683e-08, 1.9737058551168513e-08, 2.2138670930714417e-08, 2.2367863970886388e-08, 1.0449764619435224e-07, 2.3016642972938193e-08]"
hMpxV/Mexico/NLE_InDRE_F252/2023|EPI_ISL_17703597|2023-02-02,"[0.0, 0.0, 0.0, 0.0, 0.0, 0.0, 0.0, 0.0, 0.0, 0.0, 0.0, 0.0, 0.0, 0.0, 0.0, 1.0, 0.0, 0.0, 0.0, 0.0, 0.0, 0.0, 0.0, 0.0, 0.0, 0.0, 0.0, 0.0, 0.0, 0.0, 0.0]"
hMpxV/Mexico/VER_InDRE_F379/2023|EPI_ISL_17672260|2023-03-08,"[0.0, 0.0, 0.0, 0.0, 0.0, 0.0, 0.0, 0.0, 0.0, 0.0, 0.0, 0.0, 0.0, 0.0, 0.0, 1.0, 0.0, 0.0, 0.0, 0.0, 0.0, 0.0, 0.0, 0.0, 0.0, 0.0, 0.0, 0.0, 0.0, 0.0, 0.0]"
NODE_0000354,"[1.964468021486621e-13, 3.5309175049981203e-13, 1.4931266690228397e-11, 2.9454195596792964e-14, 1.9773093069193893e-11, 8.150783333023413e-14, 1.31607546192004e-13, 2.963419477951715e-14, 2.977716127275814e-14, 2.9436653809117656e-14, 2.9577750187877625e-14, 2.9521063804719156e-14, 2.815718189050986e-14, 1.2498173220925615e-13, 1.2780045573408717e-13, 1.0830313886049118e-10, 6.480728711689203e-14, 2.952106380472102e-14, 2.952106380472356e-14, 1.2084804305542064e-13, 0.999999945103574, 2.8682025976181454e-14, 2.764278752761331e-13, 2.958181846702461e-14, 1.2909448067896863e-13, 4.070943611499137e-14, 2.740997326393028e-14, 4.037503408295995e-14, 2.8315612981592796e-14, 5.475132252211794e-08, 2.9672025166123375e-14]"
hMpxV/Peru/LIM-INS-424/2023|EPI_ISL_19343529|2023-02-14,"[0.0, 0.0, 0.0, 0.0, 0.0, 0.0, 0.0, 0.0, 0.0, 0.0, 0.0, 0.0, 0.0, 0.0, 0.0, 0.0, 0.0, 0.0, 0.0, 0.0, 1.0, 0.0, 0.0, 0.0, 0.0, 0.0, 0.0, 0.0, 0.0, 0.0, 0.0]"
NODE_0000370,"[7.957462194887126e-26, 1.0888284260710832e-24, 3.91797661155857e-22, 7.521645001294764e-27, 8.91754499530188e-19, 5.653430424829249e-26, 1.5065750945538271e-25, 7.708517914525264e-27, 7.778665368466794e-27, 7.5401063145877e-27, 7.759036845677144e-27, 7.651080436097557e-27, 6.958113790343013e-27, 1.3365023069071039e-25, 9.05718942818666e-26, 1.6520260515630074e-20, 1.0981975699375302e-26, 7.651080436097804e-27, 7.651080436102741e-27, 1.2613234118439454e-25, 0.9999999999999999, 6.895625377400837e-27, 2.465557124496705e-25, 7.682670150505407e-27, 8.593973623333656e-26, 7.74210487725218e-27, 6.437040360014265e-27, 7.929401798600517e-27, 6.942278197602848e-27, 6.433410726431393e-20, 7.725232859631099e-27]"
hMpxV/Peru/LIM-INS-401/2023|EPI_ISL_19343470|2023-02-01,"[0.0, 0.0, 0.0, 0.0, 0.0, 0.0, 0.0, 0.0, 0.0, 0.0, 0.0, 0.0, 0.0, 0.0, 0.0, 0.0, 0.0, 0.0, 0.0, 0.0, 0.9999999999999999, 0.0, 0.0, 0.0, 0.0, 0.0, 0.0, 0.0, 0.0, 0.0, 0.0]"
hMpxV/Peru/LIM-INS-388/2023|EPI_ISL_19343483|2023-01-21,"[0.0, 0.0, 0.0, 0.0, 0.0, 0.0, 0.0, 0.0, 0.0, 0.0, 0.0, 0.0, 0.0, 0.0, 0.0, 0.0, 0.0, 0.0, 0.0, 0.0, 1.0, 0.0, 0.0, 0.0, 0.0, 0.0, 0.0, 0.0, 0.0, 0.0, 0.0]"
hMpxV/Peru/LIM-INS-410/2023|EPI_ISL_19343485|2023-02-06,"[0.0, 0.0, 0.0, 0.0, 0.0, 0.0, 0.0, 0.0, 0.0, 0.0, 0.0, 0.0, 0.0, 0.0, 0.0, 0.0, 0.0, 0.0, 0.0, 0.0, 1.0, 0.0, 0.0, 0.0, 0.0, 0.0, 0.0, 0.0, 0.0, 0.0, 0.0]"
hMpxV/Peru/LIM-INS-418/2023|EPI_ISL_19343493|2023-02-09,"[0.0, 0.0, 0.0, 0.0, 0.0, 0.0, 0.0, 0.0, 0.0, 0.0, 0.0, 0.0, 0.0, 0.0, 0.0, 0.0, 0.0, 0.0, 0.0, 0.0, 1.0, 0.0, 0.0, 0.0, 0.0, 0.0, 0.0, 0.0, 0.0, 0.0, 0.0]"
hMpxV/Peru/LIM-INS-439/2023|EPI_ISL_19343533|2023-01-06,"[0.0, 0.0, 0.0, 0.0, 0.0, 0.0, 0.0, 0.0, 0.0, 0.0, 0.0, 0.0, 0.0, 0.0, 0.0, 0.0, 0.0, 0.0, 0.0, 0.0, 1.0, 0.0, 0.0, 0.0, 0.0, 0.0, 0.0, 0.0, 0.0, 0.0, 0.0]"
hMpxV/Peru/LIM-INS-389/2023|EPI_ISL_19343548|2023-01-11,"[0.0, 0.0, 0.0, 0.0, 0.0, 0.0, 0.0, 0.0, 0.0, 0.0, 0.0, 0.0, 0.0, 0.0, 0.0, 0.0, 0.0, 0.0, 0.0, 0.0, 1.0, 0.0, 0.0, 0.0, 0.0, 0.0, 0.0, 0.0, 0.0, 0.0, 0.0]"
hMpxV/Peru/LIM-INS-380/2023|EPI_ISL_19343566|2023-01-11,"[0.0, 0.0, 0.0, 0.0, 0.0, 0.0, 0.0, 0.0, 0.0, 0.0, 0.0, 0.0, 0.0, 0.0, 0.0, 0.0, 0.0, 0.0, 0.0, 0.0, 1.0, 0.0, 0.0, 0.0, 0.0, 0.0, 0.0, 0.0, 0.0, 0.0, 0.0]"
hMpxV/Chile/RM-ISP-3703/2023|EPI_ISL_19345365|2023-01-13,"[0.0, 0.0, 0.0, 0.0, 1.0, 0.0, 0.0, 0.0, 0.0, 0.0, 0.0, 0.0, 0.0, 0.0, 0.0, 0.0, 0.0, 0.0, 0.0, 0.0, 0.0, 0.0, 0.0, 0.0, 0.0, 0.0, 0.0, 0.0, 0.0, 0.0, 0.0]"
NODE_0000367,"[2.3131602135067423e-09, 5.490038670736439e-09, 4.21793100249859e-08, 8.785180175777005e-10, 8.227617640942156e-08, 1.8593127338669844e-09, 2.656724724085437e-09, 8.624450157176426e-10, 8.597848768711806e-10, 8.70666458281313e-10, 8.514838110658273e-10, 8.657662068278568e-10, 8.481804024446666e-10, 2.6278205040860024e-09, 2.099477375137035e-09, 1.9173826855294963e-07, 1.0471628475364003e-09, 8.657662068278755e-10, 8.657662068279365e-10, 2.5558352561752903e-09, 0.9999992163581368, 8.946119003677644e-10, 2.974366621384355e-09, 8.640566183349734e-10, 2.1393968191690766e-09, 8.463036853358782e-10, 8.479356982245648e-10, 8.465475750198089e-10, 8.579889412867391e-10, 4.27898104813363e-07, 8.60885735636077e-10]"
hMpxV/Peru/LIM-INS-405/2023|EPI_ISL_19343509|2023-02-09,"[0.0, 0.0, 0.0, 0.0, 0.0, 0.0, 0.0, 0.0, 0.0, 0.0, 0.0, 0.0, 0.0, 0.0, 0.0, 0.0, 0.0, 0.0, 0.0, 0.0, 1.0, 0.0, 0.0, 0.0, 0.0, 0.0, 0.0, 0.0, 0.0, 0.0, 0.0]"
NODE_0000368,"[2.185222313859298e-42, 1.680214477904676e-40, 9.207902685145644e-36, 1.683370619126564e-44, 2.650852041750247e-34, 7.694624749922038e-43, 4.6357268938013785e-42, 1.842280971754028e-44, 1.903604994939971e-44, 1.7326162072112864e-44, 1.9076707167077938e-44, 1.7855808721246345e-44, 1.553344897161159e-44, 3.6150944560214875e-42, 2.557243466096832e-42, 3.963238397745442e-32, 3.896254162222644e-44, 1.7855808721247587e-44, 1.7855808721258206e-44, 3.410236963780156e-42, 1.0, 1.386436004862584e-44, 1.8099598722594453e-41, 1.8152531821221256e-44, 2.518023751024231e-42, 2.0428310908844432e-44, 1.519345312804457e-44, 2.1294419597251878e-44, 1.539829437599307e-44, 8.06873873328748e-31, 1.86518683229449e-44]"
hMpxV/Peru/MOQ-INS-459/2023|EPI_ISL_19343464|2023-04-03,"[0.0, 0.0, 0.0, 0.0, 0.0, 0.0, 0.0, 0.0, 0.0, 0.0, 0.0, 0.0, 0.0, 0.0, 0.0, 0.0, 0.0, 0.0, 0.0, 0.0, 1.0, 0.0, 0.0, 0.0, 0.0, 0.0, 0.0, 0.0, 0.0, 0.0, 0.0]"
hMpxV/Peru/MOQ-INS-454/2023|EPI_ISL_19343465|2023-03-24,"[0.0, 0.0, 0.0, 0.0, 0.0, 0.0, 0.0, 0.0, 0.0, 0.0, 0.0, 0.0, 0.0, 0.0, 0.0, 0.0, 0.0, 0.0, 0.0, 0.0, 1.0, 0.0, 0.0, 0.0, 0.0, 0.0, 0.0, 0.0, 0.0, 0.0, 0.0]"
hMpxV/Peru/TAC-INS-426/2023|EPI_ISL_19343472|2023-02-21,"[0.0, 0.0, 0.0, 0.0, 0.0, 0.0, 0.0, 0.0, 0.0, 0.0, 0.0, 0.0, 0.0, 0.0, 0.0, 0.0, 0.0, 0.0, 0.0, 0.0, 0.9999999999999999, 0.0, 0.0, 0.0, 0.0, 0.0, 0.0, 0.0, 0.0, 0.0, 0.0]"
hMpxV/Peru/LIM-INS-474/2023|EPI_ISL_19343522|2023-03-14,"[0.0, 0.0, 0.0, 0.0, 0.0, 0.0, 0.0, 0.0, 0.0, 0.0, 0.0, 0.0, 0.0, 0.0, 0.0, 0.0, 0.0, 0.0, 0.0, 0.0, 1.0, 0.0, 0.0, 0.0, 0.0, 0.0, 0.0, 0.0, 0.0, 0.0, 0.0]"
hMpxV/Peru/LIM-INS-458/2023|EPI_ISL_19343527|2023-04-04,"[0.0, 0.0, 0.0, 0.0, 0.0, 0.0, 0.0, 0.0, 0.0, 0.0, 0.0, 0.0, 0.0, 0.0, 0.0, 0.0, 0.0, 0.0, 0.0, 0.0, 1.0, 0.0, 0.0, 0.0, 0.0, 0.0, 0.0, 0.0, 0.0, 0.0, 0.0]"
hMpxV/Peru/LIM-INS-448/2023|EPI_ISL_19343544|2023-03-18,"[0.0, 0.0, 0.0, 0.0, 0.0, 0.0, 0.0, 0.0, 0.0, 0.0, 0.0, 0.0, 0.0, 0.0, 0.0, 0.0, 0.0, 0.0, 0.0, 0.0, 1.0, 0.0, 0.0, 0.0, 0.0, 0.0, 0.0, 0.0, 0.0, 0.0, 0.0]"
hMpxV/Peru/TAC-INS-468/2023|EPI_ISL_19343577|2023-02-24,"[0.0, 0.0, 0.0, 0.0, 0.0, 0.0, 0.0, 0.0, 0.0, 0.0, 0.0, 0.0, 0.0, 0.0, 0.0, 0.0, 0.0, 0.0, 0.0, 0.0, 1.0, 0.0, 0.0, 0.0, 0.0, 0.0, 0.0, 0.0, 0.0, 0.0, 0.0]"
hMpxV/Peru/TAC-INS-481/2023|EPI_ISL_19343578|2023-02-24,"[0.0, 0.0, 0.0, 0.0, 0.0, 0.0, 0.0, 0.0, 0.0, 0.0, 0.0, 0.0, 0.0, 0.0, 0.0, 0.0, 0.0, 0.0, 0.0, 0.0, 1.0, 0.0, 0.0, 0.0, 0.0, 0.0, 0.0, 0.0, 0.0, 0.0, 0.0]"
hMpxV/Peru/TAC-INS-463/2023|EPI_ISL_19343581|2023-02-20,"[0.0, 0.0, 0.0, 0.0, 0.0, 0.0, 0.0, 0.0, 0.0, 0.0, 0.0, 0.0, 0.0, 0.0, 0.0, 0.0, 0.0, 0.0, 0.0, 0.0, 1.0, 0.0, 0.0, 0.0, 0.0, 0.0, 0.0, 0.0, 0.0, 0.0, 0.0]"
hMpxV/Peru/TAC-INS-423/2023|EPI_ISL_19343582|2023-02-15,"[0.0, 0.0, 0.0, 0.0, 0.0, 0.0, 0.0, 0.0, 0.0, 0.0, 0.0, 0.0, 0.0, 0.0, 0.0, 0.0, 0.0, 0.0, 0.0, 0.0, 1.0, 0.0, 0.0, 0.0, 0.0, 0.0, 0.0, 0.0, 0.0, 0.0, 0.0]"
hMpxV/Peru/TAC-INS-421/2023|EPI_ISL_19343575|2023-02-14,"[0.0, 0.0, 0.0, 0.0, 0.0, 0.0, 0.0, 0.0, 0.0, 0.0, 0.0, 0.0, 0.0, 0.0, 0.0, 0.0, 0.0, 0.0, 0.0, 0.0, 1.0, 0.0, 0.0, 0.0, 0.0, 0.0, 0.0, 0.0, 0.0, 0.0, 0.0]"
hMpxV/Peru/TAC-INS-409/2023|EPI_ISL_19343583|2023-02-02,"[0.0, 0.0, 0.0, 0.0, 0.0, 0.0, 0.0, 0.0, 0.0, 0.0, 0.0, 0.0, 0.0, 0.0, 0.0, 0.0, 0.0, 0.0, 0.0, 0.0, 1.0, 0.0, 0.0, 0.0, 0.0, 0.0, 0.0, 0.0, 0.0, 0.0, 0.0]"
hMpxV/Peru/MDD-INS-475/2023|EPI_ISL_19343586|2023-03-08,"[0.0, 0.0, 0.0, 0.0, 0.0, 0.0, 0.0, 0.0, 0.0, 0.0, 0.0, 0.0, 0.0, 0.0, 0.0, 0.0, 0.0, 0.0, 0.0, 0.0, 1.0, 0.0, 0.0, 0.0, 0.0, 0.0, 0.0, 0.0, 0.0, 0.0, 0.0]"
hMpxV/Peru/CUS-INS-471/2023|EPI_ISL_19343590|2023-03-01,"[0.0, 0.0, 0.0, 0.0, 0.0, 0.0, 0.0, 0.0, 0.0, 0.0, 0.0, 0.0, 0.0, 0.0, 0.0, 0.0, 0.0, 0.0, 0.0, 0.0, 0.9999999999999999, 0.0, 0.0, 0.0, 0.0, 0.0, 0.0, 0.0, 0.0, 0.0, 0.0]"
NODE_0000369,"[2.681557785635401e-09, 5.973629695211455e-09, 4.386999007483483e-08, 1.0639871300159065e-09, 8.230620922964913e-08, 2.1622935009464955e-09, 2.9932588727464326e-09, 1.0445831856922509e-09, 1.042307927670055e-09, 1.0550029547151248e-09, 1.0306492006176794e-09, 1.0476485992004424e-09, 1.0274521223513659e-09, 2.965901663936103e-09, 2.359015793328925e-09, 1.893899913652896e-07, 1.2820582665980867e-09, 1.0476485992004478e-09, 1.0476485992009433e-09, 2.888076609192415e-09, 0.9999992093480295, 1.0865566618997481e-09, 3.353649033835386e-09, 1.0460520107195811e-09, 2.429148657752073e-09, 1.0317691784529817e-09, 1.0347216517157604e-09, 1.031136701157682e-09, 1.041756702194809e-09, 4.2927507784102994e-07, 1.0431907778749998e-09]"
hMpxV/Peru/LIM-INS-449/2023|EPI_ISL_19343537|2023-03-22,"[0.0, 0.0, 0.0, 0.0, 0.0, 0.0, 0.0, 0.0, 0.0, 0.0, 0.0, 0.0, 0.0, 0.0, 0.0, 0.0, 0.0, 0.0, 0.0, 0.0, 1.0, 0.0, 0.0, 0.0, 0.0, 0.0, 0.0, 0.0, 0.0, 0.0, 0.0]"
hMpxV/Peru/LIM-INS-462/2023|EPI_ISL_19343552|2023-04-21,"[0.0, 0.0, 0.0, 0.0, 0.0, 0.0, 0.0, 0.0, 0.0, 0.0, 0.0, 0.0, 0.0, 0.0, 0.0, 0.0, 0.0, 0.0, 0.0, 0.0, 1.0, 0.0, 0.0, 0.0, 0.0, 0.0, 0.0, 0.0, 0.0, 0.0, 0.0]"
NODE_0000355,"[4.003670056869012e-08, 3.3412855682625255e-08, 5.518152296988835e-07, 8.836668204235272e-09, 2.786153669450873e-07, 1.5377642622007788e-08, 1.9838574233863517e-08, 8.79186113846656e-09, 8.796810705382345e-09, 8.795602163059578e-09, 8.732866192930036e-09, 8.794476855951695e-09, 8.48684531100737e-09, 1.9372791806193552e-08, 2.268753848105584e-08, 1.1571075931870274e-06, 2.044384302389146e-08, 8.794476855958044e-09, 8.794476855951637e-09, 1.878608981105816e-08, 0.9828530178937108, 8.791046345999948e-09, 4.218693508874612e-08, 8.793705332873193e-09, 2.292733982103911e-08, 1.305223122927339e-08, 8.153478639273451e-09, 1.2833122650366767e-08, 8.530737889381694e-09, 0.017144591731656878, 8.787725118002457e-09]"
hMpxV/USA/CA-LACPHL-MA00408/2023|EPI_ISL_16997442|2023-01-11,"[0.0, 0.0, 0.0, 0.0, 0.0, 0.0, 0.0, 0.0, 0.0, 0.0, 0.0, 0.0, 0.0, 0.0, 0.0, 0.0, 0.0, 0.0, 0.0, 0.0, 0.0, 0.0, 0.0, 0.0, 0.0, 0.0, 0.0, 0.0, 0.0, 1.0, 0.0]"
hMpxV/Peru/LIM-INS-377/2023|EPI_ISL_19343474|2023-01-13,"[0.0, 0.0, 0.0, 0.0, 0.0, 0.0, 0.0, 0.0, 0.0, 0.0, 0.0, 0.0, 0.0, 0.0, 0.0, 0.0, 0.0, 0.0, 0.0, 0.0, 1.0, 0.0, 0.0, 0.0, 0.0, 0.0, 0.0, 0.0, 0.0, 0.0, 0.0]"
NODE_0000356,"[1.1466494563715478e-05, 1.7712529922003816e-05, 7.364676308404091e-05, 6.159959032952344e-06, 0.00010191584100705939, 9.622945112404022e-06, 1.1404907730703564e-05, 6.011687401584914e-06, 5.997272789113381e-06, 6.103298702123151e-06, 5.906066611566926e-06, 6.029738701575573e-06, 5.969726216529259e-06, 1.1526443026829387e-05, 9.1627613344544e-06, 0.00018536281242503264, 7.330076146336977e-06, 6.029738701575638e-06, 6.02973870157599e-06, 1.124869947145676e-05, 0.9989906475373327, 6.404495443751585e-06, 1.2017744308072014e-05, 6.020051285817595e-06, 9.709549434503334e-06, 5.991852219965911e-06, 6.0843182253565414e-06, 5.961941273990008e-06, 6.0793798001986735e-06, 0.0004404409947118493, 6.00463528151662e-06]"
NODE_0000366,"[5.660922092974292e-10, 1.2086325085977918e-09, 8.428172706511715e-09, 2.3145235955264067e-10, 1.524414277262359e-08, 4.578084144321009e-10, 6.229170228124118e-10, 2.2707017035908226e-10, 2.2654194023373574e-10, 2.2947608277927945e-10, 2.2393517634980487e-10, 2.2776285579006e-10, 2.2360529853370172e-10, 6.186654906880792e-10, 4.921874138248627e-10, 3.450129562588459e-08, 2.7826369677525217e-10, 2.2776285579006357e-10, 2.2776285579018653e-10, 6.024482928186641e-10, 0.999999852748621, 2.367842565411565e-10, 6.943303221991214e-10, 2.2740189680240332e-10, 5.086802048692391e-10, 2.2445087972307852e-10, 2.2513196564067193e-10, 2.2421689947515266e-10, 2.267210828319127e-10, 7.939090799873121e-08, 2.267577028890552e-10]"
hMpxV/Peru/LIM-INS-553/2024|EPI_ISL_19449529|2024-07-04,"[0.0, 0.0, 0.0, 0.0, 0.0, 0.0, 0.0, 0.0, 0.0, 0.0, 0.0, 0.0, 0.0, 0.0, 0.0, 0.0, 0.0, 0.0, 0.0, 0.0, 1.0, 0.0, 0.0, 0.0, 0.0, 0.0, 0.0, 0.0, 0.0, 0.0, 0.0]"
hMpxV/Peru/LIM-INS-558/2024|EPI_ISL_19449534|2024-07-02,"[0.0, 0.0, 0.0, 0.0, 0.0, 0.0, 0.0, 0.0, 0.0, 0.0, 0.0, 0.0, 0.0, 0.0, 0.0, 0.0, 0.0, 0.0, 0.0, 0.0, 1.0, 0.0, 0.0, 0.0, 0.0, 0.0, 0.0, 0.0, 0.0, 0.0, 0.0]"
NODE_0000357,"[1.153113462467027e-11, 3.4834717776300853e-13, 1.5163468297764368e-11, 2.1214283294057865e-14, 2.9354242977777335e-11, 6.843889605668067e-14, 1.1495129348566947e-13, 2.1439921163094543e-14, 2.1642900685080657e-14, 2.1217752426093068e-14, 2.135771820578751e-14, 2.1262547557312396e-14, 2.0020564373288317e-14, 1.0789418196296389e-13, 1.0946584914991041e-13, 1.3445735133800378e-10, 2.850245018790762e-14, 2.1262547557313198e-14, 2.1262547557318205e-14, 1.0344993159574909e-13, 0.9999999989852862, 2.0463210000487417e-14, 1.549670646847126e-13, 2.135549588726255e-14, 1.3942239597369132e-13, 2.184713797419422e-14, 1.951430234125849e-14, 2.2090093214512475e-14, 2.022817729338048e-14, 8.226943154078183e-10, 2.1509993114142297e-14]"
hMpxV/Australia/VIC-VIDRL-2388/2024|EPI_ISL_19459749|2024-04-18,"[1.0, 0.0, 0.0, 0.0, 0.0, 0.0, 0.0, 0.0, 0.0, 0.0, 0.0, 0.0, 0.0, 0.0, 0.0, 0.0, 0.0, 0.0, 0.0, 0.0, 0.0, 0.0, 0.0, 0.0, 0.0, 0.0, 0.0, 0.0, 0.0, 0.0, 0.0]"
hMpxV/Peru/LIM-INS-525/2024|EPI_ISL_19353804|2024-04-05,"[0.0, 0.0, 0.0, 0.0, 0.0, 0.0, 0.0, 0.0, 0.0, 0.0, 0.0, 0.0, 0.0, 0.0, 0.0, 0.0, 0.0, 0.0, 0.0, 0.0, 1.0, 0.0, 0.0, 0.0, 0.0, 0.0, 0.0, 0.0, 0.0, 0.0, 0.0]"
hMpxV/Peru/LIM-INS-532/2024|EPI_ISL_19353819|2024-03-14,"[0.0, 0.0, 0.0, 0.0, 0.0, 0.0, 0.0, 0.0, 0.0, 0.0, 0.0, 0.0, 0.0, 0.0, 0.0, 0.0, 0.0, 0.0, 0.0, 0.0, 1.0, 0.0, 0.0, 0.0, 0.0, 0.0, 0.0, 0.0, 0.0, 0.0, 0.0]"
NODE_0000358,"[3.946096800489136e-10, 1.0264467978653197e-09, 1.3470654699901123e-08, 1.256294636257717e-10, 2.8763526403752498e-08, 3.0070558312063693e-10, 4.4094971589259973e-10, 1.2430663830677308e-10, 1.245010328192523e-10, 1.2499604832130862e-10, 1.2295368394543455e-10, 1.2420869916558324e-10, 1.2096994040986372e-10, 4.3076654509937646e-10, 3.3759465283823846e-10, 8.828481637698541e-08, 1.6105091646442277e-10, 1.2420869916558539e-10, 1.2420869916559448e-10, 4.1911808209233694e-10, 0.9999996193230128, 1.2685093722967365e-10, 5.416035397641773e-10, 1.2425770136773953e-10, 3.522200094308642e-10, 1.2498079554787519e-10, 1.2271179710267827e-10, 1.2511881857087765e-10, 1.2281936217871106e-10, 2.4376585752118977e-07, 1.2434418658262896e-10]"
hMpxV/Peru/LIM-INS-563/2024|EPI_ISL_19449539|2024-06-05,"[0.0, 0.0, 0.0, 0.0, 0.0, 0.0, 0.0, 0.0, 0.0, 0.0, 0.0, 0.0, 0.0, 0.0, 0.0, 0.0, 0.0, 0.0, 0.0, 0.0, 1.0, 0.0, 0.0, 0.0, 0.0, 0.0, 0.0, 0.0, 0.0, 0.0, 0.0]"
hMpxV/Peru/CAL-INS-524/2024|EPI_ISL_19353791|2024-04-06,"[0.0, 0.0, 0.0, 0.0, 0.0, 0.0, 0.0, 0.0, 0.0, 0.0, 0.0, 0.0, 0.0, 0.0, 0.0, 0.0, 0.0, 0.0, 0.0, 0.0, 1.0, 0.0, 0.0, 0.0, 0.0, 0.0, 0.0, 0.0, 0.0, 0.0, 0.0]"
NODE_0000359,"[5.686602615860254e-08, 1.1894432028690135e-07, 8.198451922483267e-07, 2.3607939469054446e-08, 1.4690838317299033e-06, 4.6051819599656895e-08, 6.194307938491384e-08, 2.3165846290007552e-08, 2.3123787701035672e-08, 2.3412754003392126e-08, 2.284135498034892e-08, 2.3224817551309902e-08, 2.2807173687400935e-08, 6.153679350803957e-08, 4.8834354128254585e-08, 3.312802656936008e-06, 2.8548192985895254e-08, 2.3224817551310262e-08, 2.3224817551311242e-08, 5.996269037887849e-08, 0.9999857964622052, 2.4176375887648877e-08, 6.912196769825394e-08, 2.3193798111452563e-08, 5.06875276714308e-08, 2.296602929805902e-08, 2.305530993293602e-08, 2.2934239259150543e-08, 2.315377465179352e-08, 7.6280565471962684e-06, 2.313995952990162e-08]"
hMpxV/Peru/LIM-INS-550/2024|EPI_ISL_19449526|2024-07-25,"[0.0, 0.0, 0.0, 0.0, 0.0, 0.0, 0.0, 0.0, 0.0, 0.0, 0.0, 0.0, 0.0, 0.0, 0.0, 0.0, 0.0, 0.0, 0.0, 0.0, 1.0, 0.0, 0.0, 0.0, 0.0, 0.0, 0.0, 0.0, 0.0, 0.0, 0.0]"
hMpxV/Peru/LIM-INS-559/2024|EPI_ISL_19449535|2024-08-05,"[0.0, 0.0, 0.0, 0.0, 0.0, 0.0, 0.0, 0.0, 0.0, 0.0, 0.0, 0.0, 0.0, 0.0, 0.0, 0.0, 0.0, 0.0, 0.0, 0.0, 1.0, 0.0, 0.0, 0.0, 0.0, 0.0, 0.0, 0.0, 0.0, 0.0, 0.0]"
NODE_0000360,"[1.5028152422973413e-15, 6.902584615031108e-15, 3.6949447530637493e-13, 2.561964433975104e-16, 1.226569800966124e-12, 1.0058432107624128e-15, 1.866631657911541e-15, 2.579022569197943e-16, 2.5974243199706505e-16, 2.5640167467980997e-16, 2.5707090693805773e-16, 2.5630794553398743e-16, 2.449011764535827e-16, 1.7549673005741275e-15, 1.3503275197011253e-15, 7.234952575287339e-12, 3.6418877023627733e-16, 2.5630794553399907e-16, 2.563079455340669e-16, 1.6992399875276624e-15, 0.9999999999633297, 2.500042712352621e-16, 2.7901511379253242e-15, 2.571405253905609e-16, 1.3968677882703364e-15, 2.64036297812994e-16, 2.4746482967107587e-16, 2.661049994462893e-16, 2.4781763242060725e-16, 2.7814786477619907e-11, 2.58541298398774e-16]"
hMpxV/Peru/LIM-INS-562/2024|EPI_ISL_19449538|2024-07-04,"[0.0, 0.0, 0.0, 0.0, 0.0, 0.0, 0.0, 0.0, 0.0, 0.0, 0.0, 0.0, 0.0, 0.0, 0.0, 0.0, 0.0, 0.0, 0.0, 0.0, 1.0, 0.0, 0.0, 0.0, 0.0, 0.0, 0.0, 0.0, 0.0, 0.0, 0.0]"
hMpxV/Peru/CAL-INS-521/2024|EPI_ISL_19353792|2024-04-23,"[0.0, 0.0, 0.0, 0.0, 0.0, 0.0, 0.0, 0.0, 0.0, 0.0, 0.0, 0.0, 0.0, 0.0, 0.0, 0.0, 0.0, 0.0, 0.0, 0.0, 1.0, 0.0, 0.0, 0.0, 0.0, 0.0, 0.0, 0.0, 0.0, 0.0, 0.0]"
NODE_0000365,"[6.292624006738461e-10, 1.4580933034045123e-09, 1.0999903999453738e-08, 2.429919951830698e-10, 2.1132572699082222e-08, 5.06440809763114e-10, 7.151674228827045e-10, 2.3854074151501694e-10, 2.3787571644035435e-10, 2.408594805551692e-10, 2.3545139569168094e-10, 2.393872134250956e-10, 2.346233856124603e-10, 7.079030737734074e-10, 5.647089815777916e-10, 4.8990919960486845e-08, 2.9064918273586575e-10, 2.393872134250968e-10, 2.3938721342521364e-10, 6.887927591581506e-10, 0.9999997981431848, 2.477076129858135e-10, 8.00635437178688e-10, 2.389500428702277e-10, 5.776313907591065e-10, 2.3460056489829724e-10, 2.3513186632377506e-10, 2.345909927891156e-10, 2.375229527394983e-10, 1.0997897832225355e-07, 2.38147060251609e-10]"
hMpxV/Peru/LIM-INS-565/2024|EPI_ISL_19449541|2024-06-15,"[0.0, 0.0, 0.0, 0.0, 0.0, 0.0, 0.0, 0.0, 0.0, 0.0, 0.0, 0.0, 0.0, 0.0, 0.0, 0.0, 0.0, 0.0, 0.0, 0.0, 1.0, 0.0, 0.0, 0.0, 0.0, 0.0, 0.0, 0.0, 0.0, 0.0, 0.0]"
hMpxV/Peru/LIM-INS-572/2024|EPI_ISL_19449548|2024-06-06,"[0.0, 0.0, 0.0, 0.0, 0.0, 0.0, 0.0, 0.0, 0.0, 0.0, 0.0, 0.0, 0.0, 0.0, 0.0, 0.0, 0.0, 0.0, 0.0, 0.0, 1.0, 0.0, 0.0, 0.0, 0.0, 0.0, 0.0, 0.0, 0.0, 0.0, 0.0]"
NODE_0000363,"[8.65353475260505e-08, 1.8536414887913e-07, 1.3234102104197257e-06, 3.527914250304443e-08, 2.4235340329666327e-06, 6.991732857974342e-08, 9.491202017028994e-08, 3.463676261060886e-08, 3.458050672353848e-08, 3.4991857862152066e-08, 3.416122415876676e-08, 3.47190299045558e-08, 3.407209149778186e-08, 9.414823353988186e-08, 7.467976393998705e-08, 5.532558658201762e-06, 4.279196526781474e-08, 3.4719029904556524e-08, 3.4719029904557185e-08, 9.17442372690262e-08, 0.9999765791206235, 3.609080453424566e-08, 1.0637964023760495e-07, 3.467568016350082e-08, 7.739542775871851e-08, 3.434952684709297e-08, 3.4467945840693786e-08, 3.430937300057039e-08, 3.459582847110651e-08, 1.2662539870034311e-05, 3.460065753916378e-08]"
hMpxV/Peru/LIM-INS-560/2024|EPI_ISL_19449536|2024-07-29,"[0.0, 0.0, 0.0, 0.0, 0.0, 0.0, 0.0, 0.0, 0.0, 0.0, 0.0, 0.0, 0.0, 0.0, 0.0, 0.0, 0.0, 0.0, 0.0, 0.0, 1.0, 0.0, 0.0, 0.0, 0.0, 0.0, 0.0, 0.0, 0.0, 0.0, 0.0]"
NODE_0000364,"[7.986415178166883e-11, 1.9832828109063998e-10, 1.665012266479819e-09, 2.9191647644735064e-11, 3.3837201228577966e-09, 6.381820753905886e-11, 9.310169657038819e-11, 2.8668160657463453e-11, 2.8570049061795585e-11, 2.892766973458103e-11, 2.8317777111489557e-11, 2.8788402718330746e-11, 2.8175428790329604e-11, 9.191247985093818e-11, 7.357798975339388e-11, 8.373468942437891e-09, 3.473163696523698e-11, 2.8788402718331263e-11, 2.878840271834562e-11, 8.932544501153369e-11, 0.999999965872026, 2.965961725699164e-11, 1.049641971727744e-10, 2.8726828474848548e-11, 7.460050835745844e-11, 2.80720584529032e-11, 2.8049972739109083e-11, 2.8096329394256293e-11, 2.846325772947669e-11, 1.9343653282020576e-08, 2.861075218189347e-11]"
hMpxV/Peru/LIM-INS-555/2024|EPI_ISL_19449531|2024-06-11,"[0.0, 0.0, 0.0, 0.0, 0.0, 0.0, 0.0, 0.0, 0.0, 0.0, 0.0, 0.0, 0.0, 0.0, 0.0, 0.0, 0.0, 0.0, 0.0, 0.0, 0.9999999999999999, 0.0, 0.0, 0.0, 0.0, 0.0, 0.0, 0.0, 0.0, 0.0, 0.0]"
hMpxV/Peru/LIM-INS-568/2024|EPI_ISL_19449544|2024-06-21,"[0.0, 0.0, 0.0, 0.0, 0.0, 0.0, 0.0, 0.0, 0.0, 0.0, 0.0, 0.0, 0.0, 0.0, 0.0, 0.0, 0.0, 0.0, 0.0, 0.0, 1.0, 0.0, 0.0, 0.0, 0.0, 0.0, 0.0, 0.0, 0.0, 0.0, 0.0]"
NODE_0000361,"[2.6001537258198136e-09, 5.796771663904349e-09, 4.2589008227256214e-08, 1.0311460314481139e-09, 7.993663405069401e-08, 2.0965873204600627e-09, 2.903489880224001e-09, 1.0123356928749848e-09, 1.010114933656612e-09, 1.0224303328959527e-09, 9.988393251933818e-10, 1.0153221652630012e-09, 9.957381734547192e-10, 2.8769105982756584e-09, 2.2883979102739205e-09, 1.839566536380002e-07, 1.2422476748694318e-09, 1.015322165263008e-09, 1.0153221652634868e-09, 2.8013688129779988e-09, 0.9999992322148265, 1.0529820007468405e-09, 3.2529258323723185e-09, 1.0137670727488408e-09, 2.3560869284413085e-09, 9.99813897526127e-10, 1.002663070861954e-09, 9.992131127848223e-10, 1.0095633551660217e-09, 4.1688238532612895e-07, 1.010978234197159e-09]"
hMpxV/Peru/LIM-INS-510/2024|EPI_ISL_19353795|2024-05-21,"[0.0, 0.0, 0.0, 0.0, 0.0, 0.0, 0.0, 0.0, 0.0, 0.0, 0.0, 0.0, 0.0, 0.0, 0.0, 0.0, 0.0, 0.0, 0.0, 0.0, 1.0, 0.0, 0.0, 0.0, 0.0, 0.0, 0.0, 0.0, 0.0, 0.0, 0.0]"
NODE_0000362,"[1.5787907576918705e-12, 4.941728529902564e-12, 7.537571077642572e-11, 4.415276536037141e-13, 1.8164094410254817e-10, 1.19061452912044e-12, 1.9100234220810274e-12, 4.3704220493204495e-13, 4.3679664401531343e-13, 4.388004380854774e-13, 4.331102458238395e-13, 4.376409129034896e-13, 4.248042995240229e-13, 1.854788614602352e-12, 1.4695186252870296e-12, 5.829772278310807e-10, 5.522568270184993e-13, 4.3764091290351254e-13, 4.3764091290358716e-13, 1.7992885222066992e-12, 0.9999999975963504, 4.421477550905256e-13, 2.3520205862195945e-12, 4.3734829619677367e-13, 1.4906881190024932e-12, 4.322800756267594e-13, 4.2323451045423743e-13, 4.338463506406922e-13, 4.288181260749906e-13, 1.5375567110311725e-09, 4.3667723575954543e-13]"
hMpxV/Peru/LIM-INS-551/2024|EPI_ISL_19449527|2024-07-12,"[0.0, 0.0, 0.0, 0.0, 0.0, 0.0, 0.0, 0.0, 0.0, 0.0, 0.0, 0.0, 0.0, 0.0, 0.0, 0.0, 0.0, 0.0, 0.0, 0.0, 0.9999999999999999, 0.0, 0.0, 0.0, 0.0, 0.0, 0.0, 0.0, 0.0, 0.0, 0.0]"
hMpxV/Peru/LIM-INS-564/2024|EPI_ISL_19449540|2024-07-11,"[0.0, 0.0, 0.0, 0.0, 0.0, 0.0, 0.0, 0.0, 0.0, 0.0, 0.0, 0.0, 0.0, 0.0, 0.0, 0.0, 0.0, 0.0, 0.0, 0.0, 1.0, 0.0, 0.0, 0.0, 0.0, 0.0, 0.0, 0.0, 0.0, 0.0, 0.0]"
hMpxV/Peru/ICA-INS-574/2024|EPI_ISL_19449550|2024-07-22,"[0.0, 0.0, 0.0, 0.0, 0.0, 0.0, 0.0, 0.0, 0.0, 0.0, 0.0, 0.0, 0.0, 0.0, 0.0, 0.0, 0.0, 0.0, 0.0, 0.0, 1.0, 0.0, 0.0, 0.0, 0.0, 0.0, 0.0, 0.0, 0.0, 0.0, 0.0]"
NODE_0000379,"[8.932978694595506e-06, 2.296727081757102e-06, 4.104490737782315e-05, 1.6267969106604376e-06, 5.510290778976024e-06, 1.8972235868332981e-06, 1.988359475661743e-06, 1.627444091035306e-06, 1.6329804530646606e-06, 1.6237053671627647e-06, 1.6194798435643376e-06, 1.6235544823107457e-06, 1.5622360813127497e-06, 1.96167079291014e-06, 3.1530607597025367e-06, 2.8220267701681424e-05, 6.544037157224052e-06, 1.6235544823107762e-06, 1.6235544823107468e-06, 1.8945006918610862e-06, 0.0022577916701218346, 1.6151640571913858e-06, 6.841327051143994e-06, 1.6256363409857933e-06, 3.234641062608367e-06, 3.458089921171415e-06, 1.4818007197333627e-06, 3.335943179868423e-06, 1.5708417632266822e-06, 0.9975994088538348, 1.6287016546887928e-06]"
hMpxV/USA/CA-CDPH-1M1000243/2023|EPI_ISL_18458962|2023-04-13,"[0.0, 0.0, 0.0, 0.0, 0.0, 0.0, 0.0, 0.0, 0.0, 0.0, 0.0, 0.0, 0.0, 0.0, 0.0, 0.0, 0.0, 0.0, 0.0, 0.0, 0.0, 0.0, 0.0, 0.0, 0.0, 0.0, 0.0, 0.0, 0.0, 1.0, 0.0]"
NODE_0000380,"[1.0568148135688878e-08, 1.2819418230979987e-09, 4.760190248406852e-08, 1.120595610884766e-09, 2.414163008120498e-09, 1.1906802666400275e-09, 1.2195290540251206e-09, 1.1333827933938014e-09, 1.1390310856276156e-09, 1.1215984523158456e-09, 1.1350187456854819e-09, 1.1290925470004041e-09, 1.071667668943892e-09, 1.1889908722697069e-09, 2.6358870373918165e-09, 2.009427377511426e-08, 7.81794764045284e-09, 1.1290925470011928e-09, 1.1290925470002612e-09, 1.1408549848560084e-09, 2.8451481296720547e-06, 1.0867744357392376e-09, 7.1745983515858615e-09, 1.131437186712879e-09, 2.6369003250493024e-09, 3.3871793109602975e-09, 9.75541525417243e-10, 3.223435146377494e-09, 1.0684631831396508e-09, 0.9999970257700032, 1.1346466049926843e-09]"
hMpxV/USA/CA-CDPH-1M1000244/2023|EPI_ISL_18458963|2023-04-13,"[0.0, 0.0, 0.0, 0.0, 0.0, 0.0, 0.0, 0.0, 0.0, 0.0, 0.0, 0.0, 0.0, 0.0, 0.0, 0.0, 0.0, 0.0, 0.0, 0.0, 0.0, 0.0, 0.0, 0.0, 0.0, 0.0, 0.0, 0.0, 0.0, 0.9999999999999999, 0.0]"
NODE_0000381,"[6.218827982051448e-15, 7.368659377366884e-17, 2.2209120051129811e-13, 4.9548327423880825e-17, 3.4209387368779974e-16, 6.128554358668754e-17, 6.535752104572036e-17, 5.359466664531277e-17, 5.5162341674716724e-17, 5.1033509944031536e-17, 5.5181097599427835e-17, 5.215468702492457e-17, 4.688887108851282e-17, 6.13908259483696e-17, 3.5508826579828733e-16, 3.688013506976391e-14, 2.7673790560257986e-15, 5.2154687024960746e-17, 5.215468702491787e-17, 5.517199982556376e-17, 1.0885872322197722e-09, 4.340304525458025e-17, 3.3210639218572133e-15, 5.290734087258413e-17, 3.748463101547405e-16, 5.363591228992793e-16, 3.9799166595918986e-17, 4.88315766480105e-16, 4.573563430668818e-17, 0.9999999989111384, 5.417952772437877e-17]"
hMpxV/USA/CA-CDPH-11000316/2023|EPI_ISL_18323786|2023-07-21,"[0.0, 0.0, 0.0, 0.0, 0.0, 0.0, 0.0, 0.0, 0.0, 0.0, 0.0, 0.0, 0.0, 0.0, 0.0, 0.0, 0.0, 0.0, 0.0, 0.0, 0.0, 0.0, 0.0, 0.0, 0.0, 0.0, 0.0, 0.0, 0.0, 1.0, 0.0]"
hMpxV/Peru/LIM-INS-503/2023|EPI_ISL_19343555|2023-10-30,"[0.0, 0.0, 0.0, 0.0, 0.0, 0.0, 0.0, 0.0, 0.0, 0.0, 0.0, 0.0, 0.0, 0.0, 0.0, 0.0, 0.0, 0.0, 0.0, 0.0, 1.0, 0.0, 0.0, 0.0, 0.0, 0.0, 0.0, 0.0, 0.0, 0.0, 0.0]"
hMpxV/USA/CA-CDPH-11000297/2023|EPI_ISL_18325000|2023-07-06,"[0.0, 0.0, 0.0, 0.0, 0.0, 0.0, 0.0, 0.0, 0.0, 0.0, 0.0, 0.0, 0.0, 0.0, 0.0, 0.0, 0.0, 0.0, 0.0, 0.0, 0.0, 0.0, 0.0, 0.0, 0.0, 0.0, 0.0, 0.0, 0.0, 0.9999999999999999, 0.0]"
hMpxV/USA/CA-CDPH-1M1000275/2023|EPI_ISL_18443042|2023-05-12,"[0.0, 0.0, 0.0, 0.0, 0.0, 0.0, 0.0, 0.0, 0.0, 0.0, 0.0, 0.0, 0.0, 0.0, 0.0, 0.0, 0.0, 0.0, 0.0, 0.0, 0.0, 0.0, 0.0, 0.0, 0.0, 0.0, 0.0, 0.0, 0.0, 1.0, 0.0]"
NODE_0000388,"[1.2086836431342198e-08, 1.3221246762809626e-09, 4.390106321488988e-08, 1.3038082022590372e-09, 1.8604167211268271e-09, 1.3200252825168934e-09, 1.3275369238995282e-09, 1.3177240530366277e-09, 1.323555202313222e-09, 1.304332203779172e-09, 1.3195004620555738e-09, 1.3134679671104857e-09, 1.247242120839387e-09, 1.2970469483276445e-09, 2.9676966837539103e-09, 1.4925056909415664e-08, 9.266198871139677e-09, 1.3134679671106348e-09, 1.3134679671104289e-09, 1.2444172523619219e-09, 4.846156511366459e-07, 1.2653647517520162e-09, 7.962835417053608e-09, 1.3158221989067274e-09, 2.956266770117125e-09, 4.009671996528507e-09, 1.13050858393674e-09, 3.811653696191632e-09, 1.2425586461827452e-09, 0.9999993870958311, 1.3188495387269397e-09]"
hMpxV/USA/CA-CDPH-11000305/2023|EPI_ISL_18325008|2023-07-06,"[0.0, 0.0, 0.0, 0.0, 0.0, 0.0, 0.0, 0.0, 0.0, 0.0, 0.0, 0.0, 0.0, 0.0, 0.0, 0.0, 0.0, 0.0, 0.0, 0.0, 0.0, 0.0, 0.0, 0.0, 0.0, 0.0, 0.0, 0.0, 0.0, 1.0, 0.0]"
hMpxV/USA/CA-CDPH-11000304/2023|EPI_ISL_18325007|2023-07-06,"[0.0, 0.0, 0.0, 0.0, 0.0, 0.0, 0.0, 0.0, 0.0, 0.0, 0.0, 0.0, 0.0, 0.0, 0.0, 0.0, 0.0, 0.0, 0.0, 0.0, 0.0, 0.0, 0.0, 0.0, 0.0, 0.0, 0.0, 0.0, 0.0, 1.0, 0.0]"
NODE_0000389,"[3.334983617829612e-10, 3.621798733132245e-11, 1.2132941617260906e-09, 3.574884297554202e-11, 5.0876634470783285e-11, 3.617246430560444e-11, 3.638605835260417e-11, 3.6134807382631855e-11, 3.6292984575764567e-11, 3.5760362976210884e-11, 3.618751292026536e-11, 3.6019968286191615e-11, 3.418746721232869e-11, 3.551030472290027e-11, 8.175243523913791e-11, 4.115093193472487e-10, 2.5580662585463983e-10, 3.6019968286241686e-11, 3.601996828618307e-11, 3.409377633464809e-11, 1.3501308354576937e-08, 3.467383153250611e-11, 2.1979556689697503e-10, 3.608364665371595e-11, 8.129810150397197e-11, 1.1045774386280167e-10, 3.09454494269446e-11, 1.049924409383744e-10, 3.4054489886179303e-11, 0.999999982962736, 3.616451124975125e-11]"
hMpxV/USA/CA-CDPH-11000306/2023|EPI_ISL_18325009|2023-07-05,"[0.0, 0.0, 0.0, 0.0, 0.0, 0.0, 0.0, 0.0, 0.0, 0.0, 0.0, 0.0, 0.0, 0.0, 0.0, 0.0, 0.0, 0.0, 0.0, 0.0, 0.0, 0.0, 0.0, 0.0, 0.0, 0.0, 0.0, 0.0, 0.0, 1.0, 0.0]"
hMpxV/USA/CA-CDPH-11000307/2023|EPI_ISL_18325010|2023-07-05,"[0.0, 0.0, 0.0, 0.0, 0.0, 0.0, 0.0, 0.0, 0.0, 0.0, 0.0, 0.0, 0.0, 0.0, 0.0, 0.0, 0.0, 0.0, 0.0, 0.0, 0.0, 0.0, 0.0, 0.0, 0.0, 0.0, 0.0, 0.0, 0.0, 1.0, 0.0]"
NODE_0000382,"[9.261074520013362e-58, 2.5082749422617663e-66, 5.114336958129726e-52, 1.390896773719969e-66, 1.9002779839466062e-64, 2.118021740138595e-66, 2.625177156300209e-66, 2.1967531994186474e-66, 2.5255074025995133e-66, 1.6425182066667667e-66, 2.6953470789738453e-66, 1.9207873651184435e-66, 1.1871180615841635e-66, 1.7312306542594883e-66, 8.930290224065186e-63, 7.490465056795355e-56, 4.2792940977695915e-59, 1.9207873651199687e-66, 1.920787365118165e-66, 1.1951090953974847e-66, 8.721517856462295e-39, 6.294534038117076e-67, 9.841019308291967e-59, 2.0619193027658257e-66, 8.467996204767127e-63, 5.684079877067185e-62, 5.104511580380083e-67, 3.893391268101883e-62, 9.864567043256561e-67, 1.0, 2.3158357955312893e-66]"
hMpxV/USA/CA-CDPH-1M1000433/2023|EPI_ISL_18781818|2023-10-16,"[0.0, 0.0, 0.0, 0.0, 0.0, 0.0, 0.0, 0.0, 0.0, 0.0, 0.0, 0.0, 0.0, 0.0, 0.0, 0.0, 0.0, 0.0, 0.0, 0.0, 0.0, 0.0, 0.0, 0.0, 0.0, 0.0, 0.0, 0.0, 0.0, 1.0, 0.0]"
hMpxV/USA/CA-CDPH-1M1000420/2023|EPI_ISL_18781849|2023-10-13,"[0.0, 0.0, 0.0, 0.0, 0.0, 0.0, 0.0, 0.0, 0.0, 0.0, 0.0, 0.0, 0.0, 0.0, 0.0, 0.0, 0.0, 0.0, 0.0, 0.0, 0.0, 0.0, 0.0, 0.0, 0.0, 0.0, 0.0, 0.0, 0.0, 1.0, 0.0]"
hMpxV/USA/CA-CDPH-1M1000486/2023|EPI_ISL_19143448|2023-12-05,"[0.0, 0.0, 0.0, 0.0, 0.0, 0.0, 0.0, 0.0, 0.0, 0.0, 0.0, 0.0, 0.0, 0.0, 0.0, 0.0, 0.0, 0.0, 0.0, 0.0, 0.0, 0.0, 0.0, 0.0, 0.0, 0.0, 0.0, 0.0, 0.0, 1.0, 0.0]"
hMpxV/USA/CA-CDPH-1M1000344/2023|EPI_ISL_18452335|2023-09-26,"[0.0, 0.0, 0.0, 0.0, 0.0, 0.0, 0.0, 0.0, 0.0, 0.0, 0.0, 0.0, 0.0, 0.0, 0.0, 0.0, 0.0, 0.0, 0.0, 0.0, 0.0, 0.0, 0.0, 0.0, 0.0, 0.0, 0.0, 0.0, 0.0, 1.0, 0.0]"
hMpxV/USA/CA-CDPH-1M1000343/2023|EPI_ISL_18452334|2023-09-26,"[0.0, 0.0, 0.0, 0.0, 0.0, 0.0, 0.0, 0.0, 0.0, 0.0, 0.0, 0.0, 0.0, 0.0, 0.0, 0.0, 0.0, 0.0, 0.0, 0.0, 0.0, 0.0, 0.0, 0.0, 0.0, 0.0, 0.0, 0.0, 0.0, 1.0, 0.0]"
hMpxV/USA/CA-CDPH-1M1000381/2023|EPI_ISL_18781793|2023-10-20,"[0.0, 0.0, 0.0, 0.0, 0.0, 0.0, 0.0, 0.0, 0.0, 0.0, 0.0, 0.0, 0.0, 0.0, 0.0, 0.0, 0.0, 0.0, 0.0, 0.0, 0.0, 0.0, 0.0, 0.0, 0.0, 0.0, 0.0, 0.0, 0.0, 1.0, 0.0]"
hMpxV/USA/CA-CDPH-1M1000451/2023|EPI_ISL_18959309|2023-12-12,"[0.0, 0.0, 0.0, 0.0, 0.0, 0.0, 0.0, 0.0, 0.0, 0.0, 0.0, 0.0, 0.0, 0.0, 0.0, 0.0, 0.0, 0.0, 0.0, 0.0, 0.0, 0.0, 0.0, 0.0, 0.0, 0.0, 0.0, 0.0, 0.0, 1.0, 0.0]"
hMpxV/USA/CA-CDPH-1M1000453/2023|EPI_ISL_18959311|2023-12-14,"[0.0, 0.0, 0.0, 0.0, 0.0, 0.0, 0.0, 0.0, 0.0, 0.0, 0.0, 0.0, 0.0, 0.0, 0.0, 0.0, 0.0, 0.0, 0.0, 0.0, 0.0, 0.0, 0.0, 0.0, 0.0, 0.0, 0.0, 0.0, 0.0, 1.0, 0.0]"
hMpxV/USA/CA-CDPH-1M1000463/2023|EPI_ISL_18959320|2023-12-25,"[0.0, 0.0, 0.0, 0.0, 0.0, 0.0, 0.0, 0.0, 0.0, 0.0, 0.0, 0.0, 0.0, 0.0, 0.0, 0.0, 0.0, 0.0, 0.0, 0.0, 0.0, 0.0, 0.0, 0.0, 0.0, 0.0, 0.0, 0.0, 0.0, 1.0, 0.0]"
hMpxV/USA/CA-CDPH-1M1000464/2023|EPI_ISL_18959321|2023-12-25,"[0.0, 0.0, 0.0, 0.0, 0.0, 0.0, 0.0, 0.0, 0.0, 0.0, 0.0, 0.0, 0.0, 0.0, 0.0, 0.0, 0.0, 0.0, 0.0, 0.0, 0.0, 0.0, 0.0, 0.0, 0.0, 0.0, 0.0, 0.0, 0.0, 1.0, 0.0]"
hMpxV/USA/CA-LACPHL-MA00612/2023|EPI_ISL_18993203|2023-11-07,"[0.0, 0.0, 0.0, 0.0, 0.0, 0.0, 0.0, 0.0, 0.0, 0.0, 0.0, 0.0, 0.0, 0.0, 0.0, 0.0, 0.0, 0.0, 0.0, 0.0, 0.0, 0.0, 0.0, 0.0, 0.0, 0.0, 0.0, 0.0, 0.0, 1.0, 0.0]"
hMpxV/USA/CA-CDPH-1M1000400/2023|EPI_ISL_18781924|2023-10-25,"[0.0, 0.0, 0.0, 0.0, 0.0, 0.0, 0.0, 0.0, 0.0, 0.0, 0.0, 0.0, 0.0, 0.0, 0.0, 0.0, 0.0, 0.0, 0.0, 0.0, 0.0, 0.0, 0.0, 0.0, 0.0, 0.0, 0.0, 0.0, 0.0, 1.0, 0.0]"
hMpxV/USA/CA-CDPH-1M1000399/2023|EPI_ISL_18781923|2023-10-18,"[0.0, 0.0, 0.0, 0.0, 0.0, 0.0, 0.0, 0.0, 0.0, 0.0, 0.0, 0.0, 0.0, 0.0, 0.0, 0.0, 0.0, 0.0, 0.0, 0.0, 0.0, 0.0, 0.0, 0.0, 0.0, 0.0, 0.0, 0.0, 0.0, 1.0, 0.0]"
hMpxV/USA/CA-CDPH-1M1000398/2023|EPI_ISL_18781922|2023-11-11,"[0.0, 0.0, 0.0, 0.0, 0.0, 0.0, 0.0, 0.0, 0.0, 0.0, 0.0, 0.0, 0.0, 0.0, 0.0, 0.0, 0.0, 0.0, 0.0, 0.0, 0.0, 0.0, 0.0, 0.0, 0.0, 0.0, 0.0, 0.0, 0.0, 1.0, 0.0]"
hMpxV/USA/CA-CDPH-1M1000440/2023|EPI_ISL_18781628|2023-11-09,"[0.0, 0.0, 0.0, 0.0, 0.0, 0.0, 0.0, 0.0, 0.0, 0.0, 0.0, 0.0, 0.0, 0.0, 0.0, 0.0, 0.0, 0.0, 0.0, 0.0, 0.0, 0.0, 0.0, 0.0, 0.0, 0.0, 0.0, 0.0, 0.0, 1.0, 0.0]"
hMpxV/USA/CA-CDPH-1M1000450/2023|EPI_ISL_18781637|2023-10-16,"[0.0, 0.0, 0.0, 0.0, 0.0, 0.0, 0.0, 0.0, 0.0, 0.0, 0.0, 0.0, 0.0, 0.0, 0.0, 0.0, 0.0, 0.0, 0.0, 0.0, 0.0, 0.0, 0.0, 0.0, 0.0, 0.0, 0.0, 0.0, 0.0, 1.0, 0.0]"
hMpxV/USA/CA-CDPH-1M1000531/2023|EPI_ISL_19170460|2023-10-16,"[0.0, 0.0, 0.0, 0.0, 0.0, 0.0, 0.0, 0.0, 0.0, 0.0, 0.0, 0.0, 0.0, 0.0, 0.0, 0.0, 0.0, 0.0, 0.0, 0.0, 0.0, 0.0, 0.0, 0.0, 0.0, 0.0, 0.0, 0.0, 0.0, 1.0, 0.0]"
hMpxV/USA/CA-CDPH-1M1000533/2023|EPI_ISL_19170462|2023-10-06,"[0.0, 0.0, 0.0, 0.0, 0.0, 0.0, 0.0, 0.0, 0.0, 0.0, 0.0, 0.0, 0.0, 0.0, 0.0, 0.0, 0.0, 0.0, 0.0, 0.0, 0.0, 0.0, 0.0, 0.0, 0.0, 0.0, 0.0, 0.0, 0.0, 1.0, 0.0]"
hMpxV/USA/CA-CDPH-1M1000535/2023|EPI_ISL_19170464|2023-10-18,"[0.0, 0.0, 0.0, 0.0, 0.0, 0.0, 0.0, 0.0, 0.0, 0.0, 0.0, 0.0, 0.0, 0.0, 0.0, 0.0, 0.0, 0.0, 0.0, 0.0, 0.0, 0.0, 0.0, 0.0, 0.0, 0.0, 0.0, 0.0, 0.0, 1.0, 0.0]"
hMpxV/USA/CA-CDPH-1M1000536/2023|EPI_ISL_19170465|2023-10-19,"[0.0, 0.0, 0.0, 0.0, 0.0, 0.0, 0.0, 0.0, 0.0, 0.0, 0.0, 0.0, 0.0, 0.0, 0.0, 0.0, 0.0, 0.0, 0.0, 0.0, 0.0, 0.0, 0.0, 0.0, 0.0, 0.0, 0.0, 0.0, 0.0, 0.9999999999999999, 0.0]"
hMpxV/USA/CA-CDPH-1M1000620/2023|EPI_ISL_19295765|2023-10-10,"[0.0, 0.0, 0.0, 0.0, 0.0, 0.0, 0.0, 0.0, 0.0, 0.0, 0.0, 0.0, 0.0, 0.0, 0.0, 0.0, 0.0, 0.0, 0.0, 0.0, 0.0, 0.0, 0.0, 0.0, 0.0, 0.0, 0.0, 0.0, 0.0, 1.0, 0.0]"
hMpxV/USA/CA-CDPH-1M1000622/2023|EPI_ISL_19295767|2023-09-19,"[0.0, 0.0, 0.0, 0.0, 0.0, 0.0, 0.0, 0.0, 0.0, 0.0, 0.0, 0.0, 0.0, 0.0, 0.0, 0.0, 0.0, 0.0, 0.0, 0.0, 0.0, 0.0, 0.0, 0.0, 0.0, 0.0, 0.0, 0.0, 0.0, 1.0, 0.0]"
hMpxV/USA/CA-CDPH-1M1000357/2023|EPI_ISL_18786340|2023-09-12,"[0.0, 0.0, 0.0, 0.0, 0.0, 0.0, 0.0, 0.0, 0.0, 0.0, 0.0, 0.0, 0.0, 0.0, 0.0, 0.0, 0.0, 0.0, 0.0, 0.0, 0.0, 0.0, 0.0, 0.0, 0.0, 0.0, 0.0, 0.0, 0.0, 1.0, 0.0]"
hMpxV/USA/CA-CDPH-1M1000362/2023|EPI_ISL_18786347|2023-09-21,"[0.0, 0.0, 0.0, 0.0, 0.0, 0.0, 0.0, 0.0, 0.0, 0.0, 0.0, 0.0, 0.0, 0.0, 0.0, 0.0, 0.0, 0.0, 0.0, 0.0, 0.0, 0.0, 0.0, 0.0, 0.0, 0.0, 0.0, 0.0, 0.0, 1.0, 0.0]"
hMpxV/USA/IL-RIPHL-050-0110/2023|EPI_ISL_19016746|2023-09-27,"[0.0, 0.0, 0.0, 0.0, 0.0, 0.0, 0.0, 0.0, 0.0, 0.0, 0.0, 0.0, 0.0, 0.0, 0.0, 0.0, 0.0, 0.0, 0.0, 0.0, 0.0, 0.0, 0.0, 0.0, 0.0, 0.0, 0.0, 0.0, 0.0, 1.0, 0.0]"
NODE_0000387,"[1.6401470508746224e-09, 1.6808207702963031e-10, 6.080897668347549e-09, 1.664888284648091e-10, 2.3545912207264644e-10, 1.680203262323432e-10, 1.6930282686758034e-10, 1.6847451419050546e-10, 1.6918542952241641e-10, 1.6650092028969432e-10, 1.688713952720506e-10, 1.6797196306261175e-10, 1.589359635374811e-10, 1.6419110883880994e-10, 3.946382929935305e-10, 2.02364653131364e-09, 1.2604365484381022e-09, 1.6797196306272872e-10, 1.679719630625856e-10, 1.581601103857746e-10, 7.295219064391608e-08, 1.6081725876059102e-10, 1.0826732868258819e-09, 1.6825429512571113e-10, 3.8845799421997766e-10, 5.340251434817566e-10, 1.4276453403638067e-10, 5.071379661780201e-10, 1.5818381625726467e-10, 0.9999999097715514, 1.6858901650537668e-10]"
hMpxV/USA/CA-CDPH-1M1000377/2023|EPI_ISL_18781788|2023-09-16,"[0.0, 0.0, 0.0, 0.0, 0.0, 0.0, 0.0, 0.0, 0.0, 0.0, 0.0, 0.0, 0.0, 0.0, 0.0, 0.0, 0.0, 0.0, 0.0, 0.0, 0.0, 0.0, 0.0, 0.0, 0.0, 0.0, 0.0, 0.0, 0.0, 0.9999999999999999, 0.0]"
hMpxV/USA/CA-CDPH-1M1000437/2023|EPI_ISL_18781626|2023-10-11,"[0.0, 0.0, 0.0, 0.0, 0.0, 0.0, 0.0, 0.0, 0.0, 0.0, 0.0, 0.0, 0.0, 0.0, 0.0, 0.0, 0.0, 0.0, 0.0, 0.0, 0.0, 0.0, 0.0, 0.0, 0.0, 0.0, 0.0, 0.0, 0.0, 1.0, 0.0]"
NODE_0000385,"[6.153211339731994e-08, 5.523551873065362e-09, 2.9441575939688346e-07, 5.230715627907748e-09, 9.002451971993918e-09, 5.459616261041455e-09, 5.463434216972998e-09, 5.326213600774504e-09, 5.379634272423209e-09, 5.27007622763527e-09, 5.337051665863343e-09, 5.278785549564979e-09, 5.042816844701433e-09, 5.4892201822070376e-09, 1.2198621743324896e-08, 8.724357109980809e-08, 4.228657414761451e-08, 5.278785549565436e-09, 5.278785549564943e-09, 5.100274750258603e-09, 4.968081015344747e-06, 5.085920013833821e-09, 3.7658601750187715e-08, 5.303630756966312e-09, 1.2981559993605853e-08, 1.7171401789937038e-08, 4.684800497026651e-09, 1.6246151667264012e-08, 5.020729466322506e-09, 0.9999943412830163, 5.34511831853963e-09]"
hMpxV/USA/CA-CDPH-1M1000497/2024|EPI_ISL_19143456|2024-01-17,"[0.0, 0.0, 0.0, 0.0, 0.0, 0.0, 0.0, 0.0, 0.0, 0.0, 0.0, 0.0, 0.0, 0.0, 0.0, 0.0, 0.0, 0.0, 0.0, 0.0, 0.0, 0.0, 0.0, 0.0, 0.0, 0.0, 0.0, 0.0, 0.0, 1.0, 0.0]"
hMpxV/USA/CA-CDPH-1M1000482/2024|EPI_ISL_19143475|2024-03-06,"[0.0, 0.0, 0.0, 0.0, 0.0, 0.0, 0.0, 0.0, 0.0, 0.0, 0.0, 0.0, 0.0, 0.0, 0.0, 0.0, 0.0, 0.0, 0.0, 0.0, 0.0, 0.0, 0.0, 0.0, 0.0, 0.0, 0.0, 0.0, 0.0, 1.0, 0.0]"
hMpxV/USA/CA-CDPH-1M1000608/2024|EPI_ISL_19295757|2024-06-10,"[0.0, 0.0, 0.0, 0.0, 0.0, 0.0, 0.0, 0.0, 0.0, 0.0, 0.0, 0.0, 0.0, 0.0, 0.0, 0.0, 0.0, 0.0, 0.0, 0.0, 0.0, 0.0, 0.0, 0.0, 0.0, 0.0, 0.0, 0.0, 0.0, 1.0, 0.0]"
NODE_0000386,"[1.6047005207139434e-10, 7.0495221219053255e-12, 1.239937595820743e-09, 6.515154538977144e-12, 1.3536646157923176e-11, 6.9128016611140936e-12, 6.981747094718088e-12, 6.75536658168895e-12, 6.859859493745626e-12, 6.608277267793403e-12, 6.826591184649775e-12, 6.66061771148827e-12, 6.251291510227828e-12, 6.901995188786684e-12, 2.1091886807548035e-11, 2.694484278366131e-10, 9.884371342766214e-11, 6.6606177114928424e-12, 6.660617711487423e-12, 6.328134647974044e-12, 6.609175602281271e-08, 6.139623278937691e-12, 9.149410657967519e-11, 6.710291522787627e-12, 2.235626046358408e-11, 3.1614895469773625e-11, 5.635978875632008e-12, 2.95127087146062e-11, 6.178915542319662e-12, 0.9999999318045071, 6.793217622148239e-12]"
hMpxV/USA/CA-CDPH-1M1000473/2024|EPI_ISL_19143467|2024-02-06,"[0.0, 0.0, 0.0, 0.0, 0.0, 0.0, 0.0, 0.0, 0.0, 0.0, 0.0, 0.0, 0.0, 0.0, 0.0, 0.0, 0.0, 0.0, 0.0, 0.0, 0.0, 0.0, 0.0, 0.0, 0.0, 0.0, 0.0, 0.0, 0.0, 1.0, 0.0]"
hMpxV/USA/CA-CDPH-1M1000474/2024|EPI_ISL_19143468|2024-02-09,"[0.0, 0.0, 0.0, 0.0, 0.0, 0.0, 0.0, 0.0, 0.0, 0.0, 0.0, 0.0, 0.0, 0.0, 0.0, 0.0, 0.0, 0.0, 0.0, 0.0, 0.0, 0.0, 0.0, 0.0, 0.0, 0.0, 0.0, 0.0, 0.0, 1.0, 0.0]"
hMpxV/USA/CA-LACPHL-MA00618/2024|EPI_ISL_18993206|2024-02-07,"[0.0, 0.0, 0.0, 0.0, 0.0, 0.0, 0.0, 0.0, 0.0, 0.0, 0.0, 0.0, 0.0, 0.0, 0.0, 0.0, 0.0, 0.0, 0.0, 0.0, 0.0, 0.0, 0.0, 0.0, 0.0, 0.0, 0.0, 0.0, 0.0, 0.9999999999999999, 0.0]"
hMpxV/USA/CA-CDPH-1M1000394/2023|EPI_ISL_18781918|2023-11-07,"[0.0, 0.0, 0.0, 0.0, 0.0, 0.0, 0.0, 0.0, 0.0, 0.0, 0.0, 0.0, 0.0, 0.0, 0.0, 0.0, 0.0, 0.0, 0.0, 0.0, 0.0, 0.0, 0.0, 0.0, 0.0, 0.0, 0.0, 0.0, 0.0, 1.0, 0.0]"
NODE_0000383,"[8.580520840373512e-10, 4.8423201232831676e-11, 4.869569626495712e-09, 4.677952901630461e-11, 7.894371238937776e-11, 4.8055580643635905e-11, 4.872360451834504e-11, 4.807928081186092e-11, 4.85325959331166e-11, 4.708431286836772e-11, 4.8517654261058544e-11, 4.769400114107134e-11, 4.454387991581257e-11, 4.685161933381842e-11, 1.4407112174259883e-10, 1.2371065559163525e-09, 5.930561065756799e-10, 4.769400114107394e-11, 4.769400114107132e-11, 4.4437246147467934e-11, 1.546251426906344e-07, 4.409447616313258e-11, 5.285298210789567e-10, 4.790106494500764e-11, 1.4292894807703606e-10, 2.062309993777778e-10, 3.920872291346723e-11, 1.9364044048160005e-10, 4.4071163859010776e-11, 0.9999998356361304, 4.8211512169007444e-11]"
hMpxV/USA/CA-CDPH-1M1000488/2023|EPI_ISL_19143450|2023-12-04,"[0.0, 0.0, 0.0, 0.0, 0.0, 0.0, 0.0, 0.0, 0.0, 0.0, 0.0, 0.0, 0.0, 0.0, 0.0, 0.0, 0.0, 0.0, 0.0, 0.0, 0.0, 0.0, 0.0, 0.0, 0.0, 0.0, 0.0, 0.0, 0.0, 0.9999999999999999, 0.0]"
hMpxV/USA/CA-CDPH-1M1000487/2023|EPI_ISL_19143449|2023-12-11,"[0.0, 0.0, 0.0, 0.0, 0.0, 0.0, 0.0, 0.0, 0.0, 0.0, 0.0, 0.0, 0.0, 0.0, 0.0, 0.0, 0.0, 0.0, 0.0, 0.0, 0.0, 0.0, 0.0, 0.0, 0.0, 0.0, 0.0, 0.0, 0.0, 0.9999999999999999, 0.0]"
NODE_0000384,"[1.6074770668322556e-16, 1.762379820239675e-18, 2.46481335811983e-15, 1.6680958557238732e-18, 3.780372607150599e-18, 1.7379135537898257e-18, 1.8075478340702953e-18, 1.783693543039156e-18, 1.816819372827178e-18, 1.6970032240829052e-18, 1.8368579448400405e-18, 1.754435469465432e-18, 1.558366968231082e-18, 1.6251786323410509e-18, 1.1426333910825619e-17, 3.152937608516214e-16, 9.126578462080059e-17, 1.754435469466728e-18, 1.7544354694651743e-18, 1.535066461065408e-18, 9.729003758182543e-13, 1.4499948425590199e-18, 8.732509770805609e-17, 1.7701392352483153e-18, 1.0627219665388034e-17, 1.8506110783659257e-17, 1.2391504887182156e-18, 1.6869274332330722e-17, 1.5135454493707082e-18, 0.9999999999990239, 1.7939343604813988e-18]"
hMpxV/USA/CA-CDPH-1M1000485/2023|EPI_ISL_19143447|2023-12-15,"[0.0, 0.0, 0.0, 0.0, 0.0, 0.0, 0.0, 0.0, 0.0, 0.0, 0.0, 0.0, 0.0, 0.0, 0.0, 0.0, 0.0, 0.0, 0.0, 0.0, 0.0, 0.0, 0.0, 0.0, 0.0, 0.0, 0.0, 0.0, 0.0, 1.0, 0.0]"
hMpxV/USA/CA-CDPH-1M1000502/2023|EPI_ISL_19143460|2023-12-05,"[0.0, 0.0, 0.0, 0.0, 0.0, 0.0, 0.0, 0.0, 0.0, 0.0, 0.0, 0.0, 0.0, 0.0, 0.0, 0.0, 0.0, 0.0, 0.0, 0.0, 0.0, 0.0, 0.0, 0.0, 0.0, 0.0, 0.0, 0.0, 0.0, 1.0, 0.0]"
hMpxV/USA/CA-CDPH-1M1000454/2023|EPI_ISL_18959312|2023-12-18,"[0.0, 0.0, 0.0, 0.0, 0.0, 0.0, 0.0, 0.0, 0.0, 0.0, 0.0, 0.0, 0.0, 0.0, 0.0, 0.0, 0.0, 0.0, 0.0, 0.0, 0.0, 0.0, 0.0, 0.0, 0.0, 0.0, 0.0, 0.0, 0.0, 1.0, 0.0]"
hMpxV/USA/CA-CDPH-1M1000456/2023|EPI_ISL_18959314|2023-12-18,"[0.0, 0.0, 0.0, 0.0, 0.0, 0.0, 0.0, 0.0, 0.0, 0.0, 0.0, 0.0, 0.0, 0.0, 0.0, 0.0, 0.0, 0.0, 0.0, 0.0, 0.0, 0.0, 0.0, 0.0, 0.0, 0.0, 0.0, 0.0, 0.0, 1.0, 0.0]"
hMpxV/USA/CA-CDPH-1M1000459/2023|EPI_ISL_18959316|2023-12-22,"[0.0, 0.0, 0.0, 0.0, 0.0, 0.0, 0.0, 0.0, 0.0, 0.0, 0.0, 0.0, 0.0, 0.0, 0.0, 0.0, 0.0, 0.0, 0.0, 0.0, 0.0, 0.0, 0.0, 0.0, 0.0, 0.0, 0.0, 0.0, 0.0, 0.9999999999999999, 0.0]"
NODE_0000003,"[0.0001296596087204919, 0.00014151065572220496, 0.00016438898346804467, 9.000665328526808e-05, 0.00028603968589807166, 0.00010826855116368763, 0.00011607172130853817, 8.801175375192671e-05, 8.798349540252335e-05, 8.867469768027186e-05, 0.00014813226485576138, 8.815561561651694e-05, 8.831775202979529e-05, 0.00011617410650624, 0.9711827197912978, 0.00031354336046400115, 9.408937886671755e-05, 8.815561561650887e-05, 8.815561561651875e-05, 0.00011141267370224848, 0.00486844816766553, 0.0001834894941185388, 9.637014685337293e-05, 8.808061496354674e-05, 0.00023711051052132488, 8.479643557964422e-05, 0.019966740239360306, 8.520021805906905e-05, 0.0002870042590267596, 0.0003953507066054599, 8.793722627340959e-05]"
hMpxV/South_Korea/KDCA-P033/2023|EPI_ISL_18147350|2023-04-25,"[0.0, 0.0, 0.0, 0.0, 0.0, 0.0, 0.0, 0.0, 0.0, 0.0, 0.0, 0.0, 0.0, 0.0, 0.0, 0.0, 0.0, 0.0, 0.0, 0.0, 0.0, 0.0, 0.0, 0.0, 0.0, 0.0, 1.0, 0.0, 0.0, 0.0, 0.0]"
NODE_0000004,"[1.0069976540951323e-37, 5.260424069176637e-38, 3.5743382692412426e-40, 8.986407867822836e-38, 6.863276803797314e-38, 4.073382765458662e-38, 4.6811467579351253e-38, 3.860886735214195e-38, 4.1873525722838693e-38, 3.278789528229332e-38, 8.225619482384986e-36, 3.5953227557123595e-38, 2.186103939997851e-37, 3.331222580977241e-38, 0.9999999948343061, 2.475617722671071e-38, 1.9442976732924142e-38, 3.59532275570958e-38, 3.5953227557126597e-38, 2.432379398416439e-38, 5.7350840404540376e-36, 6.617580402985416e-35, 1.020648755698932e-38, 3.7331333633626245e-38, 4.869070602417675e-34, 3.022986218313187e-38, 5.165693906424195e-09, 3.5638947197058837e-38, 2.0709031120378797e-28, 3.505702636670325e-40, 3.967414397045206e-38]"
hMpxV/Japan/TMIPH-0318/2022|EPI_ISL_17008294|2023-01-25,"[0.0, 0.0, 0.0, 0.0, 0.0, 0.0, 0.0, 0.0, 0.0, 0.0, 0.0, 0.0, 0.0, 0.0, 1.0, 0.0, 0.0, 0.0, 0.0, 0.0, 0.0, 0.0, 0.0, 0.0, 0.0, 0.0, 0.0, 0.0, 0.0, 0.0, 0.0]"
hMpxV/Japan/TMIPH-0325/2022|EPI_ISL_17008295|2023-01-30,"[0.0, 0.0, 0.0, 0.0, 0.0, 0.0, 0.0, 0.0, 0.0, 0.0, 0.0, 0.0, 0.0, 0.0, 1.0, 0.0, 0.0, 0.0, 0.0, 0.0, 0.0, 0.0, 0.0, 0.0, 0.0, 0.0, 0.0, 0.0, 0.0, 0.0, 0.0]"
hMpxV/Japan/TMIPH-0342/2022|EPI_ISL_17008296|2023-02-09,"[0.0, 0.0, 0.0, 0.0, 0.0, 0.0, 0.0, 0.0, 0.0, 0.0, 0.0, 0.0, 0.0, 0.0, 0.9999999999999999, 0.0, 0.0, 0.0, 0.0, 0.0, 0.0, 0.0, 0.0, 0.0, 0.0, 0.0, 0.0, 0.0, 0.0, 0.0, 0.0]"
hMpxV/South_Korea/KDCA-P010/2023|EPI_ISL_18147334|2023-04-13,"[0.0, 0.0, 0.0, 0.0, 0.0, 0.0, 0.0, 0.0, 0.0, 0.0, 0.0, 0.0, 0.0, 0.0, 0.0, 0.0, 0.0, 0.0, 0.0, 0.0, 0.0, 0.0, 0.0, 0.0, 0.0, 0.0, 1.0, 0.0, 0.0, 0.0, 0.0]"
hMpxV/South_Korea/KDCA-P012/2023|EPI_ISL_18147342|2023-04-15,"[0.0, 0.0, 0.0, 0.0, 0.0, 0.0, 0.0, 0.0, 0.0, 0.0, 0.0, 0.0, 0.0, 0.0, 0.0, 0.0, 0.0, 0.0, 0.0, 0.0, 0.0, 0.0, 0.0, 0.0, 0.0, 0.0, 1.0, 0.0, 0.0, 0.0, 0.0]"
hMpxV/South_Korea/KDCA-P034/2023|EPI_ISL_18147346|2023-04-25,"[0.0, 0.0, 0.0, 0.0, 0.0, 0.0, 0.0, 0.0, 0.0, 0.0, 0.0, 0.0, 0.0, 0.0, 0.0, 0.0, 0.0, 0.0, 0.0, 0.0, 0.0, 0.0, 0.0, 0.0, 0.0, 0.0, 0.9999999999999999, 0.0, 0.0, 0.0, 0.0]"
hMpxV/South_Korea/KDCA-P027/2023|EPI_ISL_18147349|2023-04-22,"[0.0, 0.0, 0.0, 0.0, 0.0, 0.0, 0.0, 0.0, 0.0, 0.0, 0.0, 0.0, 0.0, 0.0, 0.0, 0.0, 0.0, 0.0, 0.0, 0.0, 0.0, 0.0, 0.0, 0.0, 0.0, 0.0, 1.0, 0.0, 0.0, 0.0, 0.0]"
hMpxV/South_Korea/KDCA-P024/2023|EPI_ISL_18147351|2023-04-21,"[0.0, 0.0, 0.0, 0.0, 0.0, 0.0, 0.0, 0.0, 0.0, 0.0, 0.0, 0.0, 0.0, 0.0, 0.0, 0.0, 0.0, 0.0, 0.0, 0.0, 0.0, 0.0, 0.0, 0.0, 0.0, 0.0, 1.0, 0.0, 0.0, 0.0, 0.0]"
hMpxV/South_Korea/KDCA-P008/2023|EPI_ISL_18147360|2023-04-11,"[0.0, 0.0, 0.0, 0.0, 0.0, 0.0, 0.0, 0.0, 0.0, 0.0, 0.0, 0.0, 0.0, 0.0, 0.0, 0.0, 0.0, 0.0, 0.0, 0.0, 0.0, 0.0, 0.0, 0.0, 0.0, 0.0, 1.0, 0.0, 0.0, 0.0, 0.0]"
hMpxV/South_Korea/KDCA-P015/2023|EPI_ISL_18147358|2023-04-18,"[0.0, 0.0, 0.0, 0.0, 0.0, 0.0, 0.0, 0.0, 0.0, 0.0, 0.0, 0.0, 0.0, 0.0, 0.0, 0.0, 0.0, 0.0, 0.0, 0.0, 0.0, 0.0, 0.0, 0.0, 0.0, 0.0, 1.0, 0.0, 0.0, 0.0, 0.0]"
hMpxV/South_Korea/KDCA-P009/2023|EPI_ISL_18147359|2023-04-12,"[0.0, 0.0, 0.0, 0.0, 0.0, 0.0, 0.0, 0.0, 0.0, 0.0, 0.0, 0.0, 0.0, 0.0, 0.0, 0.0, 0.0, 0.0, 0.0, 0.0, 0.0, 0.0, 0.0, 0.0, 0.0, 0.0, 1.0, 0.0, 0.0, 0.0, 0.0]"
hMpxV/Thailand/KCMH-296/2023|EPI_ISL_19437778|2023-07-03,"[0.0, 0.0, 0.0, 0.0, 0.0, 0.0, 0.0, 0.0, 0.0, 0.0, 0.0, 0.0, 0.0, 0.0, 0.0, 0.0, 0.0, 0.0, 0.0, 0.0, 0.0, 0.0, 0.0, 0.0, 0.0, 0.0, 0.0, 0.0, 1.0, 0.0, 0.0]"
hMpxV/Japan/FKTMIPH-220304/2023|EPI_ISL_17246657|2023-01-23,"[0.0, 0.0, 0.0, 0.0, 0.0, 0.0, 0.0, 0.0, 0.0, 0.0, 0.0, 0.0, 0.0, 0.0, 1.0, 0.0, 0.0, 0.0, 0.0, 0.0, 0.0, 0.0, 0.0, 0.0, 0.0, 0.0, 0.0, 0.0, 0.0, 0.0, 0.0]"
hMpxV/Japan/FKTMIPH-220343/2023|EPI_ISL_17246659|2023-02-13,"[0.0, 0.0, 0.0, 0.0, 0.0, 0.0, 0.0, 0.0, 0.0, 0.0, 0.0, 0.0, 0.0, 0.0, 1.0, 0.0, 0.0, 0.0, 0.0, 0.0, 0.0, 0.0, 0.0, 0.0, 0.0, 0.0, 0.0, 0.0, 0.0, 0.0, 0.0]"
NODE_0000151,"[0.000317981462172309, 0.000294909127865502, 0.0001530637816395809, 0.00046024077884598786, 0.0002584514708539188, 0.00029879558963384503, 0.0002937631597950147, 0.0002972273898741065, 0.00029723892498121604, 0.00029936085863465907, 0.000550241223492901, 0.00029766858998393205, 0.00044191233931854676, 0.00029670267218092874, 0.4235558341886411, 0.00020048125721752814, 0.00029691970516801836, 0.00029766858998394745, 0.00029766858998393894, 0.0002819006899234945, 0.00011269741383125233, 0.0005265633825927646, 0.00021173298243693252, 0.0002974351020983556, 0.00040162198273675375, 0.00027958611770730795, 0.00601938671513825, 0.00028171585356377607, 0.5619122969945125, 0.00017193391505308892, 0.0002969991501386796]"
hMpxV/Japan/TMIPH-0258/2023|EPI_ISL_18352304|2023-09-14,"[0.0, 0.0, 0.0, 0.0, 0.0, 0.0, 0.0, 0.0, 0.0, 0.0, 0.0, 0.0, 0.0, 0.0, 1.0, 0.0, 0.0, 0.0, 0.0, 0.0, 0.0, 0.0, 0.0, 0.0, 0.0, 0.0, 0.0, 0.0, 0.0, 0.0, 0.0]"
hMpxV/Thailand/KCMH-294/2023|EPI_ISL_19437774|2023-07-03,"[0.0, 0.0, 0.0, 0.0, 0.0, 0.0, 0.0, 0.0, 0.0, 0.0, 0.0, 0.0, 0.0, 0.0, 0.0, 0.0, 0.0, 0.0, 0.0, 0.0, 0.0, 0.0, 0.0, 0.0, 0.0, 0.0, 0.0, 0.0, 1.0, 0.0, 0.0]"
NODE_0000152,"[2.2479481242332633e-06, 2.7514927616878667e-06, 1.254191561985617e-06, 2.8681468939331117e-06, 2.3858444415221567e-06, 2.790346993007616e-06, 2.747543267656695e-06, 2.774238498317643e-06, 2.768900660108449e-06, 2.7940132507296383e-06, 4.047997301312964e-06, 2.784787460140565e-06, 2.7156309211011384e-06, 2.7522094659853657e-06, 0.0055816797017838, 1.7976574200673428e-06, 2.7262296643818038e-06, 2.7847874601403663e-06, 2.784787460140472e-06, 2.5974712316921365e-06, 8.942205141821956e-07, 8.504118932437451e-06, 1.8729701953868426e-06, 2.7794834853392853e-06, 9.282084628992907e-06, 2.6091524292939052e-06, 0.9943287599424153, 2.6336588517276964e-06, 6.772086334555898e-06, 1.0699048540676783e-06, 2.7684507367743358e-06]"
hMpxV/South_Korea/KDCA-P026/2023|EPI_ISL_18147347|2023-04-22,"[0.0, 0.0, 0.0, 0.0, 0.0, 0.0, 0.0, 0.0, 0.0, 0.0, 0.0, 0.0, 0.0, 0.0, 0.0, 0.0, 0.0, 0.0, 0.0, 0.0, 0.0, 0.0, 0.0, 0.0, 0.0, 0.0, 1.0, 0.0, 0.0, 0.0, 0.0]"
hMpxV/South_Korea/KDCA-P017/2023|EPI_ISL_18147363|2023-04-18,"[0.0, 0.0, 0.0, 0.0, 0.0, 0.0, 0.0, 0.0, 0.0, 0.0, 0.0, 0.0, 0.0, 0.0, 0.0, 0.0, 0.0, 0.0, 0.0, 0.0, 0.0, 0.0, 0.0, 0.0, 0.0, 0.0, 1.0, 0.0, 0.0, 0.0, 0.0]"
NODE_0000143,"[4.08126411645488e-10, 1.7825569612265288e-10, 7.605042686263718e-11, 1.855318050451324e-10, 1.5702226725092215e-10, 1.8017535557918026e-10, 1.786049774315122e-10, 1.8050465425409144e-10, 1.8094744076305044e-10, 1.8008709541091007e-10, 1.0959744022869933e-09, 1.8038830155998593e-10, 1.9472991897006379e-10, 1.76190457710401e-10, 0.9999996048402707, 1.1958842195254773e-10, 1.7225561820820136e-10, 1.8038830155997132e-10, 1.8038830155998696e-10, 1.6638204843921286e-10, 1.8080238864353048e-10, 7.574553261980839e-10, 1.241676362348008e-10, 1.8046213176063857e-10, 9.417350150919262e-10, 1.7063358810320726e-10, 3.7775060420366656e-07, 1.7308595260380916e-10, 1.0160696228349342e-08, 1.6802796630634806e-10, 1.8046683603389386e-10]"
hMpxV/Japan/TMIPH-0162/2023|EPI_ISL_17837266|2023-06-02,"[0.0, 0.0, 0.0, 0.0, 0.0, 0.0, 0.0, 0.0, 0.0, 0.0, 0.0, 0.0, 0.0, 0.0, 1.0, 0.0, 0.0, 0.0, 0.0, 0.0, 0.0, 0.0, 0.0, 0.0, 0.0, 0.0, 0.0, 0.0, 0.0, 0.0, 0.0]"
hMpxV/Japan/TMIPH-220512/2023|EPI_ISL_17445516|2023-03-28,"[0.0, 0.0, 0.0, 0.0, 0.0, 0.0, 0.0, 0.0, 0.0, 0.0, 0.0, 0.0, 0.0, 0.0, 1.0, 0.0, 0.0, 0.0, 0.0, 0.0, 0.0, 0.0, 0.0, 0.0, 0.0, 0.0, 0.0, 0.0, 0.0, 0.0, 0.0]"
hMpxV/Japan/TMIPH-0012/2023|EPI_ISL_17592666|2023-04-04,"[0.0, 0.0, 0.0, 0.0, 0.0, 0.0, 0.0, 0.0, 0.0, 0.0, 0.0, 0.0, 0.0, 0.0, 1.0, 0.0, 0.0, 0.0, 0.0, 0.0, 0.0, 0.0, 0.0, 0.0, 0.0, 0.0, 0.0, 0.0, 0.0, 0.0, 0.0]"
NODE_0000147,"[0.9999803340783071, 5.57652362153399e-07, 9.517539468493605e-07, 5.760016191734776e-07, 4.995308811754933e-07, 5.637967091450915e-07, 5.569290666987049e-07, 5.607051060357249e-07, 5.594201702006906e-07, 5.645266523417127e-07, 5.821892738436185e-07, 5.627328893534641e-07, 5.424600711781929e-07, 5.587214588763406e-07, 1.558196716035749e-06, 3.9987075567435986e-07, 5.560928358132585e-07, 5.62732889353476e-07, 5.627328893534859e-07, 5.346014933934988e-07, 3.8222364332910345e-07, 6.111000467791096e-07, 4.121737898438811e-07, 5.617162265576769e-07, 1.4386544909554195e-06, 5.351581124670506e-07, 7.336342918122475e-07, 5.385032936631597e-07, 6.340398918542826e-07, 1.4484577533136355e-06, 5.596123655962089e-07]"
hMpxV/Australia/VIC-VIDRL-2389/2024|EPI_ISL_19459797|2024-04-18,"[1.0, 0.0, 0.0, 0.0, 0.0, 0.0, 0.0, 0.0, 0.0, 0.0, 0.0, 0.0, 0.0, 0.0, 0.0, 0.0, 0.0, 0.0, 0.0, 0.0, 0.0, 0.0, 0.0, 0.0, 0.0, 0.0, 0.0, 0.0, 0.0, 0.0, 0.0]"
NODE_0000148,"[0.9999999941973537, 1.498249757708997e-10, 3.57759848598386e-10, 1.5382068892648225e-10, 1.3301159966295154e-10, 1.5139378155030332e-10, 1.503406584836749e-10, 1.5130118440128118e-10, 1.511718025800624e-10, 1.5131890649164633e-10, 1.5336451691833565e-10, 1.516991492831907e-10, 1.4198157847103883e-10, 1.479559783768776e-10, 4.278065900280476e-10, 1.0241021406423495e-10, 1.444376947819367e-10, 1.5169914928323483e-10, 1.516991492832355e-10, 1.4007197833973094e-10, 1.4536735501344472e-10, 1.5505723030384404e-10, 1.0452497877551209e-10, 1.5151476361753716e-10, 6.233110542295094e-10, 1.44205250617215e-10, 1.5288087497214665e-10, 1.4598174094021698e-10, 1.5407517304421164e-10, 6.116410367608077e-10, 1.51017226598441e-10]"
hMpxV/Australia/VIC-VIDRL-2390/2024|EPI_ISL_19459734|2024-04-18,"[1.0, 0.0, 0.0, 0.0, 0.0, 0.0, 0.0, 0.0, 0.0, 0.0, 0.0, 0.0, 0.0, 0.0, 0.0, 0.0, 0.0, 0.0, 0.0, 0.0, 0.0, 0.0, 0.0, 0.0, 0.0, 0.0, 0.0, 0.0, 0.0, 0.0, 0.0]"
hMpxV/Australia/VIC-VIDRL-40803/2024|EPI_ISL_19459753|2024-04-24,"[1.0, 0.0, 0.0, 0.0, 0.0, 0.0, 0.0, 0.0, 0.0, 0.0, 0.0, 0.0, 0.0, 0.0, 0.0, 0.0, 0.0, 0.0, 0.0, 0.0, 0.0, 0.0, 0.0, 0.0, 0.0, 0.0, 0.0, 0.0, 0.0, 0.0, 0.0]"
NODE_0000149,"[6.624180413890165e-07, 3.5707585867729816e-07, 1.8666358052215684e-07, 3.7171938338238485e-07, 3.179798089356898e-07, 3.610551846452868e-07, 3.5647298136518484e-07, 3.5978743269190534e-07, 3.5978918851462576e-07, 3.613729047774867e-07, 1.3523606190337284e-06, 3.6032094971820965e-07, 3.8272437688151314e-07, 3.5718606945841197e-07, 0.9998734280285152, 2.5136235311102353e-07, 3.5492707712419647e-07, 3.603209497181962e-07, 3.6032094971820563e-07, 3.40693231734513e-07, 2.683589983886743e-07, 1.0696930066661763e-06, 2.6167444903323353e-07, 3.600516829908563e-07, 1.179809304308531e-06, 3.415408892342409e-07, 0.00010702603639547148, 3.443360816956925e-07, 7.197340037614821e-06, 3.4911353741880787e-07, 3.5946616060774394e-07]"
hMpxV/Japan/OIPH-001/2023|EPI_ISL_17518107|2023-03-17,"[0.0, 0.0, 0.0, 0.0, 0.0, 0.0, 0.0, 0.0, 0.0, 0.0, 0.0, 0.0, 0.0, 0.0, 1.0, 0.0, 0.0, 0.0, 0.0, 0.0, 0.0, 0.0, 0.0, 0.0, 0.0, 0.0, 0.0, 0.0, 0.0, 0.0, 0.0]"
NODE_0000150,"[2.4978468353611262e-08, 1.2882967500625823e-08, 6.517476850835988e-09, 1.3349751987133633e-08, 1.145059077813153e-08, 1.3030418239958259e-08, 1.2872160646055237e-08, 1.2967710341098122e-08, 1.2944809923137956e-08, 1.304006772041301e-08, 5.305061865334037e-08, 1.301087791662213e-08, 1.3794435691089135e-08, 1.2868298389450217e-08, 0.9999944806218234, 8.994633609932402e-09, 1.27522445692477e-08, 1.3010877916620658e-08, 1.3010877916622425e-08, 1.2255685159601549e-08, 1.0532636412111076e-08, 4.079262684581431e-08, 9.24812788388265e-09, 1.298934739485045e-08, 4.6248798431285574e-08, 1.2333628727623193e-08, 4.761648398878739e-06, 1.2433081785766194e-08, 3.0069195382811697e-07, 1.2733080992322487e-08, 1.2943522946266076e-08]"
hMpxV/Japan/TMIPH-0129/2023|EPI_ISL_17762485|2023-05-17,"[0.0, 0.0, 0.0, 0.0, 0.0, 0.0, 0.0, 0.0, 0.0, 0.0, 0.0, 0.0, 0.0, 0.0, 0.9999999999999999, 0.0, 0.0, 0.0, 0.0, 0.0, 0.0, 0.0, 0.0, 0.0, 0.0, 0.0, 0.0, 0.0, 0.0, 0.0, 0.0]"
hMpxV/Japan/TMIPH-0112/2023|EPI_ISL_17959215|2023-05-11,"[0.0, 0.0, 0.0, 0.0, 0.0, 0.0, 0.0, 0.0, 0.0, 0.0, 0.0, 0.0, 0.0, 0.0, 0.9999999999999999, 0.0, 0.0, 0.0, 0.0, 0.0, 0.0, 0.0, 0.0, 0.0, 0.0, 0.0, 0.0, 0.0, 0.0, 0.0, 0.0]"
NODE_0000153,"[1.275075669127165e-10, 1.947662656046803e-10, 6.685304392903366e-11, 2.0333757956293104e-10, 1.647513099508999e-10, 1.9774112431741237e-10, 1.9523862336806598e-10, 1.9734543156066142e-10, 1.971823249439189e-10, 1.977445408971305e-10, 2.857988612003219e-10, 1.979865030535174e-10, 1.875959615244348e-10, 1.9240229906479145e-10, 2.6160139003836797e-06, 1.1646829828841237e-10, 1.8715007304173295e-10, 1.9798650305320613e-10, 1.9798650305340114e-10, 1.786620933541265e-10, 5.500961486883261e-11, 8.788102168360246e-10, 1.2050956622411009e-10, 1.9768282809188158e-10, 1.0825835175654616e-09, 1.839947556629255e-10, 0.9999973770956239, 1.8698486945354501e-10, 4.591758607712802e-10, 4.431297937278781e-11, 1.969065600621636e-10]"
hMpxV/South_Korea/KDCA-P007/2023|EPI_ISL_18147345|2023-04-10,"[0.0, 0.0, 0.0, 0.0, 0.0, 0.0, 0.0, 0.0, 0.0, 0.0, 0.0, 0.0, 0.0, 0.0, 0.0, 0.0, 0.0, 0.0, 0.0, 0.0, 0.0, 0.0, 0.0, 0.0, 0.0, 0.0, 1.0, 0.0, 0.0, 0.0, 0.0]"
hMpxV/South_Korea/KDCA-P018/2023|EPI_ISL_18147348|2023-04-18,"[0.0, 0.0, 0.0, 0.0, 0.0, 0.0, 0.0, 0.0, 0.0, 0.0, 0.0, 0.0, 0.0, 0.0, 0.0, 0.0, 0.0, 0.0, 0.0, 0.0, 0.0, 0.0, 0.0, 0.0, 0.0, 0.0, 0.9999999999999999, 0.0, 0.0, 0.0, 0.0]"
hMpxV/South_Korea/NMC-P003/2023|EPI_ISL_18744050|2023-05-03,"[0.0, 0.0, 0.0, 0.0, 0.0, 0.0, 0.0, 0.0, 0.0, 0.0, 0.0, 0.0, 0.0, 0.0, 0.0, 0.0, 0.0, 0.0, 0.0, 0.0, 0.0, 0.0, 0.0, 0.0, 0.0, 0.0, 1.0, 0.0, 0.0, 0.0, 0.0]"
NODE_0000138,"[1.048937675965578e-11, 4.450487379590205e-12, 1.8580929448074536e-12, 4.619511379213968e-12, 3.915697223548169e-12, 4.4991508602140375e-12, 4.461622672474337e-12, 4.504168792709323e-12, 4.510663970912646e-12, 4.4964474930074675e-12, 2.8943426201773404e-11, 4.5060383360098134e-12, 4.85996293006828e-12, 4.3944275680936515e-12, 0.9999999885322628, 2.969929047306123e-12, 4.288543475829724e-12, 4.506038336006661e-12, 4.506038336010351e-12, 4.145666866630312e-12, 4.764789564426283e-12, 1.962884592001815e-11, 3.061361956204066e-12, 4.505528659493012e-12, 2.4852656619500617e-11, 4.2624930680105465e-12, 1.1001851619778971e-08, 4.323730405934056e-12, 2.8083822197941246e-10, 4.221769906060987e-12, 4.500688281461005e-12]"
hMpxV/Japan/TMIPH-220531/2023|EPI_ISL_17445518|2023-03-31,"[0.0, 0.0, 0.0, 0.0, 0.0, 0.0, 0.0, 0.0, 0.0, 0.0, 0.0, 0.0, 0.0, 0.0, 0.9999999999999999, 0.0, 0.0, 0.0, 0.0, 0.0, 0.0, 0.0, 0.0, 0.0, 0.0, 0.0, 0.0, 0.0, 0.0, 0.0, 0.0]"
hMpxV/Japan/TMIPH-0113/2023|EPI_ISL_17959216|2023-05-12,"[0.0, 0.0, 0.0, 0.0, 0.0, 0.0, 0.0, 0.0, 0.0, 0.0, 0.0, 0.0, 0.0, 0.0, 1.0, 0.0, 0.0, 0.0, 0.0, 0.0, 0.0, 0.0, 0.0, 0.0, 0.0, 0.0, 0.0, 0.0, 0.0, 0.0, 0.0]"
NODE_0000139,"[6.143234318474422e-10, 3.0053262048370057e-10, 1.4623184574022624e-10, 3.0979152939274346e-10, 2.665438000853457e-10, 3.040692085417874e-10, 3.0057832589224126e-10, 3.021742852565897e-10, 3.010482912290364e-10, 3.042364836293951e-10, 1.3684907188182676e-09, 3.038042335280548e-10, 3.214899681406623e-10, 2.9965130763830426e-10, 0.99999983849259, 2.0782606363332197e-10, 2.959870686539951e-10, 3.0380423352797e-10, 3.038042335280592e-10, 2.848790255763621e-10, 2.7138458874059986e-10, 1.0168996110589107e-09, 2.1073292442094026e-10, 3.029939468786468e-10, 1.1913669278357667e-09, 2.880141796965413e-10, 1.4212339770406206e-07, 2.903119551745279e-10, 8.37090738854365e-09, 3.008518033988855e-10, 3.012825646256543e-10]"
hMpxV/Japan/TMIPH-0037/2023|EPI_ISL_17665625|2023-04-18,"[0.0, 0.0, 0.0, 0.0, 0.0, 0.0, 0.0, 0.0, 0.0, 0.0, 0.0, 0.0, 0.0, 0.0, 1.0, 0.0, 0.0, 0.0, 0.0, 0.0, 0.0, 0.0, 0.0, 0.0, 0.0, 0.0, 0.0, 0.0, 0.0, 0.0, 0.0]"
hMpxV/Japan/TMIPH-0007/2023|EPI_ISL_17592665|2023-04-03,"[0.0, 0.0, 0.0, 0.0, 0.0, 0.0, 0.0, 0.0, 0.0, 0.0, 0.0, 0.0, 0.0, 0.0, 1.0, 0.0, 0.0, 0.0, 0.0, 0.0, 0.0, 0.0, 0.0, 0.0, 0.0, 0.0, 0.0, 0.0, 0.0, 0.0, 0.0]"
NODE_0000144,"[1.6523727818609094e-08, 8.721536513039046e-09, 4.4895624369339745e-09, 9.058354914628161e-09, 7.7595250967642e-09, 8.820068602658005e-09, 8.710364657480225e-09, 8.78317693642237e-09, 8.775346509601934e-09, 8.82730791195682e-09, 3.435638618553483e-08, 8.804364013640657e-09, 9.342572508490247e-09, 8.71848854976307e-09, 0.9999966355479084, 6.115627179722566e-09, 8.652324560180721e-09, 8.804364013636015e-09, 8.804364013641974e-09, 8.310067919709738e-09, 6.825072385213322e-09, 2.6812518170471474e-08, 6.327072475817566e-09, 8.793757024518594e-09, 2.9960157588021315e-08, 8.34584639606828e-09, 2.8711244645921037e-06, 8.413432921496548e-09, 1.8812606916126624e-07, 8.575127727045155e-09, 8.77104324673454e-09]"
hMpxV/Japan/TMIPH-230002/2023|EPI_ISL_17445519|2023-03-31,"[0.0, 0.0, 0.0, 0.0, 0.0, 0.0, 0.0, 0.0, 0.0, 0.0, 0.0, 0.0, 0.0, 0.0, 1.0, 0.0, 0.0, 0.0, 0.0, 0.0, 0.0, 0.0, 0.0, 0.0, 0.0, 0.0, 0.0, 0.0, 0.0, 0.0, 0.0]"
NODE_0000145,"[2.4963539733109063e-09, 1.250330343431697e-09, 6.189388635510807e-10, 1.2921792024802942e-09, 1.1100587617215592e-09, 1.2648283856870883e-09, 1.249949755738765e-09, 1.2578982420313457e-09, 1.2544729199546427e-09, 1.2656071495045941e-09, 5.448735546223481e-09, 1.2633680930572797e-09, 1.3383985127726968e-09, 1.2475784021383223e-09, 0.9999993900033818, 8.684091934522939e-10, 1.2340763323348822e-09, 1.2633680930566014e-09, 1.2633680930574725e-09, 1.187007696689505e-09, 1.0791637856773278e-09, 4.110125937102352e-09, 8.867186663663914e-10, 1.2606459353645633e-09, 4.745792488853089e-09, 1.1976450101602706e-09, 5.325462076786779e-07, 1.2073170181674422e-09, 3.2289429099426646e-08, 1.2437704724495109e-09, 1.2548744560976796e-09]"
hMpxV/Japan/TMIPH-0072/2023|EPI_ISL_17692268|2023-04-28,"[0.0, 0.0, 0.0, 0.0, 0.0, 0.0, 0.0, 0.0, 0.0, 0.0, 0.0, 0.0, 0.0, 0.0, 1.0, 0.0, 0.0, 0.0, 0.0, 0.0, 0.0, 0.0, 0.0, 0.0, 0.0, 0.0, 0.0, 0.0, 0.0, 0.0, 0.0]"
NODE_0000146,"[2.9045396786010616e-09, 1.4606674265830342e-09, 7.252437722046193e-10, 1.5101582224223376e-09, 1.2970181229336298e-09, 1.47756783881196e-09, 1.4601109810024176e-09, 1.4696316080454727e-09, 1.465850233570446e-09, 1.4784989029443575e-09, 6.316214507942377e-09, 1.4757899685416642e-09, 1.5636617569264772e-09, 1.457654559012438e-09, 0.9999993004416988, 1.0152551952324405e-09, 1.4422405901073088e-09, 1.4757899685408658e-09, 1.475789968541881e-09, 1.387076395501208e-09, 1.251125604071219e-09, 4.776932136783869e-09, 1.0377661479531799e-09, 1.4727243770830629e-09, 5.50177070730461e-09, 1.3990090664733567e-09, 6.09727014668894e-07, 1.410314943331016e-09, 3.7205007915069645e-08, 1.4516546933931518e-09, 1.4662210879425636e-09]"
hMpxV/Japan/TMIPH-0174/2023|EPI_ISL_17837267|2023-06-12,"[0.0, 0.0, 0.0, 0.0, 0.0, 0.0, 0.0, 0.0, 0.0, 0.0, 0.0, 0.0, 0.0, 0.0, 1.0, 0.0, 0.0, 0.0, 0.0, 0.0, 0.0, 0.0, 0.0, 0.0, 0.0, 0.0, 0.0, 0.0, 0.0, 0.0, 0.0]"
hMpxV/Japan/TMIPH-0109/2023|EPI_ISL_17959214|2023-05-11,"[0.0, 0.0, 0.0, 0.0, 0.0, 0.0, 0.0, 0.0, 0.0, 0.0, 0.0, 0.0, 0.0, 0.0, 0.9999999999999999, 0.0, 0.0, 0.0, 0.0, 0.0, 0.0, 0.0, 0.0, 0.0, 0.0, 0.0, 0.0, 0.0, 0.0, 0.0, 0.0]"
NODE_0000140,"[1.6246701890691426e-09, 8.194475091041163e-10, 3.933209062329908e-10, 8.557494027390503e-10, 7.251994583768704e-10, 8.283825588636839e-10, 8.191947968906091e-10, 8.284530988528178e-10, 8.301955906663102e-10, 8.288980262395723e-10, 3.6863769489820965e-09, 8.279359327767628e-10, 8.911320867885428e-10, 8.15938762665009e-10, 0.9999993751772172, 5.639743879147674e-10, 8.057485882546558e-10, 8.279359327763138e-10, 8.2793593277689e-10, 7.749138158535728e-10, 6.686791776678547e-10, 2.9785509189719537e-09, 5.900535654066824e-10, 8.282338283487383e-10, 3.1860343971467536e-09, 7.835206533890171e-10, 5.704781621484692e-07, 7.960899318565847e-10, 2.4338673863472264e-08, 7.709601148872842e-10, 8.284200949440148e-10]"
hMpxV/Japan/TMIPH-0047/2023|EPI_ISL_17665626|2023-04-19,"[0.0, 0.0, 0.0, 0.0, 0.0, 0.0, 0.0, 0.0, 0.0, 0.0, 0.0, 0.0, 0.0, 0.0, 1.0, 0.0, 0.0, 0.0, 0.0, 0.0, 0.0, 0.0, 0.0, 0.0, 0.0, 0.0, 0.0, 0.0, 0.0, 0.0, 0.0]"
hMpxV/Japan/TMIPH-0019/2023|EPI_ISL_17592670|2023-04-11,"[0.0, 0.0, 0.0, 0.0, 0.0, 0.0, 0.0, 0.0, 0.0, 0.0, 0.0, 0.0, 0.0, 0.0, 1.0, 0.0, 0.0, 0.0, 0.0, 0.0, 0.0, 0.0, 0.0, 0.0, 0.0, 0.0, 0.0, 0.0, 0.0, 0.0, 0.0]"
NODE_0000141,"[0.0007738901265532235, 0.0006462417737959493, 0.00039113918154449096, 0.0006750553456158924, 0.0005723936215942722, 0.0006543294159710568, 0.0006427582800806733, 0.0006474300588876921, 0.0006442000698716891, 0.0006564673065559955, 0.0011731494948624911, 0.0006514580605904415, 0.0008022704258192693, 0.000654341851158464, 0.9582640380410715, 0.000459660515463098, 0.0006641467711310553, 0.0006514580605904343, 0.0006514580605904421, 0.0006284191099470555, 0.00027565081828134075, 0.00936847013095215, 0.0004794289572197115, 0.0006493778946866962, 0.0009639317530338613, 0.0006144331878284756, 0.012188702586694595, 0.0007413204678226919, 0.002660152316648284, 0.0005086641250913263, 0.000645562190045571]"
hMpxV/Japan/NCGHM-001/2024|EPI_ISL_19293742|2024-03-03,"[0.0, 0.0, 0.0, 0.0, 0.0, 0.0, 0.0, 0.0, 0.0, 0.0, 0.0, 0.0, 0.0, 0.0, 1.0, 0.0, 0.0, 0.0, 0.0, 0.0, 0.0, 0.0, 0.0, 0.0, 0.0, 0.0, 0.0, 0.0, 0.0, 0.0, 0.0]"
NODE_0000142,"[5.565112610385829e-09, 8.132804793084386e-09, 3.5270106146115607e-09, 8.563662540155633e-09, 6.910722757620289e-09, 8.270067867665559e-09, 8.107904448399454e-09, 8.188631452964866e-09, 8.154212793866495e-09, 8.28740026064349e-09, 9.780632021227617e-09, 8.239789429462468e-09, 1.775724907289656e-08, 8.175004281096382e-09, 9.397451546344163e-08, 5.056151093759128e-09, 8.257403916417238e-09, 8.239789429428241e-09, 8.239789429463573e-09, 7.658651927187909e-09, 1.9272365079007145e-09, 0.9999996318434253, 5.244728233145919e-09, 8.213891837923184e-09, 5.6511330811013035e-09, 7.639198129009924e-09, 4.925251522757102e-08, 1.7100732782097548e-08, 1.3256156392339798e-08, 2.6222854323999514e-09, 8.162191131936416e-09]"
hMpxV/Philippines/RITM-028/2024|EPI_ISL_19456608|2024-09-12,"[0.0, 0.0, 0.0, 0.0, 0.0, 0.0, 0.0, 0.0, 0.0, 0.0, 0.0, 0.0, 0.0, 0.0, 0.0, 0.0, 0.0, 0.0, 0.0, 0.0, 0.0, 1.0, 0.0, 0.0, 0.0, 0.0, 0.0, 0.0, 0.0, 0.0, 0.0]"
hMpxV/Philippines/RITM-029/2024|EPI_ISL_19456609|2024-09-12,"[0.0, 0.0, 0.0, 0.0, 0.0, 0.0, 0.0, 0.0, 0.0, 0.0, 0.0, 0.0, 0.0, 0.0, 0.0, 0.0, 0.0, 0.0, 0.0, 0.0, 0.0, 1.0, 0.0, 0.0, 0.0, 0.0, 0.0, 0.0, 0.0, 0.0, 0.0]"
NODE_0000124,"[3.063716161308936e-14, 5.341829461493769e-14, 1.0951971066840888e-14, 5.63572402215199e-14, 4.253219658236407e-14, 5.429509335454976e-14, 5.4049999457019044e-14, 7.64822030831166e-14, 9.780945004909738e-14, 5.513835854343858e-14, 1.0217498813428592e-13, 5.485595607245445e-14, 7.958080524262778e-14, 5.3837091383373425e-14, 3.3090028910946834e-08, 2.5662366139711237e-14, 5.124204553300864e-14, 5.485595607237598e-14, 5.485595607242007e-14, 4.615683968239314e-14, 1.3101421238046203e-14, 1.2130883212261872e-11, 8.248559471401305e-14, 6.577354251131182e-14, 5.7706212946715665e-12, 4.9876158620079756e-14, 0.9999999668904739, 6.971434917747425e-14, 1.6852426106352482e-13, 4.351852474691126e-15, 8.690567598971597e-14]"
hMpxV/China/SZ-CDC/Strain126,"[0.0, 0.0, 0.0, 0.0, 0.0, 0.0, 0.0, 0.0, 0.0, 0.0, 0.0, 0.0, 0.0, 0.0, 0.0, 0.0, 0.0, 0.0, 0.0, 0.0, 0.0, 0.0, 0.0, 0.0, 1.0, 0.0, 0.0, 0.0, 0.0, 0.0, 0.0]"
hMpxV/South_Korea/KDCA-P011/2023|EPI_ISL_18147340|2023-04-14,"[0.0, 0.0, 0.0, 0.0, 0.0, 0.0, 0.0, 0.0, 0.0, 0.0, 0.0, 0.0, 0.0, 0.0, 0.0, 0.0, 0.0, 0.0, 0.0, 0.0, 0.0, 0.0, 0.0, 0.0, 0.0, 0.0, 0.9999999999999999, 0.0, 0.0, 0.0, 0.0]"
hMpxV/South_Korea/KDCA-P028/2023|EPI_ISL_18147336|2023-04-22,"[0.0, 0.0, 0.0, 0.0, 0.0, 0.0, 0.0, 0.0, 0.0, 0.0, 0.0, 0.0, 0.0, 0.0, 0.0, 0.0, 0.0, 0.0, 0.0, 0.0, 0.0, 0.0, 0.0, 0.0, 0.0, 0.0, 0.9999999999999999, 0.0, 0.0, 0.0, 0.0]"
hMpxV/South_Korea/KDCA-P021/2023|EPI_ISL_18147343|2023-04-21,"[0.0, 0.0, 0.0, 0.0, 0.0, 0.0, 0.0, 0.0, 0.0, 0.0, 0.0, 0.0, 0.0, 0.0, 0.0, 0.0, 0.0, 0.0, 0.0, 0.0, 0.0, 0.0, 0.0, 0.0, 0.0, 0.0, 1.0, 0.0, 0.0, 0.0, 0.0]"
hMpxV/South_Korea/KDCA-P032/2023|EPI_ISL_18147337|2023-04-25,"[0.0, 0.0, 0.0, 0.0, 0.0, 0.0, 0.0, 0.0, 0.0, 0.0, 0.0, 0.0, 0.0, 0.0, 0.0, 0.0, 0.0, 0.0, 0.0, 0.0, 0.0, 0.0, 0.0, 0.0, 0.0, 0.0, 1.0, 0.0, 0.0, 0.0, 0.0]"
hMpxV/Japan/TMIPH-230367/2024|EPI_ISL_19151800|2024-01-31,"[0.0, 0.0, 0.0, 0.0, 0.0, 0.0, 0.0, 0.0, 0.0, 0.0, 0.0, 0.0, 0.0, 0.0, 1.0, 0.0, 0.0, 0.0, 0.0, 0.0, 0.0, 0.0, 0.0, 0.0, 0.0, 0.0, 0.0, 0.0, 0.0, 0.0, 0.0]"
hMpxV/Philippines/RITM-006/2023|EPI_ISL_19409300|2023-07-07,"[0.0, 0.0, 0.0, 0.0, 0.0, 0.0, 0.0, 0.0, 0.0, 0.0, 0.0, 0.0, 0.0, 0.0, 0.0, 0.0, 0.0, 0.0, 0.0, 0.0, 0.0, 1.0, 0.0, 0.0, 0.0, 0.0, 0.0, 0.0, 0.0, 0.0, 0.0]"
NODE_0000118,"[1.4695757062000788e-06, 2.037549153926123e-06, 8.832827716952232e-07, 5.0585311602253534e-06, 1.7289156110495007e-06, 2.0689998638258622e-06, 2.032120009540401e-06, 2.0479801112655263e-06, 2.0346452925547104e-06, 2.0746394741635657e-06, 2.6553533170540792e-06, 2.0655222393294944e-06, 4.469112785132094e-06, 2.041758909954133e-06, 0.00021092051634500678, 1.2700954428762222e-06, 2.0319275402371154e-06, 2.0655222393299984e-06, 2.0655222393297345e-06, 1.921579114504767e-06, 5.161479212806953e-07, 2.7536421129164613e-06, 1.3188249825871433e-06, 2.0566498549589236e-06, 1.6224791810032394e-06, 1.914442285162774e-06, 8.186418568571143e-06, 1.930139097046836e-06, 0.9997240295009935, 6.895199039909879e-07, 2.039085771847223e-06]"
hMpxV/Thailand/KCMH-462/2023|EPI_ISL_19437780|2023-12-22,"[0.0, 0.0, 0.0, 0.0, 0.0, 0.0, 0.0, 0.0, 0.0, 0.0, 0.0, 0.0, 0.0, 0.0, 0.0, 0.0, 0.0, 0.0, 0.0, 0.0, 0.0, 0.0, 0.0, 0.0, 0.0, 0.0, 0.0, 0.0, 1.0, 0.0, 0.0]"
NODE_0000123,"[5.402251347328368e-10, 9.412872360151454e-10, 3.1205363348815236e-10, 3.42634426873323e-09, 7.767845599472528e-10, 9.578463432633578e-10, 9.416325388635741e-10, 9.4959347423482e-10, 9.433926413553478e-10, 9.59471414136552e-10, 1.187508512942225e-09, 9.5830624929661e-10, 2.912829577092413e-09, 9.345070193372946e-10, 2.1356130281637732e-07, 5.340359914424221e-10, 9.164297185056589e-10, 9.583062492975822e-10, 9.583062492969982e-10, 8.646509103495339e-10, 1.9753843219298377e-10, 1.2175702983533674e-09, 5.492432053876399e-10, 9.539701054024413e-10, 5.968262458023071e-10, 8.792255801572926e-10, 3.0985461370700965e-09, 8.912754836847417e-10, 0.9999997559459339, 1.9018726370655697e-10, 9.448690105551641e-10]"
hMpxV/Thailand/KCMH-295/2023|EPI_ISL_19437772|2023-07-03,"[0.0, 0.0, 0.0, 0.0, 0.0, 0.0, 0.0, 0.0, 0.0, 0.0, 0.0, 0.0, 0.0, 0.0, 0.0, 0.0, 0.0, 0.0, 0.0, 0.0, 0.0, 0.0, 0.0, 0.0, 0.0, 0.0, 0.0, 0.0, 1.0, 0.0, 0.0]"
hMpxV/Thailand/KCMH-283/2023|EPI_ISL_19437779|2023-06-28,"[0.0, 0.0, 0.0, 0.0, 0.0, 0.0, 0.0, 0.0, 0.0, 0.0, 0.0, 0.0, 0.0, 0.0, 0.0, 0.0, 0.0, 0.0, 0.0, 0.0, 0.0, 0.0, 0.0, 0.0, 0.0, 0.0, 0.0, 0.0, 1.0, 0.0, 0.0]"
NODE_0000121,"[7.335074965140216e-08, 1.5685418621929796e-07, 4.948518143123163e-08, 9.99569314736412e-05, 1.2805722568849592e-07, 1.5996635128126806e-07, 1.5689612103250705e-07, 1.5778649394413362e-07, 1.5615109696258705e-07, 1.602529287540488e-07, 1.5519858926598246e-07, 1.5989000911434528e-07, 3.9128757285059026e-07, 1.5608779756098023e-07, 1.4240862361248763e-06, 8.625400925268388e-08, 1.53078128610058e-07, 1.5989000911436765e-07, 1.5989000911435275e-07, 1.4366614937456172e-07, 2.6830376292001688e-08, 1.6756427038292777e-07, 8.705062033221479e-08, 1.5883667895864945e-07, 7.042444394087816e-08, 1.4600932497306725e-07, 1.326575642395906e-07, 1.4775816587662818e-07, 0.9998947360279987, 2.5094479320371697e-08, 1.5668575781911577e-07]"
hMpxV/Thailand/KCMH-455/2023|EPI_ISL_19437773|2023-12-01,"[0.0, 0.0, 0.0, 0.0, 0.0, 0.0, 0.0, 0.0, 0.0, 0.0, 0.0, 0.0, 0.0, 0.0, 0.0, 0.0, 0.0, 0.0, 0.0, 0.0, 0.0, 0.0, 0.0, 0.0, 0.0, 0.0, 0.0, 0.0, 1.0, 0.0, 0.0]"
hMpxV/Cambodia/NPHL1211017/2023|EPI_ISL_18697752|2023-12-11,"[0.0, 0.0, 0.0, 1.0, 0.0, 0.0, 0.0, 0.0, 0.0, 0.0, 0.0, 0.0, 0.0, 0.0, 0.0, 0.0, 0.0, 0.0, 0.0, 0.0, 0.0, 0.0, 0.0, 0.0, 0.0, 0.0, 0.0, 0.0, 0.0, 0.0, 0.0]"
NODE_0000122,"[2.162079322388544e-08, 4.039249946054372e-08, 1.536996363907185e-08, 1.6000916648512334e-06, 3.3758972089947046e-08, 4.114244366206081e-08, 4.033236790292115e-08, 4.0558029471106905e-08, 4.017907616273722e-08, 4.1222735622420743e-08, 3.9706606334410314e-08, 4.104009705726987e-08, 1.1608112128109876e-07, 4.045529895472903e-08, 5.73918826582873e-07, 2.385115973503738e-08, 4.0052758401675276e-08, 4.1040097057275584e-08, 4.1040097057272176e-08, 3.7625549702184147e-08, 7.879585473083293e-09, 4.316203962659764e-08, 2.4124206864775142e-08, 4.0797296391620534e-08, 2.013969977488106e-08, 3.7823940586077114e-08, 3.411137192546885e-08, 3.8144637948820826e-08, 0.9999967950576684, 8.968149630027933e-09, 4.031124515849957e-08]"
hMpxV/Thailand/KCMH-459/2023|EPI_ISL_19437775|2023-12-12,"[0.0, 0.0, 0.0, 0.0, 0.0, 0.0, 0.0, 0.0, 0.0, 0.0, 0.0, 0.0, 0.0, 0.0, 0.0, 0.0, 0.0, 0.0, 0.0, 0.0, 0.0, 0.0, 0.0, 0.0, 0.0, 0.0, 0.0, 0.0, 1.0, 0.0, 0.0]"
hMpxV/Thailand/KCMH-465/2023|EPI_ISL_19437776|2023-12-28,"[0.0, 0.0, 0.0, 0.0, 0.0, 0.0, 0.0, 0.0, 0.0, 0.0, 0.0, 0.0, 0.0, 0.0, 0.0, 0.0, 0.0, 0.0, 0.0, 0.0, 0.0, 0.0, 0.0, 0.0, 0.0, 0.0, 0.0, 0.0, 1.0, 0.0, 0.0]"
NODE_0000113,"[0.0004679959929557077, 0.0005866391078650551, 0.0002730114143704166, 0.0009151609347951835, 0.0005042088385458886, 0.0005956479659696457, 0.000584795329765438, 0.0005920924116712731, 0.0005915435419536477, 0.0005970291661634299, 0.0008090373666584236, 0.0005937216232809512, 0.04282924197322449, 0.0005920037242834081, 0.036250602104669835, 0.0003775027082128064, 0.0008199983811333995, 0.0005937216232809944, 0.0005937216232809705, 0.0005561867055912503, 0.00016734303518600805, 0.0011737712104988348, 0.00040412699351642244, 0.0005928824858968127, 0.0007640842680979354, 0.0005532728676193489, 0.002598645852828001, 0.0005595520922911649, 0.9026381334330584, 0.00023308874284255226, 0.0005912364804922051]"
hMpxV/Thailand/KCMH-026/2023|EPI_ISL_19437777|2023-05-12,"[0.0, 0.0, 0.0, 0.0, 0.0, 0.0, 0.0, 0.0, 0.0, 0.0, 0.0, 0.0, 0.0, 0.0, 0.0, 0.0, 0.0, 0.0, 0.0, 0.0, 0.0, 0.0, 0.0, 0.0, 0.0, 0.0, 0.0, 0.0, 1.0, 0.0, 0.0]"
NODE_0000114,"[1.4856235086506102e-05, 2.2769315321467764e-05, 7.4644780896391955e-06, 3.2781341912956244e-05, 1.8146255062424725e-05, 2.3170727817073123e-05, 2.2883080690221243e-05, 4.023758280487246e-05, 5.688004429689476e-05, 2.363206527157867e-05, 2.9095247198602593e-05, 2.3324973812473092e-05, 0.994364099089014, 3.071020853218674e-05, 0.000128006964491257, 1.1630656682375053e-05, 0.00028960746856613413, 2.3324973812473265e-05, 2.3324973812472994e-05, 2.0552177888840847e-05, 5.069590677127328e-06, 0.0007660918437594274, 0.0001031740399592778, 3.184217930032573e-05, 0.0016336783760360512, 2.115988166898728e-05, 5.092497666622919e-05, 3.170221612132233e-05, 0.002097238955475263, 4.1361630409856415e-06, 4.84839171304151e-05]"
hMpxV/Indonesia/JK-NIHRD-MP010/2023|EPI_ISL_18436041|2023-10-20,"[0.0, 0.0, 0.0, 0.0, 0.0, 0.0, 0.0, 0.0, 0.0, 0.0, 0.0, 0.0, 1.0, 0.0, 0.0, 0.0, 0.0, 0.0, 0.0, 0.0, 0.0, 0.0, 0.0, 0.0, 0.0, 0.0, 0.0, 0.0, 0.0, 0.0, 0.0]"
hMpxV/Indonesia/JK-NIHRD-MP005/2023|EPI_ISL_18436040|2023-10-12,"[0.0, 0.0, 0.0, 0.0, 0.0, 0.0, 0.0, 0.0, 0.0, 0.0, 0.0, 0.0, 1.0, 0.0, 0.0, 0.0, 0.0, 0.0, 0.0, 0.0, 0.0, 0.0, 0.0, 0.0, 0.0, 0.0, 0.0, 0.0, 0.0, 0.0, 0.0]"
hMpxV/Netherlands/un-EMC-NL105/2024|EPI_ISL_19002300|2024-03-07,"[0.0, 0.0, 0.0, 0.0, 0.0, 0.0, 0.0, 0.0, 0.0, 0.0, 0.0, 0.0, 0.0, 0.0, 0.0, 0.0, 1.0, 0.0, 0.0, 0.0, 0.0, 0.0, 0.0, 0.0, 0.0, 0.0, 0.0, 0.0, 0.0, 0.0, 0.0]"
hMpxV/China/SZ-CDC/Strain146,"[0.0, 0.0, 0.0, 0.0, 0.0, 0.0, 0.0, 0.0, 0.0, 0.0, 0.0, 0.0, 0.0, 0.0, 0.0, 0.0, 0.0, 0.0, 0.0, 0.0, 0.0, 0.0, 0.0, 0.0, 1.0, 0.0, 0.0, 0.0, 0.0, 0.0, 0.0]"
NODE_0000117,"[8.432588276857138e-08, 1.505531452203507e-07, 6.102821997722561e-08, 1.580586158205998e-07, 1.2609634294145458e-07, 1.533151568702949e-07, 1.5017600778953448e-07, 1.5152938220025202e-07, 1.5053987756927057e-07, 1.5373802920083802e-07, 1.4712446862278827e-07, 1.5286757551348186e-07, 4.704382017583208e-06, 1.5206799458198153e-07, 1.907588984500781e-07, 9.012804396411055e-08, 1.9105049654333948e-07, 1.5286757551314903e-07, 1.5286757551349206e-07, 1.412054648646658e-07, 2.98243373796309e-08, 0.9999911069902383, 9.443943295080349e-08, 1.521903708174781e-07, 9.726046622123349e-08, 1.40908871579778e-07, 2.7503714610834296e-07, 3.138924509065977e-07, 1.8556056619909392e-07, 3.836725389928466e-08, 1.5084809391409953e-07]"
hMpxV/Philippines/RITM-007/2023|EPI_ISL_19420626|2023-12-05,"[0.0, 0.0, 0.0, 0.0, 0.0, 0.0, 0.0, 0.0, 0.0, 0.0, 0.0, 0.0, 0.0, 0.0, 0.0, 0.0, 0.0, 0.0, 0.0, 0.0, 0.0, 1.0, 0.0, 0.0, 0.0, 0.0, 0.0, 0.0, 0.0, 0.0, 0.0]"
hMpxV/Philippines/RITM-008/2023|EPI_ISL_19420632|2023-12-12,"[0.0, 0.0, 0.0, 0.0, 0.0, 0.0, 0.0, 0.0, 0.0, 0.0, 0.0, 0.0, 0.0, 0.0, 0.0, 0.0, 0.0, 0.0, 0.0, 0.0, 0.0, 1.0, 0.0, 0.0, 0.0, 0.0, 0.0, 0.0, 0.0, 0.0, 0.0]"
NODE_0000116,"[1.9757333519451213e-12, 4.9773555975705645e-12, 1.2539674368493933e-12, 5.336832998433303e-12, 3.9691361584739144e-12, 5.080795265891711e-12, 4.9941680553603444e-12, 5.172276478682874e-12, 5.262716793783238e-12, 5.092812912962702e-12, 4.9462552169558305e-12, 5.0936354187809955e-12, 0.9999999997733054, 4.995576614881835e-12, 2.9082832286096163e-12, 2.5290027652723086e-12, 2.8589568020398876e-11, 5.0936354187834124e-12, 5.0936354187818784e-12, 4.456655085685886e-12, 7.499249437358695e-13, 3.5484436809682445e-11, 3.0630861585949153e-12, 5.134110589655356e-12, 1.665348179475093e-11, 4.613481392105189e-12, 3.7442599049828286e-12, 4.788455090327133e-12, 3.9910802718368104e-11, 5.244882281529338e-13, 5.205773613802677e-12]"
hMpxV/Indonesia/JK-NIHRD-MP044/2023|EPI_ISL_18467805|2023-10-25,"[0.0, 0.0, 0.0, 0.0, 0.0, 0.0, 0.0, 0.0, 0.0, 0.0, 0.0, 0.0, 1.0, 0.0, 0.0, 0.0, 0.0, 0.0, 0.0, 0.0, 0.0, 0.0, 0.0, 0.0, 0.0, 0.0, 0.0, 0.0, 0.0, 0.0, 0.0]"
hMpxV/Indonesia/JK-NIHRD-MP088/2023|EPI_ISL_18467807|2023-10-30,"[0.0, 0.0, 0.0, 0.0, 0.0, 0.0, 0.0, 0.0, 0.0, 0.0, 0.0, 0.0, 1.0, 0.0, 0.0, 0.0, 0.0, 0.0, 0.0, 0.0, 0.0, 0.0, 0.0, 0.0, 0.0, 0.0, 0.0, 0.0, 0.0, 0.0, 0.0]"
hMpxV/Indonesia/JK-Biokes-MP302/2023|EPI_ISL_19159111|2023-12-12,"[0.0, 0.0, 0.0, 0.0, 0.0, 0.0, 0.0, 0.0, 0.0, 0.0, 0.0, 0.0, 1.0, 0.0, 0.0, 0.0, 0.0, 0.0, 0.0, 0.0, 0.0, 0.0, 0.0, 0.0, 0.0, 0.0, 0.0, 0.0, 0.0, 0.0, 0.0]"
hMpxV/Indonesia/JB-Biokes-MP294/2023|EPI_ISL_19159109|2023-12-07,"[0.0, 0.0, 0.0, 0.0, 0.0, 0.0, 0.0, 0.0, 0.0, 0.0, 0.0, 0.0, 1.0, 0.0, 0.0, 0.0, 0.0, 0.0, 0.0, 0.0, 0.0, 0.0, 0.0, 0.0, 0.0, 0.0, 0.0, 0.0, 0.0, 0.0, 0.0]"
NODE_0000125,"[1.8172505865691888e-13, 4.002939549848944e-13, 7.837971827512939e-14, 4.196218552978327e-13, 3.201742541844493e-13, 4.0689648807205815e-13, 4.0432953768731177e-13, 4.155726265583572e-13, 4.218074879333507e-13, 4.0631073360467153e-13, 6.448429138305321e-13, 4.1077270224978745e-13, 3.7595652036943936e-13, 3.850929309349236e-13, 4.784223838117965e-07, 1.9896301996973907e-13, 3.5949489603632596e-13, 4.107727022496479e-13, 4.1077270224974585e-13, 3.4731563919524617e-13, 8.795116030894306e-14, 3.943287722815737e-12, 2.2552341859822436e-13, 4.1328638882330135e-13, 5.863240894453233e-12, 3.7436285536790923e-13, 0.9999995215577231, 3.8828398959076945e-13, 1.1459394344654453e-12, 3.464479858306174e-14, 4.1738468333180217e-13]"
hMpxV/South_Korea/KDCA-P02/2023|EPI_ISL_18542113|2023-06-01,"[0.0, 0.0, 0.0, 0.0, 0.0, 0.0, 0.0, 0.0, 0.0, 0.0, 0.0, 0.0, 0.0, 0.0, 0.0, 0.0, 0.0, 0.0, 0.0, 0.0, 0.0, 0.0, 0.0, 0.0, 0.0, 0.0, 0.9999999999999999, 0.0, 0.0, 0.0, 0.0]"
hMpxV/South_Korea/KDCA-P19/2023|EPI_ISL_18542119|2023-07-12,"[0.0, 0.0, 0.0, 0.0, 0.0, 0.0, 0.0, 0.0, 0.0, 0.0, 0.0, 0.0, 0.0, 0.0, 0.0, 0.0, 0.0, 0.0, 0.0, 0.0, 0.0, 0.0, 0.0, 0.0, 0.0, 0.0, 1.0, 0.0, 0.0, 0.0, 0.0]"
hMpxV/South_Korea/KDCA-P11/2023|EPI_ISL_18540495|2023-07-05,"[0.0, 0.0, 0.0, 0.0, 0.0, 0.0, 0.0, 0.0, 0.0, 0.0, 0.0, 0.0, 0.0, 0.0, 0.0, 0.0, 0.0, 0.0, 0.0, 0.0, 0.0, 0.0, 0.0, 0.0, 0.0, 0.0, 1.0, 0.0, 0.0, 0.0, 0.0]"
NODE_0000137,"[3.467877576923152e-08, 5.589724023271733e-08, 2.519323411751624e-08, 5.8064875119630944e-08, 4.802753075994961e-08, 5.674514436052528e-08, 5.58002035887902e-08, 5.647360778229022e-08, 5.6419099480245214e-08, 5.686501059924908e-08, 5.7457431543764935e-08, 5.663469232965131e-08, 5.36816262476602e-08, 5.6019135529001636e-08, 9.77569925005782e-06, 3.58025020741826e-08, 5.5493803449336454e-08, 5.663469232956662e-08, 5.6634692329619925e-08, 5.282520053576083e-08, 1.365462680669038e-08, 1.6598345750221515e-07, 3.806526506607386e-08, 5.6552854515286534e-08, 1.7552253568299166e-07, 5.284309585568419e-08, 0.9999885483847253, 5.336252140527644e-08, 6.137828861052731e-08, 1.681982915735437e-08, 5.638505174421461e-08]"
hMpxV/South_Korea/KDCA-P10/2023|EPI_ISL_18542116|2023-09-15,"[0.0, 0.0, 0.0, 0.0, 0.0, 0.0, 0.0, 0.0, 0.0, 0.0, 0.0, 0.0, 0.0, 0.0, 0.0, 0.0, 0.0, 0.0, 0.0, 0.0, 0.0, 0.0, 0.0, 0.0, 0.0, 0.0, 1.0, 0.0, 0.0, 0.0, 0.0]"
hMpxV/South_Korea/KDCA-P09/2023|EPI_ISL_18542104|2023-07-05,"[0.0, 0.0, 0.0, 0.0, 0.0, 0.0, 0.0, 0.0, 0.0, 0.0, 0.0, 0.0, 0.0, 0.0, 0.0, 0.0, 0.0, 0.0, 0.0, 0.0, 0.0, 0.0, 0.0, 0.0, 0.0, 0.0, 1.0, 0.0, 0.0, 0.0, 0.0]"
NODE_0000132,"[1.3310928042503736e-07, 2.214556878991773e-07, 9.645484606337591e-08, 2.3002911123040784e-07, 1.8984030271609277e-07, 2.2486981782033526e-07, 2.2117744173764058e-07, 2.2356950838090735e-07, 2.2310531167159694e-07, 2.2527954168107846e-07, 2.2593464579676334e-07, 2.2448017231354428e-07, 2.1159349237205784e-07, 2.216277594433909e-07, 4.623343840816568e-05, 1.4047074019889167e-07, 2.1916275272562863e-07, 2.2448017231350484e-07, 2.2448017231352718e-07, 2.0853107735922603e-07, 5.3191747625964534e-08, 6.869911682638699e-07, 1.4787402643218295e-07, 2.240212797675824e-07, 7.415267459842569e-07, 2.093195253262955e-07, 0.9999470805400846, 2.1140811374680248e-07, 2.3686273921152935e-07, 6.210036559453361e-08, 2.2307396078542423e-07]"
hMpxV/South_Korea/KDCA-P22/2023|EPI_ISL_18540494|2023-08-03,"[0.0, 0.0, 0.0, 0.0, 0.0, 0.0, 0.0, 0.0, 0.0, 0.0, 0.0, 0.0, 0.0, 0.0, 0.0, 0.0, 0.0, 0.0, 0.0, 0.0, 0.0, 0.0, 0.0, 0.0, 0.0, 0.0, 1.0, 0.0, 0.0, 0.0, 0.0]"
NODE_0000133,"[3.933216915004213e-10, 7.334608099063377e-10, 2.8066170700303325e-10, 7.620721550102874e-10, 6.226718871472589e-10, 7.453514610745845e-10, 7.338811889739075e-10, 7.394728222057272e-10, 7.358139934781048e-10, 7.460602280139347e-10, 7.350930544007818e-10, 7.44857874994932e-10, 6.892039113836592e-10, 7.301040445740304e-10, 4.1767515497606943e-07, 4.477280704825032e-10, 7.167898654054542e-10, 7.448578749946009e-10, 7.448578749947942e-10, 6.813041033453893e-10, 1.6527107355065678e-10, 2.712474973015684e-09, 4.5737312732728915e-10, 7.421805988723128e-10, 3.1501434741019444e-09, 6.925485686401944e-10, 0.9999995593516524, 7.004521095847464e-10, 7.30025934064677e-10, 1.586382433915425e-10, 7.365199281369002e-10]"
hMpxV/South_Korea/KDCA-P15/2023|EPI_ISL_18542109|2023-07-05,"[0.0, 0.0, 0.0, 0.0, 0.0, 0.0, 0.0, 0.0, 0.0, 0.0, 0.0, 0.0, 0.0, 0.0, 0.0, 0.0, 0.0, 0.0, 0.0, 0.0, 0.0, 0.0, 0.0, 0.0, 0.0, 0.0, 1.0, 0.0, 0.0, 0.0, 0.0]"
NODE_0000134,"[6.8174612800543e-11, 1.252474214483688e-10, 4.940280610525221e-11, 1.3010409865468228e-10, 1.0670384125632059e-10, 1.272747026181061e-10, 1.25262104287864e-10, 1.2600800585650524e-10, 1.2518791230083405e-10, 1.2740231476021543e-10, 1.2392848812853584e-10, 1.2711837047814643e-10, 1.177288507445446e-10, 1.2488256857563576e-10, 4.2453357332933355e-08, 7.729438185798654e-11, 1.2292708081577395e-10, 1.2711837047804298e-10, 1.271183704781002e-10, 1.1671686265195496e-10, 2.8511159667265666e-11, 4.3897217786899236e-10, 7.815715386513755e-11, 1.2656392141774974e-10, 5.034870562673239e-10, 1.183406177302981e-10, 0.9999999536831645, 1.1950986871196282e-10, 1.2065610574853424e-10, 2.8263211457199572e-11, 1.2541576110892495e-10]"
hMpxV/South_Korea/KDCA-P14/2023|EPI_ISL_18542105|2023-07-05,"[0.0, 0.0, 0.0, 0.0, 0.0, 0.0, 0.0, 0.0, 0.0, 0.0, 0.0, 0.0, 0.0, 0.0, 0.0, 0.0, 0.0, 0.0, 0.0, 0.0, 0.0, 0.0, 0.0, 0.0, 0.0, 0.0, 0.9999999999999999, 0.0, 0.0, 0.0, 0.0]"
NODE_0000135,"[3.802499708245988e-14, 8.628073158269894e-14, 2.5657569479028294e-14, 8.973311635367956e-14, 7.170974402171336e-14, 8.777424332910363e-14, 8.662613525426186e-14, 8.726036827746228e-14, 8.681289808058876e-14, 8.775025756446325e-14, 8.618720066223334e-14, 8.795526729504603e-14, 7.923240093361584e-14, 8.495800945412242e-14, 2.1374565031474136e-10, 4.875144237156733e-14, 8.210664205465887e-14, 8.795526729494171e-14, 8.795526729499293e-14, 7.813993707353741e-14, 1.7262893644142744e-14, 4.4212947470913394e-13, 4.9084818386812077e-14, 8.761678547452513e-14, 5.722252640085238e-13, 8.122010887175698e-14, 0.999999999783271, 8.25898366442711e-14, 8.174407539558326e-14, 1.1539893718317684e-14, 8.685104066247161e-14]"
hMpxV/South_Korea/KDCA-P17/2023|EPI_ISL_18542114|2023-07-12,"[0.0, 0.0, 0.0, 0.0, 0.0, 0.0, 0.0, 0.0, 0.0, 0.0, 0.0, 0.0, 0.0, 0.0, 0.0, 0.0, 0.0, 0.0, 0.0, 0.0, 0.0, 0.0, 0.0, 0.0, 0.0, 0.0, 1.0, 0.0, 0.0, 0.0, 0.0]"
hMpxV/South_Korea/KDCA-P08/2023|EPI_ISL_18542108|2023-07-05,"[0.0, 0.0, 0.0, 0.0, 0.0, 0.0, 0.0, 0.0, 0.0, 0.0, 0.0, 0.0, 0.0, 0.0, 0.0, 0.0, 0.0, 0.0, 0.0, 0.0, 0.0, 0.0, 0.0, 0.0, 0.0, 0.0, 0.9999999999999999, 0.0, 0.0, 0.0, 0.0]"
NODE_0000136,"[5.137282219967258e-10, 8.870090365506069e-10, 3.727658482259049e-10, 9.214034960879147e-10, 7.587519747944243e-10, 9.009384078018611e-10, 8.863305696486309e-10, 8.941591161233273e-10, 8.906727689118213e-10, 9.023156943258092e-10, 8.935482584473598e-10, 8.995210547813395e-10, 8.422845919416757e-10, 8.865749495018613e-10, 2.161336108996545e-07, 5.571783248017219e-10, 8.753445130888139e-10, 8.995210547800241e-10, 8.995210547808961e-10, 8.321229583592482e-10, 2.0879890892253433e-10, 2.8723531707683285e-09, 5.768976750449404e-10, 8.968339814137343e-10, 3.1694061842690838e-09, 8.38312587603469e-10, 0.9999997569139829, 8.465648050731418e-10, 9.088334857280566e-10, 2.2943656289336329e-10, 8.912769263245675e-10]"
hMpxV/South_Korea/KDCA-P13/2023|EPI_ISL_18542112|2023-07-05,"[0.0, 0.0, 0.0, 0.0, 0.0, 0.0, 0.0, 0.0, 0.0, 0.0, 0.0, 0.0, 0.0, 0.0, 0.0, 0.0, 0.0, 0.0, 0.0, 0.0, 0.0, 0.0, 0.0, 0.0, 0.0, 0.0, 1.0, 0.0, 0.0, 0.0, 0.0]"
hMpxV/South_Korea/KDCA-P18/2023|EPI_ISL_18541180|2023-09-15,"[0.0, 0.0, 0.0, 0.0, 0.0, 0.0, 0.0, 0.0, 0.0, 0.0, 0.0, 0.0, 0.0, 0.0, 0.0, 0.0, 0.0, 0.0, 0.0, 0.0, 0.0, 0.0, 0.0, 0.0, 0.0, 0.0, 1.0, 0.0, 0.0, 0.0, 0.0]"
NODE_0000126,"[7.460895663846859e-10, 1.2984999769328657e-09, 5.404843131565635e-10, 1.348853962323289e-09, 1.109895421449271e-09, 1.3189644313031249e-09, 1.2976872392042671e-09, 1.3089509730674065e-09, 1.3036777613574507e-09, 1.3208915793424325e-09, 1.3071692104710733e-09, 1.3170064293838284e-09, 1.2316150538285993e-09, 1.2973055000635754e-09, 3.811531617838399e-07, 8.132743414695155e-10, 1.280130210646364e-09, 1.3170064293824489e-09, 1.3170064293832231e-09, 1.2168994377884615e-09, 3.0430984857451346e-10, 4.263990141825541e-09, 8.408478094543856e-10, 1.3129729478466119e-09, 4.732114043054727e-09, 1.227104998256757e-09, 0.9999995792742704, 1.2393623489504491e-09, 1.3259991761784544e-09, 3.2984527160719185e-10, 1.3046129967876923e-09]"
NODE_0000131,"[3.3230817129643785e-08, 5.3637608306534984e-08, 2.4141502136769744e-08, 5.571762348397193e-08, 4.6082129279762045e-08, 5.445182446637018e-08, 5.354551889582469e-08, 5.4187920418745855e-08, 5.4132127249998415e-08, 5.456620601696108e-08, 5.511036620415861e-08, 5.434619600191674e-08, 5.149959663088029e-08, 5.375181921696499e-08, 9.438569505684455e-06, 3.434215822898962e-08, 5.3244392659621226e-08, 5.434619600183548e-08, 5.4346196001886685e-08, 5.068241382202583e-08, 1.3092919943738521e-08, 1.5954183044828502e-07, 3.649178404867636e-08, 5.426583307217043e-08, 1.68854985293402e-07, 5.0706704876854466e-08, 0.9999889529066593, 5.1204979429135886e-08, 5.880994056522075e-08, 1.609124326838575e-08, 5.410100180844985e-08]"
hMpxV/South_Korea/KDCA-P04/2023|EPI_ISL_18542110|2023-09-15,"[0.0, 0.0, 0.0, 0.0, 0.0, 0.0, 0.0, 0.0, 0.0, 0.0, 0.0, 0.0, 0.0, 0.0, 0.0, 0.0, 0.0, 0.0, 0.0, 0.0, 0.0, 0.0, 0.0, 0.0, 0.0, 0.0, 1.0, 0.0, 0.0, 0.0, 0.0]"
hMpxV/South_Korea/KDCA-P03/2023|EPI_ISL_18541890|2023-06-23,"[0.0, 0.0, 0.0, 0.0, 0.0, 0.0, 0.0, 0.0, 0.0, 0.0, 0.0, 0.0, 0.0, 0.0, 0.0, 0.0, 0.0, 0.0, 0.0, 0.0, 0.0, 0.0, 0.0, 0.0, 0.0, 0.0, 1.0, 0.0, 0.0, 0.0, 0.0]"
NODE_0000127,"[3.097766730510767e-10, 5.416213485312041e-10, 2.2413697562123139e-10, 5.626395358746734e-10, 4.627020650025828e-10, 5.501715717205756e-10, 5.413289777283177e-10, 5.460356817576245e-10, 5.438448383815541e-10, 5.509593651225932e-10, 5.452634812932023e-10, 5.49393939694438e-10, 5.134433125941414e-10, 5.409747078229907e-10, 1.628524472650032e-07, 3.3858222789235196e-10, 5.336013876241454e-10, 5.493939396935379e-10, 5.493939396940311e-10, 5.072646312601577e-10, 1.2656666907858779e-10, 1.7954217317538434e-09, 3.4997717758313274e-10, 5.477135592555315e-10, 1.999389418751869e-09, 5.1180035244427e-10, 0.9999998206061751, 5.169879268096695e-10, 5.526092897284645e-10, 1.361607109653518e-10, 5.44222144115019e-10]"
hMpxV/South_Korea/KDCA-P05/2023|EPI_ISL_18542117|2023-06-23,"[0.0, 0.0, 0.0, 0.0, 0.0, 0.0, 0.0, 0.0, 0.0, 0.0, 0.0, 0.0, 0.0, 0.0, 0.0, 0.0, 0.0, 0.0, 0.0, 0.0, 0.0, 0.0, 0.0, 0.0, 0.0, 0.0, 1.0, 0.0, 0.0, 0.0, 0.0]"
NODE_0000128,"[4.680216924669366e-16, 9.849444247319796e-16, 2.318854998638439e-16, 1.0245053944476339e-15, 7.889430936602092e-16, 1.0014463718075773e-15, 9.955194862212543e-16, 1.5008702851612742e-15, 1.989719304873029e-15, 1.017753825018319e-15, 1.2377248034226287e-15, 1.0109181190012489e-15, 1.0926904682082014e-15, 9.977144894661117e-16, 5.788807904328288e-11, 4.861685865188473e-16, 9.46980434778401e-16, 1.0109181189987847e-15, 1.010918119000317e-15, 8.624906757700808e-16, 2.0228134695266837e-16, 7.951075491289078e-15, 1.9178448147885166e-15, 1.2572487547243766e-15, 2.0678876170401338e-13, 9.21236027905563e-16, 0.9999999999418702, 9.530444571100436e-16, 1.114727507378204e-15, 7.563304237036317e-17, 1.7403248423936696e-15]"
hMpxV/South_Korea/KDCA-P022/2023|EPI_ISL_18147353|2023-04-21,"[0.0, 0.0, 0.0, 0.0, 0.0, 0.0, 0.0, 0.0, 0.0, 0.0, 0.0, 0.0, 0.0, 0.0, 0.0, 0.0, 0.0, 0.0, 0.0, 0.0, 0.0, 0.0, 0.0, 0.0, 0.0, 0.0, 1.0, 0.0, 0.0, 0.0, 0.0]"
hMpxV/South_Korea/KDCA-P06/2023|EPI_ISL_18542111|2023-07-05,"[0.0, 0.0, 0.0, 0.0, 0.0, 0.0, 0.0, 0.0, 0.0, 0.0, 0.0, 0.0, 0.0, 0.0, 0.0, 0.0, 0.0, 0.0, 0.0, 0.0, 0.0, 0.0, 0.0, 0.0, 0.0, 0.0, 1.0, 0.0, 0.0, 0.0, 0.0]"
hMpxV/South_Korea/KDCA-P01/2023|EPI_ISL_18542106|2023-05-03,"[0.0, 0.0, 0.0, 0.0, 0.0, 0.0, 0.0, 0.0, 0.0, 0.0, 0.0, 0.0, 0.0, 0.0, 0.0, 0.0, 0.0, 0.0, 0.0, 0.0, 0.0, 0.0, 0.0, 0.0, 0.0, 0.0, 1.0, 0.0, 0.0, 0.0, 0.0]"
hMpxV/South_Korea/KDCA-P07/2023|EPI_ISL_18540666|2023-07-05,"[0.0, 0.0, 0.0, 0.0, 0.0, 0.0, 0.0, 0.0, 0.0, 0.0, 0.0, 0.0, 0.0, 0.0, 0.0, 0.0, 0.0, 0.0, 0.0, 0.0, 0.0, 0.0, 0.0, 0.0, 0.0, 0.0, 1.0, 0.0, 0.0, 0.0, 0.0]"
hMpxV/China/SZ-CDC/Strain162,"[0.0, 0.0, 0.0, 0.0, 0.0, 0.0, 0.0, 0.0, 0.0, 0.0, 0.0, 0.0, 0.0, 0.0, 0.0, 0.0, 0.0, 0.0, 0.0, 0.0, 0.0, 0.0, 0.0, 0.0, 1.0, 0.0, 0.0, 0.0, 0.0, 0.0, 0.0]"
NODE_0000130,"[2.565221483851576e-10, 4.2708640508375424e-10, 1.8723161642453128e-10, 4.437082358233046e-10, 3.664454856066153e-10, 4.3367396510345863e-10, 4.265046599242619e-10, 4.307066420250157e-10, 4.2939979873123587e-10, 4.3449054674488644e-10, 4.3271075515138294e-10, 4.328546240401952e-10, 4.078393441640807e-10, 4.2767160216741894e-10, 8.204138528434786e-08, 2.716029257999102e-10, 4.232601256309756e-10, 4.3285462403890845e-10, 4.3285462403972043e-10, 4.0245233288465236e-10, 1.0249955437227067e-10, 1.3078275901769027e-09, 2.8345916534842153e-10, 4.317744963992858e-10, 1.4082720248564297e-09, 4.0375307227568094e-10, 0.999999905116696, 4.075592551407382e-10, 4.473289505464439e-10, 1.2002006899659455e-10, 4.29554188360126e-10]"
hMpxV/South_Korea/KDCA-P24/2023|EPI_ISL_18542115|2023-08-28,"[0.0, 0.0, 0.0, 0.0, 0.0, 0.0, 0.0, 0.0, 0.0, 0.0, 0.0, 0.0, 0.0, 0.0, 0.0, 0.0, 0.0, 0.0, 0.0, 0.0, 0.0, 0.0, 0.0, 0.0, 0.0, 0.0, 1.0, 0.0, 0.0, 0.0, 0.0]"
hMpxV/South_Korea/KDCA-P23/2023|EPI_ISL_18542118|2023-08-28,"[0.0, 0.0, 0.0, 0.0, 0.0, 0.0, 0.0, 0.0, 0.0, 0.0, 0.0, 0.0, 0.0, 0.0, 0.0, 0.0, 0.0, 0.0, 0.0, 0.0, 0.0, 0.0, 0.0, 0.0, 0.0, 0.0, 1.0, 0.0, 0.0, 0.0, 0.0]"
NODE_0000005,"[1.0855453605203137e-17, 3.1938506525034383e-18, 5.657850526718539e-19, 3.4488252052137765e-18, 2.6539453346435934e-18, 3.219076486267452e-18, 3.2417924637053257e-18, 3.4308893826304404e-18, 3.6104448293004595e-18, 3.2025079206613857e-18, 1.1658702525907566e-16, 3.2662046312467567e-18, 3.794280737168668e-18, 3.0046081154749412e-18, 0.9999999993890095, 1.7006706638780866e-18, 2.749970652733412e-18, 3.2662046312449575e-18, 3.266204631247229e-18, 2.7043448113376166e-18, 5.464891451238159e-18, 5.600642794975666e-17, 2.1801774429649852e-18, 3.3497224792414193e-18, 1.773056752744011e-16, 3.0349530927592486e-18, 6.109846488106726e-10, 3.1887133911939424e-18, 5.307003381366498e-15, 1.4810584505947591e-18, 3.507055670391058e-18]"
hMpxV/Japan/TMIPH-220323/2023|EPI_ISL_17445514|2023-01-30,"[0.0, 0.0, 0.0, 0.0, 0.0, 0.0, 0.0, 0.0, 0.0, 0.0, 0.0, 0.0, 0.0, 0.0, 1.0, 0.0, 0.0, 0.0, 0.0, 0.0, 0.0, 0.0, 0.0, 0.0, 0.0, 0.0, 0.0, 0.0, 0.0, 0.0, 0.0]"
hMpxV/South_Korea/KDCA-P005/2023|EPI_ISL_18147355|2023-03-13,"[0.0, 0.0, 0.0, 0.0, 0.0, 0.0, 0.0, 0.0, 0.0, 0.0, 0.0, 0.0, 0.0, 0.0, 0.0, 0.0, 0.0, 0.0, 0.0, 0.0, 0.0, 0.0, 0.0, 0.0, 0.0, 0.0, 0.9999999999999999, 0.0, 0.0, 0.0, 0.0]"
hMpxV/Japan/TMIPH-0085/2023|EPI_ISL_18075507|2023-05-01,"[0.0, 0.0, 0.0, 0.0, 0.0, 0.0, 0.0, 0.0, 0.0, 0.0, 0.0, 0.0, 0.0, 0.0, 1.0, 0.0, 0.0, 0.0, 0.0, 0.0, 0.0, 0.0, 0.0, 0.0, 0.0, 0.0, 0.0, 0.0, 0.0, 0.0, 0.0]"
hMpxV/Japan/TMIPH-0223/2023|EPI_ISL_18075508|2023-07-07,"[0.0, 0.0, 0.0, 0.0, 0.0, 0.0, 0.0, 0.0, 0.0, 0.0, 0.0, 0.0, 0.0, 0.0, 1.0, 0.0, 0.0, 0.0, 0.0, 0.0, 0.0, 0.0, 0.0, 0.0, 0.0, 0.0, 0.0, 0.0, 0.0, 0.0, 0.0]"
hMpxV/Japan/TMIPH-0204/2023|EPI_ISL_18055899|2023-06-26,"[0.0, 0.0, 0.0, 0.0, 0.0, 0.0, 0.0, 0.0, 0.0, 0.0, 0.0, 0.0, 0.0, 0.0, 1.0, 0.0, 0.0, 0.0, 0.0, 0.0, 0.0, 0.0, 0.0, 0.0, 0.0, 0.0, 0.0, 0.0, 0.0, 0.0, 0.0]"
NODE_0000112,"[3.1909712249267724e-09, 1.5860245018948645e-09, 7.515266024052558e-10, 1.6618463260342186e-09, 1.4037900528649132e-09, 1.6027932112832694e-09, 1.5856225758464636e-09, 1.6062712272112176e-09, 1.6128414241858008e-09, 1.6033539537762175e-09, 7.42705902421462e-09, 1.6021375825738947e-09, 1.7257530292883592e-09, 1.5771456886407325e-09, 0.9999984614241093, 1.089835297738453e-09, 1.5554937726801113e-09, 1.602137582573057e-09, 1.602137582574138e-09, 1.4966862387911385e-09, 1.2970467005806065e-09, 5.5953678879397295e-09, 1.1505770854898387e-09, 1.6042906876202967e-09, 6.41417384460204e-09, 1.5159571095141798e-09, 1.4272517201667855e-06, 1.5354522581143812e-09, 5.283898102642647e-08, 1.4811677629153153e-09, 1.6077290544206607e-09]"
hMpxV/Japan/TMIPH-0267/2023|EPI_ISL_18557816|2023-09-22,"[0.0, 0.0, 0.0, 0.0, 0.0, 0.0, 0.0, 0.0, 0.0, 0.0, 0.0, 0.0, 0.0, 0.0, 1.0, 0.0, 0.0, 0.0, 0.0, 0.0, 0.0, 0.0, 0.0, 0.0, 0.0, 0.0, 0.0, 0.0, 0.0, 0.0, 0.0]"
hMpxV/Japan/TMIPH-0304/2023|EPI_ISL_18557818|2023-10-25,"[0.0, 0.0, 0.0, 0.0, 0.0, 0.0, 0.0, 0.0, 0.0, 0.0, 0.0, 0.0, 0.0, 0.0, 1.0, 0.0, 0.0, 0.0, 0.0, 0.0, 0.0, 0.0, 0.0, 0.0, 0.0, 0.0, 0.0, 0.0, 0.0, 0.0, 0.0]"
hMpxV/Japan/TMIPH-0336/2023|EPI_ISL_18739594|2023-11-29,"[0.0, 0.0, 0.0, 0.0, 0.0, 0.0, 0.0, 0.0, 0.0, 0.0, 0.0, 0.0, 0.0, 0.0, 1.0, 0.0, 0.0, 0.0, 0.0, 0.0, 0.0, 0.0, 0.0, 0.0, 0.0, 0.0, 0.0, 0.0, 0.0, 0.0, 0.0]"
NODE_0000107,"[4.573486870467632e-12, 1.6960333749880844e-12, 6.110291086984067e-13, 1.7742227726502609e-12, 1.4809041878694758e-12, 1.713057993302518e-12, 1.70400726818253e-12, 1.7280888984055911e-12, 1.7401611355833139e-12, 1.7100815507928421e-12, 1.5519983889580034e-11, 1.7196374608530724e-12, 1.8910589074884883e-12, 1.6588087027084875e-12, 0.9999999789708709, 1.093858852259142e-12, 1.6001315489907422e-12, 1.7196374608521523e-12, 1.719637460853326e-12, 1.5532887236558741e-12, 2.1211357818196615e-12, 9.655153074925041e-12, 1.14901754126105e-12, 1.724145776022725e-12, 1.3146708651872526e-11, 1.6231159917143452e-12, 2.0711978513476174e-08, 1.6569193523009024e-12, 2.3561458409458845e-10, 1.5216095789837083e-12, 1.7308506065897642e-12]"
hMpxV/Japan/TMIPH-0029/2023|EPI_ISL_17665624|2023-04-17,"[0.0, 0.0, 0.0, 0.0, 0.0, 0.0, 0.0, 0.0, 0.0, 0.0, 0.0, 0.0, 0.0, 0.0, 1.0, 0.0, 0.0, 0.0, 0.0, 0.0, 0.0, 0.0, 0.0, 0.0, 0.0, 0.0, 0.0, 0.0, 0.0, 0.0, 0.0]"
hMpxV/Japan/TMIPH-0176/2023|EPI_ISL_17837268|2023-06-09,"[0.0, 0.0, 0.0, 0.0, 0.0, 0.0, 0.0, 0.0, 0.0, 0.0, 0.0, 0.0, 0.0, 0.0, 1.0, 0.0, 0.0, 0.0, 0.0, 0.0, 0.0, 0.0, 0.0, 0.0, 0.0, 0.0, 0.0, 0.0, 0.0, 0.0, 0.0]"
hMpxV/Japan/TMIPH-0171/2023|EPI_ISL_18352302|2023-06-06,"[0.0, 0.0, 0.0, 0.0, 0.0, 0.0, 0.0, 0.0, 0.0, 0.0, 0.0, 0.0, 0.0, 0.0, 1.0, 0.0, 0.0, 0.0, 0.0, 0.0, 0.0, 0.0, 0.0, 0.0, 0.0, 0.0, 0.0, 0.0, 0.0, 0.0, 0.0]"
hMpxV/Japan/TMIPH-0117/2023|EPI_ISL_17817239|2023-05-15,"[0.0, 0.0, 0.0, 0.0, 0.0, 0.0, 0.0, 0.0, 0.0, 0.0, 0.0, 0.0, 0.0, 0.0, 1.0, 0.0, 0.0, 0.0, 0.0, 0.0, 0.0, 0.0, 0.0, 0.0, 0.0, 0.0, 0.0, 0.0, 0.0, 0.0, 0.0]"
NODE_0000108,"[5.564742437817374e-11, 2.3572268194614876e-11, 9.828039917014148e-12, 2.4468119605603283e-11, 2.0739644290042997e-11, 2.3829689126651095e-11, 2.3631682098092798e-11, 2.3857407912807747e-11, 2.3892806792824317e-11, 2.3814799432091975e-11, 1.5384601973994767e-10, 2.386654498365522e-11, 2.574477473143082e-11, 2.3272661372678472e-11, 0.9999999391820775, 1.572706514040076e-11, 2.2709088858051512e-11, 2.386654498364255e-11, 2.386654498365885e-11, 2.19539500101829e-11, 2.5298775186613746e-11, 1.0422093261671315e-10, 1.6214644307714665e-11, 2.3864222704663696e-11, 1.3209402459294705e-10, 2.2576441546244646e-11, 5.8339940345772176e-08, 2.29017223355938e-11, 1.4964781057117737e-09, 2.235899726112788e-11, 2.383935335832466e-11]"
hMpxV/Japan/TMIPH-0055/2023|EPI_ISL_17665627|2023-04-21,"[0.0, 0.0, 0.0, 0.0, 0.0, 0.0, 0.0, 0.0, 0.0, 0.0, 0.0, 0.0, 0.0, 0.0, 1.0, 0.0, 0.0, 0.0, 0.0, 0.0, 0.0, 0.0, 0.0, 0.0, 0.0, 0.0, 0.0, 0.0, 0.0, 0.0, 0.0]"
hMpxV/Japan/TMIPH-0017/2023|EPI_ISL_17592667|2023-04-06,"[0.0, 0.0, 0.0, 0.0, 0.0, 0.0, 0.0, 0.0, 0.0, 0.0, 0.0, 0.0, 0.0, 0.0, 0.9999999999999999, 0.0, 0.0, 0.0, 0.0, 0.0, 0.0, 0.0, 0.0, 0.0, 0.0, 0.0, 0.0, 0.0, 0.0, 0.0, 0.0]"
NODE_0000109,"[2.1545495052863974e-22, 3.6569531396125916e-23, 6.396695785941961e-24, 3.772523294227868e-23, 3.0724696805950623e-23, 3.692319137043881e-23, 3.7248266222898053e-23, 3.7723909766258057e-23, 3.8083458723124936e-23, 3.6683930091156054e-23, 1.9188462059407974e-21, 3.749154220512649e-23, 4.3116043136010426e-23, 3.431487395787148e-23, 0.9999999999999998, 1.9867918617686852e-23, 3.1230055542243804e-23, 3.7491542205102314e-23, 3.749154220513249e-23, 3.1021049596158657e-23, 1.4842825141780413e-22, 7.218654191917143e-22, 1.9994007935325832e-23, 3.7625749163567113e-23, 1.547345112246858e-21, 3.517265254806756e-23, 3.377848010485188e-16, 3.657581959986624e-23, 1.9480495437190184e-19, 3.0326104186468494e-23, 3.775900949805466e-23]"
hMpxV/Japan/TMIPH-0206/2023|EPI_ISL_18055900|2023-06-26,"[0.0, 0.0, 0.0, 0.0, 0.0, 0.0, 0.0, 0.0, 0.0, 0.0, 0.0, 0.0, 0.0, 0.0, 1.0, 0.0, 0.0, 0.0, 0.0, 0.0, 0.0, 0.0, 0.0, 0.0, 0.0, 0.0, 0.0, 0.0, 0.0, 0.0, 0.0]"
hMpxV/Japan/Osaka-OMU001-A3/2023|EPI_ISL_19022858|2023-05-08,"[0.0, 0.0, 0.0, 0.0, 0.0, 0.0, 0.0, 0.0, 0.0, 0.0, 0.0, 0.0, 0.0, 0.0, 1.0, 0.0, 0.0, 0.0, 0.0, 0.0, 0.0, 0.0, 0.0, 0.0, 0.0, 0.0, 0.0, 0.0, 0.0, 0.0, 0.0]"
hMpxV/Japan/Osaka-OMU001-C5/2023|EPI_ISL_19022860|2023-05-08,"[0.0, 0.0, 0.0, 0.0, 0.0, 0.0, 0.0, 0.0, 0.0, 0.0, 0.0, 0.0, 0.0, 0.0, 1.0, 0.0, 0.0, 0.0, 0.0, 0.0, 0.0, 0.0, 0.0, 0.0, 0.0, 0.0, 0.0, 0.0, 0.0, 0.0, 0.0]"
hMpxV/Japan/TMIPH-0138/2023|EPI_ISL_17817240|2023-05-19,"[0.0, 0.0, 0.0, 0.0, 0.0, 0.0, 0.0, 0.0, 0.0, 0.0, 0.0, 0.0, 0.0, 0.0, 1.0, 0.0, 0.0, 0.0, 0.0, 0.0, 0.0, 0.0, 0.0, 0.0, 0.0, 0.0, 0.0, 0.0, 0.0, 0.0, 0.0]"
hMpxV/Japan/Osaka-OMU001-A4/2023|EPI_ISL_19022859|2023-05-08,"[0.0, 0.0, 0.0, 0.0, 0.0, 0.0, 0.0, 0.0, 0.0, 0.0, 0.0, 0.0, 0.0, 0.0, 1.0, 0.0, 0.0, 0.0, 0.0, 0.0, 0.0, 0.0, 0.0, 0.0, 0.0, 0.0, 0.0, 0.0, 0.0, 0.0, 0.0]"
hMpxV/Japan/TMIPH-0087/2023|EPI_ISL_18097375|2023-05-02,"[0.0, 0.0, 0.0, 0.0, 0.0, 0.0, 0.0, 0.0, 0.0, 0.0, 0.0, 0.0, 0.0, 0.0, 0.9999999999999999, 0.0, 0.0, 0.0, 0.0, 0.0, 0.0, 0.0, 0.0, 0.0, 0.0, 0.0, 0.0, 0.0, 0.0, 0.0, 0.0]"
hMpxV/Japan/Osaka-OMU001-D3/2023|EPI_ISL_19022862|2023-05-08,"[0.0, 0.0, 0.0, 0.0, 0.0, 0.0, 0.0, 0.0, 0.0, 0.0, 0.0, 0.0, 0.0, 0.0, 1.0, 0.0, 0.0, 0.0, 0.0, 0.0, 0.0, 0.0, 0.0, 0.0, 0.0, 0.0, 0.0, 0.0, 0.0, 0.0, 0.0]"
NODE_0000006,"[1.4188676395594508e-05, 7.375617426888624e-06, 4.548330061747723e-06, 7.659218168091517e-06, 6.519669785635416e-06, 7.463452878005898e-06, 7.365362834353757e-06, 1.153767482469365e-05, 1.5594046251598153e-05, 7.51914164213706e-06, 0.0005875648716750464, 7.450075884264143e-06, 9.672093751626828e-06, 7.5162913934362075e-06, 0.9975564449392778, 5.079411243302317e-06, 7.5092903515144e-06, 7.450075884263785e-06, 7.450075884264398e-06, 7.045533546069337e-06, 4.87005629444718e-06, 1.5452879030830026e-05, 2.3394316446137587e-05, 9.500877142680656e-06, 0.0010997979283003355, 7.037735323862451e-06, 0.00046728470891361086, 7.092663195404058e-06, 5.284333261752355e-05, 6.213851171610152e-06, 1.3557802403213729e-05]"
hMpxV/Japan/TMIPH-0076/2023|EPI_ISL_17692269|2023-04-28,"[0.0, 0.0, 0.0, 0.0, 0.0, 0.0, 0.0, 0.0, 0.0, 0.0, 0.0, 0.0, 0.0, 0.0, 1.0, 0.0, 0.0, 0.0, 0.0, 0.0, 0.0, 0.0, 0.0, 0.0, 0.0, 0.0, 0.0, 0.0, 0.0, 0.0, 0.0]"
NODE_0000007,"[0.0009052631357086219, 0.0005453970268365715, 0.00034574431986363074, 0.0005659883653110704, 0.00047616660884874354, 0.0005528021816594429, 0.0005448421960335609, 0.001073185271351667, 0.0015905416850616047, 0.0005547280705857641, 0.24620312515954745, 0.0005517908608224483, 0.0007962258777599252, 0.0005491968546652787, 0.2252865616466841, 0.00036250726949423116, 0.0005454658825497663, 0.0005517908608225457, 0.0005517908608225191, 0.0005167434476644093, 0.0002869075658911419, 0.0008209197299226176, 0.002657198597943915, 0.0008133560762002524, 0.501100029390925, 0.0005187344598859753, 0.007027991985916312, 0.000522763422662665, 0.0015080941690401217, 0.00034313443923877397, 0.001331012580279805]"
NODE_0000104,"[6.0522445128580995e-05, 3.9500710926298006e-05, 2.3723112630673383e-05, 4.1214569366337886e-05, 3.44541157154877e-05, 4.0029743554743526e-05, 3.944228936543714e-05, 6.982056352265235e-05, 9.972805415772148e-05, 4.0270520612439896e-05, 0.9038051510122358, 3.9945425202968834e-05, 5.407890920545992e-05, 4.008317080907114e-05, 0.08274822834533248, 2.6165232008104014e-05, 3.995813309762805e-05, 3.994542520317473e-05, 3.994542520313203e-05, 3.7453750326782946e-05, 1.9251355188892725e-05, 6.38816974719443e-05, 0.00015809274213882213, 5.490100207273849e-05, 0.011099308549638962, 3.750377214443607e-05, 0.0009161167523146171, 3.784153408302572e-05, 0.00014525886347686596, 2.3498517735357398e-05, 8.468426012938119e-05]"
hMpxV/China/HZCDC-0001/2023|EPI_ISL_17809521|2023-06-15,"[0.0, 0.0, 0.0, 0.0, 0.0, 0.0, 0.0, 0.0, 0.0, 0.0, 1.0, 0.0, 0.0, 0.0, 0.0, 0.0, 0.0, 0.0, 0.0, 0.0, 0.0, 0.0, 0.0, 0.0, 0.0, 0.0, 0.0, 0.0, 0.0, 0.0, 0.0]"
NODE_0000105,"[2.5564729761844644e-05, 1.3195363532396121e-05, 7.702665550503778e-06, 1.3738872338614733e-05, 1.1499182785449778e-05, 1.3356544572721383e-05, 1.3200655305075696e-05, 2.48438306800273e-05, 3.6443884223910654e-05, 1.3468993641774831e-05, 0.0012647135169721558, 1.3358946368010555e-05, 1.9094690925651043e-05, 1.3411837240095404e-05, 0.9921134478841692, 8.669194954676037e-06, 1.328811268014365e-05, 1.335894636801029e-05, 1.3358946368011278e-05, 1.2441988488528152e-05, 8.360292017981454e-06, 2.5908374081551237e-05, 5.9593823611594e-05, 1.909577151566072e-05, 0.005314688635780976, 1.2555324094420467e-05, 0.0007690930178444335, 1.2698717947342315e-05, 8.027746645511014e-05, 8.976647739738391e-06, 3.059314198411116e-05]"
hMpxV/China/SZ-CDC/Strain180,"[0.0, 0.0, 0.0, 0.0, 0.0, 0.0, 0.0, 0.0, 0.0, 0.0, 0.0, 0.0, 0.0, 0.0, 0.0, 0.0, 0.0, 0.0, 0.0, 0.0, 0.0, 0.0, 0.0, 0.0, 0.9999999999999999, 0.0, 0.0, 0.0, 0.0, 0.0, 0.0]"
hMpxV/Japan/TMIPH-0353/2024|EPI_ISL_19001887|2024-01-25,"[0.0, 0.0, 0.0, 0.0, 0.0, 0.0, 0.0, 0.0, 0.0, 0.0, 0.0, 0.0, 0.0, 0.0, 1.0, 0.0, 0.0, 0.0, 0.0, 0.0, 0.0, 0.0, 0.0, 0.0, 0.0, 0.0, 0.0, 0.0, 0.0, 0.0, 0.0]"
NODE_0000106,"[8.512486699344089e-09, 3.551798114104226e-09, 1.7551475625124432e-09, 3.6876290925227064e-09, 3.0750278617513505e-09, 3.5939452548806706e-09, 3.5644654658465157e-09, 6.538051263361771e-09, 9.504708378320524e-09, 3.6187117060622954e-09, 4.725271287856217e-07, 3.604044336511254e-09, 5.154219146694053e-09, 3.5717777405826058e-09, 0.99999600257595, 2.257814332102338e-09, 3.491262390629205e-09, 3.6040443365094535e-09, 3.604044336511925e-09, 3.2914145517848367e-09, 3.0889644197895093e-09, 9.844369957211021e-09, 1.4563319347141832e-08, 5.069994502552049e-09, 1.940177384781954e-06, 3.385872613132666e-09, 1.3984763483446478e-06, 3.4398864440788273e-09, 6.035714369477507e-08, 2.5087750875742394e-09, 8.00426950798552e-09]"
hMpxV/Japan/TMIPH-0255/2024|EPI_ISL_18352303|2023-09-11,"[0.0, 0.0, 0.0, 0.0, 0.0, 0.0, 0.0, 0.0, 0.0, 0.0, 0.0, 0.0, 0.0, 0.0, 1.0, 0.0, 0.0, 0.0, 0.0, 0.0, 0.0, 0.0, 0.0, 0.0, 0.0, 0.0, 0.0, 0.0, 0.0, 0.0, 0.0]"
hMpxV/Japan/TMIPH-0264/2023|EPI_ISL_18352306|2023-09-19,"[0.0, 0.0, 0.0, 0.0, 0.0, 0.0, 0.0, 0.0, 0.0, 0.0, 0.0, 0.0, 0.0, 0.0, 1.0, 0.0, 0.0, 0.0, 0.0, 0.0, 0.0, 0.0, 0.0, 0.0, 0.0, 0.0, 0.0, 0.0, 0.0, 0.0, 0.0]"
NODE_0000008,"[9.27370462783461e-30, 7.608409836045042e-31, 2.713513397960333e-29, 7.785363348925187e-31, 5.18941787185003e-31, 7.720279591658577e-31, 8.136730129887555e-31, 6.880605006177018e-23, 3.3748468737467266e-20, 4.775201139281844e-30, 1.4825404435754693e-27, 8.15605173197121e-31, 1.9084320579537466e-29, 5.436783886930809e-29, 3.0242065986924173e-27, 1.5813287511306865e-31, 1.0817850476604134e-28, 8.156051731969996e-31, 8.156051731966453e-31, 1.9038754088825777e-30, 1.0647214106456913e-29, 7.169858141148897e-31, 5.1541224161660437e-11, 3.078798044918072e-29, 0.9999999999484587, 6.982419948997331e-31, 5.165016054799304e-28, 8.15488467260021e-31, 1.1147207769474491e-30, 7.307717609611056e-32, 9.548540166458078e-23]"
hMpxV/China/SZ-CDC/Strain008,"[0.0, 0.0, 0.0, 0.0, 0.0, 0.0, 0.0, 0.0, 0.0, 0.0, 0.0, 0.0, 0.0, 0.0, 0.0, 0.0, 0.0, 0.0, 0.0, 0.0, 0.0, 0.0, 0.0, 0.0, 0.9999999999999999, 0.0, 0.0, 0.0, 0.0, 0.0, 0.0]"
hMpxV/China/SZ-CDC/Strain024,"[0.0, 0.0, 0.0, 0.0, 0.0, 0.0, 0.0, 0.0, 0.0, 0.0, 0.0, 0.0, 0.0, 0.0, 0.0, 0.0, 0.0, 0.0, 0.0, 0.0, 0.0, 0.0, 0.0, 0.0, 1.0, 0.0, 0.0, 0.0, 0.0, 0.0, 0.0]"
hMpxV/China/SZ-CDC/Strain045,"[0.0, 0.0, 0.0, 0.0, 0.0, 0.0, 0.0, 0.0, 0.0, 0.0, 0.0, 0.0, 0.0, 0.0, 0.0, 0.0, 0.0, 0.0, 0.0, 0.0, 0.0, 0.0, 0.0, 0.0, 1.0, 0.0, 0.0, 0.0, 0.0, 0.0, 0.0]"
hMpxV/China/SZ-CDC/Strain154,"[0.0, 0.0, 0.0, 0.0, 0.0, 0.0, 0.0, 0.0, 0.0, 0.0, 0.0, 0.0, 0.0, 0.0, 0.0, 0.0, 0.0, 0.0, 0.0, 0.0, 0.0, 0.0, 0.0, 0.0, 0.9999999999999999, 0.0, 0.0, 0.0, 0.0, 0.0, 0.0]"
hMpxV/China/YN-CDC-0002/2023|EPI_ISL_18059183|2023-06-28,"[0.0, 0.0, 0.0, 0.0, 0.0, 0.0, 0.0, 0.0, 0.0, 0.0, 0.0, 0.0, 0.0, 0.0, 0.0, 0.0, 0.0, 0.0, 0.0, 0.0, 0.0, 0.0, 0.0, 0.0, 0.0, 0.0, 0.0, 0.0, 0.0, 0.0, 1.0]"
hMpxV/China/YN-CDC-0003/2023|EPI_ISL_18059184|2023-07-03,"[0.0, 0.0, 0.0, 0.0, 0.0, 0.0, 0.0, 0.0, 0.0, 0.0, 0.0, 0.0, 0.0, 0.0, 0.0, 0.0, 0.0, 0.0, 0.0, 0.0, 0.0, 0.0, 0.0, 0.0, 0.0, 0.0, 0.0, 0.0, 0.0, 0.0, 1.0]"
hMpxV/Portugal/INSA-PT0791/2023|EPI_ISL_18702242|2023-11-08,"[0.0, 0.0, 0.0, 0.0, 0.0, 0.0, 0.0, 0.0, 0.0, 0.0, 0.0, 0.0, 0.0, 0.0, 0.0, 0.0, 0.0, 0.0, 0.0, 0.0, 0.0, 0.0, 0.9999999999999999, 0.0, 0.0, 0.0, 0.0, 0.0, 0.0, 0.0, 0.0]"
hMpxV/Portugal/INSA-PT0778/2023|EPI_ISL_18702243|2023-10-27,"[0.0, 0.0, 0.0, 0.0, 0.0, 0.0, 0.0, 0.0, 0.0, 0.0, 0.0, 0.0, 0.0, 0.0, 0.0, 0.0, 0.0, 0.0, 0.0, 0.0, 0.0, 0.0, 1.0, 0.0, 0.0, 0.0, 0.0, 0.0, 0.0, 0.0, 0.0]"
hMpxV/Portugal/INSA-PT0645/2023|EPI_ISL_18076380|2023-07-07,"[0.0, 0.0, 0.0, 0.0, 0.0, 0.0, 0.0, 0.0, 0.0, 0.0, 0.0, 0.0, 0.0, 0.0, 0.0, 0.0, 0.0, 0.0, 0.0, 0.0, 0.0, 0.0, 1.0, 0.0, 0.0, 0.0, 0.0, 0.0, 0.0, 0.0, 0.0]"
hMpxV/China/FS-GCDC_M108/2023|EPI_ISL_19058866|2023-06-22,"[0.0, 0.0, 0.0, 0.0, 0.0, 0.0, 0.0, 1.0, 0.0, 0.0, 0.0, 0.0, 0.0, 0.0, 0.0, 0.0, 0.0, 0.0, 0.0, 0.0, 0.0, 0.0, 0.0, 0.0, 0.0, 0.0, 0.0, 0.0, 0.0, 0.0, 0.0]"
hMpxV/China/GZ-GCDC_M008/2023|EPI_ISL_19058868|2023-06-08,"[0.0, 0.0, 0.0, 0.0, 0.0, 0.0, 0.0, 0.0, 1.0, 0.0, 0.0, 0.0, 0.0, 0.0, 0.0, 0.0, 0.0, 0.0, 0.0, 0.0, 0.0, 0.0, 0.0, 0.0, 0.0, 0.0, 0.0, 0.0, 0.0, 0.0, 0.0]"
hMpxV/China/FS-GCDC_M028/2023|EPI_ISL_19058872|2023-06-13,"[0.0, 0.0, 0.0, 0.0, 0.0, 0.0, 0.0, 1.0, 0.0, 0.0, 0.0, 0.0, 0.0, 0.0, 0.0, 0.0, 0.0, 0.0, 0.0, 0.0, 0.0, 0.0, 0.0, 0.0, 0.0, 0.0, 0.0, 0.0, 0.0, 0.0, 0.0]"
hMpxV/China/GZ-GCDC_M050/2023|EPI_ISL_19058873|2023-06-16,"[0.0, 0.0, 0.0, 0.0, 0.0, 0.0, 0.0, 0.0, 1.0, 0.0, 0.0, 0.0, 0.0, 0.0, 0.0, 0.0, 0.0, 0.0, 0.0, 0.0, 0.0, 0.0, 0.0, 0.0, 0.0, 0.0, 0.0, 0.0, 0.0, 0.0, 0.0]"
hMpxV/Portugal/INSA-PT0686/2023|EPI_ISL_18553842|2023-07-13,"[0.0, 0.0, 0.0, 0.0, 0.0, 0.0, 0.0, 0.0, 0.0, 0.0, 0.0, 0.0, 0.0, 0.0, 0.0, 0.0, 0.0, 0.0, 0.0, 0.0, 0.0, 0.0, 0.9999999999999999, 0.0, 0.0, 0.0, 0.0, 0.0, 0.0, 0.0, 0.0]"
hMpxV/Portugal/INSA-PT0671/2023|EPI_ISL_18228634|2023-08-02,"[0.0, 0.0, 0.0, 0.0, 0.0, 0.0, 0.0, 0.0, 0.0, 0.0, 0.0, 0.0, 0.0, 0.0, 0.0, 0.0, 0.0, 0.0, 0.0, 0.0, 0.0, 0.0, 0.9999999999999999, 0.0, 0.0, 0.0, 0.0, 0.0, 0.0, 0.0, 0.0]"
hMpxV/China/SZ-CDC/Strain193,"[0.0, 0.0, 0.0, 0.0, 0.0, 0.0, 0.0, 0.0, 0.0, 0.0, 0.0, 0.0, 0.0, 0.0, 0.0, 0.0, 0.0, 0.0, 0.0, 0.0, 0.0, 0.0, 0.0, 0.0, 1.0, 0.0, 0.0, 0.0, 0.0, 0.0, 0.0]"
NODE_0000091,"[4.1016594434647835e-05, 1.561701908901063e-05, 1.8320801295955563e-05, 1.6051945354546475e-05, 1.4133424068257218e-05, 1.5782204368157474e-05, 1.556417003346841e-05, 5.8265617306936605e-05, 0.00013201332894454456, 1.6180530497689635e-05, 2.561249584788022e-05, 1.5723764166304086e-05, 3.2082375597238955e-05, 1.6844703700771607e-05, 3.734242311830743e-05, 1.1528520388897866e-05, 1.728858917225921e-05, 1.572376416630404e-05, 1.5723764166303977e-05, 1.5396307560511055e-05, 1.0042780128709004e-05, 1.658403295458304e-05, 0.0006412929226416161, 3.3337403376496786e-05, 0.9985468951565525, 1.4967501323009841e-05, 5.2409473317617236e-05, 1.5002729105720534e-05, 1.559514013128277e-05, 1.6677951348078955e-05, 9.098256584219125e-05]"
hMpxV/China/SZ-CDC/Strain063,"[0.0, 0.0, 0.0, 0.0, 0.0, 0.0, 0.0, 0.0, 0.0, 0.0, 0.0, 0.0, 0.0, 0.0, 0.0, 0.0, 0.0, 0.0, 0.0, 0.0, 0.0, 0.0, 0.0, 0.0, 1.0, 0.0, 0.0, 0.0, 0.0, 0.0, 0.0]"
hMpxV/China/SZ-CDC/Strain108,"[0.0, 0.0, 0.0, 0.0, 0.0, 0.0, 0.0, 0.0, 0.0, 0.0, 0.0, 0.0, 0.0, 0.0, 0.0, 0.0, 0.0, 0.0, 0.0, 0.0, 0.0, 0.0, 0.0, 0.0, 1.0, 0.0, 0.0, 0.0, 0.0, 0.0, 0.0]"
NODE_0000011,"[1.262210052474766e-09, 2.827992986898828e-10, 3.5023207063287295e-10, 2.8976719856030363e-10, 2.5284797611029366e-10, 2.857982969831105e-10, 2.832635641984321e-10, 2.2120930760383806e-09, 7.364277626284395e-09, 2.866927884645086e-10, 6.351666773737284e-10, 2.858985459712997e-10, 8.908668936731839e-10, 2.8359772233365426e-10, 1.2286489074205677e-09, 1.987900339353207e-10, 2.800201070340152e-10, 2.8589854597129817e-10, 2.85898545971269e-10, 2.682299523919678e-10, 2.8314772773374486e-10, 2.885149841935426e-10, 7.96470703488421e-08, 9.447249963463932e-10, 0.9999998940693847, 2.7231136853186905e-10, 1.8550147867618545e-09, 2.746441876666384e-10, 2.7216576675730293e-10, 2.9802373506872507e-10, 4.281999463632146e-09]"
hMpxV/China/SZ-CDC/Strain003,"[0.0, 0.0, 0.0, 0.0, 0.0, 0.0, 0.0, 0.0, 0.0, 0.0, 0.0, 0.0, 0.0, 0.0, 0.0, 0.0, 0.0, 0.0, 0.0, 0.0, 0.0, 0.0, 0.0, 0.0, 1.0, 0.0, 0.0, 0.0, 0.0, 0.0, 0.0]"
hMpxV/China/SZ-CDC/Strain006,"[0.0, 0.0, 0.0, 0.0, 0.0, 0.0, 0.0, 0.0, 0.0, 0.0, 0.0, 0.0, 0.0, 0.0, 0.0, 0.0, 0.0, 0.0, 0.0, 0.0, 0.0, 0.0, 0.0, 0.0, 1.0, 0.0, 0.0, 0.0, 0.0, 0.0, 0.0]"
NODE_0000102,"[2.1613476540248374e-09, 2.462959032759804e-09, 4.335385522775154e-08, 2.5355466971751263e-09, 2.1745809405958887e-09, 2.4923335760937674e-09, 2.4672652129999817e-09, 3.888311697966528e-09, 5.304548690096579e-09, 7.937258204012018e-09, 2.877288826289171e-09, 2.492079187544587e-09, 2.979236463398348e-09, 3.481357264242955e-08, 2.1866825917892974e-09, 1.6336709575843124e-09, 5.962339500269037e-08, 2.4920791875449063e-09, 2.49207918754431e-09, 5.705562047175489e-09, 3.2015895610582535e-09, 2.544492997073434e-09, 0.9999883148944012, 3.1890693458596734e-09, 1.1463443604109961e-05, 2.3474808490526186e-09, 3.131585393846981e-09, 2.385391583186588e-09, 2.367378791788529e-09, 5.833057214736088e-09, 4.5882956609821406e-09]"
hMpxV/Portugal/INSA-PT0773/2023|EPI_ISL_18702208|2023-10-17,"[0.0, 0.0, 0.0, 0.0, 0.0, 0.0, 0.0, 0.0, 0.0, 0.0, 0.0, 0.0, 0.0, 0.0, 0.0, 0.0, 0.0, 0.0, 0.0, 0.0, 0.0, 0.0, 1.0, 0.0, 0.0, 0.0, 0.0, 0.0, 0.0, 0.0, 0.0]"
hMpxV/Portugal/INSA-PT0780/2023|EPI_ISL_18702234|2023-10-29,"[0.0, 0.0, 0.0, 0.0, 0.0, 0.0, 0.0, 0.0, 0.0, 0.0, 0.0, 0.0, 0.0, 0.0, 0.0, 0.0, 0.0, 0.0, 0.0, 0.0, 0.0, 0.0, 1.0, 0.0, 0.0, 0.0, 0.0, 0.0, 0.0, 0.0, 0.0]"
NODE_0000103,"[2.2243324827727728e-14, 4.147719215289998e-14, 1.9773992738359667e-12, 4.278891765917161e-14, 3.5940590839632085e-14, 4.20427150056806e-14, 4.161860279677764e-14, 4.27862744133831e-14, 4.3593586911288443e-14, 2.0673102479870189e-13, 4.140255836971158e-14, 4.208491022139889e-14, 3.9254668537347375e-14, 1.5246131240055188e-12, 2.3382511734404477e-14, 2.6268251496871646e-14, 3.1403718868418653e-12, 4.2084910221429156e-14, 4.208491022137264e-14, 1.3404432407217109e-13, 7.149332201574895e-14, 4.23014959784396e-14, 0.9999999998123046, 4.2437913075377727e-14, 1.796579586466708e-10, 3.9491188304515744e-14, 3.3440776336453044e-14, 4.0132080309330044e-14, 3.9109216136974664e-14, 1.3349554023243362e-13, 4.311604698466485e-14]"
hMpxV/Portugal/INSA-PT0757/2023|EPI_ISL_18702211|2023-10-04,"[0.0, 0.0, 0.0, 0.0, 0.0, 0.0, 0.0, 0.0, 0.0, 0.0, 0.0, 0.0, 0.0, 0.0, 0.0, 0.0, 0.0, 0.0, 0.0, 0.0, 0.0, 0.0, 1.0, 0.0, 0.0, 0.0, 0.0, 0.0, 0.0, 0.0, 0.0]"
hMpxV/Portugal/INSA-PT0750/2023|EPI_ISL_18702235|2023-10-02,"[0.0, 0.0, 0.0, 0.0, 0.0, 0.0, 0.0, 0.0, 0.0, 0.0, 0.0, 0.0, 0.0, 0.0, 0.0, 0.0, 0.0, 0.0, 0.0, 0.0, 0.0, 0.0, 1.0, 0.0, 0.0, 0.0, 0.0, 0.0, 0.0, 0.0, 0.0]"
hMpxV/Portugal/INSA-PT0775/2023|EPI_ISL_18702253|2023-10-19,"[0.0, 0.0, 0.0, 0.0, 0.0, 0.0, 0.0, 0.0, 0.0, 0.0, 0.0, 0.0, 0.0, 0.0, 0.0, 0.0, 0.0, 0.0, 0.0, 0.0, 0.0, 0.0, 1.0, 0.0, 0.0, 0.0, 0.0, 0.0, 0.0, 0.0, 0.0]"
NODE_0000093,"[3.164138785435031e-05, 1.1666092900116565e-05, 1.427387339221378e-05, 1.1982701041454838e-05, 1.0570092128808479e-05, 1.1782731301013786e-05, 1.162710955095692e-05, 4.5979734082185184e-05, 0.00011242268135154036, 1.2262744475654828e-05, 1.9348532086514323e-05, 1.1741537253119319e-05, 2.4293273607289622e-05, 1.3130336150634802e-05, 2.8870146529812565e-05, 8.590481316198427e-06, 1.3660482769644019e-05, 1.174153725311924e-05, 1.174153725311915e-05, 1.1599510369476987e-05, 7.407010087545132e-06, 1.2440723784749894e-05, 0.000664279500270296, 2.5399175771927302e-05, 0.9986994926494229, 1.1168643377821665e-05, 4.0922437961142604e-05, 1.1200559382970082e-05, 1.1728923389339572e-05, 1.2426546966995375e-05, 7.460730691723727e-05]"
hMpxV/China/SZ-CDC/Strain116,"[0.0, 0.0, 0.0, 0.0, 0.0, 0.0, 0.0, 0.0, 0.0, 0.0, 0.0, 0.0, 0.0, 0.0, 0.0, 0.0, 0.0, 0.0, 0.0, 0.0, 0.0, 0.0, 0.0, 0.0, 1.0, 0.0, 0.0, 0.0, 0.0, 0.0, 0.0]"
NODE_0000095,"[7.309105805068034e-08, 7.371170230653506e-10, 1.3263563936730972e-09, 7.514342467586847e-10, 6.628998537349556e-10, 7.42306950562405e-10, 7.401096005370334e-10, 6.925816417229001e-09, 3.149404720814034e-08, 7.98368598305743e-10, 1.706525732289765e-09, 7.4475407720533e-10, 2.3556548112225195e-09, 8.975920687863487e-10, 4.071139579207032e-09, 5.046016650043222e-10, 9.370127061269984e-10, 7.447540772053311e-10, 7.447540772052259e-10, 7.189126828378295e-10, 8.178901292064973e-10, 7.560464989217014e-10, 7.625779432393421e-07, 2.5961686500460534e-09, 0.9999990783366227, 7.075095609783033e-10, 5.43707281234343e-09, 7.181381485378928e-10, 7.254603492955071e-10, 1.0046358611828415e-09, 1.5627296480629182e-08]"
hMpxV/China/SZ-CDC/Strain188,"[0.0, 0.0, 0.0, 0.0, 0.0, 0.0, 0.0, 0.0, 0.0, 0.0, 0.0, 0.0, 0.0, 0.0, 0.0, 0.0, 0.0, 0.0, 0.0, 0.0, 0.0, 0.0, 0.0, 0.0, 1.0, 0.0, 0.0, 0.0, 0.0, 0.0, 0.0]"
hMpxV/China/SZ-CDC/Strain107,"[0.0, 0.0, 0.0, 0.0, 0.0, 0.0, 0.0, 0.0, 0.0, 0.0, 0.0, 0.0, 0.0, 0.0, 0.0, 0.0, 0.0, 0.0, 0.0, 0.0, 0.0, 0.0, 0.0, 0.0, 1.0, 0.0, 0.0, 0.0, 0.0, 0.0, 0.0]"
NODE_0000099,"[0.16505102556035167, 0.0002969977450649196, 0.0004597621528149914, 0.0003045804944601466, 0.00026758590388357203, 0.00029994035885529997, 0.0002967095734005258, 0.0008126409167395802, 0.0015589314600362623, 0.00030881688050820243, 0.0004296296129672886, 0.00029947264532258997, 0.0004983183614450066, 0.00032259444459077283, 0.0007260330986027568, 0.00021357855688490496, 0.00032994812286368867, 0.0002994726453225912, 0.0002994726453225897, 0.0002895677824243624, 0.00022274716596489536, 0.0003105907226543619, 0.005107661112761776, 0.0005262909466223261, 0.8172550125644676, 0.00028490819921881566, 0.0007008796399611374, 0.00028652641912068434, 0.00029325068763461445, 0.000490535510542055, 0.0011565180691899333]"
hMpxV/China/SZ-CDC/Strain096,"[0.0, 0.0, 0.0, 0.0, 0.0, 0.0, 0.0, 0.0, 0.0, 0.0, 0.0, 0.0, 0.0, 0.0, 0.0, 0.0, 0.0, 0.0, 0.0, 0.0, 0.0, 0.0, 0.0, 0.0, 1.0, 0.0, 0.0, 0.0, 0.0, 0.0, 0.0]"
hMpxV/Australia/VIC-VIDRL-6948/2024|EPI_ISL_19459747|2024-05-06,"[0.9999999999999999, 0.0, 0.0, 0.0, 0.0, 0.0, 0.0, 0.0, 0.0, 0.0, 0.0, 0.0, 0.0, 0.0, 0.0, 0.0, 0.0, 0.0, 0.0, 0.0, 0.0, 0.0, 0.0, 0.0, 0.0, 0.0, 0.0, 0.0, 0.0, 0.0, 0.0]"
NODE_0000097,"[0.00011741408220658431, 4.408669286710103e-05, 5.476277300189882e-05, 4.5275358190534426e-05, 3.999225356633816e-05, 4.451590574516875e-05, 4.392492041764362e-05, 0.00017073407286147312, 0.00042030819252894617, 4.6704349608467094e-05, 7.21696284663332e-05, 4.4351864036917e-05, 9.020175427676241e-05, 5.083342135973937e-05, 0.00010713902623231461, 3.2536739917185595e-05, 5.341462627251493e-05, 4.435186403691711e-05, 4.4351864036916955e-05, 4.411222342907121e-05, 2.7199459113283268e-05, 4.720761943040458e-05, 0.002534737044056039, 9.442318594702931e-05, 0.9950795436591673, 4.2174623113513396e-05, 0.00015189069004953174, 4.2278062295537426e-05, 4.454581261131264e-05, 4.698439727873799e-05, 0.00027783383387851063]"
hMpxV/China/SZ-CDC/Strain120,"[0.0, 0.0, 0.0, 0.0, 0.0, 0.0, 0.0, 0.0, 0.0, 0.0, 0.0, 0.0, 0.0, 0.0, 0.0, 0.0, 0.0, 0.0, 0.0, 0.0, 0.0, 0.0, 0.0, 0.0, 1.0, 0.0, 0.0, 0.0, 0.0, 0.0, 0.0]"
hMpxV/China/SZ-CDC/Strain092,"[0.0, 0.0, 0.0, 0.0, 0.0, 0.0, 0.0, 0.0, 0.0, 0.0, 0.0, 0.0, 0.0, 0.0, 0.0, 0.0, 0.0, 0.0, 0.0, 0.0, 0.0, 0.0, 0.0, 0.0, 1.0, 0.0, 0.0, 0.0, 0.0, 0.0, 0.0]"
NODE_0000055,"[8.515609547045443e-14, 7.403550110330577e-15, 9.244987263791177e-15, 7.549340532623106e-15, 6.2939837171691165e-15, 7.477721733692028e-15, 7.513810956168133e-15, 3.1181589033698446e-13, 3.0139135664409926e-12, 7.749049310192125e-15, 3.2310514237872706e-14, 7.567074509117327e-15, 5.5399282344509144e-14, 7.936092888920714e-15, 1.0163807718435332e-13, 4.187674561871366e-15, 7.680858574595397e-15, 7.5670745091206e-15, 7.567074509133344e-15, 6.606708426436323e-15, 1.3492341624151293e-14, 7.061201483052973e-15, 2.803612631319732e-10, 6.476338487414881e-14, 0.9999999882089161, 7.096706649897363e-15, 1.9953523680161415e-13, 7.313552849130896e-15, 6.703423957344114e-15, 4.310514649410501e-15, 1.1506709795656156e-08]"
hMpxV/China/SZ-CDC/Strain030,"[0.0, 0.0, 0.0, 0.0, 0.0, 0.0, 0.0, 0.0, 0.0, 0.0, 0.0, 0.0, 0.0, 0.0, 0.0, 0.0, 0.0, 0.0, 0.0, 0.0, 0.0, 0.0, 0.0, 0.0, 1.0, 0.0, 0.0, 0.0, 0.0, 0.0, 0.0]"
hMpxV/China/SZ-CDC/Strain195,"[0.0, 0.0, 0.0, 0.0, 0.0, 0.0, 0.0, 0.0, 0.0, 0.0, 0.0, 0.0, 0.0, 0.0, 0.0, 0.0, 0.0, 0.0, 0.0, 0.0, 0.0, 0.0, 0.0, 0.0, 1.0, 0.0, 0.0, 0.0, 0.0, 0.0, 0.0]"
hMpxV/China/YN-CDC-0001/2023|EPI_ISL_18059182|2023-06-27,"[0.0, 0.0, 0.0, 0.0, 0.0, 0.0, 0.0, 0.0, 0.0, 0.0, 0.0, 0.0, 0.0, 0.0, 0.0, 0.0, 0.0, 0.0, 0.0, 0.0, 0.0, 0.0, 0.0, 0.0, 0.0, 0.0, 0.0, 0.0, 0.0, 0.0, 1.0]"
hMpxV/China/SZ-CDC/Strain039,"[0.0, 0.0, 0.0, 0.0, 0.0, 0.0, 0.0, 0.0, 0.0, 0.0, 0.0, 0.0, 0.0, 0.0, 0.0, 0.0, 0.0, 0.0, 0.0, 0.0, 0.0, 0.0, 0.0, 0.0, 1.0, 0.0, 0.0, 0.0, 0.0, 0.0, 0.0]"
hMpxV/China/SZ-CDC/Strain053,"[0.0, 0.0, 0.0, 0.0, 0.0, 0.0, 0.0, 0.0, 0.0, 0.0, 0.0, 0.0, 0.0, 0.0, 0.0, 0.0, 0.0, 0.0, 0.0, 0.0, 0.0, 0.0, 0.0, 0.0, 1.0, 0.0, 0.0, 0.0, 0.0, 0.0, 0.0]"
NODE_0000061,"[1.4267760417295208e-07, 3.527962943256137e-08, 4.409284181772504e-08, 3.615921589972252e-08, 3.164334449591934e-08, 3.564313999079476e-08, 3.529825279944597e-08, 2.419862619062645e-07, 7.667974454148087e-07, 3.61998849259869e-08, 7.44773867202215e-08, 3.562672355593591e-08, 1.0215256336019143e-07, 3.675815493414203e-08, 1.372452314951717e-07, 2.504246627773478e-08, 3.691315036910164e-08, 3.562672355593549e-08, 3.562672355593504e-08, 3.389555091092208e-08, 3.198682108662916e-08, 3.6379178103676206e-08, 7.558183921823342e-06, 1.0815264767539799e-07, 0.9999895063741413, 3.3918093151702925e-08, 2.049766686498582e-07, 3.4163669805297177e-08, 3.4336392870768064e-08, 3.72666188785062e-08, 4.551195512576913e-07]"
hMpxV/China/SZ-CDC/Strain140,"[0.0, 0.0, 0.0, 0.0, 0.0, 0.0, 0.0, 0.0, 0.0, 0.0, 0.0, 0.0, 0.0, 0.0, 0.0, 0.0, 0.0, 0.0, 0.0, 0.0, 0.0, 0.0, 0.0, 0.0, 1.0, 0.0, 0.0, 0.0, 0.0, 0.0, 0.0]"
hMpxV/China/SZ-CDC/Strain184,"[0.0, 0.0, 0.0, 0.0, 0.0, 0.0, 0.0, 0.0, 0.0, 0.0, 0.0, 0.0, 0.0, 0.0, 0.0, 0.0, 0.0, 0.0, 0.0, 0.0, 0.0, 0.0, 0.0, 0.0, 1.0, 0.0, 0.0, 0.0, 0.0, 0.0, 0.0]"
NODE_0000063,"[2.456749350382106e-17, 8.964514393016824e-19, 2.4029614682005045e-17, 8.839224395628793e-19, 8.698891221124937e-19, 8.962061674747594e-19, 9.136297570537177e-19, 8.83365132709921e-17, 1.6010507000494065e-15, 1.821986599197545e-18, 5.383901692079568e-18, 9.02673823747751e-19, 1.0150938917692865e-17, 4.820796180193064e-18, 2.5926767071282053e-17, 7.567579608759151e-19, 8.079526366682633e-18, 9.026738237477488e-19, 9.026738237477013e-19, 1.2907240663297572e-18, 1.7585986614343875e-17, 7.940296299921888e-19, 4.824357044009343e-09, 1.2413090442980995e-17, 0.9999999951756408, 9.810745960021975e-19, 4.934660969589504e-17, 1.0271664583188884e-18, 7.781459637330671e-19, 1.4680743153739978e-17, 4.2575883403026665e-16]"
hMpxV/China/SZ-CDC/Strain027,"[0.0, 0.0, 0.0, 0.0, 0.0, 0.0, 0.0, 0.0, 0.0, 0.0, 0.0, 0.0, 0.0, 0.0, 0.0, 0.0, 0.0, 0.0, 0.0, 0.0, 0.0, 0.0, 0.0, 0.0, 1.0, 0.0, 0.0, 0.0, 0.0, 0.0, 0.0]"
hMpxV/China/SZ-CDC/Strain035,"[0.0, 0.0, 0.0, 0.0, 0.0, 0.0, 0.0, 0.0, 0.0, 0.0, 0.0, 0.0, 0.0, 0.0, 0.0, 0.0, 0.0, 0.0, 0.0, 0.0, 0.0, 0.0, 0.0, 0.0, 1.0, 0.0, 0.0, 0.0, 0.0, 0.0, 0.0]"
hMpxV/China/SZ-CDC/Strain133,"[0.0, 0.0, 0.0, 0.0, 0.0, 0.0, 0.0, 0.0, 0.0, 0.0, 0.0, 0.0, 0.0, 0.0, 0.0, 0.0, 0.0, 0.0, 0.0, 0.0, 0.0, 0.0, 0.0, 0.0, 1.0, 0.0, 0.0, 0.0, 0.0, 0.0, 0.0]"
hMpxV/China/SZ-CDC/Strain148,"[0.0, 0.0, 0.0, 0.0, 0.0, 0.0, 0.0, 0.0, 0.0, 0.0, 0.0, 0.0, 0.0, 0.0, 0.0, 0.0, 0.0, 0.0, 0.0, 0.0, 0.0, 0.0, 0.0, 0.0, 1.0, 0.0, 0.0, 0.0, 0.0, 0.0, 0.0]"
hMpxV/China/SZ-CDC/Strain179,"[0.0, 0.0, 0.0, 0.0, 0.0, 0.0, 0.0, 0.0, 0.0, 0.0, 0.0, 0.0, 0.0, 0.0, 0.0, 0.0, 0.0, 0.0, 0.0, 0.0, 0.0, 0.0, 0.0, 0.0, 1.0, 0.0, 0.0, 0.0, 0.0, 0.0, 0.0]"
hMpxV/China/SZ-CDC/Strain194,"[0.0, 0.0, 0.0, 0.0, 0.0, 0.0, 0.0, 0.0, 0.0, 0.0, 0.0, 0.0, 0.0, 0.0, 0.0, 0.0, 0.0, 0.0, 0.0, 0.0, 0.0, 0.0, 0.0, 0.0, 1.0, 0.0, 0.0, 0.0, 0.0, 0.0, 0.0]"
hMpxV/China/SZ-CDC/Strain136,"[0.0, 0.0, 0.0, 0.0, 0.0, 0.0, 0.0, 0.0, 0.0, 0.0, 0.0, 0.0, 0.0, 0.0, 0.0, 0.0, 0.0, 0.0, 0.0, 0.0, 0.0, 0.0, 0.0, 0.0, 1.0, 0.0, 0.0, 0.0, 0.0, 0.0, 0.0]"
NODE_0000089,"[6.086028418945958e-10, 6.512528439510849e-10, 1.1125797018877882e-08, 6.701685327722678e-10, 5.756176853520069e-10, 6.589485511602577e-10, 6.526353720995847e-10, 1.1089243145562778e-09, 1.5712544397026621e-09, 2.0567387752642438e-09, 7.854609980865603e-10, 6.590516461140907e-10, 8.248782587385759e-10, 8.829746648689517e-09, 6.180102661205253e-10, 4.3175981033211146e-10, 1.497848422535794e-08, 6.590516461144305e-10, 6.590516461137874e-10, 1.4827070954641957e-09, 8.702197626948426e-10, 6.704708063484439e-10, 0.9999949040479768, 8.828418574989984e-10, 5.038290515753128e-06, 6.210399870403551e-10, 8.894326357818746e-10, 6.318469450087741e-10, 6.238834460551833e-10, 1.5268175856050628e-09, 1.3368119584999281e-09]"
hMpxV/Portugal/INSA-PT0756/2023|EPI_ISL_18702225|2023-10-06,"[0.0, 0.0, 0.0, 0.0, 0.0, 0.0, 0.0, 0.0, 0.0, 0.0, 0.0, 0.0, 0.0, 0.0, 0.0, 0.0, 0.0, 0.0, 0.0, 0.0, 0.0, 0.0, 1.0, 0.0, 0.0, 0.0, 0.0, 0.0, 0.0, 0.0, 0.0]"
hMpxV/Portugal/INSA-PT0785/2023|EPI_ISL_18702257|2023-10-31,"[0.0, 0.0, 0.0, 0.0, 0.0, 0.0, 0.0, 0.0, 0.0, 0.0, 0.0, 0.0, 0.0, 0.0, 0.0, 0.0, 0.0, 0.0, 0.0, 0.0, 0.0, 0.0, 1.0, 0.0, 0.0, 0.0, 0.0, 0.0, 0.0, 0.0, 0.0]"
hMpxV/Portugal/INSA-PT0733/2023|EPI_ISL_18553811|2023-09-19,"[0.0, 0.0, 0.0, 0.0, 0.0, 0.0, 0.0, 0.0, 0.0, 0.0, 0.0, 0.0, 0.0, 0.0, 0.0, 0.0, 0.0, 0.0, 0.0, 0.0, 0.0, 0.0, 1.0, 0.0, 0.0, 0.0, 0.0, 0.0, 0.0, 0.0, 0.0]"
NODE_0000064,"[0.007955335605212032, 0.002442874007116384, 0.008119927710413833, 0.0024615396969870995, 0.0025946595142938888, 0.0024526168026354476, 0.00242699669477304, 0.004961207749925398, 0.008279210068927812, 0.0025279316072346365, 0.0031051009604456813, 0.002425219556795997, 0.003452286981753314, 0.0027361218874806118, 0.004710106219711616, 0.004204551833821379, 0.005044579434639672, 0.0024252195567959984, 0.002425219556795982, 0.0024187600064338147, 0.009301383771981616, 0.002544708538658036, 0.03881821508751436, 0.003591235190121483, 0.5913286864413378, 0.0032418941739127843, 0.004505442708846881, 0.003192234190683787, 0.0024270985669192966, 0.25735522728543436, 0.006524408592395906]"
NODE_0000069,"[8.365209388687337e-07, 1.234118306932717e-07, 1.5377688361395382e-06, 1.2383273906289135e-07, 1.492238902804486e-07, 1.2380172648162124e-07, 1.240261643320457e-07, 2.1104377243174578e-07, 3.072503971525258e-07, 1.2642613025973653e-07, 1.503632691805429e-07, 1.238431821039803e-07, 1.5682028350178056e-07, 1.309219987570758e-07, 3.147469029066126e-07, 5.912374822126029e-07, 5.307719704470157e-07, 1.238431821040677e-07, 1.2384318210396552e-07, 1.1905979325263594e-07, 6.465362013018041e-06, 1.2250997778875454e-07, 2.3438173537594867e-06, 1.663115743773457e-07, 9.920202836590907e-06, 2.6579633741240495e-07, 1.790946305642427e-07, 2.572308052218167e-07, 1.1906594847038376e-07, 0.9999738740482901, 2.57802560507346e-07]"
hMpxV/USA/WA-UW-11099/2024|EPI_ISL_19109197|2024-02-01,"[0.0, 0.0, 0.0, 0.0, 0.0, 0.0, 0.0, 0.0, 0.0, 0.0, 0.0, 0.0, 0.0, 0.0, 0.0, 0.0, 0.0, 0.0, 0.0, 0.0, 0.0, 0.0, 0.0, 0.0, 0.0, 0.0, 0.0, 0.0, 0.0, 1.0, 0.0]"
hMpxV/USA/CA-UW-301960/2024|EPI_ISL_19053766|2024-02-14,"[0.0, 0.0, 0.0, 0.0, 0.0, 0.0, 0.0, 0.0, 0.0, 0.0, 0.0, 0.0, 0.0, 0.0, 0.0, 0.0, 0.0, 0.0, 0.0, 0.0, 0.0, 0.0, 0.0, 0.0, 0.0, 0.0, 0.0, 0.0, 0.0, 0.9999999999999999, 0.0]"
NODE_0000065,"[2.423522660032671e-05, 6.592040947914414e-06, 1.4619346830684988e-05, 6.623433039038904e-06, 6.685631550861302e-06, 6.626156794778242e-06, 6.539332069824888e-06, 2.3975633835362827e-05, 5.417188597240522e-05, 6.700998482053396e-06, 1.0650046336525982e-05, 6.5221809396212356e-06, 1.3177480651643067e-05, 7.077361652090903e-06, 1.7327114125792182e-05, 7.755998358225671e-06, 9.330446605008564e-06, 6.522180939621125e-06, 6.522180939621105e-06, 6.388468127484348e-06, 1.5018648880608009e-05, 6.7620663438606604e-06, 0.000358787172054619, 1.3763686775330519e-05, 0.9991893805292573, 7.288934985845914e-06, 2.135399287373219e-05, 7.254022688922332e-06, 6.41199585268658e-06, 8.858017195870172e-05, 3.735563352958196e-05]"
hMpxV/China/SZ-CDC/Strain103,"[0.0, 0.0, 0.0, 0.0, 0.0, 0.0, 0.0, 0.0, 0.0, 0.0, 0.0, 0.0, 0.0, 0.0, 0.0, 0.0, 0.0, 0.0, 0.0, 0.0, 0.0, 0.0, 0.0, 0.0, 1.0, 0.0, 0.0, 0.0, 0.0, 0.0, 0.0]"
NODE_0000066,"[1.5137010317630363e-10, 1.635782764124678e-11, 4.182353893101676e-11, 1.6371209670017056e-11, 1.6087818961625357e-11, 1.6425578140534382e-11, 1.637345834026602e-11, 2.386852825519391e-10, 1.322053714460957e-09, 1.679765526877765e-11, 4.5841127136730956e-11, 1.6312697151655044e-11, 6.896658525688953e-11, 1.7757986256830933e-11, 1.2552156671317272e-10, 1.6656945411871562e-11, 2.2113201303683298e-11, 1.6312697151654533e-11, 1.6312697151653322e-11, 1.530206457128586e-11, 6.624355534139459e-11, 1.599914641787507e-11, 7.230835881792673e-08, 7.577436038484164e-11, 0.9999999243037628, 1.7793725209677217e-11, 1.834266698263313e-10, 1.7946752732931898e-11, 1.534755227136284e-11, 1.7963283454089043e-10, 6.022698785091749e-10]"
hMpxV/China/SZ-CDC/Strain090,"[0.0, 0.0, 0.0, 0.0, 0.0, 0.0, 0.0, 0.0, 0.0, 0.0, 0.0, 0.0, 0.0, 0.0, 0.0, 0.0, 0.0, 0.0, 0.0, 0.0, 0.0, 0.0, 0.0, 0.0, 1.0, 0.0, 0.0, 0.0, 0.0, 0.0, 0.0]"
hMpxV/China/SZ-CDC/Strain094,"[0.0, 0.0, 0.0, 0.0, 0.0, 0.0, 0.0, 0.0, 0.0, 0.0, 0.0, 0.0, 0.0, 0.0, 0.0, 0.0, 0.0, 0.0, 0.0, 0.0, 0.0, 0.0, 0.0, 0.0, 0.9999999999999999, 0.0, 0.0, 0.0, 0.0, 0.0, 0.0]"
NODE_0000067,"[5.618130816997782e-09, 1.1505977463552642e-09, 1.5838254474718468e-09, 1.1768810913855545e-09, 1.0316513098828792e-09, 1.1610981207116334e-09, 1.1527788597257356e-09, 1.0452655950253807e-08, 4.1729310498229096e-08, 1.2082831072753635e-09, 2.678786920150143e-09, 1.1622692211662093e-09, 3.791346658499645e-09, 1.2817134978197972e-09, 5.5185864497472965e-09, 8.031020803144002e-10, 1.3096529217137612e-09, 1.1622692211661402e-09, 1.162269221166063e-09, 1.1135096648194307e-09, 1.1395045843633186e-09, 1.1852614775659399e-09, 7.167280660152198e-07, 4.081127602572456e-09, 0.9999991553178156, 1.1051500597506186e-09, 8.538896775723073e-09, 1.1164072796298352e-09, 1.1253838037215363e-09, 1.2165826099122796e-09, 2.219708535473557e-08]"
hMpxV/China/SZ-CDC/Strain100,"[0.0, 0.0, 0.0, 0.0, 0.0, 0.0, 0.0, 0.0, 0.0, 0.0, 0.0, 0.0, 0.0, 0.0, 0.0, 0.0, 0.0, 0.0, 0.0, 0.0, 0.0, 0.0, 0.0, 0.0, 1.0, 0.0, 0.0, 0.0, 0.0, 0.0, 0.0]"
hMpxV/China/SZ-CDC/Strain105,"[0.0, 0.0, 0.0, 0.0, 0.0, 0.0, 0.0, 0.0, 0.0, 0.0, 0.0, 0.0, 0.0, 0.0, 0.0, 0.0, 0.0, 0.0, 0.0, 0.0, 0.0, 0.0, 0.0, 0.0, 1.0, 0.0, 0.0, 0.0, 0.0, 0.0, 0.0]"
hMpxV/China/SZ-CDC/Strain109,"[0.0, 0.0, 0.0, 0.0, 0.0, 0.0, 0.0, 0.0, 0.0, 0.0, 0.0, 0.0, 0.0, 0.0, 0.0, 0.0, 0.0, 0.0, 0.0, 0.0, 0.0, 0.0, 0.0, 0.0, 1.0, 0.0, 0.0, 0.0, 0.0, 0.0, 0.0]"
NODE_0000071,"[8.80336172990474e-06, 5.089091265959272e-06, 0.0009925233290257241, 5.2054297093273505e-06, 7.385632000052866e-06, 5.137934508645264e-06, 5.308753127427072e-06, 9.549187439364498e-06, 1.3987348014092021e-05, 8.537352052857869e-06, 6.4070546975495934e-06, 5.1206696128353365e-06, 6.9692792100365724e-06, 1.692747271798221e-05, 5.9425907955418786e-06, 4.7513651774629545e-06, 2.8246870888655547e-05, 5.120669612835748e-06, 5.120669612835074e-06, 7.190767512400888e-06, 1.0668733203304797e-05, 5.2400544759836316e-06, 0.9880362406163529, 7.336466666168439e-06, 0.0107368967020478, 4.8783605264097225e-06, 8.130940081500399e-06, 4.920891083546122e-06, 4.91704874086311e-06, 1.568908472822792e-05, 1.175627338180558e-05]"
NODE_0000088,"[7.667684361213618e-10, 7.939744101639919e-10, 1.9430530366820998e-07, 8.171881218639208e-10, 9.901424828812646e-10, 8.039743174296177e-10, 8.267960088461747e-10, 1.4455845500399715e-09, 2.0943955114058143e-09, 1.96483235601703e-09, 9.891846954457277e-10, 8.073657371756663e-10, 1.8138279243211969e-09, 1.692615104616511e-08, 6.533691565361565e-10, 5.723503080663874e-10, 8.70137139047018e-06, 8.073657371760717e-10, 8.073657371752801e-10, 1.4290932744154768e-09, 1.7522148040639567e-09, 8.012647380596107e-10, 0.9999849194675606, 1.126098016275309e-09, 6.136806409342751e-06, 7.531491579804531e-10, 1.0140753885933202e-09, 1.3565408610906321e-09, 7.268933609610561e-10, 3.4447776403078493e-09, 1.7645917534831851e-09]"
hMpxV/Netherlands/un-EMC-NL090/2023|EPI_ISL_18659846|2023-11-07,"[0.0, 0.0, 0.0, 0.0, 0.0, 0.0, 0.0, 0.0, 0.0, 0.0, 0.0, 0.0, 0.0, 0.0, 0.0, 0.0, 1.0, 0.0, 0.0, 0.0, 0.0, 0.0, 0.0, 0.0, 0.0, 0.0, 0.0, 0.0, 0.0, 0.0, 0.0]"
hMpxV/Netherlands/un-EMC-NL089/2023|EPI_ISL_18659829|2023-10-15,"[0.0, 0.0, 0.0, 0.0, 0.0, 0.0, 0.0, 0.0, 0.0, 0.0, 0.0, 0.0, 0.0, 0.0, 0.0, 0.0, 1.0, 0.0, 0.0, 0.0, 0.0, 0.0, 0.0, 0.0, 0.0, 0.0, 0.0, 0.0, 0.0, 0.0, 0.0]"
hMpxV/Portugal/INSA-PT0713/2023|EPI_ISL_18553850|2023-08-21,"[0.0, 0.0, 0.0, 0.0, 0.0, 0.0, 0.0, 0.0, 0.0, 0.0, 0.0, 0.0, 0.0, 0.0, 0.0, 0.0, 0.0, 0.0, 0.0, 0.0, 0.0, 0.0, 0.9999999999999999, 0.0, 0.0, 0.0, 0.0, 0.0, 0.0, 0.0, 0.0]"
hMpxV/Portugal/INSA-PT0666/2023|EPI_ISL_18228630|2023-08-01,"[0.0, 0.0, 0.0, 0.0, 0.0, 0.0, 0.0, 0.0, 0.0, 0.0, 0.0, 0.0, 0.0, 0.0, 0.0, 0.0, 0.0, 0.0, 0.0, 0.0, 0.0, 0.0, 0.9999999999999999, 0.0, 0.0, 0.0, 0.0, 0.0, 0.0, 0.0, 0.0]"
NODE_0000072,"[2.2045654502476647e-06, 1.2778903590869803e-06, 0.08977902649024652, 1.2773853087330254e-06, 4.174202035502595e-06, 1.2813659769033417e-06, 1.4254748689747294e-06, 1.3928255780904566e-06, 1.5224643793306915e-06, 2.5995413607614394e-06, 1.2855387321039728e-06, 1.2654687698578848e-06, 1.2430140051626594e-06, 6.714038471891335e-06, 8.60061664967496e-07, 1.9541716147883852e-06, 9.620817439046307e-06, 1.2654687698579598e-06, 1.2654687698578348e-06, 2.0742692739265194e-06, 1.327476211967974e-05, 1.253004366515279e-06, 0.9099922639299373, 1.3293418002728002e-06, 0.0001435465997252565, 1.2252535831980528e-06, 1.1190593132171465e-06, 1.2445393177007706e-06, 1.1818884617495158e-06, 1.8375635104127505e-05, 1.4554631957113915e-06]"
hMpxV/Brazil/RS-CEVS-378/2023|EPI_ISL_18971017|2023-11-08,"[0.0, 0.0, 1.0, 0.0, 0.0, 0.0, 0.0, 0.0, 0.0, 0.0, 0.0, 0.0, 0.0, 0.0, 0.0, 0.0, 0.0, 0.0, 0.0, 0.0, 0.0, 0.0, 0.0, 0.0, 0.0, 0.0, 0.0, 0.0, 0.0, 0.0, 0.0]"
hMpxV/Brazil/RJ-FIOCRUZ-10491/2024|EPI_ISL_19416152|2024-04-18,"[0.0, 0.0, 1.0, 0.0, 0.0, 0.0, 0.0, 0.0, 0.0, 0.0, 0.0, 0.0, 0.0, 0.0, 0.0, 0.0, 0.0, 0.0, 0.0, 0.0, 0.0, 0.0, 0.0, 0.0, 0.0, 0.0, 0.0, 0.0, 0.0, 0.0, 0.0]"
hMpxV/Portugal/INSA-PT0734/2023|EPI_ISL_18553812|2023-09-19,"[0.0, 0.0, 0.0, 0.0, 0.0, 0.0, 0.0, 0.0, 0.0, 0.0, 0.0, 0.0, 0.0, 0.0, 0.0, 0.0, 0.0, 0.0, 0.0, 0.0, 0.0, 0.0, 1.0, 0.0, 0.0, 0.0, 0.0, 0.0, 0.0, 0.0, 0.0]"
NODE_0000073,"[1.0375366511147031e-24, 3.680272405938843e-26, 1.0, 3.5264754832295896e-26, 1.200307273683417e-23, 3.6399195792183253e-26, 6.769339121369845e-26, 3.871972858736191e-26, 4.0707845357235607e-26, 4.256243268069325e-26, 3.846757288070431e-26, 3.6867192976361534e-26, 3.133879215256324e-26, 5.303386742934306e-26, 1.646750355108246e-26, 7.082068599337961e-25, 5.253773953625837e-26, 3.6867192976339786e-26, 3.6867192976353383e-26, 3.450121172393688e-26, 3.070538869923555e-21, 2.906783804735398e-26, 4.8729650614757285e-21, 3.782225216018501e-26, 4.987042808376113e-25, 3.670013842022047e-26, 2.1611849345562103e-26, 3.8859526091577874e-26, 2.967799049636202e-26, 2.362878769993137e-22, 3.9520767553108444e-26]"
hMpxV/Brazil/SP-IAL-357640019/2024|EPI_ISL_19359696|2024-04-03,"[0.0, 0.0, 1.0, 0.0, 0.0, 0.0, 0.0, 0.0, 0.0, 0.0, 0.0, 0.0, 0.0, 0.0, 0.0, 0.0, 0.0, 0.0, 0.0, 0.0, 0.0, 0.0, 0.0, 0.0, 0.0, 0.0, 0.0, 0.0, 0.0, 0.0, 0.0]"
hMpxV/Brazil/RJ-FIOCRUZ-09216/2024|EPI_ISL_19416146|2024-03-31,"[0.0, 0.0, 1.0, 0.0, 0.0, 0.0, 0.0, 0.0, 0.0, 0.0, 0.0, 0.0, 0.0, 0.0, 0.0, 0.0, 0.0, 0.0, 0.0, 0.0, 0.0, 0.0, 0.0, 0.0, 0.0, 0.0, 0.0, 0.0, 0.0, 0.0, 0.0]"
hMpxV/Brazil/RJ-FIOCRUZ-09217/2024|EPI_ISL_19416147|2024-03-29,"[0.0, 0.0, 0.9999999999999999, 0.0, 0.0, 0.0, 0.0, 0.0, 0.0, 0.0, 0.0, 0.0, 0.0, 0.0, 0.0, 0.0, 0.0, 0.0, 0.0, 0.0, 0.0, 0.0, 0.0, 0.0, 0.0, 0.0, 0.0, 0.0, 0.0, 0.0, 0.0]"
hMpxV/Brazil/RJ-FIOCRUZ-10495/2024|EPI_ISL_19416154|2024-05-02,"[0.0, 0.0, 1.0, 0.0, 0.0, 0.0, 0.0, 0.0, 0.0, 0.0, 0.0, 0.0, 0.0, 0.0, 0.0, 0.0, 0.0, 0.0, 0.0, 0.0, 0.0, 0.0, 0.0, 0.0, 0.0, 0.0, 0.0, 0.0, 0.0, 0.0, 0.0]"
hMpxV/Brazil/RJ-FIOCRUZ-10490/2024|EPI_ISL_19416151|2024-04-10,"[0.0, 0.0, 1.0, 0.0, 0.0, 0.0, 0.0, 0.0, 0.0, 0.0, 0.0, 0.0, 0.0, 0.0, 0.0, 0.0, 0.0, 0.0, 0.0, 0.0, 0.0, 0.0, 0.0, 0.0, 0.0, 0.0, 0.0, 0.0, 0.0, 0.0, 0.0]"
hMpxV/Brazil/RJ-FIOCRUZ-10505/2024|EPI_ISL_19416158|2024-05-16,"[0.0, 0.0, 1.0, 0.0, 0.0, 0.0, 0.0, 0.0, 0.0, 0.0, 0.0, 0.0, 0.0, 0.0, 0.0, 0.0, 0.0, 0.0, 0.0, 0.0, 0.0, 0.0, 0.0, 0.0, 0.0, 0.0, 0.0, 0.0, 0.0, 0.0, 0.0]"
hMpxV/Brazil/RJ-FIOCRUZ-09215/2024|EPI_ISL_19416145|2024-03-29,"[0.0, 0.0, 0.9999999999999999, 0.0, 0.0, 0.0, 0.0, 0.0, 0.0, 0.0, 0.0, 0.0, 0.0, 0.0, 0.0, 0.0, 0.0, 0.0, 0.0, 0.0, 0.0, 0.0, 0.0, 0.0, 0.0, 0.0, 0.0, 0.0, 0.0, 0.0, 0.0]"
NODE_0000074,"[2.9270200998875585e-24, 4.2310567307037944e-26, 1.0, 3.82162669070678e-26, 6.388214050588613e-23, 4.102706552819399e-26, 8.639873975531326e-26, 4.1871613028901974e-26, 4.3328027658441795e-26, 4.113843244359673e-26, 4.253042098583492e-26, 4.057903913289477e-26, 3.2702785946860395e-26, 4.330043852110136e-26, 1.7088073535641605e-26, 2.0953233698089813e-24, 4.1578330816125874e-26, 4.057903913288731e-26, 4.0579039132898293e-26, 3.4011544945672376e-26, 7.435168239522643e-20, 3.001306222539311e-26, 7.583932301723016e-21, 4.12642565326904e-26, 4.233049089897099e-25, 4.202399623951909e-26, 2.107537702265332e-26, 4.441392809132617e-26, 3.1220137210775825e-26, 3.3620686966716785e-21, 4.235415504131856e-26]"
hMpxV/Brazil/RJ-UG_UFRJ_0568/2024|EPI_ISL_19434513|2024-08-15,"[0.0, 0.0, 0.9999999999999999, 0.0, 0.0, 0.0, 0.0, 0.0, 0.0, 0.0, 0.0, 0.0, 0.0, 0.0, 0.0, 0.0, 0.0, 0.0, 0.0, 0.0, 0.0, 0.0, 0.0, 0.0, 0.0, 0.0, 0.0, 0.0, 0.0, 0.0, 0.0]"
hMpxV/Brazil/SP-IAL-357886830/2024|EPI_ISL_19372757|2024-08-06,"[0.0, 0.0, 1.0, 0.0, 0.0, 0.0, 0.0, 0.0, 0.0, 0.0, 0.0, 0.0, 0.0, 0.0, 0.0, 0.0, 0.0, 0.0, 0.0, 0.0, 0.0, 0.0, 0.0, 0.0, 0.0, 0.0, 0.0, 0.0, 0.0, 0.0, 0.0]"
hMpxV/Brazil/SP-IAL-357903632/2024|EPI_ISL_19372770|2024-08-19,"[0.0, 0.0, 1.0, 0.0, 0.0, 0.0, 0.0, 0.0, 0.0, 0.0, 0.0, 0.0, 0.0, 0.0, 0.0, 0.0, 0.0, 0.0, 0.0, 0.0, 0.0, 0.0, 0.0, 0.0, 0.0, 0.0, 0.0, 0.0, 0.0, 0.0, 0.0]"
hMpxV/Brazil/RJ-FIOCRUZ-10527/2024|EPI_ISL_19416172|2024-08-16,"[0.0, 0.0, 1.0, 0.0, 0.0, 0.0, 0.0, 0.0, 0.0, 0.0, 0.0, 0.0, 0.0, 0.0, 0.0, 0.0, 0.0, 0.0, 0.0, 0.0, 0.0, 0.0, 0.0, 0.0, 0.0, 0.0, 0.0, 0.0, 0.0, 0.0, 0.0]"
hMpxV/Brazil/PR-FIOCRUZ-10548/2024|EPI_ISL_19416185|2024-07-19,"[0.0, 0.0, 1.0, 0.0, 0.0, 0.0, 0.0, 0.0, 0.0, 0.0, 0.0, 0.0, 0.0, 0.0, 0.0, 0.0, 0.0, 0.0, 0.0, 0.0, 0.0, 0.0, 0.0, 0.0, 0.0, 0.0, 0.0, 0.0, 0.0, 0.0, 0.0]"
hMpxV/Brazil/PR-FIOCRUZ-10549/2024|EPI_ISL_19416186|2024-07-20,"[0.0, 0.0, 1.0, 0.0, 0.0, 0.0, 0.0, 0.0, 0.0, 0.0, 0.0, 0.0, 0.0, 0.0, 0.0, 0.0, 0.0, 0.0, 0.0, 0.0, 0.0, 0.0, 0.0, 0.0, 0.0, 0.0, 0.0, 0.0, 0.0, 0.0, 0.0]"
hMpxV/Brazil/SP-IAL-357981172/2024|EPI_ISL_19524888|2024-10-04,"[0.0, 0.0, 1.0, 0.0, 0.0, 0.0, 0.0, 0.0, 0.0, 0.0, 0.0, 0.0, 0.0, 0.0, 0.0, 0.0, 0.0, 0.0, 0.0, 0.0, 0.0, 0.0, 0.0, 0.0, 0.0, 0.0, 0.0, 0.0, 0.0, 0.0, 0.0]"
hMpxV/Brazil/SP-IAL-357914556/2024|EPI_ISL_19446289|2024-08-26,"[0.0, 0.0, 1.0, 0.0, 0.0, 0.0, 0.0, 0.0, 0.0, 0.0, 0.0, 0.0, 0.0, 0.0, 0.0, 0.0, 0.0, 0.0, 0.0, 0.0, 0.0, 0.0, 0.0, 0.0, 0.0, 0.0, 0.0, 0.0, 0.0, 0.0, 0.0]"
NODE_0000077,"[1.330662323632722e-07, 4.247392799645132e-08, 0.9999959512934933, 4.2850320781462935e-08, 2.713750704258187e-07, 4.2680032105781e-08, 5.148056936931492e-08, 4.243399490035017e-08, 4.241355435377148e-08, 4.273864666687831e-08, 4.19417391747637e-08, 4.250813261141791e-08, 4.032651555287765e-08, 4.281770963913088e-08, 2.926341347870378e-08, 9.83104854816769e-08, 4.269661964903881e-08, 4.250813261141703e-08, 4.250813261141754e-08, 4.046872774377465e-08, 8.244921962282903e-07, 4.230026373196778e-08, 9.002605503923902e-07, 4.247437746835069e-08, 6.724041004466569e-08, 4.115341773652206e-08, 3.625631251840433e-08, 4.148561241577284e-08, 4.048741189796043e-08, 7.953154567565702e-07, 4.237853981783084e-08]"
hMpxV/Brazil/RJ-UG_UFRJ_0572/2024|EPI_ISL_19434500|2024-08-27,"[0.0, 0.0, 1.0, 0.0, 0.0, 0.0, 0.0, 0.0, 0.0, 0.0, 0.0, 0.0, 0.0, 0.0, 0.0, 0.0, 0.0, 0.0, 0.0, 0.0, 0.0, 0.0, 0.0, 0.0, 0.0, 0.0, 0.0, 0.0, 0.0, 0.0, 0.0]"
hMpxV/Brazil/SP-IAL-357899716/2024|EPI_ISL_19372765|2024-08-15,"[0.0, 0.0, 1.0, 0.0, 0.0, 0.0, 0.0, 0.0, 0.0, 0.0, 0.0, 0.0, 0.0, 0.0, 0.0, 0.0, 0.0, 0.0, 0.0, 0.0, 0.0, 0.0, 0.0, 0.0, 0.0, 0.0, 0.0, 0.0, 0.0, 0.0, 0.0]"
NODE_0000078,"[3.336570625662637e-08, 1.1058715173866784e-08, 0.9999990233936049, 1.1159164777917795e-08, 6.60184606530623e-08, 1.1115535922648602e-08, 1.3293500643330547e-08, 1.1042533492675427e-08, 1.1038452090095623e-08, 1.1132120783416561e-08, 1.0905237019931696e-08, 1.1060061271617277e-08, 1.0519003009075582e-08, 1.1176336996293432e-08, 7.68067055228829e-09, 2.4746598851932458e-08, 1.1179528419480259e-08, 1.106006127161605e-08, 1.1060061271616234e-08, 1.0562390569430402e-08, 1.8610145687548382e-07, 1.1050629486381082e-08, 2.0817847216977295e-07, 1.1052049975205325e-08, 1.719817455507204e-08, 1.0711593877743446e-08, 9.502300720692512e-09, 1.07902232730263e-08, 1.0563727602771707e-08, 1.9125418472506455e-07, 1.1029442527880339e-08]"
hMpxV/Brazil/SP-IAL-357981364/2024|EPI_ISL_19524870|2024-10-07,"[0.0, 0.0, 0.9999999999999999, 0.0, 0.0, 0.0, 0.0, 0.0, 0.0, 0.0, 0.0, 0.0, 0.0, 0.0, 0.0, 0.0, 0.0, 0.0, 0.0, 0.0, 0.0, 0.0, 0.0, 0.0, 0.0, 0.0, 0.0, 0.0, 0.0, 0.0, 0.0]"
hMpxV/Brazil/SP-IAL-357985080/2024|EPI_ISL_19524871|2024-10-09,"[0.0, 0.0, 1.0, 0.0, 0.0, 0.0, 0.0, 0.0, 0.0, 0.0, 0.0, 0.0, 0.0, 0.0, 0.0, 0.0, 0.0, 0.0, 0.0, 0.0, 0.0, 0.0, 0.0, 0.0, 0.0, 0.0, 0.0, 0.0, 0.0, 0.0, 0.0]"
NODE_0000075,"[9.481370099017743e-10, 2.049759484521705e-10, 0.9999999503391728, 2.0515888846297557e-10, 2.592409413623431e-09, 2.0547587161843367e-10, 2.6734486912550027e-10, 2.0553488807763554e-10, 2.0605842252537735e-10, 2.0544198421764892e-10, 2.0415440299951406e-10, 2.0532390163393537e-10, 1.9057773075751432e-10, 2.0416203063507303e-10, 1.312810901204556e-10, 6.858421260067475e-10, 2.0010148131683218e-10, 2.0532390163393314e-10, 2.0532390163393495e-10, 1.9085824394928635e-10, 1.657156546487163e-08, 1.965433363614562e-10, 1.3622920916501181e-08, 2.0547071575457434e-10, 3.9648693062629165e-10, 1.996540056448537e-10, 1.6402474966401325e-10, 2.0262285406135894e-10, 1.9030919741967356e-10, 1.024228997415608e-08, 2.054528197053239e-10]"
hMpxV/Brazil/RJ-UG_UFRJ_0552/2024|EPI_ISL_19434496|2024-08-15,"[0.0, 0.0, 1.0, 0.0, 0.0, 0.0, 0.0, 0.0, 0.0, 0.0, 0.0, 0.0, 0.0, 0.0, 0.0, 0.0, 0.0, 0.0, 0.0, 0.0, 0.0, 0.0, 0.0, 0.0, 0.0, 0.0, 0.0, 0.0, 0.0, 0.0, 0.0]"
hMpxV/Brazil/RJ-UG_UFRJ_0553/2024|EPI_ISL_19434497|2024-08-19,"[0.0, 0.0, 0.9999999999999999, 0.0, 0.0, 0.0, 0.0, 0.0, 0.0, 0.0, 0.0, 0.0, 0.0, 0.0, 0.0, 0.0, 0.0, 0.0, 0.0, 0.0, 0.0, 0.0, 0.0, 0.0, 0.0, 0.0, 0.0, 0.0, 0.0, 0.0, 0.0]"
hMpxV/Brazil/RJ-UG_UFRJ_0551/2024|EPI_ISL_19434495|2024-08-09,"[0.0, 0.0, 1.0, 0.0, 0.0, 0.0, 0.0, 0.0, 0.0, 0.0, 0.0, 0.0, 0.0, 0.0, 0.0, 0.0, 0.0, 0.0, 0.0, 0.0, 0.0, 0.0, 0.0, 0.0, 0.0, 0.0, 0.0, 0.0, 0.0, 0.0, 0.0]"
NODE_0000076,"[1.2958281641752445e-13, 2.7006668880982848e-14, 0.9999999999928666, 2.7109900162713176e-14, 3.623024732312049e-13, 2.7107739683897472e-14, 3.561679499456497e-14, 2.717826982389513e-14, 2.7241080966248997e-14, 2.7066104932992643e-14, 2.7026484985625132e-14, 2.7157880557764136e-14, 2.5143525704748567e-14, 2.664221331455459e-14, 1.71272887448574e-14, 9.260550067728001e-14, 2.587713022762263e-14, 2.7157880557745402e-14, 2.7157880557750413e-14, 2.506973526811388e-14, 2.4691467521118676e-12, 2.5883078508385466e-14, 1.990096140401798e-12, 2.717387084722207e-14, 5.2135336640877263e-14, 2.6364254452412475e-14, 2.1537555822371017e-14, 2.6785645094756196e-14, 2.5105321263394686e-14, 1.430809002194991e-12, 2.7162307797126993e-14]"
hMpxV/Brazil/SP-IAL-357798278/2024|EPI_ISL_19359678|2024-06-04,"[0.0, 0.0, 1.0, 0.0, 0.0, 0.0, 0.0, 0.0, 0.0, 0.0, 0.0, 0.0, 0.0, 0.0, 0.0, 0.0, 0.0, 0.0, 0.0, 0.0, 0.0, 0.0, 0.0, 0.0, 0.0, 0.0, 0.0, 0.0, 0.0, 0.0, 0.0]"
hMpxV/Brazil/SP-IAL-357802143/2024|EPI_ISL_19359679|2024-06-06,"[0.0, 0.0, 1.0, 0.0, 0.0, 0.0, 0.0, 0.0, 0.0, 0.0, 0.0, 0.0, 0.0, 0.0, 0.0, 0.0, 0.0, 0.0, 0.0, 0.0, 0.0, 0.0, 0.0, 0.0, 0.0, 0.0, 0.0, 0.0, 0.0, 0.0, 0.0]"
hMpxV/Brazil/SP-IAL-357896065/2024|EPI_ISL_19359682|2024-08-13,"[0.0, 0.0, 1.0, 0.0, 0.0, 0.0, 0.0, 0.0, 0.0, 0.0, 0.0, 0.0, 0.0, 0.0, 0.0, 0.0, 0.0, 0.0, 0.0, 0.0, 0.0, 0.0, 0.0, 0.0, 0.0, 0.0, 0.0, 0.0, 0.0, 0.0, 0.0]"
NODE_0000079,"[1.8796952441104684e-19, 6.710067458798454e-21, 0.9999999999999994, 6.265369378629617e-21, 2.0538790791771214e-18, 6.575876321949053e-21, 1.1781661689511478e-20, 6.662813883688375e-21, 6.822767935509128e-21, 6.590107283870179e-21, 6.716187201443629e-21, 6.5222052190016955e-21, 5.5108830256615e-21, 6.822388583227252e-21, 3.1641684637955263e-21, 1.3544206810269848e-19, 6.6101977566204614e-21, 6.5222052190002676e-21, 6.5222052190012426e-21, 5.66696525257604e-21, 4.2134487502209365e-16, 5.259176345915198e-21, 8.614091966047273e-17, 6.597257780564908e-21, 3.901815136981001e-20, 6.617336396880233e-21, 3.9125790987545455e-21, 6.89856155313715e-21, 5.340250428806102e-21, 4.5785293783811266e-17, 6.713328034499074e-21]"
hMpxV/Brazil/SP-IAL-357904928/2024|EPI_ISL_19372767|2024-08-19,"[0.0, 0.0, 1.0, 0.0, 0.0, 0.0, 0.0, 0.0, 0.0, 0.0, 0.0, 0.0, 0.0, 0.0, 0.0, 0.0, 0.0, 0.0, 0.0, 0.0, 0.0, 0.0, 0.0, 0.0, 0.0, 0.0, 0.0, 0.0, 0.0, 0.0, 0.0]"
hMpxV/Brazil/SP-IAL-357911339/2024|EPI_ISL_19372775|2024-08-23,"[0.0, 0.0, 1.0, 0.0, 0.0, 0.0, 0.0, 0.0, 0.0, 0.0, 0.0, 0.0, 0.0, 0.0, 0.0, 0.0, 0.0, 0.0, 0.0, 0.0, 0.0, 0.0, 0.0, 0.0, 0.0, 0.0, 0.0, 0.0, 0.0, 0.0, 0.0]"
hMpxV/Brazil/SP-IAL-357979688/2024|EPI_ISL_19524878|2024-10-06,"[0.0, 0.0, 1.0, 0.0, 0.0, 0.0, 0.0, 0.0, 0.0, 0.0, 0.0, 0.0, 0.0, 0.0, 0.0, 0.0, 0.0, 0.0, 0.0, 0.0, 0.0, 0.0, 0.0, 0.0, 0.0, 0.0, 0.0, 0.0, 0.0, 0.0, 0.0]"
hMpxV/Brazil/BA-LACEN-293860175/2024|EPI_ISL_19361755|2024-08-07,"[0.0, 0.0, 1.0, 0.0, 0.0, 0.0, 0.0, 0.0, 0.0, 0.0, 0.0, 0.0, 0.0, 0.0, 0.0, 0.0, 0.0, 0.0, 0.0, 0.0, 0.0, 0.0, 0.0, 0.0, 0.0, 0.0, 0.0, 0.0, 0.0, 0.0, 0.0]"
NODE_0000084,"[4.7658874625755185e-09, 1.4830761980037682e-09, 0.9999998516750095, 1.4982408251606755e-09, 9.886024232537463e-09, 1.491096482177011e-09, 1.8102786638290835e-09, 1.4843832813649503e-09, 1.4834486186365858e-09, 1.4921364081541253e-09, 1.4682322615965824e-09, 1.4872411269694518e-09, 1.4084375866468929e-09, 1.4874589996133278e-09, 1.0152425712622948e-09, 3.49778616869894e-09, 1.4759083015759137e-09, 1.4872411269690243e-09, 1.487241126969284e-09, 1.4102670420107553e-09, 3.145642291816059e-08, 1.4756269399838675e-09, 3.385544054053173e-08, 1.4859397124174216e-09, 2.354530870182381e-09, 1.4385681531828096e-09, 1.262125778722399e-09, 1.4511609344376242e-09, 1.4139165299755552e-09, 2.902936613272086e-08, 1.4822633688023729e-09]"
hMpxV/Brazil/SP-IAL-357899878/2024|EPI_ISL_19372763|2024-08-15,"[0.0, 0.0, 1.0, 0.0, 0.0, 0.0, 0.0, 0.0, 0.0, 0.0, 0.0, 0.0, 0.0, 0.0, 0.0, 0.0, 0.0, 0.0, 0.0, 0.0, 0.0, 0.0, 0.0, 0.0, 0.0, 0.0, 0.0, 0.0, 0.0, 0.0, 0.0]"
hMpxV/Brazil/SP-IAL-357911479/2024|EPI_ISL_19372776|2024-08-24,"[0.0, 0.0, 1.0, 0.0, 0.0, 0.0, 0.0, 0.0, 0.0, 0.0, 0.0, 0.0, 0.0, 0.0, 0.0, 0.0, 0.0, 0.0, 0.0, 0.0, 0.0, 0.0, 0.0, 0.0, 0.0, 0.0, 0.0, 0.0, 0.0, 0.0, 0.0]"
NODE_0000087,"[4.985202175926519e-09, 1.5766137951075817e-09, 0.9999998473062556, 1.5920636031394808e-09, 1.0219589362367782e-08, 1.5849381066838745e-09, 1.9166384043059226e-09, 1.5768644989459672e-09, 1.5760012800596693e-09, 1.5864441086766093e-09, 1.5590453381010227e-09, 1.579739214951692e-09, 1.49769946029541e-09, 1.5848446403400743e-09, 1.0833983041703405e-09, 3.6700021010613693e-09, 1.5761899741869788e-09, 1.579739214951239e-09, 1.5797392149515197e-09, 1.5009612710235897e-09, 3.153587219089917e-08, 1.5702503026376814e-09, 3.4271247123267526e-08, 1.5784299851802285e-09, 2.4917471444694288e-09, 1.5286349584868601e-09, 1.3449099931192545e-09, 1.5414361553677812e-09, 1.5036461172635525e-09, 2.992713318476565e-08, 1.574723472531967e-09]"
hMpxV/Brazil/SP-IAL-357921858/2024|EPI_ISL_19446293|2024-09-01,"[0.0, 0.0, 0.9999999999999999, 0.0, 0.0, 0.0, 0.0, 0.0, 0.0, 0.0, 0.0, 0.0, 0.0, 0.0, 0.0, 0.0, 0.0, 0.0, 0.0, 0.0, 0.0, 0.0, 0.0, 0.0, 0.0, 0.0, 0.0, 0.0, 0.0, 0.0, 0.0]"
hMpxV/Brazil/SP-IAL-357933783/2024|EPI_ISL_19446300|2024-09-08,"[0.0, 0.0, 1.0, 0.0, 0.0, 0.0, 0.0, 0.0, 0.0, 0.0, 0.0, 0.0, 0.0, 0.0, 0.0, 0.0, 0.0, 0.0, 0.0, 0.0, 0.0, 0.0, 0.0, 0.0, 0.0, 0.0, 0.0, 0.0, 0.0, 0.0, 0.0]"
NODE_0000082,"[5.701545254467741e-12, 1.2612556274772277e-12, 0.9999999997118494, 1.2617862699052717e-12, 1.5326199983366174e-11, 1.2642002022341164e-12, 1.6357014788550983e-12, 1.2635805167229942e-12, 1.2669630535484352e-12, 1.2643723273895502e-12, 1.2543380555006232e-12, 1.2620841659469666e-12, 1.1733119177664821e-12, 1.2599001437660828e-12, 8.12154004980969e-13, 4.141088022036798e-12, 1.238586940090804e-12, 1.2620841659464692e-12, 1.2620841659466754e-12, 1.1763069858409523e-12, 9.377423234677165e-11, 1.2112140793905567e-12, 7.815898436641125e-11, 1.263078008001785e-12, 2.4219442882717524e-12, 1.227876030681798e-12, 1.0128449492578152e-12, 1.2454883841498362e-12, 1.1717854483007955e-12, 6.031246223052334e-11, 1.2632101797288315e-12]"
hMpxV/Brazil/SP-IAL-357821026/2024|EPI_ISL_19359691|2024-06-18,"[0.0, 0.0, 1.0, 0.0, 0.0, 0.0, 0.0, 0.0, 0.0, 0.0, 0.0, 0.0, 0.0, 0.0, 0.0, 0.0, 0.0, 0.0, 0.0, 0.0, 0.0, 0.0, 0.0, 0.0, 0.0, 0.0, 0.0, 0.0, 0.0, 0.0, 0.0]"
hMpxV/Brazil/SP-IAL-357909129/2024|EPI_ISL_19372769|2024-08-19,"[0.0, 0.0, 1.0, 0.0, 0.0, 0.0, 0.0, 0.0, 0.0, 0.0, 0.0, 0.0, 0.0, 0.0, 0.0, 0.0, 0.0, 0.0, 0.0, 0.0, 0.0, 0.0, 0.0, 0.0, 0.0, 0.0, 0.0, 0.0, 0.0, 0.0, 0.0]"
NODE_0000083,"[1.0767758082708482e-08, 3.3956682110560576e-09, 0.9999996687153961, 3.4274671266132275e-09, 2.214541485843128e-08, 3.4127930269109927e-09, 4.128984526214504e-09, 3.394931749330646e-09, 3.3930741237115585e-09, 3.416580451917645e-09, 3.356666297157485e-09, 3.401135037091393e-09, 3.2238932206594218e-09, 3.4159557767957204e-09, 2.332585358623558e-09, 7.933252911437984e-09, 3.3991910486426744e-09, 3.4011350370904657e-09, 3.4011350370910435e-09, 3.2324126132183967e-09, 6.880803022300556e-08, 3.3798348625734867e-09, 7.460432636204168e-08, 3.3983107627115176e-09, 5.387748012742658e-09, 3.291546731302448e-09, 2.8939832799835123e-09, 3.3191251413001598e-09, 3.2365828033527132e-09, 6.499477279885263e-08, 3.3903084373458666e-09]"
hMpxV/Brazil/SP-IAL-357899889/2024|EPI_ISL_19372764|2024-08-15,"[0.0, 0.0, 1.0, 0.0, 0.0, 0.0, 0.0, 0.0, 0.0, 0.0, 0.0, 0.0, 0.0, 0.0, 0.0, 0.0, 0.0, 0.0, 0.0, 0.0, 0.0, 0.0, 0.0, 0.0, 0.0, 0.0, 0.0, 0.0, 0.0, 0.0, 0.0]"
hMpxV/Brazil/SP-IAL-357929674/2024|EPI_ISL_19446297|2024-09-04,"[0.0, 0.0, 1.0, 0.0, 0.0, 0.0, 0.0, 0.0, 0.0, 0.0, 0.0, 0.0, 0.0, 0.0, 0.0, 0.0, 0.0, 0.0, 0.0, 0.0, 0.0, 0.0, 0.0, 0.0, 0.0, 0.0, 0.0, 0.0, 0.0, 0.0, 0.0]"
NODE_0000085,"[1.2253588601543301e-17, 8.580906591193277e-19, 0.9999999999999933, 8.382174322556256e-19, 7.822291155435418e-17, 8.539707395728695e-19, 1.3807340295625097e-18, 8.688136641915891e-19, 8.791545516425396e-19, 8.502598107495874e-19, 8.74909471463213e-19, 8.605061796084983e-19, 7.502005220613591e-19, 8.281235910055214e-19, 4.457024188878493e-19, 8.37340649732112e-18, 7.74491158025801e-19, 8.6050617960845605e-19, 8.605061796085239e-19, 7.478763439932927e-19, 4.29720619717274e-15, 7.365839589828506e-19, 1.5464166443177669e-15, 8.6513268263851e-19, 2.982195997586808e-18, 8.48505058330599e-19, 5.69480905967007e-19, 8.778685156493282e-19, 7.372850100893397e-19, 7.507298382741383e-16, 8.709933827157497e-19]"
hMpxV/Brazil/SP-IAL-357980969/2024|EPI_ISL_19524874|2024-09-30,"[0.0, 0.0, 1.0, 0.0, 0.0, 0.0, 0.0, 0.0, 0.0, 0.0, 0.0, 0.0, 0.0, 0.0, 0.0, 0.0, 0.0, 0.0, 0.0, 0.0, 0.0, 0.0, 0.0, 0.0, 0.0, 0.0, 0.0, 0.0, 0.0, 0.0, 0.0]"
hMpxV/Brazil/SP-IAL-357928627/2024|EPI_ISL_19446296|2024-09-04,"[0.0, 0.0, 0.9999999999999999, 0.0, 0.0, 0.0, 0.0, 0.0, 0.0, 0.0, 0.0, 0.0, 0.0, 0.0, 0.0, 0.0, 0.0, 0.0, 0.0, 0.0, 0.0, 0.0, 0.0, 0.0, 0.0, 0.0, 0.0, 0.0, 0.0, 0.0, 0.0]"
hMpxV/Brazil/SP-IAL-357934564/2024|EPI_ISL_19446301|2024-09-09,"[0.0, 0.0, 1.0, 0.0, 0.0, 0.0, 0.0, 0.0, 0.0, 0.0, 0.0, 0.0, 0.0, 0.0, 0.0, 0.0, 0.0, 0.0, 0.0, 0.0, 0.0, 0.0, 0.0, 0.0, 0.0, 0.0, 0.0, 0.0, 0.0, 0.0, 0.0]"
hMpxV/Brazil/SP-IAL-357941922/2024|EPI_ISL_19446305|2024-09-11,"[0.0, 0.0, 1.0, 0.0, 0.0, 0.0, 0.0, 0.0, 0.0, 0.0, 0.0, 0.0, 0.0, 0.0, 0.0, 0.0, 0.0, 0.0, 0.0, 0.0, 0.0, 0.0, 0.0, 0.0, 0.0, 0.0, 0.0, 0.0, 0.0, 0.0, 0.0]"
hMpxV/Brazil/SP-IAL-357944650/2024|EPI_ISL_19446308|2024-09-15,"[0.0, 0.0, 1.0, 0.0, 0.0, 0.0, 0.0, 0.0, 0.0, 0.0, 0.0, 0.0, 0.0, 0.0, 0.0, 0.0, 0.0, 0.0, 0.0, 0.0, 0.0, 0.0, 0.0, 0.0, 0.0, 0.0, 0.0, 0.0, 0.0, 0.0, 0.0]"
NODE_0000086,"[2.9129561198783875e-08, 8.883141102716035e-09, 0.9999990752607117, 8.980752575344846e-09, 6.129109039641712e-08, 8.933600545422328e-09, 1.0900795814667508e-08, 8.90097564009421e-09, 8.89433943155359e-09, 8.936202069898856e-09, 8.809032195785765e-09, 8.919363903661506e-09, 8.434932998784122e-09, 8.879684567455983e-09, 6.05107510647417e-09, 2.128366287017651e-08, 8.78141355988897e-09, 8.919363903661013e-09, 8.919363903661319e-09, 8.434296591049279e-09, 2.025138453170979e-07, 8.82934921479702e-09, 2.1539712392383967e-07, 8.91098761267476e-09, 1.41632251842149e-08, 8.622401944804033e-09, 7.538923301725814e-09, 8.702222059647071e-09, 8.467005666959588e-09, 1.8042413799753124e-07, 8.887417712776142e-09]"
hMpxV/Brazil/SP-IAL-357996884/2024|EPI_ISL_19524880|2024-10-18,"[0.0, 0.0, 0.9999999999999999, 0.0, 0.0, 0.0, 0.0, 0.0, 0.0, 0.0, 0.0, 0.0, 0.0, 0.0, 0.0, 0.0, 0.0, 0.0, 0.0, 0.0, 0.0, 0.0, 0.0, 0.0, 0.0, 0.0, 0.0, 0.0, 0.0, 0.0, 0.0]"
hMpxV/Brazil/SP-IAL-357994370/2024|EPI_ISL_19524885|2024-10-16,"[0.0, 0.0, 1.0, 0.0, 0.0, 0.0, 0.0, 0.0, 0.0, 0.0, 0.0, 0.0, 0.0, 0.0, 0.0, 0.0, 0.0, 0.0, 0.0, 0.0, 0.0, 0.0, 0.0, 0.0, 0.0, 0.0, 0.0, 0.0, 0.0, 0.0, 0.0]"
NODE_0000080,"[2.5315573080044113e-19, 1.5952556993467704e-20, 0.999999999999978, 9.44809604650508e-21, 5.9047479412200676e-18, 1.1925792273600594e-20, 2.235024431665245e-20, 9.978292228395176e-21, 1.0165264535924498e-20, 9.689513265107798e-21, 1.0111787969604222e-20, 9.8188132315807e-21, 8.342087207421649e-21, 1.2477110889051607e-20, 6.260644945030173e-21, 6.66355855753722e-19, 9.31740623297532e-21, 9.818813231580281e-21, 9.818813231580078e-21, 1.1039055567635721e-20, 2.1781842704963648e-14, 7.988415660660295e-21, 6.804138321700348e-17, 9.905433378402433e-21, 5.4090428153379376e-20, 9.912791053735596e-21, 6.130165564238133e-21, 1.0333787994954133e-20, 8.155810243023196e-21, 1.2412646844937026e-16, 1.0029456695072198e-20]"
hMpxV/Brazil/RJ-UG_UFRJ_0554/2024|EPI_ISL_19434498|2024-08-21,"[0.0, 0.0, 1.0, 0.0, 0.0, 0.0, 0.0, 0.0, 0.0, 0.0, 0.0, 0.0, 0.0, 0.0, 0.0, 0.0, 0.0, 0.0, 0.0, 0.0, 0.0, 0.0, 0.0, 0.0, 0.0, 0.0, 0.0, 0.0, 0.0, 0.0, 0.0]"
hMpxV/Brazil/SP-IAL-357897410/2024|EPI_ISL_19372760|2024-08-13,"[0.0, 0.0, 1.0, 0.0, 0.0, 0.0, 0.0, 0.0, 0.0, 0.0, 0.0, 0.0, 0.0, 0.0, 0.0, 0.0, 0.0, 0.0, 0.0, 0.0, 0.0, 0.0, 0.0, 0.0, 0.0, 0.0, 0.0, 0.0, 0.0, 0.0, 0.0]"
hMpxV/Brazil/SP-IAL-357901450/2024|EPI_ISL_19372766|2024-08-18,"[0.0, 0.0, 0.9999999999999999, 0.0, 0.0, 0.0, 0.0, 0.0, 0.0, 0.0, 0.0, 0.0, 0.0, 0.0, 0.0, 0.0, 0.0, 0.0, 0.0, 0.0, 0.0, 0.0, 0.0, 0.0, 0.0, 0.0, 0.0, 0.0, 0.0, 0.0, 0.0]"
hMpxV/Peru/LIM-INS-579/2024|EPI_ISL_19564180|2024-10-07,"[0.0, 0.0, 0.0, 0.0, 0.0, 0.0, 0.0, 0.0, 0.0, 0.0, 0.0, 0.0, 0.0, 0.0, 0.0, 0.0, 0.0, 0.0, 0.0, 0.0, 1.0, 0.0, 0.0, 0.0, 0.0, 0.0, 0.0, 0.0, 0.0, 0.0, 0.0]"
hMpxV/Brazil/SP-IAL-357981061/2024|EPI_ISL_19524872|2024-10-06,"[0.0, 0.0, 1.0, 0.0, 0.0, 0.0, 0.0, 0.0, 0.0, 0.0, 0.0, 0.0, 0.0, 0.0, 0.0, 0.0, 0.0, 0.0, 0.0, 0.0, 0.0, 0.0, 0.0, 0.0, 0.0, 0.0, 0.0, 0.0, 0.0, 0.0, 0.0]"
hMpxV/Brazil/SP-IAL-357938508/2024|EPI_ISL_19446303|2024-09-10,"[0.0, 0.0, 0.9999999999999999, 0.0, 0.0, 0.0, 0.0, 0.0, 0.0, 0.0, 0.0, 0.0, 0.0, 0.0, 0.0, 0.0, 0.0, 0.0, 0.0, 0.0, 0.0, 0.0, 0.0, 0.0, 0.0, 0.0, 0.0, 0.0, 0.0, 0.0, 0.0]"
hMpxV/Brazil/SP-IAL-357949045/2024|EPI_ISL_19446312|2024-09-17,"[0.0, 0.0, 0.9999999999999999, 0.0, 0.0, 0.0, 0.0, 0.0, 0.0, 0.0, 0.0, 0.0, 0.0, 0.0, 0.0, 0.0, 0.0, 0.0, 0.0, 0.0, 0.0, 0.0, 0.0, 0.0, 0.0, 0.0, 0.0, 0.0, 0.0, 0.0, 0.0]"
NODE_0000081,"[2.9859650803742434e-12, 5.949416103626382e-13, 0.9999999998235369, 5.981964634697828e-13, 8.617435332783198e-12, 5.975165122829282e-13, 7.939179286046594e-13, 6.001947122748548e-13, 6.014273300198584e-13, 5.960709842469675e-13, 5.975769033731566e-13, 5.999310309062507e-13, 5.537061670506427e-13, 5.826319906189219e-13, 3.7318636696677613e-13, 2.113048672788562e-12, 5.617738471326989e-13, 5.999310309061201e-13, 5.999310309061962e-13, 5.504273078975799e-13, 6.385820079441261e-11, 5.688613439471881e-13, 5.0134922990322844e-11, 6.001989305849812e-13, 1.1597669338751567e-12, 5.816471139188129e-13, 4.715429420646222e-13, 5.915959972123041e-13, 5.52757754670446e-13, 3.4226062244101654e-11, 5.997156790576036e-13]"
hMpxV/Brazil/SP-IAL-357890330/2024|EPI_ISL_19372759|2024-08-07,"[0.0, 0.0, 1.0, 0.0, 0.0, 0.0, 0.0, 0.0, 0.0, 0.0, 0.0, 0.0, 0.0, 0.0, 0.0, 0.0, 0.0, 0.0, 0.0, 0.0, 0.0, 0.0, 0.0, 0.0, 0.0, 0.0, 0.0, 0.0, 0.0, 0.0, 0.0]"
hMpxV/Brazil/SP-IAL-357903502/2024|EPI_ISL_19372771|2024-08-19,"[0.0, 0.0, 1.0, 0.0, 0.0, 0.0, 0.0, 0.0, 0.0, 0.0, 0.0, 0.0, 0.0, 0.0, 0.0, 0.0, 0.0, 0.0, 0.0, 0.0, 0.0, 0.0, 0.0, 0.0, 0.0, 0.0, 0.0, 0.0, 0.0, 0.0, 0.0]"
hMpxV/Brazil/SP-IAL-357909240/2024|EPI_ISL_19372773|2024-08-21,"[0.0, 0.0, 0.9999999999999999, 0.0, 0.0, 0.0, 0.0, 0.0, 0.0, 0.0, 0.0, 0.0, 0.0, 0.0, 0.0, 0.0, 0.0, 0.0, 0.0, 0.0, 0.0, 0.0, 0.0, 0.0, 0.0, 0.0, 0.0, 0.0, 0.0, 0.0, 0.0]"
NODE_0000015,"[4.702196612215365e-19, 9.962216208700418e-20, 9.705353063698952e-18, 1.0111876746420174e-19, 8.231673361315193e-20, 1.0051389852177525e-19, 1.0261012473522714e-19, 3.3263135223254293e-18, 3.4640311025815365e-12, 5.8103335724637295e-19, 3.9702810620834926e-19, 1.0286952813891472e-19, 5.975755010757649e-19, 5.632220032012471e-18, 7.117696742623773e-19, 4.557438329761884e-20, 1.1851401890809338e-17, 1.0286952813891515e-19, 1.0286952813877674e-19, 3.11482552323352e-19, 8.523409512638724e-19, 8.783594634459087e-20, 5.901727394746212e-05, 7.536001583077918e-19, 0.9999409827225885, 9.488156425304465e-20, 1.6049481822807e-18, 1.0203649304948016e-19, 8.291855153998865e-20, 1.911216334863519e-19, 1.0907652092751492e-17]"
hMpxV/China/SZ-CDC/Strain069,"[0.0, 0.0, 0.0, 0.0, 0.0, 0.0, 0.0, 0.0, 0.0, 0.0, 0.0, 0.0, 0.0, 0.0, 0.0, 0.0, 0.0, 0.0, 0.0, 0.0, 0.0, 0.0, 0.0, 0.0, 1.0, 0.0, 0.0, 0.0, 0.0, 0.0, 0.0]"
hMpxV/China/SZ-CDC/Strain178,"[0.0, 0.0, 0.0, 0.0, 0.0, 0.0, 0.0, 0.0, 0.0, 0.0, 0.0, 0.0, 0.0, 0.0, 0.0, 0.0, 0.0, 0.0, 0.0, 0.0, 0.0, 0.0, 0.0, 0.0, 1.0, 0.0, 0.0, 0.0, 0.0, 0.0, 0.0]"
hMpxV/Portugal/INSA-PT0629/2023|EPI_ISL_18044983|2023-06-20,"[0.0, 0.0, 0.0, 0.0, 0.0, 0.0, 0.0, 0.0, 0.0, 0.0, 0.0, 0.0, 0.0, 0.0, 0.0, 0.0, 0.0, 0.0, 0.0, 0.0, 0.0, 0.0, 1.0, 0.0, 0.0, 0.0, 0.0, 0.0, 0.0, 0.0, 0.0]"
hMpxV/China/GZ-GCDC_M011/2023|EPI_ISL_19058867|2023-06-07,"[0.0, 0.0, 0.0, 0.0, 0.0, 0.0, 0.0, 0.0, 1.0, 0.0, 0.0, 0.0, 0.0, 0.0, 0.0, 0.0, 0.0, 0.0, 0.0, 0.0, 0.0, 0.0, 0.0, 0.0, 0.0, 0.0, 0.0, 0.0, 0.0, 0.0, 0.0]"
hMpxV/Portugal/INSA-PT0691/2023|EPI_ISL_18553837|2023-07-15,"[0.0, 0.0, 0.0, 0.0, 0.0, 0.0, 0.0, 0.0, 0.0, 0.0, 0.0, 0.0, 0.0, 0.0, 0.0, 0.0, 0.0, 0.0, 0.0, 0.0, 0.0, 0.0, 1.0, 0.0, 0.0, 0.0, 0.0, 0.0, 0.0, 0.0, 0.0]"
hMpxV/Portugal/INSA-PT0660/2023|EPI_ISL_18228621|2023-07-26,"[0.0, 0.0, 0.0, 0.0, 0.0, 0.0, 0.0, 0.0, 0.0, 0.0, 0.0, 0.0, 0.0, 0.0, 0.0, 0.0, 0.0, 0.0, 0.0, 0.0, 0.0, 0.0, 1.0, 0.0, 0.0, 0.0, 0.0, 0.0, 0.0, 0.0, 0.0]"
hMpxV/China/SZ-CDC/Strain015,"[0.0, 0.0, 0.0, 0.0, 0.0, 0.0, 0.0, 0.0, 0.0, 0.0, 0.0, 0.0, 0.0, 0.0, 0.0, 0.0, 0.0, 0.0, 0.0, 0.0, 0.0, 0.0, 0.0, 0.0, 1.0, 0.0, 0.0, 0.0, 0.0, 0.0, 0.0]"
hMpxV/China/SZ-CDC/Strain076,"[0.0, 0.0, 0.0, 0.0, 0.0, 0.0, 0.0, 0.0, 0.0, 0.0, 0.0, 0.0, 0.0, 0.0, 0.0, 0.0, 0.0, 0.0, 0.0, 0.0, 0.0, 0.0, 0.0, 0.0, 1.0, 0.0, 0.0, 0.0, 0.0, 0.0, 0.0]"
NODE_0000016,"[1.4857000043089832e-10, 4.539716242073854e-11, 4.831337510051646e-11, 4.67368301131407e-11, 3.948725460536889e-11, 4.5982617916621336e-11, 4.554970817839255e-11, 3.0661094720751366e-10, 8.489279427602487e-07, 4.813067217636082e-11, 9.511300814492259e-11, 4.6057926190666636e-11, 1.273083081696713e-10, 5.1211163768724795e-11, 1.5104293705300887e-10, 2.9297110665094743e-11, 5.209635479081135e-11, 4.6057926190668206e-11, 4.605792619064965e-11, 4.3597873346124134e-11, 3.628970263675635e-11, 4.612004284826037e-11, 1.3250411058551426e-06, 1.3793414017121521e-10, 0.999997823371001, 4.338424662446669e-11, 2.406568049195931e-10, 4.393156871902241e-11, 4.294795308096912e-11, 3.145545483986102e-11, 5.746112636241684e-10]"
NODE_0000028,"[5.8253857782047915e-08, 2.6323915275433645e-08, 2.1958895632198225e-08, 2.7182152624591266e-08, 2.2968217195458432e-08, 2.6683936230290737e-08, 2.6332618329659233e-08, 1.0464380946587028e-07, 0.0002677332736647814, 2.674939630720125e-08, 4.492655815050676e-08, 2.66578586732387e-08, 5.563047783481612e-08, 2.6385623698992305e-08, 5.6838207079074184e-08, 1.7373518933064458e-08, 2.608219050986936e-08, 2.665785867323542e-08, 2.6657858673227283e-08, 2.4816103287671515e-08, 1.5130803830929417e-08, 2.7289145915080233e-08, 2.0043995282935386e-06, 5.9297920182217116e-08, 0.9997291466681513, 2.5087582003522848e-08, 8.62171911369446e-08, 2.5297277481729283e-08, 2.5266452017036054e-08, 1.642150474675082e-08, 1.6252772395536866e-07]"
hMpxV/China/SZ-CDC/Strain005,"[0.0, 0.0, 0.0, 0.0, 0.0, 0.0, 0.0, 0.0, 0.0, 0.0, 0.0, 0.0, 0.0, 0.0, 0.0, 0.0, 0.0, 0.0, 0.0, 0.0, 0.0, 0.0, 0.0, 0.0, 1.0, 0.0, 0.0, 0.0, 0.0, 0.0, 0.0]"
hMpxV/China/GZ-GCDC_M021/2023|EPI_ISL_19058870|2023-06-11,"[0.0, 0.0, 0.0, 0.0, 0.0, 0.0, 0.0, 0.0, 1.0, 0.0, 0.0, 0.0, 0.0, 0.0, 0.0, 0.0, 0.0, 0.0, 0.0, 0.0, 0.0, 0.0, 0.0, 0.0, 0.0, 0.0, 0.0, 0.0, 0.0, 0.0, 0.0]"
NODE_0000017,"[4.771826102880978e-21, 1.1093537079864676e-22, 1.8817530660260817e-22, 1.120284816425868e-22, 9.229859896268011e-23, 1.117586747014546e-22, 1.1390167101708612e-22, 3.0458732261331683e-20, 1.0558300445390407e-18, 1.1774494167779615e-22, 1.0271428345446862e-21, 1.142625636755447e-22, 2.28995035256e-21, 1.2184154120820916e-22, 6.685833521531541e-21, 5.557991967661117e-23, 1.1472017535686191e-22, 1.142625636755133e-22, 1.142625636754939e-22, 9.420942938362089e-23, 5.205039090627484e-22, 9.86399462984912e-23, 1.021657668370205e-15, 1.4582348699039483e-18, 0.9999999999999989, 1.0692691572129733e-22, 1.6022308894347028e-20, 1.1210128732039367e-22, 9.539103646975272e-23, 6.221081366419994e-23, 1.9622796557363109e-19]"
hMpxV/China/SZ-CDC/Strain021,"[0.0, 0.0, 0.0, 0.0, 0.0, 0.0, 0.0, 0.0, 0.0, 0.0, 0.0, 0.0, 0.0, 0.0, 0.0, 0.0, 0.0, 0.0, 0.0, 0.0, 0.0, 0.0, 0.0, 0.0, 0.9999999999999999, 0.0, 0.0, 0.0, 0.0, 0.0, 0.0]"
hMpxV/China/SZ-CDC/Strain036,"[0.0, 0.0, 0.0, 0.0, 0.0, 0.0, 0.0, 0.0, 0.0, 0.0, 0.0, 0.0, 0.0, 0.0, 0.0, 0.0, 0.0, 0.0, 0.0, 0.0, 0.0, 0.0, 0.0, 0.0, 0.9999999999999999, 0.0, 0.0, 0.0, 0.0, 0.0, 0.0]"
hMpxV/China/SZ-CDC/Strain041,"[0.0, 0.0, 0.0, 0.0, 0.0, 0.0, 0.0, 0.0, 0.0, 0.0, 0.0, 0.0, 0.0, 0.0, 0.0, 0.0, 0.0, 0.0, 0.0, 0.0, 0.0, 0.0, 0.0, 0.0, 0.9999999999999999, 0.0, 0.0, 0.0, 0.0, 0.0, 0.0]"
hMpxV/China/SZ-CDC/Strain052,"[0.0, 0.0, 0.0, 0.0, 0.0, 0.0, 0.0, 0.0, 0.0, 0.0, 0.0, 0.0, 0.0, 0.0, 0.0, 0.0, 0.0, 0.0, 0.0, 0.0, 0.0, 0.0, 0.0, 0.0, 1.0, 0.0, 0.0, 0.0, 0.0, 0.0, 0.0]"
hMpxV/China/SZ-CDC/Strain054,"[0.0, 0.0, 0.0, 0.0, 0.0, 0.0, 0.0, 0.0, 0.0, 0.0, 0.0, 0.0, 0.0, 0.0, 0.0, 0.0, 0.0, 0.0, 0.0, 0.0, 0.0, 0.0, 0.0, 0.0, 1.0, 0.0, 0.0, 0.0, 0.0, 0.0, 0.0]"
hMpxV/China/SZ-SZTH41/2023|EPI_ISL_18213375|2023-06-19,"[0.0, 0.0, 0.0, 0.0, 0.0, 0.0, 0.0, 0.0, 0.0, 0.0, 0.0, 0.0, 0.0, 0.0, 0.0, 0.0, 0.0, 0.0, 0.0, 0.0, 0.0, 0.0, 0.0, 1.0, 0.0, 0.0, 0.0, 0.0, 0.0, 0.0, 0.0]"
NODE_0000018,"[4.170102670578218e-11, 9.328879182533565e-12, 1.1549224314697749e-11, 9.55867017262186e-12, 8.34051441052324e-12, 9.427862967160722e-12, 9.34439423819009e-12, 7.311809482404738e-11, 2.4358058058111465e-10, 9.454636973198261e-12, 2.097337702324851e-11, 9.431313412482697e-12, 2.942702550344963e-11, 9.346766901674042e-12, 4.060009313810707e-11, 6.5569095824316095e-12, 9.225043113972486e-12, 9.431313412478448e-12, 9.431313412476314e-12, 8.845907800170532e-12, 9.357703252619231e-12, 9.515356771304285e-12, 2.637745644058041e-09, 3.120635971372419e-11, 0.9999999964937528, 8.983271785789587e-12, 6.13065887647516e-11, 9.060464459842114e-12, 8.976087527489602e-12, 9.830504088290052e-12, 1.415923635194674e-10]"
hMpxV/China/SZ-CDC/Strain010,"[0.0, 0.0, 0.0, 0.0, 0.0, 0.0, 0.0, 0.0, 0.0, 0.0, 0.0, 0.0, 0.0, 0.0, 0.0, 0.0, 0.0, 0.0, 0.0, 0.0, 0.0, 0.0, 0.0, 0.0, 1.0, 0.0, 0.0, 0.0, 0.0, 0.0, 0.0]"
hMpxV/China/SZ-CDC/Strain002,"[0.0, 0.0, 0.0, 0.0, 0.0, 0.0, 0.0, 0.0, 0.0, 0.0, 0.0, 0.0, 0.0, 0.0, 0.0, 0.0, 0.0, 0.0, 0.0, 0.0, 0.0, 0.0, 0.0, 0.0, 1.0, 0.0, 0.0, 0.0, 0.0, 0.0, 0.0]"
NODE_0000025,"[1.918366244221394e-07, 4.86105665578751e-08, 6.253961103274058e-08, 4.981769809058645e-08, 4.366576307225257e-08, 4.909625339350178e-08, 4.861920660510501e-08, 3.2545494368796114e-07, 1.055679323665977e-06, 5.0540604097356467e-08, 1.0071528550722554e-07, 4.90644309821789e-08, 1.3713530849734534e-07, 5.269944640829896e-08, 1.84114045255035e-07, 3.4574106641775764e-08, 5.366466360352064e-08, 4.90644309821781e-08, 4.906443098217772e-08, 4.718465098586119e-08, 4.240126198631961e-08, 5.040586079393026e-08, 1.148312211346521e-05, 1.4548748041395207e-07, 0.9999845096450294, 4.668715748406735e-08, 2.751691036280144e-07, 4.702039621137683e-08, 4.762994181599019e-08, 5.139392297603006e-08, 6.178963375239127e-07]"
hMpxV/China/SZ-CDC/Strain135,"[0.0, 0.0, 0.0, 0.0, 0.0, 0.0, 0.0, 0.0, 0.0, 0.0, 0.0, 0.0, 0.0, 0.0, 0.0, 0.0, 0.0, 0.0, 0.0, 0.0, 0.0, 0.0, 0.0, 0.0, 1.0, 0.0, 0.0, 0.0, 0.0, 0.0, 0.0]"
NODE_0000026,"[1.976347661193867e-05, 6.410650625865274e-06, 8.042209024912237e-06, 6.5781421139455695e-06, 5.794372737755117e-06, 6.473588949056651e-06, 6.3960586685782915e-06, 3.041606759594341e-05, 8.256301713208747e-05, 6.737622617344441e-06, 1.1455660088476234e-05, 6.456864529340998e-06, 1.4785097381269178e-05, 7.2050966687181984e-06, 1.837748881341731e-05, 4.668456969671011e-06, 7.4807665420959404e-06, 6.456864529340999e-06, 6.456864529340966e-06, 6.338478517352984e-06, 4.495872108143992e-06, 6.783067944000552e-06, 0.0006057994690955655, 1.5552059195465373e-05, 0.9989941103900266, 6.141630617192876e-06, 2.6564503064740366e-05, 6.166436585389967e-06, 6.403970612895836e-06, 6.811238759439438e-06, 5.231451734408421e-05]"
hMpxV/China/SZ-CDC/Strain073,"[0.0, 0.0, 0.0, 0.0, 0.0, 0.0, 0.0, 0.0, 0.0, 0.0, 0.0, 0.0, 0.0, 0.0, 0.0, 0.0, 0.0, 0.0, 0.0, 0.0, 0.0, 0.0, 0.0, 0.0, 0.9999999999999999, 0.0, 0.0, 0.0, 0.0, 0.0, 0.0]"
hMpxV/China/SZ-CDC/Strain074,"[0.0, 0.0, 0.0, 0.0, 0.0, 0.0, 0.0, 0.0, 0.0, 0.0, 0.0, 0.0, 0.0, 0.0, 0.0, 0.0, 0.0, 0.0, 0.0, 0.0, 0.0, 0.0, 0.0, 0.0, 1.0, 0.0, 0.0, 0.0, 0.0, 0.0, 0.0]"
NODE_0000020,"[5.848262705695697e-07, 1.500153184215318e-07, 1.8810313010870606e-07, 1.5377241472153938e-07, 1.3471110299621932e-07, 1.5154465675422804e-07, 1.5003268093510845e-07, 9.798501127153354e-07, 3.0486798446172023e-06, 1.5461236024585657e-07, 3.0947533406499496e-07, 1.5142925172357497e-07, 4.209599394508657e-07, 1.5850906825940436e-07, 5.600775838734737e-07, 1.0687129574822983e-07, 1.6016360662108657e-07, 1.514292517235745e-07, 1.5142925172357314e-07, 1.4481573138805877e-07, 1.3109527462121924e-07, 1.553031280274474e-07, 2.905957811851491e-05, 4.4541211999818807e-07, 0.9999589465193448, 1.4414265674668836e-07, 8.331042982914469e-07, 1.451159491921214e-07, 1.4661074456056208e-07, 1.586026778372616e-07, 1.82320748093149e-06]"
hMpxV/China/SZ-CDC/Strain191,"[0.0, 0.0, 0.0, 0.0, 0.0, 0.0, 0.0, 0.0, 0.0, 0.0, 0.0, 0.0, 0.0, 0.0, 0.0, 0.0, 0.0, 0.0, 0.0, 0.0, 0.0, 0.0, 0.0, 0.0, 1.0, 0.0, 0.0, 0.0, 0.0, 0.0, 0.0]"
NODE_0000021,"[1.0667233713289423e-08, 2.457849764207027e-09, 3.0731202770835603e-09, 2.518458088305375e-09, 2.200104372492392e-09, 2.4835122972400326e-09, 2.4609696586060714e-09, 1.858535748469739e-08, 6.186221597538985e-08, 2.5073984072022655e-09, 5.4162225440821135e-09, 2.4837573014414558e-09, 7.546460932495845e-09, 2.5135970319092167e-09, 1.0353831947635218e-08, 1.7328890296806738e-09, 2.5021093964133055e-09, 2.483757301441236e-09, 2.4837573014411696e-09, 2.3446471172572607e-09, 2.381214013707674e-09, 2.5176875633494835e-09, 6.909070225463191e-07, 8.004774647270342e-09, 0.9999990862752376, 2.3651541504734934e-09, 1.5604887292560624e-08, 2.384448831193491e-09, 2.376082791816305e-09, 2.592432008494132e-09, 3.5913808620067556e-08]"
hMpxV/China/SZ-CDC/Strain042,"[0.0, 0.0, 0.0, 0.0, 0.0, 0.0, 0.0, 0.0, 0.0, 0.0, 0.0, 0.0, 0.0, 0.0, 0.0, 0.0, 0.0, 0.0, 0.0, 0.0, 0.0, 0.0, 0.0, 0.0, 1.0, 0.0, 0.0, 0.0, 0.0, 0.0, 0.0]"
NODE_0000023,"[1.4423173520516771e-08, 3.480669375774552e-09, 4.342288889653213e-09, 3.5671723822258223e-09, 3.119534551229885e-09, 3.5167690464848635e-09, 3.483445559603767e-09, 2.466466418746237e-08, 7.914987736813687e-08, 3.5615044322673114e-09, 7.460512262135414e-09, 3.5158456127797774e-09, 1.028922566456088e-08, 3.5946401929553035e-09, 1.3915108432547008e-08, 2.4647957804264544e-09, 3.59573026231127e-09, 3.515845612779284e-09, 3.515845612778961e-09, 3.3339719501773608e-09, 3.233039434492615e-09, 3.5799552837420003e-09, 7.9932446548297e-07, 1.0898373528557773e-08, 0.9999989031114404, 3.3475824419965603e-09, 2.0839280228983643e-08, 3.3728868799387048e-09, 3.3785547508863682e-09, 3.6746357097534883e-09, 4.6729165133422066e-08]"
hMpxV/China/SZ-CDC/Strain150,"[0.0, 0.0, 0.0, 0.0, 0.0, 0.0, 0.0, 0.0, 0.0, 0.0, 0.0, 0.0, 0.0, 0.0, 0.0, 0.0, 0.0, 0.0, 0.0, 0.0, 0.0, 0.0, 0.0, 0.0, 1.0, 0.0, 0.0, 0.0, 0.0, 0.0, 0.0]"
hMpxV/China/SZ-CDC/Strain196,"[0.0, 0.0, 0.0, 0.0, 0.0, 0.0, 0.0, 0.0, 0.0, 0.0, 0.0, 0.0, 0.0, 0.0, 0.0, 0.0, 0.0, 0.0, 0.0, 0.0, 0.0, 0.0, 0.0, 0.0, 1.0, 0.0, 0.0, 0.0, 0.0, 0.0, 0.0]"
NODE_0000034,"[2.103715189088172e-35, 1.120060759844112e-34, 3.5856703754799224e-29, 1.1395234996054217e-34, 8.954193616781507e-35, 1.1318521141856977e-34, 1.1668024198028405e-34, 2.220606727498503e-34, 3.6125099551092424e-34, 1.7396390759197347e-32, 1.4762941492368345e-34, 1.1674617286850737e-34, 1.3873382717043055e-34, 1.336967855035206e-29, 4.029210377773552e-35, 4.218419094913912e-35, 3.2392430200617627e-28, 1.167461728685821e-34, 1.1674617286844083e-34, 4.2726065193871206e-33, 7.781041076830704e-33, 9.295170314733655e-35, 0.9999999999999999, 1.6597224755291314e-34, 1.070633863612039e-22, 1.0569052646630786e-34, 8.610656373406572e-35, 1.2941057226311362e-34, 8.511762057307063e-35, 3.96722967984497e-33, 2.8501745763254764e-34]"
hMpxV/Portugal/INSA-PT0769/2023|EPI_ISL_18702222|2023-10-12,"[0.0, 0.0, 0.0, 0.0, 0.0, 0.0, 0.0, 0.0, 0.0, 0.0, 0.0, 0.0, 0.0, 0.0, 0.0, 0.0, 0.0, 0.0, 0.0, 0.0, 0.0, 0.0, 1.0, 0.0, 0.0, 0.0, 0.0, 0.0, 0.0, 0.0, 0.0]"
hMpxV/Portugal/INSA-PT0774/2023|EPI_ISL_18702226|2023-10-18,"[0.0, 0.0, 0.0, 0.0, 0.0, 0.0, 0.0, 0.0, 0.0, 0.0, 0.0, 0.0, 0.0, 0.0, 0.0, 0.0, 0.0, 0.0, 0.0, 0.0, 0.0, 0.0, 1.0, 0.0, 0.0, 0.0, 0.0, 0.0, 0.0, 0.0, 0.0]"
hMpxV/Portugal/INSA-PT0748/2023|EPI_ISL_18702230|2023-09-29,"[0.0, 0.0, 0.0, 0.0, 0.0, 0.0, 0.0, 0.0, 0.0, 0.0, 0.0, 0.0, 0.0, 0.0, 0.0, 0.0, 0.0, 0.0, 0.0, 0.0, 0.0, 0.0, 1.0, 0.0, 0.0, 0.0, 0.0, 0.0, 0.0, 0.0, 0.0]"
hMpxV/Portugal/INSA-PT0738/2023|EPI_ISL_18702236|2023-09-22,"[0.0, 0.0, 0.0, 0.0, 0.0, 0.0, 0.0, 0.0, 0.0, 0.0, 0.0, 0.0, 0.0, 0.0, 0.0, 0.0, 0.0, 0.0, 0.0, 0.0, 0.0, 0.0, 1.0, 0.0, 0.0, 0.0, 0.0, 0.0, 0.0, 0.0, 0.0]"
hMpxV/Portugal/INSA-PT0759/2023|EPI_ISL_18702238|2023-10-10,"[0.0, 0.0, 0.0, 0.0, 0.0, 0.0, 0.0, 0.0, 0.0, 0.0, 0.0, 0.0, 0.0, 0.0, 0.0, 0.0, 0.0, 0.0, 0.0, 0.0, 0.0, 0.0, 0.9999999999999999, 0.0, 0.0, 0.0, 0.0, 0.0, 0.0, 0.0, 0.0]"
hMpxV/Portugal/INSA-PT0784/2023|EPI_ISL_18702240|2023-11-01,"[0.0, 0.0, 0.0, 0.0, 0.0, 0.0, 0.0, 0.0, 0.0, 0.0, 0.0, 0.0, 0.0, 0.0, 0.0, 0.0, 0.0, 0.0, 0.0, 0.0, 0.0, 0.0, 1.0, 0.0, 0.0, 0.0, 0.0, 0.0, 0.0, 0.0, 0.0]"
hMpxV/Portugal/INSA-PT0754/2023|EPI_ISL_18702244|2023-10-04,"[0.0, 0.0, 0.0, 0.0, 0.0, 0.0, 0.0, 0.0, 0.0, 0.0, 0.0, 0.0, 0.0, 0.0, 0.0, 0.0, 0.0, 0.0, 0.0, 0.0, 0.0, 0.0, 1.0, 0.0, 0.0, 0.0, 0.0, 0.0, 0.0, 0.0, 0.0]"
hMpxV/Portugal/INSA-PT0752/2023|EPI_ISL_18702247|2023-10-03,"[0.0, 0.0, 0.0, 0.0, 0.0, 0.0, 0.0, 0.0, 0.0, 0.0, 0.0, 0.0, 0.0, 0.0, 0.0, 0.0, 0.0, 0.0, 0.0, 0.0, 0.0, 0.0, 1.0, 0.0, 0.0, 0.0, 0.0, 0.0, 0.0, 0.0, 0.0]"
hMpxV/Portugal/INSA-PT0776/2023|EPI_ISL_18702249|2023-10-20,"[0.0, 0.0, 0.0, 0.0, 0.0, 0.0, 0.0, 0.0, 0.0, 0.0, 0.0, 0.0, 0.0, 0.0, 0.0, 0.0, 0.0, 0.0, 0.0, 0.0, 0.0, 0.0, 0.9999999999999999, 0.0, 0.0, 0.0, 0.0, 0.0, 0.0, 0.0, 0.0]"
hMpxV/Portugal/INSA-PT0736/2023|EPI_ISL_18702255|2023-09-19,"[0.0, 0.0, 0.0, 0.0, 0.0, 0.0, 0.0, 0.0, 0.0, 0.0, 0.0, 0.0, 0.0, 0.0, 0.0, 0.0, 0.0, 0.0, 0.0, 0.0, 0.0, 0.0, 1.0, 0.0, 0.0, 0.0, 0.0, 0.0, 0.0, 0.0, 0.0]"
hMpxV/Portugal/INSA-PT0727/2023|EPI_ISL_18553826|2023-09-12,"[0.0, 0.0, 0.0, 0.0, 0.0, 0.0, 0.0, 0.0, 0.0, 0.0, 0.0, 0.0, 0.0, 0.0, 0.0, 0.0, 0.0, 0.0, 0.0, 0.0, 0.0, 0.0, 1.0, 0.0, 0.0, 0.0, 0.0, 0.0, 0.0, 0.0, 0.0]"
hMpxV/Portugal/INSA-PT0724/2023|EPI_ISL_18553813|2023-09-08,"[0.0, 0.0, 0.0, 0.0, 0.0, 0.0, 0.0, 0.0, 0.0, 0.0, 0.0, 0.0, 0.0, 0.0, 0.0, 0.0, 0.0, 0.0, 0.0, 0.0, 0.0, 0.0, 1.0, 0.0, 0.0, 0.0, 0.0, 0.0, 0.0, 0.0, 0.0]"
hMpxV/Netherlands/un-EMC-NL110/2024|EPI_ISL_19470168|2024-08-07,"[0.0, 0.0, 0.0, 0.0, 0.0, 0.0, 0.0, 0.0, 0.0, 0.0, 0.0, 0.0, 0.0, 0.0, 0.0, 0.0, 1.0, 0.0, 0.0, 0.0, 0.0, 0.0, 0.0, 0.0, 0.0, 0.0, 0.0, 0.0, 0.0, 0.0, 0.0]"
NODE_0000042,"[1.154606289821981e-11, 1.9603712744854185e-11, 6.638932846183506e-10, 2.0204285377882332e-11, 1.735290918066523e-11, 1.9848080384281285e-11, 1.9647241217842103e-11, 2.0585695051236843e-11, 2.1372195603056517e-11, 8.249180991359543e-11, 1.962003770708689e-11, 1.9842314653413567e-11, 1.903488967801064e-11, 5.180683482901063e-10, 1.1777552554820335e-11, 1.2917018497420297e-11, 1.005358154881353e-09, 1.9842314653424424e-11, 1.9842314653404025e-11, 5.581679419192532e-11, 2.8269870456951636e-11, 2.013617457233843e-11, 0.999999980946428, 2.0215022549290318e-11, 1.6234754776189405e-08, 1.8666953030342866e-11, 1.6503042248360103e-11, 1.9081834718729718e-11, 1.8603062601573817e-11, 5.7727937767771954e-11, 2.09484896875129e-11]"
hMpxV/Portugal/INSA-PT0814/2024|EPI_ISL_18993959|2024-01-15,"[0.0, 0.0, 0.0, 0.0, 0.0, 0.0, 0.0, 0.0, 0.0, 0.0, 0.0, 0.0, 0.0, 0.0, 0.0, 0.0, 0.0, 0.0, 0.0, 0.0, 0.0, 0.0, 1.0, 0.0, 0.0, 0.0, 0.0, 0.0, 0.0, 0.0, 0.0]"
hMpxV/Portugal/INSA-PT0807/2023|EPI_ISL_18993961|2023-12-27,"[0.0, 0.0, 0.0, 0.0, 0.0, 0.0, 0.0, 0.0, 0.0, 0.0, 0.0, 0.0, 0.0, 0.0, 0.0, 0.0, 0.0, 0.0, 0.0, 0.0, 0.0, 0.0, 0.9999999999999999, 0.0, 0.0, 0.0, 0.0, 0.0, 0.0, 0.0, 0.0]"
hMpxV/Portugal/INSA-PT0809/2023|EPI_ISL_18993967|2023-12-21,"[0.0, 0.0, 0.0, 0.0, 0.0, 0.0, 0.0, 0.0, 0.0, 0.0, 0.0, 0.0, 0.0, 0.0, 0.0, 0.0, 0.0, 0.0, 0.0, 0.0, 0.0, 0.0, 1.0, 0.0, 0.0, 0.0, 0.0, 0.0, 0.0, 0.0, 0.0]"
NODE_0000036,"[6.696231693638667e-28, 2.955608403434328e-27, 3.307278094775687e-23, 3.029219497312327e-27, 2.4265550236392856e-27, 2.9944577173635293e-27, 3.028621128283747e-27, 3.298742530834473e-27, 3.58312110056061e-27, 1.2738968219062377e-25, 3.099098883587955e-27, 3.0470119689044935e-27, 2.626330408904632e-27, 1.4888519692499345e-23, 9.879364602207535e-28, 1.381360770579036e-27, 7.896251446374911e-23, 3.047011968906667e-27, 3.0470119689026844e-27, 4.5726409039275044e-26, 4.6078829122888744e-26, 2.6724509187395624e-27, 1.0, 3.172623417428787e-27, 1.4268518583775823e-19, 2.7995019240673354e-27, 1.7498587126255437e-27, 2.9913820066059516e-27, 2.4584135885498972e-27, 4.1955614569797213e-26, 3.421998826156019e-27]"
hMpxV/Portugal/INSA-PT0739/2023|EPI_ISL_18702212|2023-09-24,"[0.0, 0.0, 0.0, 0.0, 0.0, 0.0, 0.0, 0.0, 0.0, 0.0, 0.0, 0.0, 0.0, 0.0, 0.0, 0.0, 0.0, 0.0, 0.0, 0.0, 0.0, 0.0, 0.9999999999999999, 0.0, 0.0, 0.0, 0.0, 0.0, 0.0, 0.0, 0.0]"
hMpxV/Portugal/INSA-PT0793/2023|EPI_ISL_18702221|2023-11-07,"[0.0, 0.0, 0.0, 0.0, 0.0, 0.0, 0.0, 0.0, 0.0, 0.0, 0.0, 0.0, 0.0, 0.0, 0.0, 0.0, 0.0, 0.0, 0.0, 0.0, 0.0, 0.0, 1.0, 0.0, 0.0, 0.0, 0.0, 0.0, 0.0, 0.0, 0.0]"
hMpxV/Portugal/INSA-PT0744/2023|EPI_ISL_18702231|2023-09-26,"[0.0, 0.0, 0.0, 0.0, 0.0, 0.0, 0.0, 0.0, 0.0, 0.0, 0.0, 0.0, 0.0, 0.0, 0.0, 0.0, 0.0, 0.0, 0.0, 0.0, 0.0, 0.0, 1.0, 0.0, 0.0, 0.0, 0.0, 0.0, 0.0, 0.0, 0.0]"
hMpxV/Portugal/INSA-PT0740/2023|EPI_ISL_18702250|2023-09-22,"[0.0, 0.0, 0.0, 0.0, 0.0, 0.0, 0.0, 0.0, 0.0, 0.0, 0.0, 0.0, 0.0, 0.0, 0.0, 0.0, 0.0, 0.0, 0.0, 0.0, 0.0, 0.0, 1.0, 0.0, 0.0, 0.0, 0.0, 0.0, 0.0, 0.0, 0.0]"
hMpxV/Portugal/INSA-PT0771/2023|EPI_ISL_18702256|2023-10-12,"[0.0, 0.0, 0.0, 0.0, 0.0, 0.0, 0.0, 0.0, 0.0, 0.0, 0.0, 0.0, 0.0, 0.0, 0.0, 0.0, 0.0, 0.0, 0.0, 0.0, 0.0, 0.0, 1.0, 0.0, 0.0, 0.0, 0.0, 0.0, 0.0, 0.0, 0.0]"
NODE_0000038,"[1.818657141170096e-09, 2.768662698784806e-09, 4.296804918087093e-08, 2.857309229487369e-09, 2.457592605917546e-09, 2.8042635598993765e-09, 2.7663643971617466e-09, 2.8430471325601578e-09, 2.8936443179868266e-09, 8.662199578055357e-09, 2.7426929584554736e-09, 2.7971242520433115e-09, 2.690889163757304e-09, 3.6539365226059125e-08, 1.7711088699318856e-09, 1.894612337311912e-09, 6.194131650560136e-08, 2.797124252044734e-09, 2.7971242520420087e-09, 6.364692070990596e-09, 2.945845899313617e-09, 2.8932720588630758e-09, 0.99999926623645, 2.8200697159792923e-09, 5.10076440666496e-07, 2.63837914086845e-09, 2.4098979779712674e-09, 2.671299289077073e-09, 2.6754371626889356e-09, 6.591557652918785e-09, 2.865510813667318e-09]"
hMpxV/Portugal/INSA-PT0800/2023|EPI_ISL_18702209|2023-11-18,"[0.0, 0.0, 0.0, 0.0, 0.0, 0.0, 0.0, 0.0, 0.0, 0.0, 0.0, 0.0, 0.0, 0.0, 0.0, 0.0, 0.0, 0.0, 0.0, 0.0, 0.0, 0.0, 1.0, 0.0, 0.0, 0.0, 0.0, 0.0, 0.0, 0.0, 0.0]"
hMpxV/Portugal/INSA-PT0787/2023|EPI_ISL_18702223|2023-11-02,"[0.0, 0.0, 0.0, 0.0, 0.0, 0.0, 0.0, 0.0, 0.0, 0.0, 0.0, 0.0, 0.0, 0.0, 0.0, 0.0, 0.0, 0.0, 0.0, 0.0, 0.0, 0.0, 0.9999999999999999, 0.0, 0.0, 0.0, 0.0, 0.0, 0.0, 0.0, 0.0]"
NODE_0000041,"[6.483314197934393e-10, 1.0098107179690726e-09, 1.6741721207200586e-08, 1.0424115871747727e-09, 8.918987181044519e-10, 1.0230889268857411e-09, 1.009196565718932e-09, 1.0288048648135567e-09, 1.0386320550629326e-09, 3.2719620413292316e-09, 9.984792548037058e-10, 1.0207447927088024e-09, 9.73987157177581e-10, 1.4223800060882926e-08, 6.352999744454312e-10, 6.850464651801122e-10, 2.437728599131102e-08, 1.0207447927093343e-09, 1.020744792708325e-09, 2.383793372772132e-09, 1.113669336802737e-09, 1.0538504092513714e-09, 0.999999706594269, 1.0247689062388808e-09, 2.0790966245818678e-07, 9.622832821674221e-10, 8.679260539463702e-10, 9.727558405436468e-10, 9.746643335696089e-10, 2.447718418308799e-09, 1.032647271429392e-09]"
hMpxV/Portugal/INSA-PT0767/2023|EPI_ISL_18702237|2023-10-13,"[0.0, 0.0, 0.0, 0.0, 0.0, 0.0, 0.0, 0.0, 0.0, 0.0, 0.0, 0.0, 0.0, 0.0, 0.0, 0.0, 0.0, 0.0, 0.0, 0.0, 0.0, 0.0, 1.0, 0.0, 0.0, 0.0, 0.0, 0.0, 0.0, 0.0, 0.0]"
hMpxV/Portugal/INSA-PT0781/2023|EPI_ISL_18702251|2023-10-26,"[0.0, 0.0, 0.0, 0.0, 0.0, 0.0, 0.0, 0.0, 0.0, 0.0, 0.0, 0.0, 0.0, 0.0, 0.0, 0.0, 0.0, 0.0, 0.0, 0.0, 0.0, 0.0, 1.0, 0.0, 0.0, 0.0, 0.0, 0.0, 0.0, 0.0, 0.0]"
NODE_0000037,"[9.076179214249941e-10, 1.081958048916217e-09, 4.066318465794748e-07, 1.1035692523742041e-09, 1.4985538519401231e-09, 1.0919319550223027e-09, 1.1237788504727654e-09, 1.1050309946678262e-09, 1.1258612800805765e-09, 3.4199575356647882e-09, 1.0695973033988164e-09, 1.0863057568262386e-09, 1.029212410173572e-09, 1.4754709748295238e-08, 6.607157859368681e-10, 9.55596464325848e-10, 2.5195190961341532e-08, 1.0863057568267907e-09, 1.0863057568257344e-09, 2.479450960187968e-09, 2.9621271858629952e-09, 1.096832739297696e-09, 0.9999992705932012, 1.0957341003287375e-09, 2.453094062162788e-07, 1.0324050915189656e-09, 8.963670717839944e-10, 1.0484172654516213e-09, 1.0206717910513977e-09, 5.337434816198078e-09, 1.113905352720081e-09]"
hMpxV/Brazil/SP-IAL-357531200/2024|EPI_ISL_19359677|2024-02-27,"[0.0, 0.0, 0.9999999999999999, 0.0, 0.0, 0.0, 0.0, 0.0, 0.0, 0.0, 0.0, 0.0, 0.0, 0.0, 0.0, 0.0, 0.0, 0.0, 0.0, 0.0, 0.0, 0.0, 0.0, 0.0, 0.0, 0.0, 0.0, 0.0, 0.0, 0.0, 0.0]"
hMpxV/Portugal/INSA-PT0772/2023|EPI_ISL_18702224|2023-10-12,"[0.0, 0.0, 0.0, 0.0, 0.0, 0.0, 0.0, 0.0, 0.0, 0.0, 0.0, 0.0, 0.0, 0.0, 0.0, 0.0, 0.0, 0.0, 0.0, 0.0, 0.0, 0.0, 1.0, 0.0, 0.0, 0.0, 0.0, 0.0, 0.0, 0.0, 0.0]"
hMpxV/Portugal/INSA-PT0794/2023|EPI_ISL_18702227|2023-11-09,"[0.0, 0.0, 0.0, 0.0, 0.0, 0.0, 0.0, 0.0, 0.0, 0.0, 0.0, 0.0, 0.0, 0.0, 0.0, 0.0, 0.0, 0.0, 0.0, 0.0, 0.0, 0.0, 1.0, 0.0, 0.0, 0.0, 0.0, 0.0, 0.0, 0.0, 0.0]"
NODE_0000039,"[4.30937738086572e-18, 1.0242730217757812e-17, 2.5747994601037428e-15, 1.0538239283828329e-17, 8.812512969272555e-18, 1.0374390592667384e-17, 1.0344281819884835e-17, 1.0936414341915057e-17, 1.1484250977311242e-17, 9.690060709971425e-17, 1.0404667687693442e-17, 1.0435464257022157e-17, 9.612128372945223e-18, 1.670392780239139e-15, 4.9994116569583496e-18, 5.976957027246241e-18, 4.59017622275959e-15, 1.0435464257032911e-17, 1.0435464257012566e-17, 5.260526485896581e-17, 3.382216882989789e-17, 1.0067154719206457e-17, 0.9999999999996172, 1.0686630615258745e-17, 3.7378930508943407e-13, 9.735530312598268e-18, 7.601597743681738e-18, 1.0093864428805796e-17, 9.287853720393806e-18, 5.1932762864258935e-17, 1.1179049385166501e-17]"
hMpxV/Portugal/INSA-PT0770/2023|EPI_ISL_18702219|2023-10-12,"[0.0, 0.0, 0.0, 0.0, 0.0, 0.0, 0.0, 0.0, 0.0, 0.0, 0.0, 0.0, 0.0, 0.0, 0.0, 0.0, 0.0, 0.0, 0.0, 0.0, 0.0, 0.0, 1.0, 0.0, 0.0, 0.0, 0.0, 0.0, 0.0, 0.0, 0.0]"
hMpxV/Portugal/INSA-PT0783/2023|EPI_ISL_18702229|2023-10-29,"[0.0, 0.0, 0.0, 0.0, 0.0, 0.0, 0.0, 0.0, 0.0, 0.0, 0.0, 0.0, 0.0, 0.0, 0.0, 0.0, 0.0, 0.0, 0.0, 0.0, 0.0, 0.0, 0.9999999999999999, 0.0, 0.0, 0.0, 0.0, 0.0, 0.0, 0.0, 0.0]"
hMpxV/Portugal/INSA-PT0768/2023|EPI_ISL_18702248|2023-10-12,"[0.0, 0.0, 0.0, 0.0, 0.0, 0.0, 0.0, 0.0, 0.0, 0.0, 0.0, 0.0, 0.0, 0.0, 0.0, 0.0, 0.0, 0.0, 0.0, 0.0, 0.0, 0.0, 1.0, 0.0, 0.0, 0.0, 0.0, 0.0, 0.0, 0.0, 0.0]"
hMpxV/Portugal/INSA-PT0806/2023|EPI_ISL_18993964|2023-11-30,"[0.0, 0.0, 0.0, 0.0, 0.0, 0.0, 0.0, 0.0, 0.0, 0.0, 0.0, 0.0, 0.0, 0.0, 0.0, 0.0, 0.0, 0.0, 0.0, 0.0, 0.0, 0.0, 1.0, 0.0, 0.0, 0.0, 0.0, 0.0, 0.0, 0.0, 0.0]"
NODE_0000040,"[8.080207674958046e-10, 1.243384118059761e-09, 1.9866681553164027e-08, 1.2833584021088768e-09, 1.1010539522983735e-09, 1.2595489702068e-09, 1.2424722257690948e-09, 1.2717720642791738e-09, 1.2891039652695023e-09, 3.951758634980647e-09, 1.2305564853545688e-09, 1.256484831315287e-09, 1.2039744976084644e-09, 1.6888981200387902e-08, 7.891278403989814e-10, 8.474155675839704e-10, 2.8766643796687795e-08, 1.2564848313159554e-09, 1.2564848313146967e-09, 2.8927099360804516e-09, 1.3444843241174498e-09, 1.2985996952121324e-09, 0.9999996569996171, 1.2641322712440052e-09, 2.4046386359706353e-07, 1.1848751137805426e-09, 1.0757388735425048e-09, 1.1987049592402499e-09, 1.2009283423482501e-09, 2.983881174818831e-09, 1.2791560142094276e-09]"
hMpxV/Portugal/INSA-PT0803/2023|EPI_ISL_18702217|2023-11-28,"[0.0, 0.0, 0.0, 0.0, 0.0, 0.0, 0.0, 0.0, 0.0, 0.0, 0.0, 0.0, 0.0, 0.0, 0.0, 0.0, 0.0, 0.0, 0.0, 0.0, 0.0, 0.0, 1.0, 0.0, 0.0, 0.0, 0.0, 0.0, 0.0, 0.0, 0.0]"
hMpxV/Portugal/INSA-PT0799/2023|EPI_ISL_18702252|2023-11-20,"[0.0, 0.0, 0.0, 0.0, 0.0, 0.0, 0.0, 0.0, 0.0, 0.0, 0.0, 0.0, 0.0, 0.0, 0.0, 0.0, 0.0, 0.0, 0.0, 0.0, 0.0, 0.0, 1.0, 0.0, 0.0, 0.0, 0.0, 0.0, 0.0, 0.0, 0.0]"
NODE_0000043,"[1.2059633595041292e-06, 9.830613466601941e-07, 6.391777612072979e-06, 1.0120705957957967e-06, 8.772079274020113e-07, 9.947691921823112e-07, 9.826852040959642e-07, 1.9305981736213984e-06, 2.8925293786117525e-06, 2.0863858449580916e-06, 1.2611862734687552e-06, 9.928857058212223e-07, 1.3897114681151413e-06, 5.388974643824751e-06, 1.1677861372262333e-06, 6.829032328309786e-07, 7.62444688583034e-06, 9.928857058212933e-07, 9.928857058211326e-07, 1.668185786230037e-06, 9.846817012280554e-07, 1.0224578909604677e-06, 0.9907790072984335, 1.4592607117099602e-06, 0.009167350725510162, 9.396949434951634e-07, 1.6379666781999898e-06, 9.504584973482773e-07, 9.518744140510306e-07, 1.7703342157213063e-06, 2.4063468236600177e-06]"
hMpxV/Portugal/INSA-PT0702/2023|EPI_ISL_18553847|2023-08-08,"[0.0, 0.0, 0.0, 0.0, 0.0, 0.0, 0.0, 0.0, 0.0, 0.0, 0.0, 0.0, 0.0, 0.0, 0.0, 0.0, 0.0, 0.0, 0.0, 0.0, 0.0, 0.0, 1.0, 0.0, 0.0, 0.0, 0.0, 0.0, 0.0, 0.0, 0.0]"
NODE_0000044,"[9.110241324308715e-35, 3.7365446309532727e-34, 1.2438110928796439e-28, 3.728601136223218e-34, 3.2675603336515817e-34, 3.7604039718467846e-34, 3.900296008844002e-34, 8.327317362413646e-34, 1.4408335576555098e-33, 7.348427587327959e-31, 5.1703346707018775e-34, 3.857693589995306e-34, 4.299656540025815e-34, 3.712473850109812e-26, 1.4158964669307631e-34, 2.2914981897125594e-34, 1.0165784037323307e-27, 3.857693589997567e-34, 3.857693589993218e-34, 1.1675364795749279e-32, 1.6048637724926147e-31, 2.865839157728038e-34, 1.0, 5.930971077513438e-34, 1.2923580630265874e-21, 4.438117986421019e-34, 2.698751906130517e-34, 5.014502940792988e-34, 2.602854694730016e-34, 1.335942614337767e-31, 1.1049078734700543e-33]"
hMpxV/Portugal/INSA-PT0633/2023|EPI_ISL_18044987|2023-06-25,"[0.0, 0.0, 0.0, 0.0, 0.0, 0.0, 0.0, 0.0, 0.0, 0.0, 0.0, 0.0, 0.0, 0.0, 0.0, 0.0, 0.0, 0.0, 0.0, 0.0, 0.0, 0.0, 1.0, 0.0, 0.0, 0.0, 0.0, 0.0, 0.0, 0.0, 0.0]"
hMpxV/Germany/BY-IMB-2541/2023|EPI_ISL_18627266|2023-11-22,"[0.0, 0.0, 0.0, 0.0, 0.0, 0.0, 0.0, 0.0, 0.0, 1.0, 0.0, 0.0, 0.0, 0.0, 0.0, 0.0, 0.0, 0.0, 0.0, 0.0, 0.0, 0.0, 0.0, 0.0, 0.0, 0.0, 0.0, 0.0, 0.0, 0.0, 0.0]"
hMpxV/Portugal/INSA-PT0646/2023|EPI_ISL_18076389|2023-07-07,"[0.0, 0.0, 0.0, 0.0, 0.0, 0.0, 0.0, 0.0, 0.0, 0.0, 0.0, 0.0, 0.0, 0.0, 0.0, 0.0, 0.0, 0.0, 0.0, 0.0, 0.0, 0.0, 1.0, 0.0, 0.0, 0.0, 0.0, 0.0, 0.0, 0.0, 0.0]"
hMpxV/Portugal/INSA-PT0685/2023|EPI_ISL_18553816|2023-07-13,"[0.0, 0.0, 0.0, 0.0, 0.0, 0.0, 0.0, 0.0, 0.0, 0.0, 0.0, 0.0, 0.0, 0.0, 0.0, 0.0, 0.0, 0.0, 0.0, 0.0, 0.0, 0.0, 1.0, 0.0, 0.0, 0.0, 0.0, 0.0, 0.0, 0.0, 0.0]"
hMpxV/Portugal/INSA-PT0689/2023|EPI_ISL_18553822|2023-07-17,"[0.0, 0.0, 0.0, 0.0, 0.0, 0.0, 0.0, 0.0, 0.0, 0.0, 0.0, 0.0, 0.0, 0.0, 0.0, 0.0, 0.0, 0.0, 0.0, 0.0, 0.0, 0.0, 1.0, 0.0, 0.0, 0.0, 0.0, 0.0, 0.0, 0.0, 0.0]"
hMpxV/Portugal/INSA-PT0716/2023|EPI_ISL_18553820|2023-08-31,"[0.0, 0.0, 0.0, 0.0, 0.0, 0.0, 0.0, 0.0, 0.0, 0.0, 0.0, 0.0, 0.0, 0.0, 0.0, 0.0, 0.0, 0.0, 0.0, 0.0, 0.0, 0.0, 1.0, 0.0, 0.0, 0.0, 0.0, 0.0, 0.0, 0.0, 0.0]"
hMpxV/Portugal/INSA-PT0701/2023|EPI_ISL_18553829|2023-08-07,"[0.0, 0.0, 0.0, 0.0, 0.0, 0.0, 0.0, 0.0, 0.0, 0.0, 0.0, 0.0, 0.0, 0.0, 0.0, 0.0, 0.0, 0.0, 0.0, 0.0, 0.0, 0.0, 1.0, 0.0, 0.0, 0.0, 0.0, 0.0, 0.0, 0.0, 0.0]"
hMpxV/Portugal/INSA-PT0694/2023|EPI_ISL_18553835|2023-07-18,"[0.0, 0.0, 0.0, 0.0, 0.0, 0.0, 0.0, 0.0, 0.0, 0.0, 0.0, 0.0, 0.0, 0.0, 0.0, 0.0, 0.0, 0.0, 0.0, 0.0, 0.0, 0.0, 1.0, 0.0, 0.0, 0.0, 0.0, 0.0, 0.0, 0.0, 0.0]"
hMpxV/Portugal/INSA-PT0656/2023|EPI_ISL_18228645|2023-07-21,"[0.0, 0.0, 0.0, 0.0, 0.0, 0.0, 0.0, 0.0, 0.0, 0.0, 0.0, 0.0, 0.0, 0.0, 0.0, 0.0, 0.0, 0.0, 0.0, 0.0, 0.0, 0.0, 1.0, 0.0, 0.0, 0.0, 0.0, 0.0, 0.0, 0.0, 0.0]"
hMpxV/Portugal/INSA-PT0653/2023|EPI_ISL_18228631|2023-07-21,"[0.0, 0.0, 0.0, 0.0, 0.0, 0.0, 0.0, 0.0, 0.0, 0.0, 0.0, 0.0, 0.0, 0.0, 0.0, 0.0, 0.0, 0.0, 0.0, 0.0, 0.0, 0.0, 1.0, 0.0, 0.0, 0.0, 0.0, 0.0, 0.0, 0.0, 0.0]"
hMpxV/Portugal/INSA-PT0655/2023|EPI_ISL_18228637|2023-07-21,"[0.0, 0.0, 0.0, 0.0, 0.0, 0.0, 0.0, 0.0, 0.0, 0.0, 0.0, 0.0, 0.0, 0.0, 0.0, 0.0, 0.0, 0.0, 0.0, 0.0, 0.0, 0.0, 1.0, 0.0, 0.0, 0.0, 0.0, 0.0, 0.0, 0.0, 0.0]"
hMpxV/Portugal/INSA-PT0661/2023|EPI_ISL_18228640|2023-07-26,"[0.0, 0.0, 0.0, 0.0, 0.0, 0.0, 0.0, 0.0, 0.0, 0.0, 0.0, 0.0, 0.0, 0.0, 0.0, 0.0, 0.0, 0.0, 0.0, 0.0, 0.0, 0.0, 1.0, 0.0, 0.0, 0.0, 0.0, 0.0, 0.0, 0.0, 0.0]"
NODE_0000052,"[0.00018587144471011048, 0.0002608993532011138, 0.00033207736503534317, 0.0002709570849417659, 0.0002301628648054879, 0.0002646294946475401, 0.0002597066046738645, 0.0002686882423307237, 0.000274301928454262, 0.00034204318127922215, 0.0002564290495492855, 0.00026329363579257874, 0.000287479063925135, 0.97294084357222, 0.00017271613210381303, 0.000178553641458735, 0.004064980607919526, 0.00026329363579269107, 0.0002632936357926317, 0.00030552163622068866, 0.0001349290286119777, 0.00028188764336032956, 0.015416443720696442, 0.00026599236522036393, 0.0007222494132239506, 0.00024692458683477726, 0.00023504423413158815, 0.0002772243874999354, 0.0002558081416920523, 0.00020640504360168677, 0.00027134926027230316]"
hMpxV/Ireland/D-NVRL-Z22IRL00925/2023|EPI_ISL_18634756|2023-10-18,"[0.0, 0.0, 0.0, 0.0, 0.0, 0.0, 0.0, 0.0, 0.0, 0.0, 0.0, 0.0, 0.0, 1.0, 0.0, 0.0, 0.0, 0.0, 0.0, 0.0, 0.0, 0.0, 0.0, 0.0, 0.0, 0.0, 0.0, 0.0, 0.0, 0.0, 0.0]"
hMpxV/Netherlands/un-EMC-NL106/2024|EPI_ISL_19356931|2024-08-13,"[0.0, 0.0, 0.0, 0.0, 0.0, 0.0, 0.0, 0.0, 0.0, 0.0, 0.0, 0.0, 0.0, 0.0, 0.0, 0.0, 1.0, 0.0, 0.0, 0.0, 0.0, 0.0, 0.0, 0.0, 0.0, 0.0, 0.0, 0.0, 0.0, 0.0, 0.0]"
NODE_0000051,"[1.0447647552062548e-12, 1.8111363121811582e-12, 6.5562203197628e-11, 1.8670087137858274e-12, 1.596278910893223e-12, 1.8341505216833605e-12, 1.81557130460561e-12, 1.8898224802393458e-12, 1.9491515846847887e-12, 7.884852519151213e-12, 1.8100519501670255e-12, 1.8340789318683476e-12, 1.747259586349155e-12, 5.1086537922221435e-11, 1.07200099076246e-12, 1.1839506845858276e-12, 1.0026662726827179e-10, 1.8340789318697233e-12, 1.834078931867218e-12, 5.2904037545362786e-12, 2.7039791809929085e-12, 1.8577595633924896e-12, 0.9999999980420757, 1.862108832489935e-12, 1.682230153845174e-09, 1.7245507903669557e-12, 1.507845217683304e-12, 1.7607297788901666e-12, 1.7165261116662138e-12, 5.429903511103037e-12, 1.9166725765875902e-12]"
hMpxV/Portugal/INSA-PT0764/2023|EPI_ISL_18702215|2023-10-13,"[0.0, 0.0, 0.0, 0.0, 0.0, 0.0, 0.0, 0.0, 0.0, 0.0, 0.0, 0.0, 0.0, 0.0, 0.0, 0.0, 0.0, 0.0, 0.0, 0.0, 0.0, 0.0, 0.9999999999999999, 0.0, 0.0, 0.0, 0.0, 0.0, 0.0, 0.0, 0.0]"
hMpxV/Portugal/INSA-PT0747/2023|EPI_ISL_18702218|2023-09-26,"[0.0, 0.0, 0.0, 0.0, 0.0, 0.0, 0.0, 0.0, 0.0, 0.0, 0.0, 0.0, 0.0, 0.0, 0.0, 0.0, 0.0, 0.0, 0.0, 0.0, 0.0, 0.0, 1.0, 0.0, 0.0, 0.0, 0.0, 0.0, 0.0, 0.0, 0.0]"
hMpxV/Portugal/INSA-PT0741/2023|EPI_ISL_18702246|2023-09-25,"[0.0, 0.0, 0.0, 0.0, 0.0, 0.0, 0.0, 0.0, 0.0, 0.0, 0.0, 0.0, 0.0, 0.0, 0.0, 0.0, 0.0, 0.0, 0.0, 0.0, 0.0, 0.0, 1.0, 0.0, 0.0, 0.0, 0.0, 0.0, 0.0, 0.0, 0.0]"
NODE_0000053,"[7.489509795094754e-10, 1.6106776544727425e-09, 1.418734913005039e-09, 1.6843829724410802e-09, 1.3349486819605563e-09, 1.6410178029249887e-09, 1.613085852016577e-09, 1.6527038019724091e-09, 1.669661012901215e-09, 2.290166552134182e-09, 1.5886798829353693e-09, 1.6398795997263443e-09, 1.5042252839910312e-09, 0.9999987886264008, 7.812612620059528e-10, 9.000730922981504e-10, 2.8524754598354596e-08, 1.6398795997275712e-09, 1.639879599726956e-09, 1.9034767279233753e-09, 1.320417879667462e-09, 1.6844873566854942e-09, 1.1389842076103624e-06, 1.6464413215437618e-09, 4.08721570360688e-09, 1.5031461021825116e-09, 1.2292664189775984e-09, 1.5333356262931315e-09, 1.5046101355660622e-09, 4.3597584230666697e-10, 1.658055560124643e-09]"
hMpxV/Ireland/un-NVRL-Z22IRL00908/2023|EPI_ISL_18308397|2023-08-18,"[0.0, 0.0, 0.0, 0.0, 0.0, 0.0, 0.0, 0.0, 0.0, 0.0, 0.0, 0.0, 0.0, 1.0, 0.0, 0.0, 0.0, 0.0, 0.0, 0.0, 0.0, 0.0, 0.0, 0.0, 0.0, 0.0, 0.0, 0.0, 0.0, 0.0, 0.0]"
hMpxV/Ireland/un-NVRL-Z22IRL00910/2023|EPI_ISL_18308399|2023-08-28,"[0.0, 0.0, 0.0, 0.0, 0.0, 0.0, 0.0, 0.0, 0.0, 0.0, 0.0, 0.0, 0.0, 0.9999999999999999, 0.0, 0.0, 0.0, 0.0, 0.0, 0.0, 0.0, 0.0, 0.0, 0.0, 0.0, 0.0, 0.0, 0.0, 0.0, 0.0, 0.0]"
NODE_0000054,"[5.35268136826828e-10, 1.0211789249329676e-09, 3.837966869323721e-10, 1.0693826730244736e-09, 8.500756889105787e-10, 1.0408165570974802e-09, 1.0193977563516268e-09, 1.0254199698931754e-09, 1.0160257623336074e-09, 1.0466603873525039e-09, 9.96919487440974e-10, 1.0375087418882714e-09, 9.561991326423814e-10, 0.999999950905895, 5.306407295814734e-10, 5.94991409052832e-10, 7.416784354726604e-09, 1.0375087418894706e-09, 1.0375087418888918e-09, 9.520805742336331e-10, 6.018925447254976e-10, 1.0881364137279474e-09, 1.7355073762095265e-08, 1.0314156770889293e-09, 5.128879175511305e-10, 9.537955465943158e-10, 8.094497797024826e-10, 9.635455455090134e-10, 9.727593978222306e-10, 2.1775096057043475e-10, 1.0192330289015437e-09]"
hMpxV/Ireland/un-NVRL-G23IRL50393/2023|EPI_ISL_18308396|2023-08-16,"[0.0, 0.0, 0.0, 0.0, 0.0, 0.0, 0.0, 0.0, 0.0, 0.0, 0.0, 0.0, 0.0, 0.9999999999999999, 0.0, 0.0, 0.0, 0.0, 0.0, 0.0, 0.0, 0.0, 0.0, 0.0, 0.0, 0.0, 0.0, 0.0, 0.0, 0.0, 0.0]"
hMpxV/Ireland/un-NVRL-Z22IRL00909/2023|EPI_ISL_18308398|2023-08-31,"[0.0, 0.0, 0.0, 0.0, 0.0, 0.0, 0.0, 0.0, 0.0, 0.0, 0.0, 0.0, 0.0, 0.9999999999999999, 0.0, 0.0, 0.0, 0.0, 0.0, 0.0, 0.0, 0.0, 0.0, 0.0, 0.0, 0.0, 0.0, 0.0, 0.0, 0.0, 0.0]"
NODE_0000049,"[1.1570931446923314e-08, 1.7739074707393277e-08, 2.817220172070846e-07, 1.8308312671997147e-08, 1.572322362675526e-08, 1.7968584498357413e-08, 1.772579391707307e-08, 1.8179546771766442e-08, 1.8466271178227662e-08, 5.6158661756769756e-08, 1.7564941050611654e-08, 1.792444392294967e-08, 1.720775992222212e-08, 2.470203654448574e-07, 1.1291190779571674e-08, 1.2105902915297233e-08, 4.3866779247845866e-07, 1.7924443922951148e-08, 1.7924443922949024e-08, 4.114105377155504e-08, 1.910231988293269e-08, 1.8528237728527812e-08, 0.9999951022869544, 1.8051736527252073e-08, 3.4023650914070996e-06, 1.6904076389865332e-08, 1.5383810683305607e-08, 1.711154879647802e-08, 1.7133710416241526e-08, 4.2493424621609036e-08, 1.830433335723072e-08]"
hMpxV/Portugal/INSA-PT0703/2023|EPI_ISL_18553833|2023-08-10,"[0.0, 0.0, 0.0, 0.0, 0.0, 0.0, 0.0, 0.0, 0.0, 0.0, 0.0, 0.0, 0.0, 0.0, 0.0, 0.0, 0.0, 0.0, 0.0, 0.0, 0.0, 0.0, 1.0, 0.0, 0.0, 0.0, 0.0, 0.0, 0.0, 0.0, 0.0]"
NODE_0000050,"[4.426086673178874e-11, 1.0202117161974006e-10, 1.1429031067356815e-09, 1.0592293646066441e-10, 8.521220304962295e-11, 1.0364279989768075e-10, 1.0252589220963589e-10, 1.043445644929158e-10, 1.0502202805837411e-10, 3.425662678399253e-10, 1.012904410206896e-10, 1.0395610798733237e-10, 1.33810208928911e-10, 9.214990034510912e-08, 4.9167107270682564e-11, 5.78445254753131e-11, 3.29528307465801e-07, 1.0395610798738269e-10, 1.039561079873108e-10, 2.3513874115946025e-10, 1.1529678588821634e-10, 1.0450312209278119e-10, 0.9999995540107052, 1.041645373642038e-10, 2.0160181276905246e-08, 9.600304404412405e-11, 7.524808144768448e-11, 1.3747973879868847e-10, 9.410188123605815e-11, 1.92114631911155e-10, 1.0445260769450371e-10]"
hMpxV/Netherlands/un-EMC-NL088/2023|EPI_ISL_18659828|2023-08-29,"[0.0, 0.0, 0.0, 0.0, 0.0, 0.0, 0.0, 0.0, 0.0, 0.0, 0.0, 0.0, 0.0, 0.0, 0.0, 0.0, 0.9999999999999999, 0.0, 0.0, 0.0, 0.0, 0.0, 0.0, 0.0, 0.0, 0.0, 0.0, 0.0, 0.0, 0.0, 0.0]"
hMpxV/Ireland/D-NVRL-Z22IRL00922/2023|EPI_ISL_18634755|2023-10-09,"[0.0, 0.0, 0.0, 0.0, 0.0, 0.0, 0.0, 0.0, 0.0, 0.0, 0.0, 0.0, 0.0, 1.0, 0.0, 0.0, 0.0, 0.0, 0.0, 0.0, 0.0, 0.0, 0.0, 0.0, 0.0, 0.0, 0.0, 0.0, 0.0, 0.0, 0.0]"
hMpxV/Portugal/INSA-PT0708/2023|EPI_ISL_18553824|2023-08-10,"[0.0, 0.0, 0.0, 0.0, 0.0, 0.0, 0.0, 0.0, 0.0, 0.0, 0.0, 0.0, 0.0, 0.0, 0.0, 0.0, 0.0, 0.0, 0.0, 0.0, 0.0, 0.0, 1.0, 0.0, 0.0, 0.0, 0.0, 0.0, 0.0, 0.0, 0.0]"
hMpxV/Portugal/INSA-PT0652/2023|EPI_ISL_18228633|2023-07-19,"[0.0, 0.0, 0.0, 0.0, 0.0, 0.0, 0.0, 0.0, 0.0, 0.0, 0.0, 0.0, 0.0, 0.0, 0.0, 0.0, 0.0, 0.0, 0.0, 0.0, 0.0, 0.0, 0.9999999999999999, 0.0, 0.0, 0.0, 0.0, 0.0, 0.0, 0.0, 0.0]"
NODE_0000045,"[5.106909735848444e-06, 1.364311412437165e-06, 0.0004842583720835044, 1.343687778868258e-06, 2.599543028973623e-06, 1.3626499724491776e-06, 1.4200365853243418e-06, 1.3886534980707525e-06, 1.4357674294674834e-06, 1.73645287711872e-06, 1.3493905715864237e-06, 1.3437525774130943e-06, 1.7561628073200106e-06, 4.364215701842803e-06, 1.6084709466446092e-06, 6.293342381964686e-06, 0.00040560470443065606, 1.3437525774132953e-06, 1.3437525774130831e-06, 1.523194181517129e-06, 9.711743880142953e-05, 1.3096571048205905e-06, 0.00043658837016647556, 1.3665275019364634e-06, 8.481053016958271e-06, 2.5041298090324807e-06, 1.0988523778254905e-06, 3.3617608633272153e-06, 1.2425615225054647e-06, 0.9985169729000603, 1.4096256196949506e-06]"
hMpxV/USA/CA-CDPH-1M1000432/2023|EPI_ISL_18781817|2023-10-14,"[0.0, 0.0, 0.0, 0.0, 0.0, 0.0, 0.0, 0.0, 0.0, 0.0, 0.0, 0.0, 0.0, 0.0, 0.0, 0.0, 0.0, 0.0, 0.0, 0.0, 0.0, 0.0, 0.0, 0.0, 0.0, 0.0, 0.0, 0.0, 0.0, 1.0, 0.0]"
hMpxV/USA/IL-RIPHL-004-0142/2024|EPI_ISL_19158946|2024-02-07,"[0.0, 0.0, 0.0, 0.0, 0.0, 0.0, 0.0, 0.0, 0.0, 0.0, 0.0, 0.0, 0.0, 0.0, 0.0, 0.0, 0.0, 0.0, 0.0, 0.0, 0.0, 0.0, 0.0, 0.0, 0.0, 0.0, 0.0, 0.0, 0.0, 0.9999999999999999, 0.0]"
NODE_0000046,"[3.166603457211664e-09, 5.666427519424333e-10, 0.9999995121199319, 5.58755574944076e-10, 4.77095746808923e-09, 5.662591116243279e-10, 6.992765965418037e-10, 5.61684848626689e-10, 5.640553481094036e-10, 5.585183933836077e-10, 5.593456745528827e-10, 5.601126380182281e-10, 5.239984899807194e-10, 5.605936807206652e-10, 4.579238803989067e-10, 2.660014294084061e-09, 8.318364162221396e-10, 5.60112638018199e-10, 5.601126380182161e-10, 5.245318408735304e-10, 8.102657745368456e-08, 5.376500467969377e-10, 2.343310029821707e-08, 5.610154678119868e-10, 1.1070832807275372e-09, 6.939696580268042e-10, 4.609595725077334e-10, 6.944668490909166e-10, 5.232251361347489e-10, 3.5846873397220485e-07, 5.619508953227551e-10]"
hMpxV/Brazil/SP-IAL-357514864/2024|EPI_ISL_19359676|2024-02-22,"[0.0, 0.0, 1.0, 0.0, 0.0, 0.0, 0.0, 0.0, 0.0, 0.0, 0.0, 0.0, 0.0, 0.0, 0.0, 0.0, 0.0, 0.0, 0.0, 0.0, 0.0, 0.0, 0.0, 0.0, 0.0, 0.0, 0.0, 0.0, 0.0, 0.0, 0.0]"
hMpxV/Brazil/SP-IAL-357496487/2024|EPI_ISL_19359675|2024-02-16,"[0.0, 0.0, 0.9999999999999999, 0.0, 0.0, 0.0, 0.0, 0.0, 0.0, 0.0, 0.0, 0.0, 0.0, 0.0, 0.0, 0.0, 0.0, 0.0, 0.0, 0.0, 0.0, 0.0, 0.0, 0.0, 0.0, 0.0, 0.0, 0.0, 0.0, 0.0, 0.0]"
hMpxV/Brazil/SP-IAL-357531658/2024|EPI_ISL_19359684|2024-02-28,"[0.0, 0.0, 1.0, 0.0, 0.0, 0.0, 0.0, 0.0, 0.0, 0.0, 0.0, 0.0, 0.0, 0.0, 0.0, 0.0, 0.0, 0.0, 0.0, 0.0, 0.0, 0.0, 0.0, 0.0, 0.0, 0.0, 0.0, 0.0, 0.0, 0.0, 0.0]"
NODE_0000047,"[4.3199002915899226e-07, 3.5838833252133137e-07, 5.199033140467034e-07, 3.6477098372998927e-07, 3.5880947726452794e-07, 3.6189655554390095e-07, 3.5675294248177984e-07, 3.5575124374056144e-07, 3.543564223413768e-07, 3.592854975718784e-07, 3.489511966353069e-07, 3.5787621915202237e-07, 7.452291693083486e-07, 1.3539077626102636e-06, 2.7970753082909644e-07, 5.046467842779828e-07, 0.9999449841900582, 3.5787621915206684e-07, 3.5787621915193915e-07, 3.3397868369217035e-07, 7.233539478922785e-07, 3.722770521142379e-07, 3.6817780426382205e-06, 3.568234118404871e-07, 2.72279647878434e-07, 4.59842987982687e-07, 2.9273920158162843e-07, 9.815610868632756e-07, 3.3827418422742253e-07, 3.8720358227972305e-05, 3.5456756764422567e-07]"
hMpxV/Netherlands/un-EMC-NL092/2023|EPI_ISL_18746884|2023-12-18,"[0.0, 0.0, 0.0, 0.0, 0.0, 0.0, 0.0, 0.0, 0.0, 0.0, 0.0, 0.0, 0.0, 0.0, 0.0, 0.0, 1.0, 0.0, 0.0, 0.0, 0.0, 0.0, 0.0, 0.0, 0.0, 0.0, 0.0, 0.0, 0.0, 0.0, 0.0]"
NODE_0000048,"[8.218067492345428e-12, 1.2597639712597985e-11, 7.338087266105053e-12, 1.3080900930878329e-11, 1.1029495261158609e-11, 1.280917347302236e-11, 1.2585349118476419e-11, 1.2632048390096602e-11, 1.2543832853705618e-11, 1.2794691453492646e-11, 1.2320503794290131e-11, 1.2753961670708222e-11, 3.8771985574815525e-11, 9.186588456334541e-11, 7.061099445756706e-12, 1.0007012614185881e-11, 0.9999999988276135, 1.275396167071596e-11, 1.2753961670676291e-11, 1.1585813643840134e-11, 8.839467682460907e-12, 1.342456319066617e-11, 2.4048721211106004e-10, 1.269323719204305e-11, 6.582363044339302e-12, 1.3111812277868715e-11, 9.751610393069751e-12, 4.1549927472255007e-11, 1.1843240934629509e-11, 4.760332467190155e-10, 1.2566258804262612e-11]"
hMpxV/Netherlands/un-EMC-NL093/2023|EPI_ISL_18746885|2023-12-19,"[0.0, 0.0, 0.0, 0.0, 0.0, 0.0, 0.0, 0.0, 0.0, 0.0, 0.0, 0.0, 0.0, 0.0, 0.0, 0.0, 1.0, 0.0, 0.0, 0.0, 0.0, 0.0, 0.0, 0.0, 0.0, 0.0, 0.0, 0.0, 0.0, 0.0, 0.0]"
hMpxV/Netherlands/un-EMC-NL098/2023|EPI_ISL_19356927|2023-12-19,"[0.0, 0.0, 0.0, 0.0, 0.0, 0.0, 0.0, 0.0, 0.0, 0.0, 0.0, 0.0, 0.0, 0.0, 0.0, 0.0, 1.0, 0.0, 0.0, 0.0, 0.0, 0.0, 0.0, 0.0, 0.0, 0.0, 0.0, 0.0, 0.0, 0.0, 0.0]"
NODE_0000154,"[4.435897047183608e-06, 1.2127528603899134e-06, 3.063165890664997e-05, 6.758504692347586e-07, 3.917477284761161e-06, 8.730332355652371e-07, 9.635854941637563e-07, 6.791698801753595e-07, 6.834347030192936e-07, 6.773587214183437e-07, 6.76215943600972e-07, 6.755110716529169e-07, 6.526491008934733e-07, 9.673973797340885e-07, 1.4676849403479871e-06, 2.2127926254364112e-05, 2.7242116576039704e-06, 6.755110716529342e-07, 6.755110716529129e-07, 9.125249168691605e-07, 0.011305304680732984, 6.706905651107246e-07, 3.408757241135026e-06, 6.774216256556619e-07, 1.5593955949488264e-06, 1.4225528348928366e-06, 6.262824155320904e-07, 1.371942238474265e-06, 6.544108222169405e-07, 0.9886073178698752, 6.806340428205191e-07]"
hMpxV/USA/NE-UNMC-375/2022|EPI_ISL_17269839|2022-12-28,"[0.0, 0.0, 0.0, 0.0, 0.0, 0.0, 0.0, 0.0, 0.0, 0.0, 0.0, 0.0, 0.0, 0.0, 0.0, 0.0, 0.0, 0.0, 0.0, 0.0, 0.0, 0.0, 0.0, 0.0, 0.0, 0.0, 0.0, 0.0, 0.0, 1.0, 0.0]"
hMpxV/USA/CA-CDPH-1M1000501/2023|EPI_ISL_19143459|2023-11-28,"[0.0, 0.0, 0.0, 0.0, 0.0, 0.0, 0.0, 0.0, 0.0, 0.0, 0.0, 0.0, 0.0, 0.0, 0.0, 0.0, 0.0, 0.0, 0.0, 0.0, 0.0, 0.0, 0.0, 0.0, 0.0, 0.0, 0.0, 0.0, 0.0, 0.9999999999999999, 0.0]"
NODE_0000155,"[3.7809464451533745e-10, 1.949928418093662e-11, 2.7775723542874577e-09, 1.755018567397454e-11, 3.922406437161482e-11, 1.874834880738532e-11, 1.903924730556822e-11, 1.8136138554537693e-11, 1.838749577376568e-11, 1.775934114623368e-11, 1.830235351413001e-11, 1.7909400218109493e-11, 1.6811372620757944e-11, 1.8689573312895104e-11, 5.481905327618666e-11, 6.844784244472602e-10, 2.37246348266408e-10, 1.7909400218112644e-11, 1.7909400218109302e-11, 1.7317472510574056e-11, 2.142434218881194e-07, 1.6580795869721516e-11, 2.215247871517387e-10, 1.8028698835379174e-11, 5.733350503389747e-11, 7.95003258953243e-11, 1.5098369408326772e-11, 7.444006551727775e-11, 1.662980789505235e-11, 0.9999997808138129, 1.8224999248358636e-11]"
hMpxV/USA/CT-DPH-1197699001/2023|EPI_ISL_18719999|2023-12-26,"[0.0, 0.0, 0.0, 0.0, 0.0, 0.0, 0.0, 0.0, 0.0, 0.0, 0.0, 0.0, 0.0, 0.0, 0.0, 0.0, 0.0, 0.0, 0.0, 0.0, 0.0, 0.0, 0.0, 0.0, 0.0, 0.0, 0.0, 0.0, 0.0, 1.0, 0.0]"
NODE_0000314,"[2.783686103075579e-14, 5.599692586428575e-16, 3.3803890527784e-13, 5.181119007906413e-16, 1.1891553418317593e-15, 5.497641258707561e-16, 5.624543656793272e-16, 5.471849896448763e-16, 5.575629449599822e-16, 5.275087873319079e-16, 5.584009141178837e-16, 5.377939707730963e-16, 4.914869421191573e-16, 5.338744621467907e-16, 2.483068695302103e-15, 5.294475963484351e-14, 1.5793332094172553e-14, 5.377939707735094e-16, 5.37793970772961e-16, 4.922549195838113e-16, 6.388755420934436e-11, 4.685378488593986e-16, 1.5064620801005847e-14, 5.42756274040427e-16, 2.513775603783495e-15, 3.923827946852636e-15, 4.1795297790597703e-16, 3.612960360111845e-15, 4.812028955440614e-16, 0.9999999999356392, 5.507883454281805e-16]"
hMpxV/USA/CA-LACPHL-MA00526/2023|EPI_ISL_18161303|2023-06-09,"[0.0, 0.0, 0.0, 0.0, 0.0, 0.0, 0.0, 0.0, 0.0, 0.0, 0.0, 0.0, 0.0, 0.0, 0.0, 0.0, 0.0, 0.0, 0.0, 0.0, 0.0, 0.0, 0.0, 0.0, 0.0, 0.0, 0.0, 0.0, 0.0, 1.0, 0.0]"
hMpxV/USA/CA-LACPHL-MA00494/2023|EPI_ISL_18161271|2023-04-30,"[0.0, 0.0, 0.0, 0.0, 0.0, 0.0, 0.0, 0.0, 0.0, 0.0, 0.0, 0.0, 0.0, 0.0, 0.0, 0.0, 0.0, 0.0, 0.0, 0.0, 0.0, 0.0, 0.0, 0.0, 0.0, 0.0, 0.0, 0.0, 0.0, 1.0, 0.0]"
hMpxV/USA/CA-LACPHL-MA00492/2023|EPI_ISL_18161269|2023-03-30,"[0.0, 0.0, 0.0, 0.0, 0.0, 0.0, 0.0, 0.0, 0.0, 0.0, 0.0, 0.0, 0.0, 0.0, 0.0, 0.0, 0.0, 0.0, 0.0, 0.0, 0.0, 0.0, 0.0, 0.0, 0.0, 0.0, 0.0, 0.0, 0.0, 1.0, 0.0]"
hMpxV/USA/CA-LACPHL-MA00499/2023|EPI_ISL_18161276|2023-04-30,"[0.0, 0.0, 0.0, 0.0, 0.0, 0.0, 0.0, 0.0, 0.0, 0.0, 0.0, 0.0, 0.0, 0.0, 0.0, 0.0, 0.0, 0.0, 0.0, 0.0, 0.0, 0.0, 0.0, 0.0, 0.0, 0.0, 0.0, 0.0, 0.0, 1.0, 0.0]"
NODE_0000315,"[7.419759889604569e-07, 8.547684631708264e-08, 3.1718823901938515e-06, 8.104179324347688e-08, 1.3478541769572513e-07, 8.468039485639993e-08, 8.42253107351669e-08, 8.205855496095817e-08, 8.282459958220895e-08, 8.15721331904705e-08, 8.192583989950207e-08, 8.137092733619345e-08, 7.844584445510313e-08, 8.580508200720908e-08, 1.6483180430417597e-07, 1.018101259381864e-06, 5.14782338183776e-07, 8.137092733619593e-08, 8.137092733619388e-08, 7.953162447975818e-08, 3.754100009413634e-05, 7.989497693387799e-08, 4.5638358815554956e-07, 8.17287258342841e-08, 1.7901066684919962e-07, 2.283073770919417e-07, 7.418353093567283e-08, 2.1698632015694163e-07, 7.830824322550844e-08, 0.999954083794078, 8.23423942494937e-08]"
NODE_0000317,"[5.291775386865585e-07, 7.641363084095202e-08, 1.8097615148556193e-06, 7.465748064546579e-08, 1.0695199547406389e-07, 7.620167080501546e-08, 7.602035002979742e-08, 7.500720896617858e-08, 7.534755070199674e-08, 7.469591125107572e-08, 7.477251235910371e-08, 7.474124339980624e-08, 7.19042273476853e-08, 7.606111991198407e-08, 1.4334687513885143e-07, 6.539472547877394e-07, 4.011755193921739e-07, 7.47412433998082e-08, 7.474124339980454e-08, 7.226957195337067e-08, 1.6474980530364878e-05, 7.379738070614963e-08, 3.455649694510505e-07, 7.48833151099058e-08, 1.4857532562412194e-07, 1.9122452366177277e-07, 6.707577944756211e-08, 1.8265475633974823e-07, 7.188268334277928e-08, 0.9999776023264773, 7.509859545663917e-08]"
hMpxV/USA/WA-UW-440651/2023|EPI_ISL_19524788|2023-11-29,"[0.0, 0.0, 0.0, 0.0, 0.0, 0.0, 0.0, 0.0, 0.0, 0.0, 0.0, 0.0, 0.0, 0.0, 0.0, 0.0, 0.0, 0.0, 0.0, 0.0, 0.0, 0.0, 0.0, 0.0, 0.0, 0.0, 0.0, 0.0, 0.0, 1.0, 0.0]"
hMpxV/USA/WA-UW-246476/2024|EPI_ISL_19336733|2024-07-16,"[0.0, 0.0, 0.0, 0.0, 0.0, 0.0, 0.0, 0.0, 0.0, 0.0, 0.0, 0.0, 0.0, 0.0, 0.0, 0.0, 0.0, 0.0, 0.0, 0.0, 0.0, 0.0, 0.0, 0.0, 0.0, 0.0, 0.0, 0.0, 0.0, 1.0, 0.0]"
NODE_0000318,"[1.7292831139025282e-09, 2.454901824779391e-10, 5.57286079343927e-09, 2.4179926973429386e-10, 3.358295351242111e-10, 2.454877729896007e-10, 2.452571171716925e-10, 2.4299524533468353e-10, 2.439571382344787e-10, 2.417408544471893e-10, 2.4239720574699716e-10, 2.4228362970476006e-10, 2.324275101401678e-10, 2.4365052498420276e-10, 4.758015477963558e-10, 2.071750954259769e-09, 1.3367872550522391e-09, 2.4228362970509714e-10, 2.422836297047036e-10, 2.3270521321704375e-10, 4.157234586678043e-08, 2.382246719282429e-10, 1.1439378119021062e-09, 2.4267003522256127e-10, 4.86263343110272e-10, 6.334430167476738e-10, 2.1517849373781828e-10, 6.049423364200766e-10, 2.3223403114021615e-10, 0.9999999394804772, 2.4321108084514215e-10]"
hMpxV/USA/CA-CDPH-1M1000656/2024|EPI_ISL_19367821|2024-06-11,"[0.0, 0.0, 0.0, 0.0, 0.0, 0.0, 0.0, 0.0, 0.0, 0.0, 0.0, 0.0, 0.0, 0.0, 0.0, 0.0, 0.0, 0.0, 0.0, 0.0, 0.0, 0.0, 0.0, 0.0, 0.0, 0.0, 0.0, 0.0, 0.0, 1.0, 0.0]"
hMpxV/USA/CA-CDPH-1M1000639/2024|EPI_ISL_19295782|2024-06-11,"[0.0, 0.0, 0.0, 0.0, 0.0, 0.0, 0.0, 0.0, 0.0, 0.0, 0.0, 0.0, 0.0, 0.0, 0.0, 0.0, 0.0, 0.0, 0.0, 0.0, 0.0, 0.0, 0.0, 0.0, 0.0, 0.0, 0.0, 0.0, 0.0, 1.0, 0.0]"
NODE_0000316,"[4.039103836073496e-09, 2.421691346471297e-10, 2.2605625767369122e-08, 2.3241582134950725e-10, 3.992210401394379e-10, 2.3978887410319323e-10, 2.4268428126159537e-10, 2.386188739384571e-10, 2.4094916924320564e-10, 2.3405719338238295e-10, 2.405677293164956e-10, 2.366183014198104e-10, 2.2182595129950312e-10, 2.353549456999596e-10, 6.884049002933867e-10, 5.855315086945783e-09, 2.7800462566636878e-09, 2.366183014198192e-10, 2.3661830141980246e-10, 2.220795788769987e-10, 6.729489698662475e-07, 2.2013868504848456e-10, 2.480470320376181e-09, 2.376870801057143e-10, 6.922025743480327e-10, 9.848155089518668e-10, 1.972784224910279e-10, 9.254967558749304e-10, 2.1970096875168008e-10, 0.9999992811858249, 2.3933162109822497e-10]"
hMpxV/USA/CA-CDPH-1M1000498/2024|EPI_ISL_19143457|2024-01-26,"[0.0, 0.0, 0.0, 0.0, 0.0, 0.0, 0.0, 0.0, 0.0, 0.0, 0.0, 0.0, 0.0, 0.0, 0.0, 0.0, 0.0, 0.0, 0.0, 0.0, 0.0, 0.0, 0.0, 0.0, 0.0, 0.0, 0.0, 0.0, 0.0, 1.0, 0.0]"
hMpxV/USA/WA-UW-279946/2024|EPI_ISL_19524786|2024-01-17,"[0.0, 0.0, 0.0, 0.0, 0.0, 0.0, 0.0, 0.0, 0.0, 0.0, 0.0, 0.0, 0.0, 0.0, 0.0, 0.0, 0.0, 0.0, 0.0, 0.0, 0.0, 0.0, 0.0, 0.0, 0.0, 0.0, 0.0, 0.0, 0.0, 1.0, 0.0]"
hMpxV/USA/IL-RIPHL-050-0163/2024|EPI_ISL_19031635|2024-03-04,"[0.0, 0.0, 0.0, 0.0, 0.0, 0.0, 0.0, 0.0, 0.0, 0.0, 0.0, 0.0, 0.0, 0.0, 0.0, 0.0, 0.0, 0.0, 0.0, 0.0, 0.0, 0.0, 0.0, 0.0, 0.0, 0.0, 0.0, 0.0, 0.0, 1.0, 0.0]"
NODE_0000299,"[1.01101540277041e-06, 1.2342208932285286e-07, 3.5608966512717264e-06, 1.20511326671118e-07, 1.7622080523907164e-07, 1.2283415078883463e-07, 1.2313116955848143e-07, 1.2155444265128336e-07, 1.2215253108677092e-07, 1.206573165354753e-07, 1.2151265861371543e-07, 1.2109355126055395e-07, 1.157371247985581e-07, 1.220346655175818e-07, 2.558836289908849e-07, 1.254921555059391e-06, 7.70706128351009e-07, 1.2109355126055554e-07, 1.2109355126055204e-07, 1.1611234013927014e-07, 3.440906255094539e-05, 1.1794959726659493e-07, 6.631425782244118e-07, 1.2134215219935945e-07, 2.6068738413937925e-07, 3.4514995823041075e-07, 1.0674142886195423e-07, 3.2863877422366097e-07, 1.1551106163093182e-07, 0.9999546874866206, 1.2170325247440023e-07]"
hMpxV/USA/CA-LACPHL-MA00520/2023|EPI_ISL_18161297|2023-05-23,"[0.0, 0.0, 0.0, 0.0, 0.0, 0.0, 0.0, 0.0, 0.0, 0.0, 0.0, 0.0, 0.0, 0.0, 0.0, 0.0, 0.0, 0.0, 0.0, 0.0, 0.0, 0.0, 0.0, 0.0, 0.0, 0.0, 0.0, 0.0, 0.0, 1.0, 0.0]"
NODE_0000300,"[5.62680598055416e-17, 3.9932206698792645e-19, 1.264241477963391e-15, 3.6326815043344564e-19, 1.0183816846664707e-18, 3.8911149078271396e-19, 4.052581448455591e-19, 3.9336943303029414e-19, 4.0304731665761504e-19, 3.7238472049175065e-19, 4.0680510447799196e-19, 3.846429006625882e-19, 3.404717394052117e-19, 3.689145544872863e-19, 2.9174560561010223e-18, 1.301011837215692e-16, 2.847818172356137e-17, 3.8464290066280304e-19, 3.8464290066262417e-19, 3.3896562713744083e-19, 1.0912594321561382e-12, 3.1199856080344777e-19, 2.833241345823513e-17, 3.892669835501722e-19, 2.8272593308328874e-18, 4.985849671114714e-18, 2.721101934989584e-19, 4.5044474502220175e-18, 3.2959386204406855e-19, 0.9999999999989073, 3.966635045338094e-19]"
hMpxV/USA/CA-LACPHL-MA00536/2023|EPI_ISL_18161312|2023-06-28,"[0.0, 0.0, 0.0, 0.0, 0.0, 0.0, 0.0, 0.0, 0.0, 0.0, 0.0, 0.0, 0.0, 0.0, 0.0, 0.0, 0.0, 0.0, 0.0, 0.0, 0.0, 0.0, 0.0, 0.0, 0.0, 0.0, 0.0, 0.0, 0.0, 0.9999999999999999, 0.0]"
hMpxV/USA/CA-LACPHL-MA00556/2023|EPI_ISL_18285971|2023-07-31,"[0.0, 0.0, 0.0, 0.0, 0.0, 0.0, 0.0, 0.0, 0.0, 0.0, 0.0, 0.0, 0.0, 0.0, 0.0, 0.0, 0.0, 0.0, 0.0, 0.0, 0.0, 0.0, 0.0, 0.0, 0.0, 0.0, 0.0, 0.0, 0.0, 1.0, 0.0]"
hMpxV/USA/CA-LACPHL-MA00557/2023|EPI_ISL_18285972|2023-06-29,"[0.0, 0.0, 0.0, 0.0, 0.0, 0.0, 0.0, 0.0, 0.0, 0.0, 0.0, 0.0, 0.0, 0.0, 0.0, 0.0, 0.0, 0.0, 0.0, 0.0, 0.0, 0.0, 0.0, 0.0, 0.0, 0.0, 0.0, 0.0, 0.0, 0.9999999999999999, 0.0]"
NODE_0000313,"[1.191398731808049e-10, 4.116376141616339e-12, 1.0044516481050848e-09, 3.84313893932145e-12, 7.909932424724864e-12, 4.044130827469843e-12, 4.112736824393308e-12, 4.0040476341270934e-12, 4.064640268040327e-12, 3.896007955441279e-12, 4.061143120565116e-12, 3.949822177869256e-12, 3.663846571272866e-12, 3.974520749372083e-12, 1.437895041631543e-11, 2.0165894821801528e-10, 7.36569886626221e-11, 3.94982217786953e-12, 3.949822177869421e-12, 3.6830043615860705e-12, 7.41820100239911e-08, 3.563774028110487e-12, 6.818923922551583e-11, 3.978481038882532e-12, 1.4689779022160364e-11, 2.173657245596197e-11, 3.212564466134384e-12, 2.021147594486987e-11, 3.6097384358811395e-12, 0.9999999241982641, 4.024775717849939e-12]"
hMpxV/USA/CA-CDPH-1M1000409/2023|EPI_ISL_18781837|2023-09-19,"[0.0, 0.0, 0.0, 0.0, 0.0, 0.0, 0.0, 0.0, 0.0, 0.0, 0.0, 0.0, 0.0, 0.0, 0.0, 0.0, 0.0, 0.0, 0.0, 0.0, 0.0, 0.0, 0.0, 0.0, 0.0, 0.0, 0.0, 0.0, 0.0, 1.0, 0.0]"
hMpxV/USA/CA-CDPH-1M1000352/2023|EPI_ISL_18452343|2023-10-04,"[0.0, 0.0, 0.0, 0.0, 0.0, 0.0, 0.0, 0.0, 0.0, 0.0, 0.0, 0.0, 0.0, 0.0, 0.0, 0.0, 0.0, 0.0, 0.0, 0.0, 0.0, 0.0, 0.0, 0.0, 0.0, 0.0, 0.0, 0.0, 0.0, 0.9999999999999999, 0.0]"
hMpxV/USA/CA-CDPH-1M1000345/2023|EPI_ISL_18452336|2023-09-26,"[0.0, 0.0, 0.0, 0.0, 0.0, 0.0, 0.0, 0.0, 0.0, 0.0, 0.0, 0.0, 0.0, 0.0, 0.0, 0.0, 0.0, 0.0, 0.0, 0.0, 0.0, 0.0, 0.0, 0.0, 0.0, 0.0, 0.0, 0.0, 0.0, 1.0, 0.0]"
hMpxV/USA/CA-LACPHL-MA00552/2023|EPI_ISL_18285966|2023-07-27,"[0.0, 0.0, 0.0, 0.0, 0.0, 0.0, 0.0, 0.0, 0.0, 0.0, 0.0, 0.0, 0.0, 0.0, 0.0, 0.0, 0.0, 0.0, 0.0, 0.0, 0.0, 0.0, 0.0, 0.0, 0.0, 0.0, 0.0, 0.0, 0.0, 1.0, 0.0]"
NODE_0000307,"[3.828315749498713e-08, 4.086823677312354e-09, 1.404523602630467e-07, 4.0333367765996844e-09, 5.755351336084663e-09, 4.080615868491092e-09, 4.1066926394865464e-09, 4.078368779639846e-09, 4.096326366050439e-09, 4.034824924566526e-09, 4.0853643142934115e-09, 4.065350442136378e-09, 3.856006661650619e-09, 4.003903699096483e-09, 9.314236433023097e-09, 4.733775325768602e-08, 2.935249269378204e-08, 4.065350442136746e-09, 4.065350442136382e-09, 3.8450004172451375e-09, 1.6150265567697285e-06, 3.908277709133832e-09, 2.5226543084844542e-08, 4.0725775937611595e-09, 9.245696224939565e-09, 1.2596159622445341e-08, 3.48604071286986e-09, 1.1969233537400083e-08, 3.840334999044576e-09, 0.9999979795482102, 4.081702556331423e-09]"
hMpxV/USA/CA-NLACPHL-MA00561/2023|EPI_ISL_18386999|2023-08-09,"[0.0, 0.0, 0.0, 0.0, 0.0, 0.0, 0.0, 0.0, 0.0, 0.0, 0.0, 0.0, 0.0, 0.0, 0.0, 0.0, 0.0, 0.0, 0.0, 0.0, 0.0, 0.0, 0.0, 0.0, 0.0, 0.0, 0.0, 0.0, 0.0, 0.9999999999999999, 0.0]"
NODE_0000308,"[5.185968486748255e-09, 5.105663427307831e-10, 1.962376057513756e-08, 5.068051172348172e-10, 7.143671987478571e-10, 5.106841061719969e-10, 5.151095895083822e-10, 5.132268922417263e-10, 5.153548539941129e-10, 5.067710501902478e-10, 5.147191651680235e-10, 5.11744523180472e-10, 4.832805776888804e-10, 4.975721890383832e-10, 1.2290965377272573e-09, 6.416067311807785e-09, 3.982967665976718e-09, 5.117445231805013e-10, 5.117445231804301e-10, 4.802816450019985e-10, 2.5895684402124636e-07, 4.882684843853301e-10, 3.4227925388333292e-09, 5.125841371009254e-10, 1.2025037082830168e-09, 1.6653518416919789e-09, 4.319673740243238e-10, 1.5804997234688014e-09, 4.807232944102823e-10, 0.9999996865030959, 5.13536214885544e-10]"
hMpxV/USA/CA-LACPHL-MA00590/2023|EPI_ISL_18993207|2023-08-10,"[0.0, 0.0, 0.0, 0.0, 0.0, 0.0, 0.0, 0.0, 0.0, 0.0, 0.0, 0.0, 0.0, 0.0, 0.0, 0.0, 0.0, 0.0, 0.0, 0.0, 0.0, 0.0, 0.0, 0.0, 0.0, 0.0, 0.0, 0.0, 0.0, 0.9999999999999999, 0.0]"
NODE_0000309,"[5.883262022895729e-22, 9.277896685932219e-25, 3.4188740890452205e-20, 8.193864879333917e-25, 3.142761043239368e-24, 8.960502674255532e-25, 9.53520339970303e-25, 9.207762547848978e-25, 9.523848154884446e-25, 8.495712787116504e-25, 9.697485500543202e-25, 8.92272780129331e-25, 7.567138364853443e-25, 8.243014488195941e-25, 1.3464661018809208e-23, 1.8521995037780337e-21, 2.4346074304866703e-22, 8.922727801297302e-25, 8.922727801289505e-25, 7.479209778546392e-25, 3.067392151968213e-16, 6.553603961388261e-25, 2.6022572148919297e-22, 9.073551912527902e-25, 1.2537829095667706e-23, 2.5956127873746274e-23, 5.567617930469667e-25, 2.2813050839540974e-23, 7.205753119599328e-25, 0.9999999999999998, 9.315950110658045e-25]"
hMpxV/USA/CA-CDPH-1M1000408/2023|EPI_ISL_18781836|2023-09-29,"[0.0, 0.0, 0.0, 0.0, 0.0, 0.0, 0.0, 0.0, 0.0, 0.0, 0.0, 0.0, 0.0, 0.0, 0.0, 0.0, 0.0, 0.0, 0.0, 0.0, 0.0, 0.0, 0.0, 0.0, 0.0, 0.0, 0.0, 0.0, 0.0, 1.0, 0.0]"
hMpxV/USA/CA-LACPHL-MA00589/2023|EPI_ISL_18993199|2023-09-08,"[0.0, 0.0, 0.0, 0.0, 0.0, 0.0, 0.0, 0.0, 0.0, 0.0, 0.0, 0.0, 0.0, 0.0, 0.0, 0.0, 0.0, 0.0, 0.0, 0.0, 0.0, 0.0, 0.0, 0.0, 0.0, 0.0, 0.0, 0.0, 0.0, 1.0, 0.0]"
hMpxV/USA/CA-CDPH-1M1000335/2023|EPI_ISL_18399143|2023-08-18,"[0.0, 0.0, 0.0, 0.0, 0.0, 0.0, 0.0, 0.0, 0.0, 0.0, 0.0, 0.0, 0.0, 0.0, 0.0, 0.0, 0.0, 0.0, 0.0, 0.0, 0.0, 0.0, 0.0, 0.0, 0.0, 0.0, 0.0, 0.0, 0.0, 1.0, 0.0]"
hMpxV/USA/CA-CDPH-1M1000358/2023|EPI_ISL_18786341|2023-09-18,"[0.0, 0.0, 0.0, 0.0, 0.0, 0.0, 0.0, 0.0, 0.0, 0.0, 0.0, 0.0, 0.0, 0.0, 0.0, 0.0, 0.0, 0.0, 0.0, 0.0, 0.0, 0.0, 0.0, 0.0, 0.0, 0.0, 0.0, 0.0, 0.0, 1.0, 0.0]"
hMpxV/USA/CA-CDPH-1M1000359/2023|EPI_ISL_18786342|2023-09-18,"[0.0, 0.0, 0.0, 0.0, 0.0, 0.0, 0.0, 0.0, 0.0, 0.0, 0.0, 0.0, 0.0, 0.0, 0.0, 0.0, 0.0, 0.0, 0.0, 0.0, 0.0, 0.0, 0.0, 0.0, 0.0, 0.0, 0.0, 0.0, 0.0, 1.0, 0.0]"
hMpxV/USA/CA-CDPH-1M1000366/2023|EPI_ISL_18786351|2023-09-21,"[0.0, 0.0, 0.0, 0.0, 0.0, 0.0, 0.0, 0.0, 0.0, 0.0, 0.0, 0.0, 0.0, 0.0, 0.0, 0.0, 0.0, 0.0, 0.0, 0.0, 0.0, 0.0, 0.0, 0.0, 0.0, 0.0, 0.0, 0.0, 0.0, 1.0, 0.0]"
NODE_0000310,"[3.6279750864893295e-15, 1.6094681363984022e-16, 2.2133843092945036e-14, 1.5844739525042024e-16, 2.561904995586878e-16, 1.606411186114234e-16, 1.6403394677475661e-16, 1.6358280458287062e-16, 1.649771608371169e-16, 1.5924596641437183e-16, 1.6568670913532452e-16, 1.624429315889528e-16, 1.4966030323819905e-16, 1.5318898634039181e-16, 5.673104604022598e-16, 5.1962059555497114e-15, 2.533477492053056e-15, 1.6244293158920077e-16, 1.6244293158888002e-16, 1.476952656679916e-16, 9.493186879285182e-13, 1.466986210319343e-16, 2.253161175738621e-15, 1.6306994503732625e-16, 5.373878051087249e-16, 8.16012762940852e-16, 1.2713476090314704e-16, 7.633959435883411e-16, 1.4751272389363003e-16, 0.999999999999009, 1.639153036996495e-16]"
hMpxV/USA/CA-LACPHL-MA00593/2023|EPI_ISL_18993210|2023-08-18,"[0.0, 0.0, 0.0, 0.0, 0.0, 0.0, 0.0, 0.0, 0.0, 0.0, 0.0, 0.0, 0.0, 0.0, 0.0, 0.0, 0.0, 0.0, 0.0, 0.0, 0.0, 0.0, 0.0, 0.0, 0.0, 0.0, 0.0, 0.0, 0.0, 1.0, 0.0]"
hMpxV/USA/CA-CDPH-1M1000334/2023|EPI_ISL_18399142|2023-08-18,"[0.0, 0.0, 0.0, 0.0, 0.0, 0.0, 0.0, 0.0, 0.0, 0.0, 0.0, 0.0, 0.0, 0.0, 0.0, 0.0, 0.0, 0.0, 0.0, 0.0, 0.0, 0.0, 0.0, 0.0, 0.0, 0.0, 0.0, 0.0, 0.0, 1.0, 0.0]"
hMpxV/USA/CA-CDPH-1M1000337/2023|EPI_ISL_18399145|2023-08-21,"[0.0, 0.0, 0.0, 0.0, 0.0, 0.0, 0.0, 0.0, 0.0, 0.0, 0.0, 0.0, 0.0, 0.0, 0.0, 0.0, 0.0, 0.0, 0.0, 0.0, 0.0, 0.0, 0.0, 0.0, 0.0, 0.0, 0.0, 0.0, 0.0, 1.0, 0.0]"
NODE_0000311,"[2.3163045847001264e-08, 2.4727313792686284e-09, 8.486026784780636e-08, 2.4412523418234995e-09, 3.478758814209883e-09, 2.4693568046556633e-09, 2.4851834748010235e-09, 2.4684939460862367e-09, 2.479306180867723e-09, 2.4420635967040604e-09, 2.4727475004454274e-09, 2.4606716727618036e-09, 2.3337516249305133e-09, 2.4223017058316878e-09, 5.639778071646511e-09, 2.861787532767006e-08, 1.7767054236239696e-08, 2.4606716727620245e-09, 2.460671672761669e-09, 2.326710883580977e-09, 9.68784713521703e-07, 2.365336626226442e-09, 1.5267397418545232e-08, 2.4650177628309998e-09, 5.5959701244888786e-09, 7.625880634243428e-09, 2.109150330417465e-09, 7.246411336996593e-09, 2.324211745042128e-09, 0.9999987860227342, 2.4704816326700794e-09]"
hMpxV/USA/CA-CDPH-1M1000370/2023|EPI_ISL_18786357|2023-09-29,"[0.0, 0.0, 0.0, 0.0, 0.0, 0.0, 0.0, 0.0, 0.0, 0.0, 0.0, 0.0, 0.0, 0.0, 0.0, 0.0, 0.0, 0.0, 0.0, 0.0, 0.0, 0.0, 0.0, 0.0, 0.0, 0.0, 0.0, 0.0, 0.0, 0.9999999999999999, 0.0]"
NODE_0000312,"[6.318960246471493e-10, 6.201019236248609e-11, 2.3869040572757824e-09, 6.160195350165588e-11, 8.660554422153679e-11, 6.204256827900804e-11, 6.258896621217528e-11, 6.238593168369014e-11, 6.264157258245068e-11, 6.159323622188768e-11, 6.257159582127598e-11, 6.220894388692107e-11, 5.872957906015121e-11, 6.040875857398671e-11, 1.4981124224194596e-10, 7.805523103255425e-10, 4.857773091820167e-10, 6.220894388696609e-11, 6.220894388691052e-11, 5.834249271078219e-11, 3.122046085069696e-08, 5.9325371641237e-11, 4.173259015373604e-10, 6.230945636804662e-11, 1.4637752262896665e-10, 2.0295279295883787e-10, 5.244353177160255e-11, 1.9260546562601567e-10, 5.84138681427656e-11, 0.9999999621422734, 6.242171251781456e-11]"
hMpxV/USA/CA-CDPH-1M1000449/2023|EPI_ISL_18781636|2023-10-10,"[0.0, 0.0, 0.0, 0.0, 0.0, 0.0, 0.0, 0.0, 0.0, 0.0, 0.0, 0.0, 0.0, 0.0, 0.0, 0.0, 0.0, 0.0, 0.0, 0.0, 0.0, 0.0, 0.0, 0.0, 0.0, 0.0, 0.0, 0.0, 0.0, 0.9999999999999999, 0.0]"
hMpxV/USA/CA-CDPH-1M1000371/2023|EPI_ISL_18786358|2023-09-29,"[0.0, 0.0, 0.0, 0.0, 0.0, 0.0, 0.0, 0.0, 0.0, 0.0, 0.0, 0.0, 0.0, 0.0, 0.0, 0.0, 0.0, 0.0, 0.0, 0.0, 0.0, 0.0, 0.0, 0.0, 0.0, 0.0, 0.0, 0.0, 0.0, 1.0, 0.0]"
NODE_0000301,"[3.133965029543033e-08, 3.692172531528842e-09, 1.1144100202140849e-07, 3.617670028096731e-09, 5.242777359829255e-09, 3.6788354525236084e-09, 3.6916293302471964e-09, 3.6513119857912362e-09, 3.6686331526697847e-09, 3.6210038597144883e-09, 3.652056077874005e-09, 3.63818938569261e-09, 3.4697618277192607e-09, 3.641145010736661e-09, 7.857483379600003e-09, 3.88187374345707e-08, 2.3938437270932514e-08, 3.638189385695138e-09, 3.6381893856921495e-09, 3.4743969159733723e-09, 1.1234156398687024e-06, 3.5309139904801944e-09, 2.0587798066009182e-08, 3.6453227977586466e-09, 7.944927419181087e-09, 1.0603267129850885e-08, 3.1813911092262864e-09, 1.0090798785842322e-08, 3.4608995844997952e-09, 0.999998540472455, 3.655314125199445e-09]"
hMpxV/USA/CA-CDPH-11000324/2023|EPI_ISL_18323794|2023-08-21,"[0.0, 0.0, 0.0, 0.0, 0.0, 0.0, 0.0, 0.0, 0.0, 0.0, 0.0, 0.0, 0.0, 0.0, 0.0, 0.0, 0.0, 0.0, 0.0, 0.0, 0.0, 0.0, 0.0, 0.0, 0.0, 0.0, 0.0, 0.0, 0.0, 1.0, 0.0]"
NODE_0000302,"[2.5105139357552187e-28, 4.8246464981683427e-32, 5.784957007423369e-26, 4.0398134184536966e-32, 2.5177035841663944e-31, 4.587503558630097e-32, 5.019502944920487e-32, 4.785014197488752e-32, 5.021742023136088e-32, 4.263253236894886e-32, 5.167105550204312e-32, 4.5724972122422517e-32, 3.665505059566801e-32, 4.080003735486139e-32, 1.7700037667872893e-30, 1.2566838344077115e-27, 7.642808504351961e-29, 4.5724972122458803e-32, 4.572497212241572e-32, 3.603528221109596e-32, 1.4462627012454096e-20, 2.9347544486262125e-32, 9.105987649407853e-29, 4.6844330817805727e-32, 1.593233756898914e-30, 4.069508257366828e-30, 2.4287509106996305e-32, 3.440296933180428e-30, 3.412644446788568e-32, 1.0, 4.867262642708165e-32]"
hMpxV/USA/CA-CDPH-1M1000422/2023|EPI_ISL_18781806|2023-10-13,"[0.0, 0.0, 0.0, 0.0, 0.0, 0.0, 0.0, 0.0, 0.0, 0.0, 0.0, 0.0, 0.0, 0.0, 0.0, 0.0, 0.0, 0.0, 0.0, 0.0, 0.0, 0.0, 0.0, 0.0, 0.0, 0.0, 0.0, 0.0, 0.0, 1.0, 0.0]"
hMpxV/USA/CA-CDPH-1M1000428/2023|EPI_ISL_18781812|2023-09-28,"[0.0, 0.0, 0.0, 0.0, 0.0, 0.0, 0.0, 0.0, 0.0, 0.0, 0.0, 0.0, 0.0, 0.0, 0.0, 0.0, 0.0, 0.0, 0.0, 0.0, 0.0, 0.0, 0.0, 0.0, 0.0, 0.0, 0.0, 0.0, 0.0, 1.0, 0.0]"
hMpxV/USA/CA-CDPH-1M1000427/2023|EPI_ISL_18781811|2023-10-03,"[0.0, 0.0, 0.0, 0.0, 0.0, 0.0, 0.0, 0.0, 0.0, 0.0, 0.0, 0.0, 0.0, 0.0, 0.0, 0.0, 0.0, 0.0, 0.0, 0.0, 0.0, 0.0, 0.0, 0.0, 0.0, 0.0, 0.0, 0.0, 0.0, 1.0, 0.0]"
hMpxV/USA/CA-CDPH-1M1000342/2023|EPI_ISL_18452333|2023-09-25,"[0.0, 0.0, 0.0, 0.0, 0.0, 0.0, 0.0, 0.0, 0.0, 0.0, 0.0, 0.0, 0.0, 0.0, 0.0, 0.0, 0.0, 0.0, 0.0, 0.0, 0.0, 0.0, 0.0, 0.0, 0.0, 0.0, 0.0, 0.0, 0.0, 1.0, 0.0]"
hMpxV/USA/CA-CDPH-1M1000401/2023|EPI_ISL_18781925|2023-11-06,"[0.0, 0.0, 0.0, 0.0, 0.0, 0.0, 0.0, 0.0, 0.0, 0.0, 0.0, 0.0, 0.0, 0.0, 0.0, 0.0, 0.0, 0.0, 0.0, 0.0, 0.0, 0.0, 0.0, 0.0, 0.0, 0.0, 0.0, 0.0, 0.0, 1.0, 0.0]"
hMpxV/USA/CA-CDPH-1M1000444/2023|EPI_ISL_18781631|2023-11-09,"[0.0, 0.0, 0.0, 0.0, 0.0, 0.0, 0.0, 0.0, 0.0, 0.0, 0.0, 0.0, 0.0, 0.0, 0.0, 0.0, 0.0, 0.0, 0.0, 0.0, 0.0, 0.0, 0.0, 0.0, 0.0, 0.0, 0.0, 0.0, 0.0, 1.0, 0.0]"
hMpxV/USA/CA-CDPH-1M1000551/2023|EPI_ISL_19170480|2023-11-03,"[0.0, 0.0, 0.0, 0.0, 0.0, 0.0, 0.0, 0.0, 0.0, 0.0, 0.0, 0.0, 0.0, 0.0, 0.0, 0.0, 0.0, 0.0, 0.0, 0.0, 0.0, 0.0, 0.0, 0.0, 0.0, 0.0, 0.0, 0.0, 0.0, 1.0, 0.0]"
hMpxV/USA/CA-CDPH-1M1000619/2023|EPI_ISL_19295764|2023-10-10,"[0.0, 0.0, 0.0, 0.0, 0.0, 0.0, 0.0, 0.0, 0.0, 0.0, 0.0, 0.0, 0.0, 0.0, 0.0, 0.0, 0.0, 0.0, 0.0, 0.0, 0.0, 0.0, 0.0, 0.0, 0.0, 0.0, 0.0, 0.0, 0.0, 0.9999999999999999, 0.0]"
hMpxV/USA/CA-CDPH-1M1000365/2023|EPI_ISL_18786350|2023-09-22,"[0.0, 0.0, 0.0, 0.0, 0.0, 0.0, 0.0, 0.0, 0.0, 0.0, 0.0, 0.0, 0.0, 0.0, 0.0, 0.0, 0.0, 0.0, 0.0, 0.0, 0.0, 0.0, 0.0, 0.0, 0.0, 0.0, 0.0, 0.0, 0.0, 1.0, 0.0]"
NODE_0000306,"[1.081593126920987e-08, 1.2389596473847414e-09, 3.86979613606045e-08, 1.2182586510017245e-09, 1.7478318350095996e-09, 1.2360343468012848e-09, 1.2413925584864235e-09, 1.2301696083843802e-09, 1.2357693994075488e-09, 1.2189979899145479e-09, 1.2309556740133714e-09, 1.226004192875584e-09, 1.1670559856196607e-09, 1.2190448524120378e-09, 2.695220881042247e-09, 1.3356945118096274e-08, 8.27979960903148e-09, 1.2260041928764407e-09, 1.2260041928754305e-09, 1.166462225338997e-09, 4.024178130020778e-07, 1.1862346793473013e-09, 7.116783381850815e-09, 1.2282871035621811e-09, 2.7067157575121365e-09, 3.6370824226243724e-09, 1.0643874811548393e-09, 3.459972200792116e-09, 1.1634645264404745e-09, 0.9999994821130953, 1.231360451794469e-09]"
hMpxV/USA/CA-CDPH-1M1000483/2023|EPI_ISL_19143445|2023-12-08,"[0.0, 0.0, 0.0, 0.0, 0.0, 0.0, 0.0, 0.0, 0.0, 0.0, 0.0, 0.0, 0.0, 0.0, 0.0, 0.0, 0.0, 0.0, 0.0, 0.0, 0.0, 0.0, 0.0, 0.0, 0.0, 0.0, 0.0, 0.0, 0.0, 1.0, 0.0]"
hMpxV/USA/CA-CDPH-1M1000499/2023|EPI_ISL_19143476|2023-11-29,"[0.0, 0.0, 0.0, 0.0, 0.0, 0.0, 0.0, 0.0, 0.0, 0.0, 0.0, 0.0, 0.0, 0.0, 0.0, 0.0, 0.0, 0.0, 0.0, 0.0, 0.0, 0.0, 0.0, 0.0, 0.0, 0.0, 0.0, 0.0, 0.0, 1.0, 0.0]"
NODE_0000303,"[1.4527246577113278e-08, 1.4659788107609553e-09, 5.411752772144151e-08, 1.4536373214624105e-09, 2.051361809606995e-09, 1.4658706449862125e-09, 1.477741179984099e-09, 1.4714033659544092e-09, 1.477536458393818e-09, 1.4536241379827909e-09, 1.4752217874849134e-09, 1.4671045991400366e-09, 1.387002851292021e-09, 1.4305820797029673e-09, 3.479010016703854e-09, 1.7919180963479706e-08, 1.1170963005661083e-08, 1.4671045991400966e-09, 1.467104599140041e-09, 1.379362770095948e-09, 6.620588417243148e-07, 1.4025374131483262e-09, 9.594340295028427e-09, 1.4695296391074569e-09, 3.4146936312364797e-09, 4.709424767543926e-09, 1.2431903129189205e-09, 4.471247096271378e-09, 1.380116867170282e-09, 0.9999991851791726, 1.4723404485447226e-09]"
hMpxV/USA/CA-CDPH-1M1000426/2023|EPI_ISL_18781810|2023-10-11,"[0.0, 0.0, 0.0, 0.0, 0.0, 0.0, 0.0, 0.0, 0.0, 0.0, 0.0, 0.0, 0.0, 0.0, 0.0, 0.0, 0.0, 0.0, 0.0, 0.0, 0.0, 0.0, 0.0, 0.0, 0.0, 0.0, 0.0, 0.0, 0.0, 1.0, 0.0]"
NODE_0000304,"[1.7849548894540195e-18, 1.0955578990290938e-20, 4.182542440695006e-17, 1.0098166964897236e-20, 2.7405252971959296e-20, 1.0721010503325683e-20, 1.1213462845805903e-20, 1.0963705984367112e-20, 1.122623770029364e-20, 1.0340690516247249e-20, 1.1363435218283576e-20, 1.0728364244544897e-20, 9.415889129464368e-21, 1.0018953715588276e-20, 8.887546244043487e-20, 4.098781660193203e-18, 9.099301294414918e-19, 1.0728364244553383e-20, 1.0728364244543344e-20, 9.30608040375513e-21, 4.3601928295204825e-14, 8.577550378274035e-21, 9.03739894706157e-19, 1.0853661374042886e-20, 8.361328938342727e-20, 1.522200274686576e-19, 7.356775734371466e-21, 1.3722619280310877e-19, 9.09361891232233e-21, 0.9999999999999564, 1.105018207332185e-20]"
hMpxV/USA/CA-CDPH-1M1000419/2023|EPI_ISL_18781848|2023-10-11,"[0.0, 0.0, 0.0, 0.0, 0.0, 0.0, 0.0, 0.0, 0.0, 0.0, 0.0, 0.0, 0.0, 0.0, 0.0, 0.0, 0.0, 0.0, 0.0, 0.0, 0.0, 0.0, 0.0, 0.0, 0.0, 0.0, 0.0, 0.0, 0.0, 1.0, 0.0]"
hMpxV/USA/CA-CDPH-1M1000356/2023|EPI_ISL_18452347|2023-10-03,"[0.0, 0.0, 0.0, 0.0, 0.0, 0.0, 0.0, 0.0, 0.0, 0.0, 0.0, 0.0, 0.0, 0.0, 0.0, 0.0, 0.0, 0.0, 0.0, 0.0, 0.0, 0.0, 0.0, 0.0, 0.0, 0.0, 0.0, 0.0, 0.0, 1.0, 0.0]"
hMpxV/USA/CA-CDPH-1M1000465/2023|EPI_ISL_18959322|2023-12-12,"[0.0, 0.0, 0.0, 0.0, 0.0, 0.0, 0.0, 0.0, 0.0, 0.0, 0.0, 0.0, 0.0, 0.0, 0.0, 0.0, 0.0, 0.0, 0.0, 0.0, 0.0, 0.0, 0.0, 0.0, 0.0, 0.0, 0.0, 0.0, 0.0, 1.0, 0.0]"
hMpxV/USA/CA-CDPH-1M1000438/2023|EPI_ISL_18781627|2023-11-02,"[0.0, 0.0, 0.0, 0.0, 0.0, 0.0, 0.0, 0.0, 0.0, 0.0, 0.0, 0.0, 0.0, 0.0, 0.0, 0.0, 0.0, 0.0, 0.0, 0.0, 0.0, 0.0, 0.0, 0.0, 0.0, 0.0, 0.0, 0.0, 0.0, 1.0, 0.0]"
hMpxV/USA/CA-CDPH-1M1000421/2023|EPI_ISL_19170459|2023-10-06,"[0.0, 0.0, 0.0, 0.0, 0.0, 0.0, 0.0, 0.0, 0.0, 0.0, 0.0, 0.0, 0.0, 0.0, 0.0, 0.0, 0.0, 0.0, 0.0, 0.0, 0.0, 0.0, 0.0, 0.0, 0.0, 0.0, 0.0, 0.0, 0.0, 1.0, 0.0]"
NODE_0000305,"[2.9815065347483596e-09, 2.0255095081095167e-10, 1.2260394717142422e-08, 1.9430278823473126e-10, 3.3034848774580353e-10, 2.0015296702724473e-10, 2.01756708188053e-10, 1.982212189853335e-10, 2.0123530918214697e-10, 1.938921531144207e-10, 2.587565315510192e-10, 1.9549514405976456e-10, 1.88502905803757e-10, 1.9792433521335356e-10, 7.282316346566696e-09, 3.752288347474631e-09, 1.8170943632344679e-09, 1.954951440598988e-10, 1.95495144059738e-10, 1.838699813500781e-10, 3.3336696751199064e-07, 2.2732152626596763e-10, 1.6312951483736683e-09, 1.969169215917535e-10, 6.693495469509754e-10, 7.061768253942215e-10, 6.510606934204991e-10, 6.698798062442591e-10, 3.4693025854422016e-10, 0.9999996301031656, 1.9933601957819148e-10]"
hMpxV/USA/CA-CDPH-1M1000475/2024|EPI_ISL_19143469|2024-02-10,"[0.0, 0.0, 0.0, 0.0, 0.0, 0.0, 0.0, 0.0, 0.0, 0.0, 0.0, 0.0, 0.0, 0.0, 0.0, 0.0, 0.0, 0.0, 0.0, 0.0, 0.0, 0.0, 0.0, 0.0, 0.0, 0.0, 0.0, 0.0, 0.0, 1.0, 0.0]"
hMpxV/USA/CA-CDPH-1M1000479/2024|EPI_ISL_19143473|2024-02-13,"[0.0, 0.0, 0.0, 0.0, 0.0, 0.0, 0.0, 0.0, 0.0, 0.0, 0.0, 0.0, 0.0, 0.0, 0.0, 0.0, 0.0, 0.0, 0.0, 0.0, 0.0, 0.0, 0.0, 0.0, 0.0, 0.0, 0.0, 0.0, 0.0, 1.0, 0.0]"
hMpxV/Japan/TMIPH-0002/2024|EPI_ISL_19151801|2024-04-06,"[0.0, 0.0, 0.0, 0.0, 0.0, 0.0, 0.0, 0.0, 0.0, 0.0, 0.0, 0.0, 0.0, 0.0, 1.0, 0.0, 0.0, 0.0, 0.0, 0.0, 0.0, 0.0, 0.0, 0.0, 0.0, 0.0, 0.0, 0.0, 0.0, 0.0, 0.0]"
hMpxV/USA/IL-RIPHL-050-0134/2023|EPI_ISL_19016764|2023-10-31,"[0.0, 0.0, 0.0, 0.0, 0.0, 0.0, 0.0, 0.0, 0.0, 0.0, 0.0, 0.0, 0.0, 0.0, 0.0, 0.0, 0.0, 0.0, 0.0, 0.0, 0.0, 0.0, 0.0, 0.0, 0.0, 0.0, 0.0, 0.0, 0.0, 1.0, 0.0]"
NODE_0000156,"[8.724979375255988e-08, 9.486082417411021e-09, 3.1824258736853867e-07, 9.344526444914436e-09, 1.3399920916235035e-08, 9.465566288289903e-09, 9.521111527078966e-09, 9.445855751087945e-09, 9.488320043643756e-09, 9.349429817068402e-09, 9.459492603135533e-09, 9.414735237079635e-09, 8.939774592454535e-09, 9.306091775724734e-09, 2.133438908568509e-08, 1.0797932765465039e-07, 6.68403438668974e-08, 9.414735237080123e-09, 9.414735237079617e-09, 8.923224725509372e-09, 3.5568619572049097e-06, 9.067617024430332e-09, 5.7454828206236573e-08, 9.431922949824078e-09, 2.1258913792094265e-08, 2.8845395320168215e-08, 8.10674039685435e-09, 2.741695313178465e-08, 8.906225609651402e-09, 0.9999955171751994, 9.4542025576812e-09]"
hMpxV/USA/IL-RIPHL-050-0058/2023|EPI_ISL_17821100|2023-05-17,"[0.0, 0.0, 0.0, 0.0, 0.0, 0.0, 0.0, 0.0, 0.0, 0.0, 0.0, 0.0, 0.0, 0.0, 0.0, 0.0, 0.0, 0.0, 0.0, 0.0, 0.0, 0.0, 0.0, 0.0, 0.0, 0.0, 0.0, 0.0, 0.0, 1.0, 0.0]"
NODE_0000157,"[1.372909997517529e-51, 3.696004696901843e-59, 2.1932440638514327e-46, 2.1046481178154765e-59, 1.945343834651675e-57, 3.179830446306592e-59, 3.7627348981540272e-59, 3.1505694980167557e-59, 3.58715607311268e-59, 2.4548534053265618e-59, 3.747550283069495e-59, 2.7785304476101505e-59, 1.8534701208214302e-59, 2.765126322480399e-59, 4.117529962002872e-56, 7.578769935525748e-50, 7.755856325589701e-53, 2.7785304476122035e-59, 2.7785304476093644e-59, 1.8960810216060493e-59, 1.1657224313069134e-34, 1.0801722974143445e-59, 1.638943414315443e-52, 2.9686442344111043e-59, 4.46564186012116e-56, 2.2342259952408883e-55, 9.232791136102255e-60, 1.8579805058417744e-55, 1.577548266458283e-59, 1.0, 3.31266889574841e-59]"
hMpxV/USA/CA-CDPH-1M1000346/2023|EPI_ISL_18452337|2023-09-30,"[0.0, 0.0, 0.0, 0.0, 0.0, 0.0, 0.0, 0.0, 0.0, 0.0, 0.0, 0.0, 0.0, 0.0, 0.0, 0.0, 0.0, 0.0, 0.0, 0.0, 0.0, 0.0, 0.0, 0.0, 0.0, 0.0, 0.0, 0.0, 0.0, 1.0, 0.0]"
hMpxV/USA/IL-RIPHL-050-0057/2023|EPI_ISL_17821099|2023-05-18,"[0.0, 0.0, 0.0, 0.0, 0.0, 0.0, 0.0, 0.0, 0.0, 0.0, 0.0, 0.0, 0.0, 0.0, 0.0, 0.0, 0.0, 0.0, 0.0, 0.0, 0.0, 0.0, 0.0, 0.0, 0.0, 0.0, 0.0, 0.0, 0.0, 1.0, 0.0]"
hMpxV/USA/IL-RIPHL-052-0038/2023|EPI_ISL_17821097|2023-05-11,"[0.0, 0.0, 0.0, 0.0, 0.0, 0.0, 0.0, 0.0, 0.0, 0.0, 0.0, 0.0, 0.0, 0.0, 0.0, 0.0, 0.0, 0.0, 0.0, 0.0, 0.0, 0.0, 0.0, 0.0, 0.0, 0.0, 0.0, 0.0, 0.0, 1.0, 0.0]"
hMpxV/USA/CA-LACPHL-MA00529/2023|EPI_ISL_18161306|2023-07-03,"[0.0, 0.0, 0.0, 0.0, 0.0, 0.0, 0.0, 0.0, 0.0, 0.0, 0.0, 0.0, 0.0, 0.0, 0.0, 0.0, 0.0, 0.0, 0.0, 0.0, 0.0, 0.0, 0.0, 0.0, 0.0, 0.0, 0.0, 0.0, 0.0, 1.0, 0.0]"
hMpxV/USA/CA-LACPHL-MA00544/2023|EPI_ISL_18161320|2023-06-28,"[0.0, 0.0, 0.0, 0.0, 0.0, 0.0, 0.0, 0.0, 0.0, 0.0, 0.0, 0.0, 0.0, 0.0, 0.0, 0.0, 0.0, 0.0, 0.0, 0.0, 0.0, 0.0, 0.0, 0.0, 0.0, 0.0, 0.0, 0.0, 0.0, 1.0, 0.0]"
hMpxV/USA/CA-LACPHL-MA00527/2023|EPI_ISL_18161304|2023-06-07,"[0.0, 0.0, 0.0, 0.0, 0.0, 0.0, 0.0, 0.0, 0.0, 0.0, 0.0, 0.0, 0.0, 0.0, 0.0, 0.0, 0.0, 0.0, 0.0, 0.0, 0.0, 0.0, 0.0, 0.0, 0.0, 0.0, 0.0, 0.0, 0.0, 1.0, 0.0]"
hMpxV/USA/IL-RIPHL-050-0059/2023|EPI_ISL_17821101|2023-05-23,"[0.0, 0.0, 0.0, 0.0, 0.0, 0.0, 0.0, 0.0, 0.0, 0.0, 0.0, 0.0, 0.0, 0.0, 0.0, 0.0, 0.0, 0.0, 0.0, 0.0, 0.0, 0.0, 0.0, 0.0, 0.0, 0.0, 0.0, 0.0, 0.0, 1.0, 0.0]"
hMpxV/USA/IL-RIPHL-04-0075/2023|EPI_ISL_18137802|2023-06-22,"[0.0, 0.0, 0.0, 0.0, 0.0, 0.0, 0.0, 0.0, 0.0, 0.0, 0.0, 0.0, 0.0, 0.0, 0.0, 0.0, 0.0, 0.0, 0.0, 0.0, 0.0, 0.0, 0.0, 0.0, 0.0, 0.0, 0.0, 0.0, 0.0, 1.0, 0.0]"
hMpxV/USA/IL-RIPHL-04-0019/2023|EPI_ISL_18137814|2023-04-20,"[0.0, 0.0, 0.0, 0.0, 0.0, 0.0, 0.0, 0.0, 0.0, 0.0, 0.0, 0.0, 0.0, 0.0, 0.0, 0.0, 0.0, 0.0, 0.0, 0.0, 0.0, 0.0, 0.0, 0.0, 0.0, 0.0, 0.0, 0.0, 0.0, 1.0, 0.0]"
hMpxV/USA/IL-RIPHL-052-0079/2023|EPI_ISL_18137805|2023-07-02,"[0.0, 0.0, 0.0, 0.0, 0.0, 0.0, 0.0, 0.0, 0.0, 0.0, 0.0, 0.0, 0.0, 0.0, 0.0, 0.0, 0.0, 0.0, 0.0, 0.0, 0.0, 0.0, 0.0, 0.0, 0.0, 0.0, 0.0, 0.0, 0.0, 1.0, 0.0]"
hMpxV/USA/IL-RIPHL-04-0022/2023|EPI_ISL_18137816|2023-05-04,"[0.0, 0.0, 0.0, 0.0, 0.0, 0.0, 0.0, 0.0, 0.0, 0.0, 0.0, 0.0, 0.0, 0.0, 0.0, 0.0, 0.0, 0.0, 0.0, 0.0, 0.0, 0.0, 0.0, 0.0, 0.0, 0.0, 0.0, 0.0, 0.0, 1.0, 0.0]"
hMpxV/USA/IL-RIPHL-050-0087/2023|EPI_ISL_18137812|2023-07-12,"[0.0, 0.0, 0.0, 0.0, 0.0, 0.0, 0.0, 0.0, 0.0, 0.0, 0.0, 0.0, 0.0, 0.0, 0.0, 0.0, 0.0, 0.0, 0.0, 0.0, 0.0, 0.0, 0.0, 0.0, 0.0, 0.0, 0.0, 0.0, 0.0, 1.0, 0.0]"
hMpxV/USA/IL-RIPHL-04-0023/2023|EPI_ISL_18137817|2023-05-07,"[0.0, 0.0, 0.0, 0.0, 0.0, 0.0, 0.0, 0.0, 0.0, 0.0, 0.0, 0.0, 0.0, 0.0, 0.0, 0.0, 0.0, 0.0, 0.0, 0.0, 0.0, 0.0, 0.0, 0.0, 0.0, 0.0, 0.0, 0.0, 0.0, 0.9999999999999999, 0.0]"
hMpxV/USA/IL-RIPHL-04-0045/2023|EPI_ISL_18137819|2023-05-16,"[0.0, 0.0, 0.0, 0.0, 0.0, 0.0, 0.0, 0.0, 0.0, 0.0, 0.0, 0.0, 0.0, 0.0, 0.0, 0.0, 0.0, 0.0, 0.0, 0.0, 0.0, 0.0, 0.0, 0.0, 0.0, 0.0, 0.0, 0.0, 0.0, 1.0, 0.0]"
hMpxV/USA/IL-RIPHL-04-0044/2023|EPI_ISL_18137818|2023-05-10,"[0.0, 0.0, 0.0, 0.0, 0.0, 0.0, 0.0, 0.0, 0.0, 0.0, 0.0, 0.0, 0.0, 0.0, 0.0, 0.0, 0.0, 0.0, 0.0, 0.0, 0.0, 0.0, 0.0, 0.0, 0.0, 0.0, 0.0, 0.0, 0.0, 1.0, 0.0]"
hMpxV/USA/IL-RIPHL-04-0020/2023|EPI_ISL_18137815|2023-04-27,"[0.0, 0.0, 0.0, 0.0, 0.0, 0.0, 0.0, 0.0, 0.0, 0.0, 0.0, 0.0, 0.0, 0.0, 0.0, 0.0, 0.0, 0.0, 0.0, 0.0, 0.0, 0.0, 0.0, 0.0, 0.0, 0.0, 0.0, 0.0, 0.0, 1.0, 0.0]"
hMpxV/USA/CA-LACPHL-MA00502/2023|EPI_ISL_18161279|2023-05-02,"[0.0, 0.0, 0.0, 0.0, 0.0, 0.0, 0.0, 0.0, 0.0, 0.0, 0.0, 0.0, 0.0, 0.0, 0.0, 0.0, 0.0, 0.0, 0.0, 0.0, 0.0, 0.0, 0.0, 0.0, 0.0, 0.0, 0.0, 0.0, 0.0, 1.0, 0.0]"
hMpxV/USA/IL-RIPHL-050-0095/2023|EPI_ISL_18285985|2023-08-03,"[0.0, 0.0, 0.0, 0.0, 0.0, 0.0, 0.0, 0.0, 0.0, 0.0, 0.0, 0.0, 0.0, 0.0, 0.0, 0.0, 0.0, 0.0, 0.0, 0.0, 0.0, 0.0, 0.0, 0.0, 0.0, 0.0, 0.0, 0.0, 0.0, 1.0, 0.0]"
hMpxV/USA/IL-RIPHL-0061/2023|EPI_ISL_17979001|2023-05-31,"[0.0, 0.0, 0.0, 0.0, 0.0, 0.0, 0.0, 0.0, 0.0, 0.0, 0.0, 0.0, 0.0, 0.0, 0.0, 0.0, 0.0, 0.0, 0.0, 0.0, 0.0, 0.0, 0.0, 0.0, 0.0, 0.0, 0.0, 0.0, 0.0, 1.0, 0.0]"
hMpxV/USA/IL-RIPHL-0060/2023|EPI_ISL_17979000|2023-05-31,"[0.0, 0.0, 0.0, 0.0, 0.0, 0.0, 0.0, 0.0, 0.0, 0.0, 0.0, 0.0, 0.0, 0.0, 0.0, 0.0, 0.0, 0.0, 0.0, 0.0, 0.0, 0.0, 0.0, 0.0, 0.0, 0.0, 0.0, 0.0, 0.0, 1.0, 0.0]"
hMpxV/USA/CA-CDPH-1M1000616/2023|EPI_ISL_19295761|2023-10-12,"[0.0, 0.0, 0.0, 0.0, 0.0, 0.0, 0.0, 0.0, 0.0, 0.0, 0.0, 0.0, 0.0, 0.0, 0.0, 0.0, 0.0, 0.0, 0.0, 0.0, 0.0, 0.0, 0.0, 0.0, 0.0, 0.0, 0.0, 0.0, 0.0, 0.9999999999999999, 0.0]"
NODE_0000297,"[1.2691593509178527e-08, 1.3888685855422804e-09, 4.619373428896726e-08, 1.367634209847755e-09, 1.962362609993961e-09, 1.3857467895948451e-09, 1.3936046796709173e-09, 1.3822910597737013e-09, 1.3885295961225065e-09, 1.3683891088122849e-09, 1.3841468685231889e-09, 1.3777066757242466e-09, 1.3086538978146255e-09, 1.3630818559721582e-09, 3.109849055387075e-09, 1.570676398549786e-08, 9.720661700629936e-09, 1.3777066757252086e-09, 1.377706675724077e-09, 1.3065318869184581e-09, 5.116982393046963e-07, 1.3277195849112571e-09, 8.355997204666159e-09, 1.3802353100565814e-09, 3.102409910926768e-09, 4.203997518274349e-09, 1.1877170163542187e-09, 3.996224237163209e-09, 1.3038652283251528e-09, 0.9999993535044964, 1.3835345707195207e-09]"
hMpxV/USA/IL-RIPHL-052-0039/2023|EPI_ISL_17821098|2023-05-15,"[0.0, 0.0, 0.0, 0.0, 0.0, 0.0, 0.0, 0.0, 0.0, 0.0, 0.0, 0.0, 0.0, 0.0, 0.0, 0.0, 0.0, 0.0, 0.0, 0.0, 0.0, 0.0, 0.0, 0.0, 0.0, 0.0, 0.0, 0.0, 0.0, 1.0, 0.0]"
hMpxV/USA/IL-RIPHL-0068/2023|EPI_ISL_17979002|2023-06-14,"[0.0, 0.0, 0.0, 0.0, 0.0, 0.0, 0.0, 0.0, 0.0, 0.0, 0.0, 0.0, 0.0, 0.0, 0.0, 0.0, 0.0, 0.0, 0.0, 0.0, 0.0, 0.0, 0.0, 0.0, 0.0, 0.0, 0.0, 0.0, 0.0, 1.0, 0.0]"
NODE_0000298,"[3.8410580661978384e-10, 2.998084505431827e-11, 1.8234350803797874e-09, 2.9159136693770757e-11, 4.608136952779231e-11, 2.9883910374116207e-11, 3.009142053359367e-11, 2.974394744247838e-11, 2.998143490762143e-11, 2.9291811340575e-11, 2.988164384283149e-11, 2.954262713166183e-11, 2.7875599325976002e-11, 2.9325972731885766e-11, 7.597484207940244e-11, 5.214449690307839e-10, 2.7237421470471267e-10, 2.954262713168322e-11, 2.954262713165749e-11, 2.783544600503288e-11, 3.4181706443741404e-08, 2.793802253830337e-11, 2.4026489952660817e-10, 2.965059776170783e-11, 7.664917918168752e-11, 1.061805246019995e-10, 2.4993758900180165e-11, 1.0029893264420316e-10, 2.7668630129204895e-11, 0.99999996161974, 2.981379090361548e-11]"
hMpxV/USA/IL-RIPHL-050-0158/2024|EPI_ISL_19031633|2024-02-19,"[0.0, 0.0, 0.0, 0.0, 0.0, 0.0, 0.0, 0.0, 0.0, 0.0, 0.0, 0.0, 0.0, 0.0, 0.0, 0.0, 0.0, 0.0, 0.0, 0.0, 0.0, 0.0, 0.0, 0.0, 0.0, 0.0, 0.0, 0.0, 0.0, 1.0, 0.0]"
hMpxV/USA/IL-RIPHL-050-0165/2024|EPI_ISL_19031637|2024-03-01,"[0.0, 0.0, 0.0, 0.0, 0.0, 0.0, 0.0, 0.0, 0.0, 0.0, 0.0, 0.0, 0.0, 0.0, 0.0, 0.0, 0.0, 0.0, 0.0, 0.0, 0.0, 0.0, 0.0, 0.0, 0.0, 0.0, 0.0, 0.0, 0.0, 1.0, 0.0]"
hMpxV/USA/IL-RIPHL-050-0164/2024|EPI_ISL_19031636|2024-03-01,"[0.0, 0.0, 0.0, 0.0, 0.0, 0.0, 0.0, 0.0, 0.0, 0.0, 0.0, 0.0, 0.0, 0.0, 0.0, 0.0, 0.0, 0.0, 0.0, 0.0, 0.0, 0.0, 0.0, 0.0, 0.0, 0.0, 0.0, 0.0, 0.0, 1.0, 0.0]"
NODE_0000273,"[8.624130587628392e-11, 5.0229503086175825e-12, 1.0474732986389207e-08, 4.7854620633881e-12, 1.2175519460852015e-11, 4.975227461679062e-12, 5.218159081299343e-12, 5.080530051783634e-12, 5.2825076091540816e-12, 5.6385004928873725e-12, 5.0225082531735644e-12, 4.886729815761046e-12, 4.6082010469139785e-12, 7.273304342704116e-12, 1.2308214981503039e-11, 1.2654705652638763e-10, 7.636384329538233e-11, 4.886729815764549e-12, 4.88672981576045e-12, 5.090142502353101e-12, 2.499501745899369e-08, 4.464824187808111e-12, 7.260078535586229e-10, 4.9854316015133736e-12, 3.819102513818595e-11, 1.8367871576733102e-11, 3.980215484386569e-12, 1.7528569708166985e-11, 4.452026821697453e-12, 0.9999999633208084, 5.169725044776877e-12]"
hMpxV/USA/IL-RIPHL-050-0155/2024|EPI_ISL_19031631|2024-02-29,"[0.0, 0.0, 0.0, 0.0, 0.0, 0.0, 0.0, 0.0, 0.0, 0.0, 0.0, 0.0, 0.0, 0.0, 0.0, 0.0, 0.0, 0.0, 0.0, 0.0, 0.0, 0.0, 0.0, 0.0, 0.0, 0.0, 0.0, 0.0, 0.0, 1.0, 0.0]"
hMpxV/USA/IL-RIPHL-004-0159/2024|EPI_ISL_19158948|2024-03-08,"[0.0, 0.0, 0.0, 0.0, 0.0, 0.0, 0.0, 0.0, 0.0, 0.0, 0.0, 0.0, 0.0, 0.0, 0.0, 0.0, 0.0, 0.0, 0.0, 0.0, 0.0, 0.0, 0.0, 0.0, 0.0, 0.0, 0.0, 0.0, 0.0, 0.9999999999999999, 0.0]"
hMpxV/USA/IL-RIPHL-050-0153/2024|EPI_ISL_19016819|2024-02-19,"[0.0, 0.0, 0.0, 0.0, 0.0, 0.0, 0.0, 0.0, 0.0, 0.0, 0.0, 0.0, 0.0, 0.0, 0.0, 0.0, 0.0, 0.0, 0.0, 0.0, 0.0, 0.0, 0.0, 0.0, 0.0, 0.0, 0.0, 0.0, 0.0, 1.0, 0.0]"
NODE_0000274,"[0.00022397477154745296, 8.023722187850508e-05, 0.0014316062767648363, 7.954309334772516e-05, 9.58180597698785e-05, 8.037780292236578e-05, 7.967013179714597e-05, 7.906044098692903e-05, 7.933532426044778e-05, 0.00011773744701367578, 7.816030820417962e-05, 7.88809307522949e-05, 7.585061052010069e-05, 0.00019812123501518767, 9.764951355878079e-05, 0.00025943504984308417, 0.0006470412255945317, 7.888093075229784e-05, 7.888093075229273e-05, 0.00010392175235586173, 0.001891372484074296, 7.971961718261266e-05, 0.19268615518091406, 7.897528093171372e-05, 0.0007253192489775278, 0.00013612544714514455, 7.045973628169117e-05, 0.00013265873397274065, 7.61350304070783e-05, 0.7999997737142888, 7.91224681868676e-05]"
hMpxV/Portugal/INSA-PT0828/2024|EPI_ISL_19366742|2024-08-13,"[0.0, 0.0, 0.0, 0.0, 0.0, 0.0, 0.0, 0.0, 0.0, 0.0, 0.0, 0.0, 0.0, 0.0, 0.0, 0.0, 0.0, 0.0, 0.0, 0.0, 0.0, 0.0, 1.0, 0.0, 0.0, 0.0, 0.0, 0.0, 0.0, 0.0, 0.0]"
hMpxV/USA/IL-RIPHL-050-0201/2024|EPI_ISL_19474703|2024-08-23,"[0.0, 0.0, 0.0, 0.0, 0.0, 0.0, 0.0, 0.0, 0.0, 0.0, 0.0, 0.0, 0.0, 0.0, 0.0, 0.0, 0.0, 0.0, 0.0, 0.0, 0.0, 0.0, 0.0, 0.0, 0.0, 0.0, 0.0, 0.0, 0.0, 1.0, 0.0]"
NODE_0000275,"[1.992433968116904e-05, 5.804334373130648e-06, 0.9986983678169756, 5.75431724616123e-06, 2.2939111357194104e-05, 5.810530258646151e-06, 6.572239122649793e-06, 5.706143261842837e-06, 5.713450688068243e-06, 5.743699989771117e-06, 5.642948171422468e-06, 5.704965509583145e-06, 5.480070498000159e-06, 5.875311570201951e-06, 4.9435193691543e-06, 1.716917336341631e-05, 8.34991792354391e-06, 5.7049655095831345e-06, 5.70496550958315e-06, 5.525220669878129e-06, 0.00014589789583612422, 5.745081874147869e-06, 6.399422187533466e-05, 5.705913954159104e-06, 9.023916797871789e-06, 6.814489437185957e-06, 5.086012258471286e-06, 6.770780659974595e-06, 5.507758922327276e-06, 0.0008873121832573486, 5.7047040781631635e-06]"
hMpxV/Brazil/PR-FIOCRUZ-10550/2024|EPI_ISL_19416187|2024-08-05,"[0.0, 0.0, 1.0, 0.0, 0.0, 0.0, 0.0, 0.0, 0.0, 0.0, 0.0, 0.0, 0.0, 0.0, 0.0, 0.0, 0.0, 0.0, 0.0, 0.0, 0.0, 0.0, 0.0, 0.0, 0.0, 0.0, 0.0, 0.0, 0.0, 0.0, 0.0]"
NODE_0000276,"[4.5100335254682496e-08, 1.3098067539386365e-08, 0.9999980457633034, 1.3158640506600943e-08, 8.895719940965048e-08, 1.314132883034451e-08, 1.5955260271544343e-08, 1.3057503187462025e-08, 1.305698290264481e-08, 1.3115124912029288e-08, 1.2924603947912069e-08, 1.3075012483747566e-08, 1.2370987855919277e-08, 1.3118600850159453e-08, 9.182173474741572e-09, 3.430059187075008e-08, 1.3791012199686475e-08, 1.3075012483747094e-08, 1.3075012483747617e-08, 1.240805467713102e-08, 3.945839307569598e-07, 1.2933688777999021e-08, 3.153850114834525e-07, 1.3067544651844298e-08, 2.1282332992988362e-08, 1.3088183143205584e-08, 1.107688161204134e-08, 1.3181853448950477e-08, 1.2413046032832094e-08, 7.582206599170578e-07, 1.304205883767764e-08]"
hMpxV/Brazil/SP-IAL-357924058/2024|EPI_ISL_19446294|2024-09-02,"[0.0, 0.0, 1.0, 0.0, 0.0, 0.0, 0.0, 0.0, 0.0, 0.0, 0.0, 0.0, 0.0, 0.0, 0.0, 0.0, 0.0, 0.0, 0.0, 0.0, 0.0, 0.0, 0.0, 0.0, 0.0, 0.0, 0.0, 0.0, 0.0, 0.0, 0.0]"
hMpxV/Brazil/SP-IAL-357947559/2024|EPI_ISL_19446310|2024-09-16,"[0.0, 0.0, 1.0, 0.0, 0.0, 0.0, 0.0, 0.0, 0.0, 0.0, 0.0, 0.0, 0.0, 0.0, 0.0, 0.0, 0.0, 0.0, 0.0, 0.0, 0.0, 0.0, 0.0, 0.0, 0.0, 0.0, 0.0, 0.0, 0.0, 0.0, 0.0]"
NODE_0000292,"[0.00011226531730682198, 4.410188627674445e-05, 0.0002036485634574368, 4.4206664823659005e-05, 5.0493208852651244e-05, 4.436759490725206e-05, 4.381809919965663e-05, 4.35045454542239e-05, 4.3432130696864315e-05, 4.3854813440597294e-05, 4.291611071543328e-05, 4.363263989664621e-05, 4.350194284223971e-05, 4.729964154965511e-05, 5.137694382587883e-05, 0.0001253330796003423, 0.0003850406488388721, 4.363263989664685e-05, 4.363263989664358e-05, 4.200601690297964e-05, 0.00045567601088223215, 6.780734858927619e-05, 9.69308412038685e-05, 4.356940419612476e-05, 5.2577987679528775e-05, 7.191069989627586e-05, 3.885815204877902e-05, 0.0035647994150243283, 4.2187218724408e-05, 0.9939801866805903, 4.3431112783541923e-05]"
hMpxV/USA/CA-CDPH-1M1000492/2023|EPI_ISL_19143454|2023-12-28,"[0.0, 0.0, 0.0, 0.0, 0.0, 0.0, 0.0, 0.0, 0.0, 0.0, 0.0, 0.0, 0.0, 0.0, 0.0, 0.0, 0.0, 0.0, 0.0, 0.0, 0.0, 0.0, 0.0, 0.0, 0.0, 0.0, 0.0, 0.0, 0.0, 1.0, 0.0]"
NODE_0000293,"[0.0008331995333478894, 0.000644032918507734, 0.001035548952869641, 0.0006557644362303548, 0.0006476350970438221, 0.0006499452682558229, 0.0006405371488731958, 0.0006382641275383588, 0.0006348543701102724, 0.0006485888474575006, 0.0006262462726164174, 0.0006428993718847557, 0.0008560745305585643, 0.0010830190452043216, 0.0005547951111237716, 0.0009419777701729727, 0.05274598060612553, 0.0006428993718845762, 0.0006428993718845189, 0.0006069145573055076, 0.0013273725037814014, 0.003119914731427123, 0.0017457626741223553, 0.0006405787846107041, 0.0005521210903094144, 0.0008340637895125016, 0.0005624642954166105, 0.8709965445187564, 0.0006137363020065802, 0.05259954959645817, 0.0006358150046031396]"
NODE_0000296,"[3.99763271639807e-09, 6.759204638292948e-09, 3.1207485468983584e-09, 7.049567827130128e-09, 5.760408068459469e-09, 6.878427614335331e-09, 6.74134096555503e-09, 6.7698533720296254e-09, 6.707001992023352e-09, 6.885163742225493e-09, 6.592057412804254e-09, 6.849318157014061e-09, 1.4352745607886071e-08, 2.5954806439759807e-08, 3.7747745112206016e-09, 4.426070659480633e-09, 0.9999992860683644, 6.849318157017853e-09, 6.849318156997632e-09, 6.317426247426682e-09, 2.205512034803989e-09, 1.0321218820693098e-08, 3.946209222975198e-08, 6.809224207204323e-09, 3.541237632486125e-09, 6.492153553254038e-09, 5.471053231017315e-09, 4.5285655394594483e-07, 6.4586978930557855e-09, 3.0949229841269316e-08, 6.729477234206187e-09]"
hMpxV/Netherlands/un-EMC-NL108/2024|EPI_ISL_19356929|2024-05-15,"[0.0, 0.0, 0.0, 0.0, 0.0, 0.0, 0.0, 0.0, 0.0, 0.0, 0.0, 0.0, 0.0, 0.0, 0.0, 0.0, 1.0, 0.0, 0.0, 0.0, 0.0, 0.0, 0.0, 0.0, 0.0, 0.0, 0.0, 0.0, 0.0, 0.0, 0.0]"
hMpxV/Netherlands/un-EMC-NL107/2024|EPI_ISL_19356928|2024-05-15,"[0.0, 0.0, 0.0, 0.0, 0.0, 0.0, 0.0, 0.0, 0.0, 0.0, 0.0, 0.0, 0.0, 0.0, 0.0, 0.0, 1.0, 0.0, 0.0, 0.0, 0.0, 0.0, 0.0, 0.0, 0.0, 0.0, 0.0, 0.0, 0.0, 0.0, 0.0]"
NODE_0000294,"[0.00016675701008375316, 0.00014721847206889253, 0.0001974603526640001, 0.00015037159783544318, 0.0001444329159236477, 0.00014872259042031534, 0.00014659314215069625, 0.0001460830534817602, 0.0001451254915403374, 0.00014846032011230916, 0.00014345859913660527, 0.00014736404958892802, 0.00022628394186372365, 0.0002397055781541409, 0.0001383693607812507, 0.0001972595105322287, 0.010375416737340385, 0.00014736404958882757, 0.0001473640495887989, 0.00013722727661245264, 0.0002574725937867451, 0.0027083899153226526, 0.00035069919374268314, 0.00014672558956379205, 0.00011557730325613687, 0.0001862630296182957, 0.0001479415249687685, 0.9742884066295494, 0.00013991879906367913, 0.008072169420930498, 0.00014539790072883472]"
hMpxV/Spain/GA-CHUAC-01/2024|EPI_ISL_19416107|2024-02-27,"[0.0, 0.0, 0.0, 0.0, 0.0, 0.0, 0.0, 0.0, 0.0, 0.0, 0.0, 0.0, 0.0, 0.0, 0.0, 0.0, 0.0, 0.0, 0.0, 0.0, 0.0, 0.0, 0.0, 0.0, 0.0, 0.0, 0.0, 1.0, 0.0, 0.0, 0.0]"
NODE_0000295,"[8.679780008903076e-12, 2.366861274671465e-11, 5.496231358053429e-12, 2.4960275134993528e-11, 1.8621602653381765e-11, 2.419959599582229e-11, 2.3753641030652105e-11, 2.3904909094833123e-11, 2.36435391629916e-11, 2.4221366746408295e-11, 2.3250958299380844e-11, 2.425542339572318e-11, 9.917096935886969e-11, 2.3567346586573074e-11, 4.4254048591384933e-11, 1.1651809533002691e-11, 3.1357520572178296e-11, 2.4255423395670475e-11, 2.4255423395724688e-11, 2.098366709263344e-11, 3.4260422779130574e-12, 0.9999999979411479, 1.1861825289204193e-11, 2.4081799033740694e-11, 8.527261604197062e-12, 2.1905789584466066e-11, 7.568233254422586e-11, 1.336577106765598e-09, 2.1771868963256882e-11, 3.152823508872847e-12, 2.371336651841909e-11]"
hMpxV/Philippines/RITM-010/2024|EPI_ISL_19420633|2024-08-08,"[0.0, 0.0, 0.0, 0.0, 0.0, 0.0, 0.0, 0.0, 0.0, 0.0, 0.0, 0.0, 0.0, 0.0, 0.0, 0.0, 0.0, 0.0, 0.0, 0.0, 0.0, 1.0, 0.0, 0.0, 0.0, 0.0, 0.0, 0.0, 0.0, 0.0, 0.0]"
hMpxV/Philippines/RITM-020/2024|EPI_ISL_19456606|2024-09-03,"[0.0, 0.0, 0.0, 0.0, 0.0, 0.0, 0.0, 0.0, 0.0, 0.0, 0.0, 0.0, 0.0, 0.0, 0.0, 0.0, 0.0, 0.0, 0.0, 0.0, 0.0, 1.0, 0.0, 0.0, 0.0, 0.0, 0.0, 0.0, 0.0, 0.0, 0.0]"
hMpxV/Philippines/RITM-024/2024|EPI_ISL_19456607|2024-09-07,"[0.0, 0.0, 0.0, 0.0, 0.0, 0.0, 0.0, 0.0, 0.0, 0.0, 0.0, 0.0, 0.0, 0.0, 0.0, 0.0, 0.0, 0.0, 0.0, 0.0, 0.0, 1.0, 0.0, 0.0, 0.0, 0.0, 0.0, 0.0, 0.0, 0.0, 0.0]"
hMpxV/Philippines/RITM-011/2024|EPI_ISL_19456511|2024-08-22,"[0.0, 0.0, 0.0, 0.0, 0.0, 0.0, 0.0, 0.0, 0.0, 0.0, 0.0, 0.0, 0.0, 0.0, 0.0, 0.0, 0.0, 0.0, 0.0, 0.0, 0.0, 1.0, 0.0, 0.0, 0.0, 0.0, 0.0, 0.0, 0.0, 0.0, 0.0]"
NODE_0000277,"[9.913610497710519e-06, 1.8821962959398847e-06, 2.8415565545846202e-05, 1.8322732990454673e-06, 2.5678079616812197e-06, 1.8769861511842856e-06, 1.8609304920005712e-06, 1.830388490040859e-06, 1.8379430734866466e-06, 1.8325902346326842e-06, 1.8180539886265962e-06, 1.8243974607418657e-06, 1.7743275649658593e-06, 1.8982102228394144e-06, 3.0416204093192493e-06, 1.1675083708709529e-05, 7.666802585972405e-06, 1.8243974607419095e-06, 1.8243974607418399e-06, 1.7914233673176222e-06, 0.00014111118751974097, 1.8398366980737447e-06, 6.547108877168775e-06, 1.8275228529435214e-06, 3.2360243688640815e-06, 4.001377454740528e-06, 1.6975750307900902e-06, 3.8397563601181985e-06, 1.7798470377813974e-06, 0.9997432980241047, 1.8327334237282104e-06]"
NODE_0000278,"[1.4195489570497299e-06, 7.019475470247729e-10, 6.930517719390603e-08, 6.635501648893102e-10, 1.1592237440503393e-09, 6.924917712063478e-10, 7.005207439046175e-10, 6.854812000257762e-10, 6.951188156032512e-10, 6.694289749069361e-10, 6.909619329327941e-10, 6.770077367389737e-10, 6.265544994198337e-10, 6.807083822151546e-10, 2.2767102970163816e-09, 1.3474590733043707e-08, 6.40044180963511e-09, 6.770077367390298e-10, 6.770077367389222e-10, 6.28709547280623e-10, 1.7184892088607836e-06, 6.209705474519283e-10, 5.672979916892659e-09, 6.814837300727196e-10, 2.89579043753123e-09, 2.4985200395002455e-09, 5.493628834453347e-10, 2.3703171123602973e-09, 6.206133458982426e-10, 0.9999967432804469, 6.887085786815246e-10]"
hMpxV/USA/CA-LACPHL-MA00633/2024|EPI_ISL_19204035|2024-05-30,"[0.0, 0.0, 0.0, 0.0, 0.0, 0.0, 0.0, 0.0, 0.0, 0.0, 0.0, 0.0, 0.0, 0.0, 0.0, 0.0, 0.0, 0.0, 0.0, 0.0, 0.0, 0.0, 0.0, 0.0, 0.0, 0.0, 0.0, 0.0, 0.0, 1.0, 0.0]"
hMpxV/USA/CA-CDPH-1M1000635/2024|EPI_ISL_19295778|2024-06-21,"[0.0, 0.0, 0.0, 0.0, 0.0, 0.0, 0.0, 0.0, 0.0, 0.0, 0.0, 0.0, 0.0, 0.0, 0.0, 0.0, 0.0, 0.0, 0.0, 0.0, 0.0, 0.0, 0.0, 0.0, 0.0, 0.0, 0.0, 0.0, 0.0, 1.0, 0.0]"
NODE_0000280,"[5.6754198390975906e-08, 1.5033843475528132e-09, 4.723438197081986e-08, 1.4765362805408755e-09, 2.1207121295980034e-09, 1.4995956560679192e-09, 1.5048266275118105e-09, 1.490185824233986e-09, 1.497076529680008e-09, 1.4774733293579327e-09, 1.4904348140417303e-09, 1.4850050674051768e-09, 1.4152788189010637e-09, 1.4811834681761182e-09, 3.221686655343002e-09, 1.5888588569586e-08, 9.759318973673977e-09, 1.4850050674053892e-09, 1.485005067405019e-09, 1.415687443576996e-09, 6.174806923973447e-07, 1.4402416114977781e-09, 8.39697477560382e-09, 1.4878316623251174e-09, 3.2654955905887354e-09, 4.325110133225925e-09, 1.2941579868086555e-09, 4.1166559693139246e-09, 1.4113949119345006e-09, 0.9999991996041584, 1.4917215249893337e-09]"
hMpxV/USA/CA-LACPHL-MA00621/2024|EPI_ISL_19093415|2024-04-11,"[0.0, 0.0, 0.0, 0.0, 0.0, 0.0, 0.0, 0.0, 0.0, 0.0, 0.0, 0.0, 0.0, 0.0, 0.0, 0.0, 0.0, 0.0, 0.0, 0.0, 0.0, 0.0, 0.0, 0.0, 0.0, 0.0, 0.0, 0.0, 0.0, 1.0, 0.0]"
NODE_0000281,"[5.225256921130738e-12, 1.4885466613329164e-13, 4.659879264119765e-11, 1.4118397980377987e-13, 2.8015164442930503e-13, 1.469439039170476e-13, 1.503015320038992e-13, 1.4762026347477892e-13, 1.4973707877412035e-13, 1.4294527531763123e-13, 1.5017256750131134e-13, 1.457534354943868e-13, 1.3370670854174926e-13, 1.4181188468532367e-13, 5.966061890670244e-13, 8.783122003966278e-12, 3.260243757908528e-12, 1.4575343549439794e-13, 1.45753435494381e-13, 1.3321009027299317e-13, 4.371209435744632e-09, 1.2903006517770432e-13, 3.012257153624814e-12, 1.4674985359535966e-13, 5.86662785153385e-13, 9.049916784942113e-13, 1.1387547752676672e-13, 8.390498271478101e-13, 1.3132822410002986e-13, 0.9999999955560103, 1.4829448220710962e-13]"
hMpxV/USA/CA-LACPHL-MA00655/2024|EPI_ISL_19347729|2024-07-22,"[0.0, 0.0, 0.0, 0.0, 0.0, 0.0, 0.0, 0.0, 0.0, 0.0, 0.0, 0.0, 0.0, 0.0, 0.0, 0.0, 0.0, 0.0, 0.0, 0.0, 0.0, 0.0, 0.0, 0.0, 0.0, 0.0, 0.0, 0.0, 0.0, 1.0, 0.0]"
hMpxV/USA/CA-LACPHL-MA00657/2024|EPI_ISL_19347733|2024-07-25,"[0.0, 0.0, 0.0, 0.0, 0.0, 0.0, 0.0, 0.0, 0.0, 0.0, 0.0, 0.0, 0.0, 0.0, 0.0, 0.0, 0.0, 0.0, 0.0, 0.0, 0.0, 0.0, 0.0, 0.0, 0.0, 0.0, 0.0, 0.0, 0.0, 1.0, 0.0]"
hMpxV/USA/CA-LACPHL-MA00660/2024|EPI_ISL_19364552|2024-08-06,"[0.0, 0.0, 0.0, 0.0, 0.0, 0.0, 0.0, 0.0, 0.0, 0.0, 0.0, 0.0, 0.0, 0.0, 0.0, 0.0, 0.0, 0.0, 0.0, 0.0, 0.0, 0.0, 0.0, 0.0, 0.0, 0.0, 0.0, 0.0, 0.0, 1.0, 0.0]"
NODE_0000282,"[4.298507748220737e-10, 4.218758134409088e-11, 1.6131189866025897e-09, 4.195114226543113e-11, 5.876105162974364e-11, 4.222496400447465e-11, 4.260194505296905e-11, 4.248489285904058e-11, 4.265587602864426e-11, 4.194081479109371e-11, 4.261334432871038e-11, 4.236757865345011e-11, 3.99860226091565e-11, 4.1083798471989823e-11, 1.0219925033445125e-10, 5.292752262174137e-10, 3.3107397652456035e-10, 4.236757865347971e-11, 4.2367578653443535e-11, 3.9704702960280496e-11, 2.040243996837694e-08, 4.038753418796526e-11, 2.8423913607827596e-10, 4.2434439067758176e-11, 9.971252379190613e-11, 1.3838654143434369e-10, 3.567286358234634e-11, 1.3133491751977888e-10, 3.976848427248011e-11, 0.999999975092299, 4.2507572365344736e-11]"
hMpxV/USA/CA-CDPH-1M1000654/2024|EPI_ISL_19367819|2024-07-16,"[0.0, 0.0, 0.0, 0.0, 0.0, 0.0, 0.0, 0.0, 0.0, 0.0, 0.0, 0.0, 0.0, 0.0, 0.0, 0.0, 0.0, 0.0, 0.0, 0.0, 0.0, 0.0, 0.0, 0.0, 0.0, 0.0, 0.0, 0.0, 0.0, 1.0, 0.0]"
hMpxV/USA/CA-CDPH-1M1000660/2024|EPI_ISL_19367825|2024-07-25,"[0.0, 0.0, 0.0, 0.0, 0.0, 0.0, 0.0, 0.0, 0.0, 0.0, 0.0, 0.0, 0.0, 0.0, 0.0, 0.0, 0.0, 0.0, 0.0, 0.0, 0.0, 0.0, 0.0, 0.0, 0.0, 0.0, 0.0, 0.0, 0.0, 1.0, 0.0]"
NODE_0000279,"[1.0, 6.050059600658715e-22, 1.585040806248069e-20, 5.9926603350786095e-22, 6.023023401181387e-22, 6.058637019062917e-22, 6.203662555379762e-22, 6.242389642262607e-22, 6.344879096284697e-22, 5.969727435325391e-22, 6.283685273953001e-22, 6.163070602354535e-22, 5.125613098435333e-22, 5.54760708092745e-22, 4.912484833229237e-21, 8.08604961472299e-22, 9.268995726291337e-22, 6.163070602358301e-22, 6.163070602358276e-22, 4.983623441861822e-22, 2.1136337346916547e-20, 5.143187658489038e-22, 6.595123922319865e-22, 6.206769134178535e-22, 2.220616914056794e-20, 8.471952386840775e-22, 3.644725511859355e-22, 8.685664712522363e-22, 5.066713661534008e-22, 2.483066824228115e-18, 6.264494560701303e-22]"
hMpxV/Australia/VIC-VIDRL-4940/2024|EPI_ISL_19459796|2024-06-03,"[1.0, 0.0, 0.0, 0.0, 0.0, 0.0, 0.0, 0.0, 0.0, 0.0, 0.0, 0.0, 0.0, 0.0, 0.0, 0.0, 0.0, 0.0, 0.0, 0.0, 0.0, 0.0, 0.0, 0.0, 0.0, 0.0, 0.0, 0.0, 0.0, 0.0, 0.0]"
hMpxV/Australia/VIC-VIDRL-6554/2024|EPI_ISL_19459726|2024-06-07,"[1.0, 0.0, 0.0, 0.0, 0.0, 0.0, 0.0, 0.0, 0.0, 0.0, 0.0, 0.0, 0.0, 0.0, 0.0, 0.0, 0.0, 0.0, 0.0, 0.0, 0.0, 0.0, 0.0, 0.0, 0.0, 0.0, 0.0, 0.0, 0.0, 0.0, 0.0]"
hMpxV/Australia/VIC-VIDRL-8012/2024|EPI_ISL_19459738|2024-05-08,"[0.9999999999999999, 0.0, 0.0, 0.0, 0.0, 0.0, 0.0, 0.0, 0.0, 0.0, 0.0, 0.0, 0.0, 0.0, 0.0, 0.0, 0.0, 0.0, 0.0, 0.0, 0.0, 0.0, 0.0, 0.0, 0.0, 0.0, 0.0, 0.0, 0.0, 0.0, 0.0]"
hMpxV/Australia/VIC-VIDRL-3531/2024|EPI_ISL_19459735|2024-05-28,"[1.0, 0.0, 0.0, 0.0, 0.0, 0.0, 0.0, 0.0, 0.0, 0.0, 0.0, 0.0, 0.0, 0.0, 0.0, 0.0, 0.0, 0.0, 0.0, 0.0, 0.0, 0.0, 0.0, 0.0, 0.0, 0.0, 0.0, 0.0, 0.0, 0.0, 0.0]"
hMpxV/Australia/VIC-VIDRL-7518/2024|EPI_ISL_19459756|2024-05-07,"[0.9999999999999999, 0.0, 0.0, 0.0, 0.0, 0.0, 0.0, 0.0, 0.0, 0.0, 0.0, 0.0, 0.0, 0.0, 0.0, 0.0, 0.0, 0.0, 0.0, 0.0, 0.0, 0.0, 0.0, 0.0, 0.0, 0.0, 0.0, 0.0, 0.0, 0.0, 0.0]"
hMpxV/Australia/VIC-VIDRL-7519/2024|EPI_ISL_19459767|2024-05-07,"[0.9999999999999999, 0.0, 0.0, 0.0, 0.0, 0.0, 0.0, 0.0, 0.0, 0.0, 0.0, 0.0, 0.0, 0.0, 0.0, 0.0, 0.0, 0.0, 0.0, 0.0, 0.0, 0.0, 0.0, 0.0, 0.0, 0.0, 0.0, 0.0, 0.0, 0.0, 0.0]"
hMpxV/Australia/VIC-VIDRL-4069/2024|EPI_ISL_19459793|2024-05-27,"[0.9999999999999999, 0.0, 0.0, 0.0, 0.0, 0.0, 0.0, 0.0, 0.0, 0.0, 0.0, 0.0, 0.0, 0.0, 0.0, 0.0, 0.0, 0.0, 0.0, 0.0, 0.0, 0.0, 0.0, 0.0, 0.0, 0.0, 0.0, 0.0, 0.0, 0.0, 0.0]"
NODE_0000283,"[5.831405113377485e-12, 1.1285823394373768e-13, 9.861513920757752e-11, 9.75075463002381e-14, 2.966906184741571e-13, 1.0915140415192993e-13, 1.0995483984099544e-13, 1.0360079858474954e-13, 1.0647833027705294e-13, 1.0036017648256796e-13, 1.0539047154463674e-13, 1.0090666033118777e-13, 9.416497495913474e-14, 1.1121147533531517e-13, 4.143369550225746e-13, 1.3517537964665643e-11, 2.777408328866267e-12, 1.0090666033119113e-13, 1.0090666033117737e-13, 9.685254036211098e-14, 2.2232412826093925e-08, 8.990287507646707e-14, 2.801687753227145e-12, 1.0230239295617983e-13, 4.806156992052341e-13, 6.880172368469357e-13, 8.521972968994957e-14, 6.318512295672091e-13, 9.237659040336524e-14, 0.9999999776396077, 1.0474764978349711e-13]"
hMpxV/USA/IL-RIPHL-004-0197/2024|EPI_ISL_19533457|2024-07-12,"[0.0, 0.0, 0.0, 0.0, 0.0, 0.0, 0.0, 0.0, 0.0, 0.0, 0.0, 0.0, 0.0, 0.0, 0.0, 0.0, 0.0, 0.0, 0.0, 0.0, 0.0, 0.0, 0.0, 0.0, 0.0, 0.0, 0.0, 0.0, 0.0, 1.0, 0.0]"
hMpxV/USA/CA-LACPHL-MA00675/2024|EPI_ISL_19437166|2024-08-31,"[0.0, 0.0, 0.0, 0.0, 0.0, 0.0, 0.0, 0.0, 0.0, 0.0, 0.0, 0.0, 0.0, 0.0, 0.0, 0.0, 0.0, 0.0, 0.0, 0.0, 0.0, 0.0, 0.0, 0.0, 0.0, 0.0, 0.0, 0.0, 0.0, 1.0, 0.0]"
hMpxV/USA/CA-LACPHL-MA00645/2024|EPI_ISL_19273374|2024-06-23,"[0.0, 0.0, 0.0, 0.0, 0.0, 0.0, 0.0, 0.0, 0.0, 0.0, 0.0, 0.0, 0.0, 0.0, 0.0, 0.0, 0.0, 0.0, 0.0, 0.0, 0.0, 0.0, 0.0, 0.0, 0.0, 0.0, 0.0, 0.0, 0.0, 1.0, 0.0]"
NODE_0000289,"[2.1741324891982257e-06, 3.537835265155823e-07, 6.837859196308698e-06, 3.4271916921172075e-07, 4.987786260504761e-07, 3.519125079170139e-07, 3.499412657332613e-07, 3.4364035100898694e-07, 3.4535974599197335e-07, 3.4318411419985327e-07, 3.420305508507682e-07, 3.42244127133292e-07, 3.3140041568209963e-07, 3.552107474279077e-07, 6.143044770739309e-07, 2.6511495707469737e-06, 1.656937462965662e-06, 3.4224412713331014e-07, 3.422441271332769e-07, 3.3466319899257027e-07, 4.408016691149882e-05, 3.416328300916135e-07, 1.4234843635541765e-06, 3.4297566488557343e-07, 6.505608099567826e-07, 8.185307781918589e-07, 3.147934945476993e-07, 7.831671728221814e-07, 3.319494509175826e-07, 0.9999313148185711, 3.441801549622194e-07]"
hMpxV/USA/CA-LACPHL-MA00691/2024|EPI_ISL_19468223|2024-09-13,"[0.0, 0.0, 0.0, 0.0, 0.0, 0.0, 0.0, 0.0, 0.0, 0.0, 0.0, 0.0, 0.0, 0.0, 0.0, 0.0, 0.0, 0.0, 0.0, 0.0, 0.0, 0.0, 0.0, 0.0, 0.0, 0.0, 0.0, 0.0, 0.0, 1.0, 0.0]"
hMpxV/USA/CA-CDPH-1M1000603/2024|EPI_ISL_19295752|2024-05-29,"[0.0, 0.0, 0.0, 0.0, 0.0, 0.0, 0.0, 0.0, 0.0, 0.0, 0.0, 0.0, 0.0, 0.0, 0.0, 0.0, 0.0, 0.0, 0.0, 0.0, 0.0, 0.0, 0.0, 0.0, 0.0, 0.0, 0.0, 0.0, 0.0, 1.0, 0.0]"
NODE_0000290,"[5.73595786423221e-07, 7.584130952857118e-08, 1.9605692197326053e-06, 7.385728081698932e-08, 1.0803375904432672e-07, 7.545881327705542e-08, 7.546771387992042e-08, 7.437570613700501e-08, 7.47467370126864e-08, 7.395430171221463e-08, 7.425931018639528e-08, 7.408468569617109e-08, 7.107402741825596e-08, 7.532218645520022e-08, 1.4950493986478764e-07, 7.093342413481675e-07, 4.3690031394293383e-07, 7.408468569617075e-08, 7.408468569616399e-08, 7.144755701863757e-08, 1.6966608955218014e-05, 7.266515575271113e-08, 3.758569094221971e-07, 7.424022040429002e-08, 1.5408611841406512e-07, 2.0103922380796159e-07, 6.611682945215372e-08, 1.9167718544772972e-07, 7.100814445394685e-08, 0.9999767762283396, 7.447565709757555e-08]"
hMpxV/USA/IL-RIPHL-004-0160/2024|EPI_ISL_19158949|2024-03-07,"[0.0, 0.0, 0.0, 0.0, 0.0, 0.0, 0.0, 0.0, 0.0, 0.0, 0.0, 0.0, 0.0, 0.0, 0.0, 0.0, 0.0, 0.0, 0.0, 0.0, 0.0, 0.0, 0.0, 0.0, 0.0, 0.0, 0.0, 0.0, 0.0, 1.0, 0.0]"
NODE_0000291,"[6.864827006825323e-08, 8.831675053869004e-09, 2.367121155330554e-07, 8.61662750746041e-09, 1.2556704641676779e-08, 8.791635806701973e-09, 8.799811467014107e-09, 8.681617611997446e-09, 8.724164889609912e-09, 8.62672401227095e-09, 8.67167926392817e-09, 8.648558112523119e-09, 8.284650142523632e-09, 8.755225155154885e-09, 1.7741573923770927e-08, 8.487567566766293e-08, 5.233963920679747e-08, 8.648558112529113e-09, 8.64855811252203e-09, 8.31904768093314e-09, 2.122612198727558e-06, 8.460669372746896e-09, 4.5020096594163423e-08, 8.66630460770239e-09, 1.8193645950053693e-08, 2.3871956127872457e-08, 7.677301948742531e-09, 2.2750642879631425e-08, 8.273527083217832e-09, 0.9999971318585027, 8.692641997578184e-09]"
hMpxV/USA/CA-CDPH-1M1000650/2024|EPI_ISL_19367815|2024-07-10,"[0.0, 0.0, 0.0, 0.0, 0.0, 0.0, 0.0, 0.0, 0.0, 0.0, 0.0, 0.0, 0.0, 0.0, 0.0, 0.0, 0.0, 0.0, 0.0, 0.0, 0.0, 0.0, 0.0, 0.0, 0.0, 0.0, 0.0, 0.0, 0.0, 0.9999999999999999, 0.0]"
hMpxV/USA/CA-LACPHL-MA00632/2024|EPI_ISL_19204034|2024-05-30,"[0.0, 0.0, 0.0, 0.0, 0.0, 0.0, 0.0, 0.0, 0.0, 0.0, 0.0, 0.0, 0.0, 0.0, 0.0, 0.0, 0.0, 0.0, 0.0, 0.0, 0.0, 0.0, 0.0, 0.0, 0.0, 0.0, 0.0, 0.0, 0.0, 1.0, 0.0]"
NODE_0000284,"[3.566313345649762e-10, 2.852062919649883e-11, 1.7629647542909822e-09, 2.7284560576060732e-11, 4.581356263958257e-11, 2.8280517310514147e-11, 2.8398645378619688e-11, 2.7841302572758264e-11, 2.810606256470744e-11, 2.7466858023465685e-11, 2.794784998843408e-11, 2.7609683971685563e-11, 2.6196343017451378e-11, 2.8109977998899204e-11, 6.847269278382257e-11, 5.030517582587953e-10, 2.465628871115352e-10, 2.7609683971706e-11, 2.7609683971680917e-11, 2.6345242430889598e-11, 3.4423456725451515e-08, 2.629501318839993e-11, 2.1928874247508618e-10, 2.7732076915005645e-11, 7.116572014919178e-11, 9.655289044201366e-11, 2.389968603386176e-11, 9.119361236009216e-11, 2.603238376723081e-11, 0.9999999615956299, 2.7929298572786336e-11]"
hMpxV/USA/WA-UW-247031/2024|EPI_ISL_19524787|2024-01-16,"[0.0, 0.0, 0.0, 0.0, 0.0, 0.0, 0.0, 0.0, 0.0, 0.0, 0.0, 0.0, 0.0, 0.0, 0.0, 0.0, 0.0, 0.0, 0.0, 0.0, 0.0, 0.0, 0.0, 0.0, 0.0, 0.0, 0.0, 0.0, 0.0, 1.0, 0.0]"
NODE_0000285,"[5.255272738932707e-09, 6.69164809586583e-10, 1.7949974255070575e-08, 6.575711407077444e-10, 9.336514927968101e-10, 6.680775619039267e-10, 6.690701467465231e-10, 6.624879431979517e-10, 6.654124714907169e-10, 6.578326898297099e-10, 6.618640508479941e-10, 6.602894226817701e-10, 6.312297637285431e-10, 6.616633369242787e-10, 1.369578944172214e-09, 6.4195233788941194e-09, 4.03154243997869e-09, 6.602894226822712e-10, 6.602894226816907e-10, 6.318136340528649e-10, 1.5958388796305713e-07, 6.442852783004795e-10, 3.460729866227034e-09, 6.614842929394228e-10, 1.3912061343105436e-09, 1.8378373245909072e-09, 5.807946716744992e-10, 1.7516042648823392e-09, 6.300362006318265e-10, 0.9999997836183785, 6.631564417888597e-10]"
hMpxV/USA/WA-UW-490338/2024|EPI_ISL_19243973|2024-05-30,"[0.0, 0.0, 0.0, 0.0, 0.0, 0.0, 0.0, 0.0, 0.0, 0.0, 0.0, 0.0, 0.0, 0.0, 0.0, 0.0, 0.0, 0.0, 0.0, 0.0, 0.0, 0.0, 0.0, 0.0, 0.0, 0.0, 0.0, 0.0, 0.0, 1.0, 0.0]"
hMpxV/USA/WA-UW-429625/2024|EPI_ISL_19243972|2024-05-28,"[0.0, 0.0, 0.0, 0.0, 0.0, 0.0, 0.0, 0.0, 0.0, 0.0, 0.0, 0.0, 0.0, 0.0, 0.0, 0.0, 0.0, 0.0, 0.0, 0.0, 0.0, 0.0, 0.0, 0.0, 0.0, 0.0, 0.0, 0.0, 0.0, 1.0, 0.0]"
NODE_0000286,"[1.5169018830771677e-06, 2.1543174055935835e-07, 5.009447357208001e-06, 2.099690614046061e-07, 3.035547412658375e-07, 2.1454214955268945e-07, 2.1418611500647054e-07, 2.111020847972337e-07, 2.1211072633794192e-07, 2.101798165251461e-07, 2.105515589730588e-07, 2.1031066539652276e-07, 2.022784745866696e-07, 2.1456800506537825e-07, 4.08686709581854e-07, 1.856556406077266e-06, 1.1588687768480628e-06, 2.1031066539652912e-07, 2.1031066539651763e-07, 2.034342807962102e-07, 3.9149325257849836e-05, 2.0738493748120893e-07, 9.955158651623966e-07, 2.107322650409963e-07, 4.236055046140295e-07, 5.470312220683944e-07, 1.8907243199839698e-07, 5.222394505205854e-07, 2.0223897806968309e-07, 0.9999441381733142, 2.1137888896757259e-07]"
hMpxV/USA/WA-UW-185727/2024|EPI_ISL_19336734|2024-07-11,"[0.0, 0.0, 0.0, 0.0, 0.0, 0.0, 0.0, 0.0, 0.0, 0.0, 0.0, 0.0, 0.0, 0.0, 0.0, 0.0, 0.0, 0.0, 0.0, 0.0, 0.0, 0.0, 0.0, 0.0, 0.0, 0.0, 0.0, 0.0, 0.0, 1.0, 0.0]"
NODE_0000287,"[4.792511534989978e-09, 2.388019532345791e-10, 2.466324833413973e-08, 2.2642659136471442e-10, 4.088345701990146e-10, 2.356300820811351e-10, 2.3799681248060476e-10, 2.3264517562461334e-10, 2.3521239399185065e-10, 2.2838616175693028e-10, 2.344221629262208e-10, 2.3039220694611583e-10, 2.1669365331978408e-10, 2.330606329142859e-10, 6.588480329593324e-10, 6.119366661865445e-09, 2.6903192425494916e-09, 2.3039220694612475e-10, 2.3039220694611477e-10, 2.1803254826971032e-10, 8.99241754568675e-07, 2.1514244964191393e-10, 2.4265175310104685e-09, 2.315853990696697e-10, 6.775891180938127e-10, 9.487412395495693e-10, 1.9458147542042687e-10, 8.911624364013586e-10, 2.1469777230860493e-10, 0.9999990521631226, 2.3349221315241717e-10]"
hMpxV/USA/WA-UW-012709/2024|EPI_ISL_19420219|2024-09-02,"[0.0, 0.0, 0.0, 0.0, 0.0, 0.0, 0.0, 0.0, 0.0, 0.0, 0.0, 0.0, 0.0, 0.0, 0.0, 0.0, 0.0, 0.0, 0.0, 0.0, 0.0, 0.0, 0.0, 0.0, 0.0, 0.0, 0.0, 0.0, 0.0, 1.0, 0.0]"
hMpxV/USA/WA-UW-026851/2024|EPI_ISL_19420221|2024-08-30,"[0.0, 0.0, 0.0, 0.0, 0.0, 0.0, 0.0, 0.0, 0.0, 0.0, 0.0, 0.0, 0.0, 0.0, 0.0, 0.0, 0.0, 0.0, 0.0, 0.0, 0.0, 0.0, 0.0, 0.0, 0.0, 0.0, 0.0, 0.0, 0.0, 1.0, 0.0]"
NODE_0000288,"[4.087576778581425e-07, 1.7659200123201367e-09, 6.613621184273709e-08, 1.7294226753861383e-09, 2.4838479138070333e-09, 1.7595941718624148e-09, 1.7730420085266807e-09, 1.762876845173018e-09, 1.7808261174616933e-09, 1.7316952132997067e-09, 1.7648343025191863e-09, 1.7473569496789231e-09, 1.6411824908870452e-09, 1.721956264606074e-09, 4.5029077527663015e-09, 1.7956806348060477e-08, 1.1164889347729341e-08, 1.7473569496792581e-09, 1.7473569496789064e-09, 1.633962621455125e-09, 6.792021036587729e-07, 1.6585907097613404e-09, 9.772474299552324e-09, 1.7555329751571364e-09, 5.260925147712676e-09, 5.078887094553628e-09, 1.4815602310532065e-09, 4.854786232268432e-09, 1.637064556274021e-09, 0.9999987522195134, 1.768836967757546e-09]"
hMpxV/Australia/QLD-MX000147/2024|EPI_ISL_19539788|2024-10-14,"[1.0, 0.0, 0.0, 0.0, 0.0, 0.0, 0.0, 0.0, 0.0, 0.0, 0.0, 0.0, 0.0, 0.0, 0.0, 0.0, 0.0, 0.0, 0.0, 0.0, 0.0, 0.0, 0.0, 0.0, 0.0, 0.0, 0.0, 0.0, 0.0, 0.0, 0.0]"
hMpxV/USA/CA-LACPHL-MA00644/2024|EPI_ISL_19273376|2024-06-20,"[0.0, 0.0, 0.0, 0.0, 0.0, 0.0, 0.0, 0.0, 0.0, 0.0, 0.0, 0.0, 0.0, 0.0, 0.0, 0.0, 0.0, 0.0, 0.0, 0.0, 0.0, 0.0, 0.0, 0.0, 0.0, 0.0, 0.0, 0.0, 0.0, 1.0, 0.0]"
hMpxV/USA/un-UW-276161/2024|EPI_ISL_19502000|2024-09-18,"[0.0, 0.0, 0.0, 0.0, 0.0, 0.0, 0.0, 0.0, 0.0, 0.0, 0.0, 0.0, 0.0, 0.0, 0.0, 0.0, 0.0, 0.0, 0.0, 0.0, 0.0, 0.0, 0.0, 0.0, 0.0, 0.0, 0.0, 0.0, 0.0, 1.0, 0.0]"
NODE_0000253,"[1.7003010262157355e-12, 4.5263080069109506e-14, 1.558032924213848e-11, 4.2988997127166775e-14, 8.556559402154227e-14, 4.4676248716150654e-14, 4.578470747082003e-14, 4.5012506840597735e-14, 4.565821470782322e-14, 4.3525891346461336e-14, 4.583808283748803e-14, 4.444506115114711e-14, 4.06499262046013e-14, 4.2970708596907814e-14, 1.8905374023343204e-13, 2.8717843109888947e-12, 1.0608209623080932e-12, 4.444506115115749e-14, 4.4445061151141056e-14, 4.044545199504777e-14, 1.6080876822054254e-09, 3.912212275883257e-14, 9.805371473429436e-13, 4.474854125713618e-14, 1.8427842855514838e-13, 2.876484565512559e-13, 3.4395350629490083e-14, 2.663794326525551e-13, 3.989412739887003e-14, 0.9999999983678861, 4.5214969216531444e-14]"
hMpxV/USA/IL-RIPHL-04-0074/2023|EPI_ISL_18137801|2023-06-22,"[0.0, 0.0, 0.0, 0.0, 0.0, 0.0, 0.0, 0.0, 0.0, 0.0, 0.0, 0.0, 0.0, 0.0, 0.0, 0.0, 0.0, 0.0, 0.0, 0.0, 0.0, 0.0, 0.0, 0.0, 0.0, 0.0, 0.0, 0.0, 0.0, 1.0, 0.0]"
hMpxV/USA/IL-RIPHL-04-0076/2023|EPI_ISL_18137803|2023-06-27,"[0.0, 0.0, 0.0, 0.0, 0.0, 0.0, 0.0, 0.0, 0.0, 0.0, 0.0, 0.0, 0.0, 0.0, 0.0, 0.0, 0.0, 0.0, 0.0, 0.0, 0.0, 0.0, 0.0, 0.0, 0.0, 0.0, 0.0, 0.0, 0.0, 1.0, 0.0]"
hMpxV/USA/IL-RIPHL-04-0067/2023|EPI_ISL_18137820|2023-06-08,"[0.0, 0.0, 0.0, 0.0, 0.0, 0.0, 0.0, 0.0, 0.0, 0.0, 0.0, 0.0, 0.0, 0.0, 0.0, 0.0, 0.0, 0.0, 0.0, 0.0, 0.0, 0.0, 0.0, 0.0, 0.0, 0.0, 0.0, 0.0, 0.0, 0.9999999999999999, 0.0]"
NODE_0000254,"[3.1986664862719806e-12, 7.422088411590282e-14, 1.0267534817746328e-10, 6.804255953491229e-14, 1.728897114459289e-13, 7.26287298278989e-14, 7.465847881163339e-14, 7.169057366388762e-14, 7.30916284839513e-14, 6.94174904519254e-14, 7.297935679673601e-14, 7.041590584034792e-14, 6.473285427512446e-14, 7.158430626429698e-14, 2.9185167361499357e-13, 6.017640117584062e-12, 1.7560790956215757e-12, 7.041590584035295e-14, 7.04159058403439e-14, 6.527821844357875e-14, 5.405657863732504e-09, 6.204806874133166e-14, 1.9345877637176136e-12, 7.108627730810487e-14, 3.1475783143059914e-13, 4.606859412384507e-13, 5.58935355064773e-14, 4.257486019525921e-13, 6.348585865086161e-14, 0.9999999944757796, 7.21922212036919e-14]"
hMpxV/USA/IL-RIPHL-04-0089/2023|EPI_ISL_18137808|2023-07-21,"[0.0, 0.0, 0.0, 0.0, 0.0, 0.0, 0.0, 0.0, 0.0, 0.0, 0.0, 0.0, 0.0, 0.0, 0.0, 0.0, 0.0, 0.0, 0.0, 0.0, 0.0, 0.0, 0.0, 0.0, 0.0, 0.0, 0.0, 0.0, 0.0, 1.0, 0.0]"
NODE_0000272,"[7.709447047835443e-13, 4.1517989267558204e-14, 4.423526827164163e-12, 4.033307693895007e-14, 6.700783253265059e-14, 4.128417877821932e-14, 4.191670473256539e-14, 4.1487014456008136e-14, 4.186592104033163e-14, 4.0576155335797905e-14, 4.189546310965374e-14, 4.116781508635582e-14, 3.8331775269054165e-14, 4.0021781019765217e-14, 1.280469395728847e-13, 1.1067065920679382e-12, 5.346192623585853e-13, 4.1167815086414845e-14, 4.1167815086345735e-14, 3.8127761685174975e-14, 1.4809811373210913e-10, 3.78713799151869e-14, 4.760492385794466e-13, 4.13402903275716e-14, 1.2565415850638342e-13, 1.8332707400036118e-13, 3.345247764804015e-14, 1.720230138439445e-13, 3.789256471927891e-14, 0.9999999998431509, 4.159279533846055e-14]"
hMpxV/USA/CA-CDPH-1M1000595/2023|EPI_ISL_19295744|2023-09-26,"[0.0, 0.0, 0.0, 0.0, 0.0, 0.0, 0.0, 0.0, 0.0, 0.0, 0.0, 0.0, 0.0, 0.0, 0.0, 0.0, 0.0, 0.0, 0.0, 0.0, 0.0, 0.0, 0.0, 0.0, 0.0, 0.0, 0.0, 0.0, 0.0, 1.0, 0.0]"
hMpxV/USA/CA-CDPH-1M1000363/2023|EPI_ISL_18786348|2023-09-22,"[0.0, 0.0, 0.0, 0.0, 0.0, 0.0, 0.0, 0.0, 0.0, 0.0, 0.0, 0.0, 0.0, 0.0, 0.0, 0.0, 0.0, 0.0, 0.0, 0.0, 0.0, 0.0, 0.0, 0.0, 0.0, 0.0, 0.0, 0.0, 0.0, 0.9999999999999999, 0.0]"
hMpxV/USA/CA-CDPH-1M1000364/2023|EPI_ISL_18786349|2023-09-22,"[0.0, 0.0, 0.0, 0.0, 0.0, 0.0, 0.0, 0.0, 0.0, 0.0, 0.0, 0.0, 0.0, 0.0, 0.0, 0.0, 0.0, 0.0, 0.0, 0.0, 0.0, 0.0, 0.0, 0.0, 0.0, 0.0, 0.0, 0.0, 0.0, 0.9999999999999999, 0.0]"
NODE_0000269,"[1.8290513793023626e-07, 1.2432012305777875e-08, 0.035240097549146754, 1.1955952081376445e-08, 6.695005259409081e-08, 1.2337359014064918e-08, 1.4296847072397858e-08, 1.2290174662786255e-08, 1.2421069173260179e-08, 1.2058069070953048e-08, 1.237171741889465e-08, 1.2178758809346433e-08, 1.1227221480915773e-08, 1.209835387146058e-08, 2.0122191957570318e-08, 2.1270737785191794e-07, 6.120524594205104e-08, 1.217875880934685e-08, 1.2178758809345886e-08, 1.123765032980661e-08, 3.347215308707876e-05, 1.1144191763198727e-08, 5.33499782470111e-07, 1.2238780061665318e-08, 3.58081776234877e-08, 3.134914514711915e-08, 9.632217722844133e-09, 3.0350404944826203e-08, 1.110791605051899e-08, 0.9647250276866011, 1.2327840096456558e-08]"
hMpxV/Brazil/SC-FIOCRUZ-10552/2024|EPI_ISL_19416189|2024-01-09,"[0.0, 0.0, 1.0, 0.0, 0.0, 0.0, 0.0, 0.0, 0.0, 0.0, 0.0, 0.0, 0.0, 0.0, 0.0, 0.0, 0.0, 0.0, 0.0, 0.0, 0.0, 0.0, 0.0, 0.0, 0.0, 0.0, 0.0, 0.0, 0.0, 0.0, 0.0]"
hMpxV/Brazil/SC-FIOCRUZ-10553/2024|EPI_ISL_19416190|2024-01-09,"[0.0, 0.0, 1.0, 0.0, 0.0, 0.0, 0.0, 0.0, 0.0, 0.0, 0.0, 0.0, 0.0, 0.0, 0.0, 0.0, 0.0, 0.0, 0.0, 0.0, 0.0, 0.0, 0.0, 0.0, 0.0, 0.0, 0.0, 0.0, 0.0, 0.0, 0.0]"
hMpxV/USA/IL-RIPHL-004-0125/2024|EPI_ISL_19158945|2024-01-23,"[0.0, 0.0, 0.0, 0.0, 0.0, 0.0, 0.0, 0.0, 0.0, 0.0, 0.0, 0.0, 0.0, 0.0, 0.0, 0.0, 0.0, 0.0, 0.0, 0.0, 0.0, 0.0, 0.0, 0.0, 0.0, 0.0, 0.0, 0.0, 0.0, 1.0, 0.0]"
NODE_0000270,"[8.209686745344124e-13, 2.0608223462887254e-14, 1.2409322947057335e-08, 1.9089539394905582e-14, 7.875101715374198e-14, 2.0217077278143363e-14, 2.2168824981456094e-14, 2.0086117792720475e-14, 2.0448480388500017e-14, 1.9403708739535322e-14, 2.045329195203993e-14, 1.9761494471452627e-14, 1.7990431266659484e-14, 1.967242235769054e-14, 6.371286108964644e-14, 1.354715796253104e-12, 3.3026628070142733e-13, 1.9761494471465016e-14, 1.9761494471447923e-14, 1.804315281895074e-14, 1.8484699148059549e-09, 1.7256304684779487e-14, 1.0142077165397737e-12, 1.9933560819244877e-14, 8.597111435307176e-14, 1.0402912557481704e-13, 1.520194423618558e-14, 9.752332537572956e-14, 1.7647334015488854e-14, 0.9999999857378891, 2.0208286961835978e-14]"
hMpxV/USA/CA-CDPH-1M1000468/2024|EPI_ISL_19143462|2024-02-05,"[0.0, 0.0, 0.0, 0.0, 0.0, 0.0, 0.0, 0.0, 0.0, 0.0, 0.0, 0.0, 0.0, 0.0, 0.0, 0.0, 0.0, 0.0, 0.0, 0.0, 0.0, 0.0, 0.0, 0.0, 0.0, 0.0, 0.0, 0.0, 0.0, 1.0, 0.0]"
hMpxV/USA/CA-CDPH-1M1000477/2024|EPI_ISL_19143471|2024-02-16,"[0.0, 0.0, 0.0, 0.0, 0.0, 0.0, 0.0, 0.0, 0.0, 0.0, 0.0, 0.0, 0.0, 0.0, 0.0, 0.0, 0.0, 0.0, 0.0, 0.0, 0.0, 0.0, 0.0, 0.0, 0.0, 0.0, 0.0, 0.0, 0.0, 0.9999999999999999, 0.0]"
hMpxV/USA/CA-CDPH-1M1000461/2023|EPI_ISL_18959318|2023-12-27,"[0.0, 0.0, 0.0, 0.0, 0.0, 0.0, 0.0, 0.0, 0.0, 0.0, 0.0, 0.0, 0.0, 0.0, 0.0, 0.0, 0.0, 0.0, 0.0, 0.0, 0.0, 0.0, 0.0, 0.0, 0.0, 0.0, 0.0, 0.0, 0.0, 1.0, 0.0]"
hMpxV/USA/CA-LACPHL-MA00627/2024|EPI_ISL_19196357|2024-05-20,"[0.0, 0.0, 0.0, 0.0, 0.0, 0.0, 0.0, 0.0, 0.0, 0.0, 0.0, 0.0, 0.0, 0.0, 0.0, 0.0, 0.0, 0.0, 0.0, 0.0, 0.0, 0.0, 0.0, 0.0, 0.0, 0.0, 0.0, 0.0, 0.0, 1.0, 0.0]"
NODE_0000271,"[5.6040172337324525e-09, 6.041423909609266e-10, 2.0465856798598366e-08, 5.960408153997933e-10, 8.505675073847345e-10, 6.03199722786911e-10, 6.068912846198611e-10, 6.025808852479598e-10, 6.052396244620327e-10, 5.962699269221197e-10, 6.035287685430726e-10, 6.006483400910742e-10, 5.69973406121699e-10, 5.922040179215411e-10, 1.3686318928865876e-09, 6.924545770263445e-09, 4.2970263351331e-09, 6.006483400914991e-10, 6.006483400909978e-10, 5.684836026089934e-10, 2.3050063528204263e-07, 5.779169451562437e-10, 3.6926989795359243e-09, 6.017196364947713e-10, 1.3604560436117315e-09, 1.8501927767241309e-09, 5.158284719763567e-10, 1.7583922850345533e-09, 5.677279546330058e-10, 0.9999997101102043, 6.0308225216414e-10]"
hMpxV/USA/CA-CDPH-1M1000476/2024|EPI_ISL_19143470|2024-02-15,"[0.0, 0.0, 0.0, 0.0, 0.0, 0.0, 0.0, 0.0, 0.0, 0.0, 0.0, 0.0, 0.0, 0.0, 0.0, 0.0, 0.0, 0.0, 0.0, 0.0, 0.0, 0.0, 0.0, 0.0, 0.0, 0.0, 0.0, 0.0, 0.0, 1.0, 0.0]"
hMpxV/USA/CA-CDPH-1M1000471/2024|EPI_ISL_19143465|2024-02-07,"[0.0, 0.0, 0.0, 0.0, 0.0, 0.0, 0.0, 0.0, 0.0, 0.0, 0.0, 0.0, 0.0, 0.0, 0.0, 0.0, 0.0, 0.0, 0.0, 0.0, 0.0, 0.0, 0.0, 0.0, 0.0, 0.0, 0.0, 0.0, 0.0, 0.9999999999999999, 0.0]"
NODE_0000255,"[1.7706029528705556e-07, 2.1450003137650677e-08, 6.217345532605838e-07, 2.1021374509256808e-08, 3.033877208231062e-08, 2.1380632322129392e-08, 2.1438582802787867e-08, 2.1203873262020674e-08, 2.130332068627086e-08, 2.1038873061657623e-08, 2.1199264243378074e-08, 2.1128398681883612e-08, 2.0171670357797795e-08, 2.1179418815826002e-08, 4.493934814163615e-08, 2.1859032626953596e-07, 1.353353432830164e-07, 2.112839868188424e-08, 2.1128398681882986e-08, 2.0202933668117927e-08, 6.009114112114458e-06, 2.0549732080177743e-08, 1.1634822670048884e-07, 2.1169358600147712e-08, 4.556474479867886e-08, 6.054718754260094e-08, 1.8532549013673815e-08, 5.764987731044334e-08, 2.012597770024585e-08, 0.9999920861972968, 2.1227156097305642e-08]"
NODE_0000257,"[1.5112345068800318e-11, 7.116064977410047e-13, 9.101165684264339e-11, 6.959310569119241e-13, 1.1457922559359692e-12, 7.086329661025755e-13, 7.223009225569815e-13, 7.177280023263967e-13, 7.240913852620507e-13, 6.998267504362085e-13, 7.26279094205188e-13, 7.124572126571556e-13, 6.58880680633648e-13, 6.803787903288048e-13, 2.397176238996483e-12, 2.1763754472442168e-11, 1.0507746796468453e-11, 7.124572126572263e-13, 7.124572126570754e-13, 6.525420706132305e-13, 3.679888210514419e-09, 6.47457250704775e-13, 9.355896754121777e-12, 7.153337994942251e-13, 2.301484755967392e-12, 3.4463616949046103e-12, 5.655607996186074e-13, 3.2268795221696955e-12, 6.501074209001448e-13, 0.9999999961467094, 7.19358199560205e-13]"
hMpxV/USA/CA-CDPH-1M1000430/2023|EPI_ISL_18781815|2023-10-16,"[0.0, 0.0, 0.0, 0.0, 0.0, 0.0, 0.0, 0.0, 0.0, 0.0, 0.0, 0.0, 0.0, 0.0, 0.0, 0.0, 0.0, 0.0, 0.0, 0.0, 0.0, 0.0, 0.0, 0.0, 0.0, 0.0, 0.0, 0.0, 0.0, 1.0, 0.0]"
hMpxV/USA/CA-CDPH-1M1000435/2023|EPI_ISL_18781820|2023-10-12,"[0.0, 0.0, 0.0, 0.0, 0.0, 0.0, 0.0, 0.0, 0.0, 0.0, 0.0, 0.0, 0.0, 0.0, 0.0, 0.0, 0.0, 0.0, 0.0, 0.0, 0.0, 0.0, 0.0, 0.0, 0.0, 0.0, 0.0, 0.0, 0.0, 1.0, 0.0]"
NODE_0000258,"[4.676716792400088e-11, 4.493863515756243e-12, 1.7648564584567533e-10, 4.478384633192226e-12, 6.237038682282933e-12, 4.501161038794001e-12, 4.544188413464986e-12, 4.537069764131503e-12, 4.5548305185109084e-12, 4.4764686474235665e-12, 4.5522655996435415e-12, 4.525097786124068e-12, 4.265179448641091e-12, 4.3693896600516904e-12, 1.105829461577389e-11, 5.750547632043199e-11, 3.6064831052094083e-11, 4.5250977861279195e-12, 4.525097786122694e-12, 4.230197662714036e-12, 2.2884239546477445e-09, 4.3042524627331666e-12, 3.095391604489627e-11, 4.531979655865551e-12, 1.0740197214447401e-11, 1.497734947917036e-11, 3.7915582918166096e-12, 1.4209824161048482e-11, 4.240429385611313e-12, 0.9999999972225906, 4.539134507968842e-12]"
hMpxV/USA/CA-CDPH-1M1000434/2023|EPI_ISL_18781819|2023-10-12,"[0.0, 0.0, 0.0, 0.0, 0.0, 0.0, 0.0, 0.0, 0.0, 0.0, 0.0, 0.0, 0.0, 0.0, 0.0, 0.0, 0.0, 0.0, 0.0, 0.0, 0.0, 0.0, 0.0, 0.0, 0.0, 0.0, 0.0, 0.0, 0.0, 0.9999999999999999, 0.0]"
hMpxV/USA/CA-CDPH-1M1000617/2023|EPI_ISL_19295762|2023-10-13,"[0.0, 0.0, 0.0, 0.0, 0.0, 0.0, 0.0, 0.0, 0.0, 0.0, 0.0, 0.0, 0.0, 0.0, 0.0, 0.0, 0.0, 0.0, 0.0, 0.0, 0.0, 0.0, 0.0, 0.0, 0.0, 0.0, 0.0, 0.0, 0.0, 0.9999999999999999, 0.0]"
NODE_0000256,"[1.8717375779546295e-17, 1.1176114882178654e-19, 4.687498986580597e-16, 1.020965796238557e-19, 2.877827086327118e-19, 1.0900943958825274e-19, 1.1395104002397318e-19, 1.1093160965733764e-19, 1.1367917327804117e-19, 1.0466620031787219e-19, 1.1497291850869287e-19, 1.084617998445149e-19, 9.535494550874008e-20, 1.0244115265567406e-19, 8.972368014188288e-19, 4.4382867924476927e-17, 9.35930864880924e-18, 1.0846179984459693e-19, 1.0846179984449762e-19, 9.458650919712798e-20, 6.063757998534588e-13, 8.684211628819701e-20, 9.356447404655605e-18, 1.0977360483613207e-19, 8.543503017961944e-19, 1.546718121826325e-18, 7.498309595508222e-20, 1.3933376713885059e-18, 9.211366910500791e-20, 0.999999999999393, 1.1185147663829817e-19]"
hMpxV/USA/NV-SNPHL-783216/2023|EPI_ISL_18567806|2023-10-18,"[0.0, 0.0, 0.0, 0.0, 0.0, 0.0, 0.0, 0.0, 0.0, 0.0, 0.0, 0.0, 0.0, 0.0, 0.0, 0.0, 0.0, 0.0, 0.0, 0.0, 0.0, 0.0, 0.0, 0.0, 0.0, 0.0, 0.0, 0.0, 0.0, 1.0, 0.0]"
hMpxV/USA/NV-SNPHL-784061/2023|EPI_ISL_18567807|2023-10-25,"[0.0, 0.0, 0.0, 0.0, 0.0, 0.0, 0.0, 0.0, 0.0, 0.0, 0.0, 0.0, 0.0, 0.0, 0.0, 0.0, 0.0, 0.0, 0.0, 0.0, 0.0, 0.0, 0.0, 0.0, 0.0, 0.0, 0.0, 0.0, 0.0, 1.0, 0.0]"
hMpxV/USA/CA-CDPH-1M1000431/2023|EPI_ISL_18781816|2023-10-13,"[0.0, 0.0, 0.0, 0.0, 0.0, 0.0, 0.0, 0.0, 0.0, 0.0, 0.0, 0.0, 0.0, 0.0, 0.0, 0.0, 0.0, 0.0, 0.0, 0.0, 0.0, 0.0, 0.0, 0.0, 0.0, 0.0, 0.0, 0.0, 0.0, 0.9999999999999999, 0.0]"
hMpxV/USA/CA-CDPH-1M1000380/2023|EPI_ISL_18781792|2023-09-27,"[0.0, 0.0, 0.0, 0.0, 0.0, 0.0, 0.0, 0.0, 0.0, 0.0, 0.0, 0.0, 0.0, 0.0, 0.0, 0.0, 0.0, 0.0, 0.0, 0.0, 0.0, 0.0, 0.0, 0.0, 0.0, 0.0, 0.0, 0.0, 0.0, 1.0, 0.0]"
hMpxV/USA/CA-CDPH-1M1000404/2023|EPI_ISL_18781929|2023-11-09,"[0.0, 0.0, 0.0, 0.0, 0.0, 0.0, 0.0, 0.0, 0.0, 0.0, 0.0, 0.0, 0.0, 0.0, 0.0, 0.0, 0.0, 0.0, 0.0, 0.0, 0.0, 0.0, 0.0, 0.0, 0.0, 0.0, 0.0, 0.0, 0.0, 0.9999999999999999, 0.0]"
hMpxV/USA/CA-CDPH-1M1000403/2023|EPI_ISL_18781928|2023-11-09,"[0.0, 0.0, 0.0, 0.0, 0.0, 0.0, 0.0, 0.0, 0.0, 0.0, 0.0, 0.0, 0.0, 0.0, 0.0, 0.0, 0.0, 0.0, 0.0, 0.0, 0.0, 0.0, 0.0, 0.0, 0.0, 0.0, 0.0, 0.0, 0.0, 0.9999999999999999, 0.0]"
NODE_0000259,"[8.925696345334065e-12, 4.703627272778713e-13, 5.184664070761033e-11, 4.562203237556896e-13, 7.645504609981715e-13, 4.672726536159698e-13, 4.747107204189978e-13, 4.695205026771163e-13, 4.738690691184094e-13, 4.590690832579884e-13, 4.742988984554952e-13, 4.658559600797539e-13, 4.3353125280418563e-13, 4.531519698905366e-13, 1.465260966511645e-12, 1.2874789279249748e-11, 6.180637864493368e-12, 4.658559600800025e-13, 4.658559600797386e-13, 4.3142100350605664e-13, 1.8073191361441977e-09, 4.2796683910294535e-13, 5.5068967039560325e-12, 4.678353609821775e-13, 1.4367831049275489e-12, 2.1015662793421834e-12, 3.782196836383804e-13, 1.971121333286354e-12, 4.2850526511713473e-13, 0.9999999980909725, 4.707376844538113e-13]"
hMpxV/USA/IL-RIPHL-04-0078/2023|EPI_ISL_18137807|2023-07-03,"[0.0, 0.0, 0.0, 0.0, 0.0, 0.0, 0.0, 0.0, 0.0, 0.0, 0.0, 0.0, 0.0, 0.0, 0.0, 0.0, 0.0, 0.0, 0.0, 0.0, 0.0, 0.0, 0.0, 0.0, 0.0, 0.0, 0.0, 0.0, 0.0, 1.0, 0.0]"
hMpxV/USA/IL-RIPHL-050-0094/2023|EPI_ISL_18168623|2023-07-26,"[0.0, 0.0, 0.0, 0.0, 0.0, 0.0, 0.0, 0.0, 0.0, 0.0, 0.0, 0.0, 0.0, 0.0, 0.0, 0.0, 0.0, 0.0, 0.0, 0.0, 0.0, 0.0, 0.0, 0.0, 0.0, 0.0, 0.0, 0.0, 0.0, 1.0, 0.0]"
NODE_0000260,"[7.083671203320335e-32, 8.512977689791346e-37, 1.6224058225851962e-28, 5.81474020982579e-37, 1.1626286950843334e-35, 7.637042782848308e-37, 8.468998405466798e-37, 7.445332114072527e-37, 8.079697870908618e-37, 6.402526457465529e-37, 8.267394478768245e-37, 6.8814992784028685e-37, 5.329723799471967e-37, 7.163455411110958e-37, 7.429119960331289e-35, 9.094564139954143e-31, 1.1093044135669513e-32, 6.881499278407455e-37, 6.881499278401558e-37, 5.491632016212746e-37, 4.9247117653418416e-21, 3.866620937766611e-37, 1.6567317820295665e-32, 7.172609155837877e-37, 8.110376214003019e-35, 2.3462542550667693e-34, 3.4933877894975262e-37, 1.876567059766636e-34, 4.84693019569375e-37, 1.0, 7.684013808862904e-37]"
hMpxV/USA/CA-CDPH-1M1000423/2023|EPI_ISL_18781807|2023-10-17,"[0.0, 0.0, 0.0, 0.0, 0.0, 0.0, 0.0, 0.0, 0.0, 0.0, 0.0, 0.0, 0.0, 0.0, 0.0, 0.0, 0.0, 0.0, 0.0, 0.0, 0.0, 0.0, 0.0, 0.0, 0.0, 0.0, 0.0, 0.0, 0.0, 1.0, 0.0]"
hMpxV/USA/CA-CDPH-1M1000350/2023|EPI_ISL_18452341|2023-10-02,"[0.0, 0.0, 0.0, 0.0, 0.0, 0.0, 0.0, 0.0, 0.0, 0.0, 0.0, 0.0, 0.0, 0.0, 0.0, 0.0, 0.0, 0.0, 0.0, 0.0, 0.0, 0.0, 0.0, 0.0, 0.0, 0.0, 0.0, 0.0, 0.0, 1.0, 0.0]"
hMpxV/USA/CA-CDPH-1M1000402/2023|EPI_ISL_18781926|2023-11-07,"[0.0, 0.0, 0.0, 0.0, 0.0, 0.0, 0.0, 0.0, 0.0, 0.0, 0.0, 0.0, 0.0, 0.0, 0.0, 0.0, 0.0, 0.0, 0.0, 0.0, 0.0, 0.0, 0.0, 0.0, 0.0, 0.0, 0.0, 0.0, 0.0, 0.9999999999999999, 0.0]"
hMpxV/USA/CA-CDPH-1M1000336/2023|EPI_ISL_18399144|2023-08-20,"[0.0, 0.0, 0.0, 0.0, 0.0, 0.0, 0.0, 0.0, 0.0, 0.0, 0.0, 0.0, 0.0, 0.0, 0.0, 0.0, 0.0, 0.0, 0.0, 0.0, 0.0, 0.0, 0.0, 0.0, 0.0, 0.0, 0.0, 0.0, 0.0, 1.0, 0.0]"
hMpxV/USA/CA-CDPH-1M1000442/2023|EPI_ISL_18781629|2023-10-30,"[0.0, 0.0, 0.0, 0.0, 0.0, 0.0, 0.0, 0.0, 0.0, 0.0, 0.0, 0.0, 0.0, 0.0, 0.0, 0.0, 0.0, 0.0, 0.0, 0.0, 0.0, 0.0, 0.0, 0.0, 0.0, 0.0, 0.0, 0.0, 0.0, 1.0, 0.0]"
hMpxV/USA/CA-CDPH-1M1000542/2023|EPI_ISL_19170471|2023-10-25,"[0.0, 0.0, 0.0, 0.0, 0.0, 0.0, 0.0, 0.0, 0.0, 0.0, 0.0, 0.0, 0.0, 0.0, 0.0, 0.0, 0.0, 0.0, 0.0, 0.0, 0.0, 0.0, 0.0, 0.0, 0.0, 0.0, 0.0, 0.0, 0.0, 1.0, 0.0]"
hMpxV/USA/CA-CDPH-1M1000544/2023|EPI_ISL_19170473|2023-10-27,"[0.0, 0.0, 0.0, 0.0, 0.0, 0.0, 0.0, 0.0, 0.0, 0.0, 0.0, 0.0, 0.0, 0.0, 0.0, 0.0, 0.0, 0.0, 0.0, 0.0, 0.0, 0.0, 0.0, 0.0, 0.0, 0.0, 0.0, 0.0, 0.0, 1.0, 0.0]"
hMpxV/USA/CA-CDPH-1M1000540/2023|EPI_ISL_19170469|2023-11-01,"[0.0, 0.0, 0.0, 0.0, 0.0, 0.0, 0.0, 0.0, 0.0, 0.0, 0.0, 0.0, 0.0, 0.0, 0.0, 0.0, 0.0, 0.0, 0.0, 0.0, 0.0, 0.0, 0.0, 0.0, 0.0, 0.0, 0.0, 0.0, 0.0, 1.0, 0.0]"
hMpxV/USA/CA-CDPH-1M1000546/2023|EPI_ISL_19170475|2023-10-29,"[0.0, 0.0, 0.0, 0.0, 0.0, 0.0, 0.0, 0.0, 0.0, 0.0, 0.0, 0.0, 0.0, 0.0, 0.0, 0.0, 0.0, 0.0, 0.0, 0.0, 0.0, 0.0, 0.0, 0.0, 0.0, 0.0, 0.0, 0.0, 0.0, 1.0, 0.0]"
hMpxV/USA/CA-CDPH-1M1000541/2023|EPI_ISL_19170470|2023-10-25,"[0.0, 0.0, 0.0, 0.0, 0.0, 0.0, 0.0, 0.0, 0.0, 0.0, 0.0, 0.0, 0.0, 0.0, 0.0, 0.0, 0.0, 0.0, 0.0, 0.0, 0.0, 0.0, 0.0, 0.0, 0.0, 0.0, 0.0, 0.0, 0.0, 1.0, 0.0]"
hMpxV/USA/CA-CDPH-1M1000549/2023|EPI_ISL_19170478|2023-10-30,"[0.0, 0.0, 0.0, 0.0, 0.0, 0.0, 0.0, 0.0, 0.0, 0.0, 0.0, 0.0, 0.0, 0.0, 0.0, 0.0, 0.0, 0.0, 0.0, 0.0, 0.0, 0.0, 0.0, 0.0, 0.0, 0.0, 0.0, 0.0, 0.0, 1.0, 0.0]"
hMpxV/USA/CA-CDPH-1M1000615/2023|EPI_ISL_19295760|2023-09-23,"[0.0, 0.0, 0.0, 0.0, 0.0, 0.0, 0.0, 0.0, 0.0, 0.0, 0.0, 0.0, 0.0, 0.0, 0.0, 0.0, 0.0, 0.0, 0.0, 0.0, 0.0, 0.0, 0.0, 0.0, 0.0, 0.0, 0.0, 0.0, 0.0, 1.0, 0.0]"
hMpxV/USA/IL-RIPHL-050-0112/2023|EPI_ISL_19016768|2023-10-04,"[0.0, 0.0, 0.0, 0.0, 0.0, 0.0, 0.0, 0.0, 0.0, 0.0, 0.0, 0.0, 0.0, 0.0, 0.0, 0.0, 0.0, 0.0, 0.0, 0.0, 0.0, 0.0, 0.0, 0.0, 0.0, 0.0, 0.0, 0.0, 0.0, 1.0, 0.0]"
NODE_0000267,"[7.499757369526753e-08, 8.518223613071468e-09, 2.69416349311174e-07, 8.373868340224813e-09, 1.2037759406997613e-08, 8.496351860299657e-09, 8.535228175634402e-09, 8.45736399619991e-09, 8.496075490076718e-09, 8.37931850800378e-09, 8.463868640271022e-09, 8.428566332994734e-09, 8.020970247269392e-09, 8.378531126499164e-09, 1.8615073228633262e-08, 9.273104341710431e-08, 5.7396577051616145e-08, 8.428566332995467e-09, 8.428566332994722e-09, 8.017019566342649e-09, 2.839017274978054e-06, 8.150066488221964e-09, 4.934126635585198e-08, 8.444353076805193e-09, 1.8681192786605086e-08, 2.51336710286177e-08, 7.31197848086506e-09, 2.3905970774895406e-08, 7.995674036534248e-09, 0.9999963609360735, 8.465583876611992e-09]"
hMpxV/USA/CA-CDPH-1M1000391/2023|EPI_ISL_18781915|2023-10-20,"[0.0, 0.0, 0.0, 0.0, 0.0, 0.0, 0.0, 0.0, 0.0, 0.0, 0.0, 0.0, 0.0, 0.0, 0.0, 0.0, 0.0, 0.0, 0.0, 0.0, 0.0, 0.0, 0.0, 0.0, 0.0, 0.0, 0.0, 0.0, 0.0, 1.0, 0.0]"
hMpxV/USA/CA-CDPH-1M1000543/2023|EPI_ISL_19170472|2023-10-29,"[0.0, 0.0, 0.0, 0.0, 0.0, 0.0, 0.0, 0.0, 0.0, 0.0, 0.0, 0.0, 0.0, 0.0, 0.0, 0.0, 0.0, 0.0, 0.0, 0.0, 0.0, 0.0, 0.0, 0.0, 0.0, 0.0, 0.0, 0.0, 0.0, 0.9999999999999999, 0.0]"
NODE_0000268,"[2.2990391166965952e-09, 2.57512731040172e-10, 8.277650426125784e-09, 2.537305413299815e-10, 3.6216579382337015e-10, 2.570767574838483e-10, 2.5836184793360206e-10, 2.563158233358263e-10, 2.5745663238694333e-10, 2.538422069749882e-10, 2.5656793614700475e-10, 2.5547734395656056e-10, 2.4287064969567406e-10, 2.52967029013519e-10, 5.693556817471588e-10, 2.836150813761154e-09, 1.7619626051642314e-09, 2.554773439567542e-10, 2.5547734395652483e-10, 2.4247107947256715e-10, 8.845235002108286e-08, 2.4663458740672165e-10, 1.514085651144545e-09, 2.5593946718876296e-10, 5.69170686287337e-10, 7.685840040726134e-10, 2.2071604725145765e-10, 7.309148316772762e-10, 2.420334224400236e-10, 0.9999998870810971, 2.5654455757491807e-10]"
hMpxV/USA/CA-CDPH-1M1000443/2023|EPI_ISL_18781630|2023-10-27,"[0.0, 0.0, 0.0, 0.0, 0.0, 0.0, 0.0, 0.0, 0.0, 0.0, 0.0, 0.0, 0.0, 0.0, 0.0, 0.0, 0.0, 0.0, 0.0, 0.0, 0.0, 0.0, 0.0, 0.0, 0.0, 0.0, 0.0, 0.0, 0.0, 0.9999999999999999, 0.0]"
hMpxV/USA/CA-CDPH-1M1000547/2023|EPI_ISL_19170476|2023-10-25,"[0.0, 0.0, 0.0, 0.0, 0.0, 0.0, 0.0, 0.0, 0.0, 0.0, 0.0, 0.0, 0.0, 0.0, 0.0, 0.0, 0.0, 0.0, 0.0, 0.0, 0.0, 0.0, 0.0, 0.0, 0.0, 0.0, 0.0, 0.0, 0.0, 1.0, 0.0]"
NODE_0000261,"[5.933970470014501e-11, 3.166797801498291e-12, 3.4256481129005473e-10, 3.073197084917108e-12, 5.13188671906722e-12, 3.1471994407152642e-12, 3.1961480005054267e-12, 3.161854054959023e-12, 3.190984512765105e-12, 3.0921273685848365e-12, 3.19340538456796e-12, 3.1372984343367417e-12, 2.920787172987397e-12, 3.0523108228412198e-12, 9.800543225514327e-12, 8.541996040332091e-11, 4.110903375107248e-11, 3.1372984343371565e-12, 3.1372984343366694e-12, 2.9062961167591934e-12, 1.169614687232612e-08, 2.884745565778252e-12, 3.6619368142425905e-11, 3.1505609256869565e-12, 9.618649188016294e-12, 1.4044422822156244e-11, 2.5495455940237457e-12, 1.3175862114298432e-11, 2.887229304393125e-12, 0.9999999876288739, 3.1700153511979676e-12]"
hMpxV/USA/CA-CDPH-1M1000539/2023|EPI_ISL_19170468|2023-11-02,"[0.0, 0.0, 0.0, 0.0, 0.0, 0.0, 0.0, 0.0, 0.0, 0.0, 0.0, 0.0, 0.0, 0.0, 0.0, 0.0, 0.0, 0.0, 0.0, 0.0, 0.0, 0.0, 0.0, 0.0, 0.0, 0.0, 0.0, 0.0, 0.0, 1.0, 0.0]"
hMpxV/USA/CA-CDPH-1M1000557/2023|EPI_ISL_19170486|2023-11-02,"[0.0, 0.0, 0.0, 0.0, 0.0, 0.0, 0.0, 0.0, 0.0, 0.0, 0.0, 0.0, 0.0, 0.0, 0.0, 0.0, 0.0, 0.0, 0.0, 0.0, 0.0, 0.0, 0.0, 0.0, 0.0, 0.0, 0.0, 0.0, 0.0, 1.0, 0.0]"
NODE_0000262,"[5.590574521286046e-10, 5.591918434039192e-11, 2.0885676263355754e-09, 5.550186301731205e-11, 7.81171654880132e-11, 5.593398428638336e-11, 5.640132892657154e-11, 5.618866578219537e-11, 5.642006350144172e-11, 5.549663470464113e-11, 5.6341820753667857e-11, 5.602758249708791e-11, 5.2939269950322207e-11, 5.4530987932454544e-11, 1.335745854898234e-10, 6.893059952101599e-10, 4.3007731536403703e-10, 5.602758249713129e-11, 5.602758249707943e-11, 5.262076239979727e-11, 2.5947394425918186e-08, 5.351307320197155e-11, 3.6935112988473196e-10, 5.611875514068044e-11, 1.3085205395551653e-10, 1.8082615931654604e-10, 4.737565649940297e-11, 1.716596421663792e-10, 5.266806685938805e-11, 0.9999999681789411, 5.622249900398741e-11]"
hMpxV/USA/CA-CDPH-1M1000554/2023|EPI_ISL_19170483|2023-10-30,"[0.0, 0.0, 0.0, 0.0, 0.0, 0.0, 0.0, 0.0, 0.0, 0.0, 0.0, 0.0, 0.0, 0.0, 0.0, 0.0, 0.0, 0.0, 0.0, 0.0, 0.0, 0.0, 0.0, 0.0, 0.0, 0.0, 0.0, 0.0, 0.0, 0.9999999999999999, 0.0]"
NODE_0000263,"[5.0272057876516057e-08, 5.39444022250918e-09, 1.8405783463486096e-07, 5.319933521869036e-09, 7.608143661102886e-09, 5.384684469629167e-09, 5.418387147314476e-09, 5.378918744309856e-09, 5.402802273014013e-09, 5.322245588053192e-09, 5.387774020701679e-09, 5.361538312808802e-09, 5.087170454453093e-09, 5.287228230562877e-09, 1.2246865003058203e-08, 6.218250685784783e-08, 3.853701393989346e-08, 5.3615383128092015e-09, 5.361538312808748e-09, 5.074540454130277e-09, 2.089595062011087e-06, 5.157141635562859e-09, 3.312110126071438e-08, 5.371169473235407e-09, 1.2171555047775836e-08, 1.6562246303965752e-08, 4.6038276837846146e-09, 1.573897879602589e-08, 5.067005041543134e-09, 0.9999973777813063, 5.383444422797771e-09]"
hMpxV/USA/CA-CDPH-1M1000500/2023|EPI_ISL_19143458|2023-11-19,"[0.0, 0.0, 0.0, 0.0, 0.0, 0.0, 0.0, 0.0, 0.0, 0.0, 0.0, 0.0, 0.0, 0.0, 0.0, 0.0, 0.0, 0.0, 0.0, 0.0, 0.0, 0.0, 0.0, 0.0, 0.0, 0.0, 0.0, 0.0, 0.0, 1.0, 0.0]"
hMpxV/USA/CA-CDPH-1M1000466/2023|EPI_ISL_18959323|2023-12-14,"[0.0, 0.0, 0.0, 0.0, 0.0, 0.0, 0.0, 0.0, 0.0, 0.0, 0.0, 0.0, 0.0, 0.0, 0.0, 0.0, 0.0, 0.0, 0.0, 0.0, 0.0, 0.0, 0.0, 0.0, 0.0, 0.0, 0.0, 0.0, 0.0, 1.0, 0.0]"
NODE_0000264,"[5.654343225846414e-07, 7.570015778566284e-08, 1.919400058917759e-06, 7.376667175072747e-08, 1.0748183992751343e-07, 7.534640020801712e-08, 7.533305183810651e-08, 7.426223814277279e-08, 7.462751696942218e-08, 7.385558406361434e-08, 7.413269604228252e-08, 7.397621056757636e-08, 7.099358009477055e-08, 7.520823957476433e-08, 1.4835888621938055e-07, 6.974082706018972e-07, 4.3108791822673865e-07, 7.397621056758149e-08, 7.397621056757587e-08, 7.135709128351696e-08, 1.627615487772763e-05, 7.261741321028121e-08, 3.707161216496506e-07, 7.412909062330866e-08, 1.5297136902136812e-07, 1.9929423648042665e-07, 6.606771984754944e-08, 1.9005985347093835e-07, 7.093455922352494e-08, 0.9999775470112542, 7.436034853545126e-08]"
hMpxV/USA/CA-LACPHL-MA00614/2023|EPI_ISL_18993204|2023-12-05,"[0.0, 0.0, 0.0, 0.0, 0.0, 0.0, 0.0, 0.0, 0.0, 0.0, 0.0, 0.0, 0.0, 0.0, 0.0, 0.0, 0.0, 0.0, 0.0, 0.0, 0.0, 0.0, 0.0, 0.0, 0.0, 0.0, 0.0, 0.0, 0.0, 1.0, 0.0]"
NODE_0000265,"[2.092616769767637e-08, 1.7704515146845398e-09, 1.0230662991674718e-07, 1.6810170565172623e-09, 2.884884351908985e-09, 1.7508083327244588e-09, 1.7550853805927377e-09, 1.7137140866350984e-09, 1.7307221625568973e-09, 1.6933892030306136e-09, 1.7187596705918338e-09, 1.6986977160193893e-09, 1.6179669655621935e-09, 1.7531343494409674e-09, 4.0640296730646215e-09, 2.9726285457970656e-08, 1.4396954758671982e-08, 1.6986977160196016e-09, 1.6986977160193655e-09, 1.6335126236363287e-09, 1.8750557933451506e-06, 1.62790194019835e-09, 1.2821660774734329e-08, 1.706589177709304e-09, 4.284167800458606e-09, 5.731548769630417e-09, 1.4924274123494732e-09, 5.417506228408657e-09, 1.6095664009776118e-09, 0.9999978903136348, 1.7195969146585172e-09]"
hMpxV/USA/CA-CDPH-1M1000496/2024|EPI_ISL_19143455|2024-01-13,"[0.0, 0.0, 0.0, 0.0, 0.0, 0.0, 0.0, 0.0, 0.0, 0.0, 0.0, 0.0, 0.0, 0.0, 0.0, 0.0, 0.0, 0.0, 0.0, 0.0, 0.0, 0.0, 0.0, 0.0, 0.0, 0.0, 0.0, 0.0, 0.0, 1.0, 0.0]"
hMpxV/USA/WA-UW-251694/2024|EPI_ISL_19131279|2024-04-16,"[0.0, 0.0, 0.0, 0.0, 0.0, 0.0, 0.0, 0.0, 0.0, 0.0, 0.0, 0.0, 0.0, 0.0, 0.0, 0.0, 0.0, 0.0, 0.0, 0.0, 0.0, 0.0, 0.0, 0.0, 0.0, 0.0, 0.0, 0.0, 0.0, 1.0, 0.0]"
NODE_0000266,"[8.412508780672982e-10, 5.533232764297776e-11, 4.458488253010681e-09, 5.3398848970085284e-11, 8.881236728205541e-11, 5.49610106526244e-11, 5.550278886353436e-11, 5.4701042440931504e-11, 5.5204468912023037e-11, 5.3729689666245005e-11, 5.507502415488463e-11, 5.426951171099613e-11, 5.0996782521006716e-11, 5.391516091478593e-11, 1.5082463655764096e-10, 1.1930476636103705e-09, 5.836857213580293e-10, 5.4269511711001654e-11, 5.426951171099562e-11, 5.098447395107923e-11, 1.1270366122031739e-07, 5.078717624888081e-11, 5.190647856888068e-10, 5.4500230809040325e-11, 1.520368913450612e-10, 2.1410817836394207e-10, 4.546680702910909e-11, 2.0157946985413562e-10, 5.054325272236753e-11, 0.9999998778806785, 5.485401343464701e-11]"
hMpxV/USA/CA-LACPHL-MA00647/2024|EPI_ISL_19273375|2024-06-26,"[0.0, 0.0, 0.0, 0.0, 0.0, 0.0, 0.0, 0.0, 0.0, 0.0, 0.0, 0.0, 0.0, 0.0, 0.0, 0.0, 0.0, 0.0, 0.0, 0.0, 0.0, 0.0, 0.0, 0.0, 0.0, 0.0, 0.0, 0.0, 0.0, 1.0, 0.0]"
hMpxV/USA/CA-CDPH-1M1000640/2024|EPI_ISL_19295783|2024-06-26,"[0.0, 0.0, 0.0, 0.0, 0.0, 0.0, 0.0, 0.0, 0.0, 0.0, 0.0, 0.0, 0.0, 0.0, 0.0, 0.0, 0.0, 0.0, 0.0, 0.0, 0.0, 0.0, 0.0, 0.0, 0.0, 0.0, 0.0, 0.0, 0.0, 1.0, 0.0]"
hMpxV/USA/WA-UW-190625/2024|EPI_ISL_19336732|2024-07-12,"[0.0, 0.0, 0.0, 0.0, 0.0, 0.0, 0.0, 0.0, 0.0, 0.0, 0.0, 0.0, 0.0, 0.0, 0.0, 0.0, 0.0, 0.0, 0.0, 0.0, 0.0, 0.0, 0.0, 0.0, 0.0, 0.0, 0.0, 0.0, 0.0, 1.0, 0.0]"
NODE_0000158,"[3.8363066299330873e-07, 5.1851881279490186e-08, 1.2868197425606616e-06, 5.0707445977822085e-08, 7.281199927460002e-08, 5.168845604190292e-08, 5.1676155803355255e-08, 5.102982518526953e-08, 5.126645824941353e-08, 5.074645841735163e-08, 5.09354235709583e-08, 5.084727513572546e-08, 4.87744240426568e-08, 5.147985718162297e-08, 1.0176241458025946e-07, 4.693717924724467e-07, 2.9359561264007786e-07, 5.0847275135728987e-08, 5.084727513572489e-08, 4.895447960583915e-08, 1.061889396896672e-05, 4.990460591369512e-08, 2.521432927414305e-07, 5.094530504256444e-08, 1.0455385814481677e-07, 1.3638845853821626e-07, 4.527992451448447e-08, 1.3010642259631883e-07, 4.872844850833031e-08, 0.9999851923204375, 5.109036223076931e-08]"
NODE_0000252,"[1.9749247375620275e-11, 9.539569614236906e-13, 1.1814256675642292e-10, 9.306605647837886e-13, 1.5419033198954973e-12, 9.492152889940786e-13, 9.667825559320449e-13, 9.593719882207703e-13, 9.679990481159784e-13, 9.360601074790795e-13, 9.704182998205206e-13, 9.521913277486571e-13, 8.819390180589917e-13, 9.137759531024674e-13, 3.1539928204642274e-12, 2.8486754259836504e-11, 1.371068284120753e-11, 9.521913277488007e-13, 9.521913277485868e-13, 8.746280038645496e-13, 4.626636569634649e-09, 8.675559428340068e-13, 1.2212460822277631e-11, 9.560989690609712e-13, 3.0444750042057896e-12, 4.532866936860911e-12, 7.601478156033273e-13, 4.245783313463137e-12, 8.70563129340452e-13, 0.9999999951469652, 9.616389124603536e-13]"
hMpxV/USA/CA-CDPH-1M1000424/2023|EPI_ISL_18781808|2023-10-09,"[0.0, 0.0, 0.0, 0.0, 0.0, 0.0, 0.0, 0.0, 0.0, 0.0, 0.0, 0.0, 0.0, 0.0, 0.0, 0.0, 0.0, 0.0, 0.0, 0.0, 0.0, 0.0, 0.0, 0.0, 0.0, 0.0, 0.0, 0.0, 0.0, 1.0, 0.0]"
hMpxV/USA/CA-CDPH-1M1000425/2023|EPI_ISL_18781809|2023-09-26,"[0.0, 0.0, 0.0, 0.0, 0.0, 0.0, 0.0, 0.0, 0.0, 0.0, 0.0, 0.0, 0.0, 0.0, 0.0, 0.0, 0.0, 0.0, 0.0, 0.0, 0.0, 0.0, 0.0, 0.0, 0.0, 0.0, 0.0, 0.0, 0.0, 0.9999999999999999, 0.0]"
hMpxV/USA/CA-CDPH-1M1000411/2023|EPI_ISL_18781840|2023-09-27,"[0.0, 0.0, 0.0, 0.0, 0.0, 0.0, 0.0, 0.0, 0.0, 0.0, 0.0, 0.0, 0.0, 0.0, 0.0, 0.0, 0.0, 0.0, 0.0, 0.0, 0.0, 0.0, 0.0, 0.0, 0.0, 0.0, 0.0, 0.0, 0.0, 1.0, 0.0]"
NODE_0000159,"[2.948466497491115e-23, 7.021105784916935e-28, 1.1097819415727155e-21, 5.3855896030265895e-28, 4.48674230592113e-27, 6.544890999930996e-28, 6.988486130701352e-28, 6.369196589243153e-28, 6.760925350748963e-28, 5.741424364597989e-28, 6.791274190202998e-28, 6.014870299478006e-28, 4.952519124797035e-28, 6.266638426471055e-28, 1.5285140329085563e-26, 1.099757429088791e-23, 4.912148475368323e-25, 6.014870299482203e-28, 6.014870299476802e-28, 5.056999332082816e-28, 9.549176159149603e-17, 4.074871807137589e-28, 6.484743802842599e-25, 6.198579978373227e-28, 1.9119906617145023e-26, 2.7975026638204573e-25, 3.607873438960435e-28, 2.8502217283774906e-26, 4.656651086172433e-28, 1.0, 6.517445104780952e-28]"
hMpxV/USA/CA-LACPHL-MA00582/2024|EPI_ISL_18952716|2024-01-22,"[0.0, 0.0, 0.0, 0.0, 0.0, 0.0, 0.0, 0.0, 0.0, 0.0, 0.0, 0.0, 0.0, 0.0, 0.0, 0.0, 0.0, 0.0, 0.0, 0.0, 0.0, 0.0, 0.0, 0.0, 0.0, 0.0, 0.0, 0.0, 0.0, 1.0, 0.0]"
hMpxV/USA/CA-CDPH-1M1000491/2023|EPI_ISL_19143453|2023-12-12,"[0.0, 0.0, 0.0, 0.0, 0.0, 0.0, 0.0, 0.0, 0.0, 0.0, 0.0, 0.0, 0.0, 0.0, 0.0, 0.0, 0.0, 0.0, 0.0, 0.0, 0.0, 0.0, 0.0, 0.0, 0.0, 0.0, 0.0, 0.0, 0.0, 1.0, 0.0]"
hMpxV/USA/CA-CDPH-1M1000489/2023|EPI_ISL_19143451|2023-12-06,"[0.0, 0.0, 0.0, 0.0, 0.0, 0.0, 0.0, 0.0, 0.0, 0.0, 0.0, 0.0, 0.0, 0.0, 0.0, 0.0, 0.0, 0.0, 0.0, 0.0, 0.0, 0.0, 0.0, 0.0, 0.0, 0.0, 0.0, 0.0, 0.0, 1.0, 0.0]"
hMpxV/USA/CA-CDPH-1M1000376/2023|EPI_ISL_18781787|2023-09-08,"[0.0, 0.0, 0.0, 0.0, 0.0, 0.0, 0.0, 0.0, 0.0, 0.0, 0.0, 0.0, 0.0, 0.0, 0.0, 0.0, 0.0, 0.0, 0.0, 0.0, 0.0, 0.0, 0.0, 0.0, 0.0, 0.0, 0.0, 0.0, 0.0, 1.0, 0.0]"
hMpxV/USA/CA-CDPH-1M1000462/2023|EPI_ISL_18959319|2023-12-27,"[0.0, 0.0, 0.0, 0.0, 0.0, 0.0, 0.0, 0.0, 0.0, 0.0, 0.0, 0.0, 0.0, 0.0, 0.0, 0.0, 0.0, 0.0, 0.0, 0.0, 0.0, 0.0, 0.0, 0.0, 0.0, 0.0, 0.0, 0.0, 0.0, 1.0, 0.0]"
hMpxV/USA/CA-LACPHL-MA00605/2023|EPI_ISL_18993201|2023-10-19,"[0.0, 0.0, 0.0, 0.0, 0.0, 0.0, 0.0, 0.0, 0.0, 0.0, 0.0, 0.0, 0.0, 0.0, 0.0, 0.0, 0.0, 0.0, 0.0, 0.0, 0.0, 0.0, 0.0, 0.0, 0.0, 0.0, 0.0, 0.0, 0.0, 1.0, 0.0]"
hMpxV/USA/IL-RIPHL-004-0161/2024|EPI_ISL_19158950|2024-03-04,"[0.0, 0.0, 0.0, 0.0, 0.0, 0.0, 0.0, 0.0, 0.0, 0.0, 0.0, 0.0, 0.0, 0.0, 0.0, 0.0, 0.0, 0.0, 0.0, 0.0, 0.0, 0.0, 0.0, 0.0, 0.0, 0.0, 0.0, 0.0, 0.0, 1.0, 0.0]"
hMpxV/USA/CA-LACPHL-MA00610/2023|EPI_ISL_18993198|2023-11-29,"[0.0, 0.0, 0.0, 0.0, 0.0, 0.0, 0.0, 0.0, 0.0, 0.0, 0.0, 0.0, 0.0, 0.0, 0.0, 0.0, 0.0, 0.0, 0.0, 0.0, 0.0, 0.0, 0.0, 0.0, 0.0, 0.0, 0.0, 0.0, 0.0, 1.0, 0.0]"
hMpxV/USA/CA-LACPHL-MA00601/2023|EPI_ISL_18993188|2023-10-23,"[0.0, 0.0, 0.0, 0.0, 0.0, 0.0, 0.0, 0.0, 0.0, 0.0, 0.0, 0.0, 0.0, 0.0, 0.0, 0.0, 0.0, 0.0, 0.0, 0.0, 0.0, 0.0, 0.0, 0.0, 0.0, 0.0, 0.0, 0.0, 0.0, 1.0, 0.0]"
hMpxV/USA/CA-CDPH-1M1000550/2023|EPI_ISL_19170479|2023-10-27,"[0.0, 0.0, 0.0, 0.0, 0.0, 0.0, 0.0, 0.0, 0.0, 0.0, 0.0, 0.0, 0.0, 0.0, 0.0, 0.0, 0.0, 0.0, 0.0, 0.0, 0.0, 0.0, 0.0, 0.0, 0.0, 0.0, 0.0, 0.0, 0.0, 1.0, 0.0]"
NODE_0000244,"[2.829054342991752e-12, 1.340130790824743e-13, 1.6961077400275264e-11, 1.3106414936990834e-13, 2.1560692257604412e-13, 1.3346176744026649e-13, 1.360157577864949e-13, 1.3515336708070478e-13, 1.3635073083031145e-13, 1.3179719134823775e-13, 1.3675343445683185e-13, 1.3416138124777303e-13, 1.2410109574473226e-13, 1.2817544322320885e-13, 4.500451880194294e-13, 4.06847681299453e-12, 1.9681544803181223e-12, 1.3416138124787444e-13, 1.3416138124775541e-13, 1.2291186810735374e-13, 6.729317709882308e-10, 1.2197545282303715e-13, 1.7519296852549068e-12, 1.3470264817941007e-13, 4.3232960378808963e-13, 6.468552950555315e-13, 1.0658348406517964e-13, 6.057209690345954e-13, 1.2245781131490044e-13, 0.9999999992946655, 1.3546064517636682e-13]"
hMpxV/USA/CA-CDPH-1M1000374/2023|EPI_ISL_18781786|2023-09-19,"[0.0, 0.0, 0.0, 0.0, 0.0, 0.0, 0.0, 0.0, 0.0, 0.0, 0.0, 0.0, 0.0, 0.0, 0.0, 0.0, 0.0, 0.0, 0.0, 0.0, 0.0, 0.0, 0.0, 0.0, 0.0, 0.0, 0.0, 0.0, 0.0, 1.0, 0.0]"
hMpxV/USA/CA-CDPH-1M1000379/2023|EPI_ISL_18781791|2023-10-04,"[0.0, 0.0, 0.0, 0.0, 0.0, 0.0, 0.0, 0.0, 0.0, 0.0, 0.0, 0.0, 0.0, 0.0, 0.0, 0.0, 0.0, 0.0, 0.0, 0.0, 0.0, 0.0, 0.0, 0.0, 0.0, 0.0, 0.0, 0.0, 0.0, 1.0, 0.0]"
hMpxV/USA/CA-CDPH-1M1000623/2023|EPI_ISL_19295768|2023-09-22,"[0.0, 0.0, 0.0, 0.0, 0.0, 0.0, 0.0, 0.0, 0.0, 0.0, 0.0, 0.0, 0.0, 0.0, 0.0, 0.0, 0.0, 0.0, 0.0, 0.0, 0.0, 0.0, 0.0, 0.0, 0.0, 0.0, 0.0, 0.0, 0.0, 1.0, 0.0]"
NODE_0000245,"[1.039456305740317e-09, 8.301658704948699e-11, 5.012300470307858e-09, 8.001705962584931e-11, 1.305607095065945e-10, 8.250638068631025e-11, 8.294682027030852e-11, 8.161818082445401e-11, 8.233271129518764e-11, 8.046910564002001e-11, 8.195144817456333e-11, 8.100139293564522e-11, 7.6683247333723e-11, 8.156327876040743e-11, 2.0340743396839361e-10, 1.4372731629302858e-09, 7.280311162911707e-10, 8.100139293570299e-11, 8.100139293563474e-11, 7.688105042732767e-11, 9.417966577435771e-08, 7.694601722778026e-11, 6.447305194963038e-10, 8.132929475900747e-11, 2.0856991767550896e-10, 2.8541033778547e-10, 6.945784425167489e-11, 2.6963023813004367e-10, 7.61714577936423e-11, 0.9999998943422251, 8.184421319253427e-11]"
hMpxV/USA/CA-CDPH-1M1000601/2024|EPI_ISL_19295750|2024-05-19,"[0.0, 0.0, 0.0, 0.0, 0.0, 0.0, 0.0, 0.0, 0.0, 0.0, 0.0, 0.0, 0.0, 0.0, 0.0, 0.0, 0.0, 0.0, 0.0, 0.0, 0.0, 0.0, 0.0, 0.0, 0.0, 0.0, 0.0, 0.0, 0.0, 1.0, 0.0]"
hMpxV/USA/CA-CDPH-1M1000605/2024|EPI_ISL_19295754|2024-05-28,"[0.0, 0.0, 0.0, 0.0, 0.0, 0.0, 0.0, 0.0, 0.0, 0.0, 0.0, 0.0, 0.0, 0.0, 0.0, 0.0, 0.0, 0.0, 0.0, 0.0, 0.0, 0.0, 0.0, 0.0, 0.0, 0.0, 0.0, 0.0, 0.0, 1.0, 0.0]"
NODE_0000246,"[1.5512058065856786e-09, 9.219445276040133e-11, 8.702921623264718e-09, 8.850002124565912e-11, 1.5205208591099243e-10, 9.129076583854133e-11, 9.241310123774168e-11, 9.0879221978552e-11, 9.17678198617053e-11, 8.912712076180033e-11, 9.163402517619268e-11, 9.011680444516852e-11, 8.445439800211711e-11, 8.957663214651027e-11, 2.6345145023043086e-10, 2.2485548142122045e-09, 1.067827694498186e-09, 9.011680444518346e-11, 9.01168044451645e-11, 8.453321763365348e-11, 2.608819262713295e-07, 8.378310533774136e-11, 9.52649313112981e-10, 9.052422701668668e-11, 2.6464685215269783e-10, 3.771017794931411e-10, 7.506194518104463e-11, 3.54331409542011e-10, 8.363819455260791e-11, 0.9999997215024519, 9.115038828714297e-11]"
hMpxV/USA/CA-LACPHL-MA00659/2024|EPI_ISL_19347730|2024-07-05,"[0.0, 0.0, 0.0, 0.0, 0.0, 0.0, 0.0, 0.0, 0.0, 0.0, 0.0, 0.0, 0.0, 0.0, 0.0, 0.0, 0.0, 0.0, 0.0, 0.0, 0.0, 0.0, 0.0, 0.0, 0.0, 0.0, 0.0, 0.0, 0.0, 1.0, 0.0]"
hMpxV/USA/WA-UW-902910/2024|EPI_ISL_19370101|2024-08-10,"[0.0, 0.0, 0.0, 0.0, 0.0, 0.0, 0.0, 0.0, 0.0, 0.0, 0.0, 0.0, 0.0, 0.0, 0.0, 0.0, 0.0, 0.0, 0.0, 0.0, 0.0, 0.0, 0.0, 0.0, 0.0, 0.0, 0.0, 0.0, 0.0, 0.9999999999999999, 0.0]"
hMpxV/USA/WA-UW-500470/2024|EPI_ISL_19370102|2024-08-10,"[0.0, 0.0, 0.0, 0.0, 0.0, 0.0, 0.0, 0.0, 0.0, 0.0, 0.0, 0.0, 0.0, 0.0, 0.0, 0.0, 0.0, 0.0, 0.0, 0.0, 0.0, 0.0, 0.0, 0.0, 0.0, 0.0, 0.0, 0.0, 0.0, 0.9999999999999999, 0.0]"
NODE_0000247,"[2.384415150990153e-05, 2.4331970501476642e-05, 2.5176565245079655e-05, 2.4766017739832708e-05, 2.3705508314026278e-05, 2.4610349092393264e-05, 2.407262610372749e-05, 2.395809425347994e-05, 2.3826188684932606e-05, 2.436167526470986e-05, 2.3399414025057833e-05, 2.413121805178301e-05, 2.2972766054449783e-05, 2.4732405203185865e-05, 1.7123218537950416e-05, 2.5852186587092977e-05, 3.216279605052334e-05, 2.413121805178251e-05, 2.4131218051785317e-05, 2.3060214323170766e-05, 2.020473175007372e-05, 2.5497416917700497e-05, 2.1909376934576257e-05, 2.404325857798048e-05, 1.717144296043264e-05, 0.9990726844009585, 2.0913383969040405e-05, 2.6301465055055024e-05, 2.3331939506740194e-05, 0.0002397210535357416, 2.3871728187681685e-05]"
NODE_0000248,"[1.9627085935089376e-07, 2.658195440474409e-07, 1.811093879204327e-07, 2.737060481370876e-07, 2.4243976450745234e-07, 2.697730390319139e-07, 2.6406040687508847e-07, 2.637350521938873e-07, 2.6172753457603154e-07, 2.6812156228980655e-07, 2.57083525645389e-07, 2.663341775464907e-07, 2.4823716570909256e-07, 2.679597835966198e-07, 1.6033305263349505e-07, 2.251201783497336e-07, 3.1589018877458484e-07, 2.663341775464753e-07, 2.66334177546552e-07, 2.4802133407880396e-07, 1.4067697503971237e-07, 2.791391555711075e-07, 1.9952074912428487e-07, 2.6502545403774793e-07, 1.551495731350009e-07, 0.9999914427121404, 2.1587772816114917e-07, 2.736918896799078e-07, 2.5218504396110685e-07, 1.505211240919647e-06, 2.623990896677221e-07]"
hMpxV/South_Africa/NICD-SVPL_360/2024|EPI_ISL_19542508|2024-06-28,"[0.0, 0.0, 0.0, 0.0, 0.0, 0.0, 0.0, 0.0, 0.0, 0.0, 0.0, 0.0, 0.0, 0.0, 0.0, 0.0, 0.0, 0.0, 0.0, 0.0, 0.0, 0.0, 0.0, 0.0, 0.0, 0.9999999999999999, 0.0, 0.0, 0.0, 0.0, 0.0]"
NODE_0000249,"[1.9205641823391384e-09, 3.4081569042408295e-09, 1.4179287840735413e-09, 3.561760377144788e-09, 2.8772165625256675e-09, 3.4712340184524807e-09, 3.3985045474224308e-09, 3.415066565788646e-09, 3.3827378594563606e-09, 3.4756883407603643e-09, 3.3218390936378155e-09, 3.45588208224535e-09, 3.2012519999194505e-09, 3.424396600228884e-09, 1.8483529638299627e-09, 2.110277101432832e-09, 3.471090904558463e-09, 3.4558820822441563e-09, 3.455882082249633e-09, 3.185524424639227e-09, 7.745747257836178e-10, 3.636692461723679e-09, 2.0987143879720517e-09, 3.4352611920600434e-09, 1.7328696056716308e-09, 0.9999999101930748, 2.7455568642168454e-09, 3.2464439973519594e-09, 3.259819937945632e-09, 4.223325063018765e-09, 3.3944293778080892e-09]"
hMpxV/South_Africa/NICD-SVPL_231/2024|EPI_ISL_19542510|2024-06-10,"[0.0, 0.0, 0.0, 0.0, 0.0, 0.0, 0.0, 0.0, 0.0, 0.0, 0.0, 0.0, 0.0, 0.0, 0.0, 0.0, 0.0, 0.0, 0.0, 0.0, 0.0, 0.0, 0.0, 0.0, 0.0, 1.0, 0.0, 0.0, 0.0, 0.0, 0.0]"
hMpxV/South_Africa/NICD-SVPL_164/2024|EPI_ISL_19542512|2024-05-10,"[0.0, 0.0, 0.0, 0.0, 0.0, 0.0, 0.0, 0.0, 0.0, 0.0, 0.0, 0.0, 0.0, 0.0, 0.0, 0.0, 0.0, 0.0, 0.0, 0.0, 0.0, 0.0, 0.0, 0.0, 0.0, 1.0, 0.0, 0.0, 0.0, 0.0, 0.0]"
NODE_0000250,"[1.1403747142191515e-07, 1.7690729014867496e-07, 9.452814812251408e-08, 1.836803925808304e-07, 1.5471013581355675e-07, 1.7989376518329264e-07, 1.7607767225902328e-07, 1.7646435933427204e-07, 1.7492284346811702e-07, 1.7956702258810994e-07, 1.7180998368168554e-07, 1.784179911718386e-07, 1.6606599922697658e-07, 1.7815531755171277e-07, 1.0144247069394743e-07, 1.2695077876432913e-07, 1.9271060305577172e-07, 1.7841799117183093e-07, 1.7841799117186963e-07, 1.6557985630613109e-07, 6.207899227106682e-08, 1.8770864381339346e-07, 1.1954993117249492e-07, 1.774312050627568e-07, 9.675053256174475e-08, 0.9999949211022799, 1.438585354787832e-07, 1.740405390071613e-07, 1.6893566736418069e-07, 5.243104973103748e-07, 1.7547509250899622e-07]"
hMpxV/South_Africa/NICD-SVPL_193/2024|EPI_ISL_19542511|2024-06-06,"[0.0, 0.0, 0.0, 0.0, 0.0, 0.0, 0.0, 0.0, 0.0, 0.0, 0.0, 0.0, 0.0, 0.0, 0.0, 0.0, 0.0, 0.0, 0.0, 0.0, 0.0, 0.0, 0.0, 0.0, 0.0, 0.9999999999999999, 0.0, 0.0, 0.0, 0.0, 0.0]"
NODE_0000251,"[4.87405101563044e-10, 8.891863217748591e-10, 3.4914176373461503e-10, 9.30727009122703e-10, 7.447518722649159e-10, 9.06062746007596e-10, 8.870144602815494e-10, 8.922029276694263e-10, 8.839055497919998e-10, 9.079330533696454e-10, 8.676154901420677e-10, 9.027294539804415e-10, 8.360358958781453e-10, 8.934297277086929e-10, 4.764983238282442e-10, 5.299899738998974e-10, 8.890088329002038e-10, 9.027294539802606e-10, 9.027294539813813e-10, 8.31551863397592e-10, 1.7553727899320456e-10, 9.507560617296814e-10, 5.360485815935833e-10, 8.974082542147017e-10, 4.44712036111407e-10, 0.9999999770827179, 7.171197891186308e-10, 8.390837760765648e-10, 8.5184340548676e-10, 7.072377893671817e-10, 8.868856705373214e-10]"
hMpxV/South_Africa/NICD-SVPL_189/2024|EPI_ISL_19542513|2024-06-01,"[0.0, 0.0, 0.0, 0.0, 0.0, 0.0, 0.0, 0.0, 0.0, 0.0, 0.0, 0.0, 0.0, 0.0, 0.0, 0.0, 0.0, 0.0, 0.0, 0.0, 0.0, 0.0, 0.0, 0.0, 0.0, 1.0, 0.0, 0.0, 0.0, 0.0, 0.0]"
hMpxV/South_Africa/NICD-SVPL_180/2024|EPI_ISL_19542514|2024-05-31,"[0.0, 0.0, 0.0, 0.0, 0.0, 0.0, 0.0, 0.0, 0.0, 0.0, 0.0, 0.0, 0.0, 0.0, 0.0, 0.0, 0.0, 0.0, 0.0, 0.0, 0.0, 0.0, 0.0, 0.0, 0.0, 1.0, 0.0, 0.0, 0.0, 0.0, 0.0]"
NODE_0000160,"[0.24915996691879524, 2.4187480398889066e-05, 0.033975324160585754, 2.3646797381422775e-05, 5.527683675361349e-05, 2.4111826957685214e-05, 2.56743273205821e-05, 2.3834484069196764e-05, 2.3971468709878247e-05, 2.3689211097141462e-05, 2.3753646998669688e-05, 2.3732720617816584e-05, 2.2231190642594387e-05, 2.397809858778511e-05, 4.176139105625129e-05, 0.0001170356046525056, 6.642890704101472e-05, 2.3732720617817292e-05, 2.3732720617817445e-05, 2.2320154505187967e-05, 0.0023362931711554367, 2.2824389655049817e-05, 0.000158090899283147, 2.3788555046974013e-05, 7.112627060926659e-05, 4.227169603483142e-05, 1.9688449869209767e-05, 4.143937826077655e-05, 2.2192640172432595e-05, 0.7134900306819846, 2.3863200521149352e-05]"
hMpxV/Australia/VIC-VIDRL-7136/2024|EPI_ISL_19459786|2024-01-24,"[1.0, 0.0, 0.0, 0.0, 0.0, 0.0, 0.0, 0.0, 0.0, 0.0, 0.0, 0.0, 0.0, 0.0, 0.0, 0.0, 0.0, 0.0, 0.0, 0.0, 0.0, 0.0, 0.0, 0.0, 0.0, 0.0, 0.0, 0.0, 0.0, 0.0, 0.0]"
hMpxV/USA/CA-LACPHL-MA00616/2024|EPI_ISL_18993192|2024-02-12,"[0.0, 0.0, 0.0, 0.0, 0.0, 0.0, 0.0, 0.0, 0.0, 0.0, 0.0, 0.0, 0.0, 0.0, 0.0, 0.0, 0.0, 0.0, 0.0, 0.0, 0.0, 0.0, 0.0, 0.0, 0.0, 0.0, 0.0, 0.0, 0.0, 1.0, 0.0]"
NODE_0000161,"[9.220330793149894e-05, 2.2646140906523146e-08, 0.9998616737452276, 2.2389562095307297e-08, 1.4004570009172814e-07, 2.2608582899118055e-08, 2.717235301754543e-08, 3.6174935863989965e-08, 4.992647419934667e-08, 2.2686850275551066e-08, 2.6889325214883604e-08, 2.2536430769641614e-08, 2.6666335454972537e-08, 2.2959304413408735e-08, 3.286873676484925e-08, 8.256566658266426e-08, 3.3210092764690744e-08, 2.253643076964031e-08, 2.2536430769642256e-08, 2.07409200914113e-08, 2.981928027798213e-06, 2.1150968448925793e-08, 2.5530536567500343e-06, 2.936124242548023e-08, 3.3654851205754852e-06, 2.7152671772561525e-08, 2.7562513234965692e-08, 2.7338367582064363e-08, 2.0624353704567478e-08, 3.636918154123931e-05, 4.294810454271912e-08]"
NODE_0000242,"[8.246450099875267e-08, 1.692442638287803e-08, 0.9999982224982299, 1.710074711804324e-08, 1.1450249883085558e-07, 1.7016364319796944e-08, 2.070214304102654e-08, 1.695303115159485e-08, 1.6948494566861907e-08, 1.7025793007430312e-08, 1.6768595491052875e-08, 1.6979701417733377e-08, 1.6070758689961544e-08, 1.6951339399427587e-08, 1.1599662311188365e-08, 4.022278963683486e-08, 1.6813847306593526e-08, 1.697970141773293e-08, 1.697970141773353e-08, 1.6080424215340635e-08, 3.743965835929109e-07, 1.682686893137984e-08, 3.9864470424754156e-07, 1.6967886915364545e-08, 2.7733711675341274e-08, 1.6428948446374066e-08, 1.4384396713884462e-08, 1.6576341705889857e-08, 1.6129638910163904e-08, 3.573966252149137e-07, 1.6931542784912724e-08]"
hMpxV/Brazil/SC-FIOCRUZ-10557/2024|EPI_ISL_19416193|2024-04-17,"[0.0, 0.0, 1.0, 0.0, 0.0, 0.0, 0.0, 0.0, 0.0, 0.0, 0.0, 0.0, 0.0, 0.0, 0.0, 0.0, 0.0, 0.0, 0.0, 0.0, 0.0, 0.0, 0.0, 0.0, 0.0, 0.0, 0.0, 0.0, 0.0, 0.0, 0.0]"
NODE_0000243,"[2.877958685165087e-14, 3.986447243644168e-15, 0.9999999999966059, 3.968337834049647e-15, 1.0804695646391448e-13, 3.990798043720299e-15, 5.667221450738922e-15, 4.025667448566412e-15, 4.047297854356433e-15, 3.978914304336711e-15, 4.023558010400875e-15, 4.011451631404636e-15, 3.631474989553019e-15, 3.886417446508901e-15, 2.3460030251290822e-15, 1.996866613992744e-14, 3.7101505364455865e-15, 4.011451631403449e-15, 4.011451631404153e-15, 3.614411161411127e-15, 1.5989518564882254e-12, 3.674117331806352e-15, 9.57607835258891e-13, 4.019915048382461e-15, 9.47267951038501e-15, 3.911800825618374e-15, 2.974386328791514e-15, 4.001696406237533e-15, 3.606087695991036e-15, 5.819234187197783e-13, 4.026945930395966e-15]"
hMpxV/Brazil/SC-FIOCRUZ-10556/2024|EPI_ISL_19416192|2024-04-15,"[0.0, 0.0, 1.0, 0.0, 0.0, 0.0, 0.0, 0.0, 0.0, 0.0, 0.0, 0.0, 0.0, 0.0, 0.0, 0.0, 0.0, 0.0, 0.0, 0.0, 0.0, 0.0, 0.0, 0.0, 0.0, 0.0, 0.0, 0.0, 0.0, 0.0, 0.0]"
hMpxV/Brazil/SC-FIOCRUZ-10558/2024|EPI_ISL_19416194|2024-04-22,"[0.0, 0.0, 1.0, 0.0, 0.0, 0.0, 0.0, 0.0, 0.0, 0.0, 0.0, 0.0, 0.0, 0.0, 0.0, 0.0, 0.0, 0.0, 0.0, 0.0, 0.0, 0.0, 0.0, 0.0, 0.0, 0.0, 0.0, 0.0, 0.0, 0.0, 0.0]"
hMpxV/Brazil/SC-FIOCRUZ-10559/2024|EPI_ISL_19416195|2024-05-16,"[0.0, 0.0, 1.0, 0.0, 0.0, 0.0, 0.0, 0.0, 0.0, 0.0, 0.0, 0.0, 0.0, 0.0, 0.0, 0.0, 0.0, 0.0, 0.0, 0.0, 0.0, 0.0, 0.0, 0.0, 0.0, 0.0, 0.0, 0.0, 0.0, 0.0, 0.0]"
hMpxV/Brazil/SC-FIOCRUZ-10560/2024|EPI_ISL_19416196|2024-05-17,"[0.0, 0.0, 1.0, 0.0, 0.0, 0.0, 0.0, 0.0, 0.0, 0.0, 0.0, 0.0, 0.0, 0.0, 0.0, 0.0, 0.0, 0.0, 0.0, 0.0, 0.0, 0.0, 0.0, 0.0, 0.0, 0.0, 0.0, 0.0, 0.0, 0.0, 0.0]"
NODE_0000206,"[4.318018549867525e-07, 1.4056645748890528e-07, 0.9999883712103625, 1.4140936391334587e-07, 7.848037065416639e-07, 1.4110185161515586e-07, 1.6690081991825531e-07, 1.3984259267751115e-07, 1.398443495421418e-07, 1.4151263115839126e-07, 1.3792050099157602e-07, 1.4000427702805197e-07, 1.3354117110326814e-07, 1.4351381823979275e-07, 9.879011902331485e-08, 3.0588256108717135e-07, 1.4497981509853691e-07, 1.4000427702804723e-07, 1.4000427702805025e-07, 1.3470801234488475e-07, 2.0639383547409034e-06, 1.4056384701947767e-07, 2.355453276807386e-06, 1.3993116076708117e-07, 2.1944698287284896e-07, 1.3585881533890706e-07, 1.2128963538285547e-07, 1.3669188136775472e-07, 1.3411938760196833e-07, 2.29464942323545e-06, 1.397144153233945e-07]"
hMpxV/Brazil/RJ-FIOCRUZ-10510/2024|EPI_ISL_19416160|2024-06-11,"[0.0, 0.0, 0.9999999999999999, 0.0, 0.0, 0.0, 0.0, 0.0, 0.0, 0.0, 0.0, 0.0, 0.0, 0.0, 0.0, 0.0, 0.0, 0.0, 0.0, 0.0, 0.0, 0.0, 0.0, 0.0, 0.0, 0.0, 0.0, 0.0, 0.0, 0.0, 0.0]"
NODE_0000207,"[2.2290263948471893e-13, 3.341469042352137e-14, 0.9999993198034332, 1.697980352897157e-14, 3.690707894829152e-12, 2.259991690951969e-14, 3.8345260360470063e-14, 1.7524032751646254e-14, 1.771900586569627e-14, 1.727318826564348e-14, 1.7605663036580517e-14, 1.7365382576696968e-14, 1.5374380065416466e-14, 2.5299800020787247e-14, 1.439598816680345e-14, 7.886076486171247e-13, 1.7226379547265344e-14, 1.7365382576696968e-14, 1.7365382576705367e-14, 2.2800372185109478e-14, 6.801342910325946e-07, 1.5161924742252664e-14, 1.4282073535004125e-11, 1.7453118960569098e-14, 7.173916804112904e-14, 1.718052731281456e-14, 1.2169474233890112e-14, 1.7698400834958302e-14, 1.5137352839773593e-14, 4.277866044405993e-11, 1.756825586833144e-14]"
hMpxV/Peru/LIM-INS-549/2024|EPI_ISL_19449525|2024-07-31,"[0.0, 0.0, 0.0, 0.0, 0.0, 0.0, 0.0, 0.0, 0.0, 0.0, 0.0, 0.0, 0.0, 0.0, 0.0, 0.0, 0.0, 0.0, 0.0, 0.0, 0.9999999999999999, 0.0, 0.0, 0.0, 0.0, 0.0, 0.0, 0.0, 0.0, 0.0, 0.0]"
hMpxV/Brazil/RJ-UG_UFRJ_0567/2024|EPI_ISL_19434508|2024-09-02,"[0.0, 0.0, 1.0, 0.0, 0.0, 0.0, 0.0, 0.0, 0.0, 0.0, 0.0, 0.0, 0.0, 0.0, 0.0, 0.0, 0.0, 0.0, 0.0, 0.0, 0.0, 0.0, 0.0, 0.0, 0.0, 0.0, 0.0, 0.0, 0.0, 0.0, 0.0]"
hMpxV/Brazil/RJ-FIOCRUZ-10535/2024|EPI_ISL_19416177|2024-08-20,"[0.0, 0.0, 1.0, 0.0, 0.0, 0.0, 0.0, 0.0, 0.0, 0.0, 0.0, 0.0, 0.0, 0.0, 0.0, 0.0, 0.0, 0.0, 0.0, 0.0, 0.0, 0.0, 0.0, 0.0, 0.0, 0.0, 0.0, 0.0, 0.0, 0.0, 0.0]"
hMpxV/Brazil/RJ-FIOCRUZ-10537/2024|EPI_ISL_19416179|2024-08-26,"[0.0, 0.0, 1.0, 0.0, 0.0, 0.0, 0.0, 0.0, 0.0, 0.0, 0.0, 0.0, 0.0, 0.0, 0.0, 0.0, 0.0, 0.0, 0.0, 0.0, 0.0, 0.0, 0.0, 0.0, 0.0, 0.0, 0.0, 0.0, 0.0, 0.0, 0.0]"
hMpxV/Brazil/RJ-FIOCRUZ-10544/2024|EPI_ISL_19416183|2024-08-31,"[0.0, 0.0, 1.0, 0.0, 0.0, 0.0, 0.0, 0.0, 0.0, 0.0, 0.0, 0.0, 0.0, 0.0, 0.0, 0.0, 0.0, 0.0, 0.0, 0.0, 0.0, 0.0, 0.0, 0.0, 0.0, 0.0, 0.0, 0.0, 0.0, 0.0, 0.0]"
hMpxV/Brazil/RJ-FIOCRUZ-10566/2024|EPI_ISL_19416202|2024-09-04,"[0.0, 0.0, 1.0, 0.0, 0.0, 0.0, 0.0, 0.0, 0.0, 0.0, 0.0, 0.0, 0.0, 0.0, 0.0, 0.0, 0.0, 0.0, 0.0, 0.0, 0.0, 0.0, 0.0, 0.0, 0.0, 0.0, 0.0, 0.0, 0.0, 0.0, 0.0]"
NODE_0000208,"[3.121376116513992e-11, 9.872528507016185e-15, 0.9999999997822753, 9.433020251651852e-15, 3.802885240958299e-13, 9.749736396082146e-15, 1.384626916095768e-14, 1.10441213016693e-14, 1.2561816198766548e-14, 9.800257490796268e-15, 1.011732418009901e-14, 9.599252692722814e-15, 9.113253758461248e-15, 1.030574059292879e-14, 7.561268113783819e-15, 7.597477941568954e-14, 1.166487880493171e-14, 9.599252692721247e-15, 9.599252692721346e-15, 8.826757909519412e-15, 3.7948027455641274e-11, 8.563119256696543e-15, 1.24593569578825e-11, 1.0320589136438833e-14, 7.383534662547001e-13, 1.020935081146008e-14, 7.62036311522972e-15, 1.0435364234535202e-14, 8.437291818972087e-15, 1.3467870030044502e-10, 1.1760603851393867e-14]"
hMpxV/Brazil/RJ-UG_UFRJ_0564/2024|EPI_ISL_19434506|2024-06-26,"[0.0, 0.0, 1.0, 0.0, 0.0, 0.0, 0.0, 0.0, 0.0, 0.0, 0.0, 0.0, 0.0, 0.0, 0.0, 0.0, 0.0, 0.0, 0.0, 0.0, 0.0, 0.0, 0.0, 0.0, 0.0, 0.0, 0.0, 0.0, 0.0, 0.0, 0.0]"
hMpxV/Brazil/RJ-UG_UFRJ_0571/2024|EPI_ISL_19434509|2024-08-16,"[0.0, 0.0, 1.0, 0.0, 0.0, 0.0, 0.0, 0.0, 0.0, 0.0, 0.0, 0.0, 0.0, 0.0, 0.0, 0.0, 0.0, 0.0, 0.0, 0.0, 0.0, 0.0, 0.0, 0.0, 0.0, 0.0, 0.0, 0.0, 0.0, 0.0, 0.0]"
hMpxV/Brazil/RJ-FIOCRUZ-10511/2024|EPI_ISL_19416161|2024-06-14,"[0.0, 0.0, 0.9999999999999999, 0.0, 0.0, 0.0, 0.0, 0.0, 0.0, 0.0, 0.0, 0.0, 0.0, 0.0, 0.0, 0.0, 0.0, 0.0, 0.0, 0.0, 0.0, 0.0, 0.0, 0.0, 0.0, 0.0, 0.0, 0.0, 0.0, 0.0, 0.0]"
NODE_0000239,"[8.935545932157038e-10, 2.1820768715623876e-10, 0.9999999606751868, 2.174307855614704e-10, 2.2418562926030218e-09, 2.183851727434578e-10, 2.756757136825712e-10, 2.173356000142942e-10, 2.1803030433823458e-10, 2.1887889704747257e-10, 2.151634371146265e-10, 2.1694023907646165e-10, 2.030562519727923e-10, 2.2171085502317464e-10, 1.4394796489160435e-10, 6.637268575338677e-10, 2.2167402600309795e-10, 2.1694023907640349e-10, 2.1694023907643983e-10, 2.0502650533722882e-10, 1.1420737157110704e-08, 2.105555966197246e-10, 1.0082483874498663e-08, 2.1717366095749925e-10, 4.111985357062514e-10, 2.1167623097315043e-10, 1.7753094277839923e-10, 2.1418212755931262e-10, 2.028835903955826e-10, 8.714542153319376e-09, 2.1736771581489235e-10]"
hMpxV/Brazil/RJ-FIOCRUZ-10513/2024|EPI_ISL_19416163|2024-06-20,"[0.0, 0.0, 1.0, 0.0, 0.0, 0.0, 0.0, 0.0, 0.0, 0.0, 0.0, 0.0, 0.0, 0.0, 0.0, 0.0, 0.0, 0.0, 0.0, 0.0, 0.0, 0.0, 0.0, 0.0, 0.0, 0.0, 0.0, 0.0, 0.0, 0.0, 0.0]"
hMpxV/Brazil/RJ-FIOCRUZ-10523/2024|EPI_ISL_19416168|2024-08-08,"[0.0, 0.0, 1.0, 0.0, 0.0, 0.0, 0.0, 0.0, 0.0, 0.0, 0.0, 0.0, 0.0, 0.0, 0.0, 0.0, 0.0, 0.0, 0.0, 0.0, 0.0, 0.0, 0.0, 0.0, 0.0, 0.0, 0.0, 0.0, 0.0, 0.0, 0.0]"
NODE_0000240,"[1.444814745422678e-07, 4.6019811208463266e-08, 0.9999955784358288, 4.6407022193953796e-08, 2.955724875807849e-07, 4.6232947351796607e-08, 5.577612732584415e-08, 4.595866379673528e-08, 4.5937735378695165e-08, 4.63037011002225e-08, 4.5424888260743604e-08, 4.603783934331027e-08, 4.3670984030479365e-08, 4.643235253983497e-08, 3.170431234769058e-08, 1.0684634448235831e-07, 4.6332925191728443e-08, 4.6037839343309114e-08, 4.6037839343309154e-08, 4.3846373599293384e-08, 9.071578176398122e-07, 4.580699122307563e-08, 9.859423174675866e-07, 4.600185236356472e-08, 7.310992531565164e-08, 4.457878114438397e-08, 3.925615391591012e-08, 4.493780247502716e-08, 4.38434497076745e-08, 8.699682961243688e-07, 4.589911494659715e-08]"
hMpxV/Brazil/SP-IAL-357942002/2024|EPI_ISL_19446307|2024-09-12,"[0.0, 0.0, 1.0, 0.0, 0.0, 0.0, 0.0, 0.0, 0.0, 0.0, 0.0, 0.0, 0.0, 0.0, 0.0, 0.0, 0.0, 0.0, 0.0, 0.0, 0.0, 0.0, 0.0, 0.0, 0.0, 0.0, 0.0, 0.0, 0.0, 0.0, 0.0]"
NODE_0000241,"[5.680962486756617e-09, 1.607276423497244e-09, 0.9999997969402677, 1.6252814276462945e-09, 1.2726834431870313e-08, 1.6166659893428177e-09, 2.002815595293151e-09, 1.6137807543630214e-09, 1.6129520000586433e-09, 1.6158522724307978e-09, 1.5991249480810842e-09, 1.616833369798823e-09, 1.522610512909045e-09, 1.5969317659470144e-09, 1.0790157540743653e-09, 4.1171242286841814e-09, 1.5688857825683116e-09, 1.6168333697987195e-09, 1.6168333697987798e-09, 1.5190989435381136e-09, 5.1347261745004345e-08, 1.5888873854813444e-09, 5.031397070269824e-08, 1.6154908120292673e-09, 2.6375258200659826e-09, 1.5626137063866092e-09, 1.3498712180439493e-09, 1.5793425205561078e-09, 1.5272916687885853e-09, 3.997044087215003e-08, 1.6113224888356687e-09]"
hMpxV/Brazil/RJ-UG_UFRJ_0563/2024|EPI_ISL_19434510|2024-08-21,"[0.0, 0.0, 0.9999999999999999, 0.0, 0.0, 0.0, 0.0, 0.0, 0.0, 0.0, 0.0, 0.0, 0.0, 0.0, 0.0, 0.0, 0.0, 0.0, 0.0, 0.0, 0.0, 0.0, 0.0, 0.0, 0.0, 0.0, 0.0, 0.0, 0.0, 0.0, 0.0]"
hMpxV/Brazil/BA-LACEN-293858477/2024|EPI_ISL_19361754|2024-08-12,"[0.0, 0.0, 1.0, 0.0, 0.0, 0.0, 0.0, 0.0, 0.0, 0.0, 0.0, 0.0, 0.0, 0.0, 0.0, 0.0, 0.0, 0.0, 0.0, 0.0, 0.0, 0.0, 0.0, 0.0, 0.0, 0.0, 0.0, 0.0, 0.0, 0.0, 0.0]"
NODE_0000209,"[5.982889708394897e-47, 2.7142469493418887e-50, 1.0, 2.335412145927684e-50, 1.7289364869297658e-44, 2.596526309075171e-50, 1.0929320939309414e-49, 2.8253369675605254e-50, 2.989354984808109e-50, 2.551889133794669e-50, 3.0140310894126015e-50, 2.684428428143531e-50, 1.7738228870684423e-50, 2.372225715678163e-50, 5.614495744482078e-51, 3.334869782054128e-47, 1.8673037695572858e-50, 2.684428428142467e-50, 2.684428428143039e-50, 1.7683994357698106e-50, 1.4591945884039397e-38, 1.3993536222699498e-50, 1.2591743844707335e-40, 2.7599195647898035e-50, 1.43199732185168e-48, 2.8485887742337383e-50, 7.711125348307345e-51, 3.2047765444212334e-50, 1.6195686406046671e-50, 1.0297224899855029e-41, 2.874079563499599e-50]"
hMpxV/Brazil/RJ-UG_UFRJ_0555/2024|EPI_ISL_19434499|2024-08-26,"[0.0, 0.0, 0.9999999999999999, 0.0, 0.0, 0.0, 0.0, 0.0, 0.0, 0.0, 0.0, 0.0, 0.0, 0.0, 0.0, 0.0, 0.0, 0.0, 0.0, 0.0, 0.0, 0.0, 0.0, 0.0, 0.0, 0.0, 0.0, 0.0, 0.0, 0.0, 0.0]"
hMpxV/Brazil/RJ-UG_UFRJ_0557/2024|EPI_ISL_19434501|2024-08-22,"[0.0, 0.0, 1.0, 0.0, 0.0, 0.0, 0.0, 0.0, 0.0, 0.0, 0.0, 0.0, 0.0, 0.0, 0.0, 0.0, 0.0, 0.0, 0.0, 0.0, 0.0, 0.0, 0.0, 0.0, 0.0, 0.0, 0.0, 0.0, 0.0, 0.0, 0.0]"
hMpxV/Brazil/RJ-UG_UFRJ_0561/2024|EPI_ISL_19434511|2024-07-30,"[0.0, 0.0, 1.0, 0.0, 0.0, 0.0, 0.0, 0.0, 0.0, 0.0, 0.0, 0.0, 0.0, 0.0, 0.0, 0.0, 0.0, 0.0, 0.0, 0.0, 0.0, 0.0, 0.0, 0.0, 0.0, 0.0, 0.0, 0.0, 0.0, 0.0, 0.0]"
hMpxV/Brazil/RJ-UG_UFRJ_0556/2024|EPI_ISL_19434505|2024-08-29,"[0.0, 0.0, 1.0, 0.0, 0.0, 0.0, 0.0, 0.0, 0.0, 0.0, 0.0, 0.0, 0.0, 0.0, 0.0, 0.0, 0.0, 0.0, 0.0, 0.0, 0.0, 0.0, 0.0, 0.0, 0.0, 0.0, 0.0, 0.0, 0.0, 0.0, 0.0]"
hMpxV/Brazil/RJ-UG_UFRJ_0566/2024|EPI_ISL_19434507|2024-08-27,"[0.0, 0.0, 1.0, 0.0, 0.0, 0.0, 0.0, 0.0, 0.0, 0.0, 0.0, 0.0, 0.0, 0.0, 0.0, 0.0, 0.0, 0.0, 0.0, 0.0, 0.0, 0.0, 0.0, 0.0, 0.0, 0.0, 0.0, 0.0, 0.0, 0.0, 0.0]"
hMpxV/Brazil/RJ-UG_UFRJ_0570/2024|EPI_ISL_19434514|2024-09-02,"[0.0, 0.0, 1.0, 0.0, 0.0, 0.0, 0.0, 0.0, 0.0, 0.0, 0.0, 0.0, 0.0, 0.0, 0.0, 0.0, 0.0, 0.0, 0.0, 0.0, 0.0, 0.0, 0.0, 0.0, 0.0, 0.0, 0.0, 0.0, 0.0, 0.0, 0.0]"
hMpxV/Brazil/RJ-FIOCRUZ-10517/2024|EPI_ISL_19416164|2024-07-23,"[0.0, 0.0, 0.9999999999999999, 0.0, 0.0, 0.0, 0.0, 0.0, 0.0, 0.0, 0.0, 0.0, 0.0, 0.0, 0.0, 0.0, 0.0, 0.0, 0.0, 0.0, 0.0, 0.0, 0.0, 0.0, 0.0, 0.0, 0.0, 0.0, 0.0, 0.0, 0.0]"
hMpxV/Brazil/RJ-FIOCRUZ-10522/2024|EPI_ISL_19416167|2024-08-08,"[0.0, 0.0, 0.9999999999999999, 0.0, 0.0, 0.0, 0.0, 0.0, 0.0, 0.0, 0.0, 0.0, 0.0, 0.0, 0.0, 0.0, 0.0, 0.0, 0.0, 0.0, 0.0, 0.0, 0.0, 0.0, 0.0, 0.0, 0.0, 0.0, 0.0, 0.0, 0.0]"
hMpxV/Brazil/RJ-FIOCRUZ-10524/2024|EPI_ISL_19416169|2024-08-10,"[0.0, 0.0, 1.0, 0.0, 0.0, 0.0, 0.0, 0.0, 0.0, 0.0, 0.0, 0.0, 0.0, 0.0, 0.0, 0.0, 0.0, 0.0, 0.0, 0.0, 0.0, 0.0, 0.0, 0.0, 0.0, 0.0, 0.0, 0.0, 0.0, 0.0, 0.0]"
hMpxV/Brazil/RJ-FIOCRUZ-10526/2024|EPI_ISL_19416171|2024-08-15,"[0.0, 0.0, 1.0, 0.0, 0.0, 0.0, 0.0, 0.0, 0.0, 0.0, 0.0, 0.0, 0.0, 0.0, 0.0, 0.0, 0.0, 0.0, 0.0, 0.0, 0.0, 0.0, 0.0, 0.0, 0.0, 0.0, 0.0, 0.0, 0.0, 0.0, 0.0]"
hMpxV/Brazil/RJ-FIOCRUZ-10528/2024|EPI_ISL_19416173|2024-08-19,"[0.0, 0.0, 1.0, 0.0, 0.0, 0.0, 0.0, 0.0, 0.0, 0.0, 0.0, 0.0, 0.0, 0.0, 0.0, 0.0, 0.0, 0.0, 0.0, 0.0, 0.0, 0.0, 0.0, 0.0, 0.0, 0.0, 0.0, 0.0, 0.0, 0.0, 0.0]"
hMpxV/Brazil/RJ-FIOCRUZ-10529/2024|EPI_ISL_19416174|2024-08-19,"[0.0, 0.0, 1.0, 0.0, 0.0, 0.0, 0.0, 0.0, 0.0, 0.0, 0.0, 0.0, 0.0, 0.0, 0.0, 0.0, 0.0, 0.0, 0.0, 0.0, 0.0, 0.0, 0.0, 0.0, 0.0, 0.0, 0.0, 0.0, 0.0, 0.0, 0.0]"
hMpxV/Brazil/RJ-FIOCRUZ-10536/2024|EPI_ISL_19416178|2024-08-23,"[0.0, 0.0, 1.0, 0.0, 0.0, 0.0, 0.0, 0.0, 0.0, 0.0, 0.0, 0.0, 0.0, 0.0, 0.0, 0.0, 0.0, 0.0, 0.0, 0.0, 0.0, 0.0, 0.0, 0.0, 0.0, 0.0, 0.0, 0.0, 0.0, 0.0, 0.0]"
hMpxV/Brazil/RJ-FIOCRUZ-10534/2024|EPI_ISL_19416176|2024-08-20,"[0.0, 0.0, 0.9999999999999999, 0.0, 0.0, 0.0, 0.0, 0.0, 0.0, 0.0, 0.0, 0.0, 0.0, 0.0, 0.0, 0.0, 0.0, 0.0, 0.0, 0.0, 0.0, 0.0, 0.0, 0.0, 0.0, 0.0, 0.0, 0.0, 0.0, 0.0, 0.0]"
hMpxV/Brazil/RJ-FIOCRUZ-10541/2024|EPI_ISL_19416181|2024-08-29,"[0.0, 0.0, 1.0, 0.0, 0.0, 0.0, 0.0, 0.0, 0.0, 0.0, 0.0, 0.0, 0.0, 0.0, 0.0, 0.0, 0.0, 0.0, 0.0, 0.0, 0.0, 0.0, 0.0, 0.0, 0.0, 0.0, 0.0, 0.0, 0.0, 0.0, 0.0]"
hMpxV/Brazil/RJ-FIOCRUZ-10542/2024|EPI_ISL_19416182|2024-08-31,"[0.0, 0.0, 1.0, 0.0, 0.0, 0.0, 0.0, 0.0, 0.0, 0.0, 0.0, 0.0, 0.0, 0.0, 0.0, 0.0, 0.0, 0.0, 0.0, 0.0, 0.0, 0.0, 0.0, 0.0, 0.0, 0.0, 0.0, 0.0, 0.0, 0.0, 0.0]"
NODE_0000211,"[1.457737242974577e-09, 4.3673808151813814e-10, 0.9999999529427307, 4.4199133136678963e-10, 3.103101435334608e-09, 4.3940702632486486e-10, 5.386210381812329e-10, 4.3820811731641493e-10, 4.3783434789904015e-10, 4.3931300649996057e-10, 4.3390576335241727e-10, 4.3916964530404183e-10, 4.1480827702544154e-10, 4.3493009399525165e-10, 2.9615068287145626e-10, 1.0599399323227387e-09, 4.285607587858832e-10, 4.3916964530391486e-10, 4.3916964530399163e-10, 4.140913727344258e-10, 1.0585990311904087e-08, 4.338431245956367e-10, 1.1148067152467323e-08, 4.3873155532412446e-10, 6.97341870932687e-10, 4.242701777160586e-10, 3.6989435943689337e-10, 4.284041591559837e-10, 4.16358570302695e-10, 9.14401790262827e-09, 4.375025825701713e-10]"
hMpxV/Brazil/RJ-UG_UFRJ_0562/2024|EPI_ISL_19434502|2024-08-26,"[0.0, 0.0, 1.0, 0.0, 0.0, 0.0, 0.0, 0.0, 0.0, 0.0, 0.0, 0.0, 0.0, 0.0, 0.0, 0.0, 0.0, 0.0, 0.0, 0.0, 0.0, 0.0, 0.0, 0.0, 0.0, 0.0, 0.0, 0.0, 0.0, 0.0, 0.0]"
hMpxV/Brazil/SC-FIOCRUZ-10562/2024|EPI_ISL_19416198|2024-08-20,"[0.0, 0.0, 1.0, 0.0, 0.0, 0.0, 0.0, 0.0, 0.0, 0.0, 0.0, 0.0, 0.0, 0.0, 0.0, 0.0, 0.0, 0.0, 0.0, 0.0, 0.0, 0.0, 0.0, 0.0, 0.0, 0.0, 0.0, 0.0, 0.0, 0.0, 0.0]"
NODE_0000212,"[1.6855433795442503e-08, 5.368470498976978e-09, 0.9999994856668448, 5.415055689156999e-09, 3.444858259078652e-08, 5.3939684559041506e-09, 6.5088979551521915e-09, 5.3626817487406755e-09, 5.360096072445466e-09, 5.401709159466759e-09, 5.300643820069002e-09, 5.372070041536259e-09, 5.095635445661189e-09, 5.413218912753959e-09, 3.697429310597266e-09, 1.245576822013637e-08, 5.398671221901355e-09, 5.3720700415348e-09, 5.372070041535685e-09, 5.1144910793732155e-09, 1.0516733858611743e-07, 5.344668083545469e-09, 1.1464876657360498e-07, 5.367797037101107e-09, 8.516416653260314e-09, 5.201111243738768e-09, 4.580102666762397e-09, 5.243204575063963e-09, 5.115851418075534e-09, 1.0108528031133353e-07, 5.355653882195449e-09]"
hMpxV/Brazil/RJ-UG_UFRJ_0559/2024|EPI_ISL_19434503|2024-08-26,"[0.0, 0.0, 0.9999999999999999, 0.0, 0.0, 0.0, 0.0, 0.0, 0.0, 0.0, 0.0, 0.0, 0.0, 0.0, 0.0, 0.0, 0.0, 0.0, 0.0, 0.0, 0.0, 0.0, 0.0, 0.0, 0.0, 0.0, 0.0, 0.0, 0.0, 0.0, 0.0]"
hMpxV/Brazil/SP-IAL-357991445/2024|EPI_ISL_19524879|2024-10-15,"[0.0, 0.0, 1.0, 0.0, 0.0, 0.0, 0.0, 0.0, 0.0, 0.0, 0.0, 0.0, 0.0, 0.0, 0.0, 0.0, 0.0, 0.0, 0.0, 0.0, 0.0, 0.0, 0.0, 0.0, 0.0, 0.0, 0.0, 0.0, 0.0, 0.0, 0.0]"
NODE_0000213,"[5.496066908714199e-09, 1.6328923599394964e-09, 0.9999998211176676, 1.6532695368315682e-09, 1.1765132130955276e-08, 1.6431672401472172e-09, 2.018507760689349e-09, 1.6393688869680951e-09, 1.637886197491908e-09, 1.6424513050308393e-09, 1.6236666667589141e-09, 1.643066827955493e-09, 1.5510218263471145e-09, 1.6233964020596045e-09, 1.1049083529728503e-09, 3.987500501416385e-09, 1.5970122986789516e-09, 1.6430668279554146e-09, 1.6430668279554713e-09, 1.547209398748698e-09, 4.075131990391715e-08, 1.6215654872410586e-09, 4.2712162295304337e-08, 1.6413817203583067e-09, 2.609714287826922e-09, 1.586854698622316e-09, 1.381579891683635e-09, 1.6026738193901556e-09, 1.5567701645998628e-09, 3.468899021908059e-08, 1.6366616416646963e-09]"
hMpxV/Brazil/RJ-UG_UFRJ_0565/2024|EPI_ISL_19434512|2024-08-15,"[0.0, 0.0, 1.0, 0.0, 0.0, 0.0, 0.0, 0.0, 0.0, 0.0, 0.0, 0.0, 0.0, 0.0, 0.0, 0.0, 0.0, 0.0, 0.0, 0.0, 0.0, 0.0, 0.0, 0.0, 0.0, 0.0, 0.0, 0.0, 0.0, 0.0, 0.0]"
hMpxV/Brazil/RJ-FIOCRUZ-10532/2024|EPI_ISL_19416175|2024-08-17,"[0.0, 0.0, 0.9999999999999999, 0.0, 0.0, 0.0, 0.0, 0.0, 0.0, 0.0, 0.0, 0.0, 0.0, 0.0, 0.0, 0.0, 0.0, 0.0, 0.0, 0.0, 0.0, 0.0, 0.0, 0.0, 0.0, 0.0, 0.0, 0.0, 0.0, 0.0, 0.0]"
NODE_0000210,"[7.095463042493612e-16, 9.581204069645535e-17, 0.9999999999999108, 9.560757056535515e-17, 2.7420583312353658e-15, 9.601265888849913e-17, 1.376092081026778e-16, 9.704519540184257e-17, 9.753874947782414e-17, 9.562017898792405e-17, 9.710124598221449e-17, 9.67342608153666e-17, 8.735543928322454e-17, 9.263823900473862e-17, 5.586695081457008e-17, 4.912217965594688e-16, 8.774010209828425e-17, 9.673426081531977e-17, 9.673426081533798e-17, 8.662492434324786e-17, 4.2666627917085744e-14, 8.823429584365789e-17, 2.5237242110560745e-14, 9.69234929034632e-17, 2.276624440924357e-16, 9.418714443839082e-17, 7.122109577708419e-17, 9.64471872959177e-17, 8.673802404290688e-17, 1.466299583543122e-14, 9.705568197317848e-17]"
hMpxV/Brazil/RJ-UG_UFRJ_0550/2024|EPI_ISL_19434494|2024-07-22,"[0.0, 0.0, 0.9999999999999999, 0.0, 0.0, 0.0, 0.0, 0.0, 0.0, 0.0, 0.0, 0.0, 0.0, 0.0, 0.0, 0.0, 0.0, 0.0, 0.0, 0.0, 0.0, 0.0, 0.0, 0.0, 0.0, 0.0, 0.0, 0.0, 0.0, 0.0, 0.0]"
hMpxV/Brazil/RJ-FIOCRUZ-10521/2024|EPI_ISL_19416166|2024-08-07,"[0.0, 0.0, 1.0, 0.0, 0.0, 0.0, 0.0, 0.0, 0.0, 0.0, 0.0, 0.0, 0.0, 0.0, 0.0, 0.0, 0.0, 0.0, 0.0, 0.0, 0.0, 0.0, 0.0, 0.0, 0.0, 0.0, 0.0, 0.0, 0.0, 0.0, 0.0]"
hMpxV/Brazil/RJ-FIOCRUZ-10520/2024|EPI_ISL_19416165|2024-08-05,"[0.0, 0.0, 1.0, 0.0, 0.0, 0.0, 0.0, 0.0, 0.0, 0.0, 0.0, 0.0, 0.0, 0.0, 0.0, 0.0, 0.0, 0.0, 0.0, 0.0, 0.0, 0.0, 0.0, 0.0, 0.0, 0.0, 0.0, 0.0, 0.0, 0.0, 0.0]"
hMpxV/Brazil/PR-FIOCRUZ-10551/2024|EPI_ISL_19416188|2024-08-05,"[0.0, 0.0, 1.0, 0.0, 0.0, 0.0, 0.0, 0.0, 0.0, 0.0, 0.0, 0.0, 0.0, 0.0, 0.0, 0.0, 0.0, 0.0, 0.0, 0.0, 0.0, 0.0, 0.0, 0.0, 0.0, 0.0, 0.0, 0.0, 0.0, 0.0, 0.0]"
NODE_0000214,"[4.8373030457471005e-11, 1.1674104826577108e-11, 0.9999999978441522, 1.1660707936111279e-11, 1.2187998636501578e-10, 1.1697111294998307e-11, 1.4820383196799776e-11, 1.1657564536723935e-11, 1.1693060162632608e-11, 1.1711467646077647e-11, 1.154691481376094e-11, 1.163821431191701e-11, 1.0884571820939841e-11, 1.1786190371339526e-11, 7.670686543918781e-12, 3.564223619765372e-11, 1.1718551245737042e-11, 1.1638214311912719e-11, 1.1638214311914622e-11, 1.0955140741383305e-11, 6.365921324139996e-10, 1.1278677579000679e-11, 5.566317548492859e-10, 1.164986573921909e-11, 2.178261382583556e-11, 1.1342834235275695e-11, 9.502037307556766e-12, 1.1483078475488395e-11, 1.0875872725567154e-11, 4.727643082604617e-10, 1.1658123740832484e-11]"
hMpxV/Brazil/SP-IAL-357711946/2024|EPI_ISL_19359688|2024-04-29,"[0.0, 0.0, 1.0, 0.0, 0.0, 0.0, 0.0, 0.0, 0.0, 0.0, 0.0, 0.0, 0.0, 0.0, 0.0, 0.0, 0.0, 0.0, 0.0, 0.0, 0.0, 0.0, 0.0, 0.0, 0.0, 0.0, 0.0, 0.0, 0.0, 0.0, 0.0]"
NODE_0000229,"[7.502020351777341e-07, 2.6108054461347565e-07, 0.9999788799419917, 2.629990808562747e-07, 1.4341538043295234e-06, 2.62250260944113e-07, 3.098964610439137e-07, 2.6000101284387337e-07, 2.5995842539114866e-07, 2.6289405449547693e-07, 2.5644038850094647e-07, 2.6034492887136847e-07, 2.484316807073165e-07, 2.659307478602313e-07, 1.8347425327630756e-07, 5.621802117573549e-07, 2.6811221148117804e-07, 2.603449288713646e-07, 2.603449288713684e-07, 2.502628609321021e-07, 3.6980754218777975e-06, 2.6156218577827124e-07, 4.253157463603058e-06, 2.6018695046919813e-07, 4.0168649608099185e-07, 2.52468276007427e-07, 2.2582397427695956e-07, 2.5401906952715477e-07, 2.495526036681977e-07, 4.124480097923951e-06, 2.5974264823161935e-07]"
hMpxV/Brazil/SP-IAL-357897281/2024|EPI_ISL_19359695|2024-08-14,"[0.0, 0.0, 0.9999999999999999, 0.0, 0.0, 0.0, 0.0, 0.0, 0.0, 0.0, 0.0, 0.0, 0.0, 0.0, 0.0, 0.0, 0.0, 0.0, 0.0, 0.0, 0.0, 0.0, 0.0, 0.0, 0.0, 0.0, 0.0, 0.0, 0.0, 0.0, 0.0]"
NODE_0000230,"[1.9389543681352956e-08, 5.660077852754587e-09, 0.9999993427213987, 5.719067716957301e-09, 4.229635831889049e-08, 5.6912904576733015e-09, 7.002983575629897e-09, 5.675070720284632e-09, 5.672420525475695e-09, 5.6913106183986194e-09, 5.619786410377641e-09, 5.6853709949705625e-09, 5.363966085768495e-09, 5.646092890876271e-09, 3.8245612532297865e-09, 1.4130928228733483e-08, 5.569553225990667e-09, 5.685370994970271e-09, 5.685370994970441e-09, 5.36035887515331e-09, 1.5589113656064417e-07, 5.604534841878896e-09, 1.5833336693475414e-07, 5.6808178719772024e-09, 9.211284960315903e-09, 5.497854226645248e-09, 4.771992431107832e-09, 5.553040762052923e-09, 5.381523641389112e-09, 1.3031672232177181e-07, 5.666843131674901e-09]"
hMpxV/Brazil/SP-IAL-357913268/2024|EPI_ISL_19372777|2024-08-25,"[0.0, 0.0, 1.0, 0.0, 0.0, 0.0, 0.0, 0.0, 0.0, 0.0, 0.0, 0.0, 0.0, 0.0, 0.0, 0.0, 0.0, 0.0, 0.0, 0.0, 0.0, 0.0, 0.0, 0.0, 0.0, 0.0, 0.0, 0.0, 0.0, 0.0, 0.0]"
NODE_0000231,"[6.27943314377717e-09, 1.8542822993739358e-09, 0.9999997929648972, 1.877348748322155e-09, 1.3521575824235913e-08, 1.8659190570769258e-09, 2.294782331770734e-09, 1.8618296647956128e-09, 1.8601867505146078e-09, 1.8650237122454624e-09, 1.8441650732878455e-09, 1.8659964077347344e-09, 1.7609045037166805e-09, 1.8428340295869384e-09, 1.2533563179439736e-09, 4.553584639213717e-09, 1.8121221143746812e-09, 1.8659964077347087e-09, 1.8659964077346694e-09, 1.7563808710433372e-09, 4.79580490405624e-08, 1.8405657124422083e-09, 4.972110817440027e-08, 1.864102268969702e-09, 2.97114140723628e-09, 1.8021678831026948e-09, 1.5675798911728234e-09, 1.8203261677391385e-09, 1.7673278744715526e-09, 4.016225688013925e-08, 1.8587591495145066e-09]"
NODE_0000238,"[4.050136013591977e-08, 1.2200212004609785e-08, 0.9999986983604149, 1.23405373130798e-08, 8.594955691903545e-08, 1.2271824577782158e-08, 1.5020422968475823e-08, 1.2233637339441362e-08, 1.2223617925092138e-08, 1.2272130195252613e-08, 1.2111433181333871e-08, 1.2259991137031055e-08, 1.1584246604050884e-08, 1.216939969371245e-08, 8.28551822559724e-09, 2.9508580639740604e-08, 1.2009294378425678e-08, 1.2259991137030812e-08, 1.2259991137031173e-08, 1.1573026132278932e-08, 2.9056460239438076e-07, 1.2119226292926852e-08, 3.0683136964745207e-07, 1.2247983212488562e-08, 1.9496575575480824e-08, 1.1847333344980372e-08, 1.0337222985642706e-08, 1.1960705274555743e-08, 1.1627712997295934e-08, 2.533578045632573e-07, 1.2214277117480775e-08]"
hMpxV/Brazil/SP-IAL-357929242/2024|EPI_ISL_19446298|2024-09-05,"[0.0, 0.0, 1.0, 0.0, 0.0, 0.0, 0.0, 0.0, 0.0, 0.0, 0.0, 0.0, 0.0, 0.0, 0.0, 0.0, 0.0, 0.0, 0.0, 0.0, 0.0, 0.0, 0.0, 0.0, 0.0, 0.0, 0.0, 0.0, 0.0, 0.0, 0.0]"
hMpxV/Brazil/SP-IAL-357939968/2024|EPI_ISL_19446306|2024-09-11,"[0.0, 0.0, 1.0, 0.0, 0.0, 0.0, 0.0, 0.0, 0.0, 0.0, 0.0, 0.0, 0.0, 0.0, 0.0, 0.0, 0.0, 0.0, 0.0, 0.0, 0.0, 0.0, 0.0, 0.0, 0.0, 0.0, 0.0, 0.0, 0.0, 0.0, 0.0]"
NODE_0000232,"[6.559338195523507e-11, 1.387358895753227e-11, 0.9999999964364009, 1.3901521131162061e-11, 1.8212259729250898e-10, 1.3914114631549183e-11, 1.820170018112745e-11, 1.393294171565898e-11, 1.3967140321849318e-11, 1.390373320845886e-11, 1.3847476993115673e-11, 1.3920252578469598e-11, 1.2901887139228826e-11, 1.3759694051409316e-11, 8.838201784565003e-12, 4.718572156597203e-11, 1.3430416432450149e-11, 1.392025257846875e-11, 1.3920252578468654e-11, 1.2896702003914424e-11, 1.2204109058793012e-09, 1.3292377211554223e-11, 9.865492294556702e-10, 1.3929493026595914e-11, 2.690204247026516e-11, 1.3526463880868177e-11, 1.1074194653373527e-11, 1.3735393389532428e-11, 1.2882387978041772e-11, 7.233386845942887e-10, 1.3926184957381977e-11]"
hMpxV/Brazil/SP-IAL-357977766/2024|EPI_ISL_19524881|2024-10-03,"[0.0, 0.0, 1.0, 0.0, 0.0, 0.0, 0.0, 0.0, 0.0, 0.0, 0.0, 0.0, 0.0, 0.0, 0.0, 0.0, 0.0, 0.0, 0.0, 0.0, 0.0, 0.0, 0.0, 0.0, 0.0, 0.0, 0.0, 0.0, 0.0, 0.0, 0.0]"
hMpxV/Brazil/SP-IAL-357934958/2024|EPI_ISL_19446302|2024-09-09,"[0.0, 0.0, 1.0, 0.0, 0.0, 0.0, 0.0, 0.0, 0.0, 0.0, 0.0, 0.0, 0.0, 0.0, 0.0, 0.0, 0.0, 0.0, 0.0, 0.0, 0.0, 0.0, 0.0, 0.0, 0.0, 0.0, 0.0, 0.0, 0.0, 0.0, 0.0]"
NODE_0000233,"[4.4490902874403976e-10, 1.295765927749201e-10, 0.9999999852053761, 1.313476742090897e-10, 9.65215214789876e-10, 1.304574836123463e-10, 1.6107132670654293e-10, 1.302921976862677e-10, 1.3016043345861535e-10, 1.303247817631639e-10, 1.2911733315231243e-10, 1.306029667270866e-10, 1.2312039134535283e-10, 1.282771378929498e-10, 8.723768681535421e-11, 3.2102296764435044e-10, 1.2567868122389446e-10, 1.3060296672704788e-10, 1.306029667270613e-10, 1.2258638799950764e-10, 3.478632890779076e-09, 1.2859999618130537e-10, 3.5974055268528363e-09, 1.3046141290104634e-10, 2.07384068953223e-10, 1.2604394449773429e-10, 1.093929424343329e-10, 1.273691285736154e-10, 1.235670038545398e-10, 2.8534974426324083e-09, 1.3006528585481075e-10]"
hMpxV/Brazil/SP-IAL-357912456/2024|EPI_ISL_19372779|2024-08-26,"[0.0, 0.0, 0.9999999999999999, 0.0, 0.0, 0.0, 0.0, 0.0, 0.0, 0.0, 0.0, 0.0, 0.0, 0.0, 0.0, 0.0, 0.0, 0.0, 0.0, 0.0, 0.0, 0.0, 0.0, 0.0, 0.0, 0.0, 0.0, 0.0, 0.0, 0.0, 0.0]"
NODE_0000234,"[2.0596935394548132e-10, 5.941655737595348e-11, 0.9999999930471127, 6.024684382318518e-11, 4.5028120401284396e-10, 5.98286467279859e-11, 7.402569247637539e-11, 5.97747668546785e-11, 5.971378360168849e-11, 5.975633594029625e-11, 5.924817351244709e-11, 5.991839239414842e-11, 5.645329835990874e-11, 5.873858056580546e-11, 3.991963744746855e-11, 1.483363094848016e-10, 5.746918870485387e-11, 5.9918392394131e-11, 5.991839239413188e-11, 5.617496274097056e-11, 1.667025417805063e-09, 5.894169379875648e-11, 1.7052340905016254e-09, 5.985309346535959e-11, 9.528807946138211e-11, 5.781598676527842e-11, 5.010478601502476e-11, 5.843646631800861e-11, 5.6654487936162025e-11, 1.3387552593059787e-09, 5.966945900265035e-11]"
NODE_0000235,"[1.1740713229398261e-09, 3.4323199671187453e-10, 0.9999999611603938, 3.4785804074508514e-10, 2.540034868927749e-09, 3.45536594893735e-10, 4.262363550238785e-10, 3.450369324270116e-10, 3.4469230143290516e-10, 3.45219439559915e-10, 3.4189278659626414e-10, 3.4585427331694235e-10, 3.261175772406704e-10, 3.4003302313660273e-10, 2.3128814678103832e-10, 8.479433006504916e-10, 3.3337533824642897e-10, 3.4585427331689985e-10, 3.458542733169109e-10, 3.248058767456726e-10, 9.06653559976972e-09, 3.4068978796138814e-10, 9.411644290326395e-09, 3.454818332082359e-10, 5.490996432092719e-10, 3.33818792687877e-10, 2.8988760497897447e-10, 3.3729627005198354e-10, 3.2730679772957765e-10, 7.498468294130774e-09, 3.4444045637514927e-10]"
hMpxV/Brazil/SP-IAL-357905818/2024|EPI_ISL_19372772|2024-08-20,"[0.0, 0.0, 0.9999999999999999, 0.0, 0.0, 0.0, 0.0, 0.0, 0.0, 0.0, 0.0, 0.0, 0.0, 0.0, 0.0, 0.0, 0.0, 0.0, 0.0, 0.0, 0.0, 0.0, 0.0, 0.0, 0.0, 0.0, 0.0, 0.0, 0.0, 0.0, 0.0]"
hMpxV/Brazil/SP-IAL-357920310/2024|EPI_ISL_19446291|2024-08-29,"[0.0, 0.0, 1.0, 0.0, 0.0, 0.0, 0.0, 0.0, 0.0, 0.0, 0.0, 0.0, 0.0, 0.0, 0.0, 0.0, 0.0, 0.0, 0.0, 0.0, 0.0, 0.0, 0.0, 0.0, 0.0, 0.0, 0.0, 0.0, 0.0, 0.0, 0.0]"
NODE_0000236,"[6.817026491715185e-09, 2.01219378043025e-09, 0.9999997763588908, 2.0377961336526377e-09, 1.4662708298913646e-08, 2.0250491435047143e-09, 2.4915275143665105e-09, 2.0209227379301376e-09, 2.0190469519936424e-09, 2.023884347046611e-09, 2.0018992103890366e-09, 2.0255435187245656e-09, 1.911256270422409e-09, 1.9983499596572115e-09, 1.3594682824858987e-09, 4.9390466879150885e-09, 1.9637862001070197e-09, 2.0255435187245144e-09, 2.025543518724518e-09, 1.9057005641163003e-09, 5.152022328992955e-08, 1.997601933472992e-09, 5.372165280784706e-08, 2.0234391081405304e-09, 3.2200467761268992e-09, 1.9559181041255834e-09, 1.701093442245709e-09, 1.975731027476358e-09, 1.9182738197311563e-09, 4.33232974120241e-08, 2.0175380676249526e-09]"
hMpxV/Brazil/SP-IAL-357914012/2024|EPI_ISL_19372780|2024-08-26,"[0.0, 0.0, 1.0, 0.0, 0.0, 0.0, 0.0, 0.0, 0.0, 0.0, 0.0, 0.0, 0.0, 0.0, 0.0, 0.0, 0.0, 0.0, 0.0, 0.0, 0.0, 0.0, 0.0, 0.0, 0.0, 0.0, 0.0, 0.0, 0.0, 0.0, 0.0]"
NODE_0000237,"[5.993613214531064e-08, 1.8562765798986846e-08, 0.9999981239273888, 1.8750281212574753e-08, 1.2483262113974981e-07, 1.8661452671437805e-08, 2.2680004873488347e-08, 1.857844698957495e-08, 1.8566367856041216e-08, 1.8674946941670684e-08, 1.8378236053802113e-08, 1.861471264497218e-08, 1.7622643755878332e-08, 1.8615704471856132e-08, 1.2694949366041366e-08, 4.397686543882097e-08, 1.8467337625076335e-08, 1.8614712644971298e-08, 1.8614712644971447e-08, 1.7646328140500217e-08, 4.0121229331780166e-07, 1.8460061956765828e-08, 4.3038506066276946e-07, 1.8598197824358853e-08, 2.955454153591794e-08, 1.800514841687015e-08, 1.5782389475145058e-08, 1.8164219718253294e-08, 1.7690649322818477e-08, 3.6717925343520884e-07, 1.855157310353114e-08]"
hMpxV/Brazil/SP-IAL-357999368/2024|EPI_ISL_19524887|2024-10-21,"[0.0, 0.0, 1.0, 0.0, 0.0, 0.0, 0.0, 0.0, 0.0, 0.0, 0.0, 0.0, 0.0, 0.0, 0.0, 0.0, 0.0, 0.0, 0.0, 0.0, 0.0, 0.0, 0.0, 0.0, 0.0, 0.0, 0.0, 0.0, 0.0, 0.0, 0.0]"
hMpxV/Brazil/SP-IAL-357937870/2024|EPI_ISL_19446304|2024-09-10,"[0.0, 0.0, 1.0, 0.0, 0.0, 0.0, 0.0, 0.0, 0.0, 0.0, 0.0, 0.0, 0.0, 0.0, 0.0, 0.0, 0.0, 0.0, 0.0, 0.0, 0.0, 0.0, 0.0, 0.0, 0.0, 0.0, 0.0, 0.0, 0.0, 0.0, 0.0]"
NODE_0000215,"[1.5962074498148268e-10, 4.828548308224706e-11, 0.9999999948725338, 4.8843775073496074e-11, 3.3783868667032005e-10, 4.8572977141362265e-11, 5.9384373547817e-11, 4.841793436497591e-11, 4.838085756101339e-11, 4.857333049157936e-11, 4.792777277528183e-11, 4.85192959760097e-11, 4.5861496726043515e-11, 4.817542690163711e-11, 3.282673985992063e-11, 1.1635195455490164e-10, 4.755757595541896e-11, 4.851929597599087e-11, 4.8519295975993285e-11, 4.5817547606948604e-11, 1.1436024482129245e-09, 4.798773389193052e-11, 1.2034935207708485e-09, 4.8473187610206e-11, 7.697598181739689e-11, 4.6890317832316345e-11, 4.095153851777164e-11, 4.733485137838841e-11, 4.603406885048726e-11, 9.993850405776322e-10, 4.834301569525899e-11]"
hMpxV/Brazil/SP-IAL-357536254/2024|EPI_ISL_19359685|2024-02-29,"[0.0, 0.0, 1.0, 0.0, 0.0, 0.0, 0.0, 0.0, 0.0, 0.0, 0.0, 0.0, 0.0, 0.0, 0.0, 0.0, 0.0, 0.0, 0.0, 0.0, 0.0, 0.0, 0.0, 0.0, 0.0, 0.0, 0.0, 0.0, 0.0, 0.0, 0.0]"
NODE_0000216,"[1.2406463569151797e-12, 2.0552562025073899e-13, 0.99999999989283, 2.0325094472500932e-13, 4.164343650206387e-12, 2.0524172052758413e-13, 2.7940109712876984e-13, 2.0552785240819156e-13, 2.068121362390905e-13, 2.0536016608179763e-13, 2.0447536245105718e-13, 2.0458289338952346e-13, 1.8737468456325487e-13, 2.061811308487856e-13, 1.260537348621733e-13, 9.015961743107091e-13, 2.0250677575571228e-13, 2.0458289338946144e-13, 2.045828933894982e-13, 1.8872591411794625e-13, 4.4432417458031504e-11, 1.910304221571177e-13, 2.957925559150267e-11, 2.0511382693112595e-13, 4.718006211077944e-13, 2.004746751313365e-13, 1.5685728139389403e-13, 2.0421828256347595e-13, 1.8621123323267138e-13, 2.1790361811174123e-11, 2.057467287788705e-13]"
hMpxV/Brazil/SP-IAL-357827872/2024|EPI_ISL_19359680|2024-06-21,"[0.0, 0.0, 1.0, 0.0, 0.0, 0.0, 0.0, 0.0, 0.0, 0.0, 0.0, 0.0, 0.0, 0.0, 0.0, 0.0, 0.0, 0.0, 0.0, 0.0, 0.0, 0.0, 0.0, 0.0, 0.0, 0.0, 0.0, 0.0, 0.0, 0.0, 0.0]"
hMpxV/Brazil/SP-IAL-357683862/2024|EPI_ISL_19359686|2024-04-18,"[0.0, 0.0, 1.0, 0.0, 0.0, 0.0, 0.0, 0.0, 0.0, 0.0, 0.0, 0.0, 0.0, 0.0, 0.0, 0.0, 0.0, 0.0, 0.0, 0.0, 0.0, 0.0, 0.0, 0.0, 0.0, 0.0, 0.0, 0.0, 0.0, 0.0, 0.0]"
hMpxV/Brazil/SP-IAL-357670600/2024|EPI_ISL_19359697|2024-04-14,"[0.0, 0.0, 0.9999999999999999, 0.0, 0.0, 0.0, 0.0, 0.0, 0.0, 0.0, 0.0, 0.0, 0.0, 0.0, 0.0, 0.0, 0.0, 0.0, 0.0, 0.0, 0.0, 0.0, 0.0, 0.0, 0.0, 0.0, 0.0, 0.0, 0.0, 0.0, 0.0]"
NODE_0000217,"[1.2991975711129465e-11, 2.0723502257020137e-12, 0.99999999879864, 2.0522402793805566e-12, 4.479318349337606e-11, 2.070506699791015e-12, 2.845255802523447e-12, 2.0766692842583594e-12, 2.0892029612069932e-12, 2.0701528523790753e-12, 2.068171963805934e-12, 2.0676530204852467e-12, 1.8887985589973754e-12, 2.0661877188091133e-12, 1.2594180553208197e-12, 9.363976103040538e-12, 2.016909582277181e-12, 2.0676530204852035e-12, 2.06765302048528e-12, 1.8976161470255094e-12, 5.134128503978161e-10, 1.922412985970066e-12, 3.340937149246642e-10, 2.0727758177390675e-12, 4.796245170753388e-12, 2.0239526884924616e-12, 1.5734754498112353e-12, 2.063661366411085e-12, 1.8767583873136518e-12, 2.3561961278810214e-10, 2.0785164502397575e-12]"
hMpxV/Brazil/SP-IAL-357889812/2024|EPI_ISL_19359693|2024-08-07,"[0.0, 0.0, 1.0, 0.0, 0.0, 0.0, 0.0, 0.0, 0.0, 0.0, 0.0, 0.0, 0.0, 0.0, 0.0, 0.0, 0.0, 0.0, 0.0, 0.0, 0.0, 0.0, 0.0, 0.0, 0.0, 0.0, 0.0, 0.0, 0.0, 0.0, 0.0]"
hMpxV/Brazil/SP-IAL-357895451/2024|EPI_ISL_19359694|2024-08-12,"[0.0, 0.0, 0.9999999999999999, 0.0, 0.0, 0.0, 0.0, 0.0, 0.0, 0.0, 0.0, 0.0, 0.0, 0.0, 0.0, 0.0, 0.0, 0.0, 0.0, 0.0, 0.0, 0.0, 0.0, 0.0, 0.0, 0.0, 0.0, 0.0, 0.0, 0.0, 0.0]"
hMpxV/Brazil/SP-IAL-357945993/2024|EPI_ISL_19446309|2024-09-16,"[0.0, 0.0, 1.0, 0.0, 0.0, 0.0, 0.0, 0.0, 0.0, 0.0, 0.0, 0.0, 0.0, 0.0, 0.0, 0.0, 0.0, 0.0, 0.0, 0.0, 0.0, 0.0, 0.0, 0.0, 0.0, 0.0, 0.0, 0.0, 0.0, 0.0, 0.0]"
NODE_0000218,"[2.987211304981545e-09, 8.831299351393348e-10, 0.9999999019990639, 8.942661932973733e-10, 6.420629729011714e-09, 8.887388756577591e-10, 1.0929275314383364e-09, 8.868405527230137e-10, 8.860364549351529e-10, 8.882725603830931e-10, 8.784375398590215e-10, 8.888469370204081e-10, 8.388090748204185e-10, 8.77416506828631e-10, 5.969528199390474e-10, 2.1653350940613544e-09, 8.625877954806102e-10, 8.888469370202441e-10, 8.888469370203024e-10, 8.365166451702173e-10, 2.2568815025879063e-08, 8.767774879738783e-10, 2.350936674148753e-08, 8.879336670650888e-10, 1.4131491064141863e-09, 8.583664754008929e-10, 7.467601739260257e-10, 8.670168108705597e-10, 8.418887334390987e-10, 1.8994844544469512e-08, 8.853679163270203e-10]"
hMpxV/Brazil/SP-IAL-357907042/2024|EPI_ISL_19372774|2024-08-21,"[0.0, 0.0, 1.0, 0.0, 0.0, 0.0, 0.0, 0.0, 0.0, 0.0, 0.0, 0.0, 0.0, 0.0, 0.0, 0.0, 0.0, 0.0, 0.0, 0.0, 0.0, 0.0, 0.0, 0.0, 0.0, 0.0, 0.0, 0.0, 0.0, 0.0, 0.0]"
NODE_0000219,"[8.61266977293901e-10, 2.5272113779288783e-10, 0.9999999710719881, 2.557650226081461e-10, 1.868571840086936e-09, 2.5427647532554214e-10, 3.1292520840298673e-10, 2.537030323025464e-10, 2.5350820172116354e-10, 2.541702379768891e-10, 2.5128989225558214e-10, 2.5424173607554027e-10, 2.3987884924468437e-10, 2.5130057597630657e-10, 1.707301460854868e-10, 6.248585563763074e-10, 2.4721801048455974e-10, 2.5424173607549906e-10, 2.5424173607548324e-10, 2.393329121993036e-10, 6.844851981563532e-09, 2.5068246175466314e-10, 6.984300571996e-09, 2.5399858053466906e-10, 4.0674625158273205e-10, 2.4561181157362373e-10, 2.134591269216315e-10, 2.48097105010896e-10, 2.4072573419857777e-10, 5.6319982230436155e-09, 2.532976688787643e-10]"
hMpxV/Brazil/SP-IAL-357921794/2024|EPI_ISL_19446292|2024-08-31,"[0.0, 0.0, 0.9999999999999999, 0.0, 0.0, 0.0, 0.0, 0.0, 0.0, 0.0, 0.0, 0.0, 0.0, 0.0, 0.0, 0.0, 0.0, 0.0, 0.0, 0.0, 0.0, 0.0, 0.0, 0.0, 0.0, 0.0, 0.0, 0.0, 0.0, 0.0, 0.0]"
NODE_0000220,"[2.2579085825787657e-09, 7.019753823371665e-10, 0.9999999294199692, 7.092745611892729e-10, 4.688745652589571e-09, 7.05852779115029e-10, 8.570190280113667e-10, 7.02742591135019e-10, 7.023210485039141e-10, 7.062793563985291e-10, 6.950924639943757e-10, 7.040733277211022e-10, 6.667764324652216e-10, 7.037601366576876e-10, 4.804832582364491e-10, 1.6563124479119653e-09, 6.980616678470148e-10, 7.040733277209385e-10, 7.040733277210247e-10, 6.674806512171657e-10, 1.506827948246777e-08, 6.98552419199867e-10, 1.61275609998623e-08, 7.034686102630904e-10, 1.113433262788069e-09, 6.810168973100329e-10, 5.975174350927257e-10, 6.86997408196364e-10, 6.69359355129058e-10, 1.3819789828238095e-08, 7.017491228062412e-10]"
hMpxV/Brazil/SP-IAL-357988309/2024|EPI_ISL_19524873|2024-10-11,"[0.0, 0.0, 1.0, 0.0, 0.0, 0.0, 0.0, 0.0, 0.0, 0.0, 0.0, 0.0, 0.0, 0.0, 0.0, 0.0, 0.0, 0.0, 0.0, 0.0, 0.0, 0.0, 0.0, 0.0, 0.0, 0.0, 0.0, 0.0, 0.0, 0.0, 0.0]"
NODE_0000221,"[1.2622269579538703e-11, 2.7857085613261417e-12, 0.9999999993553985, 2.786612265062681e-12, 3.402696569862122e-11, 2.792175525839959e-12, 3.613436847312115e-12, 2.790792206816234e-12, 2.798401934266568e-12, 2.7925466954424674e-12, 2.7703309292573214e-12, 2.787346181624983e-12, 2.5911714272320804e-12, 2.783031971352903e-12, 1.7934324656437974e-12, 9.168566148738209e-12, 2.736221509792832e-12, 2.7873461816239905e-12, 2.7873461816243782e-12, 2.5979087117890236e-12, 2.113050052230735e-10, 2.674700836894545e-12, 1.7474894111947633e-10, 2.789613496951848e-12, 5.356183978116691e-12, 2.7120540092756744e-12, 2.2365479686991333e-12, 2.7510054790862373e-12, 2.5876884017722516e-12, 1.3483826025262789e-10, 2.7900386570167136e-12]"
hMpxV/Brazil/SP-IAL-358000513/2024|EPI_ISL_19524877|2024-10-22,"[0.0, 0.0, 1.0, 0.0, 0.0, 0.0, 0.0, 0.0, 0.0, 0.0, 0.0, 0.0, 0.0, 0.0, 0.0, 0.0, 0.0, 0.0, 0.0, 0.0, 0.0, 0.0, 0.0, 0.0, 0.0, 0.0, 0.0, 0.0, 0.0, 0.0, 0.0]"
hMpxV/Brazil/SP-IAL-357949071/2024|EPI_ISL_19446311|2024-09-17,"[0.0, 0.0, 1.0, 0.0, 0.0, 0.0, 0.0, 0.0, 0.0, 0.0, 0.0, 0.0, 0.0, 0.0, 0.0, 0.0, 0.0, 0.0, 0.0, 0.0, 0.0, 0.0, 0.0, 0.0, 0.0, 0.0, 0.0, 0.0, 0.0, 0.0, 0.0]"
NODE_0000222,"[9.34895528620552e-12, 2.6689650599658466e-12, 0.9999999996803469, 2.7080538674160876e-12, 2.0583450688801874e-11, 2.6882581608938134e-12, 3.3349757726808073e-12, 2.6873649742852162e-12, 2.6844792727421603e-12, 2.6841384271180677e-12, 2.6644775183774654e-12, 2.6939972295407305e-12, 2.536434887448004e-12, 2.6323933042245743e-12, 1.7884383585968653e-12, 6.712958325751e-12, 2.569805028677152e-12, 2.693997229539904e-12, 2.693997229539761e-12, 2.5212940421229016e-12, 7.800349735349482e-11, 2.6469379269944306e-12, 7.910053447708878e-11, 2.6909826898694684e-12, 4.282140139428197e-12, 2.598455650154712e-12, 2.248254349921036e-12, 2.6270928305963634e-12, 2.5453709809266e-12, 6.133111913757309e-11, 2.682507150233649e-12]"
NODE_0000226,"[1.4861199725279823e-09, 4.3406166748617076e-10, 0.9999999506103756, 4.39817425058853e-10, 3.220592417948802e-09, 4.3693496753684667e-10, 5.389717782124053e-10, 4.362663997284683e-10, 4.358439555884536e-10, 4.3656149110208893e-10, 4.32279639531519e-10, 4.372862691966912e-10, 4.1233047625759356e-10, 4.3019958010430847e-10, 2.925103901605826e-10, 1.0738960287189711e-09, 4.2192670468359976e-10, 4.372862691966323e-10, 4.3728626919662986e-10, 4.107645024379947e-10, 1.1587812879055913e-08, 4.30750451653146e-10, 1.1978666488678669e-08, 4.368222149267519e-10, 6.954489596589e-10, 4.2211818721413365e-10, 3.665169853990919e-10, 4.265100114951061e-10, 4.1382322935756836e-10, 9.544699874297966e-09, 4.3551878412084487e-10]"
NODE_0000227,"[1.035767114106006e-08, 3.090942886295705e-09, 0.9999996642071624, 3.1285609817456716e-09, 2.2110905411034594e-08, 3.1099859032083886e-09, 3.8159104579061894e-09, 3.102004560045926e-09, 3.0992898865468105e-09, 3.1090812092832637e-09, 3.0718785544415975e-09, 3.1088944984157975e-09, 2.9356446472564924e-09, 3.0761982317713117e-09, 2.0939694474511685e-09, 7.524789276078987e-09, 3.029234779565961e-09, 3.1088944984156846e-09, 3.1088944984157343e-09, 2.9298112101933006e-09, 7.60195344445551e-08, 3.06982192295057e-09, 7.985128887226721e-08, 3.1057552243019737e-09, 4.93960605844467e-09, 3.003088344766656e-09, 2.6164595502493926e-09, 3.032641045704555e-09, 2.946565808284771e-09, 6.519856097200308e-08, 3.0969535654352275e-09]"
hMpxV/Brazil/SP-IAL-357899649/2024|EPI_ISL_19372762|2024-08-15,"[0.0, 0.0, 1.0, 0.0, 0.0, 0.0, 0.0, 0.0, 0.0, 0.0, 0.0, 0.0, 0.0, 0.0, 0.0, 0.0, 0.0, 0.0, 0.0, 0.0, 0.0, 0.0, 0.0, 0.0, 0.0, 0.0, 0.0, 0.0, 0.0, 0.0, 0.0]"
hMpxV/Brazil/SP-IAL-357928626/2024|EPI_ISL_19446295|2024-09-04,"[0.0, 0.0, 0.9999999999999999, 0.0, 0.0, 0.0, 0.0, 0.0, 0.0, 0.0, 0.0, 0.0, 0.0, 0.0, 0.0, 0.0, 0.0, 0.0, 0.0, 0.0, 0.0, 0.0, 0.0, 0.0, 0.0, 0.0, 0.0, 0.0, 0.0, 0.0, 0.0]"
NODE_0000228,"[5.563080953757164e-08, 1.680610138520694e-08, 0.9999982168706772, 1.699607216456572e-08, 1.1783987862093814e-07, 1.69033162918155e-08, 2.0673624832287622e-08, 1.684793607546396e-08, 1.6834432946088285e-08, 1.690532997161922e-08, 1.6678201118555823e-08, 1.6883878122438952e-08, 1.5956457401525732e-08, 1.6775028426339997e-08, 1.1422177179846196e-08, 4.056666232859519e-08, 1.6565034704087932e-08, 1.6883878122438713e-08, 1.688387812243892e-08, 1.5945865875883455e-08, 3.9632533476528216e-07, 1.6695679843813987e-08, 4.191858936690809e-07, 1.686750151498393e-08, 2.685552154785363e-08, 1.6317495667304056e-08, 1.4244099663992539e-08, 1.6472291907387503e-08, 1.6016487375047044e-08, 3.473289404990145e-07, 1.682151313417922e-08]"
hMpxV/Brazil/SP-IAL-357917433/2024|EPI_ISL_19446290|2024-08-28,"[0.0, 0.0, 0.9999999999999999, 0.0, 0.0, 0.0, 0.0, 0.0, 0.0, 0.0, 0.0, 0.0, 0.0, 0.0, 0.0, 0.0, 0.0, 0.0, 0.0, 0.0, 0.0, 0.0, 0.0, 0.0, 0.0, 0.0, 0.0, 0.0, 0.0, 0.0, 0.0]"
hMpxV/Brazil/SP-IAL-357930578/2024|EPI_ISL_19446299|2024-09-05,"[0.0, 0.0, 1.0, 0.0, 0.0, 0.0, 0.0, 0.0, 0.0, 0.0, 0.0, 0.0, 0.0, 0.0, 0.0, 0.0, 0.0, 0.0, 0.0, 0.0, 0.0, 0.0, 0.0, 0.0, 0.0, 0.0, 0.0, 0.0, 0.0, 0.0, 0.0]"
NODE_0000223,"[6.186227946085663e-12, 1.299279192725771e-12, 0.9999999996598283, 1.302465333820654e-12, 1.725839072276279e-11, 1.3033525389236917e-12, 1.7078564109407931e-12, 1.3056093220229563e-12, 1.3087991843812865e-12, 1.3020827690707106e-12, 1.297827909220706e-12, 1.3044430744242962e-12, 1.208488703657048e-12, 1.2866528259323355e-12, 8.263017430928512e-13, 4.441596829810502e-12, 1.2540596130386866e-12, 1.3044430744237348e-12, 1.3044430744238548e-12, 1.2071505122699358e-12, 1.1744827002251634e-10, 1.244649465605862e-12, 9.438675048614189e-11, 1.305300550689046e-12, 2.5200690636446302e-12, 1.2672599580165037e-12, 1.0364333741980983e-12, 1.2870755442571688e-12, 1.2066123974357724e-12, 6.875460742399523e-11, 1.3049527430385608e-12]"
hMpxV/Brazil/SP-IAL-357914860/2024|EPI_ISL_19372778|2024-08-26,"[0.0, 0.0, 1.0, 0.0, 0.0, 0.0, 0.0, 0.0, 0.0, 0.0, 0.0, 0.0, 0.0, 0.0, 0.0, 0.0, 0.0, 0.0, 0.0, 0.0, 0.0, 0.0, 0.0, 0.0, 0.0, 0.0, 0.0, 0.0, 0.0, 0.0, 0.0]"
hMpxV/Brazil/SP-IAL-357979151/2024|EPI_ISL_19524875|2024-10-04,"[0.0, 0.0, 0.9999999999999999, 0.0, 0.0, 0.0, 0.0, 0.0, 0.0, 0.0, 0.0, 0.0, 0.0, 0.0, 0.0, 0.0, 0.0, 0.0, 0.0, 0.0, 0.0, 0.0, 0.0, 0.0, 0.0, 0.0, 0.0, 0.0, 0.0, 0.0, 0.0]"
NODE_0000224,"[6.015860140490398e-10, 1.8542853053266233e-10, 0.9999999810444593, 1.8741379340997203e-10, 1.2567196910619467e-09, 1.8647414323454303e-10, 2.2689068876781535e-10, 1.857187901981976e-10, 1.8560005920108078e-10, 1.8655495212435457e-10, 1.837389749814338e-10, 1.8607969384354335e-10, 1.7611882203674531e-10, 1.8564289157172787e-10, 1.2665907969395932e-10, 4.4049791764536847e-10, 1.8388461766327983e-10, 1.8607969384343757e-10, 1.8607969384349193e-10, 1.762041821367337e-10, 4.098797564782069e-09, 1.8444046067701155e-10, 4.367582513993542e-09, 1.8591574811693182e-10, 2.946785631469306e-10, 1.7994466799007503e-10, 1.5765062832261036e-10, 1.8156310042271579e-10, 1.7679331081723953e-10, 3.709352155522803e-09, 1.854496614537917e-10]"
hMpxV/Brazil/SP-IAL-357982862/2024|EPI_ISL_19524882|2024-10-08,"[0.0, 0.0, 1.0, 0.0, 0.0, 0.0, 0.0, 0.0, 0.0, 0.0, 0.0, 0.0, 0.0, 0.0, 0.0, 0.0, 0.0, 0.0, 0.0, 0.0, 0.0, 0.0, 0.0, 0.0, 0.0, 0.0, 0.0, 0.0, 0.0, 0.0, 0.0]"
NODE_0000225,"[3.397422239892751e-10, 1.0446287136547624e-10, 0.9999999892409237, 1.05574877617134e-10, 7.114586461895573e-10, 1.0505007970402773e-10, 1.2786904245151366e-10, 1.0462710831907629e-10, 1.045625947533858e-10, 1.0509512528011426e-10, 1.0351382942882199e-10, 1.0482816520735365e-10, 9.920585845011187e-11, 1.0458129601666407e-10, 7.132765737746596e-11, 2.487514647624932e-10, 1.0358522411949972e-10, 1.0482816520730582e-10, 1.0482816520731647e-10, 9.925463207612029e-11, 2.3418970816471277e-09, 1.0388407077468281e-10, 2.484900095777753e-09, 1.0473700648576253e-10, 1.6622222240704467e-10, 1.0137599646446935e-10, 8.878364754441841e-11, 1.0229125031158005e-10, 9.958255780790887e-11, 2.1077789519560518e-09, 1.0447635030778988e-10]"
hMpxV/Brazil/SP-IAL-357888132/2024|EPI_ISL_19372758|2024-08-07,"[0.0, 0.0, 1.0, 0.0, 0.0, 0.0, 0.0, 0.0, 0.0, 0.0, 0.0, 0.0, 0.0, 0.0, 0.0, 0.0, 0.0, 0.0, 0.0, 0.0, 0.0, 0.0, 0.0, 0.0, 0.0, 0.0, 0.0, 0.0, 0.0, 0.0, 0.0]"
hMpxV/Brazil/SP-IAL-357985711/2024|EPI_ISL_19524886|2024-10-09,"[0.0, 0.0, 1.0, 0.0, 0.0, 0.0, 0.0, 0.0, 0.0, 0.0, 0.0, 0.0, 0.0, 0.0, 0.0, 0.0, 0.0, 0.0, 0.0, 0.0, 0.0, 0.0, 0.0, 0.0, 0.0, 0.0, 0.0, 0.0, 0.0, 0.0, 0.0]"
NODE_0000162,"[0.24955375772141605, 0.000958540144893886, 0.1662710099667825, 0.0009760902147857345, 0.001623618477394801, 0.0009661503874729161, 0.001019094291575365, 0.0018505919401210038, 0.002734997979883077, 0.000970903214854456, 0.001227876728861883, 0.0009640502723526464, 0.0013325089894792507, 0.0009715804259134949, 0.001646492767534609, 0.001000328405023882, 0.0009697889889527824, 0.0009640502723526512, 0.0009640502723526445, 0.0009130849290354611, 0.0022977509173125496, 0.0009729770539447344, 0.014349043153017774, 0.0014081619801909386, 0.5324939707087794, 0.0009239338749933912, 0.0015820537408648353, 0.0009309004076123076, 0.0009226540346879784, 0.003949249255497485, 0.002290738482059362]"
hMpxV/China/SZ-CDC/Strain113,"[0.0, 0.0, 0.0, 0.0, 0.0, 0.0, 0.0, 0.0, 0.0, 0.0, 0.0, 0.0, 0.0, 0.0, 0.0, 0.0, 0.0, 0.0, 0.0, 0.0, 0.0, 0.0, 0.0, 0.0, 1.0, 0.0, 0.0, 0.0, 0.0, 0.0, 0.0]"
NODE_0000164,"[0.9999999999973903, 3.0442463214446776e-15, 3.3840509423009213e-13, 3.0727750860081535e-15, 3.461395670027562e-15, 3.0641115368617545e-15, 3.1615706605882765e-15, 5.00070297674161e-15, 6.917068816465684e-15, 3.0928628821595763e-15, 3.7059856909642106e-15, 3.1013437858294972e-15, 3.499523555407389e-15, 3.019158306454162e-15, 1.5235811691383253e-14, 2.1216889845392095e-15, 2.8387315935111777e-15, 3.1013437858296522e-15, 3.101343785829687e-15, 2.670910768047353e-15, 1.3503910729105473e-14, 2.8015311048628062e-15, 1.2892991610613447e-14, 4.0531220357910385e-15, 2.1009527799977463e-12, 2.9512307808583918e-15, 3.2783419849577427e-15, 3.0448785818131954e-15, 2.696795540632814e-15, 4.584258357915291e-14, 5.937971048367912e-15]"
hMpxV/Australia/VIC-VIDRL-2984/2024|EPI_ISL_19459723|2024-05-27,"[1.0, 0.0, 0.0, 0.0, 0.0, 0.0, 0.0, 0.0, 0.0, 0.0, 0.0, 0.0, 0.0, 0.0, 0.0, 0.0, 0.0, 0.0, 0.0, 0.0, 0.0, 0.0, 0.0, 0.0, 0.0, 0.0, 0.0, 0.0, 0.0, 0.0, 0.0]"
hMpxV/Australia/VIC-VIDRL-0369/2024|EPI_ISL_19459704|2024-05-16,"[0.9999999999999999, 0.0, 0.0, 0.0, 0.0, 0.0, 0.0, 0.0, 0.0, 0.0, 0.0, 0.0, 0.0, 0.0, 0.0, 0.0, 0.0, 0.0, 0.0, 0.0, 0.0, 0.0, 0.0, 0.0, 0.0, 0.0, 0.0, 0.0, 0.0, 0.0, 0.0]"
NODE_0000205,"[0.9999999999999999, 3.453835017958527e-26, 3.0752419409174154e-25, 3.487637703731424e-26, 2.9350837306477813e-26, 3.481661930996622e-26, 3.536111571862074e-26, 3.562212150722101e-26, 3.5883529847112435e-26, 3.454721203121347e-26, 3.5660735925019874e-26, 3.548686150373901e-26, 2.9739100601184865e-26, 3.205831149526447e-26, 2.287426786246665e-25, 1.9018601960509798e-26, 2.875793760064569e-26, 3.548686150376578e-26, 3.548686150376523e-26, 2.896442243365958e-26, 1.4030246335333403e-25, 3.0568565145473124e-26, 1.8753456103161852e-26, 3.557432684177318e-26, 1.1084238172049079e-24, 3.359963350107517e-26, 2.0983514571150628e-26, 3.499723811700694e-26, 2.947841552477641e-26, 8.473440807158589e-25, 3.56023955987191e-26]"
hMpxV/Australia/VIC-VIDRL-9624/2024|EPI_ISL_19459799|2024-05-15,"[0.9999999999999999, 0.0, 0.0, 0.0, 0.0, 0.0, 0.0, 0.0, 0.0, 0.0, 0.0, 0.0, 0.0, 0.0, 0.0, 0.0, 0.0, 0.0, 0.0, 0.0, 0.0, 0.0, 0.0, 0.0, 0.0, 0.0, 0.0, 0.0, 0.0, 0.0, 0.0]"
hMpxV/Australia/VIC-VIDRL-0994/2024|EPI_ISL_19459725|2024-05-20,"[1.0, 0.0, 0.0, 0.0, 0.0, 0.0, 0.0, 0.0, 0.0, 0.0, 0.0, 0.0, 0.0, 0.0, 0.0, 0.0, 0.0, 0.0, 0.0, 0.0, 0.0, 0.0, 0.0, 0.0, 0.0, 0.0, 0.0, 0.0, 0.0, 0.0, 0.0]"
hMpxV/Australia/VIC-VIDRL-9625/2024|EPI_ISL_19459739|2024-05-15,"[0.9999999999999999, 0.0, 0.0, 0.0, 0.0, 0.0, 0.0, 0.0, 0.0, 0.0, 0.0, 0.0, 0.0, 0.0, 0.0, 0.0, 0.0, 0.0, 0.0, 0.0, 0.0, 0.0, 0.0, 0.0, 0.0, 0.0, 0.0, 0.0, 0.0, 0.0, 0.0]"
hMpxV/Australia/VIC-VIDRL-9373/2024|EPI_ISL_19459741|2024-05-14,"[0.9999999999999999, 0.0, 0.0, 0.0, 0.0, 0.0, 0.0, 0.0, 0.0, 0.0, 0.0, 0.0, 0.0, 0.0, 0.0, 0.0, 0.0, 0.0, 0.0, 0.0, 0.0, 0.0, 0.0, 0.0, 0.0, 0.0, 0.0, 0.0, 0.0, 0.0, 0.0]"
hMpxV/Australia/VIC-VIDRL-9428/2024|EPI_ISL_19459746|2024-05-14,"[0.9999999999999999, 0.0, 0.0, 0.0, 0.0, 0.0, 0.0, 0.0, 0.0, 0.0, 0.0, 0.0, 0.0, 0.0, 0.0, 0.0, 0.0, 0.0, 0.0, 0.0, 0.0, 0.0, 0.0, 0.0, 0.0, 0.0, 0.0, 0.0, 0.0, 0.0, 0.0]"
hMpxV/Australia/VIC-VIDRL-9623/2024|EPI_ISL_19459703|2024-05-15,"[0.9999999999999999, 0.0, 0.0, 0.0, 0.0, 0.0, 0.0, 0.0, 0.0, 0.0, 0.0, 0.0, 0.0, 0.0, 0.0, 0.0, 0.0, 0.0, 0.0, 0.0, 0.0, 0.0, 0.0, 0.0, 0.0, 0.0, 0.0, 0.0, 0.0, 0.0, 0.0]"
NODE_0000185,"[0.9999999999999999, 6.98300065107034e-77, 8.891816021789746e-73, 6.405521781939555e-77, 5.312603121578347e-77, 6.827238580438257e-77, 7.918261833624664e-77, 8.634658640715732e-77, 9.897998628518951e-77, 6.495175449564947e-77, 9.110722232625368e-77, 7.611707795703607e-77, 3.778548495422663e-77, 4.584499615123815e-77, 2.0474166448625394e-73, 1.5550393290809883e-77, 2.8265041241777238e-77, 7.611707795708427e-77, 7.6117077957088e-77, 3.2335599257656673e-77, 5.481610798656256e-73, 3.101636523252432e-77, 2.1161039341491773e-77, 8.133946979152256e-77, 1.1848740570901807e-70, 7.29398486776308e-77, 1.2900489910749925e-77, 8.793324600470083e-77, 3.6207105080428875e-77, 4.674729916843996e-71, 9.074863610633073e-77]"
hMpxV/Australia/QLD-MX000018/2024|EPI_ISL_19539667|2024-05-22,"[1.0, 0.0, 0.0, 0.0, 0.0, 0.0, 0.0, 0.0, 0.0, 0.0, 0.0, 0.0, 0.0, 0.0, 0.0, 0.0, 0.0, 0.0, 0.0, 0.0, 0.0, 0.0, 0.0, 0.0, 0.0, 0.0, 0.0, 0.0, 0.0, 0.0, 0.0]"
hMpxV/Australia/QLD-MX000016/2024|EPI_ISL_19539666|2024-05-21,"[1.0, 0.0, 0.0, 0.0, 0.0, 0.0, 0.0, 0.0, 0.0, 0.0, 0.0, 0.0, 0.0, 0.0, 0.0, 0.0, 0.0, 0.0, 0.0, 0.0, 0.0, 0.0, 0.0, 0.0, 0.0, 0.0, 0.0, 0.0, 0.0, 0.0, 0.0]"
hMpxV/Australia/QLD-MX000019/2024|EPI_ISL_19539668|2024-05-22,"[1.0, 0.0, 0.0, 0.0, 0.0, 0.0, 0.0, 0.0, 0.0, 0.0, 0.0, 0.0, 0.0, 0.0, 0.0, 0.0, 0.0, 0.0, 0.0, 0.0, 0.0, 0.0, 0.0, 0.0, 0.0, 0.0, 0.0, 0.0, 0.0, 0.0, 0.0]"
hMpxV/Australia/QLD-MX000020/2024|EPI_ISL_19539670|2024-05-23,"[0.9999999999999999, 0.0, 0.0, 0.0, 0.0, 0.0, 0.0, 0.0, 0.0, 0.0, 0.0, 0.0, 0.0, 0.0, 0.0, 0.0, 0.0, 0.0, 0.0, 0.0, 0.0, 0.0, 0.0, 0.0, 0.0, 0.0, 0.0, 0.0, 0.0, 0.0, 0.0]"
hMpxV/Australia/QLD-MX000014/2024|EPI_ISL_19539665|2024-05-21,"[1.0, 0.0, 0.0, 0.0, 0.0, 0.0, 0.0, 0.0, 0.0, 0.0, 0.0, 0.0, 0.0, 0.0, 0.0, 0.0, 0.0, 0.0, 0.0, 0.0, 0.0, 0.0, 0.0, 0.0, 0.0, 0.0, 0.0, 0.0, 0.0, 0.0, 0.0]"
hMpxV/Australia/QLD-MX000021/2024|EPI_ISL_19539671|2024-05-23,"[0.9999999999999999, 0.0, 0.0, 0.0, 0.0, 0.0, 0.0, 0.0, 0.0, 0.0, 0.0, 0.0, 0.0, 0.0, 0.0, 0.0, 0.0, 0.0, 0.0, 0.0, 0.0, 0.0, 0.0, 0.0, 0.0, 0.0, 0.0, 0.0, 0.0, 0.0, 0.0]"
hMpxV/Australia/QLD-MX000028/2024|EPI_ISL_19539678|2024-06-17,"[1.0, 0.0, 0.0, 0.0, 0.0, 0.0, 0.0, 0.0, 0.0, 0.0, 0.0, 0.0, 0.0, 0.0, 0.0, 0.0, 0.0, 0.0, 0.0, 0.0, 0.0, 0.0, 0.0, 0.0, 0.0, 0.0, 0.0, 0.0, 0.0, 0.0, 0.0]"
hMpxV/Australia/QLD-MX000031/2024|EPI_ISL_19539681|2024-06-21,"[1.0, 0.0, 0.0, 0.0, 0.0, 0.0, 0.0, 0.0, 0.0, 0.0, 0.0, 0.0, 0.0, 0.0, 0.0, 0.0, 0.0, 0.0, 0.0, 0.0, 0.0, 0.0, 0.0, 0.0, 0.0, 0.0, 0.0, 0.0, 0.0, 0.0, 0.0]"
hMpxV/Australia/QLD-MX000027/2024|EPI_ISL_19539677|2024-05-29,"[1.0, 0.0, 0.0, 0.0, 0.0, 0.0, 0.0, 0.0, 0.0, 0.0, 0.0, 0.0, 0.0, 0.0, 0.0, 0.0, 0.0, 0.0, 0.0, 0.0, 0.0, 0.0, 0.0, 0.0, 0.0, 0.0, 0.0, 0.0, 0.0, 0.0, 0.0]"
hMpxV/Australia/QLD-MX000026/2024|EPI_ISL_19539676|2024-05-27,"[1.0, 0.0, 0.0, 0.0, 0.0, 0.0, 0.0, 0.0, 0.0, 0.0, 0.0, 0.0, 0.0, 0.0, 0.0, 0.0, 0.0, 0.0, 0.0, 0.0, 0.0, 0.0, 0.0, 0.0, 0.0, 0.0, 0.0, 0.0, 0.0, 0.0, 0.0]"
hMpxV/Australia/VIC-VIDRL-0241/2024|EPI_ISL_19459729|2024-05-16,"[0.9999999999999999, 0.0, 0.0, 0.0, 0.0, 0.0, 0.0, 0.0, 0.0, 0.0, 0.0, 0.0, 0.0, 0.0, 0.0, 0.0, 0.0, 0.0, 0.0, 0.0, 0.0, 0.0, 0.0, 0.0, 0.0, 0.0, 0.0, 0.0, 0.0, 0.0, 0.0]"
hMpxV/Australia/VIC-VIDRL-3765/2024|EPI_ISL_19459727|2024-05-29,"[1.0, 0.0, 0.0, 0.0, 0.0, 0.0, 0.0, 0.0, 0.0, 0.0, 0.0, 0.0, 0.0, 0.0, 0.0, 0.0, 0.0, 0.0, 0.0, 0.0, 0.0, 0.0, 0.0, 0.0, 0.0, 0.0, 0.0, 0.0, 0.0, 0.0, 0.0]"
hMpxV/Australia/VIC-VIDRL-0239/2024|EPI_ISL_19459737|2024-05-16,"[0.9999999999999999, 0.0, 0.0, 0.0, 0.0, 0.0, 0.0, 0.0, 0.0, 0.0, 0.0, 0.0, 0.0, 0.0, 0.0, 0.0, 0.0, 0.0, 0.0, 0.0, 0.0, 0.0, 0.0, 0.0, 0.0, 0.0, 0.0, 0.0, 0.0, 0.0, 0.0]"
hMpxV/Australia/VIC-VIDRL-3002/2024|EPI_ISL_19459791|2024-05-25,"[0.9999999999999999, 0.0, 0.0, 0.0, 0.0, 0.0, 0.0, 0.0, 0.0, 0.0, 0.0, 0.0, 0.0, 0.0, 0.0, 0.0, 0.0, 0.0, 0.0, 0.0, 0.0, 0.0, 0.0, 0.0, 0.0, 0.0, 0.0, 0.0, 0.0, 0.0, 0.0]"
hMpxV/Australia/QLD-MX000012/2024|EPI_ISL_19539663|2024-05-17,"[0.9999999999999999, 0.0, 0.0, 0.0, 0.0, 0.0, 0.0, 0.0, 0.0, 0.0, 0.0, 0.0, 0.0, 0.0, 0.0, 0.0, 0.0, 0.0, 0.0, 0.0, 0.0, 0.0, 0.0, 0.0, 0.0, 0.0, 0.0, 0.0, 0.0, 0.0, 0.0]"
hMpxV/Australia/QLD-MX000048/2024|EPI_ISL_19539696|2024-08-29,"[1.0, 0.0, 0.0, 0.0, 0.0, 0.0, 0.0, 0.0, 0.0, 0.0, 0.0, 0.0, 0.0, 0.0, 0.0, 0.0, 0.0, 0.0, 0.0, 0.0, 0.0, 0.0, 0.0, 0.0, 0.0, 0.0, 0.0, 0.0, 0.0, 0.0, 0.0]"
hMpxV/Australia/QLD-MX000150/2024|EPI_ISL_19539791|2024-10-14,"[1.0, 0.0, 0.0, 0.0, 0.0, 0.0, 0.0, 0.0, 0.0, 0.0, 0.0, 0.0, 0.0, 0.0, 0.0, 0.0, 0.0, 0.0, 0.0, 0.0, 0.0, 0.0, 0.0, 0.0, 0.0, 0.0, 0.0, 0.0, 0.0, 0.0, 0.0]"
hMpxV/Australia/QLD-MX000062/2024|EPI_ISL_19539710|2024-09-04,"[1.0, 0.0, 0.0, 0.0, 0.0, 0.0, 0.0, 0.0, 0.0, 0.0, 0.0, 0.0, 0.0, 0.0, 0.0, 0.0, 0.0, 0.0, 0.0, 0.0, 0.0, 0.0, 0.0, 0.0, 0.0, 0.0, 0.0, 0.0, 0.0, 0.0, 0.0]"
hMpxV/Australia/QLD-MX000077/2024|EPI_ISL_19539725|2024-09-11,"[1.0, 0.0, 0.0, 0.0, 0.0, 0.0, 0.0, 0.0, 0.0, 0.0, 0.0, 0.0, 0.0, 0.0, 0.0, 0.0, 0.0, 0.0, 0.0, 0.0, 0.0, 0.0, 0.0, 0.0, 0.0, 0.0, 0.0, 0.0, 0.0, 0.0, 0.0]"
hMpxV/Australia/QLD-MX000063/2024|EPI_ISL_19539711|2024-09-07,"[0.9999999999999999, 0.0, 0.0, 0.0, 0.0, 0.0, 0.0, 0.0, 0.0, 0.0, 0.0, 0.0, 0.0, 0.0, 0.0, 0.0, 0.0, 0.0, 0.0, 0.0, 0.0, 0.0, 0.0, 0.0, 0.0, 0.0, 0.0, 0.0, 0.0, 0.0, 0.0]"
hMpxV/Australia/QLD-MX000083/2024|EPI_ISL_19539731|2024-09-15,"[0.9999999999999999, 0.0, 0.0, 0.0, 0.0, 0.0, 0.0, 0.0, 0.0, 0.0, 0.0, 0.0, 0.0, 0.0, 0.0, 0.0, 0.0, 0.0, 0.0, 0.0, 0.0, 0.0, 0.0, 0.0, 0.0, 0.0, 0.0, 0.0, 0.0, 0.0, 0.0]"
hMpxV/Australia/QLD-MX000091/2024|EPI_ISL_19539740|2024-09-17,"[1.0, 0.0, 0.0, 0.0, 0.0, 0.0, 0.0, 0.0, 0.0, 0.0, 0.0, 0.0, 0.0, 0.0, 0.0, 0.0, 0.0, 0.0, 0.0, 0.0, 0.0, 0.0, 0.0, 0.0, 0.0, 0.0, 0.0, 0.0, 0.0, 0.0, 0.0]"
hMpxV/Australia/QLD-MX000102/2024|EPI_ISL_19539749|2024-09-19,"[0.9999999999999999, 0.0, 0.0, 0.0, 0.0, 0.0, 0.0, 0.0, 0.0, 0.0, 0.0, 0.0, 0.0, 0.0, 0.0, 0.0, 0.0, 0.0, 0.0, 0.0, 0.0, 0.0, 0.0, 0.0, 0.0, 0.0, 0.0, 0.0, 0.0, 0.0, 0.0]"
hMpxV/Australia/QLD-MX000105/2024|EPI_ISL_19539752|2024-09-24,"[1.0, 0.0, 0.0, 0.0, 0.0, 0.0, 0.0, 0.0, 0.0, 0.0, 0.0, 0.0, 0.0, 0.0, 0.0, 0.0, 0.0, 0.0, 0.0, 0.0, 0.0, 0.0, 0.0, 0.0, 0.0, 0.0, 0.0, 0.0, 0.0, 0.0, 0.0]"
NODE_0000186,"[0.999999999420183, 1.5434142607715497e-11, 3.750499622344699e-11, 1.5806736511670137e-11, 1.3719834824758944e-11, 1.5598465341930305e-11, 1.5484822626502657e-11, 1.5563222662875428e-11, 1.552971296756625e-11, 1.559077751433765e-11, 1.5347802853121803e-11, 1.5625199975647858e-11, 1.456986543513902e-11, 1.5255165963059053e-11, 3.1238493689116785e-11, 1.0594045522979528e-11, 1.4908053390565163e-11, 1.562519997565633e-11, 1.5625199975656288e-11, 1.445466697293226e-11, 1.4971295966018354e-11, 1.557582924219936e-11, 1.0749935692335479e-11, 1.5595455086650888e-11, 6.264184602103715e-11, 1.4860633558869938e-11, 1.2712416478182718e-11, 1.502705528777387e-11, 1.468680569055682e-11, 6.39947095649826e-11, 1.5524357619429497e-11]"
hMpxV/Australia/QLD-MX000023/2024|EPI_ISL_19539673|2024-05-28,"[1.0, 0.0, 0.0, 0.0, 0.0, 0.0, 0.0, 0.0, 0.0, 0.0, 0.0, 0.0, 0.0, 0.0, 0.0, 0.0, 0.0, 0.0, 0.0, 0.0, 0.0, 0.0, 0.0, 0.0, 0.0, 0.0, 0.0, 0.0, 0.0, 0.0, 0.0]"
hMpxV/Australia/QLD-MX000024/2024|EPI_ISL_19539674|2024-05-28,"[1.0, 0.0, 0.0, 0.0, 0.0, 0.0, 0.0, 0.0, 0.0, 0.0, 0.0, 0.0, 0.0, 0.0, 0.0, 0.0, 0.0, 0.0, 0.0, 0.0, 0.0, 0.0, 0.0, 0.0, 0.0, 0.0, 0.0, 0.0, 0.0, 0.0, 0.0]"
NODE_0000190,"[0.9999999971218704, 7.785191495043697e-11, 1.8262304500328557e-10, 7.973056259259549e-11, 6.951046942741176e-11, 7.865641927818015e-11, 7.804475862791178e-11, 7.855559445987559e-11, 7.85051130988502e-11, 7.862993724944607e-11, 7.738075252690342e-11, 7.87418883940103e-11, 7.37601067940493e-11, 7.708453616016599e-11, 1.5076870155158686e-10, 5.4157582503710074e-11, 7.568071987787819e-11, 7.874188839405255e-11, 7.874188839405257e-11, 7.316831105032887e-11, 7.19030457273364e-11, 7.892556634094187e-11, 5.563746047939827e-11, 7.865414333138591e-11, 2.9429054313942515e-10, 7.495924745622182e-11, 6.54299770435319e-11, 7.570462550754142e-11, 7.44896177970794e-11, 3.093746165372298e-10, 7.842675711469405e-11]"
hMpxV/Australia/VIC-VIDRL-4022/2024|EPI_ISL_19459715|2024-07-08,"[1.0, 0.0, 0.0, 0.0, 0.0, 0.0, 0.0, 0.0, 0.0, 0.0, 0.0, 0.0, 0.0, 0.0, 0.0, 0.0, 0.0, 0.0, 0.0, 0.0, 0.0, 0.0, 0.0, 0.0, 0.0, 0.0, 0.0, 0.0, 0.0, 0.0, 0.0]"
hMpxV/Australia/VIC-VIDRL-4178/2024|EPI_ISL_19459784|2024-07-08,"[1.0, 0.0, 0.0, 0.0, 0.0, 0.0, 0.0, 0.0, 0.0, 0.0, 0.0, 0.0, 0.0, 0.0, 0.0, 0.0, 0.0, 0.0, 0.0, 0.0, 0.0, 0.0, 0.0, 0.0, 0.0, 0.0, 0.0, 0.0, 0.0, 0.0, 0.0]"
NODE_0000198,"[0.9999996445112301, 9.897253225910328e-09, 2.169575867243759e-08, 1.0139051947647004e-08, 8.89189304748165e-09, 9.996841215896609e-09, 9.908250602289271e-09, 9.988830554765972e-09, 9.996790564695891e-09, 9.997222803992301e-09, 9.823643196963046e-09, 9.996240255525373e-09, 9.434916659601387e-09, 9.835553211222714e-09, 1.7738353543658426e-08, 7.02732162152745e-09, 9.728565921034253e-09, 9.996240255525962e-09, 9.99624025552596e-09, 9.362440576497304e-09, 8.381089176482282e-09, 1.0115694146646428e-08, 7.309483186878644e-09, 9.993037676661184e-09, 3.28783629675402e-08, 9.528518206596445e-09, 8.560791528025697e-09, 9.60316850222299e-09, 9.551252497007302e-09, 3.613449657439849e-08, 9.981467541788738e-09]"
hMpxV/Australia/QLD-MX000131/2024|EPI_ISL_19539775|2024-10-02,"[1.0, 0.0, 0.0, 0.0, 0.0, 0.0, 0.0, 0.0, 0.0, 0.0, 0.0, 0.0, 0.0, 0.0, 0.0, 0.0, 0.0, 0.0, 0.0, 0.0, 0.0, 0.0, 0.0, 0.0, 0.0, 0.0, 0.0, 0.0, 0.0, 0.0, 0.0]"
hMpxV/Australia/QLD-MX000133/2024|EPI_ISL_19539777|2024-10-02,"[1.0, 0.0, 0.0, 0.0, 0.0, 0.0, 0.0, 0.0, 0.0, 0.0, 0.0, 0.0, 0.0, 0.0, 0.0, 0.0, 0.0, 0.0, 0.0, 0.0, 0.0, 0.0, 0.0, 0.0, 0.0, 0.0, 0.0, 0.0, 0.0, 0.0, 0.0]"
NODE_0000196,"[0.9999971880354425, 7.834332825055779e-08, 1.7143086038965415e-07, 8.025107141031694e-08, 7.044019340985154e-08, 7.912398337005962e-08, 7.842368046510151e-08, 7.909198656729585e-08, 7.918993094568328e-08, 7.912610057060739e-08, 7.776871585834495e-08, 7.911563561861362e-08, 7.471271642049866e-08, 7.785625740358645e-08, 1.398486370349584e-07, 5.5735834631847255e-08, 7.705506926756349e-08, 7.911563561861572e-08, 7.911563561861628e-08, 7.412780368328732e-08, 6.605743748691691e-08, 8.010303373560056e-08, 5.817620421105763e-08, 7.910764258504116e-08, 2.5885848609125715e-07, 7.542652201839731e-08, 6.800288818875084e-08, 7.600717329538889e-08, 7.566235028610845e-08, 2.856379786893017e-07, 7.905176451601584e-08]"
hMpxV/Australia/QLD-MX000106/2024|EPI_ISL_19539753|2024-09-24,"[1.0, 0.0, 0.0, 0.0, 0.0, 0.0, 0.0, 0.0, 0.0, 0.0, 0.0, 0.0, 0.0, 0.0, 0.0, 0.0, 0.0, 0.0, 0.0, 0.0, 0.0, 0.0, 0.0, 0.0, 0.0, 0.0, 0.0, 0.0, 0.0, 0.0, 0.0]"
NODE_0000197,"[0.9999999986374482, 3.619034353078701e-11, 8.83693527451566e-11, 3.706195936669262e-11, 3.216768364592671e-11, 3.6575108630416276e-11, 3.631152128025464e-11, 3.6496745230446274e-11, 3.642058666950811e-11, 3.6556172451409464e-11, 3.599287759245722e-11, 3.66398103088796e-11, 3.415384232068559e-11, 3.5763291776529055e-11, 7.354607981148067e-11, 2.4826224112355556e-11, 3.49411317538535e-11, 3.6639810308892094e-11, 3.663981030889198e-11, 3.388132579261487e-11, 3.5285231244577146e-11, 3.6507028886309895e-11, 2.5193507888005647e-11, 3.6571259004237064e-11, 1.4799722016016063e-10, 3.484709391851579e-11, 2.978344688016334e-11, 3.524062444206856e-11, 3.4426730056267866e-11, 1.5111944857706912e-10, 3.640648782418257e-11]"
hMpxV/Australia/QLD-MX000120/2024|EPI_ISL_19539764|2024-10-01,"[1.0, 0.0, 0.0, 0.0, 0.0, 0.0, 0.0, 0.0, 0.0, 0.0, 0.0, 0.0, 0.0, 0.0, 0.0, 0.0, 0.0, 0.0, 0.0, 0.0, 0.0, 0.0, 0.0, 0.0, 0.0, 0.0, 0.0, 0.0, 0.0, 0.0, 0.0]"
hMpxV/Australia/QLD-MX000119/2024|EPI_ISL_19539763|2024-09-30,"[1.0, 0.0, 0.0, 0.0, 0.0, 0.0, 0.0, 0.0, 0.0, 0.0, 0.0, 0.0, 0.0, 0.0, 0.0, 0.0, 0.0, 0.0, 0.0, 0.0, 0.0, 0.0, 0.0, 0.0, 0.0, 0.0, 0.0, 0.0, 0.0, 0.0, 0.0]"
NODE_0000201,"[0.9999999999997943, 4.055093406655357e-15, 1.69006277266767e-14, 4.124718242089617e-15, 3.566495430670811e-15, 4.090169975735972e-15, 4.100180340821232e-15, 4.140359411073892e-15, 4.165590667632815e-15, 4.0755377151154304e-15, 4.101299115807192e-15, 4.125036465371596e-15, 3.695011272263779e-15, 3.906248876805105e-15, 1.3020140082344208e-14, 2.587800697358243e-15, 3.706030386818428e-15, 4.125036465372856e-15, 4.125036465372856e-15, 3.6324997298574085e-15, 6.952584471196668e-15, 3.8851617477352165e-15, 2.665200147889492e-15, 4.133872355999976e-15, 3.7321933348089587e-14, 3.924261222359549e-15, 3.029431154843658e-15, 4.01285415480556e-15, 3.7113329107963446e-15, 3.5738595446928005e-14, 4.142555047704198e-15]"
hMpxV/Australia/QLD-MX000140/2024|EPI_ISL_19539784|2024-09-30,"[1.0, 0.0, 0.0, 0.0, 0.0, 0.0, 0.0, 0.0, 0.0, 0.0, 0.0, 0.0, 0.0, 0.0, 0.0, 0.0, 0.0, 0.0, 0.0, 0.0, 0.0, 0.0, 0.0, 0.0, 0.0, 0.0, 0.0, 0.0, 0.0, 0.0, 0.0]"
hMpxV/Australia/QLD-MX000141/2024|EPI_ISL_19539785|2024-09-30,"[1.0, 0.0, 0.0, 0.0, 0.0, 0.0, 0.0, 0.0, 0.0, 0.0, 0.0, 0.0, 0.0, 0.0, 0.0, 0.0, 0.0, 0.0, 0.0, 0.0, 0.0, 0.0, 0.0, 0.0, 0.0, 0.0, 0.0, 0.0, 0.0, 0.0, 0.0]"
hMpxV/Australia/QLD-MX000107/2024|EPI_ISL_19539754|2024-09-25,"[0.9999999999999999, 0.0, 0.0, 0.0, 0.0, 0.0, 0.0, 0.0, 0.0, 0.0, 0.0, 0.0, 0.0, 0.0, 0.0, 0.0, 0.0, 0.0, 0.0, 0.0, 0.0, 0.0, 0.0, 0.0, 0.0, 0.0, 0.0, 0.0, 0.0, 0.0, 0.0]"
hMpxV/Australia/QLD-MX000117/2024|EPI_ISL_19539761|2024-09-30,"[1.0, 0.0, 0.0, 0.0, 0.0, 0.0, 0.0, 0.0, 0.0, 0.0, 0.0, 0.0, 0.0, 0.0, 0.0, 0.0, 0.0, 0.0, 0.0, 0.0, 0.0, 0.0, 0.0, 0.0, 0.0, 0.0, 0.0, 0.0, 0.0, 0.0, 0.0]"
NODE_0000191,"[0.9999938746825587, 1.7076285446945587e-07, 3.730720226809013e-07, 1.749149057728313e-07, 1.5360558318732446e-07, 1.7245570209743796e-07, 1.7092837708646316e-07, 1.7242066351558218e-07, 1.7267439356745784e-07, 1.7245997950522882e-07, 1.6951663410613462e-07, 1.7243162139583742e-07, 1.6289097672434043e-07, 1.6970886647277588e-07, 3.0397895910598794e-07, 1.2163003111268952e-07, 1.6802442110682503e-07, 1.7243162139583985e-07, 1.7243162139583982e-07, 1.616044305062841e-07, 1.4354948944177086e-07, 1.746460116285169e-07, 1.2719192491491507e-07, 1.72434297438568e-07, 5.619842412651188e-07, 1.644070576939976e-07, 1.4852625253062821e-07, 1.656580873570749e-07, 1.6499612937475056e-07, 6.216262131058091e-07, 1.7235407132956498e-07]"
hMpxV/Australia/QLD-MX000109/2024|EPI_ISL_19539756|2024-09-24,"[1.0, 0.0, 0.0, 0.0, 0.0, 0.0, 0.0, 0.0, 0.0, 0.0, 0.0, 0.0, 0.0, 0.0, 0.0, 0.0, 0.0, 0.0, 0.0, 0.0, 0.0, 0.0, 0.0, 0.0, 0.0, 0.0, 0.0, 0.0, 0.0, 0.0, 0.0]"
NODE_0000192,"[0.9999999999071257, 2.096597873282093e-12, 7.0188196177147634e-12, 2.139342138487944e-12, 1.8460773924866877e-12, 2.117174952533661e-12, 2.1137381852745037e-12, 2.127299968844027e-12, 2.129589661075071e-12, 2.1122878447182374e-12, 2.1048600516728617e-12, 2.1297325673677425e-12, 1.9359762099342936e-12, 2.040447180478035e-12, 5.651843168592528e-12, 1.3681106470968243e-12, 1.9546092238879165e-12, 2.1297325673678253e-12, 2.1297325673678783e-12, 1.911349870103672e-12, 2.881214640480963e-12, 2.0495655439410304e-12, 1.3870039308304628e-12, 2.1289391316281045e-12, 1.4080329738416574e-11, 2.024084786222106e-12, 1.611971509168756e-12, 2.0612948600375443e-12, 1.944812334884655e-12, 1.3523678782901233e-11, 2.123986571068987e-12]"
hMpxV/Australia/QLD-MX000135/2024|EPI_ISL_19539779|2024-10-02,"[1.0, 0.0, 0.0, 0.0, 0.0, 0.0, 0.0, 0.0, 0.0, 0.0, 0.0, 0.0, 0.0, 0.0, 0.0, 0.0, 0.0, 0.0, 0.0, 0.0, 0.0, 0.0, 0.0, 0.0, 0.0, 0.0, 0.0, 0.0, 0.0, 0.0, 0.0]"
hMpxV/Australia/QLD-MX000134/2024|EPI_ISL_19539778|2024-10-02,"[1.0, 0.0, 0.0, 0.0, 0.0, 0.0, 0.0, 0.0, 0.0, 0.0, 0.0, 0.0, 0.0, 0.0, 0.0, 0.0, 0.0, 0.0, 0.0, 0.0, 0.0, 0.0, 0.0, 0.0, 0.0, 0.0, 0.0, 0.0, 0.0, 0.0, 0.0]"
NODE_0000193,"[0.999999992638154, 1.956001472686878e-10, 4.772112740885813e-10, 2.0032377481943823e-10, 1.737788999323654e-10, 1.976910735527108e-10, 1.9626107892426803e-10, 1.9721617465929512e-10, 1.9675115861633246e-10, 1.9759057924228667e-10, 1.9451375693309052e-10, 1.9804413287617054e-10, 1.845676061606799e-10, 1.9329516439224033e-10, 3.979338658632799e-10, 1.3404167832121701e-10, 1.887920924147279e-10, 1.980441328761824e-10, 1.9804413287618734e-10, 1.8311323806601265e-10, 1.9082137969684636e-10, 1.9729144945645512e-10, 1.3578524367392664e-10, 1.9764618157198386e-10, 8.004010531313154e-10, 1.8833156548229446e-10, 1.6070164834345086e-10, 1.904686261228597e-10, 1.8600520295101777e-10, 8.148784850446547e-10, 1.9670116754110163e-10]"
hMpxV/Australia/QLD-MX000122/2024|EPI_ISL_19539766|2024-10-02,"[1.0, 0.0, 0.0, 0.0, 0.0, 0.0, 0.0, 0.0, 0.0, 0.0, 0.0, 0.0, 0.0, 0.0, 0.0, 0.0, 0.0, 0.0, 0.0, 0.0, 0.0, 0.0, 0.0, 0.0, 0.0, 0.0, 0.0, 0.0, 0.0, 0.0, 0.0]"
hMpxV/Australia/QLD-MX000132/2024|EPI_ISL_19539776|2024-10-02,"[1.0, 0.0, 0.0, 0.0, 0.0, 0.0, 0.0, 0.0, 0.0, 0.0, 0.0, 0.0, 0.0, 0.0, 0.0, 0.0, 0.0, 0.0, 0.0, 0.0, 0.0, 0.0, 0.0, 0.0, 0.0, 0.0, 0.0, 0.0, 0.0, 0.0, 0.0]"
NODE_0000199,"[0.999999982499861, 4.25693341303135e-10, 1.2549381359464974e-09, 4.3448341130559414e-10, 3.7995633160696045e-10, 4.2952093834332234e-10, 4.2801387345103244e-10, 4.325373215746924e-10, 4.347683425163928e-10, 4.2879250065317453e-10, 4.2647231485369894e-10, 4.311335766480996e-10, 3.979144889988664e-10, 4.169668513975217e-10, 9.867370295802063e-10, 2.8993132831458505e-10, 4.05504308804566e-10, 4.3113357664811647e-10, 4.311335766481179e-10, 3.928849203101019e-10, 4.93862995460786e-10, 4.2272411396037086e-10, 3.042609449726678e-10, 4.319026670313325e-10, 2.231483256523958e-09, 4.1091318860278227e-10, 3.486454034970118e-10, 4.1673128910532385e-10, 4.0196691694929983e-10, 2.3462362472950636e-09, 4.328958074539044e-10]"
hMpxV/Australia/QLD-MX000139/2024|EPI_ISL_19539783|2024-09-30,"[0.9999999999999999, 0.0, 0.0, 0.0, 0.0, 0.0, 0.0, 0.0, 0.0, 0.0, 0.0, 0.0, 0.0, 0.0, 0.0, 0.0, 0.0, 0.0, 0.0, 0.0, 0.0, 0.0, 0.0, 0.0, 0.0, 0.0, 0.0, 0.0, 0.0, 0.0, 0.0]"
hMpxV/Australia/QLD-MX000156/2024|EPI_ISL_19539797|2024-10-14,"[1.0, 0.0, 0.0, 0.0, 0.0, 0.0, 0.0, 0.0, 0.0, 0.0, 0.0, 0.0, 0.0, 0.0, 0.0, 0.0, 0.0, 0.0, 0.0, 0.0, 0.0, 0.0, 0.0, 0.0, 0.0, 0.0, 0.0, 0.0, 0.0, 0.0, 0.0]"
NODE_0000200,"[0.9999999999530712, 1.0642051278263402e-12, 3.5353561985511518e-12, 1.085995528709022e-12, 9.37221621976324e-13, 1.0746710831540194e-12, 1.072787732503901e-12, 1.0796234512350194e-12, 1.080689925305362e-12, 1.0722341212136039e-12, 1.0681620252180018e-12, 1.080944999157506e-12, 9.831616926822734e-13, 1.0360588117925486e-12, 2.849793372838763e-12, 6.951909289177839e-13, 9.92898926663972e-13, 1.080944999157578e-12, 1.0809449991575932e-12, 9.707662134210373e-13, 1.4504300875699985e-12, 1.0410790101397862e-12, 7.047899905096452e-13, 1.0804957902951997e-12, 7.062174515717311e-12, 1.027327850404395e-12, 8.194686891947201e-13, 1.0460472635868867e-12, 9.87725090490769e-13, 6.789803565088745e-12, 1.0779105735661397e-12]"
hMpxV/Australia/QLD-MX000097/2024|EPI_ISL_19539745|2024-09-17,"[1.0, 0.0, 0.0, 0.0, 0.0, 0.0, 0.0, 0.0, 0.0, 0.0, 0.0, 0.0, 0.0, 0.0, 0.0, 0.0, 0.0, 0.0, 0.0, 0.0, 0.0, 0.0, 0.0, 0.0, 0.0, 0.0, 0.0, 0.0, 0.0, 0.0, 0.0]"
hMpxV/Australia/QLD-MX000103/2024|EPI_ISL_19539750|2024-09-24,"[1.0, 0.0, 0.0, 0.0, 0.0, 0.0, 0.0, 0.0, 0.0, 0.0, 0.0, 0.0, 0.0, 0.0, 0.0, 0.0, 0.0, 0.0, 0.0, 0.0, 0.0, 0.0, 0.0, 0.0, 0.0, 0.0, 0.0, 0.0, 0.0, 0.0, 0.0]"
hMpxV/Australia/QLD-MX000118/2024|EPI_ISL_19539762|2024-09-30,"[1.0, 0.0, 0.0, 0.0, 0.0, 0.0, 0.0, 0.0, 0.0, 0.0, 0.0, 0.0, 0.0, 0.0, 0.0, 0.0, 0.0, 0.0, 0.0, 0.0, 0.0, 0.0, 0.0, 0.0, 0.0, 0.0, 0.0, 0.0, 0.0, 0.0, 0.0]"
NODE_0000202,"[0.9999975630589732, 6.762097452467033e-08, 1.494343764180737e-07, 6.92615102086659e-08, 6.076476611177673e-08, 6.829420294936703e-08, 6.770194646621672e-08, 6.827580310499255e-08, 6.836070698500234e-08, 6.8291597547746e-08, 6.714362711977175e-08, 6.829778118115322e-08, 6.443751461870822e-08, 6.716236961913982e-08, 1.2194299358048727e-07, 4.8001728338841066e-08, 6.641383006984559e-08, 6.829778118115468e-08, 6.829778118115553e-08, 6.392454541663544e-08, 5.7677770165186315e-08, 6.906449208918164e-08, 5.0094771170509925e-08, 6.829024656306117e-08, 2.2741489950075366e-07, 6.510547073495642e-08, 5.853587755694906e-08, 6.562375272383701e-08, 6.524449224542742e-08, 2.4972385474032415e-07, 6.823956259838033e-08]"
NODE_0000204,"[0.999999999282123, 1.9115799618174217e-11, 4.641904145636217e-11, 1.95766900442108e-11, 1.699843784101181e-11, 1.9318618665387834e-11, 1.9177825232564663e-11, 1.927789343559698e-11, 1.923971963227997e-11, 1.9309097864470685e-11, 1.9009470501577232e-11, 1.9351214225252815e-11, 1.8048540734081026e-11, 1.8894960858062392e-11, 3.861907680857009e-11, 1.3132760080615831e-11, 1.8470300147562372e-11, 1.9351214225263246e-11, 1.9351214225263246e-11, 1.7904927401129304e-11, 1.8509743560343472e-11, 1.9294886739227446e-11, 1.3342287198574761e-11, 1.9316090685136385e-11, 7.739638473850266e-11, 1.840586026878858e-11, 1.5767010778554565e-11, 1.861081998707029e-11, 1.8196113574791902e-11, 7.92394348714951e-11, 1.9231502872452387e-11]"
hMpxV/Australia/QLD-MX000096/2024|EPI_ISL_19539744|2024-09-17,"[1.0, 0.0, 0.0, 0.0, 0.0, 0.0, 0.0, 0.0, 0.0, 0.0, 0.0, 0.0, 0.0, 0.0, 0.0, 0.0, 0.0, 0.0, 0.0, 0.0, 0.0, 0.0, 0.0, 0.0, 0.0, 0.0, 0.0, 0.0, 0.0, 0.0, 0.0]"
hMpxV/Australia/QLD-MX000098/2024|EPI_ISL_19539746|2024-09-17,"[1.0, 0.0, 0.0, 0.0, 0.0, 0.0, 0.0, 0.0, 0.0, 0.0, 0.0, 0.0, 0.0, 0.0, 0.0, 0.0, 0.0, 0.0, 0.0, 0.0, 0.0, 0.0, 0.0, 0.0, 0.0, 0.0, 0.0, 0.0, 0.0, 0.0, 0.0]"
NODE_0000203,"[1.0, 2.083010083130299e-18, 1.3385948619814896e-17, 2.1095839593058888e-18, 1.79965076644458e-18, 2.09984811970681e-18, 2.1208401427466226e-18, 2.1406367666441032e-18, 2.1574619860884075e-18, 2.0872733185873635e-18, 2.1322981914501996e-18, 2.13037435089018e-18, 1.839267766244742e-18, 1.964477246407514e-18, 1.0043906023717699e-17, 1.2274512194572443e-18, 1.8075237558040104e-18, 2.1303743508904827e-18, 2.130374350890483e-18, 1.797908016435593e-18, 5.80841496682008e-18, 1.9089837033595237e-18, 1.2434262299657498e-18, 2.1364329940291146e-18, 3.8925361388796836e-17, 2.0219743177526165e-18, 1.3941461100104135e-18, 2.088880138926698e-18, 1.835081992578987e-18, 3.307600527155595e-17, 2.1416030507591297e-18]"
hMpxV/Australia/QLD-MX000065/2024|EPI_ISL_19539713|2024-09-06,"[1.0, 0.0, 0.0, 0.0, 0.0, 0.0, 0.0, 0.0, 0.0, 0.0, 0.0, 0.0, 0.0, 0.0, 0.0, 0.0, 0.0, 0.0, 0.0, 0.0, 0.0, 0.0, 0.0, 0.0, 0.0, 0.0, 0.0, 0.0, 0.0, 0.0, 0.0]"
hMpxV/Australia/QLD-MX000067/2024|EPI_ISL_19539715|2024-09-09,"[0.9999999999999999, 0.0, 0.0, 0.0, 0.0, 0.0, 0.0, 0.0, 0.0, 0.0, 0.0, 0.0, 0.0, 0.0, 0.0, 0.0, 0.0, 0.0, 0.0, 0.0, 0.0, 0.0, 0.0, 0.0, 0.0, 0.0, 0.0, 0.0, 0.0, 0.0, 0.0]"
hMpxV/Australia/QLD-MX000080/2024|EPI_ISL_19539728|2024-09-13,"[1.0, 0.0, 0.0, 0.0, 0.0, 0.0, 0.0, 0.0, 0.0, 0.0, 0.0, 0.0, 0.0, 0.0, 0.0, 0.0, 0.0, 0.0, 0.0, 0.0, 0.0, 0.0, 0.0, 0.0, 0.0, 0.0, 0.0, 0.0, 0.0, 0.0, 0.0]"
hMpxV/Australia/QLD-MX000104/2024|EPI_ISL_19539751|2024-09-23,"[1.0, 0.0, 0.0, 0.0, 0.0, 0.0, 0.0, 0.0, 0.0, 0.0, 0.0, 0.0, 0.0, 0.0, 0.0, 0.0, 0.0, 0.0, 0.0, 0.0, 0.0, 0.0, 0.0, 0.0, 0.0, 0.0, 0.0, 0.0, 0.0, 0.0, 0.0]"
hMpxV/Australia/QLD-MX000110/2024|EPI_ISL_19539757|2024-09-25,"[1.0, 0.0, 0.0, 0.0, 0.0, 0.0, 0.0, 0.0, 0.0, 0.0, 0.0, 0.0, 0.0, 0.0, 0.0, 0.0, 0.0, 0.0, 0.0, 0.0, 0.0, 0.0, 0.0, 0.0, 0.0, 0.0, 0.0, 0.0, 0.0, 0.0, 0.0]"
NODE_0000194,"[1.0, 5.0660051727809885e-23, 7.033966880223654e-22, 5.079498690411773e-23, 4.3172256157226986e-23, 5.091280512748435e-23, 5.2152031076149026e-23, 5.30421556817179e-23, 5.415035233928841e-23, 5.0380818108372e-23, 5.315342917710111e-23, 5.215581197703934e-23, 4.254465801511243e-23, 4.603373325131943e-23, 4.703133343918665e-22, 2.698755035516527e-23, 4.063393823070722e-23, 5.215581197704454e-23, 5.215581197704786e-23, 4.102974300743397e-23, 3.170842764027045e-22, 4.3111782817585043e-23, 2.817317475988566e-23, 5.263528159682418e-23, 3.0301881717732124e-21, 4.95368077755572e-23, 2.969542676900014e-23, 5.1993044812585743e-23, 4.2265072824659397e-23, 2.3605265506171876e-21, 5.33255065874321e-23]"
hMpxV/Australia/QLD-MX000121/2024|EPI_ISL_19539765|2024-10-02,"[1.0, 0.0, 0.0, 0.0, 0.0, 0.0, 0.0, 0.0, 0.0, 0.0, 0.0, 0.0, 0.0, 0.0, 0.0, 0.0, 0.0, 0.0, 0.0, 0.0, 0.0, 0.0, 0.0, 0.0, 0.0, 0.0, 0.0, 0.0, 0.0, 0.0, 0.0]"
hMpxV/Australia/QLD-MX000129/2024|EPI_ISL_19539773|2024-10-02,"[1.0, 0.0, 0.0, 0.0, 0.0, 0.0, 0.0, 0.0, 0.0, 0.0, 0.0, 0.0, 0.0, 0.0, 0.0, 0.0, 0.0, 0.0, 0.0, 0.0, 0.0, 0.0, 0.0, 0.0, 0.0, 0.0, 0.0, 0.0, 0.0, 0.0, 0.0]"
hMpxV/Australia/QLD-MX000130/2024|EPI_ISL_19539774|2024-10-02,"[1.0, 0.0, 0.0, 0.0, 0.0, 0.0, 0.0, 0.0, 0.0, 0.0, 0.0, 0.0, 0.0, 0.0, 0.0, 0.0, 0.0, 0.0, 0.0, 0.0, 0.0, 0.0, 0.0, 0.0, 0.0, 0.0, 0.0, 0.0, 0.0, 0.0, 0.0]"
hMpxV/Australia/QLD-MX000148/2024|EPI_ISL_19539789|2024-10-15,"[1.0, 0.0, 0.0, 0.0, 0.0, 0.0, 0.0, 0.0, 0.0, 0.0, 0.0, 0.0, 0.0, 0.0, 0.0, 0.0, 0.0, 0.0, 0.0, 0.0, 0.0, 0.0, 0.0, 0.0, 0.0, 0.0, 0.0, 0.0, 0.0, 0.0, 0.0]"
hMpxV/Australia/QLD-MX000149/2024|EPI_ISL_19539790|2024-10-15,"[1.0, 0.0, 0.0, 0.0, 0.0, 0.0, 0.0, 0.0, 0.0, 0.0, 0.0, 0.0, 0.0, 0.0, 0.0, 0.0, 0.0, 0.0, 0.0, 0.0, 0.0, 0.0, 0.0, 0.0, 0.0, 0.0, 0.0, 0.0, 0.0, 0.0, 0.0]"
hMpxV/Australia/QLD-MX000157/2024|EPI_ISL_19539798|2024-10-15,"[1.0, 0.0, 0.0, 0.0, 0.0, 0.0, 0.0, 0.0, 0.0, 0.0, 0.0, 0.0, 0.0, 0.0, 0.0, 0.0, 0.0, 0.0, 0.0, 0.0, 0.0, 0.0, 0.0, 0.0, 0.0, 0.0, 0.0, 0.0, 0.0, 0.0, 0.0]"
hMpxV/Australia/QLD-MX000158/2024|EPI_ISL_19539799|2024-10-17,"[1.0, 0.0, 0.0, 0.0, 0.0, 0.0, 0.0, 0.0, 0.0, 0.0, 0.0, 0.0, 0.0, 0.0, 0.0, 0.0, 0.0, 0.0, 0.0, 0.0, 0.0, 0.0, 0.0, 0.0, 0.0, 0.0, 0.0, 0.0, 0.0, 0.0, 0.0]"
NODE_0000195,"[0.9999999990738166, 2.4639994472593314e-11, 5.994841262911353e-11, 2.5234858629354617e-11, 2.189954445968697e-11, 2.490264667299866e-11, 2.4721636504606098e-11, 2.4845282834655815e-11, 2.4790207106689467e-11, 2.4890251888791022e-11, 2.4502479407608222e-11, 2.49458888408608e-11, 2.3257137787808193e-11, 2.4352820317894787e-11, 4.995008635293534e-11, 1.6904694531419373e-11, 2.3794589805114153e-11, 2.4945888840870044e-11, 2.4945888840870086e-11, 2.3073451049342977e-11, 2.3944130011054034e-11, 2.4862051914072107e-11, 1.7144417043836568e-11, 2.4897581951700817e-11, 1.0025741341438325e-10, 2.3724442525415004e-11, 2.02790685416591e-11, 2.3991220391411212e-11, 2.344207097438136e-11, 1.0231282479604548e-10, 2.478235799490578e-11]"
hMpxV/Australia/QLD-MX000125/2024|EPI_ISL_19539769|2024-10-03,"[1.0, 0.0, 0.0, 0.0, 0.0, 0.0, 0.0, 0.0, 0.0, 0.0, 0.0, 0.0, 0.0, 0.0, 0.0, 0.0, 0.0, 0.0, 0.0, 0.0, 0.0, 0.0, 0.0, 0.0, 0.0, 0.0, 0.0, 0.0, 0.0, 0.0, 0.0]"
hMpxV/Australia/QLD-MX000108/2024|EPI_ISL_19539755|2024-09-23,"[1.0, 0.0, 0.0, 0.0, 0.0, 0.0, 0.0, 0.0, 0.0, 0.0, 0.0, 0.0, 0.0, 0.0, 0.0, 0.0, 0.0, 0.0, 0.0, 0.0, 0.0, 0.0, 0.0, 0.0, 0.0, 0.0, 0.0, 0.0, 0.0, 0.0, 0.0]"
NODE_0000187,"[0.9999999999017731, 2.2649459602026113e-12, 7.324908383382224e-12, 2.3112705441210465e-12, 2.001471097125097e-12, 2.2866489945430014e-12, 2.2818181730786564e-12, 2.2990411207836335e-12, 2.3040982356635904e-12, 2.2817130830164183e-12, 2.272646688525725e-12, 2.298922749755778e-12, 2.0982474543587475e-12, 2.2078615119235067e-12, 5.865270904064417e-12, 1.4948066270988957e-12, 2.1233374025350447e-12, 2.298922749756446e-12, 2.2989227497564604e-12, 2.0715382938122634e-12, 2.9733593316307494e-12, 2.2233471450227333e-12, 1.530750762951121e-12, 2.2994095990783196e-12, 1.4237048273938808e-11, 2.186453828543216e-12, 1.7716357842417385e-12, 2.224198649100853e-12, 2.1110325479409895e-12, 1.3986408900266518e-11, 2.29695921055736e-12]"
hMpxV/Australia/VIC-VIDRL-6937/2024|EPI_ISL_19459780|2024-06-11,"[1.0, 0.0, 0.0, 0.0, 0.0, 0.0, 0.0, 0.0, 0.0, 0.0, 0.0, 0.0, 0.0, 0.0, 0.0, 0.0, 0.0, 0.0, 0.0, 0.0, 0.0, 0.0, 0.0, 0.0, 0.0, 0.0, 0.0, 0.0, 0.0, 0.0, 0.0]"
hMpxV/Australia/VIC-VIDRL-6445/2024|EPI_ISL_19459705|2024-06-07,"[1.0, 0.0, 0.0, 0.0, 0.0, 0.0, 0.0, 0.0, 0.0, 0.0, 0.0, 0.0, 0.0, 0.0, 0.0, 0.0, 0.0, 0.0, 0.0, 0.0, 0.0, 0.0, 0.0, 0.0, 0.0, 0.0, 0.0, 0.0, 0.0, 0.0, 0.0]"
NODE_0000188,"[1.0, 6.556481045644235e-24, 1.358799135205779e-22, 6.52634611061152e-24, 5.641312111255396e-24, 6.565417511028151e-24, 6.779198264295072e-24, 6.97894441210584e-24, 7.240143260199796e-24, 6.480143118336199e-24, 6.988589322862096e-24, 6.754252813642044e-24, 5.397286367442616e-24, 5.844708836653102e-24, 8.039302000984479e-23, 3.4460339695347805e-24, 5.110596025600729e-24, 6.754252813643917e-24, 6.754252813643914e-24, 5.151678962760972e-24, 5.922576025904918e-23, 5.3973945673891914e-24, 3.888876916124099e-24, 6.8716903022679e-24, 6.65695293967617e-22, 6.444686416777118e-24, 3.82257903258086e-24, 6.804392131452297e-24, 5.389469331952243e-24, 5.515620317949323e-22, 7.068117509247597e-24]"
hMpxV/Australia/VIC-VIDRL-3955/2024|EPI_ISL_19459711|2024-07-07,"[0.9999999999999999, 0.0, 0.0, 0.0, 0.0, 0.0, 0.0, 0.0, 0.0, 0.0, 0.0, 0.0, 0.0, 0.0, 0.0, 0.0, 0.0, 0.0, 0.0, 0.0, 0.0, 0.0, 0.0, 0.0, 0.0, 0.0, 0.0, 0.0, 0.0, 0.0, 0.0]"
hMpxV/Australia/QLD-MX000038/2024|EPI_ISL_19539687|2024-07-30,"[1.0, 0.0, 0.0, 0.0, 0.0, 0.0, 0.0, 0.0, 0.0, 0.0, 0.0, 0.0, 0.0, 0.0, 0.0, 0.0, 0.0, 0.0, 0.0, 0.0, 0.0, 0.0, 0.0, 0.0, 0.0, 0.0, 0.0, 0.0, 0.0, 0.0, 0.0]"
hMpxV/Australia/QLD-MX000040/2024|EPI_ISL_19539689|2024-07-30,"[1.0, 0.0, 0.0, 0.0, 0.0, 0.0, 0.0, 0.0, 0.0, 0.0, 0.0, 0.0, 0.0, 0.0, 0.0, 0.0, 0.0, 0.0, 0.0, 0.0, 0.0, 0.0, 0.0, 0.0, 0.0, 0.0, 0.0, 0.0, 0.0, 0.0, 0.0]"
hMpxV/Australia/QLD-MX000138/2024|EPI_ISL_19539782|2024-09-12,"[1.0, 0.0, 0.0, 0.0, 0.0, 0.0, 0.0, 0.0, 0.0, 0.0, 0.0, 0.0, 0.0, 0.0, 0.0, 0.0, 0.0, 0.0, 0.0, 0.0, 0.0, 0.0, 0.0, 0.0, 0.0, 0.0, 0.0, 0.0, 0.0, 0.0, 0.0]"
hMpxV/Australia/QLD-MX000066/2024|EPI_ISL_19539714|2024-09-05,"[1.0, 0.0, 0.0, 0.0, 0.0, 0.0, 0.0, 0.0, 0.0, 0.0, 0.0, 0.0, 0.0, 0.0, 0.0, 0.0, 0.0, 0.0, 0.0, 0.0, 0.0, 0.0, 0.0, 0.0, 0.0, 0.0, 0.0, 0.0, 0.0, 0.0, 0.0]"
hMpxV/Australia/QLD-MX000079/2024|EPI_ISL_19539726|2024-09-12,"[1.0, 0.0, 0.0, 0.0, 0.0, 0.0, 0.0, 0.0, 0.0, 0.0, 0.0, 0.0, 0.0, 0.0, 0.0, 0.0, 0.0, 0.0, 0.0, 0.0, 0.0, 0.0, 0.0, 0.0, 0.0, 0.0, 0.0, 0.0, 0.0, 0.0, 0.0]"
hMpxV/Australia/QLD-MX000082/2024|EPI_ISL_19539730|2024-09-15,"[0.9999999999999999, 0.0, 0.0, 0.0, 0.0, 0.0, 0.0, 0.0, 0.0, 0.0, 0.0, 0.0, 0.0, 0.0, 0.0, 0.0, 0.0, 0.0, 0.0, 0.0, 0.0, 0.0, 0.0, 0.0, 0.0, 0.0, 0.0, 0.0, 0.0, 0.0, 0.0]"
hMpxV/Australia/QLD-MX000081/2024|EPI_ISL_19539729|2024-09-12,"[1.0, 0.0, 0.0, 0.0, 0.0, 0.0, 0.0, 0.0, 0.0, 0.0, 0.0, 0.0, 0.0, 0.0, 0.0, 0.0, 0.0, 0.0, 0.0, 0.0, 0.0, 0.0, 0.0, 0.0, 0.0, 0.0, 0.0, 0.0, 0.0, 0.0, 0.0]"
hMpxV/Australia/QLD-MX000094/2024|EPI_ISL_19539742|2024-09-19,"[1.0, 0.0, 0.0, 0.0, 0.0, 0.0, 0.0, 0.0, 0.0, 0.0, 0.0, 0.0, 0.0, 0.0, 0.0, 0.0, 0.0, 0.0, 0.0, 0.0, 0.0, 0.0, 0.0, 0.0, 0.0, 0.0, 0.0, 0.0, 0.0, 0.0, 0.0]"
NODE_0000189,"[0.9999997364270583, 7.216426399388847e-09, 1.646335802381628e-08, 7.390218614561699e-09, 6.467439134520206e-09, 7.288916143337077e-09, 7.2295546694106496e-09, 7.28648529137215e-09, 7.2918535239391765e-09, 7.2872709827644335e-09, 7.170614451454172e-09, 7.293193576629253e-09, 6.857469032573645e-09, 7.154862083239563e-09, 1.3486381565620354e-08, 5.076617839349072e-09, 7.051471336911104e-09, 7.293193576631226e-09, 7.293193576631222e-09, 6.801309934714207e-09, 6.406463252215986e-09, 7.342811114241832e-09, 5.274753166983626e-09, 7.29026661148556e-09, 2.5771914142418485e-08, 6.948368950596291e-09, 6.170301946079783e-09, 7.010350908639139e-09, 6.936386076589073e-09, 2.7741344984251134e-08, 7.280150823528933e-09]"
hMpxV/Australia/QLD-MX000056/2024|EPI_ISL_19539704|2024-09-01,"[1.0, 0.0, 0.0, 0.0, 0.0, 0.0, 0.0, 0.0, 0.0, 0.0, 0.0, 0.0, 0.0, 0.0, 0.0, 0.0, 0.0, 0.0, 0.0, 0.0, 0.0, 0.0, 0.0, 0.0, 0.0, 0.0, 0.0, 0.0, 0.0, 0.0, 0.0]"
hMpxV/Australia/QLD-MX000116/2024|EPI_ISL_19539760|2024-09-30,"[1.0, 0.0, 0.0, 0.0, 0.0, 0.0, 0.0, 0.0, 0.0, 0.0, 0.0, 0.0, 0.0, 0.0, 0.0, 0.0, 0.0, 0.0, 0.0, 0.0, 0.0, 0.0, 0.0, 0.0, 0.0, 0.0, 0.0, 0.0, 0.0, 0.0, 0.0]"
NODE_0000165,"[1.0, 7.743702238617977e-71, 6.242481684458007e-67, 7.201198783716339e-71, 5.5553746493867455e-71, 7.639143442333912e-71, 8.770178346990006e-71, 9.240340710109503e-71, 1.0159681838403757e-70, 7.288384380002702e-71, 9.856335203415588e-71, 8.5021511140641e-71, 4.2159423436103805e-71, 5.168138707021411e-71, 2.0113534396189484e-67, 1.567710259899202e-71, 3.1030737324771494e-71, 8.502151114066777e-71, 8.502151114067e-71, 3.677379343551982e-71, 4.642001142110155e-67, 3.515056937145777e-71, 1.7208270822207377e-71, 8.890657593034018e-71, 9.424171760172988e-65, 7.995648570831337e-71, 1.2326855344620154e-71, 9.639605615384769e-71, 3.9420825893173196e-71, 2.3865010418563978e-65, 9.513498404630496e-71]"
hMpxV/Australia/QLD-MX000033/2024|EPI_ISL_19539683|2024-06-24,"[1.0, 0.0, 0.0, 0.0, 0.0, 0.0, 0.0, 0.0, 0.0, 0.0, 0.0, 0.0, 0.0, 0.0, 0.0, 0.0, 0.0, 0.0, 0.0, 0.0, 0.0, 0.0, 0.0, 0.0, 0.0, 0.0, 0.0, 0.0, 0.0, 0.0, 0.0]"
hMpxV/Australia/QLD-MX000037/2024|EPI_ISL_19539686|2024-07-29,"[1.0, 0.0, 0.0, 0.0, 0.0, 0.0, 0.0, 0.0, 0.0, 0.0, 0.0, 0.0, 0.0, 0.0, 0.0, 0.0, 0.0, 0.0, 0.0, 0.0, 0.0, 0.0, 0.0, 0.0, 0.0, 0.0, 0.0, 0.0, 0.0, 0.0, 0.0]"
hMpxV/Australia/VIC-VIDRL-9145/2024|EPI_ISL_19459712|2024-06-18,"[1.0, 0.0, 0.0, 0.0, 0.0, 0.0, 0.0, 0.0, 0.0, 0.0, 0.0, 0.0, 0.0, 0.0, 0.0, 0.0, 0.0, 0.0, 0.0, 0.0, 0.0, 0.0, 0.0, 0.0, 0.0, 0.0, 0.0, 0.0, 0.0, 0.0, 0.0]"
hMpxV/Australia/VIC-VIDRL-6180/2024|EPI_ISL_19459716|2024-06-06,"[0.9999999999999999, 0.0, 0.0, 0.0, 0.0, 0.0, 0.0, 0.0, 0.0, 0.0, 0.0, 0.0, 0.0, 0.0, 0.0, 0.0, 0.0, 0.0, 0.0, 0.0, 0.0, 0.0, 0.0, 0.0, 0.0, 0.0, 0.0, 0.0, 0.0, 0.0, 0.0]"
hMpxV/Australia/VIC-VIDRL-8561/2024|EPI_ISL_19459719|2024-06-17,"[1.0, 0.0, 0.0, 0.0, 0.0, 0.0, 0.0, 0.0, 0.0, 0.0, 0.0, 0.0, 0.0, 0.0, 0.0, 0.0, 0.0, 0.0, 0.0, 0.0, 0.0, 0.0, 0.0, 0.0, 0.0, 0.0, 0.0, 0.0, 0.0, 0.0, 0.0]"
hMpxV/Australia/VIC-VIDRL-8119/2024|EPI_ISL_19459721|2024-06-14,"[1.0, 0.0, 0.0, 0.0, 0.0, 0.0, 0.0, 0.0, 0.0, 0.0, 0.0, 0.0, 0.0, 0.0, 0.0, 0.0, 0.0, 0.0, 0.0, 0.0, 0.0, 0.0, 0.0, 0.0, 0.0, 0.0, 0.0, 0.0, 0.0, 0.0, 0.0]"
hMpxV/Australia/VIC-VIDRL-0967/2024|EPI_ISL_19459728|2024-06-25,"[1.0, 0.0, 0.0, 0.0, 0.0, 0.0, 0.0, 0.0, 0.0, 0.0, 0.0, 0.0, 0.0, 0.0, 0.0, 0.0, 0.0, 0.0, 0.0, 0.0, 0.0, 0.0, 0.0, 0.0, 0.0, 0.0, 0.0, 0.0, 0.0, 0.0, 0.0]"
hMpxV/Australia/VIC-VIDRL-0493/2024|EPI_ISL_19459731|2024-06-24,"[1.0, 0.0, 0.0, 0.0, 0.0, 0.0, 0.0, 0.0, 0.0, 0.0, 0.0, 0.0, 0.0, 0.0, 0.0, 0.0, 0.0, 0.0, 0.0, 0.0, 0.0, 0.0, 0.0, 0.0, 0.0, 0.0, 0.0, 0.0, 0.0, 0.0, 0.0]"
hMpxV/Australia/VIC-VIDRL-8843/2024|EPI_ISL_19459744|2024-06-17,"[1.0, 0.0, 0.0, 0.0, 0.0, 0.0, 0.0, 0.0, 0.0, 0.0, 0.0, 0.0, 0.0, 0.0, 0.0, 0.0, 0.0, 0.0, 0.0, 0.0, 0.0, 0.0, 0.0, 0.0, 0.0, 0.0, 0.0, 0.0, 0.0, 0.0, 0.0]"
hMpxV/Australia/VIC-VIDRL-8126/2024|EPI_ISL_19459743|2024-06-14,"[1.0, 0.0, 0.0, 0.0, 0.0, 0.0, 0.0, 0.0, 0.0, 0.0, 0.0, 0.0, 0.0, 0.0, 0.0, 0.0, 0.0, 0.0, 0.0, 0.0, 0.0, 0.0, 0.0, 0.0, 0.0, 0.0, 0.0, 0.0, 0.0, 0.0, 0.0]"
hMpxV/Australia/VIC-VIDRL-8844/2024|EPI_ISL_19459750|2024-06-17,"[1.0, 0.0, 0.0, 0.0, 0.0, 0.0, 0.0, 0.0, 0.0, 0.0, 0.0, 0.0, 0.0, 0.0, 0.0, 0.0, 0.0, 0.0, 0.0, 0.0, 0.0, 0.0, 0.0, 0.0, 0.0, 0.0, 0.0, 0.0, 0.0, 0.0, 0.0]"
hMpxV/Australia/VIC-VIDRL-5416/2024|EPI_ISL_19459762|2024-06-03,"[1.0, 0.0, 0.0, 0.0, 0.0, 0.0, 0.0, 0.0, 0.0, 0.0, 0.0, 0.0, 0.0, 0.0, 0.0, 0.0, 0.0, 0.0, 0.0, 0.0, 0.0, 0.0, 0.0, 0.0, 0.0, 0.0, 0.0, 0.0, 0.0, 0.0, 0.0]"
hMpxV/Australia/VIC-VIDRL-8778/2024|EPI_ISL_19459766|2024-06-17,"[1.0, 0.0, 0.0, 0.0, 0.0, 0.0, 0.0, 0.0, 0.0, 0.0, 0.0, 0.0, 0.0, 0.0, 0.0, 0.0, 0.0, 0.0, 0.0, 0.0, 0.0, 0.0, 0.0, 0.0, 0.0, 0.0, 0.0, 0.0, 0.0, 0.0, 0.0]"
hMpxV/Australia/VIC-VIDRL-9661/2024|EPI_ISL_19459771|2024-06-20,"[1.0, 0.0, 0.0, 0.0, 0.0, 0.0, 0.0, 0.0, 0.0, 0.0, 0.0, 0.0, 0.0, 0.0, 0.0, 0.0, 0.0, 0.0, 0.0, 0.0, 0.0, 0.0, 0.0, 0.0, 0.0, 0.0, 0.0, 0.0, 0.0, 0.0, 0.0]"
hMpxV/Australia/VIC-VIDRL-4120/2024|EPI_ISL_19459773|2024-07-08,"[1.0, 0.0, 0.0, 0.0, 0.0, 0.0, 0.0, 0.0, 0.0, 0.0, 0.0, 0.0, 0.0, 0.0, 0.0, 0.0, 0.0, 0.0, 0.0, 0.0, 0.0, 0.0, 0.0, 0.0, 0.0, 0.0, 0.0, 0.0, 0.0, 0.0, 0.0]"
hMpxV/Australia/VIC-VIDRL-9874/2024|EPI_ISL_19459776|2024-06-20,"[1.0, 0.0, 0.0, 0.0, 0.0, 0.0, 0.0, 0.0, 0.0, 0.0, 0.0, 0.0, 0.0, 0.0, 0.0, 0.0, 0.0, 0.0, 0.0, 0.0, 0.0, 0.0, 0.0, 0.0, 0.0, 0.0, 0.0, 0.0, 0.0, 0.0, 0.0]"
hMpxV/Australia/VIC-VIDRL-6919/2024|EPI_ISL_19459775|2024-07-17,"[1.0, 0.0, 0.0, 0.0, 0.0, 0.0, 0.0, 0.0, 0.0, 0.0, 0.0, 0.0, 0.0, 0.0, 0.0, 0.0, 0.0, 0.0, 0.0, 0.0, 0.0, 0.0, 0.0, 0.0, 0.0, 0.0, 0.0, 0.0, 0.0, 0.0, 0.0]"
hMpxV/Australia/VIC-VIDRL-8557/2024|EPI_ISL_19459781|2024-06-17,"[1.0, 0.0, 0.0, 0.0, 0.0, 0.0, 0.0, 0.0, 0.0, 0.0, 0.0, 0.0, 0.0, 0.0, 0.0, 0.0, 0.0, 0.0, 0.0, 0.0, 0.0, 0.0, 0.0, 0.0, 0.0, 0.0, 0.0, 0.0, 0.0, 0.0, 0.0]"
hMpxV/Australia/VIC-VIDRL-4827/2024|EPI_ISL_19459787|2024-07-08,"[1.0, 0.0, 0.0, 0.0, 0.0, 0.0, 0.0, 0.0, 0.0, 0.0, 0.0, 0.0, 0.0, 0.0, 0.0, 0.0, 0.0, 0.0, 0.0, 0.0, 0.0, 0.0, 0.0, 0.0, 0.0, 0.0, 0.0, 0.0, 0.0, 0.0, 0.0]"
hMpxV/Australia/VIC-VIDRL-8608/2024|EPI_ISL_19459790|2024-06-17,"[1.0, 0.0, 0.0, 0.0, 0.0, 0.0, 0.0, 0.0, 0.0, 0.0, 0.0, 0.0, 0.0, 0.0, 0.0, 0.0, 0.0, 0.0, 0.0, 0.0, 0.0, 0.0, 0.0, 0.0, 0.0, 0.0, 0.0, 0.0, 0.0, 0.0, 0.0]"
hMpxV/Australia/VIC-VIDRL-8550/2024|EPI_ISL_19459707|2024-07-24,"[1.0, 0.0, 0.0, 0.0, 0.0, 0.0, 0.0, 0.0, 0.0, 0.0, 0.0, 0.0, 0.0, 0.0, 0.0, 0.0, 0.0, 0.0, 0.0, 0.0, 0.0, 0.0, 0.0, 0.0, 0.0, 0.0, 0.0, 0.0, 0.0, 0.0, 0.0]"
hMpxV/Australia/VIC-VIDRL-8845/2024|EPI_ISL_19459706|2024-06-17,"[1.0, 0.0, 0.0, 0.0, 0.0, 0.0, 0.0, 0.0, 0.0, 0.0, 0.0, 0.0, 0.0, 0.0, 0.0, 0.0, 0.0, 0.0, 0.0, 0.0, 0.0, 0.0, 0.0, 0.0, 0.0, 0.0, 0.0, 0.0, 0.0, 0.0, 0.0]"
hMpxV/Australia/VIC-VIDRL-9037/2024|EPI_ISL_19459801|2024-06-18,"[1.0, 0.0, 0.0, 0.0, 0.0, 0.0, 0.0, 0.0, 0.0, 0.0, 0.0, 0.0, 0.0, 0.0, 0.0, 0.0, 0.0, 0.0, 0.0, 0.0, 0.0, 0.0, 0.0, 0.0, 0.0, 0.0, 0.0, 0.0, 0.0, 0.0, 0.0]"
hMpxV/Australia/VIC-VIDRL-9660/2024|EPI_ISL_19459802|2024-06-20,"[1.0, 0.0, 0.0, 0.0, 0.0, 0.0, 0.0, 0.0, 0.0, 0.0, 0.0, 0.0, 0.0, 0.0, 0.0, 0.0, 0.0, 0.0, 0.0, 0.0, 0.0, 0.0, 0.0, 0.0, 0.0, 0.0, 0.0, 0.0, 0.0, 0.0, 0.0]"
NODE_0000184,"[0.9999999981227367, 5.045873173542104e-11, 1.2004592809484413e-10, 5.167569724011528e-11, 4.497819694665721e-11, 5.098558798819516e-11, 5.0599519807768485e-11, 5.090407363059731e-11, 5.084456624746882e-11, 5.096499061096498e-11, 5.01639642522805e-11, 5.105365585460671e-11, 4.7739253722938824e-11, 4.992530020413282e-11, 9.942377646994242e-11, 3.4923718081900524e-11, 4.892877450614153e-11, 5.105365585463414e-11, 5.105365585463411e-11, 4.7356981364636e-11, 4.750822693476768e-11, 5.106297517246005e-11, 3.572435874480945e-11, 5.0982580676997504e-11, 1.9617571508735203e-10, 4.8584042765482105e-11, 4.208963649629516e-11, 4.909080594953468e-11, 4.817870242295304e-11, 2.0398132771740216e-10, 5.080514236681992e-11]"
hMpxV/Australia/VIC-VIDRL-3577/2024|EPI_ISL_19459774|2024-07-04,"[1.0, 0.0, 0.0, 0.0, 0.0, 0.0, 0.0, 0.0, 0.0, 0.0, 0.0, 0.0, 0.0, 0.0, 0.0, 0.0, 0.0, 0.0, 0.0, 0.0, 0.0, 0.0, 0.0, 0.0, 0.0, 0.0, 0.0, 0.0, 0.0, 0.0, 0.0]"
hMpxV/Australia/VIC-VIDRL-3576/2024|EPI_ISL_19459778|2024-07-04,"[1.0, 0.0, 0.0, 0.0, 0.0, 0.0, 0.0, 0.0, 0.0, 0.0, 0.0, 0.0, 0.0, 0.0, 0.0, 0.0, 0.0, 0.0, 0.0, 0.0, 0.0, 0.0, 0.0, 0.0, 0.0, 0.0, 0.0, 0.0, 0.0, 0.0, 0.0]"
NODE_0000181,"[0.9999999999314437, 1.5666614927764631e-12, 5.141025174942451e-12, 1.598726346287681e-12, 1.3818002892691974e-12, 1.581892291726436e-12, 1.5788654011372236e-12, 1.5897510985393794e-12, 1.5921783830428062e-12, 1.5783801196621448e-12, 1.5722615902568087e-12, 1.590797281735803e-12, 1.4491400963556081e-12, 1.5260837240383507e-12, 4.132540431768326e-12, 1.0280892602105376e-12, 1.4647869382423887e-12, 1.5907972817362482e-12, 1.590797281736258e-12, 1.4307895618949307e-12, 2.0992442773424667e-12, 1.5349656818635406e-12, 1.0470566345476741e-12, 1.590578351575502e-12, 1.0143390699738555e-11, 1.512362754752072e-12, 1.2148767019931614e-12, 1.5392740555220656e-12, 1.4568050693024998e-12, 9.844770848518598e-12, 1.5877103870550028e-12]"
hMpxV/Australia/QLD-MX000034/2024|EPI_ISL_19539684|2024-06-27,"[1.0, 0.0, 0.0, 0.0, 0.0, 0.0, 0.0, 0.0, 0.0, 0.0, 0.0, 0.0, 0.0, 0.0, 0.0, 0.0, 0.0, 0.0, 0.0, 0.0, 0.0, 0.0, 0.0, 0.0, 0.0, 0.0, 0.0, 0.0, 0.0, 0.0, 0.0]"
hMpxV/Australia/VIC-VIDRL-8603/2024|EPI_ISL_19459759|2024-06-17,"[1.0, 0.0, 0.0, 0.0, 0.0, 0.0, 0.0, 0.0, 0.0, 0.0, 0.0, 0.0, 0.0, 0.0, 0.0, 0.0, 0.0, 0.0, 0.0, 0.0, 0.0, 0.0, 0.0, 0.0, 0.0, 0.0, 0.0, 0.0, 0.0, 0.0, 0.0]"
hMpxV/Australia/VIC-VIDRL-1781/2024|EPI_ISL_19459789|2024-06-27,"[1.0, 0.0, 0.0, 0.0, 0.0, 0.0, 0.0, 0.0, 0.0, 0.0, 0.0, 0.0, 0.0, 0.0, 0.0, 0.0, 0.0, 0.0, 0.0, 0.0, 0.0, 0.0, 0.0, 0.0, 0.0, 0.0, 0.0, 0.0, 0.0, 0.0, 0.0]"
NODE_0000182,"[0.9999999995684387, 1.0017764920021463e-11, 3.204412225661001e-11, 1.0222358038400552e-11, 8.866184157303583e-12, 1.0112503961217449e-11, 1.0089718871767705e-11, 1.0171597586030815e-11, 1.0200028829429567e-11, 1.0091083693360912e-11, 1.0050821302740748e-11, 1.0164768131543788e-11, 9.291584845375165e-12, 9.770306892282116e-12, 2.5574583647631023e-11, 6.641865266121256e-12, 9.410862112166358e-12, 1.0164768131546547e-11, 1.0164768131546537e-11, 9.172518269280752e-12, 1.2944478730601845e-11, 9.848177644897868e-12, 6.8349315768997244e-12, 1.017002844503058e-11, 6.15622654477442e-11, 9.670663115922258e-12, 7.892003169706316e-12, 9.833586201492116e-12, 9.354463516091248e-12, 6.10629275234079e-11, 1.0165737272599925e-11]"
hMpxV/Australia/VIC-VIDRL-7288/2024|EPI_ISL_19459713|2024-07-18,"[1.0, 0.0, 0.0, 0.0, 0.0, 0.0, 0.0, 0.0, 0.0, 0.0, 0.0, 0.0, 0.0, 0.0, 0.0, 0.0, 0.0, 0.0, 0.0, 0.0, 0.0, 0.0, 0.0, 0.0, 0.0, 0.0, 0.0, 0.0, 0.0, 0.0, 0.0]"
hMpxV/Australia/VIC-VIDRL-0686/2024|EPI_ISL_19459736|2024-06-20,"[1.0, 0.0, 0.0, 0.0, 0.0, 0.0, 0.0, 0.0, 0.0, 0.0, 0.0, 0.0, 0.0, 0.0, 0.0, 0.0, 0.0, 0.0, 0.0, 0.0, 0.0, 0.0, 0.0, 0.0, 0.0, 0.0, 0.0, 0.0, 0.0, 0.0, 0.0]"
hMpxV/Australia/VIC-VIDRL-4354/2024|EPI_ISL_19459779|2024-07-08,"[0.9999999999999999, 0.0, 0.0, 0.0, 0.0, 0.0, 0.0, 0.0, 0.0, 0.0, 0.0, 0.0, 0.0, 0.0, 0.0, 0.0, 0.0, 0.0, 0.0, 0.0, 0.0, 0.0, 0.0, 0.0, 0.0, 0.0, 0.0, 0.0, 0.0, 0.0, 0.0]"
NODE_0000183,"[0.9999999999753341, 5.66494627770351e-13, 1.843911530341798e-12, 5.781054358849448e-13, 5.000529350657957e-13, 5.719794797196345e-13, 5.708112303161136e-13, 5.748724381695567e-13, 5.758681953292862e-13, 5.707356753374246e-13, 5.684304507975235e-13, 5.751184329947101e-13, 5.243988392699835e-13, 5.520673508281934e-13, 1.480070506692718e-12, 3.7271525525724346e-13, 5.303933511762284e-13, 5.751184329947819e-13, 5.751184329947819e-13, 5.177744091175755e-13, 7.510376124468418e-13, 5.555883559395024e-13, 3.802020832246032e-13, 5.751042296900622e-13, 3.610169002528877e-12, 5.468573162650043e-13, 4.408951312326197e-13, 5.564433149511353e-13, 5.27338872714374e-13, 3.524231990054182e-12, 5.74206468056096e-13]"
hMpxV/Australia/VIC-VIDRL-5972/2024|EPI_ISL_19459718|2024-07-12,"[1.0, 0.0, 0.0, 0.0, 0.0, 0.0, 0.0, 0.0, 0.0, 0.0, 0.0, 0.0, 0.0, 0.0, 0.0, 0.0, 0.0, 0.0, 0.0, 0.0, 0.0, 0.0, 0.0, 0.0, 0.0, 0.0, 0.0, 0.0, 0.0, 0.0, 0.0]"
hMpxV/Australia/VIC-VIDRL-6170/2024|EPI_ISL_19459761|2024-07-15,"[1.0, 0.0, 0.0, 0.0, 0.0, 0.0, 0.0, 0.0, 0.0, 0.0, 0.0, 0.0, 0.0, 0.0, 0.0, 0.0, 0.0, 0.0, 0.0, 0.0, 0.0, 0.0, 0.0, 0.0, 0.0, 0.0, 0.0, 0.0, 0.0, 0.0, 0.0]"
hMpxV/Australia/VIC-VIDRL-5973/2024|EPI_ISL_19459765|2024-07-12,"[1.0, 0.0, 0.0, 0.0, 0.0, 0.0, 0.0, 0.0, 0.0, 0.0, 0.0, 0.0, 0.0, 0.0, 0.0, 0.0, 0.0, 0.0, 0.0, 0.0, 0.0, 0.0, 0.0, 0.0, 0.0, 0.0, 0.0, 0.0, 0.0, 0.0, 0.0]"
NODE_0000166,"[0.9999999999999999, 8.751524158169545e-27, 1.7144735651430152e-25, 8.741128924717845e-27, 7.373486313321378e-27, 8.788099554637498e-27, 9.05742247507052e-27, 9.221613844827942e-27, 9.44287108171319e-27, 8.679003910774562e-27, 9.276252105104536e-27, 9.044474076552384e-27, 7.174058292605818e-27, 7.818259112938182e-27, 1.1117868671871734e-25, 4.403114275256442e-27, 6.747465945218768e-27, 9.044474076554954e-27, 9.04447407655508e-27, 6.883138906983173e-27, 7.993792168089352e-26, 7.193258315016493e-27, 4.58644742656378e-27, 9.140347536908613e-27, 9.066233281215073e-25, 8.58051909052327e-27, 4.749633797123128e-27, 9.07649951120394e-27, 7.097983594762716e-27, 6.532261908112254e-25, 9.278059419972573e-27]"
hMpxV/Australia/VIC-VIDRL-3747/2024|EPI_ISL_19459795|2024-05-29,"[0.9999999999999999, 0.0, 0.0, 0.0, 0.0, 0.0, 0.0, 0.0, 0.0, 0.0, 0.0, 0.0, 0.0, 0.0, 0.0, 0.0, 0.0, 0.0, 0.0, 0.0, 0.0, 0.0, 0.0, 0.0, 0.0, 0.0, 0.0, 0.0, 0.0, 0.0, 0.0]"
hMpxV/Australia/VIC-VIDRL-0139/2024|EPI_ISL_19459717|2024-06-20,"[1.0, 0.0, 0.0, 0.0, 0.0, 0.0, 0.0, 0.0, 0.0, 0.0, 0.0, 0.0, 0.0, 0.0, 0.0, 0.0, 0.0, 0.0, 0.0, 0.0, 0.0, 0.0, 0.0, 0.0, 0.0, 0.0, 0.0, 0.0, 0.0, 0.0, 0.0]"
hMpxV/Australia/VIC-VIDRL-3575/2024|EPI_ISL_19459710|2024-07-04,"[1.0, 0.0, 0.0, 0.0, 0.0, 0.0, 0.0, 0.0, 0.0, 0.0, 0.0, 0.0, 0.0, 0.0, 0.0, 0.0, 0.0, 0.0, 0.0, 0.0, 0.0, 0.0, 0.0, 0.0, 0.0, 0.0, 0.0, 0.0, 0.0, 0.0, 0.0]"
hMpxV/Australia/VIC-VIDRL-0350/2024|EPI_ISL_19459745|2024-06-21,"[1.0, 0.0, 0.0, 0.0, 0.0, 0.0, 0.0, 0.0, 0.0, 0.0, 0.0, 0.0, 0.0, 0.0, 0.0, 0.0, 0.0, 0.0, 0.0, 0.0, 0.0, 0.0, 0.0, 0.0, 0.0, 0.0, 0.0, 0.0, 0.0, 0.0, 0.0]"
hMpxV/Australia/VIC-VIDRL-8558/2024|EPI_ISL_19459758|2024-06-17,"[1.0, 0.0, 0.0, 0.0, 0.0, 0.0, 0.0, 0.0, 0.0, 0.0, 0.0, 0.0, 0.0, 0.0, 0.0, 0.0, 0.0, 0.0, 0.0, 0.0, 0.0, 0.0, 0.0, 0.0, 0.0, 0.0, 0.0, 0.0, 0.0, 0.0, 0.0]"
NODE_0000175,"[0.9999999584325794, 1.1206215300709326e-09, 2.648432126674156e-09, 1.14762399603501e-09, 9.99870530775817e-10, 1.1322329312827776e-09, 1.1235661117407105e-09, 1.1307306113444019e-09, 1.1298349953291112e-09, 1.131801713529998e-09, 1.1140150907913468e-09, 1.1336081899925045e-09, 1.0610033802067808e-09, 1.109113490889922e-09, 2.18896238349938e-09, 7.778109016315716e-10, 1.0880119513020338e-09, 1.133608189992813e-09, 1.133608189992813e-09, 1.0524446475519755e-09, 1.044961059202757e-09, 1.1350516852247577e-09, 7.981287872906422e-10, 1.1322490558233567e-09, 4.297394134737159e-09, 1.078992359566931e-09, 9.389176385802087e-10, 1.0899740508200904e-09, 1.0712186600598663e-09, 4.494863668385254e-09, 1.1287683455733435e-09]"
hMpxV/Australia/QLD-MX000036/2024|EPI_ISL_19539685|2024-07-12,"[1.0, 0.0, 0.0, 0.0, 0.0, 0.0, 0.0, 0.0, 0.0, 0.0, 0.0, 0.0, 0.0, 0.0, 0.0, 0.0, 0.0, 0.0, 0.0, 0.0, 0.0, 0.0, 0.0, 0.0, 0.0, 0.0, 0.0, 0.0, 0.0, 0.0, 0.0]"
hMpxV/Australia/VIC-VIDRL-3563/2024|EPI_ISL_19459754|2024-07-04,"[0.9999999999999999, 0.0, 0.0, 0.0, 0.0, 0.0, 0.0, 0.0, 0.0, 0.0, 0.0, 0.0, 0.0, 0.0, 0.0, 0.0, 0.0, 0.0, 0.0, 0.0, 0.0, 0.0, 0.0, 0.0, 0.0, 0.0, 0.0, 0.0, 0.0, 0.0, 0.0]"
NODE_0000176,"[0.9999999622335635, 1.013822207510226e-09, 2.418735831941188e-09, 1.0382480448079833e-09, 9.035489849844775e-10, 1.0244057592863515e-09, 1.0167015611119786e-09, 1.0228044412235225e-09, 1.0216083126854827e-09, 1.0239709384362721e-09, 1.0079788682586822e-09, 1.025821074639462e-09, 9.589668979389179e-10, 1.0029321142139273e-09, 2.003632176260734e-09, 7.01234532394642e-10, 9.826544224916092e-10, 1.0258210746397434e-09, 1.0258210746397416e-09, 9.512509185881712e-10, 9.577369901612188e-10, 1.0256363489629428e-09, 7.173479984436651e-10, 1.0243877696078231e-09, 3.962068790564201e-09, 9.761609452782741e-10, 8.450251652257538e-10, 9.864187885552885e-10, 9.677414011588495e-10, 4.113144465091111e-09, 1.0208087711592434e-09]"
hMpxV/Australia/VIC-VIDRL-7987/2024|EPI_ISL_19459724|2024-06-13,"[1.0, 0.0, 0.0, 0.0, 0.0, 0.0, 0.0, 0.0, 0.0, 0.0, 0.0, 0.0, 0.0, 0.0, 0.0, 0.0, 0.0, 0.0, 0.0, 0.0, 0.0, 0.0, 0.0, 0.0, 0.0, 0.0, 0.0, 0.0, 0.0, 0.0, 0.0]"
NODE_0000177,"[0.9999999435063663, 1.5207802362146571e-09, 3.6058930695583998e-09, 1.5574049261108654e-09, 1.3564868233573723e-09, 1.5365597829021278e-09, 1.5248780428629068e-09, 1.5344761859504778e-09, 1.533145522946558e-09, 1.5359457878567561e-09, 1.511913404173767e-09, 1.5385124788892075e-09, 1.4394394559145486e-09, 1.5048925231172854e-09, 2.9819347878217165e-09, 1.0544867800976287e-09, 1.4757126948953252e-09, 1.5385124788896244e-09, 1.5385124788896242e-09, 1.4278063578174728e-09, 1.4241221939581116e-09, 1.5397509505179632e-09, 1.0813953973598676e-09, 1.536603594463585e-09, 5.868919696709976e-09, 1.4642900685232216e-09, 1.2723937674347463e-09, 1.479345589188649e-09, 1.4531223233933236e-09, 6.1246544215754984e-09, 1.531741730751937e-09]"
hMpxV/Australia/VIC-VIDRL-2252/2024|EPI_ISL_19459720|2024-07-01,"[1.0, 0.0, 0.0, 0.0, 0.0, 0.0, 0.0, 0.0, 0.0, 0.0, 0.0, 0.0, 0.0, 0.0, 0.0, 0.0, 0.0, 0.0, 0.0, 0.0, 0.0, 0.0, 0.0, 0.0, 0.0, 0.0, 0.0, 0.0, 0.0, 0.0, 0.0]"
hMpxV/Australia/VIC-VIDRL-8879/2024|EPI_ISL_19459800|2024-07-23,"[1.0, 0.0, 0.0, 0.0, 0.0, 0.0, 0.0, 0.0, 0.0, 0.0, 0.0, 0.0, 0.0, 0.0, 0.0, 0.0, 0.0, 0.0, 0.0, 0.0, 0.0, 0.0, 0.0, 0.0, 0.0, 0.0, 0.0, 0.0, 0.0, 0.0, 0.0]"
NODE_0000178,"[0.9999970409949213, 8.079543548791028e-08, 1.8548979705681702e-07, 8.27397920430137e-08, 7.236230525707204e-08, 8.1609922794737e-08, 8.095319134851784e-08, 8.157536237221258e-08, 8.162071079881947e-08, 8.158874949997736e-08, 8.029164547843937e-08, 8.166674165297021e-08, 7.673039978094878e-08, 8.007915973586552e-08, 1.5213042883350783e-07, 5.6719921912381095e-08, 7.886294375579974e-08, 8.166674165297125e-08, 8.166674165297125e-08, 7.610088257027578e-08, 7.232814753166089e-08, 8.214628258242117e-08, 5.8848507444911564e-08, 8.162597439079718e-08, 2.9212785693688865e-07, 7.779456590644163e-08, 6.887753662358154e-08, 7.850464107058577e-08, 7.759316052627312e-08, 3.1301190059801964e-07, 8.149563123614997e-08]"
NODE_0000179,"[0.9999999944066909, 1.4815801557571376e-10, 3.6388442991040354e-10, 1.517122215190084e-10, 1.3170813970810318e-10, 1.497258789275214e-10, 1.4866180906523036e-10, 1.494453307473332e-10, 1.4916651478216878e-10, 1.4964327078352727e-10, 1.4737950149551805e-10, 1.4999863696907038e-10, 1.397887113250238e-10, 1.4637384274810945e-10, 3.0231262095115803e-10, 1.0162514721781496e-10, 1.429944003105527e-10, 1.4999863696911324e-10, 1.4999863696911251e-10, 1.3865456120758182e-10, 1.4524376443978604e-10, 1.493954066637716e-10, 1.0325206533162697e-10, 1.49734448854392e-10, 6.112295811945169e-10, 1.4266782227256372e-10, 1.219427077236211e-10, 1.4428927480884745e-10, 1.4091637909326756e-10, 6.243164675812321e-10, 1.4909100153526883e-10]"
hMpxV/Australia/VIC-VIDRL-9574/2024|EPI_ISL_19459764|2024-07-26,"[0.9999999999999999, 0.0, 0.0, 0.0, 0.0, 0.0, 0.0, 0.0, 0.0, 0.0, 0.0, 0.0, 0.0, 0.0, 0.0, 0.0, 0.0, 0.0, 0.0, 0.0, 0.0, 0.0, 0.0, 0.0, 0.0, 0.0, 0.0, 0.0, 0.0, 0.0, 0.0]"
hMpxV/Australia/QLD-MX000041/2024|EPI_ISL_19539690|2024-08-01,"[0.9999999999999999, 0.0, 0.0, 0.0, 0.0, 0.0, 0.0, 0.0, 0.0, 0.0, 0.0, 0.0, 0.0, 0.0, 0.0, 0.0, 0.0, 0.0, 0.0, 0.0, 0.0, 0.0, 0.0, 0.0, 0.0, 0.0, 0.0, 0.0, 0.0, 0.0, 0.0]"
NODE_0000180,"[0.9999999809056195, 5.109921203112997e-10, 1.2274419501435798e-09, 5.233020561785308e-10, 4.5505611138368655e-10, 5.163551707860114e-10, 5.125191261798361e-10, 5.154615246699207e-10, 5.147215392356092e-10, 5.161218868603145e-10, 5.080930136702006e-10, 5.17126907182976e-10, 4.830212328360635e-10, 5.053452809109191e-10, 1.0181839053521533e-09, 3.525912009288403e-10, 4.947194580456617e-10, 5.171269071831174e-10, 5.171269071831197e-10, 4.791438584225395e-10, 4.872251481253387e-10, 5.165138072117234e-10, 3.59853269757857e-10, 5.163332871752983e-10, 2.023909224834091e-09, 4.920146019191804e-10, 4.2433877198569814e-10, 4.972975662312958e-10, 4.872770740977514e-10, 2.090789866813777e-09, 5.143776816859505e-10]"
hMpxV/Australia/QLD-MX000043/2024|EPI_ISL_19539692|2024-08-08,"[1.0, 0.0, 0.0, 0.0, 0.0, 0.0, 0.0, 0.0, 0.0, 0.0, 0.0, 0.0, 0.0, 0.0, 0.0, 0.0, 0.0, 0.0, 0.0, 0.0, 0.0, 0.0, 0.0, 0.0, 0.0, 0.0, 0.0, 0.0, 0.0, 0.0, 0.0]"
hMpxV/Australia/QLD-MX000044/2024|EPI_ISL_19539693|2024-08-15,"[1.0, 0.0, 0.0, 0.0, 0.0, 0.0, 0.0, 0.0, 0.0, 0.0, 0.0, 0.0, 0.0, 0.0, 0.0, 0.0, 0.0, 0.0, 0.0, 0.0, 0.0, 0.0, 0.0, 0.0, 0.0, 0.0, 0.0, 0.0, 0.0, 0.0, 0.0]"
NODE_0000167,"[0.9999999999999999, 1.6577062057191546e-22, 2.691573122090235e-21, 1.6559354003583754e-22, 1.4281331757811766e-22, 1.6621846006208866e-22, 1.708479730697855e-22, 1.7519863206212892e-22, 1.8071120875907217e-22, 1.6429901756469803e-22, 1.7523107921354415e-22, 1.7050241658530614e-22, 1.3848580040010775e-22, 1.495112368936385e-22, 1.6711399043109422e-21, 8.930939504104983e-23, 1.3216091087632938e-22, 1.7050241658535478e-22, 1.7050241658535445e-22, 1.3282780875633454e-22, 1.1705501928392185e-21, 1.3955872990286343e-22, 9.873127087867434e-23, 1.729700730414397e-22, 1.1804110536075064e-20, 1.625243259097636e-22, 9.963019175350732e-23, 1.7081165808715807e-22, 1.3828852605295587e-22, 9.853996269132073e-21, 1.770085335675487e-22]"
hMpxV/Australia/VIC-VIDRL-6081/2024|EPI_ISL_19459768|2024-07-15,"[1.0, 0.0, 0.0, 0.0, 0.0, 0.0, 0.0, 0.0, 0.0, 0.0, 0.0, 0.0, 0.0, 0.0, 0.0, 0.0, 0.0, 0.0, 0.0, 0.0, 0.0, 0.0, 0.0, 0.0, 0.0, 0.0, 0.0, 0.0, 0.0, 0.0, 0.0]"
hMpxV/Australia/VIC-VIDRL-8559/2024|EPI_ISL_19459772|2024-06-17,"[0.9999999999999999, 0.0, 0.0, 0.0, 0.0, 0.0, 0.0, 0.0, 0.0, 0.0, 0.0, 0.0, 0.0, 0.0, 0.0, 0.0, 0.0, 0.0, 0.0, 0.0, 0.0, 0.0, 0.0, 0.0, 0.0, 0.0, 0.0, 0.0, 0.0, 0.0, 0.0]"
hMpxV/Australia/QLD-MX000042/2024|EPI_ISL_19539691|2024-08-06,"[1.0, 0.0, 0.0, 0.0, 0.0, 0.0, 0.0, 0.0, 0.0, 0.0, 0.0, 0.0, 0.0, 0.0, 0.0, 0.0, 0.0, 0.0, 0.0, 0.0, 0.0, 0.0, 0.0, 0.0, 0.0, 0.0, 0.0, 0.0, 0.0, 0.0, 0.0]"
hMpxV/Australia/QLD-MX000050/2024|EPI_ISL_19539699|2024-08-29,"[1.0, 0.0, 0.0, 0.0, 0.0, 0.0, 0.0, 0.0, 0.0, 0.0, 0.0, 0.0, 0.0, 0.0, 0.0, 0.0, 0.0, 0.0, 0.0, 0.0, 0.0, 0.0, 0.0, 0.0, 0.0, 0.0, 0.0, 0.0, 0.0, 0.0, 0.0]"
hMpxV/Australia/VIC-VIDRL-7894/2024|EPI_ISL_19459708|2024-07-22,"[1.0, 0.0, 0.0, 0.0, 0.0, 0.0, 0.0, 0.0, 0.0, 0.0, 0.0, 0.0, 0.0, 0.0, 0.0, 0.0, 0.0, 0.0, 0.0, 0.0, 0.0, 0.0, 0.0, 0.0, 0.0, 0.0, 0.0, 0.0, 0.0, 0.0, 0.0]"
NODE_0000172,"[0.9999987692095453, 3.3661636946271966e-08, 7.69894323827682e-08, 3.447268468334894e-08, 3.0156162886254484e-08, 3.4000895113701075e-08, 3.372502058032587e-08, 3.3985591877179276e-08, 3.400528745079185e-08, 3.399293187566869e-08, 3.344848042158044e-08, 3.4022435056232335e-08, 3.1978035222679706e-08, 3.33706007323237e-08, 6.312248584940441e-08, 2.365354354380595e-08, 3.2875900676615004e-08, 3.402243505623342e-08, 3.4022435056233956e-08, 3.171702584728988e-08, 2.9996052084378255e-08, 3.423929079094964e-08, 2.454552151595812e-08, 3.4006040876527475e-08, 1.208573919025505e-07, 3.24111511482511e-08, 2.873070625540101e-08, 3.270349485150286e-08, 3.2340541710308655e-08, 1.2978412599010938e-07, 3.395311633211344e-08]"
hMpxV/Australia/QLD-MX000055/2024|EPI_ISL_19539703|2024-08-19,"[1.0, 0.0, 0.0, 0.0, 0.0, 0.0, 0.0, 0.0, 0.0, 0.0, 0.0, 0.0, 0.0, 0.0, 0.0, 0.0, 0.0, 0.0, 0.0, 0.0, 0.0, 0.0, 0.0, 0.0, 0.0, 0.0, 0.0, 0.0, 0.0, 0.0, 0.0]"
hMpxV/Australia/QLD-MX000074/2024|EPI_ISL_19539722|2024-09-05,"[1.0, 0.0, 0.0, 0.0, 0.0, 0.0, 0.0, 0.0, 0.0, 0.0, 0.0, 0.0, 0.0, 0.0, 0.0, 0.0, 0.0, 0.0, 0.0, 0.0, 0.0, 0.0, 0.0, 0.0, 0.0, 0.0, 0.0, 0.0, 0.0, 0.0, 0.0]"
NODE_0000170,"[0.9999999997930084, 4.8327985309897054e-12, 1.5307482442692337e-11, 4.932005655385102e-12, 4.279358386176519e-12, 4.878621069789169e-12, 4.8667058212619304e-12, 4.9061530829246785e-12, 4.919500809166314e-12, 4.868650500143016e-12, 4.84727704804709e-12, 4.903050675619048e-12, 4.485809758363745e-12, 4.716309894107291e-12, 1.2213708240738471e-11, 3.210639767352964e-12, 4.546622744090514e-12, 4.9030506756194514e-12, 4.903050675619467e-12, 4.429059972510933e-12, 6.174394656845013e-12, 4.756133737806922e-12, 3.301732730416027e-12, 4.905486346787272e-12, 2.917651905824343e-11, 4.665226023188164e-12, 3.81562009927267e-12, 4.742618167464111e-12, 4.5167671675635566e-12, 2.908386690712225e-11, 4.903268630854834e-12]"
hMpxV/Australia/QLD-MX000052/2024|EPI_ISL_19539700|2024-08-28,"[1.0, 0.0, 0.0, 0.0, 0.0, 0.0, 0.0, 0.0, 0.0, 0.0, 0.0, 0.0, 0.0, 0.0, 0.0, 0.0, 0.0, 0.0, 0.0, 0.0, 0.0, 0.0, 0.0, 0.0, 0.0, 0.0, 0.0, 0.0, 0.0, 0.0, 0.0]"
hMpxV/Australia/QLD-MX000054/2024|EPI_ISL_19539702|2024-08-29,"[1.0, 0.0, 0.0, 0.0, 0.0, 0.0, 0.0, 0.0, 0.0, 0.0, 0.0, 0.0, 0.0, 0.0, 0.0, 0.0, 0.0, 0.0, 0.0, 0.0, 0.0, 0.0, 0.0, 0.0, 0.0, 0.0, 0.0, 0.0, 0.0, 0.0, 0.0]"
NODE_0000171,"[0.9999999996441788, 9.45371248182033e-12, 2.3065861550692726e-11, 9.682032515843306e-12, 8.398880132218563e-12, 9.554794765594189e-12, 9.485679288508404e-12, 9.531745742071755e-12, 9.509161593805813e-12, 9.549941221410667e-12, 9.401183165474395e-12, 9.571871085412012e-12, 8.920392425536387e-12, 9.342304523450012e-12, 1.9234996803843828e-11, 6.4781348283106425e-12, 9.124522081725696e-12, 9.571871085417192e-12, 9.571871085417148e-12, 8.850134774596336e-12, 9.223875492379128e-12, 9.535352429456004e-12, 6.561741792786143e-12, 9.55258364978913e-12, 3.869067930789087e-11, 9.102405374335087e-12, 7.766247486253478e-12, 9.205727314276688e-12, 8.989783581628185e-12, 3.938674120406913e-11, 9.506798027584497e-12]"
hMpxV/Australia/QLD-MX000061/2024|EPI_ISL_19539709|2024-09-03,"[1.0, 0.0, 0.0, 0.0, 0.0, 0.0, 0.0, 0.0, 0.0, 0.0, 0.0, 0.0, 0.0, 0.0, 0.0, 0.0, 0.0, 0.0, 0.0, 0.0, 0.0, 0.0, 0.0, 0.0, 0.0, 0.0, 0.0, 0.0, 0.0, 0.0, 0.0]"
hMpxV/Australia/QLD-MX000060/2024|EPI_ISL_19539708|2024-09-03,"[1.0, 0.0, 0.0, 0.0, 0.0, 0.0, 0.0, 0.0, 0.0, 0.0, 0.0, 0.0, 0.0, 0.0, 0.0, 0.0, 0.0, 0.0, 0.0, 0.0, 0.0, 0.0, 0.0, 0.0, 0.0, 0.0, 0.0, 0.0, 0.0, 0.0, 0.0]"
NODE_0000173,"[1.0, 4.096531612501434e-27, 4.695446226045786e-26, 4.122085845251265e-27, 3.4727462568373705e-27, 4.124396191741916e-27, 4.2085655251690356e-27, 4.254394770490116e-27, 4.308514160616887e-27, 4.086373333992816e-27, 4.265381731001894e-27, 4.2166943920054026e-27, 3.472565715709464e-27, 3.756648526756044e-27, 3.336568627297994e-26, 2.1930007078278152e-27, 3.329490539113464e-27, 4.216694392009089e-27, 4.2166943920091765e-27, 3.365896490193724e-27, 2.1549722390115072e-26, 3.541292605932454e-27, 2.199826071931192e-27, 4.238273696854147e-27, 1.90779558678091e-25, 3.995453846377843e-27, 2.4014943768406876e-27, 4.182062256100821e-27, 3.4403230065530536e-27, 1.436717569752092e-25, 4.261301988389692e-27]"
hMpxV/Australia/QLD-MX000064/2024|EPI_ISL_19539712|2024-09-05,"[0.9999999999999999, 0.0, 0.0, 0.0, 0.0, 0.0, 0.0, 0.0, 0.0, 0.0, 0.0, 0.0, 0.0, 0.0, 0.0, 0.0, 0.0, 0.0, 0.0, 0.0, 0.0, 0.0, 0.0, 0.0, 0.0, 0.0, 0.0, 0.0, 0.0, 0.0, 0.0]"
hMpxV/Australia/QLD-MX000070/2024|EPI_ISL_19539718|2024-09-08,"[1.0, 0.0, 0.0, 0.0, 0.0, 0.0, 0.0, 0.0, 0.0, 0.0, 0.0, 0.0, 0.0, 0.0, 0.0, 0.0, 0.0, 0.0, 0.0, 0.0, 0.0, 0.0, 0.0, 0.0, 0.0, 0.0, 0.0, 0.0, 0.0, 0.0, 0.0]"
hMpxV/Australia/QLD-MX000069/2024|EPI_ISL_19539717|2024-09-09,"[1.0, 0.0, 0.0, 0.0, 0.0, 0.0, 0.0, 0.0, 0.0, 0.0, 0.0, 0.0, 0.0, 0.0, 0.0, 0.0, 0.0, 0.0, 0.0, 0.0, 0.0, 0.0, 0.0, 0.0, 0.0, 0.0, 0.0, 0.0, 0.0, 0.0, 0.0]"
hMpxV/Australia/QLD-MX000073/2024|EPI_ISL_19539721|2024-09-05,"[0.9999999999999999, 0.0, 0.0, 0.0, 0.0, 0.0, 0.0, 0.0, 0.0, 0.0, 0.0, 0.0, 0.0, 0.0, 0.0, 0.0, 0.0, 0.0, 0.0, 0.0, 0.0, 0.0, 0.0, 0.0, 0.0, 0.0, 0.0, 0.0, 0.0, 0.0, 0.0]"
hMpxV/Australia/QLD-MX000075/2024|EPI_ISL_19539723|2024-09-05,"[0.9999999999999999, 0.0, 0.0, 0.0, 0.0, 0.0, 0.0, 0.0, 0.0, 0.0, 0.0, 0.0, 0.0, 0.0, 0.0, 0.0, 0.0, 0.0, 0.0, 0.0, 0.0, 0.0, 0.0, 0.0, 0.0, 0.0, 0.0, 0.0, 0.0, 0.0, 0.0]"
hMpxV/Australia/QLD-MX000087/2024|EPI_ISL_19539735|2024-09-09,"[1.0, 0.0, 0.0, 0.0, 0.0, 0.0, 0.0, 0.0, 0.0, 0.0, 0.0, 0.0, 0.0, 0.0, 0.0, 0.0, 0.0, 0.0, 0.0, 0.0, 0.0, 0.0, 0.0, 0.0, 0.0, 0.0, 0.0, 0.0, 0.0, 0.0, 0.0]"
NODE_0000174,"[0.9999999998109866, 5.014556588919909e-12, 1.2272896459031633e-11, 5.135712032781319e-12, 4.453055888947756e-12, 5.068356325236717e-12, 5.031891948928982e-12, 5.055505713876052e-12, 5.042658111177681e-12, 5.065725431131009e-12, 4.98682639606067e-12, 5.077699611993766e-12, 4.730053808074577e-12, 4.954748146057276e-12, 1.024425317488117e-11, 3.4317104974616917e-12, 4.837105188492839e-12, 5.07769961199649e-12, 5.077699611996447e-12, 4.692922578097101e-12, 4.914689972230347e-12, 5.055760803658119e-12, 3.4710573684790283e-12, 5.067019423499233e-12, 2.065467288824855e-11, 4.828202064395442e-12, 4.111037333136245e-12, 4.8835755411174595e-12, 4.76592980743632e-12, 2.0968685434031926e-11, 5.0417926108742605e-12]"
hMpxV/Australia/QLD-MX000086/2024|EPI_ISL_19539734|2024-09-09,"[1.0, 0.0, 0.0, 0.0, 0.0, 0.0, 0.0, 0.0, 0.0, 0.0, 0.0, 0.0, 0.0, 0.0, 0.0, 0.0, 0.0, 0.0, 0.0, 0.0, 0.0, 0.0, 0.0, 0.0, 0.0, 0.0, 0.0, 0.0, 0.0, 0.0, 0.0]"
hMpxV/Australia/QLD-MX000088/2024|EPI_ISL_19539736|2024-09-09,"[1.0, 0.0, 0.0, 0.0, 0.0, 0.0, 0.0, 0.0, 0.0, 0.0, 0.0, 0.0, 0.0, 0.0, 0.0, 0.0, 0.0, 0.0, 0.0, 0.0, 0.0, 0.0, 0.0, 0.0, 0.0, 0.0, 0.0, 0.0, 0.0, 0.0, 0.0]"
NODE_0000168,"[1.0, 5.849664973601197e-32, 1.692210749445707e-30, 5.822877988856435e-32, 4.8302928386508247e-32, 5.874357069865516e-32, 6.09427218517342e-32, 6.188876396210235e-32, 6.331546885510671e-32, 5.789401759352853e-32, 6.263163139804201e-32, 6.079128593847549e-32, 4.653636525491966e-32, 5.128347784128459e-32, 1.0866898242939829e-30, 2.7126089158668536e-32, 4.293380613487221e-32, 6.079128593849891e-32, 6.079128593850059e-32, 4.446208943797377e-32, 8.386013411584938e-31, 4.6131029521680983e-32, 2.7309753221690446e-32, 6.139837727463873e-32, 1.16106824759323e-29, 5.749938634422885e-32, 2.824907850186445e-32, 6.142131483003684e-32, 4.5676667148243115e-32, 7.358284855706234e-30, 6.218364635695482e-32]"
hMpxV/Australia/VIC-VIDRL-9071/2024|EPI_ISL_19459798|2024-07-25,"[1.0, 0.0, 0.0, 0.0, 0.0, 0.0, 0.0, 0.0, 0.0, 0.0, 0.0, 0.0, 0.0, 0.0, 0.0, 0.0, 0.0, 0.0, 0.0, 0.0, 0.0, 0.0, 0.0, 0.0, 0.0, 0.0, 0.0, 0.0, 0.0, 0.0, 0.0]"
hMpxV/Australia/VIC-VIDRL-5661/2024|EPI_ISL_19459714|2024-07-12,"[0.9999999999999999, 0.0, 0.0, 0.0, 0.0, 0.0, 0.0, 0.0, 0.0, 0.0, 0.0, 0.0, 0.0, 0.0, 0.0, 0.0, 0.0, 0.0, 0.0, 0.0, 0.0, 0.0, 0.0, 0.0, 0.0, 0.0, 0.0, 0.0, 0.0, 0.0, 0.0]"
hMpxV/Australia/VIC-VIDRL-5843/2024|EPI_ISL_19459730|2024-07-13,"[0.9999999999999999, 0.0, 0.0, 0.0, 0.0, 0.0, 0.0, 0.0, 0.0, 0.0, 0.0, 0.0, 0.0, 0.0, 0.0, 0.0, 0.0, 0.0, 0.0, 0.0, 0.0, 0.0, 0.0, 0.0, 0.0, 0.0, 0.0, 0.0, 0.0, 0.0, 0.0]"
hMpxV/Australia/VIC-VIDRL-9070/2024|EPI_ISL_19459742|2024-07-25,"[1.0, 0.0, 0.0, 0.0, 0.0, 0.0, 0.0, 0.0, 0.0, 0.0, 0.0, 0.0, 0.0, 0.0, 0.0, 0.0, 0.0, 0.0, 0.0, 0.0, 0.0, 0.0, 0.0, 0.0, 0.0, 0.0, 0.0, 0.0, 0.0, 0.0, 0.0]"
hMpxV/Australia/VIC-VIDRL-8988/2024|EPI_ISL_19459752|2024-07-25,"[1.0, 0.0, 0.0, 0.0, 0.0, 0.0, 0.0, 0.0, 0.0, 0.0, 0.0, 0.0, 0.0, 0.0, 0.0, 0.0, 0.0, 0.0, 0.0, 0.0, 0.0, 0.0, 0.0, 0.0, 0.0, 0.0, 0.0, 0.0, 0.0, 0.0, 0.0]"
hMpxV/Australia/VIC-VIDRL-6721/2024|EPI_ISL_19459770|2024-07-16,"[1.0, 0.0, 0.0, 0.0, 0.0, 0.0, 0.0, 0.0, 0.0, 0.0, 0.0, 0.0, 0.0, 0.0, 0.0, 0.0, 0.0, 0.0, 0.0, 0.0, 0.0, 0.0, 0.0, 0.0, 0.0, 0.0, 0.0, 0.0, 0.0, 0.0, 0.0]"
hMpxV/Australia/VIC-VIDRL-7979/2024|EPI_ISL_19459782|2024-07-22,"[1.0, 0.0, 0.0, 0.0, 0.0, 0.0, 0.0, 0.0, 0.0, 0.0, 0.0, 0.0, 0.0, 0.0, 0.0, 0.0, 0.0, 0.0, 0.0, 0.0, 0.0, 0.0, 0.0, 0.0, 0.0, 0.0, 0.0, 0.0, 0.0, 0.0, 0.0]"
hMpxV/Australia/VIC-VIDRL-6355/2024|EPI_ISL_19459788|2024-07-16,"[1.0, 0.0, 0.0, 0.0, 0.0, 0.0, 0.0, 0.0, 0.0, 0.0, 0.0, 0.0, 0.0, 0.0, 0.0, 0.0, 0.0, 0.0, 0.0, 0.0, 0.0, 0.0, 0.0, 0.0, 0.0, 0.0, 0.0, 0.0, 0.0, 0.0, 0.0]"
hMpxV/Australia/VIC-VIDRL-6920/2024|EPI_ISL_19459709|2024-07-17,"[1.0, 0.0, 0.0, 0.0, 0.0, 0.0, 0.0, 0.0, 0.0, 0.0, 0.0, 0.0, 0.0, 0.0, 0.0, 0.0, 0.0, 0.0, 0.0, 0.0, 0.0, 0.0, 0.0, 0.0, 0.0, 0.0, 0.0, 0.0, 0.0, 0.0, 0.0]"
NODE_0000169,"[1.0, 3.765739802020089e-26, 9.317102457678508e-25, 3.747557162610519e-26, 3.175440482293138e-26, 3.7756262488848606e-26, 3.9087979420360953e-26, 3.998792285208836e-26, 4.1225185314831113e-26, 3.723365711939727e-26, 4.0250934783120855e-26, 3.896299586537535e-26, 3.0460661586247324e-26, 3.326376418235359e-26, 5.728540081989464e-25, 1.8591790917149427e-26, 2.8451101813056693e-26, 3.8962995865386436e-26, 3.8962995865386413e-26, 2.907635914092522e-26, 4.324111114877519e-25, 3.031404327773152e-26, 1.9933903525632224e-26, 3.9508916247269e-26, 5.432883285009725e-24, 3.701768068417146e-26, 2.0021836138027633e-26, 3.9318473215337965e-26, 3.016642987513898e-26, 3.9313323788533265e-24, 4.035164203772128e-26]"
hMpxV/Australia/QLD-MX000123/2024|EPI_ISL_19539767|2024-10-06,"[1.0, 0.0, 0.0, 0.0, 0.0, 0.0, 0.0, 0.0, 0.0, 0.0, 0.0, 0.0, 0.0, 0.0, 0.0, 0.0, 0.0, 0.0, 0.0, 0.0, 0.0, 0.0, 0.0, 0.0, 0.0, 0.0, 0.0, 0.0, 0.0, 0.0, 0.0]"
hMpxV/Australia/QLD-MX000127/2024|EPI_ISL_19539771|2024-10-08,"[1.0, 0.0, 0.0, 0.0, 0.0, 0.0, 0.0, 0.0, 0.0, 0.0, 0.0, 0.0, 0.0, 0.0, 0.0, 0.0, 0.0, 0.0, 0.0, 0.0, 0.0, 0.0, 0.0, 0.0, 0.0, 0.0, 0.0, 0.0, 0.0, 0.0, 0.0]"
hMpxV/Australia/QLD-MX000124/2024|EPI_ISL_19539768|2024-10-03,"[1.0, 0.0, 0.0, 0.0, 0.0, 0.0, 0.0, 0.0, 0.0, 0.0, 0.0, 0.0, 0.0, 0.0, 0.0, 0.0, 0.0, 0.0, 0.0, 0.0, 0.0, 0.0, 0.0, 0.0, 0.0, 0.0, 0.0, 0.0, 0.0, 0.0, 0.0]"
hMpxV/Australia/QLD-MX000126/2024|EPI_ISL_19539770|2024-10-07,"[1.0, 0.0, 0.0, 0.0, 0.0, 0.0, 0.0, 0.0, 0.0, 0.0, 0.0, 0.0, 0.0, 0.0, 0.0, 0.0, 0.0, 0.0, 0.0, 0.0, 0.0, 0.0, 0.0, 0.0, 0.0, 0.0, 0.0, 0.0, 0.0, 0.0, 0.0]"
hMpxV/Australia/QLD-MX000137/2024|EPI_ISL_19539781|2024-10-06,"[1.0, 0.0, 0.0, 0.0, 0.0, 0.0, 0.0, 0.0, 0.0, 0.0, 0.0, 0.0, 0.0, 0.0, 0.0, 0.0, 0.0, 0.0, 0.0, 0.0, 0.0, 0.0, 0.0, 0.0, 0.0, 0.0, 0.0, 0.0, 0.0, 0.0, 0.0]"
hMpxV/Australia/QLD-MX000146/2024|EPI_ISL_19539787|2024-10-12,"[1.0, 0.0, 0.0, 0.0, 0.0, 0.0, 0.0, 0.0, 0.0, 0.0, 0.0, 0.0, 0.0, 0.0, 0.0, 0.0, 0.0, 0.0, 0.0, 0.0, 0.0, 0.0, 0.0, 0.0, 0.0, 0.0, 0.0, 0.0, 0.0, 0.0, 0.0]"
hMpxV/Australia/QLD-MX000154/2024|EPI_ISL_19539795|2024-10-12,"[1.0, 0.0, 0.0, 0.0, 0.0, 0.0, 0.0, 0.0, 0.0, 0.0, 0.0, 0.0, 0.0, 0.0, 0.0, 0.0, 0.0, 0.0, 0.0, 0.0, 0.0, 0.0, 0.0, 0.0, 0.0, 0.0, 0.0, 0.0, 0.0, 0.0, 0.0]"
hMpxV/Australia/QLD-MX000151/2024|EPI_ISL_19539792|2024-10-15,"[1.0, 0.0, 0.0, 0.0, 0.0, 0.0, 0.0, 0.0, 0.0, 0.0, 0.0, 0.0, 0.0, 0.0, 0.0, 0.0, 0.0, 0.0, 0.0, 0.0, 0.0, 0.0, 0.0, 0.0, 0.0, 0.0, 0.0, 0.0, 0.0, 0.0, 0.0]"
hMpxV/Australia/QLD-MX000152/2024|EPI_ISL_19539793|2024-10-08,"[1.0, 0.0, 0.0, 0.0, 0.0, 0.0, 0.0, 0.0, 0.0, 0.0, 0.0, 0.0, 0.0, 0.0, 0.0, 0.0, 0.0, 0.0, 0.0, 0.0, 0.0, 0.0, 0.0, 0.0, 0.0, 0.0, 0.0, 0.0, 0.0, 0.0, 0.0]"
hMpxV/Australia/QLD-MX000085/2024|EPI_ISL_19539733|2024-09-09,"[0.9999999999999999, 0.0, 0.0, 0.0, 0.0, 0.0, 0.0, 0.0, 0.0, 0.0, 0.0, 0.0, 0.0, 0.0, 0.0, 0.0, 0.0, 0.0, 0.0, 0.0, 0.0, 0.0, 0.0, 0.0, 0.0, 0.0, 0.0, 0.0, 0.0, 0.0, 0.0]"
