name,state
NODE_0000000,"[0.023373290962008103, 0.02595314091206634, 0.0426820834654609, 0.018714356667848556, 0.04760448014321596, 0.02145226708303467, 0.02210333114610639, 0.018117858019863826, 0.01868704859702765, 0.0184582656056371, 0.017628986609767045, 0.018180117664256288, 0.017661236799974223, 0.022826032701272033, 0.018756645135293314, 0.05551253512312843, 0.020668729641369225, 0.01818011766425627, 0.01818011766425627, 0.0224049991691613, 0.25356037740482257, 0.0198539079284992, 0.02043480399186017, 0.018149076022260856, 0.01690866991711662, 0.01771307245486205, 0.01829258565938411, 0.017552687663096558, 0.018588606852726054, 0.09370563174599655, 0.018094939584371344]"
NC_063383.1,"[0.02341085443153011, 0.02598451432832003, 0.042712757238853954, 0.018749857756990906, 0.047623476554360854, 0.02148731756123777, 0.022135734192933573, 0.018152128694401203, 0.01872251176543483, 0.018493277182154304, 0.017662258407028026, 0.01821450480771963, 0.017694715835380913, 0.02285991497801238, 0.018784481642459452, 0.05552520016798174, 0.020707843872075908, 0.018214504807719557, 0.018214504807719575, 0.022438324223397806, 0.2525814311128462, 0.019891906150442982, 0.020463659276566626, 0.01818340514076475, 0.016941763415271646, 0.01774682788826684, 0.018327531402519134, 0.017586059247253906, 0.018624019662453827, 0.09373554290106591, 0.018129170546835535]"
NODE_0000002,"[5.185939756219362e-92, 1.6168149333499137e-88, 2.1364826464277495e-66, 7.034897475009356e-99, 4.103396692384489e-58, 7.122758977115156e-92, 1.4182487190112941e-92, 1.0568742913911183e-98, 7.657873944443205e-99, 1.307962869339998e-98, 2.1665166287836136e-98, 1.0170845639441294e-98, 4.463160057579724e-99, 2.768711408592594e-92, 5.881766882885228e-93, 1.0744867359866386e-47, 7.722545668459473e-93, 1.0170845639427996e-98, 1.0170845639422792e-98, 1.2631940326836403e-92, 1.0, 2.6779677212634326e-99, 1.1605534504483016e-84, 1.0303674142732997e-98, 1.5749936519907408e-97, 2.421080310142773e-96, 4.378478307582232e-99, 2.6520614057964314e-96, 7.009617137575746e-99, 4.718940396870668e-38, 1.05646346870902e-98]"
hMpxV/Peru/LAM-INS-290/2022|EPI_ISL_16999067|2022-11-23,"[0.0, 0.0, 0.0, 0.0, 0.0, 0.0, 0.0, 0.0, 0.0, 0.0, 0.0, 0.0, 0.0, 0.0, 0.0, 0.0, 0.0, 0.0, 0.0, 0.0, 0.9999999999999999, 0.0, 0.0, 0.0, 0.0, 0.0, 0.0, 0.0, 0.0, 0.0, 0.0]"
hMpxV/Peru/LIM-INS-292/2022|EPI_ISL_16999095|2022-11-25,"[0.0, 0.0, 0.0, 0.0, 0.0, 0.0, 0.0, 0.0, 0.0, 0.0, 0.0, 0.0, 0.0, 0.0, 0.0, 0.0, 0.0, 0.0, 0.0, 0.0, 1.0, 0.0, 0.0, 0.0, 0.0, 0.0, 0.0, 0.0, 0.0, 0.0, 0.0]"
hMpxV/Peru/LIM-INS-349/2022|EPI_ISL_16999091|2022-12-26,"[0.0, 0.0, 0.0, 0.0, 0.0, 0.0, 0.0, 0.0, 0.0, 0.0, 0.0, 0.0, 0.0, 0.0, 0.0, 0.0, 0.0, 0.0, 0.0, 0.0, 1.0, 0.0, 0.0, 0.0, 0.0, 0.0, 0.0, 0.0, 0.0, 0.0, 0.0]"
hMpxV/USA/CA-CDPH-1000169/2023|EPI_ISL_16997397|2023-01-09,"[0.0, 0.0, 0.0, 0.0, 0.0, 0.0, 0.0, 0.0, 0.0, 0.0, 0.0, 0.0, 0.0, 0.0, 0.0, 0.0, 0.0, 0.0, 0.0, 0.0, 0.0, 0.0, 0.0, 0.0, 0.0, 0.0, 0.0, 0.0, 0.0, 1.0, 0.0]"
hMpxV/Peru/LIM-INS-338/2022|EPI_ISL_16999113|2022-12-19,"[0.0, 0.0, 0.0, 0.0, 0.0, 0.0, 0.0, 0.0, 0.0, 0.0, 0.0, 0.0, 0.0, 0.0, 0.0, 0.0, 0.0, 0.0, 0.0, 0.0, 0.9999999999999999, 0.0, 0.0, 0.0, 0.0, 0.0, 0.0, 0.0, 0.0, 0.0, 0.0]"
hMpxV/Peru/LIM-INS-357/2022|EPI_ISL_16999116|2022-12-26,"[0.0, 0.0, 0.0, 0.0, 0.0, 0.0, 0.0, 0.0, 0.0, 0.0, 0.0, 0.0, 0.0, 0.0, 0.0, 0.0, 0.0, 0.0, 0.0, 0.0, 1.0, 0.0, 0.0, 0.0, 0.0, 0.0, 0.0, 0.0, 0.0, 0.0, 0.0]"
hMpxV/Peru/LIM-INS-342/2022|EPI_ISL_16999121|2022-12-17,"[0.0, 0.0, 0.0, 0.0, 0.0, 0.0, 0.0, 0.0, 0.0, 0.0, 0.0, 0.0, 0.0, 0.0, 0.0, 0.0, 0.0, 0.0, 0.0, 0.0, 0.9999999999999999, 0.0, 0.0, 0.0, 0.0, 0.0, 0.0, 0.0, 0.0, 0.0, 0.0]"
hMpxV/Peru/LIM-INS-345/2022|EPI_ISL_16999118|2022-12-20,"[0.0, 0.0, 0.0, 0.0, 0.0, 0.0, 0.0, 0.0, 0.0, 0.0, 0.0, 0.0, 0.0, 0.0, 0.0, 0.0, 0.0, 0.0, 0.0, 0.0, 1.0, 0.0, 0.0, 0.0, 0.0, 0.0, 0.0, 0.0, 0.0, 0.0, 0.0]"
hMpxV/Peru/LIM-INS-291/2022|EPI_ISL_16999139|2022-11-22,"[0.0, 0.0, 0.0, 0.0, 0.0, 0.0, 0.0, 0.0, 0.0, 0.0, 0.0, 0.0, 0.0, 0.0, 0.0, 0.0, 0.0, 0.0, 0.0, 0.0, 0.9999999999999999, 0.0, 0.0, 0.0, 0.0, 0.0, 0.0, 0.0, 0.0, 0.0, 0.0]"
hMpxV/Peru/LIM-INS-350/2022|EPI_ISL_16999138|2022-12-26,"[0.0, 0.0, 0.0, 0.0, 0.0, 0.0, 0.0, 0.0, 0.0, 0.0, 0.0, 0.0, 0.0, 0.0, 0.0, 0.0, 0.0, 0.0, 0.0, 0.0, 1.0, 0.0, 0.0, 0.0, 0.0, 0.0, 0.0, 0.0, 0.0, 0.0, 0.0]"
hMpxV/Brazil/RJ-FIOCRUZ-29814/2022|EPI_ISL_17614024|2022-11-24,"[0.0, 0.0, 0.9999999999999999, 0.0, 0.0, 0.0, 0.0, 0.0, 0.0, 0.0, 0.0, 0.0, 0.0, 0.0, 0.0, 0.0, 0.0, 0.0, 0.0, 0.0, 0.0, 0.0, 0.0, 0.0, 0.0, 0.0, 0.0, 0.0, 0.0, 0.0, 0.0]"
hMpxV/USA/IL-RIPHL-052-0034/2023|EPI_ISL_17821096|2023-05-10,"[0.0, 0.0, 0.0, 0.0, 0.0, 0.0, 0.0, 0.0, 0.0, 0.0, 0.0, 0.0, 0.0, 0.0, 0.0, 0.0, 0.0, 0.0, 0.0, 0.0, 0.0, 0.0, 0.0, 0.0, 0.0, 0.0, 0.0, 0.0, 0.0, 1.0, 0.0]"
hMpxV/Peru/LIM-INS-443/2022|EPI_ISL_19343459|2022-12-26,"[0.0, 0.0, 0.0, 0.0, 0.0, 0.0, 0.0, 0.0, 0.0, 0.0, 0.0, 0.0, 0.0, 0.0, 0.0, 0.0, 0.0, 0.0, 0.0, 0.0, 1.0, 0.0, 0.0, 0.0, 0.0, 0.0, 0.0, 0.0, 0.0, 0.0, 0.0]"
hMpxV/Peru/AYA-INS-427/2023|EPI_ISL_19343467|2023-02-19,"[0.0, 0.0, 0.0, 0.0, 0.0, 0.0, 0.0, 0.0, 0.0, 0.0, 0.0, 0.0, 0.0, 0.0, 0.0, 0.0, 0.0, 0.0, 0.0, 0.0, 1.0, 0.0, 0.0, 0.0, 0.0, 0.0, 0.0, 0.0, 0.0, 0.0, 0.0]"
hMpxV/Peru/LIM-INS-375/2023|EPI_ISL_19343480|2023-01-07,"[0.0, 0.0, 0.0, 0.0, 0.0, 0.0, 0.0, 0.0, 0.0, 0.0, 0.0, 0.0, 0.0, 0.0, 0.0, 0.0, 0.0, 0.0, 0.0, 0.0, 1.0, 0.0, 0.0, 0.0, 0.0, 0.0, 0.0, 0.0, 0.0, 0.0, 0.0]"
hMpxV/Peru/LIM-INS-406/2023|EPI_ISL_19343490|2023-02-01,"[0.0, 0.0, 0.0, 0.0, 0.0, 0.0, 0.0, 0.0, 0.0, 0.0, 0.0, 0.0, 0.0, 0.0, 0.0, 0.0, 0.0, 0.0, 0.0, 0.0, 1.0, 0.0, 0.0, 0.0, 0.0, 0.0, 0.0, 0.0, 0.0, 0.0, 0.0]"
hMpxV/Peru/LIM-INS-364/2023|EPI_ISL_19343503|2023-01-19,"[0.0, 0.0, 0.0, 0.0, 0.0, 0.0, 0.0, 0.0, 0.0, 0.0, 0.0, 0.0, 0.0, 0.0, 0.0, 0.0, 0.0, 0.0, 0.0, 0.0, 1.0, 0.0, 0.0, 0.0, 0.0, 0.0, 0.0, 0.0, 0.0, 0.0, 0.0]"
hMpxV/Peru/LIM-INS-433/2023|EPI_ISL_19343501|2023-01-27,"[0.0, 0.0, 0.0, 0.0, 0.0, 0.0, 0.0, 0.0, 0.0, 0.0, 0.0, 0.0, 0.0, 0.0, 0.0, 0.0, 0.0, 0.0, 0.0, 0.0, 1.0, 0.0, 0.0, 0.0, 0.0, 0.0, 0.0, 0.0, 0.0, 0.0, 0.0]"
hMpxV/Peru/CAL-INS-383/2023|EPI_ISL_19343521|2023-01-10,"[0.0, 0.0, 0.0, 0.0, 0.0, 0.0, 0.0, 0.0, 0.0, 0.0, 0.0, 0.0, 0.0, 0.0, 0.0, 0.0, 0.0, 0.0, 0.0, 0.0, 1.0, 0.0, 0.0, 0.0, 0.0, 0.0, 0.0, 0.0, 0.0, 0.0, 0.0]"
hMpxV/Peru/LIM-INS-416/2023|EPI_ISL_19343572|2023-02-07,"[0.0, 0.0, 0.0, 0.0, 0.0, 0.0, 0.0, 0.0, 0.0, 0.0, 0.0, 0.0, 0.0, 0.0, 0.0, 0.0, 0.0, 0.0, 0.0, 0.0, 1.0, 0.0, 0.0, 0.0, 0.0, 0.0, 0.0, 0.0, 0.0, 0.0, 0.0]"
hMpxV/Peru/LIM-INS-436/2023|EPI_ISL_19343568|2023-02-16,"[0.0, 0.0, 0.0, 0.0, 0.0, 0.0, 0.0, 0.0, 0.0, 0.0, 0.0, 0.0, 0.0, 0.0, 0.0, 0.0, 0.0, 0.0, 0.0, 0.0, 1.0, 0.0, 0.0, 0.0, 0.0, 0.0, 0.0, 0.0, 0.0, 0.0, 0.0]"
hMpxV/Peru/AYA-INS-411/2023|EPI_ISL_19343573|2023-01-31,"[0.0, 0.0, 0.0, 0.0, 0.0, 0.0, 0.0, 0.0, 0.0, 0.0, 0.0, 0.0, 0.0, 0.0, 0.0, 0.0, 0.0, 0.0, 0.0, 0.0, 1.0, 0.0, 0.0, 0.0, 0.0, 0.0, 0.0, 0.0, 0.0, 0.0, 0.0]"
hMpxV/Peru/AYA-INS-412/2023|EPI_ISL_19343574|2023-01-31,"[0.0, 0.0, 0.0, 0.0, 0.0, 0.0, 0.0, 0.0, 0.0, 0.0, 0.0, 0.0, 0.0, 0.0, 0.0, 0.0, 0.0, 0.0, 0.0, 0.0, 1.0, 0.0, 0.0, 0.0, 0.0, 0.0, 0.0, 0.0, 0.0, 0.0, 0.0]"
hMpxV/Peru/ARE-INS-420/2023|EPI_ISL_19343594|2023-02-08,"[0.0, 0.0, 0.0, 0.0, 0.0, 0.0, 0.0, 0.0, 0.0, 0.0, 0.0, 0.0, 0.0, 0.0, 0.0, 0.0, 0.0, 0.0, 0.0, 0.0, 1.0, 0.0, 0.0, 0.0, 0.0, 0.0, 0.0, 0.0, 0.0, 0.0, 0.0]"
hMpxV/Peru/ARE-INS-478/2023|EPI_ISL_19343595|2023-01-31,"[0.0, 0.0, 0.0, 0.0, 0.0, 0.0, 0.0, 0.0, 0.0, 0.0, 0.0, 0.0, 0.0, 0.0, 0.0, 0.0, 0.0, 0.0, 0.0, 0.0, 1.0, 0.0, 0.0, 0.0, 0.0, 0.0, 0.0, 0.0, 0.0, 0.0, 0.0]"
hMpxV/Chile/RM-ISP-132423/2022|EPI_ISL_19345334|2022-11-27,"[0.0, 0.0, 0.0, 0.0, 1.0, 0.0, 0.0, 0.0, 0.0, 0.0, 0.0, 0.0, 0.0, 0.0, 0.0, 0.0, 0.0, 0.0, 0.0, 0.0, 0.0, 0.0, 0.0, 0.0, 0.0, 0.0, 0.0, 0.0, 0.0, 0.0, 0.0]"
hMpxV/Mexico/CMX_InDRE_F5592/2022|EPI_ISL_17672227|2022-12-08,"[0.0, 0.0, 0.0, 0.0, 0.0, 0.0, 0.0, 0.0, 0.0, 0.0, 0.0, 0.0, 0.0, 0.0, 0.0, 1.0, 0.0, 0.0, 0.0, 0.0, 0.0, 0.0, 0.0, 0.0, 0.0, 0.0, 0.0, 0.0, 0.0, 0.0, 0.0]"
hMpxV/Mexico/VER_InDRE_F254/2023|EPI_ISL_17672252|2023-01-31,"[0.0, 0.0, 0.0, 0.0, 0.0, 0.0, 0.0, 0.0, 0.0, 0.0, 0.0, 0.0, 0.0, 0.0, 0.0, 1.0, 0.0, 0.0, 0.0, 0.0, 0.0, 0.0, 0.0, 0.0, 0.0, 0.0, 0.0, 0.0, 0.0, 0.0, 0.0]"
hMpxV/Mexico/YUC_InDRE_F217/2023|EPI_ISL_17672250|2023-01-17,"[0.0, 0.0, 0.0, 0.0, 0.0, 0.0, 0.0, 0.0, 0.0, 0.0, 0.0, 0.0, 0.0, 0.0, 0.0, 0.9999999999999999, 0.0, 0.0, 0.0, 0.0, 0.0, 0.0, 0.0, 0.0, 0.0, 0.0, 0.0, 0.0, 0.0, 0.0, 0.0]"
hMpxV/USA/CA-LACPHL-MA00474/2022|EPI_ISL_17211328|2022-11-18,"[0.0, 0.0, 0.0, 0.0, 0.0, 0.0, 0.0, 0.0, 0.0, 0.0, 0.0, 0.0, 0.0, 0.0, 0.0, 0.0, 0.0, 0.0, 0.0, 0.0, 0.0, 0.0, 0.0, 0.0, 0.0, 0.0, 0.0, 0.0, 0.0, 1.0, 0.0]"
hMpxV/USA/CA-LACPHL-MA00475/2022|EPI_ISL_17211329|2022-11-22,"[0.0, 0.0, 0.0, 0.0, 0.0, 0.0, 0.0, 0.0, 0.0, 0.0, 0.0, 0.0, 0.0, 0.0, 0.0, 0.0, 0.0, 0.0, 0.0, 0.0, 0.0, 0.0, 0.0, 0.0, 0.0, 0.0, 0.0, 0.0, 0.0, 1.0, 0.0]"
hMpxV/USA/CA-LACPHL-MA00479/2022|EPI_ISL_17211333|2022-12-01,"[0.0, 0.0, 0.0, 0.0, 0.0, 0.0, 0.0, 0.0, 0.0, 0.0, 0.0, 0.0, 0.0, 0.0, 0.0, 0.0, 0.0, 0.0, 0.0, 0.0, 0.0, 0.0, 0.0, 0.0, 0.0, 0.0, 0.0, 0.0, 0.0, 1.0, 0.0]"
hMpxV/Mexico/CHH_InDRE_F390/2023|EPI_ISL_17703605|2023-03-10,"[0.0, 0.0, 0.0, 0.0, 0.0, 0.0, 0.0, 0.0, 0.0, 0.0, 0.0, 0.0, 0.0, 0.0, 0.0, 1.0, 0.0, 0.0, 0.0, 0.0, 0.0, 0.0, 0.0, 0.0, 0.0, 0.0, 0.0, 0.0, 0.0, 0.0, 0.0]"
hMpxV/Mexico/CMX_InDRE_F422/2023|EPI_ISL_17703610|2023-03-22,"[0.0, 0.0, 0.0, 0.0, 0.0, 0.0, 0.0, 0.0, 0.0, 0.0, 0.0, 0.0, 0.0, 0.0, 0.0, 1.0, 0.0, 0.0, 0.0, 0.0, 0.0, 0.0, 0.0, 0.0, 0.0, 0.0, 0.0, 0.0, 0.0, 0.0, 0.0]"
NODE_0000334,"[1.2310255239250256e-05, 9.465376677447651e-06, 8.386408528819969e-05, 4.700627715139821e-06, 0.0011926122486316797, 6.084299107355274e-06, 6.904260492929284e-06, 4.635855615317279e-06, 4.693330621690708e-06, 4.649604313933623e-06, 4.569255440303754e-06, 4.6492826228792655e-06, 4.364305825550436e-06, 6.810154725818721e-06, 7.396856366382398e-06, 6.256019594816458e-05, 9.866475018073573e-06, 4.649282622881473e-06, 4.649282622880182e-06, 6.554608797343422e-06, 0.685908067275708, 4.707056931159232e-06, 1.2003832052773066e-05, 4.641707243306922e-06, 4.956468951367371e-06, 6.701737463500062e-06, 4.039578157676957e-06, 6.593067784633133e-06, 4.4689284028457844e-06, 0.31259320314817196, 4.627555439485949e-06]"
hMpxV/USA/NY-NYCPHL-001178/2022|EPI_ISL_16955305|2022-11-18,"[0.0, 0.0, 0.0, 0.0, 0.0, 0.0, 0.0, 0.0, 0.0, 0.0, 0.0, 0.0, 0.0, 0.0, 0.0, 0.0, 0.0, 0.0, 0.0, 0.0, 0.0, 0.0, 0.0, 0.0, 0.0, 0.0, 0.0, 0.0, 0.0, 0.9999999999999999, 0.0]"
hMpxV/Chile/RM-ISP-7201/2023|EPI_ISL_19345367|2023-01-25,"[0.0, 0.0, 0.0, 0.0, 0.9999999999999999, 0.0, 0.0, 0.0, 0.0, 0.0, 0.0, 0.0, 0.0, 0.0, 0.0, 0.0, 0.0, 0.0, 0.0, 0.0, 0.0, 0.0, 0.0, 0.0, 0.0, 0.0, 0.0, 0.0, 0.0, 0.0, 0.0]"
NODE_0000348,"[2.0359345427740623e-06, 6.289750153172798e-07, 1.2903335869915949e-05, 3.2985908216952975e-07, 1.983099466465265e-06, 4.312833433407241e-07, 4.909252132183093e-07, 3.299325926542487e-07, 3.305011725172028e-07, 3.288601973591435e-07, 3.287867162461584e-07, 3.2984844562821477e-07, 3.143770561285361e-07, 4.816858027157998e-07, 7.793803767796636e-07, 1.0581459783091805e-05, 1.2935757773697327e-06, 3.298484456282597e-07, 3.298484456282289e-07, 4.638909362660995e-07, 0.042135811314226126, 3.252650928034769e-07, 1.6782408989310766e-06, 3.2982104631768707e-07, 5.215269619470679e-07, 6.882962440092191e-07, 2.9334874933848816e-07, 6.655169132862196e-07, 3.1658091401697795e-07, 0.9578240148764791, 3.298041929230018e-07]"
hMpxV/USA/CA-LACPHL-MA00394/2022|EPI_ISL_16679206|2022-12-23,"[0.0, 0.0, 0.0, 0.0, 0.0, 0.0, 0.0, 0.0, 0.0, 0.0, 0.0, 0.0, 0.0, 0.0, 0.0, 0.0, 0.0, 0.0, 0.0, 0.0, 0.0, 0.0, 0.0, 0.0, 0.0, 0.0, 0.0, 0.0, 0.0, 1.0, 0.0]"
hMpxV/USA/CA-LACPHL-MA00374/2022|EPI_ISL_16679235|2022-11-23,"[0.0, 0.0, 0.0, 0.0, 0.0, 0.0, 0.0, 0.0, 0.0, 0.0, 0.0, 0.0, 0.0, 0.0, 0.0, 0.0, 0.0, 0.0, 0.0, 0.0, 0.0, 0.0, 0.0, 0.0, 0.0, 0.0, 0.0, 0.0, 0.0, 1.0, 0.0]"
NODE_0000351,"[3.510634928758055e-09, 8.941404480279452e-10, 1.905925703943427e-08, 5.623290122118641e-10, 2.4194399636121876e-09, 6.846847216987713e-10, 7.428779121071531e-10, 5.622544311113029e-10, 5.624428589500654e-10, 5.606892948215273e-10, 5.613572216371915e-10, 5.627441749212208e-10, 5.339213796097975e-10, 7.224786581693611e-10, 1.2461457903273848e-09, 1.3927038963429646e-08, 2.4425554296096998e-09, 5.627441749227648e-10, 5.627441749219915e-10, 7.018173511297656e-10, 2.865012970860426e-06, 5.531523883319347e-10, 2.751989578996822e-09, 5.623774212833755e-10, 9.550987345397042e-10, 1.2564392755904461e-09, 4.96176704608434e-10, 1.211519126091553e-09, 5.393269327002231e-10, 0.9999970747169514, 5.616996221302669e-10]"
hMpxV/USA/CA-LACPHL-MA00467/2023|EPI_ISL_16997411|2023-01-26,"[0.0, 0.0, 0.0, 0.0, 0.0, 0.0, 0.0, 0.0, 0.0, 0.0, 0.0, 0.0, 0.0, 0.0, 0.0, 0.0, 0.0, 0.0, 0.0, 0.0, 0.0, 0.0, 0.0, 0.0, 0.0, 0.0, 0.0, 0.0, 0.0, 1.0, 0.0]"
hMpxV/USA/CA-LACPHL-MA00463/2023|EPI_ISL_16997407|2023-01-26,"[0.0, 0.0, 0.0, 0.0, 0.0, 0.0, 0.0, 0.0, 0.0, 0.0, 0.0, 0.0, 0.0, 0.0, 0.0, 0.0, 0.0, 0.0, 0.0, 0.0, 0.0, 0.0, 0.0, 0.0, 0.0, 0.0, 0.0, 0.0, 0.0, 1.0, 0.0]"
NODE_0000433,"[0.00019498768227706813, 0.00039260351435450744, 0.0004188666262577428, 0.00021968002166616171, 0.0008612158438910725, 0.0002770793791124011, 0.00030761139301529105, 0.0002133357358645383, 0.00021928322711590797, 0.00021600019522251566, 0.00020730830399598083, 0.00021430097546510827, 0.0002783782505231025, 0.8757228135088272, 0.00019124124524544587, 0.0009092065515404291, 0.039536431776302276, 0.0002143009754651758, 0.00021430097546515137, 0.0002911025456579625, 0.07454506035886448, 0.00022521855087550576, 0.0015140405401152125, 0.00021376895235975145, 0.00013980930973399693, 0.00020142232221021075, 0.00017733887360090847, 0.00028473560097329776, 0.00020510468794881766, 0.0011806619842603416, 0.00021279009179261572]"
hMpxV/Netherlands/NH-AUMC-0001/2023|EPI_ISL_17502583|2023-01-05,"[0.0, 0.0, 0.0, 0.0, 0.0, 0.0, 0.0, 0.0, 0.0, 0.0, 0.0, 0.0, 0.0, 0.0, 0.0, 0.0, 0.9999999999999999, 0.0, 0.0, 0.0, 0.0, 0.0, 0.0, 0.0, 0.0, 0.0, 0.0, 0.0, 0.0, 0.0, 0.0]"
hMpxV/Ireland/un-NVRL-Z22IRL00794/2022|EPI_ISL_18308395|2022-12-02,"[0.0, 0.0, 0.0, 0.0, 0.0, 0.0, 0.0, 0.0, 0.0, 0.0, 0.0, 0.0, 0.0, 1.0, 0.0, 0.0, 0.0, 0.0, 0.0, 0.0, 0.0, 0.0, 0.0, 0.0, 0.0, 0.0, 0.0, 0.0, 0.0, 0.0, 0.0]"
NODE_0000434,"[8.834696894281571e-06, 1.5158148165602633e-05, 3.9385619031642234e-05, 8.360515000996472e-06, 3.579462199381004e-05, 2.8326022780897915e-05, 1.1834495126443059e-05, 8.15773510834433e-06, 8.341384922431294e-06, 8.235953494993471e-06, 7.97244118869613e-06, 8.191022817295745e-06, 7.673003396846817e-06, 1.185303182062365e-05, 8.413243827839377e-06, 0.9478819076299652, 8.768540891887537e-06, 8.191022817294573e-06, 8.191022817295438e-06, 1.1392025725305817e-05, 0.051627421652581724, 8.526587572833603e-06, 9.923292750419809e-06, 8.173007202151896e-06, 5.952386950516994e-06, 7.84246955212567e-06, 7.24957055829775e-06, 7.85657348920829e-06, 7.978579368769495e-06, 0.00016595352323066007, 8.140178955927158e-06]"
hMpxV/Mexico/HID_InDRE_F5587/2022|EPI_ISL_17703580|2022-12-09,"[0.0, 0.0, 0.0, 0.0, 0.0, 0.0, 0.0, 0.0, 0.0, 0.0, 0.0, 0.0, 0.0, 0.0, 0.0, 1.0, 0.0, 0.0, 0.0, 0.0, 0.0, 0.0, 0.0, 0.0, 0.0, 0.0, 0.0, 0.0, 0.0, 0.0, 0.0]"
hMpxV/Mexico/CMX_InDRE_F420/2023|EPI_ISL_17703609|2023-03-21,"[0.0, 0.0, 0.0, 0.0, 0.0, 0.0, 0.0, 0.0, 0.0, 0.0, 0.0, 0.0, 0.0, 0.0, 0.0, 1.0, 0.0, 0.0, 0.0, 0.0, 0.0, 0.0, 0.0, 0.0, 0.0, 0.0, 0.0, 0.0, 0.0, 0.0, 0.0]"
NODE_0000457,"[5.451861462559555e-09, 1.284882139339389e-08, 4.926536648434446e-08, 5.8901468592191254e-09, 0.9996675778505283, 7.538006454041509e-09, 8.465697673614352e-09, 5.73159772652952e-09, 5.882793497804576e-09, 5.780474272900595e-09, 5.576518790861161e-09, 5.753213090275361e-09, 5.276845378858859e-09, 8.453783368706721e-09, 5.377986861077003e-09, 2.6509596952315676e-08, 6.0240121631433304e-09, 5.753213090265018e-09, 5.753213090258146e-09, 8.009360901307134e-09, 0.0003321601627768117, 5.987407168943087e-09, 6.464725456859809e-09, 5.741215730820851e-09, 3.6528269339405493e-09, 5.408979500765244e-09, 4.817925964890422e-09, 5.436936570915635e-09, 5.5176554743630676e-09, 2.3897296588832778e-08, 5.719215890709767e-09]"
hMpxV/Chile/RM-ISP-129697/2022|EPI_ISL_19345324|2022-11-18,"[0.0, 0.0, 0.0, 0.0, 1.0, 0.0, 0.0, 0.0, 0.0, 0.0, 0.0, 0.0, 0.0, 0.0, 0.0, 0.0, 0.0, 0.0, 0.0, 0.0, 0.0, 0.0, 0.0, 0.0, 0.0, 0.0, 0.0, 0.0, 0.0, 0.0, 0.0]"
hMpxV/Chile/RM-ISP-129922/2022|EPI_ISL_19345327|2022-11-19,"[0.0, 0.0, 0.0, 0.0, 1.0, 0.0, 0.0, 0.0, 0.0, 0.0, 0.0, 0.0, 0.0, 0.0, 0.0, 0.0, 0.0, 0.0, 0.0, 0.0, 0.0, 0.0, 0.0, 0.0, 0.0, 0.0, 0.0, 0.0, 0.0, 0.0, 0.0]"
NODE_0000464,"[0.00015231957506576995, 0.01715572676807353, 0.0006591574709233026, 0.00016000294578938847, 0.1645839265112389, 0.00020397567440938165, 0.00022831281520692762, 0.0001553262368330985, 0.00015956433397114382, 0.00015696555602516876, 0.00015099242620108402, 0.00015608660881813926, 0.00014359567932249056, 0.00022870964726860404, 0.0001487216822239583, 0.0007256267828116598, 0.00016436584133540217, 0.00015608660881812677, 0.00015608660881812365, 0.00021733953197951213, 0.8121705194828137, 0.00016342766536068441, 0.0001765332292444065, 0.00015567619021977216, 0.00010263342770550685, 0.0001467340706568514, 0.0001321504690351253, 0.0001472706918330503, 0.00015033433748827722, 0.0006369143924603635, 0.00015491673804844918]"
hMpxV/Chile/RM-ISP-135494/2022|EPI_ISL_19345347|2022-12-09,"[0.0, 0.0, 0.0, 0.0, 1.0, 0.0, 0.0, 0.0, 0.0, 0.0, 0.0, 0.0, 0.0, 0.0, 0.0, 0.0, 0.0, 0.0, 0.0, 0.0, 0.0, 0.0, 0.0, 0.0, 0.0, 0.0, 0.0, 0.0, 0.0, 0.0, 0.0]"
hMpxV/Belgium/ITM-19012023A/2023|EPI_ISL_17261491|2023-01-19,"[0.0, 1.0, 0.0, 0.0, 0.0, 0.0, 0.0, 0.0, 0.0, 0.0, 0.0, 0.0, 0.0, 0.0, 0.0, 0.0, 0.0, 0.0, 0.0, 0.0, 0.0, 0.0, 0.0, 0.0, 0.0, 0.0, 0.0, 0.0, 0.0, 0.0, 0.0]"
NODE_0000319,"[1.320188738800238e-10, 2.040865464632278e-11, 1.1728081359101397e-09, 1.1508120885221664e-11, 6.884396778260779e-11, 1.4735752582651725e-11, 1.6446522468807957e-11, 1.165819454384128e-11, 1.155836671968893e-11, 1.1545360196744343e-11, 1.1736940070896722e-11, 1.1632776920846525e-11, 1.100523157215872e-11, 1.5899002034455676e-11, 3.386331637547638e-11, 6.963828193293442e-10, 7.95241485892518e-11, 1.16327769208784e-11, 1.1632776920862417e-11, 1.516655939033848e-11, 9.81430377420781e-07, 1.1064166216507387e-11, 9.818968323363956e-11, 1.1641683349079014e-11, 2.402919788882046e-11, 3.41549545429184e-11, 9.976904802446762e-12, 3.2609844015451015e-11, 1.0945830015233027e-11, 0.9999990159553417, 1.1660315416566993e-11]"
hMpxV/USA/CA-CDPH-1000174/2022|EPI_ISL_16930174|2022-12-23,"[0.0, 0.0, 0.0, 0.0, 0.0, 0.0, 0.0, 0.0, 0.0, 0.0, 0.0, 0.0, 0.0, 0.0, 0.0, 0.0, 0.0, 0.0, 0.0, 0.0, 0.0, 0.0, 0.0, 0.0, 0.0, 0.0, 0.0, 0.0, 0.0, 1.0, 0.0]"
hMpxV/USA/CA-CDPH-1M1000229/2023|EPI_ISL_18460505|2023-03-31,"[0.0, 0.0, 0.0, 0.0, 0.0, 0.0, 0.0, 0.0, 0.0, 0.0, 0.0, 0.0, 0.0, 0.0, 0.0, 0.0, 0.0, 0.0, 0.0, 0.0, 0.0, 0.0, 0.0, 0.0, 0.0, 0.0, 0.0, 0.0, 0.0, 1.0, 0.0]"
hMpxV/USA/CA-CDPH-1MPX1000174/2022|EPI_ISL_17206608|2022-12-23,"[0.0, 0.0, 0.0, 0.0, 0.0, 0.0, 0.0, 0.0, 0.0, 0.0, 0.0, 0.0, 0.0, 0.0, 0.0, 0.0, 0.0, 0.0, 0.0, 0.0, 0.0, 0.0, 0.0, 0.0, 0.0, 0.0, 0.0, 0.0, 0.0, 1.0, 0.0]"
NODE_0000333,"[7.036517008455437e-13, 2.3027722933681255e-12, 3.6188778659633123e-11, 1.9136112579998584e-13, 8.960019556335947e-11, 5.310154777405748e-13, 8.673476185089403e-13, 1.8927436902380002e-13, 1.9127786656378966e-13, 1.9001363225370384e-13, 1.8727421665252097e-13, 1.8961151934663858e-13, 1.812938488810371e-13, 8.424055040682714e-13, 6.728459224300113e-13, 2.8915966144361044e-10, 2.381923738988778e-13, 1.896115193465866e-13, 1.8961151934659443e-13, 8.170050371932347e-13, 0.9999999988132374, 1.9157096317754022e-13, 1.0643864809910667e-12, 1.894177854912424e-13, 1.514253322114182e-13, 1.861455735879909e-13, 1.803347676775309e-13, 1.8688013522211727e-13, 1.8545809754872966e-13, 7.606146545447176e-10, 1.8906541036595667e-13]"
hMpxV/Peru/LIM-INS-340/2022|EPI_ISL_16999084|2022-12-20,"[0.0, 0.0, 0.0, 0.0, 0.0, 0.0, 0.0, 0.0, 0.0, 0.0, 0.0, 0.0, 0.0, 0.0, 0.0, 0.0, 0.0, 0.0, 0.0, 0.0, 1.0, 0.0, 0.0, 0.0, 0.0, 0.0, 0.0, 0.0, 0.0, 0.0, 0.0]"
hMpxV/Peru/LIM-INS-335/2022|EPI_ISL_16999124|2022-12-02,"[0.0, 0.0, 0.0, 0.0, 0.0, 0.0, 0.0, 0.0, 0.0, 0.0, 0.0, 0.0, 0.0, 0.0, 0.0, 0.0, 0.0, 0.0, 0.0, 0.0, 1.0, 0.0, 0.0, 0.0, 0.0, 0.0, 0.0, 0.0, 0.0, 0.0, 0.0]"
hMpxV/Peru/LIM-INS-330/2022|EPI_ISL_16999111|2022-11-30,"[0.0, 0.0, 0.0, 0.0, 0.0, 0.0, 0.0, 0.0, 0.0, 0.0, 0.0, 0.0, 0.0, 0.0, 0.0, 0.0, 0.0, 0.0, 0.0, 0.0, 1.0, 0.0, 0.0, 0.0, 0.0, 0.0, 0.0, 0.0, 0.0, 0.0, 0.0]"
NODE_0000347,"[4.3062942589074305e-06, 2.63911667499968e-06, 0.6859530676585356, 1.3138460865808674e-06, 0.2614723449753517, 1.6893782822806733e-06, 2.1823855970016024e-06, 1.300011328827593e-06, 1.3132723853476696e-06, 1.3029375643881162e-06, 1.2829293838825116e-06, 1.3033394807073925e-06, 1.191423187990231e-06, 1.8737328704805624e-06, 1.1917389938404435e-06, 1.3139791317601202e-05, 1.333870914052258e-06, 1.303339480705651e-06, 1.3033394807044304e-06, 1.7637568015500599e-06, 0.05245537925523612, 1.283686356642472e-06, 1.493188410515686e-05, 1.3012703635037569e-06, 8.362578380705151e-07, 1.2505981404740413e-06, 1.0472932828942897e-06, 1.2659779259138136e-06, 1.2196825032700812e-06, 5.303951865017983e-05, 1.2974376208601198e-06]"
hMpxV/Brazil/RJ-FIOCRUZ-29653/2022|EPI_ISL_16871162|2022-12-11,"[0.0, 0.0, 1.0, 0.0, 0.0, 0.0, 0.0, 0.0, 0.0, 0.0, 0.0, 0.0, 0.0, 0.0, 0.0, 0.0, 0.0, 0.0, 0.0, 0.0, 0.0, 0.0, 0.0, 0.0, 0.0, 0.0, 0.0, 0.0, 0.0, 0.0, 0.0]"
hMpxV/Brazil/RJ-FIOCRUZ-29816/2022|EPI_ISL_17614048|2022-12-11,"[0.0, 0.0, 1.0, 0.0, 0.0, 0.0, 0.0, 0.0, 0.0, 0.0, 0.0, 0.0, 0.0, 0.0, 0.0, 0.0, 0.0, 0.0, 0.0, 0.0, 0.0, 0.0, 0.0, 0.0, 0.0, 0.0, 0.0, 0.0, 0.0, 0.0, 0.0]"
hMpxV/Chile/CO-ISP-131666/2022|EPI_ISL_19345331|2022-11-24,"[0.0, 0.0, 0.0, 0.0, 1.0, 0.0, 0.0, 0.0, 0.0, 0.0, 0.0, 0.0, 0.0, 0.0, 0.0, 0.0, 0.0, 0.0, 0.0, 0.0, 0.0, 0.0, 0.0, 0.0, 0.0, 0.0, 0.0, 0.0, 0.0, 0.0, 0.0]"
NODE_0000371,"[0.0003139286501119288, 0.0001189468634645238, 0.19578344959400687, 6.552951575904847e-05, 0.0006166578981493511, 8.392005332950558e-05, 0.00010034996547669077, 6.509748039311932e-05, 6.56054531178764e-05, 6.526298842042783e-05, 6.453214449913953e-05, 6.515108514608921e-05, 6.176353475678491e-05, 9.323850494973723e-05, 9.880584115749714e-05, 0.001120270770058117, 0.00013008604062518365, 6.515108514608737e-05, 6.515108514608774e-05, 8.933423717819213e-05, 0.5320891851840241, 6.510188445040515e-05, 0.0004943193540111452, 6.511058847441504e-05, 7.133913864334709e-05, 9.141472894874498e-05, 5.7965482265705714e-05, 9.01682103126481e-05, 6.283531275766303e-05, 0.26771528356174806, 6.504376347132371e-05]"
hMpxV/USA/CA-LACPHL-MA00410/2023|EPI_ISL_16997460|2023-01-03,"[0.0, 0.0, 0.0, 0.0, 0.0, 0.0, 0.0, 0.0, 0.0, 0.0, 0.0, 0.0, 0.0, 0.0, 0.0, 0.0, 0.0, 0.0, 0.0, 0.0, 0.0, 0.0, 0.0, 0.0, 0.0, 0.0, 0.0, 0.0, 0.0, 1.0, 0.0]"
NODE_0000372,"[8.39202667499233e-07, 2.48637203751494e-07, 0.9994765271258844, 1.635568968994633e-07, 2.0458521318079727e-06, 1.9300695995563892e-07, 2.4040925013837384e-07, 1.6237377396500824e-07, 1.6360324303852858e-07, 1.624870856741648e-07, 1.6084379919112392e-07, 1.626071036345488e-07, 1.5253109555008464e-07, 2.057987696679904e-07, 1.6833955296990593e-07, 1.5130306794974635e-06, 2.2270692814663672e-07, 1.626071036344984e-07, 1.6260710363450483e-07, 1.9734754575484553e-07, 0.00038021306710854443, 1.6121995474555128e-07, 2.4720589485289392e-06, 1.6245359535061692e-07, 1.365229733615489e-07, 1.8616221591458389e-07, 1.396062520855899e-07, 1.8596293781823067e-07, 1.5531399080645054e-07, 0.00013217078222378746, 1.6217502043496362e-07]"
hMpxV/Brazil/RJ-FIOCRUZ-29820/2022|EPI_ISL_17614032|2022-12-27,"[0.0, 0.0, 1.0, 0.0, 0.0, 0.0, 0.0, 0.0, 0.0, 0.0, 0.0, 0.0, 0.0, 0.0, 0.0, 0.0, 0.0, 0.0, 0.0, 0.0, 0.0, 0.0, 0.0, 0.0, 0.0, 0.0, 0.0, 0.0, 0.0, 0.0, 0.0]"
hMpxV/Brazil/RJ-FIOCRUZ-3014/2023|EPI_ISL_17485343|2023-01-02,"[0.0, 0.0, 1.0, 0.0, 0.0, 0.0, 0.0, 0.0, 0.0, 0.0, 0.0, 0.0, 0.0, 0.0, 0.0, 0.0, 0.0, 0.0, 0.0, 0.0, 0.0, 0.0, 0.0, 0.0, 0.0, 0.0, 0.0, 0.0, 0.0, 0.0, 0.0]"
NODE_0000390,"[1.858121572207767e-05, 0.9964329853050966, 3.5495125562799183e-05, 2.151236782147915e-05, 8.175895584275226e-05, 2.6087406507256838e-05, 2.808087959239425e-05, 2.0842590634703345e-05, 2.146190818547528e-05, 2.109393790605169e-05, 2.023752940290892e-05, 2.0945375265633923e-05, 1.9118570011217662e-05, 2.8165278685878284e-05, 1.756143288210394e-05, 7.343808951248233e-05, 2.229112271228994e-05, 2.094537526563274e-05, 2.094537526563278e-05, 2.667458660045544e-05, 0.002792388459964013, 2.201791651435301e-05, 2.096819815753638e-05, 2.0889236471986154e-05, 1.352073538085145e-05, 1.979921188740936e-05, 1.756146720667372e-05, 1.9870810288499815e-05, 2.015366047307897e-05, 5.382146986865708e-05, 2.078640531122389e-05]"
hMpxV/Belgium/ITM-02022023G/2023|EPI_ISL_17260709|2023-02-02,"[0.0, 1.0, 0.0, 0.0, 0.0, 0.0, 0.0, 0.0, 0.0, 0.0, 0.0, 0.0, 0.0, 0.0, 0.0, 0.0, 0.0, 0.0, 0.0, 0.0, 0.0, 0.0, 0.0, 0.0, 0.0, 0.0, 0.0, 0.0, 0.0, 0.0, 0.0]"
NODE_0000391,"[1.2967184539237934e-09, 0.9999997912592034, 1.7981256950994503e-09, 2.053400842689123e-09, 5.245006413567968e-09, 2.2608498627902733e-09, 2.3393327388221554e-09, 1.9848210898075104e-09, 2.0487041007909743e-09, 2.0058006867214087e-09, 1.9200727060553604e-09, 1.995532078446882e-09, 1.7748071800356393e-09, 2.3349875049919122e-09, 1.2872029748348842e-09, 3.95298759014194e-09, 2.0217720886153383e-09, 1.995532078442065e-09, 1.9955320784428484e-09, 2.178124888769863e-09, 1.4836145825912544e-07, 2.084706484499905e-09, 1.530823640970163e-09, 1.989556842227219e-09, 1.1049933877543547e-09, 1.8536728986099643e-09, 1.5502003054454908e-09, 1.8681813548902158e-09, 1.8787972456889383e-09, 2.050524772990126e-09, 1.978570669895953e-09]"
hMpxV/Belgium/ITM-02022023A/2023|EPI_ISL_17261959|2023-02-02,"[0.0, 0.9999999999999999, 0.0, 0.0, 0.0, 0.0, 0.0, 0.0, 0.0, 0.0, 0.0, 0.0, 0.0, 0.0, 0.0, 0.0, 0.0, 0.0, 0.0, 0.0, 0.0, 0.0, 0.0, 0.0, 0.0, 0.0, 0.0, 0.0, 0.0, 0.0, 0.0]"
hMpxV/Belgium/ITM-26012023A/2023|EPI_ISL_17260600|2023-01-26,"[0.0, 1.0, 0.0, 0.0, 0.0, 0.0, 0.0, 0.0, 0.0, 0.0, 0.0, 0.0, 0.0, 0.0, 0.0, 0.0, 0.0, 0.0, 0.0, 0.0, 0.0, 0.0, 0.0, 0.0, 0.0, 0.0, 0.0, 0.0, 0.0, 0.0, 0.0]"
NODE_0000448,"[6.341466635784226e-09, 1.4359314840336309e-08, 1.0647790839126897e-07, 2.4824792542314127e-09, 2.0163293305776202e-07, 5.106799804182866e-09, 7.119805358633388e-09, 2.437600056272947e-09, 2.4804496367620636e-09, 2.4599083324483358e-09, 2.398835538000476e-09, 2.4434197461406777e-09, 2.3480614244887125e-09, 7.057492065224709e-09, 5.683625720721865e-09, 4.641510301266031e-07, 2.9800504223515476e-09, 2.4434197461403717e-09, 2.4434197461404614e-09, 6.874178593423901e-09, 0.999998067934899, 2.5345527404323457e-09, 7.953601538274686e-09, 2.4402899449082914e-09, 2.062011690342493e-09, 2.397498242590791e-09, 2.3717076385921453e-09, 2.396176502148894e-09, 2.427074478329013e-09, 1.0553252783580786e-06, 2.434711445310956e-09]"
hMpxV/Peru/LIM-INS-429/2023|EPI_ISL_19343466|2023-01-21,"[0.0, 0.0, 0.0, 0.0, 0.0, 0.0, 0.0, 0.0, 0.0, 0.0, 0.0, 0.0, 0.0, 0.0, 0.0, 0.0, 0.0, 0.0, 0.0, 0.0, 0.9999999999999999, 0.0, 0.0, 0.0, 0.0, 0.0, 0.0, 0.0, 0.0, 0.0, 0.0]"
NODE_0000449,"[5.579896708660496e-11, 1.396442051082466e-10, 1.1248541230413231e-09, 2.0434010937004257e-11, 2.2724662690379834e-09, 4.4778666958869186e-11, 6.552447535066115e-11, 2.0094906068470567e-11, 2.0419129830007545e-11, 2.0233190997726065e-11, 1.977289891031029e-11, 2.013779992822642e-11, 1.9361726731102217e-11, 6.477762184129929e-11, 5.24604987324022e-11, 5.406449590662366e-09, 2.4147449999560835e-11, 2.013779992821727e-11, 2.013779992822031e-11, 6.297647518326484e-11, 0.9999999781372343, 2.077544549948851e-11, 7.374003884746499e-11, 2.011483048172151e-11, 1.648343755322884e-11, 1.953763587977161e-11, 1.9343235179063242e-11, 1.9553606929965384e-11, 1.989986255244278e-11, 1.2138636905032215e-08, 2.0073099666572152e-11]"
hMpxV/Peru/LIM-INS-379/2023|EPI_ISL_19343478|2023-01-23,"[0.0, 0.0, 0.0, 0.0, 0.0, 0.0, 0.0, 0.0, 0.0, 0.0, 0.0, 0.0, 0.0, 0.0, 0.0, 0.0, 0.0, 0.0, 0.0, 0.0, 1.0, 0.0, 0.0, 0.0, 0.0, 0.0, 0.0, 0.0, 0.0, 0.0, 0.0]"
hMpxV/Peru/CAL-INS-367/2023|EPI_ISL_19343513|2023-01-20,"[0.0, 0.0, 0.0, 0.0, 0.0, 0.0, 0.0, 0.0, 0.0, 0.0, 0.0, 0.0, 0.0, 0.0, 0.0, 0.0, 0.0, 0.0, 0.0, 0.0, 1.0, 0.0, 0.0, 0.0, 0.0, 0.0, 0.0, 0.0, 0.0, 0.0, 0.0]"
NODE_0000450,"[0.0004368337464575008, 0.000803165942087391, 0.0013158475240001935, 0.00046022883128654494, 0.0017839345543861297, 0.23581940405329788, 0.0006342603978572849, 0.0004476434885624019, 0.00045923809126755655, 0.00045222307145864843, 0.00043604979131407084, 0.0004496070194433669, 0.0004149219130560335, 0.0006349216843428521, 0.00041847861897097985, 0.3730283363252816, 0.0004779868646943726, 0.0004496070194433768, 0.00044960701944338807, 0.0006048614559326261, 0.3728320610323887, 0.0004693954102630956, 0.0004986100902501186, 0.00044853487720371965, 0.00030292811237822147, 0.0004268648420047461, 0.0003846461374403352, 0.000428289826701403, 0.00043419725690814676, 0.003350743517941739, 0.00044657148393530756]"
hMpxV/Mexico/VER_InDRE_F158/2023|EPI_ISL_17672246|2023-01-23,"[0.0, 0.0, 0.0, 0.0, 0.0, 0.0, 0.0, 0.0, 0.0, 0.0, 0.0, 0.0, 0.0, 0.0, 0.0, 1.0, 0.0, 0.0, 0.0, 0.0, 0.0, 0.0, 0.0, 0.0, 0.0, 0.0, 0.0, 0.0, 0.0, 0.0, 0.0]"
NODE_0000451,"[3.807317093230174e-07, 7.623782488331432e-07, 7.319604637586483e-07, 5.182615418935789e-07, 1.4130346157859176e-06, 0.9997882041084243, 6.38084229827241e-07, 5.024487059720534e-07, 5.173058127029862e-07, 5.072856939345332e-07, 4.873082465321157e-07, 5.04808496712725e-07, 4.549767936114514e-07, 6.373849774458005e-07, 3.756711754278472e-07, 0.00012135765178341633, 5.182702341346175e-07, 5.048084967130031e-07, 5.048084967130638e-07, 5.988027870554253e-07, 7.464012295825111e-05, 5.263543526577733e-07, 4.4810352059549466e-07, 5.034929671291205e-07, 2.971656990816225e-07, 4.7223137055734263e-07, 4.0475868706250387e-07, 4.75334183623795e-07, 4.790405208733314e-07, 1.1322257091181735e-06, 5.010790967579549e-07]"
hMpxV/Dominican_Republic/LNSPDD-270/2022|EPI_ISL_17960865|2022-12-28,"[0.0, 0.0, 0.0, 0.0, 0.0, 0.9999999999999999, 0.0, 0.0, 0.0, 0.0, 0.0, 0.0, 0.0, 0.0, 0.0, 0.0, 0.0, 0.0, 0.0, 0.0, 0.0, 0.0, 0.0, 0.0, 0.0, 0.0, 0.0, 0.0, 0.0, 0.0, 0.0]"
hMpxV/Dominican_Republic/LNSPDD-271/2023|EPI_ISL_17960866|2023-01-04,"[0.0, 0.0, 0.0, 0.0, 0.0, 1.0, 0.0, 0.0, 0.0, 0.0, 0.0, 0.0, 0.0, 0.0, 0.0, 0.0, 0.0, 0.0, 0.0, 0.0, 0.0, 0.0, 0.0, 0.0, 0.0, 0.0, 0.0, 0.0, 0.0, 0.0, 0.0]"
NODE_0000455,"[2.3377624651283514e-13, 7.348838534411723e-13, 1.121690693172102e-11, 6.527523576113706e-14, 2.7088706293810718e-11, 1.766263614061837e-13, 2.8295886439336643e-13, 6.452539117217883e-14, 6.52456600944942e-14, 6.483410182167031e-14, 6.38446935832499e-14, 6.464597142698068e-14, 6.180018717336157e-14, 2.751207790655297e-13, 2.1926429566624966e-13, 8.669613897392841e-11, 8.174140702642103e-14, 6.464597142691628e-14, 6.464597142693289e-14, 2.6701862120608813e-13, 0.9999999996410187, 6.545577519747193e-14, 3.463152305863812e-13, 6.457673504327233e-14, 5.224353557251599e-14, 6.374586209052691e-14, 6.1728575239162e-14, 6.396269872556804e-14, 6.335675951297877e-14, 2.3028283004236186e-10, 6.445203129362516e-14]"
hMpxV/Peru/LIM-INS-369/2023|EPI_ISL_19343510|2023-01-04,"[0.0, 0.0, 0.0, 0.0, 0.0, 0.0, 0.0, 0.0, 0.0, 0.0, 0.0, 0.0, 0.0, 0.0, 0.0, 0.0, 0.0, 0.0, 0.0, 0.0, 1.0, 0.0, 0.0, 0.0, 0.0, 0.0, 0.0, 0.0, 0.0, 0.0, 0.0]"
hMpxV/Peru/LIM-INS-386/2023|EPI_ISL_19343504|2023-01-06,"[0.0, 0.0, 0.0, 0.0, 0.0, 0.0, 0.0, 0.0, 0.0, 0.0, 0.0, 0.0, 0.0, 0.0, 0.0, 0.0, 0.0, 0.0, 0.0, 0.0, 1.0, 0.0, 0.0, 0.0, 0.0, 0.0, 0.0, 0.0, 0.0, 0.0, 0.0]"
hMpxV/Peru/CAL-INS-370/2023|EPI_ISL_19343517|2023-01-18,"[0.0, 0.0, 0.0, 0.0, 0.0, 0.0, 0.0, 0.0, 0.0, 0.0, 0.0, 0.0, 0.0, 0.0, 0.0, 0.0, 0.0, 0.0, 0.0, 0.0, 1.0, 0.0, 0.0, 0.0, 0.0, 0.0, 0.0, 0.0, 0.0, 0.0, 0.0]"
NODE_0000456,"[8.696522210596695e-11, 1.9190630278175871e-10, 6.751493011987909e-09, 1.050988902872196e-10, 4.32037479941545e-10, 1.3402546531576174e-10, 1.505261369271994e-10, 1.0412588971444758e-10, 1.1608566794735853e-10, 3.4011762283347307e-10, 1.0163160440806028e-10, 1.0355868514117195e-10, 9.51468119413944e-11, 2.1901169194789327e-09, 9.149871308764959e-11, 4.5770008015181657e-10, 2.723050515359865e-09, 1.0355868514138837e-10, 1.035586851413439e-10, 3.5497970961152186e-10, 1.7448934857219467e-07, 1.0412272525962366e-10, 0.9999997845656468, 1.0381821674198932e-10, 2.358015436264555e-08, 9.820328709965895e-11, 8.41307519134535e-11, 9.950156369822102e-11, 9.736115338295403e-11, 1.9361834862589697e-09, 1.0434684953901692e-10]"
hMpxV/Portugal/INSA-PT0596/2022|EPI_ISL_18545153|2022-11-29,"[0.0, 0.0, 0.0, 0.0, 0.0, 0.0, 0.0, 0.0, 0.0, 0.0, 0.0, 0.0, 0.0, 0.0, 0.0, 0.0, 0.0, 0.0, 0.0, 0.0, 0.0, 0.0, 0.9999999999999999, 0.0, 0.0, 0.0, 0.0, 0.0, 0.0, 0.0, 0.0]"
hMpxV/Portugal/INSA-PT0607/2022|EPI_ISL_18545144|2022-12-07,"[0.0, 0.0, 0.0, 0.0, 0.0, 0.0, 0.0, 0.0, 0.0, 0.0, 0.0, 0.0, 0.0, 0.0, 0.0, 0.0, 0.0, 0.0, 0.0, 0.0, 0.0, 0.0, 1.0, 0.0, 0.0, 0.0, 0.0, 0.0, 0.0, 0.0, 0.0]"
hMpxV/Portugal/INSA-PT0598/2022|EPI_ISL_18544953|2022-11-25,"[0.0, 0.0, 0.0, 0.0, 0.0, 0.0, 0.0, 0.0, 0.0, 0.0, 0.0, 0.0, 0.0, 0.0, 0.0, 0.0, 0.0, 0.0, 0.0, 0.0, 0.0, 0.0, 1.0, 0.0, 0.0, 0.0, 0.0, 0.0, 0.0, 0.0, 0.0]"
NODE_0000325,"[3.471392656248822e-09, 8.346418237889728e-09, 6.471423464520271e-08, 1.3063961938105582e-09, 1.2724095564801323e-07, 2.7904456234615515e-09, 4.003681136271197e-09, 1.2838974587207616e-09, 1.3053502171362077e-09, 1.2939994119562945e-09, 1.2634927867544363e-09, 1.2868073996443699e-09, 1.2368232127101087e-09, 3.961990068159716e-09, 3.2006240236030033e-09, 2.966621251405642e-07, 1.5550398542925626e-09, 1.2868073996442596e-09, 1.2868073996442832e-09, 3.855043886443895e-09, 0.9999987894925934, 1.3304943195586694e-09, 4.491097539098697e-09, 1.2852470004424016e-09, 1.067389982112395e-09, 1.254628335816784e-09, 1.2418873062913543e-09, 1.2549397570461353e-09, 1.274464343559135e-09, 6.646724931649421e-07, 1.2824323668048568e-09]"
hMpxV/Peru/LAL-INS-281/2022|EPI_ISL_16999073|2022-12-06,"[0.0, 0.0, 0.0, 0.0, 0.0, 0.0, 0.0, 0.0, 0.0, 0.0, 0.0, 0.0, 0.0, 0.0, 0.0, 0.0, 0.0, 0.0, 0.0, 0.0, 0.9999999999999999, 0.0, 0.0, 0.0, 0.0, 0.0, 0.0, 0.0, 0.0, 0.0, 0.0]"
NODE_0000326,"[1.7112734084497782e-13, 5.660642289608375e-13, 8.968400416165943e-12, 4.621134532775434e-14, 2.2355434417045868e-11, 1.2910081939073084e-13, 2.1197933155173732e-13, 4.5714877601045525e-14, 4.619180589001906e-14, 4.5881852353860103e-14, 4.523058297841145e-14, 4.5794941598467054e-14, 4.378917600491931e-14, 2.0582900440805702e-13, 1.6450999054185054e-13, 7.236920193619956e-11, 5.741325891977274e-14, 4.579494159842661e-14, 4.579494159843643e-14, 1.995801625913209e-13, 0.9999999997035393, 4.624125324696279e-14, 2.603218207537998e-13, 4.574891175376681e-14, 3.6446955045235807e-14, 4.489985117827135e-14, 4.35026168870902e-14, 4.5083760952555715e-14, 4.476604277107925e-14, 1.900389900959961e-10, 4.5664969731145285e-14]"
hMpxV/Peru/LAL-INS-348/2022|EPI_ISL_16999070|2022-12-23,"[0.0, 0.0, 0.0, 0.0, 0.0, 0.0, 0.0, 0.0, 0.0, 0.0, 0.0, 0.0, 0.0, 0.0, 0.0, 0.0, 0.0, 0.0, 0.0, 0.0, 1.0, 0.0, 0.0, 0.0, 0.0, 0.0, 0.0, 0.0, 0.0, 0.0, 0.0]"
hMpxV/Peru/LAL-INS-333/2022|EPI_ISL_16999069|2022-12-10,"[0.0, 0.0, 0.0, 0.0, 0.0, 0.0, 0.0, 0.0, 0.0, 0.0, 0.0, 0.0, 0.0, 0.0, 0.0, 0.0, 0.0, 0.0, 0.0, 0.0, 1.0, 0.0, 0.0, 0.0, 0.0, 0.0, 0.0, 0.0, 0.0, 0.0, 0.0]"
hMpxV/Peru/LAL-INS-337/2022|EPI_ISL_16999071|2022-12-19,"[0.0, 0.0, 0.0, 0.0, 0.0, 0.0, 0.0, 0.0, 0.0, 0.0, 0.0, 0.0, 0.0, 0.0, 0.0, 0.0, 0.0, 0.0, 0.0, 0.0, 1.0, 0.0, 0.0, 0.0, 0.0, 0.0, 0.0, 0.0, 0.0, 0.0, 0.0]"
NODE_0000452,"[0.00030434732314738207, 0.00016096240915741905, 0.001258570120386632, 9.309004069199352e-05, 0.0004313098167069693, 0.00011725166115555526, 0.00012842695797016433, 9.196266285081307e-05, 9.332697503158678e-05, 9.255238306339955e-05, 9.07190161483953e-05, 9.196597612072114e-05, 8.87038027420229e-05, 0.0001300670532354625, 0.0001536347205402896, 0.001241544508642975, 0.00021822490487579267, 9.196597612072475e-05, 9.19659761207233e-05, 0.00012489178835269434, 0.1420946281072463, 9.47799376761179e-05, 0.00025411717541195145, 9.195404591828586e-05, 0.00011617145468306293, 0.00013845604257526467, 8.680584711136165e-05, 0.0001354851678235094, 9.079919196717845e-05, 0.8517093722001187, 9.194675640673879e-05]"
NODE_0000453,"[0.0005133028666668487, 0.00024941778182541207, 0.0008208408506549416, 0.0002504946199632247, 0.00027537540973864727, 0.00025054287758385886, 0.00024721735595885385, 0.0002460661266314936, 0.00025072617495888505, 0.00024885922339272005, 0.0002413482105330064, 0.00024651917150559884, 0.00031375245124023126, 0.00042149844169465803, 0.0002729094304431047, 0.0005583010055458148, 0.01854134823943563, 0.0002465191715056215, 0.0002465191715056123, 0.00023968056442097476, 0.001370742999184449, 0.0002567889745938159, 0.0009506881784068272, 0.00024625325237272796, 0.0002965957227169276, 0.00036558501162303335, 0.0002168809823595967, 0.0004781791878595112, 0.0002397635649650558, 0.9706515029439831, 0.00024578003672979674]"
hMpxV/USA/WA-UW-288850/2024|EPI_ISL_19131278|2024-04-18,"[0.0, 0.0, 0.0, 0.0, 0.0, 0.0, 0.0, 0.0, 0.0, 0.0, 0.0, 0.0, 0.0, 0.0, 0.0, 0.0, 0.0, 0.0, 0.0, 0.0, 0.0, 0.0, 0.0, 0.0, 0.0, 0.0, 0.0, 0.0, 0.0, 1.0, 0.0]"
hMpxV/Netherlands/un-EMC-NL109/2024|EPI_ISL_19356930|2024-07-02,"[0.0, 0.0, 0.0, 0.0, 0.0, 0.0, 0.0, 0.0, 0.0, 0.0, 0.0, 0.0, 0.0, 0.0, 0.0, 0.0, 0.9999999999999999, 0.0, 0.0, 0.0, 0.0, 0.0, 0.0, 0.0, 0.0, 0.0, 0.0, 0.0, 0.0, 0.0, 0.0]"
NODE_0000454,"[2.2534571251509858e-07, 5.526602283192886e-08, 1.406144109334499e-06, 3.2695001768364226e-08, 1.626931106795842e-07, 4.0915343611191194e-08, 4.4971318839391924e-08, 3.2774896915943135e-08, 3.277381740067219e-08, 3.26591812760023e-08, 3.273815262940999e-08, 3.2756006705668496e-08, 3.117802608384178e-08, 4.4088806491451814e-08, 7.587337902520833e-08, 1.0032471198230095e-06, 1.5002499909989575e-07, 3.275600670567489e-08, 3.2756006705671984e-08, 4.234537723165809e-08, 0.0003682465284384654, 3.2111645190285514e-08, 1.7519645958328364e-07, 3.2758178462523054e-08, 5.6272877727757865e-08, 7.462679838084554e-08, 2.8943970513411036e-08, 7.19708273751349e-08, 3.135605434305292e-08, 0.999627673468247, 3.2764107314135674e-08]"
hMpxV/USA/CA-CDPH-1M1000245/2023|EPI_ISL_18458964|2023-01-10,"[0.0, 0.0, 0.0, 0.0, 0.0, 0.0, 0.0, 0.0, 0.0, 0.0, 0.0, 0.0, 0.0, 0.0, 0.0, 0.0, 0.0, 0.0, 0.0, 0.0, 0.0, 0.0, 0.0, 0.0, 0.0, 0.0, 0.0, 0.0, 0.0, 1.0, 0.0]"
hMpxV/USA/CA-LACPHL-MA00478/2023|EPI_ISL_17211332|2023-01-08,"[0.0, 0.0, 0.0, 0.0, 0.0, 0.0, 0.0, 0.0, 0.0, 0.0, 0.0, 0.0, 0.0, 0.0, 0.0, 0.0, 0.0, 0.0, 0.0, 0.0, 0.0, 0.0, 0.0, 0.0, 0.0, 0.0, 0.0, 0.0, 0.0, 1.0, 0.0]"
NODE_0000349,"[8.996300569407288e-06, 3.0067191870717443e-06, 4.8496457562279025e-05, 1.7452400689563209e-06, 8.742273140983945e-06, 2.201698199048653e-06, 2.4164768218339604e-06, 1.7399145898712985e-06, 1.7516593156649636e-06, 1.7415380927886242e-06, 1.7292503381273044e-06, 1.7381847964617327e-06, 1.664379293189341e-06, 2.4081264100294752e-06, 3.5079661117804783e-06, 3.963311677348778e-05, 6.010601972736959e-06, 1.738184796461961e-06, 1.738184796461867e-06, 2.3070275592827496e-06, 0.009666025619366522, 1.742432762429589e-06, 7.141151468890969e-06, 1.7386756044913443e-06, 2.634077028379389e-06, 3.3428726324816247e-06, 1.5947449059522483e-06, 3.2369542446064016e-06, 1.6895514683807365e-06, 0.9901658005529832, 1.7400671388346073e-06]"
hMpxV/USA/CA-LACPHL-MA00491/2023|EPI_ISL_18161268|2023-04-10,"[0.0, 0.0, 0.0, 0.0, 0.0, 0.0, 0.0, 0.0, 0.0, 0.0, 0.0, 0.0, 0.0, 0.0, 0.0, 0.0, 0.0, 0.0, 0.0, 0.0, 0.0, 0.0, 0.0, 0.0, 0.0, 0.0, 0.0, 0.0, 0.0, 1.0, 0.0]"
NODE_0000350,"[1.7704464092353073e-12, 1.0788221329486036e-13, 2.980293140249468e-11, 6.066961860064137e-14, 4.511378194742527e-13, 7.882762181376885e-14, 8.769914231111436e-14, 6.269963391577133e-14, 6.141512514355742e-14, 6.153936775611886e-14, 6.392239718019099e-14, 6.222145740045334e-14, 5.870918416145583e-14, 8.470465823728463e-14, 2.4873982290724457e-13, 1.1147422422780714e-11, 9.046437800932875e-13, 6.222145740054139e-14, 6.222145740049269e-14, 7.824606453687993e-14, 8.996914357108403e-08, 5.656100220984801e-14, 1.1251084296399175e-12, 6.242813180828956e-14, 1.814679395997251e-13, 2.870765597780041e-13, 5.1743740531016876e-14, 2.6916530388634e-13, 5.719426921583723e-14, 0.9999999099833845, 6.284874002312813e-14]"
hMpxV/USA/CA-LACPHL-MA00398/2023|EPI_ISL_16679240|2023-01-03,"[0.0, 0.0, 0.0, 0.0, 0.0, 0.0, 0.0, 0.0, 0.0, 0.0, 0.0, 0.0, 0.0, 0.0, 0.0, 0.0, 0.0, 0.0, 0.0, 0.0, 0.0, 0.0, 0.0, 0.0, 0.0, 0.0, 0.0, 0.0, 0.0, 1.0, 0.0]"
hMpxV/USA/CA-LACPHL-MA00396/2023|EPI_ISL_16679238|2023-01-03,"[0.0, 0.0, 0.0, 0.0, 0.0, 0.0, 0.0, 0.0, 0.0, 0.0, 0.0, 0.0, 0.0, 0.0, 0.0, 0.0, 0.0, 0.0, 0.0, 0.0, 0.0, 0.0, 0.0, 0.0, 0.0, 0.0, 0.0, 0.0, 0.0, 1.0, 0.0]"
hMpxV/USA/CA-LACPHL-MA00514/2023|EPI_ISL_18161291|2023-05-04,"[0.0, 0.0, 0.0, 0.0, 0.0, 0.0, 0.0, 0.0, 0.0, 0.0, 0.0, 0.0, 0.0, 0.0, 0.0, 0.0, 0.0, 0.0, 0.0, 0.0, 0.0, 0.0, 0.0, 0.0, 0.0, 0.0, 0.0, 0.0, 0.0, 1.0, 0.0]"
hMpxV/USA/CA-LACPHL-MA00512/2023|EPI_ISL_18161289|2023-05-04,"[0.0, 0.0, 0.0, 0.0, 0.0, 0.0, 0.0, 0.0, 0.0, 0.0, 0.0, 0.0, 0.0, 0.0, 0.0, 0.0, 0.0, 0.0, 0.0, 0.0, 0.0, 0.0, 0.0, 0.0, 0.0, 0.0, 0.0, 0.0, 0.0, 1.0, 0.0]"
NODE_0000352,"[6.01939266205082e-12, 3.8041467201504e-13, 8.352436687040618e-11, 2.2597894815290704e-13, 1.4028892459970944e-12, 2.8459280642275287e-13, 3.1626958169397984e-13, 2.3277296516211356e-13, 2.2701409346419998e-13, 2.280374748614859e-13, 2.3771621239545233e-13, 2.3206175047705135e-13, 2.164737110617884e-13, 2.956110835508854e-13, 9.616499929761904e-13, 3.371025171819151e-11, 3.3975755299919203e-12, 2.3206175047738845e-13, 2.320617504772198e-13, 2.8134832394199414e-13, 1.421798725663688e-07, 2.0873157598373808e-13, 4.090899405734999e-12, 2.3231084962173313e-13, 6.845121266428762e-13, 1.0946339682572718e-12, 1.8530346017450554e-13, 1.028440029517063e-12, 2.1106312155799689e-13, 0.9999998576795202, 2.32794551140732e-13]"
hMpxV/USA/CA-LACPHL-MA00462/2023|EPI_ISL_16997413|2023-01-30,"[0.0, 0.0, 0.0, 0.0, 0.0, 0.0, 0.0, 0.0, 0.0, 0.0, 0.0, 0.0, 0.0, 0.0, 0.0, 0.0, 0.0, 0.0, 0.0, 0.0, 0.0, 0.0, 0.0, 0.0, 0.0, 0.0, 0.0, 0.0, 0.0, 1.0, 0.0]"
hMpxV/USA/CA-LACPHL-MA00409/2023|EPI_ISL_16997443|2023-01-17,"[0.0, 0.0, 0.0, 0.0, 0.0, 0.0, 0.0, 0.0, 0.0, 0.0, 0.0, 0.0, 0.0, 0.0, 0.0, 0.0, 0.0, 0.0, 0.0, 0.0, 0.0, 0.0, 0.0, 0.0, 0.0, 0.0, 0.0, 0.0, 0.0, 1.0, 0.0]"
hMpxV/USA/CA-CDPH-11000300/2023|EPI_ISL_18325003|2023-01-30,"[0.0, 0.0, 0.0, 0.0, 0.0, 0.0, 0.0, 0.0, 0.0, 0.0, 0.0, 0.0, 0.0, 0.0, 0.0, 0.0, 0.0, 0.0, 0.0, 0.0, 0.0, 0.0, 0.0, 0.0, 0.0, 0.0, 0.0, 0.0, 0.0, 1.0, 0.0]"
NODE_0000353,"[1.614265198487424e-10, 1.6480126275177776e-11, 5.923507118044886e-10, 1.634632800994849e-11, 2.2978821413274665e-11, 1.6485839526410344e-11, 1.6610453182063174e-11, 1.65048201074606e-11, 1.6380148603263568e-11, 1.6344900151470212e-11, 1.657419659837624e-11, 1.6491362639111217e-11, 1.5602852456197053e-11, 1.609681205034239e-11, 3.874804962579004e-11, 1.9874080301096005e-10, 1.2439929089156426e-10, 1.649136263915673e-11, 1.6491362639133877e-11, 1.5503468606853922e-11, 7.3388962757032135e-09, 1.5792610972080896e-11, 1.0562003399924031e-10, 1.649360299448942e-11, 3.727359884111545e-11, 5.2577052506040954e-11, 1.3911025836622621e-11, 4.9921544068769405e-11, 1.5519218936382925e-11, 0.9999999909704486, 1.6498139457144348e-11]"
hMpxV/USA/CA-LACPHL-MA00471/2023|EPI_ISL_17211325|2023-02-13,"[0.0, 0.0, 0.0, 0.0, 0.0, 0.0, 0.0, 0.0, 0.0, 0.0, 0.0, 0.0, 0.0, 0.0, 0.0, 0.0, 0.0, 0.0, 0.0, 0.0, 0.0, 0.0, 0.0, 0.0, 0.0, 0.0, 0.0, 0.0, 0.0, 1.0, 0.0]"
hMpxV/USA/CA-LACPHL-MA00470/2023|EPI_ISL_17211324|2023-02-13,"[0.0, 0.0, 0.0, 0.0, 0.0, 0.0, 0.0, 0.0, 0.0, 0.0, 0.0, 0.0, 0.0, 0.0, 0.0, 0.0, 0.0, 0.0, 0.0, 0.0, 0.0, 0.0, 0.0, 0.0, 0.0, 0.0, 0.0, 0.0, 0.0, 1.0, 0.0]"
NODE_0000465,"[2.984470104058546e-06, 5.192713342999294e-06, 1.359432400695208e-05, 2.7958511393098985e-06, 1.245792372606989e-05, 9.52245638685566e-06, 4.0236932973940734e-06, 2.7286914869801417e-06, 2.789635083669556e-06, 2.75382029304869e-06, 2.6664899718830153e-06, 2.7396111894006676e-06, 2.5670682216527424e-06, 4.0291651514902066e-06, 2.863400873305983e-06, 0.9574211859666952, 2.9232776279280206e-06, 2.7396111893998036e-06, 2.7396111894003626e-06, 3.871331463965253e-06, 0.04241127887699424, 2.8499135726734277e-06, 3.376638651850669e-06, 2.733701217983104e-06, 1.981240105512439e-06, 2.617633358966359e-06, 2.421454916406817e-06, 2.622863531960999e-06, 2.6667185372477953e-06, 5.75589242151579e-05, 2.7229224566701445e-06]"
hMpxV/Mexico/TLA_InDRE_F448/2023|EPI_ISL_17703611|2023-03-21,"[0.0, 0.0, 0.0, 0.0, 0.0, 0.0, 0.0, 0.0, 0.0, 0.0, 0.0, 0.0, 0.0, 0.0, 0.0, 1.0, 0.0, 0.0, 0.0, 0.0, 0.0, 0.0, 0.0, 0.0, 0.0, 0.0, 0.0, 0.0, 0.0, 0.0, 0.0]"
NODE_0000466,"[3.650652738936533e-11, 8.32711956544233e-11, 2.8573700225756006e-10, 4.561598194113009e-11, 1.9131651959796812e-10, 4.0125663569927173e-10, 6.532587877612848e-11, 4.480033717801993e-11, 4.554419544195873e-11, 4.49045156585929e-11, 4.3930539331534046e-11, 4.496812512247072e-11, 4.070607841550199e-11, 6.389972335120994e-11, 3.889557547256935e-11, 0.9999887614230867, 4.562368719029367e-11, 4.496812512245191e-11, 4.4968125122464966e-11, 6.023432908913474e-11, 1.12345953221543e-05, 4.505234800798222e-11, 4.84786323430277e-11, 4.4870093020669716e-11, 2.624132864304016e-11, 4.2643246344751664e-11, 3.558486801455787e-11, 4.312496026856725e-11, 4.2080248244446204e-11, 1.9363542052638006e-09, 4.4688281763414635e-11]"
hMpxV/Mexico/TAM_InDRE_F5537/2022|EPI_ISL_17672224|2022-11-29,"[0.0, 0.0, 0.0, 0.0, 0.0, 0.0, 0.0, 0.0, 0.0, 0.0, 0.0, 0.0, 0.0, 0.0, 0.0, 1.0, 0.0, 0.0, 0.0, 0.0, 0.0, 0.0, 0.0, 0.0, 0.0, 0.0, 0.0, 0.0, 0.0, 0.0, 0.0]"
hMpxV/Mexico/HID_InDRE_F5581/2022|EPI_ISL_17672226|2022-12-07,"[0.0, 0.0, 0.0, 0.0, 0.0, 0.0, 0.0, 0.0, 0.0, 0.0, 0.0, 0.0, 0.0, 0.0, 0.0, 1.0, 0.0, 0.0, 0.0, 0.0, 0.0, 0.0, 0.0, 0.0, 0.0, 0.0, 0.0, 0.0, 0.0, 0.0, 0.0]"
NODE_0000467,"[3.221332736846391e-08, 5.011347603013337e-08, 7.872287798692659e-08, 5.111354892029683e-08, 4.5934878297674464e-08, 2.604219492425493e-07, 4.97922984225681e-08, 4.979446930860633e-08, 5.100632108665515e-08, 5.020377840839777e-08, 4.852195138589443e-08, 5.000742339645215e-08, 4.595704759973375e-08, 4.9949096062042745e-08, 3.212456266477301e-08, 0.9999944583111918, 4.9553597161829564e-08, 5.000742339644546e-08, 5.00074233964504e-08, 4.7496622601446905e-08, 3.770437524256781e-06, 5.1814010046316734e-08, 3.500407959130558e-08, 4.988999335318392e-08, 3.222112563570214e-08, 4.7203635653369084e-08, 4.1450744994646646e-08, 4.743781867425389e-08, 4.7921404327303986e-08, 2.256923142079846e-07, 4.967408490734416e-08]"
hMpxV/Mexico/HID_InDRE_F152/2023|EPI_ISL_17672244|2023-01-23,"[0.0, 0.0, 0.0, 0.0, 0.0, 0.0, 0.0, 0.0, 0.0, 0.0, 0.0, 0.0, 0.0, 0.0, 0.0, 1.0, 0.0, 0.0, 0.0, 0.0, 0.0, 0.0, 0.0, 0.0, 0.0, 0.0, 0.0, 0.0, 0.0, 0.0, 0.0]"
NODE_0000468,"[5.681354193498457e-09, 8.995353579600322e-09, 1.42531392672078e-08, 9.212177860714697e-09, 8.116486247979626e-09, 4.946868186172655e-08, 8.957967078275264e-09, 8.979882089144231e-09, 9.196148626185227e-09, 9.048097947333762e-09, 8.752070812953702e-09, 9.015951604016171e-09, 8.269214536014784e-09, 8.975031504887356e-09, 5.705458246272981e-09, 0.9999990067794253, 8.894305688726107e-09, 9.015951604013299e-09, 9.015951604015142e-09, 8.522438063218818e-09, 6.713900250164123e-07, 9.320364664811489e-09, 6.230413754235008e-09, 8.99590776346164e-09, 5.71630652959563e-09, 8.501281277956576e-09, 7.426001303456921e-09, 8.549485800036906e-09, 8.620651414309205e-09, 4.143545293986526e-08, 8.959021924144204e-09]"
hMpxV/Mexico/CHP_InDRE_F5684/2022|EPI_ISL_17672231|2022-12-18,"[0.0, 0.0, 0.0, 0.0, 0.0, 0.0, 0.0, 0.0, 0.0, 0.0, 0.0, 0.0, 0.0, 0.0, 0.0, 1.0, 0.0, 0.0, 0.0, 0.0, 0.0, 0.0, 0.0, 0.0, 0.0, 0.0, 0.0, 0.0, 0.0, 0.0, 0.0]"
hMpxV/Mexico/CHP_InDRE_F108/2023|EPI_ISL_17672239|2023-01-11,"[0.0, 0.0, 0.0, 0.0, 0.0, 0.0, 0.0, 0.0, 0.0, 0.0, 0.0, 0.0, 0.0, 0.0, 0.0, 1.0, 0.0, 0.0, 0.0, 0.0, 0.0, 0.0, 0.0, 0.0, 0.0, 0.0, 0.0, 0.0, 0.0, 0.0, 0.0]"
NODE_0000463,"[5.1755638042193934e-24, 7.510232782762708e-23, 2.7721624132418823e-21, 2.060482730751147e-23, 0.999999999999993, 2.635543025870171e-23, 3.009075016379891e-23, 2.016431441274572e-23, 2.0518064412321534e-23, 1.995556105343181e-23, 1.9595985433714606e-23, 2.0335074997508258e-23, 1.55310946124274e-23, 2.742581922152223e-23, 7.734605613851409e-24, 5.822703199208734e-23, 1.7545307219585436e-23, 2.0335074997483047e-23, 2.033507499745832e-23, 2.3502570772227787e-23, 7.120793598126292e-15, 1.87158874781562e-23, 1.2338748823396301e-23, 2.0230256264300824e-23, 4.5968362182955205e-24, 1.795890578088477e-23, 9.947377325260932e-24, 1.8735392530555375e-23, 1.6304468905567347e-23, 9.193013966113504e-24, 2.0031570204574575e-23]"
hMpxV/Chile/VS-ISP-130350/2022|EPI_ISL_19345328|2022-11-19,"[0.0, 0.0, 0.0, 0.0, 1.0, 0.0, 0.0, 0.0, 0.0, 0.0, 0.0, 0.0, 0.0, 0.0, 0.0, 0.0, 0.0, 0.0, 0.0, 0.0, 0.0, 0.0, 0.0, 0.0, 0.0, 0.0, 0.0, 0.0, 0.0, 0.0, 0.0]"
hMpxV/Chile/VS-ISP-132267/2022|EPI_ISL_19345333|2022-11-25,"[0.0, 0.0, 0.0, 0.0, 1.0, 0.0, 0.0, 0.0, 0.0, 0.0, 0.0, 0.0, 0.0, 0.0, 0.0, 0.0, 0.0, 0.0, 0.0, 0.0, 0.0, 0.0, 0.0, 0.0, 0.0, 0.0, 0.0, 0.0, 0.0, 0.0, 0.0]"
hMpxV/Chile/VS-ISP-133976/2022|EPI_ISL_19345337|2022-12-02,"[0.0, 0.0, 0.0, 0.0, 0.9999999999999999, 0.0, 0.0, 0.0, 0.0, 0.0, 0.0, 0.0, 0.0, 0.0, 0.0, 0.0, 0.0, 0.0, 0.0, 0.0, 0.0, 0.0, 0.0, 0.0, 0.0, 0.0, 0.0, 0.0, 0.0, 0.0, 0.0]"
hMpxV/Chile/VS-ISP-135200/2022|EPI_ISL_19345345|2022-12-07,"[0.0, 0.0, 0.0, 0.0, 1.0, 0.0, 0.0, 0.0, 0.0, 0.0, 0.0, 0.0, 0.0, 0.0, 0.0, 0.0, 0.0, 0.0, 0.0, 0.0, 0.0, 0.0, 0.0, 0.0, 0.0, 0.0, 0.0, 0.0, 0.0, 0.0, 0.0]"
hMpxV/Chile/VS-ISP-137085/2022|EPI_ISL_19345351|2022-12-14,"[0.0, 0.0, 0.0, 0.0, 0.9999999999999999, 0.0, 0.0, 0.0, 0.0, 0.0, 0.0, 0.0, 0.0, 0.0, 0.0, 0.0, 0.0, 0.0, 0.0, 0.0, 0.0, 0.0, 0.0, 0.0, 0.0, 0.0, 0.0, 0.0, 0.0, 0.0, 0.0]"
hMpxV/Chile/VS-ISP-140320/2022|EPI_ISL_19345357|2022-12-26,"[0.0, 0.0, 0.0, 0.0, 1.0, 0.0, 0.0, 0.0, 0.0, 0.0, 0.0, 0.0, 0.0, 0.0, 0.0, 0.0, 0.0, 0.0, 0.0, 0.0, 0.0, 0.0, 0.0, 0.0, 0.0, 0.0, 0.0, 0.0, 0.0, 0.0, 0.0]"
hMpxV/Chile/VS-ISP-141144/2022|EPI_ISL_19345359|2022-12-29,"[0.0, 0.0, 0.0, 0.0, 1.0, 0.0, 0.0, 0.0, 0.0, 0.0, 0.0, 0.0, 0.0, 0.0, 0.0, 0.0, 0.0, 0.0, 0.0, 0.0, 0.0, 0.0, 0.0, 0.0, 0.0, 0.0, 0.0, 0.0, 0.0, 0.0, 0.0]"
hMpxV/Chile/VS-ISP-2855/2023|EPI_ISL_19345363|2023-01-10,"[0.0, 0.0, 0.0, 0.0, 1.0, 0.0, 0.0, 0.0, 0.0, 0.0, 0.0, 0.0, 0.0, 0.0, 0.0, 0.0, 0.0, 0.0, 0.0, 0.0, 0.0, 0.0, 0.0, 0.0, 0.0, 0.0, 0.0, 0.0, 0.0, 0.0, 0.0]"
hMpxV/Chile/VS-ISP-134877/2022|EPI_ISL_19345344|2022-12-06,"[0.0, 0.0, 0.0, 0.0, 1.0, 0.0, 0.0, 0.0, 0.0, 0.0, 0.0, 0.0, 0.0, 0.0, 0.0, 0.0, 0.0, 0.0, 0.0, 0.0, 0.0, 0.0, 0.0, 0.0, 0.0, 0.0, 0.0, 0.0, 0.0, 0.0, 0.0]"
NODE_0000416,"[1.2695476649085131e-06, 2.2710327765156722e-06, 6.045017936687565e-06, 1.275591250898541e-06, 5.167451838935398e-06, 4.965505228186664e-06, 1.7870691757519799e-06, 1.2464442185165513e-06, 1.273694919021421e-06, 1.2565862970597824e-06, 1.2188062159542092e-06, 1.2508175935179699e-06, 1.1653037610253727e-06, 1.7839038368163523e-06, 1.2282860278539523e-06, 0.9906585925601051, 1.3252739864684506e-06, 1.2508175935177943e-06, 1.250817593517929e-06, 1.7085418553114662e-06, 0.009265336702551386, 1.2944800944791617e-06, 1.4578115613812882e-06, 1.2484078951834558e-06, 8.732813649104554e-07, 1.1952705057817988e-06, 1.088723192551417e-06, 1.1995368115940313e-06, 1.211381995519056e-06, 2.6517333536315883e-05, 1.2440006155008386e-06]"
NODE_0000419,"[1.323017047992853e-07, 2.129692268869699e-07, 4.293977441746885e-07, 1.7702083409136758e-07, 3.1764636677962245e-07, 8.049556463609375e-07, 1.933628994228895e-07, 1.7248454413249936e-07, 1.766011120854171e-07, 1.7402333336838462e-07, 1.6821776601559203e-07, 1.7324303553425177e-07, 1.6010976038162265e-07, 1.9383079084782862e-07, 1.2920769107866087e-07, 0.9997774562047712, 1.7609559157791503e-07, 1.7324303553422893e-07, 1.7324303553425217e-07, 1.8504453497580287e-07, 0.00021518954912718347, 1.7984020878466402e-07, 1.4536893176882123e-07, 1.7282778936784306e-07, 1.1627596186564481e-07, 1.6443419912715146e-07, 1.4651971651408864e-07, 1.6505863704370735e-07, 1.668708070156651e-07, 1.6019845003043281e-06, 1.7206669619534442e-07]"
hMpxV/Mexico/NLE_InDRE_F410/2023|EPI_ISL_17703606|2023-03-13,"[0.0, 0.0, 0.0, 0.0, 0.0, 0.0, 0.0, 0.0, 0.0, 0.0, 0.0, 0.0, 0.0, 0.0, 0.0, 1.0, 0.0, 0.0, 0.0, 0.0, 0.0, 0.0, 0.0, 0.0, 0.0, 0.0, 0.0, 0.0, 0.0, 0.0, 0.0]"
NODE_0000420,"[6.36457872022078e-10, 1.0443008038333357e-09, 1.800413124247716e-09, 1.0311508131729668e-09, 1.0528648714184839e-09, 5.932260900953344e-09, 1.0232578628173381e-09, 1.0060024094910914e-09, 1.0296748459821833e-09, 1.0129129845889526e-09, 9.809382197119216e-10, 1.0098133705611403e-09, 9.24158554783672e-10, 1.0228319587007362e-09, 6.435673717605614e-10, 0.9999992269605372, 9.947389911407713e-10, 1.0098133705606334e-09, 1.0098133705610356e-09, 9.6994574519235e-10, 7.34821753842722e-07, 1.0404962069373025e-09, 7.105785470723856e-10, 1.007674738987911e-09, 6.30075316733517e-10, 9.519021725500189e-10, 8.262810345947152e-10, 9.580741486990292e-10, 9.629348434681546e-10, 5.991037043379114e-09, 1.0037375370220541e-09]"
hMpxV/Mexico/MEX_InDRE_F75/2023|EPI_ISL_17672238|2023-01-09,"[0.0, 0.0, 0.0, 0.0, 0.0, 0.0, 0.0, 0.0, 0.0, 0.0, 0.0, 0.0, 0.0, 0.0, 0.0, 1.0, 0.0, 0.0, 0.0, 0.0, 0.0, 0.0, 0.0, 0.0, 0.0, 0.0, 0.0, 0.0, 0.0, 0.0, 0.0]"
NODE_0000421,"[4.633848526328413e-11, 7.487983486352853e-11, 1.196307584014265e-10, 7.70830885555941e-11, 6.621399856226423e-11, 4.3718071737290626e-10, 7.477979616504506e-11, 7.519715500021667e-11, 7.698971395061091e-11, 7.57104305428542e-11, 7.330494371238938e-11, 7.54701384019304e-11, 6.906881516497708e-11, 7.482347833854405e-11, 4.6904957241193245e-11, 0.9999999898130836, 7.40513218421152e-11, 7.547013840183581e-11, 7.54701384019184e-11, 7.093257847294325e-11, 7.472682083592522e-09, 7.78192266390905e-11, 5.133704771439136e-11, 7.531659256542325e-11, 4.693841531069909e-11, 7.106374090302858e-11, 6.173513645778616e-11, 7.152668056469145e-11, 7.198757958510699e-11, 3.5197531805495634e-10, 7.503397202325501e-11]"
hMpxV/Mexico/NLE_InDRE_F78/2023|EPI_ISL_17703587|2023-01-09,"[0.0, 0.0, 0.0, 0.0, 0.0, 0.0, 0.0, 0.0, 0.0, 0.0, 0.0, 0.0, 0.0, 0.0, 0.0, 1.0, 0.0, 0.0, 0.0, 0.0, 0.0, 0.0, 0.0, 0.0, 0.0, 0.0, 0.0, 0.0, 0.0, 0.0, 0.0]"
hMpxV/Mexico/NLE_InDRE_F77/2023|EPI_ISL_17703586|2023-01-06,"[0.0, 0.0, 0.0, 0.0, 0.0, 0.0, 0.0, 0.0, 0.0, 0.0, 0.0, 0.0, 0.0, 0.0, 0.0, 1.0, 0.0, 0.0, 0.0, 0.0, 0.0, 0.0, 0.0, 0.0, 0.0, 0.0, 0.0, 0.0, 0.0, 0.0, 0.0]"
NODE_0000417,"[3.1546200005378906e-17, 9.941521849017642e-17, 4.767349287785016e-16, 6.570066609367361e-17, 1.9963219574974995e-16, 2.3803466743367127e-15, 8.368531623849978e-17, 6.489725789503874e-17, 6.547068673920867e-17, 6.456704884454929e-17, 6.389464384679627e-17, 6.526745620146352e-17, 5.599179881129786e-17, 7.921017714316037e-17, 3.8705477074889365e-17, 0.9999999997107181, 6.140832214637462e-17, 6.526745620138859e-17, 6.526745620145705e-17, 7.271480276900299e-17, 2.892706626704005e-10, 6.210741481912416e-17, 5.164470339725013e-17, 6.504393925201742e-17, 2.83671544776969e-17, 6.147412934751791e-17, 4.35228212706118e-17, 6.29144249311219e-17, 5.758089028875965e-17, 6.532447578979657e-15, 6.462570935682976e-17]"
hMpxV/Mexico/COA_InDRE_F5645/2022|EPI_ISL_17672229|2022-12-14,"[0.0, 0.0, 0.0, 0.0, 0.0, 0.0, 0.0, 0.0, 0.0, 0.0, 0.0, 0.0, 0.0, 0.0, 0.0, 1.0, 0.0, 0.0, 0.0, 0.0, 0.0, 0.0, 0.0, 0.0, 0.0, 0.0, 0.0, 0.0, 0.0, 0.0, 0.0]"
hMpxV/Mexico/NLE_InDRE_F130/2023|EPI_ISL_17672242|2023-01-17,"[0.0, 0.0, 0.0, 0.0, 0.0, 0.0, 0.0, 0.0, 0.0, 0.0, 0.0, 0.0, 0.0, 0.0, 0.0, 0.9999999999999999, 0.0, 0.0, 0.0, 0.0, 0.0, 0.0, 0.0, 0.0, 0.0, 0.0, 0.0, 0.0, 0.0, 0.0, 0.0]"
hMpxV/Mexico/CMX_InDRE_F378/2023|EPI_ISL_17672259|2023-03-10,"[0.0, 0.0, 0.0, 0.0, 0.0, 0.0, 0.0, 0.0, 0.0, 0.0, 0.0, 0.0, 0.0, 0.0, 0.0, 1.0, 0.0, 0.0, 0.0, 0.0, 0.0, 0.0, 0.0, 0.0, 0.0, 0.0, 0.0, 0.0, 0.0, 0.0, 0.0]"
hMpxV/Mexico/NLE_InDRE_F309/2023|EPI_ISL_17672256|2023-02-17,"[0.0, 0.0, 0.0, 0.0, 0.0, 0.0, 0.0, 0.0, 0.0, 0.0, 0.0, 0.0, 0.0, 0.0, 0.0, 1.0, 0.0, 0.0, 0.0, 0.0, 0.0, 0.0, 0.0, 0.0, 0.0, 0.0, 0.0, 0.0, 0.0, 0.0, 0.0]"
hMpxV/Mexico/NLE_InDRE_F276/2023|EPI_ISL_17703600|2023-02-07,"[0.0, 0.0, 0.0, 0.0, 0.0, 0.0, 0.0, 0.0, 0.0, 0.0, 0.0, 0.0, 0.0, 0.0, 0.0, 1.0, 0.0, 0.0, 0.0, 0.0, 0.0, 0.0, 0.0, 0.0, 0.0, 0.0, 0.0, 0.0, 0.0, 0.0, 0.0]"
NODE_0000418,"[1.4263506775311855e-11, 2.577727276965121e-11, 4.78187136481645e-11, 2.616230409281566e-11, 2.367104165263917e-11, 2.2416694459673945e-10, 2.5649806403738014e-11, 2.5565731728977504e-11, 2.609991549628722e-11, 2.5689195497517768e-11, 2.4963148832961385e-11, 2.568408635203885e-11, 2.3156700138148102e-11, 2.5387479947169023e-11, 1.5055718540477267e-11, 0.9999999905731956, 2.485134964152981e-11, 2.56840863519847e-11, 2.5684086352025446e-11, 2.389976745049635e-11, 8.364688220965638e-09, 2.6060770484473604e-11, 1.6978848049210293e-11, 2.5616840671051993e-11, 1.4801783616663462e-11, 2.4178051384192136e-11, 2.0024969766706273e-11, 2.4414961483891954e-11, 2.407677508570272e-11, 1.8123998018705105e-10, 2.5492382746496982e-11]"
hMpxV/Mexico/NLE_InDRE_F14/2022|EPI_ISL_17703582|2022-12-27,"[0.0, 0.0, 0.0, 0.0, 0.0, 0.0, 0.0, 0.0, 0.0, 0.0, 0.0, 0.0, 0.0, 0.0, 0.0, 1.0, 0.0, 0.0, 0.0, 0.0, 0.0, 0.0, 0.0, 0.0, 0.0, 0.0, 0.0, 0.0, 0.0, 0.0, 0.0]"
hMpxV/Mexico/GUA_InDRE_F244/2023|EPI_ISL_17672251|2023-02-04,"[0.0, 0.0, 0.0, 0.0, 0.0, 0.0, 0.0, 0.0, 0.0, 0.0, 0.0, 0.0, 0.0, 0.0, 0.0, 1.0, 0.0, 0.0, 0.0, 0.0, 0.0, 0.0, 0.0, 0.0, 0.0, 0.0, 0.0, 0.0, 0.0, 0.0, 0.0]"
hMpxV/Mexico/NLE_InDRE_F321/2023|EPI_ISL_17703603|2023-02-21,"[0.0, 0.0, 0.0, 0.0, 0.0, 0.0, 0.0, 0.0, 0.0, 0.0, 0.0, 0.0, 0.0, 0.0, 0.0, 1.0, 0.0, 0.0, 0.0, 0.0, 0.0, 0.0, 0.0, 0.0, 0.0, 0.0, 0.0, 0.0, 0.0, 0.0, 0.0]"
NODE_0000320,"[1.2535514843677112e-07, 7.005919838093968e-08, 3.653183955841851e-05, 1.9674165423444523e-08, 8.157920296408222e-07, 3.3213327798371834e-08, 4.488854824875911e-08, 1.9647341914305538e-08, 1.9686815138713365e-08, 1.9706123296623034e-08, 1.9564044456790412e-08, 1.9668237661592495e-08, 1.8571812857737365e-08, 4.214598701040862e-08, 4.683139347875207e-08, 2.3972781322473906e-06, 4.462140614869335e-08, 1.966823766159345e-08, 1.9668237661592422e-08, 4.0095131544601105e-08, 0.9945325667186726, 1.9247917505980178e-08, 2.0159501797854684e-07, 1.9652861072145614e-08, 2.2976049002864827e-08, 2.8883998332196427e-08, 1.7233119093372777e-08, 2.8516548577645743e-08, 1.87372979192976e-08, 0.005426688837894311, 1.9625746168771538e-08]"
hMpxV/Peru/ICA-INS-282/2022|EPI_ISL_16999065|2022-11-29,"[0.0, 0.0, 0.0, 0.0, 0.0, 0.0, 0.0, 0.0, 0.0, 0.0, 0.0, 0.0, 0.0, 0.0, 0.0, 0.0, 0.0, 0.0, 0.0, 0.0, 1.0, 0.0, 0.0, 0.0, 0.0, 0.0, 0.0, 0.0, 0.0, 0.0, 0.0]"
hMpxV/USA/CA-LACPHL-MA00451/2022|EPI_ISL_16997421|2022-11-27,"[0.0, 0.0, 0.0, 0.0, 0.0, 0.0, 0.0, 0.0, 0.0, 0.0, 0.0, 0.0, 0.0, 0.0, 0.0, 0.0, 0.0, 0.0, 0.0, 0.0, 0.0, 0.0, 0.0, 0.0, 0.0, 0.0, 0.0, 0.0, 0.0, 1.0, 0.0]"
NODE_0000321,"[2.379126797180273e-10, 3.480182632088177e-11, 0.9999998595831879, 2.304157256844404e-11, 9.36990469459304e-10, 2.75784974970587e-11, 3.8384018106854403e-11, 2.3121609247024163e-11, 2.3051327310821226e-11, 2.3147974272628328e-11, 2.312263362068641e-11, 2.3160390424076517e-11, 2.1128401700544214e-11, 2.8869559229036014e-11, 1.8329483325072318e-11, 3.3226683207313886e-10, 2.3956334884648447e-11, 2.316039042406693e-11, 2.316039042406776e-11, 2.6951457044628726e-11, 1.2991075367780178e-07, 2.1808839402774214e-11, 2.149806376023268e-09, 2.3131013620717367e-11, 1.6108842840790067e-11, 2.301045908841165e-11, 1.8154059661918315e-11, 2.3399453409259614e-11, 2.1317496800065744e-11, 6.2741084474422586e-09, 2.307792029517042e-11]"
hMpxV/Brazil/RJ-FIOCRUZ-4196/2023|EPI_ISL_17614042|2023-04-13,"[0.0, 0.0, 1.0, 0.0, 0.0, 0.0, 0.0, 0.0, 0.0, 0.0, 0.0, 0.0, 0.0, 0.0, 0.0, 0.0, 0.0, 0.0, 0.0, 0.0, 0.0, 0.0, 0.0, 0.0, 0.0, 0.0, 0.0, 0.0, 0.0, 0.0, 0.0]"
NODE_0000324,"[1.2684415288843085e-09, 2.4824048357127095e-10, 0.9999999716511863, 2.509850264422969e-10, 1.7515352966127468e-09, 2.495960246044824e-10, 3.0538284736687945e-10, 2.488264172065572e-10, 2.5090944820226293e-10, 2.495005212033402e-10, 2.4606224445270536e-10, 2.493419510544643e-10, 2.3199283300315977e-10, 2.4728083202091357e-10, 1.7000733792719734e-10, 6.025899486304661e-10, 2.4366606200138363e-10, 2.4934195105410566e-10, 2.493419510542233e-10, 2.353402550280821e-10, 7.509708068444814e-09, 2.463889913231356e-10, 6.263190909831275e-09, 2.490217781299941e-10, 1.7674880239335915e-10, 2.4085174147140805e-10, 2.0711607226294307e-10, 2.4317065549784286e-10, 2.363755976742229e-10, 5.17942761689798e-09, 2.484305640515804e-10]"
hMpxV/Brazil/RJ-FIOCRUZ-4195/2023|EPI_ISL_17614039|2023-04-10,"[0.0, 0.0, 1.0, 0.0, 0.0, 0.0, 0.0, 0.0, 0.0, 0.0, 0.0, 0.0, 0.0, 0.0, 0.0, 0.0, 0.0, 0.0, 0.0, 0.0, 0.0, 0.0, 0.0, 0.0, 0.0, 0.0, 0.0, 0.0, 0.0, 0.0, 0.0]"
hMpxV/Brazil/RJ-FIOCRUZ-3018/2023|EPI_ISL_17614041|2023-03-03,"[0.0, 0.0, 0.9999999999999999, 0.0, 0.0, 0.0, 0.0, 0.0, 0.0, 0.0, 0.0, 0.0, 0.0, 0.0, 0.0, 0.0, 0.0, 0.0, 0.0, 0.0, 0.0, 0.0, 0.0, 0.0, 0.0, 0.0, 0.0, 0.0, 0.0, 0.0, 0.0]"
NODE_0000322,"[4.006035495039443e-15, 2.6170784085118744e-16, 0.9999999999997515, 2.6142475468725565e-16, 7.480466156617555e-15, 2.624315584517071e-16, 3.75744380469985e-16, 2.6424690090197456e-16, 2.6161350561305865e-16, 2.614003615117371e-16, 2.651969610332595e-16, 2.6447990010711664e-16, 2.379831771733473e-16, 2.5303709743215076e-16, 1.5235596650102083e-16, 1.3415593148023621e-15, 2.397774441508644e-16, 2.6447990010649236e-16, 2.644799001066652e-16, 2.365803769281953e-16, 1.2110038908485251e-13, 2.414243731796707e-16, 6.880722605173204e-14, 2.642406759776752e-16, 1.5199366404140227e-16, 2.5744670703092765e-16, 1.922940546790893e-16, 2.6365490707944657e-16, 2.37120466163057e-16, 3.9658057263827185e-14, 2.6377042809217867e-16]"
hMpxV/Brazil/RJ-FIOCRUZ-4194/2023|EPI_ISL_17614030|2023-04-06,"[0.0, 0.0, 1.0, 0.0, 0.0, 0.0, 0.0, 0.0, 0.0, 0.0, 0.0, 0.0, 0.0, 0.0, 0.0, 0.0, 0.0, 0.0, 0.0, 0.0, 0.0, 0.0, 0.0, 0.0, 0.0, 0.0, 0.0, 0.0, 0.0, 0.0, 0.0]"
hMpxV/Brazil/RJ-FIOCRUZ-3611/2023|EPI_ISL_17536785|2023-04-03,"[0.0, 0.0, 1.0, 0.0, 0.0, 0.0, 0.0, 0.0, 0.0, 0.0, 0.0, 0.0, 0.0, 0.0, 0.0, 0.0, 0.0, 0.0, 0.0, 0.0, 0.0, 0.0, 0.0, 0.0, 0.0, 0.0, 0.0, 0.0, 0.0, 0.0, 0.0]"
hMpxV/Brazil/RJ-FIOCRUZ-3610/2023|EPI_ISL_17536784|2023-03-30,"[0.0, 0.0, 1.0, 0.0, 0.0, 0.0, 0.0, 0.0, 0.0, 0.0, 0.0, 0.0, 0.0, 0.0, 0.0, 0.0, 0.0, 0.0, 0.0, 0.0, 0.0, 0.0, 0.0, 0.0, 0.0, 0.0, 0.0, 0.0, 0.0, 0.0, 0.0]"
hMpxV/Brazil/RJ-FIOCRUZ-3611-1P/2023|EPI_ISL_19205405|2023-04-03,"[0.0, 0.0, 1.0, 0.0, 0.0, 0.0, 0.0, 0.0, 0.0, 0.0, 0.0, 0.0, 0.0, 0.0, 0.0, 0.0, 0.0, 0.0, 0.0, 0.0, 0.0, 0.0, 0.0, 0.0, 0.0, 0.0, 0.0, 0.0, 0.0, 0.0, 0.0]"
NODE_0000323,"[4.539935751613069e-13, 3.1689997098193905e-14, 0.9999999999739563, 3.1549473660170614e-14, 8.328068951529639e-13, 3.1730950979448817e-14, 4.483501583078178e-14, 3.183625349603487e-14, 3.156752138223283e-14, 3.165478003654044e-14, 3.1914653066703044e-14, 3.187634894574294e-14, 2.873889896934274e-14, 3.099077424458794e-14, 1.8703690912276985e-14, 1.5668009880424166e-13, 2.9685793823958e-14, 3.187634894572419e-14, 3.1876348945729916e-14, 2.8763651468002543e-14, 1.2295486799915674e-11, 2.92691595615761e-14, 7.1709546449276094e-12, 3.18413369212976e-14, 1.9611945307261078e-14, 3.1090205695658565e-14, 2.337860285124669e-14, 3.1794726556419313e-14, 2.8683330490455074e-14, 4.4071426017331866e-12, 3.177474128927318e-14]"
hMpxV/Brazil/RJ-FIOCRUZ-4239/2023|EPI_ISL_17614033|2023-04-20,"[0.0, 0.0, 1.0, 0.0, 0.0, 0.0, 0.0, 0.0, 0.0, 0.0, 0.0, 0.0, 0.0, 0.0, 0.0, 0.0, 0.0, 0.0, 0.0, 0.0, 0.0, 0.0, 0.0, 0.0, 0.0, 0.0, 0.0, 0.0, 0.0, 0.0, 0.0]"
hMpxV/Brazil/RJ-FIOCRUZ-3608/2023|EPI_ISL_17536782|2023-03-24,"[0.0, 0.0, 1.0, 0.0, 0.0, 0.0, 0.0, 0.0, 0.0, 0.0, 0.0, 0.0, 0.0, 0.0, 0.0, 0.0, 0.0, 0.0, 0.0, 0.0, 0.0, 0.0, 0.0, 0.0, 0.0, 0.0, 0.0, 0.0, 0.0, 0.0, 0.0]"
hMpxV/Brazil/RJ-FIOCRUZ-3609/2023|EPI_ISL_17536783|2023-03-27,"[0.0, 0.0, 0.9999999999999999, 0.0, 0.0, 0.0, 0.0, 0.0, 0.0, 0.0, 0.0, 0.0, 0.0, 0.0, 0.0, 0.0, 0.0, 0.0, 0.0, 0.0, 0.0, 0.0, 0.0, 0.0, 0.0, 0.0, 0.0, 0.0, 0.0, 0.0, 0.0]"
hMpxV/Brazil/RJ-FIOCRUZ-4239-1P/2023|EPI_ISL_19205407|2023-04-20,"[0.0, 0.0, 1.0, 0.0, 0.0, 0.0, 0.0, 0.0, 0.0, 0.0, 0.0, 0.0, 0.0, 0.0, 0.0, 0.0, 0.0, 0.0, 0.0, 0.0, 0.0, 0.0, 0.0, 0.0, 0.0, 0.0, 0.0, 0.0, 0.0, 0.0, 0.0]"
NODE_0000373,"[1.1430035471551825e-06, 1.6929010660619208e-06, 0.000340312395313857, 7.714960196702411e-07, 0.8608505476220464, 9.958933602083438e-07, 1.1842822519334554e-06, 7.557664675338688e-07, 7.70614646888027e-07, 7.632410066611277e-07, 7.392840097339342e-07, 7.58686279670163e-07, 6.887153248454392e-07, 1.1249707116186288e-06, 6.842776306394834e-07, 4.942424653702128e-06, 7.988005587474316e-07, 7.58686279669888e-07, 7.586862796698291e-07, 1.0475537537120347e-06, 0.13877307028086128, 7.677441314290093e-07, 2.1708890818083214e-06, 7.569915214641315e-07, 4.885701464140987e-07, 7.187867965007767e-07, 6.080794197183153e-07, 7.255125017520869e-07, 7.137231936084695e-07, 7.986222168926278e-06, 7.538989687224734e-07]"
hMpxV/Chile/RM-ISP-136952/2022|EPI_ISL_19345349|2022-12-14,"[0.0, 0.0, 0.0, 0.0, 1.0, 0.0, 0.0, 0.0, 0.0, 0.0, 0.0, 0.0, 0.0, 0.0, 0.0, 0.0, 0.0, 0.0, 0.0, 0.0, 0.0, 0.0, 0.0, 0.0, 0.0, 0.0, 0.0, 0.0, 0.0, 0.0, 0.0]"
NODE_0000377,"[8.93830113375978e-12, 2.7272668822497422e-11, 4.0768215208527884e-10, 1.1850990981520244e-11, 0.9999992166670046, 1.4986481878407597e-11, 1.6791959866334865e-11, 1.1543098045270714e-11, 1.1833661860673385e-11, 1.1608462413499885e-11, 1.1228510905747208e-11, 1.1593274314310949e-11, 1.0328820409708797e-11, 1.65182568920471e-11, 9.229303830630778e-12, 4.739076567784556e-11, 1.1777273489013856e-11, 1.1593274314294631e-11, 1.1593274314282492e-11, 1.5398746487699727e-11, 7.825261618033296e-07, 1.1837445545390685e-11, 1.2015823951170052e-11, 1.1564410627885834e-11, 6.2637246761906e-12, 1.0802268871350632e-11, 8.921931938376885e-12, 1.0921722778119357e-11, 1.0812320830190835e-11, 3.3023421113368576e-11, 1.1510994712589582e-11]"
hMpxV/Chile/RM-ISP-130458/2022|EPI_ISL_19345329|2022-11-22,"[0.0, 0.0, 0.0, 0.0, 0.9999999999999999, 0.0, 0.0, 0.0, 0.0, 0.0, 0.0, 0.0, 0.0, 0.0, 0.0, 0.0, 0.0, 0.0, 0.0, 0.0, 0.0, 0.0, 0.0, 0.0, 0.0, 0.0, 0.0, 0.0, 0.0, 0.0, 0.0]"
hMpxV/Chile/BI-ISP-134054/2022|EPI_ISL_19345338|2022-12-02,"[0.0, 0.0, 0.0, 0.0, 1.0, 0.0, 0.0, 0.0, 0.0, 0.0, 0.0, 0.0, 0.0, 0.0, 0.0, 0.0, 0.0, 0.0, 0.0, 0.0, 0.0, 0.0, 0.0, 0.0, 0.0, 0.0, 0.0, 0.0, 0.0, 0.0, 0.0]"
NODE_0000378,"[5.200958489755963e-10, 1.1735657190865853e-09, 3.092679575808154e-09, 9.573521004574123e-10, 0.9999999501585074, 9.354193716393884e-10, 9.19169448782261e-10, 9.264672800236194e-10, 9.556843249624415e-10, 9.354551348638752e-10, 8.964040271911082e-10, 9.308738889011233e-10, 8.346974567830661e-10, 9.227945000165426e-10, 5.233000451233598e-10, 5.746080018933624e-10, 9.129164548213749e-10, 9.308738889008016e-10, 9.308738889005052e-10, 8.63822054921235e-10, 2.3493057368657666e-08, 9.737671117774635e-10, 5.817802155777345e-10, 9.284189561503288e-10, 5.254460950238964e-10, 8.624055384085318e-10, 7.302714917526002e-10, 8.684729114303613e-10, 8.804689246237855e-10, 3.3644590482613715e-10, 9.23905131894342e-10]"
hMpxV/Chile/BI-ISP-134055/2022|EPI_ISL_19345339|2022-12-02,"[0.0, 0.0, 0.0, 0.0, 1.0, 0.0, 0.0, 0.0, 0.0, 0.0, 0.0, 0.0, 0.0, 0.0, 0.0, 0.0, 0.0, 0.0, 0.0, 0.0, 0.0, 0.0, 0.0, 0.0, 0.0, 0.0, 0.0, 0.0, 0.0, 0.0, 0.0]"
hMpxV/Chile/BI-ISP-134056/2022|EPI_ISL_19345340|2022-12-03,"[0.0, 0.0, 0.0, 0.0, 1.0, 0.0, 0.0, 0.0, 0.0, 0.0, 0.0, 0.0, 0.0, 0.0, 0.0, 0.0, 0.0, 0.0, 0.0, 0.0, 0.0, 0.0, 0.0, 0.0, 0.0, 0.0, 0.0, 0.0, 0.0, 0.0, 0.0]"
NODE_0000374,"[0.0003377756488110647, 0.0001831997614545846, 0.9721866183708592, 0.00016829071029597528, 0.01695746781978824, 0.0001696717542081184, 0.0001854473898302867, 0.00016460952734125695, 0.00016817552580358482, 0.00016733313267479295, 0.00016091133917172, 0.00016517364003561493, 0.00015438264547528412, 0.0001738879646662007, 0.00011973331509220467, 0.0002918236998494302, 0.00017335797267192877, 0.0001651736400356095, 0.0001651736400356099, 0.00016379030868914686, 0.0046278384808056, 0.00017069276771000325, 0.0007033945372344557, 0.00016485663914125892, 0.0001313000922801329, 0.00015849288771956242, 0.0001427015581983906, 0.00015889817499407634, 0.000159821993843594, 0.0009957087096820261, 0.0001642963516010314]"
hMpxV/Brazil/RJ-FIOCRUZ-3017/2023|EPI_ISL_17614017|2023-02-15,"[0.0, 0.0, 1.0, 0.0, 0.0, 0.0, 0.0, 0.0, 0.0, 0.0, 0.0, 0.0, 0.0, 0.0, 0.0, 0.0, 0.0, 0.0, 0.0, 0.0, 0.0, 0.0, 0.0, 0.0, 0.0, 0.0, 0.0, 0.0, 0.0, 0.0, 0.0]"
NODE_0000375,"[9.411209247444273e-07, 2.9014933963829536e-07, 0.9998216910627793, 2.8918878739670095e-07, 2.251399792452998e-06, 2.890934041361998e-07, 3.3635507274656123e-07, 2.938097762891988e-07, 3.0695912221155615e-07, 3.8742902700160215e-07, 2.843771508788258e-07, 2.8659554175831166e-07, 2.734964514647911e-07, 5.874941873467065e-07, 1.9272310516942497e-07, 5.622528522018514e-07, 6.794598899212094e-07, 2.865955417582709e-07, 2.865955417582812e-07, 3.419029969986959e-07, 4.5704502072933055e-06, 2.84729955958705e-07, 0.0001570186685474391, 2.901884873549625e-07, 1.0554027723852712e-06, 2.7687921269239467e-07, 2.4295545588049724e-07, 2.8121498740704025e-07, 2.703550889536594e-07, 4.553888579274421e-06, 2.9720541987320357e-07]"
hMpxV/Brazil/RS-CEVS-362/2023|EPI_ISL_18971016|2023-09-14,"[0.0, 0.0, 0.9999999999999999, 0.0, 0.0, 0.0, 0.0, 0.0, 0.0, 0.0, 0.0, 0.0, 0.0, 0.0, 0.0, 0.0, 0.0, 0.0, 0.0, 0.0, 0.0, 0.0, 0.0, 0.0, 0.0, 0.0, 0.0, 0.0, 0.0, 0.0, 0.0]"
hMpxV/Portugal/INSA-PT0802/2023|EPI_ISL_18702213|2023-11-23,"[0.0, 0.0, 0.0, 0.0, 0.0, 0.0, 0.0, 0.0, 0.0, 0.0, 0.0, 0.0, 0.0, 0.0, 0.0, 0.0, 0.0, 0.0, 0.0, 0.0, 0.0, 0.0, 1.0, 0.0, 0.0, 0.0, 0.0, 0.0, 0.0, 0.0, 0.0]"
NODE_0000376,"[2.7869169979778156e-16, 1.2559255653159986e-17, 0.9999999999999677, 1.237958082131012e-17, 5.825107007583143e-16, 1.2538128194667071e-17, 1.8770907646998422e-17, 1.2591672970720754e-17, 1.2410168712335939e-17, 1.2596252137219976e-17, 1.2687317927438428e-17, 1.2596381620281188e-17, 1.121207640827685e-17, 1.2533259266600809e-17, 6.969668141691214e-18, 8.474564980953574e-17, 1.2015465516494181e-17, 1.2596381620258553e-17, 1.2596381620264502e-17, 1.1255065354159749e-17, 1.6045417083544646e-14, 1.1217195402623255e-17, 1.1041518517027401e-14, 1.2586787513224243e-17, 8.164284053751402e-18, 1.2363780455841576e-17, 8.769273259481815e-18, 1.2710284694376812e-17, 1.108490237560567e-17, 4.101361892767423e-15, 1.2568940885778543e-17]"
hMpxV/Brazil/SP-IAL-3280/2023|EPI_ISL_19446284|2023-10-09,"[0.0, 0.0, 1.0, 0.0, 0.0, 0.0, 0.0, 0.0, 0.0, 0.0, 0.0, 0.0, 0.0, 0.0, 0.0, 0.0, 0.0, 0.0, 0.0, 0.0, 0.0, 0.0, 0.0, 0.0, 0.0, 0.0, 0.0, 0.0, 0.0, 0.0, 0.0]"
hMpxV/Brazil/SP-IAL-3281/2023|EPI_ISL_19446285|2023-10-09,"[0.0, 0.0, 1.0, 0.0, 0.0, 0.0, 0.0, 0.0, 0.0, 0.0, 0.0, 0.0, 0.0, 0.0, 0.0, 0.0, 0.0, 0.0, 0.0, 0.0, 0.0, 0.0, 0.0, 0.0, 0.0, 0.0, 0.0, 0.0, 0.0, 0.0, 0.0]"
hMpxV/Brazil/SP-IAL-357399029/2023|EPI_ISL_19446287|2023-11-29,"[0.0, 0.0, 1.0, 0.0, 0.0, 0.0, 0.0, 0.0, 0.0, 0.0, 0.0, 0.0, 0.0, 0.0, 0.0, 0.0, 0.0, 0.0, 0.0, 0.0, 0.0, 0.0, 0.0, 0.0, 0.0, 0.0, 0.0, 0.0, 0.0, 0.0, 0.0]"
hMpxV/Brazil/SP-IAL-3284/2023|EPI_ISL_19446288|2023-12-18,"[0.0, 0.0, 1.0, 0.0, 0.0, 0.0, 0.0, 0.0, 0.0, 0.0, 0.0, 0.0, 0.0, 0.0, 0.0, 0.0, 0.0, 0.0, 0.0, 0.0, 0.0, 0.0, 0.0, 0.0, 0.0, 0.0, 0.0, 0.0, 0.0, 0.0, 0.0]"
hMpxV/Brazil/SP-IAL-3282/2023|EPI_ISL_19446286|2023-10-11,"[0.0, 0.0, 1.0, 0.0, 0.0, 0.0, 0.0, 0.0, 0.0, 0.0, 0.0, 0.0, 0.0, 0.0, 0.0, 0.0, 0.0, 0.0, 0.0, 0.0, 0.0, 0.0, 0.0, 0.0, 0.0, 0.0, 0.0, 0.0, 0.0, 0.0, 0.0]"
NODE_0000327,"[2.0861553532500028e-32, 4.110616191186432e-31, 4.335383098472284e-28, 8.37104893600592e-34, 4.149159941399505e-27, 1.0791815182684054e-32, 3.734687648277699e-32, 8.597148685904952e-34, 8.38529870853883e-34, 8.440142270600043e-34, 8.787621089242357e-34, 8.588781094252768e-34, 7.954699003062663e-34, 3.246283431581236e-32, 2.4138148855861594e-32, 9.36471817410539e-26, 1.3763892799473452e-33, 8.588781094241068e-34, 8.588781094244058e-34, 3.090903095581255e-32, 1.0, 7.57662715575172e-34, 7.833774893451476e-32, 8.589117295836129e-34, 5.5618220676262835e-34, 8.84829789298744e-34, 7.5281869161807615e-34, 9.07503500692353e-34, 7.816249741006886e-34, 6.559590515255081e-25, 8.589031150174303e-34]"
hMpxV/Peru/LIM-INS-328/2022|EPI_ISL_16999077|2022-11-21,"[0.0, 0.0, 0.0, 0.0, 0.0, 0.0, 0.0, 0.0, 0.0, 0.0, 0.0, 0.0, 0.0, 0.0, 0.0, 0.0, 0.0, 0.0, 0.0, 0.0, 1.0, 0.0, 0.0, 0.0, 0.0, 0.0, 0.0, 0.0, 0.0, 0.0, 0.0]"
hMpxV/Peru/LIM-INS-289/2022|EPI_ISL_16999078|2022-11-24,"[0.0, 0.0, 0.0, 0.0, 0.0, 0.0, 0.0, 0.0, 0.0, 0.0, 0.0, 0.0, 0.0, 0.0, 0.0, 0.0, 0.0, 0.0, 0.0, 0.0, 1.0, 0.0, 0.0, 0.0, 0.0, 0.0, 0.0, 0.0, 0.0, 0.0, 0.0]"
hMpxV/Peru/LIM-INS-355/2022|EPI_ISL_16999081|2022-12-29,"[0.0, 0.0, 0.0, 0.0, 0.0, 0.0, 0.0, 0.0, 0.0, 0.0, 0.0, 0.0, 0.0, 0.0, 0.0, 0.0, 0.0, 0.0, 0.0, 0.0, 1.0, 0.0, 0.0, 0.0, 0.0, 0.0, 0.0, 0.0, 0.0, 0.0, 0.0]"
hMpxV/Peru/LIM-INS-294/2022|EPI_ISL_16999089|2022-11-24,"[0.0, 0.0, 0.0, 0.0, 0.0, 0.0, 0.0, 0.0, 0.0, 0.0, 0.0, 0.0, 0.0, 0.0, 0.0, 0.0, 0.0, 0.0, 0.0, 0.0, 1.0, 0.0, 0.0, 0.0, 0.0, 0.0, 0.0, 0.0, 0.0, 0.0, 0.0]"
hMpxV/Peru/LIM-INS-329/2022|EPI_ISL_16999098|2022-11-28,"[0.0, 0.0, 0.0, 0.0, 0.0, 0.0, 0.0, 0.0, 0.0, 0.0, 0.0, 0.0, 0.0, 0.0, 0.0, 0.0, 0.0, 0.0, 0.0, 0.0, 1.0, 0.0, 0.0, 0.0, 0.0, 0.0, 0.0, 0.0, 0.0, 0.0, 0.0]"
NODE_0000328,"[3.842446992433934e-10, 9.250620493484419e-10, 7.1694024374016964e-09, 1.444904368088307e-10, 1.4099576308368998e-08, 3.088871799383089e-10, 4.4358403658786673e-10, 1.420067256831782e-10, 1.443772931491217e-10, 1.4311277173739263e-10, 1.397418447944511e-10, 1.423259339541198e-10, 1.3680878873756696e-10, 4.389818657832697e-10, 3.5472437533585005e-10, 3.286593821579988e-08, 1.7181447820749654e-10, 1.4232593395407323e-10, 1.4232593395408212e-10, 4.271031845745785e-10, 0.9999998659115859, 1.4714617208523803e-10, 4.975352509550431e-10, 1.4215477636089648e-10, 1.1792164186535583e-10, 1.386944762927108e-10, 1.3729587853772452e-10, 1.3873361815021306e-10, 1.409370750105862e-10, 7.361931492189212e-08, 1.418460429149294e-10]"
hMpxV/Peru/LIM-INS-343/2022|EPI_ISL_16999085|2022-12-19,"[0.0, 0.0, 0.0, 0.0, 0.0, 0.0, 0.0, 0.0, 0.0, 0.0, 0.0, 0.0, 0.0, 0.0, 0.0, 0.0, 0.0, 0.0, 0.0, 0.0, 1.0, 0.0, 0.0, 0.0, 0.0, 0.0, 0.0, 0.0, 0.0, 0.0, 0.0]"
hMpxV/Peru/LIM-INS-293/2022|EPI_ISL_16999083|2022-11-25,"[0.0, 0.0, 0.0, 0.0, 0.0, 0.0, 0.0, 0.0, 0.0, 0.0, 0.0, 0.0, 0.0, 0.0, 0.0, 0.0, 0.0, 0.0, 0.0, 0.0, 0.9999999999999999, 0.0, 0.0, 0.0, 0.0, 0.0, 0.0, 0.0, 0.0, 0.0, 0.0]"
NODE_0000331,"[3.2341959337807187e-12, 1.0097696062469742e-11, 1.5383031183203294e-10, 9.069142819518916e-13, 3.7040138895783274e-10, 2.4435472400106556e-12, 3.899641829207911e-12, 8.963852148756092e-13, 9.064719334659048e-13, 9.008939692911983e-13, 8.870301960827958e-13, 8.981001447966469e-13, 8.584138292846077e-13, 3.791739293562199e-12, 3.0194896149743637e-12, 1.1851007433050462e-09, 1.138681164388843e-12, 8.981001447963511e-13, 8.981001447964265e-13, 3.680864266318247e-12, 0.9999999950870011, 9.096939354628801e-13, 4.772633970751614e-12, 8.971164786122004e-13, 7.283257460075259e-13, 8.869135261457438e-13, 8.586701064488826e-13, 8.898215667137175e-13, 8.806593539326002e-13, 3.1525909834225797e-09, 8.95346678258129e-13]"
hMpxV/Peru/LIM-INS-344/2022|EPI_ISL_16999102|2022-12-20,"[0.0, 0.0, 0.0, 0.0, 0.0, 0.0, 0.0, 0.0, 0.0, 0.0, 0.0, 0.0, 0.0, 0.0, 0.0, 0.0, 0.0, 0.0, 0.0, 0.0, 1.0, 0.0, 0.0, 0.0, 0.0, 0.0, 0.0, 0.0, 0.0, 0.0, 0.0]"
hMpxV/Peru/LIM-INS-437/2022|EPI_ISL_19343488|2022-11-30,"[0.0, 0.0, 0.0, 0.0, 0.0, 0.0, 0.0, 0.0, 0.0, 0.0, 0.0, 0.0, 0.0, 0.0, 0.0, 0.0, 0.0, 0.0, 0.0, 0.0, 1.0, 0.0, 0.0, 0.0, 0.0, 0.0, 0.0, 0.0, 0.0, 0.0, 0.0]"
hMpxV/Peru/LIM-INS-390/2023|EPI_ISL_19343505|2023-01-06,"[0.0, 0.0, 0.0, 0.0, 0.0, 0.0, 0.0, 0.0, 0.0, 0.0, 0.0, 0.0, 0.0, 0.0, 0.0, 0.0, 0.0, 0.0, 0.0, 0.0, 1.0, 0.0, 0.0, 0.0, 0.0, 0.0, 0.0, 0.0, 0.0, 0.0, 0.0]"
NODE_0000332,"[2.2833094893637097e-11, 6.73650212536134e-11, 9.872057969076277e-10, 6.64384810170369e-12, 2.2973605902350586e-09, 1.727696348166062e-11, 2.6819078274598765e-11, 6.561143735542055e-12, 6.640270298606094e-12, 6.6027702014351405e-12, 6.493404643776551e-12, 6.574659163194443e-12, 6.281968358690925e-12, 2.6113849268357265e-11, 2.0724537720334028e-11, 7.2707076337458055e-09, 8.423476536942668e-12, 6.5746591631925906e-12, 6.574659163192921e-12, 2.5377898157396323e-11, 0.999999969480943, 6.679944443022282e-12, 3.27102090756185e-11, 6.566918915836193e-12, 5.427946815960703e-12, 6.537120133290415e-12, 6.324395582521119e-12, 6.553389496436743e-12, 6.4661876246630024e-12, 1.9606082432919946e-08, 6.553153956575879e-12]"
hMpxV/Peru/LIM-INS-413/2023|EPI_ISL_19343498|2023-02-10,"[0.0, 0.0, 0.0, 0.0, 0.0, 0.0, 0.0, 0.0, 0.0, 0.0, 0.0, 0.0, 0.0, 0.0, 0.0, 0.0, 0.0, 0.0, 0.0, 0.0, 1.0, 0.0, 0.0, 0.0, 0.0, 0.0, 0.0, 0.0, 0.0, 0.0, 0.0]"
hMpxV/Peru/CAL-INS-403/2023|EPI_ISL_19343516|2023-02-02,"[0.0, 0.0, 0.0, 0.0, 0.0, 0.0, 0.0, 0.0, 0.0, 0.0, 0.0, 0.0, 0.0, 0.0, 0.0, 0.0, 0.0, 0.0, 0.0, 0.0, 1.0, 0.0, 0.0, 0.0, 0.0, 0.0, 0.0, 0.0, 0.0, 0.0, 0.0]"
hMpxV/Peru/LIM-INS-376/2023|EPI_ISL_19343540|2023-01-13,"[0.0, 0.0, 0.0, 0.0, 0.0, 0.0, 0.0, 0.0, 0.0, 0.0, 0.0, 0.0, 0.0, 0.0, 0.0, 0.0, 0.0, 0.0, 0.0, 0.0, 1.0, 0.0, 0.0, 0.0, 0.0, 0.0, 0.0, 0.0, 0.0, 0.0, 0.0]"
NODE_0000329,"[4.476081705471627e-10, 1.0583327304555591e-09, 8.109274928717479e-09, 1.7030078231777826e-10, 1.578184638537969e-08, 3.599717739601322e-10, 5.12311913007409e-10, 1.6732675368784893e-10, 1.701629465411253e-10, 1.6870553015305157e-10, 1.6466975515449486e-10, 1.677123045490866e-10, 1.6118562648555356e-10, 5.072004020021095e-10, 4.093462459676365e-10, 3.667269566680628e-08, 2.032414234506114e-10, 1.6771230454894564e-10, 1.6771230454898017e-10, 4.936616513008363e-10, 0.9999998495616418, 1.735623781721972e-10, 5.74068716394934e-10, 1.675053743952372e-10, 1.3981418424577944e-10, 1.638267793799471e-10, 1.6213084672709294e-10, 1.6383024773457995e-10, 1.662436353852062e-10, 8.249926312693902e-08, 1.671333994857082e-10]"
hMpxV/Peru/LIM-INS-332/2022|EPI_ISL_16999097|2022-12-01,"[0.0, 0.0, 0.0, 0.0, 0.0, 0.0, 0.0, 0.0, 0.0, 0.0, 0.0, 0.0, 0.0, 0.0, 0.0, 0.0, 0.0, 0.0, 0.0, 0.0, 1.0, 0.0, 0.0, 0.0, 0.0, 0.0, 0.0, 0.0, 0.0, 0.0, 0.0]"
NODE_0000330,"[6.025267095314958e-12, 1.8730693417307e-11, 2.8458919145195805e-10, 1.6942993456487113e-12, 6.835514739607768e-10, 4.552721954987052e-12, 7.249961505523236e-12, 1.6745175876606736e-12, 1.6934623476215157e-12, 1.6831211883814735e-12, 1.6570709770262168e-12, 1.6777437998047222e-12, 1.6035440620342044e-12, 7.050020592791664e-12, 5.612492316373049e-12, 2.185483468923256e-09, 2.129154479665584e-12, 1.6777437998043557e-12, 1.677743799804437e-12, 6.844493372650538e-12, 0.999999990931439, 1.6997997453174749e-12, 8.871013110519488e-12, 1.6758936202447906e-12, 1.362604239955969e-12, 1.6578094943759496e-12, 1.6049063177967616e-12, 1.6631411598953393e-12, 1.6455610740100735e-12, 5.819849340504815e-09, 1.6725678613971301e-12]"
hMpxV/Peru/LIM-INS-402/2023|EPI_ISL_19343500|2023-02-02,"[0.0, 0.0, 0.0, 0.0, 0.0, 0.0, 0.0, 0.0, 0.0, 0.0, 0.0, 0.0, 0.0, 0.0, 0.0, 0.0, 0.0, 0.0, 0.0, 0.0, 1.0, 0.0, 0.0, 0.0, 0.0, 0.0, 0.0, 0.0, 0.0, 0.0, 0.0]"
hMpxV/Peru/LIM-INS-368/2023|EPI_ISL_19343525|2023-01-03,"[0.0, 0.0, 0.0, 0.0, 0.0, 0.0, 0.0, 0.0, 0.0, 0.0, 0.0, 0.0, 0.0, 0.0, 0.0, 0.0, 0.0, 0.0, 0.0, 0.0, 1.0, 0.0, 0.0, 0.0, 0.0, 0.0, 0.0, 0.0, 0.0, 0.0, 0.0]"
hMpxV/Peru/LIM-INS-371/2023|EPI_ISL_19343562|2023-01-06,"[0.0, 0.0, 0.0, 0.0, 0.0, 0.0, 0.0, 0.0, 0.0, 0.0, 0.0, 0.0, 0.0, 0.0, 0.0, 0.0, 0.0, 0.0, 0.0, 0.0, 1.0, 0.0, 0.0, 0.0, 0.0, 0.0, 0.0, 0.0, 0.0, 0.0, 0.0]"
NODE_0000458,"[2.2056593651840216e-07, 5.150725684205643e-07, 1.9597147466776674e-06, 2.3688641424803323e-07, 0.9909633380896904, 3.030378483367631e-07, 3.4021421078022875e-07, 2.3047309603258192e-07, 2.3655050182343781e-07, 2.3248756729323288e-07, 2.242424163867946e-07, 2.3136900902818483e-07, 2.1236900920957852e-07, 3.3983265456670124e-07, 2.171527988771888e-07, 1.0722694205534102e-06, 2.424827375818959e-07, 2.3136900902810703e-07, 2.313690090280549e-07, 3.2216133366894876e-07, 0.009026119534020254, 2.40919662324932e-07, 2.6086542793064946e-07, 2.3087374848262266e-07, 1.4781451344441993e-07, 2.1760071415686763e-07, 1.9418180884538804e-07, 2.1867950404854515e-07, 2.220569629175754e-07, 9.797992381873553e-07, 2.2996442120649197e-07]"
hMpxV/Chile/TA-ISP-131515/2022|EPI_ISL_19345330|2022-11-21,"[0.0, 0.0, 0.0, 0.0, 0.9999999999999999, 0.0, 0.0, 0.0, 0.0, 0.0, 0.0, 0.0, 0.0, 0.0, 0.0, 0.0, 0.0, 0.0, 0.0, 0.0, 0.0, 0.0, 0.0, 0.0, 0.0, 0.0, 0.0, 0.0, 0.0, 0.0, 0.0]"
NODE_0000459,"[1.6872678968374753e-23, 1.788010559024099e-22, 4.177960181141469e-21, 6.693594261810667e-23, 0.9999999999999992, 7.629071294406666e-23, 8.24883251745308e-23, 6.524889804415113e-23, 6.662658919128299e-23, 6.483897219813555e-23, 6.326779610058566e-23, 6.58143375481475e-23, 5.124791728842061e-23, 7.641692423206542e-23, 2.368200442858635e-23, 1.2343705834008193e-22, 5.695479516058386e-23, 6.58143375480801e-23, 6.581433754802555e-23, 6.631228420703125e-23, 8.150202001246216e-16, 6.19418960230286e-23, 3.5269536451033496e-23, 6.54742535512126e-23, 1.6820760061005836e-23, 5.835213407046977e-23, 3.4118628182065893e-23, 6.054748254039021e-23, 5.397970340407715e-23, 2.5261306815712675e-23, 6.483243753437603e-23]"
hMpxV/Chile/RM-ISP-133151/2022|EPI_ISL_19345336|2022-11-30,"[0.0, 0.0, 0.0, 0.0, 1.0, 0.0, 0.0, 0.0, 0.0, 0.0, 0.0, 0.0, 0.0, 0.0, 0.0, 0.0, 0.0, 0.0, 0.0, 0.0, 0.0, 0.0, 0.0, 0.0, 0.0, 0.0, 0.0, 0.0, 0.0, 0.0, 0.0]"
hMpxV/Chile/RM-ISP-134481/2022|EPI_ISL_19345342|2022-12-06,"[0.0, 0.0, 0.0, 0.0, 1.0, 0.0, 0.0, 0.0, 0.0, 0.0, 0.0, 0.0, 0.0, 0.0, 0.0, 0.0, 0.0, 0.0, 0.0, 0.0, 0.0, 0.0, 0.0, 0.0, 0.0, 0.0, 0.0, 0.0, 0.0, 0.0, 0.0]"
hMpxV/Chile/RM-ISP-134390/2022|EPI_ISL_19345341|2022-11-30,"[0.0, 0.0, 0.0, 0.0, 1.0, 0.0, 0.0, 0.0, 0.0, 0.0, 0.0, 0.0, 0.0, 0.0, 0.0, 0.0, 0.0, 0.0, 0.0, 0.0, 0.0, 0.0, 0.0, 0.0, 0.0, 0.0, 0.0, 0.0, 0.0, 0.0, 0.0]"
hMpxV/Chile/RM-ISP-137742/2022|EPI_ISL_19345352|2022-12-15,"[0.0, 0.0, 0.0, 0.0, 1.0, 0.0, 0.0, 0.0, 0.0, 0.0, 0.0, 0.0, 0.0, 0.0, 0.0, 0.0, 0.0, 0.0, 0.0, 0.0, 0.0, 0.0, 0.0, 0.0, 0.0, 0.0, 0.0, 0.0, 0.0, 0.0, 0.0]"
hMpxV/Chile/VS-ISP-7728/2023|EPI_ISL_19345370|2023-01-27,"[0.0, 0.0, 0.0, 0.0, 1.0, 0.0, 0.0, 0.0, 0.0, 0.0, 0.0, 0.0, 0.0, 0.0, 0.0, 0.0, 0.0, 0.0, 0.0, 0.0, 0.0, 0.0, 0.0, 0.0, 0.0, 0.0, 0.0, 0.0, 0.0, 0.0, 0.0]"
hMpxV/Chile/RM-ISP-7794/2023|EPI_ISL_19345371|2023-01-30,"[0.0, 0.0, 0.0, 0.0, 1.0, 0.0, 0.0, 0.0, 0.0, 0.0, 0.0, 0.0, 0.0, 0.0, 0.0, 0.0, 0.0, 0.0, 0.0, 0.0, 0.0, 0.0, 0.0, 0.0, 0.0, 0.0, 0.0, 0.0, 0.0, 0.0, 0.0]"
hMpxV/Chile/RM-ISP-8717/2023|EPI_ISL_19345372|2023-02-02,"[0.0, 0.0, 0.0, 0.0, 1.0, 0.0, 0.0, 0.0, 0.0, 0.0, 0.0, 0.0, 0.0, 0.0, 0.0, 0.0, 0.0, 0.0, 0.0, 0.0, 0.0, 0.0, 0.0, 0.0, 0.0, 0.0, 0.0, 0.0, 0.0, 0.0, 0.0]"
NODE_0000460,"[7.643837328211115e-28, 1.0835342841681541e-26, 2.7965571527547332e-25, 5.258427981455417e-27, 1.0, 5.137218780096898e-27, 5.133671293389495e-27, 5.119578425298098e-27, 5.2357467342827244e-27, 5.070127525321922e-27, 4.947475844228631e-27, 5.166634142359588e-27, 3.85124267872136e-27, 4.7011097638354674e-27, 1.1697915732273241e-27, 1.9498942627898494e-27, 4.167411677730219e-27, 5.166634142348903e-27, 5.166634142339931e-27, 3.975012294307775e-27, 1.3692963014881022e-21, 4.773994939890593e-27, 1.7284362277848213e-27, 5.1378082719732684e-27, 1.0240452587473479e-27, 4.49334808864662e-27, 2.356106141916911e-27, 4.698526589922816e-27, 4.078983219266426e-27, 1.937984514675576e-28, 5.083338151774577e-27]"
hMpxV/Chile/VS-ISP-131906/2022|EPI_ISL_19345332|2022-11-26,"[0.0, 0.0, 0.0, 0.0, 1.0, 0.0, 0.0, 0.0, 0.0, 0.0, 0.0, 0.0, 0.0, 0.0, 0.0, 0.0, 0.0, 0.0, 0.0, 0.0, 0.0, 0.0, 0.0, 0.0, 0.0, 0.0, 0.0, 0.0, 0.0, 0.0, 0.0]"
hMpxV/Chile/RM-ISP-134774/2022|EPI_ISL_19345343|2022-12-01,"[0.0, 0.0, 0.0, 0.0, 1.0, 0.0, 0.0, 0.0, 0.0, 0.0, 0.0, 0.0, 0.0, 0.0, 0.0, 0.0, 0.0, 0.0, 0.0, 0.0, 0.0, 0.0, 0.0, 0.0, 0.0, 0.0, 0.0, 0.0, 0.0, 0.0, 0.0]"
hMpxV/Chile/RM-ISP-135958/2022|EPI_ISL_19345348|2022-12-04,"[0.0, 0.0, 0.0, 0.0, 1.0, 0.0, 0.0, 0.0, 0.0, 0.0, 0.0, 0.0, 0.0, 0.0, 0.0, 0.0, 0.0, 0.0, 0.0, 0.0, 0.0, 0.0, 0.0, 0.0, 0.0, 0.0, 0.0, 0.0, 0.0, 0.0, 0.0]"
hMpxV/Chile/VS-ISP-138625/2022|EPI_ISL_19345356|2022-12-19,"[0.0, 0.0, 0.0, 0.0, 1.0, 0.0, 0.0, 0.0, 0.0, 0.0, 0.0, 0.0, 0.0, 0.0, 0.0, 0.0, 0.0, 0.0, 0.0, 0.0, 0.0, 0.0, 0.0, 0.0, 0.0, 0.0, 0.0, 0.0, 0.0, 0.0, 0.0]"
hMpxV/Chile/RM-ISP-140628/2022|EPI_ISL_19345358|2022-12-28,"[0.0, 0.0, 0.0, 0.0, 1.0, 0.0, 0.0, 0.0, 0.0, 0.0, 0.0, 0.0, 0.0, 0.0, 0.0, 0.0, 0.0, 0.0, 0.0, 0.0, 0.0, 0.0, 0.0, 0.0, 0.0, 0.0, 0.0, 0.0, 0.0, 0.0, 0.0]"
hMpxV/Chile/VS-ISP-1163/2023|EPI_ISL_19345353|2023-01-03,"[0.0, 0.0, 0.0, 0.0, 1.0, 0.0, 0.0, 0.0, 0.0, 0.0, 0.0, 0.0, 0.0, 0.0, 0.0, 0.0, 0.0, 0.0, 0.0, 0.0, 0.0, 0.0, 0.0, 0.0, 0.0, 0.0, 0.0, 0.0, 0.0, 0.0, 0.0]"
hMpxV/Chile/RM-ISP-135491/2022|EPI_ISL_19345346|2022-12-09,"[0.0, 0.0, 0.0, 0.0, 1.0, 0.0, 0.0, 0.0, 0.0, 0.0, 0.0, 0.0, 0.0, 0.0, 0.0, 0.0, 0.0, 0.0, 0.0, 0.0, 0.0, 0.0, 0.0, 0.0, 0.0, 0.0, 0.0, 0.0, 0.0, 0.0, 0.0]"
hMpxV/Chile/VS-ISP-7726/2023|EPI_ISL_19345368|2023-01-27,"[0.0, 0.0, 0.0, 0.0, 1.0, 0.0, 0.0, 0.0, 0.0, 0.0, 0.0, 0.0, 0.0, 0.0, 0.0, 0.0, 0.0, 0.0, 0.0, 0.0, 0.0, 0.0, 0.0, 0.0, 0.0, 0.0, 0.0, 0.0, 0.0, 0.0, 0.0]"
NODE_0000461,"[4.972009778947221e-08, 1.0723393406878909e-07, 2.713916211747194e-07, 8.824468099930063e-08, 0.9999958651281627, 8.634086580441511e-08, 8.492005185532588e-08, 8.533301655039877e-08, 8.801395564242783e-08, 8.624626361384438e-08, 8.25713761632774e-08, 8.57886831499356e-08, 7.724983202960848e-08, 8.53850149221421e-08, 4.9634052463115704e-08, 5.542054442441613e-08, 8.445250927638393e-08, 8.578868314992816e-08, 8.578868314992157e-08, 8.018232358222581e-08, 1.70565902354642e-06, 8.998899641583003e-08, 5.497140705692091e-08, 8.553880881799199e-08, 4.999350888387468e-08, 7.956537195583783e-08, 6.808563745574835e-08, 8.003927734269078e-08, 8.14465759870737e-08, 3.479964093081522e-08, 8.507739912240302e-08]"
hMpxV/Chile/VS-ISP-4661/2023|EPI_ISL_19345366|2023-01-17,"[0.0, 0.0, 0.0, 0.0, 0.9999999999999999, 0.0, 0.0, 0.0, 0.0, 0.0, 0.0, 0.0, 0.0, 0.0, 0.0, 0.0, 0.0, 0.0, 0.0, 0.0, 0.0, 0.0, 0.0, 0.0, 0.0, 0.0, 0.0, 0.0, 0.0, 0.0, 0.0]"
NODE_0000462,"[4.1259687155303405e-10, 9.3612292754518e-10, 2.48925972395243e-09, 7.623362995647411e-10, 0.9999999599941752, 7.448843279891239e-10, 7.319947147271027e-10, 7.377522304852594e-10, 7.609947764352082e-10, 7.44868189951993e-10, 7.138104986008382e-10, 7.412767908733902e-10, 6.643067053341148e-10, 7.346642693185516e-10, 4.156199518123081e-10, 4.5707328546035885e-10, 7.265316501063115e-10, 7.412767908730942e-10, 7.412767908728365e-10, 6.875038039666917e-10, 1.900601789913703e-08, 7.751316904793418e-10, 4.6247181328275555e-10, 7.393123209091351e-10, 4.171621604606791e-10, 6.866158767670883e-10, 5.805674312457189e-10, 6.915264253242043e-10, 7.00740564516706e-10, 2.664286821455475e-10, 7.356994238596272e-10]"
hMpxV/Chile/VS-ISP-189/2022|EPI_ISL_19345361|2022-12-30,"[0.0, 0.0, 0.0, 0.0, 1.0, 0.0, 0.0, 0.0, 0.0, 0.0, 0.0, 0.0, 0.0, 0.0, 0.0, 0.0, 0.0, 0.0, 0.0, 0.0, 0.0, 0.0, 0.0, 0.0, 0.0, 0.0, 0.0, 0.0, 0.0, 0.0, 0.0]"
hMpxV/Chile/VS-ISP-445/2022|EPI_ISL_19345362|2022-12-31,"[0.0, 0.0, 0.0, 0.0, 1.0, 0.0, 0.0, 0.0, 0.0, 0.0, 0.0, 0.0, 0.0, 0.0, 0.0, 0.0, 0.0, 0.0, 0.0, 0.0, 0.0, 0.0, 0.0, 0.0, 0.0, 0.0, 0.0, 0.0, 0.0, 0.0, 0.0]"
NODE_0000422,"[0.0011938543737933954, 0.0016809732284294276, 0.009212218917832962, 0.0009190557322832503, 0.004511107256564798, 0.0011728876328706732, 0.2089940040595035, 0.0008940306939254136, 0.0009189685920700286, 0.00090846452166958, 0.0008695977212727134, 0.0008967508076504078, 0.0008427529930564472, 0.0013378813097225538, 0.0009427874252646593, 0.004851417590436171, 0.0009934525874680962, 0.0008967508076503402, 0.0008967508076503584, 0.0012707422196979211, 0.7409779585007601, 0.0009478503232492955, 0.0013846166925967197, 0.0008952705714972972, 0.0006993593442674728, 0.0008561325500767637, 0.0008058566890745207, 0.0008558458912055685, 0.000879601257094902, 0.006600398013931112, 0.0008926608874332987]"
hMpxV/Egypt/MOH-NRC-0023/2022|EPI_ISL_18879931|2022-12-18,"[0.0, 0.0, 0.0, 0.0, 0.0, 0.0, 1.0, 0.0, 0.0, 0.0, 0.0, 0.0, 0.0, 0.0, 0.0, 0.0, 0.0, 0.0, 0.0, 0.0, 0.0, 0.0, 0.0, 0.0, 0.0, 0.0, 0.0, 0.0, 0.0, 0.0, 0.0]"
NODE_0000423,"[6.496184256153974e-10, 7.202356175920285e-11, 0.9999999641482297, 6.686974790323284e-11, 1.2388360096019307e-09, 6.994582678939773e-11, 1.3717392210053758e-10, 6.69212542374351e-11, 6.698535409814113e-11, 6.81701466285749e-11, 6.66277055949271e-11, 6.705294348095454e-11, 6.118340180754661e-11, 7.238730229941697e-11, 4.45806969407005e-11, 3.560263906226126e-10, 7.325854922010543e-11, 6.705294348091521e-11, 6.705294348092449e-11, 6.508957540456477e-11, 1.684696729738789e-08, 6.36963523232239e-11, 5.759489222057955e-09, 6.695303303853375e-11, 5.684694411813961e-11, 6.688624595466916e-11, 5.203426404309196e-11, 6.783892286758868e-11, 6.167333244983499e-11, 9.36573767554455e-09, 6.679050097082358e-11]"
hMpxV/Brazil/RJ-UG_UFRJ_0544/2024|EPI_ISL_19434489|2024-03-06,"[0.0, 0.0, 1.0, 0.0, 0.0, 0.0, 0.0, 0.0, 0.0, 0.0, 0.0, 0.0, 0.0, 0.0, 0.0, 0.0, 0.0, 0.0, 0.0, 0.0, 0.0, 0.0, 0.0, 0.0, 0.0, 0.0, 0.0, 0.0, 0.0, 0.0, 0.0]"
hMpxV/Brazil/RJ-UG_UFRJ_0548/2024|EPI_ISL_19434492|2024-04-15,"[0.0, 0.0, 0.9999999999999999, 0.0, 0.0, 0.0, 0.0, 0.0, 0.0, 0.0, 0.0, 0.0, 0.0, 0.0, 0.0, 0.0, 0.0, 0.0, 0.0, 0.0, 0.0, 0.0, 0.0, 0.0, 0.0, 0.0, 0.0, 0.0, 0.0, 0.0, 0.0]"
NODE_0000424,"[1.9584141769570457e-10, 2.5457029121143418e-11, 0.9999999941681945, 2.544212448525335e-11, 3.0256504539780095e-10, 2.5504373665633515e-11, 3.287260996039301e-11, 2.538862337400597e-11, 2.5450782477315773e-11, 2.551504937421436e-11, 2.5228771517028384e-11, 2.5436703311177102e-11, 2.338103129278096e-11, 2.5502185357153476e-11, 1.6531807302131492e-11, 8.294846804973938e-11, 2.5140891707327454e-11, 2.5436703311155085e-11, 2.5436703311163945e-11, 2.3762098872892148e-11, 1.9394407054392662e-09, 2.4456423640858482e-11, 1.5165584467096564e-09, 2.5403436980792693e-11, 1.8290133264886017e-11, 2.4756077964627526e-11, 2.0148555321534583e-11, 2.510228103050312e-11, 2.3633693690426454e-11, 1.2058297891807263e-09, 2.534341424514583e-11]"
hMpxV/Brazil/SC-FIOCRUZ-10555/2024|EPI_ISL_19416191|2024-03-01,"[0.0, 0.0, 1.0, 0.0, 0.0, 0.0, 0.0, 0.0, 0.0, 0.0, 0.0, 0.0, 0.0, 0.0, 0.0, 0.0, 0.0, 0.0, 0.0, 0.0, 0.0, 0.0, 0.0, 0.0, 0.0, 0.0, 0.0, 0.0, 0.0, 0.0, 0.0]"
NODE_0000425,"[4.186802932587079e-07, 9.262712374940252e-08, 0.999991651586175, 9.320007013934484e-08, 5.574301885040751e-07, 9.294976815363653e-08, 1.1104147170535445e-07, 9.213665712482235e-08, 9.317148395498127e-08, 9.314309850389218e-08, 9.091727522470262e-08, 9.236946511836817e-08, 8.627497220872071e-08, 9.399593682251704e-08, 6.501798640751828e-08, 2.0936044137694782e-07, 9.429338551938009e-08, 9.236946511834702e-08, 9.236946511835134e-08, 8.846027314172192e-08, 1.6125243362914797e-06, 9.22545225488335e-08, 1.7640639513239983e-06, 9.222939513535993e-08, 7.294687095945594e-08, 8.951143886869214e-08, 7.799324789717417e-08, 9.014945626117384e-08, 8.815807992988257e-08, 1.626794545956561e-06, 9.197915864954435e-08]"
hMpxV/Brazil/RJ-UG_UFRJ_0542/2024|EPI_ISL_19434488|2024-02-08,"[0.0, 0.0, 1.0, 0.0, 0.0, 0.0, 0.0, 0.0, 0.0, 0.0, 0.0, 0.0, 0.0, 0.0, 0.0, 0.0, 0.0, 0.0, 0.0, 0.0, 0.0, 0.0, 0.0, 0.0, 0.0, 0.0, 0.0, 0.0, 0.0, 0.0, 0.0]"
hMpxV/Brazil/RJ-FIOCRUZ-10485/2024|EPI_ISL_19416149|2024-04-07,"[0.0, 0.0, 1.0, 0.0, 0.0, 0.0, 0.0, 0.0, 0.0, 0.0, 0.0, 0.0, 0.0, 0.0, 0.0, 0.0, 0.0, 0.0, 0.0, 0.0, 0.0, 0.0, 0.0, 0.0, 0.0, 0.0, 0.0, 0.0, 0.0, 0.0, 0.0]"
NODE_0000426,"[4.337436512273022e-09, 8.364843434079793e-10, 0.9999999076186812, 8.464221246518575e-10, 6.000983580856353e-09, 8.413794267761147e-10, 1.0323259486510246e-09, 8.394128603561759e-10, 8.461500775491882e-10, 8.40916958364466e-10, 8.303073748761222e-10, 8.411201960466769e-10, 7.822167490886888e-10, 8.316179902454983e-10, 5.712716605386002e-10, 2.04338709308579e-09, 8.178802598941761e-10, 8.41120196046075e-10, 8.411201960462242e-10, 7.924376391029512e-10, 2.1093599044230788e-08, 8.301003105270549e-10, 2.1797876368568147e-08, 8.400564926165803e-10, 5.89144854415221e-10, 8.121693419584911e-10, 6.972758603303543e-10, 8.202276231829582e-10, 7.96732181322869e-10, 1.7652062927231868e-08, 8.380824202046436e-10]"
hMpxV/Brazil/RJ-FIOCRUZ-331/2024|EPI_ISL_19408591|2024-01-12,"[0.0, 0.0, 1.0, 0.0, 0.0, 0.0, 0.0, 0.0, 0.0, 0.0, 0.0, 0.0, 0.0, 0.0, 0.0, 0.0, 0.0, 0.0, 0.0, 0.0, 0.0, 0.0, 0.0, 0.0, 0.0, 0.0, 0.0, 0.0, 0.0, 0.0, 0.0]"
hMpxV/Brazil/RJ-FIOCRUZ-14479/2023|EPI_ISL_19012435|2023-12-18,"[0.0, 0.0, 0.9999999999999999, 0.0, 0.0, 0.0, 0.0, 0.0, 0.0, 0.0, 0.0, 0.0, 0.0, 0.0, 0.0, 0.0, 0.0, 0.0, 0.0, 0.0, 0.0, 0.0, 0.0, 0.0, 0.0, 0.0, 0.0, 0.0, 0.0, 0.0, 0.0]"
NODE_0000427,"[7.323008404892857e-08, 2.414308733025387e-10, 0.9999998663153513, 2.40313990561772e-10, 2.8093714524070727e-09, 2.4153571963027264e-10, 3.1167748912358036e-10, 2.4144655037681713e-10, 2.410722861776772e-10, 2.414202453813214e-10, 2.408535407746428e-10, 2.414728947167792e-10, 2.187948049497592e-10, 2.3974531680880607e-10, 1.9233697935669946e-10, 7.590319777382096e-10, 2.3429677778571224e-10, 2.4147289471670327e-10, 2.414728947167226e-10, 2.210669271766627e-10, 2.2001114248977916e-08, 2.2674370612926425e-10, 1.3517098911204412e-08, 2.413469950845909e-10, 2.113452194827086e-10, 2.3532336776628824e-10, 1.8440656091247065e-10, 2.3969929569500503e-10, 2.205891026196233e-10, 1.573692294935693e-08, 2.411606701126869e-10]"
hMpxV/Brazil/RJ-UG_UFRJ_0545/2024|EPI_ISL_19434490|2024-03-28,"[0.0, 0.0, 1.0, 0.0, 0.0, 0.0, 0.0, 0.0, 0.0, 0.0, 0.0, 0.0, 0.0, 0.0, 0.0, 0.0, 0.0, 0.0, 0.0, 0.0, 0.0, 0.0, 0.0, 0.0, 0.0, 0.0, 0.0, 0.0, 0.0, 0.0, 0.0]"
hMpxV/Brazil/SP-IAL-357523319/2024|EPI_ISL_19359683|2024-02-26,"[0.0, 0.0, 1.0, 0.0, 0.0, 0.0, 0.0, 0.0, 0.0, 0.0, 0.0, 0.0, 0.0, 0.0, 0.0, 0.0, 0.0, 0.0, 0.0, 0.0, 0.0, 0.0, 0.0, 0.0, 0.0, 0.0, 0.0, 0.0, 0.0, 0.0, 0.0]"
hMpxV/Brazil/RJ-FIOCRUZ-09214/2024|EPI_ISL_19416144|2024-03-25,"[0.0, 0.0, 1.0, 0.0, 0.0, 0.0, 0.0, 0.0, 0.0, 0.0, 0.0, 0.0, 0.0, 0.0, 0.0, 0.0, 0.0, 0.0, 0.0, 0.0, 0.0, 0.0, 0.0, 0.0, 0.0, 0.0, 0.0, 0.0, 0.0, 0.0, 0.0]"
NODE_0000428,"[0.999987655799184, 8.577256492576757e-08, 9.152800479752128e-06, 8.706575913349276e-08, 1.3144982039005815e-07, 8.635967135501796e-08, 8.996239369247805e-08, 8.58181422803228e-08, 8.70747563151802e-08, 8.646825178630488e-08, 8.439069948718926e-08, 8.602847915169404e-08, 7.934361614199086e-08, 8.627094264270355e-08, 1.2488903711914022e-07, 8.416887503804176e-08, 8.575665480675693e-08, 8.602847915167799e-08, 8.60284791516861e-08, 8.116490858052952e-08, 1.8136989779313218e-07, 8.628847786220951e-08, 1.5196432705853105e-07, 8.589944887333399e-08, 1.3272297704186986e-07, 8.246120944265451e-08, 7.071756853323597e-08, 8.315816471051095e-08, 8.157339742170677e-08, 5.255335524939397e-07, 8.566978351631717e-08]"
hMpxV/Australia/VIC-VIDRL-1795/2024|EPI_ISL_19459732|2024-05-22,"[0.9999999999999999, 0.0, 0.0, 0.0, 0.0, 0.0, 0.0, 0.0, 0.0, 0.0, 0.0, 0.0, 0.0, 0.0, 0.0, 0.0, 0.0, 0.0, 0.0, 0.0, 0.0, 0.0, 0.0, 0.0, 0.0, 0.0, 0.0, 0.0, 0.0, 0.0, 0.0]"
hMpxV/Australia/VIC-VIDRL-40804/2024|EPI_ISL_19459740|2024-05-30,"[1.0, 0.0, 0.0, 0.0, 0.0, 0.0, 0.0, 0.0, 0.0, 0.0, 0.0, 0.0, 0.0, 0.0, 0.0, 0.0, 0.0, 0.0, 0.0, 0.0, 0.0, 0.0, 0.0, 0.0, 0.0, 0.0, 0.0, 0.0, 0.0, 0.0, 0.0]"
NODE_0000429,"[1.1769752595976176e-06, 1.3313931802713939e-07, 0.9991451181345948, 1.317722005527596e-07, 8.508102364324813e-07, 1.3298944960102667e-07, 1.5864958989798177e-07, 1.3210716560592933e-07, 1.3197514985239276e-07, 1.3267532051398728e-07, 1.317685999729552e-07, 1.3222284081340892e-07, 1.225549620639674e-07, 1.336157996583903e-07, 1.3052505551009756e-07, 7.030545277252386e-07, 2.592090132995691e-07, 1.3222284081340133e-07, 1.3222284081340215e-07, 1.2435322378708836e-07, 2.07325601781141e-05, 1.2664728135472485e-07, 4.25006258346654e-06, 1.3211594420013665e-07, 1.4503114624226336e-07, 1.900596111065985e-07, 1.0651253623160993e-07, 1.8863887874622992e-07, 1.2310647120678576e-07, 0.0008237723513259034, 1.3193605390515908e-07]"
NODE_0000430,"[4.8100449057780865e-09, 9.596056143900841e-10, 0.999999880093183, 9.687236010700765e-10, 6.482866262342834e-09, 9.64259980640726e-10, 1.1722621275644474e-09, 9.599822657575253e-10, 9.684969876096608e-10, 9.641436057628993e-10, 9.490029160239772e-10, 9.620116930575767e-10, 8.959699914545617e-10, 9.595063540224346e-10, 6.673215888674493e-10, 2.3338120713416896e-09, 9.680511853627023e-10, 9.62011693055629e-10, 9.62011693056174e-10, 9.109309074455908e-10, 2.3074820053469003e-08, 9.525597098303852e-10, 2.2655369097329623e-08, 9.607544654899026e-10, 7.043555390685498e-10, 9.39629600464445e-10, 8.02157324397303e-10, 9.475838041614819e-10, 9.132815626249078e-10, 3.8176836270943e-08, 9.584544331502855e-10]"
hMpxV/Brazil/RJ-FIOCRUZ-10504/2024|EPI_ISL_19416157|2024-05-15,"[0.0, 0.0, 1.0, 0.0, 0.0, 0.0, 0.0, 0.0, 0.0, 0.0, 0.0, 0.0, 0.0, 0.0, 0.0, 0.0, 0.0, 0.0, 0.0, 0.0, 0.0, 0.0, 0.0, 0.0, 0.0, 0.0, 0.0, 0.0, 0.0, 0.0, 0.0]"
hMpxV/Brazil/RJ-FIOCRUZ-10507/2024|EPI_ISL_19416159|2024-05-22,"[0.0, 0.0, 1.0, 0.0, 0.0, 0.0, 0.0, 0.0, 0.0, 0.0, 0.0, 0.0, 0.0, 0.0, 0.0, 0.0, 0.0, 0.0, 0.0, 0.0, 0.0, 0.0, 0.0, 0.0, 0.0, 0.0, 0.0, 0.0, 0.0, 0.0, 0.0]"
NODE_0000432,"[2.798993853895316e-09, 4.767900529846751e-10, 0.9999995132450844, 4.799938647961227e-10, 3.3615894593539494e-09, 4.784679169686081e-10, 5.833544967725848e-10, 4.769417982034005e-10, 4.79977702668351e-10, 4.775914719451118e-10, 4.724986300214352e-10, 4.777949688965227e-10, 4.442614128823344e-10, 4.734191534985087e-10, 3.5446760416343905e-10, 1.4212857832328799e-09, 5.533993828378573e-10, 4.777949688955584e-10, 4.777949688958256e-10, 4.50188420585868e-10, 2.997210437605125e-08, 4.692219972236026e-10, 1.3549881682901117e-08, 4.772424989090331e-10, 3.66354677898249e-10, 5.055296509777312e-10, 3.9461841472874333e-10, 5.081433145047044e-10, 4.5141463016811484e-10, 4.2436757686911587e-07, 4.762214005406941e-10]"
hMpxV/Brazil/RJ-FIOCRUZ-3526/2024|EPI_ISL_19205399|2024-04-03,"[0.0, 0.0, 0.9999999999999999, 0.0, 0.0, 0.0, 0.0, 0.0, 0.0, 0.0, 0.0, 0.0, 0.0, 0.0, 0.0, 0.0, 0.0, 0.0, 0.0, 0.0, 0.0, 0.0, 0.0, 0.0, 0.0, 0.0, 0.0, 0.0, 0.0, 0.0, 0.0]"
hMpxV/Brazil/RJ-FIOCRUZ-3528/2024|EPI_ISL_19205401|2024-04-24,"[0.0, 0.0, 1.0, 0.0, 0.0, 0.0, 0.0, 0.0, 0.0, 0.0, 0.0, 0.0, 0.0, 0.0, 0.0, 0.0, 0.0, 0.0, 0.0, 0.0, 0.0, 0.0, 0.0, 0.0, 0.0, 0.0, 0.0, 0.0, 0.0, 0.0, 0.0]"
NODE_0000431,"[9.151109313060292e-08, 6.934943644928083e-09, 6.670780515117221e-05, 6.720997862525344e-09, 1.9301309158736255e-08, 6.892035877010748e-09, 7.431674937711838e-09, 6.825500685774278e-09, 6.762160155818991e-09, 6.754435111194688e-09, 6.870845436879411e-09, 6.8039855180833895e-09, 6.3935018308280165e-09, 6.794610071917959e-09, 1.291830917776652e-08, 9.562122962836123e-08, 4.000625862356205e-08, 6.8039855180875296e-09, 6.803985518085801e-09, 6.3840518276477785e-09, 6.965974824880039e-06, 6.411435562024623e-09, 1.0806978644838449e-07, 6.81210567567747e-09, 1.2765376937169816e-08, 1.886206314376691e-08, 5.623816176205679e-09, 1.8095261602992357e-08, 6.334072248968667e-09, 0.9999257818820446, 6.829147864414989e-09]"
hMpxV/USA/CA-LACPHL-MA00622/2024|EPI_ISL_19139151|2024-04-11,"[0.0, 0.0, 0.0, 0.0, 0.0, 0.0, 0.0, 0.0, 0.0, 0.0, 0.0, 0.0, 0.0, 0.0, 0.0, 0.0, 0.0, 0.0, 0.0, 0.0, 0.0, 0.0, 0.0, 0.0, 0.0, 0.0, 0.0, 0.0, 0.0, 1.0, 0.0]"
hMpxV/USA/CA-LACPHL-MA00626/2024|EPI_ISL_19196359|2024-05-17,"[0.0, 0.0, 0.0, 0.0, 0.0, 0.0, 0.0, 0.0, 0.0, 0.0, 0.0, 0.0, 0.0, 0.0, 0.0, 0.0, 0.0, 0.0, 0.0, 0.0, 0.0, 0.0, 0.0, 0.0, 0.0, 0.0, 0.0, 0.0, 0.0, 0.9999999999999999, 0.0]"
hMpxV/USA/CA-LACPHL-MA00650/2024|EPI_ISL_19319388|2024-07-10,"[0.0, 0.0, 0.0, 0.0, 0.0, 0.0, 0.0, 0.0, 0.0, 0.0, 0.0, 0.0, 0.0, 0.0, 0.0, 0.0, 0.0, 0.0, 0.0, 0.0, 0.0, 0.0, 0.0, 0.0, 0.0, 0.0, 0.0, 0.0, 0.0, 1.0, 0.0]"
NODE_0000435,"[0.00020246049168806763, 0.0003856872189403697, 0.0013236468141571112, 0.00021077191737916222, 0.0008777578065105665, 0.0002685311416102074, 0.0003005770820809078, 0.0002086621021357779, 0.0002206681144551897, 0.000294974683571995, 0.00020145835924851183, 0.00020625616429911239, 0.00019383176699720156, 0.000679862657720636, 0.0001980158476186822, 0.0009546063204840351, 0.0005816485665667222, 0.00020625616429904598, 0.00020625616429906007, 0.7010056977905839, 0.24341163895109125, 0.00021389828722309567, 0.04428777346826155, 0.00020744117410147892, 0.0008489589838743803, 0.00019510507984498435, 0.0001787926948449673, 0.00019674081108838031, 0.0001983037051783156, 0.0013239228025795984, 0.00020979686726618502]"
NODE_0000447,"[1.6330522808120195e-07, 2.7919408977261804e-07, 2.1035632185115044e-06, 2.44234692841663e-07, 3.7210649091737145e-07, 2.5461007899583413e-07, 2.5882838380426806e-07, 2.39907305850629e-07, 2.6154313898947525e-07, 5.247016223617868e-07, 2.324282792515157e-07, 2.3881635439324333e-07, 2.2030270353279618e-07, 1.5345537661602492e-06, 1.627163364517739e-07, 3.531510414058215e-07, 2.039326559829733e-06, 2.3881635439370343e-07, 2.3881635439361036e-07, 3.432877304115766e-05, 1.1948888623985849e-05, 2.4711084891151915e-07, 0.9999336507606735, 2.393197279995468e-07, 7.60819709671889e-06, 2.2468190254648558e-07, 1.9773553200836732e-07, 2.2659990010939487e-07, 2.2770648198951992e-07, 8.989420228998377e-07, 2.40362148436113e-07]"
hMpxV/Portugal/INSA-PT0615/2022|EPI_ISL_18544967|2022-12-26,"[0.0, 0.0, 0.0, 0.0, 0.0, 0.0, 0.0, 0.0, 0.0, 0.0, 0.0, 0.0, 0.0, 0.0, 0.0, 0.0, 0.0, 0.0, 0.0, 0.0, 0.0, 0.0, 1.0, 0.0, 0.0, 0.0, 0.0, 0.0, 0.0, 0.0, 0.0]"
hMpxV/Portugal/INSA-PT0618/2023|EPI_ISL_18544281|2023-01-12,"[0.0, 0.0, 0.0, 0.0, 0.0, 0.0, 0.0, 0.0, 0.0, 0.0, 0.0, 0.0, 0.0, 0.0, 0.0, 0.0, 0.0, 0.0, 0.0, 0.0, 0.0, 0.0, 0.9999999999999999, 0.0, 0.0, 0.0, 0.0, 0.0, 0.0, 0.0, 0.0]"
NODE_0000436,"[5.143346794934445e-13, 2.039564463180008e-12, 1.9908425989353353e-12, 1.1644977296011306e-12, 4.091011697800056e-12, 1.4527694627490173e-12, 1.622990749076666e-12, 1.1485191818632875e-12, 1.2002544340845432e-12, 1.4761987439095455e-12, 1.1088110878006703e-12, 1.1439066590434657e-12, 9.615245753756221e-13, 2.926424185019948e-12, 6.373869527748561e-13, 3.4964758308740128e-12, 2.3548017232021147e-12, 1.143906659042562e-12, 1.1439066590429685e-12, 0.9999999980174641, 1.63480014364924e-09, 1.1130327758638602e-12, 3.059401041311861e-10, 1.1455974858209086e-12, 1.9676932913414465e-12, 1.0400731459927137e-12, 7.241844369690275e-13, 1.0693570686212413e-12, 9.93958110744721e-13, 9.74544980384685e-13, 1.1491170849377107e-12]"
hMpxV/Paraguay/601896/2023|EPI_ISL_17988355|2023-02-15,"[0.0, 0.0, 0.0, 0.0, 0.0, 0.0, 0.0, 0.0, 0.0, 0.0, 0.0, 0.0, 0.0, 0.0, 0.0, 0.0, 0.0, 0.0, 0.0, 1.0, 0.0, 0.0, 0.0, 0.0, 0.0, 0.0, 0.0, 0.0, 0.0, 0.0, 0.0]"
hMpxV/Paraguay/742315/2022|EPI_ISL_17988367|2022-11-26,"[0.0, 0.0, 0.0, 0.0, 0.0, 0.0, 0.0, 0.0, 0.0, 0.0, 0.0, 0.0, 0.0, 0.0, 0.0, 0.0, 0.0, 0.0, 0.0, 1.0, 0.0, 0.0, 0.0, 0.0, 0.0, 0.0, 0.0, 0.0, 0.0, 0.0, 0.0]"
NODE_0000446,"[2.2537878809855133e-07, 4.0174441652187725e-07, 1.6687751809432233e-07, 4.182309802562466e-07, 3.413254525460768e-07, 4.079210463733199e-07, 4.002939737595002e-07, 4.040115648936978e-07, 4.169282206513803e-07, 4.0890373592538557e-07, 3.906097168225166e-07, 4.064014355764063e-07, 3.6363669134287746e-07, 4.0389363830898784e-07, 2.2829178175171171e-07, 2.4703426668414054e-07, 3.995720751080485e-07, 4.064014355763903e-07, 4.064014355763985e-07, 0.9999893165339857, 2.3046860359270155e-07, 4.2571188251410365e-07, 5.82814911898258e-07, 4.05092464491774e-07, 2.34317735580811e-07, 3.755333313133705e-07, 3.171573104943488e-07, 3.7805680325829987e-07, 3.83805973601887e-07, 1.0398161003473575e-07, 4.0266721388208634e-07]"
hMpxV/Paraguay/595736/2023|EPI_ISL_17988354|2023-02-07,"[0.0, 0.0, 0.0, 0.0, 0.0, 0.0, 0.0, 0.0, 0.0, 0.0, 0.0, 0.0, 0.0, 0.0, 0.0, 0.0, 0.0, 0.0, 0.0, 0.9999999999999999, 0.0, 0.0, 0.0, 0.0, 0.0, 0.0, 0.0, 0.0, 0.0, 0.0, 0.0]"
hMpxV/Paraguay/585623/2023|EPI_ISL_17988349|2023-01-23,"[0.0, 0.0, 0.0, 0.0, 0.0, 0.0, 0.0, 0.0, 0.0, 0.0, 0.0, 0.0, 0.0, 0.0, 0.0, 0.0, 0.0, 0.0, 0.0, 1.0, 0.0, 0.0, 0.0, 0.0, 0.0, 0.0, 0.0, 0.0, 0.0, 0.0, 0.0]"
NODE_0000444,"[4.790509733470139e-10, 1.0501711195255734e-09, 3.331079643330459e-10, 1.0962155577822418e-09, 8.679260294592651e-10, 1.0678075162944329e-09, 1.0495189267968141e-09, 1.0594831103431937e-09, 1.0921716181274566e-09, 1.0699039709272621e-09, 1.0238479551054684e-09, 1.0666779673445053e-09, 9.26827025136822e-10, 1.0463134034406608e-09, 5.189530832399897e-10, 5.885435509832533e-10, 1.01881976790184e-09, 1.0666779673442423e-09, 1.066677967344385e-09, 0.9999999723597663, 7.163939577562188e-10, 1.096619408212279e-09, 1.821358771738111e-09, 1.0626529987424538e-09, 5.261897474795956e-10, 9.75218789840952e-10, 7.641903961403366e-10, 9.874771875343405e-10, 9.791399572074416e-10, 1.6714513845509268e-10, 1.0551516460188626e-09]"
hMpxV/Paraguay/593520/2023|EPI_ISL_17988352|2023-02-02,"[0.0, 0.0, 0.0, 0.0, 0.0, 0.0, 0.0, 0.0, 0.0, 0.0, 0.0, 0.0, 0.0, 0.0, 0.0, 0.0, 0.0, 0.0, 0.0, 1.0, 0.0, 0.0, 0.0, 0.0, 0.0, 0.0, 0.0, 0.0, 0.0, 0.0, 0.0]"
hMpxV/Paraguay/607376/2023|EPI_ISL_17988357|2023-02-18,"[0.0, 0.0, 0.0, 0.0, 0.0, 0.0, 0.0, 0.0, 0.0, 0.0, 0.0, 0.0, 0.0, 0.0, 0.0, 0.0, 0.0, 0.0, 0.0, 1.0, 0.0, 0.0, 0.0, 0.0, 0.0, 0.0, 0.0, 0.0, 0.0, 0.0, 0.0]"
NODE_0000445,"[1.0839854604709389e-08, 1.9760457672482985e-08, 7.926237175078895e-09, 2.058370737737932e-08, 1.6730033848207056e-08, 2.007543483905862e-08, 1.9699933786338166e-08, 1.9894945002844386e-08, 2.0531960385265924e-08, 2.0112394737240998e-08, 1.9233964949805778e-08, 2.0004331052997966e-08, 1.7841708154064065e-08, 1.982509330558101e-08, 1.1016046976890831e-08, 1.2008537341075275e-08, 1.958490389557414e-08, 2.0004331052992904e-08, 2.0004331052994267e-08, 0.9999994748251645, 1.1855959191979348e-08, 2.0910818150460414e-08, 2.9576320273839617e-08, 1.9943807753037553e-08, 1.1197984892596766e-08, 1.8471506275371072e-08, 1.5475098089847256e-08, 1.8610459682394273e-08, 1.8838424689118338e-08, 4.784289889207949e-09, 1.983195931164264e-08]"
hMpxV/Paraguay/595642/2023|EPI_ISL_17988353|2023-02-07,"[0.0, 0.0, 0.0, 0.0, 0.0, 0.0, 0.0, 0.0, 0.0, 0.0, 0.0, 0.0, 0.0, 0.0, 0.0, 0.0, 0.0, 0.0, 0.0, 1.0, 0.0, 0.0, 0.0, 0.0, 0.0, 0.0, 0.0, 0.0, 0.0, 0.0, 0.0]"
hMpxV/Paraguay/747046/2023|EPI_ISL_17988377|2023-01-02,"[0.0, 0.0, 0.0, 0.0, 0.0, 0.0, 0.0, 0.0, 0.0, 0.0, 0.0, 0.0, 0.0, 0.0, 0.0, 0.0, 0.0, 0.0, 0.0, 1.0, 0.0, 0.0, 0.0, 0.0, 0.0, 0.0, 0.0, 0.0, 0.0, 0.0, 0.0]"
NODE_0000437,"[6.5760336792468344e-12, 1.514242830315598e-11, 4.4429070905092795e-12, 1.582759381469771e-11, 1.2420771825232833e-11, 1.541671758038843e-11, 1.5151717263709406e-11, 1.5317495525227423e-11, 1.5792222702599982e-11, 1.5425778321476602e-11, 1.4800901924112196e-11, 1.540574857419001e-11, 1.3292417392113745e-11, 1.5015551292183338e-11, 7.170049477962903e-12, 8.270570566443225e-12, 1.4577664769368183e-11, 1.5405748574180194e-11, 1.5405748574183977e-11, 0.9999999996007221, 1.1465833570270963e-11, 1.576618481728106e-11, 2.8174479112275666e-11, 1.535512786225341e-11, 7.108224956146736e-12, 1.4064985163918874e-11, 1.0828841955660786e-11, 1.4266972029503676e-11, 1.405569663133466e-11, 2.0727116429053657e-12, 1.5261115189874574e-11]"
NODE_0000442,"[1.0142866711121677e-08, 1.8472607961654104e-08, 7.41918615686172e-09, 1.9241811466350805e-08, 1.5642137280944225e-08, 1.8766790682441394e-08, 1.8415667645125843e-08, 1.859774422450605e-08, 1.919327332619659e-08, 1.8801525704732953e-08, 1.7979926654404323e-08, 1.8700072330460235e-08, 1.6680928123403104e-08, 1.8534232999638883e-08, 1.0305576625402811e-08, 1.1231445492834882e-08, 1.8311118626902397e-08, 1.8700072330454177e-08, 1.8700072330456896e-08, 0.9999995090371319, 1.106826411837861e-08, 1.9549365065301243e-08, 2.761543470157258e-08, 1.8643471153310113e-08, 1.047811089187982e-08, 1.726805318017067e-08, 1.4472007881171433e-08, 1.7397390012946795e-08, 1.761267220673035e-08, 4.482181579516924e-09, 1.853886079182323e-08]"
hMpxV/Paraguay/591628/2023|EPI_ISL_17988351|2023-01-31,"[0.0, 0.0, 0.0, 0.0, 0.0, 0.0, 0.0, 0.0, 0.0, 0.0, 0.0, 0.0, 0.0, 0.0, 0.0, 0.0, 0.0, 0.0, 0.0, 1.0, 0.0, 0.0, 0.0, 0.0, 0.0, 0.0, 0.0, 0.0, 0.0, 0.0, 0.0]"
hMpxV/Paraguay/745948/2022|EPI_ISL_17988370|2022-12-21,"[0.0, 0.0, 0.0, 0.0, 0.0, 0.0, 0.0, 0.0, 0.0, 0.0, 0.0, 0.0, 0.0, 0.0, 0.0, 0.0, 0.0, 0.0, 0.0, 1.0, 0.0, 0.0, 0.0, 0.0, 0.0, 0.0, 0.0, 0.0, 0.0, 0.0, 0.0]"
NODE_0000443,"[1.2138964646821742e-11, 2.6674903875548296e-11, 8.392857428586156e-12, 2.7852266705420446e-11, 2.2029881826659143e-11, 2.7131859807111122e-11, 2.666369453225946e-11, 2.6929713760421373e-11, 2.7764115001812547e-11, 2.7174398505456685e-11, 2.6023404281745195e-11, 2.7101890799065788e-11, 2.3543591325802522e-11, 2.6552253175199758e-11, 1.312285743167422e-11, 1.4913840052504433e-11, 2.585603151051258e-11, 2.7101890799022626e-11, 2.7101890799034103e-11, 0.9999999992974364, 1.856430139059339e-11, 2.7857504478968644e-11, 4.669494079672379e-11, 2.700492375502854e-11, 1.3212450085772676e-11, 2.4783743949522266e-11, 1.9411620851065238e-11, 2.5099495109942577e-11, 2.487727883675934e-11, 4.1624075587040666e-12, 2.682470099080405e-11]"
hMpxV/Paraguay/635677/2023|EPI_ISL_17988361|2023-03-27,"[0.0, 0.0, 0.0, 0.0, 0.0, 0.0, 0.0, 0.0, 0.0, 0.0, 0.0, 0.0, 0.0, 0.0, 0.0, 0.0, 0.0, 0.0, 0.0, 1.0, 0.0, 0.0, 0.0, 0.0, 0.0, 0.0, 0.0, 0.0, 0.0, 0.0, 0.0]"
hMpxV/Paraguay/746338/2022|EPI_ISL_17988372|2022-12-26,"[0.0, 0.0, 0.0, 0.0, 0.0, 0.0, 0.0, 0.0, 0.0, 0.0, 0.0, 0.0, 0.0, 0.0, 0.0, 0.0, 0.0, 0.0, 0.0, 1.0, 0.0, 0.0, 0.0, 0.0, 0.0, 0.0, 0.0, 0.0, 0.0, 0.0, 0.0]"
hMpxV/Paraguay/747004/2023|EPI_ISL_17988374|2023-01-02,"[0.0, 0.0, 0.0, 0.0, 0.0, 0.0, 0.0, 0.0, 0.0, 0.0, 0.0, 0.0, 0.0, 0.0, 0.0, 0.0, 0.0, 0.0, 0.0, 1.0, 0.0, 0.0, 0.0, 0.0, 0.0, 0.0, 0.0, 0.0, 0.0, 0.0, 0.0]"
NODE_0000438,"[1.9837244154772616e-11, 4.313380460532247e-11, 1.380323650480279e-11, 4.502432315441854e-11, 3.568025289001129e-11, 4.3860013769751975e-11, 4.310404842005055e-11, 4.351998800323432e-11, 4.486689459881693e-11, 4.394242748314453e-11, 4.205615256666917e-11, 4.38085310034654e-11, 3.811362869495165e-11, 4.2980334973183175e-11, 2.1417354011964288e-11, 2.424998179489524e-11, 4.18793369517562e-11, 4.3808531003428044e-11, 4.380853100343706e-11, 0.9999999988642989, 2.933690166268738e-11, 4.507365642974323e-11, 7.436360303003196e-11, 4.364686070177584e-11, 2.167286228661488e-11, 4.007274403127694e-11, 3.1504986702557747e-11, 4.0567799882685444e-11, 4.0264283786164024e-11, 6.9567657982425135e-12, 4.334614673930015e-11]"
hMpxV/Paraguay/617799/2023|EPI_ISL_17988359|2023-03-03,"[0.0, 0.0, 0.0, 0.0, 0.0, 0.0, 0.0, 0.0, 0.0, 0.0, 0.0, 0.0, 0.0, 0.0, 0.0, 0.0, 0.0, 0.0, 0.0, 1.0, 0.0, 0.0, 0.0, 0.0, 0.0, 0.0, 0.0, 0.0, 0.0, 0.0, 0.0]"
NODE_0000439,"[5.404233702955752e-08, 9.659780470065329e-08, 3.9936714900530453e-08, 1.0057165529484839e-07, 8.203056342502478e-08, 9.809210959692909e-08, 9.625687933926258e-08, 9.716192338814371e-08, 1.002700278141739e-07, 9.831891929816947e-08, 9.393785844162553e-08, 9.77286554333818e-08, 8.74114693065812e-08, 9.708361562509252e-08, 5.475112613088729e-08, 5.930418645375361e-08, 9.602885224651466e-08, 9.772865543336562e-08, 9.772865543337109e-08, 0.9999974313484506, 5.578690179150745e-08, 1.023460093587355e-07, 1.407416183943626e-07, 9.741771352282742e-08, 5.609539819520549e-08, 9.029943958074492e-08, 7.619116227981289e-08, 9.091579104253985e-08, 9.226481214357843e-08, 2.4768644571469698e-08, 9.684204926498972e-08]"
hMpxV/Paraguay/590800/2023|EPI_ISL_17988350|2023-01-29,"[0.0, 0.0, 0.0, 0.0, 0.0, 0.0, 0.0, 0.0, 0.0, 0.0, 0.0, 0.0, 0.0, 0.0, 0.0, 0.0, 0.0, 0.0, 0.0, 1.0, 0.0, 0.0, 0.0, 0.0, 0.0, 0.0, 0.0, 0.0, 0.0, 0.0, 0.0]"
hMpxV/Paraguay/613691/2023|EPI_ISL_17988358|2023-02-28,"[0.0, 0.0, 0.0, 0.0, 0.0, 0.0, 0.0, 0.0, 0.0, 0.0, 0.0, 0.0, 0.0, 0.0, 0.0, 0.0, 0.0, 0.0, 0.0, 1.0, 0.0, 0.0, 0.0, 0.0, 0.0, 0.0, 0.0, 0.0, 0.0, 0.0, 0.0]"
NODE_0000440,"[8.183717176277989e-10, 1.5204502590881738e-09, 5.920792871588209e-10, 1.5845843593965487e-09, 1.283548396144845e-09, 1.545410881814345e-09, 1.516492166169211e-09, 1.5322825255951403e-09, 1.58140608369862e-09, 1.5475046766167281e-09, 1.481316392376177e-09, 1.540164061316057e-09, 1.3699362490100854e-09, 1.5227651613167992e-09, 8.340130560624287e-10, 9.149165242998188e-10, 1.5025343487377868e-09, 1.5401640613149391e-09, 1.5401640613154274e-09, 0.9999999596047956, 9.476343434240137e-10, 1.6071175531789423e-09, 2.3363109932025905e-09, 1.5357611792601795e-09, 8.409734931118361e-10, 1.4213079002463204e-09, 1.182653111548089e-09, 1.4329614561479953e-09, 1.4469443927637695e-09, 3.477941065039733e-10, 1.5276417712310213e-09]"
hMpxV/Paraguay/744881/2022|EPI_ISL_17988369|2022-12-12,"[0.0, 0.0, 0.0, 0.0, 0.0, 0.0, 0.0, 0.0, 0.0, 0.0, 0.0, 0.0, 0.0, 0.0, 0.0, 0.0, 0.0, 0.0, 0.0, 1.0, 0.0, 0.0, 0.0, 0.0, 0.0, 0.0, 0.0, 0.0, 0.0, 0.0, 0.0]"
NODE_0000441,"[5.768623630492004e-10, 1.0691439124181202e-09, 4.179350030591464e-10, 1.114166399118598e-09, 9.029089547260022e-10, 1.0866274342909483e-09, 1.0662956310101655e-09, 1.077323444924809e-09, 1.1118546409613837e-09, 1.0881691281173312e-09, 1.0414965564407605e-09, 1.0829166055581084e-09, 9.635627963930159e-10, 1.0710188763705489e-09, 5.876899744731272e-10, 6.441804780667813e-10, 1.0569539667352094e-09, 1.0829166055563864e-09, 1.0829166055568477e-09, 0.9999999715941366, 6.630471514606674e-10, 1.1302512273697877e-09, 1.6371988879825531e-09, 1.0797964288900557e-09, 5.93252585763704e-10, 9.994242035581595e-10, 8.323318820486984e-10, 1.007530685900537e-09, 1.0176852663180924e-09, 2.463655808426925e-10, 1.0740401994142281e-09]"
hMpxV/Paraguay/747006/2023|EPI_ISL_17988376|2023-01-02,"[0.0, 0.0, 0.0, 0.0, 0.0, 0.0, 0.0, 0.0, 0.0, 0.0, 0.0, 0.0, 0.0, 0.0, 0.0, 0.0, 0.0, 0.0, 0.0, 1.0, 0.0, 0.0, 0.0, 0.0, 0.0, 0.0, 0.0, 0.0, 0.0, 0.0, 0.0]"
hMpxV/Paraguay/747536/2023|EPI_ISL_17988378|2023-01-09,"[0.0, 0.0, 0.0, 0.0, 0.0, 0.0, 0.0, 0.0, 0.0, 0.0, 0.0, 0.0, 0.0, 0.0, 0.0, 0.0, 0.0, 0.0, 0.0, 1.0, 0.0, 0.0, 0.0, 0.0, 0.0, 0.0, 0.0, 0.0, 0.0, 0.0, 0.0]"
NODE_0000335,"[2.7722463855136545e-13, 6.739259296821669e-14, 1.109208999545168e-09, 3.3711946383629065e-14, 4.603388924505742e-13, 2.2302238636711135e-11, 5.678892445029963e-14, 3.4915855282124206e-14, 3.3904111887340935e-14, 3.3878228168827524e-14, 3.5597154477442805e-14, 3.4848392600173174e-14, 2.92232653196786e-14, 4.799821932600056e-14, 5.6107864024211043e-14, 0.9997420496042599, 1.8951825958544647e-13, 3.484839260011897e-14, 3.4848392600168927e-14, 4.22110237331183e-14, 0.0002490844405801285, 2.893493494796456e-14, 6.063092229729345e-13, 3.484914051674404e-14, 3.392970340719787e-14, 9.542056434992881e-14, 2.0262356137559336e-14, 9.426088006010548e-14, 2.8450005056679555e-14, 8.864821168190532e-06, 3.485462567934604e-14]"
hMpxV/USA/CA-LACPHL-MA00405/2023|EPI_ISL_16997468|2023-01-10,"[0.0, 0.0, 0.0, 0.0, 0.0, 0.0, 0.0, 0.0, 0.0, 0.0, 0.0, 0.0, 0.0, 0.0, 0.0, 0.0, 0.0, 0.0, 0.0, 0.0, 0.0, 0.0, 0.0, 0.0, 0.0, 0.0, 0.0, 0.0, 0.0, 1.0, 0.0]"
hMpxV/Mexico/YUC_InDRE_F5465/2022|EPI_ISL_17703578|2022-11-22,"[0.0, 0.0, 0.0, 0.0, 0.0, 0.0, 0.0, 0.0, 0.0, 0.0, 0.0, 0.0, 0.0, 0.0, 0.0, 1.0, 0.0, 0.0, 0.0, 0.0, 0.0, 0.0, 0.0, 0.0, 0.0, 0.0, 0.0, 0.0, 0.0, 0.0, 0.0]"
hMpxV/Dominican_Republic/LNSPDD-6/2023|EPI_ISL_17960864|2023-01-19,"[0.0, 0.0, 0.0, 0.0, 0.0, 1.0, 0.0, 0.0, 0.0, 0.0, 0.0, 0.0, 0.0, 0.0, 0.0, 0.0, 0.0, 0.0, 0.0, 0.0, 0.0, 0.0, 0.0, 0.0, 0.0, 0.0, 0.0, 0.0, 0.0, 0.0, 0.0]"
NODE_0000342,"[1.1466262926057628e-07, 1.7618243510319958e-07, 2.7593783754010903e-07, 1.789439350685941e-07, 1.6400311016641767e-07, 8.79582294757324e-07, 1.7466736941781115e-07, 1.7425151653068402e-07, 1.7852023845168376e-07, 1.7576164799313904e-07, 1.6977821111955904e-07, 1.7503095202025564e-07, 1.6107756922694943e-07, 1.7536216458149992e-07, 1.1374323694975604e-07, 0.9999827945632457, 1.7406461728554193e-07, 1.7503095202024106e-07, 1.7503095202025365e-07, 1.6691902040996062e-07, 1.1015038287528942e-05, 1.8163843982572274e-07, 1.2380990821016818e-07, 1.7460331435767927e-07, 1.1410291862167053e-07, 1.6537481214047432e-07, 1.4572778298700988e-07, 1.6611103256011682e-07, 1.6798857374733312e-07, 7.986735758655522e-07, 1.7381741825752044e-07]"
hMpxV/Mexico/NLE_InDRE_F250/2023|EPI_ISL_17703595|2023-02-03,"[0.0, 0.0, 0.0, 0.0, 0.0, 0.0, 0.0, 0.0, 0.0, 0.0, 0.0, 0.0, 0.0, 0.0, 0.0, 1.0, 0.0, 0.0, 0.0, 0.0, 0.0, 0.0, 0.0, 0.0, 0.0, 0.0, 0.0, 0.0, 0.0, 0.0, 0.0]"
hMpxV/Mexico/NLE_InDRE_F251/2023|EPI_ISL_17703596|2023-02-01,"[0.0, 0.0, 0.0, 0.0, 0.0, 0.0, 0.0, 0.0, 0.0, 0.0, 0.0, 0.0, 0.0, 0.0, 0.0, 1.0, 0.0, 0.0, 0.0, 0.0, 0.0, 0.0, 0.0, 0.0, 0.0, 0.0, 0.0, 0.0, 0.0, 0.0, 0.0]"
NODE_0000346,"[8.502361203008264e-09, 2.056994605352277e-09, 2.7589250487135272e-08, 2.068492641918902e-09, 2.4768530090024956e-09, 3.5698144187650338e-09, 2.069221645409883e-09, 2.064997939873633e-09, 2.068074786465376e-09, 2.0553168202575412e-09, 2.054860623377402e-09, 2.0677777862384346e-09, 1.9334531724489456e-09, 2.0163623809215686e-09, 3.2398915504927438e-09, 2.2896613361553804e-06, 8.274688194478056e-09, 2.067777786244053e-09, 2.0677777862412615e-09, 1.9405207747759177e-09, 5.352304316537941e-07, 2.0236852504056955e-09, 6.602102841108435e-09, 2.065873233520814e-09, 3.1384673285051685e-09, 4.520597661402054e-09, 1.7169604336827112e-09, 4.371320950819741e-09, 1.9509173719949737e-09, 0.999997066471591, 2.062228569304713e-09]"
hMpxV/USA/CA-CDPH-1M1000241/2022|EPI_ISL_18458960|2022-12-14,"[0.0, 0.0, 0.0, 0.0, 0.0, 0.0, 0.0, 0.0, 0.0, 0.0, 0.0, 0.0, 0.0, 0.0, 0.0, 0.0, 0.0, 0.0, 0.0, 0.0, 0.0, 0.0, 0.0, 0.0, 0.0, 0.0, 0.0, 0.0, 0.0, 1.0, 0.0]"
hMpxV/USA/CA-CDPH-1M1000240/2022|EPI_ISL_18458959|2022-12-14,"[0.0, 0.0, 0.0, 0.0, 0.0, 0.0, 0.0, 0.0, 0.0, 0.0, 0.0, 0.0, 0.0, 0.0, 0.0, 0.0, 0.0, 0.0, 0.0, 0.0, 0.0, 0.0, 0.0, 0.0, 0.0, 0.0, 0.0, 0.0, 0.0, 1.0, 0.0]"
NODE_0000339,"[1.3173213832208698e-09, 2.7626172236257743e-09, 8.87520849136592e-09, 1.545708086742109e-09, 6.385251076933684e-09, 1.0468556066959243e-08, 2.176576469200061e-09, 1.5157824018956668e-09, 1.5434463035482865e-09, 1.5223509237933293e-09, 1.4855192103446389e-09, 1.5212969194843764e-09, 1.3884985741566175e-09, 2.141710310993907e-09, 1.3501038685305411e-09, 0.9997996405871542, 1.5740204158742021e-09, 1.5212969194838528e-09, 1.5212969194842837e-09, 2.0289271711801716e-09, 0.00020019376655210934, 1.5393001932196883e-09, 1.6655011026664376e-09, 1.5181194673877963e-09, 9.411155801009515e-10, 1.4510265005243887e-09, 1.2407024709560968e-09, 1.4638376273859794e-09, 1.4392581555046066e-09, 1.0022968876413293e-07, 1.5122553119070969e-09]"
hMpxV/Peru/SAM-INS-347/2022|EPI_ISL_16999107|2022-12-22,"[0.0, 0.0, 0.0, 0.0, 0.0, 0.0, 0.0, 0.0, 0.0, 0.0, 0.0, 0.0, 0.0, 0.0, 0.0, 0.0, 0.0, 0.0, 0.0, 0.0, 1.0, 0.0, 0.0, 0.0, 0.0, 0.0, 0.0, 0.0, 0.0, 0.0, 0.0]"
hMpxV/Mexico/CAM_InDRE_F58/2023|EPI_ISL_17672237|2023-01-03,"[0.0, 0.0, 0.0, 0.0, 0.0, 0.0, 0.0, 0.0, 0.0, 0.0, 0.0, 0.0, 0.0, 0.0, 0.0, 0.9999999999999999, 0.0, 0.0, 0.0, 0.0, 0.0, 0.0, 0.0, 0.0, 0.0, 0.0, 0.0, 0.0, 0.0, 0.0, 0.0]"
NODE_0000340,"[1.2784809809294273e-09, 2.0509931778576757e-09, 3.448502100230793e-09, 2.0189337402152426e-09, 2.093144240435036e-09, 1.0742037336968174e-08, 2.005704812433826e-09, 1.9684245588621214e-09, 2.0155862069934718e-09, 1.983229289625543e-09, 1.918790855999505e-09, 1.9761785268324847e-09, 1.8135811495799225e-09, 2.0087727051937264e-09, 1.282451507964174e-09, 0.9999958318776367, 1.9547361272419963e-09, 1.976178526831188e-09, 1.976178526832114e-09, 1.9081956390200595e-09, 4.094664698182494e-06, 2.0425265966956365e-09, 1.409325099734135e-09, 1.9718657391911143e-09, 1.2561815037648619e-09, 1.864007380976726e-09, 1.6309822894697753e-09, 1.8745559633249286e-09, 1.890250242503431e-09, 1.1133938424298456e-08, 1.9639316695408896e-09]"
hMpxV/Mexico/CAM_InDRE_F123/2023|EPI_ISL_17703591|2023-01-05,"[0.0, 0.0, 0.0, 0.0, 0.0, 0.0, 0.0, 0.0, 0.0, 0.0, 0.0, 0.0, 0.0, 0.0, 0.0, 1.0, 0.0, 0.0, 0.0, 0.0, 0.0, 0.0, 0.0, 0.0, 0.0, 0.0, 0.0, 0.0, 0.0, 0.0, 0.0]"
hMpxV/Mexico/YUC_InDRE_F5709/2022|EPI_ISL_17672232|2022-12-05,"[0.0, 0.0, 0.0, 0.0, 0.0, 0.0, 0.0, 0.0, 0.0, 0.0, 0.0, 0.0, 0.0, 0.0, 0.0, 1.0, 0.0, 0.0, 0.0, 0.0, 0.0, 0.0, 0.0, 0.0, 0.0, 0.0, 0.0, 0.0, 0.0, 0.0, 0.0]"
NODE_0000341,"[4.843140509406216e-15, 1.0676078114805426e-14, 2.4468524566511586e-14, 1.0744769016983699e-14, 9.8753458924782e-15, 1.7632151189626732e-13, 1.0632600823176946e-14, 1.0549938098890155e-14, 1.072676259897941e-14, 1.0547641614761981e-14, 1.0328108610566797e-14, 1.0594753324374636e-14, 9.325033670095226e-15, 1.0348794252492175e-14, 5.501866018496659e-15, 0.9999999999139974, 9.914207480041125e-15, 1.059475332435136e-14, 1.0594753324369123e-14, 9.611277991503812e-15, 8.538236663592514e-11, 1.0464147600419294e-14, 6.476438003402546e-15, 1.0567927369156695e-14, 5.243385767293271e-15, 9.925321303865668e-15, 7.64833486704578e-15, 1.008908620827146e-14, 9.660829222533399e-15, 1.7355335234888423e-13, 1.0517803779137597e-14]"
hMpxV/Mexico/ROO_InDRE_F5579/2022|EPI_ISL_17703579|2022-12-05,"[0.0, 0.0, 0.0, 0.0, 0.0, 0.0, 0.0, 0.0, 0.0, 0.0, 0.0, 0.0, 0.0, 0.0, 0.0, 1.0, 0.0, 0.0, 0.0, 0.0, 0.0, 0.0, 0.0, 0.0, 0.0, 0.0, 0.0, 0.0, 0.0, 0.0, 0.0]"
hMpxV/Mexico/YUC_InDRE_F45/2022|EPI_ISL_17703585|2022-12-20,"[0.0, 0.0, 0.0, 0.0, 0.0, 0.0, 0.0, 0.0, 0.0, 0.0, 0.0, 0.0, 0.0, 0.0, 0.0, 1.0, 0.0, 0.0, 0.0, 0.0, 0.0, 0.0, 0.0, 0.0, 0.0, 0.0, 0.0, 0.0, 0.0, 0.0, 0.0]"
hMpxV/Mexico/ROO_InDRE_F81/2023|EPI_ISL_17703588|2023-01-01,"[0.0, 0.0, 0.0, 0.0, 0.0, 0.0, 0.0, 0.0, 0.0, 0.0, 0.0, 0.0, 0.0, 0.0, 0.0, 1.0, 0.0, 0.0, 0.0, 0.0, 0.0, 0.0, 0.0, 0.0, 0.0, 0.0, 0.0, 0.0, 0.0, 0.0, 0.0]"
hMpxV/Mexico/ROO_InDRE_F5733/2022|EPI_ISL_17672233|2022-12-19,"[0.0, 0.0, 0.0, 0.0, 0.0, 0.0, 0.0, 0.0, 0.0, 0.0, 0.0, 0.0, 0.0, 0.0, 0.0, 1.0, 0.0, 0.0, 0.0, 0.0, 0.0, 0.0, 0.0, 0.0, 0.0, 0.0, 0.0, 0.0, 0.0, 0.0, 0.0]"
NODE_0000343,"[1.5895621431357297e-05, 4.2211563250802125e-06, 4.9011589384669517e-05, 4.190489051899765e-06, 5.217521139102893e-06, 7.004100207955139e-06, 4.212089715793162e-06, 4.175386928546599e-06, 4.196849900724565e-06, 4.167073726866453e-06, 4.1453183491377076e-06, 4.17746906869484e-06, 3.9310756106249746e-06, 4.166052821153341e-06, 6.210270776186789e-06, 0.00190769860041446, 1.5160034352825642e-05, 4.1774690686951195e-06, 4.177469068695011e-06, 3.981538405919804e-06, 0.0007467641500438456, 4.1393726237272346e-06, 1.2196024436130528e-05, 4.17535556476708e-06, 6.122071192207402e-06, 8.545011364032152e-06, 3.5668387725321166e-06, 8.271602421462069e-06, 3.980158682116331e-06, 0.9971379502617009, 4.171977449880366e-06]"
hMpxV/USA/un-CDPH-1000191/2023|EPI_ISL_17972012|2023-01-12,"[0.0, 0.0, 0.0, 0.0, 0.0, 0.0, 0.0, 0.0, 0.0, 0.0, 0.0, 0.0, 0.0, 0.0, 0.0, 0.0, 0.0, 0.0, 0.0, 0.0, 0.0, 0.0, 0.0, 0.0, 0.0, 0.0, 0.0, 0.0, 0.0, 1.0, 0.0]"
NODE_0000344,"[3.63651236670258e-12, 1.9763482076005254e-13, 2.1671292402792485e-11, 1.921034918124019e-13, 3.1718025641689683e-13, 2.216330613782147e-13, 1.9969302566273367e-13, 1.9663351336088752e-13, 1.9271769085010194e-13, 1.9302393187949847e-13, 1.9959213575251977e-13, 1.962318823182527e-13, 1.8334948497213232e-13, 1.8894925348831055e-13, 6.058075796177132e-13, 4.42946582112411e-11, 2.6012934205010495e-12, 1.962318823184279e-13, 1.962318823183546e-13, 1.805221319400382e-13, 1.1137979037661814e-09, 1.7963687906699486e-13, 2.255167389892236e-12, 1.9635566120409235e-13, 5.622242767842896e-13, 8.846237168745665e-13, 1.5571840822371785e-13, 8.305080251363311e-13, 1.7938185337350532e-13, 0.9999999988049005, 1.965852797238657e-13]"
hMpxV/USA/un-CDPH-1000194/2023|EPI_ISL_17972015|2023-02-14,"[0.0, 0.0, 0.0, 0.0, 0.0, 0.0, 0.0, 0.0, 0.0, 0.0, 0.0, 0.0, 0.0, 0.0, 0.0, 0.0, 0.0, 0.0, 0.0, 0.0, 0.0, 0.0, 0.0, 0.0, 0.0, 0.0, 0.0, 0.0, 0.0, 1.0, 0.0]"
hMpxV/USA/CA-CDPH-1MPX1000194/2023|EPI_ISL_17206616|2023-02-14,"[0.0, 0.0, 0.0, 0.0, 0.0, 0.0, 0.0, 0.0, 0.0, 0.0, 0.0, 0.0, 0.0, 0.0, 0.0, 0.0, 0.0, 0.0, 0.0, 0.0, 0.0, 0.0, 0.0, 0.0, 0.0, 0.0, 0.0, 0.0, 0.0, 1.0, 0.0]"
NODE_0000345,"[9.752753944136999e-12, 9.33929739602249e-13, 3.6444516885907866e-11, 9.320825828235028e-13, 1.2899050734701746e-12, 9.362015160337435e-13, 9.450446468658095e-13, 9.419276806849166e-13, 9.328690063985343e-13, 9.315532092999458e-13, 9.471137570543985e-13, 9.41766787297477e-13, 8.884035506359331e-13, 9.081085461106312e-13, 2.299279545008042e-12, 1.1973426675053544e-11, 7.547891198493698e-12, 9.417667873003479e-13, 9.417667872988979e-13, 8.789314766729395e-13, 4.886654598743498e-10, 8.960968620497587e-13, 6.4004559691735725e-12, 9.41597425141688e-13, 2.190032184148208e-12, 3.1262450103266684e-12, 7.83376640008945e-13, 2.9655083502035085e-12, 8.819222766643193e-13, 0.9999999994098989, 9.412002711218774e-13]"
hMpxV/USA/un-CDPH-1000193/2023|EPI_ISL_17972014|2023-02-14,"[0.0, 0.0, 0.0, 0.0, 0.0, 0.0, 0.0, 0.0, 0.0, 0.0, 0.0, 0.0, 0.0, 0.0, 0.0, 0.0, 0.0, 0.0, 0.0, 0.0, 0.0, 0.0, 0.0, 0.0, 0.0, 0.0, 0.0, 0.0, 0.0, 0.9999999999999999, 0.0]"
hMpxV/USA/CA-CDPH-1MPX1000193/2023|EPI_ISL_17206615|2023-02-14,"[0.0, 0.0, 0.0, 0.0, 0.0, 0.0, 0.0, 0.0, 0.0, 0.0, 0.0, 0.0, 0.0, 0.0, 0.0, 0.0, 0.0, 0.0, 0.0, 0.0, 0.0, 0.0, 0.0, 0.0, 0.0, 0.0, 0.0, 0.0, 0.0, 0.9999999999999999, 0.0]"
NODE_0000336,"[2.219933640309737e-11, 2.993933555764116e-12, 0.9999999958161364, 2.992495064106979e-12, 4.149688867920741e-11, 5.147113908969866e-12, 3.97004258546901e-12, 3.004232400592321e-12, 2.992546181461872e-12, 2.985413675740762e-12, 2.998281448728976e-12, 3.0097408138600616e-12, 2.700879520104687e-12, 2.911835231296193e-12, 1.7205611705240742e-12, 1.8750084120244334e-09, 2.7816253839256475e-12, 3.00974081385815e-12, 3.0097408138587505e-12, 2.7122728702544008e-12, 1.6958002441670163e-09, 2.801058580693088e-12, 2.1960984070127754e-10, 3.0056170502255713e-12, 1.7390336032226916e-12, 2.9107972192978354e-12, 2.199311750702398e-12, 2.9737967392657897e-12, 2.714421184139304e-12, 2.5946682266536224e-10, 2.99777355069248e-12]"
hMpxV/Brazil/RJ-FIOCRUZ-29818/2022|EPI_ISL_17614035|2022-12-23,"[0.0, 0.0, 0.9999999999999999, 0.0, 0.0, 0.0, 0.0, 0.0, 0.0, 0.0, 0.0, 0.0, 0.0, 0.0, 0.0, 0.0, 0.0, 0.0, 0.0, 0.0, 0.0, 0.0, 0.0, 0.0, 0.0, 0.0, 0.0, 0.0, 0.0, 0.0, 0.0]"
hMpxV/Brazil/RJ-FIOCRUZ-29819/2022|EPI_ISL_17614044|2022-12-27,"[0.0, 0.0, 0.9999999999999999, 0.0, 0.0, 0.0, 0.0, 0.0, 0.0, 0.0, 0.0, 0.0, 0.0, 0.0, 0.0, 0.0, 0.0, 0.0, 0.0, 0.0, 0.0, 0.0, 0.0, 0.0, 0.0, 0.0, 0.0, 0.0, 0.0, 0.0, 0.0]"
NODE_0000337,"[2.2695449157191776e-10, 4.197882108987993e-11, 0.9999999950509222, 4.256865119774058e-11, 3.175315743619401e-10, 4.2265187000612385e-11, 5.229079722484436e-11, 4.2261390111886303e-11, 4.255922759010782e-11, 4.219957756677189e-11, 4.18327097102885e-11, 4.2337059401223414e-11, 3.9323907097797357e-11, 4.14336172327678e-11, 2.842126672636365e-11, 1.0604786760722551e-10, 4.047036386393901e-11, 4.233705940117812e-11, 4.233705940118869e-11, 3.966649319860852e-11, 1.1854293703133172e-09, 4.162747821407712e-11, 1.2022717838509841e-09, 4.228880422966533e-11, 2.8393764229478853e-11, 4.082838799764488e-11, 3.4904878404483386e-11, 4.1270595471736526e-11, 4.001057328146773e-11, 9.350368707827887e-10, 4.2197951354658186e-11]"
hMpxV/Brazil/RJ-FIOCRUZ-29654/2022|EPI_ISL_16871163|2022-12-22,"[0.0, 0.0, 0.9999999999999999, 0.0, 0.0, 0.0, 0.0, 0.0, 0.0, 0.0, 0.0, 0.0, 0.0, 0.0, 0.0, 0.0, 0.0, 0.0, 0.0, 0.0, 0.0, 0.0, 0.0, 0.0, 0.0, 0.0, 0.0, 0.0, 0.0, 0.0, 0.0]"
hMpxV/Brazil/RJ-FIOCRUZ-29817/2022|EPI_ISL_17614018|2022-12-22,"[0.0, 0.0, 0.9999999999999999, 0.0, 0.0, 0.0, 0.0, 0.0, 0.0, 0.0, 0.0, 0.0, 0.0, 0.0, 0.0, 0.0, 0.0, 0.0, 0.0, 0.0, 0.0, 0.0, 0.0, 0.0, 0.0, 0.0, 0.0, 0.0, 0.0, 0.0, 0.0]"
NODE_0000338,"[6.7069160291099745e-09, 1.3382669316858137e-09, 0.9999998596942696, 1.3520208780264271e-09, 9.193072168545726e-09, 1.3451815337723093e-09, 1.6394183892615155e-09, 1.3397101650261523e-09, 1.3515281944008387e-09, 1.3454235601463645e-09, 1.324399039306126e-09, 1.3426544294467433e-09, 1.2499203150626515e-09, 1.3378440129056678e-09, 9.203269840236992e-10, 3.208053512112786e-09, 1.3227028142762712e-09, 1.3426544294440848e-09, 1.3426544294448295e-09, 1.2703947594901727e-09, 3.0785057592894796e-08, 1.3290361866673203e-09, 3.2269190754115395e-08, 1.3408438900003477e-09, 9.717476769008292e-10, 1.2976899308516306e-09, 1.1180630724056492e-09, 1.3096336821691654e-09, 1.274182883749728e-09, 2.69996242496385e-08, 1.337518045636296e-09]"
hMpxV/Brazil/RJ-FIOCRUZ-3015/2023|EPI_ISL_17614021|2023-01-26,"[0.0, 0.0, 1.0, 0.0, 0.0, 0.0, 0.0, 0.0, 0.0, 0.0, 0.0, 0.0, 0.0, 0.0, 0.0, 0.0, 0.0, 0.0, 0.0, 0.0, 0.0, 0.0, 0.0, 0.0, 0.0, 0.0, 0.0, 0.0, 0.0, 0.0, 0.0]"
hMpxV/Brazil/RJ-FIOCRUZ-3016/2023|EPI_ISL_17614040|2023-02-08,"[0.0, 0.0, 1.0, 0.0, 0.0, 0.0, 0.0, 0.0, 0.0, 0.0, 0.0, 0.0, 0.0, 0.0, 0.0, 0.0, 0.0, 0.0, 0.0, 0.0, 0.0, 0.0, 0.0, 0.0, 0.0, 0.0, 0.0, 0.0, 0.0, 0.0, 0.0]"
NODE_0000392,"[7.10350452969092e-08, 1.3289946296459362e-07, 3.6252206762633303e-07, 7.11667414833028e-08, 3.093719147207317e-07, 2.9334580310420526e-07, 1.0310435193974793e-07, 6.961015167596573e-08, 7.10895035701906e-08, 7.008484951234225e-08, 6.806617039913376e-08, 6.982944158832497e-08, 6.497908122797706e-08, 1.0276185747544076e-07, 7.024778770112493e-08, 0.9890160250135396, 7.320250367435486e-08, 6.982944158827204e-08, 6.982944158830346e-08, 9.824467014311618e-08, 0.010979502464483589, 7.202000114985574e-08, 8.350347622692356e-08, 6.970759272683841e-08, 4.759989378503674e-08, 6.63790469731519e-08, 6.026527188903528e-08, 6.668410407187523e-08, 6.73963100040336e-08, 1.6282622027855113e-06, 6.94837900344261e-08]"
NODE_0000412,"[1.0323084067574692e-08, 1.837994660983838e-08, 4.506093346363094e-08, 1.2061610891918473e-08, 3.6542949921180536e-08, 5.548309837172551e-08, 1.5254216401766482e-08, 1.1781252307679431e-08, 1.204449897425262e-08, 1.186704026338426e-08, 1.1506345113311179e-08, 1.182307481158449e-08, 1.0942441755697114e-08, 1.5227995189059574e-08, 1.0212741373939556e-08, 0.9997724401440976, 1.2142219394734493e-08, 1.1823074811581467e-08, 1.1823074811583751e-08, 1.453427387266808e-08, 0.00022692963596453397, 1.2207658387990363e-08, 1.1875050296854889e-08, 1.1799862874493504e-08, 7.87328164092684e-09, 1.1214820846851386e-08, 1.0036708423883828e-08, 1.1269573482028999e-08, 1.137436511222832e-08, 1.9197753657426019e-07, 1.175720762215698e-08]"
hMpxV/Mexico/CMX_InDRE_F5430/2022|EPI_ISL_17703577|2022-11-28,"[0.0, 0.0, 0.0, 0.0, 0.0, 0.0, 0.0, 0.0, 0.0, 0.0, 0.0, 0.0, 0.0, 0.0, 0.0, 0.9999999999999999, 0.0, 0.0, 0.0, 0.0, 0.0, 0.0, 0.0, 0.0, 0.0, 0.0, 0.0, 0.0, 0.0, 0.0, 0.0]"
NODE_0000413,"[1.7541028215130814e-09, 2.750805439747127e-09, 4.387037609806495e-09, 2.7867214831891903e-09, 2.5760633721498716e-09, 1.4397478122479513e-08, 2.724943953353712e-09, 2.715435682208763e-09, 2.781242410679296e-09, 2.7371936926444735e-09, 2.646294607373458e-09, 2.7267789935815227e-09, 2.5046803348391386e-09, 2.7322643948742335e-09, 1.7523672668742305e-09, 0.9999995103804743, 2.699955430641729e-09, 2.726778993575831e-09, 2.7267789935801244e-09, 2.597200289530966e-09, 3.921178291758054e-07, 2.8231895484335593e-09, 1.9133610099528373e-09, 2.7205082918878406e-09, 1.7491736439477502e-09, 2.573288564099611e-09, 2.2567865425081654e-09, 2.5866138713904762e-09, 2.6114673560167652e-09, 1.2834207090960298e-08, 2.70897658038231e-09]"
hMpxV/Mexico/GRO_InDRE_F5598/2022|EPI_ISL_17672228|2022-12-10,"[0.0, 0.0, 0.0, 0.0, 0.0, 0.0, 0.0, 0.0, 0.0, 0.0, 0.0, 0.0, 0.0, 0.0, 0.0, 1.0, 0.0, 0.0, 0.0, 0.0, 0.0, 0.0, 0.0, 0.0, 0.0, 0.0, 0.0, 0.0, 0.0, 0.0, 0.0]"
NODE_0000414,"[7.888865552168637e-08, 1.205306926968344e-07, 1.8745194952353418e-07, 1.2258371638926308e-07, 1.1178467756010632e-07, 5.937464413376853e-07, 1.195539129493877e-07, 1.1934561351125102e-07, 1.222796962784647e-07, 1.20402628263039e-07, 1.162732492432796e-07, 1.1988939027530332e-07, 1.1039339891275732e-07, 1.2007761496947103e-07, 7.812514660105369e-08, 0.9999893206986399, 1.1933182973539844e-07, 1.1988939027528106e-07, 1.1988939027529832e-07, 1.1434062937724e-07, 6.4663302905527125e-06, 1.2450251743199425e-07, 8.493346059405971e-08, 1.195916273755377e-07, 7.850582044977095e-08, 1.1329306746454073e-07, 9.999278682687017e-08, 1.1377432219742412e-07, 1.1513894446555176e-07, 5.294158888628956e-07, 1.1904461035111995e-07]"
hMpxV/Mexico/OAX_InDRE_F180/2023|EPI_ISL_17672249|2023-01-25,"[0.0, 0.0, 0.0, 0.0, 0.0, 0.0, 0.0, 0.0, 0.0, 0.0, 0.0, 0.0, 0.0, 0.0, 0.0, 1.0, 0.0, 0.0, 0.0, 0.0, 0.0, 0.0, 0.0, 0.0, 0.0, 0.0, 0.0, 0.0, 0.0, 0.0, 0.0]"
NODE_0000415,"[5.54953334144186e-09, 8.67093809290487e-09, 1.3626354433765502e-08, 8.863046334759035e-09, 7.884915867485857e-09, 4.571022775459704e-08, 8.624812000855979e-09, 8.635871363848603e-09, 8.845627805397678e-09, 8.7053034212745e-09, 8.415551299094254e-09, 8.671971767560168e-09, 7.965606482541147e-09, 8.649539746709902e-09, 5.544131006305912e-09, 0.9999991333397349, 8.582119294569488e-09, 8.671971767556179e-09, 8.671971767559498e-09, 8.221603730526821e-09, 5.593172917924742e-07, 8.980109705718416e-09, 6.04336476076039e-09, 8.652015417111391e-09, 5.56236208931973e-09, 8.183076614499923e-09, 7.176910736757644e-09, 8.225272325453448e-09, 8.305729052845477e-09, 3.908770547611247e-08, 8.615330146650524e-09]"
hMpxV/Mexico/CMX_InDRE_F411/2023|EPI_ISL_17703607|2023-03-16,"[0.0, 0.0, 0.0, 0.0, 0.0, 0.0, 0.0, 0.0, 0.0, 0.0, 0.0, 0.0, 0.0, 0.0, 0.0, 1.0, 0.0, 0.0, 0.0, 0.0, 0.0, 0.0, 0.0, 0.0, 0.0, 0.0, 0.0, 0.0, 0.0, 0.0, 0.0]"
hMpxV/Mexico/CMX_InDRE_F419/2023|EPI_ISL_17703608|2023-03-21,"[0.0, 0.0, 0.0, 0.0, 0.0, 0.0, 0.0, 0.0, 0.0, 0.0, 0.0, 0.0, 0.0, 0.0, 0.0, 0.9999999999999999, 0.0, 0.0, 0.0, 0.0, 0.0, 0.0, 0.0, 0.0, 0.0, 0.0, 0.0, 0.0, 0.0, 0.0, 0.0]"
NODE_0000393,"[7.508842101608724e-20, 2.6396718114637987e-19, 1.3992277696459027e-18, 1.5270501937803118e-19, 5.708972372755765e-19, 6.338999217063273e-18, 2.1281704433651965e-19, 1.513569595649331e-19, 1.5245258434851329e-19, 1.501324153450743e-19, 1.4921558584116022e-19, 1.5199657959576288e-19, 1.298927200617498e-19, 2.003611450879572e-19, 9.510317475328948e-20, 0.999999999988765, 1.417441080772872e-19, 1.5199657959561808e-19, 1.5199657959572314e-19, 1.8315539094145858e-19, 1.1234996610802515e-11, 1.4325885533990475e-19, 1.295351539634801e-19, 1.5158841015949597e-19, 6.270557327577887e-20, 1.4240034123180484e-19, 9.992457349302032e-20, 1.4613795046384863e-19, 1.332063247184328e-19, 2.0329400890871133e-17, 1.5081685648280407e-19]"
hMpxV/Mexico/BCN_InDRE_F5516/2022|EPI_ISL_17672223|2022-11-29,"[0.0, 0.0, 0.0, 0.0, 0.0, 0.0, 0.0, 0.0, 0.0, 0.0, 0.0, 0.0, 0.0, 0.0, 0.0, 1.0, 0.0, 0.0, 0.0, 0.0, 0.0, 0.0, 0.0, 0.0, 0.0, 0.0, 0.0, 0.0, 0.0, 0.0, 0.0]"
NODE_0000408,"[1.0207984913468396e-08, 1.5914139397380432e-08, 2.497729552385173e-08, 1.6260617648720402e-08, 1.449367297148293e-08, 8.331909052380919e-08, 1.5825971017820325e-08, 1.584263236491664e-08, 1.622794240963726e-08, 1.597123304172771e-08, 1.5438075754708765e-08, 1.5909368394815045e-08, 1.4617087933826712e-08, 1.5873820264850883e-08, 1.0189266081470037e-08, 0.9999984310433105, 1.5753073961120595e-08, 1.5909368394810215e-08, 1.5909368394813725e-08, 1.5091059560802113e-08, 1.0057092462891318e-06, 1.647935740980463e-08, 1.110350896862602e-08, 1.5872510818956808e-08, 1.0224895448129812e-08, 1.5014422667302436e-08, 1.317688713545299e-08, 1.5090524736378485e-08, 1.5241673100290236e-08, 7.150783014831404e-08, 1.58047641685819e-08]"
hMpxV/Mexico/CHH_InDRE_F5453/2022|EPI_ISL_17672221|2022-11-30,"[0.0, 0.0, 0.0, 0.0, 0.0, 0.0, 0.0, 0.0, 0.0, 0.0, 0.0, 0.0, 0.0, 0.0, 0.0, 0.9999999999999999, 0.0, 0.0, 0.0, 0.0, 0.0, 0.0, 0.0, 0.0, 0.0, 0.0, 0.0, 0.0, 0.0, 0.0, 0.0]"
hMpxV/Mexico/TAM_InDRE_F153/2023|EPI_ISL_17672245|2023-01-19,"[0.0, 0.0, 0.0, 0.0, 0.0, 0.0, 0.0, 0.0, 0.0, 0.0, 0.0, 0.0, 0.0, 0.0, 0.0, 1.0, 0.0, 0.0, 0.0, 0.0, 0.0, 0.0, 0.0, 0.0, 0.0, 0.0, 0.0, 0.0, 0.0, 0.0, 0.0]"
NODE_0000411,"[4.6640979016142287e-07, 7.043634987449782e-07, 1.0900608354028364e-06, 7.142566864545465e-07, 6.607907338927268e-07, 3.3504526538356467e-06, 6.975310740145878e-07, 6.950871205002502e-07, 7.122763710676594e-07, 7.015469663506964e-07, 6.771103326324565e-07, 6.984026176823291e-07, 6.43894859851012e-07, 7.011229597135533e-07, 4.5981852648958086e-07, 0.9999411349897712, 6.972757816890385e-07, 6.98402617682296e-07, 6.984026176823301e-07, 6.68257596506762e-07, 3.441549938609456e-05, 7.263441344795881e-07, 4.992169899114707e-07, 6.965955554236644e-07, 4.6236160068907904e-07, 6.604832641677777e-07, 5.848142825995792e-07, 6.629722064323354e-07, 6.716647676900473e-07, 3.056318504705264e-06, 6.932758964082272e-07]"
hMpxV/Mexico/NLE_InDRE_F280/2023|EPI_ISL_17703601|2023-02-08,"[0.0, 0.0, 0.0, 0.0, 0.0, 0.0, 0.0, 0.0, 0.0, 0.0, 0.0, 0.0, 0.0, 0.0, 0.0, 0.9999999999999999, 0.0, 0.0, 0.0, 0.0, 0.0, 0.0, 0.0, 0.0, 0.0, 0.0, 0.0, 0.0, 0.0, 0.0, 0.0]"
hMpxV/Mexico/NLE_InDRE_F311/2023|EPI_ISL_17703602|2023-02-15,"[0.0, 0.0, 0.0, 0.0, 0.0, 0.0, 0.0, 0.0, 0.0, 0.0, 0.0, 0.0, 0.0, 0.0, 0.0, 1.0, 0.0, 0.0, 0.0, 0.0, 0.0, 0.0, 0.0, 0.0, 0.0, 0.0, 0.0, 0.0, 0.0, 0.0, 0.0]"
NODE_0000409,"[4.071752124587967e-09, 6.312206240943049e-09, 9.87540830890004e-09, 6.445460322021802e-09, 5.763829728994856e-09, 3.251086232820142e-08, 6.274629672342948e-09, 6.278723765496252e-09, 6.4319899381071076e-09, 6.330828731683924e-09, 6.118028819409497e-09, 6.30554838543338e-09, 5.796989609905753e-09, 6.296162033738773e-09, 4.054813487712975e-09, 0.999999392554837, 6.252123071178691e-09, 6.305548385429531e-09, 6.305548385432522e-09, 5.988107423562988e-09, 3.8478789237564177e-07, 6.536091229471755e-09, 4.415621605565108e-09, 6.290757709053647e-09, 4.0720019250966554e-09, 5.952855650364025e-09, 5.233282686081158e-09, 5.981764755161701e-09, 6.045219453569534e-09, 2.8147516500174146e-08, 6.263598280374057e-09]"
hMpxV/Mexico/DUR_InDRE_F268/2023|EPI_ISL_17672254|2023-02-02,"[0.0, 0.0, 0.0, 0.0, 0.0, 0.0, 0.0, 0.0, 0.0, 0.0, 0.0, 0.0, 0.0, 0.0, 0.0, 1.0, 0.0, 0.0, 0.0, 0.0, 0.0, 0.0, 0.0, 0.0, 0.0, 0.0, 0.0, 0.0, 0.0, 0.0, 0.0]"
NODE_0000410,"[1.3202416241724514e-09, 2.110689824415404e-09, 3.3591080565722777e-09, 2.1666781003214776e-09, 1.887019744540257e-09, 1.195982832464837e-08, 2.1046574859246935e-09, 2.112781244628106e-09, 2.163393576629149e-09, 2.1280836783235293e-09, 2.059394662641524e-09, 2.1209233217154262e-09, 1.9431873148740443e-09, 2.107286235078217e-09, 1.3308700068204567e-09, 0.9999997543488998, 2.0870856239652694e-09, 2.1209233217145693e-09, 2.120923321715293e-09, 1.9994600183867837e-09, 1.6963849574318056e-07, 2.189825081327584e-09, 1.455001933398603e-09, 2.1163755673951214e-09, 1.3326586736391026e-09, 1.998615836489126e-09, 1.7410197701492468e-09, 2.010738510033416e-09, 2.0255319902290915e-09, 9.832296616080191e-09, 2.1080048435683565e-09]"
hMpxV/Mexico/VER_InDRE_F5457/2022|EPI_ISL_17672222|2022-11-29,"[0.0, 0.0, 0.0, 0.0, 0.0, 0.0, 0.0, 0.0, 0.0, 0.0, 0.0, 0.0, 0.0, 0.0, 0.0, 1.0, 0.0, 0.0, 0.0, 0.0, 0.0, 0.0, 0.0, 0.0, 0.0, 0.0, 0.0, 0.0, 0.0, 0.0, 0.0]"
hMpxV/Mexico/JAL_InDRE_F5746/2022|EPI_ISL_17672234|2022-12-14,"[0.0, 0.0, 0.0, 0.0, 0.0, 0.0, 0.0, 0.0, 0.0, 0.0, 0.0, 0.0, 0.0, 0.0, 0.0, 0.9999999999999999, 0.0, 0.0, 0.0, 0.0, 0.0, 0.0, 0.0, 0.0, 0.0, 0.0, 0.0, 0.0, 0.0, 0.0, 0.0]"
NODE_0000405,"[2.69770434074599e-13, 5.728279575571004e-13, 1.2656784511124233e-12, 5.788052481214837e-13, 5.255938428754388e-13, 8.63505571290236e-12, 5.711010913269576e-13, 5.675443403649201e-13, 5.773508256873529e-13, 5.681650891422847e-13, 5.55367140075676e-13, 5.703062279645163e-13, 5.038132095924532e-13, 5.572572807745522e-13, 3.0272851495005557e-13, 0.9999999988792537, 5.374421305531181e-13, 5.70306227964213e-13, 5.703062279644823e-13, 5.189399446633781e-13, 1.0911363901685662e-09, 5.658673971055765e-13, 3.539193100915166e-13, 5.6869048198723e-13, 2.912107405434007e-13, 5.350818929220432e-13, 4.165476588325668e-13, 5.43153689764263e-13, 5.222266807507361e-13, 6.4289577532550365e-12, 5.656803119791106e-13]"
hMpxV/Mexico/ROO_InDRE_F162/2023|EPI_ISL_17672247|2023-01-16,"[0.0, 0.0, 0.0, 0.0, 0.0, 0.0, 0.0, 0.0, 0.0, 0.0, 0.0, 0.0, 0.0, 0.0, 0.0, 0.9999999999999999, 0.0, 0.0, 0.0, 0.0, 0.0, 0.0, 0.0, 0.0, 0.0, 0.0, 0.0, 0.0, 0.0, 0.0, 0.0]"
hMpxV/Mexico/ROO_InDRE_F288/2023|EPI_ISL_17672257|2023-02-02,"[0.0, 0.0, 0.0, 0.0, 0.0, 0.0, 0.0, 0.0, 0.0, 0.0, 0.0, 0.0, 0.0, 0.0, 0.0, 1.0, 0.0, 0.0, 0.0, 0.0, 0.0, 0.0, 0.0, 0.0, 0.0, 0.0, 0.0, 0.0, 0.0, 0.0, 0.0]"
hMpxV/Mexico/CMX_InDRE_F266/2023|EPI_ISL_17672253|2023-02-09,"[0.0, 0.0, 0.0, 0.0, 0.0, 0.0, 0.0, 0.0, 0.0, 0.0, 0.0, 0.0, 0.0, 0.0, 0.0, 1.0, 0.0, 0.0, 0.0, 0.0, 0.0, 0.0, 0.0, 0.0, 0.0, 0.0, 0.0, 0.0, 0.0, 0.0, 0.0]"
NODE_0000406,"[3.117745096976129e-10, 4.995047252802704e-10, 7.947088157023846e-10, 5.132615931082353e-10, 4.449354317141573e-10, 2.843950539313943e-09, 4.98324874681806e-10, 5.005453355701783e-10, 5.125304638890381e-10, 5.041206576089304e-10, 4.879060377983668e-10, 5.024402229821493e-10, 4.602430084373885e-10, 4.988956647599791e-10, 3.1455640773382795e-10, 0.9999999418882267, 4.940761980442223e-10, 5.024402229817073e-10, 5.024402229820371e-10, 4.732772561124788e-10, 4.010891254199713e-08, 5.186342218359843e-10, 3.439237185947784e-10, 5.013799922030186e-10, 3.1498177677308494e-10, 4.733673614608559e-10, 4.121820022106712e-10, 4.762857750309419e-10, 4.797397010154582e-10, 2.3230051654962063e-09, 4.9942859599763e-10]"
hMpxV/Mexico/NLE_InDRE_F163/2023|EPI_ISL_17703592|2023-01-19,"[0.0, 0.0, 0.0, 0.0, 0.0, 0.0, 0.0, 0.0, 0.0, 0.0, 0.0, 0.0, 0.0, 0.0, 0.0, 1.0, 0.0, 0.0, 0.0, 0.0, 0.0, 0.0, 0.0, 0.0, 0.0, 0.0, 0.0, 0.0, 0.0, 0.0, 0.0]"
NODE_0000407,"[5.960652299536742e-10, 9.494853149612866e-10, 1.5063230554297492e-09, 9.74415781244993e-10, 8.499327605613826e-10, 5.309988577549615e-09, 9.465764939280257e-10, 9.50079187907505e-10, 9.729027820459566e-10, 9.570632392275864e-10, 9.260309789889734e-10, 9.537645328284735e-10, 8.742176157438669e-10, 9.480345397196179e-10, 6.00033589026288e-10, 0.9999998936487549, 9.392632166087892e-10, 9.537645328277965e-10, 9.537645328284227e-10, 8.997650372599738e-10, 7.226626442188576e-08, 9.85231184723759e-10, 6.55588646862316e-10, 9.517088610177174e-10, 6.010932515910853e-10, 8.989005256281569e-10, 7.840066695442077e-10, 9.042325996766654e-10, 9.113177890666346e-10, 4.383504170218709e-09, 9.479260352054337e-10]"
hMpxV/Mexico/ROO_InDRE_F263/2023|EPI_ISL_17703598|2023-01-30,"[0.0, 0.0, 0.0, 0.0, 0.0, 0.0, 0.0, 0.0, 0.0, 0.0, 0.0, 0.0, 0.0, 0.0, 0.0, 0.9999999999999999, 0.0, 0.0, 0.0, 0.0, 0.0, 0.0, 0.0, 0.0, 0.0, 0.0, 0.0, 0.0, 0.0, 0.0, 0.0]"
hMpxV/Mexico/ROO_InDRE_F97/2023|EPI_ISL_17703589|2023-01-06,"[0.0, 0.0, 0.0, 0.0, 0.0, 0.0, 0.0, 0.0, 0.0, 0.0, 0.0, 0.0, 0.0, 0.0, 0.0, 1.0, 0.0, 0.0, 0.0, 0.0, 0.0, 0.0, 0.0, 0.0, 0.0, 0.0, 0.0, 0.0, 0.0, 0.0, 0.0]"
NODE_0000394,"[1.0273007131561455e-09, 1.6284089292761638e-09, 2.583082004144656e-09, 1.6682282797107e-09, 1.4672362723452313e-09, 9.008483558933393e-09, 1.621952320946617e-09, 1.626222712103098e-09, 1.6653499667465075e-09, 1.6385173564379645e-09, 1.5849941418654147e-09, 1.6327404019328062e-09, 1.4972735649741696e-09, 1.6248761892150785e-09, 1.0320575716403535e-09, 0.9999998169635315, 1.6103310629279647e-09, 1.6327404019316495e-09, 1.6327404019325423e-09, 1.5427800322602175e-09, 1.2468762135535747e-07, 1.6875706203321933e-09, 1.1272973313375177e-09, 1.6291161479115165e-09, 1.0340984372727759e-09, 1.5394887099881218e-09, 1.3441793013451561e-09, 1.5482894379399092e-09, 1.5608818023209011e-09, 7.530161101161253e-09, 1.6224484998447333e-09]"
hMpxV/Mexico/MEX_InDRE_F5758/2022|EPI_ISL_17672235|2022-12-30,"[0.0, 0.0, 0.0, 0.0, 0.0, 0.0, 0.0, 0.0, 0.0, 0.0, 0.0, 0.0, 0.0, 0.0, 0.0, 1.0, 0.0, 0.0, 0.0, 0.0, 0.0, 0.0, 0.0, 0.0, 0.0, 0.0, 0.0, 0.0, 0.0, 0.0, 0.0]"
NODE_0000395,"[1.4172180362378167e-09, 2.2208875641422497e-09, 3.499509114962568e-09, 2.2710141844206596e-09, 2.0159317049857073e-09, 1.1853867573969743e-08, 2.2096537045704376e-09, 2.2130065855369006e-09, 2.2666369214738186e-09, 2.2305938606876043e-09, 2.1566312527643977e-09, 2.2222015634203446e-09, 2.040446756336513e-09, 2.2154542611991354e-09, 1.4173337166923406e-09, 0.9999997680056891, 2.1978060358693032e-09, 2.2222015634186506e-09, 2.2222015634199323e-09, 2.105352870684353e-09, 1.530400398333772e-07, 2.3002088086090504e-09, 1.5458053379109698e-09, 2.2171121729930877e-09, 1.4217261552606435e-09, 2.0966807091037026e-09, 1.837012766312189e-09, 2.1077306813885098e-09, 2.1274761445136243e-09, 1.0094811415464757e-08, 2.207757935259271e-09]"
hMpxV/Mexico/JAL_InDRE_F171/2023|EPI_ISL_17703593|2023-01-20,"[0.0, 0.0, 0.0, 0.0, 0.0, 0.0, 0.0, 0.0, 0.0, 0.0, 0.0, 0.0, 0.0, 0.0, 0.0, 1.0, 0.0, 0.0, 0.0, 0.0, 0.0, 0.0, 0.0, 0.0, 0.0, 0.0, 0.0, 0.0, 0.0, 0.0, 0.0]"
NODE_0000396,"[1.9056587536363674e-17, 4.893297624656915e-17, 1.3064781596399854e-16, 4.953649099456709e-17, 4.375030338532418e-17, 1.397613385237951e-15, 4.9053994740682696e-17, 4.878983809592756e-17, 4.943855304490693e-17, 4.8611059584465635e-17, 4.786127518042812e-17, 4.901527936752795e-17, 4.229322113004541e-17, 4.709513594587017e-17, 2.2987341267725073e-17, 0.999999999999284, 4.466150120543806e-17, 4.901527936747835e-17, 4.901527936751738e-17, 4.328350093280803e-17, 7.128389081599606e-13, 4.738328698556069e-17, 2.796166094995742e-17, 4.887729943689729e-17, 2.159400712069027e-17, 4.575350105413357e-17, 3.320572781186319e-17, 4.674113562410965e-17, 4.368931136159547e-17, 9.097149132800855e-16, 4.8618320409130354e-17]"
hMpxV/Mexico/PUE_InDRE_F57/2023|EPI_ISL_17672236|2023-01-02,"[0.0, 0.0, 0.0, 0.0, 0.0, 0.0, 0.0, 0.0, 0.0, 0.0, 0.0, 0.0, 0.0, 0.0, 0.0, 1.0, 0.0, 0.0, 0.0, 0.0, 0.0, 0.0, 0.0, 0.0, 0.0, 0.0, 0.0, 0.0, 0.0, 0.0, 0.0]"
NODE_0000397,"[4.612594204249789e-09, 7.33280909086694e-09, 1.1623251416049809e-08, 7.520755766117756e-09, 6.579840584683022e-09, 4.074286242325794e-08, 7.307949214825622e-09, 7.332333204424113e-09, 7.508648375587389e-09, 7.3868063558357035e-09, 7.146581406455648e-09, 7.361077030352368e-09, 6.748617631884537e-09, 7.320161290035774e-09, 4.639898195952795e-09, 0.9999991913839615, 7.252961667273484e-09, 7.361077030350548e-09, 7.361077030352008e-09, 6.948645899900413e-09, 5.457628933031478e-07, 7.605896183819433e-09, 5.068212007501991e-09, 7.345065054111046e-09, 4.648240739403844e-09, 6.938531717349608e-09, 6.054961300131075e-09, 6.979098336142569e-09, 7.035155861938016e-09, 3.3774441948482315e-08, 7.3155940634150485e-09]"
hMpxV/Mexico/YUC_InDRE_F5757/2022|EPI_ISL_17703581|2022-12-16,"[0.0, 0.0, 0.0, 0.0, 0.0, 0.0, 0.0, 0.0, 0.0, 0.0, 0.0, 0.0, 0.0, 0.0, 0.0, 1.0, 0.0, 0.0, 0.0, 0.0, 0.0, 0.0, 0.0, 0.0, 0.0, 0.0, 0.0, 0.0, 0.0, 0.0, 0.0]"
hMpxV/Mexico/TAB_InDRE_F5681/2022|EPI_ISL_17672230|2022-12-13,"[0.0, 0.0, 0.0, 0.0, 0.0, 0.0, 0.0, 0.0, 0.0, 0.0, 0.0, 0.0, 0.0, 0.0, 0.0, 1.0, 0.0, 0.0, 0.0, 0.0, 0.0, 0.0, 0.0, 0.0, 0.0, 0.0, 0.0, 0.0, 0.0, 0.0, 0.0]"
NODE_0000398,"[1.168820597032649e-11, 2.107017069920547e-11, 3.898151313194713e-11, 2.1395197745573663e-11, 1.9316631975889416e-11, 1.8170831304718097e-10, 2.0969552026438534e-11, 2.09066054839717e-11, 2.134473118631316e-11, 2.1008622935091134e-11, 2.0413235091627983e-11, 2.100300642777354e-11, 1.894214540419226e-11, 2.0759852788792886e-11, 1.232365157597125e-11, 0.9999999924842198, 2.033134223968124e-11, 2.1003006427757876e-11, 2.100300642777132e-11, 1.954596972812884e-11, 6.649991561133899e-09, 2.1318085156804803e-11, 1.3891966614098655e-11, 2.0948219901438563e-11, 1.2124049924163766e-11, 1.9773264822384077e-11, 1.6392753887001934e-11, 1.9965503458703847e-11, 1.9695938391011844e-11, 1.471171874527377e-10, 2.0846920265276545e-11]"
hMpxV/Mexico/CHH_InDRE_F43/2023|EPI_ISL_17703584|2023-01-02,"[0.0, 0.0, 0.0, 0.0, 0.0, 0.0, 0.0, 0.0, 0.0, 0.0, 0.0, 0.0, 0.0, 0.0, 0.0, 1.0, 0.0, 0.0, 0.0, 0.0, 0.0, 0.0, 0.0, 0.0, 0.0, 0.0, 0.0, 0.0, 0.0, 0.0, 0.0]"
hMpxV/Mexico/CAM_InDRE_F5554/2022|EPI_ISL_17672225|2022-11-30,"[0.0, 0.0, 0.0, 0.0, 0.0, 0.0, 0.0, 0.0, 0.0, 0.0, 0.0, 0.0, 0.0, 0.0, 0.0, 1.0, 0.0, 0.0, 0.0, 0.0, 0.0, 0.0, 0.0, 0.0, 0.0, 0.0, 0.0, 0.0, 0.0, 0.0, 0.0]"
hMpxV/Mexico/SLP_InDRE_F293/2023|EPI_ISL_17672255|2023-02-13,"[0.0, 0.0, 0.0, 0.0, 0.0, 0.0, 0.0, 0.0, 0.0, 0.0, 0.0, 0.0, 0.0, 0.0, 0.0, 1.0, 0.0, 0.0, 0.0, 0.0, 0.0, 0.0, 0.0, 0.0, 0.0, 0.0, 0.0, 0.0, 0.0, 0.0, 0.0]"
NODE_0000399,"[1.525170009905914e-08, 2.3981289174204992e-08, 3.783721205023714e-08, 2.4530025403084596e-08, 2.17445859362817e-08, 1.2897113139050746e-07, 2.3864760325953467e-08, 2.390579044488874e-08, 2.44839470697548e-08, 2.409314901555916e-08, 2.3297507375348366e-08, 2.4004197778731173e-08, 2.203313765125681e-08, 2.3921968064147996e-08, 1.5276169079709087e-08, 0.9999975020356733, 2.3719738029811036e-08, 2.400419777872606e-08, 2.400419777872984e-08, 2.2727973245233046e-08, 1.6442787068617537e-06, 2.4836926328538605e-08, 1.6665456175553968e-08, 2.394968895822997e-08, 1.531417819850778e-08, 2.2642764384713068e-08, 1.981945415453808e-08, 2.2764941696649156e-08, 2.2971634891566212e-08, 1.0921850752246576e-07, 2.3849389914972562e-08]"
hMpxV/Mexico/MEX_InDRE_F98/2023|EPI_ISL_17703590|2023-01-11,"[0.0, 0.0, 0.0, 0.0, 0.0, 0.0, 0.0, 0.0, 0.0, 0.0, 0.0, 0.0, 0.0, 0.0, 0.0, 1.0, 0.0, 0.0, 0.0, 0.0, 0.0, 0.0, 0.0, 0.0, 0.0, 0.0, 0.0, 0.0, 0.0, 0.0, 0.0]"
NODE_0000400,"[1.3207941147436852e-09, 2.1135293269808796e-09, 3.36969929864007e-09, 2.168940533207859e-09, 1.8913339162926266e-09, 1.2039884044732296e-08, 2.107252589841647e-09, 2.115013872180381e-09, 2.165618044780163e-09, 2.130299684228806e-09, 2.0616033147621347e-09, 2.1231919944914947e-09, 1.9450016001077307e-09, 2.1096656422627205e-09, 1.3318289686318022e-09, 0.9999997470562979, 2.0891199366641486e-09, 2.123191994490337e-09, 2.1231919944911473e-09, 2.0016032718577944e-09, 1.767185787591241e-07, 2.191846336656338e-09, 1.4564638846334727e-09, 2.1186238958215148e-09, 1.3333182840090089e-09, 2.0007702432549583e-09, 1.7421417999676104e-09, 2.0129616133737947e-09, 2.027374981547237e-09, 9.90064329359068e-09, 2.1102149011624574e-09]"
hMpxV/Mexico/QUE_InDRE_F144/2023|EPI_ISL_17672243|2023-01-16,"[0.0, 0.0, 0.0, 0.0, 0.0, 0.0, 0.0, 0.0, 0.0, 0.0, 0.0, 0.0, 0.0, 0.0, 0.0, 0.9999999999999999, 0.0, 0.0, 0.0, 0.0, 0.0, 0.0, 0.0, 0.0, 0.0, 0.0, 0.0, 0.0, 0.0, 0.0, 0.0]"
hMpxV/Mexico/QUE_InDRE_F18/2022|EPI_ISL_17672248|2022-12-30,"[0.0, 0.0, 0.0, 0.0, 0.0, 0.0, 0.0, 0.0, 0.0, 0.0, 0.0, 0.0, 0.0, 0.0, 0.0, 1.0, 0.0, 0.0, 0.0, 0.0, 0.0, 0.0, 0.0, 0.0, 0.0, 0.0, 0.0, 0.0, 0.0, 0.0, 0.0]"
NODE_0000401,"[2.921418736140423e-07, 4.4143128226877805e-07, 6.827406400203179e-07, 4.479498574110649e-07, 4.1302710312486845e-07, 2.1023858135801893e-06, 4.372985580107528e-07, 4.3594967780818715e-07, 4.467344827352478e-07, 4.3998247572526945e-07, 4.246765880542047e-07, 4.380103308314337e-07, 4.0380919097145255e-07, 4.395489487210633e-07, 2.8805413265351784e-07, 0.9999630937883173, 4.371957524666723e-07, 4.3801033083140023e-07, 4.380103308314306e-07, 4.1891135021273943e-07, 2.1580434862987454e-05, 4.555055417328487e-07, 3.127346261771622e-07, 4.368863470094226e-07, 2.8971819062807543e-07, 4.14197915163173e-07, 3.667421321456097e-07, 4.1577399589897365e-07, 4.212286450057683e-07, 1.9122980927651212e-06, 4.348226133183672e-07]"
hMpxV/Mexico/NLE_InDRE_F382/2023|EPI_ISL_17703604|2023-03-10,"[0.0, 0.0, 0.0, 0.0, 0.0, 0.0, 0.0, 0.0, 0.0, 0.0, 0.0, 0.0, 0.0, 0.0, 0.0, 1.0, 0.0, 0.0, 0.0, 0.0, 0.0, 0.0, 0.0, 0.0, 0.0, 0.0, 0.0, 0.0, 0.0, 0.0, 0.0]"
NODE_0000402,"[1.3256864952708862e-11, 2.444256733101404e-11, 4.6217098260680537e-11, 2.4836160229896122e-11, 2.2305474022137217e-11, 2.290613288806003e-10, 2.4346383541062885e-11, 2.428390930343336e-11, 2.478220647256247e-11, 2.438672631223111e-11, 2.371760320452251e-11, 2.439286941139376e-11, 2.1939551502441637e-11, 2.4058322524925062e-11, 1.4095217651277182e-11, 0.9999999878615534, 2.3507945276358846e-11, 2.4392869411382087e-11, 2.4392869411392088e-11, 2.2614717578687714e-11, 1.1105002442739157e-08, 2.4683050872935926e-11, 1.595640644957909e-11, 2.4330496922077516e-11, 1.3826100393456061e-11, 2.294567579191233e-11, 1.8874932879475574e-11, 2.3187499350051594e-11, 2.2803945106748047e-11, 1.8159023589546699e-10, 2.4215032861861862e-11]"
hMpxV/Mexico/NLE_InDRE_F472/2023|EPI_ISL_17703612|2023-03-31,"[0.0, 0.0, 0.0, 0.0, 0.0, 0.0, 0.0, 0.0, 0.0, 0.0, 0.0, 0.0, 0.0, 0.0, 0.0, 1.0, 0.0, 0.0, 0.0, 0.0, 0.0, 0.0, 0.0, 0.0, 0.0, 0.0, 0.0, 0.0, 0.0, 0.0, 0.0]"
NODE_0000403,"[1.1091052701789284e-09, 1.7708272790805408e-09, 2.8119515970335836e-09, 1.8182943116856614e-09, 1.5819056245913397e-09, 9.96869774558507e-09, 1.7659227728883532e-09, 1.7730299468270977e-09, 1.8155713014497682e-09, 1.78591185416931e-09, 1.7281920258858575e-09, 1.7798355145124634e-09, 1.6309867101579332e-09, 1.768374155821628e-09, 1.1175284071889978e-09, 0.9999997995493903, 1.7517001178937115e-09, 1.7798355145116968e-09, 1.7798355145123296e-09, 1.6780288935716886e-09, 1.3679211047287954e-07, 1.8380243751498123e-09, 1.2212995420528827e-09, 1.776034768375911e-09, 1.1193003598265444e-09, 1.6771871189320226e-09, 1.461883158543748e-09, 1.6872942898491208e-09, 1.7001541332727574e-09, 8.192747413203379e-09, 1.7690395678801715e-09]"
hMpxV/Mexico/JAL_InDRE_F242/2023|EPI_ISL_17703594|2023-01-24,"[0.0, 0.0, 0.0, 0.0, 0.0, 0.0, 0.0, 0.0, 0.0, 0.0, 0.0, 0.0, 0.0, 0.0, 0.0, 1.0, 0.0, 0.0, 0.0, 0.0, 0.0, 0.0, 0.0, 0.0, 0.0, 0.0, 0.0, 0.0, 0.0, 0.0, 0.0]"
hMpxV/Mexico/NLE_InDRE_F264/2023|EPI_ISL_17703599|2023-02-07,"[0.0, 0.0, 0.0, 0.0, 0.0, 0.0, 0.0, 0.0, 0.0, 0.0, 0.0, 0.0, 0.0, 0.0, 0.0, 1.0, 0.0, 0.0, 0.0, 0.0, 0.0, 0.0, 0.0, 0.0, 0.0, 0.0, 0.0, 0.0, 0.0, 0.0, 0.0]"
NODE_0000404,"[1.503568163236334e-08, 2.3486614354240587e-08, 3.691580187900319e-08, 2.3999499403668654e-08, 2.1383445399388796e-08, 1.2373207049444265e-07, 2.3358150333528674e-08, 2.338377704738141e-08, 2.3951648437078254e-08, 2.3572249272117825e-08, 2.2787145965238957e-08, 2.3482006494070956e-08, 2.156971422972436e-08, 2.3425176114554472e-08, 1.5020437715353932e-08, 0.9999976544823791, 2.324103463761783e-08, 2.3482006494065004e-08, 2.348200649406892e-08, 2.2267073577017594e-08, 1.5131473122047743e-06, 2.4317132567782147e-08, 1.6372609807120932e-08, 2.3427732633342033e-08, 1.5068021755884013e-08, 2.2158794797796537e-08, 1.9434285634398315e-08, 2.2272677069247177e-08, 2.2490595585326024e-08, 1.0592499058676822e-07, 2.3327928353303907e-08]"
hMpxV/Mexico/NLE_InDRE_F252/2023|EPI_ISL_17703597|2023-02-02,"[0.0, 0.0, 0.0, 0.0, 0.0, 0.0, 0.0, 0.0, 0.0, 0.0, 0.0, 0.0, 0.0, 0.0, 0.0, 1.0, 0.0, 0.0, 0.0, 0.0, 0.0, 0.0, 0.0, 0.0, 0.0, 0.0, 0.0, 0.0, 0.0, 0.0, 0.0]"
hMpxV/Mexico/VER_InDRE_F379/2023|EPI_ISL_17672260|2023-03-08,"[0.0, 0.0, 0.0, 0.0, 0.0, 0.0, 0.0, 0.0, 0.0, 0.0, 0.0, 0.0, 0.0, 0.0, 0.0, 1.0, 0.0, 0.0, 0.0, 0.0, 0.0, 0.0, 0.0, 0.0, 0.0, 0.0, 0.0, 0.0, 0.0, 0.0, 0.0]"
NODE_0000354,"[1.9936778782872647e-13, 3.595244524844642e-13, 1.511975938312218e-11, 2.991795309452452e-14, 2.013150604050072e-11, 8.298112573627296e-14, 1.3362282581529664e-13, 2.9930497217724654e-14, 2.9931567142235074e-14, 2.9883896389331956e-14, 2.994017430969862e-14, 2.9957442524296975e-14, 2.835005803210806e-14, 1.2709484781588694e-13, 1.2967884236623233e-13, 1.097494695377169e-10, 6.598884554049651e-14, 2.995744252429128e-14, 2.9957442524291327e-14, 1.2291261330446891e-13, 0.9999999445273636, 2.919709137669097e-14, 2.7445154405914733e-13, 2.9936402496048776e-14, 3.128661379625016e-14, 4.125288324039812e-14, 2.7507719062968258e-14, 4.090343779951361e-14, 2.8752826439095107e-14, 5.532561381186368e-08, 2.989922479983891e-14]"
hMpxV/Peru/LIM-INS-424/2023|EPI_ISL_19343529|2023-02-14,"[0.0, 0.0, 0.0, 0.0, 0.0, 0.0, 0.0, 0.0, 0.0, 0.0, 0.0, 0.0, 0.0, 0.0, 0.0, 0.0, 0.0, 0.0, 0.0, 0.0, 1.0, 0.0, 0.0, 0.0, 0.0, 0.0, 0.0, 0.0, 0.0, 0.0, 0.0]"
NODE_0000370,"[8.085590237685577e-26, 1.1173467029758905e-24, 3.987831040466164e-22, 7.71592573831763e-27, 9.08418541903977e-19, 5.817364475706135e-26, 1.5407137270020307e-25, 7.830049071535143e-27, 7.722827427829231e-27, 7.727595389959082e-27, 7.917219161273574e-27, 7.833794958826745e-27, 7.126034873844737e-27, 1.3717023162707776e-25, 9.164501080749078e-26, 1.6729174558335815e-20, 1.1339000885869557e-26, 7.833794958817141e-27, 7.833794958818726e-27, 1.2945092331024808e-25, 1.0, 7.109587769763477e-27, 2.44205117674879e-25, 7.82829550936205e-27, 4.6863194466685765e-27, 7.909679881923415e-27, 6.528681836172875e-27, 8.09732370256108e-27, 7.120977905492627e-27, 6.575734700405626e-20, 7.81762958873986e-27]"
hMpxV/Peru/LIM-INS-401/2023|EPI_ISL_19343470|2023-02-01,"[0.0, 0.0, 0.0, 0.0, 0.0, 0.0, 0.0, 0.0, 0.0, 0.0, 0.0, 0.0, 0.0, 0.0, 0.0, 0.0, 0.0, 0.0, 0.0, 0.0, 1.0, 0.0, 0.0, 0.0, 0.0, 0.0, 0.0, 0.0, 0.0, 0.0, 0.0]"
hMpxV/Peru/LIM-INS-388/2023|EPI_ISL_19343483|2023-01-21,"[0.0, 0.0, 0.0, 0.0, 0.0, 0.0, 0.0, 0.0, 0.0, 0.0, 0.0, 0.0, 0.0, 0.0, 0.0, 0.0, 0.0, 0.0, 0.0, 0.0, 1.0, 0.0, 0.0, 0.0, 0.0, 0.0, 0.0, 0.0, 0.0, 0.0, 0.0]"
hMpxV/Peru/LIM-INS-410/2023|EPI_ISL_19343485|2023-02-06,"[0.0, 0.0, 0.0, 0.0, 0.0, 0.0, 0.0, 0.0, 0.0, 0.0, 0.0, 0.0, 0.0, 0.0, 0.0, 0.0, 0.0, 0.0, 0.0, 0.0, 1.0, 0.0, 0.0, 0.0, 0.0, 0.0, 0.0, 0.0, 0.0, 0.0, 0.0]"
hMpxV/Peru/LIM-INS-418/2023|EPI_ISL_19343493|2023-02-09,"[0.0, 0.0, 0.0, 0.0, 0.0, 0.0, 0.0, 0.0, 0.0, 0.0, 0.0, 0.0, 0.0, 0.0, 0.0, 0.0, 0.0, 0.0, 0.0, 0.0, 1.0, 0.0, 0.0, 0.0, 0.0, 0.0, 0.0, 0.0, 0.0, 0.0, 0.0]"
hMpxV/Peru/LIM-INS-439/2023|EPI_ISL_19343533|2023-01-06,"[0.0, 0.0, 0.0, 0.0, 0.0, 0.0, 0.0, 0.0, 0.0, 0.0, 0.0, 0.0, 0.0, 0.0, 0.0, 0.0, 0.0, 0.0, 0.0, 0.0, 1.0, 0.0, 0.0, 0.0, 0.0, 0.0, 0.0, 0.0, 0.0, 0.0, 0.0]"
hMpxV/Peru/LIM-INS-389/2023|EPI_ISL_19343548|2023-01-11,"[0.0, 0.0, 0.0, 0.0, 0.0, 0.0, 0.0, 0.0, 0.0, 0.0, 0.0, 0.0, 0.0, 0.0, 0.0, 0.0, 0.0, 0.0, 0.0, 0.0, 1.0, 0.0, 0.0, 0.0, 0.0, 0.0, 0.0, 0.0, 0.0, 0.0, 0.0]"
hMpxV/Peru/LIM-INS-380/2023|EPI_ISL_19343566|2023-01-11,"[0.0, 0.0, 0.0, 0.0, 0.0, 0.0, 0.0, 0.0, 0.0, 0.0, 0.0, 0.0, 0.0, 0.0, 0.0, 0.0, 0.0, 0.0, 0.0, 0.0, 1.0, 0.0, 0.0, 0.0, 0.0, 0.0, 0.0, 0.0, 0.0, 0.0, 0.0]"
hMpxV/Chile/RM-ISP-3703/2023|EPI_ISL_19345365|2023-01-13,"[0.0, 0.0, 0.0, 0.0, 0.9999999999999999, 0.0, 0.0, 0.0, 0.0, 0.0, 0.0, 0.0, 0.0, 0.0, 0.0, 0.0, 0.0, 0.0, 0.0, 0.0, 0.0, 0.0, 0.0, 0.0, 0.0, 0.0, 0.0, 0.0, 0.0, 0.0, 0.0]"
NODE_0000367,"[2.3453329037344838e-09, 5.5701232692725746e-09, 4.282379031977193e-08, 8.897186231486416e-10, 8.357653047314847e-08, 1.885883461345748e-09, 2.6896836628504085e-09, 8.742367164913013e-10, 8.889984587547836e-10, 8.813601482910227e-10, 8.603584954200542e-10, 8.762442803833162e-10, 8.42152049289585e-10, 2.662506298751867e-09, 2.149303878653851e-09, 1.9439643829555665e-07, 1.061206514084486e-09, 8.762442803831948e-10, 8.762442803832148e-10, 2.591240147704633e-09, 0.9999992036887927, 9.065923846261559e-10, 3.0148604870061997e-09, 8.75167046902593e-10, 7.295909524170986e-10, 8.55561415088383e-10, 8.467410057625236e-10, 8.556292597737341e-10, 8.683886004658659e-10, 4.368678508325508e-07, 8.732287983566455e-10]"
hMpxV/Peru/LIM-INS-405/2023|EPI_ISL_19343509|2023-02-09,"[0.0, 0.0, 0.0, 0.0, 0.0, 0.0, 0.0, 0.0, 0.0, 0.0, 0.0, 0.0, 0.0, 0.0, 0.0, 0.0, 0.0, 0.0, 0.0, 0.0, 1.0, 0.0, 0.0, 0.0, 0.0, 0.0, 0.0, 0.0, 0.0, 0.0, 0.0]"
NODE_0000368,"[2.297281971666084e-42, 1.7897212402713646e-40, 9.653147517618844e-36, 1.78795515800157e-44, 2.789914704667138e-34, 8.228612083212909e-43, 4.899888366925864e-42, 1.8944717524555175e-44, 1.7939229649115456e-44, 1.83729181226065e-44, 2.0031048939243732e-44, 1.8897067299361953e-44, 1.6899714635382034e-44, 3.849397652907774e-42, 2.5931478914558165e-42, 4.096774356792001e-32, 4.204044130013677e-44, 1.8897067299341937e-44, 1.889706729934675e-44, 3.62884348164317e-42, 1.0, 1.489045470574001e-44, 1.715933111542004e-41, 1.8905104796870447e-44, 1.1402127424787424e-44, 2.155795610529565e-44, 1.6011761552281249e-44, 2.2453084750227454e-44, 1.637172765180017e-44, 8.477596726385806e-31, 1.8920279345124915e-44]"
hMpxV/Peru/MOQ-INS-459/2023|EPI_ISL_19343464|2023-04-03,"[0.0, 0.0, 0.0, 0.0, 0.0, 0.0, 0.0, 0.0, 0.0, 0.0, 0.0, 0.0, 0.0, 0.0, 0.0, 0.0, 0.0, 0.0, 0.0, 0.0, 1.0, 0.0, 0.0, 0.0, 0.0, 0.0, 0.0, 0.0, 0.0, 0.0, 0.0]"
hMpxV/Peru/MOQ-INS-454/2023|EPI_ISL_19343465|2023-03-24,"[0.0, 0.0, 0.0, 0.0, 0.0, 0.0, 0.0, 0.0, 0.0, 0.0, 0.0, 0.0, 0.0, 0.0, 0.0, 0.0, 0.0, 0.0, 0.0, 0.0, 1.0, 0.0, 0.0, 0.0, 0.0, 0.0, 0.0, 0.0, 0.0, 0.0, 0.0]"
hMpxV/Peru/TAC-INS-426/2023|EPI_ISL_19343472|2023-02-21,"[0.0, 0.0, 0.0, 0.0, 0.0, 0.0, 0.0, 0.0, 0.0, 0.0, 0.0, 0.0, 0.0, 0.0, 0.0, 0.0, 0.0, 0.0, 0.0, 0.0, 1.0, 0.0, 0.0, 0.0, 0.0, 0.0, 0.0, 0.0, 0.0, 0.0, 0.0]"
hMpxV/Peru/LIM-INS-474/2023|EPI_ISL_19343522|2023-03-14,"[0.0, 0.0, 0.0, 0.0, 0.0, 0.0, 0.0, 0.0, 0.0, 0.0, 0.0, 0.0, 0.0, 0.0, 0.0, 0.0, 0.0, 0.0, 0.0, 0.0, 1.0, 0.0, 0.0, 0.0, 0.0, 0.0, 0.0, 0.0, 0.0, 0.0, 0.0]"
hMpxV/Peru/LIM-INS-458/2023|EPI_ISL_19343527|2023-04-04,"[0.0, 0.0, 0.0, 0.0, 0.0, 0.0, 0.0, 0.0, 0.0, 0.0, 0.0, 0.0, 0.0, 0.0, 0.0, 0.0, 0.0, 0.0, 0.0, 0.0, 1.0, 0.0, 0.0, 0.0, 0.0, 0.0, 0.0, 0.0, 0.0, 0.0, 0.0]"
hMpxV/Peru/LIM-INS-448/2023|EPI_ISL_19343544|2023-03-18,"[0.0, 0.0, 0.0, 0.0, 0.0, 0.0, 0.0, 0.0, 0.0, 0.0, 0.0, 0.0, 0.0, 0.0, 0.0, 0.0, 0.0, 0.0, 0.0, 0.0, 1.0, 0.0, 0.0, 0.0, 0.0, 0.0, 0.0, 0.0, 0.0, 0.0, 0.0]"
hMpxV/Peru/TAC-INS-468/2023|EPI_ISL_19343577|2023-02-24,"[0.0, 0.0, 0.0, 0.0, 0.0, 0.0, 0.0, 0.0, 0.0, 0.0, 0.0, 0.0, 0.0, 0.0, 0.0, 0.0, 0.0, 0.0, 0.0, 0.0, 1.0, 0.0, 0.0, 0.0, 0.0, 0.0, 0.0, 0.0, 0.0, 0.0, 0.0]"
hMpxV/Peru/TAC-INS-481/2023|EPI_ISL_19343578|2023-02-24,"[0.0, 0.0, 0.0, 0.0, 0.0, 0.0, 0.0, 0.0, 0.0, 0.0, 0.0, 0.0, 0.0, 0.0, 0.0, 0.0, 0.0, 0.0, 0.0, 0.0, 1.0, 0.0, 0.0, 0.0, 0.0, 0.0, 0.0, 0.0, 0.0, 0.0, 0.0]"
hMpxV/Peru/TAC-INS-463/2023|EPI_ISL_19343581|2023-02-20,"[0.0, 0.0, 0.0, 0.0, 0.0, 0.0, 0.0, 0.0, 0.0, 0.0, 0.0, 0.0, 0.0, 0.0, 0.0, 0.0, 0.0, 0.0, 0.0, 0.0, 0.9999999999999999, 0.0, 0.0, 0.0, 0.0, 0.0, 0.0, 0.0, 0.0, 0.0, 0.0]"
hMpxV/Peru/TAC-INS-423/2023|EPI_ISL_19343582|2023-02-15,"[0.0, 0.0, 0.0, 0.0, 0.0, 0.0, 0.0, 0.0, 0.0, 0.0, 0.0, 0.0, 0.0, 0.0, 0.0, 0.0, 0.0, 0.0, 0.0, 0.0, 0.9999999999999999, 0.0, 0.0, 0.0, 0.0, 0.0, 0.0, 0.0, 0.0, 0.0, 0.0]"
hMpxV/Peru/TAC-INS-421/2023|EPI_ISL_19343575|2023-02-14,"[0.0, 0.0, 0.0, 0.0, 0.0, 0.0, 0.0, 0.0, 0.0, 0.0, 0.0, 0.0, 0.0, 0.0, 0.0, 0.0, 0.0, 0.0, 0.0, 0.0, 1.0, 0.0, 0.0, 0.0, 0.0, 0.0, 0.0, 0.0, 0.0, 0.0, 0.0]"
hMpxV/Peru/TAC-INS-409/2023|EPI_ISL_19343583|2023-02-02,"[0.0, 0.0, 0.0, 0.0, 0.0, 0.0, 0.0, 0.0, 0.0, 0.0, 0.0, 0.0, 0.0, 0.0, 0.0, 0.0, 0.0, 0.0, 0.0, 0.0, 1.0, 0.0, 0.0, 0.0, 0.0, 0.0, 0.0, 0.0, 0.0, 0.0, 0.0]"
hMpxV/Peru/MDD-INS-475/2023|EPI_ISL_19343586|2023-03-08,"[0.0, 0.0, 0.0, 0.0, 0.0, 0.0, 0.0, 0.0, 0.0, 0.0, 0.0, 0.0, 0.0, 0.0, 0.0, 0.0, 0.0, 0.0, 0.0, 0.0, 1.0, 0.0, 0.0, 0.0, 0.0, 0.0, 0.0, 0.0, 0.0, 0.0, 0.0]"
hMpxV/Peru/CUS-INS-471/2023|EPI_ISL_19343590|2023-03-01,"[0.0, 0.0, 0.0, 0.0, 0.0, 0.0, 0.0, 0.0, 0.0, 0.0, 0.0, 0.0, 0.0, 0.0, 0.0, 0.0, 0.0, 0.0, 0.0, 0.0, 1.0, 0.0, 0.0, 0.0, 0.0, 0.0, 0.0, 0.0, 0.0, 0.0, 0.0]"
NODE_0000369,"[2.7210751719005216e-09, 6.058998534078116e-09, 4.455328924751929e-08, 1.0766490381530197e-09, 8.362647959687262e-08, 2.1917894507393743e-09, 3.029168647432437e-09, 1.0568975839807946e-09, 1.0757216913518689e-09, 1.0670787703647576e-09, 1.040234555832128e-09, 1.0594956352043525e-09, 1.017900177935682e-09, 3.003453278114108e-09, 2.415283404345132e-09, 1.9209011562375103e-07, 1.2981579874048268e-09, 1.059495635203492e-09, 1.0594956352037046e-09, 2.926652282521474e-09, 0.9999991965053414, 1.1000133936685855e-09, 3.3819413120889295e-09, 1.0580971894009835e-09, 9.000789866096325e-10, 1.042410803979298e-09, 1.03083476754955e-09, 1.0415644686007213e-09, 1.0535234785340497e-09, 4.384031511829271e-07, 1.055610922305292e-09]"
hMpxV/Peru/LIM-INS-449/2023|EPI_ISL_19343537|2023-03-22,"[0.0, 0.0, 0.0, 0.0, 0.0, 0.0, 0.0, 0.0, 0.0, 0.0, 0.0, 0.0, 0.0, 0.0, 0.0, 0.0, 0.0, 0.0, 0.0, 0.0, 0.9999999999999999, 0.0, 0.0, 0.0, 0.0, 0.0, 0.0, 0.0, 0.0, 0.0, 0.0]"
hMpxV/Peru/LIM-INS-462/2023|EPI_ISL_19343552|2023-04-21,"[0.0, 0.0, 0.0, 0.0, 0.0, 0.0, 0.0, 0.0, 0.0, 0.0, 0.0, 0.0, 0.0, 0.0, 0.0, 0.0, 0.0, 0.0, 0.0, 0.0, 1.0, 0.0, 0.0, 0.0, 0.0, 0.0, 0.0, 0.0, 0.0, 0.0, 0.0]"
NODE_0000355,"[4.03058364932429e-08, 3.361220818791638e-08, 5.531727479057337e-07, 8.882092127811393e-09, 2.801648225833074e-07, 1.547202641226857e-08, 1.9929121372182553e-08, 8.825798169453938e-09, 8.885633764341915e-09, 8.83686170150486e-09, 8.76034248011796e-09, 8.835006817696965e-09, 8.428333022325973e-09, 1.9468648429586716e-08, 2.2904895171639132e-08, 1.162314495760396e-06, 2.0564224362747094e-08, 8.835006817707177e-09, 8.83500681770157e-09, 1.8886093075216408e-08, 0.982791838847761, 8.84350444120058e-09, 4.20814355592222e-08, 8.828910284137947e-09, 1.0386350588920283e-08, 1.3102142438203053e-08, 8.101464561707942e-09, 1.2879684930118474e-08, 8.57005879001044e-09, 0.017205773621389375, 8.818096563047686e-09]"
hMpxV/USA/CA-LACPHL-MA00408/2023|EPI_ISL_16997442|2023-01-11,"[0.0, 0.0, 0.0, 0.0, 0.0, 0.0, 0.0, 0.0, 0.0, 0.0, 0.0, 0.0, 0.0, 0.0, 0.0, 0.0, 0.0, 0.0, 0.0, 0.0, 0.0, 0.0, 0.0, 0.0, 0.0, 0.0, 0.0, 0.0, 0.0, 1.0, 0.0]"
hMpxV/Peru/LIM-INS-377/2023|EPI_ISL_19343474|2023-01-13,"[0.0, 0.0, 0.0, 0.0, 0.0, 0.0, 0.0, 0.0, 0.0, 0.0, 0.0, 0.0, 0.0, 0.0, 0.0, 0.0, 0.0, 0.0, 0.0, 0.0, 0.9999999999999999, 0.0, 0.0, 0.0, 0.0, 0.0, 0.0, 0.0, 0.0, 0.0, 0.0]"
NODE_0000356,"[1.1655102084940154e-05, 1.7908506333608964e-05, 7.476131669788939e-05, 6.209881410652755e-06, 0.00010343906849901693, 9.716640875318158e-06, 1.1507607673715692e-05, 6.061351307286361e-06, 6.207285056904231e-06, 6.149895290185884e-06, 5.9392018671595055e-06, 6.076725551086228e-06, 5.864139379562571e-06, 1.1626454558777066e-05, 9.390314392520081e-06, 0.0001880895595162378, 7.385618696558338e-06, 6.076725551085655e-06, 6.0767255510857085e-06, 1.1358783057528627e-05, 0.9989786000783047, 6.453417847008599e-06, 1.2054068144616538e-05, 6.06859057315383e-06, 5.480420524090366e-06, 6.035730284082074e-06, 6.0223450185228e-06, 6.0046703960210116e-06, 6.124515069963691e-06, 0.0004496004831460592, 6.054777340639492e-06]"
NODE_0000366,"[5.747678598109997e-10, 1.2256979748270642e-09, 8.561438687213656e-09, 2.3418348286274007e-10, 1.5490998919385564e-08, 4.639740150892276e-10, 6.303092074023951e-10, 2.297742241867701e-10, 2.340189317610886e-10, 2.3207387771085295e-10, 2.2600989583840597e-10, 2.3032163274858235e-10, 2.2143159199308944e-10, 6.263148245116009e-10, 5.040480921457445e-10, 3.5004728585202815e-08, 2.8168180287603457e-10, 2.3032163274835852e-10, 2.3032163274841347e-10, 6.103710759973541e-10, 0.9999998503530165, 2.396693560374949e-10, 7.000769395682323e-10, 2.3002668381088142e-10, 1.965637205631485e-10, 2.2676601168221373e-10, 2.242623884312654e-10, 2.2648507060608575e-10, 2.2925655189247708e-10, 8.110158146131484e-08, 2.295074676704e-10]"
hMpxV/Peru/LIM-INS-553/2024|EPI_ISL_19449529|2024-07-04,"[0.0, 0.0, 0.0, 0.0, 0.0, 0.0, 0.0, 0.0, 0.0, 0.0, 0.0, 0.0, 0.0, 0.0, 0.0, 0.0, 0.0, 0.0, 0.0, 0.0, 1.0, 0.0, 0.0, 0.0, 0.0, 0.0, 0.0, 0.0, 0.0, 0.0, 0.0]"
hMpxV/Peru/LIM-INS-558/2024|EPI_ISL_19449534|2024-07-02,"[0.0, 0.0, 0.0, 0.0, 0.0, 0.0, 0.0, 0.0, 0.0, 0.0, 0.0, 0.0, 0.0, 0.0, 0.0, 0.0, 0.0, 0.0, 0.0, 0.0, 0.9999999999999999, 0.0, 0.0, 0.0, 0.0, 0.0, 0.0, 0.0, 0.0, 0.0, 0.0]"
NODE_0000357,"[1.172562221099534e-11, 3.5314384472087244e-13, 1.7607037099817397e-11, 2.1451224227937222e-14, 2.9770348614809614e-11, 6.938866169516319e-14, 1.1618112225437258e-13, 2.1474722460081765e-14, 2.1501067451488746e-14, 2.1439698964163846e-14, 2.149409765027361e-14, 2.1478408121764918e-14, 2.0002625600504016e-14, 1.0919002931012847e-13, 1.1064935628046112e-13, 1.3579420563689068e-10, 2.892013906125662e-14, 2.1478408121758254e-14, 2.1478408121759677e-14, 1.0475927841387207e-13, 0.9999999989641217, 2.0740662817312344e-14, 1.5058459110454004e-13, 2.1468885794278068e-14, 2.2316773019817287e-14, 2.2051664881826987e-14, 1.940716344132267e-14, 2.229053686618711e-14, 2.0451929991769455e-14, 8.395761301353499e-10, 2.1456212145366253e-14]"
hMpxV/Australia/VIC-VIDRL-2388/2024|EPI_ISL_19459749|2024-04-18,"[0.9999999999999999, 0.0, 0.0, 0.0, 0.0, 0.0, 0.0, 0.0, 0.0, 0.0, 0.0, 0.0, 0.0, 0.0, 0.0, 0.0, 0.0, 0.0, 0.0, 0.0, 0.0, 0.0, 0.0, 0.0, 0.0, 0.0, 0.0, 0.0, 0.0, 0.0, 0.0]"
hMpxV/Peru/LIM-INS-525/2024|EPI_ISL_19353804|2024-04-05,"[0.0, 0.0, 0.0, 0.0, 0.0, 0.0, 0.0, 0.0, 0.0, 0.0, 0.0, 0.0, 0.0, 0.0, 0.0, 0.0, 0.0, 0.0, 0.0, 0.0, 1.0, 0.0, 0.0, 0.0, 0.0, 0.0, 0.0, 0.0, 0.0, 0.0, 0.0]"
hMpxV/Peru/LIM-INS-532/2024|EPI_ISL_19353819|2024-03-14,"[0.0, 0.0, 0.0, 0.0, 0.0, 0.0, 0.0, 0.0, 0.0, 0.0, 0.0, 0.0, 0.0, 0.0, 0.0, 0.0, 0.0, 0.0, 0.0, 0.0, 1.0, 0.0, 0.0, 0.0, 0.0, 0.0, 0.0, 0.0, 0.0, 0.0, 0.0]"
NODE_0000358,"[4.0210613698973273e-10, 1.0444699336641364e-09, 1.3721225014638427e-08, 1.2744452317215677e-10, 2.9315748876139552e-08, 3.0575631860160664e-10, 4.4743906973574087e-10, 1.2563128083219601e-10, 1.2738203068207558e-10, 1.2673335579984626e-10, 1.2428673387082686e-10, 1.2591187153386726e-10, 1.20315158940422e-10, 4.3748831857793727e-10, 3.4550709564788044e-10, 8.974101446331172e-08, 1.6364895059754395e-10, 1.259118715338504e-10, 1.2591187153385167e-10, 4.2596038820933133e-10, 0.9999996113578976, 1.288139231285265e-10, 5.398834749790177e-10, 1.2575117364812098e-10, 1.0735044514453187e-10, 1.2658624564985464e-10, 1.2238702003206459e-10, 1.2669649744147645e-10, 1.245373253961278e-10, 2.4963473048936767e-07, 1.2547238574353904e-10]"
hMpxV/Peru/LIM-INS-563/2024|EPI_ISL_19449539|2024-06-05,"[0.0, 0.0, 0.0, 0.0, 0.0, 0.0, 0.0, 0.0, 0.0, 0.0, 0.0, 0.0, 0.0, 0.0, 0.0, 0.0, 0.0, 0.0, 0.0, 0.0, 1.0, 0.0, 0.0, 0.0, 0.0, 0.0, 0.0, 0.0, 0.0, 0.0, 0.0]"
hMpxV/Peru/CAL-INS-524/2024|EPI_ISL_19353791|2024-04-06,"[0.0, 0.0, 0.0, 0.0, 0.0, 0.0, 0.0, 0.0, 0.0, 0.0, 0.0, 0.0, 0.0, 0.0, 0.0, 0.0, 0.0, 0.0, 0.0, 0.0, 0.9999999999999999, 0.0, 0.0, 0.0, 0.0, 0.0, 0.0, 0.0, 0.0, 0.0, 0.0]"
NODE_0000359,"[5.774880776408572e-08, 1.2060862369781698e-07, 8.328535764898626e-07, 2.3876022895064088e-08, 1.492955172400053e-06, 4.6657448608760114e-08, 6.266587436256785e-08, 2.3417413060191504e-08, 2.385719453120707e-08, 2.3667766913817705e-08, 2.3039111509366794e-08, 2.34759062567564e-08, 2.256112402710807e-08, 6.228443060375319e-08, 5.001027628909844e-08, 3.3614192135042716e-06, 2.8887378260080326e-08, 2.3475906256754193e-08, 2.347590625675463e-08, 6.073800796141474e-08, 0.9999855658683555, 2.4458883560677075e-08, 6.951085490745638e-08, 2.344436674336486e-08, 2.0218467721497343e-08, 2.3194597796675122e-08, 2.2937673987106483e-08, 2.3158048877651292e-08, 2.3402775457522195e-08, 7.792741845691137e-06, 2.3388967982524342e-08]"
hMpxV/Peru/LIM-INS-550/2024|EPI_ISL_19449526|2024-07-25,"[0.0, 0.0, 0.0, 0.0, 0.0, 0.0, 0.0, 0.0, 0.0, 0.0, 0.0, 0.0, 0.0, 0.0, 0.0, 0.0, 0.0, 0.0, 0.0, 0.0, 1.0, 0.0, 0.0, 0.0, 0.0, 0.0, 0.0, 0.0, 0.0, 0.0, 0.0]"
hMpxV/Peru/LIM-INS-559/2024|EPI_ISL_19449535|2024-08-05,"[0.0, 0.0, 0.0, 0.0, 0.0, 0.0, 0.0, 0.0, 0.0, 0.0, 0.0, 0.0, 0.0, 0.0, 0.0, 0.0, 0.0, 0.0, 0.0, 0.0, 0.9999999999999999, 0.0, 0.0, 0.0, 0.0, 0.0, 0.0, 0.0, 0.0, 0.0, 0.0]"
NODE_0000360,"[1.5393042964703803e-15, 7.077679570031802e-15, 3.781691894448378e-13, 2.618515546349362e-16, 1.256822458998974e-12, 1.0312969788995743e-15, 1.9069710689977575e-15, 2.6125277881398953e-16, 2.618656046982936e-16, 2.6187698033088414e-16, 2.6143734417221635e-16, 2.616506121574052e-16, 2.471535894874382e-16, 1.796499886353064e-15, 1.37973341627882e-15, 7.3744953420767e-12, 3.737594234530048e-16, 2.616506121572735e-16, 2.6165061215729423e-16, 1.740227819975537e-15, 0.9999999999623614, 2.562151964826381e-16, 2.7543122371516635e-15, 2.6137905415616026e-16, 2.1132069894283429e-16, 2.692235062745849e-16, 2.489392891872589e-16, 2.7124248283607204e-16, 2.5323851536946746e-16, 2.860503922202018e-11, 2.6090893793496373e-16]"
hMpxV/Peru/LIM-INS-562/2024|EPI_ISL_19449538|2024-07-04,"[0.0, 0.0, 0.0, 0.0, 0.0, 0.0, 0.0, 0.0, 0.0, 0.0, 0.0, 0.0, 0.0, 0.0, 0.0, 0.0, 0.0, 0.0, 0.0, 0.0, 1.0, 0.0, 0.0, 0.0, 0.0, 0.0, 0.0, 0.0, 0.0, 0.0, 0.0]"
hMpxV/Peru/CAL-INS-521/2024|EPI_ISL_19353792|2024-04-23,"[0.0, 0.0, 0.0, 0.0, 0.0, 0.0, 0.0, 0.0, 0.0, 0.0, 0.0, 0.0, 0.0, 0.0, 0.0, 0.0, 0.0, 0.0, 0.0, 0.0, 1.0, 0.0, 0.0, 0.0, 0.0, 0.0, 0.0, 0.0, 0.0, 0.0, 0.0]"
NODE_0000365,"[6.382109327358677e-10, 1.4791980267979379e-09, 1.1169214642075567e-08, 2.460180218433476e-10, 2.1468440935705374e-08, 5.135598530980934e-10, 7.239325035195538e-10, 2.416514035179447e-10, 2.458171130132835e-10, 2.437470135994738e-10, 2.37814899507366e-10, 2.422183129353771e-10, 2.327754663835085e-10, 7.171024282067714e-10, 5.781397107940985e-10, 4.9677534145188905e-08, 2.9445737034905725e-10, 2.4221831293517517e-10, 2.422183129352247e-10, 6.982076422353394e-10, 0.9999997948736945, 2.5093675431632833e-10, 8.10106199228101e-10, 2.419137459641893e-10, 2.031026150753009e-10, 2.371166800456742e-10, 2.3461252625405576e-10, 2.370583092687032e-10, 2.403333591161511e-10, 1.1229728015686984e-07, 2.4136842784346756e-10]"
hMpxV/Peru/LIM-INS-565/2024|EPI_ISL_19449541|2024-06-15,"[0.0, 0.0, 0.0, 0.0, 0.0, 0.0, 0.0, 0.0, 0.0, 0.0, 0.0, 0.0, 0.0, 0.0, 0.0, 0.0, 0.0, 0.0, 0.0, 0.0, 1.0, 0.0, 0.0, 0.0, 0.0, 0.0, 0.0, 0.0, 0.0, 0.0, 0.0]"
hMpxV/Peru/LIM-INS-572/2024|EPI_ISL_19449548|2024-06-06,"[0.0, 0.0, 0.0, 0.0, 0.0, 0.0, 0.0, 0.0, 0.0, 0.0, 0.0, 0.0, 0.0, 0.0, 0.0, 0.0, 0.0, 0.0, 0.0, 0.0, 0.9999999999999999, 0.0, 0.0, 0.0, 0.0, 0.0, 0.0, 0.0, 0.0, 0.0, 0.0]"
NODE_0000363,"[8.785487936945577e-08, 1.8797923942325848e-07, 1.3442654978341886e-06, 3.568061555678548e-08, 2.462763061176095e-06, 7.084317700855403e-08, 9.602682901908738e-08, 3.500522501829455e-08, 3.564877643855455e-08, 3.537444658934268e-08, 3.445545930948954e-08, 3.5094735734407174e-08, 3.370956942394757e-08, 9.530902290402689e-08, 7.646674643166574e-08, 5.612786345447019e-06, 4.3306867278632486e-08, 3.509473573440494e-08, 3.5094735734405705e-08, 9.294167889641339e-08, 0.9999761978907497, 3.6515469100779405e-08, 1.069420004352369e-07, 3.504647354227739e-08, 3.018503399968761e-08, 3.469064708762674e-08, 3.428889716383457e-08, 3.46434079053824e-08, 3.496906557130103e-08, 1.2934165372966945e-05, 3.49612382680306e-08]"
hMpxV/Peru/LIM-INS-560/2024|EPI_ISL_19449536|2024-07-29,"[0.0, 0.0, 0.0, 0.0, 0.0, 0.0, 0.0, 0.0, 0.0, 0.0, 0.0, 0.0, 0.0, 0.0, 0.0, 0.0, 0.0, 0.0, 0.0, 0.0, 1.0, 0.0, 0.0, 0.0, 0.0, 0.0, 0.0, 0.0, 0.0, 0.0, 0.0]"
NODE_0000364,"[8.09680731110771e-11, 2.0130940948756508e-10, 1.6909066202537184e-09, 2.958330090796147e-11, 3.438485541399193e-09, 6.476859159451473e-11, 9.429758203876e-11, 2.9091574934273554e-11, 2.956137034986118e-11, 2.9301819858030716e-11, 2.863507901176144e-11, 2.915494140906144e-11, 2.8018321977132167e-11, 9.317306826590184e-11, 7.531870708450532e-11, 8.49154720038924e-09, 3.5223195578443646e-11, 2.915494140903579e-11, 2.915494140904199e-11, 9.060735882269096e-11, 0.9999999652903176, 3.00800124000914e-11, 1.066233348525934e-10, 2.9120870769833464e-11, 2.4007614591922632e-11, 2.839475109850571e-11, 2.805227151487892e-11, 2.8413144355827794e-11, 2.882705907253701e-11, 1.975884258801237e-08, 2.905922077205911e-11]"
hMpxV/Peru/LIM-INS-555/2024|EPI_ISL_19449531|2024-06-11,"[0.0, 0.0, 0.0, 0.0, 0.0, 0.0, 0.0, 0.0, 0.0, 0.0, 0.0, 0.0, 0.0, 0.0, 0.0, 0.0, 0.0, 0.0, 0.0, 0.0, 1.0, 0.0, 0.0, 0.0, 0.0, 0.0, 0.0, 0.0, 0.0, 0.0, 0.0]"
hMpxV/Peru/LIM-INS-568/2024|EPI_ISL_19449544|2024-06-21,"[0.0, 0.0, 0.0, 0.0, 0.0, 0.0, 0.0, 0.0, 0.0, 0.0, 0.0, 0.0, 0.0, 0.0, 0.0, 0.0, 0.0, 0.0, 0.0, 0.0, 0.9999999999999999, 0.0, 0.0, 0.0, 0.0, 0.0, 0.0, 0.0, 0.0, 0.0, 0.0]"
NODE_0000361,"[2.6384446767311208e-09, 5.87963369231539e-09, 4.325220257883211e-08, 1.0434303579928263e-09, 8.121865348814884e-08, 2.1252062334983754e-09, 2.9383388766584434e-09, 1.0243011464259435e-09, 1.0425334530588326e-09, 1.0341460659854223e-09, 1.0081464540723412e-09, 1.026815951100688e-09, 9.86513416384925e-10, 2.9133546289758274e-09, 2.342979443564276e-09, 1.8657847958389243e-07, 1.2578621713986739e-09, 1.0268159510998544e-09, 1.02681595110006e-09, 2.838804598369337e-09, 0.9999992197443833, 1.066038502000815e-09, 3.28063297306502e-09, 1.0254623692652877e-09, 8.720555396288813e-10, 1.010135757665197e-09, 9.989337521141561e-10, 1.009327708699587e-09, 1.0209790345345267e-09, 4.2574551697957264e-07, 1.0230555716403861e-09]"
hMpxV/Peru/LIM-INS-510/2024|EPI_ISL_19353795|2024-05-21,"[0.0, 0.0, 0.0, 0.0, 0.0, 0.0, 0.0, 0.0, 0.0, 0.0, 0.0, 0.0, 0.0, 0.0, 0.0, 0.0, 0.0, 0.0, 0.0, 0.0, 1.0, 0.0, 0.0, 0.0, 0.0, 0.0, 0.0, 0.0, 0.0, 0.0, 0.0]"
NODE_0000362,"[1.6050079620849408e-12, 5.032803215889324e-12, 7.6712623552575e-11, 4.4887437747996057e-13, 1.850073532715014e-10, 1.2126943884715922e-12, 1.9402683264256187e-12, 4.4370009119472693e-13, 4.4866832652403286e-13, 4.458535136396303e-13, 4.390271203891259e-13, 4.4453364556654886e-13, 4.2495109069729954e-13, 1.88660819327504e-12, 1.5032844452467633e-12, 5.919058538308109e-10, 5.62453793991036e-13, 4.445336455664268e-13, 4.4453364556643976e-13, 1.8311545140800625e-12, 0.9999999975478266, 4.501635830987801e-13, 2.3744599242648674e-12, 4.440551188248381e-13, 3.595939691663767e-13, 4.3851358348051667e-13, 4.2461605599754624e-13, 4.399883106721803e-13, 4.3573536562098776e-13, 1.573178137252238e-09, 4.4319365425561866e-13]"
hMpxV/Peru/LIM-INS-551/2024|EPI_ISL_19449527|2024-07-12,"[0.0, 0.0, 0.0, 0.0, 0.0, 0.0, 0.0, 0.0, 0.0, 0.0, 0.0, 0.0, 0.0, 0.0, 0.0, 0.0, 0.0, 0.0, 0.0, 0.0, 1.0, 0.0, 0.0, 0.0, 0.0, 0.0, 0.0, 0.0, 0.0, 0.0, 0.0]"
hMpxV/Peru/LIM-INS-564/2024|EPI_ISL_19449540|2024-07-11,"[0.0, 0.0, 0.0, 0.0, 0.0, 0.0, 0.0, 0.0, 0.0, 0.0, 0.0, 0.0, 0.0, 0.0, 0.0, 0.0, 0.0, 0.0, 0.0, 0.0, 1.0, 0.0, 0.0, 0.0, 0.0, 0.0, 0.0, 0.0, 0.0, 0.0, 0.0]"
hMpxV/Peru/ICA-INS-574/2024|EPI_ISL_19449550|2024-07-22,"[0.0, 0.0, 0.0, 0.0, 0.0, 0.0, 0.0, 0.0, 0.0, 0.0, 0.0, 0.0, 0.0, 0.0, 0.0, 0.0, 0.0, 0.0, 0.0, 0.0, 1.0, 0.0, 0.0, 0.0, 0.0, 0.0, 0.0, 0.0, 0.0, 0.0, 0.0]"
NODE_0000379,"[9.043526834000073e-06, 2.3202851503366598e-06, 4.1196756517951904e-05, 1.6415903434720998e-06, 5.565264280804779e-06, 1.9157247212377705e-06, 2.007237126369947e-06, 1.637951968218991e-06, 1.6447657262610887e-06, 1.6380945452789742e-06, 1.6317184997994058e-06, 1.6380143513087354e-06, 1.5609051103397499e-06, 1.9799945055812937e-06, 3.195294822189927e-06, 2.8504266416775106e-05, 6.6056383738411885e-06, 1.638014351308803e-06, 1.6380143513087517e-06, 1.9122207278151735e-06, 0.0022921903035289085, 1.630147636724518e-06, 6.8047323226069774e-06, 1.637606855598145e-06, 2.7208145498623384e-06, 3.4881094648736875e-06, 1.4777073543358903e-06, 3.364523288601079e-06, 1.584351161528077e-06, 0.9975645492670241, 1.6371580887583818e-06]"
hMpxV/USA/CA-CDPH-1M1000243/2023|EPI_ISL_18458962|2023-04-13,"[0.0, 0.0, 0.0, 0.0, 0.0, 0.0, 0.0, 0.0, 0.0, 0.0, 0.0, 0.0, 0.0, 0.0, 0.0, 0.0, 0.0, 0.0, 0.0, 0.0, 0.0, 0.0, 0.0, 0.0, 0.0, 0.0, 0.0, 0.0, 0.0, 1.0, 0.0]"
NODE_0000380,"[1.0791245272099404e-08, 1.3096364846118411e-09, 4.804180403170534e-08, 1.1448606541149517e-09, 2.4610469791566076e-09, 1.216518657118862e-09, 1.245692958236665e-09, 1.154891684871121e-09, 1.1485071024207407e-09, 1.145718417391347e-09, 1.1587162848797685e-09, 1.1533321309120448e-09, 1.0935867489334e-09, 1.214524175247113e-09, 2.686878054361701e-09, 2.0475056493792472e-08, 7.991375280649318e-09, 1.1533321309136687e-09, 1.153332130912848e-09, 1.1647920361528953e-09, 2.9359369786968475e-06, 1.110992880919918e-09, 7.230537928071038e-09, 1.1537823593272107e-09, 2.4838889882140447e-09, 3.4586430786324914e-09, 9.895263558739639e-10, 3.291111506274791e-09, 1.091116852672417e-09, 0.999996933193796, 1.1547776719136397e-09]"
hMpxV/USA/CA-CDPH-1M1000244/2023|EPI_ISL_18458963|2023-04-13,"[0.0, 0.0, 0.0, 0.0, 0.0, 0.0, 0.0, 0.0, 0.0, 0.0, 0.0, 0.0, 0.0, 0.0, 0.0, 0.0, 0.0, 0.0, 0.0, 0.0, 0.0, 0.0, 0.0, 0.0, 0.0, 0.0, 0.0, 0.0, 0.0, 1.0, 0.0]"
NODE_0000381,"[6.6373929278808986e-15, 7.856540083636869e-17, 2.2937529421430534e-13, 5.295105367760664e-17, 3.612925040193336e-16, 6.547320529234509e-17, 6.972612394031483e-17, 5.643721536232817e-17, 5.3981597782774944e-17, 5.4526279890596153e-17, 5.88955600284465e-17, 5.570655294361647e-17, 5.1808631112937714e-17, 6.554325608322875e-17, 3.6783327663152716e-16, 3.880440867423405e-14, 2.9726039397077664e-15, 5.570655294369467e-17, 5.570655294365455e-17, 5.880045319655456e-17, 1.1932243978501076e-09, 4.6551072116466494e-17, 3.335728913321147e-15, 5.60248143581513e-17, 3.0210719247607533e-16, 5.730380096364438e-16, 4.272973634596664e-17, 5.216285882872988e-16, 4.888621696445264e-17, 0.9999999988064913, 5.667302590251548e-17]"
hMpxV/USA/CA-CDPH-11000316/2023|EPI_ISL_18323786|2023-07-21,"[0.0, 0.0, 0.0, 0.0, 0.0, 0.0, 0.0, 0.0, 0.0, 0.0, 0.0, 0.0, 0.0, 0.0, 0.0, 0.0, 0.0, 0.0, 0.0, 0.0, 0.0, 0.0, 0.0, 0.0, 0.0, 0.0, 0.0, 0.0, 0.0, 1.0, 0.0]"
hMpxV/Peru/LIM-INS-503/2023|EPI_ISL_19343555|2023-10-30,"[0.0, 0.0, 0.0, 0.0, 0.0, 0.0, 0.0, 0.0, 0.0, 0.0, 0.0, 0.0, 0.0, 0.0, 0.0, 0.0, 0.0, 0.0, 0.0, 0.0, 1.0, 0.0, 0.0, 0.0, 0.0, 0.0, 0.0, 0.0, 0.0, 0.0, 0.0]"
hMpxV/USA/CA-CDPH-11000297/2023|EPI_ISL_18325000|2023-07-06,"[0.0, 0.0, 0.0, 0.0, 0.0, 0.0, 0.0, 0.0, 0.0, 0.0, 0.0, 0.0, 0.0, 0.0, 0.0, 0.0, 0.0, 0.0, 0.0, 0.0, 0.0, 0.0, 0.0, 0.0, 0.0, 0.0, 0.0, 0.0, 0.0, 1.0, 0.0]"
hMpxV/USA/CA-CDPH-1M1000275/2023|EPI_ISL_18443042|2023-05-12,"[0.0, 0.0, 0.0, 0.0, 0.0, 0.0, 0.0, 0.0, 0.0, 0.0, 0.0, 0.0, 0.0, 0.0, 0.0, 0.0, 0.0, 0.0, 0.0, 0.0, 0.0, 0.0, 0.0, 0.0, 0.0, 0.0, 0.0, 0.0, 0.0, 1.0, 0.0]"
NODE_0000388,"[1.233395152880597e-08, 1.3498223909928439e-09, 4.427778897557639e-08, 1.3318319497592585e-09, 1.8938226167031874e-09, 1.3481351063840194e-09, 1.3555712139697265e-09, 1.3433984143394599e-09, 1.3361101466273566e-09, 1.3322169397980937e-09, 1.3471635708984959e-09, 1.3415026682476938e-09, 1.2729122099583027e-09, 1.3244140412759877e-09, 3.0254186197317442e-09, 1.5199386137548307e-08, 9.469574391444514e-09, 1.3415026682483117e-09, 1.341502668248051e-09, 1.2699765820758627e-09, 5.014257963828683e-07, 1.2932467083299224e-09, 8.04864854355513e-09, 1.3420812345963429e-09, 2.9398152544116868e-09, 4.093973978621145e-09, 1.147145603432276e-09, 3.891420520836483e-09, 1.2686794634510425e-09, 0.9999993683698712, 1.3433182118572822e-09]"
hMpxV/USA/CA-CDPH-11000305/2023|EPI_ISL_18325008|2023-07-06,"[0.0, 0.0, 0.0, 0.0, 0.0, 0.0, 0.0, 0.0, 0.0, 0.0, 0.0, 0.0, 0.0, 0.0, 0.0, 0.0, 0.0, 0.0, 0.0, 0.0, 0.0, 0.0, 0.0, 0.0, 0.0, 0.0, 0.0, 0.0, 0.0, 1.0, 0.0]"
hMpxV/USA/CA-CDPH-11000304/2023|EPI_ISL_18325007|2023-07-06,"[0.0, 0.0, 0.0, 0.0, 0.0, 0.0, 0.0, 0.0, 0.0, 0.0, 0.0, 0.0, 0.0, 0.0, 0.0, 0.0, 0.0, 0.0, 0.0, 0.0, 0.0, 0.0, 0.0, 0.0, 0.0, 0.0, 0.0, 0.0, 0.0, 1.0, 0.0]"
NODE_0000389,"[3.4028876237853177e-10, 3.697616880346243e-11, 1.2236462268628073e-09, 3.651757457261876e-11, 5.178584884948329e-11, 3.6942870046354096e-11, 3.715433782402416e-11, 3.68377947312934e-11, 3.6628711545404884e-11, 3.6525264998125165e-11, 3.694643994511137e-11, 3.6789100813102955e-11, 3.489481740812836e-11, 3.625970243255897e-11, 8.333249255279845e-11, 4.1905421738922525e-10, 2.614246604754768e-10, 3.678910081320413e-11, 3.678910081315344e-11, 3.479378982381971e-11, 1.3970215767796542e-08, 3.543855617203789e-11, 2.2215617272932173e-10, 3.680337772407436e-11, 8.087711476104143e-11, 1.1278084176686122e-10, 3.140162639926038e-11, 1.071902974578718e-10, 3.477080560100244e-11, 0.9999999824411547, 3.68337477056065e-11]"
hMpxV/USA/CA-CDPH-11000306/2023|EPI_ISL_18325009|2023-07-05,"[0.0, 0.0, 0.0, 0.0, 0.0, 0.0, 0.0, 0.0, 0.0, 0.0, 0.0, 0.0, 0.0, 0.0, 0.0, 0.0, 0.0, 0.0, 0.0, 0.0, 0.0, 0.0, 0.0, 0.0, 0.0, 0.0, 0.0, 0.0, 0.0, 0.9999999999999999, 0.0]"
hMpxV/USA/CA-CDPH-11000307/2023|EPI_ISL_18325010|2023-07-05,"[0.0, 0.0, 0.0, 0.0, 0.0, 0.0, 0.0, 0.0, 0.0, 0.0, 0.0, 0.0, 0.0, 0.0, 0.0, 0.0, 0.0, 0.0, 0.0, 0.0, 0.0, 0.0, 0.0, 0.0, 0.0, 0.0, 0.0, 0.0, 0.0, 0.9999999999999999, 0.0]"
NODE_0000382,"[1.2422358200603212e-57, 3.4326388970557633e-66, 5.977737833711457e-52, 1.945692858907158e-66, 2.4467089495919534e-64, 2.9450379437152175e-66, 3.623371282265565e-66, 2.8572257954852467e-66, 2.109434284019833e-66, 2.2980185213104272e-66, 3.7728083718017326e-66, 2.6807022314559703e-66, 2.1332067690323716e-66, 2.4048987147889495e-66, 1.0086920789473336e-62, 9.462231582478812e-56, 6.156903936496366e-59, 2.6807022314610005e-66, 2.6807022314583296e-66, 1.6406327588178002e-66, 1.377575374764404e-38, 8.9910479187714e-67, 1.0454473462162382e-58, 2.7579740989838426e-66, 5.508098678191786e-63, 7.947192496860008e-62, 7.792120049048882e-67, 5.441344532820592e-62, 1.384839237759138e-66, 0.9999999999999999, 2.915424988749805e-66]"
hMpxV/USA/CA-CDPH-1M1000433/2023|EPI_ISL_18781818|2023-10-16,"[0.0, 0.0, 0.0, 0.0, 0.0, 0.0, 0.0, 0.0, 0.0, 0.0, 0.0, 0.0, 0.0, 0.0, 0.0, 0.0, 0.0, 0.0, 0.0, 0.0, 0.0, 0.0, 0.0, 0.0, 0.0, 0.0, 0.0, 0.0, 0.0, 1.0, 0.0]"
hMpxV/USA/CA-CDPH-1M1000420/2023|EPI_ISL_18781849|2023-10-13,"[0.0, 0.0, 0.0, 0.0, 0.0, 0.0, 0.0, 0.0, 0.0, 0.0, 0.0, 0.0, 0.0, 0.0, 0.0, 0.0, 0.0, 0.0, 0.0, 0.0, 0.0, 0.0, 0.0, 0.0, 0.0, 0.0, 0.0, 0.0, 0.0, 1.0, 0.0]"
hMpxV/USA/CA-CDPH-1M1000486/2023|EPI_ISL_19143448|2023-12-05,"[0.0, 0.0, 0.0, 0.0, 0.0, 0.0, 0.0, 0.0, 0.0, 0.0, 0.0, 0.0, 0.0, 0.0, 0.0, 0.0, 0.0, 0.0, 0.0, 0.0, 0.0, 0.0, 0.0, 0.0, 0.0, 0.0, 0.0, 0.0, 0.0, 1.0, 0.0]"
hMpxV/USA/CA-CDPH-1M1000344/2023|EPI_ISL_18452335|2023-09-26,"[0.0, 0.0, 0.0, 0.0, 0.0, 0.0, 0.0, 0.0, 0.0, 0.0, 0.0, 0.0, 0.0, 0.0, 0.0, 0.0, 0.0, 0.0, 0.0, 0.0, 0.0, 0.0, 0.0, 0.0, 0.0, 0.0, 0.0, 0.0, 0.0, 1.0, 0.0]"
hMpxV/USA/CA-CDPH-1M1000343/2023|EPI_ISL_18452334|2023-09-26,"[0.0, 0.0, 0.0, 0.0, 0.0, 0.0, 0.0, 0.0, 0.0, 0.0, 0.0, 0.0, 0.0, 0.0, 0.0, 0.0, 0.0, 0.0, 0.0, 0.0, 0.0, 0.0, 0.0, 0.0, 0.0, 0.0, 0.0, 0.0, 0.0, 1.0, 0.0]"
hMpxV/USA/CA-CDPH-1M1000381/2023|EPI_ISL_18781793|2023-10-20,"[0.0, 0.0, 0.0, 0.0, 0.0, 0.0, 0.0, 0.0, 0.0, 0.0, 0.0, 0.0, 0.0, 0.0, 0.0, 0.0, 0.0, 0.0, 0.0, 0.0, 0.0, 0.0, 0.0, 0.0, 0.0, 0.0, 0.0, 0.0, 0.0, 1.0, 0.0]"
hMpxV/USA/CA-CDPH-1M1000451/2023|EPI_ISL_18959309|2023-12-12,"[0.0, 0.0, 0.0, 0.0, 0.0, 0.0, 0.0, 0.0, 0.0, 0.0, 0.0, 0.0, 0.0, 0.0, 0.0, 0.0, 0.0, 0.0, 0.0, 0.0, 0.0, 0.0, 0.0, 0.0, 0.0, 0.0, 0.0, 0.0, 0.0, 1.0, 0.0]"
hMpxV/USA/CA-CDPH-1M1000453/2023|EPI_ISL_18959311|2023-12-14,"[0.0, 0.0, 0.0, 0.0, 0.0, 0.0, 0.0, 0.0, 0.0, 0.0, 0.0, 0.0, 0.0, 0.0, 0.0, 0.0, 0.0, 0.0, 0.0, 0.0, 0.0, 0.0, 0.0, 0.0, 0.0, 0.0, 0.0, 0.0, 0.0, 1.0, 0.0]"
hMpxV/USA/CA-CDPH-1M1000463/2023|EPI_ISL_18959320|2023-12-25,"[0.0, 0.0, 0.0, 0.0, 0.0, 0.0, 0.0, 0.0, 0.0, 0.0, 0.0, 0.0, 0.0, 0.0, 0.0, 0.0, 0.0, 0.0, 0.0, 0.0, 0.0, 0.0, 0.0, 0.0, 0.0, 0.0, 0.0, 0.0, 0.0, 1.0, 0.0]"
hMpxV/USA/CA-CDPH-1M1000464/2023|EPI_ISL_18959321|2023-12-25,"[0.0, 0.0, 0.0, 0.0, 0.0, 0.0, 0.0, 0.0, 0.0, 0.0, 0.0, 0.0, 0.0, 0.0, 0.0, 0.0, 0.0, 0.0, 0.0, 0.0, 0.0, 0.0, 0.0, 0.0, 0.0, 0.0, 0.0, 0.0, 0.0, 1.0, 0.0]"
hMpxV/USA/CA-LACPHL-MA00612/2023|EPI_ISL_18993203|2023-11-07,"[0.0, 0.0, 0.0, 0.0, 0.0, 0.0, 0.0, 0.0, 0.0, 0.0, 0.0, 0.0, 0.0, 0.0, 0.0, 0.0, 0.0, 0.0, 0.0, 0.0, 0.0, 0.0, 0.0, 0.0, 0.0, 0.0, 0.0, 0.0, 0.0, 1.0, 0.0]"
hMpxV/USA/CA-CDPH-1M1000400/2023|EPI_ISL_18781924|2023-10-25,"[0.0, 0.0, 0.0, 0.0, 0.0, 0.0, 0.0, 0.0, 0.0, 0.0, 0.0, 0.0, 0.0, 0.0, 0.0, 0.0, 0.0, 0.0, 0.0, 0.0, 0.0, 0.0, 0.0, 0.0, 0.0, 0.0, 0.0, 0.0, 0.0, 1.0, 0.0]"
hMpxV/USA/CA-CDPH-1M1000399/2023|EPI_ISL_18781923|2023-10-18,"[0.0, 0.0, 0.0, 0.0, 0.0, 0.0, 0.0, 0.0, 0.0, 0.0, 0.0, 0.0, 0.0, 0.0, 0.0, 0.0, 0.0, 0.0, 0.0, 0.0, 0.0, 0.0, 0.0, 0.0, 0.0, 0.0, 0.0, 0.0, 0.0, 1.0, 0.0]"
hMpxV/USA/CA-CDPH-1M1000398/2023|EPI_ISL_18781922|2023-11-11,"[0.0, 0.0, 0.0, 0.0, 0.0, 0.0, 0.0, 0.0, 0.0, 0.0, 0.0, 0.0, 0.0, 0.0, 0.0, 0.0, 0.0, 0.0, 0.0, 0.0, 0.0, 0.0, 0.0, 0.0, 0.0, 0.0, 0.0, 0.0, 0.0, 0.9999999999999999, 0.0]"
hMpxV/USA/CA-CDPH-1M1000440/2023|EPI_ISL_18781628|2023-11-09,"[0.0, 0.0, 0.0, 0.0, 0.0, 0.0, 0.0, 0.0, 0.0, 0.0, 0.0, 0.0, 0.0, 0.0, 0.0, 0.0, 0.0, 0.0, 0.0, 0.0, 0.0, 0.0, 0.0, 0.0, 0.0, 0.0, 0.0, 0.0, 0.0, 1.0, 0.0]"
hMpxV/USA/CA-CDPH-1M1000450/2023|EPI_ISL_18781637|2023-10-16,"[0.0, 0.0, 0.0, 0.0, 0.0, 0.0, 0.0, 0.0, 0.0, 0.0, 0.0, 0.0, 0.0, 0.0, 0.0, 0.0, 0.0, 0.0, 0.0, 0.0, 0.0, 0.0, 0.0, 0.0, 0.0, 0.0, 0.0, 0.0, 0.0, 1.0, 0.0]"
hMpxV/USA/CA-CDPH-1M1000531/2023|EPI_ISL_19170460|2023-10-16,"[0.0, 0.0, 0.0, 0.0, 0.0, 0.0, 0.0, 0.0, 0.0, 0.0, 0.0, 0.0, 0.0, 0.0, 0.0, 0.0, 0.0, 0.0, 0.0, 0.0, 0.0, 0.0, 0.0, 0.0, 0.0, 0.0, 0.0, 0.0, 0.0, 1.0, 0.0]"
hMpxV/USA/CA-CDPH-1M1000533/2023|EPI_ISL_19170462|2023-10-06,"[0.0, 0.0, 0.0, 0.0, 0.0, 0.0, 0.0, 0.0, 0.0, 0.0, 0.0, 0.0, 0.0, 0.0, 0.0, 0.0, 0.0, 0.0, 0.0, 0.0, 0.0, 0.0, 0.0, 0.0, 0.0, 0.0, 0.0, 0.0, 0.0, 1.0, 0.0]"
hMpxV/USA/CA-CDPH-1M1000535/2023|EPI_ISL_19170464|2023-10-18,"[0.0, 0.0, 0.0, 0.0, 0.0, 0.0, 0.0, 0.0, 0.0, 0.0, 0.0, 0.0, 0.0, 0.0, 0.0, 0.0, 0.0, 0.0, 0.0, 0.0, 0.0, 0.0, 0.0, 0.0, 0.0, 0.0, 0.0, 0.0, 0.0, 1.0, 0.0]"
hMpxV/USA/CA-CDPH-1M1000536/2023|EPI_ISL_19170465|2023-10-19,"[0.0, 0.0, 0.0, 0.0, 0.0, 0.0, 0.0, 0.0, 0.0, 0.0, 0.0, 0.0, 0.0, 0.0, 0.0, 0.0, 0.0, 0.0, 0.0, 0.0, 0.0, 0.0, 0.0, 0.0, 0.0, 0.0, 0.0, 0.0, 0.0, 0.9999999999999999, 0.0]"
hMpxV/USA/CA-CDPH-1M1000620/2023|EPI_ISL_19295765|2023-10-10,"[0.0, 0.0, 0.0, 0.0, 0.0, 0.0, 0.0, 0.0, 0.0, 0.0, 0.0, 0.0, 0.0, 0.0, 0.0, 0.0, 0.0, 0.0, 0.0, 0.0, 0.0, 0.0, 0.0, 0.0, 0.0, 0.0, 0.0, 0.0, 0.0, 1.0, 0.0]"
hMpxV/USA/CA-CDPH-1M1000622/2023|EPI_ISL_19295767|2023-09-19,"[0.0, 0.0, 0.0, 0.0, 0.0, 0.0, 0.0, 0.0, 0.0, 0.0, 0.0, 0.0, 0.0, 0.0, 0.0, 0.0, 0.0, 0.0, 0.0, 0.0, 0.0, 0.0, 0.0, 0.0, 0.0, 0.0, 0.0, 0.0, 0.0, 1.0, 0.0]"
hMpxV/USA/CA-CDPH-1M1000357/2023|EPI_ISL_18786340|2023-09-12,"[0.0, 0.0, 0.0, 0.0, 0.0, 0.0, 0.0, 0.0, 0.0, 0.0, 0.0, 0.0, 0.0, 0.0, 0.0, 0.0, 0.0, 0.0, 0.0, 0.0, 0.0, 0.0, 0.0, 0.0, 0.0, 0.0, 0.0, 0.0, 0.0, 1.0, 0.0]"
hMpxV/USA/CA-CDPH-1M1000362/2023|EPI_ISL_18786347|2023-09-21,"[0.0, 0.0, 0.0, 0.0, 0.0, 0.0, 0.0, 0.0, 0.0, 0.0, 0.0, 0.0, 0.0, 0.0, 0.0, 0.0, 0.0, 0.0, 0.0, 0.0, 0.0, 0.0, 0.0, 0.0, 0.0, 0.0, 0.0, 0.0, 0.0, 0.9999999999999999, 0.0]"
hMpxV/USA/IL-RIPHL-050-0110/2023|EPI_ISL_19016746|2023-09-27,"[0.0, 0.0, 0.0, 0.0, 0.0, 0.0, 0.0, 0.0, 0.0, 0.0, 0.0, 0.0, 0.0, 0.0, 0.0, 0.0, 0.0, 0.0, 0.0, 0.0, 0.0, 0.0, 0.0, 0.0, 0.0, 0.0, 0.0, 0.0, 0.0, 0.9999999999999999, 0.0]"
NODE_0000387,"[1.672584263638366e-09, 1.7160122009137855e-10, 6.130522688228623e-09, 1.7009417758480222e-10, 2.3957978975445915e-10, 1.7161737532662298e-10, 1.7288993540647038e-10, 1.717336225093848e-10, 1.704663820477714e-10, 1.700888917037823e-10, 1.7243805124131805e-10, 1.715827528864052e-10, 1.6238174784764875e-10, 1.6767636572097628e-10, 4.0192926748876324e-10, 2.0602298661515166e-09, 1.288373233809936e-09, 1.7158275288665948e-10, 1.7158275288653002e-10, 1.6141479346622178e-10, 7.551879263419352e-08, 1.6440052689360655e-10, 1.0940228134145367e-09, 1.716112914953853e-10, 3.869595741190221e-10, 5.453258751209636e-10, 1.449226451323351e-10, 5.178182348954126e-10, 1.6153718486816094e-10, 0.9999999069525692, 1.7167018923207895e-10]"
hMpxV/USA/CA-CDPH-1M1000377/2023|EPI_ISL_18781788|2023-09-16,"[0.0, 0.0, 0.0, 0.0, 0.0, 0.0, 0.0, 0.0, 0.0, 0.0, 0.0, 0.0, 0.0, 0.0, 0.0, 0.0, 0.0, 0.0, 0.0, 0.0, 0.0, 0.0, 0.0, 0.0, 0.0, 0.0, 0.0, 0.0, 0.0, 0.9999999999999999, 0.0]"
hMpxV/USA/CA-CDPH-1M1000437/2023|EPI_ISL_18781626|2023-10-11,"[0.0, 0.0, 0.0, 0.0, 0.0, 0.0, 0.0, 0.0, 0.0, 0.0, 0.0, 0.0, 0.0, 0.0, 0.0, 0.0, 0.0, 0.0, 0.0, 0.0, 0.0, 0.0, 0.0, 0.0, 0.0, 0.0, 0.0, 0.0, 0.0, 1.0, 0.0]"
NODE_0000385,"[6.367898972351193e-08, 5.6985271656250225e-09, 2.993761390454869e-07, 5.398077853181426e-09, 9.26447038135419e-09, 5.633594410229428e-09, 5.636532582843715e-09, 5.481859699264698e-09, 5.4598911937996045e-09, 5.437819202326891e-09, 5.505155176546575e-09, 5.446777348665831e-09, 5.2144960275811395e-09, 5.66231910656411e-09, 1.2557560593681592e-08, 8.970179876335697e-08, 4.368357145570657e-08, 5.446777348666836e-09, 5.446777348666306e-09, 5.2589114104588394e-09, 5.201923308173725e-06, 5.252454731544636e-09, 3.8210142121607437e-08, 5.462267064184369e-09, 1.2635664925746561e-08, 1.7715103173633046e-08, 4.810207498377531e-09, 1.6759165395364878e-08, 5.179271529425388e-09, 0.9999940915677723, 5.494597122525903e-09]"
hMpxV/USA/CA-CDPH-1M1000497/2024|EPI_ISL_19143456|2024-01-17,"[0.0, 0.0, 0.0, 0.0, 0.0, 0.0, 0.0, 0.0, 0.0, 0.0, 0.0, 0.0, 0.0, 0.0, 0.0, 0.0, 0.0, 0.0, 0.0, 0.0, 0.0, 0.0, 0.0, 0.0, 0.0, 0.0, 0.0, 0.0, 0.0, 0.9999999999999999, 0.0]"
hMpxV/USA/CA-CDPH-1M1000482/2024|EPI_ISL_19143475|2024-03-06,"[0.0, 0.0, 0.0, 0.0, 0.0, 0.0, 0.0, 0.0, 0.0, 0.0, 0.0, 0.0, 0.0, 0.0, 0.0, 0.0, 0.0, 0.0, 0.0, 0.0, 0.0, 0.0, 0.0, 0.0, 0.0, 0.0, 0.0, 0.0, 0.0, 1.0, 0.0]"
hMpxV/USA/CA-CDPH-1M1000608/2024|EPI_ISL_19295757|2024-06-10,"[0.0, 0.0, 0.0, 0.0, 0.0, 0.0, 0.0, 0.0, 0.0, 0.0, 0.0, 0.0, 0.0, 0.0, 0.0, 0.0, 0.0, 0.0, 0.0, 0.0, 0.0, 0.0, 0.0, 0.0, 0.0, 0.0, 0.0, 0.0, 0.0, 1.0, 0.0]"
NODE_0000386,"[1.6772018391560475e-10, 7.354528806824682e-12, 1.267365745103003e-09, 6.8049881432609796e-12, 1.405450732748445e-11, 7.217702914047817e-12, 7.286284145139621e-12, 7.017003319684699e-12, 6.9037193317227586e-12, 6.901247566240872e-12, 7.127304918961432e-12, 6.955142583614993e-12, 6.6100019017430616e-12, 7.204028067010955e-12, 2.178431698239562e-11, 2.792652042104845e-10, 1.0346305351086208e-10, 6.955142583624606e-12, 6.955142583619782e-12, 6.599172011346479e-12, 7.035199298017093e-08, 6.422700394754007e-12, 9.29793618149089e-11, 6.982444709940524e-12, 2.1370465542799013e-11, 3.3010432511669675e-11, 5.879731797833908e-12, 3.081248046475273e-11, 6.4521695350073285e-12, 0.9999999274855141, 7.038782761980424e-12]"
hMpxV/USA/CA-CDPH-1M1000473/2024|EPI_ISL_19143467|2024-02-06,"[0.0, 0.0, 0.0, 0.0, 0.0, 0.0, 0.0, 0.0, 0.0, 0.0, 0.0, 0.0, 0.0, 0.0, 0.0, 0.0, 0.0, 0.0, 0.0, 0.0, 0.0, 0.0, 0.0, 0.0, 0.0, 0.0, 0.0, 0.0, 0.0, 1.0, 0.0]"
hMpxV/USA/CA-CDPH-1M1000474/2024|EPI_ISL_19143468|2024-02-09,"[0.0, 0.0, 0.0, 0.0, 0.0, 0.0, 0.0, 0.0, 0.0, 0.0, 0.0, 0.0, 0.0, 0.0, 0.0, 0.0, 0.0, 0.0, 0.0, 0.0, 0.0, 0.0, 0.0, 0.0, 0.0, 0.0, 0.0, 0.0, 0.0, 1.0, 0.0]"
hMpxV/USA/CA-LACPHL-MA00618/2024|EPI_ISL_18993206|2024-02-07,"[0.0, 0.0, 0.0, 0.0, 0.0, 0.0, 0.0, 0.0, 0.0, 0.0, 0.0, 0.0, 0.0, 0.0, 0.0, 0.0, 0.0, 0.0, 0.0, 0.0, 0.0, 0.0, 0.0, 0.0, 0.0, 0.0, 0.0, 0.0, 0.0, 1.0, 0.0]"
hMpxV/USA/CA-CDPH-1M1000394/2023|EPI_ISL_18781918|2023-11-07,"[0.0, 0.0, 0.0, 0.0, 0.0, 0.0, 0.0, 0.0, 0.0, 0.0, 0.0, 0.0, 0.0, 0.0, 0.0, 0.0, 0.0, 0.0, 0.0, 0.0, 0.0, 0.0, 0.0, 0.0, 0.0, 0.0, 0.0, 0.0, 0.0, 1.0, 0.0]"
NODE_0000383,"[8.843939029392381e-10, 4.9977194527269053e-11, 4.9378408238234665e-09, 4.834637057260243e-11, 8.105740237255664e-11, 4.964431848834514e-11, 5.031184062030973e-11, 4.945913382130662e-11, 4.863217946937699e-11, 4.8656428748635415e-11, 5.011884763587915e-11, 4.928018055606979e-11, 4.643352687342662e-11, 4.8390053178367727e-11, 1.474043818376202e-10, 1.269868446024633e-09, 6.138282781270866e-10, 4.928018055607758e-11, 4.9280180556072914e-11, 4.585128036510113e-11, 1.625309931897867e-07, 4.563065092057205e-11, 5.351803550837214e-10, 4.9350163380803594e-11, 1.3995546059334856e-10, 2.1303912948119247e-10, 4.039557734906896e-11, 2.0001138000333096e-10, 4.553314133984253e-11, 0.9999998275323655, 4.9490421153892965e-11]"
hMpxV/USA/CA-CDPH-1M1000488/2023|EPI_ISL_19143450|2023-12-04,"[0.0, 0.0, 0.0, 0.0, 0.0, 0.0, 0.0, 0.0, 0.0, 0.0, 0.0, 0.0, 0.0, 0.0, 0.0, 0.0, 0.0, 0.0, 0.0, 0.0, 0.0, 0.0, 0.0, 0.0, 0.0, 0.0, 0.0, 0.0, 0.0, 0.9999999999999999, 0.0]"
hMpxV/USA/CA-CDPH-1M1000487/2023|EPI_ISL_19143449|2023-12-11,"[0.0, 0.0, 0.0, 0.0, 0.0, 0.0, 0.0, 0.0, 0.0, 0.0, 0.0, 0.0, 0.0, 0.0, 0.0, 0.0, 0.0, 0.0, 0.0, 0.0, 0.0, 0.0, 0.0, 0.0, 0.0, 0.0, 0.0, 0.0, 0.0, 1.0, 0.0]"
NODE_0000384,"[1.6850680336039132e-16, 1.8588175935094285e-18, 2.5213761852863773e-15, 1.7661076720410058e-18, 3.940788063119934e-18, 1.8380161532738412e-18, 1.9093630184209718e-18, 1.867040047516433e-18, 1.77756163281458e-18, 1.7966507834647357e-18, 1.943974557633022e-18, 1.8567091757925996e-18, 1.7036246537494662e-18, 1.7184385721551136e-18, 1.1721897100469324e-17, 3.283562001824693e-16, 9.699827637709458e-17, 1.856709175795505e-18, 1.856709175794021e-18, 1.6194813058223418e-18, 1.0579681431635725e-12, 1.5401773149433924e-18, 8.861532841364877e-17, 1.8607068231319417e-18, 1.016905161146226e-17, 1.958185591517351e-17, 1.3186566665767909e-18, 1.7847184211908525e-17, 1.6025850484742058e-18, 0.9999999999989386, 1.868082962730958e-18]"
hMpxV/USA/CA-CDPH-1M1000485/2023|EPI_ISL_19143447|2023-12-15,"[0.0, 0.0, 0.0, 0.0, 0.0, 0.0, 0.0, 0.0, 0.0, 0.0, 0.0, 0.0, 0.0, 0.0, 0.0, 0.0, 0.0, 0.0, 0.0, 0.0, 0.0, 0.0, 0.0, 0.0, 0.0, 0.0, 0.0, 0.0, 0.0, 1.0, 0.0]"
hMpxV/USA/CA-CDPH-1M1000502/2023|EPI_ISL_19143460|2023-12-05,"[0.0, 0.0, 0.0, 0.0, 0.0, 0.0, 0.0, 0.0, 0.0, 0.0, 0.0, 0.0, 0.0, 0.0, 0.0, 0.0, 0.0, 0.0, 0.0, 0.0, 0.0, 0.0, 0.0, 0.0, 0.0, 0.0, 0.0, 0.0, 0.0, 1.0, 0.0]"
hMpxV/USA/CA-CDPH-1M1000454/2023|EPI_ISL_18959312|2023-12-18,"[0.0, 0.0, 0.0, 0.0, 0.0, 0.0, 0.0, 0.0, 0.0, 0.0, 0.0, 0.0, 0.0, 0.0, 0.0, 0.0, 0.0, 0.0, 0.0, 0.0, 0.0, 0.0, 0.0, 0.0, 0.0, 0.0, 0.0, 0.0, 0.0, 1.0, 0.0]"
hMpxV/USA/CA-CDPH-1M1000456/2023|EPI_ISL_18959314|2023-12-18,"[0.0, 0.0, 0.0, 0.0, 0.0, 0.0, 0.0, 0.0, 0.0, 0.0, 0.0, 0.0, 0.0, 0.0, 0.0, 0.0, 0.0, 0.0, 0.0, 0.0, 0.0, 0.0, 0.0, 0.0, 0.0, 0.0, 0.0, 0.0, 0.0, 1.0, 0.0]"
hMpxV/USA/CA-CDPH-1M1000459/2023|EPI_ISL_18959316|2023-12-22,"[0.0, 0.0, 0.0, 0.0, 0.0, 0.0, 0.0, 0.0, 0.0, 0.0, 0.0, 0.0, 0.0, 0.0, 0.0, 0.0, 0.0, 0.0, 0.0, 0.0, 0.0, 0.0, 0.0, 0.0, 0.0, 0.0, 0.0, 0.0, 0.0, 1.0, 0.0]"
NODE_0000003,"[0.0001295649288922158, 0.00014155530425650917, 0.0001646222816536146, 8.981899136258111e-05, 0.0002871859835871504, 0.00010815593135589345, 0.00011595644987717491, 8.826967222139635e-05, 9.055298641137979e-05, 8.847589448066682e-05, 0.00015061759641388586, 8.796635245225292e-05, 8.617072910010466e-05, 0.00011603250664012793, 0.9713807679600343, 0.0003150902688243671, 9.38126745196487e-05, 8.796635245226329e-05, 8.796635245226475e-05, 0.00011134822341397214, 0.004889397106866219, 0.00018275488491645856, 9.816701105591829e-05, 8.810534188176705e-05, 0.00016210293702813004, 8.45851359141896e-05, 0.019813347435259324, 8.498043372859674e-05, 0.00028686043367055335, 0.0003994008805001552, 8.840095877661762e-05]"
hMpxV/South_Korea/KDCA-P033/2023|EPI_ISL_18147350|2023-04-25,"[0.0, 0.0, 0.0, 0.0, 0.0, 0.0, 0.0, 0.0, 0.0, 0.0, 0.0, 0.0, 0.0, 0.0, 0.0, 0.0, 0.0, 0.0, 0.0, 0.0, 0.0, 0.0, 0.0, 0.0, 0.0, 0.0, 1.0, 0.0, 0.0, 0.0, 0.0]"
NODE_0000004,"[1.0948179443696437e-37, 5.93390942002131e-38, 4.0836050729753555e-40, 1.0149216285094534e-37, 7.752944855668417e-38, 4.604005098450311e-38, 5.285424556032293e-38, 4.4114336108754284e-38, 4.3565932926049333e-38, 3.7081359242671754e-38, 1.15424465043292e-35, 4.0626565130863265e-38, 2.564008751703785e-37, 3.771941005641077e-38, 0.9999999930484849, 2.8197449095027254e-38, 2.2116079514226708e-38, 4.0626565130910477e-38, 4.062656513090707e-38, 2.7539360987786375e-38, 7.483447226090905e-36, 7.435578808216391e-35, 1.29317125729567e-38, 4.224266262532983e-38, 2.2729409222446694e-34, 3.425545875108446e-38, 6.951515168142185e-09, 4.0359927315794747e-38, 2.4863224492695e-28, 4.141675442630248e-40, 4.5603410723427527e-38]"
hMpxV/Japan/TMIPH-0318/2022|EPI_ISL_17008294|2023-01-25,"[0.0, 0.0, 0.0, 0.0, 0.0, 0.0, 0.0, 0.0, 0.0, 0.0, 0.0, 0.0, 0.0, 0.0, 0.9999999999999999, 0.0, 0.0, 0.0, 0.0, 0.0, 0.0, 0.0, 0.0, 0.0, 0.0, 0.0, 0.0, 0.0, 0.0, 0.0, 0.0]"
hMpxV/Japan/TMIPH-0325/2022|EPI_ISL_17008295|2023-01-30,"[0.0, 0.0, 0.0, 0.0, 0.0, 0.0, 0.0, 0.0, 0.0, 0.0, 0.0, 0.0, 0.0, 0.0, 0.9999999999999999, 0.0, 0.0, 0.0, 0.0, 0.0, 0.0, 0.0, 0.0, 0.0, 0.0, 0.0, 0.0, 0.0, 0.0, 0.0, 0.0]"
hMpxV/Japan/TMIPH-0342/2022|EPI_ISL_17008296|2023-02-09,"[0.0, 0.0, 0.0, 0.0, 0.0, 0.0, 0.0, 0.0, 0.0, 0.0, 0.0, 0.0, 0.0, 0.0, 1.0, 0.0, 0.0, 0.0, 0.0, 0.0, 0.0, 0.0, 0.0, 0.0, 0.0, 0.0, 0.0, 0.0, 0.0, 0.0, 0.0]"
hMpxV/South_Korea/KDCA-P010/2023|EPI_ISL_18147334|2023-04-13,"[0.0, 0.0, 0.0, 0.0, 0.0, 0.0, 0.0, 0.0, 0.0, 0.0, 0.0, 0.0, 0.0, 0.0, 0.0, 0.0, 0.0, 0.0, 0.0, 0.0, 0.0, 0.0, 0.0, 0.0, 0.0, 0.0, 1.0, 0.0, 0.0, 0.0, 0.0]"
hMpxV/South_Korea/KDCA-P012/2023|EPI_ISL_18147342|2023-04-15,"[0.0, 0.0, 0.0, 0.0, 0.0, 0.0, 0.0, 0.0, 0.0, 0.0, 0.0, 0.0, 0.0, 0.0, 0.0, 0.0, 0.0, 0.0, 0.0, 0.0, 0.0, 0.0, 0.0, 0.0, 0.0, 0.0, 1.0, 0.0, 0.0, 0.0, 0.0]"
hMpxV/South_Korea/KDCA-P034/2023|EPI_ISL_18147346|2023-04-25,"[0.0, 0.0, 0.0, 0.0, 0.0, 0.0, 0.0, 0.0, 0.0, 0.0, 0.0, 0.0, 0.0, 0.0, 0.0, 0.0, 0.0, 0.0, 0.0, 0.0, 0.0, 0.0, 0.0, 0.0, 0.0, 0.0, 1.0, 0.0, 0.0, 0.0, 0.0]"
hMpxV/South_Korea/KDCA-P027/2023|EPI_ISL_18147349|2023-04-22,"[0.0, 0.0, 0.0, 0.0, 0.0, 0.0, 0.0, 0.0, 0.0, 0.0, 0.0, 0.0, 0.0, 0.0, 0.0, 0.0, 0.0, 0.0, 0.0, 0.0, 0.0, 0.0, 0.0, 0.0, 0.0, 0.0, 1.0, 0.0, 0.0, 0.0, 0.0]"
hMpxV/South_Korea/KDCA-P024/2023|EPI_ISL_18147351|2023-04-21,"[0.0, 0.0, 0.0, 0.0, 0.0, 0.0, 0.0, 0.0, 0.0, 0.0, 0.0, 0.0, 0.0, 0.0, 0.0, 0.0, 0.0, 0.0, 0.0, 0.0, 0.0, 0.0, 0.0, 0.0, 0.0, 0.0, 1.0, 0.0, 0.0, 0.0, 0.0]"
hMpxV/South_Korea/KDCA-P008/2023|EPI_ISL_18147360|2023-04-11,"[0.0, 0.0, 0.0, 0.0, 0.0, 0.0, 0.0, 0.0, 0.0, 0.0, 0.0, 0.0, 0.0, 0.0, 0.0, 0.0, 0.0, 0.0, 0.0, 0.0, 0.0, 0.0, 0.0, 0.0, 0.0, 0.0, 1.0, 0.0, 0.0, 0.0, 0.0]"
hMpxV/South_Korea/KDCA-P015/2023|EPI_ISL_18147358|2023-04-18,"[0.0, 0.0, 0.0, 0.0, 0.0, 0.0, 0.0, 0.0, 0.0, 0.0, 0.0, 0.0, 0.0, 0.0, 0.0, 0.0, 0.0, 0.0, 0.0, 0.0, 0.0, 0.0, 0.0, 0.0, 0.0, 0.0, 0.9999999999999999, 0.0, 0.0, 0.0, 0.0]"
hMpxV/South_Korea/KDCA-P009/2023|EPI_ISL_18147359|2023-04-12,"[0.0, 0.0, 0.0, 0.0, 0.0, 0.0, 0.0, 0.0, 0.0, 0.0, 0.0, 0.0, 0.0, 0.0, 0.0, 0.0, 0.0, 0.0, 0.0, 0.0, 0.0, 0.0, 0.0, 0.0, 0.0, 0.0, 1.0, 0.0, 0.0, 0.0, 0.0]"
hMpxV/Thailand/KCMH-296/2023|EPI_ISL_19437778|2023-07-03,"[0.0, 0.0, 0.0, 0.0, 0.0, 0.0, 0.0, 0.0, 0.0, 0.0, 0.0, 0.0, 0.0, 0.0, 0.0, 0.0, 0.0, 0.0, 0.0, 0.0, 0.0, 0.0, 0.0, 0.0, 0.0, 0.0, 0.0, 0.0, 1.0, 0.0, 0.0]"
hMpxV/Japan/FKTMIPH-220304/2023|EPI_ISL_17246657|2023-01-23,"[0.0, 0.0, 0.0, 0.0, 0.0, 0.0, 0.0, 0.0, 0.0, 0.0, 0.0, 0.0, 0.0, 0.0, 1.0, 0.0, 0.0, 0.0, 0.0, 0.0, 0.0, 0.0, 0.0, 0.0, 0.0, 0.0, 0.0, 0.0, 0.0, 0.0, 0.0]"
hMpxV/Japan/FKTMIPH-220343/2023|EPI_ISL_17246659|2023-02-13,"[0.0, 0.0, 0.0, 0.0, 0.0, 0.0, 0.0, 0.0, 0.0, 0.0, 0.0, 0.0, 0.0, 0.0, 1.0, 0.0, 0.0, 0.0, 0.0, 0.0, 0.0, 0.0, 0.0, 0.0, 0.0, 0.0, 0.0, 0.0, 0.0, 0.0, 0.0]"
NODE_0000151,"[0.00031292866340507954, 0.0002920307353449425, 0.00015127518845213736, 0.0004548977556271467, 0.0002568909658490712, 0.0002954531944130117, 0.00029065813363938966, 0.0002940411377267293, 0.0003026995761899962, 0.00029579181300497015, 0.000557702382945138, 0.00029423285833532015, 0.0004217112383850617, 0.0002932160775532963, 0.42370870048422216, 0.0001994868428892268, 0.000292561081560594, 0.0002942328583353107, 0.00029423285833531294, 0.00027883992835160817, 0.00011263255215412893, 0.0005206613076216356, 0.00020688313569551398, 0.0002940771065023832, 0.0003032340359897626, 0.00027618873050253137, 0.0058171607396685174, 0.0002782931342034673, 0.56214423953205, 0.00017116880399750564, 0.00029387714704900595]"
hMpxV/Japan/TMIPH-0258/2023|EPI_ISL_18352304|2023-09-14,"[0.0, 0.0, 0.0, 0.0, 0.0, 0.0, 0.0, 0.0, 0.0, 0.0, 0.0, 0.0, 0.0, 0.0, 1.0, 0.0, 0.0, 0.0, 0.0, 0.0, 0.0, 0.0, 0.0, 0.0, 0.0, 0.0, 0.0, 0.0, 0.0, 0.0, 0.0]"
hMpxV/Thailand/KCMH-294/2023|EPI_ISL_19437774|2023-07-03,"[0.0, 0.0, 0.0, 0.0, 0.0, 0.0, 0.0, 0.0, 0.0, 0.0, 0.0, 0.0, 0.0, 0.0, 0.0, 0.0, 0.0, 0.0, 0.0, 0.0, 0.0, 0.0, 0.0, 0.0, 0.0, 0.0, 0.0, 0.0, 1.0, 0.0, 0.0]"
NODE_0000152,"[2.1942699924186184e-06, 2.6773622624418425e-06, 1.2337550349151444e-06, 2.7849148197810125e-06, 2.3344671026623227e-06, 2.7111387555823375e-06, 2.671375310961074e-06, 2.7065316974051006e-06, 2.7811779982968734e-06, 2.7130818971564853e-06, 3.997029392106928e-06, 2.7046976156790113e-06, 2.5655550007918812e-06, 2.674448390214987e-06, 0.0055240290969421615, 1.7678751874621244e-06, 2.643754858508936e-06, 2.7046976156791528e-06, 2.704697615679125e-06, 2.5280786610238084e-06, 8.929313634124586e-07, 8.250457663987063e-06, 1.8505133263624303e-06, 2.704945115602987e-06, 1.2058377639896332e-05, 2.5349465880834494e-06, 0.9943856442832172, 2.5582136115684987e-06, 6.603226337026585e-06, 1.0677122232560768e-06, 2.706386762475271e-06]"
hMpxV/South_Korea/KDCA-P026/2023|EPI_ISL_18147347|2023-04-22,"[0.0, 0.0, 0.0, 0.0, 0.0, 0.0, 0.0, 0.0, 0.0, 0.0, 0.0, 0.0, 0.0, 0.0, 0.0, 0.0, 0.0, 0.0, 0.0, 0.0, 0.0, 0.0, 0.0, 0.0, 0.0, 0.0, 1.0, 0.0, 0.0, 0.0, 0.0]"
hMpxV/South_Korea/KDCA-P017/2023|EPI_ISL_18147363|2023-04-18,"[0.0, 0.0, 0.0, 0.0, 0.0, 0.0, 0.0, 0.0, 0.0, 0.0, 0.0, 0.0, 0.0, 0.0, 0.0, 0.0, 0.0, 0.0, 0.0, 0.0, 0.0, 0.0, 0.0, 0.0, 0.0, 0.0, 1.0, 0.0, 0.0, 0.0, 0.0]"
NODE_0000143,"[4.199813551738198e-10, 1.8666318221822197e-10, 7.84147614834667e-11, 1.94122190289697e-10, 1.645426776015425e-10, 1.885387046953078e-10, 1.8695936867772726e-10, 1.88696077484411e-10, 1.9206541882678914e-10, 1.883613720977234e-10, 1.2215685869627604e-09, 1.8873715424561568e-10, 1.9846322180584046e-10, 1.8422036756526809e-10, 0.9999995962746611, 1.2499269960375278e-10, 1.796962806250128e-10, 1.8873715424565644e-10, 1.8873715424566125e-10, 1.7389354484102447e-10, 1.908317272833076e-10, 7.928042115142645e-10, 1.272162607073965e-10, 1.8865655954030735e-10, 3.49435206491881e-10, 1.7833015122461222e-10, 3.860381344685404e-07, 1.8093819005207916e-10, 1.0680006520061966e-08, 1.7304322145509166e-10, 1.885515580405297e-10]"
hMpxV/Japan/TMIPH-0162/2023|EPI_ISL_17837266|2023-06-02,"[0.0, 0.0, 0.0, 0.0, 0.0, 0.0, 0.0, 0.0, 0.0, 0.0, 0.0, 0.0, 0.0, 0.0, 1.0, 0.0, 0.0, 0.0, 0.0, 0.0, 0.0, 0.0, 0.0, 0.0, 0.0, 0.0, 0.0, 0.0, 0.0, 0.0, 0.0]"
hMpxV/Japan/TMIPH-220512/2023|EPI_ISL_17445516|2023-03-28,"[0.0, 0.0, 0.0, 0.0, 0.0, 0.0, 0.0, 0.0, 0.0, 0.0, 0.0, 0.0, 0.0, 0.0, 1.0, 0.0, 0.0, 0.0, 0.0, 0.0, 0.0, 0.0, 0.0, 0.0, 0.0, 0.0, 0.0, 0.0, 0.0, 0.0, 0.0]"
hMpxV/Japan/TMIPH-0012/2023|EPI_ISL_17592666|2023-04-04,"[0.0, 0.0, 0.0, 0.0, 0.0, 0.0, 0.0, 0.0, 0.0, 0.0, 0.0, 0.0, 0.0, 0.0, 1.0, 0.0, 0.0, 0.0, 0.0, 0.0, 0.0, 0.0, 0.0, 0.0, 0.0, 0.0, 0.0, 0.0, 0.0, 0.0, 0.0]"
NODE_0000147,"[0.9999805438296091, 5.560700593678224e-07, 1.281012976833141e-06, 5.735590338507794e-07, 4.997058566461882e-07, 5.615896274546107e-07, 5.550301930317736e-07, 5.596896074510239e-07, 5.7141579357034e-07, 5.620061241502818e-07, 5.811792878033327e-07, 5.603873123416632e-07, 5.272176087042612e-07, 5.56309088464738e-07, 1.5984303510530587e-06, 4.008423925473684e-07, 5.525737290840295e-07, 5.603873123416527e-07, 5.603873123416531e-07, 5.327355411675249e-07, 3.8682778923793675e-07, 6.081035421110831e-07, 4.1114841943929284e-07, 5.599489852873097e-07, 8.971034652783489e-07, 5.328064257446367e-07, 7.171688465611031e-07, 5.361336944609328e-07, 6.331040345133288e-07, 1.4641218972629614e-06, 5.591740826481233e-07]"
hMpxV/Australia/VIC-VIDRL-2389/2024|EPI_ISL_19459797|2024-04-18,"[0.9999999999999999, 0.0, 0.0, 0.0, 0.0, 0.0, 0.0, 0.0, 0.0, 0.0, 0.0, 0.0, 0.0, 0.0, 0.0, 0.0, 0.0, 0.0, 0.0, 0.0, 0.0, 0.0, 0.0, 0.0, 0.0, 0.0, 0.0, 0.0, 0.0, 0.0, 0.0]"
NODE_0000148,"[0.9999999943170024, 1.4924247179427741e-10, 5.57456154769799e-10, 1.5307035197606635e-10, 1.3281823515972887e-10, 1.5069422572169392e-10, 1.4970363906610938e-10, 1.507551997582015e-10, 1.528520466457662e-10, 1.5056522928694917e-10, 1.5275725981057672e-10, 1.5097498870187036e-10, 1.383968693658739e-10, 1.472330236039118e-10, 4.3549352918819783e-10, 1.0247956521562854e-10, 1.435397223478025e-10, 1.509749887018416e-10, 1.5097498870185505e-10, 1.3946627420620746e-10, 1.4828867860052168e-10, 1.5421494960367125e-10, 1.0369935986727844e-10, 1.50822317030925e-10, 3.0565023411463e-10, 1.4350572261408953e-10, 1.4941791550736597e-10, 1.45275127007876e-10, 1.535498213167559e-10, 6.185796914769656e-10, 1.505450189753606e-10]"
hMpxV/Australia/VIC-VIDRL-2390/2024|EPI_ISL_19459734|2024-04-18,"[1.0, 0.0, 0.0, 0.0, 0.0, 0.0, 0.0, 0.0, 0.0, 0.0, 0.0, 0.0, 0.0, 0.0, 0.0, 0.0, 0.0, 0.0, 0.0, 0.0, 0.0, 0.0, 0.0, 0.0, 0.0, 0.0, 0.0, 0.0, 0.0, 0.0, 0.0]"
hMpxV/Australia/VIC-VIDRL-40803/2024|EPI_ISL_19459753|2024-04-24,"[1.0, 0.0, 0.0, 0.0, 0.0, 0.0, 0.0, 0.0, 0.0, 0.0, 0.0, 0.0, 0.0, 0.0, 0.0, 0.0, 0.0, 0.0, 0.0, 0.0, 0.0, 0.0, 0.0, 0.0, 0.0, 0.0, 0.0, 0.0, 0.0, 0.0, 0.0]"
NODE_0000149,"[6.72755439989005e-07, 3.6703645341291827e-07, 1.8995312197394243e-07, 3.8160396616710786e-07, 3.274624087616574e-07, 3.707507221496512e-07, 3.662140425385873e-07, 3.6959186061331346e-07, 3.779211585697267e-07, 3.708759644091058e-07, 1.4550702064542688e-06, 3.6991404611919894e-07, 3.8207062219189575e-07, 3.6654584891992795e-07, 0.9998730151889564, 2.585154536185039e-07, 3.6329823186276883e-07, 3.699140461192102e-07, 3.69914046119213e-07, 3.4961350698159814e-07, 2.772377976083765e-07, 1.0980784508640806e-06, 2.650152255300578e-07, 3.696714641450774e-07, 5.745644583918327e-07, 3.5029858967414793e-07, 0.00010747657462691402, 3.5322427178417947e-07, 7.416190195975447e-06, 3.556250613199242e-07, 3.6930975429375624e-07]"
hMpxV/Japan/OIPH-001/2023|EPI_ISL_17518107|2023-03-17,"[0.0, 0.0, 0.0, 0.0, 0.0, 0.0, 0.0, 0.0, 0.0, 0.0, 0.0, 0.0, 0.0, 0.0, 1.0, 0.0, 0.0, 0.0, 0.0, 0.0, 0.0, 0.0, 0.0, 0.0, 0.0, 0.0, 0.0, 0.0, 0.0, 0.0, 0.0]"
NODE_0000150,"[2.549666260134899e-08, 1.3314717593767814e-08, 6.6638265726584e-09, 1.3781238628655546e-08, 1.1853196529391939e-08, 1.3454442858067372e-08, 1.3296739974412691e-08, 1.3410631746818754e-08, 1.369536676543e-08, 1.345757442131401e-08, 5.7486251659558047e-08, 1.343145218238881e-08, 1.3856978403365468e-08, 1.3278792425611017e-08, 0.9999944343977457, 9.295337048588718e-09, 1.3126672701114155e-08, 1.343145218239041e-08, 1.3431452182390951e-08, 1.2644474718054846e-08, 1.0948646575458748e-08, 4.208618166856683e-08, 9.486938343106287e-09, 1.3417997727960494e-08, 2.1165657209743002e-08, 1.2719636611852644e-08, 4.8070933788054195e-06, 1.2824668797746907e-08, 3.110388285643673e-07, 1.301789518140002e-08, 1.3395163582431249e-08]"
hMpxV/Japan/TMIPH-0129/2023|EPI_ISL_17762485|2023-05-17,"[0.0, 0.0, 0.0, 0.0, 0.0, 0.0, 0.0, 0.0, 0.0, 0.0, 0.0, 0.0, 0.0, 0.0, 1.0, 0.0, 0.0, 0.0, 0.0, 0.0, 0.0, 0.0, 0.0, 0.0, 0.0, 0.0, 0.0, 0.0, 0.0, 0.0, 0.0]"
hMpxV/Japan/TMIPH-0112/2023|EPI_ISL_17959215|2023-05-11,"[0.0, 0.0, 0.0, 0.0, 0.0, 0.0, 0.0, 0.0, 0.0, 0.0, 0.0, 0.0, 0.0, 0.0, 1.0, 0.0, 0.0, 0.0, 0.0, 0.0, 0.0, 0.0, 0.0, 0.0, 0.0, 0.0, 0.0, 0.0, 0.0, 0.0, 0.0]"
NODE_0000153,"[1.2152883816039767e-10, 1.8459356806985367e-10, 6.443867366182593e-11, 1.9230351212405534e-10, 1.571273227158875e-10, 1.871455614125289e-10, 1.8490315213953714e-10, 1.8742127654684347e-10, 1.920402130230946e-10, 1.8705096128406106e-10, 2.750168848459416e-10, 1.8730903149834032e-10, 1.7272985825980393e-10, 1.8216213628454867e-10, 2.532178667876389e-06, 1.118791105190563e-10, 1.7692256312836825e-10, 1.8730903149857842e-10, 1.873090314985324e-10, 1.6949744167586844e-10, 5.4309404623048253e-11, 8.307609495841999e-10, 1.1609882551462215e-10, 1.8729621005971837e-10, 1.7580795371246106e-09, 1.7421767831790224e-10, 0.9999974605475416, 1.7699068510464057e-10, 4.365044242813329e-10, 4.3511324498534584e-11, 1.8733328361724215e-10]"
hMpxV/South_Korea/KDCA-P007/2023|EPI_ISL_18147345|2023-04-10,"[0.0, 0.0, 0.0, 0.0, 0.0, 0.0, 0.0, 0.0, 0.0, 0.0, 0.0, 0.0, 0.0, 0.0, 0.0, 0.0, 0.0, 0.0, 0.0, 0.0, 0.0, 0.0, 0.0, 0.0, 0.0, 0.0, 0.9999999999999999, 0.0, 0.0, 0.0, 0.0]"
hMpxV/South_Korea/KDCA-P018/2023|EPI_ISL_18147348|2023-04-18,"[0.0, 0.0, 0.0, 0.0, 0.0, 0.0, 0.0, 0.0, 0.0, 0.0, 0.0, 0.0, 0.0, 0.0, 0.0, 0.0, 0.0, 0.0, 0.0, 0.0, 0.0, 0.0, 0.0, 0.0, 0.0, 0.0, 1.0, 0.0, 0.0, 0.0, 0.0]"
hMpxV/South_Korea/NMC-P003/2023|EPI_ISL_18744050|2023-05-03,"[0.0, 0.0, 0.0, 0.0, 0.0, 0.0, 0.0, 0.0, 0.0, 0.0, 0.0, 0.0, 0.0, 0.0, 0.0, 0.0, 0.0, 0.0, 0.0, 0.0, 0.0, 0.0, 0.0, 0.0, 0.0, 0.0, 1.0, 0.0, 0.0, 0.0, 0.0]"
NODE_0000138,"[1.0831378572186536e-11, 4.6778655668628385e-12, 1.922131002378756e-12, 4.851854620730619e-12, 4.11787769286734e-12, 4.72585946887686e-12, 4.687951368335948e-12, 4.7294953759167485e-12, 4.809982615504515e-12, 4.721012190787284e-12, 3.24210267224847e-11, 4.7325282965692386e-12, 4.973985637237509e-12, 4.6122217688778866e-12, 0.9999999882380447, 3.1145306525068206e-12, 4.491121670423913e-12, 4.732528296574648e-12, 4.732528296574311e-12, 4.348893752906144e-12, 5.050521813294831e-12, 2.0617309928878998e-11, 3.160672727839814e-12, 4.7294783718154286e-12, 8.856481747975489e-12, 4.47159279530402e-12, 1.1287185783942136e-08, 4.537036727447475e-12, 2.9602817571093004e-10, 4.358986603887778e-12, 4.724716755742832e-12]"
hMpxV/Japan/TMIPH-220531/2023|EPI_ISL_17445518|2023-03-31,"[0.0, 0.0, 0.0, 0.0, 0.0, 0.0, 0.0, 0.0, 0.0, 0.0, 0.0, 0.0, 0.0, 0.0, 1.0, 0.0, 0.0, 0.0, 0.0, 0.0, 0.0, 0.0, 0.0, 0.0, 0.0, 0.0, 0.0, 0.0, 0.0, 0.0, 0.0]"
hMpxV/Japan/TMIPH-0113/2023|EPI_ISL_17959216|2023-05-12,"[0.0, 0.0, 0.0, 0.0, 0.0, 0.0, 0.0, 0.0, 0.0, 0.0, 0.0, 0.0, 0.0, 0.0, 1.0, 0.0, 0.0, 0.0, 0.0, 0.0, 0.0, 0.0, 0.0, 0.0, 0.0, 0.0, 0.0, 0.0, 0.0, 0.0, 0.0]"
NODE_0000139,"[6.30991842085621e-10, 3.1270844539781225e-10, 1.5040217376480295e-10, 3.2201190850026327e-10, 2.77693095149549e-10, 3.1611775554888404e-10, 3.126112092485386e-10, 3.150370967688892e-10, 3.212391026359246e-10, 3.1614593720403973e-10, 1.4959609509346034e-09, 3.157814802224714e-10, 3.254145954592567e-10, 3.113408401702896e-10, 0.9999998361085068, 2.1606978046224128e-10, 3.068122910038893e-10, 3.15781480222575e-10, 3.1578148022262697e-10, 2.958855182712417e-10, 2.8426434849241024e-10, 1.0557442865881536e-09, 2.193256247213242e-10, 3.1533462942651365e-10, 5.064602521266526e-10, 2.990569720910133e-10, 1.4441181120662735e-07, 3.0150961573560455e-10, 8.70067014701653e-09, 3.090013668564721e-10, 3.14527848221065e-10]"
hMpxV/Japan/TMIPH-0037/2023|EPI_ISL_17665625|2023-04-18,"[0.0, 0.0, 0.0, 0.0, 0.0, 0.0, 0.0, 0.0, 0.0, 0.0, 0.0, 0.0, 0.0, 0.0, 1.0, 0.0, 0.0, 0.0, 0.0, 0.0, 0.0, 0.0, 0.0, 0.0, 0.0, 0.0, 0.0, 0.0, 0.0, 0.0, 0.0]"
hMpxV/Japan/TMIPH-0007/2023|EPI_ISL_17592665|2023-04-03,"[0.0, 0.0, 0.0, 0.0, 0.0, 0.0, 0.0, 0.0, 0.0, 0.0, 0.0, 0.0, 0.0, 0.0, 0.9999999999999999, 0.0, 0.0, 0.0, 0.0, 0.0, 0.0, 0.0, 0.0, 0.0, 0.0, 0.0, 0.0, 0.0, 0.0, 0.0, 0.0]"
NODE_0000144,"[1.682093877394057e-08, 8.987472347211206e-09, 4.578663616640423e-09, 9.323250419472203e-09, 8.010031169260136e-09, 9.08011677885812e-09, 8.971172113619994e-09, 9.051075240515638e-09, 9.249399208412374e-09, 9.08278400545537e-09, 3.7086310202654596e-08, 9.061982461614928e-09, 9.353810205213568e-09, 8.969880277644976e-09, 0.9999966167943315, 6.30364233156876e-09, 8.879476852857382e-09, 9.061982461623595e-09, 9.061982461622757e-09, 8.548909348855777e-09, 7.071104876052125e-09, 2.7587617459197163e-08, 6.448517012570356e-09, 9.054510895539515e-09, 1.4161303046304291e-08, 8.58167004228343e-09, 2.890188471073034e-06, 8.652716227561847e-09, 1.941849085730347e-07, 8.749524008581092e-09, 9.042445031169296e-09]"
hMpxV/Japan/TMIPH-230002/2023|EPI_ISL_17445519|2023-03-31,"[0.0, 0.0, 0.0, 0.0, 0.0, 0.0, 0.0, 0.0, 0.0, 0.0, 0.0, 0.0, 0.0, 0.0, 0.9999999999999999, 0.0, 0.0, 0.0, 0.0, 0.0, 0.0, 0.0, 0.0, 0.0, 0.0, 0.0, 0.0, 0.0, 0.0, 0.0, 0.0]"
NODE_0000145,"[2.5573707149428027e-09, 1.2973155847977853e-09, 6.350362083463523e-10, 1.3392774704922687e-09, 1.1534028645861874e-09, 1.3111848292671046e-09, 1.2962914916789617e-09, 1.3068091585322244e-09, 1.3334467710020452e-09, 1.3113657969681807e-09, 5.934617164492622e-09, 1.3094092530487525e-09, 1.3503257972715852e-09, 1.2925376963156233e-09, 0.9999993826362871, 9.006137503718238e-10, 1.2754886201210084e-09, 1.3094092530500464e-09, 1.309409253049921e-09, 1.2294357176359428e-09, 1.126764339731934e-09, 4.256120329184426e-09, 9.163380168924846e-10, 1.3078032223820749e-09, 2.085986812657671e-09, 1.240023719208167e-09, 5.396515393435471e-07, 1.2502971888274725e-09, 3.349602054098368e-08, 1.2750975674519377e-09, 1.3049744892913869e-09]"
hMpxV/Japan/TMIPH-0072/2023|EPI_ISL_17692268|2023-04-28,"[0.0, 0.0, 0.0, 0.0, 0.0, 0.0, 0.0, 0.0, 0.0, 0.0, 0.0, 0.0, 0.0, 0.0, 1.0, 0.0, 0.0, 0.0, 0.0, 0.0, 0.0, 0.0, 0.0, 0.0, 0.0, 0.0, 0.0, 0.0, 0.0, 0.0, 0.0]"
NODE_0000146,"[2.9741289424327653e-09, 1.5147822758146086e-09, 7.437737971756047e-10, 1.5643860119062547e-09, 1.3470076844159555e-09, 1.5309284575056e-09, 1.513464901340788e-09, 1.5258361948743083e-09, 1.5571190897362375e-09, 1.5311564783754896e-09, 6.874837581424841e-09, 1.528778756255439e-09, 1.5766847458836333e-09, 1.5093996147929067e-09, 0.9999992923416161, 1.0524266907124784e-09, 1.4898507064812045e-09, 1.5287787562569283e-09, 1.5287787562567983e-09, 1.4359296242447855e-09, 1.3055533791364343e-09, 4.944259807792239e-09, 1.0712424248003635e-09, 1.5269513458163874e-09, 2.4319688703773655e-09, 1.4477665250041276e-09, 6.175504484899812e-07, 1.4597657567626394e-09, 3.858092929118085e-08, 1.4877013617968919e-09, 1.5237475660883505e-09]"
hMpxV/Japan/TMIPH-0174/2023|EPI_ISL_17837267|2023-06-12,"[0.0, 0.0, 0.0, 0.0, 0.0, 0.0, 0.0, 0.0, 0.0, 0.0, 0.0, 0.0, 0.0, 0.0, 1.0, 0.0, 0.0, 0.0, 0.0, 0.0, 0.0, 0.0, 0.0, 0.0, 0.0, 0.0, 0.0, 0.0, 0.0, 0.0, 0.0]"
hMpxV/Japan/TMIPH-0109/2023|EPI_ISL_17959214|2023-05-11,"[0.0, 0.0, 0.0, 0.0, 0.0, 0.0, 0.0, 0.0, 0.0, 0.0, 0.0, 0.0, 0.0, 0.0, 1.0, 0.0, 0.0, 0.0, 0.0, 0.0, 0.0, 0.0, 0.0, 0.0, 0.0, 0.0, 0.0, 0.0, 0.0, 0.0, 0.0]"
NODE_0000140,"[1.6350783119635814e-09, 8.368536507962691e-10, 3.966196552747416e-10, 8.730194734564785e-10, 7.416757549056756e-10, 8.452080739176883e-10, 8.361845969577424e-10, 8.449859235855254e-10, 8.630221334790627e-10, 8.452242081642079e-10, 3.967728792736898e-09, 8.445947249753206e-10, 8.847260111960547e-10, 8.317039687588449e-10, 0.9999993773763673, 5.757951635524191e-10, 8.192221407005114e-10, 8.445947249761666e-10, 8.445947249760911e-10, 7.899425319116362e-10, 6.867122854229131e-10, 3.0413090396884213e-09, 5.926494636017161e-10, 8.445902008550105e-10, 1.4068005479040688e-09, 7.984757198956681e-10, 5.686943753185103e-07, 8.114477739749743e-10, 2.5003435142033054e-08, 7.78288898188271e-10, 8.44773546477766e-10]"
hMpxV/Japan/TMIPH-0047/2023|EPI_ISL_17665626|2023-04-19,"[0.0, 0.0, 0.0, 0.0, 0.0, 0.0, 0.0, 0.0, 0.0, 0.0, 0.0, 0.0, 0.0, 0.0, 0.9999999999999999, 0.0, 0.0, 0.0, 0.0, 0.0, 0.0, 0.0, 0.0, 0.0, 0.0, 0.0, 0.0, 0.0, 0.0, 0.0, 0.0]"
hMpxV/Japan/TMIPH-0019/2023|EPI_ISL_17592670|2023-04-11,"[0.0, 0.0, 0.0, 0.0, 0.0, 0.0, 0.0, 0.0, 0.0, 0.0, 0.0, 0.0, 0.0, 0.0, 0.9999999999999999, 0.0, 0.0, 0.0, 0.0, 0.0, 0.0, 0.0, 0.0, 0.0, 0.0, 0.0, 0.0, 0.0, 0.0, 0.0, 0.0]"
NODE_0000141,"[0.0007600432693725949, 0.0006377476815043163, 0.00038529886727667816, 0.000664938740088847, 0.0005670113910734952, 0.0006447792083078112, 0.0006337787251677884, 0.0006399520103571132, 0.0006586292720778521, 0.0006463859371497607, 0.0011816774040680513, 0.000641705733052542, 0.0007636179890929897, 0.0006444046327697249, 0.9592941931904946, 0.0004557220572135147, 0.000651975904726999, 0.0006417057330525526, 0.0006417057330525518, 0.000619396127999977, 0.00027297575444436284, 0.009283997233533119, 0.00047434754045124476, 0.0006407486299557566, 0.0007113208282334477, 0.0006048329387048953, 0.011732261829577038, 0.0007298118967335828, 0.00263186227351291, 0.0005040999970626172, 0.0006390714698913367]"
hMpxV/Japan/NCGHM-001/2024|EPI_ISL_19293742|2024-03-03,"[0.0, 0.0, 0.0, 0.0, 0.0, 0.0, 0.0, 0.0, 0.0, 0.0, 0.0, 0.0, 0.0, 0.0, 1.0, 0.0, 0.0, 0.0, 0.0, 0.0, 0.0, 0.0, 0.0, 0.0, 0.0, 0.0, 0.0, 0.0, 0.0, 0.0, 0.0]"
NODE_0000142,"[5.499389787576567e-09, 8.048831827701689e-09, 3.5077941896848696e-09, 8.45634844717919e-09, 6.873745520405814e-09, 8.170784266105452e-09, 8.016258918875622e-09, 8.117654202445954e-09, 8.388493667456489e-09, 8.181281102918327e-09, 9.742695877048748e-09, 8.137045157448855e-09, 1.6831569045551152e-08, 8.074454191520122e-09, 9.57545507211136e-08, 5.042894649740658e-09, 8.13151759478498e-09, 8.137045157463097e-09, 8.137045157455444e-09, 7.574834556631409e-09, 1.9429802093110547e-09, 0.9999996345670359, 5.210940397553845e-09, 8.125322563249858e-09, 5.607931050161223e-09, 7.54130085901912e-09, 4.741015536705166e-08, 1.6878675079621826e-08, 1.3149785223948789e-08, 2.636647139923507e-09, 8.10499254813329e-09]"
hMpxV/Philippines/RITM-028/2024|EPI_ISL_19456608|2024-09-12,"[0.0, 0.0, 0.0, 0.0, 0.0, 0.0, 0.0, 0.0, 0.0, 0.0, 0.0, 0.0, 0.0, 0.0, 0.0, 0.0, 0.0, 0.0, 0.0, 0.0, 0.0, 1.0, 0.0, 0.0, 0.0, 0.0, 0.0, 0.0, 0.0, 0.0, 0.0]"
hMpxV/Philippines/RITM-029/2024|EPI_ISL_19456609|2024-09-12,"[0.0, 0.0, 0.0, 0.0, 0.0, 0.0, 0.0, 0.0, 0.0, 0.0, 0.0, 0.0, 0.0, 0.0, 0.0, 0.0, 0.0, 0.0, 0.0, 0.0, 0.0, 1.0, 0.0, 0.0, 0.0, 0.0, 0.0, 0.0, 0.0, 0.0, 0.0]"
NODE_0000118,"[1.4421602482203255e-06, 2.00533854823609e-06, 8.723357366740811e-07, 4.967108280519092e-06, 1.7097868099552544e-06, 2.032966650160032e-06, 1.998100777555589e-06, 2.01848130766666e-06, 2.080079482869892e-06, 2.0369155267661702e-06, 2.6390385343808424e-06, 2.028631807886278e-06, 4.196284777893521e-06, 2.0055942509479565e-06, 0.0002143225578928747, 1.2590862033678325e-06, 1.989282883652454e-06, 2.028631807885997e-06, 2.028631807886004e-06, 1.889833379032389e-06, 5.157808317377605e-07, 2.702943583762256e-06, 1.3016959170442872e-06, 2.022967992030854e-06, 1.5188187835905372e-06, 1.8794594233797819e-06, 7.874019592963272e-06, 1.8947093443741741e-06, 0.9997220377544579, 6.882282558919271e-07, 2.012775102958431e-06]"
hMpxV/Thailand/KCMH-462/2023|EPI_ISL_19437780|2023-12-22,"[0.0, 0.0, 0.0, 0.0, 0.0, 0.0, 0.0, 0.0, 0.0, 0.0, 0.0, 0.0, 0.0, 0.0, 0.0, 0.0, 0.0, 0.0, 0.0, 0.0, 0.0, 0.0, 0.0, 0.0, 0.0, 0.0, 0.0, 0.0, 0.9999999999999999, 0.0, 0.0]"
NODE_0000123,"[5.277984602904151e-10, 9.226823649733895e-10, 3.0747504006855124e-10, 3.350431780482024e-09, 7.652098696569272e-10, 9.374053184994077e-10, 9.221496691802573e-10, 9.324154548745102e-10, 9.604412452594102e-10, 9.382943808967034e-10, 1.1735992095334401e-09, 9.3741923127773e-10, 2.7133945238316327e-09, 9.144093896774103e-10, 2.1620362330719381e-07, 5.276102724070986e-10, 8.939086589307237e-10, 9.37419231277165e-10, 9.374192312771763e-10, 8.471439135620437e-10, 1.9843332761404527e-10, 1.1901466939370714e-09, 5.410982681920638e-10, 9.345446797998712e-10, 5.772883328163165e-10, 8.597885993187963e-10, 2.958303062817867e-09, 8.714591064152402e-10, 0.9999997540997144, 1.8965487938672642e-10, 9.293180418891533e-10]"
hMpxV/Thailand/KCMH-295/2023|EPI_ISL_19437772|2023-07-03,"[0.0, 0.0, 0.0, 0.0, 0.0, 0.0, 0.0, 0.0, 0.0, 0.0, 0.0, 0.0, 0.0, 0.0, 0.0, 0.0, 0.0, 0.0, 0.0, 0.0, 0.0, 0.0, 0.0, 0.0, 0.0, 0.0, 0.0, 0.0, 0.9999999999999999, 0.0, 0.0]"
hMpxV/Thailand/KCMH-283/2023|EPI_ISL_19437779|2023-06-28,"[0.0, 0.0, 0.0, 0.0, 0.0, 0.0, 0.0, 0.0, 0.0, 0.0, 0.0, 0.0, 0.0, 0.0, 0.0, 0.0, 0.0, 0.0, 0.0, 0.0, 0.0, 0.0, 0.0, 0.0, 0.0, 0.0, 0.0, 0.0, 1.0, 0.0, 0.0]"
NODE_0000121,"[7.24096688622934e-08, 1.5490544734484485e-07, 4.9284049032935e-08, 9.893796792392853e-05, 1.2716394090759022e-07, 1.577025286937385e-07, 1.54787170792684e-07, 1.5646940330044217e-07, 1.615311738752396e-07, 1.57869182016906e-07, 1.5287960226096952e-07, 1.5754542903525703e-07, 3.6719259735752593e-07, 1.5389362727457842e-07, 1.4535419567679951e-06, 8.594675587926587e-08, 1.5046256661077243e-07, 1.5754542903524493e-07, 1.575454290352434e-07, 1.4183316650475886e-07, 2.7261248474400057e-08, 1.6482020911623045e-07, 8.754357100043807e-08, 1.5694508754319392e-07, 7.812580719832257e-08, 1.438345753170968e-07, 1.272993840997734e-07, 1.4553365990316465e-07, 0.9998957790234363, 2.530442200138855e-08, 1.5583155059942618e-07]"
hMpxV/Thailand/KCMH-455/2023|EPI_ISL_19437773|2023-12-01,"[0.0, 0.0, 0.0, 0.0, 0.0, 0.0, 0.0, 0.0, 0.0, 0.0, 0.0, 0.0, 0.0, 0.0, 0.0, 0.0, 0.0, 0.0, 0.0, 0.0, 0.0, 0.0, 0.0, 0.0, 0.0, 0.0, 0.0, 0.0, 1.0, 0.0, 0.0]"
hMpxV/Cambodia/NPHL1211017/2023|EPI_ISL_18697752|2023-12-11,"[0.0, 0.0, 0.0, 1.0, 0.0, 0.0, 0.0, 0.0, 0.0, 0.0, 0.0, 0.0, 0.0, 0.0, 0.0, 0.0, 0.0, 0.0, 0.0, 0.0, 0.0, 0.0, 0.0, 0.0, 0.0, 0.0, 0.0, 0.0, 0.0, 0.0, 0.0]"
NODE_0000122,"[2.1342028213466933e-08, 3.984908306150358e-08, 1.5286603718178006e-08, 1.5753862345596938e-06, 3.3482148638667166e-08, 4.0519334361833094e-08, 3.97496156245457e-08, 4.0175782543947405e-08, 4.147489974588495e-08, 4.056929040424355e-08, 3.906288677928636e-08, 4.0398212609137355e-08, 1.0911814442099695e-07, 3.984559396852804e-08, 5.830581009170565e-07, 2.3731849519758837e-08, 3.933224220095651e-08, 4.039821260913502e-08, 4.039821260913545e-08, 3.710473910826243e-08, 7.963176622055593e-09, 4.2410974086782145e-08, 2.4222521615576222e-08, 4.027456823416106e-08, 2.2135840219556038e-08, 3.722279421986005e-08, 3.273825541791782e-08, 3.753278552579134e-08, 0.9999968261499418, 9.019901096095622e-09, 4.004602556244202e-08]"
hMpxV/Thailand/KCMH-459/2023|EPI_ISL_19437775|2023-12-12,"[0.0, 0.0, 0.0, 0.0, 0.0, 0.0, 0.0, 0.0, 0.0, 0.0, 0.0, 0.0, 0.0, 0.0, 0.0, 0.0, 0.0, 0.0, 0.0, 0.0, 0.0, 0.0, 0.0, 0.0, 0.0, 0.0, 0.0, 0.0, 0.9999999999999999, 0.0, 0.0]"
hMpxV/Thailand/KCMH-465/2023|EPI_ISL_19437776|2023-12-28,"[0.0, 0.0, 0.0, 0.0, 0.0, 0.0, 0.0, 0.0, 0.0, 0.0, 0.0, 0.0, 0.0, 0.0, 0.0, 0.0, 0.0, 0.0, 0.0, 0.0, 0.0, 0.0, 0.0, 0.0, 0.0, 0.0, 0.0, 0.0, 1.0, 0.0, 0.0]"
NODE_0000124,"[1.6878365587473618e-14, 3.16851329622315e-14, 5.678424402788105e-15, 3.33972881297838e-14, 2.502491646003395e-14, 3.2183614980979315e-14, 3.2110693072819715e-14, 6.055603207309543e-14, 7.691759777896349e-14, 3.3273887721234315e-14, 6.962829130184937e-14, 3.258679842536648e-14, 6.979715647579749e-14, 3.346388293064943e-14, 2.0064613269834985e-08, 1.487334112845701e-14, 3.228927374585164e-14, 3.258679842541182e-14, 3.2586798425401535e-14, 2.7494361718153698e-14, 7.080295310152711e-15, 7.282269718851443e-12, 1.2730900789244422e-13, 4.597335413938287e-14, 5.5575336945863485e-11, 2.95903691384642e-14, 0.9999999798714043, 4.14848926864216e-14, 1.006349633608076e-13, 2.508836682795911e-15, 7.709660632890773e-14]"
hMpxV/China/SZ-CDC/Strain085,"[0.0, 0.0, 0.0, 0.0, 0.0, 0.0, 0.0, 0.0, 0.0, 0.0, 0.0, 0.0, 0.0, 0.0, 0.0, 0.0, 0.0, 0.0, 0.0, 0.0, 0.0, 0.0, 0.0, 0.0, 1.0, 0.0, 0.0, 0.0, 0.0, 0.0, 0.0]"
hMpxV/China/SZ-CDC/Strain126,"[0.0, 0.0, 0.0, 0.0, 0.0, 0.0, 0.0, 0.0, 0.0, 0.0, 0.0, 0.0, 0.0, 0.0, 0.0, 0.0, 0.0, 0.0, 0.0, 0.0, 0.0, 0.0, 0.0, 0.0, 0.9999999999999999, 0.0, 0.0, 0.0, 0.0, 0.0, 0.0]"
hMpxV/South_Korea/KDCA-P011/2023|EPI_ISL_18147340|2023-04-14,"[0.0, 0.0, 0.0, 0.0, 0.0, 0.0, 0.0, 0.0, 0.0, 0.0, 0.0, 0.0, 0.0, 0.0, 0.0, 0.0, 0.0, 0.0, 0.0, 0.0, 0.0, 0.0, 0.0, 0.0, 0.0, 0.0, 1.0, 0.0, 0.0, 0.0, 0.0]"
hMpxV/South_Korea/KDCA-P028/2023|EPI_ISL_18147336|2023-04-22,"[0.0, 0.0, 0.0, 0.0, 0.0, 0.0, 0.0, 0.0, 0.0, 0.0, 0.0, 0.0, 0.0, 0.0, 0.0, 0.0, 0.0, 0.0, 0.0, 0.0, 0.0, 0.0, 0.0, 0.0, 0.0, 0.0, 1.0, 0.0, 0.0, 0.0, 0.0]"
hMpxV/South_Korea/KDCA-P021/2023|EPI_ISL_18147343|2023-04-21,"[0.0, 0.0, 0.0, 0.0, 0.0, 0.0, 0.0, 0.0, 0.0, 0.0, 0.0, 0.0, 0.0, 0.0, 0.0, 0.0, 0.0, 0.0, 0.0, 0.0, 0.0, 0.0, 0.0, 0.0, 0.0, 0.0, 1.0, 0.0, 0.0, 0.0, 0.0]"
hMpxV/South_Korea/KDCA-P032/2023|EPI_ISL_18147337|2023-04-25,"[0.0, 0.0, 0.0, 0.0, 0.0, 0.0, 0.0, 0.0, 0.0, 0.0, 0.0, 0.0, 0.0, 0.0, 0.0, 0.0, 0.0, 0.0, 0.0, 0.0, 0.0, 0.0, 0.0, 0.0, 0.0, 0.0, 0.9999999999999999, 0.0, 0.0, 0.0, 0.0]"
hMpxV/Japan/TMIPH-230367/2024|EPI_ISL_19151800|2024-01-31,"[0.0, 0.0, 0.0, 0.0, 0.0, 0.0, 0.0, 0.0, 0.0, 0.0, 0.0, 0.0, 0.0, 0.0, 1.0, 0.0, 0.0, 0.0, 0.0, 0.0, 0.0, 0.0, 0.0, 0.0, 0.0, 0.0, 0.0, 0.0, 0.0, 0.0, 0.0]"
hMpxV/Philippines/RITM-006/2023|EPI_ISL_19409300|2023-07-07,"[0.0, 0.0, 0.0, 0.0, 0.0, 0.0, 0.0, 0.0, 0.0, 0.0, 0.0, 0.0, 0.0, 0.0, 0.0, 0.0, 0.0, 0.0, 0.0, 0.0, 0.0, 0.9999999999999999, 0.0, 0.0, 0.0, 0.0, 0.0, 0.0, 0.0, 0.0, 0.0]"
NODE_0000113,"[0.0004756149742592071, 0.0005882741369481284, 0.00027717273175959824, 0.0009154166177538006, 0.0005086832897029412, 0.0005962927849170212, 0.0005858734248404555, 0.0006084409114247418, 0.00063476536876785, 0.0005975054711288235, 0.000826609822808324, 0.000594085759274875, 0.04158812602057452, 0.0005931929178766861, 0.0373808679556447, 0.00038272821732818104, 0.0008073986167934847, 0.0005940857592748511, 0.0005940857592748524, 0.0005579415376568227, 0.00017161732712600792, 0.0011451071143872586, 0.00046748890946187886, 0.000601203774709981, 0.001718752906926852, 0.0005537481596568705, 0.0026366354652122767, 0.000559522612838443, 0.9015809773873399, 0.00024232717429166668, 0.0006154570900389448]"
hMpxV/Thailand/KCMH-026/2023|EPI_ISL_19437777|2023-05-12,"[0.0, 0.0, 0.0, 0.0, 0.0, 0.0, 0.0, 0.0, 0.0, 0.0, 0.0, 0.0, 0.0, 0.0, 0.0, 0.0, 0.0, 0.0, 0.0, 0.0, 0.0, 0.0, 0.0, 0.0, 0.0, 0.0, 0.0, 0.0, 1.0, 0.0, 0.0]"
NODE_0000114,"[6.8025709719785625e-06, 1.1731984986530412e-05, 2.952815552203457e-06, 1.6852604095098157e-05, 9.281838193863147e-06, 1.1924132232620278e-05, 1.1809193638004504e-05, 3.0673441237765213e-05, 4.314171984992631e-05, 1.2379307152273193e-05, 1.760902883382992e-05, 1.2028524955153012e-05, 0.9732774462525089, 1.6564427077150303e-05, 6.116491220057435e-05, 5.821087510274422e-06, 0.0001577628565091248, 1.2028524955152873e-05, 1.202852495515293e-05, 1.0596944628412345e-05, 1.9831638841348203e-06, 0.0003941605966215408, 0.00019025831225269167, 2.0469988064270647e-05, 0.024460180552208992, 1.088934546483401e-05, 4.884052911054569e-05, 1.6368038095203248e-05, 0.0010712863219963131, 2.0578389586877536e-06, 4.2904621299005476e-05]"
hMpxV/China/SZ-CDC/Strain072,"[0.0, 0.0, 0.0, 0.0, 0.0, 0.0, 0.0, 0.0, 0.0, 0.0, 0.0, 0.0, 0.0, 0.0, 0.0, 0.0, 0.0, 0.0, 0.0, 0.0, 0.0, 0.0, 0.0, 0.0, 1.0, 0.0, 0.0, 0.0, 0.0, 0.0, 0.0]"
hMpxV/Indonesia/JK-NIHRD-MP010/2023|EPI_ISL_18436041|2023-10-20,"[0.0, 0.0, 0.0, 0.0, 0.0, 0.0, 0.0, 0.0, 0.0, 0.0, 0.0, 0.0, 1.0, 0.0, 0.0, 0.0, 0.0, 0.0, 0.0, 0.0, 0.0, 0.0, 0.0, 0.0, 0.0, 0.0, 0.0, 0.0, 0.0, 0.0, 0.0]"
hMpxV/Indonesia/JK-NIHRD-MP005/2023|EPI_ISL_18436040|2023-10-12,"[0.0, 0.0, 0.0, 0.0, 0.0, 0.0, 0.0, 0.0, 0.0, 0.0, 0.0, 0.0, 1.0, 0.0, 0.0, 0.0, 0.0, 0.0, 0.0, 0.0, 0.0, 0.0, 0.0, 0.0, 0.0, 0.0, 0.0, 0.0, 0.0, 0.0, 0.0]"
hMpxV/Netherlands/un-EMC-NL105/2024|EPI_ISL_19002300|2024-03-07,"[0.0, 0.0, 0.0, 0.0, 0.0, 0.0, 0.0, 0.0, 0.0, 0.0, 0.0, 0.0, 0.0, 0.0, 0.0, 0.0, 1.0, 0.0, 0.0, 0.0, 0.0, 0.0, 0.0, 0.0, 0.0, 0.0, 0.0, 0.0, 0.0, 0.0, 0.0]"
hMpxV/China/SZ-CDC/Strain146,"[0.0, 0.0, 0.0, 0.0, 0.0, 0.0, 0.0, 0.0, 0.0, 0.0, 0.0, 0.0, 0.0, 0.0, 0.0, 0.0, 0.0, 0.0, 0.0, 0.0, 0.0, 0.0, 0.0, 0.0, 1.0, 0.0, 0.0, 0.0, 0.0, 0.0, 0.0]"
NODE_0000117,"[8.52451416228168e-08, 1.50420198980738e-07, 6.197179537208658e-08, 1.5741734572468827e-07, 1.2683048425224965e-07, 1.5289390853463113e-07, 1.4988225134329512e-07, 1.5444014375415953e-07, 1.609687431999329e-07, 1.5329667333333373e-07, 1.473197818327784e-07, 1.5236019961947636e-07, 4.496335653510485e-06, 1.519322808763972e-07, 1.9698851275701973e-07, 9.113637254843324e-08, 1.8869970751610105e-07, 1.5236019961961588e-07, 1.5236019961953954e-07, 1.411691769934564e-07, 3.061200555285849e-08, 0.9999912216766408, 1.048151153088237e-07, 1.533976927394182e-07, 1.6226619982357854e-07, 1.4047867075379134e-07, 2.737939232273536e-07, 3.127534341033495e-07, 1.8103414926002852e-07, 3.9751142584326746e-08, 1.5539225495630392e-07]"
hMpxV/Philippines/RITM-007/2023|EPI_ISL_19420626|2023-12-05,"[0.0, 0.0, 0.0, 0.0, 0.0, 0.0, 0.0, 0.0, 0.0, 0.0, 0.0, 0.0, 0.0, 0.0, 0.0, 0.0, 0.0, 0.0, 0.0, 0.0, 0.0, 1.0, 0.0, 0.0, 0.0, 0.0, 0.0, 0.0, 0.0, 0.0, 0.0]"
hMpxV/Philippines/RITM-008/2023|EPI_ISL_19420632|2023-12-12,"[0.0, 0.0, 0.0, 0.0, 0.0, 0.0, 0.0, 0.0, 0.0, 0.0, 0.0, 0.0, 0.0, 0.0, 0.0, 0.0, 0.0, 0.0, 0.0, 0.0, 0.0, 1.0, 0.0, 0.0, 0.0, 0.0, 0.0, 0.0, 0.0, 0.0, 0.0]"
NODE_0000116,"[2.3908471716173192e-12, 5.488850264334177e-12, 1.4881873343032652e-12, 5.805688201314318e-12, 4.441333344356461e-12, 5.589619887448245e-12, 5.501050059864968e-12, 6.531314552969942e-12, 7.184724329672208e-12, 5.6246809303891915e-12, 5.7011583684932545e-12, 5.599558622820235e-12, 0.9999999995116934, 5.5578445754753085e-12, 3.335964361235782e-12, 2.8889248581021094e-12, 2.902816381436101e-11, 5.599558622823053e-12, 5.599558622822738e-12, 4.954516889355603e-12, 8.991145227758648e-13, 3.3277139883242594e-11, 6.226641849910121e-12, 6.0710421582712015e-12, 2.6811581288007906e-10, 5.092436124452975e-12, 4.859762638623701e-12, 5.244062346004363e-12, 3.2536360360412445e-11, 6.826674380842724e-13, 6.98991745780167e-12]"
hMpxV/Indonesia/JK-NIHRD-MP044/2023|EPI_ISL_18467805|2023-10-25,"[0.0, 0.0, 0.0, 0.0, 0.0, 0.0, 0.0, 0.0, 0.0, 0.0, 0.0, 0.0, 1.0, 0.0, 0.0, 0.0, 0.0, 0.0, 0.0, 0.0, 0.0, 0.0, 0.0, 0.0, 0.0, 0.0, 0.0, 0.0, 0.0, 0.0, 0.0]"
hMpxV/Indonesia/JK-NIHRD-MP088/2023|EPI_ISL_18467807|2023-10-30,"[0.0, 0.0, 0.0, 0.0, 0.0, 0.0, 0.0, 0.0, 0.0, 0.0, 0.0, 0.0, 1.0, 0.0, 0.0, 0.0, 0.0, 0.0, 0.0, 0.0, 0.0, 0.0, 0.0, 0.0, 0.0, 0.0, 0.0, 0.0, 0.0, 0.0, 0.0]"
hMpxV/Indonesia/JK-Biokes-MP302/2023|EPI_ISL_19159111|2023-12-12,"[0.0, 0.0, 0.0, 0.0, 0.0, 0.0, 0.0, 0.0, 0.0, 0.0, 0.0, 0.0, 1.0, 0.0, 0.0, 0.0, 0.0, 0.0, 0.0, 0.0, 0.0, 0.0, 0.0, 0.0, 0.0, 0.0, 0.0, 0.0, 0.0, 0.0, 0.0]"
hMpxV/Indonesia/JB-Biokes-MP294/2023|EPI_ISL_19159109|2023-12-07,"[0.0, 0.0, 0.0, 0.0, 0.0, 0.0, 0.0, 0.0, 0.0, 0.0, 0.0, 0.0, 1.0, 0.0, 0.0, 0.0, 0.0, 0.0, 0.0, 0.0, 0.0, 0.0, 0.0, 0.0, 0.0, 0.0, 0.0, 0.0, 0.0, 0.0, 0.0]"
NODE_0000125,"[1.6694972961765075e-13, 3.6506109781604335e-13, 7.303525462171984e-14, 3.818470006463601e-13, 2.943010837531808e-13, 3.705942665509361e-13, 3.685011341026929e-13, 3.8334849536467606e-13, 3.9492229494947006e-13, 3.6995524111883925e-13, 6.034972845612856e-13, 3.7398054765426255e-13, 3.39445975696366e-13, 3.5118721396756e-13, 4.487243548202598e-07, 1.849317520267269e-13, 3.277572345089434e-13, 3.739805476543871e-13, 3.7398054765437226e-13, 3.1751602340371496e-13, 8.494104434865307e-14, 3.5753408976421803e-12, 2.2294029235267212e-13, 3.784493720467157e-13, 1.4840830296796237e-11, 3.4145158855088484e-13, 0.9999995512479546, 3.539384529912681e-13, 1.056844602411397e-12, 3.3470027665045516e-14, 3.8748873473145903e-13]"
hMpxV/South_Korea/KDCA-P02/2023|EPI_ISL_18542113|2023-06-01,"[0.0, 0.0, 0.0, 0.0, 0.0, 0.0, 0.0, 0.0, 0.0, 0.0, 0.0, 0.0, 0.0, 0.0, 0.0, 0.0, 0.0, 0.0, 0.0, 0.0, 0.0, 0.0, 0.0, 0.0, 0.0, 0.0, 1.0, 0.0, 0.0, 0.0, 0.0]"
hMpxV/South_Korea/KDCA-P19/2023|EPI_ISL_18542119|2023-07-12,"[0.0, 0.0, 0.0, 0.0, 0.0, 0.0, 0.0, 0.0, 0.0, 0.0, 0.0, 0.0, 0.0, 0.0, 0.0, 0.0, 0.0, 0.0, 0.0, 0.0, 0.0, 0.0, 0.0, 0.0, 0.0, 0.0, 1.0, 0.0, 0.0, 0.0, 0.0]"
hMpxV/South_Korea/KDCA-P11/2023|EPI_ISL_18540495|2023-07-05,"[0.0, 0.0, 0.0, 0.0, 0.0, 0.0, 0.0, 0.0, 0.0, 0.0, 0.0, 0.0, 0.0, 0.0, 0.0, 0.0, 0.0, 0.0, 0.0, 0.0, 0.0, 0.0, 0.0, 0.0, 0.0, 0.0, 1.0, 0.0, 0.0, 0.0, 0.0]"
NODE_0000137,"[3.361817525779465e-08, 5.372799834212735e-08, 2.4627384241452488e-08, 5.567381824940112e-08, 4.648398834042996e-08, 5.445207954611807e-08, 5.358608195230568e-08, 5.4730484878861186e-08, 5.6529635702434745e-08, 5.453672030607552e-08, 5.541446929183896e-08, 5.432056611976454e-08, 5.035287149354059e-08, 5.379098046305611e-08, 9.699441152761218e-06, 3.4901347795643787e-08, 5.318988611191519e-08, 5.4320566119829984e-08, 5.432056611981711e-08, 5.0820201057630496e-08, 1.3508194679062353e-08, 1.5868167682374627e-07, 3.851310757784125e-08, 5.4515133388947115e-08, 3.247503122606274e-07, 5.072253614544691e-08, 0.9999885284667036, 5.120308025037173e-08, 5.909354239682455e-08, 1.679238465587194e-08, 5.4914354202827345e-08]"
hMpxV/South_Korea/KDCA-P10/2023|EPI_ISL_18542116|2023-09-15,"[0.0, 0.0, 0.0, 0.0, 0.0, 0.0, 0.0, 0.0, 0.0, 0.0, 0.0, 0.0, 0.0, 0.0, 0.0, 0.0, 0.0, 0.0, 0.0, 0.0, 0.0, 0.0, 0.0, 0.0, 0.0, 0.0, 1.0, 0.0, 0.0, 0.0, 0.0]"
hMpxV/South_Korea/KDCA-P09/2023|EPI_ISL_18542104|2023-07-05,"[0.0, 0.0, 0.0, 0.0, 0.0, 0.0, 0.0, 0.0, 0.0, 0.0, 0.0, 0.0, 0.0, 0.0, 0.0, 0.0, 0.0, 0.0, 0.0, 0.0, 0.0, 0.0, 0.0, 0.0, 0.0, 0.0, 1.0, 0.0, 0.0, 0.0, 0.0]"
NODE_0000132,"[1.2848394068589244e-07, 2.1181607611150665e-07, 9.394411676051591e-08, 2.1947343273846363e-07, 1.8284986869609342e-07, 2.147246246228677e-07, 2.113598271311937e-07, 2.153982609572709e-07, 2.221821567708826e-07, 2.1499325661932505e-07, 2.1667444704256373e-07, 2.142533784837151e-07, 1.9721284144209298e-07, 2.1175816329447502e-07, 4.566301378409628e-05, 1.3630953685755425e-07, 2.0903012914755508e-07, 2.1425337848374592e-07, 2.1425337848374242e-07, 1.9964759760707546e-07, 5.251306036793942e-08, 6.53815144304089e-07, 1.4820211316135399e-07, 2.1477771467686036e-07, 1.407970748047524e-06, 1.9994823550047444e-07, 0.9999472248037614, 2.0187039577668514e-07, 2.2682932470510375e-07, 6.175669320288397e-08, 2.1588061287075293e-07]"
hMpxV/South_Korea/KDCA-P22/2023|EPI_ISL_18540494|2023-08-03,"[0.0, 0.0, 0.0, 0.0, 0.0, 0.0, 0.0, 0.0, 0.0, 0.0, 0.0, 0.0, 0.0, 0.0, 0.0, 0.0, 0.0, 0.0, 0.0, 0.0, 0.0, 0.0, 0.0, 0.0, 0.0, 0.0, 1.0, 0.0, 0.0, 0.0, 0.0]"
NODE_0000133,"[3.747613888977804e-10, 6.910307320187608e-10, 2.705648726382528e-10, 7.162206688519629e-10, 5.909403898064861e-10, 7.010901974355963e-10, 6.908240601865863e-10, 6.998219378537755e-10, 7.188977494955584e-10, 7.01373043185769e-10, 6.930626180990782e-10, 7.003129690591995e-10, 6.302097082715913e-10, 6.87203956517867e-10, 4.055420767568359e-07, 4.2854765781075644e-10, 6.736451567308862e-10, 7.003129690595287e-10, 7.003129690594859e-10, 6.427678047228323e-10, 1.6238313421759562e-10, 2.5439925645474062e-09, 4.449129086419274e-10, 6.998572714122673e-10, 6.661249204573624e-09, 6.518322729154196e-10, 0.999999569079839, 6.589936939891408e-10, 6.877374031784047e-10, 1.5605257875724975e-10, 6.991722904467946e-10]"
hMpxV/South_Korea/KDCA-P15/2023|EPI_ISL_18542109|2023-07-05,"[0.0, 0.0, 0.0, 0.0, 0.0, 0.0, 0.0, 0.0, 0.0, 0.0, 0.0, 0.0, 0.0, 0.0, 0.0, 0.0, 0.0, 0.0, 0.0, 0.0, 0.0, 0.0, 0.0, 0.0, 0.0, 0.0, 1.0, 0.0, 0.0, 0.0, 0.0]"
NODE_0000134,"[6.506681506569841e-11, 1.1822241519263104e-10, 4.770603403042098e-11, 1.225052897924353e-10, 1.0144188364524325e-10, 1.199395920683574e-10, 1.1813314364290558e-10, 1.1934508338290125e-10, 1.2249416945983444e-10, 1.1999252439631542e-10, 1.1692404382944074e-10, 1.1973978795919368e-10, 1.07635791567976e-10, 1.1775487544721593e-10, 4.1393200012861384e-08, 7.40910206490515e-11, 1.1572327225610211e-10, 1.1973978795927875e-10, 1.1973978795926942e-10, 1.1030862358728643e-10, 2.8054514759525104e-11, 4.128778927718559e-10, 7.562004343662038e-11, 1.1950734955552904e-10, 1.0283435134630972e-09, 1.1158396122860926e-10, 0.9999999544009753, 1.1264242419603313e-10, 1.1379595765366431e-10, 2.781013349461381e-11, 1.190849507333829e-10]"
hMpxV/South_Korea/KDCA-P14/2023|EPI_ISL_18542105|2023-07-05,"[0.0, 0.0, 0.0, 0.0, 0.0, 0.0, 0.0, 0.0, 0.0, 0.0, 0.0, 0.0, 0.0, 0.0, 0.0, 0.0, 0.0, 0.0, 0.0, 0.0, 0.0, 0.0, 0.0, 0.0, 0.0, 0.0, 1.0, 0.0, 0.0, 0.0, 0.0]"
NODE_0000135,"[3.545627088830793e-14, 7.938327082403215e-14, 2.4285412223457147e-14, 8.235665738626831e-14, 6.649678389772694e-14, 8.063044193224243e-14, 7.963615178848411e-14, 8.05459212014343e-14, 8.245714397755838e-14, 8.056933796537442e-14, 7.934494033551325e-14, 8.076267562357788e-14, 7.069572789297261e-14, 7.810887716989082e-14, 2.038527508866771e-10, 4.5675205450495207e-14, 7.54067750226788e-14, 8.076267562366039e-14, 8.076267562365551e-14, 7.203633582822346e-14, 1.679685830041479e-14, 4.0542354649285036e-13, 4.6457847679142976e-14, 8.062094873486024e-14, 1.4473183294648566e-12, 7.469060086874355e-14, 0.999999999792478, 7.591187092343592e-14, 7.522281319829706e-14, 1.1177934230090207e-14, 8.036491007394829e-14]"
hMpxV/South_Korea/KDCA-P17/2023|EPI_ISL_18542114|2023-07-12,"[0.0, 0.0, 0.0, 0.0, 0.0, 0.0, 0.0, 0.0, 0.0, 0.0, 0.0, 0.0, 0.0, 0.0, 0.0, 0.0, 0.0, 0.0, 0.0, 0.0, 0.0, 0.0, 0.0, 0.0, 0.0, 0.0, 1.0, 0.0, 0.0, 0.0, 0.0]"
hMpxV/South_Korea/KDCA-P08/2023|EPI_ISL_18542108|2023-07-05,"[0.0, 0.0, 0.0, 0.0, 0.0, 0.0, 0.0, 0.0, 0.0, 0.0, 0.0, 0.0, 0.0, 0.0, 0.0, 0.0, 0.0, 0.0, 0.0, 0.0, 0.0, 0.0, 0.0, 0.0, 0.0, 0.0, 1.0, 0.0, 0.0, 0.0, 0.0]"
NODE_0000136,"[4.939471352453313e-10, 8.444933835846149e-10, 3.6205643625517563e-10, 8.750810609416205e-10, 7.274856043645359e-10, 8.563398127935494e-10, 8.430976462157362e-10, 8.561469045111176e-10, 8.813571406396986e-10, 8.571695789206269e-10, 8.518677730183114e-10, 8.546054332230649e-10, 7.794703385016821e-10, 8.432130536512178e-10, 2.1258857564327188e-07, 5.383655416900184e-10, 8.311059239297011e-10, 8.546054332244069e-10, 8.546054332241113e-10, 7.930928041335141e-10, 2.059791599276548e-10, 2.722648632518825e-09, 5.700764342321658e-10, 8.551700799773713e-10, 6.173430162165709e-09, 7.97162998579236e-10, 0.9999997585347394, 8.047107097539652e-10, 8.65570166441759e-10, 2.2731497413402081e-10, 8.565149673337627e-10]"
hMpxV/South_Korea/KDCA-P13/2023|EPI_ISL_18542112|2023-07-05,"[0.0, 0.0, 0.0, 0.0, 0.0, 0.0, 0.0, 0.0, 0.0, 0.0, 0.0, 0.0, 0.0, 0.0, 0.0, 0.0, 0.0, 0.0, 0.0, 0.0, 0.0, 0.0, 0.0, 0.0, 0.0, 0.0, 1.0, 0.0, 0.0, 0.0, 0.0]"
hMpxV/South_Korea/KDCA-P18/2023|EPI_ISL_18541180|2023-09-15,"[0.0, 0.0, 0.0, 0.0, 0.0, 0.0, 0.0, 0.0, 0.0, 0.0, 0.0, 0.0, 0.0, 0.0, 0.0, 0.0, 0.0, 0.0, 0.0, 0.0, 0.0, 0.0, 0.0, 0.0, 0.0, 0.0, 1.0, 0.0, 0.0, 0.0, 0.0]"
NODE_0000126,"[7.165956196530998e-10, 1.2347388957556212e-09, 5.24474069807059e-10, 1.2794640065109537e-09, 1.0628790939729737e-09, 1.2521314964106724e-09, 1.2328713550972974e-09, 1.2515943154640094e-09, 1.2881494453349393e-09, 1.2532579989582308e-09, 1.244559813309055e-09, 1.249707146688966e-09, 1.1381684244748614e-09, 1.2323331729634478e-09, 3.72334601622298e-07, 7.849367149575386e-10, 1.2139553849506517e-09, 1.2497071466901922e-09, 1.2497071466899749e-09, 1.1584279204049706e-09, 3.0002807061906226e-10, 4.036630783993755e-09, 8.294770324687704e-10, 1.2503387913094027e-09, 9.301551947333924e-09, 1.1654600063594008e-09, 0.9999995851478973, 1.1766579453402363e-09, 1.2612484805213957e-09, 3.265107527936866e-10, 1.2519379836853773e-09]"
NODE_0000131,"[3.2209551137814386e-08, 5.154672433889042e-08, 2.3596520133946603e-08, 5.3413561842806346e-08, 4.45931384146869e-08, 5.2241991061479715e-08, 5.1411572370680206e-08, 5.250293234736946e-08, 5.4225019197023953e-08, 5.232258039900261e-08, 5.313888243028143e-08, 5.2116178993479496e-08, 4.829322999196983e-08, 5.160447797718129e-08, 9.363402555381426e-06, 3.3472149447099004e-08, 5.102469874907409e-08, 5.211617899354224e-08, 5.21161789935299e-08, 4.87501040568946e-08, 1.2951958459954363e-08, 1.5249909426957672e-07, 3.69032426428233e-08, 5.229953882253962e-08, 3.127292814110717e-07, 4.8663223638179185e-08, 0.9999889353837316, 4.912409442317453e-08, 5.6608970224535356e-08, 1.6062659882561758e-08, 5.267597857383701e-08]"
hMpxV/South_Korea/KDCA-P04/2023|EPI_ISL_18542110|2023-09-15,"[0.0, 0.0, 0.0, 0.0, 0.0, 0.0, 0.0, 0.0, 0.0, 0.0, 0.0, 0.0, 0.0, 0.0, 0.0, 0.0, 0.0, 0.0, 0.0, 0.0, 0.0, 0.0, 0.0, 0.0, 0.0, 0.0, 1.0, 0.0, 0.0, 0.0, 0.0]"
hMpxV/South_Korea/KDCA-P03/2023|EPI_ISL_18541890|2023-06-23,"[0.0, 0.0, 0.0, 0.0, 0.0, 0.0, 0.0, 0.0, 0.0, 0.0, 0.0, 0.0, 0.0, 0.0, 0.0, 0.0, 0.0, 0.0, 0.0, 0.0, 0.0, 0.0, 0.0, 0.0, 0.0, 0.0, 0.9999999999999999, 0.0, 0.0, 0.0, 0.0]"
NODE_0000127,"[2.97392449557361e-10, 5.14731802728705e-10, 2.174155929686593e-10, 5.333904182770625e-10, 4.4285849524393306e-10, 5.219964315277264e-10, 5.139976427024547e-10, 5.218019568808572e-10, 5.370048768371178e-10, 5.224518795768874e-10, 5.188529694030894e-10, 5.210224960355277e-10, 4.742204730687111e-10, 5.135934113291999e-10, 1.5941899505604183e-07, 3.266251680759217e-10, 5.057427589085341e-10, 5.210224960362424e-10, 5.210224960361504e-10, 4.826267581699323e-10, 1.2475886011352587e-10, 1.6985138496636298e-09, 3.450486016256389e-10, 5.212807702452287e-10, 3.956930184778984e-09, 4.858188344450648e-10, 0.9999998227683143, 4.905556894122791e-10, 5.25330220153086e-10, 1.3474559305454096e-10, 5.219373174601638e-10]"
hMpxV/South_Korea/KDCA-P05/2023|EPI_ISL_18542117|2023-06-23,"[0.0, 0.0, 0.0, 0.0, 0.0, 0.0, 0.0, 0.0, 0.0, 0.0, 0.0, 0.0, 0.0, 0.0, 0.0, 0.0, 0.0, 0.0, 0.0, 0.0, 0.0, 0.0, 0.0, 0.0, 0.0, 0.0, 1.0, 0.0, 0.0, 0.0, 0.0]"
NODE_0000128,"[3.104862544210579e-16, 7.542419920039649e-16, 1.5501961895771679e-16, 7.837471365390356e-16, 6.048222865764473e-16, 7.664082173501892e-16, 7.621789292692314e-16, 1.2023930947290415e-15, 1.4271473733446231e-15, 7.785827540673388e-16, 9.76738017868909e-16, 7.737709214184144e-16, 1.0152563115247276e-15, 7.630529168358497e-16, 3.968880458845339e-11, 3.7510731607386263e-16, 7.257016554154088e-16, 7.737709214201154e-16, 7.737709214197681e-16, 6.613674968907374e-16, 1.3753615722815438e-16, 6.0761011708129015e-15, 1.7027524330776594e-15, 9.9073728043621e-16, 6.791766407725351e-13, 7.059349404697796e-16, 0.9999999999596048, 7.3009026573632045e-16, 8.564383894653743e-16, 5.948836515489077e-17, 1.415763092475384e-15]"
hMpxV/South_Korea/KDCA-P022/2023|EPI_ISL_18147353|2023-04-21,"[0.0, 0.0, 0.0, 0.0, 0.0, 0.0, 0.0, 0.0, 0.0, 0.0, 0.0, 0.0, 0.0, 0.0, 0.0, 0.0, 0.0, 0.0, 0.0, 0.0, 0.0, 0.0, 0.0, 0.0, 0.0, 0.0, 1.0, 0.0, 0.0, 0.0, 0.0]"
hMpxV/South_Korea/KDCA-P06/2023|EPI_ISL_18542111|2023-07-05,"[0.0, 0.0, 0.0, 0.0, 0.0, 0.0, 0.0, 0.0, 0.0, 0.0, 0.0, 0.0, 0.0, 0.0, 0.0, 0.0, 0.0, 0.0, 0.0, 0.0, 0.0, 0.0, 0.0, 0.0, 0.0, 0.0, 1.0, 0.0, 0.0, 0.0, 0.0]"
hMpxV/South_Korea/KDCA-P01/2023|EPI_ISL_18542106|2023-05-03,"[0.0, 0.0, 0.0, 0.0, 0.0, 0.0, 0.0, 0.0, 0.0, 0.0, 0.0, 0.0, 0.0, 0.0, 0.0, 0.0, 0.0, 0.0, 0.0, 0.0, 0.0, 0.0, 0.0, 0.0, 0.0, 0.0, 1.0, 0.0, 0.0, 0.0, 0.0]"
hMpxV/South_Korea/KDCA-P07/2023|EPI_ISL_18540666|2023-07-05,"[0.0, 0.0, 0.0, 0.0, 0.0, 0.0, 0.0, 0.0, 0.0, 0.0, 0.0, 0.0, 0.0, 0.0, 0.0, 0.0, 0.0, 0.0, 0.0, 0.0, 0.0, 0.0, 0.0, 0.0, 0.0, 0.0, 1.0, 0.0, 0.0, 0.0, 0.0]"
NODE_0000130,"[2.4809715194808057e-10, 4.092928792006603e-10, 1.8282521678123306e-10, 4.2417798857838183e-10, 3.5362220626306516e-10, 4.1491696822873747e-10, 4.0836831643537725e-10, 4.154254261743709e-10, 4.2817843622575203e-10, 4.154771431845805e-10, 4.1545492715382386e-10, 4.1394270846531795e-10, 3.803153739193328e-10, 4.0946568699255163e-10, 8.118029107328897e-08, 2.640456365471485e-10, 4.0453600064838495e-10, 4.13942708466313e-10, 4.139427084661151e-10, 3.8606568967681694e-10, 1.0147955009548084e-10, 1.2473283757186783e-09, 2.8271888256927236e-10, 4.14605683386339e-10, 2.6551451265441675e-09, 3.8642713162687263e-10, 0.999999905175516, 3.8992907943471914e-10, 4.2895136196049706e-10, 1.1953238954073864e-10, 4.159822611525494e-10]"
hMpxV/South_Korea/KDCA-P24/2023|EPI_ISL_18542115|2023-08-28,"[0.0, 0.0, 0.0, 0.0, 0.0, 0.0, 0.0, 0.0, 0.0, 0.0, 0.0, 0.0, 0.0, 0.0, 0.0, 0.0, 0.0, 0.0, 0.0, 0.0, 0.0, 0.0, 0.0, 0.0, 0.0, 0.0, 0.9999999999999999, 0.0, 0.0, 0.0, 0.0]"
hMpxV/South_Korea/KDCA-P23/2023|EPI_ISL_18542118|2023-08-28,"[0.0, 0.0, 0.0, 0.0, 0.0, 0.0, 0.0, 0.0, 0.0, 0.0, 0.0, 0.0, 0.0, 0.0, 0.0, 0.0, 0.0, 0.0, 0.0, 0.0, 0.0, 0.0, 0.0, 0.0, 0.0, 0.0, 0.9999999999999999, 0.0, 0.0, 0.0, 0.0]"
NODE_0000129,"[4.238701572640821e-08, 2.961426261773474e-08, 1.4655128220172937e-08, 3.0486430687156376e-08, 2.61612026838729e-08, 2.994690677588772e-08, 2.958326209835817e-08, 1.1909360179221958e-07, 1.8596669720768904e-07, 3.0003750310819264e-08, 5.347150380299188e-08, 2.991312133602125e-08, 1.1071753435989058e-07, 2.9642560934203985e-08, 1.7058395733274338e-07, 2.029257669797472e-08, 2.9459216168087496e-08, 2.9913121336102515e-08, 2.991312133609149e-08, 2.812602265238224e-08, 8.409107208250328e-09, 4.019569281998116e-08, 1.1874692594871217e-06, 6.714311817352116e-08, 0.9999940767458483, 2.8245772125341858e-08, 3.2544101655331167e-06, 2.8498166829858826e-08, 3.1191638176160595e-08, 2.1724465053260256e-08, 1.86035772241706e-07]"
hMpxV/China/SZ-CDC/Strain143,"[0.0, 0.0, 0.0, 0.0, 0.0, 0.0, 0.0, 0.0, 0.0, 0.0, 0.0, 0.0, 0.0, 0.0, 0.0, 0.0, 0.0, 0.0, 0.0, 0.0, 0.0, 0.0, 0.0, 0.0, 1.0, 0.0, 0.0, 0.0, 0.0, 0.0, 0.0]"
hMpxV/China/SZ-CDC/Strain149,"[0.0, 0.0, 0.0, 0.0, 0.0, 0.0, 0.0, 0.0, 0.0, 0.0, 0.0, 0.0, 0.0, 0.0, 0.0, 0.0, 0.0, 0.0, 0.0, 0.0, 0.0, 0.0, 0.0, 0.0, 1.0, 0.0, 0.0, 0.0, 0.0, 0.0, 0.0]"
NODE_0000005,"[1.1124639926496585e-17, 3.4290995403677296e-18, 5.841621305499867e-19, 3.704562953840743e-18, 2.8435252782633836e-18, 3.456621397829258e-18, 3.481129462418622e-18, 3.631374959515719e-18, 3.693570993550261e-18, 3.437472463975216e-18, 1.501897364539808e-16, 3.507942529190863e-18, 4.035606943911309e-18, 3.2201464873614456e-18, 0.9999999993460011, 1.8148905514558664e-18, 2.943321306842022e-18, 3.507942529194348e-18, 3.507942529194094e-18, 2.8974660575931637e-18, 5.9555085042563446e-18, 6.04991200497522e-17, 2.1360335618209867e-18, 3.567615806052244e-18, 4.0567127609663793e-17, 3.255627440804048e-18, 6.5399261273454e-10, 3.421722655720472e-18, 5.845870528722784e-15, 1.5428154262040513e-18, 3.685572240925396e-18]"
hMpxV/Japan/TMIPH-220323/2023|EPI_ISL_17445514|2023-01-30,"[0.0, 0.0, 0.0, 0.0, 0.0, 0.0, 0.0, 0.0, 0.0, 0.0, 0.0, 0.0, 0.0, 0.0, 1.0, 0.0, 0.0, 0.0, 0.0, 0.0, 0.0, 0.0, 0.0, 0.0, 0.0, 0.0, 0.0, 0.0, 0.0, 0.0, 0.0]"
hMpxV/South_Korea/KDCA-P005/2023|EPI_ISL_18147355|2023-03-13,"[0.0, 0.0, 0.0, 0.0, 0.0, 0.0, 0.0, 0.0, 0.0, 0.0, 0.0, 0.0, 0.0, 0.0, 0.0, 0.0, 0.0, 0.0, 0.0, 0.0, 0.0, 0.0, 0.0, 0.0, 0.0, 0.0, 1.0, 0.0, 0.0, 0.0, 0.0]"
hMpxV/Japan/TMIPH-0085/2023|EPI_ISL_18075507|2023-05-01,"[0.0, 0.0, 0.0, 0.0, 0.0, 0.0, 0.0, 0.0, 0.0, 0.0, 0.0, 0.0, 0.0, 0.0, 1.0, 0.0, 0.0, 0.0, 0.0, 0.0, 0.0, 0.0, 0.0, 0.0, 0.0, 0.0, 0.0, 0.0, 0.0, 0.0, 0.0]"
hMpxV/Japan/TMIPH-0223/2023|EPI_ISL_18075508|2023-07-07,"[0.0, 0.0, 0.0, 0.0, 0.0, 0.0, 0.0, 0.0, 0.0, 0.0, 0.0, 0.0, 0.0, 0.0, 1.0, 0.0, 0.0, 0.0, 0.0, 0.0, 0.0, 0.0, 0.0, 0.0, 0.0, 0.0, 0.0, 0.0, 0.0, 0.0, 0.0]"
hMpxV/Japan/TMIPH-0204/2023|EPI_ISL_18055899|2023-06-26,"[0.0, 0.0, 0.0, 0.0, 0.0, 0.0, 0.0, 0.0, 0.0, 0.0, 0.0, 0.0, 0.0, 0.0, 1.0, 0.0, 0.0, 0.0, 0.0, 0.0, 0.0, 0.0, 0.0, 0.0, 0.0, 0.0, 0.0, 0.0, 0.0, 0.0, 0.0]"
NODE_0000112,"[3.220303810769557e-09, 1.6254490512736248e-09, 7.60101781895384e-10, 1.7013711006587807e-09, 1.4407210931292357e-09, 1.6411507623992394e-09, 1.6242501636511874e-09, 1.641935690323002e-09, 1.6769543837367917e-09, 1.6407409236437263e-09, 8.041172378415745e-09, 1.6401892301312717e-09, 1.7192442610945137e-09, 1.6132970242648652e-09, 0.9999984609238779, 1.1165727597120143e-09, 1.5870912921402834e-09, 1.6401892301328425e-09, 1.6401892301326932e-09, 1.5311158254574333e-09, 1.3367840701034426e-09, 5.733845940621841e-09, 1.150228382966372e-09, 1.640639330340028e-09, 2.8113832058217295e-09, 1.5503787082320946e-09, 1.42809897073585e-06, 1.5706229792983558e-09, 5.453913977084638e-08, 1.5001098286222037e-09, 1.641979502083692e-09]"
hMpxV/Japan/TMIPH-0267/2023|EPI_ISL_18557816|2023-09-22,"[0.0, 0.0, 0.0, 0.0, 0.0, 0.0, 0.0, 0.0, 0.0, 0.0, 0.0, 0.0, 0.0, 0.0, 1.0, 0.0, 0.0, 0.0, 0.0, 0.0, 0.0, 0.0, 0.0, 0.0, 0.0, 0.0, 0.0, 0.0, 0.0, 0.0, 0.0]"
hMpxV/Japan/TMIPH-0304/2023|EPI_ISL_18557818|2023-10-25,"[0.0, 0.0, 0.0, 0.0, 0.0, 0.0, 0.0, 0.0, 0.0, 0.0, 0.0, 0.0, 0.0, 0.0, 1.0, 0.0, 0.0, 0.0, 0.0, 0.0, 0.0, 0.0, 0.0, 0.0, 0.0, 0.0, 0.0, 0.0, 0.0, 0.0, 0.0]"
hMpxV/Japan/TMIPH-0336/2023|EPI_ISL_18739594|2023-11-29,"[0.0, 0.0, 0.0, 0.0, 0.0, 0.0, 0.0, 0.0, 0.0, 0.0, 0.0, 0.0, 0.0, 0.0, 0.9999999999999999, 0.0, 0.0, 0.0, 0.0, 0.0, 0.0, 0.0, 0.0, 0.0, 0.0, 0.0, 0.0, 0.0, 0.0, 0.0, 0.0]"
NODE_0000107,"[4.744294729014706e-12, 1.7993936774829918e-12, 6.353428589752297e-13, 1.8813873305695904e-12, 1.5708736017653828e-12, 1.8165606201353188e-12, 1.8074286578748888e-12, 1.8256067012043088e-12, 1.852221451553626e-12, 1.8126946113196666e-12, 1.779333547106229e-11, 1.823447742314012e-12, 1.9550809384988762e-12, 1.7573197507265795e-12, 0.9999999782437085, 1.1563018244779037e-12, 1.6916076219813586e-12, 1.8234477423157597e-12, 1.8234477423156034e-12, 1.6444649813182356e-12, 2.2730580368837e-12, 1.0252445266712016e-11, 1.1738753395761502e-12, 1.8237754207138905e-12, 3.972977654992338e-12, 1.7189463328190537e-12, 2.1427019751406024e-08, 1.7552771332805124e-12, 2.516835819408408e-10, 1.578618957337408e-12, 1.8249824433537027e-12]"
hMpxV/Japan/TMIPH-0029/2023|EPI_ISL_17665624|2023-04-17,"[0.0, 0.0, 0.0, 0.0, 0.0, 0.0, 0.0, 0.0, 0.0, 0.0, 0.0, 0.0, 0.0, 0.0, 1.0, 0.0, 0.0, 0.0, 0.0, 0.0, 0.0, 0.0, 0.0, 0.0, 0.0, 0.0, 0.0, 0.0, 0.0, 0.0, 0.0]"
hMpxV/Japan/TMIPH-0176/2023|EPI_ISL_17837268|2023-06-09,"[0.0, 0.0, 0.0, 0.0, 0.0, 0.0, 0.0, 0.0, 0.0, 0.0, 0.0, 0.0, 0.0, 0.0, 1.0, 0.0, 0.0, 0.0, 0.0, 0.0, 0.0, 0.0, 0.0, 0.0, 0.0, 0.0, 0.0, 0.0, 0.0, 0.0, 0.0]"
hMpxV/Japan/TMIPH-0171/2023|EPI_ISL_18352302|2023-06-06,"[0.0, 0.0, 0.0, 0.0, 0.0, 0.0, 0.0, 0.0, 0.0, 0.0, 0.0, 0.0, 0.0, 0.0, 1.0, 0.0, 0.0, 0.0, 0.0, 0.0, 0.0, 0.0, 0.0, 0.0, 0.0, 0.0, 0.0, 0.0, 0.0, 0.0, 0.0]"
hMpxV/Japan/TMIPH-0117/2023|EPI_ISL_17817239|2023-05-15,"[0.0, 0.0, 0.0, 0.0, 0.0, 0.0, 0.0, 0.0, 0.0, 0.0, 0.0, 0.0, 0.0, 0.0, 1.0, 0.0, 0.0, 0.0, 0.0, 0.0, 0.0, 0.0, 0.0, 0.0, 0.0, 0.0, 0.0, 0.0, 0.0, 0.0, 0.0]"
NODE_0000108,"[5.7483153012385714e-11, 2.4786818407859332e-11, 1.0170909064360164e-11, 2.5709327455730402e-11, 2.1819381569514382e-11, 2.504082623721721e-11, 2.4840742154145514e-11, 2.5059911186338943e-11, 2.5485270954264794e-11, 2.5014695978408786e-11, 1.7241303277145105e-10, 2.5076570502625516e-11, 2.6359059878927063e-11, 2.443660240551086e-11, 0.9999999376141401, 1.6499423705521406e-11, 2.3792228205989097e-11, 2.507657050264982e-11, 2.507657050264768e-11, 2.30397532219327e-11, 2.6827641493259016e-11, 1.0951255100621899e-10, 1.6739059047036745e-11, 2.5060071321266184e-11, 4.699952384077628e-11, 2.3693753589594184e-11, 5.98598743866465e-08, 2.404149371885091e-11, 1.5778022550801125e-09, 2.3094061251444385e-11, 2.5034259635075224e-11]"
hMpxV/Japan/TMIPH-0055/2023|EPI_ISL_17665627|2023-04-21,"[0.0, 0.0, 0.0, 0.0, 0.0, 0.0, 0.0, 0.0, 0.0, 0.0, 0.0, 0.0, 0.0, 0.0, 1.0, 0.0, 0.0, 0.0, 0.0, 0.0, 0.0, 0.0, 0.0, 0.0, 0.0, 0.0, 0.0, 0.0, 0.0, 0.0, 0.0]"
hMpxV/Japan/TMIPH-0017/2023|EPI_ISL_17592667|2023-04-06,"[0.0, 0.0, 0.0, 0.0, 0.0, 0.0, 0.0, 0.0, 0.0, 0.0, 0.0, 0.0, 0.0, 0.0, 1.0, 0.0, 0.0, 0.0, 0.0, 0.0, 0.0, 0.0, 0.0, 0.0, 0.0, 0.0, 0.0, 0.0, 0.0, 0.0, 0.0]"
NODE_0000109,"[2.368858274627446e-22, 4.18640543784074e-23, 7.04428925755323e-24, 4.323690668098072e-23, 3.5010873255768564e-23, 4.229616306967794e-23, 4.266007980580525e-23, 4.3000176370053256e-23, 4.284772217809927e-23, 4.202357310045933e-23, 2.511676189899181e-21, 4.295940905929193e-23, 4.8511081502464583e-23, 3.9255623208148355e-23, 0.9999999999999997, 2.2451263391574816e-23, 3.569350777464005e-23, 4.295940905934158e-23, 4.2959409059337897e-23, 3.54027066113976e-23, 1.7356290774444732e-22, 8.282151969207077e-22, 2.195778334628969e-23, 4.294788869068312e-23, 1.6826191926451323e-22, 4.022636266343889e-23, 3.756015617545278e-16, 4.18574047244535e-23, 2.2423117751974635e-19, 3.298074891941275e-23, 4.2930684401044665e-23]"
hMpxV/Japan/TMIPH-0206/2023|EPI_ISL_18055900|2023-06-26,"[0.0, 0.0, 0.0, 0.0, 0.0, 0.0, 0.0, 0.0, 0.0, 0.0, 0.0, 0.0, 0.0, 0.0, 1.0, 0.0, 0.0, 0.0, 0.0, 0.0, 0.0, 0.0, 0.0, 0.0, 0.0, 0.0, 0.0, 0.0, 0.0, 0.0, 0.0]"
hMpxV/Japan/Osaka-OMU001-A3/2023|EPI_ISL_19022858|2023-05-08,"[0.0, 0.0, 0.0, 0.0, 0.0, 0.0, 0.0, 0.0, 0.0, 0.0, 0.0, 0.0, 0.0, 0.0, 1.0, 0.0, 0.0, 0.0, 0.0, 0.0, 0.0, 0.0, 0.0, 0.0, 0.0, 0.0, 0.0, 0.0, 0.0, 0.0, 0.0]"
hMpxV/Japan/Osaka-OMU001-C5/2023|EPI_ISL_19022860|2023-05-08,"[0.0, 0.0, 0.0, 0.0, 0.0, 0.0, 0.0, 0.0, 0.0, 0.0, 0.0, 0.0, 0.0, 0.0, 1.0, 0.0, 0.0, 0.0, 0.0, 0.0, 0.0, 0.0, 0.0, 0.0, 0.0, 0.0, 0.0, 0.0, 0.0, 0.0, 0.0]"
hMpxV/Japan/TMIPH-0138/2023|EPI_ISL_17817240|2023-05-19,"[0.0, 0.0, 0.0, 0.0, 0.0, 0.0, 0.0, 0.0, 0.0, 0.0, 0.0, 0.0, 0.0, 0.0, 1.0, 0.0, 0.0, 0.0, 0.0, 0.0, 0.0, 0.0, 0.0, 0.0, 0.0, 0.0, 0.0, 0.0, 0.0, 0.0, 0.0]"
hMpxV/Japan/Osaka-OMU001-A4/2023|EPI_ISL_19022859|2023-05-08,"[0.0, 0.0, 0.0, 0.0, 0.0, 0.0, 0.0, 0.0, 0.0, 0.0, 0.0, 0.0, 0.0, 0.0, 1.0, 0.0, 0.0, 0.0, 0.0, 0.0, 0.0, 0.0, 0.0, 0.0, 0.0, 0.0, 0.0, 0.0, 0.0, 0.0, 0.0]"
hMpxV/Japan/TMIPH-0087/2023|EPI_ISL_18097375|2023-05-02,"[0.0, 0.0, 0.0, 0.0, 0.0, 0.0, 0.0, 0.0, 0.0, 0.0, 0.0, 0.0, 0.0, 0.0, 1.0, 0.0, 0.0, 0.0, 0.0, 0.0, 0.0, 0.0, 0.0, 0.0, 0.0, 0.0, 0.0, 0.0, 0.0, 0.0, 0.0]"
hMpxV/Japan/Osaka-OMU001-D3/2023|EPI_ISL_19022862|2023-05-08,"[0.0, 0.0, 0.0, 0.0, 0.0, 0.0, 0.0, 0.0, 0.0, 0.0, 0.0, 0.0, 0.0, 0.0, 1.0, 0.0, 0.0, 0.0, 0.0, 0.0, 0.0, 0.0, 0.0, 0.0, 0.0, 0.0, 0.0, 0.0, 0.0, 0.0, 0.0]"
NODE_0000006,"[1.442020982251268e-05, 9.0812975530228e-06, 4.628163078394481e-06, 9.424375371231152e-06, 8.02024234382098e-06, 9.182688267777565e-06, 9.063536159274985e-06, 1.4245716810866318e-05, 1.6996363142043506e-05, 9.247438026225253e-06, 0.0007473216643605416, 9.164709310597072e-06, 1.4094332275400155e-05, 9.24179000565915e-06, 0.9974485772292143, 6.225292433044304e-06, 9.230447647341773e-06, 9.164709310598396e-06, 9.164709310598842e-06, 8.659597616025905e-06, 4.72826896040328e-06, 1.9051360994658863e-05, 2.8452289749280082e-05, 1.1728511287488405e-05, 0.0007988442467152536, 8.643883067544164e-06, 0.0006554164232859696, 8.712901196454454e-06, 6.509413108506427e-05, 7.41499740829675e-06, 1.6758474190133158e-05]"
hMpxV/Japan/TMIPH-0076/2023|EPI_ISL_17692269|2023-04-28,"[0.0, 0.0, 0.0, 0.0, 0.0, 0.0, 0.0, 0.0, 0.0, 0.0, 0.0, 0.0, 0.0, 0.0, 1.0, 0.0, 0.0, 0.0, 0.0, 0.0, 0.0, 0.0, 0.0, 0.0, 0.0, 0.0, 0.0, 0.0, 0.0, 0.0, 0.0]"
NODE_0000007,"[0.0008305857263624895, 0.000655105340040801, 0.0003049213934501343, 0.000679319885414523, 0.0005718059995771657, 0.0006634200916936498, 0.00065393708856444, 0.001292165836780403, 0.0016292946451995798, 0.0006654133897941727, 0.3051097944220841, 0.0006619901535460302, 0.0012274286604701454, 0.0006587800934936461, 0.19824204535418127, 0.00043345104038068594, 0.0006546003762681582, 0.000661990153546061, 0.0006619901535461178, 0.0006194597621005472, 0.00023326576722986555, 0.0009878949713193505, 0.0031676978196086888, 0.000978374192012632, 0.4624842924144775, 0.000621134941463685, 0.010206913483847339, 0.0006260472708477695, 0.0018135625268991548, 0.00039834982441566507, 0.0016049672213841704]"
NODE_0000104,"[4.683815768198876e-05, 3.809816511460155e-05, 1.7782698817476396e-05, 3.973149241138201e-05, 3.320120492178441e-05, 3.85741403440403e-05, 3.801996746830553e-05, 6.741243994613609e-05, 8.307020406535564e-05, 3.879285121643068e-05, 0.9184992430850503, 3.84881003460008e-05, 6.437443066655929e-05, 3.860662624404568e-05, 0.07168097871863095, 2.508823773503547e-05, 3.847410503563894e-05, 3.848810034594419e-05, 3.8488100346052744e-05, 3.603578894818065e-05, 1.3860738942193248e-05, 6.247014926536107e-05, 0.00014754235444709008, 5.304225371343668e-05, 0.007355393219909902, 3.607037935664891e-05, 0.0011069105469253002, 3.641032916165332e-05, 0.00014483228340371677, 2.193559592841756e-05, 8.174553360995735e-05]"
hMpxV/China/HZCDC-0001/2023|EPI_ISL_17809521|2023-06-15,"[0.0, 0.0, 0.0, 0.0, 0.0, 0.0, 0.0, 0.0, 0.0, 0.0, 1.0, 0.0, 0.0, 0.0, 0.0, 0.0, 0.0, 0.0, 0.0, 0.0, 0.0, 0.0, 0.0, 0.0, 0.0, 0.0, 0.0, 0.0, 0.0, 0.0, 0.0]"
NODE_0000105,"[2.6831602214531044e-05, 2.1634230217122645e-05, 1.1336380302465175e-05, 2.2559177127215085e-05, 1.904902365234332e-05, 2.188774240359115e-05, 2.1543562830380795e-05, 2.1941770316812943e-05, 2.263300925733051e-05, 2.19251932776612e-05, 0.0016701480461246768, 2.1810330008424626e-05, 2.175191720997018e-05, 2.1737032608772516e-05, 0.9969002062570573, 1.4850944801467907e-05, 2.1656998261402825e-05, 2.1810330008427082e-05, 2.1810330008427604e-05, 2.070418986687037e-05, 1.0076585941485562e-05, 4.3372834725237225e-05, 1.6101575114471363e-05, 2.1873718132668215e-05, 3.819721592466092e-05, 2.049850053464052e-05, 0.0007103813282422839, 2.061621056939561e-05, 0.0001340970553648933, 1.4955489714045572e-05, 2.2001418180962292e-05]"
hMpxV/Japan/TMIPH-0353/2024|EPI_ISL_19001887|2024-01-25,"[0.0, 0.0, 0.0, 0.0, 0.0, 0.0, 0.0, 0.0, 0.0, 0.0, 0.0, 0.0, 0.0, 0.0, 1.0, 0.0, 0.0, 0.0, 0.0, 0.0, 0.0, 0.0, 0.0, 0.0, 0.0, 0.0, 0.0, 0.0, 0.0, 0.0, 0.0]"
NODE_0000106,"[8.043771834661363e-09, 5.20072012072308e-09, 2.2047829553445554e-09, 5.4165200574936226e-09, 4.524661193421702e-09, 5.2616492549793015e-09, 5.199768392274299e-09, 5.2933815064645735e-09, 5.432480663150285e-09, 5.263791823498864e-09, 6.462645609382717e-07, 5.260911814381006e-09, 5.339951395914131e-09, 5.162977352462701e-09, 0.9999978288714559, 3.392706176073281e-09, 5.0603245116063055e-09, 5.260911814386202e-09, 5.260911814385813e-09, 4.866175446883934e-09, 3.372537272695553e-09, 1.502559770218835e-08, 3.640658181253964e-09, 5.2760523821503e-09, 1.0865409178995158e-08, 4.934623890283318e-09, 1.2813143710334693e-06, 4.9928686658493595e-09, 9.520531926467252e-08, 3.483762426072688e-09, 5.306384970743458e-09]"
hMpxV/Japan/TMIPH-0255/2024|EPI_ISL_18352303|2023-09-11,"[0.0, 0.0, 0.0, 0.0, 0.0, 0.0, 0.0, 0.0, 0.0, 0.0, 0.0, 0.0, 0.0, 0.0, 1.0, 0.0, 0.0, 0.0, 0.0, 0.0, 0.0, 0.0, 0.0, 0.0, 0.0, 0.0, 0.0, 0.0, 0.0, 0.0, 0.0]"
hMpxV/Japan/TMIPH-0264/2023|EPI_ISL_18352306|2023-09-19,"[0.0, 0.0, 0.0, 0.0, 0.0, 0.0, 0.0, 0.0, 0.0, 0.0, 0.0, 0.0, 0.0, 0.0, 0.9999999999999999, 0.0, 0.0, 0.0, 0.0, 0.0, 0.0, 0.0, 0.0, 0.0, 0.0, 0.0, 0.0, 0.0, 0.0, 0.0, 0.0]"
NODE_0000008,"[2.8723290209324904e-29, 3.480918550505673e-29, 2.0734474271467003e-28, 3.622480959212469e-29, 2.203716350414978e-29, 3.562076147224539e-29, 3.73534325280405e-29, 2.1541670844959683e-21, 1.346577977145342e-19, 3.1501041652499487e-28, 6.508017566300964e-26, 3.7775456157583285e-29, 8.792364448564144e-27, 5.437488545746316e-27, 5.89718853222767e-27, 6.15401468969293e-30, 1.2955602341895535e-26, 3.777545615767945e-29, 3.77754561576858e-29, 1.129158175300359e-28, 2.341969646716507e-29, 3.487543615852723e-29, 3.364034228670976e-08, 2.56412923537239e-27, 0.9999999663596577, 3.1731072058801796e-29, 1.0068035905613268e-25, 3.7230391447012995e-29, 5.111604687643938e-29, 2.5671877605953848e-30, 2.6607643840246043e-21]"
hMpxV/China/SZ-CDC/Strain008,"[0.0, 0.0, 0.0, 0.0, 0.0, 0.0, 0.0, 0.0, 0.0, 0.0, 0.0, 0.0, 0.0, 0.0, 0.0, 0.0, 0.0, 0.0, 0.0, 0.0, 0.0, 0.0, 0.0, 0.0, 1.0, 0.0, 0.0, 0.0, 0.0, 0.0, 0.0]"
hMpxV/China/SZ-CDC/Strain038,"[0.0, 0.0, 0.0, 0.0, 0.0, 0.0, 0.0, 0.0, 0.0, 0.0, 0.0, 0.0, 0.0, 0.0, 0.0, 0.0, 0.0, 0.0, 0.0, 0.0, 0.0, 0.0, 0.0, 0.0, 1.0, 0.0, 0.0, 0.0, 0.0, 0.0, 0.0]"
hMpxV/China/SZ-CDC/Strain045,"[0.0, 0.0, 0.0, 0.0, 0.0, 0.0, 0.0, 0.0, 0.0, 0.0, 0.0, 0.0, 0.0, 0.0, 0.0, 0.0, 0.0, 0.0, 0.0, 0.0, 0.0, 0.0, 0.0, 0.0, 1.0, 0.0, 0.0, 0.0, 0.0, 0.0, 0.0]"
hMpxV/China/SZ-CDC/Strain066,"[0.0, 0.0, 0.0, 0.0, 0.0, 0.0, 0.0, 0.0, 0.0, 0.0, 0.0, 0.0, 0.0, 0.0, 0.0, 0.0, 0.0, 0.0, 0.0, 0.0, 0.0, 0.0, 0.0, 0.0, 1.0, 0.0, 0.0, 0.0, 0.0, 0.0, 0.0]"
hMpxV/China/YN-CDC-0002/2023|EPI_ISL_18059183|2023-06-28,"[0.0, 0.0, 0.0, 0.0, 0.0, 0.0, 0.0, 0.0, 0.0, 0.0, 0.0, 0.0, 0.0, 0.0, 0.0, 0.0, 0.0, 0.0, 0.0, 0.0, 0.0, 0.0, 0.0, 0.0, 0.0, 0.0, 0.0, 0.0, 0.0, 0.0, 0.9999999999999999]"
hMpxV/China/YN-CDC-0003/2023|EPI_ISL_18059184|2023-07-03,"[0.0, 0.0, 0.0, 0.0, 0.0, 0.0, 0.0, 0.0, 0.0, 0.0, 0.0, 0.0, 0.0, 0.0, 0.0, 0.0, 0.0, 0.0, 0.0, 0.0, 0.0, 0.0, 0.0, 0.0, 0.0, 0.0, 0.0, 0.0, 0.0, 0.0, 1.0]"
hMpxV/Portugal/INSA-PT0791/2023|EPI_ISL_18702242|2023-11-08,"[0.0, 0.0, 0.0, 0.0, 0.0, 0.0, 0.0, 0.0, 0.0, 0.0, 0.0, 0.0, 0.0, 0.0, 0.0, 0.0, 0.0, 0.0, 0.0, 0.0, 0.0, 0.0, 0.9999999999999999, 0.0, 0.0, 0.0, 0.0, 0.0, 0.0, 0.0, 0.0]"
hMpxV/Portugal/INSA-PT0778/2023|EPI_ISL_18702243|2023-10-27,"[0.0, 0.0, 0.0, 0.0, 0.0, 0.0, 0.0, 0.0, 0.0, 0.0, 0.0, 0.0, 0.0, 0.0, 0.0, 0.0, 0.0, 0.0, 0.0, 0.0, 0.0, 0.0, 1.0, 0.0, 0.0, 0.0, 0.0, 0.0, 0.0, 0.0, 0.0]"
hMpxV/Portugal/INSA-PT0645/2023|EPI_ISL_18076380|2023-07-07,"[0.0, 0.0, 0.0, 0.0, 0.0, 0.0, 0.0, 0.0, 0.0, 0.0, 0.0, 0.0, 0.0, 0.0, 0.0, 0.0, 0.0, 0.0, 0.0, 0.0, 0.0, 0.0, 0.9999999999999999, 0.0, 0.0, 0.0, 0.0, 0.0, 0.0, 0.0, 0.0]"
hMpxV/China/FS-GCDC_M108/2023|EPI_ISL_19058866|2023-06-22,"[0.0, 0.0, 0.0, 0.0, 0.0, 0.0, 0.0, 1.0, 0.0, 0.0, 0.0, 0.0, 0.0, 0.0, 0.0, 0.0, 0.0, 0.0, 0.0, 0.0, 0.0, 0.0, 0.0, 0.0, 0.0, 0.0, 0.0, 0.0, 0.0, 0.0, 0.0]"
hMpxV/China/GZ-GCDC_M008/2023|EPI_ISL_19058868|2023-06-08,"[0.0, 0.0, 0.0, 0.0, 0.0, 0.0, 0.0, 0.0, 1.0, 0.0, 0.0, 0.0, 0.0, 0.0, 0.0, 0.0, 0.0, 0.0, 0.0, 0.0, 0.0, 0.0, 0.0, 0.0, 0.0, 0.0, 0.0, 0.0, 0.0, 0.0, 0.0]"
hMpxV/China/FS-GCDC_M028/2023|EPI_ISL_19058872|2023-06-13,"[0.0, 0.0, 0.0, 0.0, 0.0, 0.0, 0.0, 1.0, 0.0, 0.0, 0.0, 0.0, 0.0, 0.0, 0.0, 0.0, 0.0, 0.0, 0.0, 0.0, 0.0, 0.0, 0.0, 0.0, 0.0, 0.0, 0.0, 0.0, 0.0, 0.0, 0.0]"
hMpxV/China/GZ-GCDC_M050/2023|EPI_ISL_19058873|2023-06-16,"[0.0, 0.0, 0.0, 0.0, 0.0, 0.0, 0.0, 0.0, 1.0, 0.0, 0.0, 0.0, 0.0, 0.0, 0.0, 0.0, 0.0, 0.0, 0.0, 0.0, 0.0, 0.0, 0.0, 0.0, 0.0, 0.0, 0.0, 0.0, 0.0, 0.0, 0.0]"
hMpxV/Portugal/INSA-PT0686/2023|EPI_ISL_18553842|2023-07-13,"[0.0, 0.0, 0.0, 0.0, 0.0, 0.0, 0.0, 0.0, 0.0, 0.0, 0.0, 0.0, 0.0, 0.0, 0.0, 0.0, 0.0, 0.0, 0.0, 0.0, 0.0, 0.0, 1.0, 0.0, 0.0, 0.0, 0.0, 0.0, 0.0, 0.0, 0.0]"
hMpxV/Portugal/INSA-PT0671/2023|EPI_ISL_18228634|2023-08-02,"[0.0, 0.0, 0.0, 0.0, 0.0, 0.0, 0.0, 0.0, 0.0, 0.0, 0.0, 0.0, 0.0, 0.0, 0.0, 0.0, 0.0, 0.0, 0.0, 0.0, 0.0, 0.0, 1.0, 0.0, 0.0, 0.0, 0.0, 0.0, 0.0, 0.0, 0.0]"
hMpxV/China/SZ-CDC/Strain167,"[0.0, 0.0, 0.0, 0.0, 0.0, 0.0, 0.0, 0.0, 0.0, 0.0, 0.0, 0.0, 0.0, 0.0, 0.0, 0.0, 0.0, 0.0, 0.0, 0.0, 0.0, 0.0, 0.0, 0.0, 1.0, 0.0, 0.0, 0.0, 0.0, 0.0, 0.0]"
hMpxV/China/SZ-CDC/Strain193,"[0.0, 0.0, 0.0, 0.0, 0.0, 0.0, 0.0, 0.0, 0.0, 0.0, 0.0, 0.0, 0.0, 0.0, 0.0, 0.0, 0.0, 0.0, 0.0, 0.0, 0.0, 0.0, 0.0, 0.0, 1.0, 0.0, 0.0, 0.0, 0.0, 0.0, 0.0]"
hMpxV/China/SZ-CDC/Strain183,"[0.0, 0.0, 0.0, 0.0, 0.0, 0.0, 0.0, 0.0, 0.0, 0.0, 0.0, 0.0, 0.0, 0.0, 0.0, 0.0, 0.0, 0.0, 0.0, 0.0, 0.0, 0.0, 0.0, 0.0, 1.0, 0.0, 0.0, 0.0, 0.0, 0.0, 0.0]"
hMpxV/China/SZ-CDC/Strain004,"[0.0, 0.0, 0.0, 0.0, 0.0, 0.0, 0.0, 0.0, 0.0, 0.0, 0.0, 0.0, 0.0, 0.0, 0.0, 0.0, 0.0, 0.0, 0.0, 0.0, 0.0, 0.0, 0.0, 0.0, 1.0, 0.0, 0.0, 0.0, 0.0, 0.0, 0.0]"
NODE_0000102,"[1.8302038378102183e-09, 2.5642023086811784e-09, 3.762468481994879e-08, 2.640126012579016e-09, 2.2534091821913653e-09, 2.594097855591863e-09, 2.567996612619499e-09, 4.079293045812235e-09, 5.300357243144946e-09, 8.257053240423e-09, 3.0166956920937213e-09, 2.5942886175179406e-09, 3.699317128401173e-09, 3.617672868869659e-08, 1.909788492846681e-09, 1.6839144613665578e-09, 6.200109742054997e-08, 2.5942886175189807e-09, 2.5942886175187305e-09, 5.926680527986798e-09, 2.7205724857584287e-09, 2.6555861307116548e-09, 0.9999877573963187, 3.3454945278424093e-09, 1.2020291698075842e-05, 2.439488019929591e-09, 3.702381310859222e-09, 2.4795435392125062e-09, 2.453952864873629e-09, 5.779047399253778e-09, 4.8274044372833304e-09]"
hMpxV/Portugal/INSA-PT0773/2023|EPI_ISL_18702208|2023-10-17,"[0.0, 0.0, 0.0, 0.0, 0.0, 0.0, 0.0, 0.0, 0.0, 0.0, 0.0, 0.0, 0.0, 0.0, 0.0, 0.0, 0.0, 0.0, 0.0, 0.0, 0.0, 0.0, 1.0, 0.0, 0.0, 0.0, 0.0, 0.0, 0.0, 0.0, 0.0]"
hMpxV/Portugal/INSA-PT0780/2023|EPI_ISL_18702234|2023-10-29,"[0.0, 0.0, 0.0, 0.0, 0.0, 0.0, 0.0, 0.0, 0.0, 0.0, 0.0, 0.0, 0.0, 0.0, 0.0, 0.0, 0.0, 0.0, 0.0, 0.0, 0.0, 0.0, 1.0, 0.0, 0.0, 0.0, 0.0, 0.0, 0.0, 0.0, 0.0]"
NODE_0000103,"[2.250607577508009e-14, 4.3406861498681916e-14, 2.0312298247601717e-12, 4.473024768228343e-14, 3.76659981639361e-14, 4.395977866663419e-14, 4.3536108725698286e-14, 4.49546842834526e-14, 5.2130310724772566e-14, 2.1603091754023004e-13, 4.3290461556383675e-14, 4.3997639559594555e-14, 4.0397497709886544e-14, 1.5928316126070168e-12, 2.445524416112392e-14, 2.7481053081889927e-14, 3.2738811628626355e-12, 4.3997639559710126e-14, 4.399763955968792e-14, 1.3997263119062004e-13, 7.53019823456164e-14, 4.4147096201019296e-14, 0.9999999997941141, 4.4466083955022916e-14, 1.9752686468987922e-10, 4.124869381092453e-14, 3.4481588955110495e-14, 4.192776677757098e-14, 4.080453053854593e-14, 1.3683651639906605e-13, 4.540533969049213e-14]"
hMpxV/Portugal/INSA-PT0757/2023|EPI_ISL_18702211|2023-10-04,"[0.0, 0.0, 0.0, 0.0, 0.0, 0.0, 0.0, 0.0, 0.0, 0.0, 0.0, 0.0, 0.0, 0.0, 0.0, 0.0, 0.0, 0.0, 0.0, 0.0, 0.0, 0.0, 1.0, 0.0, 0.0, 0.0, 0.0, 0.0, 0.0, 0.0, 0.0]"
hMpxV/Portugal/INSA-PT0750/2023|EPI_ISL_18702235|2023-10-02,"[0.0, 0.0, 0.0, 0.0, 0.0, 0.0, 0.0, 0.0, 0.0, 0.0, 0.0, 0.0, 0.0, 0.0, 0.0, 0.0, 0.0, 0.0, 0.0, 0.0, 0.0, 0.0, 1.0, 0.0, 0.0, 0.0, 0.0, 0.0, 0.0, 0.0, 0.0]"
hMpxV/Portugal/INSA-PT0775/2023|EPI_ISL_18702253|2023-10-19,"[0.0, 0.0, 0.0, 0.0, 0.0, 0.0, 0.0, 0.0, 0.0, 0.0, 0.0, 0.0, 0.0, 0.0, 0.0, 0.0, 0.0, 0.0, 0.0, 0.0, 0.0, 0.0, 1.0, 0.0, 0.0, 0.0, 0.0, 0.0, 0.0, 0.0, 0.0]"
NODE_0000093,"[0.004083901608137009, 0.00013863693981539863, 0.00014154283711971316, 0.00014240532067111785, 0.00012430969711378585, 0.00013995145283331206, 0.0001383379083608929, 0.00046296932652376905, 0.0007168736185548833, 0.0001473326864859271, 0.00021713014308980582, 0.0001397287714559362, 0.00042444586354225335, 0.00016052419103709036, 0.00021438041458183952, 9.911124625854976e-05, 0.00016963225398493775, 0.0001397287714559372, 0.00013972877145593693, 0.00013755518120450329, 5.378078416143413e-05, 0.00014895350688580946, 0.005257252351728789, 0.00027438151457752287, 0.9842993098199501, 0.00013260285779259927, 0.0005811718303607714, 0.00013327182801714968, 0.00013873726046558323, 0.00017948298591762306, 0.0007228282564599583]"
hMpxV/China/SZ-CDC/Strain116,"[0.0, 0.0, 0.0, 0.0, 0.0, 0.0, 0.0, 0.0, 0.0, 0.0, 0.0, 0.0, 0.0, 0.0, 0.0, 0.0, 0.0, 0.0, 0.0, 0.0, 0.0, 0.0, 0.0, 0.0, 1.0, 0.0, 0.0, 0.0, 0.0, 0.0, 0.0]"
NODE_0000095,"[0.005846166505563313, 0.00015957648418243314, 0.00016704253737532773, 0.0001638279882237846, 0.0001432253926569682, 0.00016108272121776712, 0.00015929606125518082, 0.0005268563707725709, 0.0008065741055923297, 0.0001686717121793813, 0.0002503185266010049, 0.00016085279137581716, 0.0004837400588167603, 0.0001818703331355491, 0.0002492139585408919, 0.00011399018038129227, 0.0001909350074497862, 0.00016085279137582082, 0.0001608527913758201, 0.00015744147452497706, 6.375027594470685e-05, 0.0001702710796682835, 0.005505739015042625, 0.00031503645668269853, 0.9813807893858949, 0.00015272893699836974, 0.0006582518639495392, 0.0001535569641563935, 0.0001588883227064626, 0.00021641228595357698, 0.0008121876204055372]"
hMpxV/Australia/VIC-VIDRL-6948/2024|EPI_ISL_19459747|2024-05-06,"[1.0, 0.0, 0.0, 0.0, 0.0, 0.0, 0.0, 0.0, 0.0, 0.0, 0.0, 0.0, 0.0, 0.0, 0.0, 0.0, 0.0, 0.0, 0.0, 0.0, 0.0, 0.0, 0.0, 0.0, 0.0, 0.0, 0.0, 0.0, 0.0, 0.0, 0.0]"
NODE_0000096,"[3.1817677174159104e-05, 3.0036571040952734e-06, 2.2466647617208106e-06, 3.085476079903469e-06, 2.6818809431088227e-06, 3.033870387367988e-06, 2.9993533290434448e-06, 1.4380108128736536e-05, 2.4646301289563852e-05, 3.1636605053596613e-06, 5.505917470712765e-06, 3.030009472311528e-06, 1.3207466158599688e-05, 3.381662811713623e-06, 4.644376012173117e-06, 2.119863635548293e-06, 3.52826595091401e-06, 3.0300094723117922e-06, 3.030009472311733e-06, 2.950448943755878e-06, 1.0095597499058158e-06, 3.1963023162551675e-06, 0.00030439149065704656, 7.372154755569631e-06, 0.9994915770511162, 2.8734063037554128e-06, 1.9985990460203477e-05, 2.8908080036483587e-06, 2.9789117513099856e-06, 3.2725305913521486e-06, 2.4965115191284814e-05]"
hMpxV/China/SZ-CDC/Strain097,"[0.0, 0.0, 0.0, 0.0, 0.0, 0.0, 0.0, 0.0, 0.0, 0.0, 0.0, 0.0, 0.0, 0.0, 0.0, 0.0, 0.0, 0.0, 0.0, 0.0, 0.0, 0.0, 0.0, 0.0, 1.0, 0.0, 0.0, 0.0, 0.0, 0.0, 0.0]"
NODE_0000097,"[2.459750809330087e-08, 3.6059255992390497e-09, 2.0892822196087374e-09, 3.698244522384273e-09, 3.1362154257789448e-09, 3.642264896629494e-09, 3.623220284926349e-09, 4.948959334833544e-08, 1.2034833666364803e-07, 3.949608505780454e-09, 1.0064855336602318e-08, 3.6598550032847424e-09, 4.356235170665645e-08, 4.488822736758151e-09, 7.827015750983422e-09, 2.3207975166317497e-09, 4.790812728455192e-09, 3.6598550032849814e-09, 3.6598550032849165e-09, 3.522914030725065e-09, 1.09745278004727e-09, 3.798774757785368e-09, 9.925148998457367e-06, 1.6103161555242287e-08, 0.9999895228500505, 3.452276580269259e-09, 8.552343764208416e-08, 3.5064574739713516e-09, 3.5274575335687943e-09, 3.2328005756517666e-09, 1.26021797727217e-07]"
hMpxV/China/SZ-CDC/Strain106,"[0.0, 0.0, 0.0, 0.0, 0.0, 0.0, 0.0, 0.0, 0.0, 0.0, 0.0, 0.0, 0.0, 0.0, 0.0, 0.0, 0.0, 0.0, 0.0, 0.0, 0.0, 0.0, 0.0, 0.0, 1.0, 0.0, 0.0, 0.0, 0.0, 0.0, 0.0]"
hMpxV/China/SZ-CDC/Strain114,"[0.0, 0.0, 0.0, 0.0, 0.0, 0.0, 0.0, 0.0, 0.0, 0.0, 0.0, 0.0, 0.0, 0.0, 0.0, 0.0, 0.0, 0.0, 0.0, 0.0, 0.0, 0.0, 0.0, 0.0, 1.0, 0.0, 0.0, 0.0, 0.0, 0.0, 0.0]"
hMpxV/China/SZ-CDC/Strain120,"[0.0, 0.0, 0.0, 0.0, 0.0, 0.0, 0.0, 0.0, 0.0, 0.0, 0.0, 0.0, 0.0, 0.0, 0.0, 0.0, 0.0, 0.0, 0.0, 0.0, 0.0, 0.0, 0.0, 0.0, 1.0, 0.0, 0.0, 0.0, 0.0, 0.0, 0.0]"
hMpxV/China/SZ-CDC/Strain092,"[0.0, 0.0, 0.0, 0.0, 0.0, 0.0, 0.0, 0.0, 0.0, 0.0, 0.0, 0.0, 0.0, 0.0, 0.0, 0.0, 0.0, 0.0, 0.0, 0.0, 0.0, 0.0, 0.0, 0.0, 0.9999999999999999, 0.0, 0.0, 0.0, 0.0, 0.0, 0.0]"
NODE_0000055,"[8.317190712659852e-18, 2.3275403460387293e-18, 4.230924986176866e-19, 2.3812207920105464e-18, 1.87976408219513e-18, 2.3572023319379778e-18, 2.379866909650848e-18, 3.0342200382279854e-16, 1.3993336302304442e-15, 2.498041286535885e-18, 1.724532721222873e-17, 2.4027208538262383e-18, 2.4516633277223e-16, 2.618695481359826e-18, 8.092011361293571e-18, 1.1288475323320137e-18, 2.584489518079683e-18, 2.402720853827754e-18, 2.402720853825467e-18, 2.0179816932553993e-18, 4.794618009642201e-19, 2.2251401385494045e-18, 2.2645329227993344e-12, 3.952335937670155e-17, 0.9999999999813803, 2.2260569237133832e-18, 7.826583283688694e-16, 2.320567801732781e-18, 2.065262206251802e-18, 9.572605157885558e-19, 1.6352310642885702e-11]"
hMpxV/China/SZ-CDC/Strain030,"[0.0, 0.0, 0.0, 0.0, 0.0, 0.0, 0.0, 0.0, 0.0, 0.0, 0.0, 0.0, 0.0, 0.0, 0.0, 0.0, 0.0, 0.0, 0.0, 0.0, 0.0, 0.0, 0.0, 0.0, 0.9999999999999999, 0.0, 0.0, 0.0, 0.0, 0.0, 0.0]"
hMpxV/China/SZ-CDC/Strain083,"[0.0, 0.0, 0.0, 0.0, 0.0, 0.0, 0.0, 0.0, 0.0, 0.0, 0.0, 0.0, 0.0, 0.0, 0.0, 0.0, 0.0, 0.0, 0.0, 0.0, 0.0, 0.0, 0.0, 0.0, 1.0, 0.0, 0.0, 0.0, 0.0, 0.0, 0.0]"
hMpxV/China/SZ-CDC/Strain144,"[0.0, 0.0, 0.0, 0.0, 0.0, 0.0, 0.0, 0.0, 0.0, 0.0, 0.0, 0.0, 0.0, 0.0, 0.0, 0.0, 0.0, 0.0, 0.0, 0.0, 0.0, 0.0, 0.0, 0.0, 1.0, 0.0, 0.0, 0.0, 0.0, 0.0, 0.0]"
hMpxV/China/SZ-CDC/Strain182,"[0.0, 0.0, 0.0, 0.0, 0.0, 0.0, 0.0, 0.0, 0.0, 0.0, 0.0, 0.0, 0.0, 0.0, 0.0, 0.0, 0.0, 0.0, 0.0, 0.0, 0.0, 0.0, 0.0, 0.0, 1.0, 0.0, 0.0, 0.0, 0.0, 0.0, 0.0]"
hMpxV/China/YN-CDC-0001/2023|EPI_ISL_18059182|2023-06-27,"[0.0, 0.0, 0.0, 0.0, 0.0, 0.0, 0.0, 0.0, 0.0, 0.0, 0.0, 0.0, 0.0, 0.0, 0.0, 0.0, 0.0, 0.0, 0.0, 0.0, 0.0, 0.0, 0.0, 0.0, 0.0, 0.0, 0.0, 0.0, 0.0, 0.0, 1.0]"
hMpxV/China/SZ-CDC/Strain056,"[0.0, 0.0, 0.0, 0.0, 0.0, 0.0, 0.0, 0.0, 0.0, 0.0, 0.0, 0.0, 0.0, 0.0, 0.0, 0.0, 0.0, 0.0, 0.0, 0.0, 0.0, 0.0, 0.0, 0.0, 1.0, 0.0, 0.0, 0.0, 0.0, 0.0, 0.0]"
hMpxV/China/SZ-CDC/Strain033,"[0.0, 0.0, 0.0, 0.0, 0.0, 0.0, 0.0, 0.0, 0.0, 0.0, 0.0, 0.0, 0.0, 0.0, 0.0, 0.0, 0.0, 0.0, 0.0, 0.0, 0.0, 0.0, 0.0, 0.0, 0.9999999999999999, 0.0, 0.0, 0.0, 0.0, 0.0, 0.0]"
NODE_0000061,"[1.1653063715027423e-07, 6.242222354764499e-08, 3.337479204953703e-08, 6.409604244702303e-08, 5.544351745459787e-08, 6.309053321250134e-08, 6.241262204634732e-08, 4.218853700193408e-07, 7.79978012867552e-07, 6.419880124074336e-08, 1.3482753366445083e-07, 6.305233434012193e-08, 3.8935326444368466e-07, 6.538571969391348e-08, 9.834410530924373e-08, 4.329006080341062e-08, 6.63002457232445e-08, 6.305233434013555e-08, 6.305233434013326e-08, 5.98940090005945e-08, 1.8577366982521187e-08, 6.523444725546337e-08, 1.2525405777601429e-05, 1.9031151885494065e-07, 0.9999827588237117, 5.976509400919005e-08, 6.406471039181051e-07, 6.020930156391217e-08, 6.093681678083553e-08, 5.8989477411025646e-08, 7.911148902944784e-07]"
hMpxV/China/SZ-CDC/Strain128,"[0.0, 0.0, 0.0, 0.0, 0.0, 0.0, 0.0, 0.0, 0.0, 0.0, 0.0, 0.0, 0.0, 0.0, 0.0, 0.0, 0.0, 0.0, 0.0, 0.0, 0.0, 0.0, 0.0, 0.0, 1.0, 0.0, 0.0, 0.0, 0.0, 0.0, 0.0]"
hMpxV/China/SZ-CDC/Strain140,"[0.0, 0.0, 0.0, 0.0, 0.0, 0.0, 0.0, 0.0, 0.0, 0.0, 0.0, 0.0, 0.0, 0.0, 0.0, 0.0, 0.0, 0.0, 0.0, 0.0, 0.0, 0.0, 0.0, 0.0, 0.9999999999999999, 0.0, 0.0, 0.0, 0.0, 0.0, 0.0]"
NODE_0000063,"[1.8579062499318373e-14, 9.308716340334188e-15, 2.6221986102472542e-14, 9.50829147394656e-15, 8.0630115860315e-15, 9.40332438141158e-15, 9.442606343215395e-15, 1.9546815045436625e-13, 5.351783202568151e-13, 1.8487540082945903e-14, 3.240703112745624e-14, 9.506144638107114e-15, 1.689969813158574e-13, 4.474888138285195e-14, 1.7678170181241088e-14, 5.42838589233216e-15, 6.046022245353396e-14, 9.506144638131831e-15, 9.50614463812865e-15, 1.3820127258277567e-14, 5.1101128810613745e-15, 9.108100234950055e-15, 2.835231517938209e-07, 5.478261978952877e-14, 0.9999997164746531, 8.927794754623694e-15, 3.3582760399642177e-13, 9.270069217248975e-15, 8.514318233977349e-15, 1.2942777869039674e-14, 5.389577075372971e-13]"
hMpxV/China/SZ-CDC/Strain020,"[0.0, 0.0, 0.0, 0.0, 0.0, 0.0, 0.0, 0.0, 0.0, 0.0, 0.0, 0.0, 0.0, 0.0, 0.0, 0.0, 0.0, 0.0, 0.0, 0.0, 0.0, 0.0, 0.0, 0.0, 1.0, 0.0, 0.0, 0.0, 0.0, 0.0, 0.0]"
hMpxV/China/SZ-CDC/Strain035,"[0.0, 0.0, 0.0, 0.0, 0.0, 0.0, 0.0, 0.0, 0.0, 0.0, 0.0, 0.0, 0.0, 0.0, 0.0, 0.0, 0.0, 0.0, 0.0, 0.0, 0.0, 0.0, 0.0, 0.0, 1.0, 0.0, 0.0, 0.0, 0.0, 0.0, 0.0]"
hMpxV/China/SZ-CDC/Strain051,"[0.0, 0.0, 0.0, 0.0, 0.0, 0.0, 0.0, 0.0, 0.0, 0.0, 0.0, 0.0, 0.0, 0.0, 0.0, 0.0, 0.0, 0.0, 0.0, 0.0, 0.0, 0.0, 0.0, 0.0, 1.0, 0.0, 0.0, 0.0, 0.0, 0.0, 0.0]"
NODE_0000089,"[5.027126459117082e-10, 6.793261648160757e-10, 9.330170867510375e-09, 6.991477105172951e-10, 5.978259517289736e-10, 6.871690313103201e-10, 6.805615959635232e-10, 1.1651974927289086e-09, 1.5424936310750523e-09, 2.143346662173651e-09, 8.262908193221254e-10, 6.873518873933384e-10, 1.057789266582994e-09, 9.190254359518406e-09, 5.181355431567793e-10, 4.4586558621213084e-10, 1.5602653156892415e-08, 6.873518873946825e-10, 6.873518873944059e-10, 1.5427166577387645e-09, 7.027454025305008e-10, 7.011581991828395e-10, 0.9999946702664468, 9.271854039895408e-10, 5.2721745654142305e-06, 6.465039340453204e-10, 1.0802391683440582e-09, 6.579207885428244e-10, 6.483464696296782e-10, 1.5125901360428021e-09, 1.40858522519448e-09]"
hMpxV/Portugal/INSA-PT0756/2023|EPI_ISL_18702225|2023-10-06,"[0.0, 0.0, 0.0, 0.0, 0.0, 0.0, 0.0, 0.0, 0.0, 0.0, 0.0, 0.0, 0.0, 0.0, 0.0, 0.0, 0.0, 0.0, 0.0, 0.0, 0.0, 0.0, 1.0, 0.0, 0.0, 0.0, 0.0, 0.0, 0.0, 0.0, 0.0]"
hMpxV/Portugal/INSA-PT0785/2023|EPI_ISL_18702257|2023-10-31,"[0.0, 0.0, 0.0, 0.0, 0.0, 0.0, 0.0, 0.0, 0.0, 0.0, 0.0, 0.0, 0.0, 0.0, 0.0, 0.0, 0.0, 0.0, 0.0, 0.0, 0.0, 0.0, 1.0, 0.0, 0.0, 0.0, 0.0, 0.0, 0.0, 0.0, 0.0]"
hMpxV/Portugal/INSA-PT0733/2023|EPI_ISL_18553811|2023-09-19,"[0.0, 0.0, 0.0, 0.0, 0.0, 0.0, 0.0, 0.0, 0.0, 0.0, 0.0, 0.0, 0.0, 0.0, 0.0, 0.0, 0.0, 0.0, 0.0, 0.0, 0.0, 0.0, 1.0, 0.0, 0.0, 0.0, 0.0, 0.0, 0.0, 0.0, 0.0]"
NODE_0000064,"[6.465844162430145e-06, 2.176759561775047e-06, 4.362695091158653e-06, 2.1918582216767252e-06, 2.2568280863263645e-06, 2.1862878051250948e-06, 2.172352091034904e-06, 8.904118217997349e-06, 1.4373017854104511e-05, 2.2532133069997865e-06, 3.7597644913986358e-06, 2.1714780347623996e-06, 8.182673240399128e-06, 2.4119307070032076e-06, 3.967431750787729e-06, 3.4804166945341953e-06, 4.401966616176369e-06, 2.1714780347632216e-06, 2.1714780347630895e-06, 2.102077208257407e-06, 5.744717004426309e-06, 2.2317106205726266e-06, 0.00023723272640471655, 4.868554860953006e-06, 0.9994317188047582, 2.8911729783683373e-06, 1.1541402161812922e-05, 2.866308099963699e-06, 2.107499110116595e-06, 0.00020198554632589645, 1.4647888463517894e-05]"
hMpxV/China/SZ-CDC/Strain168,"[0.0, 0.0, 0.0, 0.0, 0.0, 0.0, 0.0, 0.0, 0.0, 0.0, 0.0, 0.0, 0.0, 0.0, 0.0, 0.0, 0.0, 0.0, 0.0, 0.0, 0.0, 0.0, 0.0, 0.0, 1.0, 0.0, 0.0, 0.0, 0.0, 0.0, 0.0]"
NODE_0000069,"[7.214750109537818e-07, 1.299024586194186e-07, 1.2198267043648442e-06, 1.3050922863367572e-07, 1.5573824585008484e-07, 1.304293313997267e-07, 1.3060563679041576e-07, 2.3059464583014697e-07, 2.7749817274032297e-07, 1.3125119186057774e-07, 1.6349840169484513e-07, 1.3051823250580345e-07, 2.1615582929407336e-07, 1.320063583853318e-07, 2.662073841124798e-07, 6.143572578411406e-07, 5.295432552840334e-07, 1.30518232505989e-07, 1.3051823250589651e-07, 1.2377686984076296e-07, 5.262060624082975e-06, 1.2882834756162293e-07, 2.31398700648995e-06, 1.8106985626058143e-07, 1.6519212849180083e-05, 2.798567854846987e-07, 2.3235898976294988e-07, 2.7080152957088147e-07, 1.2434030198278485e-07, 0.9999687124893221, 2.8006370647274325e-07]"
hMpxV/USA/WA-UW-11099/2024|EPI_ISL_19109197|2024-02-01,"[0.0, 0.0, 0.0, 0.0, 0.0, 0.0, 0.0, 0.0, 0.0, 0.0, 0.0, 0.0, 0.0, 0.0, 0.0, 0.0, 0.0, 0.0, 0.0, 0.0, 0.0, 0.0, 0.0, 0.0, 0.0, 0.0, 0.0, 0.0, 0.0, 1.0, 0.0]"
hMpxV/USA/CA-UW-301960/2024|EPI_ISL_19053766|2024-02-14,"[0.0, 0.0, 0.0, 0.0, 0.0, 0.0, 0.0, 0.0, 0.0, 0.0, 0.0, 0.0, 0.0, 0.0, 0.0, 0.0, 0.0, 0.0, 0.0, 0.0, 0.0, 0.0, 0.0, 0.0, 0.0, 0.0, 0.0, 0.0, 0.0, 1.0, 0.0]"
NODE_0000065,"[1.8924578779647763e-06, 1.1333367655338473e-06, 7.101504286277293e-07, 1.1651226350366148e-06, 1.010586917467132e-06, 1.1453227606084236e-06, 1.1309195616773777e-06, 5.685075742362853e-06, 9.771447507554583e-06, 1.1841321297311813e-06, 2.131561865956765e-06, 1.1430364707206229e-06, 5.2571744385601014e-06, 1.2470316971390176e-06, 1.6685137166534342e-06, 8.036596399357068e-07, 1.2937247285292485e-06, 1.1430364707208488e-06, 1.1430364707208056e-06, 1.110707156084711e-06, 3.5125496669211167e-07, 1.2073480117877062e-06, 0.0001138590417746242, 2.8775052244222377e-06, 0.9998175722930617, 1.0842950662697557e-06, 8.044567996027336e-06, 1.0896706849973162e-06, 1.1231995126674213e-06, 1.1480305379423368e-06, 9.872758181317958e-06]"
hMpxV/China/SZ-CDC/Strain103,"[0.0, 0.0, 0.0, 0.0, 0.0, 0.0, 0.0, 0.0, 0.0, 0.0, 0.0, 0.0, 0.0, 0.0, 0.0, 0.0, 0.0, 0.0, 0.0, 0.0, 0.0, 0.0, 0.0, 0.0, 1.0, 0.0, 0.0, 0.0, 0.0, 0.0, 0.0]"
NODE_0000066,"[1.1459223836809702e-11, 4.733214648701802e-12, 2.0110703929356066e-12, 4.8481518934616906e-12, 4.1312309795871544e-12, 4.783234196106889e-12, 4.759529621405523e-12, 7.690843400780246e-11, 1.874166327348448e-10, 4.926069808710444e-12, 1.4709742723312393e-11, 4.804632123179984e-12, 6.88395976988976e-11, 5.0750415981302534e-12, 9.86605125277367e-12, 3.0569539992699357e-12, 5.125388294122497e-12, 4.804632123187829e-12, 4.804632123187115e-12, 4.4446491825469915e-12, 1.3461712085442715e-12, 4.830619868142247e-12, 1.3618165826519695e-08, 2.395712020470026e-11, 0.9999999855667216, 4.5427514200643294e-12, 1.4063279070988858e-10, 4.61538359443933e-12, 4.523728371942516e-12, 4.250201737109135e-12, 1.9490564615864578e-10]"
hMpxV/China/SZ-CDC/Strain089,"[0.0, 0.0, 0.0, 0.0, 0.0, 0.0, 0.0, 0.0, 0.0, 0.0, 0.0, 0.0, 0.0, 0.0, 0.0, 0.0, 0.0, 0.0, 0.0, 0.0, 0.0, 0.0, 0.0, 0.0, 1.0, 0.0, 0.0, 0.0, 0.0, 0.0, 0.0]"
hMpxV/China/SZ-CDC/Strain094,"[0.0, 0.0, 0.0, 0.0, 0.0, 0.0, 0.0, 0.0, 0.0, 0.0, 0.0, 0.0, 0.0, 0.0, 0.0, 0.0, 0.0, 0.0, 0.0, 0.0, 0.0, 0.0, 0.0, 0.0, 1.0, 0.0, 0.0, 0.0, 0.0, 0.0, 0.0]"
NODE_0000067,"[1.103795207951041e-11, 4.485736825941707e-12, 1.9306495137598334e-12, 4.59499172564566e-12, 3.897331816996672e-12, 4.5327751241008616e-12, 4.5138243837921915e-12, 8.080067820172243e-11, 2.0462620533153336e-10, 4.728858823728803e-12, 1.4452928758150118e-11, 4.5572452835878015e-12, 7.177257541846124e-11, 4.982052450712532e-12, 9.854255457880741e-12, 2.8554743751327086e-12, 5.086427768258654e-12, 4.55724528359603e-12, 4.5572452835941185e-12, 4.234413847121227e-12, 1.2652415514263066e-12, 4.600401236533368e-12, 1.7640162199329173e-08, 2.4003830430938696e-11, 0.9999999814972479, 4.302295569882716e-12, 1.5009076578712449e-10, 4.3761937911490474e-12, 4.298874041393481e-12, 3.8217563907047715e-12, 2.1377168001423292e-10]"
hMpxV/China/SZ-CDC/Strain093,"[0.0, 0.0, 0.0, 0.0, 0.0, 0.0, 0.0, 0.0, 0.0, 0.0, 0.0, 0.0, 0.0, 0.0, 0.0, 0.0, 0.0, 0.0, 0.0, 0.0, 0.0, 0.0, 0.0, 0.0, 1.0, 0.0, 0.0, 0.0, 0.0, 0.0, 0.0]"
hMpxV/China/SZ-CDC/Strain095,"[0.0, 0.0, 0.0, 0.0, 0.0, 0.0, 0.0, 0.0, 0.0, 0.0, 0.0, 0.0, 0.0, 0.0, 0.0, 0.0, 0.0, 0.0, 0.0, 0.0, 0.0, 0.0, 0.0, 0.0, 0.9999999999999999, 0.0, 0.0, 0.0, 0.0, 0.0, 0.0]"
hMpxV/China/SZ-CDC/Strain102,"[0.0, 0.0, 0.0, 0.0, 0.0, 0.0, 0.0, 0.0, 0.0, 0.0, 0.0, 0.0, 0.0, 0.0, 0.0, 0.0, 0.0, 0.0, 0.0, 0.0, 0.0, 0.0, 0.0, 0.0, 1.0, 0.0, 0.0, 0.0, 0.0, 0.0, 0.0]"
hMpxV/China/SZ-CDC/Strain109,"[0.0, 0.0, 0.0, 0.0, 0.0, 0.0, 0.0, 0.0, 0.0, 0.0, 0.0, 0.0, 0.0, 0.0, 0.0, 0.0, 0.0, 0.0, 0.0, 0.0, 0.0, 0.0, 0.0, 0.0, 1.0, 0.0, 0.0, 0.0, 0.0, 0.0, 0.0]"
NODE_0000071,"[7.930866845898187e-06, 5.309036027504832e-06, 0.0007876419431687215, 5.42909167643434e-06, 7.700753613991927e-06, 5.357365223263578e-06, 5.5357764962099e-06, 9.993212761682364e-06, 1.2888494930643279e-05, 8.885316561767604e-06, 6.746240222576849e-06, 5.338594882211691e-06, 9.259648552153517e-06, 1.757060980544995e-05, 4.673745970841221e-06, 4.929117490376244e-06, 2.953364942499399e-05, 5.338594882213011e-06, 5.338594882212707e-06, 7.477930743360529e-06, 7.885916159435649e-06, 5.478550088044938e-06, 0.9888709344127101, 7.676037250062216e-06, 0.010101615337600975, 5.076882727081786e-06, 1.016407070679427e-05, 5.12208004219335e-06, 5.12137967022492e-06, 1.5726848618851817e-05, 1.2319900263651067e-05]"
NODE_0000088,"[6.796819394624141e-10, 8.235278043201139e-10, 1.5672977635783257e-07, 8.475183575625198e-10, 1.0284784054622099e-09, 8.33628106964759e-10, 8.575526171131987e-10, 1.5087538613646652e-09, 1.9802178315282183e-09, 2.0377045738558495e-09, 1.0365622356298024e-09, 8.370898815045387e-10, 2.351967510022422e-09, 1.754910241087049e-08, 5.193173477884516e-10, 5.909381051280251e-10, 9.155685018751497e-06, 8.37089881506215e-10, 8.370898815058731e-10, 1.479744491991759e-09, 1.3509476277403917e-09, 8.325326197374675e-10, 0.9999845283174588, 1.1732357528811491e-09, 6.1097936333510024e-06, 7.796521560999043e-10, 1.2486993922865915e-09, 1.404153357178631e-09, 7.525661309799522e-10, 3.450776492446772e-09, 1.8455839589457455e-09]"
hMpxV/Netherlands/un-EMC-NL090/2023|EPI_ISL_18659846|2023-11-07,"[0.0, 0.0, 0.0, 0.0, 0.0, 0.0, 0.0, 0.0, 0.0, 0.0, 0.0, 0.0, 0.0, 0.0, 0.0, 0.0, 0.9999999999999999, 0.0, 0.0, 0.0, 0.0, 0.0, 0.0, 0.0, 0.0, 0.0, 0.0, 0.0, 0.0, 0.0, 0.0]"
hMpxV/Netherlands/un-EMC-NL089/2023|EPI_ISL_18659829|2023-10-15,"[0.0, 0.0, 0.0, 0.0, 0.0, 0.0, 0.0, 0.0, 0.0, 0.0, 0.0, 0.0, 0.0, 0.0, 0.0, 0.0, 1.0, 0.0, 0.0, 0.0, 0.0, 0.0, 0.0, 0.0, 0.0, 0.0, 0.0, 0.0, 0.0, 0.0, 0.0]"
hMpxV/Portugal/INSA-PT0713/2023|EPI_ISL_18553850|2023-08-21,"[0.0, 0.0, 0.0, 0.0, 0.0, 0.0, 0.0, 0.0, 0.0, 0.0, 0.0, 0.0, 0.0, 0.0, 0.0, 0.0, 0.0, 0.0, 0.0, 0.0, 0.0, 0.0, 1.0, 0.0, 0.0, 0.0, 0.0, 0.0, 0.0, 0.0, 0.0]"
hMpxV/Portugal/INSA-PT0666/2023|EPI_ISL_18228630|2023-08-01,"[0.0, 0.0, 0.0, 0.0, 0.0, 0.0, 0.0, 0.0, 0.0, 0.0, 0.0, 0.0, 0.0, 0.0, 0.0, 0.0, 0.0, 0.0, 0.0, 0.0, 0.0, 0.0, 1.0, 0.0, 0.0, 0.0, 0.0, 0.0, 0.0, 0.0, 0.0]"
NODE_0000072,"[2.9230122890236845e-06, 1.337107110378606e-06, 0.09137114842594031, 1.3355694749694544e-06, 4.365622944992626e-06, 1.3399036599001236e-06, 1.4903534609191376e-06, 1.454836523726676e-06, 1.6140270496357384e-06, 2.714929531041348e-06, 1.3436710179562074e-06, 1.323065412476645e-06, 1.3331056610403222e-06, 7.005043092594738e-06, 8.652608936523553e-07, 2.045061078571258e-06, 1.0025199588962633e-05, 1.3230654124769016e-06, 1.3230654124768463e-06, 2.1660652457905625e-06, 1.3675085014736994e-05, 1.3094737149373703e-06, 0.9084393694782241, 1.389219179844427e-06, 0.00010033381154536956, 1.2802281754300095e-06, 1.193127840370081e-06, 1.3005126972410642e-06, 1.2338763108186027e-06, 1.89196310687376e-05, 1.5191654273127797e-06]"
hMpxV/Brazil/RS-CEVS-378/2023|EPI_ISL_18971017|2023-11-08,"[0.0, 0.0, 1.0, 0.0, 0.0, 0.0, 0.0, 0.0, 0.0, 0.0, 0.0, 0.0, 0.0, 0.0, 0.0, 0.0, 0.0, 0.0, 0.0, 0.0, 0.0, 0.0, 0.0, 0.0, 0.0, 0.0, 0.0, 0.0, 0.0, 0.0, 0.0]"
hMpxV/Brazil/RJ-FIOCRUZ-10491/2024|EPI_ISL_19416152|2024-04-18,"[0.0, 0.0, 1.0, 0.0, 0.0, 0.0, 0.0, 0.0, 0.0, 0.0, 0.0, 0.0, 0.0, 0.0, 0.0, 0.0, 0.0, 0.0, 0.0, 0.0, 0.0, 0.0, 0.0, 0.0, 0.0, 0.0, 0.0, 0.0, 0.0, 0.0, 0.0]"
hMpxV/Portugal/INSA-PT0734/2023|EPI_ISL_18553812|2023-09-19,"[0.0, 0.0, 0.0, 0.0, 0.0, 0.0, 0.0, 0.0, 0.0, 0.0, 0.0, 0.0, 0.0, 0.0, 0.0, 0.0, 0.0, 0.0, 0.0, 0.0, 0.0, 0.0, 1.0, 0.0, 0.0, 0.0, 0.0, 0.0, 0.0, 0.0, 0.0]"
NODE_0000073,"[3.657749050855755e-24, 3.8054932349820394e-26, 1.0, 3.657917612264091e-26, 1.2274885592278357e-23, 3.7721449134185353e-26, 6.99336686294562e-26, 3.9617108243323435e-26, 3.8984083404938337e-26, 4.411899321139666e-26, 3.9827452028230243e-26, 3.822821630157092e-26, 3.356132699591869e-26, 5.486970497735804e-26, 1.6469474199320528e-26, 7.265044224208717e-25, 5.457732017465881e-26, 3.822821630140302e-26, 3.822821630144811e-26, 3.56717901941262e-26, 3.325871068997946e-21, 3.0244215087065615e-26, 4.7580825616663915e-21, 3.89079782672935e-26, 4.9755270385390046e-26, 3.805510877554562e-26, 2.2476702306112752e-26, 4.0297234925877216e-26, 3.0783100006082204e-26, 2.357047054642376e-22, 4.0183277615848526e-26]"
hMpxV/Brazil/SP-IAL-357640019/2024|EPI_ISL_19359696|2024-04-03,"[0.0, 0.0, 1.0, 0.0, 0.0, 0.0, 0.0, 0.0, 0.0, 0.0, 0.0, 0.0, 0.0, 0.0, 0.0, 0.0, 0.0, 0.0, 0.0, 0.0, 0.0, 0.0, 0.0, 0.0, 0.0, 0.0, 0.0, 0.0, 0.0, 0.0, 0.0]"
hMpxV/Brazil/RJ-FIOCRUZ-09216/2024|EPI_ISL_19416146|2024-03-31,"[0.0, 0.0, 1.0, 0.0, 0.0, 0.0, 0.0, 0.0, 0.0, 0.0, 0.0, 0.0, 0.0, 0.0, 0.0, 0.0, 0.0, 0.0, 0.0, 0.0, 0.0, 0.0, 0.0, 0.0, 0.0, 0.0, 0.0, 0.0, 0.0, 0.0, 0.0]"
hMpxV/Brazil/RJ-FIOCRUZ-09217/2024|EPI_ISL_19416147|2024-03-29,"[0.0, 0.0, 1.0, 0.0, 0.0, 0.0, 0.0, 0.0, 0.0, 0.0, 0.0, 0.0, 0.0, 0.0, 0.0, 0.0, 0.0, 0.0, 0.0, 0.0, 0.0, 0.0, 0.0, 0.0, 0.0, 0.0, 0.0, 0.0, 0.0, 0.0, 0.0]"
hMpxV/Brazil/RJ-FIOCRUZ-10495/2024|EPI_ISL_19416154|2024-05-02,"[0.0, 0.0, 0.9999999999999999, 0.0, 0.0, 0.0, 0.0, 0.0, 0.0, 0.0, 0.0, 0.0, 0.0, 0.0, 0.0, 0.0, 0.0, 0.0, 0.0, 0.0, 0.0, 0.0, 0.0, 0.0, 0.0, 0.0, 0.0, 0.0, 0.0, 0.0, 0.0]"
hMpxV/Brazil/RJ-FIOCRUZ-10490/2024|EPI_ISL_19416151|2024-04-10,"[0.0, 0.0, 1.0, 0.0, 0.0, 0.0, 0.0, 0.0, 0.0, 0.0, 0.0, 0.0, 0.0, 0.0, 0.0, 0.0, 0.0, 0.0, 0.0, 0.0, 0.0, 0.0, 0.0, 0.0, 0.0, 0.0, 0.0, 0.0, 0.0, 0.0, 0.0]"
hMpxV/Brazil/RJ-FIOCRUZ-10505/2024|EPI_ISL_19416158|2024-05-16,"[0.0, 0.0, 1.0, 0.0, 0.0, 0.0, 0.0, 0.0, 0.0, 0.0, 0.0, 0.0, 0.0, 0.0, 0.0, 0.0, 0.0, 0.0, 0.0, 0.0, 0.0, 0.0, 0.0, 0.0, 0.0, 0.0, 0.0, 0.0, 0.0, 0.0, 0.0]"
hMpxV/Brazil/RJ-FIOCRUZ-09215/2024|EPI_ISL_19416145|2024-03-29,"[0.0, 0.0, 1.0, 0.0, 0.0, 0.0, 0.0, 0.0, 0.0, 0.0, 0.0, 0.0, 0.0, 0.0, 0.0, 0.0, 0.0, 0.0, 0.0, 0.0, 0.0, 0.0, 0.0, 0.0, 0.0, 0.0, 0.0, 0.0, 0.0, 0.0, 0.0]"
NODE_0000074,"[1.4923473873048564e-23, 4.381484689562685e-26, 1.0, 3.971967658048847e-26, 6.523637974081188e-23, 4.2598782755281424e-26, 8.93705061344837e-26, 4.2168693677381704e-26, 3.995875290903948e-26, 4.2769742785238384e-26, 4.388121089795999e-26, 4.215756397460125e-26, 3.45970837426421e-26, 4.49993409986618e-26, 1.714303372727598e-26, 2.1513348919984847e-24, 4.3458544860400895e-26, 4.2157563974526834e-26, 4.2157563974551515e-26, 3.525045378690581e-26, 8.29489709357363e-20, 3.1309955622411845e-26, 7.199276678956997e-21, 4.210596423133422e-26, 2.98200697626311e-26, 4.367496171342116e-26, 2.1394848766254087e-26, 4.616908798373644e-26, 3.2450925502108074e-26, 3.34497790384884e-21, 4.20283224996119e-26]"
hMpxV/Brazil/RJ-UG_UFRJ_0568/2024|EPI_ISL_19434513|2024-08-15,"[0.0, 0.0, 1.0, 0.0, 0.0, 0.0, 0.0, 0.0, 0.0, 0.0, 0.0, 0.0, 0.0, 0.0, 0.0, 0.0, 0.0, 0.0, 0.0, 0.0, 0.0, 0.0, 0.0, 0.0, 0.0, 0.0, 0.0, 0.0, 0.0, 0.0, 0.0]"
hMpxV/Brazil/SP-IAL-357886830/2024|EPI_ISL_19372757|2024-08-06,"[0.0, 0.0, 1.0, 0.0, 0.0, 0.0, 0.0, 0.0, 0.0, 0.0, 0.0, 0.0, 0.0, 0.0, 0.0, 0.0, 0.0, 0.0, 0.0, 0.0, 0.0, 0.0, 0.0, 0.0, 0.0, 0.0, 0.0, 0.0, 0.0, 0.0, 0.0]"
hMpxV/Brazil/SP-IAL-357903632/2024|EPI_ISL_19372770|2024-08-19,"[0.0, 0.0, 1.0, 0.0, 0.0, 0.0, 0.0, 0.0, 0.0, 0.0, 0.0, 0.0, 0.0, 0.0, 0.0, 0.0, 0.0, 0.0, 0.0, 0.0, 0.0, 0.0, 0.0, 0.0, 0.0, 0.0, 0.0, 0.0, 0.0, 0.0, 0.0]"
hMpxV/Brazil/RJ-FIOCRUZ-10527/2024|EPI_ISL_19416172|2024-08-16,"[0.0, 0.0, 1.0, 0.0, 0.0, 0.0, 0.0, 0.0, 0.0, 0.0, 0.0, 0.0, 0.0, 0.0, 0.0, 0.0, 0.0, 0.0, 0.0, 0.0, 0.0, 0.0, 0.0, 0.0, 0.0, 0.0, 0.0, 0.0, 0.0, 0.0, 0.0]"
hMpxV/Brazil/PR-FIOCRUZ-10548/2024|EPI_ISL_19416185|2024-07-19,"[0.0, 0.0, 1.0, 0.0, 0.0, 0.0, 0.0, 0.0, 0.0, 0.0, 0.0, 0.0, 0.0, 0.0, 0.0, 0.0, 0.0, 0.0, 0.0, 0.0, 0.0, 0.0, 0.0, 0.0, 0.0, 0.0, 0.0, 0.0, 0.0, 0.0, 0.0]"
hMpxV/Brazil/PR-FIOCRUZ-10549/2024|EPI_ISL_19416186|2024-07-20,"[0.0, 0.0, 1.0, 0.0, 0.0, 0.0, 0.0, 0.0, 0.0, 0.0, 0.0, 0.0, 0.0, 0.0, 0.0, 0.0, 0.0, 0.0, 0.0, 0.0, 0.0, 0.0, 0.0, 0.0, 0.0, 0.0, 0.0, 0.0, 0.0, 0.0, 0.0]"
hMpxV/Brazil/SP-IAL-357981172/2024|EPI_ISL_19524888|2024-10-04,"[0.0, 0.0, 1.0, 0.0, 0.0, 0.0, 0.0, 0.0, 0.0, 0.0, 0.0, 0.0, 0.0, 0.0, 0.0, 0.0, 0.0, 0.0, 0.0, 0.0, 0.0, 0.0, 0.0, 0.0, 0.0, 0.0, 0.0, 0.0, 0.0, 0.0, 0.0]"
hMpxV/Brazil/SP-IAL-357914556/2024|EPI_ISL_19446289|2024-08-26,"[0.0, 0.0, 1.0, 0.0, 0.0, 0.0, 0.0, 0.0, 0.0, 0.0, 0.0, 0.0, 0.0, 0.0, 0.0, 0.0, 0.0, 0.0, 0.0, 0.0, 0.0, 0.0, 0.0, 0.0, 0.0, 0.0, 0.0, 0.0, 0.0, 0.0, 0.0]"
NODE_0000077,"[2.0203278713982723e-07, 4.265221661735344e-08, 0.9999958895912783, 4.30007315167808e-08, 2.725167327904555e-07, 4.283608560480389e-08, 5.164356928733292e-08, 4.2556282863307744e-08, 4.2987491925029773e-08, 4.288598843198194e-08, 4.2027756524680165e-08, 4.2656422331857805e-08, 3.978308137004283e-08, 4.297629681101355e-08, 2.9658969215888728e-08, 9.898265283761844e-08, 4.281819505755987e-08, 4.265642233185103e-08, 4.265642233185355e-08, 4.062102757279689e-08, 8.422526431019206e-07, 4.242961462488112e-08, 9.038681859114099e-07, 4.2595530604880557e-08, 3.2318776797160476e-08, 4.128491412871994e-08, 3.579217960513266e-08, 4.161876670587427e-08, 4.060674510293722e-08, 7.97206779610266e-07, 4.248545295184985e-08]"
hMpxV/Brazil/RJ-UG_UFRJ_0572/2024|EPI_ISL_19434500|2024-08-27,"[0.0, 0.0, 1.0, 0.0, 0.0, 0.0, 0.0, 0.0, 0.0, 0.0, 0.0, 0.0, 0.0, 0.0, 0.0, 0.0, 0.0, 0.0, 0.0, 0.0, 0.0, 0.0, 0.0, 0.0, 0.0, 0.0, 0.0, 0.0, 0.0, 0.0, 0.0]"
hMpxV/Brazil/SP-IAL-357899716/2024|EPI_ISL_19372765|2024-08-15,"[0.0, 0.0, 1.0, 0.0, 0.0, 0.0, 0.0, 0.0, 0.0, 0.0, 0.0, 0.0, 0.0, 0.0, 0.0, 0.0, 0.0, 0.0, 0.0, 0.0, 0.0, 0.0, 0.0, 0.0, 0.0, 0.0, 0.0, 0.0, 0.0, 0.0, 0.0]"
NODE_0000078,"[4.998135568568402e-08, 1.110313472341046e-08, 0.9999990094539863, 1.119553385843972e-08, 6.629767426328235e-08, 1.1153622665933055e-08, 1.3333200558186687e-08, 1.1072578259072173e-08, 1.1197107416723521e-08, 1.1167357638225616e-08, 1.0924495500764457e-08, 1.1095935176408395e-08, 1.0369428958510192e-08, 1.1214140019473028e-08, 7.785563090398437e-09, 2.4916128081661054e-08, 1.1206626656500273e-08, 1.109593517640296e-08, 1.1095935176404512e-08, 1.0599774587117037e-08, 1.899541062265004e-07, 1.1080899383468906e-08, 2.0876569037709035e-07, 1.1081528059416874e-08, 8.49829803448223e-09, 1.0743202701854839e-08, 9.377602046863092e-09, 1.0822196511696943e-08, 1.0591877809625915e-08, 1.9176914828568238e-07, 1.105593674591051e-08]"
hMpxV/Brazil/SP-IAL-357981364/2024|EPI_ISL_19524870|2024-10-07,"[0.0, 0.0, 0.9999999999999999, 0.0, 0.0, 0.0, 0.0, 0.0, 0.0, 0.0, 0.0, 0.0, 0.0, 0.0, 0.0, 0.0, 0.0, 0.0, 0.0, 0.0, 0.0, 0.0, 0.0, 0.0, 0.0, 0.0, 0.0, 0.0, 0.0, 0.0, 0.0]"
hMpxV/Brazil/SP-IAL-357985080/2024|EPI_ISL_19524871|2024-10-09,"[0.0, 0.0, 1.0, 0.0, 0.0, 0.0, 0.0, 0.0, 0.0, 0.0, 0.0, 0.0, 0.0, 0.0, 0.0, 0.0, 0.0, 0.0, 0.0, 0.0, 0.0, 0.0, 0.0, 0.0, 0.0, 0.0, 0.0, 0.0, 0.0, 0.0, 0.0]"
NODE_0000075,"[1.6666448171442577e-09, 2.0650888443979375e-10, 0.9999999492583675, 2.0668343599315216e-10, 2.607140565504669e-09, 2.0699724277718365e-10, 2.6907062532006593e-10, 2.064388066677781e-10, 2.067027990566845e-10, 2.0696462576302565e-10, 2.053331889839262e-10, 2.0683429373889636e-10, 1.8977801288034057e-10, 2.0569971208260788e-10, 1.3285644133725945e-10, 6.91667046362632e-10, 2.016117532156314e-10, 2.0683429373886883e-10, 2.068342937388755e-10, 1.9224097110508947e-10, 1.7102728633291294e-08, 1.9802633130496836e-10, 1.3650866580877561e-08, 2.0656145147867055e-10, 1.4415245477557198e-10, 2.0107770193690633e-10, 1.626939999454416e-10, 2.0407491056872837e-10, 1.9164612267749099e-10, 1.0250902157543012e-08, 2.0606007337178012e-10]"
hMpxV/Brazil/RJ-UG_UFRJ_0552/2024|EPI_ISL_19434496|2024-08-15,"[0.0, 0.0, 1.0, 0.0, 0.0, 0.0, 0.0, 0.0, 0.0, 0.0, 0.0, 0.0, 0.0, 0.0, 0.0, 0.0, 0.0, 0.0, 0.0, 0.0, 0.0, 0.0, 0.0, 0.0, 0.0, 0.0, 0.0, 0.0, 0.0, 0.0, 0.0]"
hMpxV/Brazil/RJ-UG_UFRJ_0553/2024|EPI_ISL_19434497|2024-08-19,"[0.0, 0.0, 0.9999999999999999, 0.0, 0.0, 0.0, 0.0, 0.0, 0.0, 0.0, 0.0, 0.0, 0.0, 0.0, 0.0, 0.0, 0.0, 0.0, 0.0, 0.0, 0.0, 0.0, 0.0, 0.0, 0.0, 0.0, 0.0, 0.0, 0.0, 0.0, 0.0]"
hMpxV/Brazil/RJ-UG_UFRJ_0551/2024|EPI_ISL_19434495|2024-08-09,"[0.0, 0.0, 1.0, 0.0, 0.0, 0.0, 0.0, 0.0, 0.0, 0.0, 0.0, 0.0, 0.0, 0.0, 0.0, 0.0, 0.0, 0.0, 0.0, 0.0, 0.0, 0.0, 0.0, 0.0, 0.0, 0.0, 0.0, 0.0, 0.0, 0.0, 0.0]"
NODE_0000076,"[2.301408463460176e-13, 2.7208937531163635e-14, 0.9999999999927045, 2.731484366927067e-14, 3.6430542655610245e-13, 2.7311050582648663e-14, 3.5847809214149404e-14, 2.7319982927516554e-14, 2.7324772294779583e-14, 2.7269473593020358e-14, 2.7194527809372306e-14, 2.7360998621285032e-14, 2.5073993336897916e-14, 2.6842726191858905e-14, 1.732726430508465e-14, 9.336830001305527e-14, 2.6074581355090447e-14, 2.7360998621168505e-14, 2.7360998621202647e-14, 2.5252197403858305e-14, 2.5496566861175473e-12, 2.6083456378926588e-14, 1.9981903369832155e-12, 2.7330732215175112e-14, 1.7975229738408028e-14, 2.6555576399877156e-14, 2.139385220040811e-14, 2.6980932091802796e-14, 2.5286253840652364e-14, 1.4314335888347013e-12, 2.7274329037211648e-14]"
hMpxV/Brazil/SP-IAL-357798278/2024|EPI_ISL_19359678|2024-06-04,"[0.0, 0.0, 0.9999999999999999, 0.0, 0.0, 0.0, 0.0, 0.0, 0.0, 0.0, 0.0, 0.0, 0.0, 0.0, 0.0, 0.0, 0.0, 0.0, 0.0, 0.0, 0.0, 0.0, 0.0, 0.0, 0.0, 0.0, 0.0, 0.0, 0.0, 0.0, 0.0]"
hMpxV/Brazil/SP-IAL-357802143/2024|EPI_ISL_19359679|2024-06-06,"[0.0, 0.0, 1.0, 0.0, 0.0, 0.0, 0.0, 0.0, 0.0, 0.0, 0.0, 0.0, 0.0, 0.0, 0.0, 0.0, 0.0, 0.0, 0.0, 0.0, 0.0, 0.0, 0.0, 0.0, 0.0, 0.0, 0.0, 0.0, 0.0, 0.0, 0.0]"
hMpxV/Brazil/SP-IAL-357896065/2024|EPI_ISL_19359682|2024-08-13,"[0.0, 0.0, 1.0, 0.0, 0.0, 0.0, 0.0, 0.0, 0.0, 0.0, 0.0, 0.0, 0.0, 0.0, 0.0, 0.0, 0.0, 0.0, 0.0, 0.0, 0.0, 0.0, 0.0, 0.0, 0.0, 0.0, 0.0, 0.0, 0.0, 0.0, 0.0]"
NODE_0000079,"[6.721179628205186e-19, 6.885583990634124e-21, 0.9999999999999994, 6.44468455835739e-21, 2.0868497799600173e-18, 6.759583427399367e-21, 1.2076664965025909e-20, 6.702576676070009e-21, 6.469696198053457e-21, 6.780134504174609e-21, 6.870350689912786e-21, 6.7068157207211844e-21, 5.712179618650814e-21, 7.017775261997329e-21, 3.1837550676887742e-21, 1.382460932763805e-19, 6.825588689400004e-21, 6.706815720712787e-21, 6.706815720714043e-21, 5.818024041462306e-21, 4.580506842414565e-16, 5.423292998608851e-21, 8.322221935358187e-17, 6.6977920639069934e-21, 4.794782756459007e-21, 6.805813934499705e-21, 3.939844502115635e-21, 7.096196828295735e-21, 5.492589855911009e-21, 4.564530010441698e-17, 6.6830627725788e-21]"
hMpxV/Brazil/SP-IAL-357904928/2024|EPI_ISL_19372767|2024-08-19,"[0.0, 0.0, 1.0, 0.0, 0.0, 0.0, 0.0, 0.0, 0.0, 0.0, 0.0, 0.0, 0.0, 0.0, 0.0, 0.0, 0.0, 0.0, 0.0, 0.0, 0.0, 0.0, 0.0, 0.0, 0.0, 0.0, 0.0, 0.0, 0.0, 0.0, 0.0]"
hMpxV/Brazil/SP-IAL-357911339/2024|EPI_ISL_19372775|2024-08-23,"[0.0, 0.0, 1.0, 0.0, 0.0, 0.0, 0.0, 0.0, 0.0, 0.0, 0.0, 0.0, 0.0, 0.0, 0.0, 0.0, 0.0, 0.0, 0.0, 0.0, 0.0, 0.0, 0.0, 0.0, 0.0, 0.0, 0.0, 0.0, 0.0, 0.0, 0.0]"
hMpxV/Brazil/SP-IAL-357979688/2024|EPI_ISL_19524878|2024-10-06,"[0.0, 0.0, 1.0, 0.0, 0.0, 0.0, 0.0, 0.0, 0.0, 0.0, 0.0, 0.0, 0.0, 0.0, 0.0, 0.0, 0.0, 0.0, 0.0, 0.0, 0.0, 0.0, 0.0, 0.0, 0.0, 0.0, 0.0, 0.0, 0.0, 0.0, 0.0]"
hMpxV/Brazil/BA-LACEN-293860175/2024|EPI_ISL_19361755|2024-08-07,"[0.0, 0.0, 1.0, 0.0, 0.0, 0.0, 0.0, 0.0, 0.0, 0.0, 0.0, 0.0, 0.0, 0.0, 0.0, 0.0, 0.0, 0.0, 0.0, 0.0, 0.0, 0.0, 0.0, 0.0, 0.0, 0.0, 0.0, 0.0, 0.0, 0.0, 0.0]"
NODE_0000084,"[7.292088322477166e-09, 1.4893632108724722e-09, 0.9999998493148063, 1.5036677199650851e-09, 9.926818756733536e-09, 1.4966857320493351e-09, 1.816101815759933e-09, 1.489287900873763e-09, 1.5032309690284451e-09, 1.4974402823717822e-09, 1.4716387320667656e-09, 1.4925900749084358e-09, 1.3906184662889014e-09, 1.4930673314583393e-09, 1.0287859696987325e-09, 3.521258625595765e-09, 1.4803042541363488e-09, 1.4925900749054596e-09, 1.4925900749062862e-09, 1.415661889200529e-09, 3.2147659414819515e-08, 1.4803734332084298e-09, 3.4033267834175755e-08, 1.49056285187502e-09, 1.0973459635111364e-09, 1.4433218390889235e-09, 1.2469039139196437e-09, 1.4559765417626895e-09, 1.418287722430575e-09, 2.909083725485546e-08, 1.4868664780292737e-09]"
hMpxV/Brazil/SP-IAL-357899878/2024|EPI_ISL_19372763|2024-08-15,"[0.0, 0.0, 1.0, 0.0, 0.0, 0.0, 0.0, 0.0, 0.0, 0.0, 0.0, 0.0, 0.0, 0.0, 0.0, 0.0, 0.0, 0.0, 0.0, 0.0, 0.0, 0.0, 0.0, 0.0, 0.0, 0.0, 0.0, 0.0, 0.0, 0.0, 0.0]"
hMpxV/Brazil/SP-IAL-357911479/2024|EPI_ISL_19372776|2024-08-24,"[0.0, 0.0, 1.0, 0.0, 0.0, 0.0, 0.0, 0.0, 0.0, 0.0, 0.0, 0.0, 0.0, 0.0, 0.0, 0.0, 0.0, 0.0, 0.0, 0.0, 0.0, 0.0, 0.0, 0.0, 0.0, 0.0, 0.0, 0.0, 0.0, 0.0, 0.0]"
NODE_0000087,"[7.587349111716599e-09, 1.5832206714408385e-09, 0.9999998449424701, 1.5976923324233186e-09, 1.026210936784852e-08, 1.590759287404256e-09, 1.9227054138413704e-09, 1.5817960865387678e-09, 1.597381543125184e-09, 1.5919373485418247e-09, 1.5624320227932238e-09, 1.5852879856990289e-09, 1.4781129643766322e-09, 1.5906810977661124e-09, 1.0979426285355369e-09, 3.6948060783808985e-09, 1.5806781425676416e-09, 1.5852879856958264e-09, 1.58528798569672e-09, 1.5066058074871835e-09, 3.2219029555621424e-08, 1.5751182822479134e-09, 3.442763154780458e-08, 1.5831437579243983e-09, 1.1798007206752258e-09, 1.5335574772559691e-09, 1.3282704848326243e-09, 1.5464210912376312e-09, 1.5081380802765718e-09, 2.9995084435694463e-08, 1.5792605913864996e-09]"
hMpxV/Brazil/SP-IAL-357921858/2024|EPI_ISL_19446293|2024-09-01,"[0.0, 0.0, 1.0, 0.0, 0.0, 0.0, 0.0, 0.0, 0.0, 0.0, 0.0, 0.0, 0.0, 0.0, 0.0, 0.0, 0.0, 0.0, 0.0, 0.0, 0.0, 0.0, 0.0, 0.0, 0.0, 0.0, 0.0, 0.0, 0.0, 0.0, 0.0]"
hMpxV/Brazil/SP-IAL-357933783/2024|EPI_ISL_19446300|2024-09-08,"[0.0, 0.0, 1.0, 0.0, 0.0, 0.0, 0.0, 0.0, 0.0, 0.0, 0.0, 0.0, 0.0, 0.0, 0.0, 0.0, 0.0, 0.0, 0.0, 0.0, 0.0, 0.0, 0.0, 0.0, 0.0, 0.0, 0.0, 0.0, 0.0, 0.0, 0.0]"
NODE_0000082,"[9.946304720884333e-12, 1.270594899238008e-12, 0.9999999997057356, 1.2710037856397133e-12, 1.5414002054629788e-11, 1.2734207256474444e-12, 1.6461354456510922e-12, 1.268854695453152e-12, 1.2713649948442182e-12, 1.2735696566171771e-12, 1.261327175565537e-12, 1.2712140278304655e-12, 1.1677184306950265e-12, 1.2692111322379003e-12, 8.219826888913792e-13, 4.176509787459655e-12, 1.2476805441815965e-12, 1.2712140278264534e-12, 1.271214027827461e-12, 1.1847127741739777e-12, 9.67376467244765e-11, 1.2201484633460227e-12, 7.824243559723527e-11, 1.2695744379252784e-12, 8.990138469607573e-13, 1.2364819660774771e-12, 1.0042390899515423e-12, 1.25426144267551e-12, 1.1798412511061948e-12, 6.037612292030338e-11, 1.2665953507658517e-12]"
hMpxV/Brazil/SP-IAL-357821026/2024|EPI_ISL_19359691|2024-06-18,"[0.0, 0.0, 1.0, 0.0, 0.0, 0.0, 0.0, 0.0, 0.0, 0.0, 0.0, 0.0, 0.0, 0.0, 0.0, 0.0, 0.0, 0.0, 0.0, 0.0, 0.0, 0.0, 0.0, 0.0, 0.0, 0.0, 0.0, 0.0, 0.0, 0.0, 0.0]"
hMpxV/Brazil/SP-IAL-357909129/2024|EPI_ISL_19372769|2024-08-19,"[0.0, 0.0, 1.0, 0.0, 0.0, 0.0, 0.0, 0.0, 0.0, 0.0, 0.0, 0.0, 0.0, 0.0, 0.0, 0.0, 0.0, 0.0, 0.0, 0.0, 0.0, 0.0, 0.0, 0.0, 0.0, 0.0, 0.0, 0.0, 0.0, 0.0, 0.0]"
NODE_0000083,"[1.6410893159860845e-08, 3.410014415122532e-09, 0.99999966356131, 3.439698770535543e-09, 2.2237860430796995e-08, 3.4254406986201357e-09, 4.1421839253516554e-09, 3.4052945847111857e-09, 3.438551597589036e-09, 3.428560325648357e-09, 3.363954894713091e-09, 3.413192608560302e-09, 3.181609790968193e-09, 3.42876653623594e-09, 2.363938761545408e-09, 7.987102840423271e-09, 3.409134297322675e-09, 3.413192608553595e-09, 3.413192608555465e-09, 3.2447001639115457e-09, 7.030526330253139e-08, 3.390443102662297e-09, 7.494479810792367e-08, 3.4083782550960534e-09, 2.5549482324303815e-09, 3.302251808196095e-09, 2.857806130285721e-09, 3.3299675841347783e-09, 3.246358179810442e-09, 6.514155512156902e-08, 3.399637428250018e-09]"
hMpxV/Brazil/SP-IAL-357899889/2024|EPI_ISL_19372764|2024-08-15,"[0.0, 0.0, 1.0, 0.0, 0.0, 0.0, 0.0, 0.0, 0.0, 0.0, 0.0, 0.0, 0.0, 0.0, 0.0, 0.0, 0.0, 0.0, 0.0, 0.0, 0.0, 0.0, 0.0, 0.0, 0.0, 0.0, 0.0, 0.0, 0.0, 0.0, 0.0]"
hMpxV/Brazil/SP-IAL-357929674/2024|EPI_ISL_19446297|2024-09-04,"[0.0, 0.0, 1.0, 0.0, 0.0, 0.0, 0.0, 0.0, 0.0, 0.0, 0.0, 0.0, 0.0, 0.0, 0.0, 0.0, 0.0, 0.0, 0.0, 0.0, 0.0, 0.0, 0.0, 0.0, 0.0, 0.0, 0.0, 0.0, 0.0, 0.0, 0.0]"
NODE_0000085,"[3.295786750839276e-17, 8.72877738069967e-19, 0.9999999999999931, 8.541779953436641e-19, 7.902013114890409e-17, 8.697810704333718e-19, 1.40314399169591e-18, 8.76302817132631e-19, 8.556333973013738e-19, 8.665227411974226e-19, 8.89495602389954e-19, 8.766929742075744e-19, 7.675804300426577e-19, 8.43702652337659e-19, 4.491063755563744e-19, 8.486970111608414e-18, 7.9104243781691895e-19, 8.766929742069997e-19, 8.766929742071017e-19, 7.610094455564161e-19, 4.569502752216085e-15, 7.519080776056836e-19, 1.5379746389542654e-15, 8.758949104750998e-19, 4.862053108990095e-19, 8.64450855865591e-19, 5.726045439471797e-19, 8.944526754326016e-19, 7.513452170275568e-19, 7.481930359741559e-16, 8.743582456832044e-19]"
hMpxV/Brazil/SP-IAL-357980969/2024|EPI_ISL_19524874|2024-09-30,"[0.0, 0.0, 1.0, 0.0, 0.0, 0.0, 0.0, 0.0, 0.0, 0.0, 0.0, 0.0, 0.0, 0.0, 0.0, 0.0, 0.0, 0.0, 0.0, 0.0, 0.0, 0.0, 0.0, 0.0, 0.0, 0.0, 0.0, 0.0, 0.0, 0.0, 0.0]"
hMpxV/Brazil/SP-IAL-357928627/2024|EPI_ISL_19446296|2024-09-04,"[0.0, 0.0, 1.0, 0.0, 0.0, 0.0, 0.0, 0.0, 0.0, 0.0, 0.0, 0.0, 0.0, 0.0, 0.0, 0.0, 0.0, 0.0, 0.0, 0.0, 0.0, 0.0, 0.0, 0.0, 0.0, 0.0, 0.0, 0.0, 0.0, 0.0, 0.0]"
hMpxV/Brazil/SP-IAL-357934564/2024|EPI_ISL_19446301|2024-09-09,"[0.0, 0.0, 1.0, 0.0, 0.0, 0.0, 0.0, 0.0, 0.0, 0.0, 0.0, 0.0, 0.0, 0.0, 0.0, 0.0, 0.0, 0.0, 0.0, 0.0, 0.0, 0.0, 0.0, 0.0, 0.0, 0.0, 0.0, 0.0, 0.0, 0.0, 0.0]"
hMpxV/Brazil/SP-IAL-357941922/2024|EPI_ISL_19446305|2024-09-11,"[0.0, 0.0, 0.9999999999999999, 0.0, 0.0, 0.0, 0.0, 0.0, 0.0, 0.0, 0.0, 0.0, 0.0, 0.0, 0.0, 0.0, 0.0, 0.0, 0.0, 0.0, 0.0, 0.0, 0.0, 0.0, 0.0, 0.0, 0.0, 0.0, 0.0, 0.0, 0.0]"
hMpxV/Brazil/SP-IAL-357944650/2024|EPI_ISL_19446308|2024-09-15,"[0.0, 0.0, 1.0, 0.0, 0.0, 0.0, 0.0, 0.0, 0.0, 0.0, 0.0, 0.0, 0.0, 0.0, 0.0, 0.0, 0.0, 0.0, 0.0, 0.0, 0.0, 0.0, 0.0, 0.0, 0.0, 0.0, 0.0, 0.0, 0.0, 0.0, 0.0]"
NODE_0000086,"[4.485691265742755e-08, 8.921229038497223e-09, 0.9999990600369627, 9.014177174081348e-09, 6.154076436177438e-08, 8.967845688074873e-09, 1.0936440644108046e-08, 8.93278043390534e-09, 9.010890591774288e-09, 8.968881542885871e-09, 8.831202938216401e-09, 8.95230274197228e-09, 8.333122935365391e-09, 8.91394208294206e-09, 6.131087737869951e-09, 2.142483151130057e-08, 8.80880983219766e-09, 8.952302741970382e-09, 8.952302741970842e-09, 8.467130974291314e-09, 2.0703871749135527e-07, 8.858960346806201e-09, 2.167297540724308e-07, 8.940286931168792e-09, 6.460422987675924e-09, 8.651728978015472e-09, 7.451532594787625e-09, 8.731942523721517e-09, 8.494224715564009e-09, 1.8077031577375986e-07, 8.918192374387204e-09]"
hMpxV/Brazil/SP-IAL-357996884/2024|EPI_ISL_19524880|2024-10-18,"[0.0, 0.0, 1.0, 0.0, 0.0, 0.0, 0.0, 0.0, 0.0, 0.0, 0.0, 0.0, 0.0, 0.0, 0.0, 0.0, 0.0, 0.0, 0.0, 0.0, 0.0, 0.0, 0.0, 0.0, 0.0, 0.0, 0.0, 0.0, 0.0, 0.0, 0.0]"
hMpxV/Brazil/SP-IAL-357994370/2024|EPI_ISL_19524885|2024-10-16,"[0.0, 0.0, 1.0, 0.0, 0.0, 0.0, 0.0, 0.0, 0.0, 0.0, 0.0, 0.0, 0.0, 0.0, 0.0, 0.0, 0.0, 0.0, 0.0, 0.0, 0.0, 0.0, 0.0, 0.0, 0.0, 0.0, 0.0, 0.0, 0.0, 0.0, 0.0]"
NODE_0000080,"[7.740587518549332e-19, 1.6292845608401598e-20, 0.9999999999999765, 9.66716897482642e-21, 5.9761919454507436e-18, 1.220091396297199e-20, 2.279297614784897e-20, 1.0041044754380603e-20, 9.689982613026644e-21, 9.91474709305109e-21, 1.0307100975467566e-20, 1.0041873750319342e-20, 8.622442985156606e-21, 1.2768081431495835e-20, 6.280948070830133e-21, 6.7611234915224245e-19, 9.573098480353709e-21, 1.0041873750312779e-20, 1.0041873750314758e-20, 1.1278135465922003e-20, 2.3313904570469157e-14, 8.197146825674767e-21, 6.658042186916796e-17, 1.003275914445698e-20, 5.463472947108759e-21, 1.01383221555446e-20, 6.180974415653417e-21, 1.056971061164708e-20, 8.346969265250628e-21, 1.2356560965552538e-16, 1.0015583198243594e-20]"
hMpxV/Brazil/RJ-UG_UFRJ_0554/2024|EPI_ISL_19434498|2024-08-21,"[0.0, 0.0, 1.0, 0.0, 0.0, 0.0, 0.0, 0.0, 0.0, 0.0, 0.0, 0.0, 0.0, 0.0, 0.0, 0.0, 0.0, 0.0, 0.0, 0.0, 0.0, 0.0, 0.0, 0.0, 0.0, 0.0, 0.0, 0.0, 0.0, 0.0, 0.0]"
hMpxV/Brazil/SP-IAL-357897410/2024|EPI_ISL_19372760|2024-08-13,"[0.0, 0.0, 1.0, 0.0, 0.0, 0.0, 0.0, 0.0, 0.0, 0.0, 0.0, 0.0, 0.0, 0.0, 0.0, 0.0, 0.0, 0.0, 0.0, 0.0, 0.0, 0.0, 0.0, 0.0, 0.0, 0.0, 0.0, 0.0, 0.0, 0.0, 0.0]"
hMpxV/Brazil/SP-IAL-357901450/2024|EPI_ISL_19372766|2024-08-18,"[0.0, 0.0, 1.0, 0.0, 0.0, 0.0, 0.0, 0.0, 0.0, 0.0, 0.0, 0.0, 0.0, 0.0, 0.0, 0.0, 0.0, 0.0, 0.0, 0.0, 0.0, 0.0, 0.0, 0.0, 0.0, 0.0, 0.0, 0.0, 0.0, 0.0, 0.0]"
hMpxV/Peru/LIM-INS-579/2024|EPI_ISL_19564180|2024-10-07,"[0.0, 0.0, 0.0, 0.0, 0.0, 0.0, 0.0, 0.0, 0.0, 0.0, 0.0, 0.0, 0.0, 0.0, 0.0, 0.0, 0.0, 0.0, 0.0, 0.0, 0.9999999999999999, 0.0, 0.0, 0.0, 0.0, 0.0, 0.0, 0.0, 0.0, 0.0, 0.0]"
hMpxV/Brazil/SP-IAL-357981061/2024|EPI_ISL_19524872|2024-10-06,"[0.0, 0.0, 1.0, 0.0, 0.0, 0.0, 0.0, 0.0, 0.0, 0.0, 0.0, 0.0, 0.0, 0.0, 0.0, 0.0, 0.0, 0.0, 0.0, 0.0, 0.0, 0.0, 0.0, 0.0, 0.0, 0.0, 0.0, 0.0, 0.0, 0.0, 0.0]"
hMpxV/Brazil/SP-IAL-357938508/2024|EPI_ISL_19446303|2024-09-10,"[0.0, 0.0, 1.0, 0.0, 0.0, 0.0, 0.0, 0.0, 0.0, 0.0, 0.0, 0.0, 0.0, 0.0, 0.0, 0.0, 0.0, 0.0, 0.0, 0.0, 0.0, 0.0, 0.0, 0.0, 0.0, 0.0, 0.0, 0.0, 0.0, 0.0, 0.0]"
hMpxV/Brazil/SP-IAL-357949045/2024|EPI_ISL_19446312|2024-09-17,"[0.0, 0.0, 1.0, 0.0, 0.0, 0.0, 0.0, 0.0, 0.0, 0.0, 0.0, 0.0, 0.0, 0.0, 0.0, 0.0, 0.0, 0.0, 0.0, 0.0, 0.0, 0.0, 0.0, 0.0, 0.0, 0.0, 0.0, 0.0, 0.0, 0.0, 0.0]"
NODE_0000081,"[5.3794315627891945e-12, 5.994629946177153e-13, 0.9999999998193313, 6.02852231280299e-13, 8.664077972531732e-12, 6.021118328644924e-13, 7.991627773144441e-13, 6.036786740173857e-13, 6.02966567951427e-13, 6.006869594213592e-13, 6.015529654486985e-13, 6.04547644712018e-13, 5.528898800510332e-13, 5.871329050075979e-13, 3.7744907439720666e-13, 2.130095489692316e-12, 5.662395644498631e-13, 6.045476447114273e-13, 6.045476447116355e-13, 5.545174928771033e-13, 6.599345007502834e-11, 5.734398102238476e-13, 5.044218699508597e-11, 6.038976225011614e-13, 3.8132985545568267e-13, 5.859942001788026e-13, 4.688816127157882e-13, 5.960375226509594e-13, 5.56893669710719e-13, 3.4225976932941184e-11, 6.0265763194655e-13]"
hMpxV/Brazil/SP-IAL-357890330/2024|EPI_ISL_19372759|2024-08-07,"[0.0, 0.0, 1.0, 0.0, 0.0, 0.0, 0.0, 0.0, 0.0, 0.0, 0.0, 0.0, 0.0, 0.0, 0.0, 0.0, 0.0, 0.0, 0.0, 0.0, 0.0, 0.0, 0.0, 0.0, 0.0, 0.0, 0.0, 0.0, 0.0, 0.0, 0.0]"
hMpxV/Brazil/SP-IAL-357903502/2024|EPI_ISL_19372771|2024-08-19,"[0.0, 0.0, 0.9999999999999999, 0.0, 0.0, 0.0, 0.0, 0.0, 0.0, 0.0, 0.0, 0.0, 0.0, 0.0, 0.0, 0.0, 0.0, 0.0, 0.0, 0.0, 0.0, 0.0, 0.0, 0.0, 0.0, 0.0, 0.0, 0.0, 0.0, 0.0, 0.0]"
hMpxV/Brazil/SP-IAL-357909240/2024|EPI_ISL_19372773|2024-08-21,"[0.0, 0.0, 1.0, 0.0, 0.0, 0.0, 0.0, 0.0, 0.0, 0.0, 0.0, 0.0, 0.0, 0.0, 0.0, 0.0, 0.0, 0.0, 0.0, 0.0, 0.0, 0.0, 0.0, 0.0, 0.0, 0.0, 0.0, 0.0, 0.0, 0.0, 0.0]"
NODE_0000015,"[8.15538077916841e-16, 1.015674918165784e-15, 2.826751673881252e-14, 1.0421102446032178e-15, 8.30960360405749e-16, 1.0289067243356665e-15, 1.039566946338612e-15, 1.1237398732791448e-14, 2.795740025266289e-10, 5.8475576117709576e-15, 2.714838689976358e-15, 1.0475015526862687e-15, 9.105981931141536e-15, 5.5394520192619416e-14, 1.001095853999906e-15, 4.764008944467682e-16, 1.189794896080461e-13, 1.0475015526913409e-15, 1.0475015526934065e-15, 3.23453635347987e-15, 1.3800804893015191e-15, 9.484549456423862e-16, 0.020197670950543315, 7.462004229246571e-15, 0.9798023287695853, 9.616964338657378e-16, 1.2663311346637479e-14, 1.0244608374810067e-15, 8.685620644977261e-16, 1.6403958242699725e-15, 2.52783470147371e-14]"
hMpxV/China/SZ-CDC/Strain069,"[0.0, 0.0, 0.0, 0.0, 0.0, 0.0, 0.0, 0.0, 0.0, 0.0, 0.0, 0.0, 0.0, 0.0, 0.0, 0.0, 0.0, 0.0, 0.0, 0.0, 0.0, 0.0, 0.0, 0.0, 1.0, 0.0, 0.0, 0.0, 0.0, 0.0, 0.0]"
hMpxV/Portugal/INSA-PT0629/2023|EPI_ISL_18044983|2023-06-20,"[0.0, 0.0, 0.0, 0.0, 0.0, 0.0, 0.0, 0.0, 0.0, 0.0, 0.0, 0.0, 0.0, 0.0, 0.0, 0.0, 0.0, 0.0, 0.0, 0.0, 0.0, 0.0, 1.0, 0.0, 0.0, 0.0, 0.0, 0.0, 0.0, 0.0, 0.0]"
hMpxV/China/GZ-GCDC_M011/2023|EPI_ISL_19058867|2023-06-07,"[0.0, 0.0, 0.0, 0.0, 0.0, 0.0, 0.0, 0.0, 0.9999999999999999, 0.0, 0.0, 0.0, 0.0, 0.0, 0.0, 0.0, 0.0, 0.0, 0.0, 0.0, 0.0, 0.0, 0.0, 0.0, 0.0, 0.0, 0.0, 0.0, 0.0, 0.0, 0.0]"
hMpxV/Portugal/INSA-PT0691/2023|EPI_ISL_18553837|2023-07-15,"[0.0, 0.0, 0.0, 0.0, 0.0, 0.0, 0.0, 0.0, 0.0, 0.0, 0.0, 0.0, 0.0, 0.0, 0.0, 0.0, 0.0, 0.0, 0.0, 0.0, 0.0, 0.0, 1.0, 0.0, 0.0, 0.0, 0.0, 0.0, 0.0, 0.0, 0.0]"
hMpxV/Portugal/INSA-PT0660/2023|EPI_ISL_18228621|2023-07-26,"[0.0, 0.0, 0.0, 0.0, 0.0, 0.0, 0.0, 0.0, 0.0, 0.0, 0.0, 0.0, 0.0, 0.0, 0.0, 0.0, 0.0, 0.0, 0.0, 0.0, 0.0, 0.0, 1.0, 0.0, 0.0, 0.0, 0.0, 0.0, 0.0, 0.0, 0.0]"
NODE_0000033,"[1.02542259426793e-05, 6.32926816899775e-06, 4.347889833821918e-06, 6.5083455948079805e-06, 5.6484961633357155e-06, 6.3960177567172775e-06, 6.3142920465563795e-06, 2.9897205817694886e-05, 5.068417041657867e-05, 6.7466209628912976e-06, 1.1573230258218284e-05, 6.382175707319249e-06, 2.7669057226266266e-05, 7.37582782865999e-06, 9.128878492741259e-06, 4.489381410537423e-06, 7.769672181544237e-06, 6.382175707319398e-06, 6.382175707319375e-06, 6.305565410477071e-06, 1.983628147500187e-06, 6.76022774849637e-06, 0.0007437989948821883, 1.5479380167217336e-05, 0.9988879880413015, 6.048757242434717e-06, 4.1706196019239384e-05, 6.0804858308151745e-06, 6.282647700561439e-06, 6.159791974654552e-06, 5.112717635044322e-05]"
hMpxV/China/SZ-CDC/Strain076,"[0.0, 0.0, 0.0, 0.0, 0.0, 0.0, 0.0, 0.0, 0.0, 0.0, 0.0, 0.0, 0.0, 0.0, 0.0, 0.0, 0.0, 0.0, 0.0, 0.0, 0.0, 0.0, 0.0, 0.0, 1.0, 0.0, 0.0, 0.0, 0.0, 0.0, 0.0]"
hMpxV/China/SZ-CDC/Strain122,"[0.0, 0.0, 0.0, 0.0, 0.0, 0.0, 0.0, 0.0, 0.0, 0.0, 0.0, 0.0, 0.0, 0.0, 0.0, 0.0, 0.0, 0.0, 0.0, 0.0, 0.0, 0.0, 0.0, 0.0, 1.0, 0.0, 0.0, 0.0, 0.0, 0.0, 0.0]"
NODE_0000016,"[1.1443607323619607e-11, 9.151277135414283e-12, 1.0406834047548052e-11, 9.43717222071267e-12, 7.723417396893438e-12, 9.273597315361589e-12, 9.21318095143149e-12, 6.738930023258817e-11, 1.0407214291822032e-09, 1.4247713015458428e-11, 2.002396236568568e-11, 9.323055023746626e-12, 5.832065334235915e-11, 2.4280378000439324e-11, 1.1546099586249674e-11, 5.336405785729131e-12, 2.9282557302830387e-11, 9.323055023763801e-12, 9.323055023760769e-12, 1.1522644198868825e-11, 3.4367500135409974e-12, 9.360440641903331e-12, 2.8981832404582446e-05, 1.0718940934667605e-07, 0.9999709093294257, 8.683226775806535e-12, 8.987407052676037e-11, 8.85976147015555e-12, 8.601846653876678e-12, 6.530151234039143e-12, 1.361247413733782e-10]"
hMpxV/China/SZ-CDC/Strain152,"[0.0, 0.0, 0.0, 0.0, 0.0, 0.0, 0.0, 0.0, 0.0, 0.0, 0.0, 0.0, 0.0, 0.0, 0.0, 0.0, 0.0, 0.0, 0.0, 0.0, 0.0, 0.0, 0.0, 0.0, 1.0, 0.0, 0.0, 0.0, 0.0, 0.0, 0.0]"
hMpxV/China/SZ-CDC/Strain177,"[0.0, 0.0, 0.0, 0.0, 0.0, 0.0, 0.0, 0.0, 0.0, 0.0, 0.0, 0.0, 0.0, 0.0, 0.0, 0.0, 0.0, 0.0, 0.0, 0.0, 0.0, 0.0, 0.0, 0.0, 0.9999999999999999, 0.0, 0.0, 0.0, 0.0, 0.0, 0.0]"
NODE_0000028,"[7.083430899995014e-08, 5.5527495029692416e-08, 2.459725585821212e-08, 5.7348411408956725e-08, 4.825921103629107e-08, 5.626164658854119e-08, 5.550281266028607e-08, 2.2058762959236627e-07, 3.6404602555497647e-06, 5.652117794841763e-08, 9.671702998927665e-08, 5.618717941805467e-08, 2.010155034619316e-07, 5.601376265537121e-08, 6.184308319322695e-08, 3.6097656140160156e-08, 5.568593801621999e-08, 5.618717941820274e-08, 5.618717941819867e-08, 5.2249879260700236e-08, 1.4016897905141407e-08, 5.787426672414516e-08, 2.516530620256883e-05, 0.0007982461159304731, 0.9991706959598894, 5.2688211648689376e-08, 2.7272456350432946e-07, 5.315117411205278e-08, 5.337414612212765e-08, 3.190020940930085e-08, 3.42803912694983e-07]"
hMpxV/China/SZ-CDC/Strain005,"[0.0, 0.0, 0.0, 0.0, 0.0, 0.0, 0.0, 0.0, 0.0, 0.0, 0.0, 0.0, 0.0, 0.0, 0.0, 0.0, 0.0, 0.0, 0.0, 0.0, 0.0, 0.0, 0.0, 0.0, 1.0, 0.0, 0.0, 0.0, 0.0, 0.0, 0.0]"
NODE_0000029,"[2.828413371415598e-07, 4.013957526088572e-07, 1.3149902072961284e-07, 4.1860239290567987e-07, 3.337459018519393e-07, 4.0835663171965824e-07, 4.0153727749111696e-07, 8.11565379554675e-07, 0.002386041724410337, 4.085099096824548e-07, 5.251158164627915e-07, 4.079762555489272e-07, 7.138120991213049e-07, 3.983845340209754e-07, 2.7687905303872675e-07, 2.2895797861904689e-07, 3.896669863124308e-07, 4.0797625554960447e-07, 4.0797625554978235e-07, 3.6731212690082526e-07, 7.649185892099626e-08, 4.193828490143738e-07, 1.86280584335265e-06, 0.988872005485329, 0.008728888771820677, 3.750284664925831e-07, 7.406688796644206e-07, 3.798658287054245e-07, 3.770308454918618e-07, 9.918091605773429e-08, 1.0114519872550634e-06]"
hMpxV/China/SZ-GCDC_M026/2023|EPI_ISL_19058864|2023-06-12,"[0.0, 0.0, 0.0, 0.0, 0.0, 0.0, 0.0, 0.0, 0.0, 0.0, 0.0, 0.0, 0.0, 0.0, 0.0, 0.0, 0.0, 0.0, 0.0, 0.0, 0.0, 0.0, 0.0, 1.0, 0.0, 0.0, 0.0, 0.0, 0.0, 0.0, 0.0]"
NODE_0000030,"[3.756374365219517e-07, 5.299117734859914e-07, 1.8154793925889593e-07, 5.525089526347227e-07, 4.423170298188108e-07, 5.389957433250476e-07, 5.297704129890371e-07, 1.029234467922226e-06, 0.00372514388859412, 5.393285091850018e-07, 6.792532878094211e-07, 5.382147695541811e-07, 9.089666669418586e-07, 5.270317312277852e-07, 3.656786075778513e-07, 3.0644991491287764e-07, 5.168656489394762e-07, 5.382147695552081e-07, 5.382147695552933e-07, 4.870848049783909e-07, 1.0307699019617335e-07, 5.553109581263925e-07, 2.2897791280366348e-06, 0.9894655605622596, 0.006792372370439309, 4.953634009515977e-07, 9.430796919277388e-07, 5.012316874851854e-07, 4.996352747512499e-07, 1.3810295189811185e-07, 1.272371386914668e-06]"
hMpxV/China/SZ-GCDC_M024/2023|EPI_ISL_19058869|2023-06-11,"[0.0, 0.0, 0.0, 0.0, 0.0, 0.0, 0.0, 0.0, 0.0, 0.0, 0.0, 0.0, 0.0, 0.0, 0.0, 0.0, 0.0, 0.0, 0.0, 0.0, 0.0, 0.0, 0.0, 1.0, 0.0, 0.0, 0.0, 0.0, 0.0, 0.0, 0.0]"
hMpxV/China/GZ-GCDC_M021/2023|EPI_ISL_19058870|2023-06-11,"[0.0, 0.0, 0.0, 0.0, 0.0, 0.0, 0.0, 0.0, 1.0, 0.0, 0.0, 0.0, 0.0, 0.0, 0.0, 0.0, 0.0, 0.0, 0.0, 0.0, 0.0, 0.0, 0.0, 0.0, 0.0, 0.0, 0.0, 0.0, 0.0, 0.0, 0.0]"
NODE_0000017,"[1.8850534045576146e-22, 2.6249561428180167e-23, 4.499566948597229e-24, 2.6624134204609935e-23, 2.114487456189986e-23, 2.651445327199539e-23, 2.70430277185841e-23, 1.7613734155668192e-20, 1.3676274547580468e-19, 2.923266268852978e-23, 3.8044858312461775e-22, 2.7225307772602836e-23, 1.384252563032578e-20, 3.2658168811963986e-23, 1.8529230622086474e-22, 1.2339029829937346e-23, 3.3088379566437964e-23, 2.722530777261241e-23, 2.7225307772610376e-23, 2.2761491388822408e-23, 6.012079844923096e-24, 2.4520049470379888e-23, 7.651776677693648e-15, 1.2157047718934277e-21, 0.9999999999999922, 2.5387102006339762e-23, 7.029724212591606e-20, 2.6713620110348603e-23, 2.3082280125409397e-23, 1.5925292715036725e-23, 1.5767559217312527e-19]"
hMpxV/China/SZ-CDC/Strain021,"[0.0, 0.0, 0.0, 0.0, 0.0, 0.0, 0.0, 0.0, 0.0, 0.0, 0.0, 0.0, 0.0, 0.0, 0.0, 0.0, 0.0, 0.0, 0.0, 0.0, 0.0, 0.0, 0.0, 0.0, 1.0, 0.0, 0.0, 0.0, 0.0, 0.0, 0.0]"
hMpxV/China/SZ-CDC/Strain036,"[0.0, 0.0, 0.0, 0.0, 0.0, 0.0, 0.0, 0.0, 0.0, 0.0, 0.0, 0.0, 0.0, 0.0, 0.0, 0.0, 0.0, 0.0, 0.0, 0.0, 0.0, 0.0, 0.0, 0.0, 1.0, 0.0, 0.0, 0.0, 0.0, 0.0, 0.0]"
hMpxV/China/SZ-CDC/Strain058,"[0.0, 0.0, 0.0, 0.0, 0.0, 0.0, 0.0, 0.0, 0.0, 0.0, 0.0, 0.0, 0.0, 0.0, 0.0, 0.0, 0.0, 0.0, 0.0, 0.0, 0.0, 0.0, 0.0, 0.0, 1.0, 0.0, 0.0, 0.0, 0.0, 0.0, 0.0]"
hMpxV/China/SZ-CDC/Strain131,"[0.0, 0.0, 0.0, 0.0, 0.0, 0.0, 0.0, 0.0, 0.0, 0.0, 0.0, 0.0, 0.0, 0.0, 0.0, 0.0, 0.0, 0.0, 0.0, 0.0, 0.0, 0.0, 0.0, 0.0, 1.0, 0.0, 0.0, 0.0, 0.0, 0.0, 0.0]"
hMpxV/China/SZ-CDC/Strain159,"[0.0, 0.0, 0.0, 0.0, 0.0, 0.0, 0.0, 0.0, 0.0, 0.0, 0.0, 0.0, 0.0, 0.0, 0.0, 0.0, 0.0, 0.0, 0.0, 0.0, 0.0, 0.0, 0.0, 0.0, 1.0, 0.0, 0.0, 0.0, 0.0, 0.0, 0.0]"
hMpxV/China/SZ-CDC/Strain172,"[0.0, 0.0, 0.0, 0.0, 0.0, 0.0, 0.0, 0.0, 0.0, 0.0, 0.0, 0.0, 0.0, 0.0, 0.0, 0.0, 0.0, 0.0, 0.0, 0.0, 0.0, 0.0, 0.0, 0.0, 1.0, 0.0, 0.0, 0.0, 0.0, 0.0, 0.0]"
hMpxV/China/SZ-CDC/Strain028,"[0.0, 0.0, 0.0, 0.0, 0.0, 0.0, 0.0, 0.0, 0.0, 0.0, 0.0, 0.0, 0.0, 0.0, 0.0, 0.0, 0.0, 0.0, 0.0, 0.0, 0.0, 0.0, 0.0, 0.0, 1.0, 0.0, 0.0, 0.0, 0.0, 0.0, 0.0]"
hMpxV/China/SZ-CDC/Strain135,"[0.0, 0.0, 0.0, 0.0, 0.0, 0.0, 0.0, 0.0, 0.0, 0.0, 0.0, 0.0, 0.0, 0.0, 0.0, 0.0, 0.0, 0.0, 0.0, 0.0, 0.0, 0.0, 0.0, 0.0, 1.0, 0.0, 0.0, 0.0, 0.0, 0.0, 0.0]"
NODE_0000027,"[7.653282104852232e-08, 4.181812739786216e-08, 2.284250012686537e-08, 4.294881570426082e-08, 3.717213775641244e-08, 4.2264800964666326e-08, 4.1797110459864916e-08, 2.675090129188896e-07, 4.876110925024495e-07, 4.308148678775834e-08, 8.811956979511878e-08, 4.222877589919764e-08, 2.470153297796459e-07, 4.4035190886499506e-08, 6.4974884655992e-08, 2.9109229511679143e-08, 4.474422204292576e-08, 4.222877589921112e-08, 4.2228775899208666e-08, 4.024508822847873e-08, 1.2493448387912799e-08, 4.3831197149783374e-08, 7.348531480414295e-06, 1.2333950807907948e-07, 0.9999896273359772, 4.002779512121469e-08, 4.009010391627443e-07, 4.031006681185147e-08, 4.092490321055621e-08, 3.961438880207344e-08, 4.941824476286968e-07]"
hMpxV/China/SZ-CDC/Strain081,"[0.0, 0.0, 0.0, 0.0, 0.0, 0.0, 0.0, 0.0, 0.0, 0.0, 0.0, 0.0, 0.0, 0.0, 0.0, 0.0, 0.0, 0.0, 0.0, 0.0, 0.0, 0.0, 0.0, 0.0, 1.0, 0.0, 0.0, 0.0, 0.0, 0.0, 0.0]"
hMpxV/China/SZ-CDC/Strain192,"[0.0, 0.0, 0.0, 0.0, 0.0, 0.0, 0.0, 0.0, 0.0, 0.0, 0.0, 0.0, 0.0, 0.0, 0.0, 0.0, 0.0, 0.0, 0.0, 0.0, 0.0, 0.0, 0.0, 0.0, 1.0, 0.0, 0.0, 0.0, 0.0, 0.0, 0.0]"
NODE_0000020,"[8.162753209509437e-07, 4.4987932928820355e-07, 2.5272230151252363e-07, 4.6210556771070174e-07, 3.9971252560038317e-07, 4.5468859465880225e-07, 4.496000247710258e-07, 2.844116062132487e-06, 5.184192862581281e-06, 4.6567041696806817e-07, 9.400532208370017e-07, 4.542823711974491e-07, 2.6243951934512073e-06, 4.806159255142393e-07, 7.003543749612615e-07, 3.1318381378862575e-07, 4.916389487204625e-07, 4.5428237119747566e-07, 4.542823711974687e-07, 4.346484362784412e-07, 1.3506215345437083e-07, 4.72927193605622e-07, 7.849161839621422e-05, 1.3143945341580232e-06, 0.9998892216297962, 4.3054829689834336e-07, 4.251905588730722e-06, 4.3345609803470437e-07, 4.410538021116216e-07, 4.256154146046192e-07, 5.255088692807813e-06]"
hMpxV/China/SZ-CDC/Strain191,"[0.0, 0.0, 0.0, 0.0, 0.0, 0.0, 0.0, 0.0, 0.0, 0.0, 0.0, 0.0, 0.0, 0.0, 0.0, 0.0, 0.0, 0.0, 0.0, 0.0, 0.0, 0.0, 0.0, 0.0, 1.0, 0.0, 0.0, 0.0, 0.0, 0.0, 0.0]"
NODE_0000022,"[1.1587338113633553e-08, 5.9875847776770195e-09, 3.022595108588954e-09, 6.145445086999594e-09, 5.3150851007005175e-09, 6.0518105406087945e-09, 5.990325478158954e-09, 4.425997050415211e-08, 8.358942442674377e-08, 6.116311116521393e-09, 1.349975750477735e-08, 6.050519895916061e-09, 4.083490742508405e-08, 6.141581356166327e-09, 9.597165825418982e-09, 4.130485408284584e-09, 6.1674244202310754e-09, 6.0505198959188644e-09, 6.050519895918251e-09, 5.700034199175093e-09, 1.7640780178953525e-09, 6.212845896817755e-09, 1.4957736269871667e-06, 1.930347078721927e-08, 0.9999980181335293, 5.735645728442695e-09, 6.866238625567686e-08, 5.783381671334435e-09, 5.8144707549629045e-09, 5.648099133538439e-09, 8.487965925080578e-08]"
hMpxV/China/SZ-CDC/Strain121,"[0.0, 0.0, 0.0, 0.0, 0.0, 0.0, 0.0, 0.0, 0.0, 0.0, 0.0, 0.0, 0.0, 0.0, 0.0, 0.0, 0.0, 0.0, 0.0, 0.0, 0.0, 0.0, 0.0, 0.0, 1.0, 0.0, 0.0, 0.0, 0.0, 0.0, 0.0]"
hMpxV/China/SZ-CDC/Strain196,"[0.0, 0.0, 0.0, 0.0, 0.0, 0.0, 0.0, 0.0, 0.0, 0.0, 0.0, 0.0, 0.0, 0.0, 0.0, 0.0, 0.0, 0.0, 0.0, 0.0, 0.0, 0.0, 0.0, 0.0, 1.0, 0.0, 0.0, 0.0, 0.0, 0.0, 0.0]"
NODE_0000034,"[1.8477599346984054e-35, 1.3868758606373107e-34, 3.3957862111762425e-29, 1.4158601111868736e-34, 1.093671886993019e-34, 1.4043133586351981e-34, 1.4464414575267635e-34, 2.7828992465091132e-34, 4.9801350450466045e-34, 2.1532798826352476e-32, 1.8580215349533202e-34, 1.4499383564700182e-34, 2.282274194859274e-34, 1.645367840270718e-29, 3.6782697854037217e-35, 5.076881694086001e-35, 4.015986131196446e-28, 1.4499383564734182e-34, 1.449938356472655e-34, 5.2519808943493775e-33, 7.578467370705016e-33, 1.1590694521501524e-34, 1.0, 2.0758231353133953e-34, 1.3878493720602384e-22, 1.308810617902552e-34, 1.3104228728167177e-34, 1.603436900568661e-34, 1.0504961241845582e-34, 4.29195448832186e-33, 3.5858312463871494e-34]"
hMpxV/Portugal/INSA-PT0769/2023|EPI_ISL_18702222|2023-10-12,"[0.0, 0.0, 0.0, 0.0, 0.0, 0.0, 0.0, 0.0, 0.0, 0.0, 0.0, 0.0, 0.0, 0.0, 0.0, 0.0, 0.0, 0.0, 0.0, 0.0, 0.0, 0.0, 1.0, 0.0, 0.0, 0.0, 0.0, 0.0, 0.0, 0.0, 0.0]"
hMpxV/Portugal/INSA-PT0774/2023|EPI_ISL_18702226|2023-10-18,"[0.0, 0.0, 0.0, 0.0, 0.0, 0.0, 0.0, 0.0, 0.0, 0.0, 0.0, 0.0, 0.0, 0.0, 0.0, 0.0, 0.0, 0.0, 0.0, 0.0, 0.0, 0.0, 1.0, 0.0, 0.0, 0.0, 0.0, 0.0, 0.0, 0.0, 0.0]"
hMpxV/Portugal/INSA-PT0748/2023|EPI_ISL_18702230|2023-09-29,"[0.0, 0.0, 0.0, 0.0, 0.0, 0.0, 0.0, 0.0, 0.0, 0.0, 0.0, 0.0, 0.0, 0.0, 0.0, 0.0, 0.0, 0.0, 0.0, 0.0, 0.0, 0.0, 1.0, 0.0, 0.0, 0.0, 0.0, 0.0, 0.0, 0.0, 0.0]"
hMpxV/Portugal/INSA-PT0738/2023|EPI_ISL_18702236|2023-09-22,"[0.0, 0.0, 0.0, 0.0, 0.0, 0.0, 0.0, 0.0, 0.0, 0.0, 0.0, 0.0, 0.0, 0.0, 0.0, 0.0, 0.0, 0.0, 0.0, 0.0, 0.0, 0.0, 1.0, 0.0, 0.0, 0.0, 0.0, 0.0, 0.0, 0.0, 0.0]"
hMpxV/Portugal/INSA-PT0759/2023|EPI_ISL_18702238|2023-10-10,"[0.0, 0.0, 0.0, 0.0, 0.0, 0.0, 0.0, 0.0, 0.0, 0.0, 0.0, 0.0, 0.0, 0.0, 0.0, 0.0, 0.0, 0.0, 0.0, 0.0, 0.0, 0.0, 0.9999999999999999, 0.0, 0.0, 0.0, 0.0, 0.0, 0.0, 0.0, 0.0]"
hMpxV/Portugal/INSA-PT0784/2023|EPI_ISL_18702240|2023-11-01,"[0.0, 0.0, 0.0, 0.0, 0.0, 0.0, 0.0, 0.0, 0.0, 0.0, 0.0, 0.0, 0.0, 0.0, 0.0, 0.0, 0.0, 0.0, 0.0, 0.0, 0.0, 0.0, 0.9999999999999999, 0.0, 0.0, 0.0, 0.0, 0.0, 0.0, 0.0, 0.0]"
hMpxV/Portugal/INSA-PT0754/2023|EPI_ISL_18702244|2023-10-04,"[0.0, 0.0, 0.0, 0.0, 0.0, 0.0, 0.0, 0.0, 0.0, 0.0, 0.0, 0.0, 0.0, 0.0, 0.0, 0.0, 0.0, 0.0, 0.0, 0.0, 0.0, 0.0, 1.0, 0.0, 0.0, 0.0, 0.0, 0.0, 0.0, 0.0, 0.0]"
hMpxV/Portugal/INSA-PT0752/2023|EPI_ISL_18702247|2023-10-03,"[0.0, 0.0, 0.0, 0.0, 0.0, 0.0, 0.0, 0.0, 0.0, 0.0, 0.0, 0.0, 0.0, 0.0, 0.0, 0.0, 0.0, 0.0, 0.0, 0.0, 0.0, 0.0, 0.9999999999999999, 0.0, 0.0, 0.0, 0.0, 0.0, 0.0, 0.0, 0.0]"
hMpxV/Portugal/INSA-PT0776/2023|EPI_ISL_18702249|2023-10-20,"[0.0, 0.0, 0.0, 0.0, 0.0, 0.0, 0.0, 0.0, 0.0, 0.0, 0.0, 0.0, 0.0, 0.0, 0.0, 0.0, 0.0, 0.0, 0.0, 0.0, 0.0, 0.0, 1.0, 0.0, 0.0, 0.0, 0.0, 0.0, 0.0, 0.0, 0.0]"
hMpxV/Portugal/INSA-PT0736/2023|EPI_ISL_18702255|2023-09-19,"[0.0, 0.0, 0.0, 0.0, 0.0, 0.0, 0.0, 0.0, 0.0, 0.0, 0.0, 0.0, 0.0, 0.0, 0.0, 0.0, 0.0, 0.0, 0.0, 0.0, 0.0, 0.0, 1.0, 0.0, 0.0, 0.0, 0.0, 0.0, 0.0, 0.0, 0.0]"
hMpxV/Portugal/INSA-PT0727/2023|EPI_ISL_18553826|2023-09-12,"[0.0, 0.0, 0.0, 0.0, 0.0, 0.0, 0.0, 0.0, 0.0, 0.0, 0.0, 0.0, 0.0, 0.0, 0.0, 0.0, 0.0, 0.0, 0.0, 0.0, 0.0, 0.0, 1.0, 0.0, 0.0, 0.0, 0.0, 0.0, 0.0, 0.0, 0.0]"
hMpxV/Portugal/INSA-PT0724/2023|EPI_ISL_18553813|2023-09-08,"[0.0, 0.0, 0.0, 0.0, 0.0, 0.0, 0.0, 0.0, 0.0, 0.0, 0.0, 0.0, 0.0, 0.0, 0.0, 0.0, 0.0, 0.0, 0.0, 0.0, 0.0, 0.0, 1.0, 0.0, 0.0, 0.0, 0.0, 0.0, 0.0, 0.0, 0.0]"
hMpxV/Netherlands/un-EMC-NL110/2024|EPI_ISL_19470168|2024-08-07,"[0.0, 0.0, 0.0, 0.0, 0.0, 0.0, 0.0, 0.0, 0.0, 0.0, 0.0, 0.0, 0.0, 0.0, 0.0, 0.0, 1.0, 0.0, 0.0, 0.0, 0.0, 0.0, 0.0, 0.0, 0.0, 0.0, 0.0, 0.0, 0.0, 0.0, 0.0]"
NODE_0000042,"[1.1701921605353458e-11, 2.0612079254182316e-11, 6.853850489486534e-10, 2.1217643346472405e-11, 1.827513711250236e-11, 2.084850138327953e-11, 2.0647347836133063e-11, 2.177281389374848e-11, 2.5149818387348554e-11, 8.651520643780287e-11, 2.062588530786849e-11, 2.083892297904665e-11, 1.9903560163826387e-11, 5.42564969341096e-10, 1.2267999122844918e-11, 1.3584276653957137e-11, 1.0501185079151447e-09, 2.083892297908916e-11, 2.0838922979080416e-11, 5.852202345190525e-11, 2.964832555135513e-11, 2.111339193890216e-11, 0.999999978909162, 2.130683509886618e-11, 1.8148353566701618e-08, 1.9586722605674128e-11, 1.731622004910413e-11, 2.0024230372288453e-11, 1.9499115743082624e-11, 5.953160504899868e-11, 2.222858805807655e-11]"
hMpxV/Portugal/INSA-PT0814/2024|EPI_ISL_18993959|2024-01-15,"[0.0, 0.0, 0.0, 0.0, 0.0, 0.0, 0.0, 0.0, 0.0, 0.0, 0.0, 0.0, 0.0, 0.0, 0.0, 0.0, 0.0, 0.0, 0.0, 0.0, 0.0, 0.0, 1.0, 0.0, 0.0, 0.0, 0.0, 0.0, 0.0, 0.0, 0.0]"
hMpxV/Portugal/INSA-PT0807/2023|EPI_ISL_18993961|2023-12-27,"[0.0, 0.0, 0.0, 0.0, 0.0, 0.0, 0.0, 0.0, 0.0, 0.0, 0.0, 0.0, 0.0, 0.0, 0.0, 0.0, 0.0, 0.0, 0.0, 0.0, 0.0, 0.0, 0.9999999999999999, 0.0, 0.0, 0.0, 0.0, 0.0, 0.0, 0.0, 0.0]"
hMpxV/Portugal/INSA-PT0809/2023|EPI_ISL_18993967|2023-12-21,"[0.0, 0.0, 0.0, 0.0, 0.0, 0.0, 0.0, 0.0, 0.0, 0.0, 0.0, 0.0, 0.0, 0.0, 0.0, 0.0, 0.0, 0.0, 0.0, 0.0, 0.0, 0.0, 1.0, 0.0, 0.0, 0.0, 0.0, 0.0, 0.0, 0.0, 0.0]"
NODE_0000036,"[7.071207971551824e-28, 3.421820244074126e-27, 3.654100105018848e-23, 3.509475937958703e-27, 2.7995854417994153e-27, 3.4680378092253354e-27, 3.507652457165294e-27, 3.841876789126039e-27, 5.238861802947418e-27, 1.4724475477909788e-25, 3.600006315006496e-27, 3.530048743195717e-27, 3.1119931553834236e-27, 1.7148641408852516e-23, 1.089684224708857e-27, 1.582889643352813e-27, 9.081831861093067e-23, 3.530048743204795e-27, 3.530048743202979e-27, 5.266510789663468e-26, 5.400591787993019e-26, 3.092799857536324e-27, 1.0, 3.681926855775176e-27, 1.8000840187788376e-19, 3.238437059997598e-27, 2.048916442532636e-27, 3.462016976672897e-27, 2.8391388057842137e-27, 4.5431765116084836e-26, 3.995609086628445e-27]"
hMpxV/Portugal/INSA-PT0739/2023|EPI_ISL_18702212|2023-09-24,"[0.0, 0.0, 0.0, 0.0, 0.0, 0.0, 0.0, 0.0, 0.0, 0.0, 0.0, 0.0, 0.0, 0.0, 0.0, 0.0, 0.0, 0.0, 0.0, 0.0, 0.0, 0.0, 0.9999999999999999, 0.0, 0.0, 0.0, 0.0, 0.0, 0.0, 0.0, 0.0]"
hMpxV/Portugal/INSA-PT0793/2023|EPI_ISL_18702221|2023-11-07,"[0.0, 0.0, 0.0, 0.0, 0.0, 0.0, 0.0, 0.0, 0.0, 0.0, 0.0, 0.0, 0.0, 0.0, 0.0, 0.0, 0.0, 0.0, 0.0, 0.0, 0.0, 0.0, 1.0, 0.0, 0.0, 0.0, 0.0, 0.0, 0.0, 0.0, 0.0]"
hMpxV/Portugal/INSA-PT0744/2023|EPI_ISL_18702231|2023-09-26,"[0.0, 0.0, 0.0, 0.0, 0.0, 0.0, 0.0, 0.0, 0.0, 0.0, 0.0, 0.0, 0.0, 0.0, 0.0, 0.0, 0.0, 0.0, 0.0, 0.0, 0.0, 0.0, 1.0, 0.0, 0.0, 0.0, 0.0, 0.0, 0.0, 0.0, 0.0]"
hMpxV/Portugal/INSA-PT0740/2023|EPI_ISL_18702250|2023-09-22,"[0.0, 0.0, 0.0, 0.0, 0.0, 0.0, 0.0, 0.0, 0.0, 0.0, 0.0, 0.0, 0.0, 0.0, 0.0, 0.0, 0.0, 0.0, 0.0, 0.0, 0.0, 0.0, 1.0, 0.0, 0.0, 0.0, 0.0, 0.0, 0.0, 0.0, 0.0]"
hMpxV/Portugal/INSA-PT0771/2023|EPI_ISL_18702256|2023-10-12,"[0.0, 0.0, 0.0, 0.0, 0.0, 0.0, 0.0, 0.0, 0.0, 0.0, 0.0, 0.0, 0.0, 0.0, 0.0, 0.0, 0.0, 0.0, 0.0, 0.0, 0.0, 0.0, 1.0, 0.0, 0.0, 0.0, 0.0, 0.0, 0.0, 0.0, 0.0]"
NODE_0000038,"[1.8306379153070463e-09, 2.8567861237915032e-09, 4.388322179395503e-08, 2.9438229484742707e-09, 2.5421727451859525e-09, 2.8901316319268943e-09, 2.852636244004485e-09, 2.9480030274706225e-09, 3.314337219547169e-09, 8.917220796521197e-09, 2.8267299270606945e-09, 2.8820617542016242e-09, 2.728837590578201e-09, 3.759217950400003e-08, 1.8306902820336763e-09, 1.9585957344858216e-09, 6.355179347549627e-08, 2.8820617542072644e-09, 2.8820617542061055e-09, 6.552628469999674e-09, 3.0449110307069183e-09, 2.9756879202470072e-09, 0.999999211709774, 2.9148514073980004e-09, 5.583085220167084e-07, 2.716327233286649e-09, 2.459266281798674e-09, 2.750511972753872e-09, 2.751949145372125e-09, 6.721607474405344e-09, 2.979980707196996e-09]"
hMpxV/Portugal/INSA-PT0800/2023|EPI_ISL_18702209|2023-11-18,"[0.0, 0.0, 0.0, 0.0, 0.0, 0.0, 0.0, 0.0, 0.0, 0.0, 0.0, 0.0, 0.0, 0.0, 0.0, 0.0, 0.0, 0.0, 0.0, 0.0, 0.0, 0.0, 1.0, 0.0, 0.0, 0.0, 0.0, 0.0, 0.0, 0.0, 0.0]"
hMpxV/Portugal/INSA-PT0787/2023|EPI_ISL_18702223|2023-11-02,"[0.0, 0.0, 0.0, 0.0, 0.0, 0.0, 0.0, 0.0, 0.0, 0.0, 0.0, 0.0, 0.0, 0.0, 0.0, 0.0, 0.0, 0.0, 0.0, 0.0, 0.0, 0.0, 1.0, 0.0, 0.0, 0.0, 0.0, 0.0, 0.0, 0.0, 0.0]"
NODE_0000041,"[6.532433664540758e-10, 1.0407069132220047e-09, 1.7104005615004445e-08, 1.0727113904579145e-09, 9.214727913607655e-10, 1.0531759330113607e-09, 1.0394421599084677e-09, 1.0648501829300361e-09, 1.1959012498194355e-09, 3.365032474972769e-09, 1.0275445650333984e-09, 1.0505078339660957e-09, 9.819692119440602e-10, 1.4622505279933704e-08, 6.58437699808301e-10, 7.072867228490957e-10, 2.4993187206154963e-08, 1.0505078339681783e-09, 1.0505078339677447e-09, 2.4516240202312135e-09, 1.1540444623424368e-09, 1.0825523557657593e-09, 0.9999996846980005, 1.0575407708558922e-09, 2.2746699543411382e-07, 9.895586539209854e-10, 8.803363760473705e-10, 1.0004594283247231e-09, 1.0013543184480413e-09, 2.492908249293271e-09, 1.0716291370192537e-09]"
hMpxV/Portugal/INSA-PT0767/2023|EPI_ISL_18702237|2023-10-13,"[0.0, 0.0, 0.0, 0.0, 0.0, 0.0, 0.0, 0.0, 0.0, 0.0, 0.0, 0.0, 0.0, 0.0, 0.0, 0.0, 0.0, 0.0, 0.0, 0.0, 0.0, 0.0, 1.0, 0.0, 0.0, 0.0, 0.0, 0.0, 0.0, 0.0, 0.0]"
hMpxV/Portugal/INSA-PT0781/2023|EPI_ISL_18702251|2023-10-26,"[0.0, 0.0, 0.0, 0.0, 0.0, 0.0, 0.0, 0.0, 0.0, 0.0, 0.0, 0.0, 0.0, 0.0, 0.0, 0.0, 0.0, 0.0, 0.0, 0.0, 0.0, 0.0, 1.0, 0.0, 0.0, 0.0, 0.0, 0.0, 0.0, 0.0, 0.0]"
NODE_0000037,"[1.0194999278981915e-09, 1.1276829375570578e-09, 4.185247663515564e-07, 1.1488432198799726e-09, 1.564068564443294e-09, 1.1370175957938146e-09, 1.1705299399617702e-09, 1.1538116131878684e-09, 1.2907572393192737e-09, 3.5576525596091773e-09, 1.1129403877925767e-09, 1.1309339977807302e-09, 1.0555852333292962e-09, 1.5339479083118142e-08, 6.881826524854962e-10, 9.970383572381966e-10, 2.613590601454083e-08, 1.130933997782942e-09, 1.1309339977824816e-09, 2.578779951592458e-09, 3.1115537010840483e-09, 1.1401845975872741e-09, 0.9999992658338731, 1.1421446000897722e-09, 2.34984322879823e-07, 1.0740346072691066e-09, 9.216676114527079e-10, 1.090838962549789e-09, 1.0608238915484672e-09, 5.480617057475129e-09, 1.1645952035003147e-09]"
hMpxV/Brazil/SP-IAL-357531200/2024|EPI_ISL_19359677|2024-02-27,"[0.0, 0.0, 1.0, 0.0, 0.0, 0.0, 0.0, 0.0, 0.0, 0.0, 0.0, 0.0, 0.0, 0.0, 0.0, 0.0, 0.0, 0.0, 0.0, 0.0, 0.0, 0.0, 0.0, 0.0, 0.0, 0.0, 0.0, 0.0, 0.0, 0.0, 0.0]"
hMpxV/Portugal/INSA-PT0772/2023|EPI_ISL_18702224|2023-10-12,"[0.0, 0.0, 0.0, 0.0, 0.0, 0.0, 0.0, 0.0, 0.0, 0.0, 0.0, 0.0, 0.0, 0.0, 0.0, 0.0, 0.0, 0.0, 0.0, 0.0, 0.0, 0.0, 1.0, 0.0, 0.0, 0.0, 0.0, 0.0, 0.0, 0.0, 0.0]"
hMpxV/Portugal/INSA-PT0794/2023|EPI_ISL_18702227|2023-11-09,"[0.0, 0.0, 0.0, 0.0, 0.0, 0.0, 0.0, 0.0, 0.0, 0.0, 0.0, 0.0, 0.0, 0.0, 0.0, 0.0, 0.0, 0.0, 0.0, 0.0, 0.0, 0.0, 1.0, 0.0, 0.0, 0.0, 0.0, 0.0, 0.0, 0.0, 0.0]"
NODE_0000039,"[4.42652239732981e-18, 1.1109787125847445e-17, 2.719320854296422e-15, 1.1423794010434235e-17, 9.557973618623551e-18, 1.1246695338499809e-17, 1.121764649590801e-17, 1.1929062012717083e-17, 1.457187673337246e-17, 1.0488101231890678e-16, 1.129556882686178e-17, 1.1312863492263807e-17, 1.044632062410525e-17, 1.804426701233467e-15, 5.308624219725136e-18, 6.461487515755769e-18, 4.947578976993528e-15, 1.1312863492307918e-17, 1.1312863492298816e-17, 5.685544393032792e-17, 3.685393290361307e-17, 1.0897454933901522e-17, 0.9999999999995554, 1.1616676825528784e-17, 4.349083367149684e-13, 1.0542450781992164e-17, 8.249051301660339e-18, 1.0933200226687848e-17, 1.0045222190204654e-17, 5.4371694629151225e-17, 1.2228921329143583e-17]"
hMpxV/Portugal/INSA-PT0770/2023|EPI_ISL_18702219|2023-10-12,"[0.0, 0.0, 0.0, 0.0, 0.0, 0.0, 0.0, 0.0, 0.0, 0.0, 0.0, 0.0, 0.0, 0.0, 0.0, 0.0, 0.0, 0.0, 0.0, 0.0, 0.0, 0.0, 1.0, 0.0, 0.0, 0.0, 0.0, 0.0, 0.0, 0.0, 0.0]"
hMpxV/Portugal/INSA-PT0783/2023|EPI_ISL_18702229|2023-10-29,"[0.0, 0.0, 0.0, 0.0, 0.0, 0.0, 0.0, 0.0, 0.0, 0.0, 0.0, 0.0, 0.0, 0.0, 0.0, 0.0, 0.0, 0.0, 0.0, 0.0, 0.0, 0.0, 1.0, 0.0, 0.0, 0.0, 0.0, 0.0, 0.0, 0.0, 0.0]"
hMpxV/Portugal/INSA-PT0768/2023|EPI_ISL_18702248|2023-10-12,"[0.0, 0.0, 0.0, 0.0, 0.0, 0.0, 0.0, 0.0, 0.0, 0.0, 0.0, 0.0, 0.0, 0.0, 0.0, 0.0, 0.0, 0.0, 0.0, 0.0, 0.0, 0.0, 1.0, 0.0, 0.0, 0.0, 0.0, 0.0, 0.0, 0.0, 0.0]"
hMpxV/Portugal/INSA-PT0806/2023|EPI_ISL_18993964|2023-11-30,"[0.0, 0.0, 0.0, 0.0, 0.0, 0.0, 0.0, 0.0, 0.0, 0.0, 0.0, 0.0, 0.0, 0.0, 0.0, 0.0, 0.0, 0.0, 0.0, 0.0, 0.0, 0.0, 1.0, 0.0, 0.0, 0.0, 0.0, 0.0, 0.0, 0.0, 0.0]"
NODE_0000040,"[8.13813015586133e-10, 1.2822582827274952e-09, 2.0293151570776222e-08, 1.3215061148764433e-09, 1.1383077639900195e-09, 1.2974191457436197e-09, 1.280529193821773e-09, 1.3175916886027607e-09, 1.4803691956228035e-09, 4.0663349148994194e-09, 1.2673802226303808e-09, 1.2939462404810163e-09, 1.2174311834503197e-09, 1.736971548042184e-08, 8.168866612198342e-10, 8.755215699241717e-10, 2.950516962397351e-08, 1.2939462404836096e-09, 1.2939462404830715e-09, 2.976729115011006e-09, 1.3914445583289367e-09, 1.334851132469744e-09, 0.999999631467231, 1.305664518178156e-09, 2.631470347224356e-07, 1.219232266033482e-09, 1.0944275162821396e-09, 1.233608294759264e-09, 1.2346012368837193e-09, 3.041040425125625e-09, 1.3289109055305536e-09]"
hMpxV/Portugal/INSA-PT0803/2023|EPI_ISL_18702217|2023-11-28,"[0.0, 0.0, 0.0, 0.0, 0.0, 0.0, 0.0, 0.0, 0.0, 0.0, 0.0, 0.0, 0.0, 0.0, 0.0, 0.0, 0.0, 0.0, 0.0, 0.0, 0.0, 0.0, 1.0, 0.0, 0.0, 0.0, 0.0, 0.0, 0.0, 0.0, 0.0]"
hMpxV/Portugal/INSA-PT0799/2023|EPI_ISL_18702252|2023-11-20,"[0.0, 0.0, 0.0, 0.0, 0.0, 0.0, 0.0, 0.0, 0.0, 0.0, 0.0, 0.0, 0.0, 0.0, 0.0, 0.0, 0.0, 0.0, 0.0, 0.0, 0.0, 0.0, 1.0, 0.0, 0.0, 0.0, 0.0, 0.0, 0.0, 0.0, 0.0]"
NODE_0000043,"[9.232809449388955e-07, 9.9234565858898e-07, 4.771567193448478e-06, 1.0211619190237763e-06, 8.842174129986207e-07, 1.0034914813943245e-06, 9.913536741332487e-07, 1.9582874891764774e-06, 2.6101178955947137e-06, 2.1033030269336743e-06, 1.2863515070003804e-06, 1.0013852426930173e-06, 1.8137333742798646e-06, 5.430633285331504e-06, 8.660546875161641e-07, 6.847392614541589e-07, 7.688894007523772e-06, 1.0013852426933442e-06, 1.0013852426932913e-06, 1.679636641136351e-06, 6.780370257929832e-07, 1.0338508318590263e-06, 0.9907704629471877, 1.4778743947049082e-06, 0.009177605394282102, 9.458360671255124e-07, 2.010930133996567e-06, 9.568519014342465e-07, 9.596146046049161e-07, 1.7084169160717051e-06, 2.4469214661204468e-06]"
hMpxV/Portugal/INSA-PT0702/2023|EPI_ISL_18553847|2023-08-08,"[0.0, 0.0, 0.0, 0.0, 0.0, 0.0, 0.0, 0.0, 0.0, 0.0, 0.0, 0.0, 0.0, 0.0, 0.0, 0.0, 0.0, 0.0, 0.0, 0.0, 0.0, 0.0, 1.0, 0.0, 0.0, 0.0, 0.0, 0.0, 0.0, 0.0, 0.0]"
NODE_0000044,"[7.791896224149229e-35, 4.69339165437719e-34, 1.1309760245747705e-28, 4.69908340718641e-34, 4.056989818327819e-34, 4.732811677448493e-34, 4.904210568181934e-34, 1.0553642950353073e-33, 1.9101422692445372e-33, 9.255154518732304e-31, 6.61753476868112e-34, 4.858773136229237e-34, 7.556197055840693e-34, 4.6585222532221604e-26, 1.195729435100416e-34, 2.804003737139154e-34, 1.2698796671201854e-27, 4.858773136240796e-34, 4.8587731362383604e-34, 1.4546237411237858e-32, 1.4604859954183095e-31, 3.6252213638519307e-34, 0.9999999999999999, 7.489918057111782e-34, 1.691569672457904e-21, 5.573853999496264e-34, 4.352270412961143e-34, 6.3007566829296074e-34, 3.2706067871103463e-34, 1.4640972864342192e-31, 1.4044932781620838e-33]"
hMpxV/Portugal/INSA-PT0633/2023|EPI_ISL_18044987|2023-06-25,"[0.0, 0.0, 0.0, 0.0, 0.0, 0.0, 0.0, 0.0, 0.0, 0.0, 0.0, 0.0, 0.0, 0.0, 0.0, 0.0, 0.0, 0.0, 0.0, 0.0, 0.0, 0.0, 1.0, 0.0, 0.0, 0.0, 0.0, 0.0, 0.0, 0.0, 0.0]"
hMpxV/Germany/BY-IMB-2541/2023|EPI_ISL_18627266|2023-11-22,"[0.0, 0.0, 0.0, 0.0, 0.0, 0.0, 0.0, 0.0, 0.0, 1.0, 0.0, 0.0, 0.0, 0.0, 0.0, 0.0, 0.0, 0.0, 0.0, 0.0, 0.0, 0.0, 0.0, 0.0, 0.0, 0.0, 0.0, 0.0, 0.0, 0.0, 0.0]"
hMpxV/Portugal/INSA-PT0646/2023|EPI_ISL_18076389|2023-07-07,"[0.0, 0.0, 0.0, 0.0, 0.0, 0.0, 0.0, 0.0, 0.0, 0.0, 0.0, 0.0, 0.0, 0.0, 0.0, 0.0, 0.0, 0.0, 0.0, 0.0, 0.0, 0.0, 1.0, 0.0, 0.0, 0.0, 0.0, 0.0, 0.0, 0.0, 0.0]"
hMpxV/Portugal/INSA-PT0685/2023|EPI_ISL_18553816|2023-07-13,"[0.0, 0.0, 0.0, 0.0, 0.0, 0.0, 0.0, 0.0, 0.0, 0.0, 0.0, 0.0, 0.0, 0.0, 0.0, 0.0, 0.0, 0.0, 0.0, 0.0, 0.0, 0.0, 1.0, 0.0, 0.0, 0.0, 0.0, 0.0, 0.0, 0.0, 0.0]"
hMpxV/Portugal/INSA-PT0689/2023|EPI_ISL_18553822|2023-07-17,"[0.0, 0.0, 0.0, 0.0, 0.0, 0.0, 0.0, 0.0, 0.0, 0.0, 0.0, 0.0, 0.0, 0.0, 0.0, 0.0, 0.0, 0.0, 0.0, 0.0, 0.0, 0.0, 1.0, 0.0, 0.0, 0.0, 0.0, 0.0, 0.0, 0.0, 0.0]"
hMpxV/Portugal/INSA-PT0716/2023|EPI_ISL_18553820|2023-08-31,"[0.0, 0.0, 0.0, 0.0, 0.0, 0.0, 0.0, 0.0, 0.0, 0.0, 0.0, 0.0, 0.0, 0.0, 0.0, 0.0, 0.0, 0.0, 0.0, 0.0, 0.0, 0.0, 1.0, 0.0, 0.0, 0.0, 0.0, 0.0, 0.0, 0.0, 0.0]"
hMpxV/Portugal/INSA-PT0701/2023|EPI_ISL_18553829|2023-08-07,"[0.0, 0.0, 0.0, 0.0, 0.0, 0.0, 0.0, 0.0, 0.0, 0.0, 0.0, 0.0, 0.0, 0.0, 0.0, 0.0, 0.0, 0.0, 0.0, 0.0, 0.0, 0.0, 1.0, 0.0, 0.0, 0.0, 0.0, 0.0, 0.0, 0.0, 0.0]"
hMpxV/Portugal/INSA-PT0694/2023|EPI_ISL_18553835|2023-07-18,"[0.0, 0.0, 0.0, 0.0, 0.0, 0.0, 0.0, 0.0, 0.0, 0.0, 0.0, 0.0, 0.0, 0.0, 0.0, 0.0, 0.0, 0.0, 0.0, 0.0, 0.0, 0.0, 0.9999999999999999, 0.0, 0.0, 0.0, 0.0, 0.0, 0.0, 0.0, 0.0]"
hMpxV/Portugal/INSA-PT0656/2023|EPI_ISL_18228645|2023-07-21,"[0.0, 0.0, 0.0, 0.0, 0.0, 0.0, 0.0, 0.0, 0.0, 0.0, 0.0, 0.0, 0.0, 0.0, 0.0, 0.0, 0.0, 0.0, 0.0, 0.0, 0.0, 0.0, 1.0, 0.0, 0.0, 0.0, 0.0, 0.0, 0.0, 0.0, 0.0]"
hMpxV/Portugal/INSA-PT0653/2023|EPI_ISL_18228631|2023-07-21,"[0.0, 0.0, 0.0, 0.0, 0.0, 0.0, 0.0, 0.0, 0.0, 0.0, 0.0, 0.0, 0.0, 0.0, 0.0, 0.0, 0.0, 0.0, 0.0, 0.0, 0.0, 0.0, 1.0, 0.0, 0.0, 0.0, 0.0, 0.0, 0.0, 0.0, 0.0]"
hMpxV/Portugal/INSA-PT0655/2023|EPI_ISL_18228637|2023-07-21,"[0.0, 0.0, 0.0, 0.0, 0.0, 0.0, 0.0, 0.0, 0.0, 0.0, 0.0, 0.0, 0.0, 0.0, 0.0, 0.0, 0.0, 0.0, 0.0, 0.0, 0.0, 0.0, 1.0, 0.0, 0.0, 0.0, 0.0, 0.0, 0.0, 0.0, 0.0]"
hMpxV/Portugal/INSA-PT0661/2023|EPI_ISL_18228640|2023-07-26,"[0.0, 0.0, 0.0, 0.0, 0.0, 0.0, 0.0, 0.0, 0.0, 0.0, 0.0, 0.0, 0.0, 0.0, 0.0, 0.0, 0.0, 0.0, 0.0, 0.0, 0.0, 0.0, 1.0, 0.0, 0.0, 0.0, 0.0, 0.0, 0.0, 0.0, 0.0]"
NODE_0000052,"[0.00018337236635361328, 0.0002607679061431352, 0.00033064208023811105, 0.00027022962197903206, 0.0002310676889842677, 0.0002640606152048045, 0.00025932729653663304, 0.0002702597213084632, 0.0002876845281915324, 0.0003408311900638452, 0.00025583105517069227, 0.0002626124545573415, 0.00028110864227759956, 0.9729631085498974, 0.00017400228785520162, 0.00017959147091746024, 0.004053733039201258, 0.00026261245455743354, 0.00026261245455739456, 0.0003049078684594662, 0.0001347523931021228, 0.0002806319508608608, 0.015349181904225418, 0.00026649930824407454, 0.0007784765728667248, 0.0002461634440910198, 0.00023291523513514976, 0.0002763033270203157, 0.0002548121538386845, 0.0002079131019989318, 0.0002739873161619182]"
hMpxV/Ireland/D-NVRL-Z22IRL00925/2023|EPI_ISL_18634756|2023-10-18,"[0.0, 0.0, 0.0, 0.0, 0.0, 0.0, 0.0, 0.0, 0.0, 0.0, 0.0, 0.0, 0.0, 1.0, 0.0, 0.0, 0.0, 0.0, 0.0, 0.0, 0.0, 0.0, 0.0, 0.0, 0.0, 0.0, 0.0, 0.0, 0.0, 0.0, 0.0]"
hMpxV/Netherlands/un-EMC-NL106/2024|EPI_ISL_19356931|2024-08-13,"[0.0, 0.0, 0.0, 0.0, 0.0, 0.0, 0.0, 0.0, 0.0, 0.0, 0.0, 0.0, 0.0, 0.0, 0.0, 0.0, 1.0, 0.0, 0.0, 0.0, 0.0, 0.0, 0.0, 0.0, 0.0, 0.0, 0.0, 0.0, 0.0, 0.0, 0.0]"
NODE_0000051,"[1.0595011160159454e-12, 1.9022360778162256e-12, 6.770235166291816e-11, 1.958562158899739e-12, 1.6792741464988455e-12, 1.924546020511839e-12, 1.9059517917539772e-12, 1.9956270995678272e-12, 2.3039610005403375e-12, 8.262008100740173e-12, 1.900354013761464e-12, 1.9241521001512844e-12, 1.8181982604835244e-12, 5.3463966817628315e-11, 1.1187637319236749e-12, 1.2436901560464482e-12, 1.0466016201368955e-10, 1.924152100156305e-12, 1.9241521001551893e-12, 5.541458899631661e-12, 2.841591376053752e-12, 1.9457682539875743e-12, 0.9999999978325756, 1.9599171816976984e-12, 1.879815803552073e-09, 1.8076121561794627e-12, 1.5742881857314722e-12, 1.8457762849767135e-12, 1.7972922377015812e-12, 5.593006275508065e-12, 2.0300635906571165e-12]"
hMpxV/Portugal/INSA-PT0764/2023|EPI_ISL_18702215|2023-10-13,"[0.0, 0.0, 0.0, 0.0, 0.0, 0.0, 0.0, 0.0, 0.0, 0.0, 0.0, 0.0, 0.0, 0.0, 0.0, 0.0, 0.0, 0.0, 0.0, 0.0, 0.0, 0.0, 1.0, 0.0, 0.0, 0.0, 0.0, 0.0, 0.0, 0.0, 0.0]"
hMpxV/Portugal/INSA-PT0747/2023|EPI_ISL_18702218|2023-09-26,"[0.0, 0.0, 0.0, 0.0, 0.0, 0.0, 0.0, 0.0, 0.0, 0.0, 0.0, 0.0, 0.0, 0.0, 0.0, 0.0, 0.0, 0.0, 0.0, 0.0, 0.0, 0.0, 0.9999999999999999, 0.0, 0.0, 0.0, 0.0, 0.0, 0.0, 0.0, 0.0]"
hMpxV/Portugal/INSA-PT0741/2023|EPI_ISL_18702246|2023-09-25,"[0.0, 0.0, 0.0, 0.0, 0.0, 0.0, 0.0, 0.0, 0.0, 0.0, 0.0, 0.0, 0.0, 0.0, 0.0, 0.0, 0.0, 0.0, 0.0, 0.0, 0.0, 0.0, 1.0, 0.0, 0.0, 0.0, 0.0, 0.0, 0.0, 0.0, 0.0]"
NODE_0000053,"[7.323742263103037e-10, 1.595100273765479e-09, 1.405154687434333e-09, 1.664574253682001e-09, 1.3280369426666668e-09, 1.6225711440288777e-09, 1.5960218760014138e-09, 1.6452395913376801e-09, 1.7512204394361387e-09, 2.2618999440719884e-09, 1.5696079667505628e-09, 1.620741119345962e-09, 1.4448733333402003e-09, 0.9999988012992375, 7.848099022405626e-10, 8.97329952866207e-10, 2.8077856953351532e-08, 1.620741119346999e-09, 1.6207411193465984e-09, 1.8829049968322123e-09, 1.335456270173377e-09, 1.6620927569345852e-09, 1.126672259387179e-06, 1.6326246498317084e-09, 4.506751538363508e-09, 1.484969201579755e-09, 1.192273991897647e-09, 1.514612223030397e-09, 1.4857353032526125e-09, 4.361507042594687e-10, 1.6560365731986473e-09]"
hMpxV/Ireland/un-NVRL-Z22IRL00908/2023|EPI_ISL_18308397|2023-08-18,"[0.0, 0.0, 0.0, 0.0, 0.0, 0.0, 0.0, 0.0, 0.0, 0.0, 0.0, 0.0, 0.0, 0.9999999999999999, 0.0, 0.0, 0.0, 0.0, 0.0, 0.0, 0.0, 0.0, 0.0, 0.0, 0.0, 0.0, 0.0, 0.0, 0.0, 0.0, 0.0]"
hMpxV/Ireland/un-NVRL-Z22IRL00910/2023|EPI_ISL_18308399|2023-08-28,"[0.0, 0.0, 0.0, 0.0, 0.0, 0.0, 0.0, 0.0, 0.0, 0.0, 0.0, 0.0, 0.0, 0.9999999999999999, 0.0, 0.0, 0.0, 0.0, 0.0, 0.0, 0.0, 0.0, 0.0, 0.0, 0.0, 0.0, 0.0, 0.0, 0.0, 0.0, 0.0]"
NODE_0000054,"[5.294205223258184e-10, 1.0104005969421804e-09, 3.8247101696891035e-10, 1.055562061301186e-09, 8.456126205867311e-10, 1.0280005790906662e-09, 1.0075926090633793e-09, 1.0189310371231645e-09, 1.053897494833435e-09, 1.0330032292309102e-09, 9.830863244325982e-10, 1.0242109183601697e-09, 9.070580329011235e-10, 0.9999999512900103, 5.390206388479468e-10, 5.936219636268721e-10, 7.298955059852189e-09, 1.0242109183611923e-09, 1.0242109183608197e-09, 9.415199829244296e-10, 6.102470293051102e-10, 1.0722535404933698e-09, 1.7277852370187587e-08, 1.0212517247440743e-09, 5.63697304982766e-10, 9.412722553839787e-10, 7.770869087970678e-10, 9.507627922031157e-10, 9.596340965876064e-10, 2.1933889697137587e-10, 1.0158061599990188e-09]"
hMpxV/Ireland/un-NVRL-G23IRL50393/2023|EPI_ISL_18308396|2023-08-16,"[0.0, 0.0, 0.0, 0.0, 0.0, 0.0, 0.0, 0.0, 0.0, 0.0, 0.0, 0.0, 0.0, 1.0, 0.0, 0.0, 0.0, 0.0, 0.0, 0.0, 0.0, 0.0, 0.0, 0.0, 0.0, 0.0, 0.0, 0.0, 0.0, 0.0, 0.0]"
hMpxV/Ireland/un-NVRL-Z22IRL00909/2023|EPI_ISL_18308398|2023-08-31,"[0.0, 0.0, 0.0, 0.0, 0.0, 0.0, 0.0, 0.0, 0.0, 0.0, 0.0, 0.0, 0.0, 0.9999999999999999, 0.0, 0.0, 0.0, 0.0, 0.0, 0.0, 0.0, 0.0, 0.0, 0.0, 0.0, 0.0, 0.0, 0.0, 0.0, 0.0, 0.0]"
NODE_0000049,"[1.164848816151136e-08, 1.8296809137361097e-08, 2.87749669784492e-07, 1.8855652983843808e-08, 1.62582757030824e-08, 1.8511921081366797e-08, 1.8271800446938502e-08, 1.8840664509764384e-08, 2.118010605967139e-08, 5.7793742212632095e-08, 1.8095082366689282e-08, 1.846189976871481e-08, 1.742398389919067e-08, 2.5424519289014467e-07, 1.1676343587914954e-08, 1.250988168264357e-08, 4.507882538577684e-07, 1.846189976871972e-08, 1.846189976871893e-08, 4.2341470065863726e-08, 1.975802090207848e-08, 1.904866026977078e-08, 0.9999947382364947, 1.8649421500589387e-08, 3.723793527931432e-06, 1.7397077860671248e-08, 1.5675343251261345e-08, 1.761267040884002e-08, 1.7617245797870894e-08, 4.331440096433027e-08, 1.902409858373096e-08]"
hMpxV/Portugal/INSA-PT0703/2023|EPI_ISL_18553833|2023-08-10,"[0.0, 0.0, 0.0, 0.0, 0.0, 0.0, 0.0, 0.0, 0.0, 0.0, 0.0, 0.0, 0.0, 0.0, 0.0, 0.0, 0.0, 0.0, 0.0, 0.0, 0.0, 0.0, 1.0, 0.0, 0.0, 0.0, 0.0, 0.0, 0.0, 0.0, 0.0]"
NODE_0000050,"[4.4605584802792276e-11, 1.0535809744638717e-10, 1.1731333432586638e-09, 1.0922914068239926e-10, 8.823974754131198e-11, 1.0691358051079603e-10, 1.058161678133019e-10, 1.0818767090292497e-10, 1.2145962114173693e-10, 3.5319780264758005e-10, 1.0442529340476279e-10, 1.072091386567424e-10, 1.341359232012188e-10, 9.536365261510375e-08, 5.120100238480687e-11, 5.990169140274406e-11, 3.413523019876267e-07, 1.0720913865689367e-10, 1.0720913865685831e-10, 2.4246702946052996e-10, 1.2169484415398913e-10, 1.0758723932348373e-10, 0.9999995360689009, 1.0765958941054752e-10, 2.292926335339409e-08, 9.894277880011843e-11, 7.599227090703538e-11, 1.4167298398812084e-10, 9.689323312083785e-11, 1.9697119611367463e-10, 1.0856781001871113e-10]"
hMpxV/Netherlands/un-EMC-NL088/2023|EPI_ISL_18659828|2023-08-29,"[0.0, 0.0, 0.0, 0.0, 0.0, 0.0, 0.0, 0.0, 0.0, 0.0, 0.0, 0.0, 0.0, 0.0, 0.0, 0.0, 1.0, 0.0, 0.0, 0.0, 0.0, 0.0, 0.0, 0.0, 0.0, 0.0, 0.0, 0.0, 0.0, 0.0, 0.0]"
hMpxV/Ireland/D-NVRL-Z22IRL00922/2023|EPI_ISL_18634755|2023-10-09,"[0.0, 0.0, 0.0, 0.0, 0.0, 0.0, 0.0, 0.0, 0.0, 0.0, 0.0, 0.0, 0.0, 1.0, 0.0, 0.0, 0.0, 0.0, 0.0, 0.0, 0.0, 0.0, 0.0, 0.0, 0.0, 0.0, 0.0, 0.0, 0.0, 0.0, 0.0]"
hMpxV/Portugal/INSA-PT0708/2023|EPI_ISL_18553824|2023-08-10,"[0.0, 0.0, 0.0, 0.0, 0.0, 0.0, 0.0, 0.0, 0.0, 0.0, 0.0, 0.0, 0.0, 0.0, 0.0, 0.0, 0.0, 0.0, 0.0, 0.0, 0.0, 0.0, 0.9999999999999999, 0.0, 0.0, 0.0, 0.0, 0.0, 0.0, 0.0, 0.0]"
hMpxV/Portugal/INSA-PT0652/2023|EPI_ISL_18228633|2023-07-19,"[0.0, 0.0, 0.0, 0.0, 0.0, 0.0, 0.0, 0.0, 0.0, 0.0, 0.0, 0.0, 0.0, 0.0, 0.0, 0.0, 0.0, 0.0, 0.0, 0.0, 0.0, 0.0, 1.0, 0.0, 0.0, 0.0, 0.0, 0.0, 0.0, 0.0, 0.0]"
NODE_0000045,"[5.689516627376825e-06, 1.3883797023403785e-06, 0.0004845827690793923, 1.3670931773238374e-06, 2.642262020082986e-06, 1.3863908231494512e-06, 1.4446118064177363e-06, 1.4126797395206897e-06, 1.4628763328006269e-06, 1.7652364457181177e-06, 1.3725170594420872e-06, 1.367026587179102e-06, 1.7904618708444148e-06, 4.431391818942482e-06, 1.6209372901258966e-06, 6.402041575545177e-06, 0.00041472446235995154, 1.3670265871797148e-06, 1.3670265871793059e-06, 1.5482681481350193e-06, 9.986714149003084e-05, 1.3326052403143925e-06, 0.0004306487337092252, 1.3897506761849499e-06, 7.513815411618233e-06, 2.5467507566500224e-06, 1.118455791463871e-06, 3.4179816102107106e-06, 1.2631370522895772e-06, 0.9985103347889408, 1.4338636826671582e-06]"
hMpxV/USA/CA-CDPH-1M1000432/2023|EPI_ISL_18781817|2023-10-14,"[0.0, 0.0, 0.0, 0.0, 0.0, 0.0, 0.0, 0.0, 0.0, 0.0, 0.0, 0.0, 0.0, 0.0, 0.0, 0.0, 0.0, 0.0, 0.0, 0.0, 0.0, 0.0, 0.0, 0.0, 0.0, 0.0, 0.0, 0.0, 0.0, 1.0, 0.0]"
hMpxV/USA/IL-RIPHL-004-0142/2024|EPI_ISL_19158946|2024-02-07,"[0.0, 0.0, 0.0, 0.0, 0.0, 0.0, 0.0, 0.0, 0.0, 0.0, 0.0, 0.0, 0.0, 0.0, 0.0, 0.0, 0.0, 0.0, 0.0, 0.0, 0.0, 0.0, 0.0, 0.0, 0.0, 0.0, 0.0, 0.0, 0.0, 1.0, 0.0]"
NODE_0000046,"[4.949238081804705e-09, 5.715931248444044e-10, 0.9999995099012352, 5.636363211459534e-10, 4.804428534526935e-09, 5.711824233910231e-10, 7.047936125682462e-10, 5.656100448867606e-10, 5.660205671300571e-10, 5.633503319268601e-10, 5.636936432143015e-10, 5.649516727847021e-10, 5.245179623619427e-10, 5.654292157167685e-10, 4.6358475861200047e-10, 2.6829630716043733e-09, 8.395833478970437e-10, 5.649516727844375e-10, 5.649516727845169e-10, 5.289413663207977e-10, 8.355360349001283e-08, 5.424903003819494e-10, 2.3522839037836237e-08, 5.650791600246465e-10, 4.738420703327211e-10, 6.998324015937275e-10, 4.5958989323814987e-10, 7.003438687348309e-10, 5.276140177522198e-10, 3.567646764065134e-07, 5.654328803514455e-10]"
hMpxV/Brazil/SP-IAL-357514864/2024|EPI_ISL_19359676|2024-02-22,"[0.0, 0.0, 1.0, 0.0, 0.0, 0.0, 0.0, 0.0, 0.0, 0.0, 0.0, 0.0, 0.0, 0.0, 0.0, 0.0, 0.0, 0.0, 0.0, 0.0, 0.0, 0.0, 0.0, 0.0, 0.0, 0.0, 0.0, 0.0, 0.0, 0.0, 0.0]"
hMpxV/Brazil/SP-IAL-357496487/2024|EPI_ISL_19359675|2024-02-16,"[0.0, 0.0, 1.0, 0.0, 0.0, 0.0, 0.0, 0.0, 0.0, 0.0, 0.0, 0.0, 0.0, 0.0, 0.0, 0.0, 0.0, 0.0, 0.0, 0.0, 0.0, 0.0, 0.0, 0.0, 0.0, 0.0, 0.0, 0.0, 0.0, 0.0, 0.0]"
hMpxV/Brazil/SP-IAL-357531658/2024|EPI_ISL_19359684|2024-02-28,"[0.0, 0.0, 1.0, 0.0, 0.0, 0.0, 0.0, 0.0, 0.0, 0.0, 0.0, 0.0, 0.0, 0.0, 0.0, 0.0, 0.0, 0.0, 0.0, 0.0, 0.0, 0.0, 0.0, 0.0, 0.0, 0.0, 0.0, 0.0, 0.0, 0.0, 0.0]"
NODE_0000047,"[4.2796714799113254e-07, 3.543526845472171e-07, 5.15672114517966e-07, 3.6006698356301595e-07, 3.559804363785074e-07, 3.5737893473148917e-07, 3.5246704804184297e-07, 3.525854003745962e-07, 3.6069754559766e-07, 3.5461376011927267e-07, 3.4417924575358675e-07, 3.5327048867616333e-07, 7.128979770869721e-07, 1.3364709949466905e-06, 2.8191260936937503e-07, 5.018263780306573e-07, 0.9999452566425857, 3.532704886762437e-07, 3.532704886762363e-07, 3.3010379381859087e-07, 7.315980026055364e-07, 3.6712933054847833e-07, 3.671612587627952e-06, 3.5281738810727027e-07, 2.8730434054852086e-07, 4.538389120317739e-07, 2.831656548943003e-07, 9.682282863193492e-07, 3.337661027254282e-07, 3.8582862968513304e-05, 3.520493192876529e-07]"
hMpxV/Netherlands/un-EMC-NL092/2023|EPI_ISL_18746884|2023-12-18,"[0.0, 0.0, 0.0, 0.0, 0.0, 0.0, 0.0, 0.0, 0.0, 0.0, 0.0, 0.0, 0.0, 0.0, 0.0, 0.0, 1.0, 0.0, 0.0, 0.0, 0.0, 0.0, 0.0, 0.0, 0.0, 0.0, 0.0, 0.0, 0.0, 0.0, 0.0]"
NODE_0000048,"[8.084558717068684e-12, 1.2378490346221333e-11, 7.256794034854577e-12, 1.2826393865768929e-11, 1.0889356437605974e-11, 1.2566790256219476e-11, 1.2354813966734059e-11, 1.2455184869065646e-11, 1.2820294809288634e-11, 1.2544653923129027e-11, 1.2069571013082056e-11, 1.2506640631531962e-11, 3.646723536330208e-11, 9.008256168344296e-11, 7.111759000451905e-12, 9.907082470495979e-12, 0.9999999988404749, 1.2506640631552633e-11, 1.2506640631550767e-11, 1.1382523025667671e-11, 8.959082990365396e-12, 1.3146911605148956e-11, 2.3948668449270955e-10, 1.247636842664489e-11, 7.1836767460635526e-12, 1.2855038061651524e-11, 9.32138557482386e-12, 4.070464539717589e-11, 1.160895547077803e-11, 4.726431405938844e-10, 1.2421250855886619e-11]"
hMpxV/Netherlands/un-EMC-NL093/2023|EPI_ISL_18746885|2023-12-19,"[0.0, 0.0, 0.0, 0.0, 0.0, 0.0, 0.0, 0.0, 0.0, 0.0, 0.0, 0.0, 0.0, 0.0, 0.0, 0.0, 1.0, 0.0, 0.0, 0.0, 0.0, 0.0, 0.0, 0.0, 0.0, 0.0, 0.0, 0.0, 0.0, 0.0, 0.0]"
hMpxV/Netherlands/un-EMC-NL098/2023|EPI_ISL_19356927|2023-12-19,"[0.0, 0.0, 0.0, 0.0, 0.0, 0.0, 0.0, 0.0, 0.0, 0.0, 0.0, 0.0, 0.0, 0.0, 0.0, 0.0, 1.0, 0.0, 0.0, 0.0, 0.0, 0.0, 0.0, 0.0, 0.0, 0.0, 0.0, 0.0, 0.0, 0.0, 0.0]"
NODE_0000154,"[4.5422896761606414e-06, 1.237052442986913e-06, 3.0981800985504696e-05, 6.888326904695156e-07, 3.992838977940247e-06, 8.903142345258579e-07, 9.82093639330194e-07, 6.908245649049287e-07, 6.941837866094722e-07, 6.901830117742061e-07, 6.883060629252842e-07, 6.88289948211112e-07, 6.605624718793337e-07, 9.859977764821563e-07, 1.500970534746869e-06, 2.2529181071097187e-05, 2.778617121260749e-06, 6.882899482111731e-07, 6.882899482111448e-07, 9.301122676757471e-07, 0.01158577338192074, 6.839477531337966e-07, 3.4273012094437833e-06, 6.893823665552895e-07, 1.11795704865976e-06, 1.4488927679686272e-06, 6.323333293130562e-07, 1.3971837146768487e-06, 6.666745604640857e-07, 0.9883259422127068, 6.917014614578167e-07]"
hMpxV/USA/NE-UNMC-375/2022|EPI_ISL_17269839|2022-12-28,"[0.0, 0.0, 0.0, 0.0, 0.0, 0.0, 0.0, 0.0, 0.0, 0.0, 0.0, 0.0, 0.0, 0.0, 0.0, 0.0, 0.0, 0.0, 0.0, 0.0, 0.0, 0.0, 0.0, 0.0, 0.0, 0.0, 0.0, 0.0, 0.0, 1.0, 0.0]"
hMpxV/USA/CA-CDPH-1M1000501/2023|EPI_ISL_19143459|2023-11-28,"[0.0, 0.0, 0.0, 0.0, 0.0, 0.0, 0.0, 0.0, 0.0, 0.0, 0.0, 0.0, 0.0, 0.0, 0.0, 0.0, 0.0, 0.0, 0.0, 0.0, 0.0, 0.0, 0.0, 0.0, 0.0, 0.0, 0.0, 0.0, 0.0, 1.0, 0.0]"
NODE_0000155,"[3.9515373633964197e-10, 2.03507489799885e-11, 2.8431745259690194e-09, 1.8326827154482187e-11, 4.079706637882671e-11, 1.9575905705117738e-11, 1.9871590775994248e-11, 1.8836184205963062e-11, 1.8549619516918393e-11, 1.8542272365180703e-11, 1.910124314933044e-11, 1.869711067405123e-11, 1.7736641290324622e-11, 1.9508653000631385e-11, 5.6665515008259107e-11, 7.106027020746789e-10, 2.4812561111577083e-10, 1.8697110674058753e-11, 1.8697110674055933e-11, 1.8061824040494798e-11, 2.2842685664589014e-07, 1.7339948582109968e-11, 2.2529821741613535e-10, 1.8758102606967664e-11, 5.449386652256848e-11, 8.296763649071124e-11, 1.5729683414445755e-11, 7.767976987420878e-11, 1.736140210679991e-11, 0.9999997664855608, 1.8882029453182193e-11]"
hMpxV/USA/CT-DPH-1197699001/2023|EPI_ISL_18719999|2023-12-26,"[0.0, 0.0, 0.0, 0.0, 0.0, 0.0, 0.0, 0.0, 0.0, 0.0, 0.0, 0.0, 0.0, 0.0, 0.0, 0.0, 0.0, 0.0, 0.0, 0.0, 0.0, 0.0, 0.0, 0.0, 0.0, 0.0, 0.0, 0.0, 0.0, 1.0, 0.0]"
NODE_0000314,"[2.932150520427866e-14, 5.90133330862407e-16, 3.4703283291640003e-13, 5.473796971293738e-16, 1.242864263538514e-15, 5.804022812173682e-16, 5.932923463015537e-16, 5.729829181557577e-16, 5.545016565615472e-16, 5.572455195128345e-16, 5.896894179438182e-16, 5.67971540690386e-16, 5.31522827702943e-16, 5.634384881959015e-16, 2.5666436644577393e-15, 5.5246174094622684e-14, 1.6738738247041593e-14, 5.679715406913959e-16, 5.67971540690889e-16, 5.187117214171708e-16, 6.945563060831066e-11, 4.962413299119073e-16, 1.5328714633784414e-14, 5.701383744718271e-16, 2.3918833069294097e-15, 4.143777613220958e-15, 4.426562842547698e-16, 3.8150249323288295e-15, 5.0835650393837e-16, 0.999999999930056, 5.744484255696478e-16]"
hMpxV/USA/CA-LACPHL-MA00526/2023|EPI_ISL_18161303|2023-06-09,"[0.0, 0.0, 0.0, 0.0, 0.0, 0.0, 0.0, 0.0, 0.0, 0.0, 0.0, 0.0, 0.0, 0.0, 0.0, 0.0, 0.0, 0.0, 0.0, 0.0, 0.0, 0.0, 0.0, 0.0, 0.0, 0.0, 0.0, 0.0, 0.0, 1.0, 0.0]"
hMpxV/USA/CA-LACPHL-MA00494/2023|EPI_ISL_18161271|2023-04-30,"[0.0, 0.0, 0.0, 0.0, 0.0, 0.0, 0.0, 0.0, 0.0, 0.0, 0.0, 0.0, 0.0, 0.0, 0.0, 0.0, 0.0, 0.0, 0.0, 0.0, 0.0, 0.0, 0.0, 0.0, 0.0, 0.0, 0.0, 0.0, 0.0, 0.9999999999999999, 0.0]"
hMpxV/USA/CA-LACPHL-MA00492/2023|EPI_ISL_18161269|2023-03-30,"[0.0, 0.0, 0.0, 0.0, 0.0, 0.0, 0.0, 0.0, 0.0, 0.0, 0.0, 0.0, 0.0, 0.0, 0.0, 0.0, 0.0, 0.0, 0.0, 0.0, 0.0, 0.0, 0.0, 0.0, 0.0, 0.0, 0.0, 0.0, 0.0, 1.0, 0.0]"
hMpxV/USA/CA-LACPHL-MA00499/2023|EPI_ISL_18161276|2023-04-30,"[0.0, 0.0, 0.0, 0.0, 0.0, 0.0, 0.0, 0.0, 0.0, 0.0, 0.0, 0.0, 0.0, 0.0, 0.0, 0.0, 0.0, 0.0, 0.0, 0.0, 0.0, 0.0, 0.0, 0.0, 0.0, 0.0, 0.0, 0.0, 0.0, 0.9999999999999999, 0.0]"
NODE_0000315,"[7.694558732449513e-07, 8.814609757669552e-08, 3.231647028370851e-06, 8.356272579067685e-08, 1.3880426781400511e-07, 8.731507409491077e-08, 8.684037290989726e-08, 8.446205008624349e-08, 8.459922376094838e-08, 8.409374177956464e-08, 8.442952941899675e-08, 8.389102034780262e-08, 8.0749647484464e-08, 8.84408912994137e-08, 1.7015982596414773e-07, 1.0477827216235146e-06, 5.312053918686255e-07, 8.389102034780914e-08, 8.389102034780645e-08, 8.196066244520659e-08, 3.9268553607655734e-05, 8.241562768090232e-08, 4.6375848003271835e-07, 8.414926823506775e-08, 1.749305258150691e-07, 2.3536095075399344e-07, 7.60012940790168e-08, 2.2367290925546957e-07, 8.070836962660775e-08, 0.9999521504352059, 8.468557435984216e-08]"
NODE_0000317,"[5.427428461062996e-07, 7.807459606164115e-08, 1.8337595225762067e-06, 7.626457546291532e-08, 1.0917880603952221e-07, 7.784683885391071e-08, 7.766034309056007e-08, 7.655769966092153e-08, 7.67222577437194e-08, 7.629312760373254e-08, 7.634114243868734e-08, 7.634249023712253e-08, 7.308059609850154e-08, 7.768493001153632e-08, 1.4683747056443074e-07, 6.682473656468436e-07, 4.101039342180352e-07, 7.634249023713493e-08, 7.634249023712878e-08, 7.37931360407946e-08, 1.715768616375243e-05, 7.539903533404533e-08, 3.5008574986707017e-07, 7.643191767393795e-08, 1.4754871823694985e-07, 1.9532612215761102e-07, 6.797338996403374e-08, 1.8655429667310114e-07, 7.33932088799955e-08, 0.9999768127650421, 7.661969633453494e-08]"
hMpxV/USA/WA-UW-440651/2023|EPI_ISL_19524788|2023-11-29,"[0.0, 0.0, 0.0, 0.0, 0.0, 0.0, 0.0, 0.0, 0.0, 0.0, 0.0, 0.0, 0.0, 0.0, 0.0, 0.0, 0.0, 0.0, 0.0, 0.0, 0.0, 0.0, 0.0, 0.0, 0.0, 0.0, 0.0, 0.0, 0.0, 1.0, 0.0]"
hMpxV/USA/WA-UW-246476/2024|EPI_ISL_19336733|2024-07-16,"[0.0, 0.0, 0.0, 0.0, 0.0, 0.0, 0.0, 0.0, 0.0, 0.0, 0.0, 0.0, 0.0, 0.0, 0.0, 0.0, 0.0, 0.0, 0.0, 0.0, 0.0, 0.0, 0.0, 0.0, 0.0, 0.0, 0.0, 0.0, 0.0, 1.0, 0.0]"
NODE_0000318,"[1.7674510401387383e-09, 2.504538699891846e-10, 5.628213688829689e-09, 2.467086163824928e-10, 3.4200328473142936e-10, 2.5045589481453514e-10, 2.502084796434119e-10, 2.476863397901312e-10, 2.478647142266169e-10, 2.4661396577336783e-10, 2.4718044953104294e-10, 2.471750026244998e-10, 2.360408899859651e-10, 2.4851819168596055e-10, 4.863851438633788e-10, 2.110783988819064e-09, 1.3640516182975077e-09, 2.471750026251785e-10, 2.471750026248385e-10, 2.372889672331705e-10, 4.290023752679068e-08, 2.431156578713232e-10, 1.157572942728216e-09, 2.4737309505642957e-10, 4.846005034847768e-10, 6.460407345111631e-10, 2.1780204253478585e-10, 6.16921183748557e-10, 2.3682992012006956e-10, 0.9999999378522824, 2.4778985406963724e-10]"
hMpxV/USA/CA-CDPH-1M1000656/2024|EPI_ISL_19367821|2024-06-11,"[0.0, 0.0, 0.0, 0.0, 0.0, 0.0, 0.0, 0.0, 0.0, 0.0, 0.0, 0.0, 0.0, 0.0, 0.0, 0.0, 0.0, 0.0, 0.0, 0.0, 0.0, 0.0, 0.0, 0.0, 0.0, 0.0, 0.0, 0.0, 0.0, 0.9999999999999999, 0.0]"
hMpxV/USA/CA-CDPH-1M1000639/2024|EPI_ISL_19295782|2024-06-11,"[0.0, 0.0, 0.0, 0.0, 0.0, 0.0, 0.0, 0.0, 0.0, 0.0, 0.0, 0.0, 0.0, 0.0, 0.0, 0.0, 0.0, 0.0, 0.0, 0.0, 0.0, 0.0, 0.0, 0.0, 0.0, 0.0, 0.0, 0.0, 0.0, 0.9999999999999999, 0.0]"
NODE_0000316,"[4.1662041404623474e-09, 2.499755655832664e-10, 2.2933540535171435e-08, 2.4018547119581175e-10, 4.101850474502805e-10, 2.4771486404387483e-10, 2.5060523505347826e-10, 2.4552555852173147e-10, 2.419087155526088e-10, 2.4185494085654457e-10, 2.484950974883976e-10, 2.444744244384113e-10, 2.3102928722125115e-10, 2.4307958792487623e-10, 7.050521668089011e-10, 6.012954630325059e-09, 2.8771426020295834e-09, 2.4447442443843323e-10, 2.4447442443841643e-10, 2.291632077722597e-10, 7.072905369079144e-07, 2.2777535409603658e-10, 2.512471252095868e-09, 2.4490106380368445e-10, 6.759213388515177e-10, 1.017288261473799e-09, 2.0320380411089827e-10, 9.559143676314156e-10, 2.2697087442197062e-10, 0.9999992458912036, 2.457732743596051e-10]"
hMpxV/USA/CA-CDPH-1M1000498/2024|EPI_ISL_19143457|2024-01-26,"[0.0, 0.0, 0.0, 0.0, 0.0, 0.0, 0.0, 0.0, 0.0, 0.0, 0.0, 0.0, 0.0, 0.0, 0.0, 0.0, 0.0, 0.0, 0.0, 0.0, 0.0, 0.0, 0.0, 0.0, 0.0, 0.0, 0.0, 0.0, 0.0, 0.9999999999999999, 0.0]"
hMpxV/USA/WA-UW-279946/2024|EPI_ISL_19524786|2024-01-17,"[0.0, 0.0, 0.0, 0.0, 0.0, 0.0, 0.0, 0.0, 0.0, 0.0, 0.0, 0.0, 0.0, 0.0, 0.0, 0.0, 0.0, 0.0, 0.0, 0.0, 0.0, 0.0, 0.0, 0.0, 0.0, 0.0, 0.0, 0.0, 0.0, 1.0, 0.0]"
hMpxV/USA/IL-RIPHL-050-0163/2024|EPI_ISL_19031635|2024-03-04,"[0.0, 0.0, 0.0, 0.0, 0.0, 0.0, 0.0, 0.0, 0.0, 0.0, 0.0, 0.0, 0.0, 0.0, 0.0, 0.0, 0.0, 0.0, 0.0, 0.0, 0.0, 0.0, 0.0, 0.0, 0.0, 0.0, 0.0, 0.0, 0.0, 1.0, 0.0]"
NODE_0000299,"[1.0328866159227487e-06, 1.2602051002161131e-07, 3.594030961979985e-06, 1.2307443843063426e-07, 1.7955541670053439e-07, 1.2543315870299203e-07, 1.257245355269095e-07, 1.2396110586598662e-07, 1.2372280451500612e-07, 1.2320763232895278e-07, 1.2403539359041554e-07, 1.236527617645216e-07, 1.1791375883131538e-07, 1.2459049827712807e-07, 2.6130442033344986e-07, 1.2787184758295889e-06, 7.873868613847739e-07, 1.2365276176452758e-07, 1.2365276176452409e-07, 1.1849737439263345e-07, 3.557653065902351e-05, 1.2050456634394984e-07, 6.706318980122971e-07, 1.2377148606535904e-07, 2.581846770103354e-07, 3.523439645583559e-07, 1.0825234347522027e-07, 3.354589134916938e-07, 1.1790960236510717e-07, 0.9999533513595967, 1.2403004500289866e-07]"
hMpxV/USA/CA-LACPHL-MA00520/2023|EPI_ISL_18161297|2023-05-23,"[0.0, 0.0, 0.0, 0.0, 0.0, 0.0, 0.0, 0.0, 0.0, 0.0, 0.0, 0.0, 0.0, 0.0, 0.0, 0.0, 0.0, 0.0, 0.0, 0.0, 0.0, 0.0, 0.0, 0.0, 0.0, 0.0, 0.0, 0.0, 0.0, 0.9999999999999999, 0.0]"
NODE_0000300,"[5.972297286393336e-17, 4.25856850533825e-19, 1.3022229942848058e-15, 3.8895823369424694e-19, 1.072813755370042e-18, 4.1615419290979915e-19, 4.328515061077444e-19, 4.1573122581383635e-19, 3.9411885623783394e-19, 3.986969814795178e-19, 4.35425257308657e-19, 4.1164351619211425e-19, 3.788027621036238e-19, 3.944466496382878e-19, 3.0143150472473993e-18, 1.367343031696118e-16, 3.063578699360988e-17, 4.1164351619264884e-19, 4.116435161923516e-19, 3.6156065817048006e-19, 1.2038381135317543e-12, 3.353066480088627e-19, 2.8832893670666386e-17, 4.13368738780218e-19, 2.643304432134115e-18, 5.335729748699244e-18, 2.936598219334974e-19, 4.81982842439092e-18, 3.5295850036742223e-19, 0.9999999999987946, 4.167574766461367e-19]"
hMpxV/USA/CA-LACPHL-MA00536/2023|EPI_ISL_18161312|2023-06-28,"[0.0, 0.0, 0.0, 0.0, 0.0, 0.0, 0.0, 0.0, 0.0, 0.0, 0.0, 0.0, 0.0, 0.0, 0.0, 0.0, 0.0, 0.0, 0.0, 0.0, 0.0, 0.0, 0.0, 0.0, 0.0, 0.0, 0.0, 0.0, 0.0, 1.0, 0.0]"
hMpxV/USA/CA-LACPHL-MA00556/2023|EPI_ISL_18285971|2023-07-31,"[0.0, 0.0, 0.0, 0.0, 0.0, 0.0, 0.0, 0.0, 0.0, 0.0, 0.0, 0.0, 0.0, 0.0, 0.0, 0.0, 0.0, 0.0, 0.0, 0.0, 0.0, 0.0, 0.0, 0.0, 0.0, 0.0, 0.0, 0.0, 0.0, 1.0, 0.0]"
hMpxV/USA/CA-LACPHL-MA00557/2023|EPI_ISL_18285972|2023-06-29,"[0.0, 0.0, 0.0, 0.0, 0.0, 0.0, 0.0, 0.0, 0.0, 0.0, 0.0, 0.0, 0.0, 0.0, 0.0, 0.0, 0.0, 0.0, 0.0, 0.0, 0.0, 0.0, 0.0, 0.0, 0.0, 0.0, 0.0, 0.0, 0.0, 1.0, 0.0]"
NODE_0000313,"[1.2425327491038064e-10, 4.295285224127086e-12, 1.0251672639466041e-09, 4.0170289557401166e-12, 8.20294445372359e-12, 4.2249373406667e-12, 4.294004719318359e-12, 4.1579680120030046e-12, 4.063650015678761e-12, 4.0718234495911065e-12, 4.243152708453156e-12, 4.1273492632238345e-12, 3.890241059839841e-12, 4.151069339368737e-12, 1.4803261590538067e-11, 2.088226031535354e-10, 7.717387065818584e-11, 4.12734926322499e-12, 4.1273492632245235e-12, 3.842050848926325e-12, 7.911963175359541e-08, 3.731911563632227e-12, 6.922438862584435e-11, 4.140466855367265e-12, 1.4086187243873494e-11, 2.2710829960950428e-11, 3.3573748091680056e-12, 2.1115068195747568e-11, 3.772298150016258e-12, 0.999999919218006, 4.167198351913308e-12]"
hMpxV/USA/CA-CDPH-1M1000409/2023|EPI_ISL_18781837|2023-09-19,"[0.0, 0.0, 0.0, 0.0, 0.0, 0.0, 0.0, 0.0, 0.0, 0.0, 0.0, 0.0, 0.0, 0.0, 0.0, 0.0, 0.0, 0.0, 0.0, 0.0, 0.0, 0.0, 0.0, 0.0, 0.0, 0.0, 0.0, 0.0, 0.0, 1.0, 0.0]"
hMpxV/USA/CA-CDPH-1M1000352/2023|EPI_ISL_18452343|2023-10-04,"[0.0, 0.0, 0.0, 0.0, 0.0, 0.0, 0.0, 0.0, 0.0, 0.0, 0.0, 0.0, 0.0, 0.0, 0.0, 0.0, 0.0, 0.0, 0.0, 0.0, 0.0, 0.0, 0.0, 0.0, 0.0, 0.0, 0.0, 0.0, 0.0, 1.0, 0.0]"
hMpxV/USA/CA-CDPH-1M1000345/2023|EPI_ISL_18452336|2023-09-26,"[0.0, 0.0, 0.0, 0.0, 0.0, 0.0, 0.0, 0.0, 0.0, 0.0, 0.0, 0.0, 0.0, 0.0, 0.0, 0.0, 0.0, 0.0, 0.0, 0.0, 0.0, 0.0, 0.0, 0.0, 0.0, 0.0, 0.0, 0.0, 0.0, 1.0, 0.0]"
hMpxV/USA/CA-LACPHL-MA00552/2023|EPI_ISL_18285966|2023-07-27,"[0.0, 0.0, 0.0, 0.0, 0.0, 0.0, 0.0, 0.0, 0.0, 0.0, 0.0, 0.0, 0.0, 0.0, 0.0, 0.0, 0.0, 0.0, 0.0, 0.0, 0.0, 0.0, 0.0, 0.0, 0.0, 0.0, 0.0, 0.0, 0.0, 1.0, 0.0]"
NODE_0000307,"[3.905861447617419e-08, 4.172593850860994e-09, 1.4164076828898043e-07, 4.120384159422111e-09, 5.85821636065052e-09, 4.167813821940478e-09, 4.193664654171112e-09, 4.157785312827301e-09, 4.132542365803664e-09, 4.121452004200772e-09, 4.171381425735585e-09, 4.152467251973731e-09, 3.937064771630918e-09, 4.088703508363873e-09, 9.492508373531846e-09, 4.8205152467338725e-08, 3.0000476142298395e-08, 4.152467251974624e-09, 4.1524672519741515e-09, 3.924168376138582e-09, 1.6717424549908575e-06, 3.994855467175914e-09, 2.5496088788529533e-08, 4.1539758014653174e-09, 9.196274740852806e-09, 1.2862091657311989e-08, 3.5380248442197906e-09, 1.2220742806847672e-08, 3.921420112725431e-09, 0.9999979168161772, 4.157201316570201e-09]"
hMpxV/USA/CA-NLACPHL-MA00561/2023|EPI_ISL_18386999|2023-08-09,"[0.0, 0.0, 0.0, 0.0, 0.0, 0.0, 0.0, 0.0, 0.0, 0.0, 0.0, 0.0, 0.0, 0.0, 0.0, 0.0, 0.0, 0.0, 0.0, 0.0, 0.0, 0.0, 0.0, 0.0, 0.0, 0.0, 0.0, 0.0, 0.0, 0.9999999999999999, 0.0]"
NODE_0000308,"[5.287977793890541e-09, 5.213131157160247e-10, 1.9783535601387623e-08, 5.178814549204532e-10, 7.267909961619252e-10, 5.217078156374688e-10, 5.261031760013979e-10, 5.231682687331809e-10, 5.187477416397592e-10, 5.177956585548251e-10, 5.256922984229382e-10, 5.22845583028524e-10, 4.941126735114411e-10, 5.0822546591265e-10, 1.2512960008116873e-09, 6.532417088301189e-09, 4.072578779934653e-09, 5.228455830286951e-10, 5.228455830286202e-10, 4.902296161453985e-10, 2.684919041668236e-07, 4.992678751344891e-10, 3.458330306027945e-09, 5.228646609209402e-10, 1.1987612375812842e-09, 1.700988779559765e-09, 4.386399425148807e-10, 1.6141537689514759e-09, 4.910146128852296e-10, 0.999999676173071, 5.22893329578095e-10]"
hMpxV/USA/CA-LACPHL-MA00590/2023|EPI_ISL_18993207|2023-08-10,"[0.0, 0.0, 0.0, 0.0, 0.0, 0.0, 0.0, 0.0, 0.0, 0.0, 0.0, 0.0, 0.0, 0.0, 0.0, 0.0, 0.0, 0.0, 0.0, 0.0, 0.0, 0.0, 0.0, 0.0, 0.0, 0.0, 0.0, 0.0, 0.0, 1.0, 0.0]"
NODE_0000309,"[6.35908738821689e-22, 1.0111234126894552e-24, 3.555441401251857e-20, 8.984576357676914e-25, 3.364203613200513e-24, 9.808299611319916e-25, 1.0416669880199421e-24, 9.90427834173333e-25, 9.128443358166923e-25, 9.315470304095105e-25, 1.063044079581912e-24, 9.777145592201865e-25, 8.809514016007138e-25, 9.020351668779561e-25, 1.3975820999896583e-23, 1.9760618239012305e-21, 2.6880926026984363e-22, 9.777145592219086e-25, 9.77714559221166e-25, 8.155991637848722e-25, 3.496349415491898e-16, 7.225561010325471e-25, 2.6555087925973365e-22, 9.830733827809745e-25, 1.1414383983899675e-23, 2.8444148357420683e-23, 6.201055270046514e-25, 2.4995207971062766e-23, 7.905089875154775e-25, 0.9999999999999998, 9.934415603438185e-25]"
hMpxV/USA/CA-CDPH-1M1000408/2023|EPI_ISL_18781836|2023-09-29,"[0.0, 0.0, 0.0, 0.0, 0.0, 0.0, 0.0, 0.0, 0.0, 0.0, 0.0, 0.0, 0.0, 0.0, 0.0, 0.0, 0.0, 0.0, 0.0, 0.0, 0.0, 0.0, 0.0, 0.0, 0.0, 0.0, 0.0, 0.0, 0.0, 1.0, 0.0]"
hMpxV/USA/CA-LACPHL-MA00589/2023|EPI_ISL_18993199|2023-09-08,"[0.0, 0.0, 0.0, 0.0, 0.0, 0.0, 0.0, 0.0, 0.0, 0.0, 0.0, 0.0, 0.0, 0.0, 0.0, 0.0, 0.0, 0.0, 0.0, 0.0, 0.0, 0.0, 0.0, 0.0, 0.0, 0.0, 0.0, 0.0, 0.0, 0.9999999999999999, 0.0]"
hMpxV/USA/CA-CDPH-1M1000335/2023|EPI_ISL_18399143|2023-08-18,"[0.0, 0.0, 0.0, 0.0, 0.0, 0.0, 0.0, 0.0, 0.0, 0.0, 0.0, 0.0, 0.0, 0.0, 0.0, 0.0, 0.0, 0.0, 0.0, 0.0, 0.0, 0.0, 0.0, 0.0, 0.0, 0.0, 0.0, 0.0, 0.0, 1.0, 0.0]"
hMpxV/USA/CA-CDPH-1M1000358/2023|EPI_ISL_18786341|2023-09-18,"[0.0, 0.0, 0.0, 0.0, 0.0, 0.0, 0.0, 0.0, 0.0, 0.0, 0.0, 0.0, 0.0, 0.0, 0.0, 0.0, 0.0, 0.0, 0.0, 0.0, 0.0, 0.0, 0.0, 0.0, 0.0, 0.0, 0.0, 0.0, 0.0, 1.0, 0.0]"
hMpxV/USA/CA-CDPH-1M1000359/2023|EPI_ISL_18786342|2023-09-18,"[0.0, 0.0, 0.0, 0.0, 0.0, 0.0, 0.0, 0.0, 0.0, 0.0, 0.0, 0.0, 0.0, 0.0, 0.0, 0.0, 0.0, 0.0, 0.0, 0.0, 0.0, 0.0, 0.0, 0.0, 0.0, 0.0, 0.0, 0.0, 0.0, 1.0, 0.0]"
hMpxV/USA/CA-CDPH-1M1000366/2023|EPI_ISL_18786351|2023-09-21,"[0.0, 0.0, 0.0, 0.0, 0.0, 0.0, 0.0, 0.0, 0.0, 0.0, 0.0, 0.0, 0.0, 0.0, 0.0, 0.0, 0.0, 0.0, 0.0, 0.0, 0.0, 0.0, 0.0, 0.0, 0.0, 0.0, 0.0, 0.0, 0.0, 1.0, 0.0]"
NODE_0000310,"[3.730154260056027e-15, 1.6609113263611893e-16, 2.2409387334328215e-14, 1.6384294911973157e-16, 2.6256092828242775e-16, 1.6601155830999271e-16, 1.694138375305923e-16, 1.6817942222412894e-16, 1.641385847837409e-16, 1.6465770974515769e-16, 1.7124162947854554e-16, 1.6793058165903586e-16, 1.5661916254568789e-16, 1.5828322989170946e-16, 5.783445850678585e-16, 5.327608674264097e-15, 2.6241248853196248e-15, 1.6793058165966779e-16, 1.679305816593601e-16, 1.5240686232464245e-16, 9.995567195847803e-13, 1.5193888243467195e-16, 2.278998660790376e-15, 1.6799131190259776e-16, 5.301642476569955e-16, 8.433314043727922e-16, 1.311593729819156e-16, 7.888564684449425e-16, 1.524982572731306e-16, 0.9999999999989578, 1.6807804657596336e-16]"
hMpxV/USA/CA-LACPHL-MA00593/2023|EPI_ISL_18993210|2023-08-18,"[0.0, 0.0, 0.0, 0.0, 0.0, 0.0, 0.0, 0.0, 0.0, 0.0, 0.0, 0.0, 0.0, 0.0, 0.0, 0.0, 0.0, 0.0, 0.0, 0.0, 0.0, 0.0, 0.0, 0.0, 0.0, 0.0, 0.0, 0.0, 0.0, 1.0, 0.0]"
hMpxV/USA/CA-CDPH-1M1000334/2023|EPI_ISL_18399142|2023-08-18,"[0.0, 0.0, 0.0, 0.0, 0.0, 0.0, 0.0, 0.0, 0.0, 0.0, 0.0, 0.0, 0.0, 0.0, 0.0, 0.0, 0.0, 0.0, 0.0, 0.0, 0.0, 0.0, 0.0, 0.0, 0.0, 0.0, 0.0, 0.0, 0.0, 1.0, 0.0]"
hMpxV/USA/CA-CDPH-1M1000337/2023|EPI_ISL_18399145|2023-08-21,"[0.0, 0.0, 0.0, 0.0, 0.0, 0.0, 0.0, 0.0, 0.0, 0.0, 0.0, 0.0, 0.0, 0.0, 0.0, 0.0, 0.0, 0.0, 0.0, 0.0, 0.0, 0.0, 0.0, 0.0, 0.0, 0.0, 0.0, 0.0, 0.0, 1.0, 0.0]"
NODE_0000311,"[2.36312770209047e-08, 2.5245702143953388e-09, 8.557583341999439e-08, 2.4938996789897003e-09, 3.5407848406959777e-09, 2.5220794607456716e-09, 2.537766732177681e-09, 2.5165082339834043e-09, 2.501130509142607e-09, 2.494455018283486e-09, 2.5247668557624913e-09, 2.5133610918154644e-09, 2.382778212629129e-09, 2.4735604184066997e-09, 5.7475456161529004e-09, 2.9141219231213786e-08, 1.8158734867745423e-08, 2.513361091815959e-09, 2.5133610918156476e-09, 2.3745712159491684e-09, 1.0026143613625193e-06, 2.4176993748484202e-09, 1.5430347987602573e-08, 2.5142406145700937e-09, 5.567019475189083e-09, 7.786702741197299e-09, 2.1405563600361286e-09, 7.398513461995745e-09, 2.373249381488095e-09, 0.999998748559627, 2.5161173041115692e-09]"
hMpxV/USA/CA-CDPH-1M1000370/2023|EPI_ISL_18786357|2023-09-29,"[0.0, 0.0, 0.0, 0.0, 0.0, 0.0, 0.0, 0.0, 0.0, 0.0, 0.0, 0.0, 0.0, 0.0, 0.0, 0.0, 0.0, 0.0, 0.0, 0.0, 0.0, 0.0, 0.0, 0.0, 0.0, 0.0, 0.0, 0.0, 0.0, 0.9999999999999999, 0.0]"
NODE_0000312,"[6.442444099745642e-10, 6.33124237747314e-11, 2.4061216835927655e-09, 6.294652093470951e-11, 8.810267914062532e-11, 6.337969814531786e-11, 6.392232960534004e-11, 6.35911413874398e-11, 6.304335564767405e-11, 6.293146100341509e-11, 6.390359247083472e-11, 6.355658465935392e-11, 6.004744412606663e-11, 6.170011229467075e-11, 1.524998349856588e-10, 7.946324660779645e-10, 4.966796619057671e-10, 6.35565846594529e-11, 6.355658465940277e-11, 5.954855009138494e-11, 3.235938187868972e-08, 6.066052549413389e-11, 4.2164161989253687e-10, 6.355665351048841e-11, 1.4597469856451887e-10, 2.0728674584959756e-10, 5.325243829250946e-11, 1.9669813128791907e-10, 5.966283692706469e-11, 0.9999999609070521, 6.355519235442188e-11]"
hMpxV/USA/CA-CDPH-1M1000449/2023|EPI_ISL_18781636|2023-10-10,"[0.0, 0.0, 0.0, 0.0, 0.0, 0.0, 0.0, 0.0, 0.0, 0.0, 0.0, 0.0, 0.0, 0.0, 0.0, 0.0, 0.0, 0.0, 0.0, 0.0, 0.0, 0.0, 0.0, 0.0, 0.0, 0.0, 0.0, 0.0, 0.0, 0.9999999999999999, 0.0]"
hMpxV/USA/CA-CDPH-1M1000371/2023|EPI_ISL_18786358|2023-09-29,"[0.0, 0.0, 0.0, 0.0, 0.0, 0.0, 0.0, 0.0, 0.0, 0.0, 0.0, 0.0, 0.0, 0.0, 0.0, 0.0, 0.0, 0.0, 0.0, 0.0, 0.0, 0.0, 0.0, 0.0, 0.0, 0.0, 0.0, 0.0, 0.0, 1.0, 0.0]"
NODE_0000301,"[3.20053618542718e-08, 3.7697489770575355e-09, 1.1245170045782495e-07, 3.6948608261136958e-09, 5.340230034359387e-09, 3.756817479568694e-09, 3.769425680477551e-09, 3.723201788361889e-09, 3.7117315771258906e-09, 3.697808426926291e-09, 3.728097025552985e-09, 3.715310790017102e-09, 3.536985562474092e-09, 3.717566550033907e-09, 8.019451092768804e-09, 3.9547236231008813e-08, 2.44587734990842e-08, 3.7153107900222665e-09, 3.7153107900196737e-09, 3.5457384609065907e-09, 1.1617973723700971e-06, 3.607811914991973e-09, 2.08168242575318e-08, 3.718208203452211e-09, 7.880035927557744e-09, 1.0824847313496646e-08, 3.2269653838148823e-09, 1.0300733330293707e-08, 3.533038849505946e-09, 0.999998496949003, 3.72449148721039e-09]"
hMpxV/USA/CA-CDPH-11000324/2023|EPI_ISL_18323794|2023-08-21,"[0.0, 0.0, 0.0, 0.0, 0.0, 0.0, 0.0, 0.0, 0.0, 0.0, 0.0, 0.0, 0.0, 0.0, 0.0, 0.0, 0.0, 0.0, 0.0, 0.0, 0.0, 0.0, 0.0, 0.0, 0.0, 0.0, 0.0, 0.0, 0.0, 1.0, 0.0]"
NODE_0000302,"[2.7930090928851527e-28, 5.431972468293884e-32, 6.10943461562726e-26, 4.589014609273569e-32, 2.763425519902981e-31, 5.198241052426376e-32, 5.67133781206459e-32, 5.286536716129115e-32, 4.691405425001406e-32, 4.8430345025078286e-32, 5.868643007842789e-32, 5.189228557161418e-32, 4.556152977064072e-32, 4.621608728784722e-32, 1.8540212757507292e-30, 1.372271422511216e-27, 8.770332146819271e-29, 5.189228557170833e-32, 5.189228557166145e-32, 4.0617118161387106e-32, 1.7301480905561028e-20, 3.3603340650628696e-32, 9.337207302521918e-29, 5.230621120347818e-32, 1.3892368238878279e-30, 4.6197579085248325e-30, 2.833419699522622e-32, 3.9045821481486016e-30, 3.880416880489756e-32, 1.0, 5.310620234614656e-32]"
hMpxV/USA/CA-CDPH-1M1000422/2023|EPI_ISL_18781806|2023-10-13,"[0.0, 0.0, 0.0, 0.0, 0.0, 0.0, 0.0, 0.0, 0.0, 0.0, 0.0, 0.0, 0.0, 0.0, 0.0, 0.0, 0.0, 0.0, 0.0, 0.0, 0.0, 0.0, 0.0, 0.0, 0.0, 0.0, 0.0, 0.0, 0.0, 1.0, 0.0]"
hMpxV/USA/CA-CDPH-1M1000428/2023|EPI_ISL_18781812|2023-09-28,"[0.0, 0.0, 0.0, 0.0, 0.0, 0.0, 0.0, 0.0, 0.0, 0.0, 0.0, 0.0, 0.0, 0.0, 0.0, 0.0, 0.0, 0.0, 0.0, 0.0, 0.0, 0.0, 0.0, 0.0, 0.0, 0.0, 0.0, 0.0, 0.0, 1.0, 0.0]"
hMpxV/USA/CA-CDPH-1M1000427/2023|EPI_ISL_18781811|2023-10-03,"[0.0, 0.0, 0.0, 0.0, 0.0, 0.0, 0.0, 0.0, 0.0, 0.0, 0.0, 0.0, 0.0, 0.0, 0.0, 0.0, 0.0, 0.0, 0.0, 0.0, 0.0, 0.0, 0.0, 0.0, 0.0, 0.0, 0.0, 0.0, 0.0, 0.9999999999999999, 0.0]"
hMpxV/USA/CA-CDPH-1M1000342/2023|EPI_ISL_18452333|2023-09-25,"[0.0, 0.0, 0.0, 0.0, 0.0, 0.0, 0.0, 0.0, 0.0, 0.0, 0.0, 0.0, 0.0, 0.0, 0.0, 0.0, 0.0, 0.0, 0.0, 0.0, 0.0, 0.0, 0.0, 0.0, 0.0, 0.0, 0.0, 0.0, 0.0, 1.0, 0.0]"
hMpxV/USA/CA-CDPH-1M1000401/2023|EPI_ISL_18781925|2023-11-06,"[0.0, 0.0, 0.0, 0.0, 0.0, 0.0, 0.0, 0.0, 0.0, 0.0, 0.0, 0.0, 0.0, 0.0, 0.0, 0.0, 0.0, 0.0, 0.0, 0.0, 0.0, 0.0, 0.0, 0.0, 0.0, 0.0, 0.0, 0.0, 0.0, 1.0, 0.0]"
hMpxV/USA/CA-CDPH-1M1000444/2023|EPI_ISL_18781631|2023-11-09,"[0.0, 0.0, 0.0, 0.0, 0.0, 0.0, 0.0, 0.0, 0.0, 0.0, 0.0, 0.0, 0.0, 0.0, 0.0, 0.0, 0.0, 0.0, 0.0, 0.0, 0.0, 0.0, 0.0, 0.0, 0.0, 0.0, 0.0, 0.0, 0.0, 1.0, 0.0]"
hMpxV/USA/CA-CDPH-1M1000551/2023|EPI_ISL_19170480|2023-11-03,"[0.0, 0.0, 0.0, 0.0, 0.0, 0.0, 0.0, 0.0, 0.0, 0.0, 0.0, 0.0, 0.0, 0.0, 0.0, 0.0, 0.0, 0.0, 0.0, 0.0, 0.0, 0.0, 0.0, 0.0, 0.0, 0.0, 0.0, 0.0, 0.0, 0.9999999999999999, 0.0]"
hMpxV/USA/CA-CDPH-1M1000619/2023|EPI_ISL_19295764|2023-10-10,"[0.0, 0.0, 0.0, 0.0, 0.0, 0.0, 0.0, 0.0, 0.0, 0.0, 0.0, 0.0, 0.0, 0.0, 0.0, 0.0, 0.0, 0.0, 0.0, 0.0, 0.0, 0.0, 0.0, 0.0, 0.0, 0.0, 0.0, 0.0, 0.0, 1.0, 0.0]"
hMpxV/USA/CA-CDPH-1M1000365/2023|EPI_ISL_18786350|2023-09-22,"[0.0, 0.0, 0.0, 0.0, 0.0, 0.0, 0.0, 0.0, 0.0, 0.0, 0.0, 0.0, 0.0, 0.0, 0.0, 0.0, 0.0, 0.0, 0.0, 0.0, 0.0, 0.0, 0.0, 0.0, 0.0, 0.0, 0.0, 0.0, 0.0, 1.0, 0.0]"
NODE_0000306,"[1.1042032355522868e-08, 1.2649135107342864e-09, 3.904140337984777e-08, 1.2442962259855422e-09, 1.7797494390204682e-09, 1.26224694074311e-09, 1.2675359657286976e-09, 1.2542474057902987e-09, 1.249148648346589e-09, 1.244903036630662e-09, 1.2566173813710102e-09, 1.2520315830633311e-09, 1.1901597773447633e-09, 1.244646927626533e-09, 2.7494623355158264e-09, 1.3605179934971912e-08, 8.460185238962222e-09, 1.2520315830651158e-09, 1.2520315830642168e-09, 1.1903778552992922e-09, 4.16231963778142e-07, 1.2121583081658263e-09, 7.194956519134009e-09, 1.2527939269442665e-09, 2.6887430847977907e-09, 3.7131717173686617e-09, 1.079737441659462e-09, 3.532028188205593e-09, 1.1877691091911876e-09, 0.9999994665490431, 1.2544336867518705e-09]"
hMpxV/USA/CA-CDPH-1M1000483/2023|EPI_ISL_19143445|2023-12-08,"[0.0, 0.0, 0.0, 0.0, 0.0, 0.0, 0.0, 0.0, 0.0, 0.0, 0.0, 0.0, 0.0, 0.0, 0.0, 0.0, 0.0, 0.0, 0.0, 0.0, 0.0, 0.0, 0.0, 0.0, 0.0, 0.0, 0.0, 0.0, 0.0, 1.0, 0.0]"
hMpxV/USA/CA-CDPH-1M1000499/2023|EPI_ISL_19143476|2023-11-29,"[0.0, 0.0, 0.0, 0.0, 0.0, 0.0, 0.0, 0.0, 0.0, 0.0, 0.0, 0.0, 0.0, 0.0, 0.0, 0.0, 0.0, 0.0, 0.0, 0.0, 0.0, 0.0, 0.0, 0.0, 0.0, 0.0, 0.0, 0.0, 0.0, 0.9999999999999999, 0.0]"
NODE_0000303,"[1.4812217607142146e-08, 1.4966657453283232e-09, 5.455374775663043e-08, 1.4851699255649045e-09, 2.087039163670658e-09, 1.49729012130654e-09, 1.509073404195121e-09, 1.499817124118256e-09, 1.4880524893170164e-09, 1.485005646186253e-09, 1.5064317903999191e-09, 1.4986931725272204e-09, 1.417432457332957e-09, 1.4609901159220133e-09, 3.5424731164093263e-09, 1.8241812882045215e-08, 1.141911199755051e-08, 1.4986931725275196e-09, 1.4986931725273471e-09, 1.4077587963488934e-09, 6.854275917923611e-07, 1.4338685118503343e-09, 9.694253735219925e-09, 1.4988463296608618e-09, 3.40296693731386e-09, 4.80922870227366e-09, 1.2620988755848358e-09, 4.565545249144793e-09, 1.40943048641876e-09, 0.9999991595908487, 1.4991509680747366e-09]"
hMpxV/USA/CA-CDPH-1M1000426/2023|EPI_ISL_18781810|2023-10-11,"[0.0, 0.0, 0.0, 0.0, 0.0, 0.0, 0.0, 0.0, 0.0, 0.0, 0.0, 0.0, 0.0, 0.0, 0.0, 0.0, 0.0, 0.0, 0.0, 0.0, 0.0, 0.0, 0.0, 0.0, 0.0, 0.0, 0.0, 0.0, 0.0, 1.0, 0.0]"
NODE_0000304,"[1.8917024305258063e-18, 1.1681945884402843e-20, 4.3042305838825417e-17, 1.08154140246496e-20, 2.883379739933884e-20, 1.1468072188960224e-20, 1.1977783951075345e-20, 1.1582268822098935e-20, 1.0929649099075385e-20, 1.1074774290858194e-20, 1.2166084763819204e-20, 1.1484543425305847e-20, 1.049993185371622e-20, 1.071444772240791e-20, 9.162171219634401e-20, 4.3045681833998394e-18, 9.792813425211495e-19, 1.1484543425326066e-20, 1.1484543425315942e-20, 9.926347322033331e-21, 4.8163686581287417e-14, 9.222735461664816e-21, 9.190904688968802e-19, 1.1524717896316006e-20, 7.859489234025707e-20, 1.629424636355096e-19, 7.945179263552365e-21, 1.4686917825725038e-19, 9.741457798887563e-21, 0.9999999999999517, 1.160152552569071e-20]"
hMpxV/USA/CA-CDPH-1M1000419/2023|EPI_ISL_18781848|2023-10-11,"[0.0, 0.0, 0.0, 0.0, 0.0, 0.0, 0.0, 0.0, 0.0, 0.0, 0.0, 0.0, 0.0, 0.0, 0.0, 0.0, 0.0, 0.0, 0.0, 0.0, 0.0, 0.0, 0.0, 0.0, 0.0, 0.0, 0.0, 0.0, 0.0, 1.0, 0.0]"
hMpxV/USA/CA-CDPH-1M1000356/2023|EPI_ISL_18452347|2023-10-03,"[0.0, 0.0, 0.0, 0.0, 0.0, 0.0, 0.0, 0.0, 0.0, 0.0, 0.0, 0.0, 0.0, 0.0, 0.0, 0.0, 0.0, 0.0, 0.0, 0.0, 0.0, 0.0, 0.0, 0.0, 0.0, 0.0, 0.0, 0.0, 0.0, 1.0, 0.0]"
hMpxV/USA/CA-CDPH-1M1000465/2023|EPI_ISL_18959322|2023-12-12,"[0.0, 0.0, 0.0, 0.0, 0.0, 0.0, 0.0, 0.0, 0.0, 0.0, 0.0, 0.0, 0.0, 0.0, 0.0, 0.0, 0.0, 0.0, 0.0, 0.0, 0.0, 0.0, 0.0, 0.0, 0.0, 0.0, 0.0, 0.0, 0.0, 0.9999999999999999, 0.0]"
hMpxV/USA/CA-CDPH-1M1000438/2023|EPI_ISL_18781627|2023-11-02,"[0.0, 0.0, 0.0, 0.0, 0.0, 0.0, 0.0, 0.0, 0.0, 0.0, 0.0, 0.0, 0.0, 0.0, 0.0, 0.0, 0.0, 0.0, 0.0, 0.0, 0.0, 0.0, 0.0, 0.0, 0.0, 0.0, 0.0, 0.0, 0.0, 1.0, 0.0]"
hMpxV/USA/CA-CDPH-1M1000421/2023|EPI_ISL_19170459|2023-10-06,"[0.0, 0.0, 0.0, 0.0, 0.0, 0.0, 0.0, 0.0, 0.0, 0.0, 0.0, 0.0, 0.0, 0.0, 0.0, 0.0, 0.0, 0.0, 0.0, 0.0, 0.0, 0.0, 0.0, 0.0, 0.0, 0.0, 0.0, 0.0, 0.0, 1.0, 0.0]"
NODE_0000305,"[3.0793810483042687e-09, 2.097455668182856e-10, 1.2451708132373183e-08, 2.013844340777709e-10, 3.4073109723548155e-10, 2.0738173234659235e-10, 2.0897601136164485e-10, 2.0412938227360324e-10, 2.0205265502284187e-10, 2.0090752642703213e-10, 2.7111023289167546e-10, 2.0257495118834492e-10, 1.9636272342265254e-10, 2.049538283230407e-10, 7.48657839516742e-09, 3.865361386460344e-09, 1.884940772248708e-09, 2.0257495118862698e-10, 2.0257495118848543e-10, 1.9028631511054788e-10, 3.511610286966059e-07, 2.361288465957318e-10, 1.6336257774108627e-09, 2.032593107497375e-10, 5.746593401217573e-10, 7.315626310326939e-10, 6.713337414588235e-10, 6.939186439930619e-10, 3.6108736728964244e-10, 0.9999996115150147, 2.0466485093503164e-10]"
hMpxV/USA/CA-CDPH-1M1000475/2024|EPI_ISL_19143469|2024-02-10,"[0.0, 0.0, 0.0, 0.0, 0.0, 0.0, 0.0, 0.0, 0.0, 0.0, 0.0, 0.0, 0.0, 0.0, 0.0, 0.0, 0.0, 0.0, 0.0, 0.0, 0.0, 0.0, 0.0, 0.0, 0.0, 0.0, 0.0, 0.0, 0.0, 1.0, 0.0]"
hMpxV/USA/CA-CDPH-1M1000479/2024|EPI_ISL_19143473|2024-02-13,"[0.0, 0.0, 0.0, 0.0, 0.0, 0.0, 0.0, 0.0, 0.0, 0.0, 0.0, 0.0, 0.0, 0.0, 0.0, 0.0, 0.0, 0.0, 0.0, 0.0, 0.0, 0.0, 0.0, 0.0, 0.0, 0.0, 0.0, 0.0, 0.0, 1.0, 0.0]"
hMpxV/Japan/TMIPH-0002/2024|EPI_ISL_19151801|2024-04-06,"[0.0, 0.0, 0.0, 0.0, 0.0, 0.0, 0.0, 0.0, 0.0, 0.0, 0.0, 0.0, 0.0, 0.0, 1.0, 0.0, 0.0, 0.0, 0.0, 0.0, 0.0, 0.0, 0.0, 0.0, 0.0, 0.0, 0.0, 0.0, 0.0, 0.0, 0.0]"
hMpxV/USA/IL-RIPHL-050-0134/2023|EPI_ISL_19016764|2023-10-31,"[0.0, 0.0, 0.0, 0.0, 0.0, 0.0, 0.0, 0.0, 0.0, 0.0, 0.0, 0.0, 0.0, 0.0, 0.0, 0.0, 0.0, 0.0, 0.0, 0.0, 0.0, 0.0, 0.0, 0.0, 0.0, 0.0, 0.0, 0.0, 0.0, 1.0, 0.0]"
NODE_0000156,"[8.90314837092617e-08, 9.685285921456214e-09, 3.209644443093534e-07, 9.545786490466197e-09, 1.3641614707191965e-08, 9.667556885926338e-09, 9.722602681849402e-09, 9.63024645750586e-09, 9.577429080256577e-09, 9.549720815186449e-09, 9.658287756095732e-09, 9.616089516660602e-09, 9.125082650314866e-09, 9.502893032328589e-09, 2.1748582190120132e-08, 1.0996592650247649e-07, 6.831113798553294e-08, 9.616089516662424e-09, 9.61608951666174e-09, 9.106906298669834e-09, 3.680644243765553e-06, 9.267867013237424e-09, 5.807327712115709e-08, 9.620476931778387e-09, 2.112897205367292e-08, 2.9453093849825313e-08, 8.226900427838217e-09, 2.7991880323819033e-08, 9.093826989333196e-09, 0.9999953795862657, 9.629939841502672e-09]"
hMpxV/USA/IL-RIPHL-050-0058/2023|EPI_ISL_17821100|2023-05-17,"[0.0, 0.0, 0.0, 0.0, 0.0, 0.0, 0.0, 0.0, 0.0, 0.0, 0.0, 0.0, 0.0, 0.0, 0.0, 0.0, 0.0, 0.0, 0.0, 0.0, 0.0, 0.0, 0.0, 0.0, 0.0, 0.0, 0.0, 0.0, 0.0, 1.0, 0.0]"
NODE_0000157,"[1.8369363653474995e-51, 4.973843317535958e-59, 2.569337610166597e-46, 2.8850039141177086e-59, 2.4855805404482918e-57, 4.336959454133238e-59, 5.09952980775256e-59, 4.051371052912737e-59, 3.1383616977070108e-59, 3.3649474982568866e-59, 5.13868354921967e-59, 3.8010310521854235e-59, 3.156684403090932e-59, 3.766431641054833e-59, 4.704265249911874e-56, 9.514228274200747e-50, 1.090052536564378e-52, 3.8010310521922206e-59, 3.801031052188555e-59, 2.5575990224455005e-59, 1.785024849758096e-34, 1.5078448353591054e-59, 1.7508125821178553e-52, 3.9122395597536548e-59, 3.0173197930170766e-56, 3.0622685238722712e-55, 1.364439996622463e-59, 2.547113342631489e-55, 2.169232431980349e-59, 0.9999999999999999, 4.139509322389946e-59]"
hMpxV/USA/CA-CDPH-1M1000346/2023|EPI_ISL_18452337|2023-09-30,"[0.0, 0.0, 0.0, 0.0, 0.0, 0.0, 0.0, 0.0, 0.0, 0.0, 0.0, 0.0, 0.0, 0.0, 0.0, 0.0, 0.0, 0.0, 0.0, 0.0, 0.0, 0.0, 0.0, 0.0, 0.0, 0.0, 0.0, 0.0, 0.0, 1.0, 0.0]"
hMpxV/USA/IL-RIPHL-050-0057/2023|EPI_ISL_17821099|2023-05-18,"[0.0, 0.0, 0.0, 0.0, 0.0, 0.0, 0.0, 0.0, 0.0, 0.0, 0.0, 0.0, 0.0, 0.0, 0.0, 0.0, 0.0, 0.0, 0.0, 0.0, 0.0, 0.0, 0.0, 0.0, 0.0, 0.0, 0.0, 0.0, 0.0, 0.9999999999999999, 0.0]"
hMpxV/USA/IL-RIPHL-052-0038/2023|EPI_ISL_17821097|2023-05-11,"[0.0, 0.0, 0.0, 0.0, 0.0, 0.0, 0.0, 0.0, 0.0, 0.0, 0.0, 0.0, 0.0, 0.0, 0.0, 0.0, 0.0, 0.0, 0.0, 0.0, 0.0, 0.0, 0.0, 0.0, 0.0, 0.0, 0.0, 0.0, 0.0, 1.0, 0.0]"
hMpxV/USA/CA-LACPHL-MA00529/2023|EPI_ISL_18161306|2023-07-03,"[0.0, 0.0, 0.0, 0.0, 0.0, 0.0, 0.0, 0.0, 0.0, 0.0, 0.0, 0.0, 0.0, 0.0, 0.0, 0.0, 0.0, 0.0, 0.0, 0.0, 0.0, 0.0, 0.0, 0.0, 0.0, 0.0, 0.0, 0.0, 0.0, 1.0, 0.0]"
hMpxV/USA/CA-LACPHL-MA00544/2023|EPI_ISL_18161320|2023-06-28,"[0.0, 0.0, 0.0, 0.0, 0.0, 0.0, 0.0, 0.0, 0.0, 0.0, 0.0, 0.0, 0.0, 0.0, 0.0, 0.0, 0.0, 0.0, 0.0, 0.0, 0.0, 0.0, 0.0, 0.0, 0.0, 0.0, 0.0, 0.0, 0.0, 1.0, 0.0]"
hMpxV/USA/CA-LACPHL-MA00527/2023|EPI_ISL_18161304|2023-06-07,"[0.0, 0.0, 0.0, 0.0, 0.0, 0.0, 0.0, 0.0, 0.0, 0.0, 0.0, 0.0, 0.0, 0.0, 0.0, 0.0, 0.0, 0.0, 0.0, 0.0, 0.0, 0.0, 0.0, 0.0, 0.0, 0.0, 0.0, 0.0, 0.0, 1.0, 0.0]"
hMpxV/USA/IL-RIPHL-050-0059/2023|EPI_ISL_17821101|2023-05-23,"[0.0, 0.0, 0.0, 0.0, 0.0, 0.0, 0.0, 0.0, 0.0, 0.0, 0.0, 0.0, 0.0, 0.0, 0.0, 0.0, 0.0, 0.0, 0.0, 0.0, 0.0, 0.0, 0.0, 0.0, 0.0, 0.0, 0.0, 0.0, 0.0, 1.0, 0.0]"
hMpxV/USA/IL-RIPHL-04-0075/2023|EPI_ISL_18137802|2023-06-22,"[0.0, 0.0, 0.0, 0.0, 0.0, 0.0, 0.0, 0.0, 0.0, 0.0, 0.0, 0.0, 0.0, 0.0, 0.0, 0.0, 0.0, 0.0, 0.0, 0.0, 0.0, 0.0, 0.0, 0.0, 0.0, 0.0, 0.0, 0.0, 0.0, 1.0, 0.0]"
hMpxV/USA/IL-RIPHL-04-0019/2023|EPI_ISL_18137814|2023-04-20,"[0.0, 0.0, 0.0, 0.0, 0.0, 0.0, 0.0, 0.0, 0.0, 0.0, 0.0, 0.0, 0.0, 0.0, 0.0, 0.0, 0.0, 0.0, 0.0, 0.0, 0.0, 0.0, 0.0, 0.0, 0.0, 0.0, 0.0, 0.0, 0.0, 1.0, 0.0]"
hMpxV/USA/IL-RIPHL-052-0079/2023|EPI_ISL_18137805|2023-07-02,"[0.0, 0.0, 0.0, 0.0, 0.0, 0.0, 0.0, 0.0, 0.0, 0.0, 0.0, 0.0, 0.0, 0.0, 0.0, 0.0, 0.0, 0.0, 0.0, 0.0, 0.0, 0.0, 0.0, 0.0, 0.0, 0.0, 0.0, 0.0, 0.0, 1.0, 0.0]"
hMpxV/USA/IL-RIPHL-04-0022/2023|EPI_ISL_18137816|2023-05-04,"[0.0, 0.0, 0.0, 0.0, 0.0, 0.0, 0.0, 0.0, 0.0, 0.0, 0.0, 0.0, 0.0, 0.0, 0.0, 0.0, 0.0, 0.0, 0.0, 0.0, 0.0, 0.0, 0.0, 0.0, 0.0, 0.0, 0.0, 0.0, 0.0, 1.0, 0.0]"
hMpxV/USA/IL-RIPHL-050-0087/2023|EPI_ISL_18137812|2023-07-12,"[0.0, 0.0, 0.0, 0.0, 0.0, 0.0, 0.0, 0.0, 0.0, 0.0, 0.0, 0.0, 0.0, 0.0, 0.0, 0.0, 0.0, 0.0, 0.0, 0.0, 0.0, 0.0, 0.0, 0.0, 0.0, 0.0, 0.0, 0.0, 0.0, 1.0, 0.0]"
hMpxV/USA/IL-RIPHL-04-0023/2023|EPI_ISL_18137817|2023-05-07,"[0.0, 0.0, 0.0, 0.0, 0.0, 0.0, 0.0, 0.0, 0.0, 0.0, 0.0, 0.0, 0.0, 0.0, 0.0, 0.0, 0.0, 0.0, 0.0, 0.0, 0.0, 0.0, 0.0, 0.0, 0.0, 0.0, 0.0, 0.0, 0.0, 1.0, 0.0]"
hMpxV/USA/IL-RIPHL-04-0045/2023|EPI_ISL_18137819|2023-05-16,"[0.0, 0.0, 0.0, 0.0, 0.0, 0.0, 0.0, 0.0, 0.0, 0.0, 0.0, 0.0, 0.0, 0.0, 0.0, 0.0, 0.0, 0.0, 0.0, 0.0, 0.0, 0.0, 0.0, 0.0, 0.0, 0.0, 0.0, 0.0, 0.0, 1.0, 0.0]"
hMpxV/USA/IL-RIPHL-04-0044/2023|EPI_ISL_18137818|2023-05-10,"[0.0, 0.0, 0.0, 0.0, 0.0, 0.0, 0.0, 0.0, 0.0, 0.0, 0.0, 0.0, 0.0, 0.0, 0.0, 0.0, 0.0, 0.0, 0.0, 0.0, 0.0, 0.0, 0.0, 0.0, 0.0, 0.0, 0.0, 0.0, 0.0, 0.9999999999999999, 0.0]"
hMpxV/USA/IL-RIPHL-04-0020/2023|EPI_ISL_18137815|2023-04-27,"[0.0, 0.0, 0.0, 0.0, 0.0, 0.0, 0.0, 0.0, 0.0, 0.0, 0.0, 0.0, 0.0, 0.0, 0.0, 0.0, 0.0, 0.0, 0.0, 0.0, 0.0, 0.0, 0.0, 0.0, 0.0, 0.0, 0.0, 0.0, 0.0, 1.0, 0.0]"
hMpxV/USA/CA-LACPHL-MA00502/2023|EPI_ISL_18161279|2023-05-02,"[0.0, 0.0, 0.0, 0.0, 0.0, 0.0, 0.0, 0.0, 0.0, 0.0, 0.0, 0.0, 0.0, 0.0, 0.0, 0.0, 0.0, 0.0, 0.0, 0.0, 0.0, 0.0, 0.0, 0.0, 0.0, 0.0, 0.0, 0.0, 0.0, 0.9999999999999999, 0.0]"
hMpxV/USA/IL-RIPHL-050-0095/2023|EPI_ISL_18285985|2023-08-03,"[0.0, 0.0, 0.0, 0.0, 0.0, 0.0, 0.0, 0.0, 0.0, 0.0, 0.0, 0.0, 0.0, 0.0, 0.0, 0.0, 0.0, 0.0, 0.0, 0.0, 0.0, 0.0, 0.0, 0.0, 0.0, 0.0, 0.0, 0.0, 0.0, 1.0, 0.0]"
hMpxV/USA/IL-RIPHL-0061/2023|EPI_ISL_17979001|2023-05-31,"[0.0, 0.0, 0.0, 0.0, 0.0, 0.0, 0.0, 0.0, 0.0, 0.0, 0.0, 0.0, 0.0, 0.0, 0.0, 0.0, 0.0, 0.0, 0.0, 0.0, 0.0, 0.0, 0.0, 0.0, 0.0, 0.0, 0.0, 0.0, 0.0, 0.9999999999999999, 0.0]"
hMpxV/USA/IL-RIPHL-0060/2023|EPI_ISL_17979000|2023-05-31,"[0.0, 0.0, 0.0, 0.0, 0.0, 0.0, 0.0, 0.0, 0.0, 0.0, 0.0, 0.0, 0.0, 0.0, 0.0, 0.0, 0.0, 0.0, 0.0, 0.0, 0.0, 0.0, 0.0, 0.0, 0.0, 0.0, 0.0, 0.0, 0.0, 0.9999999999999999, 0.0]"
hMpxV/USA/CA-CDPH-1M1000616/2023|EPI_ISL_19295761|2023-10-12,"[0.0, 0.0, 0.0, 0.0, 0.0, 0.0, 0.0, 0.0, 0.0, 0.0, 0.0, 0.0, 0.0, 0.0, 0.0, 0.0, 0.0, 0.0, 0.0, 0.0, 0.0, 0.0, 0.0, 0.0, 0.0, 0.0, 0.0, 0.0, 0.0, 1.0, 0.0]"
NODE_0000297,"[1.2951599155640928e-08, 1.4180323069544983e-09, 4.659070985744149e-08, 1.3970662859226767e-09, 1.9978318605942204e-09, 1.4153001039318497e-09, 1.423084660742561e-09, 1.4092906287989144e-09, 1.4018303475935496e-09, 1.3976789190737408e-09, 1.413211662198895e-09, 1.4071492884381604e-09, 1.3356343222815617e-09, 1.3918880288174156e-09, 3.1705226362517296e-09, 1.5996165031827527e-08, 9.934339058169412e-09, 1.4071492884401322e-09, 1.4071492884391383e-09, 1.333418714936838e-09, 5.294670819853073e-07, 1.3570068773430934e-09, 8.446175930541402e-09, 1.4078261637630193e-09, 3.083004196715035e-09, 4.2925031536431e-09, 1.2052706074129787e-09, 4.079966923905782e-09, 1.3313055050922052e-09, 0.9999993337215206, 1.4092865165435272e-09]"
hMpxV/USA/IL-RIPHL-052-0039/2023|EPI_ISL_17821098|2023-05-15,"[0.0, 0.0, 0.0, 0.0, 0.0, 0.0, 0.0, 0.0, 0.0, 0.0, 0.0, 0.0, 0.0, 0.0, 0.0, 0.0, 0.0, 0.0, 0.0, 0.0, 0.0, 0.0, 0.0, 0.0, 0.0, 0.0, 0.0, 0.0, 0.0, 1.0, 0.0]"
hMpxV/USA/IL-RIPHL-0068/2023|EPI_ISL_17979002|2023-06-14,"[0.0, 0.0, 0.0, 0.0, 0.0, 0.0, 0.0, 0.0, 0.0, 0.0, 0.0, 0.0, 0.0, 0.0, 0.0, 0.0, 0.0, 0.0, 0.0, 0.0, 0.0, 0.0, 0.0, 0.0, 0.0, 0.0, 0.0, 0.0, 0.0, 1.0, 0.0]"
NODE_0000298,"[3.96169917459185e-10, 3.089183122879449e-11, 1.8510645131385359e-09, 3.0072547387465496e-11, 4.729148051774153e-11, 3.081106930938378e-11, 3.101532289335912e-11, 3.056943723587408e-11, 3.0257189895311563e-11, 3.020539748773375e-11, 3.080091205339008e-11, 3.046232226100867e-11, 2.8860732589356196e-11, 3.022716429866646e-11, 7.791262642221203e-11, 5.351401628420752e-10, 2.811721138163413e-10, 3.046232226105335e-11, 3.046232226103137e-11, 2.867108677992977e-11, 3.578084996893439e-08, 2.883998689996649e-11, 2.4362029671791026e-10, 3.05060891418331e-11, 7.562578157917313e-11, 1.0945854397207347e-10, 2.5650138906332374e-11, 1.0338533631233752e-10, 2.8525041526871525e-11, 0.9999999599304258, 3.059254715748944e-11]"
hMpxV/USA/IL-RIPHL-050-0158/2024|EPI_ISL_19031633|2024-02-19,"[0.0, 0.0, 0.0, 0.0, 0.0, 0.0, 0.0, 0.0, 0.0, 0.0, 0.0, 0.0, 0.0, 0.0, 0.0, 0.0, 0.0, 0.0, 0.0, 0.0, 0.0, 0.0, 0.0, 0.0, 0.0, 0.0, 0.0, 0.0, 0.0, 0.9999999999999999, 0.0]"
hMpxV/USA/IL-RIPHL-050-0165/2024|EPI_ISL_19031637|2024-03-01,"[0.0, 0.0, 0.0, 0.0, 0.0, 0.0, 0.0, 0.0, 0.0, 0.0, 0.0, 0.0, 0.0, 0.0, 0.0, 0.0, 0.0, 0.0, 0.0, 0.0, 0.0, 0.0, 0.0, 0.0, 0.0, 0.0, 0.0, 0.0, 0.0, 1.0, 0.0]"
hMpxV/USA/IL-RIPHL-050-0164/2024|EPI_ISL_19031636|2024-03-01,"[0.0, 0.0, 0.0, 0.0, 0.0, 0.0, 0.0, 0.0, 0.0, 0.0, 0.0, 0.0, 0.0, 0.0, 0.0, 0.0, 0.0, 0.0, 0.0, 0.0, 0.0, 0.0, 0.0, 0.0, 0.0, 0.0, 0.0, 0.0, 0.0, 1.0, 0.0]"
NODE_0000273,"[9.78795942247709e-11, 5.2405209093959055e-12, 1.063698172991946e-08, 4.999704529048246e-12, 1.2629520706410479e-11, 5.195715372597811e-12, 5.446082470131105e-12, 5.278640624369684e-12, 5.3058328311334585e-12, 5.885924536848789e-12, 5.245331073528306e-12, 5.104268991128445e-12, 4.92215627926626e-12, 7.57957762800068e-12, 1.2576176083552185e-11, 1.3121425334327644e-10, 7.976039092929091e-11, 5.104268991135787e-12, 5.104268991132104e-12, 5.30544858941341e-12, 2.6508846712550055e-08, 4.67195955724015e-12, 7.216239826335202e-10, 5.191031359012099e-12, 3.340123548110235e-11, 1.91814530793203e-11, 4.186811941905083e-12, 1.8302695315186063e-11, 4.648599493759241e-12, 0.9999999616278287, 5.3575231618577445e-12]"
hMpxV/USA/IL-RIPHL-050-0155/2024|EPI_ISL_19031631|2024-02-29,"[0.0, 0.0, 0.0, 0.0, 0.0, 0.0, 0.0, 0.0, 0.0, 0.0, 0.0, 0.0, 0.0, 0.0, 0.0, 0.0, 0.0, 0.0, 0.0, 0.0, 0.0, 0.0, 0.0, 0.0, 0.0, 0.0, 0.0, 0.0, 0.0, 0.9999999999999999, 0.0]"
hMpxV/USA/IL-RIPHL-004-0159/2024|EPI_ISL_19158948|2024-03-08,"[0.0, 0.0, 0.0, 0.0, 0.0, 0.0, 0.0, 0.0, 0.0, 0.0, 0.0, 0.0, 0.0, 0.0, 0.0, 0.0, 0.0, 0.0, 0.0, 0.0, 0.0, 0.0, 0.0, 0.0, 0.0, 0.0, 0.0, 0.0, 0.0, 1.0, 0.0]"
hMpxV/USA/IL-RIPHL-050-0153/2024|EPI_ISL_19016819|2024-02-19,"[0.0, 0.0, 0.0, 0.0, 0.0, 0.0, 0.0, 0.0, 0.0, 0.0, 0.0, 0.0, 0.0, 0.0, 0.0, 0.0, 0.0, 0.0, 0.0, 0.0, 0.0, 0.0, 0.0, 0.0, 0.0, 0.0, 0.0, 0.0, 0.0, 0.9999999999999999, 0.0]"
NODE_0000274,"[0.00022676637386495458, 8.159083899669785e-05, 0.0014434709666850238, 8.082336709398282e-05, 9.748008864948105e-05, 8.16843361660802e-05, 8.09837921196075e-05, 8.046257408669327e-05, 8.395142199322482e-05, 0.00011960328287133547, 7.938241549194131e-05, 8.014830123574905e-05, 7.605855489835412e-05, 0.0002012396686502083, 9.992974329477806e-05, 0.0002638635149044107, 0.0006567217375290858, 8.014830123576342e-05, 8.014830123575922e-05, 0.00010556079166053584, 0.001942124131302793, 8.095319677672107e-05, 0.19308300029939104, 8.028737714259814e-05, 0.0007380733699458629, 0.00013825348624358835, 7.072085979745135e-05, 0.00013473292784712306, 7.728956717711734e-05, 0.799473963480677, 8.058293103504859e-05]"
hMpxV/Portugal/INSA-PT0828/2024|EPI_ISL_19366742|2024-08-13,"[0.0, 0.0, 0.0, 0.0, 0.0, 0.0, 0.0, 0.0, 0.0, 0.0, 0.0, 0.0, 0.0, 0.0, 0.0, 0.0, 0.0, 0.0, 0.0, 0.0, 0.0, 0.0, 0.9999999999999999, 0.0, 0.0, 0.0, 0.0, 0.0, 0.0, 0.0, 0.0]"
hMpxV/USA/IL-RIPHL-050-0201/2024|EPI_ISL_19474703|2024-08-23,"[0.0, 0.0, 0.0, 0.0, 0.0, 0.0, 0.0, 0.0, 0.0, 0.0, 0.0, 0.0, 0.0, 0.0, 0.0, 0.0, 0.0, 0.0, 0.0, 0.0, 0.0, 0.0, 0.0, 0.0, 0.0, 0.0, 0.0, 0.0, 0.0, 0.9999999999999999, 0.0]"
NODE_0000275,"[2.658549231986748e-05, 5.832926105634173e-06, 0.9986942977067745, 5.7777320715411555e-06, 2.306380422633726e-05, 5.835301595237798e-06, 6.598616222267818e-06, 5.730582423380829e-06, 5.799935265797327e-06, 5.766432112835731e-06, 5.659779324926495e-06, 5.728018155634517e-06, 5.418624681754193e-06, 5.899838139113779e-06, 5.01510463400496e-06, 1.728928433620565e-05, 8.379242865426453e-06, 5.728018155634099e-06, 5.728018155634227e-06, 5.549242392315955e-06, 0.00014868773966980465, 5.765921536176226e-06, 6.423206306669586e-05, 5.727915034688819e-06, 5.394798009032183e-06, 6.8402845270950285e-06, 5.035196559886976e-06, 6.796358618735042e-06, 5.527046002951046e-06, 0.000884579556996052, 5.729420020846816e-06]"
hMpxV/Brazil/PR-FIOCRUZ-10550/2024|EPI_ISL_19416187|2024-08-05,"[0.0, 0.0, 1.0, 0.0, 0.0, 0.0, 0.0, 0.0, 0.0, 0.0, 0.0, 0.0, 0.0, 0.0, 0.0, 0.0, 0.0, 0.0, 0.0, 0.0, 0.0, 0.0, 0.0, 0.0, 0.0, 0.0, 0.0, 0.0, 0.0, 0.0, 0.0]"
NODE_0000276,"[6.89100218349128e-08, 1.3161873319042513e-08, 0.9999980226285128, 1.3214619630807587e-08, 8.93693236674199e-08, 1.3199018064136404e-08, 1.6016421650106444e-08, 1.3106554726110631e-08, 1.3218439235062597e-08, 1.3170037149455972e-08, 1.2963152071404858e-08, 1.3130214325303011e-08, 1.2233126726007278e-08, 1.3176507824588574e-08, 9.30511466940566e-09, 3.454749726122819e-08, 1.3843978811907458e-08, 1.313021432529921e-08, 1.3130214325299802e-08, 1.2463081623030116e-08, 4.041403778195888e-07, 1.2984376032431368e-08, 3.1697845605469205e-07, 1.3114941310760794e-08, 9.912218607449493e-09, 1.3140486133490808e-08, 1.095454865343952e-08, 1.3234666208065832e-08, 1.2459520125094074e-08, 7.56075054035314e-07, 1.3087431400379074e-08]"
hMpxV/Brazil/SP-IAL-357924058/2024|EPI_ISL_19446294|2024-09-02,"[0.0, 0.0, 1.0, 0.0, 0.0, 0.0, 0.0, 0.0, 0.0, 0.0, 0.0, 0.0, 0.0, 0.0, 0.0, 0.0, 0.0, 0.0, 0.0, 0.0, 0.0, 0.0, 0.0, 0.0, 0.0, 0.0, 0.0, 0.0, 0.0, 0.0, 0.0]"
hMpxV/Brazil/SP-IAL-357947559/2024|EPI_ISL_19446310|2024-09-16,"[0.0, 0.0, 0.9999999999999999, 0.0, 0.0, 0.0, 0.0, 0.0, 0.0, 0.0, 0.0, 0.0, 0.0, 0.0, 0.0, 0.0, 0.0, 0.0, 0.0, 0.0, 0.0, 0.0, 0.0, 0.0, 0.0, 0.0, 0.0, 0.0, 0.0, 0.0, 0.0]"
NODE_0000292,"[0.00011334245944876854, 4.4388441147444755e-05, 0.00020442086269470988, 4.4443258671220465e-05, 5.090278761571689e-05, 4.4617313808952805e-05, 4.407899409207257e-05, 4.384411437763245e-05, 4.456376322580125e-05, 4.408266777017425e-05, 4.3114909629806903e-05, 4.386566338794721e-05, 4.2886965527042076e-05, 4.755410633907212e-05, 5.2361723794318455e-05, 0.00012650890019265471, 0.0003883004756492947, 4.386566338795294e-05, 4.3865663387949975e-05, 4.2252748237017336e-05, 0.00046416252950048806, 6.817707853248928e-05, 9.776384441715539e-05, 4.384564642808422e-05, 5.384284474781454e-05, 7.22740444782098e-05, 3.848722754872881e-05, 0.0036004299240681554, 4.238702695751585e-05, 0.9939215512038548, 4.3817147080857494e-05]"
hMpxV/USA/CA-CDPH-1M1000492/2023|EPI_ISL_19143454|2023-12-28,"[0.0, 0.0, 0.0, 0.0, 0.0, 0.0, 0.0, 0.0, 0.0, 0.0, 0.0, 0.0, 0.0, 0.0, 0.0, 0.0, 0.0, 0.0, 0.0, 0.0, 0.0, 0.0, 0.0, 0.0, 0.0, 0.0, 0.0, 0.0, 0.0, 1.0, 0.0]"
NODE_0000293,"[0.0008317199311612907, 0.0006420358413389241, 0.0010346676521729764, 0.0006526103381440865, 0.0006478507298912991, 0.0006471004937267696, 0.0006380536203659372, 0.0006379319619432156, 0.0006529277244030959, 0.0006454268587708676, 0.000622757904389828, 0.0006398300421786919, 0.0008259599639564759, 0.0010780923664954814, 0.0005634956252071349, 0.0009442958138269703, 0.05276225546022403, 0.0006398300421782716, 0.0006398300421784197, 0.0006047558121392024, 0.001347725549280188, 0.003116964661951757, 0.001754749252019268, 0.0006386965835608061, 0.0005832068231708334, 0.0008298847528356203, 0.0005485050373466446, 0.870810631257815, 0.000610393047100773, 0.05277110452299601, 0.0006367102872303026]"
NODE_0000296,"[3.965397981117467e-09, 6.69389275174595e-09, 3.1156906996558588e-09, 6.965099144176488e-09, 5.735496950537381e-09, 6.8001711647746034e-09, 6.669340807269036e-09, 6.731297282069267e-09, 6.948400673597748e-09, 6.801900986627423e-09, 6.506973364971572e-09, 6.7678910439490016e-09, 1.3600111846003301e-08, 2.5650133176272504e-08, 3.837129776941349e-09, 4.4212187612351225e-09, 0.9999992910759183, 6.767891043959277e-09, 6.7678910439583975e-09, 6.2542224869412996e-09, 2.238389941354207e-09, 1.0187400474023312e-08, 3.975118597595756e-08, 6.747586236084397e-09, 3.884615789567422e-09, 6.4137594784813975e-09, 5.2682862935366935e-09, 4.4930661397060673e-07, 6.378247832562632e-09, 3.103762427557705e-08, 6.71022025489494e-09]"
hMpxV/Netherlands/un-EMC-NL108/2024|EPI_ISL_19356929|2024-05-15,"[0.0, 0.0, 0.0, 0.0, 0.0, 0.0, 0.0, 0.0, 0.0, 0.0, 0.0, 0.0, 0.0, 0.0, 0.0, 0.0, 1.0, 0.0, 0.0, 0.0, 0.0, 0.0, 0.0, 0.0, 0.0, 0.0, 0.0, 0.0, 0.0, 0.0, 0.0]"
hMpxV/Netherlands/un-EMC-NL107/2024|EPI_ISL_19356928|2024-05-15,"[0.0, 0.0, 0.0, 0.0, 0.0, 0.0, 0.0, 0.0, 0.0, 0.0, 0.0, 0.0, 0.0, 0.0, 0.0, 0.0, 1.0, 0.0, 0.0, 0.0, 0.0, 0.0, 0.0, 0.0, 0.0, 0.0, 0.0, 0.0, 0.0, 0.0, 0.0]"
NODE_0000294,"[0.00016641378612100599, 0.00014679039910599383, 0.00019745648878787136, 0.00014966542841109685, 0.00014455117243349002, 0.00014809251875891755, 0.00014604797049403242, 0.00014605558591418983, 0.00014952387878444355, 0.00014775325416307089, 0.0001426842324955526, 0.00014667764092777023, 0.0002174898070486984, 0.000238647722921485, 0.00014082028513227757, 0.00019787921919701783, 0.010376998643020347, 0.0001466776409275525, 0.00014667764092763405, 0.00013677552833821045, 0.00026221863003427485, 0.0027108145157671492, 0.00035297271160626855, 0.00014631546526520174, 0.0001235344107106614, 0.00018535742825541427, 0.00014392447111153078, 0.9742441772529906, 0.00013918255945817885, 0.008112157188477354, 0.00014566652241256682]"
hMpxV/Spain/GA-CHUAC-01/2024|EPI_ISL_19416107|2024-02-27,"[0.0, 0.0, 0.0, 0.0, 0.0, 0.0, 0.0, 0.0, 0.0, 0.0, 0.0, 0.0, 0.0, 0.0, 0.0, 0.0, 0.0, 0.0, 0.0, 0.0, 0.0, 0.0, 0.0, 0.0, 0.0, 0.0, 0.0, 1.0, 0.0, 0.0, 0.0]"
NODE_0000295,"[8.481708741797307e-12, 2.314016823485451e-11, 5.432378018909312e-12, 2.4343245801658487e-11, 1.8314759346799766e-11, 2.3616821790665935e-11, 2.3198330128073428e-11, 2.3468002357466397e-11, 2.4230293541307404e-11, 2.3620690201017457e-11, 2.2652594543751575e-11, 2.3658051501691156e-11, 9.172534369220974e-11, 2.3004442155940218e-11, 4.4600270518482056e-11, 1.1509134394199196e-11, 3.054131372140088e-11, 2.3658051501712288e-11, 2.365805150170055e-11, 2.0514890492213698e-11, 3.482668897765542e-12, 0.9999999979883615, 1.18210068934671e-11, 2.355030308132121e-11, 9.669713645086223e-12, 2.1364885085613546e-11, 7.13974976215421e-11, 1.3092486328102317e-09, 2.122703275323393e-11, 3.158650198076198e-12, 2.334918516612345e-11]"
hMpxV/Philippines/RITM-010/2024|EPI_ISL_19420633|2024-08-08,"[0.0, 0.0, 0.0, 0.0, 0.0, 0.0, 0.0, 0.0, 0.0, 0.0, 0.0, 0.0, 0.0, 0.0, 0.0, 0.0, 0.0, 0.0, 0.0, 0.0, 0.0, 1.0, 0.0, 0.0, 0.0, 0.0, 0.0, 0.0, 0.0, 0.0, 0.0]"
hMpxV/Philippines/RITM-020/2024|EPI_ISL_19456606|2024-09-03,"[0.0, 0.0, 0.0, 0.0, 0.0, 0.0, 0.0, 0.0, 0.0, 0.0, 0.0, 0.0, 0.0, 0.0, 0.0, 0.0, 0.0, 0.0, 0.0, 0.0, 0.0, 1.0, 0.0, 0.0, 0.0, 0.0, 0.0, 0.0, 0.0, 0.0, 0.0]"
hMpxV/Philippines/RITM-024/2024|EPI_ISL_19456607|2024-09-07,"[0.0, 0.0, 0.0, 0.0, 0.0, 0.0, 0.0, 0.0, 0.0, 0.0, 0.0, 0.0, 0.0, 0.0, 0.0, 0.0, 0.0, 0.0, 0.0, 0.0, 0.0, 1.0, 0.0, 0.0, 0.0, 0.0, 0.0, 0.0, 0.0, 0.0, 0.0]"
hMpxV/Philippines/RITM-011/2024|EPI_ISL_19456511|2024-08-22,"[0.0, 0.0, 0.0, 0.0, 0.0, 0.0, 0.0, 0.0, 0.0, 0.0, 0.0, 0.0, 0.0, 0.0, 0.0, 0.0, 0.0, 0.0, 0.0, 0.0, 0.0, 1.0, 0.0, 0.0, 0.0, 0.0, 0.0, 0.0, 0.0, 0.0, 0.0]"
NODE_0000277,"[1.015326634036887e-05, 1.919285097254159e-06, 2.8741574351696863e-05, 1.8673188390595254e-06, 2.6181114427209247e-06, 1.9131068189665073e-06, 1.8969731530944934e-06, 1.8659006094653004e-06, 1.881938606537782e-06, 1.8673090103387236e-06, 1.8517946443383251e-06, 1.8591549251284252e-06, 1.792404738924498e-06, 1.9341351386418486e-06, 3.12006937180536e-06, 1.1904183509054549e-05, 7.81161327640126e-06, 1.8591549251286029e-06, 1.859154925128536e-06, 1.825456761913261e-06, 0.00014522243906857127, 1.8747677012481555e-06, 6.633679258537485e-06, 1.8621193696769824e-06, 3.215361975052034e-06, 4.076561382655111e-06, 1.71419974148254e-06, 3.911630561170675e-06, 1.8128584412405577e-06, 0.9997372659988291, 1.868477185300365e-06]"
NODE_0000278,"[1.4663898040435357e-06, 7.234288916550712e-10, 8.072149724258101e-08, 6.846010778705355e-10, 1.1902974021753941e-09, 7.142313881392816e-10, 7.222502125301327e-10, 7.031600968192003e-10, 6.925801494242809e-10, 6.905953961712267e-10, 7.124029491011678e-10, 6.983533359505615e-10, 6.519065831971327e-10, 7.018724427306555e-10, 2.327827877023845e-09, 1.3823026494619562e-08, 6.615946167908555e-09, 6.983533359507288e-10, 6.983533359506255e-10, 6.477461182026641e-10, 1.8185693430935627e-06, 6.415222892681443e-10, 5.6889060421531045e-09, 7.00390117327852e-10, 2.2318794124178795e-09, 2.5773532186904e-09, 5.643676814574409e-10, 2.4449178281690327e-09, 6.401922844873022e-10, 0.999996584428297, 7.04596494213307e-10]"
hMpxV/USA/CA-LACPHL-MA00633/2024|EPI_ISL_19204035|2024-05-30,"[0.0, 0.0, 0.0, 0.0, 0.0, 0.0, 0.0, 0.0, 0.0, 0.0, 0.0, 0.0, 0.0, 0.0, 0.0, 0.0, 0.0, 0.0, 0.0, 0.0, 0.0, 0.0, 0.0, 0.0, 0.0, 0.0, 0.0, 0.0, 0.0, 1.0, 0.0]"
hMpxV/USA/CA-CDPH-1M1000635/2024|EPI_ISL_19295778|2024-06-21,"[0.0, 0.0, 0.0, 0.0, 0.0, 0.0, 0.0, 0.0, 0.0, 0.0, 0.0, 0.0, 0.0, 0.0, 0.0, 0.0, 0.0, 0.0, 0.0, 0.0, 0.0, 0.0, 0.0, 0.0, 0.0, 0.0, 0.0, 0.0, 0.0, 1.0, 0.0]"
NODE_0000280,"[5.897116167987211e-08, 1.535210592990912e-09, 4.819543963914907e-08, 1.508283253655883e-09, 2.160466814493202e-09, 1.5316410433189158e-09, 1.5367951236642102e-09, 1.5196859906431198e-09, 1.514671122654073e-09, 1.5090574656457912e-09, 1.5216941000619784e-09, 1.5167326919987115e-09, 1.442859189631591e-09, 1.51252068796635e-09, 3.288668485368918e-09, 1.619461337931064e-08, 9.974908285333326e-09, 1.5167326919997101e-09, 1.516732691999204e-09, 1.4449718901179754e-09, 6.455601433332298e-07, 1.4718379536943246e-09, 8.490099719639568e-09, 1.517795817487598e-09, 3.226594778539159e-09, 4.416591010472336e-09, 1.3127534850454957e-09, 4.203334164654983e-09, 1.4410507896370316e-09, 0.999999166926886, 1.5200661959825175e-09]"
hMpxV/USA/CA-LACPHL-MA00621/2024|EPI_ISL_19093415|2024-04-11,"[0.0, 0.0, 0.0, 0.0, 0.0, 0.0, 0.0, 0.0, 0.0, 0.0, 0.0, 0.0, 0.0, 0.0, 0.0, 0.0, 0.0, 0.0, 0.0, 0.0, 0.0, 0.0, 0.0, 0.0, 0.0, 0.0, 0.0, 0.0, 0.0, 1.0, 0.0]"
NODE_0000281,"[5.43849730511047e-12, 1.5530390401453252e-13, 4.7500175319955634e-11, 1.4763260050938077e-13, 2.9008455224335286e-13, 1.5355379463342496e-13, 1.5694623912859897e-13, 1.5321891840456953e-13, 1.4883906927958494e-13, 1.4946138636329816e-13, 1.569627731318378e-13, 1.5236283416377265e-13, 1.42409484050444e-13, 1.4815550632793605e-13, 6.124029685372315e-13, 9.08636877921743e-12, 3.417800384491757e-12, 1.5236283416380852e-13, 1.523628341637893e-13, 1.3896731162812127e-13, 4.6684998911513e-09, 1.352070432686565e-13, 3.055303758602087e-12, 1.5271255774915313e-13, 5.661833831715048e-13, 9.458717851879372e-13, 1.1913246169895817e-13, 8.768447817447463e-13, 1.373057167122833e-13, 0.9999999952569043, 1.5340163235660824e-13]"
hMpxV/USA/CA-LACPHL-MA00655/2024|EPI_ISL_19347729|2024-07-22,"[0.0, 0.0, 0.0, 0.0, 0.0, 0.0, 0.0, 0.0, 0.0, 0.0, 0.0, 0.0, 0.0, 0.0, 0.0, 0.0, 0.0, 0.0, 0.0, 0.0, 0.0, 0.0, 0.0, 0.0, 0.0, 0.0, 0.0, 0.0, 0.0, 1.0, 0.0]"
hMpxV/USA/CA-LACPHL-MA00657/2024|EPI_ISL_19347733|2024-07-25,"[0.0, 0.0, 0.0, 0.0, 0.0, 0.0, 0.0, 0.0, 0.0, 0.0, 0.0, 0.0, 0.0, 0.0, 0.0, 0.0, 0.0, 0.0, 0.0, 0.0, 0.0, 0.0, 0.0, 0.0, 0.0, 0.0, 0.0, 0.0, 0.0, 1.0, 0.0]"
hMpxV/USA/CA-LACPHL-MA00660/2024|EPI_ISL_19364552|2024-08-06,"[0.0, 0.0, 0.0, 0.0, 0.0, 0.0, 0.0, 0.0, 0.0, 0.0, 0.0, 0.0, 0.0, 0.0, 0.0, 0.0, 0.0, 0.0, 0.0, 0.0, 0.0, 0.0, 0.0, 0.0, 0.0, 0.0, 0.0, 0.0, 0.0, 0.9999999999999999, 0.0]"
NODE_0000282,"[4.381509498470413e-10, 4.306912557125072e-11, 1.625823865383443e-09, 4.286330174247556e-11, 5.976706747406026e-11, 4.313117966643393e-11, 4.350549054110462e-11, 4.3301463344294594e-11, 4.292246287114132e-11, 4.284858022597004e-11, 4.351675969335386e-11, 4.3281809391711e-11, 4.0880920359811075e-11, 4.19583842171648e-11, 1.0401767063267314e-10, 5.387220879035029e-10, 3.384515823752429e-10, 4.328180939178013e-11, 4.328180939174594e-11, 4.0521720613185224e-11, 2.1126787843475623e-08, 4.129335136578152e-11, 2.8716086256360966e-10, 4.3279994861966563e-11, 9.948713038493196e-11, 1.4132481483692993e-10, 3.6219991127141686e-11, 1.3410976457837917e-10, 4.0615552915305154e-11, 0.9999999743031476, 4.327497047349687e-11]"
hMpxV/USA/CA-CDPH-1M1000654/2024|EPI_ISL_19367819|2024-07-16,"[0.0, 0.0, 0.0, 0.0, 0.0, 0.0, 0.0, 0.0, 0.0, 0.0, 0.0, 0.0, 0.0, 0.0, 0.0, 0.0, 0.0, 0.0, 0.0, 0.0, 0.0, 0.0, 0.0, 0.0, 0.0, 0.0, 0.0, 0.0, 0.0, 1.0, 0.0]"
hMpxV/USA/CA-CDPH-1M1000660/2024|EPI_ISL_19367825|2024-07-25,"[0.0, 0.0, 0.0, 0.0, 0.0, 0.0, 0.0, 0.0, 0.0, 0.0, 0.0, 0.0, 0.0, 0.0, 0.0, 0.0, 0.0, 0.0, 0.0, 0.0, 0.0, 0.0, 0.0, 0.0, 0.0, 0.0, 0.0, 0.0, 0.0, 1.0, 0.0]"
NODE_0000279,"[1.0, 6.012331325708937e-22, 4.310700549285673e-20, 5.964729303070205e-22, 5.974818630332058e-22, 6.028326285844792e-22, 6.170825907899517e-22, 6.15562174751978e-22, 6.010282893371163e-22, 5.9427665613875985e-22, 6.246142509778954e-22, 6.134739664428286e-22, 5.118151560189317e-22, 5.5187317965679835e-22, 4.856605945454174e-21, 8.030530954192079e-22, 9.243932461778042e-22, 6.1347396644257475e-22, 6.1347396644270105e-22, 4.9546511468919075e-22, 2.2396237772689858e-20, 5.126377552947815e-22, 6.268395048123986e-22, 6.139759348335716e-22, 4.150468245763496e-21, 8.437726511307613e-22, 3.57444874717479e-22, 8.651153007207579e-22, 5.0460688259133325e-22, 2.494967755720673e-18, 6.150020202006425e-22]"
hMpxV/Australia/VIC-VIDRL-4940/2024|EPI_ISL_19459796|2024-06-03,"[1.0, 0.0, 0.0, 0.0, 0.0, 0.0, 0.0, 0.0, 0.0, 0.0, 0.0, 0.0, 0.0, 0.0, 0.0, 0.0, 0.0, 0.0, 0.0, 0.0, 0.0, 0.0, 0.0, 0.0, 0.0, 0.0, 0.0, 0.0, 0.0, 0.0, 0.0]"
hMpxV/Australia/VIC-VIDRL-6554/2024|EPI_ISL_19459726|2024-06-07,"[0.9999999999999999, 0.0, 0.0, 0.0, 0.0, 0.0, 0.0, 0.0, 0.0, 0.0, 0.0, 0.0, 0.0, 0.0, 0.0, 0.0, 0.0, 0.0, 0.0, 0.0, 0.0, 0.0, 0.0, 0.0, 0.0, 0.0, 0.0, 0.0, 0.0, 0.0, 0.0]"
hMpxV/Australia/VIC-VIDRL-8012/2024|EPI_ISL_19459738|2024-05-08,"[1.0, 0.0, 0.0, 0.0, 0.0, 0.0, 0.0, 0.0, 0.0, 0.0, 0.0, 0.0, 0.0, 0.0, 0.0, 0.0, 0.0, 0.0, 0.0, 0.0, 0.0, 0.0, 0.0, 0.0, 0.0, 0.0, 0.0, 0.0, 0.0, 0.0, 0.0]"
hMpxV/Australia/VIC-VIDRL-3531/2024|EPI_ISL_19459735|2024-05-28,"[0.9999999999999999, 0.0, 0.0, 0.0, 0.0, 0.0, 0.0, 0.0, 0.0, 0.0, 0.0, 0.0, 0.0, 0.0, 0.0, 0.0, 0.0, 0.0, 0.0, 0.0, 0.0, 0.0, 0.0, 0.0, 0.0, 0.0, 0.0, 0.0, 0.0, 0.0, 0.0]"
hMpxV/Australia/VIC-VIDRL-7518/2024|EPI_ISL_19459756|2024-05-07,"[1.0, 0.0, 0.0, 0.0, 0.0, 0.0, 0.0, 0.0, 0.0, 0.0, 0.0, 0.0, 0.0, 0.0, 0.0, 0.0, 0.0, 0.0, 0.0, 0.0, 0.0, 0.0, 0.0, 0.0, 0.0, 0.0, 0.0, 0.0, 0.0, 0.0, 0.0]"
hMpxV/Australia/VIC-VIDRL-7519/2024|EPI_ISL_19459767|2024-05-07,"[1.0, 0.0, 0.0, 0.0, 0.0, 0.0, 0.0, 0.0, 0.0, 0.0, 0.0, 0.0, 0.0, 0.0, 0.0, 0.0, 0.0, 0.0, 0.0, 0.0, 0.0, 0.0, 0.0, 0.0, 0.0, 0.0, 0.0, 0.0, 0.0, 0.0, 0.0]"
hMpxV/Australia/VIC-VIDRL-4069/2024|EPI_ISL_19459793|2024-05-27,"[1.0, 0.0, 0.0, 0.0, 0.0, 0.0, 0.0, 0.0, 0.0, 0.0, 0.0, 0.0, 0.0, 0.0, 0.0, 0.0, 0.0, 0.0, 0.0, 0.0, 0.0, 0.0, 0.0, 0.0, 0.0, 0.0, 0.0, 0.0, 0.0, 0.0, 0.0]"
NODE_0000283,"[6.30582458627253e-12, 1.210077803713008e-13, 1.0287735409793264e-10, 1.0471110916510316e-13, 3.1617441883597224e-13, 1.171670153885503e-13, 1.1794245566708185e-13, 1.1025508646279675e-13, 1.0766917412185945e-13, 1.0775079420145661e-13, 1.1312701713504052e-13, 1.0832310433089452e-13, 1.0356736753056416e-13, 1.1930702582103105e-13, 4.36811753364704e-13, 1.4351622120716186e-11, 2.9936547202417976e-12, 1.0832310433092509e-13, 1.0832310433090865e-13, 1.0379221486233165e-13, 2.449505397392683e-08, 9.678582665629883e-14, 2.874115429917691e-12, 1.0921012874594244e-13, 4.427523093241116e-13, 7.387354647402103e-13, 9.184498406415352e-14, 6.783672612773555e-13, 9.920212663508602e-14, 0.9999999753708713, 1.1102487926554385e-13]"
hMpxV/USA/IL-RIPHL-004-0197/2024|EPI_ISL_19533457|2024-07-12,"[0.0, 0.0, 0.0, 0.0, 0.0, 0.0, 0.0, 0.0, 0.0, 0.0, 0.0, 0.0, 0.0, 0.0, 0.0, 0.0, 0.0, 0.0, 0.0, 0.0, 0.0, 0.0, 0.0, 0.0, 0.0, 0.0, 0.0, 0.0, 0.0, 1.0, 0.0]"
hMpxV/USA/CA-LACPHL-MA00675/2024|EPI_ISL_19437166|2024-08-31,"[0.0, 0.0, 0.0, 0.0, 0.0, 0.0, 0.0, 0.0, 0.0, 0.0, 0.0, 0.0, 0.0, 0.0, 0.0, 0.0, 0.0, 0.0, 0.0, 0.0, 0.0, 0.0, 0.0, 0.0, 0.0, 0.0, 0.0, 0.0, 0.0, 1.0, 0.0]"
hMpxV/USA/CA-LACPHL-MA00645/2024|EPI_ISL_19273374|2024-06-23,"[0.0, 0.0, 0.0, 0.0, 0.0, 0.0, 0.0, 0.0, 0.0, 0.0, 0.0, 0.0, 0.0, 0.0, 0.0, 0.0, 0.0, 0.0, 0.0, 0.0, 0.0, 0.0, 0.0, 0.0, 0.0, 0.0, 0.0, 0.0, 0.0, 1.0, 0.0]"
NODE_0000289,"[2.2264411964333166e-06, 3.610857946655428e-07, 6.913134422937309e-06, 3.496616967329644e-07, 5.087550722278549e-07, 3.590627293524355e-07, 3.570729763279503e-07, 3.5050133261855866e-07, 3.524830807109842e-07, 3.5007841797184034e-07, 3.4877715574994654e-07, 3.4914450084293133e-07, 3.359050190977948e-07, 3.62326171581808e-07, 6.295837864309128e-07, 2.7037998426040077e-06, 1.6905827877060484e-06, 3.491445008430109e-07, 3.4914450084297686e-07, 3.413461384197127e-07, 4.546034131769161e-05, 3.485659878540357e-07, 1.4413272794300713e-06, 3.497322096582181e-07, 6.433541740241243e-07, 8.348334496758861e-07, 3.185117433535939e-07, 7.987062607930791e-07, 3.384896111779195e-07, 0.9999295271063234, 3.5100051881194236e-07]"
hMpxV/USA/CA-LACPHL-MA00691/2024|EPI_ISL_19468223|2024-09-13,"[0.0, 0.0, 0.0, 0.0, 0.0, 0.0, 0.0, 0.0, 0.0, 0.0, 0.0, 0.0, 0.0, 0.0, 0.0, 0.0, 0.0, 0.0, 0.0, 0.0, 0.0, 0.0, 0.0, 0.0, 0.0, 0.0, 0.0, 0.0, 0.0, 1.0, 0.0]"
hMpxV/USA/CA-CDPH-1M1000603/2024|EPI_ISL_19295752|2024-05-29,"[0.0, 0.0, 0.0, 0.0, 0.0, 0.0, 0.0, 0.0, 0.0, 0.0, 0.0, 0.0, 0.0, 0.0, 0.0, 0.0, 0.0, 0.0, 0.0, 0.0, 0.0, 0.0, 0.0, 0.0, 0.0, 0.0, 0.0, 0.0, 0.0, 0.9999999999999999, 0.0]"
NODE_0000290,"[5.864191328570555e-07, 7.743148432808783e-08, 1.9797726166949883e-06, 7.540903960282166e-08, 1.1011456888337395e-07, 7.70396410416491e-08, 7.704482351029389e-08, 7.585365148556024e-08, 7.587136531289244e-08, 7.549759478269807e-08, 7.578140719861798e-08, 7.563207820701623e-08, 7.230922831214269e-08, 7.688243362895649e-08, 1.5283224909354534e-07, 7.229830326581891e-07, 4.46206565794064e-07, 7.563207820703389e-08, 7.563207820702428e-08, 7.290568387483758e-08, 1.7530469244080204e-05, 7.42131768660847e-08, 3.8022998392060205e-07, 7.572165241655466e-08, 1.5249943411606756e-07, 2.051828131369938e-07, 6.701166285445545e-08, 1.956112992716573e-07, 7.246323987414118e-08, 0.999976113430718, 7.591602164656144e-08]"
hMpxV/USA/IL-RIPHL-004-0160/2024|EPI_ISL_19158949|2024-03-07,"[0.0, 0.0, 0.0, 0.0, 0.0, 0.0, 0.0, 0.0, 0.0, 0.0, 0.0, 0.0, 0.0, 0.0, 0.0, 0.0, 0.0, 0.0, 0.0, 0.0, 0.0, 0.0, 0.0, 0.0, 0.0, 0.0, 0.0, 0.0, 0.0, 0.9999999999999999, 0.0]"
NODE_0000291,"[7.016436367317622e-08, 9.016861251890257e-09, 2.3899080867724124e-07, 8.798298178535897e-09, 1.279623834353315e-08, 8.976290264106005e-09, 8.984021359871139e-09, 8.853664670411121e-09, 8.84840148851349e-09, 8.807415771736303e-09, 8.850035568810882e-09, 8.829801490548846e-09, 8.432475786177217e-09, 8.93710611742914e-09, 1.812924181201539e-08, 8.649887582382237e-08, 5.3459567859797933e-08, 8.829801490561047e-09, 8.829801490554908e-09, 8.489013564699945e-09, 2.193642778574667e-06, 8.641837304454058e-09, 4.553846927389921e-08, 8.839266515832718e-09, 1.8019287966643766e-08, 2.436548395213631e-08, 7.782523291136423e-09, 2.3218990329029552e-08, 8.443732848641238e-09, 0.999997049125765, 8.859780097036947e-09]"
hMpxV/USA/CA-CDPH-1M1000650/2024|EPI_ISL_19367815|2024-07-10,"[0.0, 0.0, 0.0, 0.0, 0.0, 0.0, 0.0, 0.0, 0.0, 0.0, 0.0, 0.0, 0.0, 0.0, 0.0, 0.0, 0.0, 0.0, 0.0, 0.0, 0.0, 0.0, 0.0, 0.0, 0.0, 0.0, 0.0, 0.0, 0.0, 1.0, 0.0]"
hMpxV/USA/CA-LACPHL-MA00632/2024|EPI_ISL_19204034|2024-05-30,"[0.0, 0.0, 0.0, 0.0, 0.0, 0.0, 0.0, 0.0, 0.0, 0.0, 0.0, 0.0, 0.0, 0.0, 0.0, 0.0, 0.0, 0.0, 0.0, 0.0, 0.0, 0.0, 0.0, 0.0, 0.0, 0.0, 0.0, 0.0, 0.0, 0.9999999999999999, 0.0]"
NODE_0000284,"[3.686215521600266e-10, 2.942125266672692e-11, 1.7913270727958873e-09, 2.816421292597891e-11, 4.7101356520939194e-11, 2.918598320014185e-11, 2.9300282049105047e-11, 2.8645794600629945e-11, 2.8425787676743323e-11, 2.8348289157140744e-11, 2.8834347932560238e-11, 2.849461576585006e-11, 2.7138069546782892e-11, 2.9001267770998048e-11, 7.036136623750982e-11, 5.1692155077134e-10, 2.5478917249619005e-10, 2.8494615765895908e-11, 2.8494615765872882e-11, 2.716482762983228e-11, 3.608723664135019e-08, 2.716657496471131e-11, 2.2238271342599623e-10, 2.8559828753912806e-11, 6.956085887555375e-11, 9.962897217080729e-11, 2.4554020353328918e-11, 9.409045335617838e-11, 2.6861638183466847e-11, 0.9999999598430285, 2.8693856087116516e-11]"
hMpxV/USA/WA-UW-247031/2024|EPI_ISL_19524787|2024-01-16,"[0.0, 0.0, 0.0, 0.0, 0.0, 0.0, 0.0, 0.0, 0.0, 0.0, 0.0, 0.0, 0.0, 0.0, 0.0, 0.0, 0.0, 0.0, 0.0, 0.0, 0.0, 0.0, 0.0, 0.0, 0.0, 0.0, 0.0, 0.0, 0.0, 1.0, 0.0]"
NODE_0000285,"[5.369200065962755e-09, 6.830160567396817e-10, 1.8119896247774997e-08, 6.713380403856991e-10, 9.508979547827447e-10, 6.819904444660263e-10, 6.829399093961484e-10, 6.754342799161392e-10, 6.744124376918787e-10, 6.715168639645288e-10, 6.753606049152062e-10, 6.740280911016718e-10, 6.424597960875552e-10, 6.752882169970127e-10, 1.3988135595240862e-09, 6.540355380984332e-09, 4.1170559366499636e-09, 6.740280911027544e-10, 6.740280911022171e-10, 6.445817187782922e-10, 1.6489330757307173e-07, 6.580018912994265e-10, 3.500297206205258e-09, 6.745567203393659e-10, 1.3828911172867177e-09, 1.8755310012262278e-09, 5.886000718591732e-10, 1.7873717984516076e-09, 6.429127586965375e-10, 0.999999777424206, 6.756821874413833e-10]"
hMpxV/USA/WA-UW-490338/2024|EPI_ISL_19243973|2024-05-30,"[0.0, 0.0, 0.0, 0.0, 0.0, 0.0, 0.0, 0.0, 0.0, 0.0, 0.0, 0.0, 0.0, 0.0, 0.0, 0.0, 0.0, 0.0, 0.0, 0.0, 0.0, 0.0, 0.0, 0.0, 0.0, 0.0, 0.0, 0.0, 0.0, 1.0, 0.0]"
hMpxV/USA/WA-UW-429625/2024|EPI_ISL_19243972|2024-05-28,"[0.0, 0.0, 0.0, 0.0, 0.0, 0.0, 0.0, 0.0, 0.0, 0.0, 0.0, 0.0, 0.0, 0.0, 0.0, 0.0, 0.0, 0.0, 0.0, 0.0, 0.0, 0.0, 0.0, 0.0, 0.0, 0.0, 0.0, 0.0, 0.0, 1.0, 0.0]"
NODE_0000286,"[1.5514731545220907e-06, 2.1989838861748933e-07, 5.060476347733177e-06, 2.1430799979007574e-07, 3.0941599787382154e-07, 2.1896972871027482e-07, 2.186021625880362e-07, 2.1527961365665616e-07, 2.1567188810546708e-07, 2.144916164318163e-07, 2.1479098928370193e-07, 2.1463273390918894e-07, 2.055079401055286e-07, 2.1894160895938296e-07, 4.180776063362384e-07, 1.89248657087341e-06, 1.1830370314752858e-06, 2.1463273390921e-07, 2.1463273390919788e-07, 2.0753342490478817e-07, 4.043453953299653e-05, 2.1171379232319945e-07, 1.0074129016295631e-06, 2.1489931022508988e-07, 4.1975304979866226e-07, 5.581257668850831e-07, 1.914910091499869e-07, 5.32787600630407e-07, 2.0631145789207336e-07, 0.9999425846310922, 2.1547421463144392e-07]"
hMpxV/USA/WA-UW-185727/2024|EPI_ISL_19336734|2024-07-11,"[0.0, 0.0, 0.0, 0.0, 0.0, 0.0, 0.0, 0.0, 0.0, 0.0, 0.0, 0.0, 0.0, 0.0, 0.0, 0.0, 0.0, 0.0, 0.0, 0.0, 0.0, 0.0, 0.0, 0.0, 0.0, 0.0, 0.0, 0.0, 0.0, 1.0, 0.0]"
NODE_0000287,"[4.974273295734447e-09, 2.470973018105235e-10, 2.5138722755379114e-08, 2.345058531122882e-10, 4.213747812888899e-10, 2.4397403448866705e-10, 2.463323924817773e-10, 2.399039568959169e-10, 2.367129829226107e-10, 2.365079708202222e-10, 2.4268008110183723e-10, 2.3856277585369595e-10, 2.261764595833992e-10, 2.4125647291813743e-10, 6.767389593786958e-10, 6.304977765499681e-09, 2.792259023748746e-09, 2.3856277585374036e-10, 2.3856277585371264e-10, 2.2550583403208064e-10, 9.516631978964293e-07, 2.230852019309458e-10, 2.460660896666353e-09, 2.391324906844847e-10, 6.567814383955206e-10, 9.825143165599692e-10, 2.0089129812876116e-10, 9.227811647382786e-10, 2.2228698051651412e-10, 0.9999989985436765, 2.4030361580088176e-10]"
hMpxV/USA/WA-UW-012709/2024|EPI_ISL_19420219|2024-09-02,"[0.0, 0.0, 0.0, 0.0, 0.0, 0.0, 0.0, 0.0, 0.0, 0.0, 0.0, 0.0, 0.0, 0.0, 0.0, 0.0, 0.0, 0.0, 0.0, 0.0, 0.0, 0.0, 0.0, 0.0, 0.0, 0.0, 0.0, 0.0, 0.0, 1.0, 0.0]"
hMpxV/USA/WA-UW-026851/2024|EPI_ISL_19420221|2024-08-30,"[0.0, 0.0, 0.0, 0.0, 0.0, 0.0, 0.0, 0.0, 0.0, 0.0, 0.0, 0.0, 0.0, 0.0, 0.0, 0.0, 0.0, 0.0, 0.0, 0.0, 0.0, 0.0, 0.0, 0.0, 0.0, 0.0, 0.0, 0.0, 0.0, 1.0, 0.0]"
NODE_0000288,"[4.174560008916871e-07, 1.7971652702449438e-09, 7.406417960944217e-08, 1.7610930758330854e-09, 2.524082605553666e-09, 1.791463356081314e-09, 1.804981130551451e-09, 1.7864612041989198e-09, 1.7744085986340593e-09, 1.763145381881916e-09, 1.7951433025898188e-09, 1.779123086104778e-09, 1.6717702932299053e-09, 1.7525076897913871e-09, 4.568764833640311e-09, 1.8244225530881738e-08, 1.1376182082980372e-08, 1.7791230861057671e-09, 1.7791230861052692e-09, 1.6622107052953464e-09, 7.067421347292543e-07, 1.690127087416455e-09, 9.72254225677927e-09, 1.7821417118532245e-09, 4.397586479814413e-09, 5.170407344369797e-09, 1.4969245857816053e-09, 4.941894823306518e-09, 1.6665347037875646e-09, 0.9999987076701854, 1.7883660932760253e-09]"
hMpxV/Australia/QLD-MX000147/2024|EPI_ISL_19539788|2024-10-14,"[1.0, 0.0, 0.0, 0.0, 0.0, 0.0, 0.0, 0.0, 0.0, 0.0, 0.0, 0.0, 0.0, 0.0, 0.0, 0.0, 0.0, 0.0, 0.0, 0.0, 0.0, 0.0, 0.0, 0.0, 0.0, 0.0, 0.0, 0.0, 0.0, 0.0, 0.0]"
hMpxV/USA/CA-LACPHL-MA00644/2024|EPI_ISL_19273376|2024-06-20,"[0.0, 0.0, 0.0, 0.0, 0.0, 0.0, 0.0, 0.0, 0.0, 0.0, 0.0, 0.0, 0.0, 0.0, 0.0, 0.0, 0.0, 0.0, 0.0, 0.0, 0.0, 0.0, 0.0, 0.0, 0.0, 0.0, 0.0, 0.0, 0.0, 1.0, 0.0]"
hMpxV/USA/un-UW-276161/2024|EPI_ISL_19502000|2024-09-18,"[0.0, 0.0, 0.0, 0.0, 0.0, 0.0, 0.0, 0.0, 0.0, 0.0, 0.0, 0.0, 0.0, 0.0, 0.0, 0.0, 0.0, 0.0, 0.0, 0.0, 0.0, 0.0, 0.0, 0.0, 0.0, 0.0, 0.0, 0.0, 0.0, 1.0, 0.0]"
NODE_0000253,"[1.768687982681332e-12, 4.7229120531081557e-14, 1.587529076076617e-11, 4.496317924623094e-14, 8.85803400882634e-14, 4.669517368271492e-14, 4.78166348761645e-14, 4.6718361463693204e-14, 4.5303563509397686e-14, 4.5521157441124756e-14, 4.7922452891856926e-14, 4.6471064796671986e-14, 4.3348670627750674e-14, 4.4902614590295357e-14, 1.9389557665205713e-13, 2.9703338990402606e-12, 1.112433499176092e-12, 4.647106479669785e-14, 4.647106479668114e-14, 4.2199346486271334e-14, 1.7184404320539366e-09, 4.100804078162663e-14, 9.942675788883186e-13, 4.657045994159539e-14, 1.7786867653913588e-13, 3.0070700711130356e-13, 3.6003481505606585e-14, 2.7843770216378665e-13, 4.1720255641435717e-14, 0.999999998256945, 4.676529201784752e-14]"
hMpxV/USA/IL-RIPHL-04-0074/2023|EPI_ISL_18137801|2023-06-22,"[0.0, 0.0, 0.0, 0.0, 0.0, 0.0, 0.0, 0.0, 0.0, 0.0, 0.0, 0.0, 0.0, 0.0, 0.0, 0.0, 0.0, 0.0, 0.0, 0.0, 0.0, 0.0, 0.0, 0.0, 0.0, 0.0, 0.0, 0.0, 0.0, 0.9999999999999999, 0.0]"
hMpxV/USA/IL-RIPHL-04-0076/2023|EPI_ISL_18137803|2023-06-27,"[0.0, 0.0, 0.0, 0.0, 0.0, 0.0, 0.0, 0.0, 0.0, 0.0, 0.0, 0.0, 0.0, 0.0, 0.0, 0.0, 0.0, 0.0, 0.0, 0.0, 0.0, 0.0, 0.0, 0.0, 0.0, 0.0, 0.0, 0.0, 0.0, 0.9999999999999999, 0.0]"
hMpxV/USA/IL-RIPHL-04-0067/2023|EPI_ISL_18137820|2023-06-08,"[0.0, 0.0, 0.0, 0.0, 0.0, 0.0, 0.0, 0.0, 0.0, 0.0, 0.0, 0.0, 0.0, 0.0, 0.0, 0.0, 0.0, 0.0, 0.0, 0.0, 0.0, 0.0, 0.0, 0.0, 0.0, 0.0, 0.0, 0.0, 0.0, 1.0, 0.0]"
NODE_0000254,"[3.440621161116638e-12, 7.831836446821479e-14, 1.0591557712875041e-10, 7.195302997006206e-14, 1.8113370107159327e-13, 7.675406888265613e-14, 7.883936575800362e-14, 7.515078640597701e-14, 7.301732501290292e-14, 7.33979388974289e-14, 7.712689391800625e-14, 7.443760008916493e-14, 6.990755285812581e-14, 7.562479964463516e-14, 3.0252996953699203e-13, 6.2888710554386805e-12, 1.8621435785674184e-12, 7.44376000892043e-14, 7.44376000891855e-14, 6.886786295914455e-14, 5.84763888861809e-09, 6.576546343136605e-14, 1.9695410234980633e-12, 7.474802924621836e-14, 2.915850012434273e-13, 4.868914242702016e-13, 5.918348147815678e-14, 4.499225570270836e-13, 6.712616023427506e-14, 0.9999999940297879, 7.53779129468133e-14]"
hMpxV/USA/IL-RIPHL-04-0089/2023|EPI_ISL_18137808|2023-07-21,"[0.0, 0.0, 0.0, 0.0, 0.0, 0.0, 0.0, 0.0, 0.0, 0.0, 0.0, 0.0, 0.0, 0.0, 0.0, 0.0, 0.0, 0.0, 0.0, 0.0, 0.0, 0.0, 0.0, 0.0, 0.0, 0.0, 0.0, 0.0, 0.0, 1.0, 0.0]"
NODE_0000272,"[7.941888812755883e-13, 4.2846537248420213e-14, 4.484126507191243e-12, 4.168679394505988e-14, 6.876661450971379e-14, 4.2650140011254836e-14, 4.328253773947856e-14, 4.2670110345390765e-14, 4.1889048143567036e-14, 4.1934091216228926e-14, 4.328035381008901e-14, 4.2539531407727994e-14, 3.998592968592095e-14, 4.133727256912798e-14, 1.309077544678448e-13, 1.1356916564156428e-12, 5.533962147056724e-13, 4.2539531407850047e-14, 4.2539531407788736e-14, 3.9339494048831653e-14, 1.5571311721301982e-10, 3.9195889821810617e-14, 4.819282656001837e-13, 4.2588392853957124e-14, 1.233334547437569e-13, 1.893881089107369e-13, 3.447107817655678e-14, 1.7769060572583244e-13, 3.9152837057658326e-14, 0.9999999998353608, 4.268366840339202e-14]"
hMpxV/USA/CA-CDPH-1M1000595/2023|EPI_ISL_19295744|2023-09-26,"[0.0, 0.0, 0.0, 0.0, 0.0, 0.0, 0.0, 0.0, 0.0, 0.0, 0.0, 0.0, 0.0, 0.0, 0.0, 0.0, 0.0, 0.0, 0.0, 0.0, 0.0, 0.0, 0.0, 0.0, 0.0, 0.0, 0.0, 0.0, 0.0, 1.0, 0.0]"
hMpxV/USA/CA-CDPH-1M1000363/2023|EPI_ISL_18786348|2023-09-22,"[0.0, 0.0, 0.0, 0.0, 0.0, 0.0, 0.0, 0.0, 0.0, 0.0, 0.0, 0.0, 0.0, 0.0, 0.0, 0.0, 0.0, 0.0, 0.0, 0.0, 0.0, 0.0, 0.0, 0.0, 0.0, 0.0, 0.0, 0.0, 0.0, 1.0, 0.0]"
hMpxV/USA/CA-CDPH-1M1000364/2023|EPI_ISL_18786349|2023-09-22,"[0.0, 0.0, 0.0, 0.0, 0.0, 0.0, 0.0, 0.0, 0.0, 0.0, 0.0, 0.0, 0.0, 0.0, 0.0, 0.0, 0.0, 0.0, 0.0, 0.0, 0.0, 0.0, 0.0, 0.0, 0.0, 0.0, 0.0, 0.0, 0.0, 1.0, 0.0]"
NODE_0000269,"[2.5067141111903697e-07, 1.2801896919988707e-08, 0.03569285625156149, 1.2326116664753516e-08, 6.860600234088447e-08, 1.2714752155918351e-08, 1.4720810636404089e-08, 1.2601500239076292e-08, 1.2413934637340928e-08, 1.2430474861019015e-08, 1.2743168702893828e-08, 1.2553165161195331e-08, 1.1641471788542493e-08, 1.2466783929446529e-08, 2.0579138440713045e-08, 2.180714812049153e-07, 6.320190644808576e-08, 1.2553165161197956e-08, 1.2553165161196565e-08, 1.1569895042744504e-08, 3.533939620512761e-05, 1.1503967134768108e-08, 5.390876196000499e-07, 1.2571423219723016e-08, 2.0468586963096194e-08, 3.230855474710218e-08, 9.868678257125145e-09, 3.1278011680772533e-08, 1.1449422062710815e-08, 0.9642703259870694, 1.2608659650150006e-08]"
hMpxV/Brazil/SC-FIOCRUZ-10552/2024|EPI_ISL_19416189|2024-01-09,"[0.0, 0.0, 1.0, 0.0, 0.0, 0.0, 0.0, 0.0, 0.0, 0.0, 0.0, 0.0, 0.0, 0.0, 0.0, 0.0, 0.0, 0.0, 0.0, 0.0, 0.0, 0.0, 0.0, 0.0, 0.0, 0.0, 0.0, 0.0, 0.0, 0.0, 0.0]"
hMpxV/Brazil/SC-FIOCRUZ-10553/2024|EPI_ISL_19416190|2024-01-09,"[0.0, 0.0, 1.0, 0.0, 0.0, 0.0, 0.0, 0.0, 0.0, 0.0, 0.0, 0.0, 0.0, 0.0, 0.0, 0.0, 0.0, 0.0, 0.0, 0.0, 0.0, 0.0, 0.0, 0.0, 0.0, 0.0, 0.0, 0.0, 0.0, 0.0, 0.0]"
hMpxV/USA/IL-RIPHL-004-0125/2024|EPI_ISL_19158945|2024-01-23,"[0.0, 0.0, 0.0, 0.0, 0.0, 0.0, 0.0, 0.0, 0.0, 0.0, 0.0, 0.0, 0.0, 0.0, 0.0, 0.0, 0.0, 0.0, 0.0, 0.0, 0.0, 0.0, 0.0, 0.0, 0.0, 0.0, 0.0, 0.0, 0.0, 1.0, 0.0]"
NODE_0000270,"[1.0074367151977766e-12, 2.1880195220314244e-14, 1.2856746962964458e-08, 2.031266742868777e-14, 8.29881846256124e-14, 2.1498542754515622e-14, 2.35499748199599e-14, 2.1196696716455653e-14, 2.0573202324700654e-14, 2.0644981412302674e-14, 2.1753139155487585e-14, 2.102072674003477e-14, 1.9536610560337736e-14, 2.0913719970477892e-14, 6.648962336896448e-14, 1.4254990583448593e-12, 3.524648089867968e-13, 2.102072674005674e-14, 2.1020726740044577e-14, 1.9154684617014523e-14, 2.03720502182944e-09, 1.840468444383884e-14, 1.0433502335699655e-12, 2.109558690209902e-14, 6.24451829869257e-14, 1.1064884182147162e-13, 1.6188296424251183e-14, 1.0372051706798758e-13, 1.8777255088798158e-14, 0.9999999851014031, 2.124636499833291e-14]"
hMpxV/USA/CA-CDPH-1M1000468/2024|EPI_ISL_19143462|2024-02-05,"[0.0, 0.0, 0.0, 0.0, 0.0, 0.0, 0.0, 0.0, 0.0, 0.0, 0.0, 0.0, 0.0, 0.0, 0.0, 0.0, 0.0, 0.0, 0.0, 0.0, 0.0, 0.0, 0.0, 0.0, 0.0, 0.0, 0.0, 0.0, 0.0, 0.9999999999999999, 0.0]"
hMpxV/USA/CA-CDPH-1M1000477/2024|EPI_ISL_19143471|2024-02-16,"[0.0, 0.0, 0.0, 0.0, 0.0, 0.0, 0.0, 0.0, 0.0, 0.0, 0.0, 0.0, 0.0, 0.0, 0.0, 0.0, 0.0, 0.0, 0.0, 0.0, 0.0, 0.0, 0.0, 0.0, 0.0, 0.0, 0.0, 0.0, 0.0, 1.0, 0.0]"
hMpxV/USA/CA-CDPH-1M1000461/2023|EPI_ISL_18959318|2023-12-27,"[0.0, 0.0, 0.0, 0.0, 0.0, 0.0, 0.0, 0.0, 0.0, 0.0, 0.0, 0.0, 0.0, 0.0, 0.0, 0.0, 0.0, 0.0, 0.0, 0.0, 0.0, 0.0, 0.0, 0.0, 0.0, 0.0, 0.0, 0.0, 0.0, 1.0, 0.0]"
hMpxV/USA/CA-LACPHL-MA00627/2024|EPI_ISL_19196357|2024-05-20,"[0.0, 0.0, 0.0, 0.0, 0.0, 0.0, 0.0, 0.0, 0.0, 0.0, 0.0, 0.0, 0.0, 0.0, 0.0, 0.0, 0.0, 0.0, 0.0, 0.0, 0.0, 0.0, 0.0, 0.0, 0.0, 0.0, 0.0, 0.0, 0.0, 1.0, 0.0]"
NODE_0000271,"[5.7178372501792034e-09, 6.168083405248576e-10, 2.0639651809449678e-08, 6.088797846813798e-10, 8.65790982470192e-10, 6.160675792373067e-10, 6.197253116835588e-10, 6.143137124645318e-10, 6.107405487517825e-10, 6.090462403312238e-10, 6.162105758013833e-10, 6.134954002202207e-10, 5.818532304452752e-10, 6.04723856180142e-10, 1.3949823031483365e-09, 7.051467720850887e-09, 4.391603022962753e-09, 6.134954002210893e-10, 6.134954002206439e-10, 5.801734124202839e-10, 2.3852519328739276e-07, 5.906886236252664e-10, 3.732270356624397e-09, 6.137348904666724e-10, 1.3530531097208739e-09, 1.889169494792376e-09, 5.234784590007262e-10, 1.7952621645810135e-09, 5.796904846292869e-10, 0.99999970120285, 6.142473318667824e-10]"
hMpxV/USA/CA-CDPH-1M1000476/2024|EPI_ISL_19143470|2024-02-15,"[0.0, 0.0, 0.0, 0.0, 0.0, 0.0, 0.0, 0.0, 0.0, 0.0, 0.0, 0.0, 0.0, 0.0, 0.0, 0.0, 0.0, 0.0, 0.0, 0.0, 0.0, 0.0, 0.0, 0.0, 0.0, 0.0, 0.0, 0.0, 0.0, 1.0, 0.0]"
hMpxV/USA/CA-CDPH-1M1000471/2024|EPI_ISL_19143465|2024-02-07,"[0.0, 0.0, 0.0, 0.0, 0.0, 0.0, 0.0, 0.0, 0.0, 0.0, 0.0, 0.0, 0.0, 0.0, 0.0, 0.0, 0.0, 0.0, 0.0, 0.0, 0.0, 0.0, 0.0, 0.0, 0.0, 0.0, 0.0, 0.0, 0.0, 1.0, 0.0]"
NODE_0000255,"[1.8085796622360574e-07, 2.1899109265013003e-08, 6.274714055620837e-07, 2.1467432501467918e-08, 3.0903599762797484e-08, 2.183161332475962e-08, 2.1888402138523093e-08, 2.162099647982411e-08, 2.1568395040699528e-08, 2.148257863414811e-08, 2.1638017147514514e-08, 2.157386273883899e-08, 2.055165226130392e-08, 2.1621553389771925e-08, 4.58799321300965e-08, 2.227049459841996e-07, 1.3825602548137073e-07, 2.1573862738844004e-08, 2.157386273884135e-08, 2.0616087205450775e-08, 6.212716752762236e-06, 2.099417505552288e-08, 1.1765559901506885e-07, 2.1591467694997658e-08, 4.5207745338517033e-08, 6.180575199603312e-08, 1.8792985761855175e-08, 5.884293887858712e-08, 2.054305166276881e-08, 0.9999918532387577, 2.1629473443453005e-08]"
NODE_0000257,"[1.5549734395732313e-11, 7.344528574538494e-13, 9.218884597681078e-11, 7.195865875405771e-13, 1.1750691923343415e-12, 7.323194276976076e-13, 7.460213538983341e-13, 7.380753925471867e-13, 7.217994503854213e-13, 7.235595977326038e-13, 7.5059610384056e-13, 7.364879010170818e-13, 6.889061140168568e-13, 7.029942442461254e-13, 2.446295992102559e-12, 2.232363061997161e-11, 1.0882897160901616e-11, 7.364879010173956e-13, 7.36487901017224e-13, 6.734082921050064e-13, 3.874509200810768e-09, 6.704906517710463e-13, 9.46620079866325e-12, 7.369955755751531e-13, 2.2642433448152594e-12, 3.561652325116611e-12, 5.833360614048021e-13, 3.3344313429503055e-12, 6.720264733817685e-13, 0.9999999959487557, 7.379104676307029e-13]"
hMpxV/USA/CA-CDPH-1M1000430/2023|EPI_ISL_18781815|2023-10-16,"[0.0, 0.0, 0.0, 0.0, 0.0, 0.0, 0.0, 0.0, 0.0, 0.0, 0.0, 0.0, 0.0, 0.0, 0.0, 0.0, 0.0, 0.0, 0.0, 0.0, 0.0, 0.0, 0.0, 0.0, 0.0, 0.0, 0.0, 0.0, 0.0, 1.0, 0.0]"
hMpxV/USA/CA-CDPH-1M1000435/2023|EPI_ISL_18781820|2023-10-12,"[0.0, 0.0, 0.0, 0.0, 0.0, 0.0, 0.0, 0.0, 0.0, 0.0, 0.0, 0.0, 0.0, 0.0, 0.0, 0.0, 0.0, 0.0, 0.0, 0.0, 0.0, 0.0, 0.0, 0.0, 0.0, 0.0, 0.0, 0.0, 0.0, 1.0, 0.0]"
NODE_0000258,"[4.765928989212839e-11, 4.587637792007858e-12, 1.7785080913757674e-10, 4.575932732457132e-12, 6.342523239866986e-12, 4.597856014260766e-12, 4.640585818693141e-12, 4.623959256970989e-12, 4.580290575205373e-12, 4.573544771492907e-12, 4.648926103973718e-12, 4.622904250239609e-12, 4.362064599294332e-12, 4.462509592992895e-12, 1.1251276269414564e-11, 5.852500932830515e-11, 3.687040701464993e-11, 4.622904250249051e-12, 4.622904250244357e-12, 4.317213092561191e-12, 2.369971136423309e-09, 4.401079823140105e-12, 3.1268917764405424e-11, 4.622201867142934e-12, 1.0725584886518572e-11, 1.5295807701668657e-11, 3.850076173116363e-12, 1.4510459901896614e-11, 4.3309429902363375e-12, 0.9999999971340646, 4.620538429220518e-12]"
hMpxV/USA/CA-CDPH-1M1000434/2023|EPI_ISL_18781819|2023-10-12,"[0.0, 0.0, 0.0, 0.0, 0.0, 0.0, 0.0, 0.0, 0.0, 0.0, 0.0, 0.0, 0.0, 0.0, 0.0, 0.0, 0.0, 0.0, 0.0, 0.0, 0.0, 0.0, 0.0, 0.0, 0.0, 0.0, 0.0, 0.0, 0.0, 0.9999999999999999, 0.0]"
hMpxV/USA/CA-CDPH-1M1000617/2023|EPI_ISL_19295762|2023-10-13,"[0.0, 0.0, 0.0, 0.0, 0.0, 0.0, 0.0, 0.0, 0.0, 0.0, 0.0, 0.0, 0.0, 0.0, 0.0, 0.0, 0.0, 0.0, 0.0, 0.0, 0.0, 0.0, 0.0, 0.0, 0.0, 0.0, 0.0, 0.0, 0.0, 1.0, 0.0]"
NODE_0000256,"[1.988092415407926e-17, 1.1931734263219045e-19, 4.831626358658606e-16, 1.0946707562582198e-19, 3.0328848939703265e-19, 1.1673822920508904e-19, 1.2185912311252512e-19, 1.1731936677444996e-19, 1.107788683863691e-19, 1.1221818583173464e-19, 1.2323247691542163e-19, 1.16233597032252e-19, 1.0647395645074555e-19, 1.0967703284490402e-19, 9.26180458190051e-19, 4.6695431373658196e-17, 1.0089718276827397e-17, 1.1623359703244007e-19, 1.1623359703234334e-19, 1.0100715891331118e-19, 6.734144979633666e-13, 9.347451956215597e-20, 9.520677954624767e-18, 1.1668580806322935e-19, 7.992249659084511e-19, 1.6579649077690102e-18, 8.108586491698269e-20, 1.4933016432134316e-18, 9.878242445761664e-20, 0.999999999999326, 1.1756257912130665e-19]"
hMpxV/USA/NV-SNPHL-783216/2023|EPI_ISL_18567806|2023-10-18,"[0.0, 0.0, 0.0, 0.0, 0.0, 0.0, 0.0, 0.0, 0.0, 0.0, 0.0, 0.0, 0.0, 0.0, 0.0, 0.0, 0.0, 0.0, 0.0, 0.0, 0.0, 0.0, 0.0, 0.0, 0.0, 0.0, 0.0, 0.0, 0.0, 1.0, 0.0]"
hMpxV/USA/NV-SNPHL-784061/2023|EPI_ISL_18567807|2023-10-25,"[0.0, 0.0, 0.0, 0.0, 0.0, 0.0, 0.0, 0.0, 0.0, 0.0, 0.0, 0.0, 0.0, 0.0, 0.0, 0.0, 0.0, 0.0, 0.0, 0.0, 0.0, 0.0, 0.0, 0.0, 0.0, 0.0, 0.0, 0.0, 0.0, 0.9999999999999999, 0.0]"
hMpxV/USA/CA-CDPH-1M1000431/2023|EPI_ISL_18781816|2023-10-13,"[0.0, 0.0, 0.0, 0.0, 0.0, 0.0, 0.0, 0.0, 0.0, 0.0, 0.0, 0.0, 0.0, 0.0, 0.0, 0.0, 0.0, 0.0, 0.0, 0.0, 0.0, 0.0, 0.0, 0.0, 0.0, 0.0, 0.0, 0.0, 0.0, 1.0, 0.0]"
hMpxV/USA/CA-CDPH-1M1000380/2023|EPI_ISL_18781792|2023-09-27,"[0.0, 0.0, 0.0, 0.0, 0.0, 0.0, 0.0, 0.0, 0.0, 0.0, 0.0, 0.0, 0.0, 0.0, 0.0, 0.0, 0.0, 0.0, 0.0, 0.0, 0.0, 0.0, 0.0, 0.0, 0.0, 0.0, 0.0, 0.0, 0.0, 1.0, 0.0]"
hMpxV/USA/CA-CDPH-1M1000404/2023|EPI_ISL_18781929|2023-11-09,"[0.0, 0.0, 0.0, 0.0, 0.0, 0.0, 0.0, 0.0, 0.0, 0.0, 0.0, 0.0, 0.0, 0.0, 0.0, 0.0, 0.0, 0.0, 0.0, 0.0, 0.0, 0.0, 0.0, 0.0, 0.0, 0.0, 0.0, 0.0, 0.0, 0.9999999999999999, 0.0]"
hMpxV/USA/CA-CDPH-1M1000403/2023|EPI_ISL_18781928|2023-11-09,"[0.0, 0.0, 0.0, 0.0, 0.0, 0.0, 0.0, 0.0, 0.0, 0.0, 0.0, 0.0, 0.0, 0.0, 0.0, 0.0, 0.0, 0.0, 0.0, 0.0, 0.0, 0.0, 0.0, 0.0, 0.0, 0.0, 0.0, 0.0, 0.0, 0.9999999999999999, 0.0]"
NODE_0000259,"[9.19371198226271e-12, 4.85464386775276e-13, 5.2551478269686046e-11, 4.715877179165328e-13, 7.84689550730753e-13, 4.827869308001815e-13, 4.902308092113694e-13, 4.829384906809675e-13, 4.73915039650456e-13, 4.744887434572232e-13, 4.900403191906892e-13, 4.814331519877796e-13, 4.5244392227317607e-13, 4.681027078100664e-13, 1.4977145886522346e-12, 1.3211991807348275e-11, 6.398695946914444e-12, 4.814331519885981e-13, 4.814331519882275e-13, 4.451775153627302e-13, 1.901186541693129e-09, 4.429962535479963e-13, 5.5744968236884675e-12, 4.819955633566166e-13, 1.4089224326279573e-12, 2.1712916850165965e-12, 3.8984266094761585e-13, 2.036291520931759e-12, 4.4280842233045e-13, 0.999999997995082, 4.83101056731484e-13]"
hMpxV/USA/IL-RIPHL-04-0078/2023|EPI_ISL_18137807|2023-07-03,"[0.0, 0.0, 0.0, 0.0, 0.0, 0.0, 0.0, 0.0, 0.0, 0.0, 0.0, 0.0, 0.0, 0.0, 0.0, 0.0, 0.0, 0.0, 0.0, 0.0, 0.0, 0.0, 0.0, 0.0, 0.0, 0.0, 0.0, 0.0, 0.0, 1.0, 0.0]"
hMpxV/USA/IL-RIPHL-050-0094/2023|EPI_ISL_18168623|2023-07-26,"[0.0, 0.0, 0.0, 0.0, 0.0, 0.0, 0.0, 0.0, 0.0, 0.0, 0.0, 0.0, 0.0, 0.0, 0.0, 0.0, 0.0, 0.0, 0.0, 0.0, 0.0, 0.0, 0.0, 0.0, 0.0, 0.0, 0.0, 0.0, 0.0, 1.0, 0.0]"
NODE_0000260,"[8.468549163373778e-32, 1.0231252968443537e-36, 1.7831336111227972e-28, 7.0638624167734895e-37, 1.3548369080574412e-35, 9.250067122924359e-37, 1.0219223453479352e-36, 8.703324919488212e-37, 7.476467430671175e-37, 7.777480227977279e-37, 1.004532351322933e-36, 8.349142304678067e-37, 7.374528964987357e-37, 8.67001445706078e-37, 8.092493346274189e-35, 1.0470952293875184e-30, 1.3684551091361315e-32, 8.349142304690113e-37, 8.34914230468389e-37, 6.606944717572585e-37, 6.417817029884217e-21, 4.749387955598345e-37, 1.7262829626338924e-32, 8.506654423537781e-37, 6.250111323187795e-35, 2.8495457533801364e-34, 4.43237310966387e-37, 2.278584689309122e-34, 5.897635664725892e-37, 1.0, 8.828982818625388e-37]"
hMpxV/USA/CA-CDPH-1M1000423/2023|EPI_ISL_18781807|2023-10-17,"[0.0, 0.0, 0.0, 0.0, 0.0, 0.0, 0.0, 0.0, 0.0, 0.0, 0.0, 0.0, 0.0, 0.0, 0.0, 0.0, 0.0, 0.0, 0.0, 0.0, 0.0, 0.0, 0.0, 0.0, 0.0, 0.0, 0.0, 0.0, 0.0, 1.0, 0.0]"
hMpxV/USA/CA-CDPH-1M1000350/2023|EPI_ISL_18452341|2023-10-02,"[0.0, 0.0, 0.0, 0.0, 0.0, 0.0, 0.0, 0.0, 0.0, 0.0, 0.0, 0.0, 0.0, 0.0, 0.0, 0.0, 0.0, 0.0, 0.0, 0.0, 0.0, 0.0, 0.0, 0.0, 0.0, 0.0, 0.0, 0.0, 0.0, 0.9999999999999999, 0.0]"
hMpxV/USA/CA-CDPH-1M1000402/2023|EPI_ISL_18781926|2023-11-07,"[0.0, 0.0, 0.0, 0.0, 0.0, 0.0, 0.0, 0.0, 0.0, 0.0, 0.0, 0.0, 0.0, 0.0, 0.0, 0.0, 0.0, 0.0, 0.0, 0.0, 0.0, 0.0, 0.0, 0.0, 0.0, 0.0, 0.0, 0.0, 0.0, 1.0, 0.0]"
hMpxV/USA/CA-CDPH-1M1000336/2023|EPI_ISL_18399144|2023-08-20,"[0.0, 0.0, 0.0, 0.0, 0.0, 0.0, 0.0, 0.0, 0.0, 0.0, 0.0, 0.0, 0.0, 0.0, 0.0, 0.0, 0.0, 0.0, 0.0, 0.0, 0.0, 0.0, 0.0, 0.0, 0.0, 0.0, 0.0, 0.0, 0.0, 1.0, 0.0]"
hMpxV/USA/CA-CDPH-1M1000442/2023|EPI_ISL_18781629|2023-10-30,"[0.0, 0.0, 0.0, 0.0, 0.0, 0.0, 0.0, 0.0, 0.0, 0.0, 0.0, 0.0, 0.0, 0.0, 0.0, 0.0, 0.0, 0.0, 0.0, 0.0, 0.0, 0.0, 0.0, 0.0, 0.0, 0.0, 0.0, 0.0, 0.0, 0.9999999999999999, 0.0]"
hMpxV/USA/CA-CDPH-1M1000542/2023|EPI_ISL_19170471|2023-10-25,"[0.0, 0.0, 0.0, 0.0, 0.0, 0.0, 0.0, 0.0, 0.0, 0.0, 0.0, 0.0, 0.0, 0.0, 0.0, 0.0, 0.0, 0.0, 0.0, 0.0, 0.0, 0.0, 0.0, 0.0, 0.0, 0.0, 0.0, 0.0, 0.0, 1.0, 0.0]"
hMpxV/USA/CA-CDPH-1M1000544/2023|EPI_ISL_19170473|2023-10-27,"[0.0, 0.0, 0.0, 0.0, 0.0, 0.0, 0.0, 0.0, 0.0, 0.0, 0.0, 0.0, 0.0, 0.0, 0.0, 0.0, 0.0, 0.0, 0.0, 0.0, 0.0, 0.0, 0.0, 0.0, 0.0, 0.0, 0.0, 0.0, 0.0, 1.0, 0.0]"
hMpxV/USA/CA-CDPH-1M1000540/2023|EPI_ISL_19170469|2023-11-01,"[0.0, 0.0, 0.0, 0.0, 0.0, 0.0, 0.0, 0.0, 0.0, 0.0, 0.0, 0.0, 0.0, 0.0, 0.0, 0.0, 0.0, 0.0, 0.0, 0.0, 0.0, 0.0, 0.0, 0.0, 0.0, 0.0, 0.0, 0.0, 0.0, 1.0, 0.0]"
hMpxV/USA/CA-CDPH-1M1000546/2023|EPI_ISL_19170475|2023-10-29,"[0.0, 0.0, 0.0, 0.0, 0.0, 0.0, 0.0, 0.0, 0.0, 0.0, 0.0, 0.0, 0.0, 0.0, 0.0, 0.0, 0.0, 0.0, 0.0, 0.0, 0.0, 0.0, 0.0, 0.0, 0.0, 0.0, 0.0, 0.0, 0.0, 1.0, 0.0]"
hMpxV/USA/CA-CDPH-1M1000541/2023|EPI_ISL_19170470|2023-10-25,"[0.0, 0.0, 0.0, 0.0, 0.0, 0.0, 0.0, 0.0, 0.0, 0.0, 0.0, 0.0, 0.0, 0.0, 0.0, 0.0, 0.0, 0.0, 0.0, 0.0, 0.0, 0.0, 0.0, 0.0, 0.0, 0.0, 0.0, 0.0, 0.0, 1.0, 0.0]"
hMpxV/USA/CA-CDPH-1M1000549/2023|EPI_ISL_19170478|2023-10-30,"[0.0, 0.0, 0.0, 0.0, 0.0, 0.0, 0.0, 0.0, 0.0, 0.0, 0.0, 0.0, 0.0, 0.0, 0.0, 0.0, 0.0, 0.0, 0.0, 0.0, 0.0, 0.0, 0.0, 0.0, 0.0, 0.0, 0.0, 0.0, 0.0, 0.9999999999999999, 0.0]"
hMpxV/USA/CA-CDPH-1M1000615/2023|EPI_ISL_19295760|2023-09-23,"[0.0, 0.0, 0.0, 0.0, 0.0, 0.0, 0.0, 0.0, 0.0, 0.0, 0.0, 0.0, 0.0, 0.0, 0.0, 0.0, 0.0, 0.0, 0.0, 0.0, 0.0, 0.0, 0.0, 0.0, 0.0, 0.0, 0.0, 0.0, 0.0, 1.0, 0.0]"
hMpxV/USA/IL-RIPHL-050-0112/2023|EPI_ISL_19016768|2023-10-04,"[0.0, 0.0, 0.0, 0.0, 0.0, 0.0, 0.0, 0.0, 0.0, 0.0, 0.0, 0.0, 0.0, 0.0, 0.0, 0.0, 0.0, 0.0, 0.0, 0.0, 0.0, 0.0, 0.0, 0.0, 0.0, 0.0, 0.0, 0.0, 0.0, 1.0, 0.0]"
NODE_0000267,"[7.656070528649491e-08, 8.696897877414959e-09, 2.7179443912946855e-07, 8.55316032871952e-09, 1.2257661085969886e-08, 8.676828168984642e-09, 8.715245460747133e-09, 8.62298337416032e-09, 8.586338933023057e-09, 8.557714995824721e-09, 8.640663204973097e-09, 8.607811417630825e-09, 8.181107499845142e-09, 8.554808599896596e-09, 1.898796994636883e-08, 9.445317709753837e-08, 5.8649900137313954e-08, 8.607811417632924e-09, 8.607811417631923e-09, 8.1816236944431e-09, 2.9367292520160796e-06, 8.328565421257826e-09, 4.988168293288711e-08, 8.613001472326533e-09, 1.85538319497935e-08, 2.5660379499332313e-08, 7.418088628705777e-09, 2.4404675821224798e-08, 8.163010596001773e-09, 0.9999962511286569, 8.624195619471722e-09]"
hMpxV/USA/CA-CDPH-1M1000391/2023|EPI_ISL_18781915|2023-10-20,"[0.0, 0.0, 0.0, 0.0, 0.0, 0.0, 0.0, 0.0, 0.0, 0.0, 0.0, 0.0, 0.0, 0.0, 0.0, 0.0, 0.0, 0.0, 0.0, 0.0, 0.0, 0.0, 0.0, 0.0, 0.0, 0.0, 0.0, 0.0, 0.0, 1.0, 0.0]"
hMpxV/USA/CA-CDPH-1M1000543/2023|EPI_ISL_19170472|2023-10-29,"[0.0, 0.0, 0.0, 0.0, 0.0, 0.0, 0.0, 0.0, 0.0, 0.0, 0.0, 0.0, 0.0, 0.0, 0.0, 0.0, 0.0, 0.0, 0.0, 0.0, 0.0, 0.0, 0.0, 0.0, 0.0, 0.0, 0.0, 0.0, 0.0, 1.0, 0.0]"
NODE_0000268,"[2.346545028018071e-09, 2.629015685828544e-10, 8.349893279397218e-09, 2.591651482452875e-10, 3.6870675178823463e-10, 2.6253573420603506e-10, 2.638057886941207e-10, 2.613159804189547e-10, 2.60066664813768e-10, 2.5924918102592407e-10, 2.619272410034153e-10, 2.609119526244674e-10, 2.477666242099432e-10, 2.582878105731022e-10, 5.806128935427945e-10, 2.888522371671084e-09, 1.8004592363099059e-09, 2.609119526248964e-10, 2.609119526246844e-10, 2.4744226752192586e-10, 9.150252961333904e-08, 2.5204329468196543e-10, 1.5305552066599287e-09, 2.6104257924186035e-10, 5.658642009946121e-10, 7.846917525638757e-10, 2.2392417747231014e-10, 7.461627508620718e-10, 2.47102218978992e-10, 0.999999883662823, 2.6132182531506466e-10]"
hMpxV/USA/CA-CDPH-1M1000443/2023|EPI_ISL_18781630|2023-10-27,"[0.0, 0.0, 0.0, 0.0, 0.0, 0.0, 0.0, 0.0, 0.0, 0.0, 0.0, 0.0, 0.0, 0.0, 0.0, 0.0, 0.0, 0.0, 0.0, 0.0, 0.0, 0.0, 0.0, 0.0, 0.0, 0.0, 0.0, 0.0, 0.0, 1.0, 0.0]"
hMpxV/USA/CA-CDPH-1M1000547/2023|EPI_ISL_19170476|2023-10-25,"[0.0, 0.0, 0.0, 0.0, 0.0, 0.0, 0.0, 0.0, 0.0, 0.0, 0.0, 0.0, 0.0, 0.0, 0.0, 0.0, 0.0, 0.0, 0.0, 0.0, 0.0, 0.0, 0.0, 0.0, 0.0, 0.0, 0.0, 0.0, 0.0, 1.0, 0.0]"
NODE_0000261,"[6.112747294154583e-11, 3.2683364920587977e-12, 3.472473217481148e-10, 3.1765398324047504e-12, 5.266983697268605e-12, 3.251527917749797e-12, 3.3004901068870087e-12, 3.252161535584692e-12, 3.1922432287274297e-12, 3.1958083999100063e-12, 3.2991915521385308e-12, 3.2420297282549096e-12, 3.0474446282557175e-12, 3.1528415513740405e-12, 1.0018971440421861e-11, 8.7659271680515e-11, 4.255648713629886e-11, 3.2420297282563337e-12, 3.2420297282556463e-12, 2.9988377323424147e-12, 1.2300117900637432e-08, 2.9858452441170753e-12, 3.7070727299818477e-11, 3.2458276632206633e-12, 9.435474847479672e-12, 1.4509674442007312e-11, 2.627531741280166e-12, 1.3610826120747855e-11, 2.983436668140813e-12, 0.9999999870114216, 3.2532739718016316e-12]"
hMpxV/USA/CA-CDPH-1M1000539/2023|EPI_ISL_19170468|2023-11-02,"[0.0, 0.0, 0.0, 0.0, 0.0, 0.0, 0.0, 0.0, 0.0, 0.0, 0.0, 0.0, 0.0, 0.0, 0.0, 0.0, 0.0, 0.0, 0.0, 0.0, 0.0, 0.0, 0.0, 0.0, 0.0, 0.0, 0.0, 0.0, 0.0, 0.9999999999999999, 0.0]"
hMpxV/USA/CA-CDPH-1M1000557/2023|EPI_ISL_19170486|2023-11-02,"[0.0, 0.0, 0.0, 0.0, 0.0, 0.0, 0.0, 0.0, 0.0, 0.0, 0.0, 0.0, 0.0, 0.0, 0.0, 0.0, 0.0, 0.0, 0.0, 0.0, 0.0, 0.0, 0.0, 0.0, 0.0, 0.0, 0.0, 0.0, 0.0, 0.9999999999999999, 0.0]"
NODE_0000262,"[5.699816573644086e-10, 5.708946767008488e-11, 2.1053221727257813e-09, 5.6707096662640825e-11, 7.946952711493751e-11, 5.71337693509052e-11, 5.759771262360076e-11, 5.7272377223706675e-11, 5.68064498829346e-11, 5.6696075171914993e-11, 5.753492579989212e-11, 5.7235150504943053e-11, 5.4108232831356584e-11, 5.56910254168383e-11, 1.359935609963837e-10, 7.016955759640963e-10, 4.3964631204878336e-10, 5.7235150505038244e-11, 5.723515050498997e-11, 5.3704241156191686e-11, 2.6869412712497327e-08, 5.4710364593245335e-11, 3.731835840739096e-10, 5.723824800680699e-11, 1.3045505945678527e-10, 1.8466242677915826e-10, 4.809821112841097e-11, 1.7528372000985225e-10, 5.378810931665359e-11, 0.9999999671717681, 5.724371996219266e-11]"
hMpxV/USA/CA-CDPH-1M1000554/2023|EPI_ISL_19170483|2023-10-30,"[0.0, 0.0, 0.0, 0.0, 0.0, 0.0, 0.0, 0.0, 0.0, 0.0, 0.0, 0.0, 0.0, 0.0, 0.0, 0.0, 0.0, 0.0, 0.0, 0.0, 0.0, 0.0, 0.0, 0.0, 0.0, 0.0, 0.0, 0.0, 0.0, 1.0, 0.0]"
NODE_0000263,"[5.1291558234337275e-08, 5.507661029423073e-09, 1.8561600799437376e-07, 5.434659774937171e-09, 7.744518076995865e-09, 5.499682903902992e-09, 5.533095120462726e-09, 5.483725505625455e-09, 5.451386652150706e-09, 5.43642036496625e-09, 5.501137017980616e-09, 5.476344548659425e-09, 5.1937076748421755e-09, 5.399143139619124e-09, 1.2482113988284392e-08, 6.332223343577875e-08, 3.93864524269265e-08, 5.4763445486608644e-09, 5.4763445486601365e-09, 5.179002477130803e-09, 2.1624585868941453e-06, 5.271265451255677e-09, 3.347557817803913e-08, 5.47850870353742e-09, 1.2102694719487015e-08, 1.6911544010488117e-08, 4.672387005863772e-09, 1.6069363337696402e-08, 5.173895400229685e-09, 0.9999972970114761, 5.48316066774729e-09]"
hMpxV/USA/CA-CDPH-1M1000500/2023|EPI_ISL_19143458|2023-11-19,"[0.0, 0.0, 0.0, 0.0, 0.0, 0.0, 0.0, 0.0, 0.0, 0.0, 0.0, 0.0, 0.0, 0.0, 0.0, 0.0, 0.0, 0.0, 0.0, 0.0, 0.0, 0.0, 0.0, 0.0, 0.0, 0.0, 0.0, 0.0, 0.0, 0.9999999999999999, 0.0]"
hMpxV/USA/CA-CDPH-1M1000466/2023|EPI_ISL_18959323|2023-12-14,"[0.0, 0.0, 0.0, 0.0, 0.0, 0.0, 0.0, 0.0, 0.0, 0.0, 0.0, 0.0, 0.0, 0.0, 0.0, 0.0, 0.0, 0.0, 0.0, 0.0, 0.0, 0.0, 0.0, 0.0, 0.0, 0.0, 0.0, 0.0, 0.0, 1.0, 0.0]"
NODE_0000264,"[5.781076953699572e-07, 7.728303332131583e-08, 1.9383201359871767e-06, 7.531136870127015e-08, 1.095489838445542e-07, 7.69199241382316e-08, 7.690271405758713e-08, 7.573563259005204e-08, 7.577076117920309e-08, 7.539156583601039e-08, 7.564662885756697e-08, 7.551628623616143e-08, 7.220892441562607e-08, 7.676090290862029e-08, 1.5167600983533862e-07, 7.108299174035385e-07, 4.4023079491831637e-07, 7.551628623617505e-08, 7.551628623616686e-08, 7.280917275221232e-08, 1.6814977727304733e-05, 7.415834257406438e-08, 3.750485832893262e-07, 7.5605104712443e-08, 1.5146632602886816e-07, 2.0338819983190243e-07, 6.69518868970877e-08, 1.9394781941935134e-07, 7.238313865389476e-08, 0.999976910272422, 7.579742446871163e-08]"
hMpxV/USA/CA-LACPHL-MA00614/2023|EPI_ISL_18993204|2023-12-05,"[0.0, 0.0, 0.0, 0.0, 0.0, 0.0, 0.0, 0.0, 0.0, 0.0, 0.0, 0.0, 0.0, 0.0, 0.0, 0.0, 0.0, 0.0, 0.0, 0.0, 0.0, 0.0, 0.0, 0.0, 0.0, 0.0, 0.0, 0.0, 0.0, 1.0, 0.0]"
NODE_0000265,"[2.164497291778396e-08, 1.8266342713005644e-09, 1.0399528362867716e-07, 1.7351259529257624e-09, 2.968023198847012e-09, 1.8068706735505721e-09, 1.8109001164011673e-09, 1.7636779274478117e-09, 1.7536743946448316e-09, 1.7476275952607565e-09, 1.7732267937310892e-09, 1.7530693048993682e-09, 1.6747721787421213e-09, 1.8087148278053176e-09, 4.1802818903142566e-09, 3.055793050906957e-08, 1.487625951620877e-08, 1.7530693049001996e-09, 1.7530693048998333e-09, 1.6844727193693728e-09, 1.9644579918895893e-06, 1.681643254417514e-09, 1.3006315442894027e-08, 1.7577107140533337e-09, 4.173689066121418e-09, 5.914021901248446e-09, 1.533037266379679e-09, 5.589498351363472e-09, 1.660721625629593e-09, 0.9999977955903455, 1.7673679462879156e-09]"
hMpxV/USA/CA-CDPH-1M1000496/2024|EPI_ISL_19143455|2024-01-13,"[0.0, 0.0, 0.0, 0.0, 0.0, 0.0, 0.0, 0.0, 0.0, 0.0, 0.0, 0.0, 0.0, 0.0, 0.0, 0.0, 0.0, 0.0, 0.0, 0.0, 0.0, 0.0, 0.0, 0.0, 0.0, 0.0, 0.0, 0.0, 0.0, 0.9999999999999999, 0.0]"
hMpxV/USA/WA-UW-251694/2024|EPI_ISL_19131279|2024-04-16,"[0.0, 0.0, 0.0, 0.0, 0.0, 0.0, 0.0, 0.0, 0.0, 0.0, 0.0, 0.0, 0.0, 0.0, 0.0, 0.0, 0.0, 0.0, 0.0, 0.0, 0.0, 0.0, 0.0, 0.0, 0.0, 0.0, 0.0, 0.0, 0.0, 1.0, 0.0]"
NODE_0000266,"[8.679654727634036e-10, 5.7086514998325403e-11, 4.524707949997176e-09, 5.515175774017355e-11, 9.121719411649268e-11, 5.674579671816456e-11, 5.7283710131594656e-11, 5.6267351820530454e-11, 5.55305337394903e-11, 5.5486857156964057e-11, 5.68545079504115e-11, 5.6039291381537386e-11, 5.300786930822454e-11, 5.565177721981491e-11, 1.5457327581165893e-10, 1.2250215201762932e-09, 6.036179509319661e-10, 5.6039291381553096e-11, 5.6039291381544495e-11, 5.2583547226901064e-11, 1.1828675058657541e-07, 5.2513093932737573e-11, 5.259419697029522e-10, 5.6132494851433577e-11, 1.4902609125756512e-10, 2.2104095803954716e-10, 4.6776619009532635e-11, 2.0808556025175738e-10, 5.218497101541906e-11, 0.999999872098356, 5.632021505801075e-11]"
hMpxV/USA/CA-LACPHL-MA00647/2024|EPI_ISL_19273375|2024-06-26,"[0.0, 0.0, 0.0, 0.0, 0.0, 0.0, 0.0, 0.0, 0.0, 0.0, 0.0, 0.0, 0.0, 0.0, 0.0, 0.0, 0.0, 0.0, 0.0, 0.0, 0.0, 0.0, 0.0, 0.0, 0.0, 0.0, 0.0, 0.0, 0.0, 1.0, 0.0]"
hMpxV/USA/CA-CDPH-1M1000640/2024|EPI_ISL_19295783|2024-06-26,"[0.0, 0.0, 0.0, 0.0, 0.0, 0.0, 0.0, 0.0, 0.0, 0.0, 0.0, 0.0, 0.0, 0.0, 0.0, 0.0, 0.0, 0.0, 0.0, 0.0, 0.0, 0.0, 0.0, 0.0, 0.0, 0.0, 0.0, 0.0, 0.0, 1.0, 0.0]"
hMpxV/USA/WA-UW-190625/2024|EPI_ISL_19336732|2024-07-12,"[0.0, 0.0, 0.0, 0.0, 0.0, 0.0, 0.0, 0.0, 0.0, 0.0, 0.0, 0.0, 0.0, 0.0, 0.0, 0.0, 0.0, 0.0, 0.0, 0.0, 0.0, 0.0, 0.0, 0.0, 0.0, 0.0, 0.0, 0.0, 0.0, 1.0, 0.0]"
NODE_0000158,"[3.921796577006741e-07, 5.292668051968198e-08, 1.299491680096826e-06, 5.1761854521729524e-08, 7.419197623366043e-08, 5.275993171078514e-08, 5.274463385460874e-08, 5.203449232234749e-08, 5.2051999926020184e-08, 5.17944291214007e-08, 5.1967342908125226e-08, 5.1898452862178285e-08, 4.9594115228048574e-08, 5.2534431447796515e-08, 1.0402639697068683e-07, 4.783424269619271e-07, 2.997670875708547e-07, 5.189845286218864e-08, 5.189845286218294e-08, 4.9942629914235294e-08, 1.0967493141793302e-05, 5.095600330898773e-08, 2.550972491525162e-07, 5.1952802318255615e-08, 1.0373245697390304e-07, 1.391693607889431e-07, 4.58732161111676e-08, 1.327480189352167e-07, 4.971660918572478e-08, 0.9999847773844015, 5.2069614394017775e-08]"
NODE_0000252,"[2.0327044116153408e-11, 9.846300542935059e-13, 1.1969368537818517e-10, 9.622650837849924e-13, 1.5816992019677449e-12, 9.80934027308608e-13, 9.985407551410942e-13, 9.866607376940518e-13, 9.6570160090089e-13, 9.677705796317556e-13, 1.0028834440425928e-12, 9.842810340470245e-13, 9.21776722124353e-13, 9.441363698296738e-13, 3.2199679756171665e-12, 2.9224258035458654e-11, 1.4199485377876265e-11, 9.842810340475348e-13, 9.842810340472656e-13, 9.026158660848316e-13, 4.870475023663075e-09, 8.983615355700642e-13, 1.2358049847854171e-11, 9.850857225637277e-13, 2.9921823180791854e-12, 4.684404323275564e-12, 7.839559172671456e-13, 4.387208785414774e-12, 8.99880790804007e-13, 0.9999999948987324, 9.865868184587035e-13]"
hMpxV/USA/CA-CDPH-1M1000424/2023|EPI_ISL_18781808|2023-10-09,"[0.0, 0.0, 0.0, 0.0, 0.0, 0.0, 0.0, 0.0, 0.0, 0.0, 0.0, 0.0, 0.0, 0.0, 0.0, 0.0, 0.0, 0.0, 0.0, 0.0, 0.0, 0.0, 0.0, 0.0, 0.0, 0.0, 0.0, 0.0, 0.0, 1.0, 0.0]"
hMpxV/USA/CA-CDPH-1M1000425/2023|EPI_ISL_18781809|2023-09-26,"[0.0, 0.0, 0.0, 0.0, 0.0, 0.0, 0.0, 0.0, 0.0, 0.0, 0.0, 0.0, 0.0, 0.0, 0.0, 0.0, 0.0, 0.0, 0.0, 0.0, 0.0, 0.0, 0.0, 0.0, 0.0, 0.0, 0.0, 0.0, 0.0, 1.0, 0.0]"
hMpxV/USA/CA-CDPH-1M1000411/2023|EPI_ISL_18781840|2023-09-27,"[0.0, 0.0, 0.0, 0.0, 0.0, 0.0, 0.0, 0.0, 0.0, 0.0, 0.0, 0.0, 0.0, 0.0, 0.0, 0.0, 0.0, 0.0, 0.0, 0.0, 0.0, 0.0, 0.0, 0.0, 0.0, 0.0, 0.0, 0.0, 0.0, 0.9999999999999999, 0.0]"
NODE_0000159,"[3.732977589828212e-23, 8.705506864784522e-28, 1.3526629850845596e-21, 6.725449115737817e-28, 5.451942204632148e-27, 8.156034141076169e-28, 8.688900757536669e-28, 7.734984563211414e-28, 7.023619559232856e-28, 7.1681306720527655e-28, 8.472980771601387e-28, 7.504648018466248e-28, 6.705330261916354e-28, 7.801451169460874e-28, 1.7802488648547702e-26, 1.3134211874275935e-23, 6.15909499417483e-25, 7.5046480184781985e-28, 7.504648018472222e-28, 6.273577335580517e-28, 1.2272810561504852e-16, 5.125896617467279e-28, 7.183841381101694e-25, 7.607215945835762e-28, 1.5325963079125985e-26, 3.4957000900960573e-25, 4.606818093547009e-28, 3.5476339756735544e-26, 5.820747566503463e-28, 1.0, 7.816138352588168e-28]"
hMpxV/USA/CA-LACPHL-MA00582/2024|EPI_ISL_18952716|2024-01-22,"[0.0, 0.0, 0.0, 0.0, 0.0, 0.0, 0.0, 0.0, 0.0, 0.0, 0.0, 0.0, 0.0, 0.0, 0.0, 0.0, 0.0, 0.0, 0.0, 0.0, 0.0, 0.0, 0.0, 0.0, 0.0, 0.0, 0.0, 0.0, 0.0, 1.0, 0.0]"
hMpxV/USA/CA-CDPH-1M1000491/2023|EPI_ISL_19143453|2023-12-12,"[0.0, 0.0, 0.0, 0.0, 0.0, 0.0, 0.0, 0.0, 0.0, 0.0, 0.0, 0.0, 0.0, 0.0, 0.0, 0.0, 0.0, 0.0, 0.0, 0.0, 0.0, 0.0, 0.0, 0.0, 0.0, 0.0, 0.0, 0.0, 0.0, 1.0, 0.0]"
hMpxV/USA/CA-CDPH-1M1000489/2023|EPI_ISL_19143451|2023-12-06,"[0.0, 0.0, 0.0, 0.0, 0.0, 0.0, 0.0, 0.0, 0.0, 0.0, 0.0, 0.0, 0.0, 0.0, 0.0, 0.0, 0.0, 0.0, 0.0, 0.0, 0.0, 0.0, 0.0, 0.0, 0.0, 0.0, 0.0, 0.0, 0.0, 1.0, 0.0]"
hMpxV/USA/CA-CDPH-1M1000376/2023|EPI_ISL_18781787|2023-09-08,"[0.0, 0.0, 0.0, 0.0, 0.0, 0.0, 0.0, 0.0, 0.0, 0.0, 0.0, 0.0, 0.0, 0.0, 0.0, 0.0, 0.0, 0.0, 0.0, 0.0, 0.0, 0.0, 0.0, 0.0, 0.0, 0.0, 0.0, 0.0, 0.0, 1.0, 0.0]"
hMpxV/USA/CA-CDPH-1M1000462/2023|EPI_ISL_18959319|2023-12-27,"[0.0, 0.0, 0.0, 0.0, 0.0, 0.0, 0.0, 0.0, 0.0, 0.0, 0.0, 0.0, 0.0, 0.0, 0.0, 0.0, 0.0, 0.0, 0.0, 0.0, 0.0, 0.0, 0.0, 0.0, 0.0, 0.0, 0.0, 0.0, 0.0, 1.0, 0.0]"
hMpxV/USA/CA-LACPHL-MA00605/2023|EPI_ISL_18993201|2023-10-19,"[0.0, 0.0, 0.0, 0.0, 0.0, 0.0, 0.0, 0.0, 0.0, 0.0, 0.0, 0.0, 0.0, 0.0, 0.0, 0.0, 0.0, 0.0, 0.0, 0.0, 0.0, 0.0, 0.0, 0.0, 0.0, 0.0, 0.0, 0.0, 0.0, 0.9999999999999999, 0.0]"
hMpxV/USA/IL-RIPHL-004-0161/2024|EPI_ISL_19158950|2024-03-04,"[0.0, 0.0, 0.0, 0.0, 0.0, 0.0, 0.0, 0.0, 0.0, 0.0, 0.0, 0.0, 0.0, 0.0, 0.0, 0.0, 0.0, 0.0, 0.0, 0.0, 0.0, 0.0, 0.0, 0.0, 0.0, 0.0, 0.0, 0.0, 0.0, 1.0, 0.0]"
hMpxV/USA/CA-LACPHL-MA00610/2023|EPI_ISL_18993198|2023-11-29,"[0.0, 0.0, 0.0, 0.0, 0.0, 0.0, 0.0, 0.0, 0.0, 0.0, 0.0, 0.0, 0.0, 0.0, 0.0, 0.0, 0.0, 0.0, 0.0, 0.0, 0.0, 0.0, 0.0, 0.0, 0.0, 0.0, 0.0, 0.0, 0.0, 1.0, 0.0]"
hMpxV/USA/CA-LACPHL-MA00601/2023|EPI_ISL_18993188|2023-10-23,"[0.0, 0.0, 0.0, 0.0, 0.0, 0.0, 0.0, 0.0, 0.0, 0.0, 0.0, 0.0, 0.0, 0.0, 0.0, 0.0, 0.0, 0.0, 0.0, 0.0, 0.0, 0.0, 0.0, 0.0, 0.0, 0.0, 0.0, 0.0, 0.0, 1.0, 0.0]"
hMpxV/USA/CA-CDPH-1M1000550/2023|EPI_ISL_19170479|2023-10-27,"[0.0, 0.0, 0.0, 0.0, 0.0, 0.0, 0.0, 0.0, 0.0, 0.0, 0.0, 0.0, 0.0, 0.0, 0.0, 0.0, 0.0, 0.0, 0.0, 0.0, 0.0, 0.0, 0.0, 0.0, 0.0, 0.0, 0.0, 0.0, 0.0, 1.0, 0.0]"
NODE_0000244,"[2.9107986726055356e-12, 1.383081000141301e-13, 1.7179666198609623e-11, 1.3551114807614347e-13, 2.2110613024522465e-13, 1.3791467293779843e-13, 1.404745706781098e-13, 1.3897999969289544e-13, 1.3593363381842348e-13, 1.3625859340105748e-13, 1.4132375827515349e-13, 1.3867839850058119e-13, 1.2973886393792688e-13, 1.324279231090228e-13, 4.59275762530918e-13, 4.172867168277423e-12, 2.0382420021922063e-12, 1.3867839850080525e-13, 1.3867839850069435e-13, 1.2683535086380894e-13, 7.082432093970163e-10, 1.2630648948947298e-13, 1.7725763935049023e-12, 1.3877535878872046e-13, 4.2535230653014146e-13, 6.68448357790052e-13, 1.0992442618497409e-13, 6.258669455092452e-13, 1.2657895270292153e-13, 0.9999999992587323, 1.3895078174074981e-13]"
hMpxV/USA/CA-CDPH-1M1000374/2023|EPI_ISL_18781786|2023-09-19,"[0.0, 0.0, 0.0, 0.0, 0.0, 0.0, 0.0, 0.0, 0.0, 0.0, 0.0, 0.0, 0.0, 0.0, 0.0, 0.0, 0.0, 0.0, 0.0, 0.0, 0.0, 0.0, 0.0, 0.0, 0.0, 0.0, 0.0, 0.0, 0.0, 1.0, 0.0]"
hMpxV/USA/CA-CDPH-1M1000379/2023|EPI_ISL_18781791|2023-10-04,"[0.0, 0.0, 0.0, 0.0, 0.0, 0.0, 0.0, 0.0, 0.0, 0.0, 0.0, 0.0, 0.0, 0.0, 0.0, 0.0, 0.0, 0.0, 0.0, 0.0, 0.0, 0.0, 0.0, 0.0, 0.0, 0.0, 0.0, 0.0, 0.0, 0.9999999999999999, 0.0]"
hMpxV/USA/CA-CDPH-1M1000623/2023|EPI_ISL_19295768|2023-09-22,"[0.0, 0.0, 0.0, 0.0, 0.0, 0.0, 0.0, 0.0, 0.0, 0.0, 0.0, 0.0, 0.0, 0.0, 0.0, 0.0, 0.0, 0.0, 0.0, 0.0, 0.0, 0.0, 0.0, 0.0, 0.0, 0.0, 0.0, 0.0, 0.0, 1.0, 0.0]"
NODE_0000245,"[1.0733363591733124e-09, 8.55889217770329e-11, 5.090943857553405e-09, 8.255816127905272e-11, 1.3412226545475868e-10, 8.510558921231366e-11, 8.553606217253555e-11, 8.39324037392975e-11, 8.320604431783612e-11, 8.301295833831034e-11, 8.450988040868162e-11, 8.35583793678558e-11, 7.940312762356759e-11, 8.410797611313436e-11, 2.0883419607583704e-10, 1.47602571591355e-09, 7.51903210986142e-10, 8.355837936797567e-11, 8.355837936791422e-11, 7.923051697298738e-11, 9.862933591922733e-08, 7.946023207746274e-11, 6.538347256811488e-10, 8.371670495521684e-11, 2.0479450246227063e-10, 2.9435535451976783e-10, 7.131663388392319e-11, 2.7805477702138763e-10, 7.856125313980092e-11, 0.9999998896404997, 8.403791564904055e-11]"
hMpxV/USA/CA-CDPH-1M1000601/2024|EPI_ISL_19295750|2024-05-19,"[0.0, 0.0, 0.0, 0.0, 0.0, 0.0, 0.0, 0.0, 0.0, 0.0, 0.0, 0.0, 0.0, 0.0, 0.0, 0.0, 0.0, 0.0, 0.0, 0.0, 0.0, 0.0, 0.0, 0.0, 0.0, 0.0, 0.0, 0.0, 0.0, 0.9999999999999999, 0.0]"
hMpxV/USA/CA-CDPH-1M1000605/2024|EPI_ISL_19295754|2024-05-28,"[0.0, 0.0, 0.0, 0.0, 0.0, 0.0, 0.0, 0.0, 0.0, 0.0, 0.0, 0.0, 0.0, 0.0, 0.0, 0.0, 0.0, 0.0, 0.0, 0.0, 0.0, 0.0, 0.0, 0.0, 0.0, 0.0, 0.0, 0.0, 0.0, 1.0, 0.0]"
NODE_0000246,"[1.5998047908791183e-09, 9.516363797599057e-11, 8.828081754144117e-09, 9.145827114722624e-11, 1.5621352088741403e-10, 9.430710513400191e-11, 9.542768981510671e-11, 9.350668917859157e-11, 9.211012533751893e-11, 9.209622877842326e-11, 9.465359510694387e-11, 9.31084242470532e-11, 8.796956281381927e-11, 9.251557620448667e-11, 2.6978451678483617e-10, 2.3088582003904947e-09, 1.105128443827367e-09, 9.310842424709088e-11, 9.31084242470778e-11, 8.72277880298065e-11, 2.741408775878754e-07, 8.669011584774831e-11, 9.648803049708939e-10, 9.326969253825542e-11, 2.5842177199655447e-10, 3.8953415485618033e-10, 7.732010265539506e-11, 3.6597498984674564e-10, 8.640553514847392e-11, 0.9999997078793933, 9.359956797654162e-11]"
hMpxV/USA/CA-LACPHL-MA00659/2024|EPI_ISL_19347730|2024-07-05,"[0.0, 0.0, 0.0, 0.0, 0.0, 0.0, 0.0, 0.0, 0.0, 0.0, 0.0, 0.0, 0.0, 0.0, 0.0, 0.0, 0.0, 0.0, 0.0, 0.0, 0.0, 0.0, 0.0, 0.0, 0.0, 0.0, 0.0, 0.0, 0.0, 1.0, 0.0]"
hMpxV/USA/WA-UW-902910/2024|EPI_ISL_19370101|2024-08-10,"[0.0, 0.0, 0.0, 0.0, 0.0, 0.0, 0.0, 0.0, 0.0, 0.0, 0.0, 0.0, 0.0, 0.0, 0.0, 0.0, 0.0, 0.0, 0.0, 0.0, 0.0, 0.0, 0.0, 0.0, 0.0, 0.0, 0.0, 0.0, 0.0, 1.0, 0.0]"
hMpxV/USA/WA-UW-500470/2024|EPI_ISL_19370102|2024-08-10,"[0.0, 0.0, 0.0, 0.0, 0.0, 0.0, 0.0, 0.0, 0.0, 0.0, 0.0, 0.0, 0.0, 0.0, 0.0, 0.0, 0.0, 0.0, 0.0, 0.0, 0.0, 0.0, 0.0, 0.0, 0.0, 0.0, 0.0, 0.0, 0.0, 1.0, 0.0]"
NODE_0000247,"[2.375008631334341e-05, 2.4149754530835946e-05, 2.508462617364988e-05, 2.452693652261742e-05, 2.363507554281599e-05, 2.4386509160131578e-05, 2.3868990732748816e-05, 2.3854129165766667e-05, 2.4580158312341262e-05, 2.412236470912697e-05, 2.3154072569084746e-05, 2.3900045690376892e-05, 2.2037916830926523e-05, 2.4504203812418055e-05, 1.7375107090963913e-05, 2.582596767022546e-05, 3.1793060371898465e-05, 2.390004569037794e-05, 2.390004569037767e-05, 2.2871854173137462e-05, 2.0372781148347782e-05, 2.5215291516362965e-05, 2.1990800797145637e-05, 2.387167977738631e-05, 1.8055203950929122e-05, 0.9990766267631794, 2.0266094461792435e-05, 2.603985145844314e-05, 2.309263281052037e-05, 0.00023942291598228854, 2.3825034164055377e-05]"
NODE_0000248,"[1.9430197151406476e-07, 2.625947498471127e-07, 1.7985311209279428e-07, 2.697670954955328e-07, 2.406898479722151e-07, 2.660489960296013e-07, 2.6059255553674364e-07, 2.6146074304837713e-07, 2.6966752570925216e-07, 2.642220006976998e-07, 2.531426550894535e-07, 2.625236479131702e-07, 2.3605816901997755e-07, 2.6424595775758563e-07, 1.622421958553607e-07, 2.2403700954854213e-07, 3.1074976998891225e-07, 2.6252364791319066e-07, 2.625236479131773e-07, 2.4487277398079697e-07, 1.420148852445682e-07, 2.747103145269346e-07, 1.9977771195175215e-07, 2.6191371147603025e-07, 1.6593237326553195e-07, 0.9999915169926533, 2.0753351795263443e-07, 2.696780211463494e-07, 2.4841891657872217e-07, 1.5000930253554003e-06, 2.608167962961509e-07]"
hMpxV/South_Africa/NICD-SVPL_360/2024|EPI_ISL_19542508|2024-06-28,"[0.0, 0.0, 0.0, 0.0, 0.0, 0.0, 0.0, 0.0, 0.0, 0.0, 0.0, 0.0, 0.0, 0.0, 0.0, 0.0, 0.0, 0.0, 0.0, 0.0, 0.0, 0.0, 0.0, 0.0, 0.0, 1.0, 0.0, 0.0, 0.0, 0.0, 0.0]"
NODE_0000249,"[1.8971204264322226e-09, 3.3648214984373152e-09, 1.4101507272552043e-09, 3.5080277213984387e-09, 2.8558994683821546e-09, 3.420984155251232e-09, 3.3517853327205306e-09, 3.3858545678455425e-09, 3.5001949921766797e-09, 3.4228005405697675e-09, 3.2685862409781754e-09, 3.404103881568003e-09, 3.0321288968084973e-09, 3.3749265069192407e-09, 1.873453174458275e-09, 2.100736691937333e-09, 3.41086980216241e-09, 3.4041038815694468e-09, 3.404103881568758e-09, 3.1434501423465982e-09, 7.826855614844975e-10, 3.575874348346958e-09, 2.1082250856169644e-09, 3.393990082562749e-09, 1.890151331667485e-09, 0.9999999110754773, 2.6324114855677026e-09, 3.1963068347314746e-09, 3.208930501395767e-09, 4.226475779758292e-09, 3.3753692598044195e-09]"
hMpxV/South_Africa/NICD-SVPL_231/2024|EPI_ISL_19542510|2024-06-10,"[0.0, 0.0, 0.0, 0.0, 0.0, 0.0, 0.0, 0.0, 0.0, 0.0, 0.0, 0.0, 0.0, 0.0, 0.0, 0.0, 0.0, 0.0, 0.0, 0.0, 0.0, 0.0, 0.0, 0.0, 0.0, 1.0, 0.0, 0.0, 0.0, 0.0, 0.0]"
hMpxV/South_Africa/NICD-SVPL_164/2024|EPI_ISL_19542512|2024-05-10,"[0.0, 0.0, 0.0, 0.0, 0.0, 0.0, 0.0, 0.0, 0.0, 0.0, 0.0, 0.0, 0.0, 0.0, 0.0, 0.0, 0.0, 0.0, 0.0, 0.0, 0.0, 0.0, 0.0, 0.0, 0.0, 1.0, 0.0, 0.0, 0.0, 0.0, 0.0]"
NODE_0000250,"[1.1281526554977872e-07, 1.7475974065393503e-07, 9.396879651581989e-08, 1.810216164599532e-07, 1.5363050991155523e-07, 1.7739869044205985e-07, 1.7376015139537918e-07, 1.750089047489966e-07, 1.807536681675182e-07, 1.769423505581624e-07, 1.691623941779681e-07, 1.7585269237175138e-07, 1.5762756057211218e-07, 1.7568174204042895e-07, 1.0277218895307926e-07, 1.2640335309528624e-07, 1.8952390500559383e-07, 1.7585269237176464e-07, 1.7585269237176022e-07, 1.6347966016057835e-07, 6.269226338971707e-08, 1.8469394431707414e-07, 1.1995322583583156e-07, 1.7538082407479152e-07, 1.0451158587026229e-07, 0.9999949666683542, 1.3815623470965576e-07, 1.714701642524825e-07, 1.6639752368525116e-07, 5.23288238972999e-07, 1.745190651514376e-07]"
hMpxV/South_Africa/NICD-SVPL_193/2024|EPI_ISL_19542511|2024-06-06,"[0.0, 0.0, 0.0, 0.0, 0.0, 0.0, 0.0, 0.0, 0.0, 0.0, 0.0, 0.0, 0.0, 0.0, 0.0, 0.0, 0.0, 0.0, 0.0, 0.0, 0.0, 0.0, 0.0, 0.0, 0.0, 1.0, 0.0, 0.0, 0.0, 0.0, 0.0]"
NODE_0000251,"[4.816005774771141e-10, 8.782153266446711e-10, 3.4750750611823236e-10, 9.170243406951643e-10, 7.395541542312894e-10, 8.932812852074825e-10, 8.751535025097864e-10, 8.849672737408749e-10, 9.152422465774771e-10, 8.944522142181335e-10, 8.540380835234607e-10, 8.895362072405951e-10, 7.91999613337309e-10, 8.808622595997931e-10, 4.832901284718594e-10, 5.279074885676827e-10, 8.739395642969547e-10, 8.895362072408853e-10, 8.895362072408544e-10, 8.208788177155631e-10, 1.7747484958157048e-10, 9.35183570649684e-10, 5.388772038279512e-10, 8.869973642611784e-10, 4.863844771660686e-10, 0.9999999772999231, 6.87696179215826e-10, 8.264602864755971e-10, 8.388580003722345e-10, 7.112923527834315e-10, 8.823297296498861e-10]"
hMpxV/South_Africa/NICD-SVPL_189/2024|EPI_ISL_19542513|2024-06-01,"[0.0, 0.0, 0.0, 0.0, 0.0, 0.0, 0.0, 0.0, 0.0, 0.0, 0.0, 0.0, 0.0, 0.0, 0.0, 0.0, 0.0, 0.0, 0.0, 0.0, 0.0, 0.0, 0.0, 0.0, 0.0, 0.9999999999999999, 0.0, 0.0, 0.0, 0.0, 0.0]"
hMpxV/South_Africa/NICD-SVPL_180/2024|EPI_ISL_19542514|2024-05-31,"[0.0, 0.0, 0.0, 0.0, 0.0, 0.0, 0.0, 0.0, 0.0, 0.0, 0.0, 0.0, 0.0, 0.0, 0.0, 0.0, 0.0, 0.0, 0.0, 0.0, 0.0, 0.0, 0.0, 0.0, 0.0, 1.0, 0.0, 0.0, 0.0, 0.0, 0.0]"
NODE_0000160,"[0.2770287274660559, 2.341616935077348e-05, 0.03785844299048721, 2.2892394725579998e-05, 5.344325689305728e-05, 2.3342169334519386e-05, 2.4848622882922443e-05, 2.302243825598211e-05, 2.3022944355354323e-05, 2.2931756413749082e-05, 2.2974873455071418e-05, 2.297405229207728e-05, 2.1384972755721165e-05, 2.3209437566186962e-05, 4.054348775490919e-05, 0.00011324831504665278, 6.433521714388635e-05, 2.297405229207687e-05, 2.2974052292076757e-05, 2.1599885280380566e-05, 0.0023110124481154483, 2.2101970263974593e-05, 0.00015117566584398493, 2.2989470129152387e-05, 4.146232962885706e-05, 4.091556826150889e-05, 1.88484367506227e-05, 4.010888721254952e-05, 2.147686337737063e-05, 0.6818265743141987, 2.3025491583565613e-05]"
hMpxV/Australia/VIC-VIDRL-7136/2024|EPI_ISL_19459786|2024-01-24,"[1.0, 0.0, 0.0, 0.0, 0.0, 0.0, 0.0, 0.0, 0.0, 0.0, 0.0, 0.0, 0.0, 0.0, 0.0, 0.0, 0.0, 0.0, 0.0, 0.0, 0.0, 0.0, 0.0, 0.0, 0.0, 0.0, 0.0, 0.0, 0.0, 0.0, 0.0]"
hMpxV/USA/CA-LACPHL-MA00616/2024|EPI_ISL_18993192|2024-02-12,"[0.0, 0.0, 0.0, 0.0, 0.0, 0.0, 0.0, 0.0, 0.0, 0.0, 0.0, 0.0, 0.0, 0.0, 0.0, 0.0, 0.0, 0.0, 0.0, 0.0, 0.0, 0.0, 0.0, 0.0, 0.0, 0.0, 0.0, 0.0, 0.0, 1.0, 0.0]"
NODE_0000161,"[0.00020981261339922977, 1.815150800045889e-08, 0.9997513693202993, 1.7954731984197556e-08, 1.124792277651275e-07, 1.8123338598949002e-08, 2.1755660739131125e-08, 1.8076862286804402e-08, 1.8044433613113018e-08, 1.8040295010161943e-08, 1.8046873929750716e-08, 1.8055810991022697e-08, 1.6416135093090472e-08, 1.7989706765443064e-08, 2.090512480130403e-08, 6.683853350177947e-08, 2.5887975571981873e-08, 1.8055810991012784e-08, 1.8055810991016434e-08, 1.6574296018938143e-08, 2.306707862217231e-06, 1.6976461041722097e-08, 4.4234696295918967e-07, 1.8057680323992166e-08, 2.2533863140936913e-08, 2.1760116112776542e-08, 1.3951465726291707e-08, 2.1886087124176697e-08, 1.6529974687310666e-08, 3.5439796897255694e-05, 1.8066794137883232e-08]"
NODE_0000242,"[1.5839492744094366e-07, 1.7112197641954715e-08, 0.9999981448386348, 1.7281279021396556e-08, 1.1537638923698976e-07, 1.7197450089851587e-08, 2.0902538438661023e-08, 1.7120285116295356e-08, 1.727530254820602e-08, 1.720308317142123e-08, 1.6921749973948404e-08, 1.7158292444743087e-08, 1.5976743456020895e-08, 1.71287324601189e-08, 1.1861413919153596e-08, 4.067211606915854e-08, 1.6974690803723887e-08, 1.7158292444740205e-08, 1.7158292444741052e-08, 1.6251521423452653e-08, 3.830732270374247e-07, 1.699819761948503e-08, 4.002984135316441e-07, 1.7134952115419365e-08, 1.2588752784779106e-08, 1.6595822425350884e-08, 1.4305581625814692e-08, 1.6744990127610436e-08, 1.629136204273501e-08, 3.589125580258491e-07, 1.7092209551194348e-08]"
hMpxV/Brazil/SC-FIOCRUZ-10557/2024|EPI_ISL_19416193|2024-04-17,"[0.0, 0.0, 0.9999999999999999, 0.0, 0.0, 0.0, 0.0, 0.0, 0.0, 0.0, 0.0, 0.0, 0.0, 0.0, 0.0, 0.0, 0.0, 0.0, 0.0, 0.0, 0.0, 0.0, 0.0, 0.0, 0.0, 0.0, 0.0, 0.0, 0.0, 0.0, 0.0]"
NODE_0000243,"[5.994432035994239e-14, 4.030189300170657e-15, 0.9999999999965088, 4.014763115746218e-15, 1.0881835604071019e-13, 4.036538862092486e-15, 5.723748764629712e-15, 4.053136069416014e-15, 4.017298239105912e-15, 4.025494949793127e-15, 4.064339903351525e-15, 4.05783937275393e-15, 3.65639981066363e-15, 3.931497970439895e-15, 2.3701642046803807e-15, 2.0169190404405783e-14, 3.756926613170557e-15, 4.05783937274515e-15, 4.057839372747641e-15, 3.65406243145053e-15, 1.6690296053548799e-12, 3.719918591456093e-15, 9.596031317713844e-13, 4.0535827436165346e-15, 2.4589292454996582e-15, 3.9564349481952805e-15, 2.968834097820686e-15, 4.0475827525035034e-15, 3.647581260836366e-15, 5.812931171451105e-13, 4.045438422523267e-15]"
hMpxV/Brazil/SC-FIOCRUZ-10556/2024|EPI_ISL_19416192|2024-04-15,"[0.0, 0.0, 0.9999999999999999, 0.0, 0.0, 0.0, 0.0, 0.0, 0.0, 0.0, 0.0, 0.0, 0.0, 0.0, 0.0, 0.0, 0.0, 0.0, 0.0, 0.0, 0.0, 0.0, 0.0, 0.0, 0.0, 0.0, 0.0, 0.0, 0.0, 0.0, 0.0]"
hMpxV/Brazil/SC-FIOCRUZ-10558/2024|EPI_ISL_19416194|2024-04-22,"[0.0, 0.0, 1.0, 0.0, 0.0, 0.0, 0.0, 0.0, 0.0, 0.0, 0.0, 0.0, 0.0, 0.0, 0.0, 0.0, 0.0, 0.0, 0.0, 0.0, 0.0, 0.0, 0.0, 0.0, 0.0, 0.0, 0.0, 0.0, 0.0, 0.0, 0.0]"
hMpxV/Brazil/SC-FIOCRUZ-10559/2024|EPI_ISL_19416195|2024-05-16,"[0.0, 0.0, 1.0, 0.0, 0.0, 0.0, 0.0, 0.0, 0.0, 0.0, 0.0, 0.0, 0.0, 0.0, 0.0, 0.0, 0.0, 0.0, 0.0, 0.0, 0.0, 0.0, 0.0, 0.0, 0.0, 0.0, 0.0, 0.0, 0.0, 0.0, 0.0]"
hMpxV/Brazil/SC-FIOCRUZ-10560/2024|EPI_ISL_19416196|2024-05-17,"[0.0, 0.0, 0.9999999999999999, 0.0, 0.0, 0.0, 0.0, 0.0, 0.0, 0.0, 0.0, 0.0, 0.0, 0.0, 0.0, 0.0, 0.0, 0.0, 0.0, 0.0, 0.0, 0.0, 0.0, 0.0, 0.0, 0.0, 0.0, 0.0, 0.0, 0.0, 0.0]"
NODE_0000206,"[6.704328491563169e-07, 1.4146454071462624e-07, 0.9999881602402174, 1.421909693014703e-07, 7.893469807968618e-07, 1.419081672835794e-07, 1.6777448208291744e-07, 1.4042891339731785e-07, 1.421864374279354e-07, 1.4227997019047876e-07, 1.3842710723677828e-07, 1.4077642032145102e-07, 1.3175245491016573e-07, 1.4432763921152057e-07, 1.0047525048449435e-07, 3.085816095443707e-07, 1.4564134157991803e-07, 1.4077642032141153e-07, 1.40776420321422e-07, 1.3549793299753864e-07, 2.1071620917508186e-06, 1.412574179151145e-07, 2.357555563104572e-06, 1.4056703352086404e-07, 1.1470346275039844e-07, 1.3656513108771614e-07, 1.198010577938208e-07, 1.3740454752887724e-07, 1.3477369346708992e-07, 2.3047247958721796e-06, 1.401990804097326e-07]"
hMpxV/Brazil/RJ-FIOCRUZ-10510/2024|EPI_ISL_19416160|2024-06-11,"[0.0, 0.0, 0.9999999999999999, 0.0, 0.0, 0.0, 0.0, 0.0, 0.0, 0.0, 0.0, 0.0, 0.0, 0.0, 0.0, 0.0, 0.0, 0.0, 0.0, 0.0, 0.0, 0.0, 0.0, 0.0, 0.0, 0.0, 0.0, 0.0, 0.0, 0.0, 0.0]"
NODE_0000207,"[5.106259605901151e-13, 3.394009782720627e-14, 0.9999992861568939, 1.727095962683593e-14, 3.724865759069179e-12, 2.298555701643604e-14, 3.889570692745472e-14, 1.7638272204084725e-14, 1.7292944095183185e-14, 1.756898207735654e-14, 1.7853148348901584e-14, 1.765539824145127e-14, 1.565825715183636e-14, 2.5731579074953055e-14, 1.4490289123551053e-14, 7.974559348513619e-13, 1.756962460588527e-14, 1.7655398241435496e-14, 1.7655398241439576e-14, 2.316455309312619e-14, 7.137807502383398e-07, 1.5452932339696944e-14, 1.4152004991778191e-11, 1.7635592898401673e-14, 1.111232267315588e-14, 1.74610822642162e-14, 1.2202593583015255e-14, 1.7987793364861993e-14, 1.5395389629853443e-14, 4.271300415313161e-11, 1.7598746103927894e-14]"
hMpxV/Peru/LIM-INS-549/2024|EPI_ISL_19449525|2024-07-31,"[0.0, 0.0, 0.0, 0.0, 0.0, 0.0, 0.0, 0.0, 0.0, 0.0, 0.0, 0.0, 0.0, 0.0, 0.0, 0.0, 0.0, 0.0, 0.0, 0.0, 1.0, 0.0, 0.0, 0.0, 0.0, 0.0, 0.0, 0.0, 0.0, 0.0, 0.0]"
hMpxV/Brazil/RJ-UG_UFRJ_0567/2024|EPI_ISL_19434508|2024-09-02,"[0.0, 0.0, 1.0, 0.0, 0.0, 0.0, 0.0, 0.0, 0.0, 0.0, 0.0, 0.0, 0.0, 0.0, 0.0, 0.0, 0.0, 0.0, 0.0, 0.0, 0.0, 0.0, 0.0, 0.0, 0.0, 0.0, 0.0, 0.0, 0.0, 0.0, 0.0]"
hMpxV/Brazil/RJ-FIOCRUZ-10535/2024|EPI_ISL_19416177|2024-08-20,"[0.0, 0.0, 1.0, 0.0, 0.0, 0.0, 0.0, 0.0, 0.0, 0.0, 0.0, 0.0, 0.0, 0.0, 0.0, 0.0, 0.0, 0.0, 0.0, 0.0, 0.0, 0.0, 0.0, 0.0, 0.0, 0.0, 0.0, 0.0, 0.0, 0.0, 0.0]"
hMpxV/Brazil/RJ-FIOCRUZ-10537/2024|EPI_ISL_19416179|2024-08-26,"[0.0, 0.0, 0.9999999999999999, 0.0, 0.0, 0.0, 0.0, 0.0, 0.0, 0.0, 0.0, 0.0, 0.0, 0.0, 0.0, 0.0, 0.0, 0.0, 0.0, 0.0, 0.0, 0.0, 0.0, 0.0, 0.0, 0.0, 0.0, 0.0, 0.0, 0.0, 0.0]"
hMpxV/Brazil/RJ-FIOCRUZ-10544/2024|EPI_ISL_19416183|2024-08-31,"[0.0, 0.0, 1.0, 0.0, 0.0, 0.0, 0.0, 0.0, 0.0, 0.0, 0.0, 0.0, 0.0, 0.0, 0.0, 0.0, 0.0, 0.0, 0.0, 0.0, 0.0, 0.0, 0.0, 0.0, 0.0, 0.0, 0.0, 0.0, 0.0, 0.0, 0.0]"
hMpxV/Brazil/RJ-FIOCRUZ-10566/2024|EPI_ISL_19416202|2024-09-04,"[0.0, 0.0, 1.0, 0.0, 0.0, 0.0, 0.0, 0.0, 0.0, 0.0, 0.0, 0.0, 0.0, 0.0, 0.0, 0.0, 0.0, 0.0, 0.0, 0.0, 0.0, 0.0, 0.0, 0.0, 0.0, 0.0, 0.0, 0.0, 0.0, 0.0, 0.0]"
NODE_0000208,"[1.1940487337330629e-10, 1.1039799857908638e-14, 0.9999999997121295, 1.058497706028912e-14, 3.8461946018490996e-13, 1.0919522896697697e-14, 1.5313970666595137e-14, 1.0752909232643747e-14, 1.0639016101786822e-14, 1.0954510130929997e-14, 1.0800838388373756e-14, 1.075321208706325e-14, 9.574009371909223e-15, 1.1452740884114814e-14, 7.927049075317518e-15, 7.734300182709437e-14, 1.2612265902644132e-14, 1.0753212087056352e-14, 1.0753212087058454e-14, 9.887157237029013e-15, 3.2209880298020805e-11, 9.654904697968288e-15, 4.165700910564404e-12, 1.0745365450835296e-14, 1.1173178240757381e-14, 1.125985081667592e-14, 7.54805317130644e-15, 1.150689326631883e-14, 9.477617250402438e-15, 1.313714951849298e-10, 1.0735911225652985e-14]"
hMpxV/Brazil/RJ-UG_UFRJ_0564/2024|EPI_ISL_19434506|2024-06-26,"[0.0, 0.0, 1.0, 0.0, 0.0, 0.0, 0.0, 0.0, 0.0, 0.0, 0.0, 0.0, 0.0, 0.0, 0.0, 0.0, 0.0, 0.0, 0.0, 0.0, 0.0, 0.0, 0.0, 0.0, 0.0, 0.0, 0.0, 0.0, 0.0, 0.0, 0.0]"
hMpxV/Brazil/RJ-UG_UFRJ_0571/2024|EPI_ISL_19434509|2024-08-16,"[0.0, 0.0, 1.0, 0.0, 0.0, 0.0, 0.0, 0.0, 0.0, 0.0, 0.0, 0.0, 0.0, 0.0, 0.0, 0.0, 0.0, 0.0, 0.0, 0.0, 0.0, 0.0, 0.0, 0.0, 0.0, 0.0, 0.0, 0.0, 0.0, 0.0, 0.0]"
hMpxV/Brazil/RJ-FIOCRUZ-10511/2024|EPI_ISL_19416161|2024-06-14,"[0.0, 0.0, 1.0, 0.0, 0.0, 0.0, 0.0, 0.0, 0.0, 0.0, 0.0, 0.0, 0.0, 0.0, 0.0, 0.0, 0.0, 0.0, 0.0, 0.0, 0.0, 0.0, 0.0, 0.0, 0.0, 0.0, 0.0, 0.0, 0.0, 0.0, 0.0]"
NODE_0000239,"[1.5109287063171327e-09, 2.19773606935392e-10, 0.9999999599314211, 2.1891380795273172e-10, 2.25528522070618e-09, 2.1988819727331197e-10, 2.7736387551943547e-10, 2.1794401526224957e-10, 2.190223359727111e-10, 2.2036434548892128e-10, 2.1615077670925615e-10, 2.1840787859342346e-10, 2.0148867687488314e-10, 2.232634194535592e-10, 1.457794205487536e-10, 6.696677085000224e-10, 2.2315872728978539e-10, 2.1840787859299823e-10, 2.1840787859311732e-10, 2.0642677023668436e-10, 1.1761050299549153e-08, 2.119684180023263e-10, 1.0048344002895121e-08, 2.1809677971100763e-10, 1.7030035997014676e-10, 2.1305993867887903e-10, 1.755890580565139e-10, 2.1558971565541728e-10, 2.0415646992190046e-10, 8.732229674123291e-09, 2.1755109222391246e-10]"
hMpxV/Brazil/RJ-FIOCRUZ-10513/2024|EPI_ISL_19416163|2024-06-20,"[0.0, 0.0, 1.0, 0.0, 0.0, 0.0, 0.0, 0.0, 0.0, 0.0, 0.0, 0.0, 0.0, 0.0, 0.0, 0.0, 0.0, 0.0, 0.0, 0.0, 0.0, 0.0, 0.0, 0.0, 0.0, 0.0, 0.0, 0.0, 0.0, 0.0, 0.0]"
hMpxV/Brazil/RJ-FIOCRUZ-10523/2024|EPI_ISL_19416168|2024-08-08,"[0.0, 0.0, 1.0, 0.0, 0.0, 0.0, 0.0, 0.0, 0.0, 0.0, 0.0, 0.0, 0.0, 0.0, 0.0, 0.0, 0.0, 0.0, 0.0, 0.0, 0.0, 0.0, 0.0, 0.0, 0.0, 0.0, 0.0, 0.0, 0.0, 0.0, 0.0]"
NODE_0000240,"[2.1966447979219491e-07, 4.621466391391308e-08, 0.9999955107366582, 4.657144470040443e-08, 2.9682456452987503e-07, 4.640355338851272e-08, 5.595465993700205e-08, 4.608760553873914e-08, 4.655275552429349e-08, 4.646522068731809e-08, 4.5517898702014526e-08, 4.6199950192986386e-08, 4.308044294337107e-08, 4.660708474455052e-08, 3.213346576451827e-08, 1.0758135131859901e-07, 4.646785181092721e-08, 4.619995019297519e-08, 4.6199950192979014e-08, 4.401312978016585e-08, 9.268890632236258e-07, 4.594866858339434e-08, 9.897717388601942e-07, 4.613195272336228e-08, 3.521071994476006e-08, 4.472267674673033e-08, 3.8748777367769315e-08, 4.508353286760162e-08, 4.39740182267833e-08, 8.720332734363684e-07, 4.6008896329032495e-08]"
hMpxV/Brazil/SP-IAL-357942002/2024|EPI_ISL_19446307|2024-09-12,"[0.0, 0.0, 0.9999999999999999, 0.0, 0.0, 0.0, 0.0, 0.0, 0.0, 0.0, 0.0, 0.0, 0.0, 0.0, 0.0, 0.0, 0.0, 0.0, 0.0, 0.0, 0.0, 0.0, 0.0, 0.0, 0.0, 0.0, 0.0, 0.0, 0.0, 0.0, 0.0]"
NODE_0000241,"[9.012550262625123e-09, 1.6148994428314947e-09, 0.9999997932173924, 1.6322874080973154e-09, 1.2781725692789885e-08, 1.6237589474024786e-09, 2.010320140185681e-09, 1.620531268565658e-09, 1.6318590399073093e-09, 1.6227150709366748e-09, 1.6043026704528585e-09, 1.623743840755567e-09, 1.507124604445665e-09, 1.6039500033536766e-09, 1.0929440209912685e-09, 4.145186856158345e-09, 1.57487556015388e-09, 1.6237438407550306e-09, 1.6237438407551985e-09, 1.5257558904948372e-09, 5.265927905854827e-08, 1.5953127165314266e-09, 5.0632091370316424e-08, 1.6217106224151952e-09, 1.1287438742362842e-09, 1.5688555149116853e-09, 1.3359605565824258e-09, 1.5856789770679482e-09, 1.5331670451056785e-09, 4.002785950312391e-08, 1.6179299192858963e-09]"
hMpxV/Brazil/RJ-UG_UFRJ_0563/2024|EPI_ISL_19434510|2024-08-21,"[0.0, 0.0, 1.0, 0.0, 0.0, 0.0, 0.0, 0.0, 0.0, 0.0, 0.0, 0.0, 0.0, 0.0, 0.0, 0.0, 0.0, 0.0, 0.0, 0.0, 0.0, 0.0, 0.0, 0.0, 0.0, 0.0, 0.0, 0.0, 0.0, 0.0, 0.0]"
hMpxV/Brazil/BA-LACEN-293858477/2024|EPI_ISL_19361754|2024-08-12,"[0.0, 0.0, 1.0, 0.0, 0.0, 0.0, 0.0, 0.0, 0.0, 0.0, 0.0, 0.0, 0.0, 0.0, 0.0, 0.0, 0.0, 0.0, 0.0, 0.0, 0.0, 0.0, 0.0, 0.0, 0.0, 0.0, 0.0, 0.0, 0.0, 0.0, 0.0]"
NODE_0000209,"[1.0964596627848299e-45, 2.8871485240786287e-50, 0.9999999999999999, 2.5082686995347788e-50, 1.784722436201789e-44, 2.7813886217370572e-50, 1.1614703943044462e-49, 2.8943721976355943e-50, 2.5297755903290733e-50, 2.7425503612230413e-50, 3.2144743289571954e-50, 2.880525085542457e-50, 2.0438884582400497e-50, 2.544728782054335e-50, 5.553609999464426e-51, 3.4642587144759033e-47, 2.0305024559188515e-50, 2.880525085534762e-50, 2.880525085536895e-50, 1.8862289318486094e-50, 1.777487053693227e-38, 1.5163104095266957e-50, 1.195953471576712e-40, 2.8810229014216103e-50, 7.348941669942591e-51, 3.059523546860357e-50, 8.202797632948702e-51, 3.4434249744893807e-50, 1.7424975858948783e-50, 1.0085196059972877e-41, 2.881170036315605e-50]"
hMpxV/Brazil/RJ-UG_UFRJ_0555/2024|EPI_ISL_19434499|2024-08-26,"[0.0, 0.0, 1.0, 0.0, 0.0, 0.0, 0.0, 0.0, 0.0, 0.0, 0.0, 0.0, 0.0, 0.0, 0.0, 0.0, 0.0, 0.0, 0.0, 0.0, 0.0, 0.0, 0.0, 0.0, 0.0, 0.0, 0.0, 0.0, 0.0, 0.0, 0.0]"
hMpxV/Brazil/RJ-UG_UFRJ_0557/2024|EPI_ISL_19434501|2024-08-22,"[0.0, 0.0, 0.9999999999999999, 0.0, 0.0, 0.0, 0.0, 0.0, 0.0, 0.0, 0.0, 0.0, 0.0, 0.0, 0.0, 0.0, 0.0, 0.0, 0.0, 0.0, 0.0, 0.0, 0.0, 0.0, 0.0, 0.0, 0.0, 0.0, 0.0, 0.0, 0.0]"
hMpxV/Brazil/RJ-UG_UFRJ_0561/2024|EPI_ISL_19434511|2024-07-30,"[0.0, 0.0, 1.0, 0.0, 0.0, 0.0, 0.0, 0.0, 0.0, 0.0, 0.0, 0.0, 0.0, 0.0, 0.0, 0.0, 0.0, 0.0, 0.0, 0.0, 0.0, 0.0, 0.0, 0.0, 0.0, 0.0, 0.0, 0.0, 0.0, 0.0, 0.0]"
hMpxV/Brazil/RJ-UG_UFRJ_0556/2024|EPI_ISL_19434505|2024-08-29,"[0.0, 0.0, 1.0, 0.0, 0.0, 0.0, 0.0, 0.0, 0.0, 0.0, 0.0, 0.0, 0.0, 0.0, 0.0, 0.0, 0.0, 0.0, 0.0, 0.0, 0.0, 0.0, 0.0, 0.0, 0.0, 0.0, 0.0, 0.0, 0.0, 0.0, 0.0]"
hMpxV/Brazil/RJ-UG_UFRJ_0566/2024|EPI_ISL_19434507|2024-08-27,"[0.0, 0.0, 1.0, 0.0, 0.0, 0.0, 0.0, 0.0, 0.0, 0.0, 0.0, 0.0, 0.0, 0.0, 0.0, 0.0, 0.0, 0.0, 0.0, 0.0, 0.0, 0.0, 0.0, 0.0, 0.0, 0.0, 0.0, 0.0, 0.0, 0.0, 0.0]"
hMpxV/Brazil/RJ-UG_UFRJ_0570/2024|EPI_ISL_19434514|2024-09-02,"[0.0, 0.0, 1.0, 0.0, 0.0, 0.0, 0.0, 0.0, 0.0, 0.0, 0.0, 0.0, 0.0, 0.0, 0.0, 0.0, 0.0, 0.0, 0.0, 0.0, 0.0, 0.0, 0.0, 0.0, 0.0, 0.0, 0.0, 0.0, 0.0, 0.0, 0.0]"
hMpxV/Brazil/RJ-FIOCRUZ-10517/2024|EPI_ISL_19416164|2024-07-23,"[0.0, 0.0, 1.0, 0.0, 0.0, 0.0, 0.0, 0.0, 0.0, 0.0, 0.0, 0.0, 0.0, 0.0, 0.0, 0.0, 0.0, 0.0, 0.0, 0.0, 0.0, 0.0, 0.0, 0.0, 0.0, 0.0, 0.0, 0.0, 0.0, 0.0, 0.0]"
hMpxV/Brazil/RJ-FIOCRUZ-10522/2024|EPI_ISL_19416167|2024-08-08,"[0.0, 0.0, 1.0, 0.0, 0.0, 0.0, 0.0, 0.0, 0.0, 0.0, 0.0, 0.0, 0.0, 0.0, 0.0, 0.0, 0.0, 0.0, 0.0, 0.0, 0.0, 0.0, 0.0, 0.0, 0.0, 0.0, 0.0, 0.0, 0.0, 0.0, 0.0]"
hMpxV/Brazil/RJ-FIOCRUZ-10524/2024|EPI_ISL_19416169|2024-08-10,"[0.0, 0.0, 0.9999999999999999, 0.0, 0.0, 0.0, 0.0, 0.0, 0.0, 0.0, 0.0, 0.0, 0.0, 0.0, 0.0, 0.0, 0.0, 0.0, 0.0, 0.0, 0.0, 0.0, 0.0, 0.0, 0.0, 0.0, 0.0, 0.0, 0.0, 0.0, 0.0]"
hMpxV/Brazil/RJ-FIOCRUZ-10526/2024|EPI_ISL_19416171|2024-08-15,"[0.0, 0.0, 1.0, 0.0, 0.0, 0.0, 0.0, 0.0, 0.0, 0.0, 0.0, 0.0, 0.0, 0.0, 0.0, 0.0, 0.0, 0.0, 0.0, 0.0, 0.0, 0.0, 0.0, 0.0, 0.0, 0.0, 0.0, 0.0, 0.0, 0.0, 0.0]"
hMpxV/Brazil/RJ-FIOCRUZ-10528/2024|EPI_ISL_19416173|2024-08-19,"[0.0, 0.0, 1.0, 0.0, 0.0, 0.0, 0.0, 0.0, 0.0, 0.0, 0.0, 0.0, 0.0, 0.0, 0.0, 0.0, 0.0, 0.0, 0.0, 0.0, 0.0, 0.0, 0.0, 0.0, 0.0, 0.0, 0.0, 0.0, 0.0, 0.0, 0.0]"
hMpxV/Brazil/RJ-FIOCRUZ-10529/2024|EPI_ISL_19416174|2024-08-19,"[0.0, 0.0, 1.0, 0.0, 0.0, 0.0, 0.0, 0.0, 0.0, 0.0, 0.0, 0.0, 0.0, 0.0, 0.0, 0.0, 0.0, 0.0, 0.0, 0.0, 0.0, 0.0, 0.0, 0.0, 0.0, 0.0, 0.0, 0.0, 0.0, 0.0, 0.0]"
hMpxV/Brazil/RJ-FIOCRUZ-10536/2024|EPI_ISL_19416178|2024-08-23,"[0.0, 0.0, 1.0, 0.0, 0.0, 0.0, 0.0, 0.0, 0.0, 0.0, 0.0, 0.0, 0.0, 0.0, 0.0, 0.0, 0.0, 0.0, 0.0, 0.0, 0.0, 0.0, 0.0, 0.0, 0.0, 0.0, 0.0, 0.0, 0.0, 0.0, 0.0]"
hMpxV/Brazil/RJ-FIOCRUZ-10534/2024|EPI_ISL_19416176|2024-08-20,"[0.0, 0.0, 1.0, 0.0, 0.0, 0.0, 0.0, 0.0, 0.0, 0.0, 0.0, 0.0, 0.0, 0.0, 0.0, 0.0, 0.0, 0.0, 0.0, 0.0, 0.0, 0.0, 0.0, 0.0, 0.0, 0.0, 0.0, 0.0, 0.0, 0.0, 0.0]"
hMpxV/Brazil/RJ-FIOCRUZ-10541/2024|EPI_ISL_19416181|2024-08-29,"[0.0, 0.0, 1.0, 0.0, 0.0, 0.0, 0.0, 0.0, 0.0, 0.0, 0.0, 0.0, 0.0, 0.0, 0.0, 0.0, 0.0, 0.0, 0.0, 0.0, 0.0, 0.0, 0.0, 0.0, 0.0, 0.0, 0.0, 0.0, 0.0, 0.0, 0.0]"
hMpxV/Brazil/RJ-FIOCRUZ-10542/2024|EPI_ISL_19416182|2024-08-31,"[0.0, 0.0, 0.9999999999999999, 0.0, 0.0, 0.0, 0.0, 0.0, 0.0, 0.0, 0.0, 0.0, 0.0, 0.0, 0.0, 0.0, 0.0, 0.0, 0.0, 0.0, 0.0, 0.0, 0.0, 0.0, 0.0, 0.0, 0.0, 0.0, 0.0, 0.0, 0.0]"
NODE_0000211,"[2.256721335245243e-09, 4.3862129259830276e-10, 0.9999999521451176, 4.436693922885603e-10, 3.1155564430350946e-09, 4.411180005476776e-10, 5.403990337708055e-10, 4.3991098012710985e-10, 4.43521215797565e-10, 4.409502311757902e-10, 4.3508123438405964e-10, 4.408231095035045e-10, 4.1004786608509744e-10, 4.3662448592279355e-10, 3.0002874930499025e-10, 1.0668695821375615e-09, 4.299331436306353e-10, 4.40823109502605e-10, 4.4082310950285234e-10, 4.157191834459681e-10, 1.0825636008410884e-08, 4.353446917360731e-10, 1.122701520474329e-08, 4.4025672351620195e-10, 3.1111348009217756e-10, 4.257441585574962e-10, 3.6580903471317734e-10, 4.298983452391803e-10, 4.1773776243734485e-10, 9.159877349841003e-09, 4.392081183202996e-10]"
hMpxV/Brazil/RJ-UG_UFRJ_0562/2024|EPI_ISL_19434502|2024-08-26,"[0.0, 0.0, 1.0, 0.0, 0.0, 0.0, 0.0, 0.0, 0.0, 0.0, 0.0, 0.0, 0.0, 0.0, 0.0, 0.0, 0.0, 0.0, 0.0, 0.0, 0.0, 0.0, 0.0, 0.0, 0.0, 0.0, 0.0, 0.0, 0.0, 0.0, 0.0]"
hMpxV/Brazil/SC-FIOCRUZ-10562/2024|EPI_ISL_19416198|2024-08-20,"[0.0, 0.0, 1.0, 0.0, 0.0, 0.0, 0.0, 0.0, 0.0, 0.0, 0.0, 0.0, 0.0, 0.0, 0.0, 0.0, 0.0, 0.0, 0.0, 0.0, 0.0, 0.0, 0.0, 0.0, 0.0, 0.0, 0.0, 0.0, 0.0, 0.0, 0.0]"
NODE_0000212,"[2.5615159562096264e-08, 5.391107740867677e-09, 0.9999994777996314, 5.434174493906547e-09, 3.4593694846133974e-08, 5.4137983519990846e-09, 6.529623327803507e-09, 5.377993227422256e-09, 5.432145014035869e-09, 5.420469206472955e-09, 5.3115534723103985e-09, 5.390918845407304e-09, 5.026993387644834e-09, 5.433461298649355e-09, 3.747414246103542e-09, 1.2541079417097163e-08, 5.414271002724408e-09, 5.390918845396782e-09, 5.390918845399718e-09, 5.133855128631219e-09, 1.0743935022410341e-07, 5.361142165414059e-09, 1.1511128807435455e-07, 5.3830818278102975e-09, 4.092429741649285e-09, 5.217833836298391e-09, 4.521275689876206e-09, 5.26013958432222e-09, 5.1310384183920925e-09, 1.013243424292937e-07, 5.3688960659066285e-09]"
hMpxV/Brazil/RJ-UG_UFRJ_0559/2024|EPI_ISL_19434503|2024-08-26,"[0.0, 0.0, 1.0, 0.0, 0.0, 0.0, 0.0, 0.0, 0.0, 0.0, 0.0, 0.0, 0.0, 0.0, 0.0, 0.0, 0.0, 0.0, 0.0, 0.0, 0.0, 0.0, 0.0, 0.0, 0.0, 0.0, 0.0, 0.0, 0.0, 0.0, 0.0]"
hMpxV/Brazil/SP-IAL-357991445/2024|EPI_ISL_19524879|2024-10-15,"[0.0, 0.0, 1.0, 0.0, 0.0, 0.0, 0.0, 0.0, 0.0, 0.0, 0.0, 0.0, 0.0, 0.0, 0.0, 0.0, 0.0, 0.0, 0.0, 0.0, 0.0, 0.0, 0.0, 0.0, 0.0, 0.0, 0.0, 0.0, 0.0, 0.0, 0.0]"
NODE_0000213,"[8.530093501210054e-09, 1.6399552227625502e-09, 0.9999998180438442, 1.659606832162364e-09, 1.1812036218294927e-08, 1.6496147402239276e-09, 2.025203672811484e-09, 1.645967931968735e-09, 1.659055766021445e-09, 1.6486301651252336e-09, 1.6282091095624145e-09, 1.649310904453644e-09, 1.5336423214948426e-09, 1.6297573382718436e-09, 1.1193141152502622e-09, 4.013402038540202e-09, 1.6021968567599575e-09, 1.6493109044529087e-09, 1.6493109044531078e-09, 1.5533229543944548e-09, 4.167963614369443e-08, 1.6272623224817542e-09, 4.3032496375113825e-08, 1.6472276825935838e-09, 1.1526654086005621e-09, 1.5924242019829828e-09, 1.366656295035771e-09, 1.6083204771739078e-09, 1.562000512751059e-09, 3.4746167802527774e-08, 1.6433569929359966e-09]"
hMpxV/Brazil/RJ-UG_UFRJ_0565/2024|EPI_ISL_19434512|2024-08-15,"[0.0, 0.0, 1.0, 0.0, 0.0, 0.0, 0.0, 0.0, 0.0, 0.0, 0.0, 0.0, 0.0, 0.0, 0.0, 0.0, 0.0, 0.0, 0.0, 0.0, 0.0, 0.0, 0.0, 0.0, 0.0, 0.0, 0.0, 0.0, 0.0, 0.0, 0.0]"
hMpxV/Brazil/RJ-FIOCRUZ-10532/2024|EPI_ISL_19416175|2024-08-17,"[0.0, 0.0, 1.0, 0.0, 0.0, 0.0, 0.0, 0.0, 0.0, 0.0, 0.0, 0.0, 0.0, 0.0, 0.0, 0.0, 0.0, 0.0, 0.0, 0.0, 0.0, 0.0, 0.0, 0.0, 0.0, 0.0, 0.0, 0.0, 0.0, 0.0, 0.0]"
NODE_0000210,"[1.4792241395584407e-15, 9.685371527650209e-17, 0.9999999999999081, 9.672669347099873e-17, 2.7609158606519417e-15, 9.711078300122728e-17, 1.3897007372725663e-16, 9.77627544041494e-17, 9.679288918635935e-17, 9.673917894038328e-17, 9.811193462903811e-17, 9.785289457033657e-17, 8.805351398537678e-17, 9.370616807123273e-17, 5.641910762821054e-17, 4.959866034765025e-16, 8.884823104248864e-17, 9.785289456992053e-17, 9.785289457007439e-17, 8.756932061283809e-17, 4.45453129769419e-14, 8.934093603289836e-17, 2.5343884623951985e-14, 9.776236292910405e-17, 5.647879558110257e-17, 9.526196350203906e-17, 7.116444168112516e-17, 9.755308456934308e-17, 8.774115499451368e-17, 1.4640392183529342e-14, 9.758471373032654e-17]"
hMpxV/Brazil/RJ-UG_UFRJ_0550/2024|EPI_ISL_19434494|2024-07-22,"[0.0, 0.0, 1.0, 0.0, 0.0, 0.0, 0.0, 0.0, 0.0, 0.0, 0.0, 0.0, 0.0, 0.0, 0.0, 0.0, 0.0, 0.0, 0.0, 0.0, 0.0, 0.0, 0.0, 0.0, 0.0, 0.0, 0.0, 0.0, 0.0, 0.0, 0.0]"
hMpxV/Brazil/RJ-FIOCRUZ-10521/2024|EPI_ISL_19416166|2024-08-07,"[0.0, 0.0, 1.0, 0.0, 0.0, 0.0, 0.0, 0.0, 0.0, 0.0, 0.0, 0.0, 0.0, 0.0, 0.0, 0.0, 0.0, 0.0, 0.0, 0.0, 0.0, 0.0, 0.0, 0.0, 0.0, 0.0, 0.0, 0.0, 0.0, 0.0, 0.0]"
hMpxV/Brazil/RJ-FIOCRUZ-10520/2024|EPI_ISL_19416165|2024-08-05,"[0.0, 0.0, 0.9999999999999999, 0.0, 0.0, 0.0, 0.0, 0.0, 0.0, 0.0, 0.0, 0.0, 0.0, 0.0, 0.0, 0.0, 0.0, 0.0, 0.0, 0.0, 0.0, 0.0, 0.0, 0.0, 0.0, 0.0, 0.0, 0.0, 0.0, 0.0, 0.0]"
hMpxV/Brazil/PR-FIOCRUZ-10551/2024|EPI_ISL_19416188|2024-08-05,"[0.0, 0.0, 0.9999999999999999, 0.0, 0.0, 0.0, 0.0, 0.0, 0.0, 0.0, 0.0, 0.0, 0.0, 0.0, 0.0, 0.0, 0.0, 0.0, 0.0, 0.0, 0.0, 0.0, 0.0, 0.0, 0.0, 0.0, 0.0, 0.0, 0.0, 0.0, 0.0]"
NODE_0000214,"[8.20132200188601e-11, 1.1756992710001745e-11, 0.9999999978024985, 1.1740035371246385e-11, 1.2259838279105865e-10, 1.1777229312480484e-11, 1.4910271224291992e-11, 1.1696883021503432e-11, 1.1750621520330883e-11, 1.1790340774895128e-11, 1.1602401019371428e-11, 1.1716728363387087e-11, 1.0808819292185605e-11, 1.186693960047931e-11, 7.767006223187805e-12, 3.595464125288778e-11, 1.1795535349389509e-11, 1.1716728363359378e-11, 1.1716728363366907e-11, 1.102909734124628e-11, 6.557278643162103e-10, 1.1354386831759384e-11, 5.552924299424331e-10, 1.1702674609643175e-11, 8.774677216530461e-12, 1.1416798556383847e-11, 9.407269185723966e-12, 1.1558331982812408e-11, 1.0944197866809014e-11, 4.736362956606599e-10, 1.1678127105263563e-11]"
hMpxV/Brazil/SP-IAL-357711946/2024|EPI_ISL_19359688|2024-04-29,"[0.0, 0.0, 1.0, 0.0, 0.0, 0.0, 0.0, 0.0, 0.0, 0.0, 0.0, 0.0, 0.0, 0.0, 0.0, 0.0, 0.0, 0.0, 0.0, 0.0, 0.0, 0.0, 0.0, 0.0, 0.0, 0.0, 0.0, 0.0, 0.0, 0.0, 0.0]"
NODE_0000229,"[1.1064037362797044e-06, 2.620947723383153e-07, 0.999978603488101, 2.6378933507987937e-07, 1.4403799524080504e-06, 2.6309133542301485e-07, 3.1077732557563154e-07, 2.605453774611418e-07, 2.6385394944759683e-07, 2.6365865943558714e-07, 2.5677131091898583e-07, 2.611251643335843e-07, 2.4454875261677903e-07, 2.667741009949801e-07, 1.860365936113459e-07, 5.661273245268281e-07, 2.686724228951929e-07, 2.6112516433355754e-07, 2.6112516433356246e-07, 2.5110499986638383e-07, 3.7714338109787055e-06, 2.621891186579633e-07, 4.256529762711577e-06, 2.6077149545873695e-07, 2.0932171826806423e-07, 2.5315059283999547e-07, 2.2260284084922697e-07, 2.5470857465714796e-07, 2.501404734385178e-07, 4.137505222630017e-06, 2.6015284657198696e-07]"
hMpxV/Brazil/SP-IAL-357897281/2024|EPI_ISL_19359695|2024-08-14,"[0.0, 0.0, 1.0, 0.0, 0.0, 0.0, 0.0, 0.0, 0.0, 0.0, 0.0, 0.0, 0.0, 0.0, 0.0, 0.0, 0.0, 0.0, 0.0, 0.0, 0.0, 0.0, 0.0, 0.0, 0.0, 0.0, 0.0, 0.0, 0.0, 0.0, 0.0]"
NODE_0000230,"[3.039090002120935e-08, 5.686344804444084e-09, 0.9999993312722255, 5.742753552207815e-09, 4.2478280884743445e-08, 5.715404436583198e-09, 7.028399181530845e-09, 5.6969970533076185e-09, 5.741381487008103e-09, 5.714506477458342e-09, 5.63643644472992e-09, 5.708727397056678e-09, 5.305128015943251e-09, 5.670078900496679e-09, 3.874594205110185e-09, 1.4227785958100875e-08, 5.5896118844998995e-09, 5.708727397055539e-09, 5.708727397055777e-09, 5.3831907254304335e-09, 1.5966123228419052e-07, 5.6260022914768246e-09, 1.5922143302154622e-07, 5.701373071102565e-09, 4.062783165582227e-09, 5.518889406192901e-09, 4.719913767522414e-09, 5.574377453068784e-09, 5.4011813613660925e-09, 1.3054480062309557e-07, 5.687811714366247e-09]"
hMpxV/Brazil/SP-IAL-357913268/2024|EPI_ISL_19372777|2024-08-25,"[0.0, 0.0, 1.0, 0.0, 0.0, 0.0, 0.0, 0.0, 0.0, 0.0, 0.0, 0.0, 0.0, 0.0, 0.0, 0.0, 0.0, 0.0, 0.0, 0.0, 0.0, 0.0, 0.0, 0.0, 0.0, 0.0, 0.0, 0.0, 0.0, 0.0, 0.0]"
NODE_0000231,"[9.772418902114005e-09, 1.862379158618836e-09, 0.9999997893661137, 1.8846392075483295e-09, 1.357590036438399e-08, 1.873330100084273e-09, 2.3024938233588227e-09, 1.8694071896949215e-09, 1.8840264051441864e-09, 1.8721342934065875e-09, 1.84943115926222e-09, 1.873180467690039e-09, 1.741426006217627e-09, 1.8501425013625064e-09, 1.2696755005673019e-09, 4.5832792073750365e-09, 1.8181121569950914e-09, 1.8731804676893526e-09, 1.8731804676895507e-09, 1.7633967688276644e-09, 4.907284881995725e-08, 1.847137480073238e-09, 5.0092510526155856e-08, 1.8708243856137804e-09, 1.3062274517794346e-09, 1.8085844542493579e-09, 1.5507915879886988e-09, 1.826832707679922e-09, 1.7733591714303566e-09, 4.0226592454075976e-08, 1.8664430923405207e-09]"
NODE_0000238,"[6.260943779169833e-08, 1.2252852248768507e-08, 0.9999986764893157, 1.2387191857023522e-08, 8.629676632346197e-08, 1.2319475602645064e-08, 1.506999211592667e-08, 1.2279485025480888e-08, 1.2382244756112382e-08, 1.2317741281956044e-08, 1.2143397488326843e-08, 1.2305963605217987e-08, 1.1448643701052676e-08, 1.2216940379487532e-08, 8.394473028600052e-09, 2.9702804908133274e-08, 1.204773659841286e-08, 1.2305963605215924e-08, 1.2305963605216462e-08, 1.1618522946571842e-08, 2.971218450660766e-07, 1.2160859579691112e-08, 3.0890851250075935e-07, 1.2289629478827108e-08, 8.774858049550258e-09, 1.1888306091064597e-08, 1.0220518239606221e-08, 1.2002237011973486e-08, 1.1665946708954094e-08, 2.5381293773133273e-07, 1.2259436831543938e-08]"
hMpxV/Brazil/SP-IAL-357929242/2024|EPI_ISL_19446298|2024-09-05,"[0.0, 0.0, 1.0, 0.0, 0.0, 0.0, 0.0, 0.0, 0.0, 0.0, 0.0, 0.0, 0.0, 0.0, 0.0, 0.0, 0.0, 0.0, 0.0, 0.0, 0.0, 0.0, 0.0, 0.0, 0.0, 0.0, 0.0, 0.0, 0.0, 0.0, 0.0]"
hMpxV/Brazil/SP-IAL-357939968/2024|EPI_ISL_19446306|2024-09-11,"[0.0, 0.0, 1.0, 0.0, 0.0, 0.0, 0.0, 0.0, 0.0, 0.0, 0.0, 0.0, 0.0, 0.0, 0.0, 0.0, 0.0, 0.0, 0.0, 0.0, 0.0, 0.0, 0.0, 0.0, 0.0, 0.0, 0.0, 0.0, 0.0, 0.0, 0.0]"
NODE_0000232,"[1.1611565313291906e-10, 1.3977971822200416e-11, 0.9999999963567954, 1.4006272620923647e-11, 1.8314905768020253e-10, 1.401835793615609e-11, 1.8320186076463237e-11, 1.3999278749701799e-11, 1.4008481682830515e-11, 1.4008132489325652e-11, 1.3930705208420405e-11, 1.402405938564577e-11, 1.2857043457113594e-11, 1.3864108594854894e-11, 8.942922478338625e-12, 4.7582258732636444e-11, 1.3533241813546554e-11, 1.4024059385638092e-11, 1.4024059385640235e-11, 1.2990905438326844e-11, 1.2602399114009722e-09, 1.3394557607147937e-11, 9.894742237926455e-10, 1.4006594371987506e-11, 9.5255993094617e-12, 1.3624308778154362e-11, 1.099155739437289e-11, 1.3835234548383172e-11, 1.2974560115476164e-11, 7.237868271614859e-10, 1.3974271326778471e-11]"
hMpxV/Brazil/SP-IAL-357977766/2024|EPI_ISL_19524881|2024-10-03,"[0.0, 0.0, 0.9999999999999999, 0.0, 0.0, 0.0, 0.0, 0.0, 0.0, 0.0, 0.0, 0.0, 0.0, 0.0, 0.0, 0.0, 0.0, 0.0, 0.0, 0.0, 0.0, 0.0, 0.0, 0.0, 0.0, 0.0, 0.0, 0.0, 0.0, 0.0, 0.0]"
hMpxV/Brazil/SP-IAL-357934958/2024|EPI_ISL_19446302|2024-09-09,"[0.0, 0.0, 0.9999999999999999, 0.0, 0.0, 0.0, 0.0, 0.0, 0.0, 0.0, 0.0, 0.0, 0.0, 0.0, 0.0, 0.0, 0.0, 0.0, 0.0, 0.0, 0.0, 0.0, 0.0, 0.0, 0.0, 0.0, 0.0, 0.0, 0.0, 0.0, 0.0]"
NODE_0000233,"[6.947537507890844e-10, 1.3014080798716335e-10, 0.9999999849426697, 1.3186237101307194e-10, 9.690063730013427e-10, 1.3097845281278874e-10, 1.616116862805638e-10, 1.3086328304040045e-10, 1.3182690111389105e-10, 1.308252258447904e-10, 1.2950681375198138e-10, 1.311100594434145e-10, 1.2182408874279013e-10, 1.2878464163335206e-10, 8.836234862359464e-11, 3.2307566302351816e-10, 1.2609754289856762e-10, 1.3111005944327054e-10, 1.311100594433186e-10, 1.2307601499752674e-10, 3.5593929488703134e-09, 1.2906731954300727e-10, 3.627797945166339e-09, 1.309541804523058e-10, 8.932254944262179e-11, 1.2649688743619265e-10, 1.0828035515328349e-10, 1.2782850396945434e-10, 1.239958208097846e-10, 2.8576052850477573e-09, 1.3066220632130415e-10]"
hMpxV/Brazil/SP-IAL-357912456/2024|EPI_ISL_19372779|2024-08-26,"[0.0, 0.0, 1.0, 0.0, 0.0, 0.0, 0.0, 0.0, 0.0, 0.0, 0.0, 0.0, 0.0, 0.0, 0.0, 0.0, 0.0, 0.0, 0.0, 0.0, 0.0, 0.0, 0.0, 0.0, 0.0, 0.0, 0.0, 0.0, 0.0, 0.0, 0.0]"
NODE_0000234,"[3.227742517682855e-10, 5.967731814630401e-11, 0.999999992921617, 6.048630439349785e-11, 4.5205156832472663e-10, 6.007056850977241e-11, 7.427689791381309e-11, 6.00442072251918e-11, 6.04717148551232e-11, 5.998902102554201e-11, 5.943263065405045e-11, 6.015433456339951e-11, 5.5874661412840654e-11, 5.89733078086094e-11, 4.043210565289117e-11, 1.492830015042421e-10, 5.7664180363514705e-11, 6.015433456332193e-11, 6.015433456333679e-11, 5.6401539195126016e-11, 1.706423907207079e-09, 5.916001392486915e-11, 1.7200612581363846e-09, 6.008435063235232e-11, 4.063421218405675e-11, 5.802699284219308e-11, 4.9606827231141845e-11, 5.865051569269025e-11, 5.6854747873719826e-11, 1.340561002423919e-09, 5.995290418321214e-11]"
NODE_0000235,"[1.8310494369389185e-09, 3.4472366658821776e-10, 0.9999999604752456, 3.4921481477116955e-10, 2.5500249982279353e-09, 3.469111075866894e-10, 4.27661948931554e-10, 3.465280698276721e-10, 3.4911560507039834e-10, 3.4653927850651793e-10, 3.429103241455088e-10, 3.4719098881046396e-10, 3.22644179229387e-10, 3.413750972598064e-10, 2.342758824793161e-10, 8.533766059347552e-10, 3.344804564104832e-10, 3.471909888101843e-10, 3.4719098881029025e-10, 3.2609978454577317e-10, 9.27573432545963e-09, 3.4191955586776124e-10, 9.489843526680241e-09, 3.4677342445810363e-10, 2.3756889479190677e-10, 3.350123434908634e-10, 2.8690712655728906e-10, 3.38506680016708e-10, 3.284353406875559e-10, 7.509556816835711e-09, 3.459923175068091e-10]"
hMpxV/Brazil/SP-IAL-357905818/2024|EPI_ISL_19372772|2024-08-20,"[0.0, 0.0, 1.0, 0.0, 0.0, 0.0, 0.0, 0.0, 0.0, 0.0, 0.0, 0.0, 0.0, 0.0, 0.0, 0.0, 0.0, 0.0, 0.0, 0.0, 0.0, 0.0, 0.0, 0.0, 0.0, 0.0, 0.0, 0.0, 0.0, 0.0, 0.0]"
hMpxV/Brazil/SP-IAL-357920310/2024|EPI_ISL_19446291|2024-08-29,"[0.0, 0.0, 1.0, 0.0, 0.0, 0.0, 0.0, 0.0, 0.0, 0.0, 0.0, 0.0, 0.0, 0.0, 0.0, 0.0, 0.0, 0.0, 0.0, 0.0, 0.0, 0.0, 0.0, 0.0, 0.0, 0.0, 0.0, 0.0, 0.0, 0.0, 0.0]"
NODE_0000236,"[1.0603394773677972e-08, 2.020938808244824e-09, 0.9999997724743704, 2.0456817656570215e-09, 1.4721057827170213e-08, 2.033060076396208e-09, 2.499848730419197e-09, 2.029249950547738e-09, 2.0450105887774904e-09, 2.0315705413739463e-09, 2.007637984330249e-09, 2.0333131687890454e-09, 1.8902214952824473e-09, 2.006235291192784e-09, 1.3771433725296006e-09, 4.9710483967493796e-09, 1.970246657507456e-09, 2.033313168788346e-09, 2.0333131687885218e-09, 1.9132786007446555e-09, 5.270321959461821e-08, 2.0047149174680744e-09, 5.413763940123398e-08, 2.03077417317314e-09, 1.4121663054132262e-09, 1.9628534170702347e-09, 1.6830058795875545e-09, 1.9827632821091675e-09, 1.924802175668683e-09, 4.339208053573865e-08, 2.026045438314953e-09]"
hMpxV/Brazil/SP-IAL-357914012/2024|EPI_ISL_19372780|2024-08-26,"[0.0, 0.0, 1.0, 0.0, 0.0, 0.0, 0.0, 0.0, 0.0, 0.0, 0.0, 0.0, 0.0, 0.0, 0.0, 0.0, 0.0, 0.0, 0.0, 0.0, 0.0, 0.0, 0.0, 0.0, 0.0, 0.0, 0.0, 0.0, 0.0, 0.0, 0.0]"
NODE_0000237,"[9.186929470090622e-08, 1.864195381583796e-08, 0.999998093827257, 1.8818836999860632e-08, 1.2534771596131507e-07, 1.8731996194906927e-08, 2.275354541662651e-08, 1.863985652199466e-08, 1.881164740925037e-08, 1.8742085719358825e-08, 1.8421437720431214e-08, 1.8682281196939797e-08, 1.7400909086387106e-08, 1.8686862807163778e-08, 1.2864214100287304e-08, 4.4272179131950966e-08, 1.852356824343873e-08, 1.8682281196936108e-08, 1.868228119693749e-08, 1.7714422627193296e-08, 4.100765343971819e-07, 1.852023338350071e-08, 4.327107042980131e-07, 1.86563392526102e-08, 1.37414889893425e-08, 1.806523973299472e-08, 1.55920580340965e-08, 1.822510204314531e-08, 1.7746005752627284e-08, 3.6794275827609674e-07, 1.860890875601396e-08]"
hMpxV/Brazil/SP-IAL-357999368/2024|EPI_ISL_19524887|2024-10-21,"[0.0, 0.0, 1.0, 0.0, 0.0, 0.0, 0.0, 0.0, 0.0, 0.0, 0.0, 0.0, 0.0, 0.0, 0.0, 0.0, 0.0, 0.0, 0.0, 0.0, 0.0, 0.0, 0.0, 0.0, 0.0, 0.0, 0.0, 0.0, 0.0, 0.0, 0.0]"
hMpxV/Brazil/SP-IAL-357937870/2024|EPI_ISL_19446304|2024-09-10,"[0.0, 0.0, 0.9999999999999999, 0.0, 0.0, 0.0, 0.0, 0.0, 0.0, 0.0, 0.0, 0.0, 0.0, 0.0, 0.0, 0.0, 0.0, 0.0, 0.0, 0.0, 0.0, 0.0, 0.0, 0.0, 0.0, 0.0, 0.0, 0.0, 0.0, 0.0, 0.0]"
NODE_0000215,"[2.4647888070084815e-10, 4.849303987992706e-11, 0.9999999947868775, 4.902722361770553e-11, 3.3921294081064613e-10, 4.876052672247221e-11, 5.957954278571557e-11, 4.859899667683226e-11, 4.9013761293115787e-11, 4.8752268851410785e-11, 4.8052973745281695e-11, 4.870008360246357e-11, 4.5321706338568005e-11, 4.8361333164765107e-11, 3.3258557916877956e-11, 1.1711978642647305e-10, 4.7706766052285405e-11, 4.870008360228169e-11, 4.870008360234909e-11, 4.5996519788632474e-11, 1.169655069465666e-09, 4.815088045767975e-11, 1.2111626178115598e-09, 4.86373247419697e-11, 3.471817966968107e-11, 4.7051419383837234e-11, 4.0489264753119335e-11, 4.749813650357656e-11, 4.6184053238564455e-11, 1.0012186455946536e-09, 4.8521766305456044e-11]"
hMpxV/Brazil/SP-IAL-357536254/2024|EPI_ISL_19359685|2024-02-29,"[0.0, 0.0, 1.0, 0.0, 0.0, 0.0, 0.0, 0.0, 0.0, 0.0, 0.0, 0.0, 0.0, 0.0, 0.0, 0.0, 0.0, 0.0, 0.0, 0.0, 0.0, 0.0, 0.0, 0.0, 0.0, 0.0, 0.0, 0.0, 0.0, 0.0, 0.0]"
NODE_0000216,"[2.426675362900015e-12, 2.0767165112651675e-13, 0.9999999998902466, 2.0543223038172704e-13, 4.195395479601028e-12, 2.0742123971801905e-13, 2.8202747396689e-13, 2.0642808343834194e-13, 2.0564289104785156e-13, 2.0756403043926423e-13, 2.06178173121445e-13, 2.067562282829012e-13, 1.8768715146818952e-13, 2.0840544621603267e-13, 1.2746303913350122e-13, 9.111391484463274e-13, 2.0480581613492736e-13, 2.0675622828246569e-13, 2.067562282825838e-13, 1.9066809199312843e-13, 4.6224073654684195e-11, 1.9316759644371227e-13, 2.942124016487762e-11, 2.0649486750898833e-13, 1.4744525034776465e-13, 2.0257244959186274e-13, 1.5589790223523666e-13, 2.063666422206335e-13, 1.881372596768846e-13, 2.1801193851947336e-11, 2.060315814841673e-13]"
hMpxV/Brazil/SP-IAL-357827872/2024|EPI_ISL_19359680|2024-06-21,"[0.0, 0.0, 1.0, 0.0, 0.0, 0.0, 0.0, 0.0, 0.0, 0.0, 0.0, 0.0, 0.0, 0.0, 0.0, 0.0, 0.0, 0.0, 0.0, 0.0, 0.0, 0.0, 0.0, 0.0, 0.0, 0.0, 0.0, 0.0, 0.0, 0.0, 0.0]"
hMpxV/Brazil/SP-IAL-357683862/2024|EPI_ISL_19359686|2024-04-18,"[0.0, 0.0, 1.0, 0.0, 0.0, 0.0, 0.0, 0.0, 0.0, 0.0, 0.0, 0.0, 0.0, 0.0, 0.0, 0.0, 0.0, 0.0, 0.0, 0.0, 0.0, 0.0, 0.0, 0.0, 0.0, 0.0, 0.0, 0.0, 0.0, 0.0, 0.0]"
hMpxV/Brazil/SP-IAL-357670600/2024|EPI_ISL_19359697|2024-04-14,"[0.0, 0.0, 0.9999999999999999, 0.0, 0.0, 0.0, 0.0, 0.0, 0.0, 0.0, 0.0, 0.0, 0.0, 0.0, 0.0, 0.0, 0.0, 0.0, 0.0, 0.0, 0.0, 0.0, 0.0, 0.0, 0.0, 0.0, 0.0, 0.0, 0.0, 0.0, 0.0]"
NODE_0000217,"[2.572082818632433e-11, 2.0941841386116385e-12, 0.9999999987685666, 2.0746543597183277e-12, 4.5122942252419825e-11, 2.092829841635775e-12, 2.8722943439926914e-12, 2.0867999357533374e-12, 2.0764926579389868e-12, 2.092773362155706e-12, 2.0861589535009534e-12, 2.0899981159454455e-12, 1.894022372829325e-12, 2.088825284344252e-12, 1.2732266561907945e-12, 9.461767258236463e-12, 2.040350691906384e-12, 2.0899981159450294e-12, 2.089998115945145e-12, 1.9173908455969146e-12, 5.344924263284603e-10, 1.944420507672143e-12, 3.3287777357697245e-10, 2.087415894404903e-12, 1.4402622379013923e-12, 2.0455049759374692e-12, 1.5652251113957718e-12, 2.085751992011813e-12, 1.8966087037197173e-12, 2.356495782695263e-10, 2.0827613464062903e-12]"
hMpxV/Brazil/SP-IAL-357889812/2024|EPI_ISL_19359693|2024-08-07,"[0.0, 0.0, 0.9999999999999999, 0.0, 0.0, 0.0, 0.0, 0.0, 0.0, 0.0, 0.0, 0.0, 0.0, 0.0, 0.0, 0.0, 0.0, 0.0, 0.0, 0.0, 0.0, 0.0, 0.0, 0.0, 0.0, 0.0, 0.0, 0.0, 0.0, 0.0, 0.0]"
hMpxV/Brazil/SP-IAL-357895451/2024|EPI_ISL_19359694|2024-08-12,"[0.0, 0.0, 1.0, 0.0, 0.0, 0.0, 0.0, 0.0, 0.0, 0.0, 0.0, 0.0, 0.0, 0.0, 0.0, 0.0, 0.0, 0.0, 0.0, 0.0, 0.0, 0.0, 0.0, 0.0, 0.0, 0.0, 0.0, 0.0, 0.0, 0.0, 0.0]"
hMpxV/Brazil/SP-IAL-357945993/2024|EPI_ISL_19446309|2024-09-16,"[0.0, 0.0, 1.0, 0.0, 0.0, 0.0, 0.0, 0.0, 0.0, 0.0, 0.0, 0.0, 0.0, 0.0, 0.0, 0.0, 0.0, 0.0, 0.0, 0.0, 0.0, 0.0, 0.0, 0.0, 0.0, 0.0, 0.0, 0.0, 0.0, 0.0, 0.0]"
NODE_0000218,"[4.644972718827089e-09, 8.86966863681074e-10, 0.9999999003002822, 8.977209523987878e-10, 6.446257675974124e-09, 8.922502491263467e-10, 1.0965765374792606e-09, 8.904622674592764e-10, 8.974319002334707e-10, 8.916402743371469e-10, 8.809377524144105e-10, 8.922510192586008e-10, 8.295258781042106e-10, 8.808747715760425e-10, 6.047199747306053e-10, 2.1793934789152246e-09, 8.65417196917427e-10, 8.922510192580217e-10, 8.922510192580531e-10, 8.398403270032837e-10, 2.3088458595091512e-08, 8.798903296313182e-10, 2.3688034717879343e-08, 8.911336990299198e-10, 6.210943202949959e-10, 8.614049738826771e-10, 7.387763367521235e-10, 8.700977577287169e-10, 8.447459554226033e-10, 1.9025284138370566e-08, 8.890551591000885e-10]"
hMpxV/Brazil/SP-IAL-357907042/2024|EPI_ISL_19372774|2024-08-21,"[0.0, 0.0, 1.0, 0.0, 0.0, 0.0, 0.0, 0.0, 0.0, 0.0, 0.0, 0.0, 0.0, 0.0, 0.0, 0.0, 0.0, 0.0, 0.0, 0.0, 0.0, 0.0, 0.0, 0.0, 0.0, 0.0, 0.0, 0.0, 0.0, 0.0, 0.0]"
NODE_0000219,"[1.3452915725767189e-09, 2.538425439154429e-10, 0.999999970564083, 2.567770123405484e-10, 1.8762327391906857e-09, 2.5530503344676096e-10, 3.140002456855287e-10, 2.547270090749994e-10, 2.567029734272144e-10, 2.5515804333427885e-10, 2.520183726991382e-10, 2.552392547197966e-10, 2.3724527425545595e-10, 2.52315509195907e-10, 1.7295127013905858e-10, 6.289826532413303e-10, 2.48054937922205e-10, 2.552392547194867e-10, 2.552392547195764e-10, 2.4030548776792104e-10, 7.008684382305443e-09, 2.515963692439866e-10, 7.033198286633359e-09, 2.5491841009380015e-10, 1.7843384866085245e-10, 2.4650491996470955e-10, 2.1117175238968224e-10, 2.490029664835151e-10, 2.4156398216939395e-10, 5.640890726095463e-09, 2.5432307890766967e-10]"
hMpxV/Brazil/SP-IAL-357921794/2024|EPI_ISL_19446292|2024-08-31,"[0.0, 0.0, 1.0, 0.0, 0.0, 0.0, 0.0, 0.0, 0.0, 0.0, 0.0, 0.0, 0.0, 0.0, 0.0, 0.0, 0.0, 0.0, 0.0, 0.0, 0.0, 0.0, 0.0, 0.0, 0.0, 0.0, 0.0, 0.0, 0.0, 0.0, 0.0]"
NODE_0000220,"[3.4567862521676206e-09, 7.04952965372802e-10, 0.9999999282935024, 7.118476244056524e-10, 4.708172813376664e-09, 7.085022428803085e-10, 8.597809081956665e-10, 7.050979508070493e-10, 7.117089373468134e-10, 7.087892885927641e-10, 6.967201472668353e-10, 7.066096914181024e-10, 6.583872192023537e-10, 7.064019668921822e-10, 4.868849491638806e-10, 1.6674351400097856e-09, 7.001273885837526e-10, 7.066096914172436e-10, 7.066096914175064e-10, 6.700330524925693e-10, 1.540311916934248e-08, 7.00802143671902e-10, 1.6210540620294583e-08, 7.056761325940405e-10, 5.176765585131715e-10, 6.832719941939983e-10, 5.903685667376005e-10, 6.892819052473292e-10, 6.714323341722012e-10, 1.3848893191858579e-08, 7.039770708164411e-10]"
hMpxV/Brazil/SP-IAL-357988309/2024|EPI_ISL_19524873|2024-10-11,"[0.0, 0.0, 1.0, 0.0, 0.0, 0.0, 0.0, 0.0, 0.0, 0.0, 0.0, 0.0, 0.0, 0.0, 0.0, 0.0, 0.0, 0.0, 0.0, 0.0, 0.0, 0.0, 0.0, 0.0, 0.0, 0.0, 0.0, 0.0, 0.0, 0.0, 0.0]"
NODE_0000221,"[2.205121192443069e-11, 2.8064126773109672e-12, 0.9999999993416759, 2.8070476182456043e-12, 3.422325005068306e-11, 2.8126199793295936e-12, 3.636594040901688e-12, 2.8024524554182986e-12, 2.8079728913700027e-12, 2.8129340008652977e-12, 2.785828766520304e-12, 2.80758912679886e-12, 2.5789374106749654e-12, 2.8036597902227923e-12, 1.8151340213877544e-12, 9.24731154662391e-12, 2.7563736728433402e-12, 2.8075891267919584e-12, 2.8075891267940445e-12, 2.6165386233252877e-12, 2.1805706807405682e-10, 2.694505036466331e-12, 1.7489342484316395e-10, 2.8040030072229236e-12, 1.985898871008431e-12, 2.7311427649719267e-12, 2.2175994904186642e-12, 2.7704657572606093e-12, 2.6055467245097057e-12, 1.3497983461924393e-10, 2.7974957341974637e-12]"
hMpxV/Brazil/SP-IAL-358000513/2024|EPI_ISL_19524877|2024-10-22,"[0.0, 0.0, 1.0, 0.0, 0.0, 0.0, 0.0, 0.0, 0.0, 0.0, 0.0, 0.0, 0.0, 0.0, 0.0, 0.0, 0.0, 0.0, 0.0, 0.0, 0.0, 0.0, 0.0, 0.0, 0.0, 0.0, 0.0, 0.0, 0.0, 0.0, 0.0]"
hMpxV/Brazil/SP-IAL-357949071/2024|EPI_ISL_19446311|2024-09-17,"[0.0, 0.0, 1.0, 0.0, 0.0, 0.0, 0.0, 0.0, 0.0, 0.0, 0.0, 0.0, 0.0, 0.0, 0.0, 0.0, 0.0, 0.0, 0.0, 0.0, 0.0, 0.0, 0.0, 0.0, 0.0, 0.0, 0.0, 0.0, 0.0, 0.0, 0.0]"
NODE_0000222,"[1.469828519605098e-11, 2.6807113745453707e-12, 0.9999999996744761, 2.7189325190946743e-12, 2.066378549984591e-11, 2.699220082849837e-12, 3.3463516013723685e-12, 2.7000041856734683e-12, 2.7184104429304643e-12, 2.6946907349692746e-12, 2.6730819818376144e-12, 2.70471592782317e-12, 2.5113580523294085e-12, 2.6429484086288917e-12, 1.8112528273779126e-12, 6.75543304049799e-12, 2.578622415804754e-12, 2.7047159278140728e-12, 2.704715927817461e-12, 2.531511283256184e-12, 7.987171644489397e-11, 2.656902563690196e-12, 7.982456413683699e-11, 2.7016921747879445e-12, 1.8013384124037823e-12, 2.608047760028717e-12, 2.2266914459312303e-12, 2.6368250824346906e-12, 2.5545101361428877e-12, 6.140697298460197e-11, 2.695986632029677e-12]"
NODE_0000226,"[2.3195403309929832e-09, 4.3595856105564444e-10, 0.999999949737291, 4.415422287082213e-10, 3.2333496400629938e-09, 4.386827814975905e-10, 5.407872327407638e-10, 4.3814124809348707e-10, 4.414144218102185e-10, 4.3824047924334873e-10, 4.33568723224608e-10, 4.38985717009555e-10, 4.0793564425931945e-10, 4.3190921953565937e-10, 2.962926529208724e-10, 1.0808123241530595e-09, 4.2333689713953893e-10, 4.3898571700920324e-10, 4.389857170093443e-10, 4.1241043224558606e-10, 1.185741633988871e-08, 4.3231421944567893e-10, 1.207651515212321e-08, 4.384542091352395e-10, 3.011439057963176e-10, 4.236366368698519e-10, 3.6273585092846423e-10, 4.2804998763261156e-10, 4.1525805808085347e-10, 9.558844199897805e-09, 4.3746062555577903e-10]"
NODE_0000227,"[1.605515017177867e-08, 3.1043022679281344e-09, 0.9999996584779527, 3.140501064934368e-09, 2.2199451893317257e-08, 3.122148741490661e-09, 3.828548937191041e-09, 3.114219508674681e-09, 3.1394052991116078e-09, 3.1207318293087962e-09, 3.0803182676623337e-09, 3.1206593344954937e-09, 2.9022843422737122e-09, 3.088237496612828e-09, 2.1213447545569648e-09, 7.57388021293874e-09, 3.03902138461848e-09, 3.1206593344944726e-09, 3.1206593344947807e-09, 2.9413687991073784e-09, 7.774682935054681e-08, 3.080530044950979e-09, 8.043092604446074e-08, 3.1166585670748308e-09, 2.194799376450137e-09, 3.0135796934988548e-09, 2.5877961738856733e-09, 3.0432770201545275e-09, 2.9563981266499044e-09, 6.530912115109416e-08, 3.1092384905451737e-09]"
hMpxV/Brazil/SP-IAL-357899649/2024|EPI_ISL_19372762|2024-08-15,"[0.0, 0.0, 1.0, 0.0, 0.0, 0.0, 0.0, 0.0, 0.0, 0.0, 0.0, 0.0, 0.0, 0.0, 0.0, 0.0, 0.0, 0.0, 0.0, 0.0, 0.0, 0.0, 0.0, 0.0, 0.0, 0.0, 0.0, 0.0, 0.0, 0.0, 0.0]"
hMpxV/Brazil/SP-IAL-357928626/2024|EPI_ISL_19446295|2024-09-04,"[0.0, 0.0, 1.0, 0.0, 0.0, 0.0, 0.0, 0.0, 0.0, 0.0, 0.0, 0.0, 0.0, 0.0, 0.0, 0.0, 0.0, 0.0, 0.0, 0.0, 0.0, 0.0, 0.0, 0.0, 0.0, 0.0, 0.0, 0.0, 0.0, 0.0, 0.0]"
NODE_0000228,"[8.592508796487125e-08, 1.687856852780762e-08, 0.9999981870507233, 1.7060133623492047e-08, 1.1831716207784391e-07, 1.6968799433407013e-08, 2.0741766508194066e-08, 1.6910111107085974e-08, 1.705309321738261e-08, 1.6967992612396762e-08, 1.672166562049691e-08, 1.694700426545392e-08, 1.576801652662352e-08, 1.684050842519009e-08, 1.157264044203588e-08, 4.083437288377311e-08, 1.661789110462009e-08, 1.694700426545164e-08, 1.6947004265452503e-08, 1.600847840277155e-08, 4.0525080180012114e-07, 1.6752756294653513e-08, 4.2196040123254085e-07, 1.6924289413849167e-08, 1.2134011984281319e-08, 1.6373746134172715e-08, 1.4081854264006035e-08, 1.6529307348031595e-08, 1.606890652274353e-08, 3.4796355511599256e-07, 1.688234539254635e-08]"
hMpxV/Brazil/SP-IAL-357917433/2024|EPI_ISL_19446290|2024-08-28,"[0.0, 0.0, 1.0, 0.0, 0.0, 0.0, 0.0, 0.0, 0.0, 0.0, 0.0, 0.0, 0.0, 0.0, 0.0, 0.0, 0.0, 0.0, 0.0, 0.0, 0.0, 0.0, 0.0, 0.0, 0.0, 0.0, 0.0, 0.0, 0.0, 0.0, 0.0]"
hMpxV/Brazil/SP-IAL-357930578/2024|EPI_ISL_19446299|2024-09-05,"[0.0, 0.0, 0.9999999999999999, 0.0, 0.0, 0.0, 0.0, 0.0, 0.0, 0.0, 0.0, 0.0, 0.0, 0.0, 0.0, 0.0, 0.0, 0.0, 0.0, 0.0, 0.0, 0.0, 0.0, 0.0, 0.0, 0.0, 0.0, 0.0, 0.0, 0.0, 0.0]"
NODE_0000223,"[1.0976178868701919e-11, 1.309073041766779e-12, 0.9999999996521738, 1.3123239170930846e-12, 1.7355539706745373e-11, 1.313154426362522e-12, 1.7190054125749317e-12, 1.3119992062297563e-12, 1.3126211162123746e-12, 1.31189689336613e-12, 1.3057346061302787e-12, 1.3142137808598562e-12, 1.2045972377122901e-12, 1.2964270015942015e-12, 8.360450870343035e-13, 4.478806298048864e-12, 1.2636902010346518e-12, 1.314213780857721e-12, 1.314213780858302e-12, 1.2159881913391713e-12, 1.2130589352898135e-10, 1.254273023973229e-12, 9.468398480639178e-11, 1.3126317556255508e-12, 8.840290033993542e-13, 1.2764701786118044e-12, 1.0289555802843906e-12, 1.2964750724805112e-12, 1.2152959236846101e-12, 6.879282140945775e-11, 1.3096993082723697e-12]"
hMpxV/Brazil/SP-IAL-357914860/2024|EPI_ISL_19372778|2024-08-26,"[0.0, 0.0, 1.0, 0.0, 0.0, 0.0, 0.0, 0.0, 0.0, 0.0, 0.0, 0.0, 0.0, 0.0, 0.0, 0.0, 0.0, 0.0, 0.0, 0.0, 0.0, 0.0, 0.0, 0.0, 0.0, 0.0, 0.0, 0.0, 0.0, 0.0, 0.0]"
hMpxV/Brazil/SP-IAL-357979151/2024|EPI_ISL_19524875|2024-10-04,"[0.0, 0.0, 1.0, 0.0, 0.0, 0.0, 0.0, 0.0, 0.0, 0.0, 0.0, 0.0, 0.0, 0.0, 0.0, 0.0, 0.0, 0.0, 0.0, 0.0, 0.0, 0.0, 0.0, 0.0, 0.0, 0.0, 0.0, 0.0, 0.0, 0.0, 0.0]"
NODE_0000224,"[9.235254026673473e-10, 1.8621941542517917e-10, 0.9999999807378444, 1.8810211443762078e-10, 1.2619034051796896e-09, 1.8718133007762302e-10, 2.276276632037785e-10, 1.863620419393767e-10, 1.880613186125436e-10, 1.87226453478633e-10, 1.841847483073533e-10, 1.867581495557527e-10, 1.7394686236940727e-10, 1.8634691166100852e-10, 1.2833991237258355e-10, 4.4344325930299576e-10, 1.8443999509359765e-10, 1.8675814955534484e-10, 1.86758149555469e-10, 1.7688345621172323e-10, 4.1904142822278404e-09, 1.8504565428542948e-10, 4.3915549277990325e-09, 1.8651311159790236e-10, 1.3574751509661797e-10, 1.8054844796456076e-10, 1.557960603806341e-10, 1.8217485235994641e-10, 1.7735049684720556e-10, 3.7168758527891075e-09, 1.860656975311478e-10]"
hMpxV/Brazil/SP-IAL-357982862/2024|EPI_ISL_19524882|2024-10-08,"[0.0, 0.0, 1.0, 0.0, 0.0, 0.0, 0.0, 0.0, 0.0, 0.0, 0.0, 0.0, 0.0, 0.0, 0.0, 0.0, 0.0, 0.0, 0.0, 0.0, 0.0, 0.0, 0.0, 0.0, 0.0, 0.0, 0.0, 0.0, 0.0, 0.0, 0.0]"
NODE_0000225,"[5.22168157978235e-10, 1.0491054035177221e-10, 0.9999999890661905, 1.0596506969333597e-10, 7.14406486423727e-10, 1.0545083642940613e-10, 1.282871135955951e-10, 1.049901406293433e-10, 1.0594289008573767e-10, 1.0547586066507809e-10, 1.0376712003526774e-10, 1.052127887094616e-10, 9.798730115541558e-11, 1.0498022893720005e-10, 7.227377523743085e-11, 2.504189035693218e-10, 1.0390081624712004e-10, 1.0521278870913342e-10, 1.0521278870924221e-10, 9.963931084352637e-11, 2.394659496891861e-09, 1.0422757179191157e-10, 2.4983433916355605e-09, 1.0507492392053692e-10, 7.645355763719037e-11, 1.0171854609227257e-10, 8.774127302299058e-11, 1.0263834945563417e-10, 9.989872779517592e-11, 2.1120275254807204e-09, 1.0482322991496191e-10]"
hMpxV/Brazil/SP-IAL-357888132/2024|EPI_ISL_19372758|2024-08-07,"[0.0, 0.0, 0.9999999999999999, 0.0, 0.0, 0.0, 0.0, 0.0, 0.0, 0.0, 0.0, 0.0, 0.0, 0.0, 0.0, 0.0, 0.0, 0.0, 0.0, 0.0, 0.0, 0.0, 0.0, 0.0, 0.0, 0.0, 0.0, 0.0, 0.0, 0.0, 0.0]"
hMpxV/Brazil/SP-IAL-357985711/2024|EPI_ISL_19524886|2024-10-09,"[0.0, 0.0, 1.0, 0.0, 0.0, 0.0, 0.0, 0.0, 0.0, 0.0, 0.0, 0.0, 0.0, 0.0, 0.0, 0.0, 0.0, 0.0, 0.0, 0.0, 0.0, 0.0, 0.0, 0.0, 0.0, 0.0, 0.0, 0.0, 0.0, 0.0, 0.0]"
NODE_0000164,"[0.999999999998208, 3.1049315605677726e-15, 1.6022617889022423e-12, 3.123585587490524e-15, 4.716215882240376e-15, 3.1226823584988762e-15, 3.3170027704069173e-15, 3.1509725326616687e-15, 3.1324792829073016e-15, 3.1107761312654456e-15, 3.1478569474698553e-15, 3.1524162180596337e-15, 2.7233422026162653e-15, 2.981527166584437e-15, 1.04354236879161e-14, 2.639005058334526e-15, 2.7922338619463696e-15, 3.1524162180594226e-15, 3.1524162180594297e-15, 2.7121485254672813e-15, 1.9784879071758553e-14, 2.847544419053607e-15, 4.773530587484671e-15, 3.149686307292276e-15, 1.0126361485801495e-14, 3.014815726876641e-15, 2.07848594311829e-15, 3.106056775334693e-15, 2.7407217898339347e-15, 7.164184576599308e-14, 3.144829811330386e-15]"
hMpxV/Australia/VIC-VIDRL-2984/2024|EPI_ISL_19459723|2024-05-27,"[1.0, 0.0, 0.0, 0.0, 0.0, 0.0, 0.0, 0.0, 0.0, 0.0, 0.0, 0.0, 0.0, 0.0, 0.0, 0.0, 0.0, 0.0, 0.0, 0.0, 0.0, 0.0, 0.0, 0.0, 0.0, 0.0, 0.0, 0.0, 0.0, 0.0, 0.0]"
hMpxV/Australia/VIC-VIDRL-0369/2024|EPI_ISL_19459704|2024-05-16,"[1.0, 0.0, 0.0, 0.0, 0.0, 0.0, 0.0, 0.0, 0.0, 0.0, 0.0, 0.0, 0.0, 0.0, 0.0, 0.0, 0.0, 0.0, 0.0, 0.0, 0.0, 0.0, 0.0, 0.0, 0.0, 0.0, 0.0, 0.0, 0.0, 0.0, 0.0]"
NODE_0000205,"[1.0, 3.436281138052751e-26, 8.707810076080844e-25, 3.4729072075400694e-26, 2.916067354077647e-26, 3.466485400760963e-26, 3.5200967090916513e-26, 3.5314954045563725e-26, 3.4795681870115345e-26, 3.4407568037737547e-26, 3.548634175811255e-26, 3.534231985138108e-26, 2.9449348637426204e-26, 3.191557372301973e-26, 2.2817848708486933e-25, 1.8942576639460165e-26, 2.866942828122716e-26, 3.5342319851360446e-26, 3.534231985137024e-26, 2.882794991627889e-26, 1.4817502799851035e-25, 3.0460143795504215e-26, 1.8191081865154878e-26, 3.5301438449234376e-26, 1.9898555381395829e-25, 3.347965114149415e-26, 2.0532231423080553e-26, 3.4875065266012034e-26, 2.9366400880867487e-26, 8.600361976683528e-25, 3.5220129816592443e-26]"
hMpxV/Australia/VIC-VIDRL-9624/2024|EPI_ISL_19459799|2024-05-15,"[1.0, 0.0, 0.0, 0.0, 0.0, 0.0, 0.0, 0.0, 0.0, 0.0, 0.0, 0.0, 0.0, 0.0, 0.0, 0.0, 0.0, 0.0, 0.0, 0.0, 0.0, 0.0, 0.0, 0.0, 0.0, 0.0, 0.0, 0.0, 0.0, 0.0, 0.0]"
hMpxV/Australia/VIC-VIDRL-0994/2024|EPI_ISL_19459725|2024-05-20,"[0.9999999999999999, 0.0, 0.0, 0.0, 0.0, 0.0, 0.0, 0.0, 0.0, 0.0, 0.0, 0.0, 0.0, 0.0, 0.0, 0.0, 0.0, 0.0, 0.0, 0.0, 0.0, 0.0, 0.0, 0.0, 0.0, 0.0, 0.0, 0.0, 0.0, 0.0, 0.0]"
hMpxV/Australia/VIC-VIDRL-9625/2024|EPI_ISL_19459739|2024-05-15,"[1.0, 0.0, 0.0, 0.0, 0.0, 0.0, 0.0, 0.0, 0.0, 0.0, 0.0, 0.0, 0.0, 0.0, 0.0, 0.0, 0.0, 0.0, 0.0, 0.0, 0.0, 0.0, 0.0, 0.0, 0.0, 0.0, 0.0, 0.0, 0.0, 0.0, 0.0]"
hMpxV/Australia/VIC-VIDRL-9373/2024|EPI_ISL_19459741|2024-05-14,"[1.0, 0.0, 0.0, 0.0, 0.0, 0.0, 0.0, 0.0, 0.0, 0.0, 0.0, 0.0, 0.0, 0.0, 0.0, 0.0, 0.0, 0.0, 0.0, 0.0, 0.0, 0.0, 0.0, 0.0, 0.0, 0.0, 0.0, 0.0, 0.0, 0.0, 0.0]"
hMpxV/Australia/VIC-VIDRL-9428/2024|EPI_ISL_19459746|2024-05-14,"[1.0, 0.0, 0.0, 0.0, 0.0, 0.0, 0.0, 0.0, 0.0, 0.0, 0.0, 0.0, 0.0, 0.0, 0.0, 0.0, 0.0, 0.0, 0.0, 0.0, 0.0, 0.0, 0.0, 0.0, 0.0, 0.0, 0.0, 0.0, 0.0, 0.0, 0.0]"
hMpxV/Australia/VIC-VIDRL-9623/2024|EPI_ISL_19459703|2024-05-15,"[1.0, 0.0, 0.0, 0.0, 0.0, 0.0, 0.0, 0.0, 0.0, 0.0, 0.0, 0.0, 0.0, 0.0, 0.0, 0.0, 0.0, 0.0, 0.0, 0.0, 0.0, 0.0, 0.0, 0.0, 0.0, 0.0, 0.0, 0.0, 0.0, 0.0, 0.0]"
NODE_0000185,"[1.0, 6.535802047892355e-77, 6.999810958147881e-71, 6.0568421325037965e-77, 5.016890923984164e-77, 6.441339107454806e-77, 7.464395481558918e-77, 7.531356625834049e-77, 6.501449821399925e-77, 6.14284648388338e-77, 8.510642785885045e-77, 7.199307747924467e-77, 3.8473647197442475e-77, 4.313177451390693e-77, 1.7773993429823788e-73, 1.4581090702503308e-77, 2.7007775913651006e-77, 7.199307747920725e-77, 7.19930774792236e-77, 3.036337155843109e-77, 6.849375022694485e-73, 2.959751656851959e-77, 1.4206067021299284e-77, 7.336750553972012e-77, 8.157277020756438e-74, 6.928340238582278e-77, 1.1806505377881474e-77, 8.357149811918692e-77, 3.4426182296913544e-77, 4.788043267492764e-71, 7.616358403907926e-77]"
hMpxV/Australia/QLD-MX000018/2024|EPI_ISL_19539667|2024-05-22,"[0.9999999999999999, 0.0, 0.0, 0.0, 0.0, 0.0, 0.0, 0.0, 0.0, 0.0, 0.0, 0.0, 0.0, 0.0, 0.0, 0.0, 0.0, 0.0, 0.0, 0.0, 0.0, 0.0, 0.0, 0.0, 0.0, 0.0, 0.0, 0.0, 0.0, 0.0, 0.0]"
hMpxV/Australia/QLD-MX000016/2024|EPI_ISL_19539666|2024-05-21,"[0.9999999999999999, 0.0, 0.0, 0.0, 0.0, 0.0, 0.0, 0.0, 0.0, 0.0, 0.0, 0.0, 0.0, 0.0, 0.0, 0.0, 0.0, 0.0, 0.0, 0.0, 0.0, 0.0, 0.0, 0.0, 0.0, 0.0, 0.0, 0.0, 0.0, 0.0, 0.0]"
hMpxV/Australia/QLD-MX000019/2024|EPI_ISL_19539668|2024-05-22,"[0.9999999999999999, 0.0, 0.0, 0.0, 0.0, 0.0, 0.0, 0.0, 0.0, 0.0, 0.0, 0.0, 0.0, 0.0, 0.0, 0.0, 0.0, 0.0, 0.0, 0.0, 0.0, 0.0, 0.0, 0.0, 0.0, 0.0, 0.0, 0.0, 0.0, 0.0, 0.0]"
hMpxV/Australia/QLD-MX000020/2024|EPI_ISL_19539670|2024-05-23,"[1.0, 0.0, 0.0, 0.0, 0.0, 0.0, 0.0, 0.0, 0.0, 0.0, 0.0, 0.0, 0.0, 0.0, 0.0, 0.0, 0.0, 0.0, 0.0, 0.0, 0.0, 0.0, 0.0, 0.0, 0.0, 0.0, 0.0, 0.0, 0.0, 0.0, 0.0]"
hMpxV/Australia/QLD-MX000014/2024|EPI_ISL_19539665|2024-05-21,"[0.9999999999999999, 0.0, 0.0, 0.0, 0.0, 0.0, 0.0, 0.0, 0.0, 0.0, 0.0, 0.0, 0.0, 0.0, 0.0, 0.0, 0.0, 0.0, 0.0, 0.0, 0.0, 0.0, 0.0, 0.0, 0.0, 0.0, 0.0, 0.0, 0.0, 0.0, 0.0]"
hMpxV/Australia/QLD-MX000021/2024|EPI_ISL_19539671|2024-05-23,"[1.0, 0.0, 0.0, 0.0, 0.0, 0.0, 0.0, 0.0, 0.0, 0.0, 0.0, 0.0, 0.0, 0.0, 0.0, 0.0, 0.0, 0.0, 0.0, 0.0, 0.0, 0.0, 0.0, 0.0, 0.0, 0.0, 0.0, 0.0, 0.0, 0.0, 0.0]"
hMpxV/Australia/QLD-MX000028/2024|EPI_ISL_19539678|2024-06-17,"[1.0, 0.0, 0.0, 0.0, 0.0, 0.0, 0.0, 0.0, 0.0, 0.0, 0.0, 0.0, 0.0, 0.0, 0.0, 0.0, 0.0, 0.0, 0.0, 0.0, 0.0, 0.0, 0.0, 0.0, 0.0, 0.0, 0.0, 0.0, 0.0, 0.0, 0.0]"
hMpxV/Australia/QLD-MX000031/2024|EPI_ISL_19539681|2024-06-21,"[0.9999999999999999, 0.0, 0.0, 0.0, 0.0, 0.0, 0.0, 0.0, 0.0, 0.0, 0.0, 0.0, 0.0, 0.0, 0.0, 0.0, 0.0, 0.0, 0.0, 0.0, 0.0, 0.0, 0.0, 0.0, 0.0, 0.0, 0.0, 0.0, 0.0, 0.0, 0.0]"
hMpxV/Australia/QLD-MX000027/2024|EPI_ISL_19539677|2024-05-29,"[0.9999999999999999, 0.0, 0.0, 0.0, 0.0, 0.0, 0.0, 0.0, 0.0, 0.0, 0.0, 0.0, 0.0, 0.0, 0.0, 0.0, 0.0, 0.0, 0.0, 0.0, 0.0, 0.0, 0.0, 0.0, 0.0, 0.0, 0.0, 0.0, 0.0, 0.0, 0.0]"
hMpxV/Australia/QLD-MX000026/2024|EPI_ISL_19539676|2024-05-27,"[1.0, 0.0, 0.0, 0.0, 0.0, 0.0, 0.0, 0.0, 0.0, 0.0, 0.0, 0.0, 0.0, 0.0, 0.0, 0.0, 0.0, 0.0, 0.0, 0.0, 0.0, 0.0, 0.0, 0.0, 0.0, 0.0, 0.0, 0.0, 0.0, 0.0, 0.0]"
hMpxV/Australia/VIC-VIDRL-0241/2024|EPI_ISL_19459729|2024-05-16,"[1.0, 0.0, 0.0, 0.0, 0.0, 0.0, 0.0, 0.0, 0.0, 0.0, 0.0, 0.0, 0.0, 0.0, 0.0, 0.0, 0.0, 0.0, 0.0, 0.0, 0.0, 0.0, 0.0, 0.0, 0.0, 0.0, 0.0, 0.0, 0.0, 0.0, 0.0]"
hMpxV/Australia/VIC-VIDRL-3765/2024|EPI_ISL_19459727|2024-05-29,"[0.9999999999999999, 0.0, 0.0, 0.0, 0.0, 0.0, 0.0, 0.0, 0.0, 0.0, 0.0, 0.0, 0.0, 0.0, 0.0, 0.0, 0.0, 0.0, 0.0, 0.0, 0.0, 0.0, 0.0, 0.0, 0.0, 0.0, 0.0, 0.0, 0.0, 0.0, 0.0]"
hMpxV/Australia/VIC-VIDRL-0239/2024|EPI_ISL_19459737|2024-05-16,"[1.0, 0.0, 0.0, 0.0, 0.0, 0.0, 0.0, 0.0, 0.0, 0.0, 0.0, 0.0, 0.0, 0.0, 0.0, 0.0, 0.0, 0.0, 0.0, 0.0, 0.0, 0.0, 0.0, 0.0, 0.0, 0.0, 0.0, 0.0, 0.0, 0.0, 0.0]"
hMpxV/Australia/VIC-VIDRL-3002/2024|EPI_ISL_19459791|2024-05-25,"[0.9999999999999999, 0.0, 0.0, 0.0, 0.0, 0.0, 0.0, 0.0, 0.0, 0.0, 0.0, 0.0, 0.0, 0.0, 0.0, 0.0, 0.0, 0.0, 0.0, 0.0, 0.0, 0.0, 0.0, 0.0, 0.0, 0.0, 0.0, 0.0, 0.0, 0.0, 0.0]"
hMpxV/Australia/QLD-MX000012/2024|EPI_ISL_19539663|2024-05-17,"[1.0, 0.0, 0.0, 0.0, 0.0, 0.0, 0.0, 0.0, 0.0, 0.0, 0.0, 0.0, 0.0, 0.0, 0.0, 0.0, 0.0, 0.0, 0.0, 0.0, 0.0, 0.0, 0.0, 0.0, 0.0, 0.0, 0.0, 0.0, 0.0, 0.0, 0.0]"
hMpxV/Australia/QLD-MX000048/2024|EPI_ISL_19539696|2024-08-29,"[1.0, 0.0, 0.0, 0.0, 0.0, 0.0, 0.0, 0.0, 0.0, 0.0, 0.0, 0.0, 0.0, 0.0, 0.0, 0.0, 0.0, 0.0, 0.0, 0.0, 0.0, 0.0, 0.0, 0.0, 0.0, 0.0, 0.0, 0.0, 0.0, 0.0, 0.0]"
hMpxV/Australia/QLD-MX000150/2024|EPI_ISL_19539791|2024-10-14,"[1.0, 0.0, 0.0, 0.0, 0.0, 0.0, 0.0, 0.0, 0.0, 0.0, 0.0, 0.0, 0.0, 0.0, 0.0, 0.0, 0.0, 0.0, 0.0, 0.0, 0.0, 0.0, 0.0, 0.0, 0.0, 0.0, 0.0, 0.0, 0.0, 0.0, 0.0]"
hMpxV/Australia/QLD-MX000062/2024|EPI_ISL_19539710|2024-09-04,"[1.0, 0.0, 0.0, 0.0, 0.0, 0.0, 0.0, 0.0, 0.0, 0.0, 0.0, 0.0, 0.0, 0.0, 0.0, 0.0, 0.0, 0.0, 0.0, 0.0, 0.0, 0.0, 0.0, 0.0, 0.0, 0.0, 0.0, 0.0, 0.0, 0.0, 0.0]"
hMpxV/Australia/QLD-MX000077/2024|EPI_ISL_19539725|2024-09-11,"[1.0, 0.0, 0.0, 0.0, 0.0, 0.0, 0.0, 0.0, 0.0, 0.0, 0.0, 0.0, 0.0, 0.0, 0.0, 0.0, 0.0, 0.0, 0.0, 0.0, 0.0, 0.0, 0.0, 0.0, 0.0, 0.0, 0.0, 0.0, 0.0, 0.0, 0.0]"
hMpxV/Australia/QLD-MX000063/2024|EPI_ISL_19539711|2024-09-07,"[1.0, 0.0, 0.0, 0.0, 0.0, 0.0, 0.0, 0.0, 0.0, 0.0, 0.0, 0.0, 0.0, 0.0, 0.0, 0.0, 0.0, 0.0, 0.0, 0.0, 0.0, 0.0, 0.0, 0.0, 0.0, 0.0, 0.0, 0.0, 0.0, 0.0, 0.0]"
hMpxV/Australia/QLD-MX000083/2024|EPI_ISL_19539731|2024-09-15,"[1.0, 0.0, 0.0, 0.0, 0.0, 0.0, 0.0, 0.0, 0.0, 0.0, 0.0, 0.0, 0.0, 0.0, 0.0, 0.0, 0.0, 0.0, 0.0, 0.0, 0.0, 0.0, 0.0, 0.0, 0.0, 0.0, 0.0, 0.0, 0.0, 0.0, 0.0]"
hMpxV/Australia/QLD-MX000091/2024|EPI_ISL_19539740|2024-09-17,"[0.9999999999999999, 0.0, 0.0, 0.0, 0.0, 0.0, 0.0, 0.0, 0.0, 0.0, 0.0, 0.0, 0.0, 0.0, 0.0, 0.0, 0.0, 0.0, 0.0, 0.0, 0.0, 0.0, 0.0, 0.0, 0.0, 0.0, 0.0, 0.0, 0.0, 0.0, 0.0]"
hMpxV/Australia/QLD-MX000102/2024|EPI_ISL_19539749|2024-09-19,"[1.0, 0.0, 0.0, 0.0, 0.0, 0.0, 0.0, 0.0, 0.0, 0.0, 0.0, 0.0, 0.0, 0.0, 0.0, 0.0, 0.0, 0.0, 0.0, 0.0, 0.0, 0.0, 0.0, 0.0, 0.0, 0.0, 0.0, 0.0, 0.0, 0.0, 0.0]"
hMpxV/Australia/QLD-MX000105/2024|EPI_ISL_19539752|2024-09-24,"[0.9999999999999999, 0.0, 0.0, 0.0, 0.0, 0.0, 0.0, 0.0, 0.0, 0.0, 0.0, 0.0, 0.0, 0.0, 0.0, 0.0, 0.0, 0.0, 0.0, 0.0, 0.0, 0.0, 0.0, 0.0, 0.0, 0.0, 0.0, 0.0, 0.0, 0.0, 0.0]"
NODE_0000186,"[0.9999999994317926, 1.536286397558451e-11, 5.845847365112758e-11, 1.5717311260792344e-11, 1.3690385877916531e-11, 1.5514855896958917e-11, 1.5407784894242622e-11, 1.550434084922154e-11, 1.5718428524972272e-11, 1.5502177092353925e-11, 1.5250194787982815e-11, 1.553893482473587e-11, 1.4189014811186125e-11, 1.51713568235041e-11, 3.154106371039475e-11, 1.059424142236122e-11, 1.480677114315793e-11, 1.553893482473026e-11, 1.553893482473302e-11, 1.4382089830327914e-11, 1.5262786525131137e-11, 1.5474157719493066e-11, 1.0684444587945745e-11, 1.5517172486895764e-11, 3.093507736593592e-11, 1.4777565893581172e-11, 1.241700048011503e-11, 1.494316496810786e-11, 1.4598342628083596e-11, 6.469232763511145e-11, 1.547732556849113e-11]"
hMpxV/Australia/QLD-MX000023/2024|EPI_ISL_19539673|2024-05-28,"[1.0, 0.0, 0.0, 0.0, 0.0, 0.0, 0.0, 0.0, 0.0, 0.0, 0.0, 0.0, 0.0, 0.0, 0.0, 0.0, 0.0, 0.0, 0.0, 0.0, 0.0, 0.0, 0.0, 0.0, 0.0, 0.0, 0.0, 0.0, 0.0, 0.0, 0.0]"
hMpxV/Australia/QLD-MX000024/2024|EPI_ISL_19539674|2024-05-28,"[1.0, 0.0, 0.0, 0.0, 0.0, 0.0, 0.0, 0.0, 0.0, 0.0, 0.0, 0.0, 0.0, 0.0, 0.0, 0.0, 0.0, 0.0, 0.0, 0.0, 0.0, 0.0, 0.0, 0.0, 0.0, 0.0, 0.0, 0.0, 0.0, 0.0, 0.0]"
NODE_0000190,"[0.99999999717667, 7.740810229785964e-11, 2.800573516247804e-10, 7.918691695109667e-11, 6.934309176470816e-11, 7.814490062422673e-11, 7.757271821933983e-11, 7.81065610505483e-11, 7.92961650994087e-11, 7.808969884324282e-11, 7.677815604299337e-11, 7.821574790098504e-11, 7.170923949612116e-11, 7.656888059921584e-11, 1.5206688440363318e-10, 5.412972887176287e-11, 7.5069223333875e-11, 7.821574790095716e-11, 7.821574790097105e-11, 7.271811402440443e-11, 7.31971004226609e-11, 7.831526252112721e-11, 5.504450649467023e-11, 7.813928122274003e-11, 1.4965877078067975e-10, 7.445284087613921e-11, 6.381000970817496e-11, 7.51937094504041e-11, 7.395420880520135e-11, 3.126640737585976e-10, 7.800715016306981e-11]"
hMpxV/Australia/VIC-VIDRL-4022/2024|EPI_ISL_19459715|2024-07-08,"[1.0, 0.0, 0.0, 0.0, 0.0, 0.0, 0.0, 0.0, 0.0, 0.0, 0.0, 0.0, 0.0, 0.0, 0.0, 0.0, 0.0, 0.0, 0.0, 0.0, 0.0, 0.0, 0.0, 0.0, 0.0, 0.0, 0.0, 0.0, 0.0, 0.0, 0.0]"
hMpxV/Australia/VIC-VIDRL-4178/2024|EPI_ISL_19459784|2024-07-08,"[1.0, 0.0, 0.0, 0.0, 0.0, 0.0, 0.0, 0.0, 0.0, 0.0, 0.0, 0.0, 0.0, 0.0, 0.0, 0.0, 0.0, 0.0, 0.0, 0.0, 0.0, 0.0, 0.0, 0.0, 0.0, 0.0, 0.0, 0.0, 0.0, 0.0, 0.0]"
NODE_0000198,"[0.9999996509195539, 9.818871979720733e-09, 3.221008513339959e-08, 1.0046041529840097e-08, 8.860332709996234e-09, 9.908644460581492e-09, 9.826268768963693e-09, 9.900935772226908e-09, 1.0073955840296797e-08, 9.90442613971522e-09, 9.72103078743099e-09, 9.905912809841555e-09, 9.142042359312869e-09, 9.745673537273131e-09, 1.7856119170609627e-08, 7.013446603135114e-09, 9.62454387948107e-09, 9.905912809840973e-09, 9.905912809840673e-09, 9.283196259107639e-09, 8.504925911259121e-09, 1.0012730151668236e-08, 7.196324522679942e-09, 9.900924711839695e-09, 1.7694666086875398e-08, 9.441643001051657e-09, 8.32494804814603e-09, 9.515651285633562e-09, 9.45981447547645e-09, 3.64818040857772e-08, 9.89366049164968e-09]"
hMpxV/Australia/QLD-MX000131/2024|EPI_ISL_19539775|2024-10-02,"[1.0, 0.0, 0.0, 0.0, 0.0, 0.0, 0.0, 0.0, 0.0, 0.0, 0.0, 0.0, 0.0, 0.0, 0.0, 0.0, 0.0, 0.0, 0.0, 0.0, 0.0, 0.0, 0.0, 0.0, 0.0, 0.0, 0.0, 0.0, 0.0, 0.0, 0.0]"
hMpxV/Australia/QLD-MX000133/2024|EPI_ISL_19539777|2024-10-02,"[1.0, 0.0, 0.0, 0.0, 0.0, 0.0, 0.0, 0.0, 0.0, 0.0, 0.0, 0.0, 0.0, 0.0, 0.0, 0.0, 0.0, 0.0, 0.0, 0.0, 0.0, 0.0, 0.0, 0.0, 0.0, 0.0, 0.0, 0.0, 0.0, 0.0, 0.0]"
NODE_0000196,"[0.999997238418127, 7.772131326586533e-08, 2.543734109889459e-07, 7.951267677004732e-08, 7.020031678578588e-08, 7.842377977573733e-08, 7.777373071366293e-08, 7.837613323088157e-08, 7.976098217397227e-08, 7.838947830220821e-08, 7.694921693926609e-08, 7.839854856816581e-08, 7.238808786279506e-08, 7.71431078345888e-08, 1.4076628591831522e-07, 5.5630280047759846e-08, 7.622899722154692e-08, 7.839854856816438e-08, 7.83985485681645e-08, 7.349868433615901e-08, 6.703491625912657e-08, 7.928545080694521e-08, 5.720465104240942e-08, 7.836732934538898e-08, 1.3950774520789898e-07, 7.47366784849084e-08, 6.612213236356474e-08, 7.531237025543428e-08, 7.493637546546295e-08, 2.8841458945657955e-07, 7.832750654552055e-08]"
hMpxV/Australia/QLD-MX000106/2024|EPI_ISL_19539753|2024-09-24,"[0.9999999999999999, 0.0, 0.0, 0.0, 0.0, 0.0, 0.0, 0.0, 0.0, 0.0, 0.0, 0.0, 0.0, 0.0, 0.0, 0.0, 0.0, 0.0, 0.0, 0.0, 0.0, 0.0, 0.0, 0.0, 0.0, 0.0, 0.0, 0.0, 0.0, 0.0, 0.0]"
NODE_0000197,"[0.9999999986649704, 3.602187175752074e-11, 1.3808428201378487e-10, 3.685113774767607e-11, 3.2097565105863635e-11, 3.637788272813005e-11, 3.612966710272373e-11, 3.635598677978549e-11, 3.685481024438035e-11, 3.634729232339215e-11, 3.576262688420754e-11, 3.6436387014188126e-11, 3.326161592184554e-11, 3.55655999723583e-11, 7.425097647577463e-11, 2.4825756068376574e-11, 3.4702876425491903e-11, 3.643638701417931e-11, 3.643638701418372e-11, 3.371004386845371e-11, 3.59765723415776e-11, 3.6267805615061235e-11, 2.5035186624362503e-11, 3.6385659906869595e-11, 7.279258995645916e-11, 3.465130383853825e-11, 2.909012278325184e-11, 3.50428785984449e-11, 3.4218404394891425e-11, 1.5276735139209928e-10, 3.6292791041462984e-11]"
hMpxV/Australia/QLD-MX000120/2024|EPI_ISL_19539764|2024-10-01,"[0.9999999999999999, 0.0, 0.0, 0.0, 0.0, 0.0, 0.0, 0.0, 0.0, 0.0, 0.0, 0.0, 0.0, 0.0, 0.0, 0.0, 0.0, 0.0, 0.0, 0.0, 0.0, 0.0, 0.0, 0.0, 0.0, 0.0, 0.0, 0.0, 0.0, 0.0, 0.0]"
hMpxV/Australia/QLD-MX000119/2024|EPI_ISL_19539763|2024-09-30,"[1.0, 0.0, 0.0, 0.0, 0.0, 0.0, 0.0, 0.0, 0.0, 0.0, 0.0, 0.0, 0.0, 0.0, 0.0, 0.0, 0.0, 0.0, 0.0, 0.0, 0.0, 0.0, 0.0, 0.0, 0.0, 0.0, 0.0, 0.0, 0.0, 0.0, 0.0]"
NODE_0000201,"[0.9999999999998027, 4.0212932125772864e-15, 3.3719411890159385e-14, 4.088992615171499e-15, 3.5463168382675685e-15, 4.055311394174968e-15, 4.066434362125558e-15, 4.091973067227896e-15, 4.105964265606168e-15, 4.040200239995407e-15, 4.06027595461653e-15, 4.089903278702287e-15, 3.609166906665761e-15, 3.8717902791996435e-15, 1.3024588689650984e-14, 2.577425608282676e-15, 3.672439747724329e-15, 4.089903278701487e-15, 4.089903278701835e-15, 3.601610012206342e-15, 7.179426492619064e-15, 3.850568141096382e-15, 2.5880306312027276e-15, 4.088913974858697e-15, 1.2177778421496828e-14, 3.891628604062653e-15, 2.9476340883428282e-15, 3.979647917701547e-15, 3.6791763441090856e-15, 3.6155829687303975e-14, 4.087663320742314e-15]"
hMpxV/Australia/QLD-MX000140/2024|EPI_ISL_19539784|2024-09-30,"[0.9999999999999999, 0.0, 0.0, 0.0, 0.0, 0.0, 0.0, 0.0, 0.0, 0.0, 0.0, 0.0, 0.0, 0.0, 0.0, 0.0, 0.0, 0.0, 0.0, 0.0, 0.0, 0.0, 0.0, 0.0, 0.0, 0.0, 0.0, 0.0, 0.0, 0.0, 0.0]"
hMpxV/Australia/QLD-MX000141/2024|EPI_ISL_19539785|2024-09-30,"[0.9999999999999999, 0.0, 0.0, 0.0, 0.0, 0.0, 0.0, 0.0, 0.0, 0.0, 0.0, 0.0, 0.0, 0.0, 0.0, 0.0, 0.0, 0.0, 0.0, 0.0, 0.0, 0.0, 0.0, 0.0, 0.0, 0.0, 0.0, 0.0, 0.0, 0.0, 0.0]"
hMpxV/Australia/QLD-MX000107/2024|EPI_ISL_19539754|2024-09-25,"[1.0, 0.0, 0.0, 0.0, 0.0, 0.0, 0.0, 0.0, 0.0, 0.0, 0.0, 0.0, 0.0, 0.0, 0.0, 0.0, 0.0, 0.0, 0.0, 0.0, 0.0, 0.0, 0.0, 0.0, 0.0, 0.0, 0.0, 0.0, 0.0, 0.0, 0.0]"
hMpxV/Australia/QLD-MX000117/2024|EPI_ISL_19539761|2024-09-30,"[0.9999999999999999, 0.0, 0.0, 0.0, 0.0, 0.0, 0.0, 0.0, 0.0, 0.0, 0.0, 0.0, 0.0, 0.0, 0.0, 0.0, 0.0, 0.0, 0.0, 0.0, 0.0, 0.0, 0.0, 0.0, 0.0, 0.0, 0.0, 0.0, 0.0, 0.0, 0.0]"
NODE_0000191,"[0.99999398406645, 1.694014509012809e-07, 5.53239165756619e-07, 1.73298865572598e-07, 1.5309156970747985e-07, 1.709231306998718e-07, 1.695066963474456e-07, 1.7083319891084424e-07, 1.7387205361361244e-07, 1.708478669808186e-07, 1.6771796117360288e-07, 1.7086218931301235e-07, 1.5781146718726563e-07, 1.681483051470497e-07, 3.059558180792248e-07, 1.2140267154990106e-07, 1.6621629528006564e-07, 1.7086218931301108e-07, 1.7086218931301018e-07, 1.6022722387647739e-07, 1.4567027133507867e-07, 1.7285663813165497e-07, 1.2498448146401725e-07, 1.7080387668339092e-07, 3.0325692824330964e-07, 1.628970755664403e-07, 1.4440630240768563e-07, 1.641374242417084e-07, 1.6340718847169666e-07, 6.276952348815678e-07, 1.707378199814159e-07]"
hMpxV/Australia/QLD-MX000109/2024|EPI_ISL_19539756|2024-09-24,"[0.9999999999999999, 0.0, 0.0, 0.0, 0.0, 0.0, 0.0, 0.0, 0.0, 0.0, 0.0, 0.0, 0.0, 0.0, 0.0, 0.0, 0.0, 0.0, 0.0, 0.0, 0.0, 0.0, 0.0, 0.0, 0.0, 0.0, 0.0, 0.0, 0.0, 0.0, 0.0]"
NODE_0000192,"[0.9999999999101864, 2.0857121577395344e-12, 1.2683833381098982e-11, 2.126983092265486e-12, 1.839950349425152e-12, 2.105353338215858e-12, 2.1025180846977842e-12, 2.1146907633090798e-12, 2.1295516218862467e-12, 2.1001227853913964e-12, 2.0909548411720935e-12, 2.117726769244185e-12, 1.8921125805687588e-12, 2.0287694355161205e-12, 5.685960058947189e-12, 1.366460580729943e-12, 1.9421519685722473e-12, 2.1177267692441302e-12, 2.1177267692441593e-12, 1.9010006386372962e-12, 2.962519783310697e-12, 2.036722637448828e-12, 1.3666070784514245e-12, 2.11534109901973e-12, 5.4176195610092245e-12, 2.012827310541469e-12, 1.5741474003056948e-12, 2.049883396093571e-12, 1.933263494256877e-12, 1.3684254437689717e-11, 2.1109868941921673e-12]"
hMpxV/Australia/QLD-MX000135/2024|EPI_ISL_19539779|2024-10-02,"[1.0, 0.0, 0.0, 0.0, 0.0, 0.0, 0.0, 0.0, 0.0, 0.0, 0.0, 0.0, 0.0, 0.0, 0.0, 0.0, 0.0, 0.0, 0.0, 0.0, 0.0, 0.0, 0.0, 0.0, 0.0, 0.0, 0.0, 0.0, 0.0, 0.0, 0.0]"
hMpxV/Australia/QLD-MX000134/2024|EPI_ISL_19539778|2024-10-02,"[1.0, 0.0, 0.0, 0.0, 0.0, 0.0, 0.0, 0.0, 0.0, 0.0, 0.0, 0.0, 0.0, 0.0, 0.0, 0.0, 0.0, 0.0, 0.0, 0.0, 0.0, 0.0, 0.0, 0.0, 0.0, 0.0, 0.0, 0.0, 0.0, 0.0, 0.0]"
NODE_0000193,"[0.9999999927865195, 1.9472021314837608e-10, 7.451769413588145e-10, 1.9921626297988184e-10, 1.734086150459195e-10, 1.966564984207757e-10, 1.9530783394848063e-10, 1.9651605645337093e-10, 1.9919580273056655e-10, 1.9649367915176595e-10, 1.9330854058501882e-10, 1.969762582957083e-10, 1.797776993927368e-10, 1.9225865259700927e-10, 4.018374763992559e-10, 1.3405096690514e-10, 1.87536245341023e-10, 1.96976258295701e-10, 1.96976258295701e-10, 1.822167280484203e-10, 1.9456716224530554e-10, 1.9602997790656617e-10, 1.350421236215487e-10, 1.9668944841128815e-10, 3.939672721509143e-10, 1.8730321562101617e-10, 1.5699532406253976e-10, 1.8942996570496128e-10, 1.8490874357857837e-10, 8.237786625112327e-10, 1.9616154033300325e-10]"
hMpxV/Australia/QLD-MX000122/2024|EPI_ISL_19539766|2024-10-02,"[1.0, 0.0, 0.0, 0.0, 0.0, 0.0, 0.0, 0.0, 0.0, 0.0, 0.0, 0.0, 0.0, 0.0, 0.0, 0.0, 0.0, 0.0, 0.0, 0.0, 0.0, 0.0, 0.0, 0.0, 0.0, 0.0, 0.0, 0.0, 0.0, 0.0, 0.0]"
hMpxV/Australia/QLD-MX000132/2024|EPI_ISL_19539776|2024-10-02,"[1.0, 0.0, 0.0, 0.0, 0.0, 0.0, 0.0, 0.0, 0.0, 0.0, 0.0, 0.0, 0.0, 0.0, 0.0, 0.0, 0.0, 0.0, 0.0, 0.0, 0.0, 0.0, 0.0, 0.0, 0.0, 0.0, 0.0, 0.0, 0.0, 0.0, 0.0]"
NODE_0000199,"[0.9999999829722508, 4.219330885265523e-10, 2.1361031377538676e-09, 4.30275441338875e-10, 3.78239568912113e-10, 4.254714470563607e-10, 4.2418689206544467e-10, 4.2740133543235427e-10, 4.3237545729634574e-10, 4.246078203809109e-10, 4.216667392827122e-10, 4.2701874906158764e-10, 3.8665158976772857e-10, 4.1289885613778e-10, 9.893886592524265e-10, 2.8900820124263886e-10, 4.0115653152729143e-10, 4.2701874906156474e-10, 4.2701874906156474e-10, 3.8926071111148085e-10, 5.051107643100658e-10, 4.1835439546117236e-10, 2.9599500148192655e-10, 4.270501202390405e-10, 9.54544251810721e-10, 4.07014014963957e-10, 3.3874297244038206e-10, 4.127865793861143e-10, 3.979963345621796e-10, 2.3712438068709354e-09, 4.2722922323524097e-10]"
hMpxV/Australia/QLD-MX000139/2024|EPI_ISL_19539783|2024-09-30,"[1.0, 0.0, 0.0, 0.0, 0.0, 0.0, 0.0, 0.0, 0.0, 0.0, 0.0, 0.0, 0.0, 0.0, 0.0, 0.0, 0.0, 0.0, 0.0, 0.0, 0.0, 0.0, 0.0, 0.0, 0.0, 0.0, 0.0, 0.0, 0.0, 0.0, 0.0]"
hMpxV/Australia/QLD-MX000156/2024|EPI_ISL_19539797|2024-10-14,"[1.0, 0.0, 0.0, 0.0, 0.0, 0.0, 0.0, 0.0, 0.0, 0.0, 0.0, 0.0, 0.0, 0.0, 0.0, 0.0, 0.0, 0.0, 0.0, 0.0, 0.0, 0.0, 0.0, 0.0, 0.0, 0.0, 0.0, 0.0, 0.0, 0.0, 0.0]"
NODE_0000200,"[0.9999999999546015, 1.0587262963384775e-12, 6.365033616059047e-12, 1.0797582478812864e-12, 9.341545608587121e-13, 1.0687090078015037e-12, 1.0671338237324601e-12, 1.073323764425166e-12, 1.081029376641971e-12, 1.0660948689747602e-12, 1.0611492918576646e-12, 1.0748879980954947e-12, 9.60842095116095e-13, 1.0301686783746924e-12, 2.8673822713867244e-12, 6.943875493236497e-13, 9.86593782945766e-13, 1.0748879980954045e-12, 1.0748879980954279e-12, 9.655481944948869e-13, 1.4910722977422539e-12, 1.0345809937525272e-12, 6.946065568942558e-13, 1.0736681858611827e-12, 2.7339327009245163e-12, 1.0216450770029213e-12, 8.002785771552979e-13, 1.0402876185897382e-12, 9.81888550166097e-13, 6.870361371371509e-12, 1.071442362377179e-12]"
hMpxV/Australia/QLD-MX000097/2024|EPI_ISL_19539745|2024-09-17,"[1.0, 0.0, 0.0, 0.0, 0.0, 0.0, 0.0, 0.0, 0.0, 0.0, 0.0, 0.0, 0.0, 0.0, 0.0, 0.0, 0.0, 0.0, 0.0, 0.0, 0.0, 0.0, 0.0, 0.0, 0.0, 0.0, 0.0, 0.0, 0.0, 0.0, 0.0]"
hMpxV/Australia/QLD-MX000103/2024|EPI_ISL_19539750|2024-09-24,"[1.0, 0.0, 0.0, 0.0, 0.0, 0.0, 0.0, 0.0, 0.0, 0.0, 0.0, 0.0, 0.0, 0.0, 0.0, 0.0, 0.0, 0.0, 0.0, 0.0, 0.0, 0.0, 0.0, 0.0, 0.0, 0.0, 0.0, 0.0, 0.0, 0.0, 0.0]"
hMpxV/Australia/QLD-MX000118/2024|EPI_ISL_19539762|2024-09-30,"[1.0, 0.0, 0.0, 0.0, 0.0, 0.0, 0.0, 0.0, 0.0, 0.0, 0.0, 0.0, 0.0, 0.0, 0.0, 0.0, 0.0, 0.0, 0.0, 0.0, 0.0, 0.0, 0.0, 0.0, 0.0, 0.0, 0.0, 0.0, 0.0, 0.0, 0.0]"
NODE_0000202,"[0.9999976068541996, 6.710735470449401e-08, 2.228208957515913e-07, 6.864927878649537e-08, 6.057369878257722e-08, 6.77141716421603e-08, 6.716446255173975e-08, 6.768225021578525e-08, 6.886092018032938e-08, 6.768113583936201e-08, 6.646127953503e-08, 6.77034350205644e-08, 6.246335278810843e-08, 6.65725987455556e-08, 1.22776501364584e-07, 4.792414120680412e-08, 6.572845194689443e-08, 6.770343502056315e-08, 6.770343502056316e-08, 6.340483615316193e-08, 5.856180119629839e-08, 6.838552788405236e-08, 4.926519790834195e-08, 6.767517023186944e-08, 1.2155259124289594e-07, 6.453361002665271e-08, 5.693962688502387e-08, 6.504769523269311e-08, 6.464258969401419e-08, 2.5220778062081416e-07, 6.763857429877519e-08]"
NODE_0000204,"[0.9999999992964862, 1.902565656770107e-11, 7.233996362359476e-11, 1.9463954088223634e-11, 1.6961568654593313e-11, 1.9213128567757903e-11, 1.9080600372049856e-11, 1.9201225962867813e-11, 1.9467947907021096e-11, 1.9197374502332842e-11, 1.8886128711550508e-11, 1.924241773539116e-11, 1.7574543876983806e-11, 1.8789183195605546e-11, 3.898817749349594e-11, 1.3132358151581737e-11, 1.8342827272450112e-11, 1.9242417735384227e-11, 1.924241773538769e-11, 1.7813233521901032e-11, 1.886911509720907e-11, 1.9166966772962604e-11, 1.3254077100617268e-11, 1.921628640320457e-11, 3.824195282794907e-11, 1.8301120656970825e-11, 1.539842470522959e-11, 1.8505048562839587e-11, 1.808469656226236e-11, 8.010241533510688e-11, 1.9168632233002916e-11]"
hMpxV/Australia/QLD-MX000096/2024|EPI_ISL_19539744|2024-09-17,"[1.0, 0.0, 0.0, 0.0, 0.0, 0.0, 0.0, 0.0, 0.0, 0.0, 0.0, 0.0, 0.0, 0.0, 0.0, 0.0, 0.0, 0.0, 0.0, 0.0, 0.0, 0.0, 0.0, 0.0, 0.0, 0.0, 0.0, 0.0, 0.0, 0.0, 0.0]"
hMpxV/Australia/QLD-MX000098/2024|EPI_ISL_19539746|2024-09-17,"[1.0, 0.0, 0.0, 0.0, 0.0, 0.0, 0.0, 0.0, 0.0, 0.0, 0.0, 0.0, 0.0, 0.0, 0.0, 0.0, 0.0, 0.0, 0.0, 0.0, 0.0, 0.0, 0.0, 0.0, 0.0, 0.0, 0.0, 0.0, 0.0, 0.0, 0.0]"
NODE_0000203,"[1.0, 2.0693973744915097e-18, 3.2704035304721506e-17, 2.096502290322283e-18, 1.789212784602817e-18, 2.0867910989114534e-18, 2.107776398262596e-18, 2.1180624127864505e-18, 2.104203038698518e-18, 2.07454208303683e-18, 2.1166990332700856e-18, 2.1174748520351765e-18, 1.8103376827540205e-18, 1.9519454712022753e-18, 1.0027965868236265e-17, 1.2227654566354976e-18, 1.797201395748474e-18, 2.117474852034733e-18, 2.117474852034823e-18, 1.786411345659825e-18, 6.076541908283997e-18, 1.8976924730974177e-18, 1.2030492401708805e-18, 2.1163725037856985e-18, 9.008377942240007e-18, 2.010479923338689e-18, 1.3605086722972542e-18, 2.0771371996598584e-18, 1.824174880152689e-18, 3.353248104970804e-17, 2.114418614829841e-18]"
hMpxV/Australia/QLD-MX000065/2024|EPI_ISL_19539713|2024-09-06,"[1.0, 0.0, 0.0, 0.0, 0.0, 0.0, 0.0, 0.0, 0.0, 0.0, 0.0, 0.0, 0.0, 0.0, 0.0, 0.0, 0.0, 0.0, 0.0, 0.0, 0.0, 0.0, 0.0, 0.0, 0.0, 0.0, 0.0, 0.0, 0.0, 0.0, 0.0]"
hMpxV/Australia/QLD-MX000067/2024|EPI_ISL_19539715|2024-09-09,"[0.9999999999999999, 0.0, 0.0, 0.0, 0.0, 0.0, 0.0, 0.0, 0.0, 0.0, 0.0, 0.0, 0.0, 0.0, 0.0, 0.0, 0.0, 0.0, 0.0, 0.0, 0.0, 0.0, 0.0, 0.0, 0.0, 0.0, 0.0, 0.0, 0.0, 0.0, 0.0]"
hMpxV/Australia/QLD-MX000080/2024|EPI_ISL_19539728|2024-09-13,"[1.0, 0.0, 0.0, 0.0, 0.0, 0.0, 0.0, 0.0, 0.0, 0.0, 0.0, 0.0, 0.0, 0.0, 0.0, 0.0, 0.0, 0.0, 0.0, 0.0, 0.0, 0.0, 0.0, 0.0, 0.0, 0.0, 0.0, 0.0, 0.0, 0.0, 0.0]"
hMpxV/Australia/QLD-MX000104/2024|EPI_ISL_19539751|2024-09-23,"[1.0, 0.0, 0.0, 0.0, 0.0, 0.0, 0.0, 0.0, 0.0, 0.0, 0.0, 0.0, 0.0, 0.0, 0.0, 0.0, 0.0, 0.0, 0.0, 0.0, 0.0, 0.0, 0.0, 0.0, 0.0, 0.0, 0.0, 0.0, 0.0, 0.0, 0.0]"
hMpxV/Australia/QLD-MX000110/2024|EPI_ISL_19539757|2024-09-25,"[0.9999999999999999, 0.0, 0.0, 0.0, 0.0, 0.0, 0.0, 0.0, 0.0, 0.0, 0.0, 0.0, 0.0, 0.0, 0.0, 0.0, 0.0, 0.0, 0.0, 0.0, 0.0, 0.0, 0.0, 0.0, 0.0, 0.0, 0.0, 0.0, 0.0, 0.0, 0.0]"
NODE_0000194,"[0.9999999999999999, 5.007076527915283e-23, 2.441839952317076e-21, 5.027208300936295e-23, 4.272909452408683e-23, 5.037627098468671e-23, 5.16001212609632e-23, 5.1870645274698624e-23, 5.0793271217761866e-23, 4.9868946851347e-23, 5.249116567411843e-23, 5.1627159620427145e-23, 4.206172146262935e-23, 4.5531950415354575e-23, 4.634366584016214e-22, 2.6740333070042115e-23, 4.027920471039477e-23, 5.16271596204238e-23, 5.162715962042381e-23, 4.0571755494731066e-23, 3.3794669070522165e-22, 4.271896266941267e-23, 2.62864530455897e-23, 5.169865716051758e-23, 3.887557582013671e-22, 4.9071973066141584e-23, 2.88202655900304e-23, 5.15110917301994e-23, 4.1863473878615845e-23, 2.3966735048261735e-21, 5.184638493620452e-23]"
hMpxV/Australia/QLD-MX000121/2024|EPI_ISL_19539765|2024-10-02,"[1.0, 0.0, 0.0, 0.0, 0.0, 0.0, 0.0, 0.0, 0.0, 0.0, 0.0, 0.0, 0.0, 0.0, 0.0, 0.0, 0.0, 0.0, 0.0, 0.0, 0.0, 0.0, 0.0, 0.0, 0.0, 0.0, 0.0, 0.0, 0.0, 0.0, 0.0]"
hMpxV/Australia/QLD-MX000129/2024|EPI_ISL_19539773|2024-10-02,"[1.0, 0.0, 0.0, 0.0, 0.0, 0.0, 0.0, 0.0, 0.0, 0.0, 0.0, 0.0, 0.0, 0.0, 0.0, 0.0, 0.0, 0.0, 0.0, 0.0, 0.0, 0.0, 0.0, 0.0, 0.0, 0.0, 0.0, 0.0, 0.0, 0.0, 0.0]"
hMpxV/Australia/QLD-MX000130/2024|EPI_ISL_19539774|2024-10-02,"[1.0, 0.0, 0.0, 0.0, 0.0, 0.0, 0.0, 0.0, 0.0, 0.0, 0.0, 0.0, 0.0, 0.0, 0.0, 0.0, 0.0, 0.0, 0.0, 0.0, 0.0, 0.0, 0.0, 0.0, 0.0, 0.0, 0.0, 0.0, 0.0, 0.0, 0.0]"
hMpxV/Australia/QLD-MX000148/2024|EPI_ISL_19539789|2024-10-15,"[1.0, 0.0, 0.0, 0.0, 0.0, 0.0, 0.0, 0.0, 0.0, 0.0, 0.0, 0.0, 0.0, 0.0, 0.0, 0.0, 0.0, 0.0, 0.0, 0.0, 0.0, 0.0, 0.0, 0.0, 0.0, 0.0, 0.0, 0.0, 0.0, 0.0, 0.0]"
hMpxV/Australia/QLD-MX000149/2024|EPI_ISL_19539790|2024-10-15,"[1.0, 0.0, 0.0, 0.0, 0.0, 0.0, 0.0, 0.0, 0.0, 0.0, 0.0, 0.0, 0.0, 0.0, 0.0, 0.0, 0.0, 0.0, 0.0, 0.0, 0.0, 0.0, 0.0, 0.0, 0.0, 0.0, 0.0, 0.0, 0.0, 0.0, 0.0]"
hMpxV/Australia/QLD-MX000157/2024|EPI_ISL_19539798|2024-10-15,"[1.0, 0.0, 0.0, 0.0, 0.0, 0.0, 0.0, 0.0, 0.0, 0.0, 0.0, 0.0, 0.0, 0.0, 0.0, 0.0, 0.0, 0.0, 0.0, 0.0, 0.0, 0.0, 0.0, 0.0, 0.0, 0.0, 0.0, 0.0, 0.0, 0.0, 0.0]"
hMpxV/Australia/QLD-MX000158/2024|EPI_ISL_19539799|2024-10-17,"[1.0, 0.0, 0.0, 0.0, 0.0, 0.0, 0.0, 0.0, 0.0, 0.0, 0.0, 0.0, 0.0, 0.0, 0.0, 0.0, 0.0, 0.0, 0.0, 0.0, 0.0, 0.0, 0.0, 0.0, 0.0, 0.0, 0.0, 0.0, 0.0, 0.0, 0.0]"
NODE_0000195,"[0.9999999990923978, 2.4527124048914656e-11, 9.349289883449918e-11, 2.5093113852442105e-11, 2.185264605108066e-11, 2.4770155872844047e-11, 2.4599559799481858e-11, 2.4753092707864753e-11, 2.5093538948606627e-11, 2.4749830057812397e-11, 2.4347907126146306e-11, 2.480917258754062e-11, 2.2650598678779063e-11, 2.4220034025560193e-11, 5.043580169965628e-11, 1.6905273246251356e-11, 2.3633993401272887e-11, 2.4809172587534854e-11, 2.480917258753833e-11, 2.2958503420099778e-11, 2.4411493187959965e-11, 2.4700806806518167e-11, 1.7043280541040172e-11, 2.4773999484346108e-11, 4.9460935261806625e-11, 2.359279177981296e-11, 1.980894723990963e-11, 2.3858260819355196e-11, 2.330181803653316e-11, 1.0342880268813802e-10, 2.470948898899182e-11]"
hMpxV/Australia/QLD-MX000125/2024|EPI_ISL_19539769|2024-10-03,"[1.0, 0.0, 0.0, 0.0, 0.0, 0.0, 0.0, 0.0, 0.0, 0.0, 0.0, 0.0, 0.0, 0.0, 0.0, 0.0, 0.0, 0.0, 0.0, 0.0, 0.0, 0.0, 0.0, 0.0, 0.0, 0.0, 0.0, 0.0, 0.0, 0.0, 0.0]"
hMpxV/Australia/QLD-MX000108/2024|EPI_ISL_19539755|2024-09-23,"[1.0, 0.0, 0.0, 0.0, 0.0, 0.0, 0.0, 0.0, 0.0, 0.0, 0.0, 0.0, 0.0, 0.0, 0.0, 0.0, 0.0, 0.0, 0.0, 0.0, 0.0, 0.0, 0.0, 0.0, 0.0, 0.0, 0.0, 0.0, 0.0, 0.0, 0.0]"
NODE_0000187,"[0.9999999999048172, 2.2515862899229105e-12, 1.3022699629504578e-11, 2.2961246036065737e-12, 1.9946880118872138e-12, 2.272141630168412e-12, 2.268098205439013e-12, 2.2823590472455894e-12, 2.301215469263199e-12, 2.266760982907285e-12, 2.2554110966445792e-12, 2.2841798216505865e-12, 2.048106064627371e-12, 2.193480738855993e-12, 5.897136924900913e-12, 1.4925877815341005e-12, 2.1079504640311044e-12, 2.284179821650175e-12, 2.2841798216503866e-12, 2.0587751490745637e-12, 3.053461928457387e-12, 2.2075971878272485e-12, 1.5030881665087517e-12, 2.282349117729878e-12, 5.637207781327102e-12, 2.1725787292848995e-12, 1.728219054260753e-12, 2.210140913210265e-12, 2.096847529679696e-12, 1.415020430990389e-11, 2.279205061286386e-12]"
hMpxV/Australia/VIC-VIDRL-6937/2024|EPI_ISL_19459780|2024-06-11,"[1.0, 0.0, 0.0, 0.0, 0.0, 0.0, 0.0, 0.0, 0.0, 0.0, 0.0, 0.0, 0.0, 0.0, 0.0, 0.0, 0.0, 0.0, 0.0, 0.0, 0.0, 0.0, 0.0, 0.0, 0.0, 0.0, 0.0, 0.0, 0.0, 0.0, 0.0]"
hMpxV/Australia/VIC-VIDRL-6445/2024|EPI_ISL_19459705|2024-06-07,"[0.9999999999999999, 0.0, 0.0, 0.0, 0.0, 0.0, 0.0, 0.0, 0.0, 0.0, 0.0, 0.0, 0.0, 0.0, 0.0, 0.0, 0.0, 0.0, 0.0, 0.0, 0.0, 0.0, 0.0, 0.0, 0.0, 0.0, 0.0, 0.0, 0.0, 0.0, 0.0]"
NODE_0000188,"[1.0, 6.429709728037677e-24, 5.671371267441993e-22, 6.411262079354227e-24, 5.562692954531806e-24, 6.447490003208709e-24, 6.658716134084325e-24, 6.713816707801761e-24, 6.547082364273572e-24, 6.3662093242494484e-24, 6.8368089764589e-24, 6.636272926101971e-24, 5.316426454171146e-24, 5.735669666003128e-24, 7.814803501932469e-23, 3.3955522608435925e-24, 5.0297027434059286e-24, 6.63627292610073e-24, 6.636272926101304e-24, 5.054643625310808e-24, 6.360750830199539e-23, 5.3110008131195324e-24, 3.4638885811637284e-24, 6.667171266558388e-24, 6.332337673744777e-23, 6.338506656494186e-24, 3.672492222227612e-24, 6.693299378150567e-24, 5.300694963507273e-24, 5.602219003376528e-22, 6.730907296585137e-24]"
hMpxV/Australia/VIC-VIDRL-3955/2024|EPI_ISL_19459711|2024-07-07,"[1.0, 0.0, 0.0, 0.0, 0.0, 0.0, 0.0, 0.0, 0.0, 0.0, 0.0, 0.0, 0.0, 0.0, 0.0, 0.0, 0.0, 0.0, 0.0, 0.0, 0.0, 0.0, 0.0, 0.0, 0.0, 0.0, 0.0, 0.0, 0.0, 0.0, 0.0]"
hMpxV/Australia/QLD-MX000038/2024|EPI_ISL_19539687|2024-07-30,"[1.0, 0.0, 0.0, 0.0, 0.0, 0.0, 0.0, 0.0, 0.0, 0.0, 0.0, 0.0, 0.0, 0.0, 0.0, 0.0, 0.0, 0.0, 0.0, 0.0, 0.0, 0.0, 0.0, 0.0, 0.0, 0.0, 0.0, 0.0, 0.0, 0.0, 0.0]"
hMpxV/Australia/QLD-MX000040/2024|EPI_ISL_19539689|2024-07-30,"[1.0, 0.0, 0.0, 0.0, 0.0, 0.0, 0.0, 0.0, 0.0, 0.0, 0.0, 0.0, 0.0, 0.0, 0.0, 0.0, 0.0, 0.0, 0.0, 0.0, 0.0, 0.0, 0.0, 0.0, 0.0, 0.0, 0.0, 0.0, 0.0, 0.0, 0.0]"
hMpxV/Australia/QLD-MX000138/2024|EPI_ISL_19539782|2024-09-12,"[1.0, 0.0, 0.0, 0.0, 0.0, 0.0, 0.0, 0.0, 0.0, 0.0, 0.0, 0.0, 0.0, 0.0, 0.0, 0.0, 0.0, 0.0, 0.0, 0.0, 0.0, 0.0, 0.0, 0.0, 0.0, 0.0, 0.0, 0.0, 0.0, 0.0, 0.0]"
hMpxV/Australia/QLD-MX000066/2024|EPI_ISL_19539714|2024-09-05,"[0.9999999999999999, 0.0, 0.0, 0.0, 0.0, 0.0, 0.0, 0.0, 0.0, 0.0, 0.0, 0.0, 0.0, 0.0, 0.0, 0.0, 0.0, 0.0, 0.0, 0.0, 0.0, 0.0, 0.0, 0.0, 0.0, 0.0, 0.0, 0.0, 0.0, 0.0, 0.0]"
hMpxV/Australia/QLD-MX000079/2024|EPI_ISL_19539726|2024-09-12,"[1.0, 0.0, 0.0, 0.0, 0.0, 0.0, 0.0, 0.0, 0.0, 0.0, 0.0, 0.0, 0.0, 0.0, 0.0, 0.0, 0.0, 0.0, 0.0, 0.0, 0.0, 0.0, 0.0, 0.0, 0.0, 0.0, 0.0, 0.0, 0.0, 0.0, 0.0]"
hMpxV/Australia/QLD-MX000082/2024|EPI_ISL_19539730|2024-09-15,"[1.0, 0.0, 0.0, 0.0, 0.0, 0.0, 0.0, 0.0, 0.0, 0.0, 0.0, 0.0, 0.0, 0.0, 0.0, 0.0, 0.0, 0.0, 0.0, 0.0, 0.0, 0.0, 0.0, 0.0, 0.0, 0.0, 0.0, 0.0, 0.0, 0.0, 0.0]"
hMpxV/Australia/QLD-MX000081/2024|EPI_ISL_19539729|2024-09-12,"[1.0, 0.0, 0.0, 0.0, 0.0, 0.0, 0.0, 0.0, 0.0, 0.0, 0.0, 0.0, 0.0, 0.0, 0.0, 0.0, 0.0, 0.0, 0.0, 0.0, 0.0, 0.0, 0.0, 0.0, 0.0, 0.0, 0.0, 0.0, 0.0, 0.0, 0.0]"
hMpxV/Australia/QLD-MX000094/2024|EPI_ISL_19539742|2024-09-19,"[1.0, 0.0, 0.0, 0.0, 0.0, 0.0, 0.0, 0.0, 0.0, 0.0, 0.0, 0.0, 0.0, 0.0, 0.0, 0.0, 0.0, 0.0, 0.0, 0.0, 0.0, 0.0, 0.0, 0.0, 0.0, 0.0, 0.0, 0.0, 0.0, 0.0, 0.0]"
NODE_0000189,"[0.9999997412693238, 7.169238489899841e-09, 2.4928084027574e-08, 7.333164429797796e-09, 6.451013757387435e-09, 7.235043754781072e-09, 7.17984144727666e-09, 7.233164560604964e-09, 7.351896088683042e-09, 7.230492905421894e-09, 7.106621616433579e-09, 7.2378860156418945e-09, 6.657837440502624e-09, 7.100404083185083e-09, 1.3590903073347759e-08, 5.072130713092024e-09, 6.987492857572906e-09, 7.237886015640578e-09, 7.237886015641221e-09, 6.753501654463185e-09, 6.5145602077502145e-09, 7.279165478944486e-09, 5.1966651162005615e-09, 7.233529988163934e-09, 1.3411335259963144e-08, 6.895131336618283e-09, 6.010041855643675e-09, 6.956687897948854e-09, 6.8802820371765705e-09, 2.8031814779910724e-08, 7.2269730147513936e-09]"
hMpxV/Australia/QLD-MX000056/2024|EPI_ISL_19539704|2024-09-01,"[1.0, 0.0, 0.0, 0.0, 0.0, 0.0, 0.0, 0.0, 0.0, 0.0, 0.0, 0.0, 0.0, 0.0, 0.0, 0.0, 0.0, 0.0, 0.0, 0.0, 0.0, 0.0, 0.0, 0.0, 0.0, 0.0, 0.0, 0.0, 0.0, 0.0, 0.0]"
hMpxV/Australia/QLD-MX000116/2024|EPI_ISL_19539760|2024-09-30,"[1.0, 0.0, 0.0, 0.0, 0.0, 0.0, 0.0, 0.0, 0.0, 0.0, 0.0, 0.0, 0.0, 0.0, 0.0, 0.0, 0.0, 0.0, 0.0, 0.0, 0.0, 0.0, 0.0, 0.0, 0.0, 0.0, 0.0, 0.0, 0.0, 0.0, 0.0]"
NODE_0000165,"[1.0, 7.532224455407003e-71, 4.052608525600787e-65, 7.076989587420672e-71, 5.367237960088469e-71, 7.49013846816034e-71, 8.582507048402206e-71, 8.572651082162582e-71, 7.370368825152116e-71, 7.1693095930262335e-71, 9.626862945336484e-71, 8.357472260493108e-71, 4.45164689076042e-71, 5.0639957705202235e-71, 1.8339940549397987e-67, 1.5126375185209405e-71, 3.08681298373095e-71, 8.357472260490953e-71, 8.357472260491665e-71, 3.5910197755810972e-71, 5.851723155940785e-67, 3.4849826106758388e-71, 1.3121254345656502e-71, 8.435140926576257e-71, 8.66625882505568e-68, 7.888646319632926e-71, 1.1830912840850167e-71, 9.515398944809827e-71, 3.893559720176429e-71, 2.4699088843047034e-65, 8.588660334964685e-71]"
hMpxV/Australia/QLD-MX000033/2024|EPI_ISL_19539683|2024-06-24,"[0.9999999999999999, 0.0, 0.0, 0.0, 0.0, 0.0, 0.0, 0.0, 0.0, 0.0, 0.0, 0.0, 0.0, 0.0, 0.0, 0.0, 0.0, 0.0, 0.0, 0.0, 0.0, 0.0, 0.0, 0.0, 0.0, 0.0, 0.0, 0.0, 0.0, 0.0, 0.0]"
hMpxV/Australia/QLD-MX000037/2024|EPI_ISL_19539686|2024-07-29,"[1.0, 0.0, 0.0, 0.0, 0.0, 0.0, 0.0, 0.0, 0.0, 0.0, 0.0, 0.0, 0.0, 0.0, 0.0, 0.0, 0.0, 0.0, 0.0, 0.0, 0.0, 0.0, 0.0, 0.0, 0.0, 0.0, 0.0, 0.0, 0.0, 0.0, 0.0]"
hMpxV/Australia/VIC-VIDRL-9145/2024|EPI_ISL_19459712|2024-06-18,"[1.0, 0.0, 0.0, 0.0, 0.0, 0.0, 0.0, 0.0, 0.0, 0.0, 0.0, 0.0, 0.0, 0.0, 0.0, 0.0, 0.0, 0.0, 0.0, 0.0, 0.0, 0.0, 0.0, 0.0, 0.0, 0.0, 0.0, 0.0, 0.0, 0.0, 0.0]"
hMpxV/Australia/VIC-VIDRL-6180/2024|EPI_ISL_19459716|2024-06-06,"[0.9999999999999999, 0.0, 0.0, 0.0, 0.0, 0.0, 0.0, 0.0, 0.0, 0.0, 0.0, 0.0, 0.0, 0.0, 0.0, 0.0, 0.0, 0.0, 0.0, 0.0, 0.0, 0.0, 0.0, 0.0, 0.0, 0.0, 0.0, 0.0, 0.0, 0.0, 0.0]"
hMpxV/Australia/VIC-VIDRL-8561/2024|EPI_ISL_19459719|2024-06-17,"[0.9999999999999999, 0.0, 0.0, 0.0, 0.0, 0.0, 0.0, 0.0, 0.0, 0.0, 0.0, 0.0, 0.0, 0.0, 0.0, 0.0, 0.0, 0.0, 0.0, 0.0, 0.0, 0.0, 0.0, 0.0, 0.0, 0.0, 0.0, 0.0, 0.0, 0.0, 0.0]"
hMpxV/Australia/VIC-VIDRL-8119/2024|EPI_ISL_19459721|2024-06-14,"[1.0, 0.0, 0.0, 0.0, 0.0, 0.0, 0.0, 0.0, 0.0, 0.0, 0.0, 0.0, 0.0, 0.0, 0.0, 0.0, 0.0, 0.0, 0.0, 0.0, 0.0, 0.0, 0.0, 0.0, 0.0, 0.0, 0.0, 0.0, 0.0, 0.0, 0.0]"
hMpxV/Australia/VIC-VIDRL-0967/2024|EPI_ISL_19459728|2024-06-25,"[1.0, 0.0, 0.0, 0.0, 0.0, 0.0, 0.0, 0.0, 0.0, 0.0, 0.0, 0.0, 0.0, 0.0, 0.0, 0.0, 0.0, 0.0, 0.0, 0.0, 0.0, 0.0, 0.0, 0.0, 0.0, 0.0, 0.0, 0.0, 0.0, 0.0, 0.0]"
hMpxV/Australia/VIC-VIDRL-0493/2024|EPI_ISL_19459731|2024-06-24,"[0.9999999999999999, 0.0, 0.0, 0.0, 0.0, 0.0, 0.0, 0.0, 0.0, 0.0, 0.0, 0.0, 0.0, 0.0, 0.0, 0.0, 0.0, 0.0, 0.0, 0.0, 0.0, 0.0, 0.0, 0.0, 0.0, 0.0, 0.0, 0.0, 0.0, 0.0, 0.0]"
hMpxV/Australia/VIC-VIDRL-8843/2024|EPI_ISL_19459744|2024-06-17,"[0.9999999999999999, 0.0, 0.0, 0.0, 0.0, 0.0, 0.0, 0.0, 0.0, 0.0, 0.0, 0.0, 0.0, 0.0, 0.0, 0.0, 0.0, 0.0, 0.0, 0.0, 0.0, 0.0, 0.0, 0.0, 0.0, 0.0, 0.0, 0.0, 0.0, 0.0, 0.0]"
hMpxV/Australia/VIC-VIDRL-8126/2024|EPI_ISL_19459743|2024-06-14,"[1.0, 0.0, 0.0, 0.0, 0.0, 0.0, 0.0, 0.0, 0.0, 0.0, 0.0, 0.0, 0.0, 0.0, 0.0, 0.0, 0.0, 0.0, 0.0, 0.0, 0.0, 0.0, 0.0, 0.0, 0.0, 0.0, 0.0, 0.0, 0.0, 0.0, 0.0]"
hMpxV/Australia/VIC-VIDRL-8844/2024|EPI_ISL_19459750|2024-06-17,"[0.9999999999999999, 0.0, 0.0, 0.0, 0.0, 0.0, 0.0, 0.0, 0.0, 0.0, 0.0, 0.0, 0.0, 0.0, 0.0, 0.0, 0.0, 0.0, 0.0, 0.0, 0.0, 0.0, 0.0, 0.0, 0.0, 0.0, 0.0, 0.0, 0.0, 0.0, 0.0]"
hMpxV/Australia/VIC-VIDRL-5416/2024|EPI_ISL_19459762|2024-06-03,"[1.0, 0.0, 0.0, 0.0, 0.0, 0.0, 0.0, 0.0, 0.0, 0.0, 0.0, 0.0, 0.0, 0.0, 0.0, 0.0, 0.0, 0.0, 0.0, 0.0, 0.0, 0.0, 0.0, 0.0, 0.0, 0.0, 0.0, 0.0, 0.0, 0.0, 0.0]"
hMpxV/Australia/VIC-VIDRL-8778/2024|EPI_ISL_19459766|2024-06-17,"[0.9999999999999999, 0.0, 0.0, 0.0, 0.0, 0.0, 0.0, 0.0, 0.0, 0.0, 0.0, 0.0, 0.0, 0.0, 0.0, 0.0, 0.0, 0.0, 0.0, 0.0, 0.0, 0.0, 0.0, 0.0, 0.0, 0.0, 0.0, 0.0, 0.0, 0.0, 0.0]"
hMpxV/Australia/VIC-VIDRL-9661/2024|EPI_ISL_19459771|2024-06-20,"[1.0, 0.0, 0.0, 0.0, 0.0, 0.0, 0.0, 0.0, 0.0, 0.0, 0.0, 0.0, 0.0, 0.0, 0.0, 0.0, 0.0, 0.0, 0.0, 0.0, 0.0, 0.0, 0.0, 0.0, 0.0, 0.0, 0.0, 0.0, 0.0, 0.0, 0.0]"
hMpxV/Australia/VIC-VIDRL-4120/2024|EPI_ISL_19459773|2024-07-08,"[1.0, 0.0, 0.0, 0.0, 0.0, 0.0, 0.0, 0.0, 0.0, 0.0, 0.0, 0.0, 0.0, 0.0, 0.0, 0.0, 0.0, 0.0, 0.0, 0.0, 0.0, 0.0, 0.0, 0.0, 0.0, 0.0, 0.0, 0.0, 0.0, 0.0, 0.0]"
hMpxV/Australia/VIC-VIDRL-9874/2024|EPI_ISL_19459776|2024-06-20,"[1.0, 0.0, 0.0, 0.0, 0.0, 0.0, 0.0, 0.0, 0.0, 0.0, 0.0, 0.0, 0.0, 0.0, 0.0, 0.0, 0.0, 0.0, 0.0, 0.0, 0.0, 0.0, 0.0, 0.0, 0.0, 0.0, 0.0, 0.0, 0.0, 0.0, 0.0]"
hMpxV/Australia/VIC-VIDRL-6919/2024|EPI_ISL_19459775|2024-07-17,"[1.0, 0.0, 0.0, 0.0, 0.0, 0.0, 0.0, 0.0, 0.0, 0.0, 0.0, 0.0, 0.0, 0.0, 0.0, 0.0, 0.0, 0.0, 0.0, 0.0, 0.0, 0.0, 0.0, 0.0, 0.0, 0.0, 0.0, 0.0, 0.0, 0.0, 0.0]"
hMpxV/Australia/VIC-VIDRL-8557/2024|EPI_ISL_19459781|2024-06-17,"[0.9999999999999999, 0.0, 0.0, 0.0, 0.0, 0.0, 0.0, 0.0, 0.0, 0.0, 0.0, 0.0, 0.0, 0.0, 0.0, 0.0, 0.0, 0.0, 0.0, 0.0, 0.0, 0.0, 0.0, 0.0, 0.0, 0.0, 0.0, 0.0, 0.0, 0.0, 0.0]"
hMpxV/Australia/VIC-VIDRL-4827/2024|EPI_ISL_19459787|2024-07-08,"[1.0, 0.0, 0.0, 0.0, 0.0, 0.0, 0.0, 0.0, 0.0, 0.0, 0.0, 0.0, 0.0, 0.0, 0.0, 0.0, 0.0, 0.0, 0.0, 0.0, 0.0, 0.0, 0.0, 0.0, 0.0, 0.0, 0.0, 0.0, 0.0, 0.0, 0.0]"
hMpxV/Australia/VIC-VIDRL-8608/2024|EPI_ISL_19459790|2024-06-17,"[0.9999999999999999, 0.0, 0.0, 0.0, 0.0, 0.0, 0.0, 0.0, 0.0, 0.0, 0.0, 0.0, 0.0, 0.0, 0.0, 0.0, 0.0, 0.0, 0.0, 0.0, 0.0, 0.0, 0.0, 0.0, 0.0, 0.0, 0.0, 0.0, 0.0, 0.0, 0.0]"
hMpxV/Australia/VIC-VIDRL-8550/2024|EPI_ISL_19459707|2024-07-24,"[0.9999999999999999, 0.0, 0.0, 0.0, 0.0, 0.0, 0.0, 0.0, 0.0, 0.0, 0.0, 0.0, 0.0, 0.0, 0.0, 0.0, 0.0, 0.0, 0.0, 0.0, 0.0, 0.0, 0.0, 0.0, 0.0, 0.0, 0.0, 0.0, 0.0, 0.0, 0.0]"
hMpxV/Australia/VIC-VIDRL-8845/2024|EPI_ISL_19459706|2024-06-17,"[0.9999999999999999, 0.0, 0.0, 0.0, 0.0, 0.0, 0.0, 0.0, 0.0, 0.0, 0.0, 0.0, 0.0, 0.0, 0.0, 0.0, 0.0, 0.0, 0.0, 0.0, 0.0, 0.0, 0.0, 0.0, 0.0, 0.0, 0.0, 0.0, 0.0, 0.0, 0.0]"
hMpxV/Australia/VIC-VIDRL-9037/2024|EPI_ISL_19459801|2024-06-18,"[1.0, 0.0, 0.0, 0.0, 0.0, 0.0, 0.0, 0.0, 0.0, 0.0, 0.0, 0.0, 0.0, 0.0, 0.0, 0.0, 0.0, 0.0, 0.0, 0.0, 0.0, 0.0, 0.0, 0.0, 0.0, 0.0, 0.0, 0.0, 0.0, 0.0, 0.0]"
hMpxV/Australia/VIC-VIDRL-9660/2024|EPI_ISL_19459802|2024-06-20,"[1.0, 0.0, 0.0, 0.0, 0.0, 0.0, 0.0, 0.0, 0.0, 0.0, 0.0, 0.0, 0.0, 0.0, 0.0, 0.0, 0.0, 0.0, 0.0, 0.0, 0.0, 0.0, 0.0, 0.0, 0.0, 0.0, 0.0, 0.0, 0.0, 0.0, 0.0]"
NODE_0000184,"[0.9999999981591422, 5.0193248058823053e-11, 1.8530553025393868e-10, 5.134763594109832e-11, 4.487603081914783e-11, 5.067761233270904e-11, 5.0315584089212784e-11, 5.065072068269818e-11, 5.139463914716651e-11, 5.063936292898517e-11, 4.980169961987688e-11, 5.073651756573276e-11, 4.6443749215465385e-11, 4.961561295221323e-11, 1.0032207860376935e-10, 3.4913954127830224e-11, 4.8558996652355196e-11, 5.0736517565714685e-11, 5.073651756572373e-11, 4.708734849605778e-11, 4.8392000356824343e-11, 5.069304894123277e-11, 3.5400602650458716e-11, 5.0679235060142374e-11, 9.8595874567068e-11, 4.8278741766923895e-11, 4.107284193717589e-11, 4.8782671780102005e-11, 4.785518932285852e-11, 2.061766302045889e-10, 5.0577719997591066e-11]"
hMpxV/Australia/VIC-VIDRL-3577/2024|EPI_ISL_19459774|2024-07-04,"[1.0, 0.0, 0.0, 0.0, 0.0, 0.0, 0.0, 0.0, 0.0, 0.0, 0.0, 0.0, 0.0, 0.0, 0.0, 0.0, 0.0, 0.0, 0.0, 0.0, 0.0, 0.0, 0.0, 0.0, 0.0, 0.0, 0.0, 0.0, 0.0, 0.0, 0.0]"
hMpxV/Australia/VIC-VIDRL-3576/2024|EPI_ISL_19459778|2024-07-04,"[1.0, 0.0, 0.0, 0.0, 0.0, 0.0, 0.0, 0.0, 0.0, 0.0, 0.0, 0.0, 0.0, 0.0, 0.0, 0.0, 0.0, 0.0, 0.0, 0.0, 0.0, 0.0, 0.0, 0.0, 0.0, 0.0, 0.0, 0.0, 0.0, 0.0, 0.0]"
NODE_0000181,"[0.9999999999336272, 1.5581144307161224e-12, 9.201393345095324e-12, 1.5890106949567623e-12, 1.3772395942204552e-12, 1.5725973276707447e-12, 1.5700642859056576e-12, 1.5795139956445805e-12, 1.591617287561815e-12, 1.5688050794318948e-12, 1.5612692109920887e-12, 1.5813526017620411e-12, 1.415508702762707e-12, 1.516889627951008e-12, 4.1568348321387885e-12, 1.0267756587435973e-12, 1.454943711810349e-12, 1.5813526017617332e-12, 1.581352601761861e-12, 1.4226370272506365e-12, 2.1570634940641003e-12, 1.5248505040051273e-12, 1.0302299122843786e-12, 1.5797919891001318e-12, 3.9680187070988216e-12, 1.5034885491287798e-12, 1.1858720298883705e-12, 1.5302813420150452e-12, 1.4477103702917997e-12, 9.961019007375345e-12, 1.577006479454485e-12]"
hMpxV/Australia/QLD-MX000034/2024|EPI_ISL_19539684|2024-06-27,"[1.0, 0.0, 0.0, 0.0, 0.0, 0.0, 0.0, 0.0, 0.0, 0.0, 0.0, 0.0, 0.0, 0.0, 0.0, 0.0, 0.0, 0.0, 0.0, 0.0, 0.0, 0.0, 0.0, 0.0, 0.0, 0.0, 0.0, 0.0, 0.0, 0.0, 0.0]"
hMpxV/Australia/VIC-VIDRL-8603/2024|EPI_ISL_19459759|2024-06-17,"[1.0, 0.0, 0.0, 0.0, 0.0, 0.0, 0.0, 0.0, 0.0, 0.0, 0.0, 0.0, 0.0, 0.0, 0.0, 0.0, 0.0, 0.0, 0.0, 0.0, 0.0, 0.0, 0.0, 0.0, 0.0, 0.0, 0.0, 0.0, 0.0, 0.0, 0.0]"
hMpxV/Australia/VIC-VIDRL-1781/2024|EPI_ISL_19459789|2024-06-27,"[1.0, 0.0, 0.0, 0.0, 0.0, 0.0, 0.0, 0.0, 0.0, 0.0, 0.0, 0.0, 0.0, 0.0, 0.0, 0.0, 0.0, 0.0, 0.0, 0.0, 0.0, 0.0, 0.0, 0.0, 0.0, 0.0, 0.0, 0.0, 0.0, 0.0, 0.0]"
NODE_0000182,"[0.9999999995815342, 9.955406061711417e-12, 5.668728428298242e-11, 1.015177193468663e-11, 8.835855219121103e-12, 1.0044841933312869e-11, 1.0025806715919273e-11, 1.0091157722737888e-11, 1.0179371335164325e-11, 1.0021333728320396e-11, 9.970057159044803e-12, 1.0096004005933987e-11, 9.06474885007565e-12, 9.703170452985006e-12, 2.5704795240632325e-11, 6.631130549946596e-12, 9.339028871115976e-12, 1.0096004005932108e-11, 1.009600400593304e-11, 9.112874083560877e-12, 1.3287545901841351e-11, 9.774819830994709e-12, 6.699288629362757e-12, 1.0089523042164826e-11, 2.4597275407521293e-11, 9.605870726437535e-12, 7.694783355170679e-12, 9.767954878108458e-12, 9.28832600522688e-12, 6.177496774279101e-11, 1.0078995997642226e-11]"
hMpxV/Australia/VIC-VIDRL-7288/2024|EPI_ISL_19459713|2024-07-18,"[1.0, 0.0, 0.0, 0.0, 0.0, 0.0, 0.0, 0.0, 0.0, 0.0, 0.0, 0.0, 0.0, 0.0, 0.0, 0.0, 0.0, 0.0, 0.0, 0.0, 0.0, 0.0, 0.0, 0.0, 0.0, 0.0, 0.0, 0.0, 0.0, 0.0, 0.0]"
hMpxV/Australia/VIC-VIDRL-0686/2024|EPI_ISL_19459736|2024-06-20,"[1.0, 0.0, 0.0, 0.0, 0.0, 0.0, 0.0, 0.0, 0.0, 0.0, 0.0, 0.0, 0.0, 0.0, 0.0, 0.0, 0.0, 0.0, 0.0, 0.0, 0.0, 0.0, 0.0, 0.0, 0.0, 0.0, 0.0, 0.0, 0.0, 0.0, 0.0]"
hMpxV/Australia/VIC-VIDRL-4354/2024|EPI_ISL_19459779|2024-07-08,"[0.9999999999999999, 0.0, 0.0, 0.0, 0.0, 0.0, 0.0, 0.0, 0.0, 0.0, 0.0, 0.0, 0.0, 0.0, 0.0, 0.0, 0.0, 0.0, 0.0, 0.0, 0.0, 0.0, 0.0, 0.0, 0.0, 0.0, 0.0, 0.0, 0.0, 0.0, 0.0]"
NODE_0000183,"[0.9999999999761093, 5.632563327043033e-13, 3.2875544298298783e-12, 5.744315890334803e-13, 4.983438691970036e-13, 5.684622157667457e-13, 5.674803768935992e-13, 5.709502755991006e-13, 5.75484734416058e-13, 5.671103728582392e-13, 5.642745731119398e-13, 5.715441637441291e-13, 5.120248313129989e-13, 5.485803807141693e-13, 1.4884203895376224e-12, 3.7217887899514185e-13, 5.266632877685897e-13, 5.71544163744059e-13, 5.715441637440595e-13, 5.146828755115666e-13, 7.714457771025657e-13, 5.517664894411161e-13, 3.738620738765093e-13, 5.71017319566353e-13, 1.4219941965056655e-12, 5.434961671798855e-13, 4.3021993653323233e-13, 5.530373440086367e-13, 5.238982936728394e-13, 3.5654960804580356e-12, 5.700853915079496e-13]"
hMpxV/Australia/VIC-VIDRL-5972/2024|EPI_ISL_19459718|2024-07-12,"[1.0, 0.0, 0.0, 0.0, 0.0, 0.0, 0.0, 0.0, 0.0, 0.0, 0.0, 0.0, 0.0, 0.0, 0.0, 0.0, 0.0, 0.0, 0.0, 0.0, 0.0, 0.0, 0.0, 0.0, 0.0, 0.0, 0.0, 0.0, 0.0, 0.0, 0.0]"
hMpxV/Australia/VIC-VIDRL-6170/2024|EPI_ISL_19459761|2024-07-15,"[0.9999999999999999, 0.0, 0.0, 0.0, 0.0, 0.0, 0.0, 0.0, 0.0, 0.0, 0.0, 0.0, 0.0, 0.0, 0.0, 0.0, 0.0, 0.0, 0.0, 0.0, 0.0, 0.0, 0.0, 0.0, 0.0, 0.0, 0.0, 0.0, 0.0, 0.0, 0.0]"
hMpxV/Australia/VIC-VIDRL-5973/2024|EPI_ISL_19459765|2024-07-12,"[1.0, 0.0, 0.0, 0.0, 0.0, 0.0, 0.0, 0.0, 0.0, 0.0, 0.0, 0.0, 0.0, 0.0, 0.0, 0.0, 0.0, 0.0, 0.0, 0.0, 0.0, 0.0, 0.0, 0.0, 0.0, 0.0, 0.0, 0.0, 0.0, 0.0, 0.0]"
NODE_0000166,"[1.0, 8.65527745636788e-27, 6.980632164155493e-25, 8.66109381947671e-27, 7.295720389493728e-27, 8.704438317059384e-27, 8.969557809221898e-27, 9.010993727216811e-27, 8.758573438417176e-27, 8.601348290817305e-27, 9.170713861580779e-27, 8.96312167357695e-27, 7.129526919386059e-27, 7.741583102113013e-27, 1.0927716389734154e-25, 4.361650901610932e-27, 6.700750482216994e-27, 8.963121673572672e-27, 8.963121673573563e-27, 6.812187886517784e-27, 8.60553725331804e-26, 7.138926131506026e-27, 4.246571356211676e-27, 8.977079076588791e-27, 8.881591140955875e-26, 8.511024282371636e-27, 4.6151548836158954e-27, 9.004212935674108e-27, 7.040222056140518e-27, 6.643256941953724e-25, 9.005668434583376e-27]"
hMpxV/Australia/VIC-VIDRL-3747/2024|EPI_ISL_19459795|2024-05-29,"[1.0, 0.0, 0.0, 0.0, 0.0, 0.0, 0.0, 0.0, 0.0, 0.0, 0.0, 0.0, 0.0, 0.0, 0.0, 0.0, 0.0, 0.0, 0.0, 0.0, 0.0, 0.0, 0.0, 0.0, 0.0, 0.0, 0.0, 0.0, 0.0, 0.0, 0.0]"
hMpxV/Australia/VIC-VIDRL-0139/2024|EPI_ISL_19459717|2024-06-20,"[0.9999999999999999, 0.0, 0.0, 0.0, 0.0, 0.0, 0.0, 0.0, 0.0, 0.0, 0.0, 0.0, 0.0, 0.0, 0.0, 0.0, 0.0, 0.0, 0.0, 0.0, 0.0, 0.0, 0.0, 0.0, 0.0, 0.0, 0.0, 0.0, 0.0, 0.0, 0.0]"
hMpxV/Australia/VIC-VIDRL-3575/2024|EPI_ISL_19459710|2024-07-04,"[0.9999999999999999, 0.0, 0.0, 0.0, 0.0, 0.0, 0.0, 0.0, 0.0, 0.0, 0.0, 0.0, 0.0, 0.0, 0.0, 0.0, 0.0, 0.0, 0.0, 0.0, 0.0, 0.0, 0.0, 0.0, 0.0, 0.0, 0.0, 0.0, 0.0, 0.0, 0.0]"
hMpxV/Australia/VIC-VIDRL-0350/2024|EPI_ISL_19459745|2024-06-21,"[1.0, 0.0, 0.0, 0.0, 0.0, 0.0, 0.0, 0.0, 0.0, 0.0, 0.0, 0.0, 0.0, 0.0, 0.0, 0.0, 0.0, 0.0, 0.0, 0.0, 0.0, 0.0, 0.0, 0.0, 0.0, 0.0, 0.0, 0.0, 0.0, 0.0, 0.0]"
hMpxV/Australia/VIC-VIDRL-8558/2024|EPI_ISL_19459758|2024-06-17,"[1.0, 0.0, 0.0, 0.0, 0.0, 0.0, 0.0, 0.0, 0.0, 0.0, 0.0, 0.0, 0.0, 0.0, 0.0, 0.0, 0.0, 0.0, 0.0, 0.0, 0.0, 0.0, 0.0, 0.0, 0.0, 0.0, 0.0, 0.0, 0.0, 0.0, 0.0]"
NODE_0000175,"[0.9999999592306623, 1.1145057961125386e-09, 4.075946370603717e-09, 1.1400955228235057e-09, 9.975872727255652e-10, 1.125157835389895e-09, 1.1170446062479341e-09, 1.124647223787173e-09, 1.141500027698415e-09, 1.124326346935768e-09, 1.1056644794367318e-09, 1.1263265172580679e-09, 1.0318812696852779e-09, 1.1019958162799017e-09, 2.208283521050725e-09, 7.775351184494665e-10, 1.0795375613528695e-09, 1.1263265172578574e-09, 1.1263265172579602e-09, 1.0462367552154107e-09, 1.0641293158833028e-09, 1.1265799651471234e-09, 7.899847707861345e-10, 1.1251680518435585e-09, 2.1716344509363263e-09, 1.0719823724402606e-09, 9.159595451064733e-10, 1.0829006244915063e-09, 1.0638002161830457e-09, 4.543121969879938e-09, 1.1231515045853387e-09]"
hMpxV/Australia/QLD-MX000036/2024|EPI_ISL_19539685|2024-07-12,"[1.0, 0.0, 0.0, 0.0, 0.0, 0.0, 0.0, 0.0, 0.0, 0.0, 0.0, 0.0, 0.0, 0.0, 0.0, 0.0, 0.0, 0.0, 0.0, 0.0, 0.0, 0.0, 0.0, 0.0, 0.0, 0.0, 0.0, 0.0, 0.0, 0.0, 0.0]"
hMpxV/Australia/VIC-VIDRL-3563/2024|EPI_ISL_19459754|2024-07-04,"[1.0, 0.0, 0.0, 0.0, 0.0, 0.0, 0.0, 0.0, 0.0, 0.0, 0.0, 0.0, 0.0, 0.0, 0.0, 0.0, 0.0, 0.0, 0.0, 0.0, 0.0, 0.0, 0.0, 0.0, 0.0, 0.0, 0.0, 0.0, 0.0, 0.0, 0.0]"
NODE_0000176,"[0.9999999629681274, 1.0085833315522083e-09, 3.738749343123238e-09, 1.031759762918324e-09, 9.015571200918064e-10, 1.0183178549658897e-09, 1.0110930893237745e-09, 1.0178168398755415e-09, 1.0326904870923675e-09, 1.0175336306317215e-09, 1.0008045167419392e-09, 1.0195505245829418e-09, 9.33071413336093e-10, 9.968179406196855e-10, 2.0218867302767925e-09, 7.010898481880285e-10, 9.753400474569847e-10, 1.0195505245827534e-09, 1.0195505245828487e-09, 9.459284682798273e-10, 9.756858569221692e-10, 1.0183122886413327e-09, 7.108413111193197e-10, 1.0183927024113002e-09, 1.9864896367111645e-09, 9.701235991533257e-10, 8.247030712528045e-10, 9.80325245558928e-10, 9.613416895996227e-10, 4.157623303633076e-09, 1.0163420703705456e-09]"
hMpxV/Australia/VIC-VIDRL-7987/2024|EPI_ISL_19459724|2024-06-13,"[1.0, 0.0, 0.0, 0.0, 0.0, 0.0, 0.0, 0.0, 0.0, 0.0, 0.0, 0.0, 0.0, 0.0, 0.0, 0.0, 0.0, 0.0, 0.0, 0.0, 0.0, 0.0, 0.0, 0.0, 0.0, 0.0, 0.0, 0.0, 0.0, 0.0, 0.0]"
NODE_0000177,"[0.9999999445952884, 1.512639300162315e-09, 5.558093390696198e-09, 1.5473612051008e-09, 1.3534559205823509e-09, 1.5271260385841096e-09, 1.5161865304454094e-09, 1.5264507101046738e-09, 1.5491559664339932e-09, 1.5259764912878977e-09, 1.5007719105372596e-09, 1.5288007049505469e-09, 1.4001525421474303e-09, 1.4954106047881752e-09, 3.008535473080584e-09, 1.0541824510296425e-09, 1.4644031523125164e-09, 1.5288007049502663e-09, 1.5288007049504077e-09, 1.4195402169173497e-09, 1.4504563589118647e-09, 1.5284365691799244e-09, 1.0706026702171117e-09, 1.527190833599936e-09, 2.9576134243921334e-09, 1.4549398326701448e-09, 1.2414520084751198e-09, 1.4699101158767675e-09, 1.4432227311079216e-09, 6.1906642135107085e-09, 1.5243787490516882e-09]"
hMpxV/Australia/VIC-VIDRL-2252/2024|EPI_ISL_19459720|2024-07-01,"[1.0, 0.0, 0.0, 0.0, 0.0, 0.0, 0.0, 0.0, 0.0, 0.0, 0.0, 0.0, 0.0, 0.0, 0.0, 0.0, 0.0, 0.0, 0.0, 0.0, 0.0, 0.0, 0.0, 0.0, 0.0, 0.0, 0.0, 0.0, 0.0, 0.0, 0.0]"
hMpxV/Australia/VIC-VIDRL-8879/2024|EPI_ISL_19459800|2024-07-23,"[0.9999999999999999, 0.0, 0.0, 0.0, 0.0, 0.0, 0.0, 0.0, 0.0, 0.0, 0.0, 0.0, 0.0, 0.0, 0.0, 0.0, 0.0, 0.0, 0.0, 0.0, 0.0, 0.0, 0.0, 0.0, 0.0, 0.0, 0.0, 0.0, 0.0, 0.0, 0.0]"
NODE_0000178,"[0.9999970957120874, 8.028320706438778e-08, 2.8169632421309665e-07, 8.211859470655181e-08, 7.218442715523036e-08, 8.102380378729261e-08, 8.041262837072366e-08, 8.10032862319721e-08, 8.231470641536923e-08, 8.097084684817368e-08, 7.959497739221533e-08, 8.106476609561058e-08, 7.451950485174525e-08, 7.948741564176928e-08, 1.53337521704788e-07, 5.667650506972844e-08, 7.816617864101508e-08, 8.106476609560965e-08, 8.106476609560993e-08, 7.558179767324804e-08, 7.356877321340703e-08, 8.145239799313946e-08, 5.80091008798864e-08, 8.101149363151337e-08, 1.5121510794629506e-07, 7.721508110819752e-08, 6.71066390473976e-08, 7.792043467250971e-08, 7.698221712731645e-08, 3.163116996003849e-07, 8.092894322266449e-08]"
NODE_0000179,"[0.9999999945208674, 1.474582880587859e-10, 5.705635560721019e-10, 1.5083967897862353e-10, 1.3141960815068594e-10, 1.4890888685026146e-10, 1.479082310774326e-10, 1.4884118623739096e-10, 1.508765323375476e-10, 1.4877877891136183e-10, 1.4642330899742544e-10, 1.4915640304281477e-10, 1.3613408445700613e-10, 1.4555517497820656e-10, 3.051590484946399e-10, 1.0161961767421214e-10, 1.4201128340867257e-10, 1.4915640304278698e-10, 1.4915640304280024e-10, 1.3794445547018035e-10, 1.481152974930709e-10, 1.4840797419589122e-10, 1.0253767557135508e-10, 1.4895528868933395e-10, 2.9899256898671677e-10, 1.4185764714139446e-10, 1.1909196001428592e-10, 1.434709935033011e-10, 1.4005556422356893e-10, 6.311482244062942e-10, 1.485886560189691e-10]"
hMpxV/Australia/VIC-VIDRL-9574/2024|EPI_ISL_19459764|2024-07-26,"[1.0, 0.0, 0.0, 0.0, 0.0, 0.0, 0.0, 0.0, 0.0, 0.0, 0.0, 0.0, 0.0, 0.0, 0.0, 0.0, 0.0, 0.0, 0.0, 0.0, 0.0, 0.0, 0.0, 0.0, 0.0, 0.0, 0.0, 0.0, 0.0, 0.0, 0.0]"
hMpxV/Australia/QLD-MX000041/2024|EPI_ISL_19539690|2024-08-01,"[0.9999999999999999, 0.0, 0.0, 0.0, 0.0, 0.0, 0.0, 0.0, 0.0, 0.0, 0.0, 0.0, 0.0, 0.0, 0.0, 0.0, 0.0, 0.0, 0.0, 0.0, 0.0, 0.0, 0.0, 0.0, 0.0, 0.0, 0.0, 0.0, 0.0, 0.0, 0.0]"
NODE_0000180,"[0.9999999812810771, 5.084299584105262e-10, 1.9034451598352856e-09, 5.201194555928105e-10, 4.540584496800748e-10, 5.133714713251459e-10, 5.097699185306456e-10, 5.131024478888546e-10, 5.2046687421209e-10, 5.12965472272777e-10, 5.045851669915065e-10, 5.14052468054984e-10, 4.701032980850707e-10, 5.023503484423725e-10, 1.0276046717476415e-09, 3.5253930683254933e-10, 4.911290969543313e-10, 5.140524680548867e-10, 5.140524680549319e-10, 4.765402336175314e-10, 4.964817305228022e-10, 5.129159421761898e-10, 3.568799135133236e-10, 5.134302202770731e-10, 1.0089638423280776e-09, 4.890547935095581e-10, 4.142300266479598e-10, 4.943096298047065e-10, 4.841364013855008e-10, 2.1134659903493542e-09, 5.123156883880105e-10]"
hMpxV/Australia/QLD-MX000043/2024|EPI_ISL_19539692|2024-08-08,"[0.9999999999999999, 0.0, 0.0, 0.0, 0.0, 0.0, 0.0, 0.0, 0.0, 0.0, 0.0, 0.0, 0.0, 0.0, 0.0, 0.0, 0.0, 0.0, 0.0, 0.0, 0.0, 0.0, 0.0, 0.0, 0.0, 0.0, 0.0, 0.0, 0.0, 0.0, 0.0]"
hMpxV/Australia/QLD-MX000044/2024|EPI_ISL_19539693|2024-08-15,"[0.9999999999999999, 0.0, 0.0, 0.0, 0.0, 0.0, 0.0, 0.0, 0.0, 0.0, 0.0, 0.0, 0.0, 0.0, 0.0, 0.0, 0.0, 0.0, 0.0, 0.0, 0.0, 0.0, 0.0, 0.0, 0.0, 0.0, 0.0, 0.0, 0.0, 0.0, 0.0]"
NODE_0000167,"[1.0, 1.6298972065214894e-22, 1.0043615586680836e-20, 1.630501757342501e-22, 1.41064147215342e-22, 1.6362169207291881e-22, 1.6820791172605525e-22, 1.6949400914318107e-22, 1.659385433093723e-22, 1.6178562996521544e-22, 1.719250651137613e-22, 1.679113540150251e-22, 1.3637500162253471e-22, 1.4708798928375622e-22, 1.6333610240604122e-21, 8.819838389715495e-23, 1.3033348799987657e-22, 1.679113540149936e-22, 1.679113540150079e-22, 1.3065565024348066e-22, 1.2502434747210414e-21, 1.3760366313883337e-22, 8.93994348954193e-23, 1.6852206150748781e-22, 1.3522874476908389e-21, 1.601949991987254e-22, 9.601647916385095e-23, 1.6838606841567284e-22, 1.362998556121695e-22, 1.0004896505790158e-20, 1.6978554020017272e-22]"
hMpxV/Australia/VIC-VIDRL-6081/2024|EPI_ISL_19459768|2024-07-15,"[1.0, 0.0, 0.0, 0.0, 0.0, 0.0, 0.0, 0.0, 0.0, 0.0, 0.0, 0.0, 0.0, 0.0, 0.0, 0.0, 0.0, 0.0, 0.0, 0.0, 0.0, 0.0, 0.0, 0.0, 0.0, 0.0, 0.0, 0.0, 0.0, 0.0, 0.0]"
hMpxV/Australia/VIC-VIDRL-8559/2024|EPI_ISL_19459772|2024-06-17,"[1.0, 0.0, 0.0, 0.0, 0.0, 0.0, 0.0, 0.0, 0.0, 0.0, 0.0, 0.0, 0.0, 0.0, 0.0, 0.0, 0.0, 0.0, 0.0, 0.0, 0.0, 0.0, 0.0, 0.0, 0.0, 0.0, 0.0, 0.0, 0.0, 0.0, 0.0]"
hMpxV/Australia/QLD-MX000042/2024|EPI_ISL_19539691|2024-08-06,"[1.0, 0.0, 0.0, 0.0, 0.0, 0.0, 0.0, 0.0, 0.0, 0.0, 0.0, 0.0, 0.0, 0.0, 0.0, 0.0, 0.0, 0.0, 0.0, 0.0, 0.0, 0.0, 0.0, 0.0, 0.0, 0.0, 0.0, 0.0, 0.0, 0.0, 0.0]"
hMpxV/Australia/QLD-MX000050/2024|EPI_ISL_19539699|2024-08-29,"[1.0, 0.0, 0.0, 0.0, 0.0, 0.0, 0.0, 0.0, 0.0, 0.0, 0.0, 0.0, 0.0, 0.0, 0.0, 0.0, 0.0, 0.0, 0.0, 0.0, 0.0, 0.0, 0.0, 0.0, 0.0, 0.0, 0.0, 0.0, 0.0, 0.0, 0.0]"
hMpxV/Australia/VIC-VIDRL-7894/2024|EPI_ISL_19459708|2024-07-22,"[1.0, 0.0, 0.0, 0.0, 0.0, 0.0, 0.0, 0.0, 0.0, 0.0, 0.0, 0.0, 0.0, 0.0, 0.0, 0.0, 0.0, 0.0, 0.0, 0.0, 0.0, 0.0, 0.0, 0.0, 0.0, 0.0, 0.0, 0.0, 0.0, 0.0, 0.0]"
NODE_0000172,"[0.9999987918999672, 3.34439844680413e-08, 1.167058963254226e-07, 3.4209275928859245e-08, 3.007951855875018e-08, 3.3752243408746725e-08, 3.3495529212054576e-08, 3.374229496951509e-08, 3.429217483582302e-08, 3.373082444296648e-08, 3.315348785127e-08, 3.376712027242395e-08, 3.105087017610701e-08, 3.311928901595916e-08, 6.36167555219299e-08, 2.3633207612404653e-08, 3.2580479049904384e-08, 3.376712027242327e-08, 3.376712027242333e-08, 3.149650719937236e-08, 3.050498407317362e-08, 3.394532199168658e-08, 2.4193397227635133e-08, 3.3745396200543106e-08, 6.276142352108304e-08, 3.216540071257459e-08, 2.7987734406397988e-08, 3.245575651835755e-08, 3.208149907449501e-08, 1.3114355322937506e-07, 3.371186644643926e-08]"
hMpxV/Australia/QLD-MX000055/2024|EPI_ISL_19539703|2024-08-19,"[1.0, 0.0, 0.0, 0.0, 0.0, 0.0, 0.0, 0.0, 0.0, 0.0, 0.0, 0.0, 0.0, 0.0, 0.0, 0.0, 0.0, 0.0, 0.0, 0.0, 0.0, 0.0, 0.0, 0.0, 0.0, 0.0, 0.0, 0.0, 0.0, 0.0, 0.0]"
hMpxV/Australia/QLD-MX000074/2024|EPI_ISL_19539722|2024-09-05,"[1.0, 0.0, 0.0, 0.0, 0.0, 0.0, 0.0, 0.0, 0.0, 0.0, 0.0, 0.0, 0.0, 0.0, 0.0, 0.0, 0.0, 0.0, 0.0, 0.0, 0.0, 0.0, 0.0, 0.0, 0.0, 0.0, 0.0, 0.0, 0.0, 0.0, 0.0]"
NODE_0000170,"[0.9999999997992199, 4.801051715719446e-12, 2.6947321524521316e-11, 4.896164536427956e-12, 4.263537810072875e-12, 4.844240770377371e-12, 4.834176490222882e-12, 4.865751793466472e-12, 4.9094184762218025e-12, 4.8331783566899295e-12, 4.806543824198191e-12, 4.868107973831355e-12, 4.374146671443284e-12, 4.6820712532230264e-12, 1.2272642568020938e-11, 3.2045296987548526e-12, 4.5100417395357644e-12, 4.868107973830989e-12, 4.868107973830989e-12, 4.3986683717691425e-12, 6.334814505171868e-12, 4.7189105691998e-12, 3.2368028886695758e-12, 4.865008241008844e-12, 1.1756598758796568e-11, 4.632281091176884e-12, 3.718812643902899e-12, 4.709244551475595e-12, 4.483151394115848e-12, 2.941668818298495e-11, 4.859926678705901e-12]"
hMpxV/Australia/QLD-MX000052/2024|EPI_ISL_19539700|2024-08-28,"[1.0, 0.0, 0.0, 0.0, 0.0, 0.0, 0.0, 0.0, 0.0, 0.0, 0.0, 0.0, 0.0, 0.0, 0.0, 0.0, 0.0, 0.0, 0.0, 0.0, 0.0, 0.0, 0.0, 0.0, 0.0, 0.0, 0.0, 0.0, 0.0, 0.0, 0.0]"
hMpxV/Australia/QLD-MX000054/2024|EPI_ISL_19539702|2024-08-29,"[1.0, 0.0, 0.0, 0.0, 0.0, 0.0, 0.0, 0.0, 0.0, 0.0, 0.0, 0.0, 0.0, 0.0, 0.0, 0.0, 0.0, 0.0, 0.0, 0.0, 0.0, 0.0, 0.0, 0.0, 0.0, 0.0, 0.0, 0.0, 0.0, 0.0, 0.0]"
NODE_0000171,"[0.9999999996513512, 9.411195803087901e-12, 3.601864378559198e-11, 9.628518763061624e-12, 8.38095943774503e-12, 9.504805821466175e-12, 9.439617847432621e-12, 9.497976962072906e-12, 9.627443631388019e-12, 9.496939469796264e-12, 9.342962581643534e-12, 9.520272844040735e-12, 8.688914500805347e-12, 9.292218782430449e-12, 1.942373590551688e-11, 6.4785750245833825e-12, 9.063837349314053e-12, 9.520272844037308e-12, 9.520272844038996e-12, 8.806816764186287e-12, 9.404947530644729e-12, 9.474398159170963e-12, 6.526070694225749e-12, 9.506384859859321e-12, 1.9043251653982194e-11, 9.052717291680914e-12, 7.587158604430833e-12, 9.15554076847905e-12, 8.936802607563464e-12, 3.98168616323774e-11, 9.480814059356757e-12]"
hMpxV/Australia/QLD-MX000061/2024|EPI_ISL_19539709|2024-09-03,"[1.0, 0.0, 0.0, 0.0, 0.0, 0.0, 0.0, 0.0, 0.0, 0.0, 0.0, 0.0, 0.0, 0.0, 0.0, 0.0, 0.0, 0.0, 0.0, 0.0, 0.0, 0.0, 0.0, 0.0, 0.0, 0.0, 0.0, 0.0, 0.0, 0.0, 0.0]"
hMpxV/Australia/QLD-MX000060/2024|EPI_ISL_19539708|2024-09-03,"[1.0, 0.0, 0.0, 0.0, 0.0, 0.0, 0.0, 0.0, 0.0, 0.0, 0.0, 0.0, 0.0, 0.0, 0.0, 0.0, 0.0, 0.0, 0.0, 0.0, 0.0, 0.0, 0.0, 0.0, 0.0, 0.0, 0.0, 0.0, 0.0, 0.0, 0.0]"
NODE_0000173,"[1.0, 4.066126305356396e-27, 1.4929113733223248e-25, 4.096308773748196e-27, 3.4444465496979036e-27, 4.097757183800811e-27, 4.1806747393080555e-27, 4.196120227516895e-27, 4.116640629977425e-27, 4.061547437983211e-27, 4.233656816649683e-27, 4.190976706694765e-27, 3.44104309071157e-27, 3.731662446555291e-27, 3.3110844715818643e-26, 2.1795748727007993e-27, 3.3135145428635345e-27, 4.190976706692379e-27, 4.190976706693512e-27, 3.342467608323406e-27, 2.289207023861143e-26, 3.522580062736927e-27, 2.1017236902594925e-27, 4.189881744579738e-27, 2.823708416287195e-26, 3.9736160001169835e-27, 2.343439115408496e-27, 4.1596117062799486e-27, 3.420909700187471e-27, 1.4588430527849513e-25, 4.187753878160879e-27]"
hMpxV/Australia/QLD-MX000064/2024|EPI_ISL_19539712|2024-09-05,"[1.0, 0.0, 0.0, 0.0, 0.0, 0.0, 0.0, 0.0, 0.0, 0.0, 0.0, 0.0, 0.0, 0.0, 0.0, 0.0, 0.0, 0.0, 0.0, 0.0, 0.0, 0.0, 0.0, 0.0, 0.0, 0.0, 0.0, 0.0, 0.0, 0.0, 0.0]"
hMpxV/Australia/QLD-MX000070/2024|EPI_ISL_19539718|2024-09-08,"[1.0, 0.0, 0.0, 0.0, 0.0, 0.0, 0.0, 0.0, 0.0, 0.0, 0.0, 0.0, 0.0, 0.0, 0.0, 0.0, 0.0, 0.0, 0.0, 0.0, 0.0, 0.0, 0.0, 0.0, 0.0, 0.0, 0.0, 0.0, 0.0, 0.0, 0.0]"
hMpxV/Australia/QLD-MX000069/2024|EPI_ISL_19539717|2024-09-09,"[1.0, 0.0, 0.0, 0.0, 0.0, 0.0, 0.0, 0.0, 0.0, 0.0, 0.0, 0.0, 0.0, 0.0, 0.0, 0.0, 0.0, 0.0, 0.0, 0.0, 0.0, 0.0, 0.0, 0.0, 0.0, 0.0, 0.0, 0.0, 0.0, 0.0, 0.0]"
hMpxV/Australia/QLD-MX000073/2024|EPI_ISL_19539721|2024-09-05,"[1.0, 0.0, 0.0, 0.0, 0.0, 0.0, 0.0, 0.0, 0.0, 0.0, 0.0, 0.0, 0.0, 0.0, 0.0, 0.0, 0.0, 0.0, 0.0, 0.0, 0.0, 0.0, 0.0, 0.0, 0.0, 0.0, 0.0, 0.0, 0.0, 0.0, 0.0]"
hMpxV/Australia/QLD-MX000075/2024|EPI_ISL_19539723|2024-09-05,"[1.0, 0.0, 0.0, 0.0, 0.0, 0.0, 0.0, 0.0, 0.0, 0.0, 0.0, 0.0, 0.0, 0.0, 0.0, 0.0, 0.0, 0.0, 0.0, 0.0, 0.0, 0.0, 0.0, 0.0, 0.0, 0.0, 0.0, 0.0, 0.0, 0.0, 0.0]"
hMpxV/Australia/QLD-MX000087/2024|EPI_ISL_19539735|2024-09-09,"[1.0, 0.0, 0.0, 0.0, 0.0, 0.0, 0.0, 0.0, 0.0, 0.0, 0.0, 0.0, 0.0, 0.0, 0.0, 0.0, 0.0, 0.0, 0.0, 0.0, 0.0, 0.0, 0.0, 0.0, 0.0, 0.0, 0.0, 0.0, 0.0, 0.0, 0.0]"
NODE_0000174,"[0.999999999814816, 4.992466458819594e-12, 1.919173868788452e-11, 5.1078368524546875e-12, 4.443586944825444e-12, 5.0423357032348534e-12, 5.007914130627238e-12, 5.038541176114307e-12, 5.106527084034864e-12, 5.038124216455043e-12, 4.956583136312885e-12, 5.05083243720297e-12, 4.6080013654770676e-12, 4.928684915311269e-12, 1.0345770037290738e-11, 3.4320679810125222e-12, 4.805461620380269e-12, 5.050832437201089e-12, 5.050832437202072e-12, 4.6704046227872444e-12, 5.011768880499745e-12, 5.023962920083006e-12, 3.454003852317607e-12, 5.043231744615671e-12, 1.0140153343085057e-11, 4.802328589361152e-12, 4.0168018779136224e-12, 4.8574399084686875e-12, 4.7383134359837826e-12, 2.1197948929772783e-11, 5.02917940944435e-12]"
hMpxV/Australia/QLD-MX000086/2024|EPI_ISL_19539734|2024-09-09,"[1.0, 0.0, 0.0, 0.0, 0.0, 0.0, 0.0, 0.0, 0.0, 0.0, 0.0, 0.0, 0.0, 0.0, 0.0, 0.0, 0.0, 0.0, 0.0, 0.0, 0.0, 0.0, 0.0, 0.0, 0.0, 0.0, 0.0, 0.0, 0.0, 0.0, 0.0]"
hMpxV/Australia/QLD-MX000088/2024|EPI_ISL_19539736|2024-09-09,"[1.0, 0.0, 0.0, 0.0, 0.0, 0.0, 0.0, 0.0, 0.0, 0.0, 0.0, 0.0, 0.0, 0.0, 0.0, 0.0, 0.0, 0.0, 0.0, 0.0, 0.0, 0.0, 0.0, 0.0, 0.0, 0.0, 0.0, 0.0, 0.0, 0.0, 0.0]"
NODE_0000168,"[1.0, 5.79608639026856e-32, 8.239864305582243e-30, 5.783925214528452e-32, 4.7755326512071304e-32, 5.83208929925732e-32, 6.047606022002023e-32, 6.063188523245631e-32, 5.83543807138685e-32, 5.752442938927534e-32, 6.210889452237028e-32, 6.039463507371519e-32, 4.6587349020378753e-32, 5.090433270824508e-32, 1.0670182679987631e-30, 2.686657073572242e-32, 4.277657903500813e-32, 6.039463507369974e-32, 6.039463507370745e-32, 4.409815878295879e-32, 9.131269285614061e-31, 4.591809816285084e-32, 2.5384393221017097e-32, 6.043834047696677e-32, 8.36908092834722e-31, 5.718464248288875e-32, 2.7541805904864836e-32, 6.109450929359144e-32, 4.542663623600468e-32, 7.493525089611725e-30, 6.052176597489019e-32]"
hMpxV/Australia/VIC-VIDRL-9071/2024|EPI_ISL_19459798|2024-07-25,"[0.9999999999999999, 0.0, 0.0, 0.0, 0.0, 0.0, 0.0, 0.0, 0.0, 0.0, 0.0, 0.0, 0.0, 0.0, 0.0, 0.0, 0.0, 0.0, 0.0, 0.0, 0.0, 0.0, 0.0, 0.0, 0.0, 0.0, 0.0, 0.0, 0.0, 0.0, 0.0]"
hMpxV/Australia/VIC-VIDRL-5661/2024|EPI_ISL_19459714|2024-07-12,"[1.0, 0.0, 0.0, 0.0, 0.0, 0.0, 0.0, 0.0, 0.0, 0.0, 0.0, 0.0, 0.0, 0.0, 0.0, 0.0, 0.0, 0.0, 0.0, 0.0, 0.0, 0.0, 0.0, 0.0, 0.0, 0.0, 0.0, 0.0, 0.0, 0.0, 0.0]"
hMpxV/Australia/VIC-VIDRL-5843/2024|EPI_ISL_19459730|2024-07-13,"[1.0, 0.0, 0.0, 0.0, 0.0, 0.0, 0.0, 0.0, 0.0, 0.0, 0.0, 0.0, 0.0, 0.0, 0.0, 0.0, 0.0, 0.0, 0.0, 0.0, 0.0, 0.0, 0.0, 0.0, 0.0, 0.0, 0.0, 0.0, 0.0, 0.0, 0.0]"
hMpxV/Australia/VIC-VIDRL-9070/2024|EPI_ISL_19459742|2024-07-25,"[0.9999999999999999, 0.0, 0.0, 0.0, 0.0, 0.0, 0.0, 0.0, 0.0, 0.0, 0.0, 0.0, 0.0, 0.0, 0.0, 0.0, 0.0, 0.0, 0.0, 0.0, 0.0, 0.0, 0.0, 0.0, 0.0, 0.0, 0.0, 0.0, 0.0, 0.0, 0.0]"
hMpxV/Australia/VIC-VIDRL-8988/2024|EPI_ISL_19459752|2024-07-25,"[0.9999999999999999, 0.0, 0.0, 0.0, 0.0, 0.0, 0.0, 0.0, 0.0, 0.0, 0.0, 0.0, 0.0, 0.0, 0.0, 0.0, 0.0, 0.0, 0.0, 0.0, 0.0, 0.0, 0.0, 0.0, 0.0, 0.0, 0.0, 0.0, 0.0, 0.0, 0.0]"
hMpxV/Australia/VIC-VIDRL-6721/2024|EPI_ISL_19459770|2024-07-16,"[1.0, 0.0, 0.0, 0.0, 0.0, 0.0, 0.0, 0.0, 0.0, 0.0, 0.0, 0.0, 0.0, 0.0, 0.0, 0.0, 0.0, 0.0, 0.0, 0.0, 0.0, 0.0, 0.0, 0.0, 0.0, 0.0, 0.0, 0.0, 0.0, 0.0, 0.0]"
hMpxV/Australia/VIC-VIDRL-7979/2024|EPI_ISL_19459782|2024-07-22,"[1.0, 0.0, 0.0, 0.0, 0.0, 0.0, 0.0, 0.0, 0.0, 0.0, 0.0, 0.0, 0.0, 0.0, 0.0, 0.0, 0.0, 0.0, 0.0, 0.0, 0.0, 0.0, 0.0, 0.0, 0.0, 0.0, 0.0, 0.0, 0.0, 0.0, 0.0]"
hMpxV/Australia/VIC-VIDRL-6355/2024|EPI_ISL_19459788|2024-07-16,"[1.0, 0.0, 0.0, 0.0, 0.0, 0.0, 0.0, 0.0, 0.0, 0.0, 0.0, 0.0, 0.0, 0.0, 0.0, 0.0, 0.0, 0.0, 0.0, 0.0, 0.0, 0.0, 0.0, 0.0, 0.0, 0.0, 0.0, 0.0, 0.0, 0.0, 0.0]"
hMpxV/Australia/VIC-VIDRL-6920/2024|EPI_ISL_19459709|2024-07-17,"[0.9999999999999999, 0.0, 0.0, 0.0, 0.0, 0.0, 0.0, 0.0, 0.0, 0.0, 0.0, 0.0, 0.0, 0.0, 0.0, 0.0, 0.0, 0.0, 0.0, 0.0, 0.0, 0.0, 0.0, 0.0, 0.0, 0.0, 0.0, 0.0, 0.0, 0.0, 0.0]"
NODE_0000169,"[1.0, 3.713606186074201e-26, 4.224046561309518e-24, 3.703537885818768e-26, 3.137044407920716e-26, 3.7296776211026856e-26, 3.860738753899503e-26, 3.8823853965030526e-26, 3.7610225508134955e-26, 3.6803597816937595e-26, 3.9659051705466883e-26, 3.851176695193867e-26, 3.026450539467635e-26, 3.2845883335559177e-26, 5.597979540303256e-25, 1.8375447046054316e-26, 2.8187663782369036e-26, 3.8511766951930977e-26, 3.851176695193453e-26, 2.869572946665353e-26, 4.679248682281551e-25, 3.0014675030014854e-26, 1.8101113048831723e-26, 3.862057668838078e-26, 4.4569814077436355e-25, 3.662674764627274e-26, 1.9384600485181483e-26, 3.8909256388783415e-26, 2.98486465242584e-26, 3.999949459785725e-24, 3.884362660240664e-26]"
hMpxV/Australia/QLD-MX000123/2024|EPI_ISL_19539767|2024-10-06,"[1.0, 0.0, 0.0, 0.0, 0.0, 0.0, 0.0, 0.0, 0.0, 0.0, 0.0, 0.0, 0.0, 0.0, 0.0, 0.0, 0.0, 0.0, 0.0, 0.0, 0.0, 0.0, 0.0, 0.0, 0.0, 0.0, 0.0, 0.0, 0.0, 0.0, 0.0]"
hMpxV/Australia/QLD-MX000127/2024|EPI_ISL_19539771|2024-10-08,"[1.0, 0.0, 0.0, 0.0, 0.0, 0.0, 0.0, 0.0, 0.0, 0.0, 0.0, 0.0, 0.0, 0.0, 0.0, 0.0, 0.0, 0.0, 0.0, 0.0, 0.0, 0.0, 0.0, 0.0, 0.0, 0.0, 0.0, 0.0, 0.0, 0.0, 0.0]"
hMpxV/Australia/QLD-MX000124/2024|EPI_ISL_19539768|2024-10-03,"[1.0, 0.0, 0.0, 0.0, 0.0, 0.0, 0.0, 0.0, 0.0, 0.0, 0.0, 0.0, 0.0, 0.0, 0.0, 0.0, 0.0, 0.0, 0.0, 0.0, 0.0, 0.0, 0.0, 0.0, 0.0, 0.0, 0.0, 0.0, 0.0, 0.0, 0.0]"
hMpxV/Australia/QLD-MX000126/2024|EPI_ISL_19539770|2024-10-07,"[1.0, 0.0, 0.0, 0.0, 0.0, 0.0, 0.0, 0.0, 0.0, 0.0, 0.0, 0.0, 0.0, 0.0, 0.0, 0.0, 0.0, 0.0, 0.0, 0.0, 0.0, 0.0, 0.0, 0.0, 0.0, 0.0, 0.0, 0.0, 0.0, 0.0, 0.0]"
hMpxV/Australia/QLD-MX000137/2024|EPI_ISL_19539781|2024-10-06,"[1.0, 0.0, 0.0, 0.0, 0.0, 0.0, 0.0, 0.0, 0.0, 0.0, 0.0, 0.0, 0.0, 0.0, 0.0, 0.0, 0.0, 0.0, 0.0, 0.0, 0.0, 0.0, 0.0, 0.0, 0.0, 0.0, 0.0, 0.0, 0.0, 0.0, 0.0]"
hMpxV/Australia/QLD-MX000146/2024|EPI_ISL_19539787|2024-10-12,"[1.0, 0.0, 0.0, 0.0, 0.0, 0.0, 0.0, 0.0, 0.0, 0.0, 0.0, 0.0, 0.0, 0.0, 0.0, 0.0, 0.0, 0.0, 0.0, 0.0, 0.0, 0.0, 0.0, 0.0, 0.0, 0.0, 0.0, 0.0, 0.0, 0.0, 0.0]"
hMpxV/Australia/QLD-MX000154/2024|EPI_ISL_19539795|2024-10-12,"[1.0, 0.0, 0.0, 0.0, 0.0, 0.0, 0.0, 0.0, 0.0, 0.0, 0.0, 0.0, 0.0, 0.0, 0.0, 0.0, 0.0, 0.0, 0.0, 0.0, 0.0, 0.0, 0.0, 0.0, 0.0, 0.0, 0.0, 0.0, 0.0, 0.0, 0.0]"
hMpxV/Australia/QLD-MX000151/2024|EPI_ISL_19539792|2024-10-15,"[0.9999999999999999, 0.0, 0.0, 0.0, 0.0, 0.0, 0.0, 0.0, 0.0, 0.0, 0.0, 0.0, 0.0, 0.0, 0.0, 0.0, 0.0, 0.0, 0.0, 0.0, 0.0, 0.0, 0.0, 0.0, 0.0, 0.0, 0.0, 0.0, 0.0, 0.0, 0.0]"
hMpxV/Australia/QLD-MX000152/2024|EPI_ISL_19539793|2024-10-08,"[1.0, 0.0, 0.0, 0.0, 0.0, 0.0, 0.0, 0.0, 0.0, 0.0, 0.0, 0.0, 0.0, 0.0, 0.0, 0.0, 0.0, 0.0, 0.0, 0.0, 0.0, 0.0, 0.0, 0.0, 0.0, 0.0, 0.0, 0.0, 0.0, 0.0, 0.0]"
hMpxV/Australia/QLD-MX000085/2024|EPI_ISL_19539733|2024-09-09,"[1.0, 0.0, 0.0, 0.0, 0.0, 0.0, 0.0, 0.0, 0.0, 0.0, 0.0, 0.0, 0.0, 0.0, 0.0, 0.0, 0.0, 0.0, 0.0, 0.0, 0.0, 0.0, 0.0, 0.0, 0.0, 0.0, 0.0, 0.0, 0.0, 0.0, 0.0]"
